archetype,run_id,TMYx_He_worst,DSY_He_worst,delta_He_worst,TMYx_We_max_worst,DSY_We_max_worst,delta_We_max_worst,TMYx_T_op_peak,DSY_T_op_peak,delta_T_op_peak,TMYx_hours_gt26_night,DSY_hours_gt26_night,delta_hours_gt26_night,TMYx_heat_kWh_m2,DSY_heat_kWh_m2,delta_heat_kWh_m2,TMYx_hours_C3_worst,DSY_hours_C3_worst,delta_hours_C3_worst
detached,run_0000,0.1362,1.5523,1.4161000000000001,9.0,49.0,40.0,29.912,34.695,4.783000000000001,1.0,17,16.0,62.291,63.8661,1.5751000000000062,0.0,8,8.0
detached,run_0001,0.2451,1.6885,1.4433999999999998,10.0,50.0,40.0,30.065,34.757,4.691999999999997,0.0,16,16.0,68.6033,56.8592,-11.744100000000003,0.0,10,10.0
detached,run_0002,0.2451,1.6885,1.4433999999999998,10.0,50.0,40.0,30.029,34.582,4.553000000000001,1.0,20,19.0,69.1137,70.9021,1.78840000000001,0.0,7,7.0
detached,run_0003,0.0,1.3889,1.3889,3.0,41.0,38.0,29.025,34.006,4.981000000000002,0.0,14,14.0,36.8573,37.0945,0.2371999999999943,0.0,5,5.0
detached,run_0004,0.2996,1.7702,1.4706000000000001,11.0,53.0,42.0,30.304,35.219,4.915000000000003,1.0,17,16.0,163.7113,144.0622,-19.649100000000004,0.0,16,16.0
detached,run_0005,0.4902,1.7702,1.28,15.0,54.0,39.0,30.733,35.188,4.455000000000002,3.0,17,14.0,87.6332,78.4426,-9.190600000000003,0.0,16,16.0
detached,run_0006,0.2996,1.6885,1.3889,12.0,49.0,37.0,30.179,34.977,4.797999999999998,0.0,11,11.0,118.1967,105.8952,-12.301500000000004,0.0,11,11.0
detached,run_0007,0.7625,1.9336,1.1711,19.0,58.0,39.0,30.863,35.406,4.542999999999999,4.0,27,23.0,106.8495,90.297,-16.55250000000001,0.0,23,23.0
detached,run_0008,0.3813,1.7702,1.3889,13.0,51.0,38.0,30.547,35.26,4.712999999999997,0.0,11,11.0,222.5747,193.1616,-29.413100000000014,0.0,19,19.0
detached,run_0009,1.0893,3.5131,2.4238,22.0,58.0,36.0,31.379,35.835,4.4559999999999995,14.0,45,31.0,533.9489,467.7463,-66.20259999999996,0.0,33,33.0
detached,run_0010,0.1089,1.5795,1.4706,6.0,46.0,40.0,29.564,34.557,4.993000000000002,0.0,8,8.0,99.9681,83.4815,-16.48660000000001,0.0,7,7.0
detached,run_0011,1.4434,4.5479,3.1045000000000003,22.0,62.0,40.0,31.516,35.8,4.283999999999999,27.0,87,60.0,221.475,205.7875,-15.6875,0.0,46,46.0
detached,run_0012,0.2451,1.6885,1.4433999999999998,10.0,50.0,40.0,30.003,34.78,4.777000000000001,1.0,13,12.0,76.3677,73.2896,-3.0781000000000063,0.0,9,9.0
detached,run_0013,0.1089,1.634,1.5251,8.0,49.0,41.0,29.744,34.661,4.917000000000002,0.0,13,13.0,62.9586,62.2322,-0.7263999999999982,0.0,7,7.0
detached,run_0014,0.0545,1.4434,1.3889,5.0,41.0,36.0,29.299,34.331,5.032000000000004,0.0,11,11.0,47.1168,45.3904,-1.7263999999999982,0.0,5,5.0
detached,run_0015,0.3813,1.7974,1.4161000000000001,12.0,52.0,40.0,30.339,35.217,4.878,0.0,14,14.0,411.9836,338.5478,-73.43580000000003,0.0,15,15.0
detached,run_0016,0.354,1.8791,1.5251000000000001,12.0,53.0,41.0,30.338,35.012,4.6739999999999995,1.0,20,19.0,84.0217,69.5534,-14.4683,0.0,15,15.0
detached,run_0017,0.0817,1.5795,1.4977999999999998,5.0,43.0,38.0,29.629,33.803,4.173999999999996,3.0,27,24.0,18.8326,18.404,-0.4285999999999994,0.0,5,5.0
detached,run_0018,0.0545,1.4161,1.3616,5.0,42.0,37.0,29.251,34.316,5.065000000000001,0.0,14,14.0,42.1285,34.7654,-7.363100000000003,0.0,5,5.0
detached,run_0019,0.0817,1.5523,1.4706000000000001,5.0,48.0,43.0,29.563,34.494,4.931000000000001,0.0,14,14.0,47.9397,42.9648,-4.974900000000005,0.0,7,7.0
detached,run_0020,0.2451,1.6612,1.4161,10.0,49.0,39.0,30.021,34.58,4.5589999999999975,0.0,12,12.0,56.3279,57.9651,1.6372,0.0,8,8.0
detached,run_0021,0.4085,1.7429,1.3344,16.0,53.0,37.0,30.692,35.212,4.520000000000003,1.0,11,10.0,151.0047,128.9439,-22.0608,0.0,16,16.0
detached,run_0022,0.354,1.8519,1.4979,13.0,49.0,36.0,30.246,34.242,3.9959999999999987,6.0,36,30.0,21.5323,20.5148,-1.0174999999999983,0.0,6,6.0
detached,run_0023,0.0817,1.4434,1.3617,5.0,43.0,38.0,29.379,34.466,5.087,0.0,11,11.0,60.4613,62.2688,1.8074999999999974,0.0,6,6.0
detached,run_0024,0.2179,1.634,1.4161,10.0,48.0,38.0,30.03,34.86,4.829999999999998,0.0,11,11.0,99.1239,86.2032,-12.92070000000001,0.0,10,10.0
detached,run_0025,0.463,1.8519,1.3889,15.0,56.0,41.0,30.515,35.236,4.7209999999999965,0.0,11,11.0,101.4124,89.3207,-12.091700000000003,0.0,19,19.0
detached,run_0026,0.1634,1.5523,1.3889,7.0,47.0,40.0,29.698,34.231,4.533000000000001,1.0,16,15.0,23.1092,21.1449,-1.9643000000000015,0.0,5,5.0
detached,run_0027,0.4085,1.8246,1.4161000000000001,13.0,54.0,41.0,30.484,35.149,4.664999999999999,1.0,18,17.0,106.3564,87.9842,-18.372199999999992,0.0,16,16.0
detached,run_0028,0.0,1.3617,1.3617,3.0,40.0,37.0,28.927,34.076,5.149000000000001,0.0,12,12.0,32.5881,29.0246,-3.5634999999999977,0.0,5,5.0
detached,run_0029,0.7353,2.0153,1.2799999999999998,19.0,56.0,37.0,30.848,34.715,3.8670000000000044,18.0,42,24.0,57.243,57.6407,0.3977000000000004,0.0,10,10.0
detached,run_0030,0.7353,1.8791,1.1438000000000001,16.0,57.0,41.0,30.733,35.263,4.529999999999998,1.0,18,17.0,66.0331,57.4623,-8.570800000000006,0.0,21,21.0
detached,run_0031,0.1906,1.6612,1.4706000000000001,9.0,49.0,40.0,29.979,34.682,4.703000000000003,0.0,12,12.0,68.465,60.3718,-8.093200000000003,0.0,9,9.0
detached,run_0032,1.8791,4.5479,2.6688,23.0,65.0,42.0,31.636,36.126,4.489999999999998,25.0,74,49.0,681.4535,621.6316,-59.821899999999914,0.0,56,56.0
detached,run_0033,0.5991,1.9063,1.3072000000000001,16.0,57.0,41.0,30.796,35.503,4.707000000000001,0.0,13,13.0,384.2024,312.1001,-72.10230000000001,0.0,26,26.0
detached,run_0034,0.2179,1.6612,1.4433,10.0,50.0,40.0,29.989,34.942,4.952999999999999,0.0,11,11.0,128.7541,114.8286,-13.9255,0.0,10,10.0
detached,run_0035,0.1089,1.5251,1.4162,6.0,47.0,41.0,29.487,34.592,5.105,0.0,11,11.0,73.9548,68.9534,-5.001400000000004,0.0,7,7.0
detached,run_0036,0.4085,1.7702,1.3617,12.0,52.0,40.0,30.472,35.152,4.68,1.0,15,14.0,109.3267,89.9826,-19.344099999999997,0.0,16,16.0
detached,run_0037,0.1634,1.6612,1.4978,9.0,48.0,39.0,29.809,34.656,4.846999999999998,0.0,16,16.0,60.9241,51.6992,-9.224900000000005,0.0,8,8.0
detached,run_0038,0.1089,1.5795,1.4706,9.0,47.0,38.0,29.776,34.572,4.796000000000003,0.0,10,10.0,71.3004,65.831,-5.469399999999993,0.0,7,7.0
detached,run_0039,0.4902,1.9608,1.4706000000000001,16.0,56.0,40.0,30.774,35.421,4.6469999999999985,1.0,18,17.0,330.5237,266.1029,-64.42080000000004,0.0,25,25.0
detached,run_0040,0.2451,1.6612,1.4161,10.0,50.0,40.0,30.103,34.87,4.766999999999996,0.0,14,14.0,61.8492,52.2021,-9.647100000000002,0.0,10,10.0
detached,run_0041,0.0817,1.5523,1.4706000000000001,5.0,48.0,43.0,29.459,34.506,5.047000000000001,0.0,13,13.0,87.8998,73.081,-14.818799999999996,0.0,6,6.0
detached,run_0042,0.354,1.7429,1.3889,12.0,51.0,39.0,30.188,35.108,4.919999999999998,0.0,11,11.0,169.4932,142.9789,-26.51429999999999,0.0,13,13.0
detached,run_0043,0.3813,1.7702,1.3889,13.0,53.0,40.0,30.558,35.219,4.661000000000001,1.0,12,11.0,199.5539,166.4541,-33.09979999999999,0.0,17,17.0
detached,run_0044,0.0545,1.4978,1.4433,4.0,43.0,39.0,29.365,34.44,5.074999999999999,0.0,8,8.0,73.8047,72.9463,-0.8584000000000032,0.0,5,5.0
detached,run_0045,0.1089,1.5795,1.4706,8.0,48.0,40.0,29.675,34.567,4.8919999999999995,0.0,12,12.0,62.8796,53.8293,-9.0503,0.0,7,7.0
detached,run_0046,0.3813,1.7974,1.4161000000000001,13.0,53.0,40.0,30.42,35.153,4.732999999999997,1.0,17,16.0,184.1096,147.0342,-37.0754,0.0,15,15.0
detached,run_0047,0.1362,1.6612,1.525,9.0,50.0,41.0,29.741,34.489,4.7479999999999976,1.0,16,15.0,45.8052,39.2157,-6.589500000000001,0.0,7,7.0
detached,run_0048,0.6808,1.9336,1.2528000000000001,19.0,59.0,40.0,30.972,35.528,4.555999999999997,1.0,14,13.0,147.6292,121.3637,-26.265500000000003,0.0,25,25.0
detached,run_0049,0.1089,1.5523,1.4434,7.0,47.0,40.0,29.681,34.579,4.898,0.0,11,11.0,70.8428,64.6249,-6.2179,0.0,8,8.0
detached,run_0050,0.1089,1.6068,1.4979,7.0,48.0,41.0,29.707,34.648,4.9410000000000025,0.0,13,13.0,93.2967,78.1434,-15.153300000000002,0.0,7,7.0
detached,run_0051,0.0272,1.4706,1.4434,4.0,41.0,37.0,29.149,34.21,5.061,0.0,12,12.0,43.5179,36.7451,-6.772799999999997,0.0,5,5.0
detached,run_0052,0.354,1.8519,1.4979,12.0,52.0,40.0,30.472,35.145,4.673000000000002,1.0,19,18.0,155.4347,126.8552,-28.579499999999996,0.0,16,16.0
detached,run_0053,0.2723,1.6612,1.3889,11.0,49.0,38.0,30.147,34.666,4.518999999999998,0.0,11,11.0,55.644,55.6037,-0.040299999999994895,0.0,8,8.0
detached,run_0054,0.2451,1.6885,1.4433999999999998,10.0,50.0,40.0,29.987,34.813,4.826000000000004,1.0,13,12.0,72.8543,65.295,-7.559299999999993,0.0,9,9.0
detached,run_0055,0.5447,1.8791,1.3344,16.0,57.0,41.0,30.86,35.421,4.561,1.0,14,13.0,179.3992,152.4061,-26.9931,0.0,22,22.0
detached,run_0056,0.7898,2.2603,1.4705,20.0,58.0,38.0,31.039,35.421,4.381999999999998,2.0,26,24.0,102.309,84.7372,-17.571799999999996,0.0,27,27.0
detached,run_0057,0.0,1.3889,1.3889,3.0,41.0,38.0,28.96,33.97,5.009999999999998,0.0,13,13.0,28.4292,27.0014,-1.4278000000000013,0.0,5,5.0
detached,run_0058,1.4978,3.4314,1.9336,25.0,67.0,42.0,31.618,36.073,4.455000000000002,7.0,38,31.0,360.6568,305.2537,-55.403099999999995,0.0,37,37.0
detached,run_0059,0.2451,1.6885,1.4433999999999998,12.0,47.0,35.0,30.112,34.136,4.0240000000000045,5.0,24,19.0,33.8159,33.9146,0.0987000000000009,0.0,7,7.0
detached,run_0060,0.1089,1.4978,1.3889,5.0,46.0,41.0,29.608,34.581,4.9730000000000025,1.0,11,10.0,62.0508,58.3369,-3.7139000000000024,0.0,7,7.0
detached,run_0061,0.0545,1.4161,1.3616,5.0,43.0,38.0,29.249,34.195,4.9460000000000015,0.0,14,14.0,42.5609,41.8345,-0.7263999999999982,0.0,5,5.0
detached,run_0062,0.3268,1.7157,1.3889,11.0,50.0,39.0,30.328,35.103,4.775000000000002,0.0,12,12.0,164.8978,137.0826,-27.815199999999976,0.0,16,16.0
detached,run_0063,0.5991,1.9336,1.3345,16.0,56.0,40.0,30.793,35.442,4.649000000000001,0.0,13,13.0,240.1718,196.1893,-43.98249999999999,0.0,25,25.0
detached,run_0064,0.1089,1.5795,1.4706,7.0,47.0,40.0,29.615,34.665,5.050000000000001,0.0,11,11.0,64.7261,62.7223,-2.0038000000000054,0.0,8,8.0
detached,run_0065,0.354,1.7429,1.3889,12.0,50.0,38.0,30.206,35.003,4.797000000000001,0.0,10,10.0,154.8277,133.6663,-21.161399999999986,0.0,13,13.0
detached,run_0066,0.2179,1.6885,1.4706,11.0,49.0,38.0,30.056,34.928,4.871999999999996,0.0,11,11.0,147.5345,123.3476,-24.18690000000001,0.0,11,11.0
detached,run_0067,0.3813,1.7702,1.3889,12.0,52.0,40.0,30.376,35.107,4.730999999999998,1.0,13,12.0,122.0674,100.917,-21.150400000000005,0.0,15,15.0
detached,run_0068,0.1089,1.5251,1.4162,5.0,43.0,38.0,29.565,34.118,4.553000000000001,2.0,22,20.0,44.1837,45.174,0.9902999999999977,0.0,6,6.0
detached,run_0069,1.2255,2.2603,1.0348,22.0,61.0,39.0,31.551,35.77,4.219000000000005,1.0,18,17.0,145.7583,123.978,-21.780299999999997,0.0,31,31.0
detached,run_0070,0.3268,1.7157,1.3889,11.0,50.0,39.0,30.211,34.921,4.710000000000001,1.0,14,13.0,72.1009,63.6278,-8.473099999999995,0.0,11,11.0
detached,run_0071,0.354,1.7702,1.4162,12.0,53.0,41.0,30.375,35.011,4.636000000000003,1.0,16,15.0,63.3304,58.1119,-5.218499999999999,0.0,14,14.0
detached,run_0072,0.4085,1.7157,1.3072,12.0,51.0,39.0,30.4,35.034,4.634,0.0,11,11.0,79.5671,76.69,-2.8770999999999987,0.0,12,12.0
detached,run_0073,0.2451,1.6885,1.4433999999999998,10.0,50.0,40.0,29.893,34.54,4.6469999999999985,1.0,18,17.0,36.3787,34.743,-1.6357,0.0,7,7.0
detached,run_0074,0.0,1.3889,1.3889,4.0,41.0,37.0,29.131,34.01,4.878999999999998,0.0,15,15.0,30.8074,27.6002,-3.2072000000000003,0.0,5,5.0
detached,run_0075,0.0817,1.4161,1.3344,5.0,42.0,37.0,29.305,34.329,5.024000000000001,0.0,12,12.0,45.0292,45.2565,0.2272999999999996,0.0,6,6.0
detached,run_0076,0.3813,1.7157,1.3344,12.0,51.0,39.0,30.31,35.131,4.8210000000000015,0.0,11,11.0,95.2276,88.1929,-7.034700000000001,0.0,14,14.0
detached,run_0077,0.2451,1.8246,1.5795,11.0,52.0,41.0,30.233,35.066,4.833000000000002,1.0,17,16.0,140.805,115.4341,-25.370900000000006,0.0,14,14.0
detached,run_0078,0.8715,2.2603,1.3887999999999998,20.0,60.0,40.0,31.105,35.587,4.482000000000003,2.0,24,22.0,133.2294,112.3573,-20.872100000000003,0.0,27,27.0
detached,run_0079,0.0545,1.4978,1.4433,5.0,45.0,40.0,29.364,34.373,5.008999999999997,0.0,12,12.0,55.0778,46.5271,-8.550700000000006,0.0,5,5.0
detached,run_0080,0.6808,2.2059,1.5251000000000001,16.0,55.0,39.0,30.877,35.07,4.193000000000001,2.0,25,23.0,51.6973,43.5748,-8.122499999999995,0.0,19,19.0
detached,run_0081,0.0817,1.5251,1.4434,6.0,44.0,38.0,29.573,34.083,4.509999999999998,0.0,13,13.0,60.1046,62.8444,2.7398000000000025,0.0,5,5.0
detached,run_0082,0.7625,1.988,1.2255,19.0,59.0,40.0,31.083,35.571,4.4879999999999995,2.0,23,21.0,148.6014,122.9059,-25.69550000000001,0.0,27,27.0
detached,run_0083,0.0817,1.4978,1.4161000000000001,5.0,46.0,41.0,29.49,34.466,4.976000000000003,0.0,12,12.0,67.9947,54.2744,-13.720299999999995,0.0,7,7.0
detached,run_0084,0.2179,1.6068,1.3889,9.0,43.0,34.0,29.831,34.072,4.241000000000003,4.0,23,19.0,30.3219,30.4162,0.0943000000000005,0.0,6,6.0
detached,run_0085,0.1089,1.6068,1.4979,8.0,46.0,38.0,29.657,34.514,4.857000000000003,0.0,10,10.0,72.2374,65.6436,-6.5937999999999874,0.0,7,7.0
detached,run_0086,0.3813,2.0697,1.6884000000000001,12.0,53.0,41.0,30.498,35.261,4.763000000000002,1.0,16,15.0,265.1499,217.3832,-47.766700000000014,0.0,19,19.0
detached,run_0087,0.0817,1.5523,1.4706000000000001,5.0,47.0,42.0,29.594,34.456,4.862000000000002,0.0,12,12.0,45.9773,43.3058,-2.6715000000000018,0.0,7,7.0
detached,run_0088,0.1362,1.6885,1.5522999999999998,9.0,48.0,39.0,29.82,34.792,4.972000000000001,0.0,12,12.0,180.5072,153.7647,-26.742500000000007,0.0,9,9.0
detached,run_0089,0.2451,1.6612,1.4161,9.0,50.0,41.0,29.889,34.815,4.925999999999998,1.0,14,13.0,96.7465,90.9995,-5.747,0.0,8,8.0
detached,run_0090,0.0817,1.5523,1.4706000000000001,6.0,47.0,41.0,29.551,34.53,4.979000000000003,0.0,11,11.0,83.5281,76.6395,-6.888599999999997,0.0,7,7.0
detached,run_0091,0.6536,1.9063,1.2527000000000001,18.0,57.0,39.0,30.948,35.454,4.506,1.0,16,15.0,162.0424,136.4717,-25.570699999999988,0.0,23,23.0
detached,run_0092,0.1089,1.5523,1.4434,5.0,48.0,43.0,29.603,34.562,4.958999999999996,0.0,12,12.0,58.198,50.016,-8.182000000000002,0.0,7,7.0
detached,run_0093,0.1089,1.5523,1.4434,6.0,48.0,42.0,29.618,34.484,4.866000000000003,0.0,13,13.0,51.9478,46.0849,-5.862900000000003,0.0,7,7.0
detached,run_0094,0.1906,1.634,1.4434,10.0,49.0,39.0,30.105,34.82,4.715,1.0,11,10.0,81.4294,78.5937,-2.8357000000000028,0.0,9,9.0
detached,run_0095,0.4085,1.7429,1.3344,11.0,52.0,41.0,30.242,34.979,4.736999999999998,1.0,15,14.0,87.1362,79.4623,-7.673900000000003,0.0,12,12.0
detached,run_0096,0.2451,1.6612,1.4161,11.0,49.0,38.0,30.065,34.623,4.557999999999996,0.0,11,11.0,58.7937,59.0257,0.23199999999999932,0.0,8,8.0
detached,run_0097,0.4085,1.6885,1.2799999999999998,12.0,51.0,39.0,30.32,34.749,4.429000000000002,1.0,14,13.0,63.0488,61.8116,-1.2372000000000014,0.0,9,9.0
detached,run_0098,0.2996,1.7702,1.4706000000000001,11.0,52.0,41.0,30.331,35.048,4.717000000000002,0.0,14,14.0,220.6282,178.6229,-42.005300000000005,0.0,14,14.0
detached,run_0099,0.1362,1.6612,1.525,10.0,49.0,39.0,29.836,34.755,4.919000000000004,0.0,11,11.0,70.3298,61.9633,-8.36650000000001,0.0,8,8.0
detached,run_0100,0.3268,1.6885,1.3617,11.0,51.0,40.0,30.236,34.953,4.717000000000002,1.0,14,13.0,68.7126,60.7795,-7.933099999999996,0.0,11,11.0
detached,run_0101,0.0,1.3344,1.3344,4.0,38.0,34.0,29.241,33.322,4.081000000000003,2.0,23,21.0,23.5289,24.6422,1.1132999999999988,0.0,2,2.0
detached,run_0102,1.0893,2.2059,1.1166000000000003,22.0,60.0,38.0,31.407,35.808,4.401,1.0,18,17.0,146.6102,126.8227,-19.787499999999994,0.0,30,30.0
detached,run_0103,0.7898,2.3148,1.525,19.0,60.0,41.0,31.111,35.477,4.365999999999996,2.0,27,25.0,107.6587,88.89,-18.768699999999995,0.0,27,27.0
detached,run_0104,0.5991,1.8791,1.28,15.0,57.0,42.0,30.645,35.478,4.833000000000002,1.0,12,11.0,204.1967,168.3281,-35.86859999999999,0.0,23,23.0
detached,run_0105,0.3268,2.2603,1.9335,11.0,51.0,40.0,30.308,34.882,4.573999999999998,3.0,32,29.0,85.0234,74.0332,-10.990200000000002,0.0,10,10.0
detached,run_0106,0.1089,1.6068,1.4979,8.0,47.0,39.0,29.663,34.598,4.934999999999999,0.0,11,11.0,55.0499,48.9803,-6.069600000000001,0.0,8,8.0
detached,run_0107,0.1362,1.6612,1.525,10.0,49.0,39.0,29.911,34.709,4.798000000000002,0.0,11,11.0,75.4948,64.4812,-11.013599999999997,0.0,8,8.0
detached,run_0108,0.1089,1.5251,1.4162,8.0,45.0,37.0,29.641,34.574,4.933,0.0,9,9.0,80.9529,81.729,0.7760999999999996,0.0,7,7.0
detached,run_0109,0.0817,1.4706,1.3889,5.0,44.0,39.0,29.423,34.413,4.989999999999998,0.0,14,14.0,54.9718,48.0118,-6.960000000000001,0.0,6,6.0
detached,run_0110,0.0817,1.4978,1.4161000000000001,5.0,45.0,40.0,29.402,34.482,5.079999999999998,0.0,11,11.0,67.6217,60.5852,-7.036500000000004,0.0,6,6.0
detached,run_0111,0.2451,1.6612,1.4161,11.0,50.0,39.0,30.101,34.885,4.783999999999999,0.0,11,11.0,103.9297,88.4542,-15.475499999999997,0.0,10,10.0
detached,run_0112,0.0545,1.4706,1.4161,5.0,42.0,37.0,29.33,34.344,5.014000000000003,0.0,10,10.0,57.7382,56.261,-1.4771999999999963,0.0,5,5.0
detached,run_0113,1.0349,2.2876,1.2527,22.0,58.0,36.0,31.213,35.622,4.408999999999999,1.0,21,20.0,170.2287,141.5013,-28.727400000000017,0.0,28,28.0
detached,run_0114,0.0817,1.4434,1.3617,5.0,43.0,38.0,29.439,34.364,4.924999999999997,0.0,12,12.0,49.3918,47.8118,-1.5800000000000054,0.0,6,6.0
detached,run_0115,0.0817,1.4978,1.4161000000000001,5.0,43.0,38.0,29.435,34.307,4.872000000000003,0.0,12,12.0,46.4634,44.7672,-1.6961999999999975,0.0,6,6.0
detached,run_0116,0.2723,1.6612,1.3889,10.0,50.0,40.0,30.038,34.536,4.498000000000001,1.0,16,15.0,38.0124,35.4637,-2.5486999999999966,0.0,8,8.0
detached,run_0117,0.2451,1.5251,1.2799999999999998,8.0,45.0,37.0,29.889,34.045,4.156000000000002,1.0,17,16.0,37.5232,37.7862,0.2629999999999981,0.0,5,5.0
detached,run_0118,0.3268,1.7974,1.4706000000000001,11.0,50.0,39.0,30.115,34.899,4.7840000000000025,1.0,19,18.0,101.5028,85.7084,-15.794399999999996,0.0,10,10.0
detached,run_0119,0.5447,1.8246,1.2799,16.0,54.0,38.0,30.863,35.24,4.3770000000000024,3.0,25,22.0,109.9695,91.8578,-18.1117,0.0,19,19.0
detached,run_0120,0.354,1.6885,1.3344999999999998,12.0,51.0,39.0,30.315,35.05,4.734999999999996,0.0,11,11.0,148.5591,125.3253,-23.233800000000002,0.0,12,12.0
detached,run_0121,0.7625,1.8791,1.1166,19.0,58.0,39.0,31.005,35.341,4.336000000000002,1.0,17,16.0,79.1686,77.9629,-1.205699999999993,0.0,23,23.0
detached,run_0122,0.0817,1.5251,1.4434,5.0,48.0,43.0,29.514,34.575,5.0610000000000035,0.0,14,14.0,82.5187,84.4485,1.9298000000000002,0.0,6,6.0
detached,run_0123,0.8715,2.2331,1.3615999999999997,20.0,59.0,39.0,31.149,35.681,4.5319999999999965,1.0,22,21.0,276.6398,227.3807,-49.25909999999999,0.0,27,27.0
detached,run_0124,0.2451,1.634,1.3888999999999998,11.0,50.0,39.0,30.064,34.926,4.862000000000002,0.0,11,11.0,106.067,93.6992,-12.367799999999988,0.0,10,10.0
detached,run_0125,0.0545,1.4706,1.4161,4.0,41.0,37.0,29.236,34.285,5.048999999999996,0.0,11,11.0,49.2023,43.3188,-5.883499999999998,0.0,5,5.0
detached,run_0126,0.8442,2.2876,1.4434,19.0,58.0,39.0,31.023,35.319,4.296000000000003,4.0,29,25.0,72.2907,59.7233,-12.5674,0.0,26,26.0
detached,run_0127,0.0272,1.4161,1.3889,5.0,41.0,36.0,29.197,34.219,5.022000000000002,0.0,11,11.0,48.1481,45.3288,-2.8192999999999984,0.0,5,5.0
detached,run_0128,0.2451,1.5523,1.3072,8.0,46.0,38.0,29.78,34.232,4.451999999999998,1.0,15,14.0,29.0167,27.2801,-1.7365999999999993,0.0,5,5.0
detached,run_0129,0.1362,1.634,1.4977999999999998,9.0,48.0,39.0,29.932,34.825,4.893000000000004,0.0,9,9.0,84.9835,86.9681,1.9846000000000004,0.0,9,9.0
detached,run_0130,0.1089,1.4161,1.3072,5.0,42.0,37.0,29.408,34.022,4.613999999999997,1.0,15,14.0,45.8713,48.2538,2.3825000000000003,0.0,5,5.0
detached,run_0131,0.5174,2.0697,1.5523000000000002,17.0,55.0,38.0,30.825,35.407,4.581999999999997,2.0,22,20.0,313.2987,263.5557,-49.742999999999995,0.0,23,23.0
detached,run_0132,1.28,2.2876,1.0075999999999998,27.0,62.0,35.0,31.964,35.922,3.9579999999999984,5.0,26,21.0,102.2647,90.8199,-11.4448,0.0,35,35.0
detached,run_0133,0.3813,1.7702,1.3889,12.0,53.0,41.0,30.627,35.319,4.692000000000004,0.0,12,12.0,264.1938,221.583,-42.61080000000001,0.0,23,23.0
detached,run_0134,0.5447,2.2603,1.7156,15.0,57.0,42.0,30.887,35.444,4.557000000000002,3.0,24,21.0,392.2264,320.1094,-72.11700000000002,0.0,25,25.0
detached,run_0135,0.6808,1.9608,1.2800000000000002,18.0,59.0,41.0,30.823,35.552,4.728999999999999,1.0,23,22.0,249.2598,201.755,-47.50480000000002,0.0,25,25.0
detached,run_0136,0.0817,1.5251,1.4434,5.0,48.0,43.0,29.406,34.512,5.106000000000002,0.0,13,13.0,70.7905,68.5752,-2.215299999999999,0.0,6,6.0
detached,run_0137,0.6264,1.8791,1.2527,18.0,57.0,39.0,30.813,35.251,4.437999999999999,1.0,21,20.0,79.7201,71.6011,-8.119,0.0,19,19.0
detached,run_0138,0.0817,1.4978,1.4161000000000001,5.0,48.0,43.0,29.62,34.565,4.944999999999997,0.0,14,14.0,72.6878,69.3681,-3.3196999999999974,0.0,6,6.0
detached,run_0139,0.5447,2.4237,1.8790000000000002,16.0,57.0,41.0,30.92,35.438,4.518000000000001,4.0,30,26.0,344.0382,281.2627,-62.77550000000002,0.0,26,26.0
detached,run_0140,0.1634,1.6885,1.5251,10.0,50.0,40.0,29.765,34.675,4.909999999999997,1.0,14,13.0,53.1305,49.3195,-3.811,0.0,8,8.0
detached,run_0141,0.0,1.3344,1.3344,4.0,40.0,36.0,29.081,34.207,5.126000000000001,0.0,7,7.0,60.0453,63.7031,3.6578000000000017,0.0,5,5.0
detached,run_0142,0.1089,1.5795,1.4706,6.0,44.0,38.0,29.688,33.667,3.9790000000000028,3.0,26,23.0,15.5703,15.4106,-0.15969999999999906,0.0,4,4.0
detached,run_0143,0.1362,1.6068,1.4706000000000001,8.0,48.0,40.0,29.845,34.768,4.923000000000002,1.0,11,10.0,73.6545,74.4005,0.7459999999999951,0.0,8,8.0
detached,run_0144,0.354,1.7974,1.4434,12.0,52.0,40.0,30.246,35.093,4.847000000000005,1.0,19,18.0,167.9646,139.5148,-28.449799999999982,0.0,11,11.0
detached,run_0145,0.354,1.9608,1.6068000000000002,11.0,52.0,41.0,30.427,35.172,4.744999999999997,0.0,16,16.0,330.215,270.4269,-59.788099999999986,0.0,16,16.0
detached,run_0146,0.1634,1.6068,1.4434,7.0,43.0,36.0,29.731,34.118,4.3870000000000005,2.0,19,17.0,41.8752,42.7565,0.8813000000000031,0.0,6,6.0
detached,run_0147,0.2451,1.6612,1.4161,10.0,50.0,40.0,30.064,34.982,4.917999999999999,0.0,11,11.0,139.9086,126.7034,-13.205200000000005,0.0,10,10.0
detached,run_0148,0.2451,1.988,1.7429,11.0,51.0,40.0,30.123,34.812,4.6889999999999965,1.0,23,22.0,79.5485,68.1278,-11.42070000000001,0.0,10,10.0
detached,run_0149,0.8442,1.9608,1.1166,20.0,59.0,39.0,30.989,34.887,3.8979999999999997,12.0,35,23.0,28.3485,26.6287,-1.7198000000000029,0.0,17,17.0
detached,run_0150,0.0817,1.5251,1.4434,5.0,45.0,40.0,29.331,34.316,4.985000000000003,0.0,14,14.0,53.5237,43.1596,-10.3641,0.0,6,6.0
detached,run_0151,0.4357,1.7974,1.3617000000000001,16.0,52.0,36.0,30.827,35.219,4.3919999999999995,1.0,11,10.0,89.012,85.0833,-3.9287000000000063,0.0,18,18.0
detached,run_0152,0.2996,1.6885,1.3889,11.0,50.0,39.0,30.16,34.885,4.724999999999998,0.0,12,12.0,90.7486,79.8963,-10.8523,0.0,10,10.0
detached,run_0153,0.2723,1.6885,1.4162,11.0,51.0,40.0,30.02,34.75,4.73,1.0,15,14.0,51.7126,45.293,-6.419600000000003,0.0,8,8.0
detached,run_0154,0.1906,1.634,1.4434,9.0,50.0,41.0,29.876,34.723,4.846999999999998,0.0,13,13.0,97.982,81.4592,-16.522800000000004,0.0,8,8.0
detached,run_0155,0.0545,1.4706,1.4161,4.0,42.0,38.0,29.383,34.431,5.047999999999998,0.0,7,7.0,70.7187,74.3129,3.5942000000000007,0.0,5,5.0
detached,run_0156,1.0893,2.2331,1.1438,22.0,59.0,37.0,31.386,35.79,4.404,1.0,13,12.0,350.2265,285.2929,-64.93360000000001,0.0,31,31.0
detached,run_0157,0.4085,1.9336,1.5251000000000001,13.0,56.0,43.0,30.569,35.264,4.695000000000004,1.0,17,16.0,233.8532,188.3716,-45.481599999999986,0.0,17,17.0
detached,run_0158,0.1362,1.6068,1.4706000000000001,8.0,49.0,41.0,29.762,34.707,4.945,0.0,14,14.0,99.2046,83.5302,-15.674400000000006,0.0,8,8.0
detached,run_0159,0.0545,1.4161,1.3616,5.0,42.0,37.0,29.263,34.29,5.0269999999999975,0.0,12,12.0,45.3734,44.4634,-0.9099999999999966,0.0,5,5.0
detached,run_0160,0.2451,1.7429,1.4977999999999998,8.0,46.0,38.0,29.936,34.227,4.290999999999997,1.0,20,19.0,22.6871,20.522,-2.1651000000000025,0.0,6,6.0
detached,run_0161,0.4085,1.7157,1.3072,11.0,52.0,41.0,30.5,34.985,4.484999999999999,0.0,11,11.0,94.1449,96.5511,2.4061999999999983,0.0,14,14.0
detached,run_0162,0.4085,1.8791,1.4706000000000001,12.0,52.0,40.0,30.395,35.176,4.781000000000002,1.0,16,15.0,133.429,111.9259,-21.503100000000003,0.0,15,15.0
detached,run_0163,0.2451,1.7429,1.4977999999999998,10.0,53.0,43.0,30.097,34.877,4.780000000000001,2.0,20,18.0,92.3676,85.907,-6.4605999999999995,0.0,10,10.0
detached,run_0164,0.2723,1.6885,1.4162,11.0,49.0,38.0,30.127,34.938,4.8110000000000035,1.0,11,10.0,114.0207,96.6908,-17.32990000000001,0.0,10,10.0
detached,run_0165,0.1089,1.5523,1.4434,7.0,49.0,42.0,29.699,34.662,4.962999999999997,0.0,11,11.0,67.3232,69.2173,1.8940999999999946,0.0,7,7.0
detached,run_0166,0.354,1.7429,1.3889,12.0,51.0,39.0,30.482,35.213,4.731000000000002,0.0,13,13.0,291.031,239.2414,-51.78960000000001,0.0,17,17.0
detached,run_0167,0.0817,1.4434,1.3617,5.0,44.0,39.0,29.378,34.447,5.069000000000003,0.0,11,11.0,60.0615,54.3982,-5.6633,0.0,6,6.0
detached,run_0168,0.0,1.4161,1.4161,4.0,41.0,37.0,29.345,33.703,4.358000000000004,2.0,18,16.0,24.7766,24.6289,-0.14769999999999683,0.0,3,3.0
detached,run_0169,0.0,1.4161,1.4161,4.0,39.0,35.0,29.315,33.432,4.117000000000001,2.0,23,21.0,42.5297,44.5095,1.9798000000000044,0.0,3,3.0
detached,run_0170,0.6536,1.9063,1.2527000000000001,18.0,58.0,40.0,30.784,35.247,4.463000000000001,1.0,21,20.0,78.025,65.5876,-12.437400000000011,0.0,22,22.0
detached,run_0171,0.354,1.7429,1.3889,11.0,51.0,40.0,30.206,34.947,4.741000000000003,0.0,11,11.0,74.568,66.4325,-8.135499999999993,0.0,12,12.0
detached,run_0172,0.0817,1.5251,1.4434,5.0,45.0,40.0,29.492,34.183,4.690999999999999,1.0,17,16.0,25.8492,23.3024,-2.546800000000001,0.0,5,5.0
detached,run_0173,0.1362,1.634,1.4977999999999998,9.0,50.0,41.0,29.868,34.742,4.873999999999999,0.0,12,12.0,112.7661,93.0186,-19.747499999999988,0.0,9,9.0
detached,run_0174,0.0545,1.4706,1.4161,4.0,41.0,37.0,29.282,34.217,4.934999999999999,0.0,10,10.0,44.4121,39.2984,-5.1137000000000015,0.0,5,5.0
detached,run_0175,0.1634,1.6068,1.4434,9.0,49.0,40.0,29.822,34.671,4.849,0.0,13,13.0,75.3007,66.0009,-9.299800000000005,0.0,8,8.0
detached,run_0176,0.2451,1.7429,1.4977999999999998,10.0,49.0,39.0,30.083,34.419,4.3359999999999985,1.0,24,23.0,32.0017,28.4682,-3.5335,0.0,7,7.0
detached,run_0177,0.0545,1.4706,1.4161,5.0,43.0,38.0,29.312,34.252,4.940000000000001,0.0,14,14.0,38.646,33.2863,-5.359700000000004,0.0,5,5.0
detached,run_0178,0.0817,1.5251,1.4434,5.0,48.0,43.0,29.569,34.617,5.047999999999998,0.0,12,12.0,80.6145,69.9224,-10.69210000000001,0.0,7,7.0
detached,run_0179,0.0545,1.4706,1.4161,5.0,42.0,37.0,29.232,34.362,5.130000000000003,0.0,11,11.0,69.5913,56.2349,-13.3564,0.0,5,5.0
detached,run_0180,0.2451,1.6885,1.4433999999999998,10.0,51.0,41.0,30.027,34.795,4.768000000000001,1.0,18,17.0,71.6012,66.8809,-4.720300000000009,0.0,9,9.0
detached,run_0181,0.3268,1.7429,1.4161,13.0,53.0,40.0,30.336,34.861,4.524999999999999,1.0,20,19.0,42.717,38.2428,-4.474199999999996,0.0,10,10.0
detached,run_0182,0.6536,1.9063,1.2527000000000001,19.0,58.0,39.0,30.936,35.521,4.585000000000001,1.0,13,12.0,155.9114,128.1672,-27.744199999999978,0.0,25,25.0
detached,run_0183,0.1089,1.634,1.5251,9.0,48.0,39.0,29.789,34.734,4.945,0.0,10,10.0,145.6457,117.9279,-27.71780000000001,0.0,8,8.0
detached,run_0184,0.1089,1.5523,1.4434,6.0,46.0,40.0,29.6,34.445,4.844999999999999,0.0,13,13.0,49.0902,43.9941,-5.0961,0.0,7,7.0
detached,run_0185,0.1089,1.5523,1.4434,6.0,48.0,42.0,29.512,34.536,5.024000000000001,0.0,12,12.0,55.5021,46.7914,-8.710699999999996,0.0,7,7.0
detached,run_0186,0.4357,1.9063,1.4706000000000001,14.0,55.0,41.0,30.463,35.12,4.6569999999999965,1.0,19,18.0,90.9162,75.3252,-15.591000000000008,0.0,16,16.0
detached,run_0187,0.0817,1.5251,1.4434,6.0,47.0,41.0,29.468,34.457,4.989000000000001,0.0,14,14.0,67.3057,56.6111,-10.694600000000001,0.0,6,6.0
detached,run_0188,1.2527,2.2059,0.9532000000000003,22.0,60.0,38.0,31.522,35.561,4.0390000000000015,2.0,20,18.0,84.9759,76.6693,-8.306599999999989,0.0,28,28.0
detached,run_0189,0.3268,1.7157,1.3889,12.0,51.0,39.0,30.074,34.748,4.673999999999996,0.0,14,14.0,49.8806,49.3088,-0.5718000000000032,0.0,10,10.0
detached,run_0190,0.2996,1.7157,1.4161000000000001,11.0,50.0,39.0,30.226,34.924,4.698,0.0,11,11.0,67.5201,60.9427,-6.577399999999997,0.0,12,12.0
detached,run_0191,0.2179,1.634,1.4161,11.0,48.0,37.0,30.187,34.973,4.785999999999998,0.0,8,8.0,136.7968,133.0133,-3.7835000000000036,0.0,12,12.0
detached,run_0192,0.2996,1.6612,1.3616000000000001,11.0,51.0,40.0,30.061,35.003,4.942,0.0,11,11.0,101.4294,87.7523,-13.677099999999996,0.0,11,11.0
detached,run_0193,0.1362,1.6068,1.4706000000000001,7.0,48.0,41.0,29.589,34.356,4.767000000000003,1.0,17,16.0,38.2067,35.199,-3.0077,0.0,6,6.0
detached,run_0194,0.4357,1.9336,1.4979,13.0,53.0,40.0,30.486,34.931,4.444999999999997,1.0,19,18.0,50.7985,44.0576,-6.740899999999996,0.0,15,15.0
detached,run_0195,0.0817,1.4706,1.3889,5.0,45.0,40.0,29.557,34.469,4.912000000000003,0.0,12,12.0,60.4987,56.795,-3.7036999999999978,0.0,6,6.0
detached,run_0196,0.0,1.3617,1.3617,3.0,38.0,35.0,28.964,33.456,4.492000000000004,1.0,17,16.0,22.807,23.0533,0.24630000000000152,0.0,3,3.0
detached,run_0197,0.2451,1.634,1.3888999999999998,11.0,49.0,38.0,30.154,34.858,4.703999999999997,0.0,10,10.0,82.7686,80.1141,-2.654500000000013,0.0,10,10.0
detached,run_0198,0.2723,1.634,1.3617,11.0,50.0,39.0,30.132,34.783,4.651,0.0,11,11.0,70.9656,61.996,-8.969599999999993,0.0,10,10.0
detached,run_0199,0.354,1.7429,1.3889,11.0,52.0,41.0,30.377,35.098,4.721,0.0,11,11.0,118.114,100.8165,-17.2975,0.0,16,16.0
detached,run_0200,0.2179,1.634,1.4161,8.0,50.0,42.0,29.892,34.492,4.599999999999998,0.0,15,15.0,43.6026,41.4796,-2.1230000000000047,0.0,7,7.0
detached,run_0201,0.1089,1.5523,1.4434,6.0,47.0,41.0,29.534,34.581,5.047000000000004,0.0,11,11.0,88.4647,72.7171,-15.747599999999991,0.0,7,7.0
detached,run_0202,0.0,1.4161,1.4161,4.0,40.0,36.0,29.048,34.23,5.181999999999999,0.0,11,11.0,41.7182,42.4635,0.7453000000000003,0.0,5,5.0
detached,run_0203,0.0817,1.5251,1.4434,5.0,47.0,42.0,29.438,34.513,5.074999999999999,0.0,12,12.0,64.8835,53.2878,-11.5957,0.0,6,6.0
detached,run_0204,0.5991,1.9063,1.3072000000000001,17.0,57.0,40.0,30.91,35.274,4.364000000000001,1.0,20,19.0,81.6968,71.5169,-10.17989999999999,0.0,23,23.0
detached,run_0205,0.1089,1.634,1.5251,8.0,47.0,39.0,29.652,34.673,5.021000000000001,0.0,10,10.0,99.9713,87.7814,-12.189899999999994,0.0,8,8.0
detached,run_0206,0.7625,1.9608,1.1983000000000001,18.0,57.0,39.0,30.847,35.35,4.503,1.0,17,16.0,79.9205,68.6316,-11.288899999999998,0.0,22,22.0
detached,run_0207,0.0,1.4161,1.4161,5.0,43.0,38.0,29.159,34.216,5.057000000000002,0.0,13,13.0,37.7288,32.4193,-5.3095,0.0,5,5.0
detached,run_0208,0.0545,1.4978,1.4433,4.0,42.0,38.0,29.257,34.36,5.102999999999998,0.0,11,11.0,86.5169,75.7547,-10.762200000000007,0.0,5,5.0
detached,run_0209,0.4085,1.988,1.5795,15.0,54.0,39.0,30.736,35.319,4.583000000000002,1.0,15,14.0,284.1998,230.3686,-53.831199999999995,0.0,23,23.0
detached,run_0210,0.2723,1.6612,1.3889,10.0,50.0,40.0,29.965,34.742,4.7769999999999975,0.0,13,13.0,59.2589,50.5075,-8.751399999999997,0.0,9,9.0
detached,run_0211,0.0,1.3617,1.3617,3.0,39.0,36.0,28.837,33.853,5.016000000000002,0.0,12,12.0,25.8018,24.3196,-1.4821999999999989,0.0,5,5.0
detached,run_0212,0.9259,2.2603,1.3344,22.0,59.0,37.0,31.374,35.837,4.4630000000000045,1.0,13,12.0,368.9689,301.1373,-67.83160000000004,0.0,30,30.0
detached,run_0213,0.1089,1.6068,1.4979,9.0,48.0,39.0,29.811,34.757,4.945999999999998,0.0,7,7.0,92.8983,98.8496,5.951299999999989,0.0,8,8.0
detached,run_0214,0.1089,1.7429,1.634,7.0,49.0,42.0,29.637,34.753,5.116,0.0,16,16.0,126.0512,107.6714,-18.37979999999999,0.0,8,8.0
detached,run_0215,0.4085,1.7974,1.3889,13.0,54.0,41.0,30.531,35.263,4.731999999999999,0.0,12,12.0,160.6244,134.2524,-26.372000000000014,0.0,17,17.0
detached,run_0216,0.1634,1.6612,1.4978,10.0,48.0,38.0,29.946,34.87,4.923999999999996,0.0,11,11.0,242.5588,199.1112,-43.447599999999994,0.0,9,9.0
detached,run_0217,0.0817,1.4978,1.4161000000000001,6.0,48.0,42.0,29.649,34.525,4.875999999999998,0.0,11,11.0,82.7156,86.6434,3.927800000000005,0.0,6,6.0
detached,run_0218,0.4085,1.7974,1.3889,14.0,56.0,42.0,30.658,35.391,4.732999999999997,1.0,14,13.0,160.7975,134.2919,-26.505600000000015,0.0,20,20.0
detached,run_0219,0.1089,1.5251,1.4162,6.0,47.0,41.0,29.581,34.567,4.986000000000001,0.0,11,11.0,62.7856,61.2214,-1.5641999999999996,0.0,7,7.0
detached,run_0220,0.3813,1.7157,1.3344,12.0,50.0,38.0,30.209,35.153,4.943999999999999,0.0,10,10.0,158.7317,145.3122,-13.4195,0.0,13,13.0
detached,run_0221,0.1089,1.6068,1.4979,9.0,48.0,39.0,29.713,34.689,4.975999999999999,0.0,11,11.0,80.9103,78.7965,-2.113800000000012,0.0,8,8.0
detached,run_0222,0.1634,1.634,1.4706,9.0,49.0,40.0,29.929,34.831,4.902000000000005,0.0,11,11.0,97.0088,83.864,-13.14479999999999,0.0,10,10.0
detached,run_0223,0.1089,1.6612,1.5523,9.0,50.0,41.0,29.884,34.833,4.948999999999998,0.0,13,13.0,158.0861,131.0899,-26.996199999999988,0.0,9,9.0
detached,run_0224,0.1089,1.6068,1.4979,8.0,48.0,40.0,29.696,34.743,5.047000000000001,0.0,11,11.0,118.2439,100.5391,-17.70479999999999,0.0,8,8.0
detached,run_0225,0.5719,1.8791,1.3072,17.0,59.0,42.0,30.805,35.526,4.721000000000004,1.0,17,16.0,204.6056,169.4214,-35.184200000000004,0.0,25,25.0
detached,run_0226,0.2723,1.6612,1.3889,10.0,50.0,40.0,30.053,34.943,4.889999999999997,0.0,11,11.0,102.5807,104.362,1.7813000000000017,0.0,10,10.0
detached,run_0227,0.0,1.3617,1.3617,3.0,39.0,36.0,28.832,33.787,4.954999999999998,0.0,11,11.0,27.5486,27.4153,-0.13330000000000197,0.0,3,3.0
detached,run_0228,0.1906,1.634,1.4434,9.0,50.0,41.0,29.805,34.692,4.8870000000000005,1.0,18,17.0,75.4147,76.5015,1.0867999999999967,0.0,8,8.0
detached,run_0229,0.0817,1.5523,1.4706000000000001,5.0,48.0,43.0,29.45,34.532,5.081999999999997,0.0,14,14.0,65.3415,65.3256,-0.015900000000002024,0.0,6,6.0
detached,run_0230,0.2179,1.6612,1.4433,10.0,48.0,38.0,30.076,34.893,4.817,0.0,11,11.0,116.5106,100.6207,-15.889899999999997,0.0,12,12.0
detached,run_0231,0.0817,1.4978,1.4161000000000001,5.0,45.0,40.0,29.533,34.076,4.542999999999999,1.0,19,18.0,19.7691,17.6825,-2.0866000000000007,0.0,5,5.0
detached,run_0232,0.2996,1.6885,1.3889,11.0,50.0,39.0,30.173,35.072,4.8990000000000045,0.0,11,11.0,141.069,125.5999,-15.469099999999983,0.0,12,12.0
detached,run_0233,0.0545,1.4978,1.4433,4.0,43.0,39.0,29.284,34.379,5.094999999999999,0.0,9,9.0,51.6891,47.6818,-4.007300000000001,0.0,5,5.0
detached,run_0234,0.0545,1.4706,1.4161,4.0,41.0,37.0,29.205,34.182,4.977000000000004,0.0,12,12.0,38.0597,33.7807,-4.278999999999996,0.0,5,5.0
detached,run_0235,0.0545,1.4161,1.3616,4.0,41.0,37.0,29.172,34.247,5.074999999999999,0.0,12,12.0,41.7652,36.8961,-4.869100000000003,0.0,5,5.0
detached,run_0236,0.3813,1.7974,1.4161000000000001,14.0,53.0,39.0,30.67,35.26,4.589999999999996,1.0,13,12.0,187.4346,159.5461,-27.888499999999993,0.0,20,20.0
detached,run_0237,0.5174,1.8519,1.3345000000000002,17.0,56.0,39.0,30.709,35.45,4.741000000000003,1.0,11,10.0,159.0818,142.6031,-16.478699999999975,0.0,22,22.0
detached,run_0238,0.2451,1.6885,1.4433999999999998,11.0,50.0,39.0,30.17,34.989,4.8189999999999955,0.0,12,12.0,127.6495,105.5875,-22.061999999999998,0.0,10,10.0
detached,run_0239,1.9063,5.1198,3.2135,30.0,66.0,36.0,31.939,35.881,3.942,45.0,112,67.0,71.8834,68.1887,-3.6946999999999974,0.0,47,47.0
detached,run_0240,0.1089,1.5251,1.4162,6.0,47.0,41.0,29.617,34.641,5.023999999999997,0.0,10,10.0,82.3217,71.0827,-11.239000000000004,0.0,8,8.0
detached,run_0241,1.0076,3.4041,2.3965,21.0,60.0,39.0,31.355,35.846,4.490999999999996,10.0,41,31.0,707.8041,615.1856,-92.61849999999993,0.0,32,32.0
detached,run_0242,0.0,1.3617,1.3617,4.0,40.0,36.0,29.037,34.187,5.149999999999999,0.0,8,8.0,51.8081,53.7928,1.9846999999999966,0.0,5,5.0
detached,run_0243,0.0,1.3072,1.3072,2.0,39.0,37.0,28.897,33.966,5.069000000000003,0.0,8,8.0,34.5016,35.1852,0.6835999999999984,0.0,5,5.0
detached,run_0244,0.463,1.9063,1.4433,16.0,55.0,39.0,30.791,35.375,4.584,1.0,19,18.0,266.2745,214.3118,-51.962699999999984,0.0,21,21.0
detached,run_0245,0.6808,2.6961,2.0153,17.0,58.0,41.0,30.995,35.582,4.587,7.0,29,22.0,413.9037,347.4735,-66.43020000000001,0.0,27,27.0
detached,run_0246,0.1089,1.6068,1.4979,8.0,47.0,39.0,29.674,34.676,5.0020000000000024,0.0,8,8.0,73.0357,76.738,3.702299999999994,0.0,8,8.0
detached,run_0247,0.1089,1.634,1.5251,9.0,48.0,39.0,29.823,34.773,4.950000000000003,0.0,11,11.0,125.0995,102.1611,-22.9384,0.0,8,8.0
detached,run_0248,0.354,1.7157,1.3617,12.0,50.0,38.0,30.242,34.942,4.699999999999999,0.0,13,13.0,122.6652,102.0458,-20.6194,0.0,11,11.0
detached,run_0249,1.0076,2.7233,1.7157,20.0,59.0,39.0,31.222,35.668,4.445999999999998,4.0,34,30.0,284.6025,239.8349,-44.767600000000016,0.0,28,28.0
detached,run_0250,0.0545,1.4161,1.3616,5.0,46.0,41.0,29.28,34.426,5.146000000000001,0.0,13,13.0,58.8984,58.0542,-0.8442000000000007,0.0,6,6.0
detached,run_0251,0.2996,1.7429,1.4432999999999998,11.0,53.0,42.0,30.197,34.997,4.800000000000001,1.0,16,15.0,83.5355,77.4187,-6.116799999999998,0.0,11,11.0
detached,run_0252,0.3813,1.8519,1.4706000000000001,12.0,51.0,39.0,30.476,35.149,4.673000000000002,0.0,15,15.0,270.0351,219.1952,-50.8399,0.0,16,16.0
detached,run_0253,0.5991,1.8246,1.2255,19.0,57.0,38.0,30.979,35.386,4.407000000000004,1.0,17,16.0,117.7018,101.4183,-16.283500000000004,0.0,24,24.0
detached,run_0254,0.0545,1.4434,1.3889,4.0,42.0,38.0,29.324,34.393,5.068999999999999,0.0,7,7.0,55.5316,57.7107,2.1791000000000054,0.0,5,5.0
detached,run_0255,0.0545,1.4161,1.3616,5.0,43.0,38.0,29.214,34.385,5.170999999999999,0.0,12,12.0,57.8255,51.1043,-6.721199999999996,0.0,5,5.0
detached,run_0256,0.1089,1.634,1.5251,9.0,48.0,39.0,29.769,34.772,5.003,0.0,9,9.0,225.1336,184.0622,-41.07140000000001,0.0,8,8.0
detached,run_0257,0.1089,1.5523,1.4434,7.0,47.0,40.0,29.589,34.505,4.916000000000004,0.0,11,11.0,61.9637,53.1699,-8.793800000000005,0.0,7,7.0
detached,run_0258,0.9532,2.0153,1.0620999999999998,21.0,58.0,37.0,31.177,35.071,3.8939999999999984,1.0,20,19.0,50.8937,48.8278,-2.065899999999999,0.0,23,23.0
detached,run_0259,0.0817,1.5523,1.4706000000000001,6.0,49.0,43.0,29.656,34.661,5.005000000000003,0.0,14,14.0,78.6701,74.9148,-3.7553000000000054,0.0,7,7.0
detached,run_0260,0.5991,1.9336,1.3345,17.0,56.0,39.0,30.999,35.44,4.440999999999999,0.0,13,13.0,231.35,188.438,-42.912000000000006,0.0,23,23.0
detached,run_0261,0.1362,1.634,1.4977999999999998,9.0,50.0,41.0,29.801,34.767,4.966000000000005,0.0,11,11.0,97.1503,89.3841,-7.766199999999998,0.0,8,8.0
detached,run_0262,0.2179,1.634,1.4161,10.0,48.0,38.0,29.964,34.887,4.923000000000002,0.0,11,11.0,140.808,117.6361,-23.171899999999994,0.0,10,10.0
detached,run_0263,0.1089,1.5523,1.4434,6.0,46.0,40.0,29.611,34.267,4.656000000000002,0.0,15,15.0,31.6697,28.0201,-3.6495999999999995,0.0,5,5.0
detached,run_0264,0.7625,1.9063,1.1438000000000001,21.0,56.0,35.0,31.036,35.076,4.039999999999999,1.0,17,16.0,74.533,73.3841,-1.1488999999999976,0.0,20,20.0
detached,run_0265,0.354,2.1786,1.8245999999999998,11.0,51.0,40.0,30.144,34.924,4.780000000000001,1.0,29,28.0,117.7559,100.1107,-17.645200000000003,0.0,10,10.0
detached,run_0266,0.3813,1.8246,1.4433,13.0,56.0,43.0,30.606,35.355,4.748999999999995,1.0,13,12.0,287.507,232.2062,-55.30080000000001,0.0,20,20.0
detached,run_0267,1.2255,2.6688,1.4433,22.0,61.0,39.0,31.508,35.745,4.236999999999998,3.0,32,29.0,118.1477,100.0835,-18.0642,0.0,30,30.0
detached,run_0268,0.0817,1.4978,1.4161000000000001,5.0,46.0,41.0,29.442,34.473,5.030999999999999,1.0,13,12.0,66.8623,69.5161,2.6537999999999897,0.0,6,6.0
detached,run_0269,0.0,1.3889,1.3889,3.0,40.0,37.0,29.018,34.151,5.133000000000003,0.0,11,11.0,46.9065,37.1961,-9.7104,0.0,5,5.0
detached,run_0270,0.0545,1.4978,1.4433,5.0,42.0,37.0,29.362,34.279,4.917000000000005,0.0,12,12.0,40.8714,37.5819,-3.289500000000004,0.0,5,5.0
detached,run_0271,0.1089,1.6885,1.5796,9.0,49.0,40.0,29.885,34.864,4.978999999999996,0.0,11,11.0,109.2133,104.2613,-4.951999999999998,0.0,9,9.0
detached,run_0272,0.3813,1.7429,1.3616,12.0,53.0,41.0,30.351,35.177,4.8260000000000005,0.0,13,13.0,157.4611,131.177,-26.284099999999995,0.0,15,15.0
detached,run_0273,0.0545,1.4706,1.4161,5.0,42.0,37.0,29.307,34.377,5.070000000000004,0.0,12,12.0,56.5277,55.7437,-0.784000000000006,0.0,5,5.0
detached,run_0274,0.4902,1.7974,1.3072000000000001,13.0,55.0,42.0,30.637,35.377,4.740000000000002,0.0,12,12.0,249.4197,203.5649,-45.85480000000001,0.0,21,21.0
detached,run_0275,0.5719,1.8791,1.3072,16.0,57.0,41.0,30.73,35.402,4.672000000000001,1.0,15,14.0,139.9194,131.6902,-8.229199999999992,0.0,21,21.0
detached,run_0276,0.4085,1.7702,1.3617,12.0,53.0,41.0,30.425,35.101,4.675999999999998,1.0,17,16.0,158.218,129.3188,-28.89919999999998,0.0,13,13.0
detached,run_0277,0.5447,2.0969,1.5522000000000002,14.0,53.0,39.0,30.534,34.742,4.207999999999998,7.0,36,29.0,32.076,27.9811,-4.094899999999999,0.0,11,11.0
detached,run_0278,0.0,1.4161,1.4161,5.0,42.0,37.0,29.293,33.84,4.547000000000004,1.0,17,16.0,33.4171,32.7115,-0.7055999999999969,0.0,5,5.0
detached,run_0279,0.2723,1.6885,1.4162,11.0,50.0,39.0,30.259,35.024,4.765000000000001,1.0,11,10.0,89.6634,87.6334,-2.030000000000001,0.0,11,11.0
detached,run_0280,0.3813,1.7429,1.3616,12.0,52.0,40.0,30.419,35.189,4.77,0.0,13,13.0,119.2986,101.1592,-18.139399999999995,0.0,17,17.0
detached,run_0281,0.4085,1.7974,1.3889,13.0,51.0,38.0,30.334,34.778,4.443999999999999,1.0,17,16.0,47.5036,45.8248,-1.6787999999999954,0.0,10,10.0
detached,run_0282,0.2723,1.7429,1.4706,11.0,51.0,40.0,30.239,35.071,4.831999999999997,0.0,13,13.0,156.698,131.799,-24.899,0.0,14,14.0
detached,run_0283,1.1438,2.0969,0.9531000000000003,20.0,59.0,39.0,31.496,35.466,3.9700000000000024,3.0,22,19.0,79.501,76.0638,-3.4372000000000043,0.0,27,27.0
detached,run_0284,0.1089,1.5523,1.4434,8.0,48.0,40.0,29.825,34.726,4.901,0.0,11,11.0,77.6447,80.7081,3.0634000000000015,0.0,8,8.0
detached,run_0285,0.3813,1.8791,1.4978,13.0,56.0,43.0,30.588,35.332,4.744,1.0,17,16.0,322.8336,264.5799,-58.25369999999998,0.0,18,18.0
detached,run_0286,0.2451,1.634,1.3888999999999998,9.0,50.0,41.0,29.864,34.552,4.687999999999999,1.0,17,16.0,52.0411,50.1215,-1.9196000000000026,0.0,7,7.0
detached,run_0287,0.2451,1.6612,1.4161,10.0,50.0,40.0,29.99,34.571,4.5809999999999995,1.0,19,18.0,45.5348,44.0124,-1.5223999999999975,0.0,7,7.0
detached,run_0288,0.0,1.3889,1.3889,4.0,43.0,39.0,29.024,33.978,4.954000000000001,1.0,15,14.0,42.8798,44.9874,2.107599999999998,0.0,5,5.0
detached,run_0289,0.0817,1.4434,1.3617,5.0,45.0,40.0,29.479,34.403,4.9239999999999995,1.0,16,15.0,57.4555,58.9702,1.5146999999999977,0.0,6,6.0
detached,run_0290,0.0817,1.5523,1.4706000000000001,5.0,48.0,43.0,29.627,34.37,4.7429999999999986,1.0,19,18.0,62.543,62.2673,-0.2757000000000005,0.0,6,6.0
detached,run_0291,0.2723,1.8519,1.5796000000000001,11.0,50.0,39.0,30.156,34.873,4.716999999999999,1.0,16,15.0,97.5984,80.8942,-16.7042,0.0,10,10.0
detached,run_0292,0.2451,1.6612,1.4161,11.0,50.0,39.0,30.097,34.921,4.823999999999998,1.0,15,14.0,100.7852,90.1532,-10.632000000000005,0.0,9,9.0
detached,run_0293,0.1089,1.5523,1.4434,6.0,46.0,40.0,29.623,34.322,4.699000000000002,1.0,16,15.0,36.178,30.9098,-5.268199999999997,0.0,6,6.0
detached,run_0294,0.0545,1.4706,1.4161,4.0,41.0,37.0,29.216,34.257,5.040999999999997,0.0,12,12.0,48.8027,39.7441,-9.058599999999998,0.0,5,5.0
detached,run_0295,0.4902,2.4237,1.9335000000000002,16.0,57.0,41.0,30.769,35.452,4.683,3.0,21,18.0,478.6748,400.2335,-78.44130000000001,0.0,24,24.0
detached,run_0296,0.1089,1.5523,1.4434,7.0,47.0,40.0,29.646,34.644,4.9979999999999976,0.0,10,10.0,75.0828,76.6518,1.5689999999999884,0.0,8,8.0
detached,run_0297,0.5719,1.8791,1.3072,17.0,54.0,37.0,30.72,34.91,4.189999999999998,1.0,17,16.0,52.8222,50.5363,-2.285900000000005,0.0,15,15.0
detached,run_0298,0.4357,1.8519,1.4162000000000001,13.0,55.0,42.0,30.634,35.237,4.6030000000000015,0.0,14,14.0,122.9737,100.6458,-22.3279,0.0,17,17.0
detached,run_0299,0.4902,1.7702,1.28,15.0,54.0,39.0,30.611,35.245,4.633999999999997,2.0,18,16.0,97.2538,90.6518,-6.602000000000004,0.0,17,17.0
detached,run_0300,0.0545,1.5251,1.4706,6.0,45.0,39.0,29.432,34.491,5.059000000000001,0.0,10,10.0,72.8978,76.6527,3.754899999999992,0.0,5,5.0
detached,run_0301,0.0545,1.4978,1.4433,5.0,43.0,38.0,29.269,34.355,5.0859999999999985,0.0,12,12.0,49.4397,41.9979,-7.441800000000001,0.0,5,5.0
detached,run_0302,0.0817,1.4978,1.4161000000000001,5.0,47.0,42.0,29.507,34.466,4.959,0.0,14,14.0,62.9918,57.2274,-5.764399999999995,0.0,6,6.0
detached,run_0303,0.0545,1.4161,1.3616,4.0,42.0,38.0,29.18,34.297,5.116999999999997,0.0,11,11.0,52.7783,49.9252,-2.853100000000005,0.0,5,5.0
detached,run_0304,0.4085,1.7974,1.3889,12.0,55.0,43.0,30.474,35.227,4.752999999999997,1.0,15,14.0,138.6793,117.9546,-20.724700000000013,0.0,16,16.0
detached,run_0305,0.8715,2.0153,1.1437999999999997,20.0,59.0,39.0,31.274,35.668,4.393999999999998,1.0,18,17.0,168.1225,139.5149,-28.60759999999999,0.0,26,26.0
detached,run_0306,0.0545,1.4706,1.4161,5.0,41.0,36.0,29.272,34.239,4.966999999999999,0.0,11,11.0,44.8586,40.7897,-4.068899999999999,0.0,5,5.0
detached,run_0307,0.2451,1.6885,1.4433999999999998,11.0,49.0,38.0,29.977,34.662,4.684999999999999,0.0,14,14.0,72.4357,70.2941,-2.141599999999997,0.0,9,9.0
detached,run_0308,0.0817,1.4161,1.3344,5.0,43.0,38.0,29.31,34.169,4.858999999999998,1.0,17,16.0,35.836,30.5201,-5.315899999999999,0.0,5,5.0
detached,run_0309,0.2996,1.7702,1.4706000000000001,12.0,53.0,41.0,30.329,35.111,4.7819999999999965,1.0,14,13.0,159.8808,131.6754,-28.205399999999997,0.0,13,13.0
detached,run_0310,0.0817,1.5523,1.4706000000000001,6.0,47.0,41.0,29.61,34.424,4.814,1.0,14,13.0,52.5666,50.4828,-2.0838000000000036,0.0,6,6.0
detached,run_0311,0.0817,1.4978,1.4161000000000001,5.0,46.0,41.0,29.47,34.539,5.069000000000003,0.0,10,10.0,83.466,73.5992,-9.866799999999998,0.0,7,7.0
detached,run_0312,0.1906,1.6612,1.4706000000000001,10.0,48.0,38.0,29.958,34.809,4.850999999999999,0.0,11,11.0,83.9752,75.7122,-8.263000000000005,0.0,9,9.0
detached,run_0313,0.2179,1.5251,1.3072,8.0,49.0,41.0,29.866,34.544,4.677999999999997,1.0,14,13.0,101.4746,105.7766,4.302000000000007,0.0,7,7.0
detached,run_0314,0.1362,1.634,1.4977999999999998,9.0,48.0,39.0,29.928,34.891,4.962999999999997,0.0,11,11.0,217.015,176.9695,-40.045499999999976,0.0,9,9.0
detached,run_0315,0.0,1.3889,1.3889,5.0,40.0,35.0,29.092,34.022,4.93,0.0,12,12.0,35.9465,36.6926,0.7460999999999984,0.0,5,5.0
detached,run_0316,0.2996,1.7702,1.4706000000000001,11.0,51.0,40.0,30.082,35.007,4.924999999999997,0.0,14,14.0,286.6936,234.8325,-51.86109999999999,0.0,12,12.0
detached,run_0317,0.0817,1.5523,1.4706000000000001,6.0,47.0,41.0,29.476,34.581,5.105000000000004,0.0,10,10.0,104.2313,84.5382,-19.6931,0.0,7,7.0
detached,run_0318,0.0,1.3889,1.3889,3.0,40.0,37.0,28.966,34.159,5.192999999999998,0.0,11,11.0,49.9153,41.5449,-8.370400000000004,0.0,5,5.0
detached,run_0319,0.3268,1.7157,1.3889,11.0,50.0,39.0,30.246,34.838,4.592000000000002,1.0,14,13.0,47.8094,46.2704,-1.5389999999999944,0.0,12,12.0
detached,run_0320,0.2723,1.7702,1.4979,11.0,52.0,41.0,30.098,34.677,4.579000000000001,2.0,23,21.0,54.9933,52.9753,-2.0180000000000007,0.0,8,8.0
detached,run_0321,0.7353,2.342,1.6067,20.0,59.0,39.0,31.094,35.526,4.432000000000002,3.0,30,27.0,187.2789,156.7894,-30.489499999999992,0.0,27,27.0
detached,run_0322,0.1906,1.6612,1.4706000000000001,10.0,50.0,40.0,29.93,34.73,4.799999999999997,0.0,12,12.0,65.3641,62.1934,-3.1706999999999965,0.0,9,9.0
detached,run_0323,0.1089,1.6068,1.4979,9.0,49.0,40.0,29.795,34.776,4.981000000000002,0.0,11,11.0,85.832,72.8544,-12.977599999999995,0.0,8,8.0
detached,run_0324,0.2179,1.6885,1.4706,11.0,49.0,38.0,30.015,34.834,4.819000000000003,0.0,11,11.0,88.878,81.0261,-7.8519000000000005,0.0,9,9.0
detached,run_0325,0.0545,1.4706,1.4161,4.0,42.0,38.0,29.411,34.396,4.984999999999999,0.0,7,7.0,61.9731,64.8454,2.8722999999999956,0.0,5,5.0
detached,run_0326,0.1362,1.5251,1.3889,9.0,49.0,40.0,29.763,34.579,4.815999999999999,1.0,14,13.0,77.9608,80.6843,2.723499999999987,0.0,6,6.0
detached,run_0327,0.0,1.28,1.28,3.0,39.0,36.0,28.927,34.069,5.142000000000003,0.0,12,12.0,47.0198,49.6309,2.6111000000000004,0.0,5,5.0
detached,run_0328,0.1089,1.5251,1.4162,8.0,47.0,39.0,29.724,34.649,4.925000000000001,0.0,11,11.0,111.5735,90.6442,-20.929299999999998,0.0,8,8.0
detached,run_0329,0.6808,2.0153,1.3344999999999998,18.0,58.0,40.0,30.968,35.465,4.497000000000003,2.0,23,21.0,124.8934,103.3247,-21.568699999999993,0.0,26,26.0
detached,run_0330,0.2723,1.7157,1.4434,11.0,53.0,42.0,30.239,35.03,4.791,1.0,15,14.0,122.7787,109.8045,-12.974199999999996,0.0,11,11.0
detached,run_0331,0.0545,1.4978,1.4433,4.0,44.0,40.0,29.487,34.528,5.041,0.0,7,7.0,77.8458,82.6244,4.778599999999997,0.0,6,6.0
detached,run_0332,0.0817,1.4434,1.3617,5.0,41.0,36.0,29.459,33.78,4.3210000000000015,1.0,17,16.0,39.2115,40.018,0.8064999999999998,0.0,4,4.0
detached,run_0333,0.0817,1.4978,1.4161000000000001,5.0,48.0,43.0,29.506,34.484,4.9780000000000015,0.0,14,14.0,52.0651,48.868,-3.197099999999999,0.0,6,6.0
detached,run_0334,0.2451,1.7157,1.4706,12.0,51.0,39.0,30.132,34.896,4.763999999999999,1.0,14,13.0,85.9857,90.2818,4.29610000000001,0.0,10,10.0
detached,run_0335,0.0817,1.5251,1.4434,5.0,48.0,43.0,29.559,34.436,4.876999999999999,1.0,17,16.0,55.6337,54.3871,-1.2466000000000008,0.0,6,6.0
detached,run_0336,0.0817,1.5523,1.4706000000000001,6.0,45.0,39.0,29.465,34.206,4.741000000000003,1.0,15,14.0,28.0355,25.537,-2.4985,0.0,5,5.0
detached,run_0337,0.3268,1.7157,1.3889,12.0,51.0,39.0,30.391,35.128,4.737000000000002,0.0,11,11.0,133.445,118.0847,-15.360299999999995,0.0,14,14.0
detached,run_0338,0.0545,1.4434,1.3889,4.0,42.0,38.0,29.207,34.36,5.152999999999999,0.0,9,9.0,64.8669,62.4672,-2.399700000000003,0.0,5,5.0
detached,run_0339,0.4085,1.8246,1.4161000000000001,13.0,53.0,40.0,30.302,34.99,4.688000000000002,1.0,14,13.0,70.5349,62.8205,-7.714399999999991,0.0,12,12.0
detached,run_0340,0.1362,1.7974,1.6612,8.0,49.0,41.0,29.769,34.722,4.953000000000003,0.0,17,17.0,132.2442,113.1685,-19.075700000000012,0.0,8,8.0
detached,run_0341,0.5991,1.9063,1.3072000000000001,15.0,55.0,40.0,30.674,34.998,4.323999999999998,1.0,21,20.0,51.4263,46.238,-5.188299999999998,0.0,19,19.0
detached,run_0342,0.0817,1.5251,1.4434,5.0,43.0,38.0,29.343,34.288,4.944999999999997,0.0,11,11.0,42.934,42.083,-0.8509999999999991,0.0,5,5.0
detached,run_0343,0.0,1.4161,1.4161,4.0,42.0,38.0,29.191,33.795,4.604000000000003,2.0,21,19.0,34.0058,34.8164,0.8106000000000009,0.0,4,4.0
detached,run_0344,0.3813,1.9336,1.5523,12.0,53.0,41.0,30.358,34.981,4.623000000000001,1.0,22,21.0,88.8376,74.309,-14.528599999999997,0.0,11,11.0
detached,run_0345,0.1089,1.5251,1.4162,7.0,44.0,37.0,29.599,34.555,4.9559999999999995,0.0,9,9.0,115.1322,91.887,-23.245199999999997,0.0,7,7.0
detached,run_0346,0.1634,1.6068,1.4434,7.0,47.0,40.0,29.733,34.26,4.5269999999999975,0.0,14,14.0,38.4825,37.9813,-0.5012000000000043,0.0,5,5.0
detached,run_0347,0.0545,1.4706,1.4161,4.0,41.0,37.0,29.298,34.297,4.998999999999999,0.0,9,9.0,56.4317,54.1481,-2.2836,0.0,5,5.0
detached,run_0348,0.0817,1.4706,1.3889,5.0,41.0,36.0,29.319,34.259,4.940000000000001,0.0,11,11.0,44.2431,41.5416,-2.701499999999996,0.0,5,5.0
detached,run_0349,0.1089,1.6068,1.4979,9.0,47.0,38.0,29.669,34.664,4.995000000000001,0.0,9,9.0,74.6459,77.6387,2.9928000000000026,0.0,8,8.0
detached,run_0350,0.4085,1.7974,1.3889,12.0,53.0,41.0,30.466,35.042,4.5760000000000005,1.0,12,11.0,65.2761,60.0105,-5.265599999999999,0.0,16,16.0
detached,run_0351,0.0817,1.4978,1.4161000000000001,5.0,47.0,42.0,29.387,34.492,5.104999999999997,0.0,13,13.0,74.6585,76.9543,2.2958,0.0,6,6.0
detached,run_0352,0.1089,1.5251,1.4162,6.0,48.0,42.0,29.544,34.543,4.998999999999999,0.0,13,13.0,67.7967,63.1782,-4.6185000000000045,0.0,6,6.0
detached,run_0353,0.0545,1.5523,1.4978,5.0,47.0,42.0,29.579,34.364,4.784999999999997,0.0,17,17.0,43.4177,40.5929,-2.8248000000000033,0.0,6,6.0
detached,run_0354,0.817,2.1242,1.3072000000000001,20.0,58.0,38.0,31.127,35.551,4.424000000000003,1.0,19,18.0,214.0505,174.836,-39.21449999999999,0.0,27,27.0
detached,run_0355,0.0,1.3617,1.3617,4.0,42.0,38.0,29.084,34.291,5.206999999999997,0.0,11,11.0,62.3909,64.4985,2.107600000000005,0.0,5,5.0
detached,run_0356,0.1089,1.6068,1.4979,8.0,48.0,40.0,29.697,34.695,4.998000000000001,0.0,9,9.0,78.2461,73.4024,-4.843699999999998,0.0,8,8.0
detached,run_0357,0.2451,1.6885,1.4433999999999998,9.0,51.0,42.0,30.069,34.707,4.638000000000002,1.0,15,14.0,49.3401,41.8578,-7.482300000000002,0.0,9,9.0
detached,run_0358,0.2179,1.6612,1.4433,11.0,48.0,37.0,30.08,34.943,4.8629999999999995,0.0,10,10.0,101.8729,104.6035,2.7305999999999955,0.0,11,11.0
detached,run_0359,0.1362,1.634,1.4977999999999998,8.0,49.0,41.0,29.809,34.76,4.950999999999997,0.0,11,11.0,78.7664,70.451,-8.315400000000011,0.0,8,8.0
detached,run_0360,0.1089,1.634,1.5251,9.0,49.0,40.0,29.763,34.724,4.960999999999995,0.0,13,13.0,138.4785,115.7599,-22.718599999999995,0.0,8,8.0
detached,run_0361,0.2451,1.6885,1.4433999999999998,10.0,46.0,36.0,30.001,34.152,4.151,2.0,23,21.0,29.6577,29.418,-0.23969999999999914,0.0,6,6.0
detached,run_0362,0.1634,1.6612,1.4978,10.0,48.0,38.0,29.799,34.564,4.765000000000001,1.0,12,11.0,51.2952,45.7915,-5.503700000000002,0.0,8,8.0
detached,run_0363,0.8442,2.1786,1.3344,21.0,60.0,39.0,31.24,35.602,4.361999999999998,3.0,28,25.0,113.9515,97.3991,-16.55239999999999,0.0,27,27.0
detached,run_0364,0.7081,2.342,1.6339000000000001,16.0,58.0,42.0,30.743,35.544,4.800999999999998,2.0,26,24.0,300.7638,248.9665,-51.79730000000001,0.0,24,24.0
detached,run_0365,0.4357,2.7778,2.3421000000000003,12.0,56.0,44.0,30.628,35.28,4.652000000000001,6.0,34,28.0,218.2509,186.8224,-31.428500000000014,0.0,19,19.0
detached,run_0366,1.3617,2.9412,1.5795,22.0,63.0,41.0,31.381,35.94,4.5589999999999975,2.0,27,25.0,279.231,236.5354,-42.695599999999985,0.0,34,34.0
detached,run_0367,1.4706,3.2135,1.7429,27.0,65.0,38.0,31.996,36.18,4.184000000000001,9.0,36,27.0,655.7484,556.176,-99.5723999999999,0.0,38,38.0
detached,run_0368,0.7081,2.9412,2.2331,17.0,58.0,41.0,31.03,35.546,4.515999999999998,10.0,37,27.0,610.3234,533.87,-76.45339999999999,0.0,27,27.0
detached,run_0369,0.2723,1.6885,1.4162,11.0,50.0,39.0,30.092,34.879,4.786999999999999,1.0,12,11.0,87.6025,74.8859,-12.7166,0.0,10,10.0
detached,run_0370,0.1089,1.5523,1.4434,8.0,47.0,39.0,29.777,34.589,4.811999999999998,0.0,11,11.0,79.1123,74.4666,-4.645700000000005,0.0,8,8.0
detached,run_0371,0.4085,1.8246,1.4161000000000001,13.0,55.0,42.0,30.489,35.252,4.763000000000002,0.0,11,11.0,175.0286,146.0415,-28.987099999999998,0.0,18,18.0
detached,run_0372,0.1089,1.4978,1.3889,7.0,48.0,41.0,29.716,34.661,4.945,0.0,11,11.0,81.0669,84.3928,3.32589999999999,0.0,7,7.0
detached,run_0373,0.1089,1.4978,1.3889,5.0,46.0,41.0,29.559,34.598,5.038999999999998,0.0,8,8.0,92.1778,87.2583,-4.919499999999999,0.0,6,6.0
detached,run_0374,0.3268,1.7702,1.4434,12.0,54.0,42.0,30.371,35.167,4.796000000000003,1.0,17,16.0,93.1909,81.22,-11.9709,0.0,15,15.0
detached,run_0375,0.1362,1.6612,1.525,9.0,49.0,40.0,29.831,34.837,5.006000000000004,0.0,11,11.0,116.9619,96.139,-20.822900000000004,0.0,8,8.0
detached,run_0376,1.1983,2.8595,1.6612000000000002,22.0,60.0,38.0,31.46,35.705,4.244999999999997,7.0,32,25.0,143.2833,120.6081,-22.675200000000004,0.0,29,29.0
detached,run_0377,0.1089,1.5795,1.4706,5.0,45.0,40.0,29.698,34.311,4.6129999999999995,1.0,18,17.0,31.0905,27.1507,-3.939799999999998,0.0,6,6.0
detached,run_0378,0.2451,1.634,1.3888999999999998,11.0,48.0,37.0,30.081,34.912,4.8309999999999995,0.0,11,11.0,129.6424,113.1611,-16.481300000000005,0.0,11,11.0
detached,run_0379,0.0817,1.5251,1.4434,5.0,45.0,40.0,29.534,34.101,4.567,1.0,20,19.0,28.7528,26.4994,-2.253399999999999,0.0,5,5.0
detached,run_0380,0.2451,1.6885,1.4433999999999998,10.0,49.0,39.0,30.005,34.76,4.754999999999999,1.0,15,14.0,70.4248,62.9547,-7.470100000000002,0.0,9,9.0
detached,run_0381,0.4085,1.7702,1.3617,12.0,52.0,40.0,30.449,35.182,4.7330000000000005,1.0,14,13.0,184.6596,150.8037,-33.85590000000002,0.0,16,16.0
detached,run_0382,0.2451,1.6885,1.4433999999999998,10.0,50.0,40.0,29.927,34.601,4.6739999999999995,1.0,15,14.0,40.8388,37.1642,-3.674599999999998,0.0,8,8.0
detached,run_0383,0.1089,1.5251,1.4162,8.0,48.0,40.0,29.657,34.582,4.925000000000001,0.0,11,11.0,81.3181,85.1022,3.784099999999995,0.0,7,7.0
detached,run_0384,0.1089,1.5523,1.4434,5.0,44.0,39.0,29.505,34.251,4.745999999999999,1.0,15,14.0,32.0202,30.8084,-1.2118000000000038,0.0,6,6.0
detached,run_0385,0.1089,1.6068,1.4979,9.0,47.0,38.0,29.78,34.662,4.881999999999998,0.0,9,9.0,79.4972,79.6254,0.12819999999999254,0.0,8,8.0
detached,run_0386,0.2179,1.634,1.4161,10.0,48.0,38.0,29.973,34.908,4.935000000000002,0.0,8,8.0,124.3947,122.8522,-1.542500000000004,0.0,11,11.0
detached,run_0387,0.0545,1.4434,1.3889,4.0,43.0,39.0,29.28,34.449,5.168999999999997,0.0,10,10.0,65.3999,67.4279,2.0279999999999916,0.0,5,5.0
detached,run_0388,0.8442,2.0697,1.2255000000000003,20.0,61.0,41.0,31.482,35.802,4.32,1.0,17,16.0,307.4221,247.2551,-60.167,0.0,29,29.0
detached,run_0389,0.2451,1.7157,1.4706,11.0,51.0,40.0,30.205,34.913,4.707999999999998,1.0,16,15.0,67.1229,57.2877,-9.8352,0.0,12,12.0
detached,run_0390,0.0545,1.4978,1.4433,4.0,43.0,39.0,29.383,34.398,5.015000000000004,0.0,9,9.0,71.5246,60.2437,-11.28090000000001,0.0,5,5.0
detached,run_0391,0.1089,1.634,1.5251,9.0,48.0,39.0,29.77,34.759,4.989000000000001,0.0,11,11.0,161.1197,138.1956,-22.92409999999998,0.0,8,8.0
detached,run_0392,0.1089,1.634,1.5251,9.0,48.0,39.0,29.896,34.855,4.958999999999996,0.0,10,10.0,126.7897,110.9259,-15.863799999999998,0.0,9,9.0
detached,run_0393,0.354,1.7157,1.3617,12.0,50.0,38.0,30.296,35.095,4.7989999999999995,0.0,11,11.0,151.021,132.4324,-18.588599999999985,0.0,13,13.0
detached,run_0394,0.2723,1.6885,1.4162,11.0,49.0,38.0,30.352,34.959,4.607000000000003,0.0,11,11.0,89.6325,93.5909,3.9584000000000117,0.0,10,10.0
detached,run_0395,0.0272,1.4434,1.4162000000000001,5.0,43.0,38.0,29.339,34.055,4.716000000000001,0.0,15,15.0,30.7826,29.5878,-1.1947999999999972,0.0,5,5.0
detached,run_0396,0.9532,2.7505,1.7973000000000001,20.0,58.0,38.0,31.086,35.294,4.207999999999998,7.0,41,34.0,63.9506,56.2313,-7.719300000000004,0.0,24,24.0
detached,run_0397,0.1089,1.5795,1.4706,7.0,49.0,42.0,29.702,34.584,4.8820000000000014,1.0,16,15.0,60.6519,50.5919,-10.059999999999995,0.0,7,7.0
detached,run_0398,0.1089,1.5795,1.4706,9.0,48.0,39.0,29.704,34.652,4.948,0.0,11,11.0,64.8647,55.1427,-9.722000000000001,0.0,8,8.0
detached,run_0399,0.2451,1.6885,1.4433999999999998,10.0,50.0,40.0,30.006,34.897,4.890999999999998,1.0,13,12.0,96.4959,81.8778,-14.618100000000013,0.0,10,10.0
detached,run_0400,0.3268,1.7429,1.4161,11.0,52.0,41.0,30.399,35.13,4.731000000000002,1.0,12,11.0,90.4844,91.0358,0.551400000000001,0.0,15,15.0
detached,run_0401,0.6264,1.8519,1.2255000000000003,18.0,57.0,39.0,30.713,35.317,4.603999999999999,2.0,17,15.0,88.153,79.7614,-8.391600000000011,0.0,20,20.0
detached,run_0402,0.2723,1.6612,1.3889,11.0,50.0,39.0,30.174,34.821,4.6469999999999985,0.0,11,11.0,64.989,63.0837,-1.905300000000004,0.0,12,12.0
detached,run_0403,0.3813,1.7429,1.3616,12.0,53.0,41.0,30.208,35.105,4.8969999999999985,0.0,11,11.0,164.6671,135.6042,-29.062900000000013,0.0,12,12.0
detached,run_0404,0.4357,1.7702,1.3345,14.0,53.0,39.0,30.483,35.179,4.6960000000000015,0.0,9,9.0,186.458,160.0128,-26.4452,0.0,16,16.0
detached,run_0405,0.0545,1.4706,1.4161,5.0,44.0,39.0,29.305,34.426,5.121000000000002,0.0,11,11.0,63.1593,61.9329,-1.2264000000000053,0.0,5,5.0
detached,run_0406,0.0545,1.4978,1.4433,5.0,42.0,37.0,29.329,34.169,4.839999999999996,0.0,12,12.0,32.7755,29.1391,-3.636400000000002,0.0,5,5.0
detached,run_0407,0.3813,2.2059,1.8246000000000002,13.0,53.0,40.0,30.486,35.162,4.675999999999998,1.0,19,18.0,199.136,164.991,-34.14499999999998,0.0,17,17.0
detached,run_0408,0.0817,1.5251,1.4434,5.0,46.0,41.0,29.558,34.412,4.853999999999999,0.0,13,13.0,66.0231,69.1786,3.1555000000000035,0.0,6,6.0
detached,run_0409,0.5719,1.988,1.4161000000000001,18.0,56.0,38.0,30.82,35.085,4.265000000000001,3.0,26,23.0,59.7138,50.0249,-9.688899999999997,0.0,17,17.0
detached,run_0410,1.5795,2.9684,1.3889,26.0,66.0,40.0,31.707,35.955,4.2479999999999976,5.0,29,24.0,165.7839,140.8312,-24.952699999999993,0.0,36,36.0
detached,run_0411,0.0272,1.4706,1.4434,4.0,42.0,38.0,29.155,34.36,5.204999999999998,0.0,11,11.0,84.1804,69.7577,-14.422700000000006,0.0,5,5.0
detached,run_0412,0.3813,1.7702,1.3889,13.0,53.0,40.0,30.463,34.899,4.436,1.0,16,15.0,54.0184,50.9316,-3.0867999999999967,0.0,11,11.0
detached,run_0413,0.0545,1.5251,1.4706,5.0,44.0,39.0,29.408,34.295,4.8870000000000005,0.0,14,14.0,41.2756,35.4269,-5.848699999999994,0.0,5,5.0
detached,run_0414,0.2451,1.6885,1.4433999999999998,10.0,50.0,40.0,29.843,34.768,4.925000000000001,1.0,16,15.0,78.0759,66.7841,-11.29180000000001,0.0,9,9.0
detached,run_0415,0.1089,1.5251,1.4162,5.0,48.0,43.0,29.587,34.657,5.069999999999997,0.0,11,11.0,67.3766,68.9437,1.5671000000000106,0.0,7,7.0
detached,run_0416,0.5719,1.9063,1.3344,18.0,58.0,40.0,30.944,35.506,4.562000000000001,1.0,17,16.0,167.5121,138.0865,-29.425600000000003,0.0,26,26.0
detached,run_0417,0.2451,1.7429,1.4977999999999998,11.0,53.0,42.0,30.213,35.087,4.874000000000002,1.0,16,15.0,127.2311,114.5031,-12.727999999999994,0.0,12,12.0
detached,run_0418,0.1362,1.6068,1.4706000000000001,9.0,49.0,40.0,29.781,34.825,5.044000000000004,0.0,11,11.0,102.4373,107.6144,5.17710000000001,0.0,8,8.0
detached,run_0419,0.0272,1.3889,1.3617000000000001,4.0,42.0,38.0,29.313,33.915,4.602,1.0,21,20.0,37.9945,37.5412,-0.4532999999999987,0.0,5,5.0
detached,run_0420,0.2451,1.6885,1.4433999999999998,11.0,50.0,39.0,30.388,34.987,4.599,1.0,11,10.0,82.0242,82.1924,0.168200000000013,0.0,11,11.0
detached,run_0421,0.354,1.6612,1.3072,11.0,50.0,39.0,30.255,35.125,4.870000000000001,0.0,12,12.0,197.3284,165.8019,-31.5265,0.0,14,14.0
detached,run_0422,0.0817,1.5795,1.4977999999999998,5.0,48.0,43.0,29.554,34.461,4.907,0.0,14,14.0,50.1247,49.1222,-1.0024999999999977,0.0,6,6.0
detached,run_0423,0.6808,1.9336,1.2528000000000001,17.0,56.0,39.0,30.795,35.417,4.622,0.0,12,12.0,163.6876,136.9217,-26.765900000000016,0.0,24,24.0
detached,run_0424,0.4085,1.7429,1.3344,14.0,52.0,38.0,30.648,35.219,4.5710000000000015,1.0,11,10.0,128.2971,116.576,-11.721100000000007,0.0,16,16.0
detached,run_0425,0.1906,1.634,1.4434,9.0,50.0,41.0,29.816,34.821,5.004999999999999,0.0,11,11.0,87.1295,73.284,-13.845499999999987,0.0,9,9.0
detached,run_0426,0.0545,1.4706,1.4161,4.0,41.0,37.0,29.181,34.347,5.166,0.0,11,11.0,50.4005,44.3153,-6.0852,0.0,5,5.0
detached,run_0427,0.5447,1.8791,1.3344,17.0,56.0,39.0,30.905,35.125,4.219999999999999,1.0,18,17.0,65.6694,61.7482,-3.921199999999999,0.0,19,19.0
detached,run_0428,0.0545,1.4978,1.4433,5.0,43.0,38.0,29.335,34.404,5.069000000000003,0.0,10,10.0,62.8233,57.8436,-4.979700000000001,0.0,5,5.0
detached,run_0429,0.4902,1.8791,1.3889,17.0,57.0,40.0,30.763,35.467,4.703999999999997,1.0,16,15.0,210.01,173.5992,-36.410799999999995,0.0,23,23.0
detached,run_0430,0.0,1.2527,1.2527,0.0,36.0,36.0,28.912,33.151,4.239000000000004,1.0,17,16.0,30.9451,32.2686,1.3234999999999992,0.0,2,2.0
detached,run_0431,0.2451,1.634,1.3888999999999998,10.0,50.0,40.0,30.138,34.769,4.630999999999997,1.0,15,14.0,68.8343,63.9036,-4.930700000000002,0.0,10,10.0
detached,run_0432,0.2451,1.6612,1.4161,11.0,50.0,39.0,30.186,34.878,4.692,0.0,11,11.0,69.5877,68.9965,-0.5912000000000006,0.0,11,11.0
detached,run_0433,0.2451,1.6612,1.4161,11.0,50.0,39.0,30.095,35.037,4.942,0.0,11,11.0,170.7258,145.9214,-24.804399999999987,0.0,10,10.0
detached,run_0434,0.2451,1.634,1.3888999999999998,9.0,49.0,40.0,29.986,34.393,4.407,1.0,18,17.0,38.9251,38.877,-0.04809999999999803,0.0,7,7.0
detached,run_0435,0.2996,1.7429,1.4432999999999998,11.0,52.0,41.0,30.325,35.191,4.866000000000003,1.0,13,12.0,151.0625,131.8674,-19.195099999999996,0.0,15,15.0
detached,run_0436,0.1906,1.6612,1.4706000000000001,8.0,49.0,41.0,29.745,34.59,4.845000000000002,1.0,15,14.0,49.2011,43.8319,-5.369199999999999,0.0,7,7.0
detached,run_0437,0.1906,1.9336,1.7429999999999999,10.0,49.0,39.0,29.979,34.98,5.000999999999998,0.0,19,19.0,321.2265,273.692,-47.53449999999998,0.0,12,12.0
detached,run_0438,0.0,1.4161,1.4161,4.0,40.0,36.0,29.072,34.214,5.1419999999999995,0.0,8,8.0,84.6505,66.4866,-18.163899999999998,0.0,5,5.0
detached,run_0439,0.6264,1.9608,1.3344,17.0,58.0,41.0,31.055,35.646,4.591000000000001,1.0,14,13.0,295.0395,244.6926,-50.34689999999998,0.0,27,27.0
detached,run_0440,0.2996,1.634,1.3344,12.0,49.0,37.0,30.185,34.901,4.716000000000005,0.0,10,10.0,123.486,108.1018,-15.384200000000007,0.0,10,10.0
detached,run_0441,0.2451,1.7702,1.5251,10.0,50.0,40.0,30.092,34.663,4.570999999999998,1.0,20,19.0,53.2257,44.3324,-8.893300000000004,0.0,9,9.0
detached,run_0442,0.5447,1.7974,1.2527000000000001,13.0,54.0,41.0,30.379,35.247,4.8679999999999986,0.0,12,12.0,168.6179,137.0701,-31.547799999999995,0.0,17,17.0
detached,run_0443,0.1634,1.6068,1.4434,8.0,47.0,39.0,29.786,34.282,4.495999999999995,1.0,16,15.0,34.3857,32.634,-1.7516999999999996,0.0,6,6.0
detached,run_0444,0.7353,2.342,1.6067,19.0,56.0,37.0,31.027,35.146,4.119,5.0,35,30.0,51.6794,43.4811,-8.198300000000003,0.0,25,25.0
detached,run_0445,0.0817,1.4434,1.3617,5.0,46.0,41.0,29.409,34.547,5.137999999999998,0.0,11,11.0,70.8407,72.9125,2.071799999999996,0.0,6,6.0
detached,run_0446,0.3813,1.7429,1.3616,12.0,50.0,38.0,30.196,34.916,4.719999999999995,1.0,14,13.0,82.4021,71.5964,-10.805700000000002,0.0,10,10.0
detached,run_0447,0.0,1.3889,1.3889,4.0,42.0,38.0,29.036,34.148,5.112000000000002,0.0,13,13.0,45.7997,47.1018,1.3020999999999958,0.0,5,5.0
detached,run_0448,0.2996,1.7157,1.4161000000000001,11.0,50.0,39.0,30.295,34.963,4.667999999999999,1.0,13,12.0,78.254,70.1664,-8.087600000000009,0.0,11,11.0
detached,run_0449,0.2179,1.634,1.4161,11.0,49.0,38.0,30.121,34.911,4.790000000000003,0.0,10,10.0,168.9312,142.6926,-26.23859999999999,0.0,10,10.0
detached,run_0450,0.4085,1.8246,1.4161000000000001,13.0,54.0,41.0,30.33,34.906,4.5760000000000005,1.0,16,15.0,61.3504,52.8944,-8.456000000000003,0.0,11,11.0
detached,run_0451,0.1089,1.5795,1.4706,8.0,47.0,39.0,29.722,34.635,4.912999999999997,0.0,11,11.0,63.2012,64.2753,1.0741000000000014,0.0,8,8.0
detached,run_0452,0.2723,1.7974,1.5251000000000001,11.0,49.0,38.0,30.046,34.396,4.350000000000001,3.0,27,24.0,47.9371,47.3663,-0.5707999999999984,0.0,6,6.0
detached,run_0453,0.1089,1.5795,1.4706,7.0,47.0,40.0,29.608,34.583,4.974999999999998,0.0,11,11.0,71.6878,63.8889,-7.798899999999996,0.0,8,8.0
detached,run_0454,0.3813,1.7429,1.3616,12.0,50.0,38.0,30.064,34.844,4.780000000000001,1.0,14,13.0,67.3217,59.755,-7.566700000000004,0.0,11,11.0
detached,run_0455,0.0545,1.4978,1.4433,4.0,43.0,39.0,29.316,34.371,5.055000000000003,0.0,9,9.0,62.7182,57.9273,-4.790900000000001,0.0,5,5.0
detached,run_0456,0.2723,1.6885,1.4162,11.0,49.0,38.0,30.331,34.936,4.605,1.0,11,10.0,106.3333,105.0153,-1.3179999999999978,0.0,9,9.0
detached,run_0457,0.4085,1.7702,1.3617,14.0,54.0,40.0,30.474,35.149,4.675000000000001,1.0,16,15.0,109.9422,103.3018,-6.6404,0.0,15,15.0
detached,run_0458,0.0,1.28,1.28,2.0,37.0,35.0,28.959,33.074,4.114999999999998,6.0,27,21.0,16.3847,17.1943,0.8095999999999997,0.0,2,2.0
detached,run_0459,0.6264,2.0425,1.4161000000000001,17.0,58.0,41.0,30.831,35.502,4.671000000000003,1.0,23,22.0,313.4027,254.7771,-58.62559999999999,0.0,26,26.0
detached,run_0460,0.3268,1.7702,1.4434,13.0,54.0,41.0,30.494,35.082,4.588000000000001,1.0,16,15.0,84.6898,73.1354,-11.554400000000001,0.0,15,15.0
detached,run_0461,0.4085,1.7974,1.3889,16.0,56.0,40.0,30.725,35.4,4.674999999999997,1.0,15,14.0,227.7699,186.5153,-41.25460000000001,0.0,21,21.0
detached,run_0462,0.4085,2.7778,2.3693,12.0,54.0,42.0,30.469,35.265,4.795999999999999,6.0,34,28.0,480.0141,419.3258,-60.68829999999997,0.0,20,20.0
detached,run_0463,0.1906,1.634,1.4434,10.0,49.0,39.0,29.901,34.621,4.720000000000002,0.0,11,11.0,55.4546,54.1912,-1.2633999999999972,0.0,8,8.0
detached,run_0464,0.4357,1.8246,1.3889,13.0,54.0,41.0,30.502,35.23,4.727999999999998,1.0,15,14.0,98.8825,95.0916,-3.7908999999999935,0.0,16,16.0
detached,run_0465,0.2179,1.6885,1.4706,10.0,49.0,39.0,30.047,34.924,4.876999999999999,1.0,13,12.0,112.2086,96.8599,-15.348700000000008,0.0,10,10.0
detached,run_0466,0.0817,1.5251,1.4434,5.0,45.0,40.0,29.409,34.331,4.922000000000004,0.0,14,14.0,41.2714,34.2746,-6.9968,0.0,5,5.0
detached,run_0467,0.4085,1.7702,1.3617,12.0,51.0,39.0,30.306,35.016,4.709999999999997,0.0,11,11.0,60.9222,58.199,-2.7231999999999985,0.0,13,13.0
detached,run_0468,0.0,1.3889,1.3889,3.0,37.0,34.0,29.19,33.223,4.032999999999998,1.0,16,15.0,26.3446,27.1289,0.7843000000000018,0.0,2,2.0
detached,run_0469,0.1089,1.5523,1.4434,6.0,48.0,42.0,29.563,34.676,5.113000000000003,0.0,11,11.0,94.0177,79.4075,-14.610200000000006,0.0,7,7.0
detached,run_0470,0.2451,1.5795,1.3343999999999998,8.0,50.0,42.0,29.898,34.575,4.677000000000003,1.0,17,16.0,59.2447,57.0211,-2.2236000000000047,0.0,7,7.0
detached,run_0471,0.3268,1.7429,1.4161,11.0,51.0,40.0,30.38,35.143,4.763000000000002,0.0,11,11.0,205.2829,173.162,-32.120900000000006,0.0,15,15.0
detached,run_0472,0.4357,1.8246,1.3889,14.0,54.0,40.0,30.63,35.11,4.48,1.0,12,11.0,68.1137,62.4917,-5.621999999999993,0.0,16,16.0
detached,run_0473,0.3268,1.7702,1.4434,11.0,51.0,40.0,30.375,34.766,4.390999999999998,1.0,21,20.0,35.5153,30.734,-4.781300000000002,0.0,11,11.0
detached,run_0474,0.0817,1.5523,1.4706000000000001,5.0,43.0,38.0,29.622,33.839,4.216999999999999,2.0,26,24.0,35.5453,36.1756,0.6303000000000054,0.0,5,5.0
detached,run_0475,0.1089,1.6068,1.4979,8.0,47.0,39.0,29.701,34.649,4.948,0.0,11,11.0,81.8526,71.7416,-10.11099999999999,0.0,8,8.0
detached,run_0476,0.2451,1.6612,1.4161,10.0,50.0,40.0,29.891,34.712,4.821000000000005,1.0,15,14.0,62.9158,53.5897,-9.326099999999997,0.0,8,8.0
detached,run_0477,0.3268,1.7157,1.3889,11.0,51.0,40.0,30.411,35.191,4.780000000000001,0.0,11,11.0,159.4525,146.1533,-13.299199999999985,0.0,16,16.0
detached,run_0478,0.0817,1.5251,1.4434,5.0,42.0,37.0,29.413,34.187,4.773999999999997,0.0,12,12.0,58.611,61.1702,2.559200000000004,0.0,5,5.0
detached,run_0479,0.0817,1.4706,1.3889,5.0,43.0,38.0,29.453,34.22,4.7669999999999995,0.0,14,14.0,76.0982,79.7619,3.6636999999999915,0.0,6,6.0
detached,run_0480,0.0545,1.4706,1.4161,5.0,41.0,36.0,29.268,34.275,5.006999999999998,0.0,11,11.0,42.1566,41.3359,-0.8206999999999951,0.0,5,5.0
detached,run_0481,0.3813,1.7702,1.3889,12.0,53.0,41.0,30.427,35.204,4.777000000000001,1.0,17,16.0,153.2027,132.8026,-20.40009999999998,0.0,16,16.0
detached,run_0482,0.0545,1.4161,1.3616,5.0,41.0,36.0,29.184,34.104,4.919999999999998,0.0,14,14.0,34.1373,31.0,-3.1373000000000033,0.0,5,5.0
detached,run_0483,0.4085,1.9063,1.4978000000000002,13.0,53.0,40.0,30.324,35.04,4.7159999999999975,1.0,21,20.0,116.0407,96.6916,-19.349100000000007,0.0,14,14.0
detached,run_0484,0.4085,1.8246,1.4161000000000001,14.0,54.0,40.0,30.54,35.138,4.597999999999999,0.0,11,11.0,107.7019,94.8881,-12.8138,0.0,15,15.0
detached,run_0485,0.0,1.3889,1.3889,5.0,41.0,36.0,29.221,33.761,4.540000000000003,1.0,16,15.0,25.7823,25.1127,-0.6695999999999991,0.0,4,4.0
detached,run_0486,0.2451,1.6885,1.4433999999999998,10.0,50.0,40.0,30.069,34.909,4.84,1.0,18,17.0,149.9864,121.3484,-28.638000000000005,0.0,10,10.0
detached,run_0487,0.1089,1.5523,1.4434,6.0,46.0,40.0,29.607,34.479,4.872,0.0,11,11.0,64.285,60.5615,-3.7234999999999943,0.0,7,7.0
detached,run_0488,0.1362,1.5795,1.4432999999999998,6.0,49.0,43.0,29.648,34.552,4.904,1.0,16,15.0,56.9906,56.9754,-0.015200000000000102,0.0,6,6.0
detached,run_0489,0.1089,1.5795,1.4706,5.0,48.0,43.0,29.581,34.591,5.010000000000002,0.0,13,13.0,60.2368,53.5231,-6.713700000000003,0.0,7,7.0
detached,run_0490,0.2451,1.6612,1.4161,10.0,49.0,39.0,29.933,34.678,4.744999999999997,0.0,15,15.0,52.8945,49.1198,-3.774700000000003,0.0,8,8.0
detached,run_0491,0.1089,1.6068,1.4979,9.0,46.0,37.0,29.76,34.526,4.766000000000002,0.0,10,10.0,53.7592,55.0392,1.2800000000000011,0.0,8,8.0
detached,run_0492,1.4978,2.8867,1.3888999999999998,29.0,66.0,37.0,31.963,36.01,4.046999999999997,15.0,44,29.0,135.1404,115.8388,-19.301599999999993,0.0,38,38.0
detached,run_0493,0.0817,1.5251,1.4434,5.0,45.0,40.0,29.5,34.435,4.935000000000002,0.0,11,11.0,45.8109,42.3428,-3.4680999999999997,0.0,6,6.0
detached,run_0494,0.2451,1.6885,1.4433999999999998,10.0,49.0,39.0,30.064,34.935,4.871000000000002,0.0,12,12.0,87.8257,85.5074,-2.3182999999999936,0.0,10,10.0
detached,run_0495,0.2723,1.6885,1.4162,11.0,51.0,40.0,30.148,35.008,4.860000000000003,0.0,11,11.0,111.2597,94.9558,-16.3039,0.0,11,11.0
detached,run_0496,0.0,1.171,1.171,0.0,34.0,34.0,28.414,33.362,4.948,0.0,12,12.0,22.7374,23.6174,0.879999999999999,0.0,2,2.0
detached,run_0497,0.7353,2.342,1.6067,18.0,58.0,40.0,31.011,35.707,4.6960000000000015,3.0,21,18.0,470.593,383.7797,-86.81330000000003,0.0,27,27.0
detached,run_0498,0.0545,1.4434,1.3889,4.0,42.0,38.0,29.203,34.341,5.138000000000002,0.0,12,12.0,52.8269,47.9143,-4.912600000000005,0.0,5,5.0
detached,run_0499,0.2451,1.6612,1.4161,10.0,48.0,38.0,30.01,34.35,4.34,1.0,16,15.0,32.1903,30.4763,-1.7140000000000022,0.0,7,7.0
detached,run_0500,0.0545,1.4978,1.4433,5.0,43.0,38.0,29.399,34.345,4.945999999999998,0.0,9,9.0,45.3742,44.1329,-1.2413000000000025,0.0,5,5.0
detached,run_0501,0.0,1.2527,1.2527,0.0,36.0,36.0,28.668,33.188,4.520000000000003,1.0,17,16.0,23.4458,24.6154,1.1696000000000026,0.0,2,2.0
detached,run_0502,0.3813,1.7157,1.3344,11.0,52.0,41.0,30.375,35.183,4.808,0.0,11,11.0,161.6087,141.8992,-19.70949999999999,0.0,17,17.0
detached,run_0503,0.4085,1.7429,1.3344,12.0,55.0,43.0,30.416,35.318,4.9019999999999975,0.0,12,12.0,141.9866,127.0368,-14.94980000000001,0.0,18,18.0
detached,run_0504,0.5174,1.8519,1.3345000000000002,15.0,54.0,39.0,30.535,35.067,4.532,1.0,19,18.0,60.3785,52.9609,-7.4176,0.0,17,17.0
detached,run_0505,0.7898,1.988,1.1982,18.0,54.0,36.0,31.061,34.931,3.8699999999999974,7.0,32,25.0,35.6017,31.6493,-3.952400000000001,0.0,18,18.0
detached,run_0506,0.0,1.3889,1.3889,5.0,42.0,37.0,29.267,33.878,4.611000000000001,1.0,21,20.0,17.615,15.6897,-1.9252999999999982,0.0,5,5.0
detached,run_0507,0.463,1.7974,1.3344,14.0,52.0,38.0,30.604,34.8,4.195999999999998,1.0,17,16.0,55.2568,54.1545,-1.1022999999999996,0.0,12,12.0
detached,run_0508,0.2723,1.634,1.3617,11.0,49.0,38.0,30.213,34.933,4.719999999999999,0.0,9,9.0,143.4893,132.6585,-10.830799999999982,0.0,12,12.0
detached,run_0509,0.4085,1.8791,1.4706000000000001,12.0,55.0,43.0,30.579,35.238,4.658999999999999,0.0,17,17.0,154.013,127.8126,-26.200400000000002,0.0,17,17.0
detached,run_0510,0.2451,1.6885,1.4433999999999998,11.0,50.0,39.0,29.997,34.813,4.8160000000000025,0.0,12,12.0,115.0735,93.853,-21.2205,0.0,9,9.0
detached,run_0511,0.0817,1.4978,1.4161000000000001,5.0,44.0,39.0,29.536,34.344,4.808,1.0,15,14.0,43.0025,41.1673,-1.8352000000000004,0.0,6,6.0
detached,run_0512,0.1089,1.6068,1.4979,8.0,49.0,41.0,29.686,34.712,5.026000000000003,0.0,11,11.0,59.4095,60.3963,0.9867999999999952,0.0,8,8.0
detached,run_0513,0.3813,1.7157,1.3344,12.0,51.0,39.0,30.11,34.808,4.698,1.0,19,18.0,64.8717,54.3122,-10.559500000000007,0.0,10,10.0
detached,run_0514,1.5795,2.5327,0.9532000000000003,24.0,65.0,41.0,31.714,36.079,4.365000000000002,1.0,13,12.0,431.554,352.5921,-78.96189999999996,0.0,36,36.0
detached,run_0515,0.0545,1.4434,1.3889,4.0,40.0,36.0,29.193,34.274,5.0809999999999995,0.0,7,7.0,49.1023,50.7802,1.677900000000001,0.0,5,5.0
detached,run_0516,0.0,1.4161,1.4161,5.0,42.0,37.0,29.237,33.962,4.725000000000005,0.0,14,14.0,36.7003,36.8821,0.18180000000000263,0.0,5,5.0
detached,run_0517,0.3813,1.7974,1.4161000000000001,15.0,55.0,40.0,30.655,35.386,4.731000000000002,0.0,11,11.0,275.7743,226.3365,-49.43779999999998,0.0,23,23.0
detached,run_0518,0.6264,1.9063,1.2799,16.0,56.0,40.0,30.668,35.347,4.679000000000002,1.0,16,15.0,182.5581,150.1302,-32.427899999999994,0.0,20,20.0
detached,run_0519,0.354,2.5871,2.2331,12.0,52.0,40.0,30.301,35.053,4.751999999999999,3.0,26,23.0,300.0491,260.093,-39.95609999999999,0.0,12,12.0
detached,run_0520,0.0,1.4434,1.4434,4.0,42.0,38.0,29.115,34.268,5.153000000000002,0.0,12,12.0,50.8414,49.9573,-0.8841000000000037,0.0,5,5.0
detached,run_0521,0.1906,1.634,1.4434,9.0,48.0,39.0,29.899,34.732,4.832999999999998,0.0,11,11.0,82.43,74.6121,-7.817900000000009,0.0,8,8.0
detached,run_0522,0.1362,1.5795,1.4432999999999998,9.0,48.0,39.0,29.696,34.59,4.894000000000002,1.0,14,13.0,69.3365,57.7312,-11.6053,0.0,7,7.0
detached,run_0523,1.171,2.6416,1.4706,23.0,63.0,40.0,31.579,35.995,4.415999999999997,1.0,22,21.0,255.9932,213.9257,-42.067499999999995,0.0,35,35.0
detached,run_0524,0.2179,1.7157,1.4978,10.0,49.0,39.0,30.066,34.944,4.878000000000004,0.0,14,14.0,215.4758,183.859,-31.616799999999984,0.0,10,10.0
detached,run_0525,0.0817,1.4978,1.4161000000000001,5.0,44.0,39.0,29.373,34.295,4.922000000000001,1.0,16,15.0,38.1812,34.5391,-3.6420999999999992,0.0,6,6.0
detached,run_0526,0.1089,1.5251,1.4162,8.0,46.0,38.0,29.681,34.355,4.673999999999996,0.0,14,14.0,42.33,41.6901,-0.6398999999999972,0.0,6,6.0
detached,run_0527,0.0,1.3072,1.3072,3.0,40.0,37.0,28.768,33.845,5.076999999999998,0.0,14,14.0,31.5684,33.3114,1.7429999999999986,0.0,4,4.0
detached,run_0528,0.2451,1.634,1.3888999999999998,10.0,48.0,38.0,29.97,34.701,4.731000000000002,0.0,11,11.0,68.5886,66.4407,-2.147899999999993,0.0,8,8.0
detached,run_0529,0.6536,1.8791,1.2255,18.0,58.0,40.0,30.88,35.442,4.562000000000001,1.0,20,19.0,178.134,149.8624,-28.271599999999978,0.0,24,24.0
detached,run_0530,0.0,1.4161,1.4161,3.0,40.0,37.0,29.236,33.509,4.273,1.0,18,17.0,11.7506,11.1692,-0.5814000000000004,0.0,3,3.0
detached,run_0531,0.2996,1.8246,1.525,11.0,51.0,40.0,30.199,35.041,4.841999999999995,0.0,15,15.0,139.205,114.8739,-24.331100000000006,0.0,12,12.0
detached,run_0532,0.1089,1.5251,1.4162,8.0,46.0,38.0,29.747,34.618,4.871000000000002,0.0,10,10.0,72.8369,73.544,0.707099999999997,0.0,8,8.0
detached,run_0533,0.0,1.3889,1.3889,4.0,41.0,37.0,29.068,34.033,4.965,0.0,12,12.0,35.2913,36.0631,0.7717999999999989,0.0,5,5.0
detached,run_0534,0.1089,1.9063,1.7974,7.0,47.0,40.0,29.68,34.63,4.950000000000003,0.0,19,19.0,176.213,153.9991,-22.213899999999995,0.0,8,8.0
detached,run_0535,0.0817,1.5251,1.4434,5.0,49.0,44.0,29.631,34.502,4.871000000000002,1.0,14,13.0,52.0279,49.2572,-2.770700000000005,0.0,6,6.0
detached,run_0536,0.1906,1.634,1.4434,10.0,49.0,39.0,29.85,34.615,4.765000000000001,0.0,11,11.0,62.4935,63.9578,1.4643000000000015,0.0,8,8.0
detached,run_0537,0.2451,1.6612,1.4161,11.0,50.0,39.0,30.055,34.973,4.917999999999999,0.0,11,11.0,131.3103,115.9709,-15.339400000000012,0.0,10,10.0
detached,run_0538,0.0817,1.4161,1.3344,5.0,43.0,38.0,29.223,34.297,5.073999999999998,0.0,14,14.0,66.9562,70.0521,3.0959000000000003,0.0,6,6.0
detached,run_0539,0.4085,1.7702,1.3617,13.0,53.0,40.0,30.529,35.161,4.6320000000000014,1.0,15,14.0,147.6196,122.1257,-25.493899999999996,0.0,16,16.0
detached,run_0540,0.1634,1.6885,1.5251,9.0,50.0,41.0,29.877,34.692,4.815000000000001,0.0,16,16.0,65.7323,54.7613,-10.970999999999997,0.0,8,8.0
detached,run_0541,0.1089,1.5795,1.4706,8.0,48.0,40.0,29.702,34.724,5.021999999999995,0.0,7,7.0,93.4795,100.0463,6.566800000000001,0.0,8,8.0
detached,run_0542,0.0545,1.4706,1.4161,4.0,41.0,37.0,29.314,34.288,4.973999999999997,0.0,11,11.0,51.6151,45.9663,-5.648800000000001,0.0,5,5.0
detached,run_0543,0.1362,1.6885,1.5522999999999998,10.0,49.0,39.0,29.897,34.69,4.792999999999999,1.0,12,11.0,72.4827,61.0372,-11.445499999999996,0.0,8,8.0
detached,run_0544,0.0817,1.5523,1.4706000000000001,5.0,44.0,39.0,29.443,34.264,4.8210000000000015,0.0,14,14.0,30.9493,27.0879,-3.8613999999999997,0.0,5,5.0
detached,run_0545,0.1089,1.5523,1.4434,6.0,48.0,42.0,29.564,34.564,5.0,0.0,11,11.0,62.4477,54.1621,-8.285599999999995,0.0,7,7.0
detached,run_0546,0.0817,1.4706,1.3889,5.0,42.0,37.0,29.303,34.2,4.897000000000002,0.0,12,12.0,38.1034,32.2611,-5.842300000000002,0.0,5,5.0
detached,run_0547,0.9259,2.6961,1.7702,21.0,59.0,38.0,31.225,35.617,4.391999999999996,6.0,32,26.0,162.8264,137.8994,-24.926999999999992,0.0,27,27.0
detached,run_0548,0.2723,1.7429,1.4706,10.0,50.0,40.0,30.235,34.568,4.332999999999998,1.0,18,17.0,51.0277,50.7686,-0.25910000000000366,0.0,7,7.0
detached,run_0549,0.1906,1.6885,1.4979,10.0,50.0,40.0,29.961,34.855,4.893999999999998,0.0,11,11.0,161.7338,130.0531,-31.6807,0.0,10,10.0
detached,run_0550,0.0,1.3617,1.3617,3.0,40.0,37.0,28.859,34.068,5.208999999999996,0.0,12,12.0,37.1632,37.3532,0.18999999999999773,0.0,5,5.0
detached,run_0551,0.0,1.3617,1.3617,1.0,38.0,37.0,28.948,33.368,4.420000000000002,2.0,20,18.0,17.4248,17.702,0.27720000000000056,0.0,3,3.0
detached,run_0552,0.3813,1.7702,1.3889,12.0,51.0,39.0,30.248,35.069,4.8210000000000015,0.0,16,16.0,142.0188,118.326,-23.692800000000005,0.0,13,13.0
detached,run_0553,0.0545,1.4434,1.3889,5.0,41.0,36.0,29.212,34.191,4.979000000000003,0.0,12,12.0,37.9831,32.5519,-5.431199999999997,0.0,5,5.0
detached,run_0554,0.4357,2.1786,1.7429,12.0,53.0,41.0,30.459,35.119,4.66,3.0,33,30.0,149.2275,125.7645,-23.462999999999994,0.0,15,15.0
detached,run_0555,0.0817,1.4434,1.3617,5.0,43.0,38.0,29.273,34.319,5.046000000000003,0.0,14,14.0,44.0886,39.225,-4.863599999999998,0.0,5,5.0
detached,run_0556,0.5174,1.8519,1.3345000000000002,16.0,56.0,40.0,30.844,35.444,4.600000000000001,1.0,11,10.0,161.8117,141.28,-20.5317,0.0,23,23.0
detached,run_0557,0.1634,1.634,1.4706,9.0,48.0,39.0,29.932,34.837,4.905000000000005,0.0,12,12.0,144.6197,118.8435,-25.77619999999999,0.0,9,9.0
detached,run_0558,0.1362,1.634,1.4977999999999998,9.0,49.0,40.0,29.828,34.728,4.900000000000002,0.0,13,13.0,99.9648,82.8927,-17.072099999999992,0.0,8,8.0
detached,run_0559,0.2179,1.634,1.4161,11.0,48.0,37.0,30.029,34.831,4.802000000000003,0.0,8,8.0,96.0556,88.4697,-7.585899999999995,0.0,9,9.0
detached,run_0560,0.1089,1.5523,1.4434,6.0,47.0,41.0,29.552,34.447,4.895000000000003,0.0,12,12.0,50.8185,49.8402,-0.9782999999999973,0.0,6,6.0
detached,run_0561,0.0545,1.4706,1.4161,4.0,44.0,40.0,29.286,34.466,5.18,0.0,10,10.0,74.2728,64.5454,-9.727400000000003,0.0,5,5.0
detached,run_0562,0.1089,1.5523,1.4434,6.0,48.0,42.0,29.623,34.574,4.950999999999997,0.0,13,13.0,70.1607,58.3106,-11.850100000000005,0.0,7,7.0
detached,run_0563,0.1089,1.5251,1.4162,6.0,47.0,41.0,29.503,34.561,5.058,0.0,11,11.0,95.6572,76.6543,-19.002899999999997,0.0,7,7.0
detached,run_0564,0.7081,2.2603,1.5522,18.0,57.0,39.0,30.817,35.132,4.314999999999998,3.0,32,29.0,59.5079,50.6391,-8.8688,0.0,20,20.0
detached,run_0565,0.2996,1.6885,1.3889,11.0,50.0,39.0,30.368,35.076,4.708000000000002,0.0,11,11.0,99.3858,92.3181,-7.067700000000002,0.0,15,15.0
detached,run_0566,0.2996,1.6885,1.3889,11.0,52.0,41.0,30.282,35.073,4.791,1.0,11,10.0,119.5212,104.5495,-14.971699999999998,0.0,14,14.0
detached,run_0567,0.9259,2.2331,1.3072,20.0,61.0,41.0,31.423,35.586,4.163,5.0,31,26.0,101.7099,86.3671,-15.342800000000011,0.0,26,26.0
detached,run_0568,0.5174,1.8519,1.3345000000000002,16.0,56.0,40.0,30.725,35.336,4.610999999999997,1.0,12,11.0,133.5654,116.2453,-17.32010000000001,0.0,17,17.0
detached,run_0569,0.1089,1.5251,1.4162,8.0,47.0,39.0,29.7,34.602,4.9019999999999975,0.0,11,11.0,55.5582,58.4789,2.9207000000000036,0.0,7,7.0
detached,run_0570,0.1089,1.5523,1.4434,7.0,47.0,40.0,29.659,34.622,4.963000000000001,0.0,11,11.0,59.4672,57.0495,-2.4176999999999964,0.0,7,7.0
detached,run_0571,0.2179,1.6612,1.4433,11.0,50.0,39.0,30.078,34.933,4.855,0.0,13,13.0,171.4443,138.9849,-32.45939999999999,0.0,10,10.0
detached,run_0572,0.354,1.7429,1.3889,12.0,53.0,41.0,30.363,35.156,4.792999999999999,0.0,11,11.0,186.1669,163.3705,-22.796400000000006,0.0,15,15.0
detached,run_0573,0.2451,1.6612,1.4161,10.0,49.0,39.0,29.902,34.482,4.579999999999998,1.0,15,14.0,41.2518,41.6733,0.42149999999999466,0.0,7,7.0
detached,run_0574,0.1089,1.634,1.5251,9.0,47.0,38.0,29.764,34.657,4.892999999999997,0.0,11,11.0,70.8188,69.1934,-1.625399999999999,0.0,8,8.0
detached,run_0575,0.0817,1.4161,1.3344,5.0,42.0,37.0,29.37,34.379,5.008999999999997,0.0,11,11.0,54.4971,54.712,0.2149000000000001,0.0,6,6.0
detached,run_0576,0.0545,1.4434,1.3889,5.0,42.0,37.0,29.353,34.363,5.009999999999998,0.0,11,11.0,54.028,55.3531,1.325099999999999,0.0,5,5.0
detached,run_0577,0.0,1.2527,1.2527,0.0,38.0,38.0,28.611,33.719,5.1080000000000005,0.0,12,12.0,23.4362,22.9331,-0.5030999999999999,0.0,3,3.0
detached,run_0578,0.2451,1.6885,1.4433999999999998,10.0,50.0,40.0,30.135,34.935,4.800000000000001,1.0,14,13.0,122.2341,104.0565,-18.177599999999998,0.0,11,11.0
detached,run_0579,0.1089,1.4978,1.3889,6.0,45.0,39.0,29.604,34.546,4.942,0.0,8,8.0,67.6651,70.8073,3.1422000000000025,0.0,7,7.0
detached,run_0580,1.3889,3.159,1.7700999999999998,22.0,65.0,43.0,31.317,35.959,4.642000000000003,3.0,33,30.0,317.1384,268.4054,-48.733000000000004,0.0,34,34.0
detached,run_0581,0.9259,2.342,1.4161000000000001,20.0,59.0,39.0,31.313,35.781,4.468,1.0,17,16.0,302.7772,247.7949,-54.98229999999998,0.0,28,28.0
detached,run_0582,0.5991,2.1786,1.5795,18.0,58.0,40.0,30.643,35.216,4.573,1.0,23,22.0,118.5887,99.5007,-19.088000000000008,0.0,19,19.0
detached,run_0583,0.1362,1.5251,1.3889,9.0,46.0,37.0,29.792,34.517,4.725000000000001,1.0,14,13.0,45.5874,40.3831,-5.2043000000000035,0.0,7,7.0
detached,run_0584,0.354,1.7157,1.3617,12.0,51.0,39.0,30.226,35.025,4.7989999999999995,0.0,13,13.0,166.5144,137.1361,-29.378299999999996,0.0,13,13.0
detached,run_0585,1.4434,2.5327,1.0893000000000002,23.0,63.0,40.0,31.612,36.044,4.431999999999999,1.0,13,12.0,375.0623,307.6415,-67.42079999999999,0.0,36,36.0
detached,run_0586,0.0817,1.5251,1.4434,6.0,46.0,40.0,29.471,34.424,4.952999999999999,0.0,14,14.0,47.137,42.0119,-5.125100000000003,0.0,6,6.0
detached,run_0587,0.0,1.4161,1.4161,5.0,41.0,36.0,29.243,33.789,4.546000000000003,1.0,16,15.0,28.2017,28.6845,0.482800000000001,0.0,4,4.0
detached,run_0588,0.3813,1.7157,1.3344,12.0,52.0,40.0,30.421,35.088,4.667000000000002,1.0,12,11.0,95.2349,92.5617,-2.6731999999999942,0.0,14,14.0
detached,run_0589,0.1362,1.6068,1.4706000000000001,8.0,49.0,41.0,29.795,34.629,4.833999999999996,0.0,12,12.0,58.195,51.0032,-7.191800000000001,0.0,7,7.0
detached,run_0590,0.817,2.2876,1.4706,19.0,59.0,40.0,31.003,35.546,4.542999999999999,1.0,23,22.0,198.1601,161.4595,-36.70060000000001,0.0,27,27.0
detached,run_0591,0.0,1.3617,1.3617,4.0,40.0,36.0,29.014,34.193,5.1789999999999985,0.0,7,7.0,47.1482,48.3276,1.179399999999994,0.0,5,5.0
detached,run_0592,0.1089,1.5795,1.4706,6.0,47.0,41.0,29.592,34.624,5.032000000000004,0.0,11,11.0,54.1707,54.8856,0.7149000000000001,0.0,7,7.0
detached,run_0593,0.5447,1.8519,1.3072000000000001,17.0,55.0,38.0,30.875,35.323,4.448,2.0,20,18.0,75.1475,68.2135,-6.9339999999999975,0.0,22,22.0
detached,run_0594,0.0817,1.5523,1.4706000000000001,5.0,44.0,39.0,29.469,34.449,4.979999999999997,0.0,11,11.0,62.6497,60.8534,-1.7963000000000022,0.0,5,5.0
detached,run_0595,0.3813,1.7157,1.3344,12.0,50.0,38.0,30.259,35.138,4.878999999999998,0.0,11,11.0,166.6508,143.1701,-23.480700000000013,0.0,15,15.0
detached,run_0596,0.1089,1.5523,1.4434,6.0,46.0,40.0,29.506,34.54,5.033999999999999,0.0,10,10.0,80.1395,68.4766,-11.662899999999993,0.0,6,6.0
detached,run_0597,0.2179,1.6885,1.4706,10.0,49.0,39.0,30.024,34.966,4.942,0.0,11,11.0,81.4055,78.2025,-3.203000000000003,0.0,10,10.0
detached,run_0598,0.1089,1.5251,1.4162,5.0,42.0,37.0,29.562,33.922,4.359999999999996,2.0,20,18.0,21.8942,21.3186,-0.5756000000000014,0.0,5,5.0
detached,run_0599,0.1089,1.5251,1.4162,5.0,48.0,43.0,29.637,34.583,4.945999999999998,1.0,13,12.0,66.4515,62.2644,-4.187099999999994,0.0,7,7.0
detached,run_0600,0.7081,2.0153,1.3072,17.0,57.0,40.0,30.835,35.468,4.633000000000003,1.0,21,20.0,233.7343,188.5088,-45.22549999999998,0.0,25,25.0
detached,run_0601,0.2451,1.634,1.3888999999999998,10.0,49.0,39.0,29.998,34.687,4.6889999999999965,0.0,11,11.0,49.3173,43.4242,-5.893100000000004,0.0,9,9.0
detached,run_0602,0.0272,1.4161,1.3889,5.0,42.0,37.0,29.143,34.239,5.0959999999999965,0.0,12,12.0,43.895,36.8459,-7.049100000000003,0.0,5,5.0
detached,run_0603,0.5174,2.2603,1.7429000000000001,14.0,53.0,39.0,30.617,34.892,4.275000000000002,4.0,37,33.0,41.7372,35.1138,-6.623400000000004,0.0,17,17.0
detached,run_0604,0.2996,1.7157,1.4161000000000001,12.0,51.0,39.0,30.425,34.806,4.380999999999997,0.0,12,12.0,69.2887,70.64,1.3512999999999948,0.0,12,12.0
detached,run_0605,0.8987,2.2059,1.3072000000000001,19.0,58.0,39.0,31.237,35.698,4.461000000000002,1.0,15,14.0,331.1165,264.8612,-66.25529999999998,0.0,28,28.0
detached,run_0606,0.4085,1.7429,1.3344,12.0,51.0,39.0,30.363,34.976,4.6129999999999995,0.0,11,11.0,79.9387,75.4137,-4.5249999999999915,0.0,12,12.0
detached,run_0607,0.1089,1.5795,1.4706,9.0,48.0,39.0,29.698,34.729,5.030999999999999,0.0,11,11.0,215.4174,178.2923,-37.125099999999975,0.0,8,8.0
detached,run_0608,0.3813,1.7429,1.3616,11.0,50.0,39.0,30.177,34.662,4.484999999999999,0.0,13,13.0,44.5447,44.0178,-0.5268999999999977,0.0,10,10.0
detached,run_0609,0.0817,1.4978,1.4161000000000001,5.0,48.0,43.0,29.481,34.566,5.085000000000001,0.0,14,14.0,61.2588,58.2304,-3.0283999999999978,0.0,6,6.0
detached,run_0610,0.4085,2.3693,1.9607999999999999,12.0,56.0,44.0,30.566,35.294,4.727999999999998,1.0,16,15.0,435.5945,361.5888,-74.00569999999999,0.0,18,18.0
detached,run_0611,0.4085,1.7702,1.3617,13.0,54.0,41.0,30.445,35.081,4.636000000000003,1.0,17,16.0,98.6927,86.6865,-12.006200000000007,0.0,13,13.0
detached,run_0612,0.2179,1.6068,1.3889,9.0,47.0,38.0,29.79,34.346,4.555999999999997,1.0,15,14.0,59.0676,61.1505,2.082900000000002,0.0,6,6.0
detached,run_0613,1.0349,2.8595,1.8246000000000002,21.0,60.0,39.0,31.274,35.737,4.463000000000001,8.0,42,34.0,173.1451,145.3859,-27.75920000000002,0.0,29,29.0
detached,run_0614,0.2179,1.6612,1.4433,9.0,50.0,41.0,29.814,34.817,5.003,0.0,13,13.0,87.8436,81.0009,-6.842699999999994,0.0,9,9.0
detached,run_0615,0.0545,1.5251,1.4706,5.0,45.0,40.0,29.413,34.028,4.614999999999998,1.0,17,16.0,24.7297,22.4864,-2.2433000000000014,0.0,5,5.0
detached,run_0616,0.4902,1.9336,1.4434,14.0,53.0,39.0,30.594,35.106,4.5120000000000005,1.0,23,22.0,69.8006,59.6422,-10.1584,0.0,17,17.0
detached,run_0617,0.1634,1.6612,1.4978,10.0,49.0,39.0,29.905,34.697,4.792000000000002,0.0,11,11.0,63.7147,55.5489,-8.165799999999997,0.0,9,9.0
detached,run_0618,0.1906,1.8519,1.6613000000000002,9.0,48.0,39.0,29.965,34.848,4.882999999999999,0.0,16,16.0,221.4105,187.0998,-34.310700000000026,0.0,9,9.0
detached,run_0619,0.4902,1.9063,1.4161000000000001,17.0,54.0,37.0,30.689,35.275,4.5859999999999985,1.0,20,19.0,145.4077,122.8273,-22.58040000000001,0.0,18,18.0
detached,run_0620,0.3813,1.7429,1.3616,12.0,50.0,38.0,30.449,35.171,4.721999999999998,0.0,11,11.0,199.1022,175.1613,-23.9409,0.0,15,15.0
detached,run_0621,0.3813,1.7429,1.3616,12.0,53.0,41.0,30.631,35.205,4.573999999999998,1.0,12,11.0,108.4332,101.8376,-6.595600000000005,0.0,16,16.0
detached,run_0622,0.0,1.3889,1.3889,0.0,35.0,35.0,29.01,32.854,3.8439999999999976,3.0,25,22.0,12.8691,13.6748,0.8056999999999999,0.0,0,0.0
detached,run_0623,0.0545,1.4706,1.4161,5.0,43.0,38.0,29.292,34.249,4.957000000000001,0.0,12,12.0,39.6841,38.2775,-1.4065999999999974,0.0,5,5.0
detached,run_0624,0.1089,1.6068,1.4979,8.0,47.0,39.0,29.679,34.615,4.9360000000000035,0.0,10,10.0,82.0079,70.0417,-11.9662,0.0,8,8.0
detached,run_0625,0.2723,1.6885,1.4162,11.0,50.0,39.0,30.277,34.991,4.713999999999999,0.0,11,11.0,137.7215,114.0273,-23.694199999999995,0.0,12,12.0
detached,run_0626,0.4085,1.7429,1.3344,12.0,51.0,39.0,30.136,34.923,4.787000000000003,1.0,13,12.0,56.3656,50.5695,-5.796100000000003,0.0,11,11.0
detached,run_0627,1.3072,3.159,1.8518,23.0,60.0,37.0,31.472,35.377,3.905000000000001,22.0,55,33.0,36.5789,32.0088,-4.5700999999999965,0.0,27,27.0
detached,run_0628,0.1089,1.6068,1.4979,9.0,48.0,39.0,29.739,34.728,4.989000000000001,0.0,9,9.0,96.0055,93.8262,-2.179299999999998,0.0,8,8.0
detached,run_0629,0.0,1.28,1.28,0.0,38.0,38.0,28.927,33.429,4.5020000000000024,1.0,17,16.0,23.2784,23.5839,0.30549999999999855,0.0,3,3.0
detached,run_0630,0.4357,1.7429,1.3072,13.0,51.0,38.0,30.396,34.714,4.317999999999998,1.0,18,17.0,42.6891,40.7027,-1.9864000000000033,0.0,8,8.0
detached,run_0631,0.0272,1.3889,1.3617000000000001,5.0,43.0,38.0,29.152,34.356,5.204000000000001,0.0,12,12.0,64.2487,66.383,2.134299999999996,0.0,5,5.0
detached,run_0632,0.1089,1.6612,1.5523,9.0,49.0,40.0,29.814,34.849,5.034999999999997,0.0,11,11.0,153.3299,126.4683,-26.86160000000001,0.0,9,9.0
detached,run_0633,0.5174,1.8519,1.3345000000000002,15.0,56.0,41.0,30.569,35.095,4.526,2.0,23,21.0,87.8981,80.4934,-7.404700000000005,0.0,12,12.0
detached,run_0634,0.0817,1.5523,1.4706000000000001,5.0,44.0,39.0,29.364,34.037,4.672999999999998,1.0,15,14.0,30.4042,29.9813,-0.4228999999999985,0.0,5,5.0
detached,run_0635,0.0545,1.4978,1.4433,5.0,46.0,41.0,29.327,34.518,5.190999999999999,0.0,10,10.0,76.4894,66.4844,-10.00500000000001,0.0,5,5.0
detached,run_0636,0.0,1.3344,1.3344,3.0,41.0,38.0,29.041,34.156,5.114999999999998,0.0,12,12.0,55.9577,58.6695,2.7117999999999967,0.0,5,5.0
detached,run_0637,0.7898,1.9336,1.1438000000000001,20.0,58.0,38.0,31.251,35.62,4.368999999999996,1.0,16,15.0,244.3273,209.4674,-34.85990000000001,0.0,26,26.0
detached,run_0638,0.354,1.7429,1.3889,11.0,51.0,40.0,30.154,34.874,4.720000000000002,1.0,19,18.0,68.9782,59.4698,-9.508400000000002,0.0,9,9.0
detached,run_0639,0.0,1.4161,1.4161,4.0,40.0,36.0,29.102,34.157,5.054999999999996,0.0,11,11.0,48.8567,40.5626,-8.294099999999993,0.0,5,5.0
detached,run_0640,0.5991,1.9063,1.3072000000000001,15.0,55.0,40.0,30.769,35.342,4.573,0.0,12,12.0,104.6193,94.0129,-10.606399999999994,0.0,22,22.0
detached,run_0641,0.3268,1.6885,1.3617,11.0,51.0,40.0,30.145,34.845,4.699999999999999,1.0,18,17.0,65.3086,56.3877,-8.920899999999996,0.0,10,10.0
detached,run_0642,0.3813,1.7429,1.3616,11.0,52.0,41.0,30.282,35.169,4.886999999999997,0.0,11,11.0,157.1858,131.9893,-25.196500000000015,0.0,16,16.0
detached,run_0643,0.0817,1.5251,1.4434,5.0,45.0,40.0,29.595,34.353,4.758000000000003,0.0,14,14.0,46.878,40.1131,-6.764899999999997,0.0,6,6.0
detached,run_0644,0.7898,1.8791,1.0893000000000002,19.0,56.0,37.0,30.869,35.355,4.485999999999997,1.0,12,11.0,87.101,77.4183,-9.682699999999997,0.0,22,22.0
detached,run_0645,0.2723,1.6885,1.4162,10.0,50.0,40.0,29.99,34.849,4.858999999999998,0.0,11,11.0,69.6722,70.3598,0.6876000000000033,0.0,9,9.0
detached,run_0646,0.2451,1.7429,1.4977999999999998,9.0,49.0,40.0,30.046,34.384,4.338000000000001,2.0,20,18.0,37.7941,36.4145,-1.3796000000000035,0.0,6,6.0
detached,run_0647,0.1089,1.5251,1.4162,6.0,47.0,41.0,29.63,34.46,4.830000000000002,1.0,14,13.0,47.3967,42.8881,-4.508600000000001,0.0,6,6.0
detached,run_0648,0.1089,1.5523,1.4434,8.0,48.0,40.0,29.734,34.681,4.946999999999996,0.0,11,11.0,83.4266,81.1822,-2.244399999999999,0.0,8,8.0
detached,run_0649,0.4357,1.8246,1.3889,13.0,56.0,43.0,30.584,35.353,4.769000000000002,1.0,12,11.0,206.2635,170.9236,-35.3399,0.0,20,20.0
detached,run_0650,0.4085,1.7157,1.3072,12.0,51.0,39.0,30.302,34.801,4.499000000000002,1.0,17,16.0,50.9196,48.2178,-2.7018000000000058,0.0,10,10.0
detached,run_0651,0.1906,1.634,1.4434,10.0,50.0,40.0,29.912,34.778,4.866,0.0,12,12.0,79.302,71.9835,-7.3185,0.0,8,8.0
detached,run_0652,0.2179,1.6885,1.4706,10.0,45.0,35.0,29.855,34.147,4.291999999999998,2.0,24,22.0,19.6504,18.1342,-1.5162000000000013,0.0,6,6.0
detached,run_0653,0.1089,1.5523,1.4434,6.0,45.0,39.0,29.602,34.546,4.943999999999999,0.0,7,7.0,67.3783,67.1924,-0.18589999999998952,0.0,6,6.0
detached,run_0654,0.1362,1.5795,1.4432999999999998,6.0,49.0,43.0,29.721,34.589,4.8679999999999986,1.0,18,17.0,69.6073,69.6654,0.058100000000010255,0.0,6,6.0
detached,run_0655,0.0,1.3617,1.3617,3.0,41.0,38.0,28.919,33.597,4.678000000000001,0.0,15,15.0,23.5614,23.9785,0.41710000000000136,0.0,3,3.0
detached,run_0656,0.2451,1.6068,1.3617,9.0,48.0,39.0,30.047,34.319,4.272000000000002,1.0,14,13.0,41.3391,39.9828,-1.3563000000000045,0.0,7,7.0
detached,run_0657,0.2179,1.5795,1.3616,9.0,49.0,40.0,29.861,34.595,4.733999999999998,1.0,16,15.0,75.709,79.1475,3.4384999999999906,0.0,7,7.0
detached,run_0658,0.2451,1.634,1.3888999999999998,11.0,48.0,37.0,30.153,34.943,4.789999999999999,0.0,8,8.0,87.3676,88.0401,0.6724999999999994,0.0,11,11.0
detached,run_0659,0.354,2.342,1.988,12.0,51.0,39.0,30.219,35.081,4.862000000000002,1.0,27,26.0,276.9978,242.2685,-34.729299999999995,0.0,13,13.0
detached,run_0660,0.1089,1.6068,1.4979,7.0,49.0,42.0,29.545,34.694,5.149000000000001,0.0,13,13.0,129.6595,106.4048,-23.254700000000014,0.0,8,8.0
detached,run_0661,0.1089,1.5523,1.4434,8.0,47.0,39.0,29.804,34.692,4.888000000000002,0.0,11,11.0,86.7133,90.5443,3.831000000000003,0.0,8,8.0
detached,run_0662,0.0545,1.4706,1.4161,5.0,44.0,39.0,29.258,34.408,5.150000000000002,0.0,11,11.0,60.3659,50.7182,-9.6477,0.0,5,5.0
detached,run_0663,0.0545,1.4161,1.3616,5.0,43.0,38.0,29.36,34.345,4.984999999999999,0.0,13,13.0,75.4948,78.8569,3.362099999999998,0.0,6,6.0
detached,run_0664,0.1089,1.4978,1.3889,6.0,47.0,41.0,29.601,34.639,5.038000000000004,0.0,11,11.0,130.4791,102.9027,-27.576399999999992,0.0,8,8.0
detached,run_0665,0.0545,1.4161,1.3616,4.0,41.0,37.0,29.156,34.22,5.064,0.0,11,11.0,47.5862,48.2336,0.6474000000000046,0.0,5,5.0
detached,run_0666,0.463,1.988,1.525,16.0,57.0,41.0,30.758,35.444,4.6860000000000035,1.0,21,20.0,368.9401,293.9568,-74.98329999999999,0.0,24,24.0
detached,run_0667,0.5174,1.7974,1.2800000000000002,15.0,56.0,41.0,30.785,35.45,4.665000000000003,0.0,12,12.0,238.7389,195.0831,-43.6558,0.0,23,23.0
detached,run_0668,0.2451,1.7157,1.4706,10.0,51.0,41.0,30.055,34.672,4.616999999999997,1.0,15,14.0,50.5154,47.548,-2.967399999999998,0.0,9,9.0
detached,run_0669,0.4357,1.9063,1.4706000000000001,13.0,57.0,44.0,30.651,35.429,4.778000000000002,1.0,16,15.0,250.0728,207.3281,-42.744699999999995,0.0,22,22.0
detached,run_0670,0.3813,1.7429,1.3616,12.0,51.0,39.0,30.12,35.049,4.9289999999999985,0.0,14,14.0,147.8755,121.0448,-26.830699999999993,0.0,11,11.0
detached,run_0671,0.0817,1.4978,1.4161000000000001,5.0,47.0,42.0,29.531,34.53,4.999000000000002,0.0,12,12.0,66.8013,55.2295,-11.571799999999996,0.0,7,7.0
detached,run_0672,0.1362,1.6068,1.4706000000000001,9.0,48.0,39.0,29.767,34.58,4.812999999999999,1.0,15,14.0,53.5763,44.9562,-8.6201,0.0,7,7.0
detached,run_0673,0.5991,1.9608,1.3617000000000001,17.0,56.0,39.0,30.924,35.411,4.487000000000002,1.0,15,14.0,244.8986,197.9374,-46.96119999999999,0.0,24,24.0
detached,run_0674,0.2451,1.634,1.3888999999999998,9.0,49.0,40.0,29.922,34.488,4.565999999999999,0.0,11,11.0,58.6998,59.9297,1.2298999999999936,0.0,7,7.0
detached,run_0675,0.1089,1.6068,1.4979,9.0,48.0,39.0,29.689,34.595,4.905999999999999,0.0,13,13.0,79.2938,67.9981,-11.29570000000001,0.0,7,7.0
detached,run_0676,0.3813,1.6612,1.2799,12.0,49.0,37.0,30.268,34.955,4.686999999999998,0.0,11,11.0,134.6418,114.5032,-20.138599999999983,0.0,12,12.0
detached,run_0677,0.1906,1.5795,1.3889,9.0,47.0,38.0,29.801,34.319,4.518000000000004,0.0,14,14.0,45.0878,45.9409,0.8530999999999977,0.0,6,6.0
detached,run_0678,0.0272,1.4161,1.3889,5.0,42.0,37.0,29.167,34.232,5.064999999999998,0.0,13,13.0,41.9368,38.0658,-3.870999999999995,0.0,5,5.0
detached,run_0679,0.2451,1.6612,1.4161,10.0,50.0,40.0,29.985,34.793,4.808,0.0,15,15.0,76.3888,67.5147,-8.874099999999999,0.0,10,10.0
detached,run_0680,0.2451,1.6885,1.4433999999999998,11.0,52.0,41.0,30.253,35.096,4.842999999999996,0.0,11,11.0,137.1917,131.4247,-5.766999999999996,0.0,15,15.0
detached,run_0681,0.2723,1.6612,1.3889,10.0,50.0,40.0,30.012,34.871,4.859000000000002,0.0,11,11.0,98.6369,81.2639,-17.37299999999999,0.0,10,10.0
detached,run_0682,0.354,1.6885,1.3344999999999998,12.0,52.0,40.0,30.448,35.17,4.722000000000001,0.0,11,11.0,139.472,130.2196,-9.252399999999994,0.0,16,16.0
detached,run_0683,0.4085,1.9336,1.5251000000000001,13.0,54.0,41.0,30.333,35.027,4.694000000000003,1.0,21,20.0,118.7572,99.9654,-18.791799999999995,0.0,11,11.0
detached,run_0684,0.5447,1.8519,1.3072000000000001,14.0,56.0,42.0,30.525,35.319,4.794000000000004,0.0,13,13.0,304.1302,245.1222,-59.00800000000001,0.0,21,21.0
detached,run_0685,0.1634,1.634,1.4706,9.0,49.0,40.0,29.925,34.816,4.891000000000002,1.0,14,13.0,99.2998,102.5685,3.2686999999999955,0.0,8,8.0
detached,run_0686,0.2996,1.7157,1.4161000000000001,11.0,51.0,40.0,30.051,34.679,4.628000000000004,1.0,15,14.0,53.6108,48.6563,-4.954499999999996,0.0,10,10.0
detached,run_0687,0.1089,1.634,1.5251,7.0,47.0,40.0,29.684,34.615,4.931000000000001,0.0,8,8.0,63.8755,65.3255,1.4500000000000028,0.0,7,7.0
detached,run_0688,0.0817,1.5251,1.4434,5.0,48.0,43.0,29.474,34.497,5.023,0.0,12,12.0,67.9368,57.3211,-10.615700000000004,0.0,7,7.0
detached,run_0689,0.2179,1.6068,1.3889,9.0,48.0,39.0,29.887,34.589,4.701999999999998,0.0,11,11.0,71.0744,74.4908,3.416399999999996,0.0,8,8.0
detached,run_0690,0.3813,1.7429,1.3616,12.0,52.0,40.0,30.394,35.113,4.719000000000001,0.0,12,12.0,140.2431,117.6017,-22.641400000000004,0.0,14,14.0
detached,run_0691,1.0621,2.1514,1.0893000000000002,22.0,59.0,37.0,31.305,35.635,4.329999999999998,1.0,21,20.0,86.6611,74.9834,-11.677700000000002,0.0,29,29.0
detached,run_0692,0.4357,2.6688,2.2331000000000003,12.0,53.0,41.0,30.461,35.169,4.707999999999998,4.0,33,29.0,281.9314,245.2039,-36.72749999999999,0.0,19,19.0
detached,run_0693,0.354,1.7157,1.3617,12.0,51.0,39.0,30.373,35.04,4.666999999999998,0.0,11,11.0,104.8576,96.9059,-7.951700000000002,0.0,12,12.0
detached,run_0694,0.2996,1.7157,1.4161000000000001,11.0,53.0,42.0,30.408,35.106,4.698,1.0,13,12.0,88.5566,81.3498,-7.206800000000001,0.0,15,15.0
detached,run_0695,0.4085,1.7157,1.3072,12.0,50.0,38.0,30.336,34.817,4.481000000000002,0.0,12,12.0,56.7031,57.1146,0.41150000000000375,0.0,12,12.0
detached,run_0696,0.3268,1.9063,1.5795000000000001,11.0,52.0,41.0,30.436,35.14,4.704000000000001,1.0,16,15.0,249.1926,202.8318,-46.36080000000001,0.0,16,16.0
detached,run_0697,0.8987,2.0153,1.1165999999999998,21.0,58.0,37.0,31.141,35.467,4.3260000000000005,1.0,20,19.0,91.1446,79.9736,-11.170999999999992,0.0,26,26.0
detached,run_0698,0.2451,1.6612,1.4161,9.0,50.0,41.0,30.086,34.718,4.632000000000005,1.0,17,16.0,55.4899,51.0779,-4.411999999999999,0.0,10,10.0
detached,run_0699,0.0,1.4161,1.4161,5.0,41.0,36.0,29.428,33.565,4.136999999999997,1.0,17,16.0,19.6287,19.3822,-0.2464999999999975,0.0,3,3.0
detached,run_0700,0.1089,1.5795,1.4706,9.0,49.0,40.0,29.673,34.668,4.995000000000001,0.0,12,12.0,75.1534,71.037,-4.116399999999999,0.0,8,8.0
detached,run_0701,0.2451,2.0969,1.8518000000000001,11.0,50.0,39.0,30.1,34.629,4.528999999999996,1.0,28,27.0,56.3694,50.1608,-6.208599999999997,0.0,8,8.0
detached,run_0702,0.3813,1.7429,1.3616,12.0,53.0,41.0,30.55,35.192,4.6419999999999995,1.0,13,12.0,104.1867,89.5594,-14.627300000000005,0.0,17,17.0
detached,run_0703,0.2451,1.6612,1.4161,11.0,50.0,39.0,30.033,34.889,4.856000000000002,0.0,11,11.0,114.7065,100.697,-14.009500000000003,0.0,10,10.0
detached,run_0704,0.1089,1.5795,1.4706,6.0,46.0,40.0,29.554,34.519,4.965,0.0,11,11.0,67.357,60.9889,-6.368099999999998,0.0,7,7.0
detached,run_0705,0.5447,1.8246,1.2799,16.0,56.0,40.0,30.755,35.445,4.690000000000001,0.0,12,12.0,195.384,162.7129,-32.671099999999996,0.0,22,22.0
detached,run_0706,0.4357,1.9336,1.4979,14.0,56.0,42.0,30.621,35.388,4.7669999999999995,1.0,15,14.0,272.9108,221.3467,-51.564099999999996,0.0,21,21.0
detached,run_0707,0.3813,1.7429,1.3616,12.0,52.0,40.0,30.5,35.199,4.698999999999998,0.0,13,13.0,202.5781,169.0278,-33.55029999999999,0.0,16,16.0
detached,run_0708,0.2179,1.7974,1.5795000000000001,9.0,50.0,41.0,29.941,34.802,4.861000000000001,0.0,18,18.0,120.3113,103.5236,-16.7877,0.0,9,9.0
detached,run_0709,0.2451,1.6885,1.4433999999999998,11.0,50.0,39.0,30.178,34.985,4.806999999999999,0.0,11,11.0,134.6574,111.3963,-23.2611,0.0,10,10.0
detached,run_0710,0.0545,1.4706,1.4161,5.0,42.0,37.0,29.347,34.374,5.027000000000001,0.0,11,11.0,49.2093,45.544,-3.665300000000002,0.0,5,5.0
detached,run_0711,0.4085,1.7429,1.3344,12.0,50.0,38.0,30.168,34.786,4.618000000000002,1.0,13,12.0,56.7714,49.2398,-7.531599999999997,0.0,10,10.0
detached,run_0712,0.2451,1.634,1.3888999999999998,10.0,50.0,40.0,29.99,34.744,4.754000000000001,0.0,11,11.0,75.2516,64.8948,-10.356799999999993,0.0,9,9.0
detached,run_0713,0.4357,1.7702,1.3345,12.0,55.0,43.0,30.513,35.3,4.7869999999999955,0.0,12,12.0,169.6782,144.5668,-25.111400000000003,0.0,21,21.0
detached,run_0714,0.1089,1.6068,1.4979,9.0,48.0,39.0,29.784,34.721,4.936999999999998,0.0,10,10.0,93.1219,83.9744,-9.147499999999994,0.0,8,8.0
detached,run_0715,0.0817,1.4706,1.3889,5.0,47.0,42.0,29.582,34.64,5.058,0.0,10,10.0,73.7197,75.58,1.8602999999999952,0.0,7,7.0
detached,run_0716,0.0,1.3344,1.3344,3.0,40.0,37.0,28.945,34.119,5.1739999999999995,0.0,11,11.0,65.3982,51.7682,-13.630000000000003,0.0,5,5.0
detached,run_0717,0.0817,1.5523,1.4706000000000001,6.0,46.0,40.0,29.474,34.461,4.986999999999998,0.0,12,12.0,55.6238,46.9371,-8.686700000000002,0.0,6,6.0
detached,run_0718,0.1089,1.5251,1.4162,6.0,47.0,41.0,29.619,34.569,4.950000000000003,0.0,11,11.0,115.3185,90.9669,-24.351600000000005,0.0,7,7.0
detached,run_0719,0.354,1.7702,1.4162,12.0,53.0,41.0,30.541,35.285,4.743999999999996,1.0,12,11.0,136.763,117.9472,-18.81580000000001,0.0,19,19.0
detached,run_0720,0.2451,1.6885,1.4433999999999998,11.0,51.0,40.0,30.206,35.029,4.823000000000004,0.0,11,11.0,119.8573,105.4414,-14.415899999999993,0.0,12,12.0
detached,run_0721,0.0,1.3889,1.3889,4.0,42.0,38.0,29.145,34.141,4.995999999999999,0.0,15,15.0,66.9134,69.7482,2.8348000000000013,0.0,5,5.0
detached,run_0722,0.7625,1.8791,1.1166,20.0,58.0,38.0,31.047,35.376,4.328999999999997,1.0,17,16.0,75.3028,70.8668,-4.436000000000007,0.0,25,25.0
detached,run_0723,0.1634,1.6885,1.5251,9.0,49.0,40.0,29.987,34.801,4.814000000000004,0.0,11,11.0,65.2661,67.5093,2.2432000000000016,0.0,9,9.0
detached,run_0724,0.2996,1.9336,1.634,11.0,50.0,39.0,30.165,34.903,4.7379999999999995,0.0,19,19.0,123.1962,103.5513,-19.644900000000007,0.0,10,10.0
detached,run_0725,0.4085,1.988,1.5795,13.0,53.0,40.0,30.552,35.237,4.685000000000002,1.0,16,15.0,231.3402,190.7204,-40.6198,0.0,17,17.0
detached,run_0726,0.2179,1.634,1.4161,10.0,50.0,40.0,29.897,34.814,4.917000000000002,0.0,11,11.0,98.385,84.0141,-14.370900000000006,0.0,9,9.0
detached,run_0727,0.3813,1.7429,1.3616,12.0,51.0,39.0,30.247,34.702,4.454999999999998,1.0,18,17.0,39.2931,34.3371,-4.956000000000003,0.0,10,10.0
detached,run_0728,0.1906,1.634,1.4434,9.0,48.0,39.0,29.83,34.79,4.960000000000001,0.0,7,7.0,69.55,71.1089,1.5589000000000084,0.0,9,9.0
detached,run_0729,0.0545,1.4978,1.4433,4.0,43.0,39.0,29.409,34.425,5.015999999999998,0.0,8,8.0,69.1549,71.7957,2.6407999999999987,0.0,5,5.0
detached,run_0730,0.0,1.3889,1.3889,3.0,40.0,37.0,28.972,33.935,4.963000000000001,0.0,14,14.0,50.7057,53.2285,2.5227999999999966,0.0,5,5.0
detached,run_0731,0.7898,2.0969,1.3071000000000002,21.0,58.0,37.0,31.125,35.656,4.530999999999999,1.0,14,13.0,244.751,199.7091,-45.0419,0.0,27,27.0
detached,run_0732,0.4902,1.8519,1.3617000000000001,14.0,53.0,39.0,30.522,34.96,4.438000000000002,1.0,21,20.0,54.2258,51.1754,-3.0503999999999962,0.0,15,15.0
detached,run_0733,0.2451,1.6885,1.4433999999999998,11.0,51.0,40.0,30.184,34.796,4.611999999999998,1.0,15,14.0,59.8517,53.6895,-6.162199999999999,0.0,9,9.0
detached,run_0734,0.0,1.2527,1.2527,0.0,37.0,37.0,28.718,33.448,4.73,0.0,14,14.0,39.8327,42.44,2.607299999999995,0.0,3,3.0
detached,run_0735,0.2996,1.634,1.3344,12.0,49.0,37.0,30.145,34.907,4.761999999999997,0.0,11,11.0,130.2819,110.065,-20.21690000000001,0.0,10,10.0
detached,run_0736,0.0,1.3889,1.3889,2.0,39.0,37.0,28.923,33.817,4.894000000000002,0.0,13,13.0,30.6149,31.7576,1.1427000000000014,0.0,5,5.0
detached,run_0737,0.2723,1.6612,1.3889,11.0,50.0,39.0,30.127,34.903,4.776,0.0,12,12.0,84.0743,70.847,-13.2273,0.0,10,10.0
detached,run_0738,0.0817,1.4978,1.4161000000000001,5.0,44.0,39.0,29.439,34.252,4.813000000000002,1.0,14,13.0,35.001,32.4025,-2.5984999999999943,0.0,6,6.0
detached,run_0739,0.1089,1.6612,1.5523,9.0,49.0,40.0,29.894,34.951,5.057000000000002,0.0,11,11.0,115.0881,104.0454,-11.042699999999996,0.0,10,10.0
detached,run_0740,0.2179,1.5795,1.3616,9.0,50.0,41.0,29.8,34.546,4.745999999999999,1.0,14,13.0,45.8218,41.1264,-4.6954000000000065,0.0,7,7.0
detached,run_0741,0.5719,1.8519,1.2800000000000002,16.0,54.0,38.0,30.698,34.966,4.268000000000001,1.0,19,18.0,47.6163,44.0335,-3.582800000000006,0.0,17,17.0
detached,run_0742,0.0817,1.5251,1.4434,5.0,44.0,39.0,29.548,34.441,4.893000000000004,0.0,10,10.0,56.8273,59.4196,2.5923000000000016,0.0,6,6.0
detached,run_0743,0.1089,1.5795,1.4706,6.0,43.0,37.0,29.645,34.115,4.470000000000002,2.0,23,21.0,56.007,58.54,2.5330000000000013,0.0,6,6.0
detached,run_0744,0.6264,3.0229,2.3965,16.0,57.0,41.0,30.789,35.436,4.6469999999999985,8.0,37,29.0,587.3383,520.22,-67.11829999999998,0.0,25,25.0
detached,run_0745,0.2451,1.7157,1.4706,11.0,51.0,40.0,30.314,35.062,4.7479999999999976,1.0,16,15.0,196.8461,160.122,-36.72409999999999,0.0,12,12.0
detached,run_0746,0.0,1.3617,1.3617,3.0,39.0,36.0,28.933,34.015,5.082000000000001,0.0,12,12.0,29.8701,27.593,-2.277100000000001,0.0,5,5.0
detached,run_0747,0.4357,1.8519,1.4162000000000001,13.0,54.0,41.0,30.518,35.138,4.619999999999997,1.0,16,15.0,74.8203,67.2386,-7.581699999999998,0.0,17,17.0
detached,run_0748,0.0,1.4161,1.4161,5.0,42.0,37.0,29.117,34.198,5.0809999999999995,0.0,13,13.0,37.2409,36.4563,-0.7846000000000046,0.0,5,5.0
detached,run_0749,0.5991,1.9336,1.3345,19.0,57.0,38.0,30.959,35.344,4.385000000000002,1.0,15,14.0,120.772,101.7201,-19.051900000000003,0.0,24,24.0
detached,run_0750,0.4357,1.7429,1.3072,13.0,51.0,38.0,30.631,35.007,4.375999999999998,0.0,11,11.0,85.5635,88.1088,2.5452999999999975,0.0,14,14.0
detached,run_0751,0.1089,1.5523,1.4434,6.0,49.0,43.0,29.591,34.69,5.098999999999997,0.0,11,11.0,90.0134,78.9093,-11.104100000000003,0.0,8,8.0
detached,run_0752,0.0817,1.4434,1.3617,5.0,41.0,36.0,29.494,34.329,4.835000000000001,0.0,11,11.0,50.1964,51.8269,1.630500000000005,0.0,5,5.0
detached,run_0753,0.3813,1.7157,1.3344,12.0,51.0,39.0,30.29,35.133,4.8430000000000035,0.0,11,11.0,157.647,149.8972,-7.749799999999993,0.0,13,13.0
detached,run_0754,0.2179,1.5795,1.3616,6.0,48.0,42.0,29.757,34.38,4.623000000000001,1.0,17,16.0,60.3346,62.5289,2.1942999999999984,0.0,6,6.0
detached,run_0755,0.2179,1.634,1.4161,10.0,49.0,39.0,30.028,34.951,4.923000000000002,0.0,11,11.0,139.7463,138.5061,-1.2401999999999873,0.0,10,10.0
detached,run_0756,0.5991,1.8246,1.2255,14.0,54.0,40.0,30.641,34.472,3.831000000000003,10.0,32,22.0,28.564,28.4206,-0.14339999999999975,0.0,9,9.0
detached,run_0757,1.3072,2.5054,1.1982,22.0,63.0,41.0,31.653,35.81,4.157000000000004,3.0,28,25.0,144.6481,120.9972,-23.650899999999993,0.0,33,33.0
detached,run_0758,0.0,1.4434,1.4434,4.0,40.0,36.0,29.135,34.275,5.139999999999997,0.0,9,9.0,45.9393,47.0454,1.1060999999999979,0.0,5,5.0
detached,run_0759,1.1166,2.9412,1.8245999999999998,21.0,59.0,38.0,31.186,35.457,4.271000000000001,10.0,45,35.0,81.1424,69.4036,-11.738799999999998,0.0,27,27.0
detached,run_0760,0.4085,1.7702,1.3617,16.0,54.0,38.0,30.73,35.368,4.638000000000002,1.0,11,10.0,214.0128,186.8709,-27.141899999999993,0.0,21,21.0
detached,run_0761,0.1362,1.6068,1.4706000000000001,9.0,49.0,40.0,29.844,34.725,4.881,0.0,12,12.0,77.591,69.4336,-8.157399999999996,0.0,8,8.0
detached,run_0762,0.0,1.4161,1.4161,4.0,41.0,37.0,29.034,34.064,5.030000000000001,0.0,14,14.0,33.2806,27.8578,-5.422799999999999,0.0,5,5.0
detached,run_0763,0.0545,1.4161,1.3616,4.0,43.0,39.0,29.209,34.404,5.195000000000004,0.0,11,11.0,56.8379,53.463,-3.3748999999999967,0.0,6,6.0
detached,run_0764,0.0817,1.5251,1.4434,5.0,46.0,41.0,29.546,34.445,4.899000000000001,1.0,14,13.0,64.9394,67.5749,2.6354999999999933,0.0,6,6.0
detached,run_0765,0.0,1.3617,1.3617,4.0,43.0,39.0,29.079,34.053,4.973999999999997,0.0,13,13.0,42.882,44.5784,1.6964000000000041,0.0,5,5.0
detached,run_0766,0.1089,1.6068,1.4979,8.0,47.0,39.0,29.745,34.684,4.9389999999999965,0.0,10,10.0,94.5456,80.7224,-13.8232,0.0,8,8.0
detached,run_0767,0.0817,1.5251,1.4434,6.0,45.0,39.0,29.39,34.285,4.894999999999996,0.0,12,12.0,42.0439,41.5312,-0.5127000000000024,0.0,5,5.0
detached,run_0768,2.3693,4.7386,2.3693,31.0,71.0,40.0,32.372,36.433,4.061,35.0,75,40.0,241.2999,211.3585,-29.941400000000016,2.0,54,52.0
detached,run_0769,0.0817,1.4706,1.3889,5.0,43.0,38.0,29.5,34.24,4.740000000000002,1.0,16,15.0,51.4428,52.9853,1.542500000000004,0.0,6,6.0
detached,run_0770,0.5174,1.8519,1.3345000000000002,16.0,54.0,38.0,30.644,34.955,4.311,1.0,15,14.0,57.3367,56.1132,-1.2235000000000014,0.0,13,13.0
detached,run_0771,0.3268,1.7157,1.3889,12.0,50.0,38.0,30.262,34.997,4.734999999999999,0.0,13,13.0,145.9283,118.1017,-27.826600000000013,0.0,11,11.0
detached,run_0772,0.2996,1.6885,1.3889,11.0,49.0,38.0,30.219,35.002,4.783000000000001,0.0,11,11.0,89.2618,81.8944,-7.367399999999989,0.0,11,11.0
detached,run_0773,0.0817,1.4978,1.4161000000000001,5.0,45.0,40.0,29.508,34.311,4.803000000000001,1.0,17,16.0,41.5779,35.7311,-5.846800000000002,0.0,6,6.0
detached,run_0774,0.2996,1.9336,1.634,11.0,51.0,40.0,30.14,34.872,4.731999999999999,1.0,22,21.0,78.8292,64.8427,-13.986500000000007,0.0,10,10.0
detached,run_0775,0.1089,1.5523,1.4434,5.0,48.0,43.0,29.552,34.601,5.0489999999999995,0.0,11,11.0,66.8189,61.333,-5.485900000000001,0.0,7,7.0
detached,run_0776,0.4357,1.7974,1.3617000000000001,13.0,54.0,41.0,30.631,35.226,4.594999999999999,0.0,10,10.0,162.3578,144.6688,-17.688999999999993,0.0,16,16.0
detached,run_0777,0.2723,1.6885,1.4162,11.0,51.0,40.0,30.06,34.684,4.623999999999999,1.0,15,14.0,47.4954,46.3387,-1.1566999999999936,0.0,8,8.0
detached,run_0778,0.2451,1.7157,1.4706,10.0,51.0,41.0,29.98,34.786,4.806000000000001,1.0,19,18.0,85.3973,70.456,-14.941299999999998,0.0,9,9.0
detached,run_0779,0.0545,1.4978,1.4433,4.0,44.0,40.0,29.435,34.512,5.077000000000002,0.0,7,7.0,73.3359,76.3441,3.008200000000002,0.0,6,6.0
detached,run_0780,0.0,1.2527,1.2527,2.0,39.0,37.0,28.823,33.908,5.085000000000001,0.0,9,9.0,46.3664,48.6735,2.3070999999999984,0.0,4,4.0
detached,run_0781,0.1362,1.634,1.4977999999999998,5.0,46.0,41.0,29.736,33.927,4.190999999999999,2.0,25,23.0,20.1496,18.939,-1.2105999999999995,0.0,5,5.0
detached,run_0782,1.0621,2.4237,1.3616000000000001,20.0,62.0,42.0,31.465,35.783,4.318000000000001,5.0,31,26.0,194.5196,161.2018,-33.317800000000005,0.0,30,30.0
detached,run_0783,0.1089,1.6612,1.5523,9.0,47.0,38.0,29.778,34.646,4.868000000000002,0.0,11,11.0,85.7489,75.1234,-10.625500000000002,0.0,8,8.0
detached,run_0784,0.354,1.7702,1.4162,11.0,52.0,41.0,30.378,35.12,4.741999999999997,1.0,15,14.0,195.8506,157.5588,-38.291799999999995,0.0,15,15.0
detached,run_0785,0.5447,1.8791,1.3344,16.0,56.0,40.0,30.747,35.337,4.590000000000003,1.0,16,15.0,142.6668,119.8134,-22.853399999999993,0.0,21,21.0
detached,run_0786,0.2451,1.7429,1.4977999999999998,11.0,50.0,39.0,30.12,34.97,4.849999999999998,0.0,14,14.0,152.6896,127.9744,-24.71520000000001,0.0,12,12.0
detached,run_0787,0.1089,1.5795,1.4706,7.0,49.0,42.0,29.719,34.696,4.976999999999997,0.0,13,13.0,85.2679,73.9115,-11.356399999999994,0.0,7,7.0
detached,run_0788,0.2996,1.6885,1.3889,10.0,51.0,41.0,30.061,34.845,4.783999999999999,1.0,20,19.0,86.7296,72.8365,-13.893100000000004,0.0,9,9.0
detached,run_0789,0.0,1.4434,1.4434,4.0,42.0,38.0,29.337,33.771,4.434000000000001,2.0,22,20.0,34.3821,34.8626,0.48049999999999926,0.0,4,4.0
detached,run_0790,0.2451,1.6885,1.4433999999999998,10.0,50.0,40.0,30.033,34.953,4.920000000000002,0.0,14,14.0,96.0972,84.6992,-11.397999999999996,0.0,10,10.0
detached,run_0791,1.0076,2.4237,1.4161000000000001,22.0,59.0,37.0,31.3,35.327,4.0269999999999975,5.0,33,28.0,52.9058,44.847,-8.058799999999998,0.0,27,27.0
detached,run_0792,0.3813,1.7157,1.3344,11.0,51.0,40.0,30.221,34.997,4.776,0.0,13,13.0,103.248,85.5422,-17.70580000000001,0.0,11,11.0
detached,run_0793,0.2179,1.6612,1.4433,9.0,50.0,41.0,29.776,34.759,4.9830000000000005,0.0,14,14.0,73.9055,68.5547,-5.350800000000007,0.0,8,8.0
detached,run_0794,0.5174,1.7974,1.2800000000000002,17.0,56.0,39.0,30.884,35.468,4.584000000000003,1.0,15,14.0,167.9058,156.5692,-11.336600000000004,0.0,23,23.0
detached,run_0795,0.354,1.7157,1.3617,11.0,52.0,41.0,30.326,35.119,4.792999999999999,1.0,12,11.0,97.2321,90.3454,-6.886700000000005,0.0,14,14.0
detached,run_0796,0.0545,1.4978,1.4433,4.0,45.0,41.0,29.294,34.502,5.208000000000002,0.0,9,9.0,69.996,64.3773,-5.61869999999999,0.0,5,5.0
detached,run_0797,1.3889,3.3497,1.9607999999999999,23.0,64.0,41.0,31.597,36.075,4.4780000000000015,8.0,41,33.0,656.2825,565.2764,-91.00610000000006,0.0,38,38.0
detached,run_0798,0.8715,1.9608,1.0893000000000002,20.0,59.0,39.0,31.225,35.668,4.442999999999998,1.0,15,14.0,139.2885,123.3465,-15.941999999999993,0.0,27,27.0
detached,run_0799,0.2179,1.6068,1.3889,9.0,45.0,36.0,29.783,34.113,4.329999999999998,1.0,17,16.0,43.6241,44.6341,1.009999999999998,0.0,6,6.0
detached,run_0800,0.463,2.342,1.879,16.0,57.0,41.0,30.662,35.444,4.782000000000004,1.0,23,22.0,412.4307,344.338,-68.09269999999998,0.0,22,22.0
detached,run_0801,0.2451,1.6612,1.4161,11.0,51.0,40.0,30.124,35.083,4.959,0.0,11,11.0,141.675,132.5562,-9.118800000000022,0.0,12,12.0
detached,run_0802,0.1362,1.5795,1.4432999999999998,7.0,47.0,40.0,29.654,34.442,4.788,1.0,15,14.0,41.9783,37.8964,-4.081899999999997,0.0,7,7.0
detached,run_0803,0.5447,1.8791,1.3344,17.0,58.0,41.0,30.799,35.411,4.612000000000002,1.0,13,12.0,119.6057,107.7202,-11.885499999999993,0.0,23,23.0
detached,run_0804,0.354,1.6885,1.3344999999999998,11.0,51.0,40.0,30.344,35.151,4.807000000000002,1.0,12,11.0,249.7874,204.2485,-45.538899999999984,0.0,15,15.0
detached,run_0805,0.1089,1.6068,1.4979,9.0,48.0,39.0,29.841,34.761,4.920000000000002,0.0,9,9.0,81.9814,85.8278,3.8464000000000027,0.0,8,8.0
detached,run_0806,0.1362,1.5523,1.4161000000000001,7.0,47.0,40.0,29.7,34.326,4.626000000000001,1.0,16,15.0,27.5915,25.1601,-2.4314,0.0,6,6.0
detached,run_0807,0.0817,1.4706,1.3889,5.0,44.0,39.0,29.398,34.426,5.028000000000002,0.0,11,11.0,62.1545,63.7772,1.6227000000000018,0.0,6,6.0
detached,run_0808,0.5991,1.9608,1.3617000000000001,17.0,54.0,37.0,31.103,35.057,3.9540000000000006,4.0,23,19.0,55.5111,55.0937,-0.41740000000000066,0.0,20,20.0
detached,run_0809,0.2451,2.0153,1.7701999999999998,10.0,51.0,41.0,30.159,34.782,4.6229999999999976,2.0,26,24.0,95.8535,80.4979,-15.355599999999995,0.0,10,10.0
detached,run_0810,0.6536,1.9608,1.3072000000000001,17.0,56.0,39.0,30.942,35.436,4.494,1.0,14,13.0,200.0792,162.6805,-37.39869999999999,0.0,24,24.0
detached,run_0811,0.1906,1.6612,1.4706000000000001,10.0,49.0,39.0,29.939,34.672,4.732999999999997,0.0,11,11.0,75.6025,72.3702,-3.2323000000000093,0.0,8,8.0
detached,run_0812,0.3813,1.8791,1.4978,14.0,56.0,42.0,30.644,35.319,4.675000000000004,0.0,13,13.0,444.0726,354.8474,-89.22520000000003,0.0,22,22.0
detached,run_0813,0.4085,1.7974,1.3889,12.0,55.0,43.0,30.567,35.355,4.787999999999997,0.0,13,13.0,230.2375,190.8596,-39.37790000000001,0.0,22,22.0
detached,run_0814,0.4085,1.8791,1.4706000000000001,14.0,53.0,39.0,30.565,35.233,4.667999999999996,1.0,17,16.0,143.5395,119.8541,-23.6854,0.0,17,17.0
detached,run_0815,0.4357,2.7505,2.3148,14.0,57.0,43.0,30.534,35.242,4.707999999999998,6.0,39,33.0,207.7386,179.3058,-28.432799999999986,0.0,19,19.0
detached,run_0816,0.1089,1.6068,1.4979,9.0,47.0,38.0,29.839,34.708,4.869,0.0,7,7.0,75.9306,78.1898,2.259200000000007,0.0,8,8.0
detached,run_0817,0.1089,1.5523,1.4434,6.0,48.0,42.0,29.546,34.546,5.0,0.0,12,12.0,72.6142,61.9297,-10.6845,0.0,7,7.0
detached,run_0818,0.0545,1.4706,1.4161,5.0,42.0,37.0,29.238,34.132,4.893999999999998,0.0,14,14.0,33.4352,28.7271,-4.708100000000002,0.0,5,5.0
detached,run_0819,0.1089,1.5523,1.4434,6.0,48.0,42.0,29.654,34.607,4.952999999999999,0.0,13,13.0,86.0563,71.9524,-14.103899999999996,0.0,7,7.0
detached,run_0820,0.5719,1.9336,1.3617,16.0,57.0,41.0,30.849,35.392,4.543000000000003,1.0,14,13.0,136.8959,114.8204,-22.075500000000005,0.0,23,23.0
detached,run_0821,0.0,1.3889,1.3889,4.0,40.0,36.0,29.03,34.195,5.164999999999999,0.0,8,8.0,43.7522,43.2563,-0.4958999999999989,0.0,5,5.0
detached,run_0822,0.4902,2.8595,2.3693,15.0,57.0,42.0,30.722,35.392,4.670000000000002,4.0,36,32.0,295.2303,256.2714,-38.95889999999997,0.0,21,21.0
detached,run_0823,0.0,1.3889,1.3889,3.0,38.0,35.0,29.011,33.434,4.422999999999998,1.0,17,16.0,23.0887,23.2305,0.14179999999999993,0.0,3,3.0
detached,run_0824,0.1089,1.6068,1.4979,8.0,48.0,40.0,29.641,34.593,4.952000000000005,0.0,11,11.0,93.221,76.0357,-17.185299999999998,0.0,7,7.0
detached,run_0825,0.463,2.2603,1.7973,13.0,55.0,42.0,30.564,35.113,4.5489999999999995,5.0,35,30.0,110.9907,92.7162,-18.274500000000003,0.0,16,16.0
detached,run_0826,0.0817,1.4978,1.4161000000000001,5.0,45.0,40.0,29.539,34.551,5.0120000000000005,0.0,9,9.0,73.9039,73.998,0.09410000000001162,0.0,6,6.0
detached,run_0827,0.7625,2.0697,1.3072000000000001,17.0,58.0,41.0,30.899,35.487,4.588000000000001,1.0,18,17.0,178.6107,148.8918,-29.71890000000002,0.0,25,25.0
detached,run_0828,0.3813,1.7429,1.3616,11.0,52.0,41.0,30.363,35.173,4.810000000000002,0.0,12,12.0,112.5583,106.7392,-5.819100000000006,0.0,16,16.0
detached,run_0829,0.4085,1.6885,1.2799999999999998,12.0,52.0,40.0,30.41,35.07,4.66,1.0,13,12.0,109.0198,92.7594,-16.260400000000004,0.0,13,13.0
detached,run_0830,0.1906,1.634,1.4434,11.0,48.0,37.0,30.092,34.977,4.884999999999998,0.0,8,8.0,120.445,123.0497,2.6047000000000082,0.0,11,11.0
detached,run_0831,0.0545,1.4978,1.4433,4.0,43.0,39.0,29.296,34.397,5.100999999999999,0.0,9,9.0,57.683,59.3558,1.6728000000000023,0.0,5,5.0
detached,run_0832,0.1089,1.634,1.5251,9.0,49.0,40.0,29.781,34.731,4.950000000000003,0.0,11,11.0,81.6225,68.0851,-13.537400000000005,0.0,8,8.0
detached,run_0833,0.1089,1.5251,1.4162,6.0,48.0,42.0,29.497,34.49,4.993000000000002,0.0,11,11.0,52.2416,48.3802,-3.861399999999996,0.0,7,7.0
detached,run_0834,0.2723,1.6885,1.4162,11.0,50.0,39.0,30.042,34.819,4.777000000000001,0.0,14,14.0,82.5478,68.5169,-14.030899999999988,0.0,10,10.0
detached,run_0835,0.5447,2.9139,2.3692,14.0,56.0,42.0,30.712,35.382,4.669999999999998,6.0,38,32.0,305.369,268.4555,-36.913500000000056,0.0,22,22.0
detached,run_0836,0.354,1.7157,1.3617,12.0,51.0,39.0,30.244,35.032,4.787999999999997,0.0,12,12.0,147.2273,122.7668,-24.46050000000001,0.0,11,11.0
detached,run_0837,0.0545,1.4706,1.4161,5.0,43.0,38.0,29.213,34.247,5.033999999999999,0.0,12,12.0,44.4855,39.8712,-4.6143,0.0,5,5.0
detached,run_0838,0.2996,1.6612,1.3616000000000001,11.0,51.0,40.0,30.155,35.003,4.847999999999999,0.0,12,12.0,131.3944,117.6294,-13.764999999999986,0.0,10,10.0
detached,run_0839,0.1089,1.5251,1.4162,6.0,47.0,41.0,29.489,34.549,5.059999999999999,0.0,11,11.0,112.3774,91.1904,-21.186999999999998,0.0,7,7.0
detached,run_0840,0.0,1.3889,1.3889,3.0,41.0,38.0,29.035,34.195,5.16,0.0,12,12.0,45.3389,44.1126,-1.226300000000002,0.0,5,5.0
detached,run_0841,0.2996,1.6885,1.3889,11.0,51.0,40.0,30.238,35.073,4.835000000000001,0.0,11,11.0,138.3941,119.8758,-18.51830000000001,0.0,13,13.0
detached,run_0842,0.6536,2.5054,1.8518,18.0,58.0,40.0,30.859,35.549,4.689999999999998,4.0,29,25.0,318.2505,271.1809,-47.06959999999998,0.0,26,26.0
detached,run_0843,0.2179,1.7157,1.4978,10.0,50.0,40.0,29.968,34.821,4.852999999999998,0.0,16,16.0,104.4362,86.5016,-17.934600000000003,0.0,9,9.0
detached,run_0844,0.1362,1.6068,1.4706000000000001,9.0,48.0,39.0,29.861,34.722,4.861000000000001,1.0,13,12.0,87.5124,72.6248,-14.887600000000006,0.0,8,8.0
detached,run_0845,0.2451,1.6885,1.4433999999999998,11.0,50.0,39.0,30.086,34.974,4.887999999999998,1.0,16,15.0,123.4505,102.9422,-20.508300000000006,0.0,10,10.0
detached,run_0846,0.2451,1.7157,1.4706,10.0,50.0,40.0,30.057,34.584,4.527000000000005,1.0,15,14.0,40.1937,36.9099,-3.2837999999999994,0.0,8,8.0
detached,run_0847,0.0545,1.4434,1.3889,4.0,42.0,38.0,29.256,34.402,5.146000000000001,0.0,11,11.0,54.2423,51.5132,-2.7291000000000025,0.0,5,5.0
detached,run_0848,0.1089,1.634,1.5251,10.0,48.0,38.0,29.936,34.931,4.994999999999997,0.0,10,10.0,181.3519,147.9606,-33.3913,0.0,10,10.0
detached,run_0849,0.5991,2.8322,2.2331,15.0,56.0,41.0,30.723,35.074,4.350999999999999,6.0,43,37.0,76.8841,66.8969,-9.987200000000001,0.0,19,19.0
detached,run_0850,0.0,1.3617,1.3617,3.0,39.0,36.0,29.055,33.678,4.6229999999999976,0.0,11,11.0,32.7313,34.2756,1.5442999999999998,0.0,3,3.0
detached,run_0851,0.2451,1.6885,1.4433999999999998,10.0,50.0,40.0,29.944,34.764,4.820000000000004,1.0,18,17.0,61.8614,56.3774,-5.484000000000002,0.0,9,9.0
detached,run_0852,0.1634,1.6612,1.4978,9.0,50.0,41.0,29.842,34.694,4.852000000000004,0.0,14,14.0,83.5895,69.9284,-13.661100000000005,0.0,8,8.0
detached,run_0853,0.0545,1.4978,1.4433,4.0,42.0,38.0,29.245,34.262,5.0169999999999995,0.0,12,12.0,50.5406,42.0607,-8.4799,0.0,5,5.0
detached,run_0854,0.0817,1.4978,1.4161000000000001,5.0,46.0,41.0,29.446,34.487,5.041,0.0,11,11.0,72.2878,58.7125,-13.575300000000006,0.0,7,7.0
detached,run_0855,0.1906,1.634,1.4434,9.0,48.0,39.0,29.954,34.669,4.714999999999996,0.0,11,11.0,73.0944,64.4783,-8.616099999999989,0.0,8,8.0
detached,run_0856,0.0817,1.4978,1.4161000000000001,5.0,45.0,40.0,29.551,34.211,4.66,1.0,17,16.0,34.8556,33.1075,-1.7481000000000009,0.0,5,5.0
detached,run_0857,0.2451,1.6885,1.4433999999999998,10.0,50.0,40.0,30.179,34.956,4.777000000000005,0.0,14,14.0,86.388,76.7093,-9.678700000000006,0.0,10,10.0
detached,run_0858,0.2723,1.6612,1.3889,11.0,50.0,39.0,30.023,34.871,4.8480000000000025,0.0,11,11.0,76.8747,66.8538,-10.020899999999997,0.0,10,10.0
detached,run_0859,0.0545,1.4978,1.4433,5.0,45.0,40.0,29.235,34.371,5.136000000000003,0.0,11,11.0,68.8372,57.2342,-11.602999999999994,0.0,5,5.0
detached,run_0860,0.0,1.3617,1.3617,3.0,41.0,38.0,28.915,33.756,4.841000000000001,0.0,15,15.0,45.6766,48.0805,2.4039,0.0,3,3.0
detached,run_0861,0.1089,1.5523,1.4434,5.0,48.0,43.0,29.568,34.671,5.102999999999998,0.0,9,9.0,100.4191,82.0409,-18.378200000000007,0.0,8,8.0
detached,run_0862,0.1634,1.6885,1.5251,9.0,49.0,40.0,29.908,34.891,4.982999999999997,0.0,11,11.0,134.2272,112.0316,-22.195600000000013,0.0,9,9.0
detached,run_0863,0.0545,1.4978,1.4433,5.0,42.0,37.0,29.262,34.333,5.070999999999998,0.0,9,9.0,46.8737,45.275,-1.598700000000001,0.0,5,5.0
detached,run_0864,1.1166,2.2603,1.1437,21.0,60.0,39.0,31.453,35.663,4.209999999999997,1.0,21,20.0,110.57,94.351,-16.218999999999994,0.0,29,29.0
detached,run_0865,0.0,1.171,1.171,0.0,35.0,35.0,28.525,33.232,4.707000000000001,0.0,16,16.0,18.7232,19.3479,0.6247000000000007,0.0,2,2.0
detached,run_0866,0.1362,1.5251,1.3889,7.0,47.0,40.0,29.724,34.624,4.900000000000002,1.0,13,12.0,64.1862,57.6742,-6.5120000000000005,0.0,7,7.0
detached,run_0867,0.3813,1.7702,1.3889,12.0,51.0,39.0,30.331,34.829,4.498000000000001,1.0,16,15.0,44.4357,40.1247,-4.311,0.0,10,10.0
detached,run_0868,0.463,1.9063,1.4433,16.0,55.0,39.0,30.693,35.238,4.544999999999998,1.0,17,16.0,99.842,83.894,-15.947999999999993,0.0,19,19.0
detached,run_0869,0.0,1.3344,1.3344,3.0,40.0,37.0,28.89,34.058,5.167999999999999,0.0,9,9.0,41.172,42.2597,1.0877000000000052,0.0,5,5.0
detached,run_0870,0.0545,1.4706,1.4161,4.0,41.0,37.0,29.208,34.375,5.167000000000002,0.0,8,8.0,75.811,66.5611,-9.249900000000011,0.0,5,5.0
detached,run_0871,0.2451,1.7429,1.4977999999999998,9.0,46.0,37.0,30.024,34.099,4.074999999999996,2.0,22,20.0,31.0251,30.2765,-0.7485999999999997,0.0,6,6.0
detached,run_0872,0.5174,1.9063,1.3889,13.0,53.0,40.0,30.563,35.186,4.623000000000001,1.0,17,16.0,100.717,81.7475,-18.969499999999996,0.0,17,17.0
detached,run_0873,0.7625,1.9063,1.1438000000000001,20.0,60.0,40.0,31.108,35.526,4.418000000000003,4.0,23,19.0,113.0814,96.0164,-17.064999999999998,0.0,25,25.0
detached,run_0874,1.1438,3.0773,1.9335000000000002,21.0,63.0,42.0,31.492,35.948,4.4559999999999995,7.0,32,25.0,592.0347,492.232,-99.80270000000002,0.0,35,35.0
detached,run_0875,0.0545,1.4706,1.4161,4.0,45.0,41.0,29.393,34.527,5.134,0.0,8,8.0,82.7742,86.6865,3.912300000000002,0.0,5,5.0
detached,run_0876,0.3813,1.7157,1.3344,11.0,51.0,40.0,30.304,34.915,4.611000000000001,1.0,17,16.0,67.626,60.1444,-7.481600000000007,0.0,13,13.0
detached,run_0877,0.463,1.8246,1.3616,13.0,56.0,43.0,30.494,35.283,4.7890000000000015,0.0,12,12.0,140.5058,115.2388,-25.266999999999996,0.0,19,19.0
detached,run_0878,0.1089,1.5251,1.4162,6.0,47.0,41.0,29.471,34.524,5.053000000000001,0.0,11,11.0,60.1255,62.5571,2.431599999999996,0.0,7,7.0
detached,run_0879,0.1089,1.5795,1.4706,6.0,47.0,41.0,29.7,34.197,4.497000000000003,1.0,17,16.0,30.5656,28.2522,-2.3134000000000015,0.0,6,6.0
detached,run_0880,1.3072,2.5054,1.1982,22.0,65.0,43.0,31.367,35.953,4.586000000000002,1.0,13,12.0,435.554,355.8928,-79.66119999999995,0.0,33,33.0
detached,run_0881,0.0,1.2527,1.2527,1.0,38.0,37.0,28.742,33.761,5.019000000000002,0.0,9,9.0,25.9094,26.6154,0.7059999999999995,0.0,3,3.0
detached,run_0882,0.0817,1.4978,1.4161000000000001,5.0,47.0,42.0,29.358,34.453,5.095000000000002,0.0,14,14.0,69.2607,72.2846,3.0238999999999976,0.0,6,6.0
detached,run_0883,0.2996,1.6885,1.3889,11.0,49.0,38.0,30.356,35.023,4.667000000000002,1.0,11,10.0,120.147,103.6529,-16.494100000000003,0.0,14,14.0
detached,run_0884,0.0,1.3617,1.3617,3.0,40.0,37.0,28.897,34.135,5.2379999999999995,0.0,12,12.0,42.4502,41.7938,-0.656400000000005,0.0,5,5.0
detached,run_0885,0.0817,1.4706,1.3889,5.0,43.0,38.0,29.372,34.319,4.947000000000003,0.0,11,11.0,56.7146,59.7556,3.041000000000004,0.0,6,6.0
detached,run_0886,1.0893,2.2331,1.1438,22.0,63.0,41.0,31.372,35.847,4.475000000000001,1.0,17,16.0,220.2101,182.2659,-37.94420000000002,0.0,33,33.0
detached,run_0887,0.0545,1.4706,1.4161,4.0,42.0,38.0,29.308,34.355,5.046999999999997,0.0,11,11.0,56.984,49.0504,-7.933599999999998,0.0,5,5.0
detached,run_0888,0.0545,1.4706,1.4161,5.0,41.0,36.0,29.291,34.142,4.851000000000003,0.0,12,12.0,37.0587,36.3706,-0.6880999999999986,0.0,5,5.0
detached,run_0889,0.1362,1.634,1.4977999999999998,9.0,50.0,41.0,29.82,34.754,4.9339999999999975,0.0,11,11.0,63.1333,61.2784,-1.8549000000000007,0.0,8,8.0
detached,run_0890,0.0,1.4434,1.4434,4.0,42.0,38.0,29.09,34.237,5.147000000000002,0.0,12,12.0,47.9543,40.6986,-7.2557000000000045,0.0,5,5.0
detached,run_0891,0.0545,1.4978,1.4433,4.0,41.0,37.0,29.32,34.274,4.954000000000001,0.0,11,11.0,44.9906,38.9058,-6.084800000000001,0.0,5,5.0
detached,run_0892,0.1089,1.5795,1.4706,6.0,48.0,42.0,29.636,34.525,4.888999999999999,0.0,14,14.0,54.3263,47.9351,-6.391200000000005,0.0,7,7.0
detached,run_0893,0.1634,1.634,1.4706,10.0,48.0,38.0,29.97,34.847,4.8770000000000024,0.0,11,11.0,96.9555,89.7595,-7.195999999999998,0.0,9,9.0
detached,run_0894,0.2179,1.634,1.4161,9.0,49.0,40.0,29.996,34.801,4.805000000000003,1.0,14,13.0,94.6278,77.2315,-17.396299999999997,0.0,10,10.0
detached,run_0895,0.1089,1.5251,1.4162,6.0,47.0,41.0,29.557,34.6,5.043000000000003,0.0,9,9.0,75.9271,78.9014,2.9742999999999995,0.0,6,6.0
detached,run_0896,0.0,1.3344,1.3344,3.0,40.0,37.0,28.843,34.094,5.251000000000001,0.0,9,9.0,45.7186,47.9965,2.2778999999999954,0.0,5,5.0
detached,run_0897,0.4902,1.8246,1.3344,17.0,55.0,38.0,30.778,35.414,4.636000000000003,1.0,15,14.0,240.4251,195.7044,-44.720699999999994,0.0,23,23.0
detached,run_0898,0.1906,1.634,1.4434,10.0,50.0,40.0,29.971,34.756,4.785,0.0,11,11.0,90.0576,79.5497,-10.507899999999992,0.0,8,8.0
detached,run_0899,0.2451,1.6885,1.4433999999999998,11.0,52.0,41.0,30.077,34.869,4.791999999999998,1.0,16,15.0,59.7447,60.3137,0.5689999999999955,0.0,10,10.0
detached,run_0900,0.7353,2.0153,1.2799999999999998,18.0,57.0,39.0,31.081,35.584,4.503000000000004,0.0,13,13.0,322.0828,262.632,-59.450800000000015,0.0,27,27.0
detached,run_0901,1.2527,2.8595,1.6068000000000002,22.0,61.0,39.0,31.427,35.719,4.292000000000002,3.0,27,24.0,124.7168,104.6389,-20.0779,0.0,30,30.0
detached,run_0902,0.0,1.3617,1.3617,1.0,38.0,37.0,29.03,33.401,4.371000000000002,2.0,22,20.0,19.9155,19.9609,0.04539999999999722,0.0,3,3.0
detached,run_0903,0.3813,1.7429,1.3616,12.0,53.0,41.0,30.508,35.181,4.672999999999998,0.0,12,12.0,151.9159,130.8787,-21.037199999999984,0.0,16,16.0
detached,run_0904,0.4085,1.7702,1.3617,12.0,53.0,41.0,30.572,35.229,4.657,1.0,12,11.0,171.7194,147.4908,-24.2286,0.0,17,17.0
detached,run_0905,0.1089,1.5251,1.4162,6.0,47.0,41.0,29.574,34.516,4.941999999999997,0.0,11,11.0,64.0043,55.4238,-8.5805,0.0,7,7.0
detached,run_0906,0.0817,1.5251,1.4434,5.0,47.0,42.0,29.502,34.615,5.113000000000003,0.0,8,8.0,85.679,90.9106,5.2316,0.0,7,7.0
detached,run_0907,0.1634,1.6885,1.5251,10.0,50.0,40.0,29.77,34.586,4.815999999999999,1.0,15,14.0,60.6631,51.4452,-9.2179,0.0,7,7.0
detached,run_0908,0.1089,1.5523,1.4434,6.0,46.0,40.0,29.627,34.411,4.7840000000000025,0.0,12,12.0,48.3257,47.8629,-0.4627999999999943,0.0,5,5.0
detached,run_0909,0.3268,1.7429,1.4161,12.0,53.0,41.0,30.339,35.208,4.869,0.0,11,11.0,229.3557,198.0537,-31.30200000000002,0.0,15,15.0
detached,run_0910,0.4357,1.7974,1.3617000000000001,13.0,55.0,42.0,30.589,35.348,4.759,0.0,12,12.0,166.6018,141.6513,-24.950500000000005,0.0,21,21.0
detached,run_0911,0.5174,1.9063,1.3889,15.0,56.0,41.0,30.478,35.052,4.573999999999998,1.0,18,17.0,59.6449,50.5669,-9.078000000000003,0.0,16,16.0
detached,run_0912,0.3813,1.7157,1.3344,12.0,51.0,39.0,30.294,35.071,4.7769999999999975,0.0,11,11.0,126.4657,108.3076,-18.158100000000005,0.0,13,13.0
detached,run_0913,0.1089,1.5523,1.4434,8.0,48.0,40.0,29.692,34.717,5.024999999999999,0.0,11,11.0,139.9473,117.1217,-22.82560000000001,0.0,8,8.0
detached,run_0914,0.0545,1.4978,1.4433,5.0,44.0,39.0,29.296,34.033,4.737000000000002,1.0,16,15.0,22.4789,19.701,-2.777899999999999,0.0,5,5.0
detached,run_0915,0.0817,1.5251,1.4434,5.0,45.0,40.0,29.442,34.399,4.957000000000001,0.0,12,12.0,55.2964,51.4517,-3.844699999999996,0.0,5,5.0
detached,run_0916,0.7081,1.988,1.2799,18.0,53.0,35.0,30.88,34.792,3.9120000000000026,4.0,30,26.0,29.8935,26.1051,-3.7883999999999993,0.0,17,17.0
detached,run_0917,0.0272,1.4161,1.3889,5.0,43.0,38.0,29.334,34.043,4.709,1.0,16,15.0,31.2823,27.7828,-3.4994999999999976,0.0,5,5.0
detached,run_0918,0.2451,1.6612,1.4161,10.0,51.0,41.0,30.06,35.053,4.9929999999999986,0.0,12,12.0,195.1307,164.4373,-30.693399999999997,0.0,12,12.0
detached,run_0919,0.2179,1.634,1.4161,10.0,49.0,39.0,29.978,34.886,4.908000000000001,0.0,12,12.0,157.6044,131.3493,-26.2551,0.0,10,10.0
detached,run_0920,0.8715,2.1514,1.2799,19.0,58.0,39.0,30.99,35.377,4.387000000000004,2.0,28,26.0,98.2167,82.9053,-15.311400000000006,0.0,26,26.0
detached,run_0921,0.8715,2.1786,1.3070999999999997,19.0,58.0,39.0,31.075,35.431,4.355999999999998,1.0,24,23.0,122.902,101.6862,-21.2158,0.0,26,26.0
detached,run_0922,0.354,1.6885,1.3344999999999998,11.0,51.0,40.0,30.11,35.046,4.936,0.0,13,13.0,146.2382,121.3997,-24.83850000000001,0.0,11,11.0
detached,run_0923,0.2451,1.7157,1.4706,12.0,48.0,36.0,30.015,33.924,3.908999999999999,8.0,33,25.0,13.7919,13.3174,-0.4745000000000008,0.0,6,6.0
detached,run_0924,0.2451,1.634,1.3888999999999998,9.0,50.0,41.0,30.062,34.807,4.745000000000001,1.0,17,16.0,64.5152,61.0833,-3.4318999999999917,0.0,10,10.0
detached,run_0925,0.4085,2.0425,1.634,13.0,54.0,41.0,30.584,35.32,4.736000000000001,1.0,18,17.0,263.3818,211.2164,-52.165400000000005,0.0,21,21.0
detached,run_0926,0.5447,1.8791,1.3344,16.0,57.0,41.0,30.748,35.316,4.568000000000001,1.0,17,16.0,135.7349,113.7123,-22.02260000000001,0.0,18,18.0
detached,run_0927,0.1089,1.6068,1.4979,9.0,48.0,39.0,29.77,34.698,4.928000000000001,0.0,9,9.0,111.0672,101.8326,-9.2346,0.0,8,8.0
detached,run_0928,0.1089,1.6068,1.4979,6.0,48.0,42.0,29.6,34.701,5.100999999999999,0.0,11,11.0,192.1903,155.205,-36.985299999999995,0.0,8,8.0
detached,run_0929,0.7353,2.0153,1.2799999999999998,20.0,58.0,38.0,31.199,35.618,4.4190000000000005,1.0,17,16.0,226.2637,189.7004,-36.5633,0.0,27,27.0
detached,run_0930,0.4085,1.7157,1.3072,13.0,51.0,38.0,30.323,34.942,4.619,0.0,10,10.0,97.5281,101.189,3.660899999999998,0.0,12,12.0
detached,run_0931,0.1362,1.6068,1.4706000000000001,8.0,49.0,41.0,29.692,34.545,4.8530000000000015,1.0,16,15.0,50.543,46.6833,-3.8596999999999966,0.0,7,7.0
detached,run_0932,0.1362,1.634,1.4977999999999998,9.0,49.0,40.0,29.781,34.819,5.038000000000004,0.0,11,11.0,78.6391,81.4042,2.765100000000004,0.0,8,8.0
detached,run_0933,0.1089,1.5795,1.4706,8.0,48.0,40.0,29.724,34.671,4.946999999999999,0.0,11,11.0,61.6626,61.8637,0.20110000000000383,0.0,8,8.0
detached,run_0934,0.4085,1.7429,1.3344,12.0,53.0,41.0,30.269,35.117,4.847999999999999,1.0,13,12.0,131.1078,110.3343,-20.7735,0.0,13,13.0
detached,run_0935,0.2179,1.634,1.4161,10.0,50.0,40.0,29.955,34.8,4.844999999999999,0.0,11,11.0,96.1197,100.4407,4.321000000000012,0.0,8,8.0
detached,run_0936,0.8715,2.8595,1.988,19.0,59.0,40.0,31.008,35.518,4.510000000000002,5.0,38,33.0,199.9537,170.7408,-29.21289999999999,0.0,26,26.0
detached,run_0937,0.463,1.8246,1.3616,17.0,58.0,41.0,30.804,35.483,4.6789999999999985,1.0,12,11.0,315.4927,254.8267,-60.666000000000025,0.0,23,23.0
detached,run_0938,0.0,1.3344,1.3344,4.0,39.0,35.0,28.973,33.944,4.971000000000004,0.0,11,11.0,32.6965,31.9406,-0.7559000000000005,0.0,5,5.0
detached,run_0939,0.0,1.3617,1.3617,3.0,40.0,37.0,28.998,34.153,5.154999999999998,0.0,11,11.0,44.4617,45.8683,1.4065999999999974,0.0,5,5.0
detached,run_0940,0.4357,1.8519,1.4162000000000001,14.0,50.0,36.0,30.26,34.492,4.231999999999996,2.0,20,18.0,42.7773,41.7838,-0.9934999999999974,0.0,8,8.0
detached,run_0941,0.0545,1.4434,1.3889,4.0,41.0,37.0,29.212,34.295,5.083000000000002,0.0,8,8.0,58.3114,55.3057,-3.0056999999999974,0.0,5,5.0
detached,run_0942,0.0,1.4161,1.4161,4.0,40.0,36.0,29.041,34.264,5.2230000000000025,0.0,11,11.0,40.506,36.6322,-3.873800000000003,0.0,5,5.0
detached,run_0943,0.2451,1.6885,1.4433999999999998,10.0,51.0,41.0,29.952,34.84,4.888000000000002,1.0,15,14.0,68.0128,61.0407,-6.9720999999999975,0.0,10,10.0
detached,run_0944,0.0817,1.4978,1.4161000000000001,5.0,43.0,38.0,29.325,34.228,4.903000000000002,0.0,11,11.0,37.1402,37.5402,0.3999999999999986,0.0,5,5.0
detached,run_0945,0.1906,1.634,1.4434,10.0,48.0,38.0,30.012,34.714,4.701999999999998,0.0,10,10.0,79.5617,83.64,4.078299999999999,0.0,8,8.0
detached,run_0946,0.0545,1.4706,1.4161,4.0,44.0,40.0,29.212,34.414,5.202000000000002,0.0,11,11.0,63.9135,63.7858,-0.12769999999999726,0.0,5,5.0
detached,run_0947,0.0545,1.4978,1.4433,4.0,41.0,37.0,29.389,34.367,4.977999999999998,0.0,8,8.0,57.9321,55.8794,-2.0527000000000015,0.0,5,5.0
detached,run_0948,0.8442,2.0969,1.2527000000000004,21.0,58.0,37.0,31.195,35.686,4.491,1.0,12,11.0,221.1531,182.7769,-38.37619999999998,0.0,28,28.0
detached,run_0949,0.1634,1.634,1.4706,9.0,47.0,38.0,29.818,34.599,4.780999999999995,0.0,11,11.0,60.3091,55.4985,-4.810600000000001,0.0,8,8.0
detached,run_0950,0.1089,1.5795,1.4706,6.0,47.0,41.0,29.63,34.355,4.724999999999998,1.0,15,14.0,37.5643,35.8121,-1.752200000000002,0.0,6,6.0
detached,run_0951,0.0817,1.4978,1.4161000000000001,5.0,47.0,42.0,29.458,34.463,5.005000000000003,0.0,14,14.0,55.7048,52.3626,-3.3421999999999983,0.0,6,6.0
detached,run_0952,0.7081,2.5054,1.7973,15.0,56.0,41.0,30.773,34.993,4.220000000000002,5.0,43,38.0,50.0075,42.9697,-7.037799999999997,0.0,18,18.0
detached,run_0953,0.3813,1.8246,1.4433,12.0,54.0,42.0,30.559,35.288,4.728999999999996,0.0,15,15.0,292.2861,237.8947,-54.391399999999976,0.0,21,21.0
detached,run_0954,0.0545,1.3889,1.3344,4.0,40.0,36.0,29.192,34.194,5.0020000000000024,0.0,7,7.0,47.367,49.1466,1.779600000000002,0.0,5,5.0
detached,run_0955,0.463,1.7974,1.3344,14.0,54.0,40.0,30.674,35.08,4.405999999999999,2.0,21,19.0,75.3903,63.7557,-11.634599999999999,0.0,17,17.0
detached,run_0956,0.1906,1.634,1.4434,9.0,49.0,40.0,29.843,34.734,4.891000000000002,0.0,11,11.0,65.365,58.5801,-6.784899999999993,0.0,8,8.0
detached,run_0957,0.1089,1.5795,1.4706,8.0,49.0,41.0,29.796,34.81,5.014000000000003,0.0,11,11.0,87.0802,90.2447,3.1644999999999897,0.0,8,8.0
detached,run_0958,1.6885,2.9412,1.2527,25.0,66.0,41.0,31.779,36.063,4.2840000000000025,4.0,32,28.0,250.0472,211.1828,-38.86440000000002,0.0,36,36.0
detached,run_0959,0.1089,1.6068,1.4979,9.0,47.0,38.0,29.763,34.669,4.905999999999995,0.0,7,7.0,86.0851,85.5234,-0.5617000000000019,0.0,8,8.0
detached,run_0960,0.1089,1.634,1.5251,9.0,48.0,39.0,29.73,34.697,4.967000000000002,0.0,11,11.0,73.577,65.8224,-7.754599999999996,0.0,8,8.0
detached,run_0961,0.1089,1.6068,1.4979,9.0,49.0,40.0,29.81,34.766,4.9559999999999995,0.0,11,11.0,98.7363,97.0674,-1.6688999999999936,0.0,8,8.0
detached,run_0962,0.354,1.7157,1.3617,11.0,51.0,40.0,30.236,34.979,4.7429999999999986,0.0,12,12.0,66.2208,59.323,-6.897799999999997,0.0,12,12.0
detached,run_0963,0.4085,1.8246,1.4161000000000001,14.0,55.0,41.0,30.683,35.351,4.667999999999999,0.0,13,13.0,250.392,206.3109,-44.08109999999999,0.0,21,21.0
detached,run_0964,0.3813,1.7157,1.3344,11.0,51.0,40.0,30.22,34.865,4.645000000000003,1.0,13,12.0,67.1076,62.0485,-5.059100000000008,0.0,10,10.0
detached,run_0965,0.2451,1.7429,1.4977999999999998,10.0,52.0,42.0,30.074,34.896,4.821999999999999,1.0,17,16.0,93.5089,77.1473,-16.361599999999996,0.0,10,10.0
detached,run_0966,0.0,1.3617,1.3617,3.0,40.0,37.0,28.967,34.146,5.179000000000002,0.0,12,12.0,43.6696,43.2939,-0.3757000000000019,0.0,5,5.0
detached,run_0967,0.1089,1.6068,1.4979,9.0,48.0,39.0,29.871,34.799,4.928000000000001,0.0,8,8.0,107.2306,110.8152,3.584600000000009,0.0,8,8.0
detached,run_0968,0.1089,1.5523,1.4434,6.0,48.0,42.0,29.61,34.59,4.980000000000004,0.0,13,13.0,57.1548,50.8267,-6.328099999999999,0.0,7,7.0
detached,run_0969,0.0,1.3889,1.3889,4.0,40.0,36.0,29.095,34.195,5.100000000000001,0.0,10,10.0,40.0614,40.1907,0.12930000000000064,0.0,5,5.0
detached,run_0970,0.0817,1.4978,1.4161000000000001,5.0,47.0,42.0,29.444,34.546,5.102,0.0,11,11.0,68.5392,71.1278,2.5885999999999996,0.0,6,6.0
detached,run_0971,0.0,1.28,1.28,0.0,38.0,38.0,28.687,33.665,4.977999999999998,0.0,14,14.0,25.2391,24.6605,-0.5786000000000016,0.0,3,3.0
detached,run_0972,0.0817,1.4978,1.4161000000000001,5.0,45.0,40.0,29.574,34.458,4.883999999999997,0.0,13,13.0,53.1631,53.2221,0.0589999999999975,0.0,6,6.0
detached,run_0973,0.1089,1.6068,1.4979,9.0,48.0,39.0,29.931,34.876,4.944999999999997,0.0,7,7.0,117.7524,123.7748,6.022400000000005,0.0,8,8.0
detached,run_0974,0.4085,1.7974,1.3889,14.0,54.0,40.0,30.685,35.313,4.628000000000004,0.0,11,11.0,154.8984,132.2016,-22.696799999999996,0.0,20,20.0
detached,run_0975,0.1089,1.5251,1.4162,6.0,47.0,41.0,29.547,34.496,4.949000000000002,0.0,11,11.0,46.893,42.7036,-4.189399999999999,0.0,7,7.0
detached,run_0976,0.1089,1.5523,1.4434,7.0,47.0,40.0,29.664,34.657,4.992999999999995,0.0,8,8.0,95.0089,94.2804,-0.7284999999999968,0.0,8,8.0
detached,run_0977,0.0545,1.4706,1.4161,4.0,41.0,37.0,29.337,34.409,5.071999999999999,0.0,10,10.0,62.3333,63.1532,0.819899999999997,0.0,5,5.0
detached,run_0978,0.4085,1.7429,1.3344,14.0,54.0,40.0,30.474,35.108,4.633999999999997,1.0,15,14.0,69.5382,68.553,-0.9852000000000061,0.0,15,15.0
detached,run_0979,0.7625,1.8791,1.1166,19.0,59.0,40.0,30.948,35.455,4.506999999999998,4.0,23,19.0,85.5839,73.5303,-12.053600000000003,0.0,25,25.0
detached,run_0980,0.2179,1.6885,1.4706,10.0,50.0,40.0,29.933,34.814,4.881,0.0,12,12.0,72.4936,60.5388,-11.954799999999999,0.0,8,8.0
detached,run_0981,0.0817,1.4706,1.3889,5.0,44.0,39.0,29.459,34.46,5.001000000000001,0.0,14,14.0,57.0049,58.3429,1.338000000000001,0.0,6,6.0
detached,run_0982,0.4085,1.7702,1.3617,16.0,54.0,38.0,30.752,35.35,4.5980000000000025,0.0,11,11.0,181.3956,160.6734,-20.722200000000015,0.0,21,21.0
detached,run_0983,0.4085,1.7702,1.3617,12.0,51.0,39.0,30.254,35.083,4.828999999999997,0.0,13,13.0,133.7399,109.3809,-24.35900000000001,0.0,15,15.0
detached,run_0984,0.0,1.3889,1.3889,4.0,41.0,37.0,29.082,34.009,4.927,0.0,11,11.0,47.4569,49.9366,2.479700000000001,0.0,5,5.0
detached,run_0985,0.0,1.3344,1.3344,4.0,40.0,36.0,29.104,33.493,4.389000000000003,2.0,19,17.0,32.3603,33.7516,1.391300000000001,0.0,3,3.0
detached,run_0986,0.2451,1.7702,1.5251,12.0,51.0,39.0,30.014,34.551,4.537000000000003,2.0,22,20.0,37.4481,33.6191,-3.8289999999999935,0.0,8,8.0
detached,run_0987,1.4978,2.5054,1.0075999999999998,24.0,64.0,40.0,31.727,35.914,4.187000000000001,1.0,20,19.0,192.4643,161.2168,-31.247500000000002,0.0,35,35.0
detached,run_0988,0.1089,1.5251,1.4162,6.0,46.0,40.0,29.481,34.492,5.010999999999996,0.0,11,11.0,57.5447,49.2857,-8.259,0.0,6,6.0
detached,run_0989,0.2996,1.6885,1.3889,11.0,50.0,39.0,30.266,35.011,4.7450000000000045,0.0,12,12.0,161.1924,131.5351,-29.657299999999992,0.0,13,13.0
detached,run_0990,1.4978,3.2135,1.7156999999999998,27.0,64.0,37.0,31.873,36.005,4.1320000000000014,9.0,36,27.0,219.1127,182.6694,-36.443299999999994,0.0,36,36.0
detached,run_0991,0.3813,1.7157,1.3344,12.0,51.0,39.0,30.315,35.06,4.745000000000001,0.0,11,11.0,137.266,116.7115,-20.55449999999999,0.0,13,13.0
detached,run_0992,0.1362,1.6612,1.525,9.0,49.0,40.0,29.847,34.756,4.908999999999999,0.0,11,11.0,83.2255,70.4333,-12.792199999999994,0.0,8,8.0
detached,run_0993,0.4085,2.0153,1.6067999999999998,12.0,52.0,40.0,30.231,34.974,4.742999999999995,1.0,28,27.0,129.978,110.7536,-19.224400000000003,0.0,12,12.0
detached,run_0994,0.1089,1.5795,1.4706,7.0,47.0,40.0,29.596,34.532,4.935999999999996,0.0,11,11.0,51.4397,44.5524,-6.887300000000003,0.0,7,7.0
detached,run_0995,0.1634,1.634,1.4706,9.0,48.0,39.0,29.93,34.85,4.920000000000002,0.0,10,10.0,94.1631,86.4172,-7.745900000000006,0.0,9,9.0
detached,run_0996,0.0272,1.4161,1.3889,5.0,41.0,36.0,29.188,34.305,5.117000000000001,0.0,12,12.0,45.2325,37.8059,-7.4266000000000005,0.0,5,5.0
detached,run_0997,0.5174,1.8791,1.3617,17.0,56.0,39.0,30.682,35.324,4.6419999999999995,0.0,12,12.0,221.2323,178.6504,-42.58190000000002,0.0,22,22.0
detached,run_0998,0.4085,1.7974,1.3889,12.0,52.0,40.0,30.485,35.071,4.5859999999999985,1.0,17,16.0,135.424,111.034,-24.39,0.0,15,15.0
detached,run_0999,0.1362,1.6612,1.525,9.0,50.0,41.0,29.858,34.795,4.937000000000001,0.0,14,14.0,160.9377,133.0374,-27.900300000000016,0.0,9,9.0
detached,run_1000,0.3268,1.6885,1.3617,11.0,50.0,39.0,30.285,35.022,4.736999999999998,0.0,12,12.0,136.3601,116.4676,-19.892499999999984,0.0,12,12.0
detached,run_1001,0.354,1.7157,1.3617,12.0,52.0,40.0,30.457,35.048,4.591000000000001,1.0,13,12.0,108.292,93.1841,-15.1079,0.0,15,15.0
detached,run_1002,0.1089,1.5251,1.4162,6.0,45.0,39.0,29.482,34.384,4.902000000000001,0.0,11,11.0,53.413,46.5136,-6.8994,0.0,6,6.0
detached,run_1003,1.28,2.6144,1.3343999999999998,22.0,62.0,40.0,31.596,35.706,4.110000000000003,8.0,37,29.0,81.7979,68.2188,-13.579099999999997,0.0,32,32.0
detached,run_1004,0.2179,1.6068,1.3889,9.0,48.0,39.0,30.038,34.798,4.760000000000002,1.0,16,15.0,90.8201,73.458,-17.362099999999998,0.0,10,10.0
detached,run_1005,0.0272,1.4161,1.3889,4.0,41.0,37.0,29.148,34.302,5.154,0.0,9,9.0,52.0322,48.5262,-3.5060000000000002,0.0,5,5.0
detached,run_1006,0.1089,1.634,1.5251,10.0,49.0,39.0,29.961,34.801,4.840000000000003,0.0,11,11.0,76.8212,67.341,-9.48020000000001,0.0,9,9.0
detached,run_1007,0.4357,2.2059,1.7702000000000002,13.0,52.0,39.0,30.488,35.107,4.619,2.0,28,26.0,138.6945,115.5111,-23.183400000000006,0.0,17,17.0
detached,run_1008,0.2451,1.634,1.3888999999999998,10.0,48.0,38.0,29.872,34.716,4.844000000000001,0.0,7,7.0,87.2352,83.7515,-3.483700000000013,0.0,9,9.0
detached,run_1009,0.0817,1.4978,1.4161000000000001,5.0,45.0,40.0,29.639,34.261,4.622000000000003,0.0,14,14.0,67.3805,70.488,3.1075000000000017,0.0,5,5.0
detached,run_1010,0.1089,1.5523,1.4434,9.0,48.0,39.0,29.882,34.803,4.920999999999996,0.0,11,11.0,88.6386,93.2348,4.59620000000001,0.0,8,8.0
detached,run_1011,0.2451,1.8791,1.634,9.0,50.0,41.0,30.034,34.739,4.704999999999998,1.0,20,19.0,75.513,65.9238,-9.589200000000005,0.0,8,8.0
detached,run_1012,0.3813,2.2331,1.8518,12.0,53.0,41.0,30.325,35.217,4.8919999999999995,4.0,27,23.0,330.7774,280.1254,-50.65199999999999,0.0,17,17.0
detached,run_1013,0.2451,1.9063,1.6612,10.0,50.0,40.0,29.956,34.881,4.925000000000001,0.0,17,17.0,145.7728,122.5096,-23.263199999999983,0.0,10,10.0
detached,run_1014,0.5174,1.8246,1.3072,16.0,54.0,38.0,30.769,35.16,4.390999999999998,0.0,13,13.0,78.2876,69.8781,-8.409499999999994,0.0,19,19.0
detached,run_1015,0.6264,1.9063,1.2799,18.0,56.0,38.0,30.872,35.16,4.287999999999997,1.0,21,20.0,58.5753,50.9845,-7.5908000000000015,0.0,22,22.0
detached,run_1016,0.0,1.1983,1.1983,0.0,38.0,38.0,28.623,33.792,5.1690000000000005,0.0,8,8.0,25.9807,26.5973,0.6166000000000018,0.0,3,3.0
detached,run_1017,0.463,1.7702,1.3072,13.0,54.0,41.0,30.539,35.059,4.519999999999996,3.0,20,17.0,89.0697,75.6868,-13.382899999999992,0.0,13,13.0
detached,run_1018,0.1089,1.4978,1.3889,6.0,46.0,40.0,29.541,34.559,5.017999999999997,0.0,11,11.0,82.3784,81.0238,-1.354600000000005,0.0,7,7.0
detached,run_1019,0.8442,1.9063,1.0621,19.0,58.0,39.0,30.91,35.383,4.4730000000000025,1.0,21,20.0,70.8163,59.9841,-10.8322,0.0,26,26.0
detached,run_1020,0.0545,1.4706,1.4161,4.0,41.0,37.0,29.182,34.191,5.009000000000004,0.0,11,11.0,34.6764,31.2134,-3.463000000000001,0.0,5,5.0
detached,run_1021,0.2451,1.6068,1.3617,10.0,48.0,38.0,29.884,34.645,4.761000000000003,0.0,11,11.0,98.276,103.013,4.737000000000009,0.0,7,7.0
detached,run_1022,0.0,1.3344,1.3344,3.0,40.0,37.0,28.985,34.019,5.033999999999999,0.0,12,12.0,35.2844,32.3331,-2.9512999999999963,0.0,5,5.0
detached,run_1023,0.0817,1.4434,1.3617,5.0,43.0,38.0,29.323,34.401,5.078000000000003,0.0,11,11.0,52.8872,54.2408,1.3536000000000001,0.0,5,5.0
detached,run_1024,0.6808,2.0153,1.3344999999999998,17.0,58.0,41.0,30.991,35.558,4.567,1.0,19,18.0,229.0484,187.3503,-41.69809999999998,0.0,26,26.0
detached,run_1025,0.4902,1.8519,1.3617000000000001,16.0,56.0,40.0,30.733,35.36,4.626999999999999,1.0,12,11.0,121.8025,115.6435,-6.158999999999992,0.0,21,21.0
detached,run_1026,0.2451,1.7429,1.4977999999999998,12.0,50.0,38.0,30.103,34.665,4.561999999999998,1.0,17,16.0,41.986,39.6217,-2.3643,0.0,9,9.0
detached,run_1027,0.1906,1.6612,1.4706000000000001,9.0,49.0,40.0,29.928,34.784,4.855999999999998,0.0,12,12.0,83.7519,80.1697,-3.5822000000000003,0.0,8,8.0
detached,run_1028,0.7898,1.9608,1.1710000000000003,18.0,55.0,37.0,30.786,35.1,4.314,3.0,28,25.0,52.2342,42.9318,-9.302399999999999,0.0,19,19.0
detached,run_1029,0.1089,1.6068,1.4979,9.0,48.0,39.0,29.716,34.733,5.016999999999996,0.0,7,7.0,98.4254,103.8428,5.417400000000001,0.0,8,8.0
detached,run_1030,0.0817,1.4161,1.3344,5.0,43.0,38.0,29.256,34.242,4.985999999999997,1.0,16,15.0,51.9102,53.4859,1.5756999999999977,0.0,6,6.0
detached,run_1031,0.2451,1.6612,1.4161,10.0,50.0,40.0,30.042,34.81,4.768000000000001,1.0,16,15.0,73.8816,72.0865,-1.795100000000005,0.0,10,10.0
detached,run_1032,0.1906,1.6885,1.4979,9.0,49.0,40.0,29.894,34.737,4.8430000000000035,0.0,14,14.0,67.7693,56.5654,-11.203900000000004,0.0,8,8.0
detached,run_1033,0.0817,1.5251,1.4434,5.0,45.0,40.0,29.428,34.2,4.772000000000002,0.0,15,15.0,38.5243,38.0742,-0.45009999999999906,0.0,5,5.0
detached,run_1034,0.9804,3.0773,2.0969,21.0,57.0,36.0,31.192,35.179,3.987000000000002,12.0,51,39.0,36.6888,33.2739,-3.414900000000003,0.0,24,24.0
detached,run_1035,0.2723,1.6612,1.3889,11.0,50.0,39.0,30.16,34.911,4.751000000000001,0.0,12,12.0,67.3742,64.6654,-2.7087999999999965,0.0,10,10.0
detached,run_1036,0.4085,1.8246,1.4161000000000001,12.0,53.0,41.0,30.379,35.161,4.782,1.0,17,16.0,100.5009,90.7037,-9.797200000000004,0.0,15,15.0
detached,run_1037,0.1362,1.6068,1.4706000000000001,7.0,48.0,41.0,29.8,34.415,4.614999999999998,1.0,15,14.0,39.4874,37.9154,-1.5720000000000027,0.0,7,7.0
detached,run_1038,0.1089,1.6068,1.4979,9.0,48.0,39.0,29.818,34.75,4.931999999999999,0.0,8,8.0,105.9149,101.0929,-4.822000000000003,0.0,8,8.0
detached,run_1039,0.7898,1.9608,1.1710000000000003,21.0,57.0,36.0,31.115,35.217,4.102,1.0,18,17.0,65.0173,62.4646,-2.5527000000000086,0.0,22,22.0
detached,run_1040,0.0817,1.4706,1.3889,5.0,46.0,41.0,29.578,34.598,5.02,0.0,11,11.0,88.2382,86.1593,-2.0789000000000044,0.0,7,7.0
detached,run_1041,0.817,1.9608,1.1438000000000001,21.0,59.0,38.0,31.185,35.565,4.379999999999999,2.0,21,19.0,112.4785,102.77,-9.7085,0.0,27,27.0
detached,run_1042,0.7353,2.1242,1.3889,20.0,58.0,38.0,31.116,35.622,4.506,1.0,19,18.0,312.943,251.1738,-61.769199999999984,0.0,27,27.0
detached,run_1043,0.9532,2.0153,1.0620999999999998,20.0,62.0,42.0,31.595,35.76,4.164999999999999,1.0,19,18.0,134.6086,118.402,-16.206599999999995,0.0,27,27.0
detached,run_1044,0.0817,1.5251,1.4434,5.0,46.0,41.0,29.414,34.404,4.990000000000002,0.0,14,14.0,64.212,55.3169,-8.895100000000006,0.0,5,5.0
detached,run_1045,0.2179,1.634,1.4161,10.0,48.0,38.0,30.015,34.961,4.945999999999998,0.0,8,8.0,125.3101,119.6075,-5.702600000000004,0.0,11,11.0
detached,run_1046,0.1089,1.5523,1.4434,8.0,47.0,39.0,29.848,34.698,4.850000000000001,0.0,10,10.0,91.6534,94.449,2.795599999999993,0.0,8,8.0
detached,run_1047,0.4085,2.1242,1.7157,12.0,53.0,41.0,30.453,35.182,4.729000000000003,0.0,21,21.0,183.1661,157.7988,-25.3673,0.0,17,17.0
detached,run_1048,0.0272,1.4161,1.3889,4.0,40.0,36.0,29.14,34.228,5.088000000000001,0.0,11,11.0,54.474,57.3328,2.8588000000000022,0.0,5,5.0
detached,run_1049,0.2179,1.634,1.4161,11.0,49.0,38.0,30.047,34.92,4.873000000000001,0.0,11,11.0,140.6091,118.3358,-22.273300000000006,0.0,10,10.0
detached,run_1050,0.1906,1.5795,1.3889,6.0,44.0,38.0,29.748,34.252,4.504000000000001,2.0,19,17.0,31.3264,29.85,-1.4763999999999982,0.0,6,6.0
detached,run_1051,0.7625,1.9063,1.1438000000000001,20.0,58.0,38.0,31.193,35.451,4.257999999999999,1.0,19,18.0,111.371,96.1919,-15.179099999999991,0.0,25,25.0
detached,run_1052,0.1089,1.6068,1.4979,8.0,48.0,40.0,29.723,34.744,5.021000000000001,0.0,10,10.0,90.9171,93.0706,2.153499999999994,0.0,8,8.0
detached,run_1053,0.2451,1.6885,1.4433999999999998,10.0,51.0,41.0,29.991,34.696,4.704999999999998,1.0,20,19.0,48.9515,42.5997,-6.351800000000004,0.0,8,8.0
detached,run_1054,0.2451,1.6885,1.4433999999999998,10.0,50.0,40.0,29.857,34.685,4.828000000000003,1.0,15,14.0,45.9024,42.3634,-3.5390000000000015,0.0,8,8.0
detached,run_1055,0.2451,1.634,1.3888999999999998,9.0,50.0,41.0,29.89,34.675,4.784999999999997,1.0,16,15.0,53.1262,47.5831,-5.5430999999999955,0.0,8,8.0
detached,run_1056,0.4085,1.7429,1.3344,12.0,53.0,41.0,30.498,35.217,4.718999999999998,0.0,11,11.0,130.8173,119.2107,-11.606599999999986,0.0,17,17.0
detached,run_1057,0.1634,1.5523,1.3889,8.0,49.0,41.0,29.768,34.543,4.774999999999999,0.0,14,14.0,66.966,69.1457,2.179700000000011,0.0,6,6.0
detached,run_1058,0.1089,1.634,1.5251,9.0,48.0,39.0,29.961,34.853,4.892000000000003,0.0,10,10.0,89.8891,84.3237,-5.565399999999997,0.0,10,10.0
detached,run_1059,0.0817,1.5251,1.4434,5.0,48.0,43.0,29.545,34.625,5.079999999999998,0.0,11,11.0,80.3255,80.3441,0.01859999999999218,0.0,7,7.0
detached,run_1060,0.0,1.3889,1.3889,4.0,41.0,37.0,29.03,34.22,5.189999999999998,0.0,11,11.0,51.2182,53.6542,2.436,0.0,5,5.0
detached,run_1061,0.1089,1.5251,1.4162,6.0,46.0,40.0,29.553,34.479,4.925999999999998,0.0,11,11.0,52.7634,54.4763,1.7129000000000048,0.0,5,5.0
detached,run_1062,0.4085,1.7429,1.3344,12.0,54.0,42.0,30.534,35.172,4.637999999999998,1.0,15,14.0,75.5092,67.1932,-8.316000000000003,0.0,16,16.0
detached,run_1063,0.0817,1.6068,1.5251000000000001,5.0,47.0,42.0,29.552,34.573,5.021000000000001,0.0,11,11.0,119.7271,97.639,-22.088099999999997,0.0,7,7.0
detached,run_1064,0.2451,1.6612,1.4161,11.0,49.0,38.0,30.169,34.983,4.8139999999999965,0.0,11,11.0,120.2834,106.7532,-13.530199999999994,0.0,12,12.0
detached,run_1065,0.0817,1.5251,1.4434,5.0,46.0,41.0,29.487,34.365,4.878000000000004,0.0,14,14.0,36.3454,31.2358,-5.109599999999997,0.0,6,6.0
detached,run_1066,0.5174,1.7974,1.2800000000000002,14.0,52.0,38.0,30.687,35.255,4.568000000000001,1.0,15,14.0,133.9849,112.3957,-21.589200000000005,0.0,21,21.0
detached,run_1067,0.2179,1.634,1.4161,10.0,50.0,40.0,29.909,34.954,5.045000000000002,0.0,12,12.0,225.8187,181.2983,-44.520399999999995,0.0,10,10.0
detached,run_1068,0.0817,1.5251,1.4434,5.0,46.0,41.0,29.576,34.534,4.957999999999998,0.0,11,11.0,88.4901,78.5307,-9.959400000000002,0.0,7,7.0
detached,run_1069,0.3268,1.7702,1.4434,12.0,50.0,38.0,30.117,34.892,4.775000000000002,0.0,14,14.0,79.6842,66.6296,-13.054600000000008,0.0,10,10.0
detached,run_1070,0.0,1.3617,1.3617,3.0,40.0,37.0,28.938,34.089,5.151,0.0,12,12.0,35.2511,33.8645,-1.3866000000000014,0.0,5,5.0
detached,run_1071,0.1089,1.634,1.5251,9.0,48.0,39.0,29.805,34.677,4.872,0.0,11,11.0,99.8575,87.4458,-12.411699999999996,0.0,8,8.0
detached,run_1072,0.1634,1.634,1.4706,9.0,47.0,38.0,29.899,34.62,4.7209999999999965,0.0,10,10.0,75.0926,78.8398,3.7471999999999923,0.0,8,8.0
detached,run_1073,0.2451,1.6612,1.4161,10.0,50.0,40.0,29.977,34.611,4.633999999999997,1.0,15,14.0,49.6489,46.7376,-2.911299999999997,0.0,8,8.0
detached,run_1074,0.0,1.28,1.28,2.0,40.0,38.0,28.824,33.996,5.172000000000001,0.0,9,9.0,31.4099,26.8648,-4.5451000000000015,0.0,5,5.0
detached,run_1075,0.0,1.3889,1.3889,4.0,40.0,36.0,29.047,33.976,4.9289999999999985,0.0,13,13.0,27.9836,26.8366,-1.1469999999999985,0.0,5,5.0
detached,run_1076,0.0817,1.5251,1.4434,6.0,48.0,42.0,29.508,34.505,4.997000000000003,0.0,14,14.0,52.2463,45.0377,-7.208599999999997,0.0,6,6.0
detached,run_1077,0.354,1.8246,1.4706000000000001,11.0,52.0,41.0,30.378,34.931,4.552999999999997,1.0,22,21.0,67.9781,59.5367,-8.441399999999994,0.0,11,11.0
detached,run_1078,0.0,1.3344,1.3344,3.0,40.0,37.0,28.993,34.152,5.1590000000000025,0.0,10,10.0,43.0329,41.1076,-1.9253,0.0,5,5.0
detached,run_1079,0.4085,1.7157,1.3072,12.0,52.0,40.0,30.383,34.927,4.5440000000000005,1.0,14,13.0,60.3508,57.3008,-3.049999999999997,0.0,13,13.0
detached,run_1080,0.0,1.3344,1.3344,3.0,39.0,36.0,28.859,33.825,4.966000000000001,0.0,14,14.0,23.7731,19.4098,-4.363299999999999,0.0,4,4.0
detached,run_1081,0.0817,1.5523,1.4706000000000001,5.0,48.0,43.0,29.563,34.491,4.928000000000001,0.0,13,13.0,55.8994,47.5512,-8.348199999999999,0.0,7,7.0
detached,run_1082,0.0,1.3889,1.3889,5.0,43.0,38.0,29.35,33.992,4.641999999999996,1.0,17,16.0,46.0649,47.4652,1.4003000000000014,0.0,5,5.0
detached,run_1083,0.0817,1.4706,1.3889,5.0,45.0,40.0,29.432,34.485,5.053000000000001,0.0,11,11.0,69.2255,59.6064,-9.619099999999996,0.0,6,6.0
detached,run_1084,0.0,1.3072,1.3072,0.0,38.0,38.0,28.949,33.427,4.477999999999998,1.0,19,18.0,29.6919,31.0963,1.404399999999999,0.0,3,3.0
detached,run_1085,0.1089,1.6068,1.4979,9.0,48.0,39.0,29.759,34.732,4.972999999999999,0.0,11,11.0,125.0726,105.0119,-20.060699999999997,0.0,8,8.0
detached,run_1086,0.1089,1.6068,1.4979,9.0,48.0,39.0,29.758,34.711,4.952999999999999,0.0,11,11.0,93.5425,77.8084,-15.734099999999998,0.0,8,8.0
detached,run_1087,0.1362,1.6068,1.4706000000000001,8.0,49.0,41.0,29.797,34.66,4.862999999999996,0.0,12,12.0,61.2311,56.0945,-5.136600000000001,0.0,8,8.0
detached,run_1088,0.4085,1.7702,1.3617,13.0,54.0,41.0,30.48,35.256,4.776,1.0,16,15.0,166.0007,136.3182,-29.682500000000005,0.0,16,16.0
detached,run_1089,1.3344,2.342,1.0076,23.0,62.0,39.0,31.639,35.783,4.144000000000002,4.0,26,22.0,106.1952,89.3482,-16.846999999999994,0.0,32,32.0
detached,run_1090,0.5991,2.1514,1.5523000000000002,17.0,57.0,40.0,30.883,35.447,4.564000000000004,1.0,17,16.0,271.1613,221.6072,-49.55409999999998,0.0,26,26.0
detached,run_1091,0.7353,2.1242,1.3889,15.0,58.0,43.0,30.714,35.281,4.567,2.0,25,23.0,81.5865,67.7193,-13.867199999999997,0.0,21,21.0
detached,run_1092,0.3813,1.7157,1.3344,12.0,50.0,38.0,30.335,34.682,4.347000000000001,1.0,15,14.0,46.0129,44.6481,-1.3648000000000025,0.0,9,9.0
detached,run_1093,0.1362,1.5795,1.4432999999999998,8.0,45.0,37.0,29.814,34.334,4.520000000000003,4.0,23,19.0,48.7182,50.6092,1.8909999999999982,0.0,7,7.0
detached,run_1094,0.0817,1.5523,1.4706000000000001,5.0,46.0,41.0,29.607,34.395,4.788000000000004,0.0,14,14.0,38.3145,36.9668,-1.3477000000000032,0.0,6,6.0
detached,run_1095,0.3813,1.7157,1.3344,12.0,52.0,40.0,30.465,35.039,4.574000000000002,0.0,11,11.0,89.849,85.9078,-3.941200000000009,0.0,14,14.0
detached,run_1096,0.0817,1.5251,1.4434,5.0,46.0,41.0,29.498,34.561,5.062999999999999,0.0,9,9.0,59.4148,60.099,0.684199999999997,0.0,6,6.0
detached,run_1097,0.1362,1.5795,1.4432999999999998,7.0,42.0,35.0,29.751,33.957,4.2059999999999995,4.0,22,18.0,44.5203,47.0559,2.5356000000000023,0.0,5,5.0
detached,run_1098,0.0,1.3344,1.3344,3.0,39.0,36.0,28.904,33.991,5.087,0.0,12,12.0,35.5016,35.1986,-0.3030000000000044,0.0,5,5.0
detached,run_1099,0.2723,1.6612,1.3889,11.0,50.0,39.0,30.096,34.945,4.849,0.0,12,12.0,94.7655,83.5482,-11.217300000000009,0.0,10,10.0
detached,run_1100,0.2179,1.634,1.4161,11.0,49.0,38.0,30.152,35.007,4.854999999999997,0.0,8,8.0,114.3416,111.4837,-2.8579000000000008,0.0,11,11.0
detached,run_1101,0.0,1.3617,1.3617,2.0,41.0,39.0,28.942,33.675,4.732999999999997,0.0,15,15.0,37.6023,38.9197,1.3173999999999992,0.0,3,3.0
detached,run_1102,1.28,3.3769,2.0968999999999998,22.0,64.0,42.0,31.464,35.907,4.442999999999998,5.0,35,30.0,474.9946,412.0894,-62.90519999999998,0.0,36,36.0
detached,run_1103,0.2451,1.6885,1.4433999999999998,10.0,50.0,40.0,30.103,34.836,4.732999999999997,0.0,12,12.0,89.641,76.256,-13.385000000000005,0.0,9,9.0
detached,run_1104,0.2451,1.6612,1.4161,10.0,50.0,40.0,29.919,34.539,4.620000000000001,1.0,15,14.0,45.28,41.0494,-4.230600000000003,0.0,8,8.0
detached,run_1105,0.1089,1.5251,1.4162,5.0,48.0,43.0,29.619,34.624,5.005000000000003,0.0,11,11.0,74.2502,70.8371,-3.4131,0.0,7,7.0
detached,run_1106,0.0817,1.4434,1.3617,5.0,42.0,37.0,29.33,34.236,4.905999999999999,0.0,12,12.0,43.0534,40.749,-2.304400000000001,0.0,5,5.0
detached,run_1107,1.0621,2.1242,1.0621,22.0,61.0,39.0,31.699,35.477,3.777999999999995,1.0,19,18.0,82.8906,75.4269,-7.463700000000003,0.0,29,29.0
detached,run_1108,0.1362,1.6068,1.4706000000000001,9.0,49.0,40.0,29.805,34.724,4.918999999999997,0.0,12,12.0,86.7481,72.4686,-14.279499999999999,0.0,8,8.0
detached,run_1109,0.2451,1.6612,1.4161,10.0,50.0,40.0,29.928,34.78,4.852,1.0,15,14.0,65.3187,58.5715,-6.7472000000000065,0.0,9,9.0
detached,run_1110,0.7898,1.8791,1.0893000000000002,19.0,58.0,39.0,31.009,35.437,4.427999999999997,3.0,22,19.0,99.9561,84.2266,-15.729500000000002,0.0,25,25.0
detached,run_1111,0.1906,1.5795,1.3889,6.0,47.0,41.0,29.738,34.208,4.469999999999999,1.0,15,14.0,34.5312,33.9934,-0.5377999999999972,0.0,5,5.0
detached,run_1112,0.0817,1.5251,1.4434,6.0,46.0,40.0,29.532,34.329,4.797000000000001,0.0,12,12.0,43.2501,38.3978,-4.852300000000007,0.0,5,5.0
detached,run_1113,0.2451,1.6885,1.4433999999999998,10.0,50.0,40.0,30.033,34.811,4.777999999999999,1.0,15,14.0,75.4007,63.8127,-11.588000000000001,0.0,10,10.0
detached,run_1114,0.6536,1.8791,1.2255,17.0,58.0,41.0,30.701,35.362,4.661000000000001,1.0,20,19.0,114.1357,96.7427,-17.393,0.0,21,21.0
detached,run_1115,0.0545,1.4978,1.4433,4.0,43.0,39.0,29.266,34.338,5.072000000000003,0.0,10,10.0,54.2046,51.2523,-2.952300000000001,0.0,5,5.0
detached,run_1116,0.2723,1.6885,1.4162,11.0,50.0,39.0,30.063,34.86,4.797000000000001,1.0,13,12.0,81.4056,70.0689,-11.336700000000008,0.0,10,10.0
detached,run_1117,0.7081,1.988,1.2799,18.0,58.0,40.0,30.999,35.656,4.657,1.0,13,12.0,308.0183,250.8399,-57.17840000000001,0.0,28,28.0
detached,run_1118,0.1634,1.6068,1.4434,9.0,48.0,39.0,29.974,34.581,4.607000000000003,0.0,11,11.0,55.3009,55.7813,0.48040000000000305,0.0,8,8.0
detached,run_1119,0.2996,1.7157,1.4161000000000001,11.0,51.0,40.0,30.213,34.761,4.548000000000002,1.0,15,14.0,54.4448,53.6804,-0.764400000000002,0.0,10,10.0
detached,run_1120,0.0,1.3617,1.3617,3.0,40.0,37.0,29.004,34.248,5.243999999999996,0.0,8,8.0,49.6273,50.2859,0.6585999999999999,0.0,5,5.0
detached,run_1121,0.2723,1.6885,1.4162,11.0,50.0,39.0,30.228,34.826,4.597999999999999,1.0,13,12.0,66.033,67.0175,0.984499999999997,0.0,10,10.0
detached,run_1122,0.2996,1.7157,1.4161000000000001,11.0,50.0,39.0,30.148,34.915,4.7669999999999995,0.0,12,12.0,71.6044,61.7158,-9.888599999999997,0.0,11,11.0
detached,run_1123,0.0817,1.5251,1.4434,5.0,46.0,41.0,29.473,34.542,5.069000000000003,0.0,11,11.0,80.2544,83.0871,2.8327000000000027,0.0,6,6.0
detached,run_1124,0.1089,1.5251,1.4162,6.0,49.0,43.0,29.684,34.659,4.974999999999998,0.0,11,11.0,88.2046,92.8048,4.600200000000001,0.0,7,7.0
detached,run_1125,0.354,1.8246,1.4706000000000001,12.0,46.0,34.0,30.201,33.98,3.7789999999999964,2.0,27,25.0,21.9489,21.5859,-0.36299999999999955,0.0,5,5.0
detached,run_1126,0.7625,1.988,1.2255,20.0,57.0,37.0,31.03,35.172,4.141999999999996,3.0,24,21.0,49.8542,45.112,-4.742199999999997,0.0,23,23.0
detached,run_1127,0.2451,1.7157,1.4706,9.0,46.0,37.0,29.949,33.984,4.035,2.0,25,23.0,22.0023,21.1001,-0.9022000000000006,0.0,6,6.0
detached,run_1128,0.5991,1.9063,1.3072000000000001,15.0,58.0,43.0,30.647,35.324,4.677,1.0,21,20.0,114.9092,94.22,-20.6892,0.0,21,21.0
detached,run_1129,0.2996,1.7429,1.4432999999999998,11.0,51.0,40.0,30.085,34.963,4.878,1.0,16,15.0,99.1644,92.6211,-6.543300000000002,0.0,10,10.0
detached,run_1130,0.0,1.3889,1.3889,3.0,40.0,37.0,29.053,33.697,4.644000000000002,0.0,16,16.0,16.2879,14.1995,-2.0884,0.0,3,3.0
detached,run_1131,0.0545,1.4706,1.4161,5.0,44.0,39.0,29.228,34.365,5.1370000000000005,0.0,12,12.0,45.6794,40.9246,-4.754800000000003,0.0,5,5.0
detached,run_1132,0.0817,1.4706,1.3889,5.0,47.0,42.0,29.404,34.485,5.0809999999999995,0.0,12,12.0,55.6066,47.3317,-8.274900000000002,0.0,6,6.0
detached,run_1133,0.463,1.8519,1.3889,16.0,57.0,41.0,30.683,35.456,4.773000000000003,1.0,14,13.0,229.6699,185.6095,-44.060400000000016,0.0,22,22.0
detached,run_1134,0.0545,1.4978,1.4433,5.0,43.0,38.0,29.22,34.249,5.0290000000000035,0.0,12,12.0,51.5879,43.9891,-7.598799999999997,0.0,5,5.0
detached,run_1135,0.0,1.3344,1.3344,3.0,42.0,39.0,29.056,33.566,4.510000000000002,2.0,22,20.0,68.8684,72.6368,3.7683999999999997,0.0,4,4.0
detached,run_1136,0.3813,1.7157,1.3344,12.0,50.0,38.0,30.264,35.026,4.762000000000004,0.0,12,12.0,125.0965,104.4372,-20.6593,0.0,13,13.0
detached,run_1137,0.0817,1.4434,1.3617,5.0,41.0,36.0,29.311,34.265,4.954000000000001,0.0,11,11.0,48.1725,48.3066,0.13410000000000366,0.0,5,5.0
detached,run_1138,0.0545,1.4978,1.4433,4.0,45.0,41.0,29.453,34.531,5.077999999999999,0.0,9,9.0,72.4433,71.6081,-0.8352000000000004,0.0,6,6.0
detached,run_1139,0.1089,1.634,1.5251,9.0,48.0,39.0,29.82,34.709,4.889000000000003,0.0,11,11.0,133.7722,108.2002,-25.572000000000003,0.0,8,8.0
detached,run_1140,0.0545,1.3889,1.3344,4.0,40.0,36.0,29.192,34.28,5.088000000000001,0.0,7,7.0,59.4615,63.0792,3.6176999999999992,0.0,5,5.0
detached,run_1141,0.0,1.4161,1.4161,3.0,40.0,37.0,28.979,34.184,5.204999999999998,0.0,11,11.0,60.8004,50.0803,-10.720100000000002,0.0,5,5.0
detached,run_1142,0.1906,1.6612,1.4706000000000001,10.0,50.0,40.0,29.908,34.9,4.991999999999997,0.0,11,11.0,119.0883,103.8792,-15.209100000000007,0.0,10,10.0
detached,run_1143,0.6264,2.0697,1.4433000000000002,15.0,57.0,42.0,30.719,35.344,4.625,1.0,21,20.0,151.9321,124.4687,-27.463399999999993,0.0,25,25.0
detached,run_1144,0.0817,1.5795,1.4977999999999998,6.0,48.0,42.0,29.703,34.399,4.6960000000000015,1.0,17,16.0,40.6821,35.1541,-5.527999999999999,0.0,6,6.0
detached,run_1145,0.0817,1.5251,1.4434,5.0,48.0,43.0,29.617,34.586,4.968999999999998,0.0,13,13.0,64.0714,64.314,0.24259999999999593,0.0,7,7.0
detached,run_1146,0.0817,1.5523,1.4706000000000001,5.0,45.0,40.0,29.435,34.404,4.969000000000005,0.0,11,11.0,41.5186,40.2236,-1.2950000000000017,0.0,5,5.0
detached,run_1147,0.0,1.3617,1.3617,4.0,40.0,36.0,29.023,34.069,5.046000000000003,0.0,12,12.0,31.9999,27.0553,-4.944600000000001,0.0,5,5.0
detached,run_1148,0.1089,1.6068,1.4979,7.0,48.0,41.0,29.607,34.541,4.9339999999999975,0.0,13,13.0,53.1956,45.4838,-7.711799999999997,0.0,7,7.0
detached,run_1149,0.1089,1.634,1.5251,9.0,49.0,40.0,29.792,34.785,4.992999999999995,0.0,11,11.0,119.4073,97.1654,-22.2419,0.0,8,8.0
detached,run_1150,0.4085,1.7702,1.3617,12.0,52.0,40.0,30.495,34.985,4.489999999999998,1.0,14,13.0,71.8238,68.2084,-3.615400000000008,0.0,14,14.0
detached,run_1151,0.0545,1.3889,1.3344,4.0,40.0,36.0,29.184,34.177,4.9929999999999986,0.0,8,8.0,51.8661,53.7629,1.896799999999999,0.0,5,5.0
detached,run_1152,0.1634,1.6068,1.4434,7.0,49.0,42.0,29.73,34.498,4.767999999999997,1.0,14,13.0,47.4435,43.6546,-3.788899999999998,0.0,7,7.0
detached,run_1153,0.2179,1.6612,1.4433,10.0,49.0,39.0,29.915,34.816,4.901000000000003,0.0,11,11.0,91.3371,81.1075,-10.229600000000005,0.0,9,9.0
detached,run_1154,0.1089,1.634,1.5251,8.0,49.0,41.0,29.759,34.675,4.915999999999997,0.0,12,12.0,61.2991,57.8313,-3.467800000000004,0.0,8,8.0
detached,run_1155,0.1089,1.6068,1.4979,9.0,48.0,39.0,29.935,34.85,4.915000000000003,0.0,7,7.0,109.0179,114.7286,5.710700000000003,0.0,9,9.0
detached,run_1156,0.2179,1.6612,1.4433,10.0,48.0,38.0,30.12,34.862,4.742000000000001,0.0,11,11.0,133.4431,120.1235,-13.31959999999998,0.0,10,10.0
detached,run_1157,0.0817,1.4978,1.4161000000000001,5.0,45.0,40.0,29.505,34.29,4.785,1.0,17,16.0,58.0788,59.8265,1.7477000000000018,0.0,6,6.0
detached,run_1158,0.354,1.6885,1.3344999999999998,11.0,51.0,40.0,30.299,35.076,4.777000000000001,0.0,11,11.0,116.0018,111.9185,-4.083300000000008,0.0,12,12.0
detached,run_1159,0.5174,1.8519,1.3345000000000002,16.0,54.0,38.0,30.803,35.296,4.4929999999999986,1.0,12,11.0,106.366,93.0387,-13.327299999999994,0.0,20,20.0
detached,run_1160,0.2179,1.6068,1.3889,9.0,50.0,41.0,29.804,34.628,4.824000000000002,1.0,18,17.0,76.2392,72.1098,-4.12939999999999,0.0,7,7.0
detached,run_1161,0.3813,1.7702,1.3889,12.0,52.0,40.0,30.538,35.15,4.611999999999998,1.0,13,12.0,191.8019,158.8943,-32.9076,0.0,17,17.0
detached,run_1162,0.1089,1.5251,1.4162,6.0,49.0,43.0,29.621,34.665,5.0440000000000005,0.0,11,11.0,65.977,61.7957,-4.181300000000007,0.0,8,8.0
detached,run_1163,0.0,1.3072,1.3072,3.0,40.0,37.0,28.969,34.054,5.085000000000001,0.0,8,8.0,41.5353,42.7235,1.188200000000002,0.0,5,5.0
detached,run_1164,0.1089,1.6068,1.4979,7.0,48.0,41.0,29.639,34.568,4.9289999999999985,0.0,12,12.0,51.8552,45.6376,-6.2176000000000045,0.0,7,7.0
detached,run_1165,0.2723,1.7157,1.4434,11.0,51.0,40.0,30.212,35.031,4.818999999999999,0.0,11,11.0,82.1268,78.4528,-3.6740000000000066,0.0,10,10.0
detached,run_1166,0.1906,1.634,1.4434,9.0,48.0,39.0,29.931,34.876,4.944999999999997,0.0,9,9.0,92.9943,91.4318,-1.5625,0.0,9,9.0
detached,run_1167,0.2451,1.634,1.3888999999999998,10.0,50.0,40.0,30.021,34.799,4.777999999999999,0.0,11,11.0,79.6516,77.1645,-2.487099999999998,0.0,9,9.0
detached,run_1168,0.1089,1.6068,1.4979,8.0,47.0,39.0,29.641,34.685,5.044000000000004,0.0,9,9.0,120.0879,97.5842,-22.50370000000001,0.0,8,8.0
detached,run_1169,0.4085,1.7429,1.3344,13.0,52.0,39.0,30.544,35.08,4.535999999999998,0.0,11,11.0,95.0569,90.5518,-4.505099999999999,0.0,16,16.0
detached,run_1170,1.1166,3.7854,2.6688,20.0,59.0,39.0,31.122,35.701,4.579000000000001,14.0,56,42.0,392.5702,357.8376,-34.73259999999999,0.0,32,32.0
detached,run_1171,0.0,1.3889,1.3889,4.0,40.0,36.0,29.021,34.181,5.159999999999997,0.0,11,11.0,50.172,40.6839,-9.488099999999996,0.0,5,5.0
detached,run_1172,0.0545,1.4706,1.4161,5.0,42.0,37.0,29.213,34.306,5.092999999999996,0.0,11,11.0,51.9418,50.8762,-1.0656000000000034,0.0,5,5.0
detached,run_1173,0.3813,1.7429,1.3616,12.0,52.0,40.0,30.342,35.196,4.853999999999999,0.0,11,11.0,228.1976,187.4464,-40.75119999999998,0.0,16,16.0
detached,run_1174,0.1089,1.5795,1.4706,8.0,48.0,40.0,29.807,34.615,4.808000000000003,0.0,11,11.0,76.1512,65.8302,-10.320999999999998,0.0,8,8.0
detached,run_1175,0.1089,1.5523,1.4434,6.0,46.0,40.0,29.606,34.518,4.911999999999999,0.0,12,12.0,48.7341,42.1305,-6.6036,0.0,7,7.0
detached,run_1176,0.0817,1.5251,1.4434,5.0,46.0,41.0,29.512,34.367,4.854999999999997,0.0,11,11.0,46.7072,47.2308,0.5236000000000018,0.0,6,6.0
detached,run_1177,0.1089,1.6612,1.5523,9.0,48.0,39.0,29.799,34.758,4.959000000000003,0.0,13,13.0,231.0306,190.493,-40.5376,0.0,8,8.0
detached,run_1178,0.1089,1.6068,1.4979,5.0,47.0,42.0,29.6,34.605,5.0049999999999955,0.0,11,11.0,82.9273,68.8056,-14.121700000000004,0.0,7,7.0
detached,run_1179,0.2996,1.7157,1.4161000000000001,11.0,52.0,41.0,30.283,35.098,4.814999999999998,0.0,13,13.0,108.017,98.656,-9.36099999999999,0.0,14,14.0
detached,run_1180,0.0,1.4161,1.4161,5.0,41.0,36.0,29.38,33.806,4.425999999999998,1.0,17,16.0,21.7747,19.402,-2.3726999999999983,0.0,4,4.0
detached,run_1181,0.817,2.1514,1.3344000000000003,20.0,58.0,38.0,31.299,35.724,4.424999999999997,1.0,19,18.0,348.9302,284.3513,-64.57890000000003,0.0,28,28.0
detached,run_1182,0.0817,1.4706,1.3889,5.0,44.0,39.0,29.548,34.117,4.568999999999999,1.0,18,17.0,68.239,71.3575,3.1184999999999974,0.0,6,6.0
detached,run_1183,0.0545,1.5251,1.4706,4.0,44.0,40.0,29.311,34.383,5.072000000000003,0.0,11,11.0,56.9333,49.5085,-7.424800000000005,0.0,5,5.0
detached,run_1184,0.2179,1.6885,1.4706,10.0,49.0,39.0,30.015,34.892,4.8770000000000024,0.0,11,11.0,106.1797,100.7434,-5.436300000000003,0.0,9,9.0
detached,run_1185,0.2451,1.6612,1.4161,9.0,49.0,40.0,29.868,34.397,4.529,2.0,22,20.0,45.8348,45.5611,-0.27369999999999806,0.0,6,6.0
detached,run_1186,0.0545,1.4434,1.3889,4.0,41.0,37.0,29.173,34.282,5.108999999999998,0.0,11,11.0,64.7846,53.536,-11.248599999999996,0.0,5,5.0
detached,run_1187,0.2451,1.634,1.3888999999999998,8.0,45.0,37.0,29.851,34.14,4.2890000000000015,1.0,18,17.0,31.4132,30.9767,-0.4364999999999988,0.0,6,6.0
detached,run_1188,0.2996,1.7157,1.4161000000000001,11.0,51.0,40.0,30.217,35.032,4.814999999999998,0.0,13,13.0,122.1384,100.8879,-21.250500000000002,0.0,12,12.0
detached,run_1189,0.0,1.4161,1.4161,5.0,42.0,37.0,29.138,34.204,5.065999999999999,0.0,13,13.0,41.7755,38.7243,-3.0512000000000015,0.0,5,5.0
detached,run_1190,0.2451,1.6885,1.4433999999999998,10.0,50.0,40.0,30.031,34.843,4.812000000000005,1.0,15,14.0,76.8853,63.0793,-13.805999999999997,0.0,9,9.0
detached,run_1191,0.5719,1.8246,1.2527,13.0,53.0,40.0,30.612,34.803,4.190999999999999,5.0,27,22.0,37.8997,34.9384,-2.9613000000000014,0.0,10,10.0
detached,run_1192,0.3268,1.7702,1.4434,12.0,53.0,41.0,30.407,35.172,4.764999999999997,1.0,16,15.0,207.8393,168.6242,-39.21510000000001,0.0,15,15.0
detached,run_1193,0.0545,1.4434,1.3889,5.0,41.0,36.0,29.323,34.384,5.061,0.0,11,11.0,50.2012,49.6106,-0.590600000000002,0.0,5,5.0
detached,run_1194,0.0817,1.4706,1.3889,5.0,44.0,39.0,29.387,34.406,5.018999999999998,0.0,12,12.0,61.5348,58.4966,-3.0381999999999962,0.0,6,6.0
detached,run_1195,0.354,1.7974,1.4434,13.0,52.0,39.0,30.352,34.682,4.330000000000002,4.0,27,23.0,41.8751,36.9065,-4.968600000000002,0.0,10,10.0
detached,run_1196,0.0817,1.5523,1.4706000000000001,5.0,48.0,43.0,29.47,34.552,5.082000000000001,0.0,13,13.0,55.3779,53.6822,-1.695699999999995,0.0,6,6.0
detached,run_1197,0.0,1.3617,1.3617,4.0,40.0,36.0,29.126,34.195,5.068999999999999,0.0,10,10.0,43.093,42.6305,-0.4625000000000057,0.0,5,5.0
detached,run_1198,0.3813,1.7702,1.3889,12.0,53.0,41.0,30.343,35.104,4.760999999999999,1.0,13,12.0,202.5128,164.3617,-38.151099999999985,0.0,16,16.0
detached,run_1199,0.0817,1.4978,1.4161000000000001,5.0,48.0,43.0,29.554,34.578,5.0240000000000045,1.0,14,13.0,69.141,56.2412,-12.899800000000006,0.0,7,7.0
detached,run_1200,0.0817,1.4434,1.3617,5.0,41.0,36.0,29.421,33.708,4.286999999999999,1.0,17,16.0,21.301,21.4646,0.1636000000000024,0.0,4,4.0
detached,run_1201,0.463,1.9608,1.4978,13.0,54.0,41.0,30.595,35.227,4.631999999999998,1.0,20,19.0,103.0467,85.8287,-17.218000000000004,0.0,18,18.0
detached,run_1202,0.7898,1.9608,1.1710000000000003,16.0,58.0,42.0,30.693,35.237,4.5440000000000005,1.0,21,20.0,79.5684,65.1635,-14.404899999999998,0.0,22,22.0
detached,run_1203,0.0,1.3617,1.3617,4.0,40.0,36.0,29.15,33.978,4.828000000000003,0.0,12,12.0,40.3541,41.166,0.8118999999999943,0.0,5,5.0
detached,run_1204,1.1983,2.5871,1.3888,22.0,65.0,43.0,31.601,35.979,4.378,1.0,21,20.0,441.0897,364.4446,-76.64510000000001,0.0,34,34.0
detached,run_1205,0.1089,1.5795,1.4706,6.0,46.0,40.0,29.542,34.53,4.9879999999999995,0.0,11,11.0,56.103,53.3116,-2.791400000000003,0.0,7,7.0
detached,run_1206,0.5174,1.9063,1.3889,16.0,56.0,40.0,30.807,35.379,4.571999999999999,1.0,15,14.0,253.7956,201.8001,-51.99550000000002,0.0,24,24.0
detached,run_1207,0.0,1.3889,1.3889,4.0,41.0,37.0,29.124,33.786,4.662000000000003,0.0,16,16.0,19.3317,18.0338,-1.297900000000002,0.0,4,4.0
detached,run_1208,0.4085,1.7974,1.3889,15.0,54.0,39.0,30.735,35.359,4.624000000000002,0.0,11,11.0,184.1978,163.0924,-21.105400000000003,0.0,20,20.0
detached,run_1209,0.7081,2.342,1.6339000000000001,18.0,58.0,40.0,30.907,35.521,4.614000000000001,2.0,24,22.0,278.4229,228.4551,-49.96780000000004,0.0,25,25.0
detached,run_1210,0.5447,1.8246,1.2799,17.0,56.0,39.0,30.906,35.458,4.552,1.0,11,10.0,183.2763,158.3971,-24.879199999999997,0.0,23,23.0
detached,run_1211,0.1089,1.6068,1.4979,9.0,48.0,39.0,29.859,34.73,4.870999999999995,0.0,7,7.0,88.3993,92.9452,4.545900000000003,0.0,8,8.0
detached,run_1212,0.4085,1.988,1.5795,12.0,53.0,41.0,30.511,35.203,4.692000000000004,2.0,21,19.0,148.0931,121.5535,-26.539599999999993,0.0,16,16.0
detached,run_1213,0.817,2.1242,1.3072000000000001,21.0,59.0,38.0,31.155,35.506,4.350999999999999,3.0,27,24.0,89.8079,78.4036,-11.404300000000006,0.0,27,27.0
detached,run_1214,1.2255,3.6765,2.4509999999999996,21.0,62.0,41.0,31.47,35.865,4.395000000000003,16.0,49,33.0,752.8906,664.5565,-88.33409999999992,0.0,41,41.0
detached,run_1215,0.0817,1.4978,1.4161000000000001,5.0,45.0,40.0,29.418,34.219,4.801000000000002,1.0,18,17.0,36.5807,34.6786,-1.9020999999999972,0.0,6,6.0
detached,run_1216,0.3268,1.7157,1.3889,11.0,51.0,40.0,30.228,34.781,4.552999999999997,1.0,17,16.0,50.6395,46.9627,-3.6768,0.0,10,10.0
detached,run_1217,0.4357,1.9336,1.4979,13.0,56.0,43.0,30.454,35.287,4.832999999999998,1.0,16,15.0,226.6686,187.7749,-38.893699999999995,0.0,19,19.0
detached,run_1218,0.1089,1.5523,1.4434,6.0,47.0,41.0,29.543,34.559,5.015999999999998,0.0,11,11.0,88.8328,73.4056,-15.4272,0.0,7,7.0
detached,run_1219,0.0,1.3889,1.3889,5.0,42.0,37.0,29.059,34.083,5.023999999999997,0.0,12,12.0,32.7271,28.9983,-3.7287999999999997,0.0,5,5.0
detached,run_1220,0.1362,1.5523,1.4161000000000001,9.0,47.0,38.0,29.844,34.646,4.802,0.0,10,10.0,93.801,98.1866,4.385599999999997,0.0,8,8.0
detached,run_1221,0.1089,1.634,1.5251,9.0,48.0,39.0,29.813,34.805,4.992000000000001,0.0,11,11.0,120.526,102.3934,-18.132599999999996,0.0,9,9.0
detached,run_1222,0.4902,1.7702,1.28,15.0,54.0,39.0,30.767,35.356,4.589000000000002,1.0,17,16.0,136.3019,113.4034,-22.898499999999984,0.0,19,19.0
detached,run_1223,0.7898,2.0153,1.2254999999999998,20.0,59.0,39.0,31.123,35.501,4.377999999999997,1.0,20,19.0,124.8579,106.1058,-18.7521,0.0,26,26.0
detached,run_1224,0.1089,1.5523,1.4434,5.0,47.0,42.0,29.573,34.565,4.991999999999997,0.0,14,14.0,85.3038,89.4698,4.166000000000011,0.0,6,6.0
detached,run_1225,0.0,1.2255,1.2255,0.0,36.0,36.0,28.671,33.438,4.767000000000003,0.0,14,14.0,20.2671,20.1553,-0.11179999999999879,0.0,3,3.0
detached,run_1226,0.1362,1.5523,1.4161000000000001,6.0,46.0,40.0,29.748,34.279,4.531000000000002,1.0,18,17.0,33.9902,30.1372,-3.8530000000000015,0.0,6,6.0
detached,run_1227,0.2996,1.7429,1.4432999999999998,11.0,52.0,41.0,30.4,35.212,4.812000000000005,1.0,12,11.0,259.2508,214.2997,-44.951100000000025,0.0,16,16.0
detached,run_1228,0.7353,2.3148,1.5795,18.0,57.0,39.0,30.908,35.397,4.488999999999997,3.0,27,24.0,150.0309,124.7563,-25.274600000000007,0.0,24,24.0
detached,run_1229,0.3813,1.7429,1.3616,12.0,51.0,39.0,30.219,35.148,4.929000000000002,0.0,11,11.0,117.2556,97.9729,-19.282700000000006,0.0,15,15.0
detached,run_1230,0.2723,1.6612,1.3889,11.0,50.0,39.0,30.206,34.973,4.7669999999999995,0.0,13,13.0,84.4641,73.264,-11.200100000000006,0.0,12,12.0
detached,run_1231,0.1089,1.634,1.5251,8.0,48.0,40.0,29.685,34.777,5.092000000000002,0.0,9,9.0,95.6136,95.1639,-0.4497000000000071,0.0,8,8.0
detached,run_1232,0.4085,1.9063,1.4978000000000002,15.0,56.0,41.0,30.746,35.35,4.604000000000003,1.0,13,12.0,197.385,164.3785,-33.00649999999999,0.0,21,21.0
detached,run_1233,0.1089,1.6068,1.4979,7.0,49.0,42.0,29.658,34.676,5.018000000000001,0.0,11,11.0,69.2257,63.4151,-5.810600000000001,0.0,7,7.0
detached,run_1234,0.3268,1.988,1.6612,11.0,52.0,41.0,30.298,35.135,4.837,0.0,19,19.0,178.6348,146.4818,-32.15300000000002,0.0,14,14.0
detached,run_1235,0.0,1.3617,1.3617,4.0,40.0,36.0,29.057,34.213,5.156000000000002,0.0,10,10.0,49.6697,49.1803,-0.4893999999999963,0.0,5,5.0
detached,run_1236,0.0545,1.3889,1.3344,5.0,43.0,38.0,29.241,34.128,4.8870000000000005,0.0,14,14.0,45.1462,46.8589,1.7126999999999981,0.0,5,5.0
detached,run_1237,0.0545,1.4706,1.4161,4.0,41.0,37.0,29.237,34.3,5.062999999999999,0.0,10,10.0,52.0233,51.5515,-0.4718000000000018,0.0,5,5.0
detached,run_1238,0.0,1.3072,1.3072,3.0,39.0,36.0,28.851,33.764,4.913000000000004,0.0,12,12.0,21.4101,18.356,-3.0540999999999983,0.0,3,3.0
detached,run_1239,0.0545,1.4706,1.4161,5.0,44.0,39.0,29.334,34.458,5.123999999999999,0.0,11,11.0,69.8475,72.3328,2.4853000000000094,0.0,5,5.0
detached,run_1240,0.1089,1.634,1.5251,6.0,48.0,42.0,29.55,34.484,4.934000000000001,0.0,17,17.0,68.6345,59.6041,-9.0304,0.0,6,6.0
detached,run_1241,0.2451,1.6612,1.4161,9.0,51.0,42.0,29.992,34.732,4.739999999999998,2.0,19,17.0,60.1131,58.8907,-1.2224000000000004,0.0,8,8.0
detached,run_1242,0.0817,1.4706,1.3889,5.0,48.0,43.0,29.412,34.508,5.096000000000004,0.0,11,11.0,68.4334,58.9183,-9.515100000000004,0.0,6,6.0
detached,run_1243,0.3813,1.7429,1.3616,12.0,53.0,41.0,30.458,35.231,4.773000000000003,0.0,11,11.0,185.7955,160.0194,-25.776100000000014,0.0,15,15.0
detached,run_1244,0.1089,1.6068,1.4979,8.0,48.0,40.0,29.697,34.652,4.955000000000002,0.0,12,12.0,71.3529,60.0389,-11.314000000000007,0.0,8,8.0
detached,run_1245,0.354,1.7429,1.3889,12.0,52.0,40.0,30.4,35.053,4.652999999999999,1.0,12,11.0,82.2865,76.9866,-5.299900000000008,0.0,15,15.0
detached,run_1246,0.1362,1.6612,1.525,9.0,48.0,39.0,29.755,34.671,4.916,0.0,12,12.0,49.5916,45.6352,-3.956400000000002,0.0,8,8.0
detached,run_1247,0.0,1.3072,1.3072,2.0,38.0,36.0,28.916,33.376,4.459999999999997,1.0,18,17.0,10.7816,10.4696,-0.3119999999999994,0.0,3,3.0
detached,run_1248,0.7898,2.8322,2.0423999999999998,18.0,58.0,40.0,31.029,35.562,4.532999999999998,5.0,31,26.0,426.5185,362.633,-63.885500000000036,0.0,26,26.0
detached,run_1249,0.1089,1.634,1.5251,8.0,48.0,40.0,29.69,34.559,4.868999999999996,0.0,14,14.0,63.9757,53.8376,-10.138100000000001,0.0,7,7.0
detached,run_1250,0.2451,1.6612,1.4161,9.0,49.0,40.0,29.906,34.525,4.619,1.0,15,14.0,42.8027,41.6967,-1.1060000000000016,0.0,7,7.0
detached,run_1251,0.4357,1.9336,1.4979,13.0,53.0,40.0,30.438,35.26,4.821999999999999,1.0,15,14.0,297.9873,241.2613,-56.726,0.0,17,17.0
detached,run_1252,0.1089,1.6068,1.4979,8.0,48.0,40.0,29.65,34.688,5.038000000000004,0.0,11,11.0,103.5441,87.8093,-15.734800000000007,0.0,8,8.0
detached,run_1253,0.1634,1.634,1.4706,9.0,49.0,40.0,29.796,34.557,4.761000000000003,0.0,12,12.0,44.1061,39.2733,-4.832799999999999,0.0,8,8.0
detached,run_1254,0.8987,2.0969,1.1982000000000002,20.0,58.0,38.0,31.09,35.658,4.568000000000001,1.0,12,11.0,186.5733,156.2403,-30.333,0.0,27,27.0
detached,run_1255,0.1362,1.5523,1.4161000000000001,6.0,49.0,43.0,29.689,34.512,4.823,1.0,17,16.0,62.4956,61.0006,-1.4950000000000045,0.0,6,6.0
detached,run_1256,0.1089,1.6068,1.4979,8.0,47.0,39.0,29.717,34.575,4.858000000000004,0.0,11,11.0,83.47,68.3362,-15.133799999999994,0.0,8,8.0
detached,run_1257,0.1089,1.5251,1.4162,6.0,45.0,39.0,29.588,34.461,4.8729999999999976,0.0,11,11.0,55.3977,48.439,-6.9587,0.0,7,7.0
detached,run_1258,0.2179,1.634,1.4161,9.0,49.0,40.0,29.833,34.582,4.749000000000002,1.0,14,13.0,60.4145,57.0247,-3.389799999999994,0.0,7,7.0
detached,run_1259,0.1089,1.634,1.5251,9.0,48.0,39.0,29.757,34.73,4.972999999999995,0.0,10,10.0,112.9374,104.2826,-8.654799999999994,0.0,8,8.0
detached,run_1260,0.1089,1.6068,1.4979,9.0,48.0,39.0,29.816,34.748,4.931999999999999,0.0,9,9.0,87.4866,89.1995,1.7129000000000048,0.0,8,8.0
detached,run_1261,0.3813,1.7702,1.3889,12.0,53.0,41.0,30.388,35.164,4.776,0.0,11,11.0,99.3521,88.4415,-10.910599999999988,0.0,17,17.0
detached,run_1262,0.1906,1.634,1.4434,8.0,48.0,40.0,29.857,34.673,4.8160000000000025,0.0,13,13.0,52.5215,48.5864,-3.9351000000000056,0.0,8,8.0
detached,run_1263,0.8442,2.0425,1.1983000000000001,21.0,59.0,38.0,30.955,35.421,4.466000000000001,1.0,14,13.0,96.302,82.7309,-13.571100000000001,0.0,25,25.0
detached,run_1264,0.0817,1.4706,1.3889,5.0,44.0,39.0,29.37,34.418,5.047999999999998,0.0,12,12.0,66.8219,57.245,-9.576900000000002,0.0,5,5.0
detached,run_1265,1.0621,2.5327,1.4706000000000001,22.0,59.0,37.0,31.207,35.803,4.5959999999999965,1.0,15,14.0,446.7073,369.3734,-77.33389999999997,0.0,32,32.0
detached,run_1266,0.1089,1.6068,1.4979,8.0,48.0,40.0,29.72,34.729,5.009,0.0,10,10.0,223.4074,177.1175,-46.28989999999999,0.0,8,8.0
detached,run_1267,0.1089,1.5523,1.4434,8.0,49.0,41.0,29.717,34.658,4.9410000000000025,0.0,11,11.0,88.9173,71.4003,-17.516999999999996,0.0,8,8.0
detached,run_1268,1.6885,2.6144,0.9259,30.0,67.0,37.0,32.098,36.002,3.9040000000000035,14.0,37,23.0,86.675,79.0345,-7.640500000000003,0.0,40,40.0
detached,run_1269,0.4902,1.8246,1.3344,13.0,53.0,40.0,30.512,34.885,4.3729999999999976,5.0,25,20.0,80.4629,81.6934,1.2304999999999922,0.0,10,10.0
detached,run_1270,1.1166,2.3148,1.1982,20.0,58.0,38.0,31.332,35.317,3.9849999999999994,4.0,29,25.0,51.5961,44.5237,-7.072400000000002,0.0,26,26.0
detached,run_1271,0.1089,1.6068,1.4979,9.0,49.0,40.0,29.771,34.545,4.774000000000001,0.0,16,16.0,64.6977,55.1589,-9.538799999999995,0.0,7,7.0
detached,run_1272,0.2451,1.6612,1.4161,10.0,51.0,41.0,30.03,34.732,4.701999999999998,1.0,18,17.0,80.0411,80.2937,0.25260000000000105,0.0,8,8.0
detached,run_1273,0.0,1.3889,1.3889,3.0,40.0,37.0,29.037,34.073,5.036000000000001,0.0,12,12.0,38.6053,37.4718,-1.133499999999998,0.0,5,5.0
detached,run_1274,0.5447,2.2603,1.7156,16.0,57.0,41.0,30.786,35.479,4.692999999999998,2.0,19,17.0,417.5677,344.1974,-73.37029999999999,0.0,25,25.0
detached,run_1275,0.2179,1.634,1.4161,10.0,49.0,39.0,29.991,34.735,4.744,0.0,11,11.0,71.3498,62.8326,-8.517200000000003,0.0,8,8.0
detached,run_1276,0.0,1.3617,1.3617,3.0,40.0,37.0,28.958,34.163,5.204999999999998,0.0,12,12.0,42.037,40.9305,-1.106499999999997,0.0,5,5.0
detached,run_1277,0.1089,1.6068,1.4979,9.0,47.0,38.0,29.73,34.585,4.855,0.0,11,11.0,72.5223,60.8384,-11.683900000000001,0.0,8,8.0
detached,run_1278,0.0817,1.4978,1.4161000000000001,5.0,45.0,40.0,29.351,34.359,5.008000000000003,0.0,11,11.0,70.9647,58.2523,-12.712399999999995,0.0,5,5.0
detached,run_1279,0.2451,1.634,1.3888999999999998,10.0,49.0,39.0,29.902,34.541,4.638999999999996,0.0,13,13.0,51.4447,52.4945,1.0498000000000047,0.0,8,8.0
detached,run_1280,0.2451,1.6612,1.4161,10.0,50.0,40.0,30.158,34.672,4.513999999999996,0.0,14,14.0,54.6564,54.267,-0.38939999999999486,0.0,9,9.0
detached,run_1281,1.9063,3.5948,1.6885000000000001,31.0,71.0,40.0,32.232,36.296,4.064,17.0,48,31.0,146.6801,125.5219,-21.158200000000008,1.0,41,40.0
detached,run_1282,0.0,1.1983,1.1983,0.0,37.0,37.0,28.591,33.538,4.946999999999996,0.0,11,11.0,19.2252,16.9322,-2.2929999999999993,0.0,3,3.0
detached,run_1283,0.1362,1.6885,1.5522999999999998,9.0,49.0,40.0,29.848,34.681,4.832999999999998,0.0,16,16.0,124.4455,102.8394,-21.606099999999998,0.0,8,8.0
detached,run_1284,0.6264,1.9063,1.2799,20.0,57.0,37.0,31.188,35.564,4.376000000000001,1.0,17,16.0,303.9696,247.0636,-56.906000000000006,0.0,26,26.0
detached,run_1285,0.0,1.3889,1.3889,3.0,40.0,37.0,28.979,34.083,5.103999999999999,0.0,12,12.0,50.7558,41.7507,-9.005099999999999,0.0,5,5.0
detached,run_1286,0.4357,1.8519,1.4162000000000001,14.0,56.0,42.0,30.596,35.273,4.677000000000003,1.0,14,13.0,113.8283,105.7594,-8.0689,0.0,18,18.0
detached,run_1287,0.2723,1.7157,1.4434,11.0,49.0,38.0,30.082,34.45,4.368000000000002,1.0,17,16.0,38.5401,34.6675,-3.8726000000000056,0.0,7,7.0
detached,run_1288,0.1089,1.6068,1.4979,8.0,47.0,39.0,29.761,34.628,4.867000000000001,0.0,11,11.0,71.1274,62.2453,-8.882099999999994,0.0,8,8.0
detached,run_1289,0.354,1.6612,1.3072,12.0,50.0,38.0,30.235,35.045,4.810000000000002,0.0,10,10.0,96.9304,96.1903,-0.7401000000000124,0.0,12,12.0
detached,run_1290,0.6536,1.9063,1.2527000000000001,17.0,53.0,36.0,30.885,34.942,4.056999999999999,1.0,18,17.0,56.5193,54.5886,-1.9307000000000016,0.0,17,17.0
detached,run_1291,0.0545,1.4706,1.4161,4.0,41.0,37.0,29.308,34.328,5.020000000000003,0.0,8,8.0,54.8602,54.9398,0.07959999999999923,0.0,5,5.0
detached,run_1292,0.1089,1.5251,1.4162,6.0,46.0,40.0,29.529,34.462,4.933000000000003,0.0,12,12.0,47.1313,42.1786,-4.9527,0.0,7,7.0
detached,run_1293,0.0817,1.4978,1.4161000000000001,5.0,47.0,42.0,29.442,34.507,5.064999999999998,0.0,11,11.0,74.251,73.3787,-0.8723000000000098,0.0,6,6.0
detached,run_1294,0.0817,1.5523,1.4706000000000001,5.0,45.0,40.0,29.494,34.211,4.716999999999999,1.0,17,16.0,34.8038,31.671,-3.132800000000003,0.0,5,5.0
detached,run_1295,0.0545,1.3344,1.2799,5.0,42.0,37.0,29.213,34.157,4.9439999999999955,1.0,13,12.0,42.4713,43.9809,1.509599999999999,0.0,5,5.0
detached,run_1296,0.1089,1.5523,1.4434,5.0,48.0,43.0,29.578,34.574,4.995999999999999,1.0,14,13.0,57.6857,51.5356,-6.150099999999995,0.0,7,7.0
detached,run_1297,0.0817,1.4706,1.3889,5.0,44.0,39.0,29.293,34.054,4.761000000000003,1.0,15,14.0,43.5288,45.1109,1.582100000000004,0.0,5,5.0
detached,run_1298,0.5447,1.8791,1.3344,17.0,57.0,40.0,30.809,35.494,4.684999999999999,0.0,13,13.0,257.912,209.4368,-48.47519999999997,0.0,24,24.0
detached,run_1299,0.1089,1.5523,1.4434,5.0,46.0,41.0,29.561,34.524,4.963000000000001,0.0,10,10.0,56.4103,57.6478,1.2374999999999972,0.0,7,7.0
detached,run_1300,0.1089,1.6068,1.4979,9.0,48.0,39.0,29.809,34.839,5.029999999999998,0.0,7,7.0,118.0661,127.2659,9.199799999999996,0.0,8,8.0
detached,run_1301,0.1089,1.634,1.5251,9.0,48.0,39.0,29.848,34.783,4.935000000000002,0.0,10,10.0,240.4924,192.6853,-47.80709999999999,0.0,9,9.0
detached,run_1302,0.1089,1.5251,1.4162,7.0,47.0,40.0,29.659,34.63,4.971000000000004,0.0,11,11.0,68.4927,72.0356,3.542900000000003,0.0,7,7.0
detached,run_1303,0.1906,1.9608,1.7702,11.0,49.0,38.0,30.06,34.912,4.852,0.0,19,19.0,252.8788,216.8846,-35.994200000000006,0.0,10,10.0
detached,run_1304,0.3813,1.7429,1.3616,11.0,53.0,42.0,30.32,35.204,4.884,1.0,13,12.0,172.5823,164.4093,-8.173000000000002,0.0,14,14.0
detached,run_1305,0.3813,1.7429,1.3616,11.0,53.0,42.0,30.513,35.155,4.6419999999999995,0.0,12,12.0,89.2025,78.7925,-10.409999999999997,0.0,18,18.0
detached,run_1306,0.1089,1.5795,1.4706,6.0,48.0,42.0,29.633,34.702,5.068999999999999,0.0,11,11.0,145.8356,123.1386,-22.697000000000003,0.0,8,8.0
detached,run_1307,0.4085,1.8246,1.4161000000000001,13.0,55.0,42.0,30.53,35.168,4.637999999999998,0.0,11,11.0,124.9321,103.1256,-21.8065,0.0,18,18.0
detached,run_1308,0.0817,1.5251,1.4434,5.0,47.0,42.0,29.469,34.603,5.134,0.0,11,11.0,86.8856,80.9083,-5.9773,0.0,7,7.0
detached,run_1309,0.0,1.3889,1.3889,4.0,40.0,36.0,29.113,34.221,5.107999999999997,0.0,11,11.0,58.5651,61.2858,2.720700000000001,0.0,5,5.0
detached,run_1310,0.1089,1.5795,1.4706,7.0,48.0,41.0,29.683,34.629,4.945999999999998,0.0,11,11.0,70.2106,58.6183,-11.592300000000002,0.0,7,7.0
detached,run_1311,0.2723,1.7702,1.4979,11.0,52.0,41.0,30.134,34.991,4.856999999999999,1.0,19,18.0,105.3116,89.9833,-15.328299999999999,0.0,11,11.0
detached,run_1312,0.0817,1.4978,1.4161000000000001,5.0,45.0,40.0,29.432,34.383,4.951000000000004,0.0,12,12.0,50.4842,42.1745,-8.3097,0.0,6,6.0
detached,run_1313,0.0545,1.4434,1.3889,5.0,41.0,36.0,29.23,34.216,4.986000000000001,0.0,12,12.0,40.9694,42.444,1.4746000000000024,0.0,5,5.0
detached,run_1314,0.1906,1.634,1.4434,10.0,50.0,40.0,29.922,34.847,4.925000000000001,0.0,11,11.0,85.3055,74.75,-10.555499999999995,0.0,10,10.0
detached,run_1315,0.3813,1.7702,1.3889,12.0,52.0,40.0,30.362,35.037,4.675000000000001,1.0,13,12.0,111.8699,94.128,-17.7419,0.0,11,11.0
detached,run_1316,0.1089,1.5251,1.4162,5.0,48.0,43.0,29.596,34.571,4.974999999999998,0.0,11,11.0,80.1482,64.8334,-15.314800000000005,0.0,7,7.0
detached,run_1317,0.0817,1.4434,1.3617,5.0,42.0,37.0,29.348,34.385,5.036999999999999,0.0,11,11.0,67.5364,70.7826,3.2462000000000018,0.0,6,6.0
detached,run_1318,0.2723,1.6885,1.4162,11.0,49.0,38.0,30.015,34.916,4.900999999999996,0.0,11,11.0,92.1889,78.3166,-13.87230000000001,0.0,10,10.0
detached,run_1319,0.817,2.0425,1.2255,18.0,58.0,40.0,31.037,35.684,4.6469999999999985,1.0,11,10.0,357.9698,283.027,-74.94280000000003,0.0,27,27.0
detached,run_1320,0.0,1.3617,1.3617,4.0,40.0,36.0,29.086,34.197,5.111000000000004,0.0,9,9.0,47.4515,46.4007,-1.0508000000000024,0.0,5,5.0
detached,run_1321,1.0893,2.1786,1.0893,22.0,61.0,39.0,31.531,35.614,4.082999999999998,4.0,22,18.0,99.1397,85.0488,-14.090900000000005,0.0,28,28.0
detached,run_1322,0.5447,1.8791,1.3344,16.0,58.0,42.0,30.772,35.378,4.606000000000002,1.0,18,17.0,118.8142,106.218,-12.596199999999996,0.0,24,24.0
detached,run_1323,0.1089,1.5523,1.4434,6.0,47.0,41.0,29.589,34.608,5.018999999999998,0.0,11,11.0,84.2615,80.3148,-3.9466999999999928,0.0,7,7.0
detached,run_1324,0.9532,2.1242,1.171,20.0,60.0,40.0,31.315,35.803,4.487999999999996,1.0,17,16.0,318.7427,258.4037,-60.339,0.0,27,27.0
detached,run_1325,0.1089,1.5523,1.4434,6.0,48.0,42.0,29.501,34.58,5.078999999999997,0.0,12,12.0,103.4857,86.3725,-17.113199999999992,0.0,7,7.0
detached,run_1326,0.1906,1.634,1.4434,9.0,49.0,40.0,29.784,34.569,4.785000000000004,0.0,13,13.0,58.3822,48.5061,-9.876099999999994,0.0,8,8.0
detached,run_1327,0.0,1.3617,1.3617,3.0,40.0,37.0,29.074,33.965,4.891000000000002,0.0,10,10.0,47.7186,50.1034,2.3847999999999985,0.0,5,5.0
detached,run_1328,0.2723,1.6612,1.3889,11.0,51.0,40.0,30.076,35.039,4.963000000000001,0.0,11,11.0,132.7263,124.6933,-8.033000000000015,0.0,10,10.0
detached,run_1329,0.2451,1.6612,1.4161,10.0,47.0,37.0,29.98,34.357,4.376999999999999,5.0,24,19.0,59.3105,60.9699,1.659400000000005,0.0,7,7.0
detached,run_1330,0.2723,1.7157,1.4434,11.0,51.0,40.0,30.057,34.868,4.8110000000000035,1.0,17,16.0,89.0745,74.0279,-15.046599999999998,0.0,9,9.0
detached,run_1331,0.2723,1.6885,1.4162,11.0,50.0,39.0,30.11,34.89,4.780000000000001,0.0,12,12.0,92.8843,84.0192,-8.865099999999998,0.0,9,9.0
detached,run_1332,0.4085,1.7157,1.3072,12.0,51.0,39.0,30.433,34.788,4.354999999999997,0.0,11,11.0,80.2522,82.5204,2.268199999999993,0.0,10,10.0
detached,run_1333,0.0545,1.4161,1.3616,5.0,42.0,37.0,29.249,34.336,5.087,0.0,11,11.0,54.613,52.6296,-1.983399999999996,0.0,5,5.0
detached,run_1334,0.1362,1.5523,1.4161000000000001,8.0,48.0,40.0,29.671,34.514,4.8430000000000035,1.0,14,13.0,50.061,44.193,-5.868000000000002,0.0,7,7.0
detached,run_1335,0.354,1.7429,1.3889,11.0,52.0,41.0,30.259,35.066,4.807000000000002,1.0,17,16.0,85.121,72.4981,-12.622900000000001,0.0,13,13.0
detached,run_1336,0.6536,1.8519,1.1983000000000001,17.0,58.0,41.0,30.929,35.52,4.591000000000005,1.0,12,11.0,267.4448,219.4398,-48.004999999999995,0.0,26,26.0
detached,run_1337,0.5991,2.0153,1.4162,17.0,56.0,39.0,30.763,35.353,4.59,1.0,17,16.0,159.9604,134.3387,-25.621700000000004,0.0,21,21.0
detached,run_1338,0.5447,1.8791,1.3344,18.0,57.0,39.0,30.8,35.398,4.5980000000000025,1.0,16,15.0,164.819,138.2224,-26.596599999999995,0.0,20,20.0
detached,run_1339,0.2451,1.7429,1.4977999999999998,12.0,50.0,38.0,30.123,34.487,4.364000000000001,1.0,21,20.0,40.9865,40.2922,-0.6942999999999984,0.0,8,8.0
detached,run_1340,0.4085,1.9336,1.5251000000000001,12.0,53.0,41.0,30.475,35.161,4.686,1.0,17,16.0,249.7158,206.6467,-43.06909999999999,0.0,17,17.0
detached,run_1341,0.0545,1.4978,1.4433,4.0,43.0,39.0,29.397,34.456,5.059000000000005,0.0,9,9.0,65.0147,67.7423,2.7275999999999954,0.0,6,6.0
detached,run_1342,0.2451,1.7157,1.4706,11.0,47.0,36.0,29.975,34.313,4.338000000000001,2.0,21,19.0,28.728,27.1579,-1.5701,0.0,6,6.0
detached,run_1343,0.4357,1.8519,1.4162000000000001,14.0,56.0,42.0,30.646,35.272,4.625999999999998,1.0,12,11.0,122.7053,114.8271,-7.8781999999999925,0.0,17,17.0
detached,run_1344,0.4902,1.8246,1.3344,16.0,56.0,40.0,30.802,35.447,4.645000000000003,0.0,12,12.0,205.9726,175.3531,-30.619499999999988,0.0,23,23.0
detached,run_1345,0.2451,1.634,1.3888999999999998,11.0,48.0,37.0,30.142,34.979,4.837,0.0,8,8.0,120.5259,119.5356,-0.9902999999999906,0.0,11,11.0
detached,run_1346,0.0817,1.5523,1.4706000000000001,5.0,46.0,41.0,29.378,34.388,5.009999999999998,0.0,13,13.0,64.3316,55.6789,-8.652699999999996,0.0,5,5.0
detached,run_1347,0.4357,1.7702,1.3345,15.0,56.0,41.0,30.764,35.387,4.623000000000001,1.0,14,13.0,195.0827,161.304,-33.778699999999986,0.0,22,22.0
detached,run_1348,0.1089,1.5795,1.4706,8.0,48.0,40.0,29.693,34.525,4.831999999999997,1.0,12,11.0,53.317,47.8913,-5.425699999999999,0.0,7,7.0
detached,run_1349,0.463,1.8791,1.4161,14.0,51.0,37.0,30.417,34.737,4.32,2.0,24,22.0,39.4789,35.552,-3.9269000000000034,0.0,11,11.0
detached,run_1350,0.2996,1.7429,1.4432999999999998,11.0,51.0,40.0,30.122,35.017,4.895000000000003,0.0,13,13.0,297.5887,247.3759,-50.212800000000016,0.0,11,11.0
detached,run_1351,0.6536,1.8791,1.2255,17.0,58.0,41.0,30.859,35.549,4.689999999999998,1.0,15,14.0,173.7966,152.1412,-21.655400000000014,0.0,25,25.0
detached,run_1352,0.354,1.7429,1.3889,11.0,52.0,41.0,30.323,35.117,4.793999999999997,1.0,18,17.0,144.2052,120.6252,-23.579999999999984,0.0,14,14.0
detached,run_1353,0.0817,1.5523,1.4706000000000001,5.0,45.0,40.0,29.481,34.367,4.885999999999996,0.0,12,12.0,37.0337,35.0638,-1.9699000000000026,0.0,5,5.0
detached,run_1354,0.1089,1.5795,1.4706,6.0,48.0,42.0,29.602,34.544,4.941999999999997,1.0,17,16.0,68.2866,68.3057,0.019099999999994566,0.0,6,6.0
detached,run_1355,0.1362,1.634,1.4977999999999998,9.0,48.0,39.0,29.857,34.779,4.922000000000004,0.0,11,11.0,94.137,89.3725,-4.764499999999998,0.0,9,9.0
detached,run_1356,0.8715,2.0425,1.1709999999999998,20.0,58.0,38.0,31.161,35.593,4.432000000000002,1.0,18,17.0,196.689,162.0059,-34.683099999999996,0.0,27,27.0
detached,run_1357,0.0,1.3344,1.3344,3.0,40.0,37.0,29.006,34.091,5.085000000000001,0.0,9,9.0,42.2465,42.4135,0.1670000000000016,0.0,5,5.0
detached,run_1358,0.1634,1.634,1.4706,9.0,48.0,39.0,29.924,34.835,4.911000000000001,0.0,10,10.0,128.409,105.2221,-23.186899999999994,0.0,10,10.0
detached,run_1359,0.1362,1.6612,1.525,10.0,49.0,39.0,29.953,34.846,4.892999999999997,0.0,11,11.0,212.9942,169.0001,-43.9941,0.0,9,9.0
detached,run_1360,0.0,1.3344,1.3344,3.0,40.0,37.0,28.971,34.071,5.099999999999998,0.0,8,8.0,37.0911,37.4516,0.3605000000000018,0.0,5,5.0
detached,run_1361,0.2451,1.6612,1.4161,10.0,50.0,40.0,30.025,34.772,4.747,0.0,14,14.0,60.1863,52.4507,-7.735600000000005,0.0,9,9.0
detached,run_1362,0.5174,2.5054,1.988,14.0,55.0,41.0,30.52,35.174,4.654,3.0,31,28.0,154.0444,130.9996,-23.04480000000001,0.0,20,20.0
detached,run_1363,0.8442,1.988,1.1438000000000001,20.0,58.0,38.0,31.14,35.617,4.476999999999997,1.0,16,15.0,196.673,159.7779,-36.89510000000001,0.0,27,27.0
detached,run_1364,0.0545,1.4706,1.4161,5.0,44.0,39.0,29.29,34.113,4.823,0.0,15,15.0,25.9386,22.6578,-3.2807999999999993,0.0,5,5.0
detached,run_1365,0.2723,1.6885,1.4162,11.0,51.0,40.0,29.967,34.818,4.850999999999999,1.0,17,16.0,64.8601,54.9252,-9.934900000000006,0.0,10,10.0
detached,run_1366,0.1089,1.6068,1.4979,9.0,47.0,38.0,29.843,34.663,4.819999999999997,0.0,7,7.0,84.3673,88.6292,4.261899999999997,0.0,8,8.0
detached,run_1367,0.1089,1.634,1.5251,9.0,48.0,39.0,29.795,34.807,5.0120000000000005,0.0,7,7.0,110.498,109.6235,-0.8744999999999976,0.0,8,8.0
detached,run_1368,0.7898,2.2059,1.4161000000000001,19.0,60.0,41.0,30.985,35.576,4.591000000000001,2.0,24,22.0,247.7536,206.6887,-41.064899999999994,0.0,26,26.0
detached,run_1369,0.7353,1.9336,1.1983000000000001,20.0,60.0,40.0,31.196,35.671,4.474999999999998,1.0,16,15.0,250.6489,209.5223,-41.126599999999996,0.0,26,26.0
detached,run_1370,0.7898,2.7778,1.988,18.0,58.0,40.0,30.978,35.624,4.646000000000001,8.0,35,27.0,470.2958,391.9067,-78.38909999999998,0.0,27,27.0
detached,run_1371,0.5447,1.8791,1.3344,17.0,55.0,38.0,30.66,35.121,4.461000000000002,1.0,20,19.0,70.9459,62.5304,-8.415499999999994,0.0,16,16.0
detached,run_1372,0.354,1.7974,1.4434,11.0,51.0,40.0,30.342,35.177,4.835000000000001,0.0,15,15.0,244.3148,197.9034,-46.411399999999986,0.0,16,16.0
detached,run_1373,0.1906,1.634,1.4434,9.0,48.0,39.0,29.907,34.869,4.962,0.0,11,11.0,134.7379,115.0684,-19.6695,0.0,9,9.0
detached,run_1374,0.2451,2.3148,2.0697,10.0,50.0,40.0,30.017,34.911,4.894000000000002,2.0,28,26.0,293.6018,261.3639,-32.237900000000025,0.0,11,11.0
detached,run_1375,0.1089,1.5523,1.4434,9.0,45.0,36.0,29.684,34.541,4.856999999999996,0.0,7,7.0,69.575,71.775,2.200000000000003,0.0,6,6.0
detached,run_1376,0.1089,1.6068,1.4979,8.0,49.0,41.0,29.712,34.63,4.918000000000003,0.0,12,12.0,86.8576,73.0582,-13.799400000000006,0.0,7,7.0
detached,run_1377,0.5991,1.9608,1.3617000000000001,15.0,55.0,40.0,30.716,35.038,4.321999999999996,2.0,23,21.0,62.4497,53.4286,-9.021099999999997,0.0,17,17.0
detached,run_1378,0.354,1.6885,1.3344999999999998,12.0,50.0,38.0,30.295,35.003,4.707999999999998,0.0,12,12.0,164.9925,138.4421,-26.550399999999996,0.0,12,12.0
detached,run_1379,0.5174,1.8791,1.3617,17.0,57.0,40.0,30.856,35.415,4.5589999999999975,2.0,20,18.0,242.1829,198.0907,-44.09219999999999,0.0,23,23.0
detached,run_1380,0.2179,1.634,1.4161,10.0,48.0,38.0,29.999,34.913,4.913999999999998,0.0,10,10.0,89.1288,89.2349,0.10609999999999786,0.0,10,10.0
detached,run_1381,0.1089,1.634,1.5251,9.0,48.0,39.0,29.741,34.809,5.067999999999998,0.0,11,11.0,176.9561,138.7653,-38.190799999999996,0.0,8,8.0
detached,run_1382,0.0272,1.4706,1.4434,4.0,41.0,37.0,29.148,34.299,5.151,0.0,11,11.0,64.1327,51.6093,-12.523400000000002,0.0,5,5.0
detached,run_1383,0.5174,1.9608,1.4434,17.0,57.0,40.0,30.88,35.428,4.547999999999998,1.0,18,17.0,228.6164,183.444,-45.17240000000001,0.0,23,23.0
detached,run_1384,0.0817,1.4706,1.3889,5.0,44.0,39.0,29.353,33.927,4.573999999999998,1.0,16,15.0,27.5189,27.3556,-0.16329999999999956,0.0,5,5.0
detached,run_1385,0.6536,2.7778,2.1242,16.0,57.0,41.0,30.734,35.372,4.637999999999998,4.0,35,31.0,183.7795,157.3746,-26.404900000000026,0.0,21,21.0
detached,run_1386,0.4085,1.8519,1.4434,14.0,55.0,41.0,30.548,35.291,4.7429999999999986,1.0,13,12.0,289.3897,231.0083,-58.38140000000001,0.0,19,19.0
detached,run_1387,0.0545,1.4706,1.4161,4.0,40.0,36.0,29.274,34.128,4.853999999999999,0.0,11,11.0,41.4467,42.8632,1.4164999999999992,0.0,5,5.0
detached,run_1388,0.0,1.2527,1.2527,2.0,38.0,36.0,28.732,33.833,5.100999999999999,0.0,9,9.0,23.413,21.7704,-1.6426000000000016,0.0,3,3.0
detached,run_1389,0.0817,1.5523,1.4706000000000001,5.0,47.0,42.0,29.475,34.518,5.042999999999999,0.0,14,14.0,62.8384,62.1163,-0.7220999999999975,0.0,7,7.0
detached,run_1390,0.2996,1.6612,1.3616000000000001,11.0,51.0,40.0,30.223,35.065,4.841999999999999,0.0,12,12.0,151.5356,130.4938,-21.041799999999995,0.0,12,12.0
detached,run_1391,0.2451,1.634,1.3888999999999998,10.0,47.0,37.0,29.985,34.137,4.152000000000001,1.0,17,16.0,38.6831,39.4058,0.7226999999999961,0.0,6,6.0
detached,run_1392,0.9259,2.0697,1.1438000000000001,20.0,61.0,41.0,31.231,35.741,4.509999999999998,1.0,21,20.0,207.0635,170.3412,-36.72230000000002,0.0,28,28.0
detached,run_1393,0.0545,1.4161,1.3616,5.0,42.0,37.0,29.166,34.222,5.056000000000001,0.0,13,13.0,39.762,38.2349,-1.5270999999999972,0.0,5,5.0
detached,run_1394,0.5719,1.8791,1.3072,17.0,57.0,40.0,30.719,35.437,4.717999999999996,1.0,13,12.0,250.5078,202.9555,-47.5523,0.0,22,22.0
detached,run_1395,0.3813,1.7974,1.4161000000000001,13.0,54.0,41.0,30.647,35.229,4.582000000000001,0.0,12,12.0,208.091,173.8208,-34.27020000000002,0.0,16,16.0
detached,run_1396,0.4357,2.5054,2.0697,13.0,56.0,43.0,30.554,35.281,4.727,3.0,21,18.0,411.1515,348.4414,-62.71010000000001,0.0,18,18.0
detached,run_1397,0.2996,1.7429,1.4432999999999998,10.0,50.0,40.0,30.22,34.614,4.393999999999998,1.0,16,15.0,37.4544,32.8997,-4.554699999999997,0.0,10,10.0
detached,run_1398,0.4085,1.9336,1.5251000000000001,12.0,53.0,41.0,30.604,35.246,4.642000000000003,0.0,15,15.0,212.2933,175.6682,-36.625099999999975,0.0,20,20.0
detached,run_1399,0.5174,2.8867,2.3693,15.0,55.0,40.0,30.724,35.318,4.593999999999998,8.0,38,30.0,348.6427,305.8044,-42.838300000000004,0.0,21,21.0
detached,run_1400,0.7898,2.0969,1.3071000000000002,17.0,58.0,41.0,30.874,35.63,4.756000000000004,1.0,15,14.0,346.2874,280.3054,-65.98199999999997,0.0,27,27.0
detached,run_1401,0.0545,1.4978,1.4433,4.0,42.0,38.0,29.358,34.391,5.032999999999998,0.0,7,7.0,60.8565,59.7607,-1.095799999999997,0.0,5,5.0
detached,run_1402,0.1089,1.634,1.5251,9.0,48.0,39.0,29.879,34.841,4.962,0.0,9,9.0,154.3549,130.8586,-23.49629999999999,0.0,9,9.0
detached,run_1403,1.0349,2.9956,1.9607,20.0,62.0,42.0,31.142,35.783,4.641000000000002,4.0,30,26.0,335.239,280.809,-54.42999999999995,0.0,30,30.0
detached,run_1404,0.5447,1.9608,1.4161000000000001,16.0,57.0,41.0,30.823,35.46,4.6370000000000005,1.0,17,16.0,290.3655,236.4854,-53.8801,0.0,24,24.0
detached,run_1405,0.1906,1.6885,1.4979,10.0,49.0,39.0,30.001,34.874,4.873000000000001,1.0,11,10.0,128.1925,106.4583,-21.7342,0.0,9,9.0
detached,run_1406,0.2179,1.6885,1.4706,10.0,49.0,39.0,29.969,34.862,4.893000000000001,1.0,11,10.0,92.5891,83.8072,-8.781900000000007,0.0,9,9.0
detached,run_1407,1.634,3.5403,1.9062999999999999,24.0,64.0,40.0,31.747,36.009,4.2620000000000005,13.0,40,27.0,462.785,395.3624,-67.42260000000005,0.0,36,36.0
detached,run_1408,0.1089,1.634,1.5251,9.0,48.0,39.0,29.739,34.687,4.947999999999997,0.0,11,11.0,78.1588,70.6145,-7.544299999999993,0.0,8,8.0
detached,run_1409,0.1089,1.5523,1.4434,6.0,45.0,39.0,29.541,34.504,4.962999999999997,0.0,9,9.0,80.8464,69.4284,-11.418000000000006,0.0,6,6.0
detached,run_1410,0.5174,1.8246,1.3072,13.0,54.0,41.0,30.616,35.053,4.436999999999998,4.0,29,25.0,57.2989,51.5084,-5.7905000000000015,0.0,16,16.0
detached,run_1411,0.4357,1.8519,1.4162000000000001,13.0,53.0,40.0,30.476,35.082,4.606000000000002,1.0,20,19.0,71.1057,62.1741,-8.931599999999996,0.0,16,16.0
detached,run_1412,0.6536,1.9608,1.3072000000000001,17.0,56.0,39.0,30.778,35.379,4.600999999999999,1.0,18,17.0,183.8799,154.2783,-29.60159999999999,0.0,23,23.0
detached,run_1413,0.1089,1.6068,1.4979,8.0,46.0,38.0,29.642,34.53,4.888000000000002,0.0,9,9.0,78.8588,72.6855,-6.173299999999998,0.0,7,7.0
detached,run_1414,0.2451,1.7157,1.4706,10.0,52.0,42.0,30.049,34.68,4.631,3.0,20,17.0,71.999,71.9285,-0.07049999999999557,0.0,8,8.0
detached,run_1415,0.1089,1.5251,1.4162,6.0,46.0,40.0,29.496,34.555,5.059000000000001,0.0,10,10.0,103.6186,84.446,-19.172600000000003,0.0,6,6.0
detached,run_1416,0.6536,1.9063,1.2527000000000001,15.0,50.0,35.0,30.814,34.697,3.8830000000000027,2.0,23,21.0,40.5198,39.8721,-0.6476999999999933,0.0,14,14.0
detached,run_1417,0.2723,1.6885,1.4162,11.0,50.0,39.0,30.05,34.923,4.873000000000001,0.0,11,11.0,87.1775,84.0669,-3.110599999999991,0.0,10,10.0
detached,run_1418,0.3268,1.6885,1.3617,11.0,51.0,40.0,30.317,35.015,4.698,0.0,11,11.0,90.9546,88.8605,-2.0940999999999974,0.0,12,12.0
detached,run_1419,0.2723,1.6885,1.4162,11.0,49.0,38.0,30.17,34.894,4.723999999999997,1.0,12,11.0,91.1903,81.3513,-9.838999999999999,0.0,9,9.0
detached,run_1420,0.354,1.7157,1.3617,12.0,51.0,39.0,30.235,35.008,4.773000000000003,1.0,11,10.0,121.115,109.4454,-11.669599999999988,0.0,11,11.0
detached,run_1421,0.4085,1.8519,1.4434,12.0,51.0,39.0,30.446,34.852,4.405999999999995,1.0,21,20.0,48.3499,41.5669,-6.783000000000001,0.0,11,11.0
detached,run_1422,0.5447,1.8791,1.3344,13.0,54.0,41.0,30.559,35.194,4.635000000000002,1.0,16,15.0,74.3248,71.0733,-3.251499999999993,0.0,18,18.0
detached,run_1423,0.3268,1.7429,1.4161,12.0,51.0,39.0,30.331,34.894,4.562999999999999,1.0,16,15.0,55.816,51.3199,-4.4961000000000055,0.0,15,15.0
detached,run_1424,0.1089,1.6068,1.4979,9.0,47.0,38.0,29.758,34.607,4.849,0.0,11,11.0,61.8643,60.0222,-1.842100000000002,0.0,8,8.0
detached,run_1425,0.1089,1.5523,1.4434,5.0,47.0,42.0,29.554,34.606,5.052000000000003,0.0,10,10.0,82.5735,83.5085,0.9350000000000023,0.0,7,7.0
detached,run_1426,0.4085,1.8791,1.4706000000000001,13.0,55.0,42.0,30.545,35.36,4.814999999999998,1.0,12,11.0,289.0101,230.1379,-58.87220000000002,0.0,21,21.0
detached,run_1427,0.0,1.4706,1.4706,4.0,41.0,37.0,29.102,34.241,5.138999999999999,0.0,11,11.0,40.0189,34.8394,-5.179500000000004,0.0,5,5.0
detached,run_1428,0.0,1.3344,1.3344,3.0,40.0,37.0,28.962,33.994,5.032,0.0,12,12.0,48.6776,50.8931,2.2154999999999987,0.0,5,5.0
detached,run_1429,0.0817,1.4161,1.3344,5.0,41.0,36.0,29.274,33.966,4.692,0.0,14,14.0,27.6404,25.8697,-1.770699999999998,0.0,5,5.0
detached,run_1430,0.1634,1.6068,1.4434,9.0,49.0,40.0,29.947,34.687,4.739999999999998,1.0,13,12.0,80.706,71.271,-9.435000000000002,0.0,9,9.0
detached,run_1431,0.0545,1.4706,1.4161,4.0,41.0,37.0,29.183,34.301,5.118000000000002,0.0,11,11.0,55.8852,47.7015,-8.183699999999995,0.0,5,5.0
detached,run_1432,0.4085,1.8246,1.4161000000000001,13.0,56.0,43.0,30.637,35.402,4.765000000000001,1.0,12,11.0,270.7019,227.265,-43.43690000000004,0.0,20,20.0
detached,run_1433,0.1362,1.634,1.4977999999999998,8.0,49.0,41.0,29.769,34.674,4.905000000000001,1.0,12,11.0,84.0711,70.5061,-13.564999999999998,0.0,8,8.0
detached,run_1434,0.0545,1.4978,1.4433,4.0,44.0,40.0,29.253,34.427,5.1739999999999995,0.0,11,11.0,73.1202,59.5721,-13.548099999999998,0.0,5,5.0
detached,run_1435,0.2179,1.6612,1.4433,10.0,49.0,39.0,29.941,34.751,4.809999999999999,1.0,12,11.0,86.0968,86.0605,-0.03629999999999711,0.0,8,8.0
detached,run_1436,0.0,1.4161,1.4161,4.0,40.0,36.0,29.297,33.527,4.23,2.0,23,21.0,27.8039,28.5086,0.7047000000000025,0.0,3,3.0
detached,run_1437,0.0,1.4706,1.4706,5.0,41.0,36.0,29.384,33.612,4.2280000000000015,2.0,22,20.0,13.451,12.5034,-0.9476000000000013,0.0,3,3.0
detached,run_1438,0.2179,1.6885,1.4706,10.0,49.0,39.0,30.056,34.969,4.913,0.0,11,11.0,96.3204,100.9682,4.6477999999999895,0.0,9,9.0
detached,run_1439,0.8442,3.0501,2.2059,18.0,58.0,40.0,30.908,35.218,4.310000000000002,11.0,53,42.0,66.5855,60.982,-5.603499999999997,0.0,23,23.0
detached,run_1440,0.3268,1.6885,1.3617,11.0,50.0,39.0,30.405,35.002,4.597000000000001,0.0,11,11.0,121.1548,110.3486,-10.80619999999999,0.0,13,13.0
detached,run_1441,0.4357,2.0425,1.6068,13.0,55.0,42.0,30.568,35.237,4.6690000000000005,1.0,22,21.0,107.2935,88.6165,-18.676999999999992,0.0,19,19.0
detached,run_1442,0.3813,2.0153,1.634,12.0,53.0,41.0,30.521,35.243,4.722000000000001,0.0,17,17.0,279.0942,232.7996,-46.2946,0.0,17,17.0
detached,run_1443,0.9532,2.2059,1.2527000000000001,20.0,60.0,40.0,31.292,35.75,4.457999999999998,1.0,18,17.0,514.8343,409.9041,-104.93019999999996,0.0,28,28.0
detached,run_1444,1.0621,2.0153,0.9531999999999998,21.0,59.0,38.0,31.484,35.465,3.9810000000000016,2.0,20,18.0,88.2489,85.4579,-2.791000000000011,0.0,26,26.0
detached,run_1445,0.2996,1.634,1.3344,11.0,50.0,39.0,30.257,35.012,4.754999999999999,0.0,11,11.0,120.6474,105.8435,-14.803899999999999,0.0,12,12.0
detached,run_1446,0.1089,1.5523,1.4434,6.0,47.0,41.0,29.608,34.478,4.870000000000001,0.0,12,12.0,42.2851,40.1062,-2.1788999999999987,0.0,7,7.0
detached,run_1447,0.2451,1.7157,1.4706,10.0,46.0,36.0,29.949,34.243,4.2940000000000005,4.0,24,20.0,20.8296,18.1399,-2.6896999999999984,0.0,6,6.0
detached,run_1448,0.1089,1.5795,1.4706,9.0,47.0,38.0,29.65,34.594,4.944000000000003,0.0,9,9.0,67.5678,67.2579,-0.30989999999999895,0.0,8,8.0
detached,run_1449,0.1089,1.6068,1.4979,7.0,48.0,41.0,29.548,34.558,5.010000000000002,0.0,11,11.0,71.4241,58.9231,-12.500999999999998,0.0,7,7.0
detached,run_1450,0.1089,1.5523,1.4434,6.0,44.0,38.0,29.598,33.996,4.398000000000003,1.0,17,16.0,29.9514,30.01,0.058600000000001984,0.0,5,5.0
detached,run_1451,0.9532,2.1242,1.171,22.0,59.0,37.0,31.392,35.663,4.270999999999997,1.0,18,17.0,133.7474,113.4507,-20.2967,0.0,28,28.0
detached,run_1452,0.1089,1.5251,1.4162,6.0,47.0,41.0,29.611,34.549,4.937999999999999,0.0,11,11.0,61.2052,53.3657,-7.839500000000001,0.0,7,7.0
detached,run_1453,0.4902,2.0969,1.6067000000000002,14.0,51.0,37.0,30.581,34.775,4.193999999999999,2.0,28,26.0,35.9494,31.3658,-4.583599999999997,0.0,14,14.0
detached,run_1454,0.0545,1.4706,1.4161,4.0,41.0,37.0,29.278,34.348,5.07,0.0,9,9.0,52.1676,49.2241,-2.9435000000000002,0.0,5,5.0
detached,run_1455,0.0545,1.4434,1.3889,4.0,42.0,38.0,29.212,34.372,5.16,0.0,12,12.0,48.8083,44.8426,-3.9657000000000053,0.0,5,5.0
detached,run_1456,0.7898,2.1514,1.3616000000000001,20.0,58.0,38.0,31.021,35.71,4.689,1.0,21,20.0,390.5441,319.4286,-71.1155,0.0,28,28.0
detached,run_1457,0.4085,1.8519,1.4434,12.0,51.0,39.0,30.211,34.843,4.632000000000005,1.0,21,20.0,66.7993,58.4174,-8.381900000000002,0.0,10,10.0
detached,run_1458,1.0349,3.0773,2.0424,21.0,61.0,40.0,31.405,35.839,4.4339999999999975,8.0,33,25.0,492.5456,413.6639,-78.88169999999997,0.0,30,30.0
detached,run_1459,0.1089,1.5795,1.4706,7.0,47.0,40.0,29.664,34.606,4.942,0.0,11,11.0,96.9082,80.6288,-16.279399999999995,0.0,8,8.0
detached,run_1460,0.1362,1.5795,1.4432999999999998,5.0,49.0,44.0,29.652,34.597,4.945,1.0,14,13.0,67.5837,71.1903,3.6066000000000003,0.0,7,7.0
detached,run_1461,0.1089,1.634,1.5251,10.0,48.0,38.0,29.901,34.771,4.870000000000001,0.0,11,11.0,101.8923,99.4892,-2.403100000000009,0.0,8,8.0
detached,run_1462,0.7625,1.9608,1.1983000000000001,17.0,58.0,41.0,30.773,35.55,4.7769999999999975,1.0,15,14.0,275.9454,225.5442,-50.40120000000002,0.0,25,25.0
detached,run_1463,0.1362,1.6068,1.4706000000000001,8.0,49.0,41.0,29.671,34.594,4.923000000000002,0.0,13,13.0,46.073,40.6955,-5.377499999999998,0.0,8,8.0
detached,run_1464,0.0,1.3889,1.3889,3.0,41.0,38.0,29.095,33.637,4.542000000000002,1.0,17,16.0,18.1269,18.0604,-0.06649999999999778,0.0,3,3.0
detached,run_1465,0.354,1.7429,1.3889,12.0,53.0,41.0,30.392,34.943,4.550999999999998,1.0,15,14.0,55.4818,52.7963,-2.6854999999999976,0.0,11,11.0
detached,run_1466,0.3268,1.7157,1.3889,12.0,52.0,40.0,30.398,35.009,4.611000000000001,1.0,16,15.0,87.6674,79.4145,-8.252899999999997,0.0,11,11.0
detached,run_1467,1.171,2.6961,1.5251,22.0,63.0,41.0,31.592,35.877,4.285000000000004,5.0,33,28.0,283.151,236.8137,-46.3373,0.0,33,33.0
detached,run_1468,0.2451,1.7429,1.4977999999999998,12.0,50.0,38.0,30.252,34.498,4.245999999999999,1.0,22,21.0,34.9108,32.5631,-2.3477000000000032,0.0,7,7.0
detached,run_1469,0.0817,1.4706,1.3889,5.0,42.0,37.0,29.375,34.358,4.982999999999997,0.0,11,11.0,55.298,49.5577,-5.740300000000005,0.0,5,5.0
detached,run_1470,1.0076,2.805,1.7974,22.0,62.0,40.0,31.455,35.895,4.440000000000005,3.0,28,25.0,548.7501,457.5334,-91.2167,0.0,32,32.0
detached,run_1471,0.0272,1.4706,1.4434,4.0,41.0,37.0,29.16,34.295,5.135000000000002,0.0,11,11.0,47.2983,43.3051,-3.9931999999999945,0.0,5,5.0
detached,run_1472,0.0817,1.4434,1.3617,5.0,45.0,40.0,29.43,34.444,5.014000000000003,0.0,11,11.0,60.8145,56.2891,-4.525400000000005,0.0,6,6.0
detached,run_1473,0.3813,1.7429,1.3616,12.0,54.0,42.0,30.513,35.269,4.755999999999997,0.0,12,12.0,170.8809,147.7409,-23.139999999999986,0.0,17,17.0
detached,run_1474,0.2451,1.6612,1.4161,10.0,50.0,40.0,29.936,34.806,4.869999999999997,1.0,16,15.0,82.9789,79.9144,-3.0644999999999953,0.0,9,9.0
detached,run_1475,0.4902,1.8791,1.3889,18.0,57.0,39.0,30.928,35.399,4.471,1.0,16,15.0,200.5641,178.1614,-22.40270000000001,0.0,24,24.0
detached,run_1476,0.5719,2.1786,1.6067,15.0,58.0,43.0,30.595,35.212,4.617000000000004,2.0,25,23.0,133.89,113.0073,-20.882699999999986,0.0,18,18.0
detached,run_1477,0.0545,1.4434,1.3889,5.0,43.0,38.0,29.27,34.37,5.099999999999998,0.0,11,11.0,48.7838,45.5578,-3.225999999999999,0.0,5,5.0
detached,run_1478,0.0817,1.4978,1.4161000000000001,5.0,45.0,40.0,29.44,34.485,5.044999999999998,0.0,8,8.0,61.4161,55.8936,-5.522500000000001,0.0,6,6.0
detached,run_1479,0.8442,1.988,1.1438000000000001,21.0,58.0,37.0,31.133,35.174,4.041,3.0,25,22.0,48.4839,47.309,-1.174900000000001,0.0,23,23.0
detached,run_1480,0.0545,1.4978,1.4433,4.0,42.0,38.0,29.267,34.405,5.138000000000002,0.0,8,8.0,65.8576,65.9632,0.10559999999999548,0.0,5,5.0
detached,run_1481,0.1906,1.634,1.4434,9.0,49.0,40.0,29.923,34.936,5.013000000000002,0.0,13,13.0,221.6586,182.4122,-39.246399999999994,0.0,10,10.0
detached,run_1482,0.2996,1.6612,1.3616000000000001,11.0,50.0,39.0,30.251,34.993,4.742000000000001,0.0,11,11.0,118.73,105.4151,-13.314900000000009,0.0,11,11.0
detached,run_1483,0.4085,1.7974,1.3889,12.0,55.0,43.0,30.364,35.262,4.898,0.0,11,11.0,198.7992,174.2237,-24.575500000000005,0.0,19,19.0
detached,run_1484,0.7898,2.3148,1.525,18.0,58.0,40.0,30.887,35.397,4.509999999999998,3.0,27,24.0,157.435,130.4935,-26.94149999999999,0.0,26,26.0
detached,run_1485,0.4085,1.7702,1.3617,12.0,52.0,40.0,30.431,35.082,4.651,0.0,12,12.0,97.5287,85.7424,-11.786299999999997,0.0,14,14.0
detached,run_1486,0.1089,1.5795,1.4706,9.0,47.0,38.0,29.896,34.779,4.883000000000003,0.0,11,11.0,111.3356,94.8444,-16.491200000000006,0.0,8,8.0
detached,run_1487,0.3813,1.7157,1.3344,11.0,51.0,40.0,30.287,35.002,4.715000000000003,0.0,13,13.0,75.6962,69.8348,-5.861400000000003,0.0,12,12.0
detached,run_1488,0.0817,1.4706,1.3889,5.0,43.0,38.0,29.551,34.439,4.888000000000002,0.0,11,11.0,52.4079,55.0651,2.657200000000003,0.0,7,7.0
detached,run_1489,0.0,1.4161,1.4161,4.0,40.0,36.0,29.074,34.233,5.158999999999995,0.0,8,8.0,39.1943,34.2066,-4.987699999999997,0.0,5,5.0
detached,run_1490,1.3344,3.159,1.8245999999999998,22.0,59.0,37.0,31.221,35.142,3.921000000000003,16.0,52,36.0,30.8708,28.0164,-2.8543999999999983,0.0,25,25.0
detached,run_1491,0.0545,1.4706,1.4161,5.0,41.0,36.0,29.297,34.263,4.9659999999999975,0.0,9,9.0,53.1295,54.8307,1.7012,0.0,5,5.0
detached,run_1492,0.3813,1.7157,1.3344,12.0,51.0,39.0,30.057,35.012,4.955000000000002,0.0,11,11.0,96.228,90.8978,-5.330199999999991,0.0,12,12.0
detached,run_1493,0.0,1.4434,1.4434,4.0,41.0,37.0,29.128,34.301,5.173000000000002,0.0,11,11.0,44.0135,44.3382,0.3247,0.0,5,5.0
detached,run_1494,0.6808,1.988,1.3072,17.0,58.0,41.0,30.79,35.582,4.792000000000002,0.0,12,12.0,330.2151,272.4889,-57.726200000000006,0.0,27,27.0
detached,run_1495,0.0545,1.5523,1.4978,6.0,45.0,39.0,29.439,34.468,5.0290000000000035,0.0,12,12.0,56.461,49.8758,-6.5852,0.0,5,5.0
detached,run_1496,0.1362,1.5795,1.4432999999999998,9.0,48.0,39.0,29.903,34.644,4.741,1.0,12,11.0,63.4936,65.8535,2.359899999999996,0.0,8,8.0
detached,run_1497,0.2179,1.634,1.4161,10.0,50.0,40.0,29.874,34.773,4.8990000000000045,0.0,11,11.0,79.3664,65.9469,-13.4195,0.0,10,10.0
detached,run_1498,0.2996,1.6885,1.3889,11.0,49.0,38.0,30.191,34.91,4.718999999999998,0.0,11,11.0,81.0094,77.6255,-3.383899999999997,0.0,9,9.0
detached,run_1499,0.2723,1.7157,1.4434,12.0,52.0,40.0,30.397,34.995,4.597999999999999,1.0,15,14.0,98.8855,90.9563,-7.9291999999999945,0.0,11,11.0
detached,run_1500,0.0272,1.4161,1.3889,4.0,40.0,36.0,29.15,34.239,5.088999999999999,0.0,9,9.0,50.9429,52.7747,1.8318000000000012,0.0,5,5.0
detached,run_1501,0.0817,1.4706,1.3889,5.0,43.0,38.0,29.407,34.002,4.595000000000002,1.0,20,19.0,21.4406,18.9322,-2.508399999999998,0.0,5,5.0
detached,run_1502,0.4902,1.8246,1.3344,17.0,56.0,39.0,30.692,35.377,4.685000000000002,0.0,11,11.0,252.9053,209.3361,-43.56920000000002,0.0,21,21.0
detached,run_1503,0.0817,1.5251,1.4434,5.0,47.0,42.0,29.575,34.585,5.010000000000002,0.0,11,11.0,69.4012,58.9526,-10.448600000000006,0.0,7,7.0
detached,run_1504,0.2451,1.6885,1.4433999999999998,10.0,50.0,40.0,29.914,34.636,4.722000000000001,1.0,15,14.0,62.4672,55.7409,-6.726299999999995,0.0,8,8.0
detached,run_1505,0.0545,1.4706,1.4161,4.0,44.0,40.0,29.218,34.427,5.209,0.0,11,11.0,64.1159,61.1275,-2.9883999999999986,0.0,5,5.0
detached,run_1506,1.9063,4.8747,2.9684,25.0,65.0,40.0,31.716,36.059,4.342999999999996,33.0,88,55.0,634.5908,599.2859,-35.304899999999975,0.0,57,57.0
detached,run_1507,0.5991,2.342,1.7429000000000001,18.0,58.0,40.0,31.021,35.565,4.543999999999997,1.0,19,18.0,402.5449,335.5225,-67.0224,0.0,26,26.0
detached,run_1508,0.1089,1.6068,1.4979,9.0,48.0,39.0,29.818,34.882,5.0639999999999965,0.0,7,7.0,129.241,137.3404,8.099399999999974,0.0,9,9.0
detached,run_1509,0.0,1.3617,1.3617,3.0,40.0,37.0,28.977,34.098,5.120999999999999,0.0,15,15.0,45.9615,46.3875,0.42600000000000193,0.0,5,5.0
detached,run_1510,0.2179,1.6612,1.4433,9.0,49.0,40.0,29.906,34.572,4.666000000000004,0.0,15,15.0,44.9841,41.8192,-3.164899999999996,0.0,7,7.0
detached,run_1511,0.0817,1.5251,1.4434,5.0,45.0,40.0,29.554,34.188,4.634000000000004,1.0,17,16.0,30.8553,27.2204,-3.6348999999999982,0.0,5,5.0
detached,run_1512,0.0,1.3072,1.3072,3.0,40.0,37.0,28.936,34.0,5.064,0.0,9,9.0,33.8025,30.8151,-2.987400000000001,0.0,5,5.0
detached,run_1513,0.2996,1.6885,1.3889,11.0,50.0,39.0,30.187,34.784,4.596999999999998,0.0,11,11.0,62.3261,63.5106,1.1844999999999999,0.0,9,9.0
detached,run_1514,0.1362,1.634,1.4977999999999998,9.0,49.0,40.0,29.847,34.839,4.991999999999997,0.0,11,11.0,85.634,74.4633,-11.170699999999997,0.0,9,9.0
detached,run_1515,0.1362,1.634,1.4977999999999998,8.0,49.0,41.0,29.762,34.582,4.82,0.0,12,12.0,60.3749,51.4828,-8.8921,0.0,7,7.0
detached,run_1516,0.2996,1.6612,1.3616000000000001,11.0,51.0,40.0,30.224,35.051,4.827000000000002,0.0,11,11.0,151.3199,136.4811,-14.838799999999992,0.0,12,12.0
detached,run_1517,0.2179,1.6612,1.4433,10.0,50.0,40.0,29.892,34.685,4.793000000000003,1.0,16,15.0,54.5676,46.4487,-8.118899999999996,0.0,8,8.0
detached,run_1518,0.1634,1.634,1.4706,9.0,50.0,41.0,29.773,34.79,5.0169999999999995,0.0,12,12.0,74.2786,73.9645,-0.31409999999999627,0.0,8,8.0
detached,run_1519,0.4357,1.8246,1.3889,16.0,56.0,40.0,30.766,35.365,4.599000000000004,1.0,12,11.0,177.4665,156.1614,-21.30510000000001,0.0,20,20.0
detached,run_1520,0.3268,1.6885,1.3617,11.0,50.0,39.0,30.178,34.956,4.778000000000002,1.0,12,11.0,101.8561,91.154,-10.702100000000002,0.0,10,10.0
detached,run_1521,0.4357,1.9608,1.5251000000000001,12.0,55.0,43.0,30.532,35.336,4.8039999999999985,0.0,15,15.0,276.7888,228.0701,-48.718699999999984,0.0,20,20.0
detached,run_1522,0.6264,1.9608,1.3344,20.0,60.0,40.0,31.17,35.588,4.417999999999999,1.0,17,16.0,250.3809,200.6042,-49.776700000000005,0.0,26,26.0
detached,run_1523,0.2723,1.6885,1.4162,11.0,50.0,39.0,30.236,35.104,4.8679999999999986,0.0,11,11.0,121.5274,128.7108,7.183400000000006,0.0,13,13.0
detached,run_1524,0.0817,1.5251,1.4434,5.0,46.0,41.0,29.52,34.494,4.974,0.0,11,11.0,64.3993,57.3202,-7.079099999999997,0.0,7,7.0
detached,run_1525,0.0545,1.4706,1.4161,4.0,41.0,37.0,29.233,34.273,5.040000000000003,0.0,11,11.0,42.7963,36.8977,-5.898600000000002,0.0,5,5.0
detached,run_1526,0.2996,1.6885,1.3889,11.0,52.0,41.0,30.405,35.138,4.732999999999997,0.0,11,11.0,114.344,113.4567,-0.8872999999999962,0.0,15,15.0
detached,run_1527,0.1362,1.634,1.4977999999999998,9.0,48.0,39.0,29.794,34.737,4.943000000000001,0.0,11,11.0,93.8795,82.354,-11.525499999999994,0.0,8,8.0
detached,run_1528,0.3813,1.7429,1.3616,12.0,53.0,41.0,30.322,35.244,4.922000000000001,0.0,11,11.0,218.6192,197.6951,-20.92410000000001,0.0,18,18.0
detached,run_1529,0.1634,1.634,1.4706,7.0,49.0,42.0,29.782,34.439,4.657,0.0,14,14.0,42.7068,36.5217,-6.1850999999999985,0.0,7,7.0
detached,run_1530,0.1089,1.6068,1.4979,8.0,47.0,39.0,29.677,34.66,4.982999999999997,0.0,7,7.0,88.7262,93.4356,4.709399999999988,0.0,8,8.0
detached,run_1531,0.7081,2.2603,1.5522,18.0,58.0,40.0,30.829,35.461,4.631999999999998,1.0,24,23.0,168.2629,141.7928,-26.470100000000002,0.0,25,25.0
detached,run_1532,0.2451,1.6885,1.4433999999999998,10.0,48.0,38.0,29.887,34.41,4.522999999999996,1.0,15,14.0,30.4951,28.5242,-1.9709000000000003,0.0,7,7.0
detached,run_1533,0.1089,1.634,1.5251,9.0,49.0,40.0,29.703,34.677,4.974,0.0,11,11.0,83.4749,70.0888,-13.386099999999999,0.0,8,8.0
detached,run_1534,0.2723,1.6612,1.3889,11.0,50.0,39.0,30.085,34.74,4.655000000000001,0.0,13,13.0,59.8673,52.7576,-7.109700000000004,0.0,9,9.0
detached,run_1535,0.0272,1.4706,1.4434,4.0,40.0,36.0,29.149,34.292,5.143000000000001,0.0,9,9.0,46.1444,44.0246,-2.119799999999998,0.0,5,5.0
detached,run_1536,0.1634,1.5795,1.4161,6.0,45.0,39.0,29.752,34.243,4.491000000000003,1.0,21,20.0,39.9173,39.4816,-0.4356999999999971,0.0,6,6.0
detached,run_1537,1.1166,2.4237,1.3071000000000002,22.0,60.0,38.0,31.298,35.791,4.4929999999999986,1.0,17,16.0,274.751,222.5904,-52.16059999999999,0.0,30,30.0
detached,run_1538,0.1089,1.634,1.5251,9.0,48.0,39.0,29.897,34.781,4.884,0.0,11,11.0,156.9697,122.9858,-33.98389999999999,0.0,9,9.0
detached,run_1539,0.9532,2.1786,1.2253999999999998,20.0,58.0,38.0,31.197,35.173,3.9760000000000026,9.0,35,26.0,48.7748,43.4893,-5.285499999999999,0.0,23,23.0
detached,run_1540,0.0817,1.4978,1.4161000000000001,5.0,44.0,39.0,29.401,34.459,5.058000000000003,0.0,9,9.0,62.0323,59.8884,-2.143900000000002,0.0,5,5.0
detached,run_1541,0.4357,1.9336,1.4979,14.0,56.0,42.0,30.546,35.195,4.649000000000001,1.0,19,18.0,155.5928,128.7357,-26.857100000000003,0.0,16,16.0
detached,run_1542,0.1362,1.634,1.4977999999999998,9.0,48.0,39.0,29.968,34.804,4.836000000000002,0.0,7,7.0,104.1442,110.2088,6.064599999999999,0.0,9,9.0
detached,run_1543,0.0,1.3889,1.3889,5.0,42.0,37.0,29.173,34.115,4.942000000000004,0.0,13,13.0,62.2019,65.1902,2.9883000000000024,0.0,5,5.0
detached,run_1544,0.0,1.4161,1.4161,4.0,40.0,36.0,29.06,34.155,5.095000000000002,0.0,12,12.0,37.5242,32.3003,-5.2239,0.0,5,5.0
detached,run_1545,0.1089,1.5251,1.4162,8.0,47.0,39.0,29.719,34.672,4.952999999999996,0.0,7,7.0,92.9005,98.4083,5.507800000000003,0.0,8,8.0
detached,run_1546,0.7081,2.0969,1.3888000000000003,19.0,58.0,39.0,30.949,35.537,4.587999999999997,1.0,17,16.0,245.4776,201.7855,-43.69209999999998,0.0,26,26.0
detached,run_1547,0.1089,1.5523,1.4434,6.0,47.0,41.0,29.593,34.607,5.013999999999999,0.0,11,11.0,100.0945,81.3797,-18.714799999999997,0.0,7,7.0
detached,run_1548,0.0817,1.5251,1.4434,5.0,46.0,41.0,29.452,34.537,5.084999999999997,0.0,10,10.0,68.1934,67.4395,-0.7539000000000016,0.0,5,5.0
detached,run_1549,0.0,1.4161,1.4161,4.0,42.0,38.0,29.17,33.583,4.412999999999997,2.0,22,20.0,30.7075,31.5825,0.875,0.0,4,4.0
detached,run_1550,0.7625,2.4237,1.6612000000000002,20.0,59.0,39.0,31.085,35.619,4.533999999999999,4.0,29,25.0,260.8322,216.1899,-44.642300000000006,0.0,26,26.0
detached,run_1551,0.9804,2.0425,1.0621,21.0,62.0,41.0,31.096,35.725,4.629000000000001,2.0,20,18.0,108.4078,93.1537,-15.254099999999994,0.0,29,29.0
detached,run_1552,0.1089,1.5251,1.4162,6.0,48.0,42.0,29.502,34.596,5.093999999999998,0.0,11,11.0,63.9856,57.7348,-6.250799999999998,0.0,7,7.0
detached,run_1553,0.2451,1.6885,1.4433999999999998,10.0,50.0,40.0,30.082,34.92,4.838000000000001,0.0,12,12.0,85.0583,70.9691,-14.089200000000005,0.0,10,10.0
detached,run_1554,0.0545,1.3889,1.3344,5.0,41.0,36.0,29.288,34.204,4.916,0.0,11,11.0,52.7415,55.9912,3.249699999999997,0.0,5,5.0
detached,run_1555,0.5991,2.1786,1.5795,18.0,58.0,40.0,30.983,35.441,4.458000000000002,2.0,23,21.0,199.8369,165.6687,-34.16820000000001,0.0,24,24.0
detached,run_1556,0.5447,1.8519,1.3072000000000001,17.0,54.0,37.0,30.768,35.137,4.369,2.0,23,21.0,59.7535,52.424,-7.329500000000003,0.0,19,19.0
detached,run_1557,0.354,2.2331,1.8790999999999998,11.0,51.0,40.0,30.294,35.053,4.758999999999997,2.0,27,25.0,143.0814,123.0861,-19.9953,0.0,14,14.0
detached,run_1558,0.3813,1.7157,1.3344,12.0,51.0,39.0,30.283,35.005,4.722000000000001,0.0,12,12.0,133.8646,111.6257,-22.2389,0.0,13,13.0
detached,run_1559,0.0817,1.4978,1.4161000000000001,5.0,48.0,43.0,29.42,34.541,5.120999999999995,0.0,13,13.0,79.3188,81.628,2.309200000000004,0.0,6,6.0
detached,run_1560,1.634,2.5599,0.9259,27.0,67.0,40.0,31.946,36.005,4.059000000000001,2.0,24,22.0,121.0749,105.5663,-15.508600000000001,0.0,36,36.0
detached,run_1561,0.6264,2.2603,1.6339000000000001,16.0,56.0,40.0,30.751,35.44,4.6889999999999965,1.0,20,19.0,312.1905,252.8043,-59.386199999999974,0.0,22,22.0
detached,run_1562,0.1089,1.5523,1.4434,6.0,48.0,42.0,29.592,34.553,4.9609999999999985,0.0,14,14.0,76.9657,77.1912,0.2254999999999967,0.0,6,6.0
detached,run_1563,0.0,1.28,1.28,2.0,39.0,37.0,28.825,33.967,5.1419999999999995,0.0,11,11.0,41.9701,43.8903,1.9202000000000012,0.0,5,5.0
detached,run_1564,0.463,1.7702,1.3072,14.0,54.0,40.0,30.535,35.017,4.482000000000003,1.0,17,16.0,56.915,55.7394,-1.1755999999999958,0.0,15,15.0
detached,run_1565,0.5991,1.9336,1.3345,17.0,57.0,40.0,30.78,35.342,4.561999999999998,1.0,17,16.0,110.0072,91.9742,-18.033,0.0,22,22.0
detached,run_1566,0.0,1.1983,1.1983,0.0,35.0,35.0,28.529,33.285,4.755999999999997,0.0,16,16.0,16.703,16.7135,0.010500000000000398,0.0,2,2.0
detached,run_1567,0.0545,1.4434,1.3889,4.0,42.0,38.0,29.205,34.387,5.182000000000002,0.0,10,10.0,75.1064,60.6036,-14.502799999999993,0.0,5,5.0
detached,run_1568,0.1089,1.5523,1.4434,8.0,48.0,40.0,29.68,34.76,5.079999999999998,0.0,11,11.0,88.8121,88.0352,-0.7768999999999977,0.0,8,8.0
detached,run_1569,0.1362,1.5795,1.4432999999999998,6.0,49.0,43.0,29.647,34.573,4.926000000000002,1.0,14,13.0,70.3901,73.3323,2.9421999999999997,0.0,7,7.0
detached,run_1570,0.2451,1.7702,1.5251,10.0,50.0,40.0,29.945,34.8,4.854999999999997,0.0,17,17.0,125.1925,103.6156,-21.576899999999995,0.0,8,8.0
detached,run_1571,0.0817,1.4706,1.3889,5.0,42.0,37.0,29.441,34.406,4.965,0.0,7,7.0,71.3146,74.9377,3.623100000000008,0.0,5,5.0
detached,run_1572,0.2179,1.5795,1.3616,9.0,47.0,38.0,29.876,34.45,4.574000000000002,1.0,16,15.0,63.0664,66.0569,2.9904999999999973,0.0,7,7.0
detached,run_1573,0.1089,1.6068,1.4979,6.0,45.0,39.0,29.607,34.455,4.847999999999999,0.0,11,11.0,50.7814,48.3337,-2.4476999999999975,0.0,7,7.0
detached,run_1574,0.4357,1.8791,1.4434,13.0,55.0,42.0,30.534,35.283,4.749000000000002,1.0,18,17.0,180.1078,150.2282,-29.87960000000001,0.0,18,18.0
detached,run_1575,0.1089,1.5523,1.4434,6.0,43.0,37.0,29.55,34.402,4.852,0.0,9,9.0,64.6104,59.3559,-5.2545,0.0,6,6.0
detached,run_1576,0.6264,1.8519,1.2255000000000003,16.0,56.0,40.0,30.825,35.374,4.549000000000003,0.0,13,13.0,90.1416,81.4917,-8.649900000000002,0.0,25,25.0
detached,run_1577,0.0817,1.4978,1.4161000000000001,5.0,47.0,42.0,29.555,34.597,5.042000000000002,0.0,11,11.0,64.175,60.5477,-3.627299999999998,0.0,7,7.0
detached,run_1578,0.2179,1.634,1.4161,11.0,48.0,37.0,30.099,34.917,4.818000000000001,0.0,10,10.0,106.738,102.3019,-4.436099999999996,0.0,11,11.0
detached,run_1579,0.0545,1.4706,1.4161,5.0,41.0,36.0,29.275,34.326,5.051000000000002,0.0,11,11.0,48.0668,47.2311,-0.8357000000000028,0.0,5,5.0
detached,run_1580,0.0817,1.5523,1.4706000000000001,5.0,45.0,40.0,29.565,34.409,4.843999999999998,0.0,11,11.0,50.0561,51.427,1.370899999999999,0.0,5,5.0
detached,run_1581,0.0817,1.4978,1.4161000000000001,5.0,43.0,38.0,29.58,34.256,4.676000000000002,0.0,12,12.0,38.4122,36.829,-1.583199999999998,0.0,5,5.0
detached,run_1582,0.1634,1.634,1.4706,6.0,49.0,43.0,29.791,34.565,4.773999999999997,2.0,20,18.0,55.4434,53.9008,-1.5426000000000002,0.0,7,7.0
detached,run_1583,0.2723,1.8519,1.5796000000000001,11.0,50.0,39.0,30.197,34.955,4.757999999999999,1.0,20,19.0,97.7675,81.28,-16.487499999999997,0.0,12,12.0
detached,run_1584,0.7625,2.0153,1.2528,20.0,61.0,41.0,31.315,35.735,4.419999999999998,1.0,17,16.0,277.5888,224.0883,-53.50049999999999,0.0,27,27.0
detached,run_1585,0.0817,1.5523,1.4706000000000001,5.0,48.0,43.0,29.494,34.626,5.131999999999998,0.0,13,13.0,84.0659,86.3211,2.255200000000002,0.0,6,6.0
detached,run_1586,0.0545,1.4978,1.4433,5.0,44.0,39.0,29.334,34.295,4.961000000000002,0.0,15,15.0,42.5588,35.7417,-6.817099999999996,0.0,5,5.0
detached,run_1587,0.0,1.3617,1.3617,3.0,39.0,36.0,29.046,33.893,4.847000000000001,0.0,12,12.0,40.0321,42.1652,2.133099999999999,0.0,5,5.0
detached,run_1588,0.1362,1.6068,1.4706000000000001,8.0,49.0,41.0,29.782,34.617,4.834999999999997,1.0,13,12.0,62.1451,53.8184,-8.326700000000002,0.0,7,7.0
detached,run_1589,0.9804,2.0425,1.0621,22.0,59.0,37.0,31.195,35.4,4.204999999999998,1.0,20,19.0,97.0075,81.6711,-15.336399999999998,0.0,27,27.0
detached,run_1590,1.7157,2.6416,0.9259,25.0,66.0,41.0,31.813,36.148,4.335000000000004,1.0,19,18.0,212.6485,179.604,-33.0445,0.0,37,37.0
detached,run_1591,0.1089,1.6068,1.4979,8.0,47.0,39.0,29.66,34.631,4.971,0.0,7,7.0,66.0194,67.4541,1.4346999999999923,0.0,7,7.0
detached,run_1592,0.354,1.6885,1.3344999999999998,11.0,51.0,40.0,30.358,35.067,4.709,1.0,11,10.0,98.1877,99.1036,0.9158999999999935,0.0,13,13.0
detached,run_1593,0.0,1.3617,1.3617,4.0,40.0,36.0,29.007,34.107,5.099999999999998,0.0,11,11.0,42.3811,42.4022,0.02109999999999701,0.0,5,5.0
detached,run_1594,0.354,1.7157,1.3617,12.0,51.0,39.0,30.391,35.19,4.7989999999999995,0.0,10,10.0,202.5589,184.2094,-18.349500000000006,0.0,16,16.0
detached,run_1595,0.5174,1.8791,1.3617,18.0,57.0,39.0,30.945,35.446,4.500999999999998,1.0,12,11.0,238.1367,194.6176,-43.51909999999998,0.0,24,24.0
detached,run_1596,0.0,1.2527,1.2527,2.0,39.0,37.0,28.814,33.934,5.119999999999997,0.0,10,10.0,35.6661,30.524,-5.142099999999999,0.0,5,5.0
detached,run_1597,0.8715,2.0153,1.1437999999999997,21.0,58.0,37.0,31.205,35.699,4.494,1.0,18,17.0,190.3196,156.5158,-33.803799999999995,0.0,28,28.0
detached,run_1598,1.1166,2.805,1.6884000000000001,22.0,62.0,40.0,31.439,35.902,4.463000000000001,5.0,27,22.0,412.8207,346.818,-66.0027,0.0,32,32.0
detached,run_1599,0.0,1.3889,1.3889,3.0,40.0,37.0,28.998,33.95,4.952000000000002,0.0,14,14.0,24.7449,22.2578,-2.4871000000000016,0.0,5,5.0
detached,run_1600,0.2996,1.6885,1.3889,11.0,50.0,39.0,30.052,34.912,4.859999999999999,0.0,12,12.0,83.4233,71.5009,-11.922399999999996,0.0,10,10.0
detached,run_1601,0.1089,1.6612,1.5523,7.0,47.0,40.0,29.649,34.655,5.006,0.0,13,13.0,121.5985,100.627,-20.971500000000006,0.0,8,8.0
detached,run_1602,0.5447,1.9063,1.3616000000000001,18.0,59.0,41.0,30.995,35.496,4.501000000000001,2.0,19,17.0,212.6554,173.453,-39.20239999999998,0.0,26,26.0
detached,run_1603,0.3813,1.7702,1.3889,12.0,52.0,40.0,30.603,35.285,4.681999999999995,1.0,11,10.0,157.6104,140.5489,-17.061499999999995,0.0,18,18.0
detached,run_1604,0.4085,2.4237,2.0152,12.0,53.0,41.0,30.36,35.156,4.795999999999999,2.0,28,26.0,265.7753,230.4555,-35.319800000000015,0.0,15,15.0
detached,run_1605,0.1634,1.6068,1.4434,9.0,49.0,40.0,29.709,34.5,4.791,1.0,15,14.0,43.9339,44.0427,0.10880000000000223,0.0,7,7.0
detached,run_1606,0.7625,1.8791,1.1166,20.0,58.0,38.0,30.872,35.232,4.359999999999999,1.0,17,16.0,64.9379,60.4761,-4.461799999999997,0.0,21,21.0
detached,run_1607,0.2723,1.634,1.3617,11.0,49.0,38.0,30.046,34.875,4.829000000000001,0.0,11,11.0,112.7945,97.6822,-15.112300000000005,0.0,10,10.0
detached,run_1608,0.0,1.3889,1.3889,3.0,42.0,39.0,29.046,34.138,5.091999999999999,0.0,12,12.0,43.9909,43.3253,-0.6656000000000049,0.0,5,5.0
detached,run_1609,0.0817,1.5251,1.4434,5.0,45.0,40.0,29.501,33.99,4.489000000000001,1.0,19,18.0,25.2905,24.3795,-0.9110000000000014,0.0,5,5.0
detached,run_1610,0.0545,1.4161,1.3616,5.0,42.0,37.0,29.314,34.375,5.061,0.0,10,10.0,64.591,55.7334,-8.85759999999999,0.0,5,5.0
detached,run_1611,0.2996,1.7157,1.4161000000000001,11.0,51.0,40.0,30.234,34.892,4.658000000000001,1.0,16,15.0,71.8476,61.3907,-10.456899999999997,0.0,11,11.0
detached,run_1612,0.0,1.4161,1.4161,4.0,40.0,36.0,29.084,34.179,5.095000000000002,0.0,7,7.0,43.3486,43.8265,0.4779000000000053,0.0,5,5.0
detached,run_1613,0.4357,1.7974,1.3617000000000001,13.0,52.0,39.0,30.559,35.095,4.535999999999998,0.0,12,12.0,72.657,66.613,-6.043999999999997,0.0,15,15.0
detached,run_1614,0.7898,2.5871,1.7973,18.0,54.0,36.0,30.95,34.882,3.9319999999999986,9.0,43,34.0,31.9747,27.8887,-4.0859999999999985,0.0,20,20.0
detached,run_1615,0.3813,1.7974,1.4161000000000001,12.0,52.0,40.0,30.489,35.135,4.645999999999997,1.0,14,13.0,149.4898,120.7003,-28.789500000000004,0.0,16,16.0
detached,run_1616,0.4357,2.1242,1.6885000000000001,13.0,57.0,44.0,30.516,35.159,4.643000000000001,2.0,28,26.0,123.4813,102.4804,-21.0009,0.0,17,17.0
detached,run_1617,0.0545,1.4706,1.4161,5.0,42.0,37.0,29.319,34.229,4.91,0.0,12,12.0,35.5951,35.1601,-0.4350000000000023,0.0,5,5.0
detached,run_1618,0.0,1.3889,1.3889,3.0,40.0,37.0,28.972,34.174,5.201999999999998,0.0,12,12.0,37.8573,33.9657,-3.891600000000004,0.0,5,5.0
detached,run_1619,0.354,1.6612,1.3072,12.0,50.0,38.0,30.264,35.07,4.806000000000001,0.0,8,8.0,152.8954,151.057,-1.8384000000000071,0.0,14,14.0
detached,run_1620,0.0817,1.4706,1.3889,5.0,44.0,39.0,29.374,34.44,5.065999999999999,0.0,9,9.0,76.5941,79.7431,3.149000000000001,0.0,5,5.0
detached,run_1621,0.1089,1.6612,1.5523,8.0,49.0,41.0,29.71,34.66,4.949999999999996,0.0,13,13.0,71.4977,66.531,-4.966699999999989,0.0,7,7.0
detached,run_1622,0.1634,1.5795,1.4161,10.0,49.0,39.0,29.812,34.691,4.879000000000001,0.0,11,11.0,75.0153,78.9462,3.9309000000000083,0.0,8,8.0
detached,run_1623,0.0,1.4161,1.4161,4.0,42.0,38.0,29.133,34.289,5.156000000000002,0.0,11,11.0,52.7986,54.7165,1.917900000000003,0.0,5,5.0
detached,run_1624,0.0,1.28,1.28,2.0,39.0,37.0,28.83,33.957,5.1270000000000024,0.0,12,12.0,39.7661,41.366,1.599899999999998,0.0,4,4.0
detached,run_1625,0.817,1.9063,1.0893000000000002,18.0,58.0,40.0,30.789,35.372,4.582999999999998,1.0,15,14.0,95.0048,90.0326,-4.972200000000001,0.0,25,25.0
detached,run_1626,0.0817,1.5251,1.4434,5.0,45.0,40.0,29.608,33.983,4.3749999999999964,2.0,25,23.0,42.1195,42.6633,0.5437999999999974,0.0,5,5.0
detached,run_1627,0.0,1.4161,1.4161,5.0,41.0,36.0,29.156,34.058,4.902000000000001,0.0,14,14.0,33.4632,31.7156,-1.747600000000002,0.0,5,5.0
detached,run_1628,0.1089,1.5795,1.4706,6.0,49.0,43.0,29.667,34.481,4.814,1.0,17,16.0,65.4441,66.8409,1.396799999999999,0.0,6,6.0
detached,run_1629,0.1089,1.5523,1.4434,6.0,45.0,39.0,29.521,34.474,4.952999999999996,0.0,12,12.0,62.9004,52.0077,-10.892699999999998,0.0,6,6.0
detached,run_1630,0.2451,2.0697,1.8246,11.0,48.0,37.0,30.177,34.314,4.1370000000000005,2.0,30,28.0,18.6662,16.7279,-1.9382999999999981,0.0,7,7.0
detached,run_1631,0.1089,1.6068,1.4979,9.0,48.0,39.0,29.75,34.799,5.0489999999999995,0.0,11,11.0,89.5801,93.0967,3.516599999999997,0.0,8,8.0
detached,run_1632,0.0817,1.5523,1.4706000000000001,5.0,44.0,39.0,29.447,34.346,4.898999999999997,0.0,11,11.0,46.8232,47.2157,0.3924999999999983,0.0,5,5.0
detached,run_1633,0.2723,1.7429,1.4706,13.0,53.0,40.0,30.36,34.857,4.497,2.0,19,17.0,57.9587,51.8264,-6.132300000000001,0.0,10,10.0
detached,run_1634,0.0817,1.4706,1.3889,5.0,44.0,39.0,29.318,34.307,4.989000000000001,0.0,14,14.0,40.3451,37.6258,-2.719300000000004,0.0,6,6.0
detached,run_1635,0.0,1.2255,1.2255,0.0,38.0,38.0,28.61,33.731,5.121000000000002,0.0,11,11.0,21.9584,19.904,-2.054400000000001,0.0,3,3.0
detached,run_1636,0.2179,1.6612,1.4433,11.0,49.0,38.0,30.017,34.889,4.872000000000003,0.0,11,11.0,145.7429,120.8607,-24.882199999999997,0.0,10,10.0
detached,run_1637,0.0817,1.4161,1.3344,5.0,41.0,36.0,29.356,34.28,4.9239999999999995,0.0,11,11.0,53.1302,56.1636,3.0334000000000003,0.0,5,5.0
detached,run_1638,0.0545,1.4706,1.4161,4.0,43.0,39.0,29.324,34.519,5.194999999999997,0.0,7,7.0,90.4953,95.5051,5.0097999999999985,0.0,5,5.0
detached,run_1639,0.0817,1.4706,1.3889,5.0,43.0,38.0,29.352,34.154,4.802000000000003,0.0,15,15.0,35.5106,32.7074,-2.803199999999997,0.0,5,5.0
detached,run_1640,0.1089,1.5795,1.4706,9.0,48.0,39.0,29.894,34.711,4.817,0.0,10,10.0,86.6453,86.6166,-0.028700000000000614,0.0,9,9.0
detached,run_1641,0.4085,1.7974,1.3889,12.0,55.0,43.0,30.472,35.321,4.848999999999997,0.0,13,13.0,324.5902,271.6044,-52.98579999999998,0.0,19,19.0
detached,run_1642,0.0817,1.4978,1.4161000000000001,5.0,45.0,40.0,29.416,34.456,5.040000000000003,0.0,11,11.0,59.1522,52.7759,-6.3763000000000005,0.0,6,6.0
detached,run_1643,0.354,1.6885,1.3344999999999998,12.0,51.0,39.0,30.204,35.029,4.825000000000003,0.0,11,11.0,130.6478,113.9048,-16.742999999999995,0.0,11,11.0
detached,run_1644,0.2451,2.1242,1.8791,11.0,50.0,39.0,30.198,34.959,4.761000000000003,3.0,21,18.0,190.8567,164.7597,-26.09699999999998,0.0,12,12.0
detached,run_1645,0.1089,1.634,1.5251,9.0,48.0,39.0,29.786,34.757,4.9709999999999965,0.0,11,11.0,140.8526,116.8575,-23.995099999999994,0.0,8,8.0
detached,run_1646,0.0817,1.4978,1.4161000000000001,5.0,45.0,40.0,29.463,34.344,4.881,1.0,16,15.0,81.502,84.9801,3.4780999999999977,0.0,6,6.0
detached,run_1647,0.0817,1.4706,1.3889,5.0,44.0,39.0,29.501,34.143,4.6419999999999995,1.0,16,15.0,30.832,29.1495,-1.682500000000001,0.0,5,5.0
detached,run_1648,0.2996,1.6612,1.3616000000000001,11.0,50.0,39.0,30.16,34.65,4.489999999999998,1.0,17,16.0,42.0573,38.1231,-3.934199999999997,0.0,8,8.0
detached,run_1649,0.3268,1.7429,1.4161,13.0,52.0,39.0,30.322,34.871,4.549000000000003,1.0,15,14.0,58.1977,57.9469,-0.25079999999999814,0.0,10,10.0
detached,run_1650,0.2451,1.634,1.3888999999999998,11.0,48.0,37.0,30.11,34.956,4.846000000000004,0.0,10,10.0,120.8275,114.2087,-6.618800000000007,0.0,11,11.0
detached,run_1651,0.2179,1.6885,1.4706,10.0,49.0,39.0,30.127,34.917,4.790000000000003,0.0,12,12.0,196.644,157.8086,-38.83539999999999,0.0,9,9.0
detached,run_1652,0.0817,1.4706,1.3889,5.0,44.0,39.0,29.522,34.295,4.773000000000003,0.0,14,14.0,35.0885,31.8365,-3.2520000000000024,0.0,6,6.0
detached,run_1653,0.1089,1.5251,1.4162,8.0,49.0,41.0,29.654,34.737,5.083000000000002,0.0,11,11.0,77.4503,80.9119,3.4616000000000042,0.0,8,8.0
detached,run_1654,0.5447,2.0425,1.4978,16.0,57.0,41.0,30.789,35.407,4.617999999999995,1.0,17,16.0,175.3938,145.7871,-29.60669999999999,0.0,22,22.0
detached,run_1655,0.0545,1.3889,1.3344,4.0,40.0,36.0,29.185,34.253,5.068000000000001,0.0,10,10.0,47.7803,47.305,-0.47529999999999717,0.0,5,5.0
detached,run_1656,0.0817,1.5251,1.4434,5.0,45.0,40.0,29.365,34.469,5.104000000000003,0.0,11,11.0,56.5405,48.4721,-8.068400000000004,0.0,5,5.0
detached,run_1657,0.354,1.6885,1.3344999999999998,11.0,49.0,38.0,30.493,35.098,4.605,0.0,10,10.0,147.6464,144.7342,-2.912200000000013,0.0,15,15.0
detached,run_1658,0.1089,1.5523,1.4434,6.0,47.0,41.0,29.629,34.559,4.929999999999996,0.0,14,14.0,62.9567,53.7568,-9.1999,0.0,7,7.0
detached,run_1659,0.2723,1.7157,1.4434,11.0,52.0,41.0,30.268,35.097,4.829000000000001,0.0,11,11.0,158.0439,132.7673,-25.276600000000002,0.0,14,14.0
detached,run_1660,0.2451,1.6612,1.4161,10.0,50.0,40.0,30.088,34.821,4.732999999999997,0.0,12,12.0,76.0904,63.1895,-12.9009,0.0,9,9.0
detached,run_1661,0.0817,1.5251,1.4434,6.0,43.0,37.0,29.396,34.371,4.975000000000001,0.0,9,9.0,58.6306,51.7443,-6.8862999999999985,0.0,5,5.0
detached,run_1662,0.1089,1.634,1.5251,9.0,48.0,39.0,29.818,34.791,4.972999999999995,0.0,10,10.0,204.0674,163.5306,-40.5368,0.0,8,8.0
detached,run_1663,0.1634,1.634,1.4706,9.0,48.0,39.0,29.882,34.845,4.962999999999997,0.0,10,10.0,123.8491,100.4231,-23.426000000000002,0.0,9,9.0
detached,run_1664,0.5719,1.9608,1.3889,17.0,58.0,41.0,30.781,35.206,4.425000000000004,1.0,22,21.0,79.0992,65.7499,-13.3493,0.0,19,19.0
detached,run_1665,0.6536,2.1514,1.4978000000000002,18.0,59.0,41.0,31.03,35.488,4.457999999999998,1.0,22,21.0,178.0643,144.7779,-33.286400000000015,0.0,26,26.0
detached,run_1666,0.1089,1.4978,1.3889,6.0,44.0,38.0,29.573,34.484,4.911000000000001,0.0,8,8.0,74.5143,69.2001,-5.3142,0.0,6,6.0
detached,run_1667,0.0817,1.4978,1.4161000000000001,5.0,44.0,39.0,29.531,34.193,4.661999999999999,1.0,22,21.0,36.5554,35.8398,-0.715600000000002,0.0,6,6.0
detached,run_1668,0.1906,1.6068,1.4162,6.0,44.0,38.0,29.821,34.247,4.425999999999998,3.0,24,21.0,58.0058,60.6925,2.686700000000002,0.0,6,6.0
detached,run_1669,0.3813,1.9336,1.5523,12.0,51.0,39.0,30.378,35.056,4.677999999999997,1.0,15,14.0,235.4419,191.2413,-44.20060000000001,0.0,15,15.0
detached,run_1670,0.0545,1.4706,1.4161,4.0,42.0,38.0,29.311,34.381,5.07,0.0,11,11.0,55.6696,52.8677,-2.8019000000000034,0.0,5,5.0
detached,run_1671,0.0817,1.4978,1.4161000000000001,5.0,44.0,39.0,29.4,34.435,5.035000000000004,0.0,11,11.0,61.2671,53.5474,-7.719699999999996,0.0,5,5.0
detached,run_1672,0.2179,1.6885,1.4706,11.0,49.0,38.0,30.081,34.884,4.803000000000001,0.0,11,11.0,142.4,117.8082,-24.591800000000006,0.0,10,10.0
detached,run_1673,0.2451,1.6612,1.4161,9.0,49.0,40.0,29.848,34.44,4.591999999999999,1.0,15,14.0,41.181,37.7866,-3.3943999999999974,0.0,7,7.0
detached,run_1674,0.1089,1.4978,1.3889,5.0,46.0,41.0,29.534,34.569,5.035000000000004,0.0,9,9.0,78.1305,71.9139,-6.2166,0.0,7,7.0
detached,run_1675,0.3813,1.7157,1.3344,11.0,51.0,40.0,30.278,34.689,4.411000000000001,1.0,15,14.0,47.5181,44.5638,-2.9542999999999964,0.0,9,9.0
detached,run_1676,0.0,1.3072,1.3072,3.0,40.0,37.0,28.959,34.144,5.184999999999999,0.0,8,8.0,46.617,46.0793,-0.5376999999999938,0.0,5,5.0
detached,run_1677,0.3813,1.8519,1.4706000000000001,12.0,55.0,43.0,30.397,35.292,4.895000000000003,0.0,14,14.0,323.935,265.4255,-58.5095,0.0,19,19.0
detached,run_1678,0.1362,1.634,1.4977999999999998,9.0,48.0,39.0,29.88,34.921,5.041,0.0,11,11.0,170.5127,144.4865,-26.02619999999999,0.0,9,9.0
detached,run_1679,0.0,1.3889,1.3889,4.0,42.0,38.0,29.192,33.512,4.32,2.0,23,21.0,36.1462,38.2575,2.1113,0.0,3,3.0
detached,run_1680,0.0817,1.5251,1.4434,5.0,48.0,43.0,29.494,34.493,4.999000000000002,0.0,11,11.0,66.8586,55.5536,-11.304999999999993,0.0,7,7.0
detached,run_1681,0.6264,1.9608,1.3344,18.0,57.0,39.0,31.015,35.443,4.427999999999997,1.0,15,14.0,133.6382,112.819,-20.81920000000001,0.0,23,23.0
detached,run_1682,0.0817,1.4978,1.4161000000000001,5.0,44.0,39.0,29.491,34.474,4.982999999999997,0.0,9,9.0,59.4967,62.3887,2.892000000000003,0.0,6,6.0
detached,run_1683,0.463,2.0697,1.6067,13.0,54.0,41.0,30.471,34.987,4.516000000000002,2.0,33,31.0,65.9838,54.959,-11.024799999999999,0.0,15,15.0
detached,run_1684,0.1362,1.634,1.4977999999999998,9.0,48.0,39.0,29.946,34.767,4.8210000000000015,0.0,8,8.0,110.3288,106.4889,-3.8399,0.0,9,9.0
detached,run_1685,0.1089,1.634,1.5251,9.0,47.0,38.0,29.836,34.69,4.853999999999999,0.0,10,10.0,65.5649,62.1104,-3.454499999999996,0.0,8,8.0
detached,run_1686,0.1089,1.5795,1.4706,8.0,48.0,40.0,29.753,34.76,5.006999999999998,0.0,11,11.0,97.0318,90.0674,-6.964399999999998,0.0,8,8.0
detached,run_1687,0.0817,1.4978,1.4161000000000001,5.0,45.0,40.0,29.484,34.566,5.082000000000001,0.0,7,7.0,67.4682,71.204,3.7357999999999976,0.0,6,6.0
detached,run_1688,0.3268,1.6612,1.3344,11.0,50.0,39.0,30.314,35.017,4.703000000000003,0.0,9,9.0,162.522,145.3358,-17.186199999999985,0.0,13,13.0
detached,run_1689,0.1634,1.6612,1.4978,8.0,49.0,41.0,29.796,34.671,4.875,0.0,14,14.0,87.8752,72.2951,-15.580100000000002,0.0,8,8.0
detached,run_1690,0.2451,1.6068,1.3617,8.0,50.0,42.0,29.938,34.549,4.611000000000001,1.0,15,14.0,64.8812,67.3629,2.4816999999999894,0.0,6,6.0
detached,run_1691,0.1906,1.634,1.4434,9.0,49.0,40.0,29.789,34.645,4.856000000000002,0.0,14,14.0,64.4929,55.4597,-9.033200000000008,0.0,8,8.0
detached,run_1692,0.1089,1.5523,1.4434,6.0,45.0,39.0,29.526,34.338,4.812000000000001,1.0,15,14.0,42.3379,41.5826,-0.7552999999999983,0.0,6,6.0
detached,run_1693,0.4357,1.9608,1.5251000000000001,12.0,56.0,44.0,30.533,35.273,4.740000000000002,1.0,19,18.0,173.4306,141.4353,-31.995299999999986,0.0,18,18.0
detached,run_1694,1.3617,4.3028,2.9411000000000005,22.0,62.0,40.0,31.429,35.821,4.3919999999999995,29.0,79,50.0,271.2445,249.1737,-22.07080000000002,0.0,46,46.0
detached,run_1695,0.0,1.4161,1.4161,4.0,41.0,37.0,29.132,33.794,4.6619999999999955,0.0,15,15.0,34.944,36.7009,1.7568999999999946,0.0,4,4.0
detached,run_1696,0.0817,1.5251,1.4434,5.0,45.0,40.0,29.45,34.448,4.998000000000001,0.0,10,10.0,68.1756,72.0005,3.8248999999999995,0.0,5,5.0
detached,run_1697,0.3268,1.7429,1.4161,13.0,53.0,40.0,30.292,34.937,4.644999999999996,2.0,19,17.0,76.701,66.5586,-10.142399999999995,0.0,11,11.0
detached,run_1698,0.4902,1.7702,1.28,15.0,54.0,39.0,30.666,35.291,4.6249999999999964,1.0,16,15.0,110.1771,99.7697,-10.407399999999996,0.0,16,16.0
detached,run_1699,0.1906,1.634,1.4434,10.0,48.0,38.0,30.062,34.871,4.809000000000001,0.0,8,8.0,122.9817,120.8414,-2.1403000000000105,0.0,9,9.0
detached,run_1700,0.3813,1.7974,1.4161000000000001,13.0,53.0,40.0,30.549,35.089,4.539999999999999,0.0,14,14.0,88.3363,76.8454,-11.490899999999996,0.0,15,15.0
detached,run_1701,0.2451,1.6885,1.4433999999999998,11.0,50.0,39.0,30.061,34.982,4.920999999999999,1.0,17,16.0,163.1567,133.5915,-29.565200000000004,0.0,11,11.0
detached,run_1702,0.0817,1.5251,1.4434,5.0,50.0,45.0,29.616,34.631,5.015000000000001,1.0,14,13.0,68.6738,70.2243,1.5504999999999995,0.0,7,7.0
detached,run_1703,0.5174,2.4782,1.9608000000000003,17.0,57.0,40.0,30.683,35.338,4.655000000000001,3.0,27,24.0,269.3968,227.5387,-41.85809999999998,0.0,22,22.0
detached,run_1704,0.2451,1.634,1.3888999999999998,9.0,49.0,40.0,29.963,34.391,4.427999999999997,2.0,21,19.0,77.4443,80.3337,2.889399999999995,0.0,6,6.0
detached,run_1705,0.2451,1.5795,1.3343999999999998,8.0,47.0,39.0,29.863,34.318,4.454999999999998,1.0,16,15.0,45.9949,46.6444,0.6494999999999962,0.0,6,6.0
detached,run_1706,0.2723,1.6885,1.4162,11.0,51.0,40.0,30.236,34.967,4.730999999999998,0.0,11,11.0,64.5389,60.5616,-3.9772999999999996,0.0,12,12.0
detached,run_1707,0.0,1.3072,1.3072,2.0,39.0,37.0,28.881,33.989,5.107999999999997,0.0,7,7.0,37.1929,36.3886,-0.8043000000000049,0.0,5,5.0
detached,run_1708,0.3813,1.8246,1.4433,12.0,51.0,39.0,30.278,35.154,4.876000000000005,0.0,13,13.0,269.4103,223.0614,-46.348900000000015,0.0,15,15.0
detached,run_1709,0.1906,1.5795,1.3889,10.0,48.0,38.0,29.84,34.513,4.672999999999998,0.0,11,11.0,61.5152,64.8124,3.2971999999999966,0.0,7,7.0
detached,run_1710,0.3813,2.2331,1.8518,13.0,54.0,41.0,30.657,35.364,4.706999999999997,4.0,25,21.0,470.6037,387.6042,-82.99950000000001,0.0,24,24.0
detached,run_1711,0.1089,1.634,1.5251,9.0,49.0,40.0,29.824,34.773,4.949000000000002,0.0,11,11.0,84.0139,74.1773,-9.836600000000004,0.0,8,8.0
detached,run_1712,0.1089,1.6068,1.4979,9.0,48.0,39.0,29.752,34.689,4.937000000000001,0.0,10,10.0,95.0371,85.8525,-9.184599999999989,0.0,8,8.0
detached,run_1713,0.0817,1.4706,1.3889,5.0,44.0,39.0,29.518,34.291,4.772999999999996,1.0,14,13.0,35.2211,31.4519,-3.7692000000000014,0.0,6,6.0
detached,run_1714,0.1906,1.6885,1.4979,9.0,49.0,40.0,29.943,34.884,4.940999999999999,0.0,11,11.0,103.1612,96.2521,-6.909099999999995,0.0,9,9.0
detached,run_1715,0.354,1.8519,1.4979,13.0,48.0,35.0,30.312,34.286,3.974,3.0,27,24.0,20.6468,19.4885,-1.1583000000000006,0.0,7,7.0
detached,run_1716,0.4902,1.8519,1.3617000000000001,16.0,57.0,41.0,30.747,35.356,4.609000000000002,1.0,16,15.0,184.066,150.1435,-33.922500000000014,0.0,22,22.0
detached,run_1717,0.3268,1.7429,1.4161,11.0,53.0,42.0,30.304,35.18,4.876000000000001,0.0,12,12.0,170.956,142.6856,-28.270399999999995,0.0,16,16.0
detached,run_1718,0.0,1.28,1.28,2.0,39.0,37.0,28.84,34.011,5.171000000000003,0.0,9,9.0,39.1113,32.8747,-6.236600000000003,0.0,5,5.0
detached,run_1719,0.2179,1.9336,1.7157,9.0,49.0,40.0,29.885,34.638,4.752999999999997,0.0,23,23.0,111.2703,96.5831,-14.687200000000004,0.0,8,8.0
detached,run_1720,0.4085,1.8246,1.4161000000000001,13.0,53.0,40.0,30.514,35.212,4.698000000000004,1.0,13,12.0,177.0293,145.8527,-31.176600000000008,0.0,19,19.0
detached,run_1721,0.2179,1.6885,1.4706,10.0,50.0,40.0,30.032,34.935,4.903000000000002,0.0,13,13.0,133.589,111.8646,-21.724400000000003,0.0,10,10.0
detached,run_1722,0.0817,1.5795,1.4977999999999998,6.0,49.0,43.0,29.671,34.551,4.880000000000003,1.0,15,14.0,62.9791,53.0123,-9.9668,0.0,7,7.0
detached,run_1723,0.1634,1.634,1.4706,6.0,45.0,39.0,29.754,34.304,4.550000000000001,2.0,23,21.0,57.1601,57.7189,0.558799999999998,0.0,6,6.0
detached,run_1724,0.0817,1.4706,1.3889,5.0,43.0,38.0,29.449,34.097,4.648,1.0,15,14.0,27.165,26.0297,-1.1353000000000009,0.0,5,5.0
detached,run_1725,0.0,1.3072,1.3072,3.0,40.0,37.0,28.976,34.035,5.0589999999999975,0.0,10,10.0,40.4468,38.6729,-1.7739000000000047,0.0,5,5.0
detached,run_1726,0.2451,1.7702,1.5251,11.0,51.0,40.0,30.233,34.738,4.504999999999999,1.0,20,19.0,50.6734,46.6618,-4.011600000000001,0.0,8,8.0
detached,run_1727,0.1089,1.5523,1.4434,6.0,48.0,42.0,29.646,34.634,4.9879999999999995,0.0,12,12.0,79.3518,65.5038,-13.847999999999999,0.0,8,8.0
detached,run_1728,0.5991,2.342,1.7429000000000001,16.0,58.0,42.0,30.834,35.493,4.6590000000000025,3.0,20,17.0,381.4738,320.5866,-60.88720000000001,0.0,26,26.0
detached,run_1729,0.8987,2.2603,1.3616,19.0,58.0,39.0,31.209,35.645,4.4360000000000035,1.0,15,14.0,352.5777,282.8602,-69.71749999999997,0.0,28,28.0
detached,run_1730,0.1089,1.6068,1.4979,6.0,48.0,42.0,29.644,34.7,5.0560000000000045,0.0,11,11.0,74.2203,71.7577,-2.462599999999995,0.0,8,8.0
detached,run_1731,0.0545,1.4434,1.3889,4.0,44.0,40.0,29.194,34.406,5.212,0.0,12,12.0,56.555,54.2833,-2.2717000000000027,0.0,5,5.0
detached,run_1732,0.6264,2.3965,1.7701000000000002,18.0,58.0,40.0,30.916,35.507,4.5909999999999975,2.0,25,23.0,359.5049,301.0658,-58.439099999999996,0.0,26,26.0
detached,run_1733,0.6536,1.9608,1.3072000000000001,15.0,50.0,35.0,30.706,34.657,3.950999999999997,3.0,28,25.0,28.4898,26.4013,-2.0885,0.0,12,12.0
detached,run_1734,0.1089,1.634,1.5251,9.0,48.0,39.0,29.853,34.781,4.927999999999997,0.0,8,8.0,99.6477,95.5511,-4.096599999999995,0.0,8,8.0
detached,run_1735,0.2996,1.7974,1.4978000000000002,11.0,51.0,40.0,30.22,35.158,4.938000000000002,0.0,15,15.0,293.5161,242.9849,-50.531199999999984,0.0,14,14.0
detached,run_1736,0.2723,1.6885,1.4162,11.0,52.0,41.0,30.125,35.069,4.944000000000003,0.0,11,11.0,95.0963,91.0529,-4.043400000000005,0.0,11,11.0
detached,run_1737,0.0,1.3617,1.3617,3.0,39.0,36.0,29.03,33.765,4.734999999999999,0.0,13,13.0,41.5112,43.7821,2.2708999999999975,0.0,3,3.0
detached,run_1738,1.0893,2.6416,1.5523,22.0,62.0,40.0,31.45,35.695,4.245000000000001,5.0,30,25.0,144.7546,123.0809,-21.67370000000001,0.0,28,28.0
detached,run_1739,0.0,1.4161,1.4161,5.0,42.0,37.0,29.137,34.087,4.950000000000003,0.0,14,14.0,47.0102,48.985,1.9748000000000019,0.0,5,5.0
detached,run_1740,0.5174,1.8791,1.3617,15.0,56.0,41.0,30.568,35.215,4.647000000000002,1.0,17,16.0,64.5764,55.6849,-8.891500000000008,0.0,21,21.0
detached,run_1741,0.1089,1.5251,1.4162,7.0,47.0,40.0,29.651,34.665,5.013999999999999,0.0,11,11.0,140.8733,110.9443,-29.929000000000002,0.0,8,8.0
detached,run_1742,0.0545,1.4978,1.4433,4.0,45.0,41.0,29.394,34.469,5.075000000000003,0.0,10,10.0,77.5798,63.9501,-13.629700000000007,0.0,6,6.0
detached,run_1743,0.0,1.3889,1.3889,5.0,41.0,36.0,29.355,33.802,4.446999999999999,1.0,17,16.0,34.4947,35.2065,0.7117999999999967,0.0,5,5.0
detached,run_1744,0.0,1.3889,1.3889,5.0,41.0,36.0,29.218,33.651,4.433000000000003,1.0,17,16.0,22.6566,22.4971,-0.1595000000000013,0.0,3,3.0
detached,run_1745,0.8715,2.1514,1.2799,22.0,58.0,36.0,31.19,35.69,4.4999999999999964,1.0,13,12.0,335.5574,271.0585,-64.49889999999999,0.0,28,28.0
detached,run_1746,0.1362,1.6068,1.4706000000000001,9.0,49.0,40.0,29.725,34.537,4.811999999999998,1.0,15,14.0,54.2701,46.3873,-7.882799999999996,0.0,7,7.0
detached,run_1747,0.3268,1.6885,1.3617,11.0,51.0,40.0,30.188,35.107,4.9190000000000005,1.0,12,11.0,97.3388,91.3044,-6.034400000000005,0.0,12,12.0
detached,run_1748,0.5719,1.988,1.4161000000000001,15.0,58.0,43.0,30.622,35.234,4.612000000000002,2.0,25,23.0,116.569,96.8834,-19.685600000000008,0.0,18,18.0
detached,run_1749,0.1089,1.6068,1.4979,8.0,47.0,39.0,29.656,34.609,4.953000000000003,0.0,11,11.0,60.8808,53.4474,-7.433399999999999,0.0,8,8.0
detached,run_1750,0.1906,1.634,1.4434,9.0,49.0,40.0,29.939,34.813,4.874000000000002,0.0,11,11.0,127.9981,106.2065,-21.79159999999999,0.0,9,9.0
detached,run_1751,0.0,1.3344,1.3344,3.0,39.0,36.0,28.858,33.982,5.123999999999999,0.0,12,12.0,36.7208,30.2515,-6.469299999999997,0.0,5,5.0
detached,run_1752,0.1906,1.6612,1.4706000000000001,10.0,49.0,39.0,30.084,35.011,4.927000000000003,0.0,11,11.0,157.4748,140.2295,-17.245299999999986,0.0,12,12.0
detached,run_1753,0.0817,1.5523,1.4706000000000001,5.0,46.0,41.0,29.329,34.328,4.999000000000002,0.0,14,14.0,44.592,37.6516,-6.940399999999997,0.0,5,5.0
detached,run_1754,1.0349,2.2059,1.1710000000000003,21.0,62.0,41.0,31.287,35.775,4.4879999999999995,1.0,20,19.0,179.3015,147.0395,-32.262,0.0,30,30.0
detached,run_1755,0.1089,1.6068,1.4979,8.0,46.0,38.0,29.666,34.557,4.891000000000002,0.0,11,11.0,57.1878,59.4948,2.306999999999995,0.0,8,8.0
detached,run_1756,0.4085,1.7702,1.3617,13.0,53.0,40.0,30.524,35.243,4.719000000000001,1.0,14,13.0,153.587,130.8074,-22.779599999999988,0.0,16,16.0
detached,run_1757,0.5719,2.2603,1.6884000000000001,17.0,56.0,39.0,30.845,35.389,4.544000000000004,3.0,21,18.0,328.9468,270.3783,-58.56849999999997,0.0,23,23.0
detached,run_1758,0.0817,1.5251,1.4434,5.0,46.0,41.0,29.58,34.564,4.984000000000002,0.0,10,10.0,83.9246,77.3192,-6.605400000000003,0.0,7,7.0
detached,run_1759,0.1634,1.5523,1.3889,7.0,47.0,40.0,29.665,34.364,4.698999999999998,0.0,14,14.0,47.7447,48.2433,0.49859999999999616,0.0,6,6.0
detached,run_1760,0.1089,1.4706,1.3617,5.0,44.0,39.0,29.58,34.348,4.768000000000001,1.0,15,14.0,39.5721,38.5499,-1.022199999999998,0.0,6,6.0
detached,run_1761,0.1634,1.5523,1.3889,7.0,50.0,43.0,29.765,34.624,4.859000000000002,1.0,17,16.0,76.3657,76.2253,-0.14039999999999964,0.0,6,6.0
detached,run_1762,0.1634,1.6612,1.4978,10.0,48.0,38.0,30.008,34.868,4.860000000000003,0.0,11,11.0,93.0686,88.4076,-4.661000000000001,0.0,9,9.0
detached,run_1763,1.5795,4.3028,2.7233000000000005,23.0,63.0,40.0,31.577,35.839,4.261999999999997,25.0,78,53.0,219.0852,201.9328,-17.1524,0.0,40,40.0
detached,run_1764,0.4357,1.8791,1.4434,13.0,53.0,40.0,30.505,35.01,4.504999999999999,1.0,18,17.0,60.6452,54.1664,-6.4788,0.0,15,15.0
detached,run_1765,0.0817,1.4978,1.4161000000000001,5.0,47.0,42.0,29.591,34.558,4.966999999999999,0.0,13,13.0,71.0813,73.5209,2.4395999999999987,0.0,6,6.0
detached,run_1766,0.1089,1.6068,1.4979,9.0,47.0,38.0,29.856,34.689,4.832999999999998,0.0,7,7.0,105.2757,101.5857,-3.6899999999999977,0.0,8,8.0
detached,run_1767,0.1089,1.5795,1.4706,6.0,47.0,41.0,29.623,34.639,5.016000000000002,0.0,9,9.0,95.7568,81.8389,-13.917900000000003,0.0,8,8.0
detached,run_1768,0.2451,1.634,1.3888999999999998,10.0,45.0,35.0,30.016,34.442,4.426000000000002,2.0,18,16.0,47.8508,47.8586,0.007800000000003138,0.0,8,8.0
detached,run_1769,0.0545,1.4706,1.4161,5.0,42.0,37.0,29.279,34.297,5.017999999999997,0.0,12,12.0,43.9485,38.1303,-5.8182000000000045,0.0,5,5.0
detached,run_1770,0.5719,2.2331,1.6612,17.0,54.0,37.0,30.744,34.977,4.232999999999997,3.0,32,29.0,48.2592,41.1005,-7.158700000000003,0.0,17,17.0
detached,run_1771,0.817,1.9336,1.1166,20.0,58.0,38.0,31.219,35.378,4.158999999999999,1.0,18,17.0,88.8228,81.0266,-7.796199999999999,0.0,26,26.0
detached,run_1772,0.1089,1.6068,1.4979,8.0,48.0,40.0,29.812,34.775,4.962999999999997,0.0,10,10.0,92.7702,83.3766,-9.393600000000006,0.0,8,8.0
detached,run_1773,0.0545,1.4706,1.4161,5.0,42.0,37.0,29.296,34.337,5.041000000000004,0.0,12,12.0,56.1388,46.8992,-9.239600000000003,0.0,5,5.0
detached,run_1774,0.1906,1.8246,1.634,9.0,48.0,39.0,29.813,34.82,5.0070000000000014,0.0,16,16.0,135.4169,112.5622,-22.854699999999994,0.0,9,9.0
detached,run_1775,0.0545,1.4161,1.3616,5.0,44.0,39.0,29.347,33.581,4.234000000000002,7.0,29,22.0,51.058,54.1071,3.049100000000003,0.0,4,4.0
detached,run_1776,0.2451,1.7429,1.4977999999999998,10.0,51.0,41.0,29.979,34.64,4.661000000000001,1.0,20,19.0,40.4001,35.7937,-4.606400000000001,0.0,9,9.0
detached,run_1777,1.0893,2.4782,1.3889000000000002,21.0,60.0,39.0,31.186,35.65,4.463999999999999,2.0,26,24.0,109.1943,91.8923,-17.301999999999992,0.0,29,29.0
detached,run_1778,0.0,1.3617,1.3617,2.0,39.0,37.0,28.801,33.742,4.940999999999999,0.0,14,14.0,20.2957,18.3596,-1.9360999999999997,0.0,3,3.0
detached,run_1779,0.0,1.4161,1.4161,3.0,40.0,37.0,29.024,34.217,5.192999999999998,0.0,12,12.0,41.4683,36.5722,-4.896099999999997,0.0,5,5.0
detached,run_1780,0.0,1.3344,1.3344,3.0,40.0,37.0,28.928,34.112,5.184000000000001,0.0,12,12.0,39.4313,39.4752,0.043900000000000716,0.0,5,5.0
detached,run_1781,0.5719,1.8519,1.2800000000000002,17.0,57.0,40.0,31.016,35.5,4.484000000000002,0.0,10,10.0,246.1519,204.9117,-41.240200000000016,0.0,26,26.0
detached,run_1782,0.0545,1.4434,1.3889,4.0,42.0,38.0,29.276,34.387,5.111000000000001,0.0,11,11.0,53.2819,54.5743,1.2924000000000007,0.0,5,5.0
detached,run_1783,0.1362,1.634,1.4977999999999998,9.0,48.0,39.0,29.9,34.939,5.0390000000000015,0.0,11,11.0,134.2156,118.7182,-15.497399999999999,0.0,10,10.0
detached,run_1784,0.0,1.4161,1.4161,5.0,40.0,35.0,29.226,33.718,4.492000000000004,0.0,15,15.0,20.9284,19.7374,-1.190999999999999,0.0,3,3.0
detached,run_1785,0.0,1.3889,1.3889,3.0,42.0,39.0,29.059,33.894,4.834999999999997,1.0,17,16.0,43.6009,44.8375,1.2365999999999957,0.0,5,5.0
detached,run_1786,0.0,1.3072,1.3072,3.0,40.0,37.0,28.912,34.149,5.237000000000002,0.0,9,9.0,40.4772,37.4111,-3.066100000000006,0.0,5,5.0
detached,run_1787,0.1089,1.6068,1.4979,6.0,48.0,42.0,29.591,34.596,5.0049999999999955,0.0,12,12.0,47.4833,44.5004,-2.9829000000000008,0.0,7,7.0
detached,run_1788,0.2996,1.7702,1.4706000000000001,11.0,52.0,41.0,30.31,35.026,4.716000000000005,1.0,17,16.0,122.2869,100.2536,-22.033299999999997,0.0,15,15.0
detached,run_1789,0.7625,2.3965,1.6340000000000001,18.0,58.0,40.0,30.905,35.571,4.665999999999997,3.0,28,25.0,351.3415,293.8391,-57.50240000000002,0.0,26,26.0
detached,run_1790,0.1089,1.6068,1.4979,8.0,48.0,40.0,29.773,34.769,4.995999999999999,0.0,11,11.0,82.4773,83.1923,0.7150000000000034,0.0,8,8.0
detached,run_1791,0.1089,1.5523,1.4434,5.0,46.0,41.0,29.505,34.596,5.0909999999999975,0.0,9,9.0,81.5118,85.3149,3.8031000000000006,0.0,6,6.0
detached,run_1792,0.8715,2.0425,1.1709999999999998,20.0,59.0,39.0,31.162,35.518,4.356000000000002,1.0,23,22.0,122.313,100.8693,-21.443700000000007,0.0,26,26.0
detached,run_1793,0.1906,1.5795,1.3889,9.0,49.0,40.0,29.848,34.708,4.859999999999999,0.0,15,15.0,94.7444,91.945,-2.7994000000000057,0.0,7,7.0
detached,run_1794,0.1089,1.6068,1.4979,9.0,48.0,39.0,29.743,34.798,5.055000000000003,0.0,11,11.0,94.85,98.8656,4.015600000000006,0.0,8,8.0
detached,run_1795,1.171,2.2603,1.0893,22.0,59.0,37.0,31.175,35.317,4.1419999999999995,7.0,37,30.0,47.418,41.5102,-5.907800000000002,0.0,26,26.0
detached,run_1796,0.1089,1.5251,1.4162,7.0,48.0,41.0,29.732,34.661,4.929000000000002,0.0,10,10.0,71.9552,74.3724,2.417199999999994,0.0,8,8.0
detached,run_1797,0.8987,2.0425,1.1438,20.0,60.0,40.0,31.206,35.804,4.5980000000000025,1.0,17,16.0,286.3468,237.3561,-48.990699999999975,0.0,29,29.0
detached,run_1798,0.2451,1.6885,1.4433999999999998,10.0,50.0,40.0,29.99,34.816,4.826000000000004,0.0,16,16.0,81.4717,68.7329,-12.738799999999998,0.0,9,9.0
detached,run_1799,0.0,1.3072,1.3072,3.0,39.0,36.0,28.843,33.967,5.123999999999999,0.0,11,11.0,38.0696,38.7831,0.7134999999999962,0.0,5,5.0
detached,run_1800,0.2179,1.6612,1.4433,10.0,50.0,40.0,30.048,34.996,4.948000000000004,0.0,12,12.0,115.278,110.8722,-4.405799999999999,0.0,10,10.0
detached,run_1801,0.354,1.8519,1.4979,11.0,51.0,40.0,30.06,34.987,4.927000000000003,0.0,18,18.0,173.0094,146.0793,-26.93010000000001,0.0,10,10.0
detached,run_1802,0.0,1.3072,1.3072,2.0,39.0,37.0,28.799,33.963,5.1640000000000015,0.0,12,12.0,32.5722,32.0155,-0.5566999999999993,0.0,5,5.0
detached,run_1803,0.1089,1.6068,1.4979,6.0,47.0,41.0,29.686,34.322,4.636000000000003,0.0,15,15.0,35.9627,34.6179,-1.3447999999999993,0.0,6,6.0
detached,run_1804,0.0817,1.5523,1.4706000000000001,5.0,46.0,41.0,29.514,34.445,4.931000000000001,0.0,12,12.0,44.3391,41.0088,-3.330300000000001,0.0,6,6.0
detached,run_1805,0.2451,1.6885,1.4433999999999998,10.0,49.0,39.0,30.01,34.91,4.899999999999995,0.0,13,13.0,105.1739,93.3982,-11.7757,0.0,10,10.0
detached,run_1806,0.0,1.3889,1.3889,4.0,43.0,39.0,29.253,34.195,4.942,0.0,15,15.0,57.3132,58.6633,1.3500999999999976,0.0,5,5.0
detached,run_1807,0.0817,1.4978,1.4161000000000001,5.0,48.0,43.0,29.59,34.523,4.933000000000003,0.0,11,11.0,72.553,74.3263,1.773300000000006,0.0,6,6.0
detached,run_1808,0.8442,1.988,1.1438000000000001,20.0,60.0,40.0,31.106,35.525,4.418999999999997,1.0,20,19.0,113.6671,97.0505,-16.616600000000005,0.0,26,26.0
detached,run_1809,0.0272,1.4706,1.4434,4.0,41.0,37.0,29.149,34.266,5.116999999999997,0.0,11,11.0,46.2583,42.4614,-3.796900000000001,0.0,5,5.0
detached,run_1810,0.3268,1.7157,1.3889,10.0,48.0,38.0,30.154,34.305,4.151,1.0,18,17.0,39.2489,38.5562,-0.6927000000000021,0.0,7,7.0
detached,run_1811,0.3268,1.7429,1.4161,11.0,52.0,41.0,30.3,34.997,4.696999999999999,1.0,16,15.0,99.8051,83.5482,-16.2569,0.0,15,15.0
detached,run_1812,0.2451,1.7429,1.4977999999999998,10.0,49.0,39.0,29.985,34.425,4.439999999999998,1.0,16,15.0,31.0789,27.8954,-3.183500000000002,0.0,7,7.0
detached,run_1813,0.0545,1.4706,1.4161,4.0,42.0,38.0,29.214,34.429,5.215000000000003,0.0,9,9.0,64.3442,59.2542,-5.090000000000003,0.0,5,5.0
detached,run_1814,0.1089,1.5251,1.4162,6.0,44.0,38.0,29.507,34.573,5.065999999999999,0.0,7,7.0,83.4204,88.1694,4.748999999999995,0.0,6,6.0
detached,run_1815,0.1089,1.5795,1.4706,5.0,49.0,44.0,29.714,34.368,4.6540000000000035,1.0,17,16.0,45.8486,39.4711,-6.377499999999998,0.0,6,6.0
detached,run_1816,0.2996,1.7429,1.4432999999999998,11.0,52.0,41.0,30.478,35.186,4.707999999999998,1.0,11,10.0,132.791,122.0007,-10.790300000000002,0.0,15,15.0
detached,run_1817,0.6808,2.2059,1.5251000000000001,18.0,57.0,39.0,30.899,35.414,4.515000000000001,1.0,18,17.0,187.7064,152.4626,-35.24379999999999,0.0,25,25.0
detached,run_1818,0.3268,1.7157,1.3889,11.0,52.0,41.0,30.349,35.213,4.864000000000001,0.0,11,11.0,160.3371,143.2626,-17.0745,0.0,16,16.0
detached,run_1819,0.1089,1.6068,1.4979,9.0,48.0,39.0,29.69,34.733,5.042999999999996,0.0,11,11.0,175.5302,143.0744,-32.45580000000001,0.0,8,8.0
detached,run_1820,0.4085,1.7429,1.3344,12.0,52.0,40.0,30.277,35.119,4.841999999999999,1.0,13,12.0,103.5465,94.0136,-9.532899999999998,0.0,13,13.0
detached,run_1821,0.1089,1.5795,1.4706,7.0,47.0,40.0,29.649,34.666,5.016999999999996,0.0,10,10.0,78.83,76.0452,-2.784800000000004,0.0,8,8.0
detached,run_1822,0.4085,1.7429,1.3344,11.0,51.0,40.0,30.29,34.853,4.563000000000002,1.0,15,14.0,56.5268,51.4327,-5.0941000000000045,0.0,10,10.0
detached,run_1823,0.0,1.3344,1.3344,3.0,39.0,36.0,28.95,33.911,4.961000000000002,0.0,11,11.0,30.5624,29.5572,-1.0051999999999985,0.0,5,5.0
detached,run_1824,0.3813,1.7157,1.3344,11.0,52.0,41.0,30.501,35.099,4.597999999999995,0.0,11,11.0,91.653,86.3364,-5.316600000000008,0.0,15,15.0
detached,run_1825,0.1089,1.5523,1.4434,8.0,48.0,40.0,29.682,34.586,4.904,0.0,12,12.0,69.1372,59.0967,-10.040500000000009,0.0,7,7.0
detached,run_1826,0.4357,1.8791,1.4434,13.0,51.0,38.0,30.459,34.83,4.370999999999999,1.0,17,16.0,51.7875,45.5261,-6.261400000000002,0.0,11,11.0
detached,run_1827,0.2723,1.634,1.3617,11.0,49.0,38.0,30.138,35.01,4.871999999999996,0.0,9,9.0,154.7743,140.902,-13.872300000000024,0.0,11,11.0
detached,run_1828,0.1362,1.634,1.4977999999999998,9.0,48.0,39.0,29.796,34.795,4.999000000000002,0.0,11,11.0,90.7897,84.6959,-6.093800000000002,0.0,8,8.0
detached,run_1829,0.0,1.3889,1.3889,3.0,40.0,37.0,28.994,33.985,4.991,0.0,12,12.0,40.2188,41.9135,1.6946999999999974,0.0,5,5.0
detached,run_1830,0.0817,1.5251,1.4434,5.0,47.0,42.0,29.52,34.497,4.977,0.0,11,11.0,68.5851,69.0486,0.46349999999999625,0.0,6,6.0
detached,run_1831,0.2723,1.6612,1.3889,11.0,51.0,40.0,30.061,34.986,4.924999999999997,0.0,12,12.0,186.5593,152.8405,-33.718800000000016,0.0,10,10.0
detached,run_1832,0.4902,1.9063,1.4161000000000001,14.0,55.0,41.0,30.591,35.194,4.6030000000000015,1.0,21,20.0,111.0538,92.5425,-18.51129999999999,0.0,17,17.0
detached,run_1833,0.0817,1.5251,1.4434,5.0,44.0,39.0,29.533,33.941,4.408000000000001,1.0,20,19.0,19.1156,17.0048,-2.110800000000001,0.0,5,5.0
detached,run_1834,0.0,1.4161,1.4161,4.0,40.0,36.0,29.081,34.182,5.101000000000003,0.0,11,11.0,42.7369,41.3523,-1.384599999999999,0.0,5,5.0
detached,run_1835,0.2723,1.7702,1.4979,13.0,53.0,40.0,30.341,34.872,4.530999999999999,1.0,23,22.0,54.5467,47.5303,-7.016400000000004,0.0,11,11.0
detached,run_1836,0.9532,1.988,1.0348,20.0,59.0,39.0,31.005,35.536,4.531000000000002,1.0,21,20.0,110.4474,93.2972,-17.150199999999998,0.0,27,27.0
detached,run_1837,0.2723,1.6885,1.4162,11.0,52.0,41.0,30.287,35.083,4.795999999999999,0.0,12,12.0,202.2244,165.0831,-37.1413,0.0,15,15.0
detached,run_1838,1.1166,3.0773,1.9607,22.0,63.0,41.0,31.453,35.86,4.407,8.0,37,29.0,357.5269,306.0678,-51.459100000000035,0.0,31,31.0
detached,run_1839,0.3813,1.7429,1.3616,12.0,52.0,40.0,30.506,35.179,4.673000000000002,1.0,12,11.0,125.0212,110.237,-14.784199999999998,0.0,16,16.0
detached,run_1840,0.354,1.7702,1.4162,13.0,53.0,40.0,30.627,35.242,4.614999999999998,1.0,15,14.0,110.3464,106.513,-3.8333999999999975,0.0,15,15.0
detached,run_1841,0.2723,1.6612,1.3889,11.0,49.0,38.0,30.09,34.935,4.845000000000002,0.0,13,13.0,147.4968,120.2881,-27.208700000000007,0.0,10,10.0
detached,run_1842,0.2451,1.6885,1.4433999999999998,10.0,51.0,41.0,30.01,34.791,4.780999999999995,1.0,20,19.0,84.3738,70.8092,-13.564599999999999,0.0,8,8.0
detached,run_1843,0.0,1.3889,1.3889,4.0,40.0,36.0,29.097,34.295,5.198,0.0,11,11.0,54.6989,44.2962,-10.402700000000003,0.0,5,5.0
detached,run_1844,0.0545,1.4978,1.4433,4.0,45.0,41.0,29.359,34.491,5.131999999999998,0.0,9,9.0,125.7781,100.329,-25.4491,0.0,5,5.0
detached,run_1845,0.4357,1.8519,1.4162000000000001,16.0,57.0,41.0,30.752,35.407,4.654999999999998,1.0,11,10.0,215.2494,185.4864,-29.763000000000005,0.0,22,22.0
detached,run_1846,0.1089,1.634,1.5251,9.0,48.0,39.0,29.926,34.783,4.857000000000003,0.0,11,11.0,133.7047,110.1911,-23.513599999999997,0.0,8,8.0
detached,run_1847,0.2451,1.6612,1.4161,10.0,50.0,40.0,30.046,34.582,4.536000000000001,1.0,15,14.0,48.8894,47.9207,-0.9687000000000054,0.0,7,7.0
detached,run_1848,0.2996,1.7702,1.4706000000000001,10.0,51.0,41.0,30.136,34.794,4.657999999999998,1.0,21,20.0,59.0575,51.751,-7.3065,0.0,9,9.0
detached,run_1849,0.0,1.3344,1.3344,3.0,40.0,37.0,28.983,34.125,5.1419999999999995,0.0,11,11.0,43.5011,39.176,-4.325099999999999,0.0,5,5.0
detached,run_1850,0.1089,1.6068,1.4979,9.0,48.0,39.0,29.788,34.728,4.940000000000001,0.0,11,11.0,89.7619,89.9577,0.19580000000000553,0.0,8,8.0
detached,run_1851,0.4085,1.7702,1.3617,13.0,51.0,38.0,30.337,35.127,4.790000000000003,0.0,11,11.0,187.9018,156.7971,-31.10470000000001,0.0,13,13.0
detached,run_1852,0.4085,1.7974,1.3889,13.0,52.0,39.0,30.429,35.182,4.753000000000004,0.0,14,14.0,328.7283,267.9514,-60.77690000000001,0.0,16,16.0
detached,run_1853,0.0817,1.4978,1.4161000000000001,5.0,44.0,39.0,29.427,34.331,4.9040000000000035,1.0,17,16.0,43.5837,38.2447,-5.338999999999999,0.0,6,6.0
detached,run_1854,0.1089,1.5523,1.4434,8.0,47.0,39.0,29.74,34.643,4.903000000000002,0.0,9,9.0,78.6907,75.0292,-3.6615000000000038,0.0,8,8.0
detached,run_1855,0.2451,1.6885,1.4433999999999998,10.0,51.0,41.0,30.122,34.825,4.703000000000003,1.0,15,14.0,69.185,61.841,-7.344000000000001,0.0,10,10.0
detached,run_1856,1.0349,2.1786,1.1437,21.0,58.0,37.0,31.187,35.731,4.5440000000000005,1.0,18,17.0,176.3543,145.3839,-30.970399999999984,0.0,29,29.0
detached,run_1857,0.0817,1.5523,1.4706000000000001,5.0,46.0,41.0,29.525,34.501,4.975999999999999,0.0,11,11.0,81.7526,66.8938,-14.858800000000002,0.0,6,6.0
detached,run_1858,0.4085,1.7702,1.3617,12.0,53.0,41.0,30.529,35.215,4.6860000000000035,0.0,12,12.0,140.0709,118.4458,-21.62509999999999,0.0,17,17.0
detached,run_1859,0.1634,1.5795,1.4161,6.0,47.0,41.0,29.761,34.366,4.605,1.0,17,16.0,35.2067,30.5893,-4.617399999999996,0.0,6,6.0
detached,run_1860,0.0817,1.4978,1.4161000000000001,4.0,46.0,42.0,29.461,34.588,5.1270000000000024,0.0,9,9.0,157.8311,126.1037,-31.72739999999999,0.0,6,6.0
detached,run_1861,0.4085,1.9063,1.4978000000000002,12.0,55.0,43.0,30.498,35.267,4.769000000000002,1.0,20,19.0,182.1803,149.8069,-32.373399999999975,0.0,17,17.0
detached,run_1862,0.2996,1.7429,1.4432999999999998,12.0,50.0,38.0,30.206,34.373,4.166999999999998,7.0,27,20.0,23.4911,21.1726,-2.3185000000000002,0.0,8,8.0
detached,run_1863,0.3813,1.7429,1.3616,12.0,51.0,39.0,30.259,34.966,4.707000000000001,0.0,11,11.0,62.0064,59.5662,-2.4401999999999973,0.0,10,10.0
detached,run_1864,0.3268,1.6885,1.3617,11.0,50.0,39.0,30.23,34.937,4.706999999999997,0.0,11,11.0,92.1836,81.5441,-10.639499999999998,0.0,10,10.0
detached,run_1865,1.1166,2.6416,1.525,22.0,61.0,39.0,31.338,35.601,4.262999999999998,5.0,33,28.0,99.0101,83.3178,-15.692299999999989,0.0,29,29.0
detached,run_1866,0.7625,2.1242,1.3617000000000001,21.0,58.0,37.0,31.261,35.735,4.474,1.0,13,12.0,302.2927,247.5302,-54.76250000000002,0.0,27,27.0
detached,run_1867,0.1362,1.6068,1.4706000000000001,5.0,47.0,42.0,29.782,34.343,4.5610000000000035,1.0,19,18.0,28.736,25.9814,-2.7546,0.0,6,6.0
detached,run_1868,0.0272,1.4161,1.3889,4.0,40.0,36.0,29.194,34.105,4.910999999999998,0.0,12,12.0,34.2933,34.5944,0.30109999999999815,0.0,5,5.0
detached,run_1869,0.1089,1.4978,1.3889,6.0,46.0,40.0,29.618,34.616,4.998000000000001,0.0,7,7.0,93.9342,99.3669,5.432699999999997,0.0,7,7.0
detached,run_1870,1.1438,2.4237,1.2799000000000003,22.0,63.0,41.0,31.573,36.003,4.43,1.0,21,20.0,282.7246,234.1185,-48.6061,0.0,34,34.0
detached,run_1871,0.8987,2.7233,1.8246,20.0,58.0,38.0,31.227,35.717,4.489999999999998,6.0,31,25.0,398.3534,334.036,-64.31740000000002,0.0,28,28.0
detached,run_1872,0.463,1.7974,1.3344,14.0,54.0,40.0,30.575,35.291,4.7159999999999975,0.0,12,12.0,248.6242,201.235,-47.38919999999999,0.0,19,19.0
detached,run_1873,0.4902,1.9336,1.4434,14.0,52.0,38.0,30.605,34.853,4.248000000000001,1.0,20,19.0,43.7545,38.8378,-4.916699999999999,0.0,15,15.0
detached,run_1874,0.1089,1.5523,1.4434,5.0,46.0,41.0,29.703,34.029,4.326000000000004,1.0,23,22.0,16.2181,14.4571,-1.7609999999999992,0.0,5,5.0
detached,run_1875,0.1089,1.5523,1.4434,7.0,45.0,38.0,29.651,34.546,4.895,0.0,7,7.0,71.3658,75.4325,4.0667000000000115,0.0,6,6.0
detached,run_1876,0.3268,1.7974,1.4706000000000001,11.0,50.0,39.0,30.262,34.863,4.600999999999999,1.0,20,19.0,71.7733,60.5906,-11.182700000000004,0.0,12,12.0
detached,run_1877,0.0817,1.5251,1.4434,5.0,46.0,41.0,29.57,34.406,4.8359999999999985,0.0,12,12.0,42.5685,38.8687,-3.6998000000000033,0.0,6,6.0
detached,run_1878,0.3813,1.7429,1.3616,12.0,51.0,39.0,30.243,34.978,4.735000000000003,0.0,14,14.0,112.463,92.8954,-19.5676,0.0,11,11.0
detached,run_1879,0.1089,1.6068,1.4979,8.0,48.0,40.0,29.744,34.799,5.055,0.0,9,9.0,88.8338,90.3313,1.4975000000000023,0.0,8,8.0
detached,run_1880,0.354,1.8246,1.4706000000000001,12.0,50.0,38.0,30.181,34.942,4.760999999999999,1.0,16,15.0,82.5369,71.4063,-11.130600000000001,0.0,10,10.0
detached,run_1881,0.2996,1.7429,1.4432999999999998,13.0,54.0,41.0,30.526,35.14,4.614000000000001,1.0,16,15.0,122.9868,107.1858,-15.801000000000002,0.0,15,15.0
detached,run_1882,0.0272,1.5251,1.4979,5.0,43.0,38.0,29.396,33.963,4.567,1.0,17,16.0,21.9143,18.9602,-2.9541000000000004,0.0,5,5.0
detached,run_1883,0.4085,1.8246,1.4161000000000001,16.0,56.0,40.0,30.727,35.392,4.665000000000003,0.0,11,11.0,210.2838,192.1149,-18.168900000000008,0.0,22,22.0
detached,run_1884,0.7625,2.1514,1.3889000000000002,18.0,57.0,39.0,30.959,35.452,4.4929999999999986,1.0,20,19.0,170.0106,138.0697,-31.9409,0.0,26,26.0
detached,run_1885,0.0545,1.5523,1.4978,5.0,44.0,39.0,29.379,34.346,4.966999999999995,0.0,10,10.0,51.3092,53.9887,2.6795000000000044,0.0,5,5.0
detached,run_1886,0.2451,1.7702,1.5251,11.0,49.0,38.0,30.177,34.99,4.813000000000002,0.0,15,15.0,298.7528,246.4465,-52.30629999999999,0.0,12,12.0
detached,run_1887,0.4902,2.0153,1.5251,14.0,56.0,42.0,30.682,35.329,4.647000000000002,1.0,22,21.0,169.5876,137.3949,-32.1927,0.0,22,22.0
detached,run_1888,0.354,1.7157,1.3617,12.0,51.0,39.0,30.22,35.037,4.817,0.0,11,11.0,103.4012,89.1286,-14.272599999999997,0.0,11,11.0
detached,run_1889,0.8715,2.2876,1.4160999999999997,20.0,58.0,38.0,31.248,35.713,4.465,1.0,19,18.0,340.4852,277.0892,-63.396000000000015,0.0,28,28.0
detached,run_1890,0.0817,1.4706,1.3889,4.0,41.0,37.0,29.385,34.376,4.990999999999996,0.0,8,8.0,60.0597,63.5792,3.5195000000000007,0.0,5,5.0
detached,run_1891,0.0,1.3889,1.3889,2.0,41.0,39.0,28.962,33.728,4.766000000000002,0.0,15,15.0,31.2509,31.6416,0.39069999999999894,0.0,4,4.0
detached,run_1892,0.2451,1.7157,1.4706,10.0,51.0,41.0,30.095,35.057,4.962000000000003,0.0,15,15.0,223.4664,186.2707,-37.19569999999999,0.0,12,12.0
detached,run_1893,0.0545,1.4706,1.4161,4.0,41.0,37.0,29.255,34.278,5.023,0.0,8,8.0,51.1825,52.0951,0.9126000000000047,0.0,5,5.0
detached,run_1894,0.1906,1.634,1.4434,8.0,49.0,41.0,29.744,34.621,4.8770000000000024,0.0,12,12.0,46.2993,41.8769,-4.422400000000003,0.0,8,8.0
detached,run_1895,0.1089,1.6068,1.4979,6.0,47.0,41.0,29.632,34.609,4.977,0.0,10,10.0,90.3104,78.4798,-11.830600000000004,0.0,8,8.0
detached,run_1896,0.4357,1.7974,1.3617000000000001,11.0,52.0,41.0,30.483,34.917,4.434000000000001,1.0,16,15.0,53.3822,53.1437,-0.23849999999999483,0.0,14,14.0
detached,run_1897,0.463,1.9063,1.4433,14.0,56.0,42.0,30.631,35.392,4.761000000000003,1.0,13,12.0,340.5725,282.1491,-58.423400000000015,0.0,21,21.0
detached,run_1898,0.6536,1.9336,1.28,19.0,58.0,39.0,30.978,35.514,4.536000000000001,1.0,16,15.0,231.1368,188.7152,-42.421599999999984,0.0,25,25.0
detached,run_1899,0.3813,1.7429,1.3616,12.0,51.0,39.0,30.237,35.139,4.902000000000005,0.0,13,13.0,204.425,170.2784,-34.14660000000001,0.0,14,14.0
detached,run_1900,0.0,1.1983,1.1983,0.0,37.0,37.0,28.587,33.38,4.793000000000003,0.0,16,16.0,32.2824,34.1462,1.8637999999999977,0.0,2,2.0
detached,run_1901,0.2451,1.634,1.3888999999999998,10.0,49.0,39.0,29.962,34.783,4.8210000000000015,1.0,15,14.0,86.1298,72.7736,-13.356200000000001,0.0,10,10.0
detached,run_1902,0.3813,1.7974,1.4161000000000001,12.0,52.0,40.0,30.364,35.123,4.758999999999997,0.0,13,13.0,205.4669,168.1935,-37.27340000000001,0.0,14,14.0
detached,run_1903,0.0,1.4706,1.4706,4.0,41.0,37.0,29.104,34.19,5.0859999999999985,0.0,12,12.0,51.7779,41.4801,-10.297800000000002,0.0,5,5.0
detached,run_1904,0.2451,1.6612,1.4161,11.0,49.0,38.0,30.078,34.778,4.699999999999999,0.0,12,12.0,71.8655,65.2881,-6.577399999999997,0.0,9,9.0
detached,run_1905,0.3268,1.6885,1.3617,11.0,50.0,39.0,30.322,35.151,4.829000000000004,0.0,11,11.0,157.901,138.8525,-19.04850000000002,0.0,14,14.0
detached,run_1906,0.3813,1.7702,1.3889,12.0,52.0,40.0,30.338,35.089,4.750999999999998,1.0,13,12.0,168.2206,135.3665,-32.85409999999999,0.0,13,13.0
detached,run_1907,0.3813,1.7702,1.3889,12.0,55.0,43.0,30.404,35.293,4.888999999999999,1.0,11,10.0,151.3006,145.9645,-5.336100000000016,0.0,16,16.0
detached,run_1908,0.0545,1.4706,1.4161,4.0,44.0,40.0,29.354,34.451,5.097000000000001,0.0,9,9.0,68.5961,64.2025,-4.393600000000006,0.0,5,5.0
detached,run_1909,0.1906,1.634,1.4434,9.0,50.0,41.0,29.881,34.848,4.966999999999999,0.0,11,11.0,106.7681,87.8131,-18.955,0.0,9,9.0
detached,run_1910,0.0545,1.4434,1.3889,4.0,41.0,37.0,29.22,34.334,5.114000000000004,0.0,9,9.0,56.7299,55.9655,-0.764400000000002,0.0,5,5.0
detached,run_1911,0.0,1.1983,1.1983,0.0,38.0,38.0,28.583,33.683,5.100000000000001,0.0,12,12.0,19.2705,16.7841,-2.4863999999999997,0.0,3,3.0
detached,run_1912,0.5719,2.3965,1.8246000000000002,16.0,55.0,39.0,30.562,35.068,4.505999999999997,3.0,30,27.0,87.3061,74.1084,-13.197699999999998,0.0,17,17.0
detached,run_1913,0.0,1.3617,1.3617,4.0,42.0,38.0,29.034,33.99,4.956000000000003,0.0,14,14.0,38.4659,38.4943,0.028400000000004866,0.0,5,5.0
detached,run_1914,0.817,2.0697,1.2527000000000001,21.0,59.0,38.0,31.217,35.541,4.323999999999998,1.0,21,20.0,82.3661,71.9398,-10.426299999999998,0.0,27,27.0
detached,run_1915,0.4085,1.7974,1.3889,13.0,53.0,40.0,30.447,34.759,4.312000000000001,4.0,27,23.0,81.6964,82.8714,1.1749999999999972,0.0,9,9.0
detached,run_1916,0.0,1.4434,1.4434,4.0,40.0,36.0,29.117,34.061,4.943999999999999,0.0,12,12.0,25.7629,22.7745,-2.9883999999999986,0.0,5,5.0
detached,run_1917,0.1362,1.6068,1.4706000000000001,8.0,48.0,40.0,29.734,34.595,4.860999999999997,0.0,12,12.0,59.0596,49.6788,-9.3808,0.0,7,7.0
detached,run_1918,0.0545,1.4978,1.4433,5.0,43.0,38.0,29.387,34.456,5.069000000000003,0.0,10,10.0,61.9811,60.8301,-1.1509999999999962,0.0,5,5.0
detached,run_1919,0.2723,1.7974,1.5251000000000001,11.0,49.0,38.0,30.064,34.379,4.314999999999998,6.0,28,22.0,45.5589,44.8919,-0.6670000000000016,0.0,6,6.0
detached,run_1920,0.9804,2.2876,1.3072,22.0,60.0,38.0,31.33,35.706,4.376000000000005,2.0,26,24.0,140.1371,117.8281,-22.308999999999997,0.0,29,29.0
detached,run_1921,0.2723,1.7429,1.4706,11.0,49.0,38.0,30.266,34.98,4.713999999999999,0.0,15,15.0,217.9961,176.8627,-41.13340000000002,0.0,12,12.0
detached,run_1922,0.2451,1.7157,1.4706,12.0,49.0,37.0,30.152,34.347,4.195,4.0,25,21.0,26.1354,25.1239,-1.0115000000000016,0.0,8,8.0
detached,run_1923,0.2451,1.7429,1.4977999999999998,10.0,50.0,40.0,30.07,34.597,4.527000000000001,1.0,19,18.0,54.6739,54.5055,-0.16840000000000543,0.0,7,7.0
detached,run_1924,0.0,1.3617,1.3617,3.0,39.0,36.0,28.994,33.876,4.881999999999998,0.0,12,12.0,39.5688,40.7719,1.2030999999999992,0.0,4,4.0
detached,run_1925,0.354,1.7429,1.3889,12.0,52.0,40.0,30.346,34.979,4.632999999999999,1.0,13,12.0,72.0422,63.1642,-8.877999999999993,0.0,13,13.0
detached,run_1926,0.2996,1.7429,1.4432999999999998,13.0,52.0,39.0,30.52,35.116,4.596,1.0,15,14.0,88.3657,84.9496,-3.4161,0.0,13,13.0
detached,run_1927,0.4902,1.7702,1.28,16.0,54.0,38.0,30.798,35.264,4.466000000000005,1.0,16,15.0,92.7934,81.1837,-11.609700000000004,0.0,19,19.0
detached,run_1928,0.1634,1.634,1.4706,10.0,49.0,39.0,29.968,34.817,4.849,0.0,11,11.0,127.5811,106.0285,-21.552600000000012,0.0,10,10.0
detached,run_1929,0.1362,1.6612,1.525,9.0,49.0,40.0,29.851,34.696,4.844999999999999,0.0,11,11.0,78.7716,67.6795,-11.092100000000002,0.0,8,8.0
detached,run_1930,0.9532,2.8322,1.8789999999999998,22.0,59.0,37.0,31.279,35.745,4.4659999999999975,4.0,27,23.0,349.7839,295.5701,-54.21379999999999,0.0,28,28.0
detached,run_1931,0.2723,2.0425,1.7702,11.0,51.0,40.0,30.148,34.839,4.690999999999999,1.0,25,24.0,90.4465,77.0844,-13.362099999999998,0.0,10,10.0
detached,run_1932,0.5174,1.9063,1.3889,12.0,55.0,43.0,30.378,35.227,4.848999999999997,1.0,17,16.0,141.1334,114.5827,-26.550699999999992,0.0,19,19.0
detached,run_1933,0.6808,2.0425,1.3617,19.0,58.0,39.0,31.149,35.646,4.497,1.0,13,12.0,252.6836,205.3895,-47.294100000000014,0.0,27,27.0
detached,run_1934,0.2996,1.6885,1.3889,11.0,52.0,41.0,30.425,35.13,4.705000000000002,1.0,11,10.0,180.4154,150.5439,-29.871499999999997,0.0,15,15.0
detached,run_1935,0.1362,1.6612,1.525,10.0,48.0,38.0,30.034,34.905,4.871000000000002,0.0,10,10.0,105.1532,110.405,5.251800000000003,0.0,9,9.0
detached,run_1936,0.4085,1.7702,1.3617,12.0,52.0,40.0,30.328,35.023,4.695000000000004,0.0,11,11.0,81.4814,75.0518,-6.4295999999999935,0.0,13,13.0
detached,run_1937,0.4357,1.7974,1.3617000000000001,15.0,55.0,40.0,30.664,35.354,4.689999999999998,1.0,13,12.0,141.8853,127.1558,-14.729500000000002,0.0,17,17.0
detached,run_1938,0.1362,1.634,1.4977999999999998,9.0,48.0,39.0,29.891,34.726,4.835000000000001,0.0,10,10.0,79.3891,81.3288,1.939700000000002,0.0,8,8.0
detached,run_1939,0.2723,1.7702,1.4979,12.0,51.0,39.0,30.139,35.006,4.867000000000001,1.0,16,15.0,189.0113,156.1688,-32.8425,0.0,11,11.0
detached,run_1940,0.4902,1.8246,1.3344,16.0,54.0,38.0,30.689,35.327,4.637999999999998,1.0,18,17.0,179.0511,150.4279,-28.623199999999997,0.0,18,18.0
detached,run_1941,1.7974,2.805,1.0076,26.0,67.0,41.0,31.885,36.226,4.3409999999999975,1.0,22,21.0,389.4369,322.7603,-66.67660000000001,0.0,37,37.0
detached,run_1942,0.3813,1.7429,1.3616,12.0,51.0,39.0,30.255,34.994,4.739000000000001,1.0,15,14.0,122.1165,101.4661,-20.650400000000005,0.0,11,11.0
detached,run_1943,0.3813,1.988,1.6067,12.0,51.0,39.0,30.221,35.091,4.870000000000001,0.0,17,17.0,243.1502,200.0372,-43.113,0.0,13,13.0
detached,run_1944,0.1634,1.6885,1.5251,9.0,49.0,40.0,29.858,34.678,4.819999999999997,0.0,12,12.0,71.6322,60.0449,-11.587299999999999,0.0,8,8.0
detached,run_1945,0.1089,1.5251,1.4162,6.0,46.0,40.0,29.638,34.543,4.904999999999998,0.0,11,11.0,77.2332,73.285,-3.9482,0.0,7,7.0
detached,run_1946,0.0,1.3617,1.3617,4.0,42.0,38.0,29.058,33.782,4.723999999999997,1.0,20,19.0,67.9874,72.2647,4.277300000000011,0.0,4,4.0
detached,run_1947,0.6808,1.8791,1.1983000000000001,19.0,60.0,41.0,30.957,35.497,4.539999999999999,2.0,18,16.0,167.4969,142.2604,-25.236500000000007,0.0,26,26.0
detached,run_1948,0.1634,1.6612,1.4978,10.0,49.0,39.0,29.893,34.838,4.945,0.0,11,11.0,120.486,106.5751,-13.910899999999998,0.0,9,9.0
detached,run_1949,0.354,1.7429,1.3889,11.0,52.0,41.0,30.14,34.977,4.836999999999996,1.0,17,16.0,99.3061,89.8914,-9.414699999999996,0.0,11,11.0
detached,run_1950,0.354,2.0153,1.6612999999999998,11.0,52.0,41.0,30.313,35.117,4.8039999999999985,0.0,16,16.0,255.8201,207.9421,-47.877999999999986,0.0,13,13.0
detached,run_1951,0.4085,2.2603,1.8518,14.0,56.0,42.0,30.562,35.277,4.715,1.0,20,19.0,260.5853,217.1703,-43.41500000000002,0.0,20,20.0
detached,run_1952,0.0545,1.4434,1.3889,4.0,40.0,36.0,29.287,34.319,5.032000000000004,0.0,7,7.0,69.8305,73.8957,4.065200000000004,0.0,5,5.0
detached,run_1953,0.2179,1.6885,1.4706,10.0,50.0,40.0,29.972,34.881,4.908999999999999,0.0,12,12.0,112.9106,91.9666,-20.944000000000003,0.0,10,10.0
detached,run_1954,0.1362,1.6612,1.525,9.0,49.0,40.0,29.748,34.671,4.922999999999998,0.0,13,13.0,84.7696,69.8908,-14.878799999999998,0.0,8,8.0
detached,run_1955,0.4085,2.1514,1.7429000000000001,12.0,55.0,43.0,30.49,35.242,4.751999999999999,1.0,20,19.0,295.4029,246.4862,-48.91669999999999,0.0,17,17.0
detached,run_1956,0.0,1.28,1.28,0.0,37.0,37.0,28.827,33.341,4.513999999999999,1.0,19,18.0,24.8761,25.6931,0.8170000000000002,0.0,2,2.0
detached,run_1957,0.0545,1.4434,1.3889,4.0,41.0,37.0,29.257,34.297,5.039999999999996,0.0,8,8.0,52.9969,53.0539,0.05700000000000216,0.0,5,5.0
detached,run_1958,0.3813,1.7157,1.3344,12.0,50.0,38.0,30.428,35.062,4.633999999999997,0.0,11,11.0,157.1969,135.6655,-21.53139999999999,0.0,14,14.0
detached,run_1959,0.0,1.3617,1.3617,3.0,39.0,36.0,28.859,33.735,4.875999999999998,0.0,14,14.0,20.7471,19.3217,-1.4253999999999998,0.0,3,3.0
detached,run_1960,0.0545,1.4706,1.4161,4.0,41.0,37.0,29.256,34.324,5.067999999999998,0.0,10,10.0,55.6696,55.6881,0.018499999999995964,0.0,5,5.0
detached,run_1961,0.6808,1.9063,1.2255000000000003,17.0,57.0,40.0,30.763,35.193,4.429999999999996,1.0,21,20.0,62.4104,53.6353,-8.775100000000002,0.0,20,20.0
detached,run_1962,0.1362,1.634,1.4977999999999998,9.0,48.0,39.0,29.903,34.882,4.978999999999999,0.0,10,10.0,163.7392,135.833,-27.906200000000013,0.0,10,10.0
detached,run_1963,0.0545,1.3889,1.3344,4.0,41.0,37.0,29.161,34.309,5.147999999999996,0.0,11,11.0,64.1073,66.3566,2.249300000000005,0.0,5,5.0
detached,run_1964,0.1906,1.634,1.4434,9.0,49.0,40.0,29.878,34.457,4.579000000000001,1.0,16,15.0,35.4423,33.1517,-2.290600000000005,0.0,7,7.0
detached,run_1965,0.0817,1.5523,1.4706000000000001,5.0,46.0,41.0,29.508,34.568,5.059999999999999,0.0,8,8.0,63.6376,65.9916,2.3540000000000063,0.0,7,7.0
detached,run_1966,0.1089,1.634,1.5251,5.0,46.0,41.0,29.728,34.305,4.576999999999998,1.0,19,18.0,34.2338,30.0493,-4.184500000000003,0.0,6,6.0
detached,run_1967,0.1089,1.5795,1.4706,8.0,47.0,39.0,29.703,34.663,4.959999999999997,0.0,7,7.0,81.0414,85.9706,4.929200000000009,0.0,7,7.0
detached,run_1968,0.1089,1.634,1.5251,8.0,48.0,40.0,29.699,34.727,5.027999999999995,0.0,11,11.0,150.8485,122.061,-28.787499999999994,0.0,8,8.0
detached,run_1969,0.3813,1.7702,1.3889,12.0,52.0,40.0,30.44,35.099,4.658999999999995,1.0,16,15.0,120.7406,100.9779,-19.762699999999995,0.0,16,16.0
detached,run_1970,0.0545,1.4978,1.4433,4.0,45.0,41.0,29.346,34.49,5.144000000000002,0.0,10,10.0,87.5616,72.1138,-15.4478,0.0,5,5.0
detached,run_1971,0.2451,1.7429,1.4977999999999998,10.0,50.0,40.0,30.007,34.875,4.8679999999999986,0.0,17,17.0,124.0569,103.6869,-20.370000000000005,0.0,10,10.0
detached,run_1972,0.0817,1.4706,1.3889,5.0,45.0,40.0,29.468,34.439,4.971,0.0,12,12.0,55.8194,54.1061,-1.7133000000000038,0.0,6,6.0
detached,run_1973,0.0817,1.5251,1.4434,5.0,45.0,40.0,29.474,34.398,4.924000000000003,0.0,11,11.0,48.0249,49.8651,1.8401999999999958,0.0,5,5.0
detached,run_1974,0.0817,1.5251,1.4434,5.0,46.0,41.0,29.471,34.515,5.0440000000000005,0.0,11,11.0,70.6601,59.4584,-11.201700000000002,0.0,7,7.0
detached,run_1975,0.2451,1.634,1.3888999999999998,10.0,49.0,39.0,30.048,34.853,4.805000000000003,0.0,10,10.0,90.6708,83.1378,-7.533000000000001,0.0,10,10.0
detached,run_1976,0.2723,1.6885,1.4162,11.0,52.0,41.0,30.284,35.12,4.8359999999999985,0.0,12,12.0,211.572,177.0662,-34.505799999999994,0.0,15,15.0
detached,run_1977,0.0,1.3889,1.3889,3.0,39.0,36.0,28.937,33.893,4.9559999999999995,0.0,13,13.0,24.623,22.6334,-1.9895999999999994,0.0,5,5.0
detached,run_1978,0.0,1.3072,1.3072,3.0,39.0,36.0,28.848,33.833,4.984999999999999,0.0,9,9.0,39.4505,41.4613,2.0108000000000033,0.0,3,3.0
detached,run_1979,0.2723,1.6885,1.4162,11.0,51.0,40.0,30.115,34.684,4.568999999999999,1.0,16,15.0,59.0198,57.5955,-1.4242999999999952,0.0,9,9.0
detached,run_1980,0.0545,1.4706,1.4161,4.0,42.0,38.0,29.301,34.318,5.0169999999999995,0.0,11,11.0,53.9395,44.7413,-9.1982,0.0,5,5.0
detached,run_1981,0.0545,1.4978,1.4433,4.0,42.0,38.0,29.194,34.333,5.138999999999999,0.0,11,11.0,84.3129,67.8199,-16.492999999999995,0.0,5,5.0
detached,run_1982,0.3813,1.6885,1.3072,12.0,50.0,38.0,30.12,34.888,4.767999999999997,0.0,11,11.0,89.4224,78.3356,-11.086799999999997,0.0,11,11.0
detached,run_1983,1.6612,2.451,0.7898000000000001,27.0,62.0,35.0,31.815,35.719,3.904,3.0,20,17.0,78.9437,71.6085,-7.3352,0.0,36,36.0
detached,run_1984,0.0545,1.4978,1.4433,5.0,44.0,39.0,29.382,34.416,5.033999999999995,0.0,11,11.0,78.9076,67.6272,-11.2804,0.0,5,5.0
detached,run_1985,0.1089,1.4978,1.3889,5.0,44.0,39.0,29.496,34.558,5.062000000000001,0.0,7,7.0,81.7929,88.1317,6.338799999999992,0.0,6,6.0
detached,run_1986,0.1089,1.6068,1.4979,8.0,49.0,41.0,29.761,34.667,4.906000000000002,0.0,13,13.0,118.425,98.417,-20.007999999999996,0.0,8,8.0
detached,run_1987,0.1906,1.634,1.4434,9.0,49.0,40.0,29.868,34.823,4.955000000000002,1.0,16,15.0,105.9936,107.9855,1.9919000000000011,0.0,8,8.0
detached,run_1988,1.2527,3.2952,2.0425,22.0,65.0,43.0,31.515,35.955,4.439999999999998,13.0,42,29.0,469.3767,396.7812,-72.59550000000002,0.0,36,36.0
detached,run_1989,0.0,1.3889,1.3889,5.0,40.0,35.0,29.124,34.094,4.970000000000002,0.0,11,11.0,65.9007,68.8981,2.997399999999999,0.0,5,5.0
detached,run_1990,0.3813,1.8791,1.4978,12.0,54.0,42.0,30.605,35.042,4.437000000000001,1.0,17,16.0,70.0667,60.68,-9.386699999999998,0.0,15,15.0
detached,run_1991,0.1906,1.6885,1.4979,10.0,49.0,39.0,30.091,34.799,4.707999999999998,1.0,11,10.0,95.1733,88.9813,-6.191999999999993,0.0,9,9.0
detached,run_1992,0.817,2.0153,1.1983,19.0,57.0,38.0,30.978,35.149,4.170999999999999,9.0,36,27.0,47.893,42.9902,-4.902799999999999,0.0,19,19.0
detached,run_1993,0.8987,2.0153,1.1165999999999998,20.0,59.0,39.0,31.228,35.522,4.293999999999997,2.0,21,19.0,93.1671,84.2263,-8.94080000000001,0.0,26,26.0
detached,run_1994,0.2179,1.634,1.4161,7.0,45.0,38.0,29.811,33.756,3.9450000000000003,4.0,25,21.0,14.4511,14.4579,0.006800000000000139,0.0,5,5.0
detached,run_1995,0.0,1.3617,1.3617,2.0,39.0,37.0,28.907,33.797,4.889999999999997,0.0,14,14.0,20.8671,18.4072,-2.459900000000001,0.0,3,3.0
detached,run_1996,0.9259,2.0425,1.1166,21.0,58.0,37.0,31.367,35.651,4.2840000000000025,1.0,15,14.0,181.674,151.1892,-30.484800000000007,0.0,27,27.0
detached,run_1997,0.0545,1.4706,1.4161,4.0,40.0,36.0,29.225,34.267,5.042000000000002,0.0,9,9.0,52.2804,47.4987,-4.781700000000001,0.0,5,5.0
detached,run_1998,0.1362,1.634,1.4977999999999998,9.0,48.0,39.0,29.88,34.855,4.974999999999998,0.0,11,11.0,113.9678,119.7315,5.7637,0.0,8,8.0
detached,run_1999,0.0,1.3617,1.3617,3.0,40.0,37.0,29.074,34.071,4.996999999999996,0.0,7,7.0,52.178,55.0743,2.8963000000000036,0.0,5,5.0
semi,run_0000,0.1362,1.4706,1.3344,9.0,45.0,36.0,29.761,34.48,4.718999999999998,2.0,16,14.0,48.3434,50.0547,1.7112999999999943,0.0,6,6.0
semi,run_0001,0.1089,1.5523,1.4434,8.0,44.0,36.0,29.731,34.41,4.678999999999995,0.0,12,12.0,39.4176,34.7149,-4.7027,0.0,6,6.0
semi,run_0002,0.1089,1.5523,1.4434,6.0,43.0,37.0,29.699,34.203,4.504000000000001,2.0,18,16.0,49.1645,51.1644,1.9999000000000038,0.0,6,6.0
semi,run_0003,0.0,1.3072,1.3072,3.0,40.0,37.0,28.953,33.845,4.8919999999999995,0.0,16,16.0,30.7962,30.7375,-0.0586999999999982,0.0,3,3.0
semi,run_0004,0.2451,1.6885,1.4433999999999998,10.0,50.0,40.0,30.091,34.948,4.856999999999999,1.0,16,15.0,134.6655,107.0506,-27.614900000000006,0.0,12,12.0
semi,run_0005,0.2451,1.7157,1.4706,11.0,53.0,42.0,29.949,34.886,4.937000000000001,3.0,17,14.0,58.0271,54.5853,-3.4418000000000006,0.0,9,9.0
semi,run_0006,0.2179,1.634,1.4161,10.0,48.0,38.0,29.985,34.752,4.767000000000003,0.0,10,10.0,89.6368,75.5739,-14.062899999999999,0.0,9,9.0
semi,run_0007,0.9259,1.988,1.0621,17.0,59.0,42.0,30.807,35.222,4.415000000000003,6.0,32,26.0,79.5531,66.3829,-13.170199999999994,0.0,18,18.0
semi,run_0008,0.1634,1.6612,1.4978,10.0,49.0,39.0,29.957,34.897,4.939999999999998,0.0,11,11.0,139.899,126.176,-13.722999999999999,0.0,9,9.0
semi,run_0009,0.7625,3.0773,2.3148,14.0,58.0,44.0,30.706,35.528,4.821999999999999,11.0,44,33.0,409.709,368.6127,-41.096299999999985,0.0,23,23.0
semi,run_0010,0.0545,1.4978,1.4433,4.0,43.0,39.0,29.411,34.422,5.010999999999996,0.0,10,10.0,87.7473,67.7017,-20.045599999999993,0.0,5,5.0
semi,run_0011,1.171,3.4586,2.2876000000000003,19.0,58.0,39.0,31.09,35.312,4.221999999999998,10.0,57,47.0,163.0794,156.2141,-6.865299999999991,0.0,26,26.0
semi,run_0012,0.1089,1.5251,1.4162,6.0,44.0,38.0,29.666,34.473,4.806999999999999,0.0,12,12.0,56.85,56.3726,-0.47740000000000293,0.0,7,7.0
semi,run_0013,0.0817,1.4706,1.3889,5.0,43.0,38.0,29.616,34.444,4.828000000000003,1.0,13,12.0,50.3301,49.3908,-0.9393000000000029,0.0,6,6.0
semi,run_0014,0.0545,1.3617,1.3072,4.0,40.0,36.0,29.186,34.179,4.993000000000002,0.0,11,11.0,37.9098,36.7006,-1.2091999999999956,0.0,5,5.0
semi,run_0015,0.1089,1.6885,1.5796,8.0,49.0,41.0,29.705,34.956,5.251000000000005,0.0,13,13.0,277.9104,231.8095,-46.10089999999997,0.0,9,9.0
semi,run_0016,0.2451,1.634,1.3888999999999998,9.0,46.0,37.0,29.981,34.517,4.536000000000001,1.0,16,15.0,50.6338,41.7669,-8.866900000000001,0.0,8,8.0
semi,run_0017,0.0,1.3889,1.3889,4.0,41.0,37.0,29.417,33.549,4.131999999999998,10.0,27,17.0,15.7164,15.4909,-0.22550000000000026,0.0,3,3.0
semi,run_0018,0.0545,1.3889,1.3344,5.0,43.0,38.0,29.163,34.219,5.056000000000001,1.0,16,15.0,32.215,26.7834,-5.431600000000003,0.0,5,5.0
semi,run_0019,0.0817,1.4706,1.3889,5.0,44.0,39.0,29.441,34.364,4.922999999999998,1.0,15,14.0,36.958,31.3936,-5.564399999999999,0.0,6,6.0
semi,run_0020,0.2179,1.6068,1.3889,9.0,48.0,39.0,29.881,34.373,4.491999999999997,2.0,15,13.0,41.125,41.9308,0.8057999999999979,0.0,7,7.0
semi,run_0021,0.2996,1.6885,1.3889,11.0,48.0,37.0,30.309,34.892,4.583000000000002,1.0,11,10.0,90.0257,79.0714,-10.954300000000003,0.0,9,9.0
semi,run_0022,0.5174,1.8246,1.3072,12.0,48.0,36.0,30.235,34.044,3.8089999999999975,18.0,38,20.0,12.7113,12.0616,-0.6496999999999993,0.0,6,6.0
semi,run_0023,0.0545,1.3617,1.3072,5.0,41.0,36.0,29.252,34.262,5.010000000000002,0.0,11,11.0,47.5517,48.9836,1.431900000000006,0.0,5,5.0
semi,run_0024,0.1089,1.6068,1.4979,8.0,45.0,37.0,29.695,34.566,4.871000000000002,0.0,10,10.0,66.1252,55.2942,-10.83100000000001,0.0,7,7.0
semi,run_0025,0.3813,1.6885,1.3072,12.0,49.0,37.0,30.095,34.865,4.770000000000003,0.0,11,11.0,66.9996,60.657,-6.3426000000000045,0.0,11,11.0
semi,run_0026,0.0,1.3889,1.3889,5.0,41.0,36.0,29.366,33.797,4.430999999999997,2.0,16,14.0,13.8771,12.9308,-0.9463000000000008,0.0,3,3.0
semi,run_0027,0.2723,1.6612,1.3889,10.0,47.0,37.0,30.017,34.68,4.663,1.0,15,14.0,59.1919,49.9355,-9.2564,0.0,9,9.0
semi,run_0028,0.0,1.3344,1.3344,2.0,39.0,37.0,28.831,33.946,5.114999999999998,0.0,12,12.0,24.4895,21.1876,-3.3019,0.0,5,5.0
semi,run_0029,0.7898,1.9336,1.1438000000000001,16.0,54.0,38.0,30.733,34.468,3.735000000000003,29.0,44,15.0,41.7581,42.2951,0.536999999999999,0.0,8,8.0
semi,run_0030,0.4357,1.6885,1.2528,12.0,48.0,36.0,30.227,34.763,4.535999999999998,1.0,14,13.0,39.9364,34.3695,-5.566899999999997,0.0,11,11.0
semi,run_0031,0.1089,1.5251,1.4162,6.0,42.0,36.0,29.711,34.388,4.677,0.0,13,13.0,47.7551,40.9622,-6.792899999999996,0.0,7,7.0
semi,run_0032,0.9532,2.7505,1.7973000000000001,18.0,55.0,37.0,30.979,35.389,4.410000000000004,3.0,26,23.0,450.1102,416.0322,-34.07800000000003,0.0,26,26.0
semi,run_0033,0.3268,1.7702,1.4434,12.0,52.0,40.0,30.456,35.17,4.714000000000002,0.0,15,15.0,201.283,182.4674,-18.81559999999999,0.0,17,17.0
semi,run_0034,0.1089,1.5523,1.4434,5.0,46.0,41.0,29.636,34.627,4.991000000000003,0.0,10,10.0,80.1421,72.7929,-7.349199999999996,0.0,8,8.0
semi,run_0035,0.0545,1.4706,1.4161,4.0,40.0,36.0,29.235,34.353,5.118000000000002,0.0,10,10.0,50.8907,47.3612,-3.529500000000006,0.0,5,5.0
semi,run_0036,0.1362,1.634,1.4977999999999998,8.0,50.0,42.0,29.793,34.75,4.957000000000001,1.0,12,11.0,65.7288,58.6894,-7.039400000000008,0.0,8,8.0
semi,run_0037,0.0817,1.4706,1.3889,5.0,43.0,38.0,29.514,34.399,4.885000000000002,0.0,13,13.0,39.1821,34.2061,-4.975999999999999,0.0,5,5.0
semi,run_0038,0.0545,1.4161,1.3616,4.0,41.0,37.0,29.195,34.31,5.115000000000002,0.0,10,10.0,49.5132,47.133,-2.380199999999995,0.0,5,5.0
semi,run_0039,0.1906,1.7974,1.6068000000000002,9.0,51.0,42.0,29.869,35.007,5.137999999999998,0.0,16,16.0,196.3145,164.1149,-32.199600000000004,0.0,9,9.0
semi,run_0040,0.2179,1.5795,1.3616,10.0,48.0,38.0,29.923,34.58,4.657,1.0,14,13.0,42.5532,38.0501,-4.503099999999996,0.0,7,7.0
semi,run_0041,0.0,1.4161,1.4161,4.0,42.0,38.0,29.099,34.283,5.184000000000001,0.0,12,12.0,56.088,48.1574,-7.930599999999998,0.0,5,5.0
semi,run_0042,0.1634,1.6068,1.4434,10.0,48.0,38.0,29.873,34.809,4.935999999999996,0.0,11,11.0,102.1297,91.337,-10.792699999999996,0.0,9,9.0
semi,run_0043,0.1089,1.634,1.5251,7.0,50.0,43.0,29.622,34.842,5.219999999999999,0.0,12,12.0,120.1129,104.6259,-15.486999999999995,0.0,9,9.0
semi,run_0044,0.0545,1.3617,1.3072,4.0,40.0,36.0,29.179,34.295,5.116000000000003,0.0,10,10.0,55.4131,54.7117,-0.7013999999999996,0.0,5,5.0
semi,run_0045,0.0545,1.4161,1.3616,5.0,42.0,37.0,29.218,34.333,5.114999999999998,0.0,13,13.0,42.6406,37.8939,-4.746699999999997,0.0,5,5.0
semi,run_0046,0.1362,1.6885,1.5522999999999998,8.0,50.0,42.0,29.677,34.83,5.152999999999999,1.0,14,13.0,114.6972,96.9211,-17.7761,0.0,9,9.0
semi,run_0047,0.0817,1.4434,1.3617,5.0,41.0,36.0,29.439,34.08,4.640999999999998,2.0,16,14.0,27.5287,24.5295,-2.999200000000002,0.0,5,5.0
semi,run_0048,0.354,1.8519,1.4979,12.0,57.0,45.0,30.076,35.15,5.073999999999998,1.0,14,13.0,95.8096,82.7177,-13.09190000000001,0.0,11,11.0
semi,run_0049,0.1089,1.4978,1.3889,5.0,43.0,38.0,29.533,34.388,4.854999999999997,0.0,11,11.0,53.0387,44.2703,-8.7684,0.0,5,5.0
semi,run_0050,0.0817,1.5795,1.4977999999999998,5.0,48.0,43.0,29.556,34.54,4.983999999999998,0.0,16,16.0,71.5914,59.7363,-11.855099999999993,0.0,6,6.0
semi,run_0051,0.0,1.28,1.28,3.0,39.0,36.0,29.003,33.958,4.954999999999998,0.0,10,10.0,29.4091,25.3238,-4.0853,0.0,5,5.0
semi,run_0052,0.1089,1.6885,1.5796,7.0,50.0,43.0,29.663,34.788,5.1249999999999964,0.0,18,18.0,90.0436,74.4251,-15.618499999999997,0.0,8,8.0
semi,run_0053,0.2451,1.634,1.3888999999999998,9.0,46.0,37.0,29.994,34.415,4.420999999999999,2.0,16,14.0,38.0882,37.2504,-0.8378000000000014,0.0,7,7.0
semi,run_0054,0.1906,1.6612,1.4706000000000001,9.0,51.0,42.0,29.807,34.711,4.904,1.0,15,14.0,55.7401,48.9788,-6.7612999999999985,0.0,8,8.0
semi,run_0055,0.3268,1.7702,1.4434,12.0,52.0,40.0,30.469,35.12,4.650999999999996,1.0,13,12.0,135.4623,117.8382,-17.6241,0.0,14,14.0
semi,run_0056,0.5447,1.7157,1.171,13.0,50.0,37.0,30.456,34.862,4.406000000000002,2.0,18,16.0,55.2843,50.3532,-4.931100000000001,0.0,14,14.0
semi,run_0057,0.0,1.3344,1.3344,0.0,40.0,40.0,28.721,33.807,5.086000000000002,0.0,15,15.0,19.8647,18.9269,-0.9377999999999993,0.0,3,3.0
semi,run_0058,0.9259,2.6144,1.6885,20.0,59.0,39.0,31.091,35.578,4.487000000000002,8.0,34,26.0,209.1005,193.2407,-15.859800000000007,0.0,26,26.0
semi,run_0059,0.0817,1.5523,1.4706000000000001,6.0,44.0,38.0,29.389,33.803,4.413999999999998,11.0,26,15.0,26.8134,26.6671,-0.1463000000000001,0.0,4,4.0
semi,run_0060,0.0545,1.3889,1.3344,5.0,42.0,37.0,29.279,34.37,5.0909999999999975,0.0,12,12.0,46.5359,44.6908,-1.845099999999995,0.0,5,5.0
semi,run_0061,0.0,1.3889,1.3889,5.0,42.0,37.0,29.225,34.0,4.774999999999999,2.0,16,14.0,28.8992,26.8695,-2.029700000000002,0.0,5,5.0
semi,run_0062,0.0545,1.634,1.5795,4.0,49.0,45.0,29.398,34.686,5.288,0.0,11,11.0,92.1964,81.1036,-11.092799999999997,0.0,6,6.0
semi,run_0063,0.5447,1.8246,1.2799,12.0,52.0,40.0,30.598,35.222,4.624000000000002,1.0,12,11.0,201.9779,163.1934,-38.78450000000001,0.0,19,19.0
semi,run_0064,0.0,1.4706,1.4706,4.0,45.0,41.0,29.117,34.379,5.261999999999997,0.0,11,11.0,45.67,44.4899,-1.180100000000003,0.0,5,5.0
semi,run_0065,0.1089,1.6068,1.4979,9.0,47.0,38.0,29.878,34.703,4.825000000000003,0.0,10,10.0,96.6447,87.0079,-9.636799999999994,0.0,9,9.0
semi,run_0066,0.1362,1.6612,1.525,9.0,48.0,39.0,29.875,34.759,4.884,0.0,11,11.0,126.7983,98.9038,-27.894499999999994,0.0,8,8.0
semi,run_0067,0.1089,1.634,1.5251,7.0,50.0,43.0,29.663,34.785,5.121999999999996,0.0,13,13.0,78.4326,65.1405,-13.29209999999999,0.0,9,9.0
semi,run_0068,0.0,1.3617,1.3617,4.0,42.0,38.0,29.105,33.783,4.678000000000001,3.0,20,17.0,36.7343,37.3985,0.664200000000001,0.0,4,4.0
semi,run_0069,1.0893,2.2331,1.1438,21.0,61.0,40.0,30.906,35.487,4.581000000000003,2.0,23,21.0,101.6473,84.7907,-16.8566,0.0,24,24.0
semi,run_0070,0.0545,1.5795,1.525,5.0,49.0,44.0,29.439,34.494,5.055,0.0,13,13.0,43.7038,39.4685,-4.235300000000002,0.0,6,6.0
semi,run_0071,0.2451,1.634,1.3888999999999998,9.0,48.0,39.0,29.99,34.561,4.5710000000000015,2.0,16,14.0,40.7362,37.6182,-3.117999999999995,0.0,8,8.0
semi,run_0072,0.4085,1.6885,1.2799999999999998,11.0,51.0,40.0,30.292,34.877,4.585000000000001,1.0,13,12.0,60.5521,56.3206,-4.231500000000004,0.0,12,12.0
semi,run_0073,0.2451,1.6612,1.4161,8.0,48.0,40.0,29.846,34.33,4.483999999999998,3.0,17,14.0,24.2361,22.1968,-2.039300000000001,0.0,6,6.0
semi,run_0074,0.0,1.3344,1.3344,2.0,38.0,36.0,28.958,33.741,4.783000000000001,0.0,15,15.0,20.8806,19.0484,-1.8322000000000003,0.0,3,3.0
semi,run_0075,0.0272,1.3617,1.3345,5.0,42.0,37.0,29.184,34.218,5.0340000000000025,0.0,13,13.0,35.0241,35.2684,0.24430000000000263,0.0,5,5.0
semi,run_0076,0.3268,1.6612,1.3344,11.0,50.0,39.0,30.15,34.931,4.780999999999999,0.0,11,11.0,75.3309,64.1814,-11.149500000000003,0.0,12,12.0
semi,run_0077,0.1089,1.6612,1.5523,7.0,50.0,43.0,29.533,34.728,5.195,0.0,16,16.0,87.4146,72.9944,-14.420199999999994,0.0,7,7.0
semi,run_0078,0.5991,1.8246,1.2255,15.0,54.0,39.0,30.612,35.104,4.492000000000001,3.0,17,14.0,84.9982,72.3101,-12.688099999999991,0.0,17,17.0
semi,run_0079,0.0545,1.4706,1.4161,5.0,41.0,36.0,29.36,34.289,4.929000000000002,0.0,11,11.0,44.3331,36.8371,-7.496000000000002,0.0,5,5.0
semi,run_0080,0.2451,1.9063,1.6612,11.0,50.0,39.0,30.073,34.576,4.503,2.0,27,25.0,29.8313,27.6981,-2.1331999999999987,0.0,7,7.0
semi,run_0081,0.0272,1.3344,1.3072000000000001,5.0,40.0,35.0,29.318,33.754,4.435999999999996,2.0,15,13.0,48.9188,50.9654,2.046600000000005,0.0,3,3.0
semi,run_0082,0.7353,2.0425,1.3072,17.0,58.0,41.0,30.784,35.359,4.575000000000003,3.0,29,26.0,117.6272,96.9999,-20.627300000000005,0.0,23,23.0
semi,run_0083,0.0817,1.4434,1.3617,5.0,41.0,36.0,29.355,34.299,4.943999999999999,0.0,12,12.0,51.6845,39.8318,-11.852699999999999,0.0,5,5.0
semi,run_0084,0.0817,1.4434,1.3617,6.0,42.0,36.0,29.37,33.74,4.370000000000001,10.0,23,13.0,24.232,24.6486,0.41659999999999897,0.0,4,4.0
semi,run_0085,0.0545,1.3617,1.3072,4.0,40.0,36.0,29.367,34.223,4.855999999999998,0.0,10,10.0,45.7278,42.2558,-3.4720000000000013,0.0,5,5.0
semi,run_0086,0.2996,2.0153,1.7157,11.0,51.0,40.0,30.196,35.069,4.873000000000001,3.0,22,19.0,206.859,170.6985,-36.16050000000001,0.0,12,12.0
semi,run_0087,0.0,1.4161,1.4161,4.0,40.0,36.0,29.145,34.199,5.0539999999999985,0.0,12,12.0,30.2623,28.4137,-1.8486000000000011,0.0,5,5.0
semi,run_0088,0.1089,1.7157,1.6068,7.0,46.0,39.0,29.583,34.582,4.999000000000002,0.0,11,11.0,133.6102,117.0974,-16.5128,0.0,7,7.0
semi,run_0089,0.0817,1.4706,1.3889,5.0,42.0,37.0,29.456,34.381,4.925000000000001,0.0,11,11.0,61.8286,59.5733,-2.2552999999999983,0.0,5,5.0
semi,run_0090,0.0545,1.3617,1.3072,5.0,40.0,35.0,29.297,34.25,4.952999999999999,0.0,10,10.0,53.1425,50.9364,-2.2060999999999993,0.0,5,5.0
semi,run_0091,0.3268,1.6885,1.3617,11.0,49.0,38.0,30.361,34.93,4.568999999999999,1.0,11,10.0,91.133,82.7444,-8.388599999999997,0.0,12,12.0
semi,run_0092,0.0817,1.4978,1.4161000000000001,5.0,42.0,37.0,29.427,34.364,4.936999999999998,0.0,12,12.0,43.6234,37.9512,-5.672199999999997,0.0,5,5.0
semi,run_0093,0.0817,1.4978,1.4161000000000001,5.0,42.0,37.0,29.512,34.273,4.761000000000003,1.0,14,13.0,36.203,30.4234,-5.779600000000002,0.0,5,5.0
semi,run_0094,0.0817,1.5251,1.4434,5.0,47.0,42.0,29.627,34.577,4.949999999999999,0.0,11,11.0,60.5582,59.9148,-0.6433999999999997,0.0,7,7.0
semi,run_0095,0.3268,1.7157,1.3889,11.0,50.0,39.0,30.143,34.687,4.543999999999997,2.0,17,15.0,62.6286,52.9285,-9.700099999999999,0.0,8,8.0
semi,run_0096,0.0,1.5523,1.5523,4.0,47.0,43.0,29.328,34.272,4.943999999999999,0.0,12,12.0,40.0949,40.2929,0.1980000000000004,0.0,5,5.0
semi,run_0097,0.2451,1.634,1.3888999999999998,10.0,44.0,34.0,29.919,34.28,4.361000000000001,2.0,16,14.0,41.572,42.3578,0.7857999999999947,0.0,6,6.0
semi,run_0098,0.1634,1.634,1.4706,9.0,46.0,37.0,30.037,34.669,4.631999999999998,0.0,11,11.0,138.8522,107.0982,-31.754000000000005,0.0,9,9.0
semi,run_0099,0.1089,1.634,1.5251,8.0,48.0,40.0,29.692,34.647,4.954999999999998,0.0,11,11.0,56.8775,48.2557,-8.6218,0.0,8,8.0
semi,run_0100,0.1906,1.634,1.4434,9.0,51.0,42.0,29.816,34.715,4.8990000000000045,2.0,16,14.0,49.5793,42.7616,-6.817700000000002,0.0,8,8.0
semi,run_0101,0.0,1.28,1.28,0.0,35.0,35.0,28.921,33.081,4.160000000000004,9.0,24,15.0,16.3918,17.2751,0.8832999999999984,0.0,2,2.0
semi,run_0102,0.817,1.8791,1.0621,17.0,52.0,35.0,30.753,35.19,4.436999999999998,1.0,15,14.0,87.637,80.5677,-7.069299999999998,0.0,21,21.0
semi,run_0103,0.5991,1.8246,1.2255,13.0,53.0,40.0,30.61,34.956,4.346000000000004,2.0,21,19.0,59.5599,55.2859,-4.274000000000001,0.0,15,15.0
semi,run_0104,0.5719,1.8246,1.2527,12.0,52.0,40.0,30.389,35.142,4.753000000000004,1.0,15,14.0,164.0613,126.0962,-37.96509999999999,0.0,18,18.0
semi,run_0105,0.2451,2.0697,1.8246,10.0,50.0,40.0,30.001,34.618,4.617000000000001,4.0,30,26.0,49.7559,46.3689,-3.3870000000000005,0.0,8,8.0
semi,run_0106,0.1089,1.5795,1.4706,7.0,45.0,38.0,29.607,34.442,4.835000000000001,0.0,12,12.0,41.5581,35.2504,-6.307700000000004,0.0,5,5.0
semi,run_0107,0.0817,1.4706,1.3889,5.0,41.0,36.0,29.585,34.387,4.802,0.0,11,11.0,47.0864,41.5355,-5.550899999999999,0.0,7,7.0
semi,run_0108,0.0,1.4161,1.4161,4.0,40.0,36.0,29.072,34.284,5.212,0.0,8,8.0,57.1594,58.2307,1.0713000000000008,0.0,5,5.0
semi,run_0109,0.0,1.3889,1.3889,4.0,42.0,38.0,29.108,34.269,5.160999999999998,0.0,14,14.0,38.8754,34.222,-4.653399999999998,0.0,5,5.0
semi,run_0110,0.0545,1.4706,1.4161,4.0,41.0,37.0,29.24,34.36,5.120000000000001,0.0,11,11.0,53.5602,45.0847,-8.475500000000004,0.0,5,5.0
semi,run_0111,0.0817,1.5523,1.4706000000000001,5.0,48.0,43.0,29.417,34.539,5.122,0.0,12,12.0,67.2099,58.1785,-9.031400000000005,0.0,6,6.0
semi,run_0112,0.0,1.3344,1.3344,3.0,40.0,37.0,28.979,34.174,5.195,0.0,10,10.0,41.8388,40.8685,-0.9703000000000017,0.0,5,5.0
semi,run_0113,0.9259,1.9063,0.9804000000000002,18.0,55.0,37.0,30.948,35.218,4.270000000000003,1.0,13,12.0,125.4118,102.5102,-22.901600000000002,0.0,23,23.0
semi,run_0114,0.0,1.3889,1.3889,4.0,43.0,39.0,29.133,34.209,5.076000000000004,0.0,15,15.0,34.9531,33.731,-1.2220999999999975,0.0,5,5.0
semi,run_0115,0.0272,1.3889,1.3617000000000001,4.0,43.0,39.0,29.192,34.157,4.964999999999996,0.0,15,15.0,33.8245,32.289,-1.535499999999999,0.0,5,5.0
semi,run_0116,0.1362,1.5795,1.4432999999999998,6.0,43.0,37.0,29.709,34.146,4.437000000000001,2.0,16,14.0,23.3244,21.4815,-1.8429000000000002,0.0,5,5.0
semi,run_0117,0.0,1.3889,1.3889,4.0,41.0,37.0,29.092,33.654,4.562000000000005,3.0,19,16.0,28.1211,27.6104,-0.5106999999999999,0.0,3,3.0
semi,run_0118,0.1089,1.5795,1.4706,6.0,45.0,39.0,29.695,34.486,4.790999999999997,0.0,13,13.0,56.2427,48.3275,-7.915199999999999,0.0,7,7.0
semi,run_0119,0.354,1.7157,1.3617,13.0,50.0,37.0,30.511,34.794,4.282999999999998,3.0,17,14.0,61.7574,51.2575,-10.499899999999997,0.0,11,11.0
semi,run_0120,0.2723,1.6885,1.4162,11.0,50.0,39.0,30.077,34.933,4.855999999999998,1.0,12,11.0,117.8449,98.9603,-18.884599999999992,0.0,10,10.0
semi,run_0121,0.2451,1.7157,1.4706,10.0,51.0,41.0,30.065,34.789,4.724,2.0,17,15.0,61.9944,60.4679,-1.5264999999999986,0.0,9,9.0
semi,run_0122,0.0,1.4434,1.4434,4.0,44.0,40.0,29.224,34.404,5.180000000000003,0.0,13,13.0,61.4592,61.6291,0.16989999999999839,0.0,5,5.0
semi,run_0123,0.4902,1.7157,1.2255,12.0,50.0,38.0,30.552,35.063,4.511000000000003,1.0,12,11.0,156.9588,129.4478,-27.510999999999996,0.0,16,16.0
semi,run_0124,0.2179,1.5795,1.3616,10.0,48.0,38.0,29.894,34.729,4.835000000000001,0.0,10,10.0,81.5696,73.0565,-8.513099999999994,0.0,8,8.0
semi,run_0125,0.0,1.3344,1.3344,2.0,40.0,38.0,28.93,34.082,5.152000000000001,0.0,11,11.0,33.4618,29.0529,-4.408899999999996,0.0,5,5.0
semi,run_0126,0.2451,2.1786,1.9334999999999998,10.0,51.0,41.0,29.986,34.795,4.809000000000001,3.0,25,22.0,39.7543,35.2717,-4.482599999999998,0.0,10,10.0
semi,run_0127,0.0,1.28,1.28,3.0,39.0,36.0,29.032,34.035,5.002999999999997,0.0,11,11.0,36.5671,35.1709,-1.3962000000000003,0.0,5,5.0
semi,run_0128,0.1089,1.5795,1.4706,6.0,42.0,36.0,29.695,33.974,4.278999999999996,2.0,18,16.0,18.1892,16.2765,-1.912700000000001,0.0,5,5.0
semi,run_0129,0.0817,1.4978,1.4161000000000001,5.0,45.0,40.0,29.556,34.554,4.998000000000001,0.0,10,10.0,70.7937,72.4028,1.609099999999998,0.0,6,6.0
semi,run_0130,0.1089,1.4434,1.3345,5.0,42.0,37.0,29.358,33.897,4.538999999999998,4.0,19,15.0,35.2881,37.1674,1.8793000000000006,0.0,4,4.0
semi,run_0131,0.2451,1.7702,1.5251,10.0,54.0,44.0,29.992,35.044,5.051999999999996,2.0,20,18.0,179.2018,158.5692,-20.632599999999996,0.0,11,11.0
semi,run_0132,0.9259,1.988,1.0621,21.0,61.0,40.0,31.287,35.49,4.203000000000003,9.0,27,18.0,75.6239,69.4631,-6.160800000000009,0.0,23,23.0
semi,run_0133,0.3268,1.7429,1.4161,11.0,52.0,41.0,30.405,35.133,4.7280000000000015,0.0,13,13.0,198.9222,166.0202,-32.902000000000015,0.0,14,14.0
semi,run_0134,0.2996,1.7157,1.4161000000000001,12.0,51.0,39.0,30.549,35.043,4.494,1.0,15,14.0,207.3306,181.2882,-26.042400000000015,0.0,16,16.0
semi,run_0135,0.354,1.8246,1.4706000000000001,11.0,51.0,40.0,30.266,35.002,4.736000000000004,1.0,23,22.0,133.56,120.5227,-13.037300000000002,0.0,11,11.0
semi,run_0136,0.0,1.3889,1.3889,4.0,42.0,38.0,29.101,34.327,5.225999999999999,0.0,12,12.0,54.6649,53.8317,-0.833200000000005,0.0,5,5.0
semi,run_0137,0.2451,1.6885,1.4433999999999998,11.0,51.0,40.0,29.97,34.773,4.803000000000004,2.0,18,16.0,54.6581,51.0124,-3.645699999999998,0.0,10,10.0
semi,run_0138,0.0,1.3617,1.3617,5.0,43.0,38.0,29.233,34.325,5.092000000000002,0.0,13,13.0,54.5064,52.7294,-1.777000000000001,0.0,5,5.0
semi,run_0139,0.2723,1.6612,1.3889,11.0,48.0,37.0,30.317,34.835,4.518000000000001,1.0,11,10.0,169.2587,149.5043,-19.754400000000004,0.0,13,13.0
semi,run_0140,0.0817,1.4978,1.4161000000000001,5.0,43.0,38.0,29.504,34.422,4.917999999999996,1.0,15,14.0,42.7475,40.3424,-2.4051000000000045,0.0,6,6.0
semi,run_0141,0.0,1.2527,1.2527,2.0,39.0,37.0,28.91,34.007,5.096999999999998,0.0,8,8.0,44.9694,48.3963,3.4268999999999963,0.0,5,5.0
semi,run_0142,0.0,1.3617,1.3617,4.0,36.0,32.0,29.284,33.149,3.865000000000002,11.0,24,13.0,8.2461,8.5118,0.26569999999999894,0.0,2,2.0
semi,run_0143,0.1089,1.5523,1.4434,6.0,48.0,42.0,29.579,34.638,5.0589999999999975,1.0,12,11.0,58.4385,59.0285,0.5900000000000034,0.0,7,7.0
semi,run_0144,0.2179,1.6885,1.4706,10.0,49.0,39.0,30.099,34.847,4.748000000000001,1.0,14,13.0,116.5382,95.706,-20.8322,0.0,9,9.0
semi,run_0145,0.1089,1.8519,1.743,8.0,49.0,41.0,29.667,34.822,5.155000000000001,0.0,16,16.0,179.519,162.1564,-17.362600000000015,0.0,9,9.0
semi,run_0146,0.0,1.4434,1.4434,4.0,42.0,38.0,29.17,33.783,4.6129999999999995,4.0,19,15.0,34.5477,35.4983,0.9506000000000014,0.0,4,4.0
semi,run_0147,0.1089,1.5251,1.4162,7.0,45.0,38.0,29.73,34.511,4.781000000000002,0.0,10,10.0,77.1374,70.504,-6.633399999999995,0.0,7,7.0
semi,run_0148,0.0545,1.7974,1.7429000000000001,5.0,48.0,43.0,29.403,34.427,5.024000000000001,0.0,21,21.0,42.9963,39.4794,-3.5168999999999997,0.0,5,5.0
semi,run_0149,0.9259,2.0425,1.1166,15.0,55.0,40.0,30.675,34.617,3.9419999999999966,19.0,39,20.0,16.8155,16.0333,-0.7821999999999996,0.0,10,10.0
semi,run_0150,0.0,1.3344,1.3344,5.0,40.0,35.0,29.094,34.044,4.949999999999996,0.0,12,12.0,31.0991,28.2046,-2.8945000000000007,0.0,5,5.0
semi,run_0151,0.5719,1.7157,1.1438000000000001,14.0,50.0,36.0,30.598,34.919,4.320999999999998,1.0,15,14.0,60.9565,55.8587,-5.097799999999999,0.0,15,15.0
semi,run_0152,0.0817,1.5523,1.4706000000000001,5.0,49.0,44.0,29.586,34.587,5.001000000000005,0.0,11,11.0,61.9365,56.0956,-5.840900000000005,0.0,7,7.0
semi,run_0153,0.2451,1.6612,1.4161,10.0,50.0,40.0,29.914,34.551,4.6370000000000005,2.0,17,15.0,36.5866,31.2023,-5.384299999999996,0.0,7,7.0
semi,run_0154,0.0817,1.4434,1.3617,5.0,40.0,35.0,29.423,34.276,4.853000000000005,0.0,11,11.0,53.6121,44.5539,-9.0582,0.0,5,5.0
semi,run_0155,0.0,1.3344,1.3344,4.0,40.0,36.0,29.032,34.284,5.251999999999999,0.0,8,8.0,55.6289,59.0858,3.4568999999999974,0.0,5,5.0
semi,run_0156,1.0076,2.2876,1.2799999999999998,21.0,59.0,38.0,31.14,35.648,4.508000000000003,1.0,15,14.0,301.5293,247.2851,-54.24419999999998,0.0,29,29.0
semi,run_0157,0.3268,1.8791,1.5523,11.0,51.0,40.0,30.124,35.057,4.933000000000003,1.0,17,16.0,178.4277,143.1676,-35.260099999999994,0.0,11,11.0
semi,run_0158,0.1089,1.5795,1.4706,8.0,48.0,40.0,29.699,34.645,4.9460000000000015,0.0,15,15.0,80.8467,67.6071,-13.239599999999996,0.0,7,7.0
semi,run_0159,0.0545,1.3617,1.3072,5.0,41.0,36.0,29.181,34.131,4.949999999999999,1.0,13,12.0,32.7295,30.9894,-1.7401000000000018,0.0,5,5.0
semi,run_0160,0.0,1.4434,1.4434,5.0,41.0,36.0,29.292,33.728,4.436,4.0,20,16.0,17.556,16.6096,-0.9464000000000006,0.0,3,3.0
semi,run_0161,0.0817,1.5523,1.4706000000000001,5.0,49.0,44.0,29.381,34.509,5.128,0.0,11,11.0,68.0226,70.047,2.0244,0.0,6,6.0
semi,run_0162,0.3268,1.6612,1.3344,11.0,49.0,38.0,30.082,34.886,4.804000000000002,0.0,11,11.0,80.8117,72.3485,-8.4632,0.0,10,10.0
semi,run_0163,0.0817,1.4978,1.4161000000000001,5.0,44.0,39.0,29.647,34.4,4.753,2.0,17,15.0,63.3783,62.0412,-1.3370999999999995,0.0,6,6.0
semi,run_0164,0.1362,1.634,1.4977999999999998,10.0,48.0,38.0,29.938,34.736,4.797999999999998,1.0,11,10.0,74.1476,61.4053,-12.7423,0.0,8,8.0
semi,run_0165,0.0,1.4434,1.4434,4.0,41.0,37.0,29.102,34.391,5.288999999999998,0.0,11,11.0,50.515,52.7759,2.2608999999999995,0.0,5,5.0
semi,run_0166,0.1906,1.634,1.4434,10.0,47.0,37.0,30.037,34.804,4.767000000000003,0.0,11,11.0,156.7633,129.8278,-26.93549999999999,0.0,11,11.0
semi,run_0167,0.0,1.3617,1.3617,3.0,41.0,38.0,28.909,34.22,5.311,0.0,11,11.0,41.7649,38.3451,-3.419799999999995,0.0,5,5.0
semi,run_0168,0.0,1.3072,1.3072,0.0,38.0,38.0,28.843,33.443,4.599999999999998,4.0,20,16.0,17.3174,17.0138,-0.3035999999999994,0.0,3,3.0
semi,run_0169,0.0,1.1438,1.1438,0.0,33.0,33.0,28.867,32.877,4.010000000000002,6.0,24,18.0,31.2742,33.308,2.0337999999999994,0.0,0,0.0
semi,run_0170,0.2179,1.8246,1.6067,11.0,51.0,40.0,29.81,34.77,4.960000000000004,2.0,20,18.0,46.5034,40.0478,-6.455599999999997,0.0,8,8.0
semi,run_0171,0.1089,1.5251,1.4162,8.0,48.0,40.0,29.701,34.553,4.851999999999997,0.0,11,11.0,50.3761,47.1677,-3.2083999999999975,0.0,7,7.0
semi,run_0172,0.0,1.4161,1.4161,3.0,42.0,39.0,29.094,33.937,4.842999999999996,2.0,17,15.0,17.4486,15.3848,-2.0637999999999987,0.0,5,5.0
semi,run_0173,0.1089,1.5523,1.4434,6.0,44.0,38.0,29.564,34.428,4.863999999999997,0.0,11,11.0,77.9081,63.0035,-14.904600000000002,0.0,6,6.0
semi,run_0174,0.0,1.3344,1.3344,4.0,39.0,35.0,29.096,33.99,4.894000000000002,0.0,11,11.0,29.0419,25.6325,-3.409399999999998,0.0,4,4.0
semi,run_0175,0.0817,1.5251,1.4434,5.0,42.0,37.0,29.569,34.346,4.7769999999999975,0.0,12,12.0,54.013,43.681,-10.332,0.0,5,5.0
semi,run_0176,0.2451,1.634,1.3888999999999998,8.0,43.0,35.0,29.819,34.039,4.220000000000002,4.0,20,16.0,17.8738,16.2197,-1.6540999999999997,0.0,5,5.0
semi,run_0177,0.0545,1.3889,1.3344,5.0,40.0,35.0,29.251,34.011,4.760000000000002,1.0,16,15.0,26.9135,21.8163,-5.097200000000001,0.0,5,5.0
semi,run_0178,0.0,1.3889,1.3889,4.0,41.0,37.0,29.031,34.379,5.347999999999999,0.0,11,11.0,53.0675,46.8456,-6.221900000000005,0.0,5,5.0
semi,run_0179,0.0,1.3889,1.3889,4.0,41.0,37.0,29.117,34.231,5.114000000000001,0.0,11,11.0,53.2538,41.4902,-11.763599999999997,0.0,5,5.0
semi,run_0180,0.1362,1.5523,1.4161000000000001,6.0,46.0,40.0,29.746,34.493,4.747000000000003,1.0,14,13.0,55.2805,52.7266,-2.553900000000006,0.0,6,6.0
semi,run_0181,0.1089,1.634,1.5251,6.0,50.0,44.0,29.68,34.537,4.856999999999999,2.0,20,18.0,27.4853,24.3686,-3.116699999999998,0.0,6,6.0
semi,run_0182,0.7353,1.8791,1.1438000000000001,18.0,58.0,40.0,30.761,35.334,4.573000000000004,2.0,16,14.0,122.2261,100.0852,-22.140900000000002,0.0,21,21.0
semi,run_0183,0.0272,1.4978,1.4706000000000001,4.0,46.0,42.0,29.212,34.488,5.276,0.0,10,10.0,96.288,79.5522,-16.735799999999998,0.0,5,5.0
semi,run_0184,0.0817,1.4434,1.3617,5.0,40.0,35.0,29.402,34.231,4.829000000000001,0.0,12,12.0,36.8173,34.4345,-2.382800000000003,0.0,5,5.0
semi,run_0185,0.0817,1.5251,1.4434,6.0,46.0,40.0,29.436,34.461,5.024999999999999,0.0,12,12.0,44.4017,37.2304,-7.171299999999995,0.0,5,5.0
semi,run_0186,0.1362,1.6885,1.5522999999999998,8.0,51.0,43.0,29.726,34.767,5.041000000000004,2.0,19,17.0,56.7984,48.8944,-7.9040000000000035,0.0,8,8.0
semi,run_0187,0.0545,1.4161,1.3616,5.0,41.0,36.0,29.232,34.201,4.969000000000001,0.0,13,13.0,44.2078,35.8753,-8.332499999999996,0.0,5,5.0
semi,run_0188,0.9804,2.0969,1.1165000000000003,16.0,59.0,43.0,30.812,35.207,4.395,5.0,24,19.0,54.1448,48.9921,-5.152699999999996,0.0,21,21.0
semi,run_0189,0.1634,1.5523,1.3889,9.0,45.0,36.0,29.757,34.356,4.599,1.0,14,13.0,38.7209,38.6645,-0.05640000000000356,0.0,7,7.0
semi,run_0190,0.1362,1.5795,1.4432999999999998,8.0,44.0,36.0,29.784,34.432,4.648000000000003,0.0,11,11.0,39.5619,37.2719,-2.289999999999999,0.0,6,6.0
semi,run_0191,0.0817,1.5523,1.4706000000000001,5.0,48.0,43.0,29.534,34.666,5.131999999999998,0.0,8,8.0,95.6596,95.5223,-0.1372999999999962,0.0,7,7.0
semi,run_0192,0.0817,1.6068,1.5251000000000001,7.0,49.0,42.0,29.527,34.743,5.216000000000001,0.0,11,11.0,71.8759,61.4329,-10.443000000000005,0.0,8,8.0
semi,run_0193,0.0,1.3617,1.3617,5.0,42.0,37.0,29.254,33.935,4.681000000000001,2.0,16,14.0,27.8433,26.7878,-1.0554999999999986,0.0,5,5.0
semi,run_0194,0.2451,1.634,1.3888999999999998,10.0,46.0,36.0,30.082,34.438,4.356000000000002,2.0,15,13.0,31.7296,28.7278,-3.001800000000003,0.0,7,7.0
semi,run_0195,0.0,1.3889,1.3889,5.0,42.0,37.0,29.136,34.281,5.145,0.0,12,12.0,44.4063,43.0183,-1.3879999999999981,0.0,5,5.0
semi,run_0196,0.0,1.3072,1.3072,0.0,37.0,37.0,28.822,33.275,4.452999999999999,4.0,19,15.0,13.9406,13.884,-0.05659999999999954,0.0,2,2.0
semi,run_0197,0.1089,1.5523,1.4434,7.0,41.0,34.0,29.76,34.439,4.6789999999999985,0.0,10,10.0,54.093,52.6322,-1.460800000000006,0.0,7,7.0
semi,run_0198,0.0817,1.5523,1.4706000000000001,5.0,47.0,42.0,29.401,34.494,5.093,0.0,11,11.0,48.518,43.2603,-5.2577,0.0,6,6.0
semi,run_0199,0.2451,1.6612,1.4161,9.0,50.0,41.0,30.035,34.8,4.764999999999997,1.0,12,11.0,83.7049,74.4883,-9.2166,0.0,9,9.0
semi,run_0200,0.1089,1.5795,1.4706,5.0,43.0,38.0,29.737,34.209,4.472000000000005,2.0,17,15.0,28.2446,25.4587,-2.785899999999998,0.0,5,5.0
semi,run_0201,0.0817,1.4978,1.4161000000000001,5.0,44.0,39.0,29.435,34.448,5.013000000000002,0.0,11,11.0,74.1924,58.3079,-15.88450000000001,0.0,5,5.0
semi,run_0202,0.0,1.3072,1.3072,2.0,40.0,38.0,28.839,34.099,5.259999999999998,0.0,10,10.0,31.4717,31.3476,-0.12409999999999854,0.0,5,5.0
semi,run_0203,0.0817,1.4161,1.3344,5.0,42.0,37.0,29.292,34.319,5.027000000000001,0.0,15,15.0,45.3144,39.4714,-5.842999999999996,0.0,5,5.0
semi,run_0204,0.2179,1.8246,1.6067,9.0,51.0,42.0,29.938,34.85,4.912000000000003,1.0,20,19.0,49.231,43.9787,-5.252299999999998,0.0,9,9.0
semi,run_0205,0.0817,1.4706,1.3889,5.0,43.0,38.0,29.379,34.428,5.048999999999996,0.0,10,10.0,68.538,60.4897,-8.048299999999998,0.0,5,5.0
semi,run_0206,0.3813,1.6885,1.3072,12.0,49.0,37.0,30.303,34.833,4.529999999999998,1.0,15,14.0,47.187,41.2869,-5.900099999999995,0.0,12,12.0
semi,run_0207,0.0,1.3889,1.3889,3.0,40.0,37.0,29.101,34.098,4.997,0.0,15,15.0,28.7796,23.7853,-4.994299999999999,0.0,5,5.0
semi,run_0208,0.0,1.3617,1.3617,4.0,40.0,36.0,29.053,34.172,5.118999999999996,0.0,11,11.0,53.248,49.0313,-4.216699999999996,0.0,5,5.0
semi,run_0209,0.1089,1.8246,1.7157,7.0,49.0,42.0,29.565,34.871,5.306000000000001,0.0,16,16.0,153.9753,130.2392,-23.736099999999993,0.0,9,9.0
semi,run_0210,0.1362,1.6068,1.4706000000000001,9.0,44.0,35.0,29.705,34.419,4.713999999999999,0.0,12,12.0,39.6849,32.5754,-7.109499999999997,0.0,7,7.0
semi,run_0211,0.0,1.2255,1.2255,0.0,38.0,38.0,28.674,33.65,4.975999999999999,0.0,13,13.0,18.8835,17.9286,-0.9549000000000021,0.0,3,3.0
semi,run_0212,0.5719,1.8519,1.2800000000000002,17.0,56.0,39.0,30.851,35.403,4.552,1.0,17,16.0,232.3321,197.6178,-34.71430000000001,0.0,21,21.0
semi,run_0213,0.1089,1.4978,1.3889,6.0,44.0,38.0,29.619,34.549,4.93,0.0,7,7.0,73.5623,74.7041,1.1418000000000035,0.0,7,7.0
semi,run_0214,0.0817,1.5795,1.4977999999999998,5.0,45.0,40.0,29.437,34.515,5.077999999999999,0.0,11,11.0,92.6917,78.3554,-14.336299999999994,0.0,7,7.0
semi,run_0215,0.2996,1.634,1.3344,11.0,48.0,37.0,30.144,34.857,4.713000000000001,0.0,10,10.0,92.7626,79.866,-12.896600000000007,0.0,10,10.0
semi,run_0216,0.1089,1.5251,1.4162,8.0,47.0,39.0,29.764,34.708,4.943999999999999,0.0,11,11.0,154.3406,134.6279,-19.712699999999984,0.0,8,8.0
semi,run_0217,0.0817,1.3889,1.3072,5.0,41.0,36.0,29.378,34.192,4.814,0.0,11,11.0,64.1043,66.9104,2.8061000000000007,0.0,5,5.0
semi,run_0218,0.3268,1.6885,1.3617,11.0,50.0,39.0,30.357,35.04,4.683,1.0,12,11.0,92.7461,81.0933,-11.6528,0.0,13,13.0
semi,run_0219,0.0817,1.4434,1.3617,5.0,41.0,36.0,29.386,34.404,5.018000000000004,0.0,11,11.0,52.2906,51.1743,-1.1162999999999954,0.0,5,5.0
semi,run_0220,0.1362,1.634,1.4977999999999998,9.0,47.0,38.0,29.921,34.795,4.874000000000002,0.0,9,9.0,99.5239,88.0928,-11.4311,0.0,9,9.0
semi,run_0221,0.1089,1.5523,1.4434,7.0,46.0,39.0,29.589,34.534,4.945,0.0,11,11.0,65.4955,56.7944,-8.701100000000004,0.0,7,7.0
semi,run_0222,0.1089,1.5251,1.4162,8.0,46.0,38.0,29.675,34.571,4.895999999999997,0.0,11,11.0,68.7152,60.3938,-8.321399999999997,0.0,8,8.0
semi,run_0223,0.0545,1.5795,1.525,4.0,46.0,42.0,29.304,34.54,5.236000000000001,0.0,14,14.0,96.4695,82.4327,-14.0368,0.0,5,5.0
semi,run_0224,0.0817,1.4978,1.4161000000000001,5.0,44.0,39.0,29.416,34.473,5.056999999999999,0.0,11,11.0,83.9788,72.9188,-11.060000000000002,0.0,5,5.0
semi,run_0225,0.354,1.7974,1.4434,12.0,55.0,43.0,30.104,35.212,5.108000000000004,1.0,17,16.0,134.3489,114.7953,-19.55359999999999,0.0,11,11.0
semi,run_0226,0.1906,1.634,1.4434,9.0,50.0,41.0,29.796,34.773,4.977000000000004,0.0,11,11.0,76.2503,74.3677,-1.8825999999999965,0.0,9,9.0
semi,run_0227,0.0,1.2255,1.2255,0.0,38.0,38.0,28.739,33.647,4.907999999999998,0.0,13,13.0,21.8426,21.7103,-0.13230000000000075,0.0,3,3.0
semi,run_0228,0.1089,1.4706,1.3617,5.0,48.0,43.0,29.589,34.481,4.892000000000003,1.0,17,16.0,64.5187,64.5672,0.048500000000004206,0.0,6,6.0
semi,run_0229,0.0545,1.4706,1.4161,5.0,45.0,40.0,29.276,34.317,5.041,0.0,14,14.0,49.0715,48.7734,-0.29809999999999803,0.0,5,5.0
semi,run_0230,0.1362,1.634,1.4977999999999998,9.0,47.0,38.0,29.898,34.695,4.797000000000001,0.0,10,10.0,98.4159,78.3034,-20.112499999999997,0.0,8,8.0
semi,run_0231,0.0,1.4161,1.4161,3.0,41.0,38.0,29.251,33.889,4.638000000000002,2.0,20,18.0,12.0597,10.8846,-1.1750999999999987,0.0,5,5.0
semi,run_0232,0.1906,1.634,1.4434,9.0,49.0,40.0,29.918,34.829,4.911000000000001,0.0,10,10.0,106.5529,95.5026,-11.050299999999993,0.0,9,9.0
semi,run_0233,0.0545,1.3344,1.2799,4.0,40.0,36.0,29.213,34.175,4.961999999999996,0.0,10,10.0,38.9765,35.4781,-3.4984000000000037,0.0,5,5.0
semi,run_0234,0.0,1.3072,1.3072,4.0,39.0,35.0,29.028,33.909,4.881,0.0,10,10.0,25.3299,21.2517,-4.078199999999999,0.0,4,4.0
semi,run_0235,0.0,1.3617,1.3617,3.0,40.0,37.0,29.068,34.133,5.065000000000001,0.0,12,12.0,34.1375,30.5473,-3.590200000000003,0.0,5,5.0
semi,run_0236,0.2451,1.6885,1.4433999999999998,10.0,49.0,39.0,30.315,34.86,4.544999999999998,1.0,11,10.0,108.175,92.7219,-15.453099999999992,0.0,11,11.0
semi,run_0237,0.4085,1.7429,1.3344,14.0,51.0,37.0,30.374,35.119,4.745000000000001,0.0,11,11.0,103.0029,95.002,-8.000900000000001,0.0,16,16.0
semi,run_0238,0.1634,1.6612,1.4978,10.0,49.0,39.0,30.039,34.833,4.793999999999997,1.0,11,10.0,106.352,86.5289,-19.82310000000001,0.0,9,9.0
semi,run_0239,1.4434,3.5675,2.1241,20.0,57.0,37.0,31.275,35.26,3.9849999999999994,20.0,69,49.0,49.2939,47.942,-1.3519000000000005,0.0,26,26.0
semi,run_0240,0.0817,1.4978,1.4161000000000001,5.0,45.0,40.0,29.486,34.512,5.026,0.0,10,10.0,70.6708,56.3451,-14.325699999999998,0.0,6,6.0
semi,run_0241,0.9259,3.159,2.2331,20.0,58.0,38.0,31.169,35.627,4.458000000000002,6.0,36,30.0,586.4486,521.8296,-64.61900000000003,0.0,29,29.0
semi,run_0242,0.0,1.28,1.28,2.0,40.0,38.0,28.763,34.077,5.3139999999999965,0.0,9,9.0,38.6618,40.691,2.029200000000003,0.0,5,5.0
semi,run_0243,0.0,1.1983,1.1983,1.0,38.0,37.0,28.765,33.807,5.042000000000002,0.0,9,9.0,24.3676,24.2485,-0.11909999999999954,0.0,3,3.0
semi,run_0244,0.2451,1.6885,1.4433999999999998,10.0,49.0,39.0,30.347,34.858,4.510999999999996,1.0,13,12.0,138.0128,114.8441,-23.1687,0.0,10,10.0
semi,run_0245,0.4085,1.8791,1.4706000000000001,12.0,50.0,38.0,30.522,35.123,4.600999999999999,1.0,15,14.0,229.9973,204.9977,-24.999599999999987,0.0,15,15.0
semi,run_0246,0.1089,1.5795,1.4706,7.0,46.0,39.0,29.585,34.529,4.944000000000003,0.0,10,10.0,54.5296,54.2875,-0.24210000000000065,0.0,6,6.0
semi,run_0247,0.1089,1.5795,1.4706,9.0,47.0,38.0,29.719,34.613,4.893999999999998,0.0,11,11.0,104.2947,81.9993,-22.2954,0.0,7,7.0
semi,run_0248,0.0817,1.6068,1.5251000000000001,5.0,48.0,43.0,29.45,34.571,5.120999999999999,0.0,12,12.0,69.9846,61.8602,-8.124400000000001,0.0,7,7.0
semi,run_0249,0.6808,2.3693,1.6885,18.0,55.0,37.0,30.948,35.368,4.420000000000002,7.0,30,23.0,171.1011,157.1656,-13.93549999999999,0.0,23,23.0
semi,run_0250,0.0,1.3344,1.3344,4.0,40.0,36.0,29.145,34.191,5.046000000000003,0.0,13,13.0,43.8812,42.5637,-1.3175000000000026,0.0,5,5.0
semi,run_0251,0.1362,1.5523,1.4161000000000001,7.0,51.0,44.0,29.714,34.672,4.957999999999998,1.0,15,14.0,63.9687,60.6435,-3.3251999999999953,0.0,7,7.0
semi,run_0252,0.2179,1.6068,1.3889,11.0,48.0,37.0,30.102,34.809,4.706999999999997,0.0,11,11.0,152.8165,132.0619,-20.754599999999982,0.0,9,9.0
semi,run_0253,0.2451,1.6612,1.4161,10.0,51.0,41.0,29.976,34.883,4.907000000000004,1.0,18,17.0,69.1777,63.9089,-5.268799999999999,0.0,11,11.0
semi,run_0254,0.0545,1.4434,1.3889,4.0,40.0,36.0,29.21,34.307,5.097000000000001,0.0,7,7.0,45.9952,45.5479,-0.4472999999999985,0.0,5,5.0
semi,run_0255,0.0,1.3617,1.3617,3.0,40.0,37.0,29.01,34.24,5.23,0.0,12,12.0,42.1968,36.909,-5.287800000000004,0.0,5,5.0
semi,run_0256,0.1089,1.4978,1.3889,5.0,45.0,40.0,29.527,34.58,5.052999999999997,0.0,10,10.0,146.2523,125.6515,-20.600799999999992,0.0,6,6.0
semi,run_0257,0.0545,1.4161,1.3616,5.0,41.0,36.0,29.269,34.284,5.015000000000001,0.0,12,12.0,43.6164,39.2778,-4.3386,0.0,5,5.0
semi,run_0258,0.9259,1.9336,1.0077,18.0,50.0,32.0,30.915,34.7,3.7850000000000037,4.0,20,16.0,33.6212,31.7872,-1.8340000000000032,0.0,16,16.0
semi,run_0259,0.0817,1.5523,1.4706000000000001,6.0,48.0,42.0,29.571,34.554,4.9830000000000005,1.0,15,14.0,59.8135,54.6373,-5.176199999999994,0.0,6,6.0
semi,run_0260,0.354,1.6612,1.3072,12.0,48.0,36.0,30.484,34.985,4.500999999999998,0.0,11,11.0,128.4738,113.5017,-14.972100000000012,0.0,15,15.0
semi,run_0261,0.0817,1.4978,1.4161000000000001,5.0,44.0,39.0,29.467,34.392,4.925000000000004,0.0,11,11.0,58.9059,56.1963,-2.709600000000002,0.0,5,5.0
semi,run_0262,0.1089,1.5251,1.4162,8.0,47.0,39.0,29.734,34.629,4.894999999999996,0.0,10,10.0,95.4445,81.5331,-13.9114,0.0,8,8.0
semi,run_0263,0.0545,1.3889,1.3344,5.0,40.0,35.0,29.28,33.944,4.6640000000000015,0.0,15,15.0,20.8045,19.1628,-1.6417000000000002,0.0,5,5.0
semi,run_0264,0.8442,1.9063,1.0621,18.0,51.0,33.0,30.872,34.838,3.966000000000001,2.0,16,14.0,51.9575,50.9588,-0.9987000000000066,0.0,16,16.0
semi,run_0265,0.2451,1.8246,1.5795,10.0,51.0,41.0,30.008,34.696,4.687999999999999,2.0,23,21.0,82.6014,73.5239,-9.0775,0.0,8,8.0
semi,run_0266,0.3268,1.7974,1.4706000000000001,11.0,51.0,40.0,30.262,35.17,4.908000000000001,0.0,15,15.0,235.5051,192.2399,-43.26519999999999,0.0,13,13.0
semi,run_0267,0.7898,2.451,1.6612,16.0,59.0,43.0,30.733,35.337,4.604000000000003,5.0,32,27.0,77.1701,65.6995,-11.470600000000005,0.0,21,21.0
semi,run_0268,0.0,1.3889,1.3889,3.0,43.0,40.0,28.974,34.21,5.236000000000001,0.0,13,13.0,51.2314,53.729,2.4975999999999985,0.0,5,5.0
semi,run_0269,0.0,1.28,1.28,3.0,39.0,36.0,28.924,33.968,5.044000000000004,0.0,11,11.0,34.2624,25.7236,-8.538799999999998,0.0,5,5.0
semi,run_0270,0.0,1.3617,1.3617,3.0,40.0,37.0,28.996,34.035,5.038999999999998,0.0,12,12.0,29.7016,27.6594,-2.0421999999999976,0.0,5,5.0
semi,run_0271,0.1089,1.5251,1.4162,8.0,46.0,38.0,29.681,34.636,4.955000000000002,0.0,11,11.0,80.2962,79.0561,-1.2400999999999982,0.0,7,7.0
semi,run_0272,0.1089,1.6068,1.4979,7.0,50.0,43.0,29.585,34.811,5.225999999999999,0.0,12,12.0,97.3204,82.8229,-14.497500000000002,0.0,9,9.0
semi,run_0273,0.0,1.3344,1.3344,3.0,40.0,37.0,28.891,34.174,5.283000000000001,0.0,12,12.0,39.8515,39.4027,-0.44879999999999853,0.0,5,5.0
semi,run_0274,0.2451,1.6612,1.4161,11.0,49.0,38.0,30.173,34.975,4.802000000000003,0.0,13,13.0,147.058,129.2436,-17.814400000000006,0.0,10,10.0
semi,run_0275,0.5447,1.7702,1.2255,12.0,51.0,39.0,30.531,35.035,4.503999999999998,1.0,16,15.0,104.892,93.4803,-11.411699999999996,0.0,14,14.0
semi,run_0276,0.2996,1.7157,1.4161000000000001,12.0,50.0,38.0,30.21,34.878,4.667999999999999,2.0,17,15.0,125.6877,98.2156,-27.47210000000001,0.0,11,11.0
semi,run_0277,0.2451,1.6885,1.4433999999999998,12.0,43.0,31.0,29.989,34.207,4.218,8.0,27,19.0,18.8342,18.0078,-0.8263999999999996,0.0,6,6.0
semi,run_0278,0.0,1.28,1.28,2.0,37.0,35.0,28.93,33.399,4.469000000000001,2.0,17,15.0,25.2437,25.3352,0.09149999999999991,0.0,3,3.0
semi,run_0279,0.1362,1.5795,1.4432999999999998,8.0,49.0,41.0,29.729,34.711,4.981999999999999,0.0,11,11.0,67.214,67.7425,0.5285000000000082,0.0,7,7.0
semi,run_0280,0.2179,1.6885,1.4706,9.0,50.0,41.0,29.838,34.926,5.088000000000001,0.0,13,13.0,87.0622,73.9638,-13.098399999999998,0.0,9,9.0
semi,run_0281,0.1089,1.634,1.5251,7.0,48.0,41.0,29.582,34.407,4.824999999999996,2.0,17,15.0,35.5936,33.9592,-1.6343999999999994,0.0,6,6.0
semi,run_0282,0.1089,1.7429,1.634,8.0,49.0,41.0,29.686,34.831,5.145000000000003,0.0,15,15.0,115.0703,94.4853,-20.585000000000008,0.0,8,8.0
semi,run_0283,1.2527,2.0969,0.8442000000000003,18.0,54.0,36.0,31.178,35.024,3.846,5.0,23,18.0,51.8898,48.3333,-3.5564999999999998,0.0,24,24.0
semi,run_0284,0.0817,1.4161,1.3344,5.0,45.0,40.0,29.43,34.484,5.054000000000002,0.0,10,10.0,61.1754,63.5461,2.3706999999999994,0.0,6,6.0
semi,run_0285,0.2451,1.6612,1.4161,10.0,49.0,39.0,30.2,34.915,4.715,1.0,13,12.0,144.6622,131.4333,-13.22890000000001,0.0,9,9.0
semi,run_0286,0.1089,1.5523,1.4434,5.0,43.0,38.0,29.564,34.207,4.643000000000001,2.0,16,14.0,34.455,33.5479,-0.9070999999999998,0.0,5,5.0
semi,run_0287,0.1089,1.4706,1.3617,5.0,45.0,40.0,29.58,34.226,4.646000000000001,2.0,18,16.0,37.3757,36.0721,-1.303600000000003,0.0,6,6.0
semi,run_0288,0.0,1.3072,1.3072,2.0,41.0,39.0,28.823,33.727,4.903999999999996,2.0,16,14.0,32.1717,34.4599,2.2881999999999962,0.0,3,3.0
semi,run_0289,0.0817,1.3889,1.3072,5.0,43.0,38.0,29.36,34.205,4.844999999999999,2.0,17,15.0,48.5576,48.9329,0.37529999999999575,0.0,5,5.0
semi,run_0290,0.0,1.3344,1.3344,4.0,40.0,36.0,29.245,33.944,4.699000000000002,2.0,18,16.0,46.2465,46.6233,0.3768000000000029,0.0,5,5.0
semi,run_0291,0.1906,1.634,1.4434,9.0,48.0,39.0,29.878,34.591,4.713000000000001,1.0,16,15.0,58.7501,52.1656,-6.584500000000006,0.0,7,7.0
semi,run_0292,0.1906,1.634,1.4434,9.0,50.0,41.0,29.892,34.757,4.864999999999998,1.0,15,14.0,77.3341,67.0266,-10.307500000000005,0.0,8,8.0
semi,run_0293,0.0545,1.3889,1.3344,5.0,41.0,36.0,29.282,33.973,4.690999999999999,2.0,17,15.0,20.5937,18.3534,-2.2402999999999977,0.0,5,5.0
semi,run_0294,0.0,1.3344,1.3344,3.0,39.0,36.0,28.948,34.003,5.055,0.0,12,12.0,30.7976,25.9983,-4.799299999999999,0.0,5,5.0
semi,run_0295,0.2723,2.2876,2.0153,11.0,54.0,43.0,30.174,35.135,4.9609999999999985,2.0,18,16.0,312.2149,274.1637,-38.051199999999994,0.0,11,11.0
semi,run_0296,0.0817,1.4978,1.4161000000000001,5.0,43.0,38.0,29.532,34.443,4.910999999999998,0.0,11,11.0,55.9063,55.7816,-0.12470000000000425,0.0,6,6.0
semi,run_0297,0.2451,1.7974,1.5523,10.0,50.0,40.0,30.014,34.574,4.559999999999999,2.0,18,16.0,43.2754,40.8014,-2.4739999999999966,0.0,7,7.0
semi,run_0298,0.3268,1.6612,1.3344,11.0,48.0,37.0,30.168,34.843,4.675000000000004,0.0,11,11.0,72.3419,62.3036,-10.038299999999992,0.0,9,9.0
semi,run_0299,0.4085,1.7702,1.3617,12.0,54.0,42.0,30.186,35.067,4.881,2.0,19,17.0,73.7204,68.5992,-5.121200000000002,0.0,10,10.0
semi,run_0300,0.0545,1.4978,1.4433,5.0,42.0,37.0,29.335,34.364,5.028999999999996,0.0,11,11.0,55.0874,55.2463,0.1588999999999956,0.0,5,5.0
semi,run_0301,0.0,1.3617,1.3617,2.0,40.0,38.0,28.909,34.15,5.241,0.0,12,12.0,33.4356,29.1362,-4.299400000000002,0.0,5,5.0
semi,run_0302,0.0,1.3889,1.3889,3.0,42.0,39.0,29.173,34.294,5.120999999999999,0.0,13,13.0,42.5092,39.4416,-3.0675999999999988,0.0,5,5.0
semi,run_0303,0.0,1.28,1.28,2.0,40.0,38.0,28.806,34.061,5.254999999999999,0.0,11,11.0,38.0085,35.9686,-2.039899999999996,0.0,5,5.0
semi,run_0304,0.2723,1.6612,1.3889,11.0,49.0,38.0,30.094,34.89,4.795999999999999,0.0,11,11.0,89.9691,81.0401,-8.929000000000002,0.0,9,9.0
semi,run_0305,0.5991,1.7702,1.1711,15.0,52.0,37.0,30.811,35.219,4.408000000000001,1.0,14,13.0,101.374,91.9409,-9.433099999999996,0.0,22,22.0
semi,run_0306,0.0,1.3344,1.3344,4.0,40.0,36.0,29.075,34.021,4.9460000000000015,0.0,11,11.0,31.1339,26.8069,-4.327000000000002,0.0,5,5.0
semi,run_0307,0.0817,1.4161,1.3344,5.0,40.0,35.0,29.508,34.177,4.6690000000000005,0.0,12,12.0,50.2068,50.3885,0.1816999999999993,0.0,5,5.0
semi,run_0308,0.0,1.3617,1.3617,5.0,41.0,36.0,29.206,33.898,4.692000000000004,2.0,18,16.0,22.723,19.2083,-3.5146999999999977,0.0,4,4.0
semi,run_0309,0.2451,1.634,1.3888999999999998,12.0,50.0,38.0,30.071,34.836,4.764999999999997,1.0,15,14.0,91.3411,79.7193,-11.621799999999993,0.0,10,10.0
semi,run_0310,0.0,1.3889,1.3889,3.0,42.0,39.0,29.036,34.106,5.07,0.0,13,13.0,37.1936,36.2819,-0.9117000000000033,0.0,5,5.0
semi,run_0311,0.0545,1.3889,1.3344,5.0,40.0,35.0,29.319,34.33,5.010999999999999,0.0,10,10.0,55.6799,47.753,-7.926900000000003,0.0,5,5.0
semi,run_0312,0.0545,1.4706,1.4161,4.0,44.0,40.0,29.219,34.433,5.213999999999999,0.0,10,10.0,53.8812,52.7817,-1.099499999999999,0.0,5,5.0
semi,run_0313,0.1362,1.4978,1.3616000000000001,7.0,43.0,36.0,29.822,34.346,4.523999999999997,2.0,16,14.0,75.5187,79.2762,3.7575000000000074,0.0,6,6.0
semi,run_0314,0.0817,1.5795,1.4977999999999998,6.0,47.0,41.0,29.446,34.673,5.227,0.0,11,11.0,160.4823,130.6636,-29.818700000000007,0.0,6,6.0
semi,run_0315,0.0,1.28,1.28,3.0,39.0,36.0,28.878,33.78,4.902000000000001,0.0,12,12.0,23.9046,24.6041,0.6995000000000005,0.0,3,3.0
semi,run_0316,0.1089,1.5523,1.4434,8.0,47.0,39.0,29.685,34.634,4.949000000000002,0.0,13,13.0,133.5277,122.2015,-11.326200000000014,0.0,8,8.0
semi,run_0317,0.0545,1.3889,1.3344,4.0,40.0,36.0,29.246,34.266,5.02,0.0,10,10.0,62.5076,53.7738,-8.733799999999995,0.0,5,5.0
semi,run_0318,0.0,1.2527,1.2527,2.0,39.0,37.0,28.801,33.953,5.152000000000005,0.0,11,11.0,34.3908,28.0346,-6.356199999999998,0.0,4,4.0
semi,run_0319,0.2451,1.6612,1.4161,11.0,50.0,39.0,30.095,34.574,4.478999999999999,2.0,16,14.0,32.4433,29.4645,-2.9787999999999997,0.0,8,8.0
semi,run_0320,0.2451,1.7429,1.4977999999999998,11.0,50.0,39.0,30.062,34.533,4.471,7.0,26,19.0,38.2041,36.1202,-2.0839,0.0,7,7.0
semi,run_0321,0.4085,2.2059,1.7974,11.0,56.0,45.0,30.24,35.158,4.918000000000003,4.0,30,26.0,110.3253,93.8051,-16.520200000000003,0.0,12,12.0
semi,run_0322,0.1089,1.6068,1.4979,6.0,49.0,43.0,29.635,34.568,4.932999999999996,1.0,13,12.0,46.9062,44.0201,-2.886099999999999,0.0,7,7.0
semi,run_0323,0.0817,1.4706,1.3889,5.0,47.0,42.0,29.451,34.509,5.058,0.0,11,11.0,60.823,54.7723,-6.050699999999999,0.0,6,6.0
semi,run_0324,0.1089,1.5251,1.4162,8.0,43.0,35.0,29.693,34.501,4.807999999999996,0.0,11,11.0,56.0254,51.6323,-4.393099999999997,0.0,7,7.0
semi,run_0325,0.0545,1.4161,1.3616,4.0,40.0,36.0,29.25,34.303,5.052999999999997,0.0,9,9.0,48.3303,49.521,1.1906999999999996,0.0,5,5.0
semi,run_0326,0.0817,1.4161,1.3344,5.0,43.0,38.0,29.456,34.242,4.785999999999998,1.0,15,14.0,63.5663,65.604,2.037700000000001,0.0,5,5.0
semi,run_0327,0.0,1.28,1.28,3.0,39.0,36.0,28.88,33.989,5.108999999999998,0.0,12,12.0,38.0544,40.2678,2.2134,0.0,4,4.0
semi,run_0328,0.0817,1.4161,1.3344,5.0,41.0,36.0,29.502,34.41,4.907999999999998,0.0,10,10.0,68.2258,55.4172,-12.808600000000006,0.0,6,6.0
semi,run_0329,0.2451,1.8519,1.6068,12.0,53.0,41.0,30.167,34.999,4.832000000000001,2.0,23,21.0,73.6499,64.8853,-8.764600000000002,0.0,11,11.0
semi,run_0330,0.1362,1.5251,1.3889,8.0,45.0,37.0,29.699,34.494,4.794999999999998,1.0,13,12.0,70.8255,64.4835,-6.341999999999999,0.0,7,7.0
semi,run_0331,0.0545,1.4161,1.3616,4.0,40.0,36.0,29.375,34.31,4.935000000000002,0.0,7,7.0,51.619,55.5481,3.9290999999999983,0.0,5,5.0
semi,run_0332,0.0,1.3344,1.3344,0.0,38.0,38.0,28.914,33.43,4.515999999999998,4.0,18,14.0,24.8209,25.2598,0.43889999999999674,0.0,3,3.0
semi,run_0333,0.0817,1.4434,1.3617,5.0,41.0,36.0,29.337,34.201,4.864000000000001,0.0,16,16.0,34.7054,30.1026,-4.6027999999999984,0.0,5,5.0
semi,run_0334,0.1634,1.5795,1.4161,9.0,48.0,39.0,29.852,34.548,4.6960000000000015,1.0,15,14.0,67.7458,72.108,4.362200000000001,0.0,7,7.0
semi,run_0335,0.0817,1.3889,1.3072,5.0,41.0,36.0,29.304,34.104,4.800000000000001,2.0,16,14.0,38.7415,36.7549,-1.9866000000000028,0.0,5,5.0
semi,run_0336,0.0545,1.4978,1.4433,5.0,42.0,37.0,29.437,34.032,4.594999999999995,2.0,17,15.0,19.2054,16.5391,-2.6662999999999997,0.0,5,5.0
semi,run_0337,0.1362,1.634,1.4977999999999998,10.0,46.0,36.0,29.989,34.699,4.709999999999997,0.0,10,10.0,78.4548,70.218,-8.236800000000002,0.0,9,9.0
semi,run_0338,0.0,1.28,1.28,4.0,40.0,36.0,29.048,34.191,5.143000000000004,0.0,9,9.0,47.1261,44.6481,-2.4780000000000015,0.0,5,5.0
semi,run_0339,0.2996,1.7157,1.4161000000000001,10.0,51.0,41.0,30.1,34.754,4.653999999999996,2.0,17,15.0,50.7332,41.6383,-9.094899999999996,0.0,9,9.0
semi,run_0340,0.0817,1.4978,1.4161000000000001,5.0,44.0,39.0,29.498,34.436,4.937999999999999,0.0,11,11.0,91.1298,79.3095,-11.820300000000003,0.0,5,5.0
semi,run_0341,0.7081,1.9336,1.2255,14.0,50.0,36.0,30.501,34.676,4.175000000000001,5.0,24,19.0,32.8654,28.9428,-3.9226000000000028,0.0,13,13.0
semi,run_0342,0.0,1.3617,1.3617,5.0,39.0,34.0,29.137,33.967,4.829999999999998,0.0,11,11.0,27.537,26.256,-1.2809999999999988,0.0,5,5.0
semi,run_0343,0.0,1.28,1.28,0.0,38.0,38.0,28.906,33.468,4.562000000000005,4.0,19,15.0,24.5745,25.7627,1.1881999999999984,0.0,3,3.0
semi,run_0344,0.2451,1.6612,1.4161,10.0,50.0,40.0,30.069,34.625,4.556000000000001,2.0,18,16.0,58.8692,48.7177,-10.151499999999999,0.0,8,8.0
semi,run_0345,0.0545,1.4434,1.3889,4.0,41.0,37.0,29.178,34.351,5.172999999999998,0.0,8,8.0,84.8164,69.7279,-15.088499999999996,0.0,5,5.0
semi,run_0346,0.0,1.3889,1.3889,5.0,40.0,35.0,29.284,33.791,4.506999999999998,2.0,15,13.0,30.4815,29.6935,-0.7880000000000003,0.0,3,3.0
semi,run_0347,0.0,1.3072,1.3072,4.0,40.0,36.0,29.142,34.14,4.998000000000001,0.0,9,9.0,42.1955,40.243,-1.9525000000000006,0.0,5,5.0
semi,run_0348,0.0,1.3617,1.3617,4.0,40.0,36.0,29.099,33.987,4.888000000000002,0.0,10,10.0,29.0506,26.3934,-2.6571999999999996,0.0,5,5.0
semi,run_0349,0.1089,1.5523,1.4434,6.0,45.0,39.0,29.525,34.549,5.024000000000001,0.0,10,10.0,62.1562,60.4158,-1.740400000000001,0.0,6,6.0
semi,run_0350,0.2451,1.634,1.3888999999999998,10.0,47.0,37.0,30.102,34.649,4.547000000000001,1.0,11,10.0,45.788,43.193,-2.594999999999999,0.0,9,9.0
semi,run_0351,0.0,1.3889,1.3889,3.0,41.0,38.0,29.069,34.314,5.245000000000001,0.0,12,12.0,58.6648,61.0534,2.388600000000004,0.0,5,5.0
semi,run_0352,0.0,1.3617,1.3617,3.0,40.0,37.0,29.061,34.236,5.174999999999997,0.0,11,11.0,47.5448,45.6797,-1.8651000000000053,0.0,5,5.0
semi,run_0353,0.0,1.3617,1.3617,5.0,41.0,36.0,29.242,33.981,4.739000000000001,1.0,16,15.0,32.3209,31.1213,-1.1996000000000002,0.0,5,5.0
semi,run_0354,0.3813,2.0697,1.6884000000000001,12.0,53.0,41.0,30.234,35.181,4.946999999999996,0.0,22,22.0,141.4519,116.2474,-25.204499999999996,0.0,14,14.0
semi,run_0355,0.0,1.28,1.28,3.0,40.0,37.0,28.94,34.108,5.167999999999996,0.0,11,11.0,49.4924,50.3253,0.8328999999999951,0.0,5,5.0
semi,run_0356,0.0,1.4978,1.4978,4.0,43.0,39.0,29.187,34.459,5.272000000000002,0.0,9,9.0,55.3188,52.6343,-2.6845,0.0,5,5.0
semi,run_0357,0.0,1.4706,1.4706,5.0,44.0,39.0,29.278,34.304,5.026000000000003,1.0,15,14.0,28.8083,25.1722,-3.636099999999999,0.0,5,5.0
semi,run_0358,0.1089,1.5251,1.4162,8.0,46.0,38.0,29.648,34.635,4.986999999999998,0.0,10,10.0,79.6066,83.0227,3.4161,0.0,8,8.0
semi,run_0359,0.0817,1.4978,1.4161000000000001,5.0,41.0,36.0,29.531,34.382,4.850999999999999,0.0,11,11.0,46.7941,42.6024,-4.191699999999997,0.0,6,6.0
semi,run_0360,0.0817,1.4978,1.4161000000000001,5.0,44.0,39.0,29.478,34.464,4.985999999999997,0.0,11,11.0,79.6066,71.0538,-8.552800000000005,0.0,5,5.0
semi,run_0361,0.1089,1.5795,1.4706,6.0,41.0,35.0,29.634,33.669,4.034999999999997,6.0,23,17.0,16.8268,16.3802,-0.4466000000000001,0.0,3,3.0
semi,run_0362,0.0,1.5251,1.5251,5.0,44.0,39.0,29.22,34.253,5.033000000000001,0.0,14,14.0,33.6175,30.7311,-2.8863999999999983,0.0,5,5.0
semi,run_0363,0.354,1.9336,1.5796000000000001,12.0,56.0,44.0,30.244,35.018,4.774000000000001,3.0,26,23.0,69.96,62.2812,-7.678799999999995,0.0,11,11.0
semi,run_0364,0.6264,2.2876,1.6612,13.0,55.0,42.0,30.515,35.241,4.725999999999999,1.0,21,20.0,232.0376,193.4117,-38.6259,0.0,20,20.0
semi,run_0365,0.2723,1.6885,1.4162,11.0,49.0,38.0,30.129,34.85,4.721,0.0,15,15.0,125.5209,111.8611,-13.659800000000004,0.0,9,9.0
semi,run_0366,1.28,2.9139,1.6339,22.0,60.0,38.0,31.205,35.744,4.5390000000000015,4.0,31,27.0,227.5441,192.5495,-34.99459999999999,0.0,30,30.0
semi,run_0367,0.9532,2.0969,1.1437000000000002,20.0,58.0,38.0,31.411,35.58,4.168999999999997,5.0,24,19.0,331.3897,309.38,-22.00970000000001,0.0,26,26.0
semi,run_0368,0.3268,2.6961,2.3693,11.0,52.0,41.0,30.003,35.113,5.109999999999999,6.0,34,28.0,411.0317,374.205,-36.82670000000002,0.0,10,10.0
semi,run_0369,0.1089,1.5795,1.4706,8.0,47.0,39.0,29.738,34.551,4.813000000000002,0.0,11,11.0,55.7762,48.4067,-7.369500000000002,0.0,8,8.0
semi,run_0370,0.0817,1.4161,1.3344,5.0,41.0,36.0,29.543,34.302,4.759,0.0,11,11.0,53.9098,49.798,-4.111799999999995,0.0,5,5.0
semi,run_0371,0.354,1.6885,1.3344999999999998,11.0,48.0,37.0,30.225,34.873,4.647999999999996,0.0,10,10.0,115.8602,98.306,-17.55420000000001,0.0,12,12.0
semi,run_0372,0.0817,1.4161,1.3344,5.0,41.0,36.0,29.49,34.33,4.84,0.0,11,11.0,59.5279,62.7086,3.1806999999999945,0.0,5,5.0
semi,run_0373,0.0545,1.4161,1.3616,4.0,40.0,36.0,29.355,34.32,4.965,0.0,9,9.0,58.7242,53.9144,-4.809800000000003,0.0,5,5.0
semi,run_0374,0.2451,1.634,1.3888999999999998,9.0,51.0,42.0,30.077,34.867,4.789999999999996,2.0,16,14.0,68.7151,61.496,-7.2191000000000045,0.0,10,10.0
semi,run_0375,0.1089,1.5795,1.4706,9.0,48.0,39.0,29.763,34.654,4.891000000000002,0.0,12,12.0,95.3933,75.7519,-19.64139999999999,0.0,8,8.0
semi,run_0376,1.1983,2.2059,1.0076000000000003,19.0,57.0,38.0,31.053,35.229,4.175999999999998,3.0,20,17.0,101.0898,85.4484,-15.64139999999999,0.0,25,25.0
semi,run_0377,0.0817,1.4434,1.3617,5.0,43.0,38.0,29.395,34.06,4.665000000000003,2.0,20,18.0,21.3519,19.6008,-1.751100000000001,0.0,5,5.0
semi,run_0378,0.0545,1.5251,1.4706,4.0,46.0,42.0,29.246,34.544,5.297999999999998,0.0,10,10.0,75.9617,70.4116,-5.550099999999986,0.0,5,5.0
semi,run_0379,0.0,1.3617,1.3617,4.0,41.0,37.0,29.254,33.806,4.551999999999996,2.0,18,16.0,22.2225,21.2234,-0.9990999999999985,0.0,3,3.0
semi,run_0380,0.1362,1.5251,1.3889,9.0,46.0,37.0,29.785,34.538,4.752999999999997,1.0,14,13.0,52.8059,49.3912,-3.4147000000000034,0.0,7,7.0
semi,run_0381,0.1089,1.634,1.5251,8.0,50.0,42.0,29.654,34.74,5.086000000000002,0.0,14,14.0,97.4003,85.7607,-11.639600000000002,0.0,7,7.0
semi,run_0382,0.2179,1.634,1.4161,8.0,50.0,42.0,29.855,34.497,4.6419999999999995,2.0,17,15.0,29.8254,27.0092,-2.8161999999999985,0.0,7,7.0
semi,run_0383,0.0817,1.4434,1.3617,5.0,41.0,36.0,29.531,34.324,4.792999999999999,0.0,11,11.0,58.5171,61.8545,3.3374000000000024,0.0,5,5.0
semi,run_0384,0.0545,1.3889,1.3344,5.0,41.0,36.0,29.235,33.908,4.673000000000002,2.0,16,14.0,21.8964,20.954,-0.9423999999999992,0.0,4,4.0
semi,run_0385,0.1089,1.5523,1.4434,6.0,45.0,39.0,29.54,34.545,5.005000000000003,0.0,10,10.0,63.4597,59.4243,-4.035399999999996,0.0,6,6.0
semi,run_0386,0.1362,1.634,1.4977999999999998,9.0,48.0,39.0,29.861,34.779,4.918000000000003,0.0,9,9.0,116.1455,102.8941,-13.251400000000004,0.0,8,8.0
semi,run_0387,0.0,1.4161,1.4161,4.0,41.0,37.0,29.048,34.335,5.287000000000003,0.0,10,10.0,50.8963,52.4433,1.5470000000000041,0.0,5,5.0
semi,run_0388,0.5447,1.9608,1.4161000000000001,17.0,59.0,42.0,30.748,35.526,4.778000000000002,1.0,20,19.0,217.7875,176.2168,-41.57069999999999,0.0,21,21.0
semi,run_0389,0.1634,1.5251,1.3617,6.0,50.0,44.0,29.729,34.527,4.798000000000002,2.0,17,15.0,44.6246,40.3994,-4.225200000000001,0.0,6,6.0
semi,run_0390,0.0272,1.4161,1.3889,4.0,40.0,36.0,29.173,34.22,5.047000000000001,0.0,9,9.0,58.0971,46.8987,-11.1984,0.0,5,5.0
semi,run_0391,0.1089,1.5251,1.4162,6.0,45.0,39.0,29.55,34.561,5.010999999999999,0.0,10,10.0,111.6192,97.5909,-14.028300000000002,0.0,6,6.0
semi,run_0392,0.1089,1.5251,1.4162,6.0,48.0,42.0,29.655,34.662,5.006999999999998,0.0,11,11.0,102.884,90.6549,-12.229100000000003,0.0,8,8.0
semi,run_0393,0.2179,1.6612,1.4433,10.0,49.0,39.0,30.054,34.879,4.824999999999999,0.0,12,12.0,111.9249,99.7586,-12.166299999999993,0.0,9,9.0
semi,run_0394,0.2451,1.6612,1.4161,10.0,48.0,38.0,30.157,34.706,4.549000000000003,0.0,12,12.0,67.0158,68.1769,1.1611000000000047,0.0,9,9.0
semi,run_0395,0.0,1.3072,1.3072,3.0,38.0,35.0,29.026,33.651,4.6250000000000036,1.0,15,14.0,20.2384,20.1118,-0.12659999999999982,0.0,3,3.0
semi,run_0396,0.5991,1.8519,1.2528000000000001,13.0,50.0,37.0,30.553,34.778,4.224999999999998,3.0,21,18.0,38.0372,35.1944,-2.842799999999997,0.0,12,12.0
semi,run_0397,0.0,1.5251,1.5251,4.0,45.0,41.0,29.29,34.305,5.015000000000001,0.0,16,16.0,38.3261,31.923,-6.4030999999999985,0.0,5,5.0
semi,run_0398,0.1089,1.5795,1.4706,7.0,48.0,41.0,29.605,34.522,4.916999999999998,0.0,14,14.0,51.6481,41.6899,-9.958199999999998,0.0,7,7.0
semi,run_0399,0.1089,1.5795,1.4706,6.0,47.0,41.0,29.633,34.581,4.948000000000004,0.0,11,11.0,61.0031,53.5338,-7.469300000000004,0.0,7,7.0
semi,run_0400,0.2451,1.634,1.3888999999999998,10.0,48.0,38.0,30.072,34.793,4.721,1.0,12,11.0,67.9065,68.8543,0.9478000000000009,0.0,9,9.0
semi,run_0401,0.3813,1.8246,1.4433,13.0,54.0,41.0,30.092,35.017,4.925000000000004,2.0,18,16.0,62.3806,57.7764,-4.604199999999999,0.0,10,10.0
semi,run_0402,0.0,1.5523,1.5523,4.0,46.0,42.0,29.324,34.412,5.087999999999997,0.0,10,10.0,42.5217,41.374,-1.1477000000000004,0.0,5,5.0
semi,run_0403,0.2996,1.6612,1.3616000000000001,12.0,50.0,38.0,30.04,34.904,4.864000000000004,1.0,11,10.0,136.8909,108.4373,-28.453599999999994,0.0,10,10.0
semi,run_0404,0.2179,1.634,1.4161,11.0,48.0,37.0,30.101,34.827,4.725999999999999,0.0,9,9.0,112.1885,100.7911,-11.397400000000005,0.0,9,9.0
semi,run_0405,0.0,1.3617,1.3617,2.0,40.0,38.0,28.936,34.245,5.3089999999999975,0.0,11,11.0,45.6417,43.2753,-2.3663999999999987,0.0,5,5.0
semi,run_0406,0.0545,1.4434,1.3889,5.0,40.0,35.0,29.312,34.017,4.705000000000002,1.0,15,14.0,23.9988,19.8035,-4.1953,0.0,5,5.0
semi,run_0407,0.2996,1.7429,1.4432999999999998,11.0,50.0,39.0,30.219,34.843,4.624000000000002,1.0,13,12.0,148.4857,125.8492,-22.636500000000012,0.0,12,12.0
semi,run_0408,0.0817,1.3617,1.2799999999999998,5.0,40.0,35.0,29.34,34.115,4.775000000000002,0.0,13,13.0,54.8841,56.284,1.3999000000000024,0.0,5,5.0
semi,run_0409,0.4085,2.0969,1.6884000000000001,13.0,51.0,38.0,30.23,34.765,4.535,4.0,28,24.0,35.3479,29.696,-5.651900000000001,0.0,10,10.0
semi,run_0410,1.3344,2.3693,1.0349,21.0,59.0,38.0,31.362,35.536,4.174000000000003,5.0,19,14.0,125.8219,106.4037,-19.4182,0.0,27,27.0
semi,run_0411,0.0,1.3617,1.3617,3.0,40.0,37.0,28.976,34.165,5.189,0.0,11,11.0,47.6635,42.3567,-5.306800000000003,0.0,5,5.0
semi,run_0412,0.2451,1.6068,1.3617,11.0,49.0,38.0,30.042,34.557,4.515000000000001,2.0,17,15.0,44.7834,43.4117,-1.371699999999997,0.0,7,7.0
semi,run_0413,0.0,1.3889,1.3889,4.0,40.0,36.0,29.129,34.069,4.940000000000001,0.0,14,14.0,26.2686,22.9957,-3.2729,0.0,5,5.0
semi,run_0414,0.0545,1.5523,1.4978,5.0,48.0,43.0,29.302,34.479,5.177,0.0,15,15.0,49.7715,43.4781,-6.293400000000005,0.0,6,6.0
semi,run_0415,0.0545,1.4706,1.4161,4.0,42.0,38.0,29.192,34.458,5.265999999999998,0.0,11,11.0,50.3982,51.448,1.0497999999999976,0.0,5,5.0
semi,run_0416,0.6264,1.9608,1.3344,13.0,56.0,43.0,30.63,35.323,4.693000000000001,1.0,20,19.0,137.0138,113.7033,-23.310500000000005,0.0,22,22.0
semi,run_0417,0.1906,1.5795,1.3889,9.0,49.0,40.0,29.914,34.766,4.851999999999997,1.0,14,13.0,92.1528,86.4026,-5.750199999999992,0.0,8,8.0
semi,run_0418,0.0272,1.5251,1.4979,4.0,47.0,43.0,29.252,34.537,5.285,0.0,11,11.0,73.1058,78.309,5.203199999999995,0.0,5,5.0
semi,run_0419,0.0,1.3617,1.3617,4.0,41.0,37.0,29.165,33.691,4.526000000000003,4.0,22,18.0,22.7836,21.8976,-0.8859999999999992,0.0,3,3.0
semi,run_0420,0.1089,1.6612,1.5523,9.0,50.0,41.0,29.747,34.783,5.036000000000001,1.0,14,13.0,58.9606,58.9686,0.008000000000002672,0.0,7,7.0
semi,run_0421,0.0817,1.6068,1.5251000000000001,6.0,49.0,43.0,29.534,34.763,5.228999999999999,0.0,12,12.0,128.885,107.3144,-21.570599999999985,0.0,9,9.0
semi,run_0422,0.0545,1.4161,1.3616,5.0,43.0,38.0,29.326,34.099,4.772999999999996,2.0,15,13.0,41.3827,40.5937,-0.7890000000000015,0.0,5,5.0
semi,run_0423,0.3813,1.7429,1.3616,12.0,52.0,40.0,30.376,35.084,4.708000000000002,0.0,14,14.0,104.301,93.1018,-11.199200000000005,0.0,14,14.0
semi,run_0424,0.2996,1.6885,1.3889,10.0,50.0,40.0,30.035,35.007,4.971999999999998,0.0,11,11.0,92.2155,81.8286,-10.386900000000011,0.0,10,10.0
semi,run_0425,0.1089,1.4978,1.3889,6.0,45.0,39.0,29.593,34.538,4.944999999999997,0.0,11,11.0,56.1547,50.1977,-5.957000000000001,0.0,7,7.0
semi,run_0426,0.0,1.3344,1.3344,3.0,40.0,37.0,28.962,34.186,5.224,0.0,11,11.0,38.7054,34.4616,-4.2438,0.0,5,5.0
semi,run_0427,0.2451,1.7702,1.5251,12.0,52.0,40.0,30.242,34.805,4.562999999999999,2.0,19,17.0,53.607,49.5678,-4.039200000000001,0.0,11,11.0
semi,run_0428,0.0,1.28,1.28,4.0,40.0,36.0,29.136,34.172,5.035999999999998,0.0,10,10.0,46.2878,43.0791,-3.2087000000000003,0.0,5,5.0
semi,run_0429,0.354,1.7157,1.3617,13.0,53.0,40.0,30.458,35.164,4.706000000000003,1.0,15,14.0,141.5909,123.1235,-18.467399999999998,0.0,15,15.0
semi,run_0430,0.0,1.1438,1.1438,0.0,35.0,35.0,28.761,32.975,4.214000000000002,5.0,22,17.0,20.2347,20.8977,0.6630000000000003,0.0,0,0.0
semi,run_0431,0.2179,1.6068,1.3889,10.0,49.0,39.0,30.056,34.632,4.575999999999997,2.0,17,15.0,53.9734,48.8402,-5.133199999999995,0.0,7,7.0
semi,run_0432,0.2451,1.6612,1.4161,10.0,50.0,40.0,30.043,34.745,4.701999999999998,0.0,11,11.0,52.7859,49.6391,-3.146799999999999,0.0,8,8.0
semi,run_0433,0.1089,1.634,1.5251,9.0,47.0,38.0,29.905,34.725,4.82,0.0,11,11.0,123.159,99.7268,-23.43220000000001,0.0,9,9.0
semi,run_0434,0.0545,1.5795,1.525,5.0,44.0,39.0,29.56,34.166,4.605999999999998,2.0,21,19.0,27.5133,27.437,-0.07629999999999981,0.0,5,5.0
semi,run_0435,0.1634,1.6612,1.4978,9.0,49.0,40.0,29.942,34.805,4.8629999999999995,0.0,11,11.0,94.4252,82.3248,-12.100400000000008,0.0,9,9.0
semi,run_0436,0.0,1.4978,1.4978,5.0,44.0,39.0,29.205,34.28,5.075000000000003,0.0,15,15.0,34.2058,31.6393,-2.566500000000005,0.0,5,5.0
semi,run_0437,0.1089,1.5795,1.4706,8.0,47.0,39.0,29.76,34.766,5.005999999999997,0.0,13,13.0,202.9682,176.7794,-26.188799999999986,0.0,8,8.0
semi,run_0438,0.0,1.28,1.28,2.0,39.0,37.0,28.885,34.017,5.1320000000000014,0.0,9,9.0,51.1674,42.951,-8.2164,0.0,5,5.0
semi,run_0439,0.5719,1.8791,1.3072,17.0,57.0,40.0,30.898,35.468,4.570000000000004,1.0,13,12.0,250.6578,207.5399,-43.11790000000002,0.0,24,24.0
semi,run_0440,0.0817,1.5523,1.4706000000000001,5.0,46.0,41.0,29.457,34.556,5.098999999999997,0.0,10,10.0,79.1389,74.1354,-5.0035000000000025,0.0,6,6.0
semi,run_0441,0.0817,1.5251,1.4434,5.0,45.0,40.0,29.314,34.234,4.920000000000002,2.0,19,17.0,28.5982,25.4286,-3.169599999999999,0.0,5,5.0
semi,run_0442,0.2451,1.6885,1.4433999999999998,11.0,49.0,38.0,30.141,34.864,4.722999999999999,0.0,13,13.0,90.2042,83.5147,-6.689499999999995,0.0,9,9.0
semi,run_0443,0.1089,1.4706,1.3617,5.0,42.0,37.0,29.58,33.994,4.4140000000000015,2.0,16,14.0,27.5777,27.1904,-0.38729999999999976,0.0,5,5.0
semi,run_0444,0.7353,1.9063,1.1710000000000003,13.0,50.0,37.0,30.661,34.676,4.015000000000001,7.0,23,16.0,31.0213,26.4636,-4.5577000000000005,0.0,14,14.0
semi,run_0445,0.0,1.3889,1.3889,4.0,41.0,37.0,29.123,34.394,5.270999999999997,0.0,11,11.0,55.643,58.4505,2.8074999999999974,0.0,5,5.0
semi,run_0446,0.2179,1.5795,1.3616,10.0,48.0,38.0,29.892,34.587,4.695000000000004,1.0,13,12.0,58.1585,53.1622,-4.996299999999998,0.0,8,8.0
semi,run_0447,0.0,1.28,1.28,2.0,39.0,37.0,28.856,33.871,5.015000000000001,0.0,12,12.0,32.9184,34.3435,1.4251000000000005,0.0,3,3.0
semi,run_0448,0.2179,1.6885,1.4706,9.0,50.0,41.0,29.913,34.811,4.898,1.0,16,15.0,57.3107,50.6983,-6.612399999999994,0.0,8,8.0
semi,run_0449,0.1089,1.5795,1.4706,9.0,48.0,39.0,29.644,34.679,5.035000000000004,0.0,11,11.0,120.5831,106.5092,-14.073899999999995,0.0,8,8.0
semi,run_0450,0.2451,1.6068,1.3617,9.0,46.0,37.0,29.877,34.407,4.529999999999998,2.0,16,14.0,37.1189,35.2617,-1.8571999999999989,0.0,7,7.0
semi,run_0451,0.0,1.4434,1.4434,4.0,44.0,40.0,29.1,34.393,5.292999999999999,0.0,11,11.0,47.0445,47.6482,0.6037000000000035,0.0,5,5.0
semi,run_0452,0.2723,1.7157,1.4434,9.0,47.0,38.0,29.992,34.186,4.193999999999999,11.0,29,18.0,28.9112,27.687,-1.2241999999999997,0.0,6,6.0
semi,run_0453,0.1089,1.5251,1.4162,6.0,43.0,37.0,29.522,34.4,4.878,0.0,11,11.0,54.5388,43.228,-11.3108,0.0,5,5.0
semi,run_0454,0.1362,1.5523,1.4161000000000001,7.0,47.0,40.0,29.648,34.454,4.806000000000001,1.0,14,13.0,45.7051,42.7064,-2.9986999999999995,0.0,6,6.0
semi,run_0455,0.0,1.3072,1.3072,4.0,40.0,36.0,29.088,34.096,5.007999999999996,0.0,9,9.0,41.0081,38.0151,-2.993000000000002,0.0,5,5.0
semi,run_0456,0.1089,1.5795,1.4706,7.0,48.0,41.0,29.673,34.664,4.991000000000003,1.0,11,10.0,75.0964,78.7028,3.6063999999999936,0.0,7,7.0
semi,run_0457,0.4085,1.7702,1.3617,13.0,53.0,40.0,30.303,34.992,4.6889999999999965,3.0,17,14.0,86.321,75.9369,-10.384100000000004,0.0,11,11.0
semi,run_0458,0.0,1.1166,1.1166,0.0,34.0,34.0,28.561,32.747,4.186,12.0,29,17.0,12.3625,12.873,0.5104999999999986,0.0,0,0.0
semi,run_0459,0.1634,1.7974,1.6340000000000001,10.0,51.0,41.0,29.794,34.951,5.157,1.0,19,18.0,168.2504,146.0175,-22.2329,0.0,9,9.0
semi,run_0460,0.2451,1.634,1.3888999999999998,13.0,49.0,36.0,30.28,34.777,4.497,2.0,16,14.0,57.0687,52.1876,-4.881099999999996,0.0,10,10.0
semi,run_0461,0.1634,1.7157,1.5523,11.0,52.0,41.0,29.98,35.048,5.068000000000001,1.0,11,10.0,136.1038,115.813,-20.290800000000004,0.0,11,11.0
semi,run_0462,0.2179,1.9608,1.7429000000000001,11.0,48.0,37.0,30.17,34.93,4.759999999999998,0.0,18,18.0,321.0789,283.8069,-37.27199999999999,0.0,12,12.0
semi,run_0463,0.1089,1.5795,1.4706,6.0,47.0,41.0,29.619,34.416,4.796999999999997,0.0,12,12.0,37.8237,35.1789,-2.6448000000000036,0.0,5,5.0
semi,run_0464,0.5174,1.8246,1.3072,14.0,53.0,39.0,30.48,35.047,4.566999999999997,2.0,17,15.0,77.1023,71.4735,-5.628799999999998,0.0,14,14.0
semi,run_0465,0.0817,1.5523,1.4706000000000001,5.0,49.0,44.0,29.54,34.646,5.106000000000002,0.0,12,12.0,75.2904,68.9604,-6.329999999999998,0.0,7,7.0
semi,run_0466,0.0817,1.4161,1.3344,5.0,40.0,35.0,29.308,34.107,4.7989999999999995,1.0,16,15.0,28.7303,23.346,-5.3843,0.0,5,5.0
semi,run_0467,0.0817,1.634,1.5522999999999998,7.0,49.0,42.0,29.617,34.643,5.026,0.0,12,12.0,42.1158,40.2246,-1.8911999999999978,0.0,7,7.0
semi,run_0468,0.0,1.2255,1.2255,0.0,31.0,31.0,29.013,32.807,3.7940000000000005,5.0,20,15.0,14.205,14.7647,0.5596999999999994,0.0,0,0.0
semi,run_0469,0.0545,1.4978,1.4433,5.0,45.0,40.0,29.346,34.516,5.169999999999998,0.0,11,11.0,69.7974,61.05,-8.747399999999999,0.0,6,6.0
semi,run_0470,0.0817,1.4161,1.3344,5.0,43.0,38.0,29.536,34.163,4.626999999999995,2.0,17,15.0,43.3804,43.4774,0.09700000000000131,0.0,5,5.0
semi,run_0471,0.2451,1.6885,1.4433999999999998,11.0,48.0,37.0,30.164,34.887,4.722999999999999,0.0,11,11.0,169.314,134.7943,-34.5197,0.0,11,11.0
semi,run_0472,0.463,1.7702,1.3072,12.0,52.0,40.0,30.328,34.956,4.628000000000004,1.0,15,14.0,51.9516,45.6672,-6.284399999999998,0.0,11,11.0
semi,run_0473,0.2179,1.634,1.4161,9.0,48.0,39.0,29.906,34.38,4.474000000000004,2.0,22,20.0,24.3289,22.1784,-2.150500000000001,0.0,6,6.0
semi,run_0474,0.0,1.3344,1.3344,0.0,38.0,38.0,29.066,33.411,4.345000000000002,5.0,24,19.0,27.8659,27.6721,-0.19379999999999953,0.0,3,3.0
semi,run_0475,0.1089,1.5251,1.4162,7.0,43.0,36.0,29.561,34.426,4.865000000000002,0.0,11,11.0,65.6787,51.9102,-13.768500000000003,0.0,5,5.0
semi,run_0476,0.0817,1.4434,1.3617,5.0,43.0,38.0,29.586,34.408,4.822000000000003,2.0,16,14.0,40.4935,35.4494,-5.0441,0.0,7,7.0
semi,run_0477,0.1089,1.6885,1.5796,9.0,49.0,40.0,29.758,34.927,5.1690000000000005,0.0,11,11.0,107.7874,102.0026,-5.784800000000004,0.0,9,9.0
semi,run_0478,0.0,1.3617,1.3617,3.0,40.0,37.0,28.933,33.939,5.006,0.0,11,11.0,46.5991,48.1865,1.5874000000000024,0.0,5,5.0
semi,run_0479,0.0545,1.3344,1.2799,4.0,42.0,38.0,29.193,33.97,4.7769999999999975,2.0,15,13.0,65.808,68.2083,2.400299999999987,0.0,4,4.0
semi,run_0480,0.0,1.4434,1.4434,4.0,40.0,36.0,29.177,34.149,4.972000000000001,0.0,12,12.0,29.6618,27.3391,-2.322700000000001,0.0,5,5.0
semi,run_0481,0.2451,1.634,1.3888999999999998,10.0,50.0,40.0,29.95,34.859,4.9090000000000025,1.0,15,14.0,113.8443,101.1358,-12.7085,0.0,9,9.0
semi,run_0482,0.0,1.3617,1.3617,2.0,39.0,37.0,28.918,33.885,4.966999999999999,0.0,14,14.0,21.3945,18.8818,-2.5127000000000024,0.0,4,4.0
semi,run_0483,0.2451,1.6885,1.4433999999999998,10.0,51.0,41.0,29.988,34.723,4.734999999999999,2.0,19,17.0,68.4849,61.7151,-6.7697999999999965,0.0,9,9.0
semi,run_0484,0.1089,1.7157,1.6068,10.0,50.0,40.0,29.712,34.81,5.0980000000000025,0.0,11,11.0,76.0042,68.1962,-7.807999999999993,0.0,9,9.0
semi,run_0485,0.0,1.3072,1.3072,3.0,37.0,34.0,28.988,33.443,4.454999999999998,2.0,16,14.0,16.0052,15.5811,-0.42409999999999926,0.0,3,3.0
semi,run_0486,0.1362,1.5795,1.4432999999999998,9.0,47.0,38.0,29.847,34.583,4.735999999999997,1.0,16,15.0,103.1736,81.5162,-21.657399999999996,0.0,7,7.0
semi,run_0487,0.0272,1.5251,1.4979,4.0,41.0,37.0,29.269,34.294,5.024999999999999,0.0,11,11.0,43.7726,40.4143,-3.3583,0.0,5,5.0
semi,run_0488,0.1362,1.5523,1.4161000000000001,6.0,45.0,39.0,29.636,34.414,4.778000000000002,2.0,18,16.0,42.8056,41.1598,-1.6458000000000013,0.0,6,6.0
semi,run_0489,0.0817,1.4161,1.3344,5.0,44.0,39.0,29.405,34.415,5.009999999999998,0.0,14,14.0,46.8989,42.1476,-4.7513000000000005,0.0,6,6.0
semi,run_0490,0.0272,1.5523,1.5251000000000001,4.0,47.0,43.0,29.459,34.418,4.959,0.0,15,15.0,34.7856,31.4387,-3.3469000000000015,0.0,5,5.0
semi,run_0491,0.0,1.3889,1.3889,4.0,41.0,37.0,29.1,34.15,5.049999999999997,0.0,10,10.0,40.9687,41.2972,0.32849999999999824,0.0,5,5.0
semi,run_0492,1.3344,2.1786,0.8441999999999998,22.0,59.0,37.0,31.458,35.379,3.9209999999999994,12.0,27,15.0,88.8786,74.541,-14.337600000000009,0.0,27,27.0
semi,run_0493,0.0,1.3617,1.3617,3.0,40.0,37.0,28.922,34.121,5.199000000000002,0.0,10,10.0,30.3451,28.7537,-1.5914000000000001,0.0,5,5.0
semi,run_0494,0.0817,1.5523,1.4706000000000001,5.0,48.0,43.0,29.451,34.685,5.234000000000002,0.0,12,12.0,61.2543,60.5729,-0.6814000000000036,0.0,6,6.0
semi,run_0495,0.2451,1.6885,1.4433999999999998,11.0,50.0,39.0,30.017,34.873,4.855999999999998,0.0,12,12.0,95.3749,77.5615,-17.8134,0.0,9,9.0
semi,run_0496,0.0,1.0893,1.0893,0.0,31.0,31.0,28.333,33.236,4.902999999999999,0.0,14,14.0,16.0092,16.2251,0.2159000000000013,0.0,2,2.0
semi,run_0497,0.2451,2.0425,1.7973999999999999,11.0,51.0,40.0,30.128,35.097,4.969000000000001,1.0,23,22.0,225.6374,205.7492,-19.888200000000012,0.0,10,10.0
semi,run_0498,0.0,1.3072,1.3072,3.0,40.0,37.0,28.988,34.102,5.113999999999997,0.0,11,11.0,36.5665,32.8185,-3.7479999999999976,0.0,5,5.0
semi,run_0499,0.1089,1.4978,1.3889,5.0,44.0,39.0,29.669,33.98,4.310999999999996,2.0,17,15.0,26.1277,24.8587,-1.269000000000002,0.0,5,5.0
semi,run_0500,0.0272,1.3617,1.3345,4.0,40.0,36.0,29.165,34.175,5.009999999999998,0.0,11,11.0,36.4104,34.3282,-2.0822000000000003,0.0,5,5.0
semi,run_0501,0.0,1.0076,1.0076,0.0,32.0,32.0,28.248,32.882,4.633999999999997,2.0,18,16.0,16.6862,17.3512,0.6649999999999991,0.0,0,0.0
semi,run_0502,0.2179,1.6612,1.4433,10.0,48.0,38.0,30.087,34.863,4.776,0.0,11,11.0,110.1747,99.354,-10.820700000000002,0.0,9,9.0
semi,run_0503,0.2451,1.6612,1.4161,10.0,49.0,39.0,30.076,34.976,4.899999999999999,0.0,11,11.0,91.2084,84.7519,-6.456499999999991,0.0,12,12.0
semi,run_0504,0.5991,1.9063,1.3072000000000001,14.0,53.0,39.0,30.424,34.89,4.466000000000001,3.0,23,20.0,42.4841,37.0992,-5.384899999999995,0.0,14,14.0
semi,run_0505,0.5991,1.9063,1.3072000000000001,14.0,53.0,39.0,30.4,34.602,4.201999999999998,11.0,33,22.0,22.2029,20.1995,-2.003399999999999,0.0,9,9.0
semi,run_0506,0.0,1.3072,1.3072,4.0,41.0,37.0,29.075,33.613,4.538,3.0,19,16.0,11.8655,11.2161,-0.6494,0.0,3,3.0
semi,run_0507,0.354,1.7429,1.3889,12.0,50.0,38.0,30.073,34.556,4.482999999999997,2.0,18,16.0,39.3348,38.4906,-0.8442000000000007,0.0,8,8.0
semi,run_0508,0.1089,1.5523,1.4434,8.0,44.0,36.0,29.818,34.545,4.727,0.0,9,9.0,78.2452,72.1275,-6.117699999999999,0.0,7,7.0
semi,run_0509,0.2996,1.6612,1.3616000000000001,11.0,48.0,37.0,30.212,34.854,4.6419999999999995,0.0,11,11.0,82.6444,74.6717,-7.972700000000003,0.0,9,9.0
semi,run_0510,0.1089,1.5523,1.4434,6.0,45.0,39.0,29.615,34.479,4.864000000000001,0.0,11,11.0,71.8297,57.0531,-14.776600000000002,0.0,7,7.0
semi,run_0511,0.0817,1.3889,1.3072,5.0,43.0,38.0,29.273,34.037,4.763999999999999,2.0,16,14.0,29.0915,29.1553,0.06380000000000052,0.0,5,5.0
semi,run_0512,0.0817,1.4978,1.4161000000000001,5.0,44.0,39.0,29.432,34.428,4.995999999999999,0.0,11,11.0,42.2129,42.3967,0.18380000000000507,0.0,5,5.0
semi,run_0513,0.2451,1.6885,1.4433999999999998,9.0,50.0,41.0,29.936,34.649,4.713000000000001,2.0,20,18.0,44.9553,37.1665,-7.788800000000002,0.0,8,8.0
semi,run_0514,0.8442,1.9063,1.0621,20.0,56.0,36.0,31.178,35.48,4.301999999999996,1.0,13,12.0,234.6173,211.213,-23.404300000000006,0.0,25,25.0
semi,run_0515,0.0,1.3072,1.3072,4.0,40.0,36.0,29.073,34.072,4.999000000000002,0.0,8,8.0,37.7136,38.6261,0.9125000000000014,0.0,5,5.0
semi,run_0516,0.0,1.3344,1.3344,0.0,41.0,41.0,28.991,33.75,4.759,1.0,16,15.0,23.787,23.3137,-0.4732999999999983,0.0,3,3.0
semi,run_0517,0.3268,1.6885,1.3617,11.0,50.0,39.0,30.349,35.124,4.775000000000002,0.0,12,12.0,186.1155,158.2103,-27.905200000000008,0.0,15,15.0
semi,run_0518,0.354,1.7702,1.4162,11.0,50.0,39.0,30.215,34.949,4.733999999999998,1.0,17,16.0,104.8596,94.5997,-10.259900000000002,0.0,10,10.0
semi,run_0519,0.1089,1.5795,1.4706,8.0,46.0,38.0,29.828,34.616,4.788,0.0,11,11.0,145.3969,130.8446,-14.552299999999974,0.0,8,8.0
semi,run_0520,0.0,1.28,1.28,3.0,39.0,36.0,28.859,33.992,5.132999999999996,0.0,11,11.0,37.5196,36.7392,-0.7804000000000002,0.0,5,5.0
semi,run_0521,0.0817,1.4978,1.4161000000000001,5.0,45.0,40.0,29.401,34.423,5.022000000000002,0.0,11,11.0,59.1966,54.6196,-4.576999999999998,0.0,5,5.0
semi,run_0522,0.0817,1.4161,1.3344,5.0,42.0,37.0,29.435,34.284,4.849,1.0,14,13.0,45.2562,41.3898,-3.8663999999999987,0.0,5,5.0
semi,run_0523,0.9259,2.2876,1.3617,17.0,60.0,43.0,30.804,35.651,4.847000000000005,2.0,25,23.0,188.3265,157.9162,-30.410300000000007,0.0,24,24.0
semi,run_0524,0.1089,1.5795,1.4706,9.0,48.0,39.0,29.701,34.701,5.0,0.0,12,12.0,129.1619,117.6528,-11.509100000000004,0.0,8,8.0
semi,run_0525,0.0,1.3617,1.3617,3.0,42.0,39.0,28.96,34.066,5.106000000000002,0.0,16,16.0,25.9406,23.6105,-2.3301000000000016,0.0,5,5.0
semi,run_0526,0.0,1.3889,1.3889,3.0,42.0,39.0,29.018,33.995,4.976999999999997,0.0,15,15.0,30.9361,30.3044,-0.6316999999999986,0.0,5,5.0
semi,run_0527,0.0,1.2255,1.2255,0.0,39.0,39.0,28.603,33.682,5.079000000000001,0.0,15,15.0,24.4339,25.9094,1.4755000000000003,0.0,3,3.0
semi,run_0528,0.1089,1.5795,1.4706,9.0,43.0,34.0,29.693,34.369,4.675999999999998,0.0,11,11.0,43.5388,41.7018,-1.8370000000000033,0.0,6,6.0
semi,run_0529,0.2451,1.6885,1.4433999999999998,10.0,51.0,41.0,29.963,34.881,4.917999999999999,1.0,17,16.0,101.6318,94.1018,-7.530000000000001,0.0,10,10.0
semi,run_0530,0.0,1.3344,1.3344,2.0,35.0,33.0,29.087,33.212,4.1250000000000036,5.0,21,16.0,5.7812,5.6662,-0.11500000000000021,0.0,2,2.0
semi,run_0531,0.1906,1.7974,1.6068000000000002,9.0,49.0,40.0,29.849,34.826,4.977,0.0,15,15.0,100.5348,84.0877,-16.447100000000006,0.0,8,8.0
semi,run_0532,0.0817,1.4161,1.3344,5.0,41.0,36.0,29.407,34.348,4.940999999999999,0.0,10,10.0,59.6473,60.0906,0.4433000000000007,0.0,5,5.0
semi,run_0533,0.0,1.3344,1.3344,2.0,41.0,39.0,28.92,33.888,4.967999999999996,0.0,15,15.0,24.5774,24.439,-0.13840000000000074,0.0,5,5.0
semi,run_0534,0.0817,1.4434,1.3617,5.0,41.0,36.0,29.38,34.333,4.952999999999999,0.0,11,11.0,92.1926,84.8992,-7.293400000000005,0.0,5,5.0
semi,run_0535,0.0545,1.4978,1.4433,5.0,44.0,39.0,29.473,34.349,4.875999999999998,2.0,17,15.0,36.308,32.8072,-3.500799999999998,0.0,5,5.0
semi,run_0536,0.1089,1.5795,1.4706,6.0,43.0,37.0,29.622,34.337,4.715000000000003,0.0,11,11.0,44.8767,46.7138,1.8370999999999995,0.0,5,5.0
semi,run_0537,0.1634,1.634,1.4706,9.0,49.0,40.0,29.876,34.885,5.008999999999997,0.0,11,11.0,114.9055,96.9944,-17.911100000000005,0.0,9,9.0
semi,run_0538,0.0,1.3617,1.3617,3.0,43.0,40.0,28.93,34.111,5.180999999999997,0.0,16,16.0,52.5389,54.9598,2.420900000000003,0.0,5,5.0
semi,run_0539,0.2996,1.6885,1.3889,11.0,49.0,38.0,30.237,34.8,4.562999999999999,1.0,12,11.0,98.5464,77.8254,-20.721000000000004,0.0,9,9.0
semi,run_0540,0.1362,1.5523,1.4161000000000001,8.0,45.0,37.0,29.729,34.453,4.724000000000004,1.0,14,13.0,45.6331,37.5097,-8.123399999999997,0.0,7,7.0
semi,run_0541,0.1089,1.4978,1.3889,6.0,44.0,38.0,29.628,34.577,4.948999999999998,0.0,8,8.0,74.0423,76.5492,2.5069000000000017,0.0,7,7.0
semi,run_0542,0.0,1.3072,1.3072,2.0,40.0,38.0,28.814,34.022,5.207999999999998,0.0,10,10.0,33.863,31.5207,-2.342299999999998,0.0,5,5.0
semi,run_0543,0.1362,1.4706,1.3344,7.0,43.0,36.0,29.66,34.426,4.766000000000002,1.0,15,14.0,48.0635,43.6739,-4.389599999999994,0.0,6,6.0
semi,run_0544,0.0545,1.4161,1.3616,5.0,42.0,37.0,29.303,34.066,4.763000000000002,2.0,15,13.0,23.3255,21.3545,-1.971,0.0,5,5.0
semi,run_0545,0.0545,1.4161,1.3616,5.0,42.0,37.0,29.334,34.341,5.0070000000000014,0.0,11,11.0,46.0609,40.4385,-5.622399999999999,0.0,5,5.0
semi,run_0546,0.0,1.4161,1.4161,4.0,40.0,36.0,29.154,33.996,4.842000000000002,0.0,13,13.0,25.6193,22.1237,-3.4955999999999996,0.0,5,5.0
semi,run_0547,0.5991,2.451,1.8519,14.0,58.0,44.0,30.553,35.241,4.687999999999999,5.0,34,29.0,112.1503,95.4606,-16.689700000000002,0.0,17,17.0
semi,run_0548,0.0545,1.4434,1.3889,5.0,46.0,41.0,29.407,34.118,4.711000000000002,2.0,18,16.0,39.0598,38.1633,-0.8965000000000032,0.0,5,5.0
semi,run_0549,0.1089,1.5251,1.4162,7.0,46.0,39.0,29.685,34.565,4.879999999999999,0.0,11,11.0,90.6062,77.9175,-12.688699999999997,0.0,7,7.0
semi,run_0550,0.0,1.28,1.28,2.0,39.0,37.0,28.762,33.92,5.158000000000001,0.0,12,12.0,30.7689,30.5242,-0.24469999999999814,0.0,4,4.0
semi,run_0551,0.0,1.1438,1.1438,0.0,35.0,35.0,28.445,33.075,4.630000000000003,4.0,21,17.0,12.6649,12.718,0.05310000000000059,0.0,2,2.0
semi,run_0552,0.354,1.6885,1.3344999999999998,11.0,50.0,39.0,30.136,34.849,4.712999999999997,1.0,15,14.0,108.0487,87.7155,-20.33319999999999,0.0,10,10.0
semi,run_0553,0.0,1.3344,1.3344,0.0,39.0,39.0,28.828,33.939,5.111000000000001,0.0,11,11.0,23.8718,19.9773,-3.8945000000000007,0.0,5,5.0
semi,run_0554,0.3268,2.1786,1.8518,11.0,51.0,40.0,30.232,34.956,4.724000000000004,4.0,34,30.0,113.6797,96.4291,-17.25059999999999,0.0,10,10.0
semi,run_0555,0.0545,1.4161,1.3616,5.0,43.0,38.0,29.192,34.221,5.028999999999996,1.0,16,15.0,33.9217,29.1963,-4.7254000000000005,0.0,5,5.0
semi,run_0556,0.3813,1.7702,1.3889,12.0,54.0,42.0,30.311,35.184,4.8729999999999976,1.0,12,11.0,118.204,101.7779,-16.42609999999999,0.0,13,13.0
semi,run_0557,0.1089,1.6068,1.4979,8.0,47.0,39.0,29.802,34.633,4.831000000000003,0.0,10,10.0,116.8839,92.5603,-24.3236,0.0,8,8.0
semi,run_0558,0.0817,1.5251,1.4434,5.0,45.0,40.0,29.392,34.408,5.016000000000002,0.0,11,11.0,59.2472,52.1754,-7.071799999999996,0.0,5,5.0
semi,run_0559,0.1089,1.6068,1.4979,8.0,45.0,37.0,29.799,34.555,4.756,0.0,10,10.0,64.4644,58.1416,-6.322800000000001,0.0,8,8.0
semi,run_0560,0.0272,1.3617,1.3345,5.0,40.0,35.0,29.237,34.09,4.853000000000005,0.0,11,11.0,37.9145,37.5675,-0.3469999999999942,0.0,5,5.0
semi,run_0561,0.0545,1.3889,1.3344,4.0,40.0,36.0,29.182,34.293,5.111000000000001,0.0,10,10.0,55.0808,46.4498,-8.631,0.0,5,5.0
semi,run_0562,0.0545,1.4434,1.3889,5.0,41.0,36.0,29.373,34.302,4.9289999999999985,0.0,13,13.0,46.7667,39.0068,-7.759900000000002,0.0,5,5.0
semi,run_0563,0.0545,1.4978,1.4433,5.0,44.0,39.0,29.433,34.414,4.981000000000002,0.0,12,12.0,80.2533,61.9126,-18.3407,0.0,5,5.0
semi,run_0564,0.2451,2.0153,1.7701999999999998,11.0,50.0,39.0,30.109,34.625,4.515999999999998,3.0,31,28.0,31.8771,29.6391,-2.2379999999999995,0.0,8,8.0
semi,run_0565,0.1634,1.6068,1.4434,9.0,46.0,37.0,29.968,34.602,4.633999999999997,0.0,9,9.0,57.11,54.6246,-2.4853999999999985,0.0,9,9.0
semi,run_0566,0.1634,1.6885,1.5251,9.0,50.0,41.0,29.831,34.91,5.078999999999997,0.0,11,11.0,90.1441,77.4327,-12.711399999999998,0.0,8,8.0
semi,run_0567,0.6808,2.0425,1.3617,15.0,56.0,41.0,30.534,35.156,4.622,6.0,30,24.0,59.3243,50.4012,-8.923099999999998,0.0,14,14.0
semi,run_0568,0.2451,1.7157,1.4706,11.0,51.0,40.0,30.061,34.967,4.905999999999999,0.0,13,13.0,96.9493,86.4806,-10.468699999999998,0.0,10,10.0
semi,run_0569,0.0817,1.5251,1.4434,5.0,43.0,38.0,29.57,34.462,4.892000000000003,0.0,11,11.0,41.9121,42.2906,0.3784999999999954,0.0,6,6.0
semi,run_0570,0.0817,1.4978,1.4161000000000001,5.0,43.0,38.0,29.466,34.406,4.939999999999998,0.0,11,11.0,44.8235,41.2607,-3.562800000000003,0.0,5,5.0
semi,run_0571,0.1089,1.6068,1.4979,9.0,47.0,38.0,29.842,34.616,4.774000000000001,0.0,10,10.0,125.1255,99.087,-26.0385,0.0,8,8.0
semi,run_0572,0.2179,1.6612,1.4433,11.0,49.0,38.0,30.106,34.945,4.838999999999999,0.0,12,12.0,160.6414,129.371,-31.270399999999995,0.0,12,12.0
semi,run_0573,0.0817,1.5795,1.4977999999999998,6.0,44.0,38.0,29.52,34.25,4.73,2.0,16,14.0,28.5078,28.1613,-0.3464999999999989,0.0,5,5.0
semi,run_0574,0.1089,1.4978,1.3889,6.0,43.0,37.0,29.639,34.449,4.809999999999999,0.0,11,11.0,55.1718,48.9902,-6.181599999999996,0.0,6,6.0
semi,run_0575,0.0,1.3344,1.3344,4.0,42.0,38.0,29.091,34.235,5.143999999999998,0.0,12,12.0,44.4391,45.0663,0.6271999999999949,0.0,5,5.0
semi,run_0576,0.0,1.3072,1.3072,2.0,40.0,38.0,28.823,34.112,5.2890000000000015,0.0,10,10.0,38.5326,38.7656,0.232999999999997,0.0,5,5.0
semi,run_0577,0.0,1.171,1.171,0.0,37.0,37.0,28.384,33.539,5.155000000000001,0.0,12,12.0,17.186,16.9339,-0.25209999999999866,0.0,3,3.0
semi,run_0578,0.1362,1.6612,1.525,9.0,47.0,38.0,29.863,34.599,4.735999999999997,0.0,14,14.0,88.3516,70.4243,-17.927300000000002,0.0,8,8.0
semi,run_0579,0.0817,1.4706,1.3889,5.0,40.0,35.0,29.487,34.348,4.861000000000001,0.0,9,9.0,49.718,49.3181,-0.39990000000000236,0.0,5,5.0
semi,run_0580,1.3344,3.2407,1.9062999999999999,19.0,60.0,41.0,31.083,35.634,4.551000000000002,4.0,35,31.0,236.8526,207.197,-29.655599999999993,0.0,31,31.0
semi,run_0581,0.817,1.9336,1.1166,19.0,58.0,39.0,31.042,35.479,4.436999999999998,1.0,13,12.0,246.6474,198.755,-47.89240000000001,0.0,26,26.0
semi,run_0582,0.5991,2.2059,1.6068000000000002,15.0,54.0,39.0,30.452,35.039,4.587,2.0,26,24.0,86.7548,74.0272,-12.72760000000001,0.0,16,16.0
semi,run_0583,0.0272,1.3889,1.3617000000000001,5.0,43.0,38.0,29.192,34.246,5.054000000000002,1.0,14,13.0,33.2108,31.1836,-2.0272000000000006,0.0,5,5.0
semi,run_0584,0.2723,1.634,1.3617,11.0,49.0,38.0,30.109,34.829,4.719999999999999,0.0,11,11.0,133.6911,111.1867,-22.504400000000004,0.0,10,10.0
semi,run_0585,1.4706,2.5871,1.1165,23.0,60.0,37.0,31.494,35.894,4.399999999999999,1.0,18,17.0,324.5564,269.8802,-54.676199999999994,0.0,33,33.0
semi,run_0586,0.0817,1.4161,1.3344,5.0,42.0,37.0,29.263,34.211,4.947999999999997,1.0,13,12.0,35.9925,32.6552,-3.337299999999999,0.0,5,5.0
semi,run_0587,0.0,1.3072,1.3072,0.0,38.0,38.0,28.721,33.468,4.747000000000003,2.0,17,15.0,20.4751,20.5928,0.11769999999999925,0.0,3,3.0
semi,run_0588,0.1906,1.6612,1.4706000000000001,9.0,50.0,41.0,29.834,34.816,4.982000000000003,0.0,11,11.0,67.5842,62.8238,-4.760399999999997,0.0,9,9.0
semi,run_0589,0.0817,1.5523,1.4706000000000001,5.0,47.0,42.0,29.503,34.534,5.030999999999999,1.0,15,14.0,44.9374,38.4934,-6.4439999999999955,0.0,6,6.0
semi,run_0590,0.5719,1.7974,1.2255000000000003,13.0,52.0,39.0,30.573,35.08,4.506999999999998,1.0,19,18.0,104.0457,95.3399,-8.705799999999996,0.0,15,15.0
semi,run_0591,0.0,1.28,1.28,3.0,40.0,37.0,28.933,34.095,5.161999999999999,0.0,9,9.0,36.922,34.6686,-2.253399999999999,0.0,5,5.0
semi,run_0592,0.0,1.4706,1.4706,4.0,44.0,40.0,29.157,34.397,5.239999999999998,0.0,11,11.0,39.8315,39.4735,-0.357999999999997,0.0,5,5.0
semi,run_0593,0.3813,1.7974,1.4161000000000001,13.0,54.0,41.0,30.559,35.039,4.48,3.0,21,18.0,62.8086,57.1835,-5.625099999999996,0.0,13,13.0
semi,run_0594,0.0,1.3344,1.3344,4.0,40.0,36.0,29.032,34.203,5.171000000000003,0.0,10,10.0,45.5282,44.5668,-0.9613999999999976,0.0,5,5.0
semi,run_0595,0.1089,1.6068,1.4979,7.0,49.0,42.0,29.652,34.821,5.168999999999997,0.0,10,10.0,117.2492,100.507,-16.742199999999997,0.0,9,9.0
semi,run_0596,0.0545,1.4978,1.4433,4.0,43.0,39.0,29.369,34.469,5.100000000000001,0.0,10,10.0,67.8038,56.1292,-11.674599999999998,0.0,5,5.0
semi,run_0597,0.1089,1.634,1.5251,9.0,49.0,40.0,29.798,34.844,5.046000000000003,0.0,11,11.0,67.1994,63.0221,-4.177299999999995,0.0,8,8.0
semi,run_0598,0.0272,1.3617,1.3345,4.0,40.0,36.0,29.277,33.598,4.320999999999998,5.0,20,15.0,17.2076,17.4894,0.2818000000000005,0.0,3,3.0
semi,run_0599,0.0817,1.3617,1.2799999999999998,5.0,42.0,37.0,29.273,34.308,5.035,1.0,15,14.0,48.3474,46.9047,-1.442700000000002,0.0,6,6.0
semi,run_0600,0.2723,1.9063,1.6340000000000001,10.0,52.0,42.0,29.937,35.006,5.068999999999999,0.0,19,19.0,141.7037,120.0363,-21.6674,0.0,9,9.0
semi,run_0601,0.1089,1.6068,1.4979,6.0,47.0,41.0,29.667,34.488,4.820999999999998,0.0,12,12.0,34.7314,29.5317,-5.1997,0.0,5,5.0
semi,run_0602,0.0,1.3344,1.3344,3.0,41.0,38.0,29.072,34.14,5.068000000000001,0.0,14,14.0,32.9767,27.3934,-5.583300000000001,0.0,5,5.0
semi,run_0603,0.3268,2.1786,1.8518,11.0,50.0,39.0,30.196,34.64,4.443999999999999,6.0,36,30.0,26.2678,22.8679,-3.3999000000000024,0.0,8,8.0
semi,run_0604,0.2451,1.5795,1.3343999999999998,9.0,43.0,34.0,29.984,34.319,4.335000000000001,1.0,12,11.0,49.6756,51.6448,1.9691999999999936,0.0,7,7.0
semi,run_0605,0.4357,2.0697,1.6340000000000001,13.0,55.0,42.0,30.298,35.285,4.986999999999998,0.0,16,16.0,220.4266,183.8931,-36.533500000000004,0.0,17,17.0
semi,run_0606,0.1089,1.634,1.5251,7.0,49.0,42.0,29.625,34.653,5.027999999999999,0.0,11,11.0,55.8982,53.133,-2.7652,0.0,6,6.0
semi,run_0607,0.0545,1.4978,1.4433,5.0,45.0,40.0,29.449,34.602,5.152999999999995,0.0,11,11.0,173.5414,143.8326,-29.708799999999997,0.0,7,7.0
semi,run_0608,0.2179,1.5523,1.3344,9.0,46.0,37.0,29.851,34.256,4.405000000000001,2.0,16,14.0,38.0386,36.5068,-1.531800000000004,0.0,6,6.0
semi,run_0609,0.0545,1.4161,1.3616,5.0,42.0,37.0,29.329,34.351,5.0219999999999985,0.0,13,13.0,49.3017,47.0992,-2.2024999999999935,0.0,5,5.0
semi,run_0610,0.2451,1.6612,1.4161,10.0,48.0,38.0,30.11,34.851,4.741,0.0,13,13.0,206.4505,187.1792,-19.271299999999997,0.0,9,9.0
semi,run_0611,0.3268,1.7702,1.4434,12.0,52.0,40.0,30.202,34.972,4.77,3.0,18,15.0,74.6355,64.8049,-9.83059999999999,0.0,11,11.0
semi,run_0612,0.0817,1.4434,1.3617,5.0,43.0,38.0,29.428,34.108,4.679999999999996,2.0,16,14.0,51.8846,52.9955,1.1109000000000009,0.0,5,5.0
semi,run_0613,1.1438,2.7778,1.6340000000000001,19.0,59.0,40.0,31.089,35.408,4.319000000000003,7.0,38,31.0,128.07,111.2887,-16.781299999999987,0.0,24,24.0
semi,run_0614,0.0545,1.5523,1.4978,6.0,48.0,42.0,29.444,34.588,5.144000000000002,0.0,12,12.0,61.8907,59.2631,-2.627600000000001,0.0,6,6.0
semi,run_0615,0.0,1.3617,1.3617,4.0,41.0,37.0,29.153,33.671,4.518000000000001,2.0,17,15.0,18.4215,17.1425,-1.2790000000000035,0.0,3,3.0
semi,run_0616,0.4357,1.8519,1.4162000000000001,13.0,52.0,39.0,30.421,34.895,4.474000000000004,2.0,21,19.0,53.0979,44.5827,-8.5152,0.0,14,14.0
semi,run_0617,0.0817,1.4978,1.4161000000000001,5.0,45.0,40.0,29.312,34.391,5.078999999999997,0.0,11,11.0,44.3665,40.6667,-3.6998000000000033,0.0,5,5.0
semi,run_0618,0.1089,1.6068,1.4979,8.0,46.0,38.0,29.733,34.644,4.910999999999998,0.0,10,10.0,160.5814,134.7832,-25.79820000000001,0.0,8,8.0
semi,run_0619,0.2179,1.7157,1.4978,10.0,51.0,41.0,29.835,34.891,5.055999999999997,2.0,18,16.0,79.549,68.9532,-10.595800000000011,0.0,10,10.0
semi,run_0620,0.1089,1.634,1.5251,9.0,49.0,40.0,29.872,34.868,4.996000000000002,0.0,11,11.0,135.4096,124.8106,-10.599000000000018,0.0,9,9.0
semi,run_0621,0.3268,1.6885,1.3617,11.0,51.0,40.0,30.291,35.061,4.77,1.0,13,12.0,88.6104,79.8948,-8.715599999999995,0.0,12,12.0
semi,run_0622,0.0,1.0621,1.0621,0.0,29.0,29.0,28.73,32.446,3.7159999999999975,11.0,26,15.0,7.0355,7.7661,0.7305999999999999,0.0,0,0.0
semi,run_0623,0.0,1.3617,1.3617,5.0,40.0,35.0,29.19,34.1,4.91,0.0,13,13.0,32.5482,31.4419,-1.106300000000001,0.0,5,5.0
semi,run_0624,0.1089,1.5523,1.4434,7.0,45.0,38.0,29.539,34.503,4.963999999999999,0.0,11,11.0,69.1873,55.0262,-14.16109999999999,0.0,6,6.0
semi,run_0625,0.1362,1.6612,1.525,9.0,49.0,40.0,29.86,34.853,4.993000000000002,0.0,11,11.0,109.1508,87.8273,-21.32350000000001,0.0,8,8.0
semi,run_0626,0.2179,1.6612,1.4433,9.0,46.0,37.0,29.787,34.505,4.7180000000000035,1.0,14,13.0,37.1373,32.9204,-4.2169000000000025,0.0,8,8.0
semi,run_0627,1.4434,2.9139,1.4705,24.0,58.0,34.0,31.277,35.063,3.7860000000000014,21.0,53,32.0,22.4998,21.1415,-1.3582999999999998,0.0,25,25.0
semi,run_0628,0.0817,1.4978,1.4161000000000001,5.0,43.0,38.0,29.515,34.468,4.953000000000003,0.0,7,7.0,66.3968,63.0612,-3.3355999999999995,0.0,6,6.0
semi,run_0629,0.0,1.0893,1.0893,0.0,34.0,34.0,28.494,33.12,4.625999999999998,2.0,18,16.0,17.3891,17.6945,0.30540000000000234,0.0,2,2.0
semi,run_0630,0.2451,1.6068,1.3617,9.0,48.0,39.0,30.037,34.448,4.411000000000001,2.0,18,16.0,36.1725,34.4014,-1.771099999999997,0.0,7,7.0
semi,run_0631,0.0,1.3617,1.3617,3.0,40.0,37.0,28.885,34.149,5.263999999999999,0.0,11,11.0,44.8146,46.8802,2.0656000000000034,0.0,5,5.0
semi,run_0632,0.1089,1.5523,1.4434,6.0,47.0,41.0,29.63,34.631,5.001000000000001,0.0,10,10.0,116.1496,90.319,-25.830600000000004,0.0,7,7.0
semi,run_0633,0.2179,1.6885,1.4706,7.0,51.0,44.0,29.798,34.67,4.872000000000003,2.0,20,18.0,56.2312,51.6869,-4.5443,0.0,7,7.0
semi,run_0634,0.0,1.4434,1.4434,5.0,41.0,36.0,29.353,33.845,4.491999999999997,2.0,17,15.0,19.414,18.3555,-1.0585000000000022,0.0,4,4.0
semi,run_0635,0.0,1.3889,1.3889,3.0,42.0,39.0,28.966,34.328,5.362000000000002,0.0,10,10.0,54.912,48.5829,-6.329099999999997,0.0,5,5.0
semi,run_0636,0.0,1.28,1.28,2.0,39.0,37.0,28.817,34.024,5.207000000000001,0.0,12,12.0,45.2261,47.892,2.6659000000000006,0.0,5,5.0
semi,run_0637,0.5719,1.7702,1.1983000000000001,17.0,51.0,34.0,30.803,35.117,4.3139999999999965,1.0,15,14.0,153.473,132.0069,-21.46610000000001,0.0,19,19.0
semi,run_0638,0.2996,1.7157,1.4161000000000001,12.0,51.0,39.0,30.153,34.757,4.603999999999999,3.0,21,18.0,53.0379,45.2854,-7.752499999999998,0.0,8,8.0
semi,run_0639,0.0,1.2527,1.2527,2.0,39.0,37.0,28.789,33.97,5.180999999999997,0.0,11,11.0,31.3288,27.7035,-3.625300000000003,0.0,5,5.0
semi,run_0640,0.6536,1.8519,1.1983000000000001,14.0,52.0,38.0,30.536,35.055,4.518999999999998,1.0,15,14.0,80.9477,66.8799,-14.067799999999991,0.0,18,18.0
semi,run_0641,0.2451,1.634,1.3888999999999998,10.0,49.0,39.0,29.972,34.555,4.582999999999998,2.0,16,14.0,45.0655,37.7517,-7.3138000000000005,0.0,8,8.0
semi,run_0642,0.2451,1.6612,1.4161,10.0,50.0,40.0,30.051,34.869,4.818000000000001,1.0,11,10.0,107.4603,94.6035,-12.856800000000007,0.0,9,9.0
semi,run_0643,0.0,1.3889,1.3889,3.0,40.0,37.0,29.012,33.977,4.964999999999996,0.0,12,12.0,26.6803,24.0681,-2.612199999999998,0.0,5,5.0
semi,run_0644,0.9532,1.9063,0.9531000000000001,16.0,57.0,41.0,30.644,35.161,4.517000000000003,2.0,18,16.0,63.0524,53.838,-9.214399999999998,0.0,19,19.0
semi,run_0645,0.1362,1.5795,1.4432999999999998,8.0,43.0,35.0,29.703,34.476,4.773,0.0,11,11.0,47.1021,48.0832,0.9810999999999979,0.0,7,7.0
semi,run_0646,0.2451,1.6885,1.4433999999999998,10.0,46.0,36.0,29.951,34.235,4.283999999999999,5.0,22,17.0,26.5,25.098,-1.402000000000001,0.0,6,6.0
semi,run_0647,0.0,1.3889,1.3889,4.0,43.0,39.0,29.088,34.186,5.097999999999999,0.0,15,15.0,33.2695,30.4663,-2.8032000000000004,0.0,5,5.0
semi,run_0648,0.0817,1.4434,1.3617,5.0,41.0,36.0,29.468,34.388,4.919999999999998,0.0,10,10.0,55.1177,53.7719,-1.345799999999997,0.0,5,5.0
semi,run_0649,0.2723,1.7429,1.4706,11.0,51.0,40.0,29.923,35.097,5.174000000000003,0.0,12,12.0,141.0471,121.4773,-19.5698,0.0,9,9.0
semi,run_0650,0.2451,1.634,1.3888999999999998,10.0,46.0,36.0,29.929,34.435,4.506000000000004,2.0,16,14.0,35.2068,34.0603,-1.1465000000000032,0.0,7,7.0
semi,run_0651,0.1089,1.5795,1.4706,7.0,47.0,40.0,29.655,34.515,4.859999999999999,0.0,12,12.0,56.7956,49.0639,-7.731700000000004,0.0,7,7.0
semi,run_0652,0.1089,1.4978,1.3889,6.0,42.0,36.0,29.507,33.739,4.231999999999996,5.0,23,18.0,11.899,11.1739,-0.7250999999999994,0.0,4,4.0
semi,run_0653,0.0545,1.4978,1.4433,4.0,43.0,39.0,29.41,34.45,5.040000000000003,0.0,9,9.0,52.962,49.8191,-3.1429000000000045,0.0,5,5.0
semi,run_0654,0.0817,1.5251,1.4434,6.0,45.0,39.0,29.589,34.315,4.725999999999999,2.0,18,16.0,48.5776,47.0403,-1.5372999999999948,0.0,5,5.0
semi,run_0655,0.0,1.171,1.171,0.0,32.0,32.0,28.639,33.215,4.576000000000004,2.0,16,14.0,15.0862,15.6562,0.5700000000000003,0.0,2,2.0
semi,run_0656,0.0,1.4978,1.4978,4.0,43.0,39.0,29.368,33.975,4.607000000000003,2.0,17,15.0,25.4973,23.6434,-1.8538999999999994,0.0,5,5.0
semi,run_0657,0.1089,1.4706,1.3617,5.0,44.0,39.0,29.573,34.343,4.770000000000003,2.0,17,15.0,66.6481,68.1358,1.4877000000000038,0.0,6,6.0
semi,run_0658,0.1089,1.6068,1.4979,8.0,45.0,37.0,29.798,34.599,4.800999999999998,0.0,9,9.0,59.7538,60.001,0.24719999999999942,0.0,8,8.0
semi,run_0659,0.2723,2.2059,1.9336000000000002,11.0,49.0,38.0,30.089,34.859,4.770000000000003,0.0,19,19.0,209.882,184.1336,-25.748400000000004,0.0,12,12.0
semi,run_0660,0.1089,1.5523,1.4434,7.0,48.0,41.0,29.537,34.561,5.024000000000001,0.0,12,12.0,101.7834,80.4602,-21.3232,0.0,6,6.0
semi,run_0661,0.0817,1.3889,1.3072,5.0,41.0,36.0,29.607,34.455,4.847999999999999,0.0,10,10.0,68.7156,71.6508,2.935200000000009,0.0,7,7.0
semi,run_0662,0.0,1.3889,1.3889,4.0,40.0,36.0,29.117,34.205,5.087999999999997,0.0,11,11.0,41.4532,36.5389,-4.914300000000004,0.0,5,5.0
semi,run_0663,0.0,1.3072,1.3072,3.0,40.0,37.0,29.012,34.006,4.994,0.0,13,13.0,58.287,59.6294,1.3423999999999978,0.0,5,5.0
semi,run_0664,0.0545,1.4434,1.3889,4.0,40.0,36.0,29.324,34.376,5.051999999999996,0.0,10,10.0,74.1073,60.9167,-13.190599999999996,0.0,5,5.0
semi,run_0665,0.0,1.3072,1.3072,3.0,39.0,36.0,28.993,34.037,5.0440000000000005,0.0,11,11.0,33.1741,34.2807,1.1066000000000003,0.0,5,5.0
semi,run_0666,0.2451,1.8791,1.634,11.0,50.0,39.0,30.233,35.003,4.77,1.0,21,20.0,221.2391,193.6722,-27.566900000000004,0.0,10,10.0
semi,run_0667,0.5447,1.7974,1.2527000000000001,13.0,52.0,39.0,30.598,35.206,4.608000000000004,0.0,11,11.0,197.6743,157.6658,-40.0085,0.0,19,19.0
semi,run_0668,0.1634,1.634,1.4706,9.0,44.0,35.0,29.907,34.39,4.4830000000000005,2.0,16,14.0,36.2318,34.0938,-2.137999999999998,0.0,7,7.0
semi,run_0669,0.354,1.7429,1.3889,11.0,52.0,41.0,30.428,35.17,4.742000000000001,1.0,15,14.0,213.1901,172.8443,-40.3458,0.0,17,17.0
semi,run_0670,0.354,1.7157,1.3617,11.0,50.0,39.0,30.01,34.867,4.856999999999996,0.0,14,14.0,117.3746,94.7563,-22.618300000000005,0.0,9,9.0
semi,run_0671,0.0545,1.4161,1.3616,5.0,42.0,37.0,29.273,34.388,5.114999999999998,0.0,12,12.0,48.3898,41.2061,-7.183700000000002,0.0,6,6.0
semi,run_0672,0.1089,1.4978,1.3889,5.0,43.0,38.0,29.574,34.375,4.800999999999998,1.0,16,15.0,35.2214,30.8688,-4.3526000000000025,0.0,6,6.0
semi,run_0673,0.2179,1.8519,1.6340000000000001,11.0,51.0,40.0,30.033,34.935,4.902000000000001,0.0,16,16.0,138.0029,119.3965,-18.606400000000008,0.0,10,10.0
semi,run_0674,0.2179,1.6068,1.3889,8.0,47.0,39.0,29.881,34.284,4.402999999999999,2.0,15,13.0,38.136,37.7937,-0.3423000000000016,0.0,5,5.0
semi,run_0675,0.0817,1.4706,1.3889,5.0,41.0,36.0,29.43,34.305,4.875,0.0,12,12.0,46.5322,42.1176,-4.4146,0.0,5,5.0
semi,run_0676,0.0817,1.5795,1.4977999999999998,7.0,47.0,40.0,29.432,34.571,5.138999999999999,0.0,10,10.0,81.9366,74.155,-7.781599999999997,0.0,5,5.0
semi,run_0677,0.1089,1.3889,1.28,5.0,43.0,38.0,29.519,34.001,4.481999999999999,2.0,16,14.0,36.8621,37.5533,0.691200000000002,0.0,5,5.0
semi,run_0678,0.0,1.3344,1.3344,4.0,41.0,37.0,28.967,34.045,5.078000000000003,1.0,13,12.0,32.1369,29.5037,-2.6331999999999987,0.0,5,5.0
semi,run_0679,0.2179,1.634,1.4161,9.0,48.0,39.0,29.798,34.564,4.766000000000002,1.0,15,14.0,54.5987,47.4146,-7.184100000000001,0.0,8,8.0
semi,run_0680,0.1362,1.634,1.4977999999999998,9.0,46.0,37.0,29.891,34.643,4.7520000000000024,0.0,10,10.0,80.4709,75.2788,-5.192099999999996,0.0,9,9.0
semi,run_0681,0.1362,1.634,1.4977999999999998,9.0,47.0,38.0,29.796,34.593,4.797000000000004,0.0,11,11.0,68.7771,55.7367,-13.040400000000005,0.0,8,8.0
semi,run_0682,0.1089,1.6068,1.4979,8.0,49.0,41.0,29.663,34.775,5.111999999999998,0.0,11,11.0,93.2497,92.6814,-0.5683000000000078,0.0,8,8.0
semi,run_0683,0.2451,1.6612,1.4161,10.0,50.0,40.0,30.024,34.677,4.652999999999999,1.0,17,16.0,64.8868,58.9112,-5.975599999999993,0.0,8,8.0
semi,run_0684,0.2179,1.6612,1.4433,10.0,49.0,39.0,29.995,34.83,4.834999999999997,0.0,13,13.0,142.6061,129.7124,-12.893699999999995,0.0,9,9.0
semi,run_0685,0.0817,1.4706,1.3889,5.0,48.0,43.0,29.517,34.59,5.073000000000004,0.0,13,13.0,81.784,84.3166,2.532599999999988,0.0,6,6.0
semi,run_0686,0.1362,1.4978,1.3616000000000001,8.0,43.0,35.0,29.684,34.245,4.560999999999996,2.0,15,13.0,36.5784,35.2927,-1.2856999999999985,0.0,6,6.0
semi,run_0687,0.0817,1.5251,1.4434,5.0,44.0,39.0,29.513,34.412,4.898999999999997,0.0,11,11.0,44.918,42.8942,-2.0238000000000014,0.0,5,5.0
semi,run_0688,0.0272,1.4706,1.4434,4.0,44.0,40.0,29.252,34.353,5.101000000000003,0.0,12,12.0,48.9275,39.9753,-8.952200000000005,0.0,5,5.0
semi,run_0689,0.0817,1.5251,1.4434,6.0,45.0,39.0,29.433,34.415,4.981999999999999,1.0,15,14.0,53.575,56.6086,3.0336,0.0,6,6.0
semi,run_0690,0.1906,1.6612,1.4706000000000001,10.0,50.0,40.0,29.805,34.848,5.042999999999999,0.0,13,13.0,102.0033,83.8602,-18.14309999999999,0.0,9,9.0
semi,run_0691,0.5174,1.8519,1.3345000000000002,14.0,55.0,41.0,30.394,34.991,4.597000000000001,2.0,22,20.0,54.7307,50.3481,-4.3825999999999965,0.0,11,11.0
semi,run_0692,0.1089,2.3148,2.2058999999999997,7.0,50.0,43.0,29.551,34.737,5.1860000000000035,2.0,29,27.0,145.4933,139.169,-6.324299999999994,0.0,8,8.0
semi,run_0693,0.2179,1.6612,1.4433,10.0,50.0,40.0,29.961,34.9,4.939,0.0,11,11.0,83.0218,74.0411,-8.980699999999999,0.0,9,9.0
semi,run_0694,0.2451,1.6885,1.4433999999999998,12.0,49.0,37.0,30.262,34.832,4.57,1.0,13,12.0,67.3848,58.6365,-8.7483,0.0,9,9.0
semi,run_0695,0.2451,1.6068,1.3617,10.0,44.0,34.0,29.952,34.391,4.4389999999999965,0.0,11,11.0,39.7896,41.0596,1.2700000000000031,0.0,7,7.0
semi,run_0696,0.1089,1.8246,1.7157,7.0,50.0,43.0,29.564,34.737,5.173000000000002,0.0,16,16.0,130.4394,115.8081,-14.63130000000001,0.0,7,7.0
semi,run_0697,0.2723,1.8246,1.5523,14.0,52.0,38.0,30.217,34.925,4.707999999999998,2.0,20,18.0,60.4968,55.3629,-5.133899999999997,0.0,11,11.0
semi,run_0698,0.2451,1.5795,1.3343999999999998,10.0,49.0,39.0,29.955,34.61,4.655000000000001,2.0,17,15.0,42.9085,38.9702,-3.938299999999998,0.0,8,8.0
semi,run_0699,0.0,1.2527,1.2527,3.0,32.0,29.0,29.005,33.094,4.089000000000002,4.0,17,13.0,13.3531,13.8876,0.5345000000000013,0.0,1,1.0
semi,run_0700,0.1089,1.5523,1.4434,6.0,47.0,41.0,29.588,34.529,4.9410000000000025,1.0,15,14.0,57.7604,50.2759,-7.484499999999997,0.0,6,6.0
semi,run_0701,0.1362,1.634,1.4977999999999998,7.0,43.0,36.0,29.751,34.202,4.450999999999997,2.0,21,19.0,27.0578,26.4481,-0.6097000000000001,0.0,6,6.0
semi,run_0702,0.1362,1.6612,1.525,9.0,50.0,41.0,29.807,34.805,4.998000000000001,0.0,12,12.0,69.5717,63.0536,-6.518100000000004,0.0,9,9.0
semi,run_0703,0.1634,1.634,1.4706,9.0,47.0,38.0,29.916,34.673,4.7570000000000014,0.0,11,11.0,86.9355,74.4248,-12.5107,0.0,8,8.0
semi,run_0704,0.0817,1.4161,1.3344,5.0,40.0,35.0,29.3,34.286,4.986000000000001,0.0,11,11.0,48.5195,44.6991,-3.8203999999999994,0.0,5,5.0
semi,run_0705,0.3813,1.6885,1.3072,12.0,49.0,37.0,30.316,35.049,4.7330000000000005,0.0,10,10.0,114.7407,99.3126,-15.4281,0.0,14,14.0
semi,run_0706,0.4357,1.988,1.5523,14.0,53.0,39.0,30.576,35.259,4.683,1.0,18,17.0,234.4921,191.4176,-43.0745,0.0,19,19.0
semi,run_0707,0.0817,1.634,1.5522999999999998,7.0,49.0,42.0,29.626,34.832,5.2059999999999995,0.0,13,13.0,130.8407,109.257,-21.583699999999993,0.0,9,9.0
semi,run_0708,0.0817,1.5795,1.4977999999999998,5.0,46.0,41.0,29.451,34.503,5.052,0.0,15,15.0,69.0095,62.6701,-6.339400000000005,0.0,6,6.0
semi,run_0709,0.1362,1.634,1.4977999999999998,9.0,48.0,39.0,29.964,34.721,4.756999999999998,0.0,11,11.0,101.1047,79.6732,-21.4315,0.0,9,9.0
semi,run_0710,0.0,1.3617,1.3617,4.0,40.0,36.0,29.03,34.212,5.182000000000002,0.0,12,12.0,34.028,30.8255,-3.202499999999997,0.0,5,5.0
semi,run_0711,0.3813,1.6885,1.3072,12.0,50.0,38.0,30.082,34.669,4.586999999999996,2.0,17,15.0,42.6802,36.3907,-6.289499999999997,0.0,9,9.0
semi,run_0712,0.1089,1.5251,1.4162,8.0,43.0,35.0,29.725,34.424,4.698999999999998,0.0,11,11.0,47.9547,41.86,-6.094700000000003,0.0,7,7.0
semi,run_0713,0.2451,1.6612,1.4161,11.0,47.0,36.0,30.14,34.901,4.761000000000003,0.0,10,10.0,107.199,92.1277,-15.071299999999994,0.0,11,11.0
semi,run_0714,0.0545,1.4161,1.3616,4.0,41.0,37.0,29.249,34.376,5.126999999999999,0.0,10,10.0,60.1819,56.8319,-3.3500000000000014,0.0,5,5.0
semi,run_0715,0.0817,1.4161,1.3344,5.0,41.0,36.0,29.458,34.424,4.966000000000001,0.0,10,10.0,58.2437,59.0351,0.791400000000003,0.0,6,6.0
semi,run_0716,0.0,1.28,1.28,3.0,39.0,36.0,28.85,33.997,5.1469999999999985,0.0,11,11.0,42.007,35.7372,-6.2697999999999965,0.0,5,5.0
semi,run_0717,0.0545,1.4434,1.3889,5.0,40.0,35.0,29.219,34.225,5.006,0.0,12,12.0,37.414,32.7463,-4.6677000000000035,0.0,5,5.0
semi,run_0718,0.0545,1.4978,1.4433,4.0,43.0,39.0,29.341,34.41,5.0689999999999955,0.0,10,10.0,86.4401,67.1626,-19.277500000000003,0.0,5,5.0
semi,run_0719,0.2723,1.6885,1.4162,12.0,52.0,40.0,30.421,35.088,4.667000000000002,1.0,13,12.0,111.2692,95.2558,-16.013400000000004,0.0,15,15.0
semi,run_0720,0.0817,1.6068,1.5251000000000001,5.0,48.0,43.0,29.499,34.703,5.204000000000004,0.0,10,10.0,80.5317,74.8293,-5.702399999999997,0.0,7,7.0
semi,run_0721,0.0,1.3344,1.3344,3.0,41.0,38.0,29.101,33.986,4.884999999999998,1.0,15,14.0,50.3858,52.7162,2.3303999999999974,0.0,5,5.0
semi,run_0722,0.7625,1.8791,1.1166,15.0,57.0,42.0,30.665,35.196,4.530999999999999,2.0,19,17.0,55.055,51.196,-3.8590000000000018,0.0,18,18.0
semi,run_0723,0.1089,1.5251,1.4162,6.0,47.0,41.0,29.735,34.572,4.837000000000003,0.0,11,11.0,57.6659,58.5619,0.8960000000000008,0.0,7,7.0
semi,run_0724,0.1906,1.9063,1.7157,8.0,50.0,42.0,29.843,34.722,4.879000000000001,0.0,20,20.0,88.77,76.1562,-12.613799999999998,0.0,8,8.0
semi,run_0725,0.1089,1.6885,1.5796,7.0,50.0,43.0,29.562,34.762,5.199999999999999,0.0,15,15.0,114.8596,102.9686,-11.891000000000005,0.0,7,7.0
semi,run_0726,0.1089,1.634,1.5251,9.0,50.0,41.0,29.719,34.699,4.979999999999997,0.0,11,11.0,80.6607,66.2155,-14.4452,0.0,8,8.0
semi,run_0727,0.2996,1.7157,1.4161000000000001,9.0,49.0,40.0,30.046,34.482,4.436,2.0,21,19.0,25.1839,22.2616,-2.9223,0.0,7,7.0
semi,run_0728,0.0817,1.4978,1.4161000000000001,5.0,42.0,37.0,29.446,34.457,5.010999999999999,0.0,8,8.0,53.735,54.6803,0.9453000000000031,0.0,5,5.0
semi,run_0729,0.0545,1.4434,1.3889,4.0,40.0,36.0,29.326,34.29,4.963999999999999,0.0,8,8.0,52.275,53.391,1.1159999999999997,0.0,5,5.0
semi,run_0730,0.0,1.3072,1.3072,0.0,40.0,40.0,28.805,33.807,5.0020000000000024,0.0,15,15.0,34.1146,35.2842,1.1695999999999955,0.0,3,3.0
semi,run_0731,0.3813,1.9336,1.5523,12.0,56.0,44.0,30.302,35.27,4.9680000000000035,0.0,16,16.0,159.2395,135.2493,-23.990199999999987,0.0,14,14.0
semi,run_0732,0.2451,1.634,1.3888999999999998,9.0,50.0,41.0,30.019,34.574,4.555,3.0,22,19.0,43.86,40.8694,-2.9906000000000006,0.0,7,7.0
semi,run_0733,0.1362,1.5523,1.4161000000000001,9.0,43.0,34.0,29.789,34.354,4.564999999999998,1.0,15,14.0,37.6306,35.4467,-2.1839000000000013,0.0,7,7.0
semi,run_0734,0.0,1.1438,1.1438,0.0,32.0,32.0,28.658,33.188,4.530000000000001,2.0,16,14.0,25.8481,27.7545,1.9064000000000014,0.0,2,2.0
semi,run_0735,0.1362,1.634,1.4977999999999998,9.0,48.0,39.0,29.827,34.762,4.934999999999999,0.0,11,11.0,105.1845,87.0738,-18.110699999999994,0.0,9,9.0
semi,run_0736,0.0,1.2255,1.2255,0.0,37.0,37.0,28.651,33.514,4.863000000000003,0.0,14,14.0,23.4473,23.7609,0.313600000000001,0.0,3,3.0
semi,run_0737,0.1362,1.5795,1.4432999999999998,10.0,46.0,36.0,29.902,34.633,4.731000000000002,0.0,11,11.0,53.6529,48.0623,-5.590600000000002,0.0,8,8.0
semi,run_0738,0.0817,1.3617,1.2799999999999998,5.0,43.0,38.0,29.258,34.027,4.769000000000002,2.0,17,15.0,28.0505,26.607,-1.4435000000000002,0.0,5,5.0
semi,run_0739,0.1089,1.5795,1.4706,5.0,46.0,41.0,29.626,34.634,5.007999999999999,0.0,10,10.0,76.7668,70.1962,-6.570599999999999,0.0,8,8.0
semi,run_0740,0.0817,1.4706,1.3889,5.0,43.0,38.0,29.563,34.28,4.717000000000002,2.0,16,14.0,34.6729,31.938,-2.7348999999999997,0.0,5,5.0
semi,run_0741,0.7353,1.8519,1.1166,15.0,50.0,35.0,30.602,34.69,4.087999999999997,4.0,19,15.0,31.7734,28.7854,-2.9879999999999995,0.0,11,11.0
semi,run_0742,0.0545,1.4706,1.4161,4.0,40.0,36.0,29.248,34.319,5.0710000000000015,0.0,11,11.0,41.1335,43.0663,1.9328000000000003,0.0,5,5.0
semi,run_0743,0.1089,1.5795,1.4706,6.0,42.0,36.0,29.602,33.936,4.334,8.0,25,17.0,39.4897,41.1997,1.7100000000000009,0.0,5,5.0
semi,run_0744,0.3813,2.7505,2.3692,12.0,52.0,40.0,30.437,35.161,4.724,7.0,35,28.0,338.4132,318.4525,-19.96070000000003,0.0,16,16.0
semi,run_0745,0.1362,1.634,1.4977999999999998,10.0,49.0,39.0,29.87,34.784,4.913999999999998,1.0,14,13.0,117.114,99.7702,-17.3438,0.0,8,8.0
semi,run_0746,0.0,1.28,1.28,3.0,39.0,36.0,28.813,33.828,5.015000000000004,0.0,12,12.0,24.2249,23.0601,-1.1648000000000032,0.0,3,3.0
semi,run_0747,0.2451,1.6612,1.4161,10.0,48.0,38.0,30.01,34.62,4.609999999999996,1.0,16,15.0,44.9513,41.6439,-3.3074000000000012,0.0,8,8.0
semi,run_0748,0.0,1.3344,1.3344,4.0,39.0,35.0,28.973,34.003,5.030000000000001,0.0,14,14.0,30.0892,29.6593,-0.42989999999999995,0.0,4,4.0
semi,run_0749,0.4357,1.8791,1.4434,12.0,55.0,43.0,30.279,35.079,4.800000000000001,1.0,21,20.0,80.8117,67.774,-13.037700000000001,0.0,12,12.0
semi,run_0750,0.5447,1.7157,1.171,11.0,51.0,40.0,30.47,34.844,4.374000000000002,1.0,12,11.0,64.6537,65.342,0.6882999999999981,0.0,12,12.0
semi,run_0751,0.0817,1.4706,1.3889,5.0,41.0,36.0,29.349,34.395,5.046000000000003,0.0,11,11.0,57.9322,50.3016,-7.630600000000001,0.0,5,5.0
semi,run_0752,0.0,1.3344,1.3344,3.0,40.0,37.0,28.953,34.093,5.140000000000004,0.0,11,11.0,39.0081,39.9428,0.9346999999999994,0.0,5,5.0
semi,run_0753,0.3268,1.6885,1.3617,11.0,50.0,39.0,30.17,34.989,4.8189999999999955,0.0,11,11.0,138.3716,121.2119,-17.1597,0.0,11,11.0
semi,run_0754,0.0817,1.4978,1.4161000000000001,5.0,43.0,38.0,29.538,34.039,4.501000000000001,2.0,19,17.0,41.7592,43.7171,1.9579000000000022,0.0,5,5.0
semi,run_0755,0.1089,1.5251,1.4162,7.0,45.0,38.0,29.643,34.526,4.883000000000003,0.0,11,11.0,87.9268,87.1322,-0.7946000000000026,0.0,6,6.0
semi,run_0756,0.4357,1.6885,1.2528,13.0,45.0,32.0,30.321,34.064,3.7429999999999986,15.0,32,17.0,21.1682,21.6579,0.4897000000000027,0.0,7,7.0
semi,run_0757,1.2527,2.0425,0.7898000000000001,18.0,54.0,36.0,31.261,35.315,4.0539999999999985,5.0,17,12.0,99.2745,80.4553,-18.81920000000001,0.0,26,26.0
semi,run_0758,0.0,1.28,1.28,2.0,40.0,38.0,28.977,34.16,5.182999999999996,0.0,9,9.0,34.8397,34.9583,0.1186000000000007,0.0,5,5.0
semi,run_0759,0.9804,2.8867,1.9062999999999999,17.0,59.0,42.0,30.821,35.214,4.392999999999997,15.0,46,31.0,56.4635,49.4957,-6.967800000000004,0.0,22,22.0
semi,run_0760,0.1362,1.6885,1.5522999999999998,9.0,50.0,41.0,29.802,34.945,5.143000000000001,0.0,11,11.0,127.6664,119.5259,-8.140500000000003,0.0,9,9.0
semi,run_0761,0.1089,1.5523,1.4434,8.0,46.0,38.0,29.652,34.487,4.835000000000001,0.0,11,11.0,55.1125,47.0758,-8.036699999999996,0.0,7,7.0
semi,run_0762,0.0,1.3072,1.3072,3.0,40.0,37.0,28.897,33.85,4.953000000000003,0.0,15,15.0,22.8297,21.1029,-1.7267999999999972,0.0,4,4.0
semi,run_0763,0.0545,1.3889,1.3344,5.0,42.0,37.0,29.235,34.301,5.0660000000000025,0.0,12,12.0,45.0711,40.8452,-4.225900000000003,0.0,5,5.0
semi,run_0764,0.0,1.3617,1.3617,4.0,42.0,38.0,29.141,34.127,4.986000000000004,0.0,14,14.0,52.063,53.2974,1.2344000000000008,0.0,5,5.0
semi,run_0765,0.0,1.3344,1.3344,4.0,41.0,37.0,28.985,33.935,4.950000000000003,1.0,16,15.0,32.472,33.4033,0.9313000000000002,0.0,4,4.0
semi,run_0766,0.0545,1.5523,1.4978,4.0,46.0,42.0,29.451,34.568,5.116999999999997,0.0,10,10.0,74.8561,60.7058,-14.150299999999994,0.0,6,6.0
semi,run_0767,0.0545,1.4978,1.4433,5.0,40.0,35.0,29.333,34.132,4.7989999999999995,0.0,12,12.0,29.4934,26.9059,-2.587500000000002,0.0,5,5.0
semi,run_0768,1.5251,2.5871,1.062,22.0,59.0,37.0,31.539,35.575,4.036000000000001,13.0,37,24.0,136.8836,122.0742,-14.809399999999997,0.0,27,27.0
semi,run_0769,0.0,1.3889,1.3889,4.0,43.0,39.0,29.269,33.989,4.719999999999999,2.0,18,16.0,41.9348,43.3666,1.4317999999999955,0.0,5,5.0
semi,run_0770,0.3268,1.634,1.3072,12.0,47.0,35.0,30.336,34.517,4.1810000000000045,3.0,17,14.0,45.6311,45.7914,0.16029999999999944,0.0,9,9.0
semi,run_0771,0.1634,1.5795,1.4161,9.0,46.0,37.0,29.865,34.634,4.769000000000002,0.0,11,11.0,81.898,70.5777,-11.320300000000003,0.0,8,8.0
semi,run_0772,0.2451,1.6885,1.4433999999999998,11.0,49.0,38.0,30.057,34.798,4.741000000000003,1.0,12,11.0,68.2504,58.3839,-9.866500000000002,0.0,9,9.0
semi,run_0773,0.0,1.4161,1.4161,5.0,43.0,38.0,29.306,34.176,4.870000000000001,2.0,18,16.0,29.149,24.3939,-4.755100000000002,0.0,5,5.0
semi,run_0774,0.1906,1.634,1.4434,10.0,49.0,39.0,29.849,34.53,4.681000000000001,2.0,17,15.0,51.9067,44.2964,-7.610300000000002,0.0,7,7.0
semi,run_0775,0.0545,1.4161,1.3616,5.0,42.0,37.0,29.265,34.338,5.073,0.0,14,14.0,49.1984,47.1554,-2.0429999999999993,0.0,5,5.0
semi,run_0776,0.2996,1.634,1.3344,11.0,48.0,37.0,30.235,34.875,4.640000000000001,0.0,9,9.0,96.6907,90.0914,-6.599300000000014,0.0,10,10.0
semi,run_0777,0.0272,1.5795,1.5523,6.0,48.0,42.0,29.502,34.366,4.864000000000001,2.0,16,14.0,34.4106,33.6606,-0.75,0.0,5,5.0
semi,run_0778,0.0545,1.6068,1.5523,6.0,50.0,44.0,29.455,34.506,5.051000000000002,1.0,19,18.0,49.7332,42.0844,-7.648799999999994,0.0,6,6.0
semi,run_0779,0.0545,1.4434,1.3889,4.0,40.0,36.0,29.232,34.366,5.134,0.0,7,7.0,61.4743,60.6114,-0.8628999999999962,0.0,5,5.0
semi,run_0780,0.0,1.2255,1.2255,2.0,39.0,37.0,28.749,33.825,5.076000000000004,0.0,10,10.0,32.8786,34.5964,1.717800000000004,0.0,3,3.0
semi,run_0781,0.0,1.3617,1.3617,4.0,38.0,34.0,29.267,33.424,4.157,5.0,21,16.0,12.8721,12.8545,-0.017599999999999838,0.0,3,3.0
semi,run_0782,0.463,2.1242,1.6612,14.0,56.0,42.0,30.539,35.221,4.681999999999995,4.0,30,26.0,104.2993,94.6981,-9.601200000000006,0.0,13,13.0
semi,run_0783,0.1089,1.5523,1.4434,6.0,46.0,40.0,29.555,34.519,4.963999999999999,0.0,11,11.0,67.406,55.4618,-11.94420000000001,0.0,6,6.0
semi,run_0784,0.2451,1.6885,1.4433999999999998,10.0,49.0,39.0,30.119,34.826,4.707000000000001,1.0,15,14.0,143.198,111.8367,-31.361300000000014,0.0,10,10.0
semi,run_0785,0.3268,1.6612,1.3344,11.0,49.0,38.0,30.257,34.891,4.633999999999997,0.0,11,11.0,82.0422,68.7185,-13.323699999999988,0.0,12,12.0
semi,run_0786,0.0817,1.634,1.5522999999999998,7.0,50.0,43.0,29.611,34.77,5.1590000000000025,0.0,14,14.0,110.5691,92.3924,-18.17670000000001,0.0,8,8.0
semi,run_0787,0.0,1.4161,1.4161,4.0,44.0,40.0,29.19,34.404,5.214000000000002,0.0,11,11.0,54.8086,46.7708,-8.037799999999997,0.0,5,5.0
semi,run_0788,0.0817,1.5523,1.4706000000000001,7.0,50.0,43.0,29.507,34.512,5.004999999999999,1.0,16,15.0,52.6967,45.503,-7.1937,0.0,6,6.0
semi,run_0789,0.0,1.4161,1.4161,4.0,41.0,37.0,29.268,33.601,4.332999999999998,5.0,24,19.0,24.8062,25.2632,0.45700000000000074,0.0,3,3.0
semi,run_0790,0.0545,1.5795,1.525,5.0,50.0,45.0,29.513,34.672,5.158999999999995,0.0,14,14.0,62.4223,54.6782,-7.744100000000003,0.0,6,6.0
semi,run_0791,0.7353,1.9063,1.1710000000000003,13.0,50.0,37.0,30.669,34.697,4.028000000000002,6.0,26,20.0,31.0805,29.5319,-1.5486000000000004,0.0,10,10.0
semi,run_0792,0.0817,1.6068,1.5251000000000001,7.0,49.0,42.0,29.554,34.664,5.110000000000003,0.0,11,11.0,63.034,52.1612,-10.872799999999998,0.0,7,7.0
semi,run_0793,0.0545,1.5523,1.4978,5.0,47.0,42.0,29.33,34.488,5.158000000000001,0.0,12,12.0,50.7404,47.4255,-3.3149000000000015,0.0,5,5.0
semi,run_0794,0.3268,1.6885,1.3617,12.0,49.0,37.0,30.363,34.954,4.591000000000001,1.0,12,11.0,100.4472,94.0853,-6.3618999999999915,0.0,11,11.0
semi,run_0795,0.1634,1.6612,1.4978,8.0,50.0,42.0,29.744,34.887,5.143000000000001,0.0,11,11.0,70.7318,64.4288,-6.3030000000000115,0.0,9,9.0
semi,run_0796,0.0,1.3889,1.3889,3.0,40.0,37.0,28.969,34.287,5.317999999999998,0.0,9,9.0,51.6368,47.576,-4.0608,0.0,5,5.0
semi,run_0797,0.7625,2.0697,1.3072000000000001,20.0,56.0,36.0,31.146,35.52,4.374000000000002,2.0,17,15.0,405.8964,364.7485,-41.14790000000005,0.0,26,26.0
semi,run_0798,0.5174,1.7429,1.2254999999999998,13.0,54.0,41.0,30.557,35.158,4.601000000000003,1.0,18,17.0,93.0202,86.9373,-6.082900000000009,0.0,14,14.0
semi,run_0799,0.1089,1.4161,1.3072,5.0,40.0,35.0,29.402,33.579,4.177,4.0,17,13.0,28.7955,30.4167,1.6211999999999982,0.0,3,3.0
semi,run_0800,0.3813,1.7429,1.3616,11.0,50.0,39.0,30.2,35.074,4.873999999999999,1.0,11,10.0,277.4436,238.4798,-38.96379999999999,0.0,13,13.0
semi,run_0801,0.1089,1.5795,1.4706,8.0,48.0,40.0,29.793,34.723,4.93,0.0,11,11.0,93.1921,87.3919,-5.80019999999999,0.0,8,8.0
semi,run_0802,0.1089,1.4434,1.3345,5.0,43.0,38.0,29.484,34.216,4.731999999999999,2.0,17,15.0,29.3415,26.3242,-3.0172999999999988,0.0,6,6.0
semi,run_0803,0.2451,1.7429,1.4977999999999998,10.0,53.0,43.0,29.992,35.001,5.008999999999997,1.0,12,11.0,83.4014,77.4496,-5.9517999999999915,0.0,11,11.0
semi,run_0804,0.2451,1.6885,1.4433999999999998,11.0,49.0,38.0,30.155,34.91,4.7549999999999955,1.0,11,10.0,186.116,143.7967,-42.31930000000003,0.0,9,9.0
semi,run_0805,0.0817,1.5523,1.4706000000000001,5.0,45.0,40.0,29.473,34.568,5.094999999999999,0.0,10,10.0,65.6884,66.9454,1.257000000000005,0.0,6,6.0
semi,run_0806,0.0,1.3889,1.3889,5.0,41.0,36.0,29.358,33.938,4.580000000000002,2.0,16,14.0,16.8545,15.3525,-1.5020000000000024,0.0,5,5.0
semi,run_0807,0.0,1.3889,1.3889,4.0,41.0,37.0,29.064,34.247,5.183,0.0,12,12.0,44.2391,45.1656,0.9264999999999972,0.0,5,5.0
semi,run_0808,0.6536,1.7157,1.0621,15.0,50.0,35.0,30.848,34.588,3.740000000000002,8.0,23,15.0,45.6883,46.4237,0.7353999999999985,0.0,11,11.0
semi,run_0809,0.1362,1.9336,1.7974,7.0,50.0,43.0,29.732,34.537,4.805,2.0,24,22.0,59.6139,50.9985,-8.615400000000001,0.0,6,6.0
semi,run_0810,0.4085,1.7157,1.3072,11.0,50.0,39.0,30.464,34.995,4.530999999999999,0.0,12,12.0,117.1615,104.4023,-12.759200000000007,0.0,15,15.0
semi,run_0811,0.0545,1.5251,1.4706,5.0,45.0,40.0,29.388,34.432,5.0440000000000005,0.0,11,11.0,51.9987,51.2208,-0.7779000000000025,0.0,5,5.0
semi,run_0812,0.3268,1.7974,1.4706000000000001,12.0,52.0,40.0,30.145,35.102,4.956999999999997,0.0,13,13.0,327.082,259.9643,-67.11770000000001,0.0,11,11.0
semi,run_0813,0.3268,1.7702,1.4434,11.0,52.0,41.0,30.346,35.173,4.827000000000002,0.0,13,13.0,201.8364,163.3563,-38.48009999999999,0.0,15,15.0
semi,run_0814,0.2723,1.7702,1.4979,10.0,50.0,40.0,30.095,34.946,4.850999999999999,1.0,18,17.0,94.1847,82.8467,-11.338000000000008,0.0,10,10.0
semi,run_0815,0.2723,2.3965,2.1242,10.0,50.0,40.0,30.071,34.885,4.8139999999999965,3.0,34,31.0,110.9872,102.9993,-7.987899999999996,0.0,10,10.0
semi,run_0816,0.0817,1.5523,1.4706000000000001,6.0,44.0,38.0,29.498,34.567,5.068999999999999,0.0,7,7.0,59.5208,62.1197,2.5989000000000004,0.0,5,5.0
semi,run_0817,0.0545,1.3889,1.3344,4.0,40.0,36.0,29.176,34.232,5.056000000000001,0.0,11,11.0,44.9221,40.2041,-4.7180000000000035,0.0,5,5.0
semi,run_0818,0.0,1.3617,1.3617,5.0,40.0,35.0,29.124,33.932,4.808000000000003,1.0,15,14.0,22.437,18.9276,-3.5093999999999994,0.0,5,5.0
semi,run_0819,0.0817,1.4978,1.4161000000000001,5.0,44.0,39.0,29.515,34.416,4.900999999999996,1.0,16,15.0,63.2983,50.1676,-13.130699999999997,0.0,6,6.0
semi,run_0820,0.5719,1.8791,1.3072,16.0,54.0,38.0,30.7,35.205,4.504999999999999,1.0,17,16.0,106.2411,87.9926,-18.248500000000007,0.0,18,18.0
semi,run_0821,0.0,1.28,1.28,3.0,40.0,37.0,28.97,34.071,5.100999999999999,0.0,9,9.0,36.4676,35.5616,-0.9059999999999988,0.0,5,5.0
semi,run_0822,0.3268,1.7974,1.4706000000000001,11.0,48.0,37.0,30.245,34.905,4.66,0.0,15,15.0,172.4577,152.6963,-19.76139999999998,0.0,12,12.0
semi,run_0823,0.0,1.171,1.171,0.0,32.0,32.0,28.75,33.096,4.3459999999999965,2.0,17,15.0,15.4007,16.0261,0.6253999999999991,0.0,2,2.0
semi,run_0824,0.0817,1.3889,1.3072,5.0,41.0,36.0,29.406,34.245,4.838999999999999,0.0,11,11.0,49.6069,44.0228,-5.5841000000000065,0.0,5,5.0
semi,run_0825,0.1089,1.8519,1.743,6.0,50.0,44.0,29.758,34.575,4.817000000000004,4.0,30,26.0,55.212,50.659,-4.553000000000004,0.0,6,6.0
semi,run_0826,0.0545,1.4978,1.4433,4.0,43.0,39.0,29.358,34.459,5.101000000000003,0.0,9,9.0,66.0975,59.6314,-6.466099999999997,0.0,5,5.0
semi,run_0827,0.4357,1.9063,1.4706000000000001,11.0,55.0,44.0,30.2,35.175,4.974999999999998,1.0,19,18.0,127.5028,107.3692,-20.133599999999987,0.0,13,13.0
semi,run_0828,0.2451,1.6612,1.4161,10.0,50.0,40.0,29.969,34.855,4.885999999999996,0.0,12,12.0,88.8523,83.5146,-5.337699999999998,0.0,10,10.0
semi,run_0829,0.2723,1.634,1.3617,11.0,48.0,37.0,30.062,34.683,4.620999999999999,1.0,12,11.0,62.5093,53.8079,-8.701400000000007,0.0,9,9.0
semi,run_0830,0.0817,1.5523,1.4706000000000001,5.0,48.0,43.0,29.553,34.661,5.1080000000000005,0.0,7,7.0,92.3795,96.254,3.874500000000012,0.0,7,7.0
semi,run_0831,0.0,1.3617,1.3617,3.0,40.0,37.0,29.046,34.235,5.189,0.0,9,9.0,46.0604,47.4157,1.3552999999999997,0.0,5,5.0
semi,run_0832,0.0817,1.5251,1.4434,5.0,43.0,38.0,29.491,34.453,4.962000000000003,0.0,11,11.0,52.6441,48.0469,-4.597200000000001,0.0,6,6.0
semi,run_0833,0.0,1.3344,1.3344,3.0,40.0,37.0,28.997,34.155,5.158000000000001,0.0,11,11.0,37.36,35.92,-1.4399999999999977,0.0,5,5.0
semi,run_0834,0.1089,1.5251,1.4162,7.0,44.0,37.0,29.662,34.462,4.800000000000004,0.0,13,13.0,47.2185,39.3935,-7.824999999999996,0.0,7,7.0
semi,run_0835,0.2179,2.5327,2.3148,10.0,50.0,40.0,29.946,34.92,4.974,3.0,29,26.0,159.5375,151.0159,-8.521600000000007,0.0,10,10.0
semi,run_0836,0.1634,1.5795,1.4161,10.0,47.0,37.0,29.94,34.689,4.748999999999999,0.0,11,11.0,90.6919,77.0544,-13.637500000000003,0.0,9,9.0
semi,run_0837,0.0,1.3344,1.3344,3.0,40.0,37.0,28.989,34.013,5.023999999999997,0.0,12,12.0,31.3424,29.3071,-2.035300000000003,0.0,5,5.0
semi,run_0838,0.0545,1.5523,1.4978,4.0,47.0,43.0,29.404,34.579,5.175000000000001,0.0,11,11.0,84.1836,75.4165,-8.7671,0.0,5,5.0
semi,run_0839,0.0,1.3344,1.3344,4.0,40.0,36.0,29.052,34.267,5.215000000000003,0.0,10,10.0,64.4342,57.5722,-6.862000000000002,0.0,5,5.0
semi,run_0840,0.0,1.3344,1.3344,3.0,40.0,37.0,28.846,34.084,5.238000000000003,0.0,12,12.0,36.055,34.1169,-1.9380999999999986,0.0,5,5.0
semi,run_0841,0.1089,1.6612,1.5523,8.0,50.0,42.0,29.729,34.889,5.160000000000004,0.0,10,10.0,100.8009,86.4948,-14.3061,0.0,9,9.0
semi,run_0842,0.463,2.2059,1.7429000000000001,13.0,52.0,39.0,30.448,35.17,4.722000000000001,3.0,29,26.0,190.6227,176.3971,-14.225600000000014,0.0,16,16.0
semi,run_0843,0.0817,1.5795,1.4977999999999998,5.0,46.0,41.0,29.412,34.491,5.079000000000001,0.0,15,15.0,58.2631,52.722,-5.5411,0.0,6,6.0
semi,run_0844,0.0817,1.4978,1.4161000000000001,6.0,47.0,41.0,29.67,34.602,4.931999999999995,1.0,13,12.0,66.2534,56.9489,-9.304499999999997,0.0,7,7.0
semi,run_0845,0.0817,1.5795,1.4977999999999998,7.0,50.0,43.0,29.541,34.704,5.163,0.0,15,15.0,80.8645,67.3312,-13.533300000000011,0.0,7,7.0
semi,run_0846,0.0545,1.5795,1.525,5.0,48.0,43.0,29.489,34.305,4.815999999999999,2.0,18,16.0,26.7185,24.2473,-2.4711999999999996,0.0,5,5.0
semi,run_0847,0.0,1.3617,1.3617,4.0,40.0,36.0,29.102,34.159,5.056999999999999,0.0,11,11.0,35.4417,34.241,-1.2006999999999977,0.0,5,5.0
semi,run_0848,0.0545,1.5523,1.4978,4.0,47.0,43.0,29.287,34.621,5.334000000000003,0.0,9,9.0,117.8884,100.2175,-17.670900000000003,0.0,6,6.0
semi,run_0849,0.4902,1.9608,1.4706000000000001,13.0,50.0,37.0,30.343,34.609,4.266000000000002,3.0,26,23.0,49.1468,42.9421,-6.204699999999995,0.0,9,9.0
semi,run_0850,0.0,1.28,1.28,1.0,37.0,36.0,29.014,33.397,4.382999999999999,1.0,16,15.0,19.2569,19.4597,0.20279999999999987,0.0,3,3.0
semi,run_0851,0.0817,1.4706,1.3889,5.0,45.0,40.0,29.556,34.449,4.892999999999997,2.0,17,15.0,47.745,44.4987,-3.246299999999998,0.0,6,6.0
semi,run_0852,0.0817,1.4706,1.3889,5.0,41.0,36.0,29.518,34.293,4.774999999999999,0.0,11,11.0,47.5594,39.5896,-7.969799999999999,0.0,5,5.0
semi,run_0853,0.0,1.4434,1.4434,4.0,40.0,36.0,29.115,34.147,5.032,0.0,12,12.0,37.895,31.0936,-6.8014000000000046,0.0,5,5.0
semi,run_0854,0.0,1.4161,1.4161,4.0,41.0,37.0,29.032,34.322,5.290000000000003,0.0,11,11.0,50.0313,39.7796,-10.2517,0.0,5,5.0
semi,run_0855,0.0817,1.4434,1.3617,5.0,42.0,37.0,29.414,34.387,4.972999999999999,0.0,11,11.0,51.2312,47.0001,-4.231099999999998,0.0,5,5.0
semi,run_0856,0.0,1.4161,1.4161,5.0,41.0,36.0,29.354,33.917,4.563000000000002,2.0,18,16.0,21.7892,19.8976,-1.8916000000000004,0.0,5,5.0
semi,run_0857,0.0817,1.5795,1.4977999999999998,6.0,49.0,43.0,29.565,34.626,5.060999999999996,0.0,13,13.0,61.3416,55.4953,-5.846299999999999,0.0,6,6.0
semi,run_0858,0.0817,1.5795,1.4977999999999998,5.0,49.0,44.0,29.38,34.587,5.207000000000004,0.0,12,12.0,52.8406,47.4386,-5.402000000000001,0.0,6,6.0
semi,run_0859,0.0,1.28,1.28,3.0,40.0,37.0,28.991,34.11,5.119,0.0,11,11.0,42.1025,37.9418,-4.1606999999999985,0.0,5,5.0
semi,run_0860,0.0,1.2255,1.2255,0.0,38.0,38.0,28.707,33.49,4.783000000000001,1.0,16,15.0,33.4866,35.7633,2.276699999999998,0.0,3,3.0
semi,run_0861,0.0817,1.4978,1.4161000000000001,5.0,44.0,39.0,29.419,34.47,5.050999999999998,0.0,10,10.0,80.9636,61.9737,-18.9899,0.0,5,5.0
semi,run_0862,0.0817,1.5523,1.4706000000000001,6.0,48.0,42.0,29.67,34.67,5.0,0.0,11,11.0,90.5095,79.5863,-10.923200000000008,0.0,7,7.0
semi,run_0863,0.0,1.3344,1.3344,4.0,40.0,36.0,29.108,34.103,4.995000000000001,0.0,11,11.0,35.7128,34.2875,-1.4253,0.0,5,5.0
semi,run_0864,1.1438,1.9608,0.8170000000000002,20.0,57.0,37.0,31.149,35.253,4.103999999999999,2.0,15,13.0,77.6032,64.2329,-13.3703,0.0,26,26.0
semi,run_0865,0.0,1.0349,1.0349,0.0,32.0,32.0,28.306,33.006,4.699999999999999,2.0,17,15.0,12.6182,12.7894,0.17120000000000068,0.0,1,1.0
semi,run_0866,0.1089,1.4434,1.3345,6.0,44.0,38.0,29.649,34.523,4.874000000000002,1.0,13,12.0,52.6042,48.139,-4.465199999999996,0.0,7,7.0
semi,run_0867,0.2996,1.7157,1.4161000000000001,9.0,50.0,41.0,30.047,34.598,4.550999999999998,2.0,20,18.0,28.8867,25.6481,-3.2386000000000017,0.0,8,8.0
semi,run_0868,0.354,1.8519,1.4979,11.0,51.0,40.0,30.059,34.928,4.868999999999996,1.0,20,19.0,65.1857,54.5639,-10.6218,0.0,9,9.0
semi,run_0869,0.0,1.2255,1.2255,2.0,39.0,37.0,28.776,33.967,5.190999999999999,0.0,9,9.0,32.5916,32.8605,0.26890000000000214,0.0,5,5.0
semi,run_0870,0.0,1.3344,1.3344,2.0,40.0,38.0,28.884,34.305,5.420999999999999,0.0,8,8.0,57.1231,50.8269,-6.296199999999999,0.0,5,5.0
semi,run_0871,0.1089,1.5523,1.4434,5.0,40.0,35.0,29.609,33.618,4.009,6.0,23,17.0,19.3734,19.4218,0.04840000000000089,0.0,3,3.0
semi,run_0872,0.463,1.8791,1.4161,11.0,51.0,40.0,30.369,34.99,4.621000000000002,1.0,20,19.0,77.7405,63.0035,-14.736999999999995,0.0,13,13.0
semi,run_0873,0.5719,1.7702,1.1983000000000001,14.0,53.0,39.0,30.65,35.101,4.4510000000000005,3.0,17,14.0,67.876,60.0199,-7.856100000000005,0.0,15,15.0
semi,run_0874,1.0349,2.5327,1.4978000000000002,19.0,58.0,39.0,31.232,35.593,4.361000000000004,2.0,19,17.0,484.109,404.4805,-79.62849999999997,0.0,28,28.0
semi,run_0875,0.0545,1.4434,1.3889,4.0,40.0,36.0,29.258,34.376,5.1179999999999986,0.0,9,9.0,59.8732,63.8884,4.0152,0.0,5,5.0
semi,run_0876,0.2451,1.634,1.3888999999999998,9.0,44.0,35.0,29.826,34.4,4.573999999999998,1.0,16,15.0,38.6387,34.1175,-4.5212,0.0,8,8.0
semi,run_0877,0.3268,1.6885,1.3617,11.0,50.0,39.0,30.172,34.948,4.776,0.0,12,12.0,85.9739,76.6165,-9.357399999999998,0.0,10,10.0
semi,run_0878,0.0545,1.4161,1.3616,5.0,41.0,36.0,29.19,34.274,5.084,0.0,11,11.0,47.856,48.7412,0.8851999999999975,0.0,5,5.0
semi,run_0879,0.0817,1.5795,1.4977999999999998,6.0,46.0,40.0,29.621,34.04,4.4190000000000005,4.0,21,17.0,19.0711,17.3496,-1.7215000000000025,0.0,5,5.0
semi,run_0880,1.1983,2.5871,1.3888,21.0,59.0,38.0,31.056,35.681,4.6249999999999964,1.0,17,16.0,353.8239,287.4771,-66.34679999999997,0.0,32,32.0
semi,run_0881,0.0,1.2527,1.2527,0.0,38.0,38.0,28.724,33.654,4.930000000000003,0.0,10,10.0,17.3756,16.7746,-0.6009999999999991,0.0,3,3.0
semi,run_0882,0.0,1.3889,1.3889,3.0,42.0,39.0,28.99,34.255,5.265000000000004,0.0,12,12.0,51.9765,54.3217,2.3451999999999984,0.0,5,5.0
semi,run_0883,0.1362,1.5795,1.4432999999999998,8.0,49.0,41.0,29.824,34.693,4.868999999999996,1.0,11,10.0,81.245,73.9013,-7.343699999999998,0.0,8,8.0
semi,run_0884,0.0,1.28,1.28,2.0,39.0,37.0,28.827,34.027,5.199999999999999,0.0,12,12.0,34.5087,33.5013,-1.007399999999997,0.0,5,5.0
semi,run_0885,0.0,1.3889,1.3889,4.0,42.0,38.0,29.165,34.178,5.012999999999998,0.0,12,12.0,38.5771,40.0173,1.4401999999999973,0.0,5,5.0
semi,run_0886,0.6808,1.8519,1.1711,18.0,54.0,36.0,30.925,35.36,4.434999999999999,2.0,19,17.0,128.1386,117.276,-10.8626,0.0,22,22.0
semi,run_0887,0.0,1.3889,1.3889,4.0,40.0,36.0,29.051,34.213,5.162000000000003,0.0,11,11.0,43.0221,35.2878,-7.734300000000005,0.0,5,5.0
semi,run_0888,0.0,1.3344,1.3344,3.0,39.0,36.0,28.945,33.888,4.942999999999998,0.0,12,12.0,28.2967,27.3603,-0.9364000000000026,0.0,4,4.0
semi,run_0889,0.0817,1.5251,1.4434,5.0,44.0,39.0,29.602,34.431,4.828999999999997,0.0,11,11.0,45.8706,44.4377,-1.4329000000000036,0.0,6,6.0
semi,run_0890,0.0,1.4161,1.4161,4.0,40.0,36.0,29.102,34.085,4.9830000000000005,0.0,12,12.0,35.3178,27.6918,-7.625999999999998,0.0,5,5.0
semi,run_0891,0.0272,1.4706,1.4434,4.0,40.0,36.0,29.331,34.107,4.776,0.0,12,12.0,32.834,26.1749,-6.659100000000002,0.0,5,5.0
semi,run_0892,0.0817,1.4706,1.3889,5.0,40.0,35.0,29.353,34.171,4.817999999999998,0.0,12,12.0,33.755,29.3848,-4.370200000000004,0.0,5,5.0
semi,run_0893,0.1089,1.5523,1.4434,8.0,46.0,38.0,29.765,34.63,4.865000000000002,0.0,10,10.0,71.0122,65.6643,-5.34790000000001,0.0,8,8.0
semi,run_0894,0.1362,1.5523,1.4161000000000001,9.0,45.0,36.0,29.807,34.583,4.776,1.0,15,14.0,66.6349,52.4935,-14.141400000000004,0.0,7,7.0
semi,run_0895,0.0817,1.4978,1.4161000000000001,5.0,43.0,38.0,29.479,34.47,4.991,0.0,9,9.0,60.2753,58.7671,-1.5082000000000022,0.0,5,5.0
semi,run_0896,0.0,1.2255,1.2255,2.0,39.0,37.0,28.674,33.92,5.246000000000002,0.0,9,9.0,35.2424,36.4209,1.1784999999999997,0.0,3,3.0
semi,run_0897,0.2451,1.7429,1.4977999999999998,10.0,53.0,43.0,29.94,35.112,5.172000000000001,1.0,17,16.0,145.8337,120.1814,-25.652299999999997,0.0,11,11.0
semi,run_0898,0.0545,1.5251,1.4706,5.0,45.0,40.0,29.309,34.442,5.132999999999999,0.0,11,11.0,60.2672,55.9376,-4.329599999999999,0.0,5,5.0
semi,run_0899,0.1362,1.5795,1.4432999999999998,6.0,49.0,43.0,29.505,34.613,5.1080000000000005,2.0,16,14.0,44.8037,45.8783,1.0746000000000038,0.0,6,6.0
semi,run_0900,0.1089,1.7702,1.6613,9.0,49.0,40.0,29.861,34.94,5.078999999999997,0.0,15,15.0,154.4481,139.1833,-15.264800000000008,0.0,10,10.0
semi,run_0901,1.171,2.0969,0.9259000000000002,18.0,57.0,39.0,30.997,35.258,4.261000000000003,2.0,17,15.0,91.234,77.5872,-13.646799999999999,0.0,26,26.0
semi,run_0902,0.0,1.1983,1.1983,0.0,33.0,33.0,28.789,33.039,4.25,5.0,21,16.0,12.4897,12.7448,0.25510000000000055,0.0,1,1.0
semi,run_0903,0.2996,1.6612,1.3616000000000001,11.0,48.0,37.0,30.27,34.909,4.638999999999999,0.0,10,10.0,104.291,92.6296,-11.6614,0.0,10,10.0
semi,run_0904,0.2451,1.6612,1.4161,10.0,50.0,40.0,29.892,34.919,5.0269999999999975,0.0,12,12.0,121.7347,100.8333,-20.90140000000001,0.0,9,9.0
semi,run_0905,0.0817,1.3889,1.3072,5.0,41.0,36.0,29.346,34.238,4.8919999999999995,0.0,11,11.0,41.7351,36.1911,-5.544000000000004,0.0,5,5.0
semi,run_0906,0.0,1.3889,1.3889,4.0,43.0,39.0,29.136,34.427,5.291,0.0,8,8.0,68.2504,72.5335,4.283100000000005,0.0,5,5.0
semi,run_0907,0.0817,1.3889,1.3072,5.0,41.0,36.0,29.433,34.176,4.743000000000002,1.0,15,14.0,35.0165,31.413,-3.6035000000000004,0.0,5,5.0
semi,run_0908,0.0,1.4978,1.4978,4.0,42.0,38.0,29.325,34.212,4.887000000000004,0.0,13,13.0,34.6811,33.9782,-0.7028999999999996,0.0,5,5.0
semi,run_0909,0.2179,1.634,1.4161,10.0,48.0,38.0,30.042,34.925,4.882999999999996,0.0,11,11.0,147.3248,129.8133,-17.511500000000012,0.0,9,9.0
semi,run_0910,0.3268,1.7429,1.4161,11.0,52.0,41.0,30.059,35.137,5.077999999999999,0.0,12,12.0,126.8056,106.9382,-19.867400000000004,0.0,13,13.0
semi,run_0911,0.2723,1.6612,1.3889,10.0,50.0,40.0,30.019,34.6,4.581000000000003,2.0,18,16.0,35.8885,33.3687,-2.5198000000000036,0.0,8,8.0
semi,run_0912,0.1089,1.6068,1.4979,7.0,49.0,42.0,29.596,34.754,5.157999999999998,0.0,10,10.0,87.345,75.6533,-11.691699999999997,0.0,9,9.0
semi,run_0913,0.0545,1.4978,1.4433,4.0,43.0,39.0,29.184,34.474,5.289999999999996,0.0,10,10.0,94.9436,84.3306,-10.613,0.0,5,5.0
semi,run_0914,0.0,1.3617,1.3617,0.0,41.0,41.0,28.771,33.706,4.935000000000002,1.0,17,16.0,14.6385,12.9595,-1.6790000000000003,0.0,3,3.0
semi,run_0915,0.0,1.4161,1.4161,4.0,43.0,39.0,29.193,34.289,5.096,0.0,12,12.0,40.7583,37.5502,-3.2081000000000017,0.0,5,5.0
semi,run_0916,0.4085,1.988,1.5795,12.0,49.0,37.0,30.208,34.408,4.200000000000003,9.0,32,23.0,16.6029,14.5973,-2.005600000000001,0.0,7,7.0
semi,run_0917,0.0,1.3072,1.3072,3.0,40.0,37.0,29.023,33.671,4.648,2.0,16,14.0,20.2233,18.5928,-1.6304999999999978,0.0,3,3.0
semi,run_0918,0.1089,1.6068,1.4979,8.0,46.0,38.0,29.752,34.654,4.902000000000005,0.0,10,10.0,120.4332,97.5492,-22.884,0.0,8,8.0
semi,run_0919,0.1089,1.6068,1.4979,9.0,47.0,38.0,29.739,34.659,4.919999999999998,0.0,10,10.0,114.8507,92.4263,-22.424400000000006,0.0,8,8.0
semi,run_0920,0.5174,1.7702,1.2528000000000001,13.0,52.0,39.0,30.501,34.952,4.450999999999997,2.0,19,17.0,59.8745,54.1707,-5.703800000000001,0.0,16,16.0
semi,run_0921,0.5719,1.7702,1.1983000000000001,11.0,52.0,41.0,30.529,35.047,4.517999999999997,1.0,18,17.0,76.0881,67.5266,-8.561499999999995,0.0,14,14.0
semi,run_0922,0.3268,1.6885,1.3617,10.0,50.0,40.0,29.971,34.918,4.946999999999999,1.0,14,13.0,114.827,94.6151,-20.2119,0.0,10,10.0
semi,run_0923,0.1089,1.5523,1.4434,6.0,45.0,39.0,29.558,33.554,3.996000000000002,16.0,33,17.0,12.4797,12.3066,-0.1730999999999998,0.0,3,3.0
semi,run_0924,0.1634,1.5523,1.3889,9.0,49.0,40.0,29.898,34.652,4.754000000000001,2.0,18,16.0,55.5652,53.3734,-2.1918000000000006,0.0,8,8.0
semi,run_0925,0.2996,1.6885,1.3889,12.0,49.0,37.0,30.371,34.952,4.5809999999999995,1.0,13,12.0,180.2833,142.0644,-38.21889999999999,0.0,12,12.0
semi,run_0926,0.2451,1.6612,1.4161,10.0,47.0,37.0,30.086,34.73,4.643999999999998,0.0,11,11.0,73.8692,66.7576,-7.11160000000001,0.0,9,9.0
semi,run_0927,0.0817,1.5523,1.4706000000000001,7.0,46.0,39.0,29.497,34.57,5.073,0.0,10,10.0,90.4478,77.0161,-13.431700000000006,0.0,6,6.0
semi,run_0928,0.0817,1.4978,1.4161000000000001,5.0,45.0,40.0,29.46,34.499,5.0390000000000015,0.0,10,10.0,152.0547,124.0054,-28.049300000000002,0.0,6,6.0
semi,run_0929,0.6264,1.8519,1.2255000000000003,18.0,55.0,37.0,30.861,35.245,4.383999999999997,1.0,15,14.0,175.2686,140.0511,-35.2175,0.0,23,23.0
semi,run_0930,0.0545,1.634,1.5795,7.0,48.0,41.0,29.554,34.602,5.047999999999998,0.0,10,10.0,72.1157,74.8421,2.726399999999998,0.0,7,7.0
semi,run_0931,0.0817,1.5523,1.4706000000000001,6.0,46.0,40.0,29.565,34.414,4.849,2.0,17,15.0,36.9675,33.8057,-3.1617999999999995,0.0,6,6.0
semi,run_0932,0.1089,1.5251,1.4162,6.0,45.0,39.0,29.517,34.515,4.998000000000001,0.0,11,11.0,60.0769,62.5164,2.4394999999999953,0.0,6,6.0
semi,run_0933,0.1089,1.4434,1.3345,5.0,41.0,36.0,29.606,34.44,4.833999999999996,0.0,11,11.0,46.1609,45.761,-0.39989999999999526,0.0,7,7.0
semi,run_0934,0.1089,1.6068,1.4979,7.0,49.0,42.0,29.541,34.708,5.166999999999998,0.0,12,12.0,82.1245,71.0978,-11.026699999999991,0.0,7,7.0
semi,run_0935,0.0272,1.5523,1.5251000000000001,4.0,46.0,42.0,29.302,34.498,5.195999999999998,0.0,11,11.0,68.5407,72.3314,3.790700000000001,0.0,5,5.0
semi,run_0936,0.817,2.805,1.9880000000000002,16.0,58.0,42.0,30.717,35.355,4.637999999999998,6.0,39,33.0,151.9646,134.332,-17.632599999999996,0.0,22,22.0
semi,run_0937,0.463,1.7702,1.3072,15.0,53.0,38.0,30.667,35.314,4.6469999999999985,1.0,12,11.0,273.7532,215.9976,-57.75559999999999,0.0,22,22.0
semi,run_0938,0.0,1.2527,1.2527,2.0,38.0,36.0,28.779,33.648,4.869000000000003,0.0,10,10.0,20.7891,20.1602,-0.6289000000000016,0.0,3,3.0
semi,run_0939,0.0,1.3344,1.3344,2.0,40.0,38.0,28.942,34.047,5.104999999999997,0.0,11,11.0,31.1669,30.874,-0.2928999999999995,0.0,5,5.0
semi,run_0940,0.0545,1.634,1.5795,7.0,47.0,40.0,29.472,34.101,4.628999999999998,4.0,21,17.0,30.9152,29.9035,-1.0116999999999976,0.0,5,5.0
semi,run_0941,0.0,1.3344,1.3344,4.0,40.0,36.0,29.09,34.159,5.068999999999999,0.0,9,9.0,44.1817,42.1826,-1.9990999999999985,0.0,5,5.0
semi,run_0942,0.0,1.28,1.28,3.0,40.0,37.0,28.865,34.062,5.196999999999999,0.0,11,11.0,28.7129,26.6471,-2.065800000000003,0.0,5,5.0
semi,run_0943,0.2451,1.6885,1.4433999999999998,10.0,51.0,41.0,29.912,34.686,4.774000000000001,2.0,17,15.0,51.3018,43.5348,-7.767000000000003,0.0,8,8.0
semi,run_0944,0.0,1.4161,1.4161,4.0,40.0,36.0,29.156,34.026,4.8700000000000045,0.0,13,13.0,24.8713,23.8108,-1.060500000000001,0.0,5,5.0
semi,run_0945,0.0545,1.4434,1.3889,5.0,44.0,39.0,29.27,34.384,5.114000000000001,0.0,9,9.0,59.8267,62.4578,2.6310999999999964,0.0,5,5.0
semi,run_0946,0.0,1.3617,1.3617,3.0,40.0,37.0,28.924,34.209,5.285000000000004,0.0,11,11.0,49.2769,49.264,-0.012899999999994805,0.0,5,5.0
semi,run_0947,0.0545,1.3344,1.2799,4.0,40.0,36.0,29.201,34.191,4.990000000000002,0.0,10,10.0,41.4107,40.5135,-0.897199999999998,0.0,5,5.0
semi,run_0948,0.5719,1.7429,1.1709999999999998,15.0,52.0,37.0,30.682,35.214,4.532,0.0,12,12.0,128.8451,116.681,-12.164100000000005,0.0,17,17.0
semi,run_0949,0.0545,1.5523,1.4978,5.0,44.0,39.0,29.347,34.361,5.013999999999996,0.0,11,11.0,40.4467,36.1718,-4.274900000000002,0.0,5,5.0
semi,run_0950,0.1089,1.4161,1.3072,5.0,43.0,38.0,29.398,34.062,4.663999999999998,2.0,16,14.0,28.9912,28.2067,-0.7844999999999978,0.0,5,5.0
semi,run_0951,0.0,1.3889,1.3889,3.0,40.0,37.0,29.13,34.067,4.937000000000001,0.0,12,12.0,35.6278,34.1872,-1.4406000000000034,0.0,5,5.0
semi,run_0952,0.7081,2.342,1.6339000000000001,14.0,50.0,36.0,30.594,34.661,4.067,4.0,35,31.0,32.3751,28.7972,-3.577900000000003,0.0,12,12.0
semi,run_0953,0.2996,1.7157,1.4161000000000001,11.0,51.0,40.0,30.295,35.076,4.780999999999999,0.0,12,12.0,238.1892,193.7937,-44.3955,0.0,14,14.0
semi,run_0954,0.0,1.28,1.28,4.0,40.0,36.0,29.037,34.042,5.005000000000003,0.0,9,9.0,33.5481,34.413,0.8648999999999987,0.0,5,5.0
semi,run_0955,0.1362,1.634,1.4977999999999998,7.0,50.0,43.0,29.705,34.595,4.890000000000001,2.0,22,20.0,44.7356,40.7169,-4.0186999999999955,0.0,7,7.0
semi,run_0956,0.0545,1.5795,1.525,6.0,46.0,40.0,29.463,34.539,5.0760000000000005,0.0,11,11.0,46.7324,41.0973,-5.635100000000001,0.0,5,5.0
semi,run_0957,0.1089,1.5523,1.4434,8.0,48.0,40.0,29.724,34.693,4.968999999999998,0.0,11,11.0,72.1009,72.1791,0.0782000000000096,0.0,8,8.0
semi,run_0958,0.9804,2.6688,1.6884000000000001,21.0,60.0,39.0,30.907,35.665,4.757999999999999,6.0,32,26.0,177.4959,147.6852,-29.810699999999997,0.0,25,25.0
semi,run_0959,0.1089,1.4978,1.3889,5.0,41.0,36.0,29.511,34.398,4.887000000000004,0.0,7,7.0,57.3959,55.2537,-2.1421999999999954,0.0,6,6.0
semi,run_0960,0.0,1.5523,1.5523,4.0,45.0,41.0,29.237,34.461,5.224,0.0,11,11.0,50.5051,45.3855,-5.119599999999998,0.0,5,5.0
semi,run_0961,0.0817,1.4434,1.3617,5.0,45.0,40.0,29.489,34.485,4.995999999999999,0.0,11,11.0,73.2242,73.5464,0.32220000000000937,0.0,6,6.0
semi,run_0962,0.2996,1.6612,1.3616000000000001,11.0,49.0,38.0,30.083,34.741,4.658000000000001,1.0,14,13.0,50.8337,41.7497,-9.084000000000003,0.0,8,8.0
semi,run_0963,0.2996,1.7702,1.4706000000000001,11.0,52.0,41.0,29.994,35.082,5.088000000000001,0.0,13,13.0,179.8632,147.9436,-31.919600000000003,0.0,12,12.0
semi,run_0964,0.1634,1.5523,1.3889,8.0,50.0,42.0,29.757,34.491,4.733999999999998,1.0,15,14.0,50.5493,47.4803,-3.0690000000000026,0.0,7,7.0
semi,run_0965,0.1362,1.5251,1.3889,9.0,47.0,38.0,29.819,34.588,4.769000000000002,1.0,16,15.0,57.9616,52.7118,-5.2498000000000005,0.0,7,7.0
semi,run_0966,0.0,1.3344,1.3344,3.0,39.0,36.0,28.98,34.011,5.031000000000002,0.0,12,12.0,33.4133,31.1547,-2.2586000000000013,0.0,5,5.0
semi,run_0967,0.1089,1.5251,1.4162,9.0,45.0,36.0,29.724,34.603,4.879000000000001,0.0,10,10.0,86.264,82.7719,-3.4920999999999935,0.0,7,7.0
semi,run_0968,0.0545,1.5523,1.4978,5.0,45.0,40.0,29.426,34.462,5.036000000000005,0.0,15,15.0,43.1215,37.4643,-5.657199999999996,0.0,5,5.0
semi,run_0969,0.0,1.2527,1.2527,2.0,39.0,37.0,28.735,34.0,5.265000000000001,0.0,10,10.0,29.3102,29.0488,-0.2613999999999983,0.0,5,5.0
semi,run_0970,0.0817,1.4434,1.3617,5.0,41.0,36.0,29.329,34.389,5.060000000000002,0.0,11,11.0,54.1912,55.1462,0.9549999999999983,0.0,5,5.0
semi,run_0971,0.0,1.28,1.28,0.0,38.0,38.0,28.769,33.499,4.730000000000004,1.0,17,16.0,16.1127,14.8041,-1.3086000000000002,0.0,3,3.0
semi,run_0972,0.0817,1.4434,1.3617,5.0,43.0,38.0,29.461,34.273,4.812000000000005,1.0,14,13.0,37.2357,36.7773,-0.4584000000000046,0.0,6,6.0
semi,run_0973,0.1089,1.4978,1.3889,7.0,44.0,37.0,29.699,34.605,4.905999999999995,0.0,7,7.0,83.2413,85.3269,2.0855999999999995,0.0,7,7.0
semi,run_0974,0.3813,1.7429,1.3616,12.0,50.0,38.0,30.484,35.053,4.5689999999999955,0.0,10,10.0,125.661,102.7639,-22.897099999999995,0.0,16,16.0
semi,run_0975,0.0817,1.4161,1.3344,5.0,42.0,37.0,29.368,34.298,4.930000000000003,1.0,14,13.0,35.9247,33.8895,-2.0352000000000032,0.0,5,5.0
semi,run_0976,0.1089,1.4978,1.3889,5.0,45.0,40.0,29.545,34.597,5.052,0.0,10,10.0,88.9604,81.0411,-7.919300000000007,0.0,6,6.0
semi,run_0977,0.0,1.3072,1.3072,3.0,40.0,37.0,29.012,34.212,5.200000000000003,0.0,10,10.0,48.332,49.9264,1.5944000000000003,0.0,5,5.0
semi,run_0978,0.1634,1.6612,1.4978,9.0,51.0,42.0,29.719,34.807,5.088000000000001,1.0,16,15.0,51.4695,50.6711,-0.7983999999999938,0.0,10,10.0
semi,run_0979,0.4085,1.8791,1.4706000000000001,14.0,55.0,41.0,30.254,35.102,4.847999999999995,2.0,21,19.0,56.7041,49.4631,-7.241,0.0,11,11.0
semi,run_0980,0.1362,1.5523,1.4161000000000001,7.0,48.0,41.0,29.704,34.579,4.875,1.0,14,13.0,52.2129,45.7358,-6.4771,0.0,7,7.0
semi,run_0981,0.0817,1.4434,1.3617,5.0,43.0,38.0,29.431,34.363,4.931999999999999,1.0,16,15.0,43.7311,43.3013,-0.4298000000000002,0.0,6,6.0
semi,run_0982,0.3268,1.6885,1.3617,11.0,50.0,39.0,30.461,35.022,4.561,0.0,11,11.0,114.966,105.6636,-9.302399999999992,0.0,13,13.0
semi,run_0983,0.3268,1.7157,1.3889,11.0,50.0,39.0,30.149,34.838,4.689,1.0,15,14.0,101.8409,81.1084,-20.7325,0.0,11,11.0
semi,run_0984,0.0,1.3344,1.3344,3.0,39.0,36.0,28.883,33.777,4.894000000000002,0.0,12,12.0,34.6313,36.7056,2.074299999999994,0.0,3,3.0
semi,run_0985,0.0,1.28,1.28,4.0,36.0,32.0,28.957,33.256,4.2989999999999995,5.0,20,15.0,24.5497,25.8818,1.332099999999997,0.0,2,2.0
semi,run_0986,0.1089,1.5251,1.4162,6.0,43.0,37.0,29.671,34.161,4.490000000000002,4.0,20,16.0,28.1747,26.6644,-1.5103000000000009,0.0,6,6.0
semi,run_0987,1.0349,2.4237,1.3888000000000003,21.0,60.0,39.0,30.965,35.566,4.601000000000003,1.0,24,23.0,138.9621,113.4928,-25.46929999999999,0.0,25,25.0
semi,run_0988,0.1089,1.4978,1.3889,6.0,43.0,37.0,29.478,34.376,4.897999999999996,0.0,11,11.0,44.5045,37.3097,-7.194800000000001,0.0,5,5.0
semi,run_0989,0.1089,1.6068,1.4979,8.0,46.0,38.0,29.893,34.686,4.792999999999999,0.0,11,11.0,87.5859,72.6151,-14.970799999999997,0.0,9,9.0
semi,run_0990,1.3889,2.2059,0.8170000000000002,20.0,59.0,39.0,31.353,35.478,4.125,5.0,19,14.0,147.9869,125.261,-22.725899999999996,0.0,26,26.0
semi,run_0991,0.1089,1.634,1.5251,7.0,50.0,43.0,29.543,34.709,5.166000000000004,0.0,12,12.0,86.5095,75.4991,-11.010400000000004,0.0,6,6.0
semi,run_0992,0.1089,1.5523,1.4434,8.0,47.0,39.0,29.725,34.592,4.866999999999997,0.0,12,12.0,65.8453,53.016,-12.829299999999996,0.0,7,7.0
semi,run_0993,0.3268,1.8246,1.4978,11.0,51.0,40.0,30.112,34.78,4.668000000000003,2.0,25,23.0,92.2512,78.2018,-14.049399999999991,0.0,8,8.0
semi,run_0994,0.0817,1.4161,1.3344,5.0,40.0,35.0,29.333,34.16,4.826999999999998,0.0,11,11.0,31.3387,26.4539,-4.8847999999999985,0.0,5,5.0
semi,run_0995,0.1089,1.5523,1.4434,7.0,44.0,37.0,29.645,34.551,4.906000000000002,0.0,10,10.0,63.1285,56.397,-6.731500000000004,0.0,7,7.0
semi,run_0996,0.0,1.28,1.28,3.0,40.0,37.0,28.794,34.133,5.339000000000002,0.0,11,11.0,30.9861,27.6352,-3.3508999999999993,0.0,5,5.0
semi,run_0997,0.5447,1.8519,1.3072000000000001,14.0,55.0,41.0,30.529,35.181,4.6519999999999975,1.0,15,14.0,189.0018,150.5433,-38.458500000000015,0.0,19,19.0
semi,run_0998,0.1634,1.7157,1.5523,8.0,50.0,42.0,29.802,34.736,4.9339999999999975,0.0,19,19.0,82.7572,69.6904,-13.0668,0.0,9,9.0
semi,run_0999,0.0545,1.6612,1.6067,4.0,47.0,43.0,29.459,34.608,5.148999999999997,0.0,14,14.0,117.2684,98.4417,-18.826700000000002,0.0,6,6.0
semi,run_1000,0.0817,1.5795,1.4977999999999998,7.0,49.0,42.0,29.486,34.662,5.175999999999998,0.0,11,11.0,84.7629,75.0101,-9.752800000000008,0.0,7,7.0
semi,run_1001,0.1906,1.6885,1.4979,9.0,50.0,41.0,29.907,34.84,4.933000000000003,0.0,14,14.0,77.6652,63.5242,-14.140999999999998,0.0,8,8.0
semi,run_1002,0.0,1.3344,1.3344,4.0,40.0,36.0,29.008,34.125,5.117000000000001,0.0,11,11.0,34.3302,31.3248,-3.005399999999998,0.0,5,5.0
semi,run_1003,0.463,2.2876,1.8245999999999998,14.0,58.0,44.0,30.358,35.162,4.8039999999999985,6.0,34,28.0,48.6935,42.3461,-6.3474,0.0,11,11.0
semi,run_1004,0.1362,1.5523,1.4161000000000001,9.0,49.0,40.0,29.866,34.652,4.786000000000001,1.0,16,15.0,66.8628,56.2557,-10.607099999999996,0.0,7,7.0
semi,run_1005,0.0,1.28,1.28,3.0,40.0,37.0,28.947,34.155,5.208000000000002,0.0,10,10.0,42.5248,39.4,-3.1248000000000005,0.0,5,5.0
semi,run_1006,0.0817,1.5251,1.4434,5.0,45.0,40.0,29.389,34.463,5.074000000000002,0.0,10,10.0,54.4935,49.2802,-5.213299999999997,0.0,5,5.0
semi,run_1007,0.1634,1.9336,1.7702,10.0,51.0,41.0,29.853,34.744,4.890999999999998,2.0,24,22.0,73.9749,67.1108,-6.864100000000008,0.0,8,8.0
semi,run_1008,0.1089,1.6068,1.4979,8.0,46.0,38.0,29.685,34.559,4.873999999999999,0.0,10,10.0,67.6222,60.3836,-7.238600000000005,0.0,7,7.0
semi,run_1009,0.0545,1.4161,1.3616,5.0,42.0,37.0,29.533,33.971,4.437999999999995,2.0,18,16.0,43.8046,45.7762,1.9716000000000022,0.0,5,5.0
semi,run_1010,0.1089,1.5523,1.4434,8.0,47.0,39.0,29.767,34.722,4.955000000000002,0.0,10,10.0,72.2921,75.6449,3.352800000000002,0.0,8,8.0
semi,run_1011,0.1089,1.5523,1.4434,6.0,44.0,38.0,29.698,34.405,4.707000000000001,0.0,14,14.0,44.9869,41.473,-3.5138999999999996,0.0,6,6.0
semi,run_1012,0.3268,2.2059,1.8791000000000002,12.0,51.0,39.0,30.184,35.013,4.828999999999997,3.0,30,27.0,256.348,223.6693,-32.67870000000002,0.0,12,12.0
semi,run_1013,0.1906,1.9063,1.7157,9.0,50.0,41.0,29.838,34.728,4.890000000000001,1.0,21,20.0,110.1059,92.5002,-17.6057,0.0,8,8.0
semi,run_1014,0.4085,1.8519,1.4434,12.0,51.0,39.0,30.221,34.955,4.733999999999998,1.0,18,17.0,56.4197,48.7115,-7.708199999999998,0.0,10,10.0
semi,run_1015,0.2179,1.8519,1.6340000000000001,10.0,51.0,41.0,29.915,34.726,4.811,2.0,19,17.0,40.0337,35.1746,-4.859100000000005,0.0,9,9.0
semi,run_1016,0.0,1.171,1.171,0.0,37.0,37.0,28.464,33.644,5.18,0.0,9,9.0,18.7802,18.6432,-0.13700000000000045,0.0,3,3.0
semi,run_1017,0.2996,1.7157,1.4161000000000001,13.0,49.0,36.0,30.279,34.694,4.415000000000003,3.0,20,17.0,54.0855,44.5985,-9.487000000000002,0.0,10,10.0
semi,run_1018,0.0817,1.3889,1.3072,5.0,41.0,36.0,29.369,34.383,5.014000000000003,0.0,10,10.0,60.3905,57.8449,-2.5456000000000003,0.0,5,5.0
semi,run_1019,0.354,1.8519,1.4979,11.0,54.0,43.0,30.043,34.927,4.884,2.0,19,17.0,42.4168,37.3043,-5.112500000000004,0.0,10,10.0
semi,run_1020,0.0,1.3344,1.3344,1.0,40.0,39.0,28.871,33.983,5.111999999999998,0.0,11,11.0,22.9224,20.1265,-2.7958999999999996,0.0,5,5.0
semi,run_1021,0.1089,1.5523,1.4434,6.0,45.0,39.0,29.642,34.339,4.696999999999999,0.0,14,14.0,69.2219,73.0943,3.872399999999999,0.0,5,5.0
semi,run_1022,0.0,1.2527,1.2527,3.0,39.0,36.0,28.817,33.843,5.026000000000003,0.0,12,12.0,25.1502,23.3538,-1.796400000000002,0.0,3,3.0
semi,run_1023,0.0272,1.4161,1.3889,4.0,40.0,36.0,29.169,34.199,5.029999999999998,0.0,11,11.0,37.819,37.6707,-0.1483000000000061,0.0,5,5.0
semi,run_1024,0.463,2.0697,1.6067,12.0,56.0,44.0,30.463,35.313,4.850000000000001,1.0,20,19.0,175.4597,139.7622,-35.69749999999999,0.0,17,17.0
semi,run_1025,0.1906,1.7157,1.5251000000000001,7.0,50.0,43.0,29.861,34.895,5.0340000000000025,0.0,14,14.0,80.1388,76.7817,-3.3571000000000026,0.0,9,9.0
semi,run_1026,0.2451,1.6885,1.4433999999999998,11.0,50.0,39.0,29.898,34.499,4.601000000000003,3.0,18,15.0,28.8024,26.8024,-2.0,0.0,6,6.0
semi,run_1027,0.1089,1.5795,1.4706,9.0,47.0,38.0,29.814,34.562,4.7479999999999976,1.0,13,12.0,60.8554,53.9793,-6.876100000000001,0.0,7,7.0
semi,run_1028,0.5447,1.8246,1.2799,13.0,51.0,38.0,30.427,34.576,4.149000000000001,7.0,28,21.0,32.4727,30.3445,-2.128200000000003,0.0,10,10.0
semi,run_1029,0.0817,1.5251,1.4434,5.0,44.0,39.0,29.531,34.568,5.036999999999999,0.0,7,7.0,82.9721,77.9452,-5.026899999999998,0.0,6,6.0
semi,run_1030,0.0,1.3617,1.3617,3.0,43.0,40.0,29.045,34.071,5.025999999999996,2.0,16,14.0,35.7175,36.4567,0.7391999999999967,0.0,5,5.0
semi,run_1031,0.2451,1.6068,1.3617,9.0,50.0,41.0,29.863,34.712,4.849000000000004,2.0,17,15.0,59.3457,56.7646,-2.5810999999999993,0.0,7,7.0
semi,run_1032,0.0272,1.4706,1.4434,5.0,45.0,40.0,29.211,34.406,5.195,0.0,13,13.0,42.2807,36.639,-5.6417,0.0,6,6.0
semi,run_1033,0.0,1.3344,1.3344,5.0,41.0,36.0,29.233,33.889,4.656000000000002,2.0,16,14.0,31.4004,30.8441,-0.5563000000000002,0.0,4,4.0
semi,run_1034,0.5174,2.805,2.2876000000000003,12.0,52.0,40.0,30.324,34.715,4.391000000000002,11.0,46,35.0,20.566,18.9238,-1.642199999999999,0.0,10,10.0
semi,run_1035,0.0817,1.4978,1.4161000000000001,5.0,45.0,40.0,29.404,34.414,5.010000000000002,0.0,11,11.0,47.0152,46.1407,-0.8744999999999976,0.0,5,5.0
semi,run_1036,0.2451,1.6612,1.4161,10.0,47.0,37.0,29.946,34.649,4.702999999999999,1.0,14,13.0,63.5043,58.7099,-4.794400000000003,0.0,8,8.0
semi,run_1037,0.1089,1.5251,1.4162,5.0,43.0,38.0,29.729,34.276,4.547000000000004,2.0,18,16.0,28.9061,27.5182,-1.3878999999999984,0.0,6,6.0
semi,run_1038,0.0817,1.4978,1.4161000000000001,5.0,42.0,37.0,29.615,34.469,4.854000000000003,0.0,8,8.0,73.6035,70.4091,-3.1944000000000017,0.0,6,6.0
semi,run_1039,0.7898,1.9063,1.1165000000000003,15.0,54.0,39.0,30.632,35.008,4.376000000000001,2.0,20,18.0,46.7737,44.1394,-2.634299999999996,0.0,15,15.0
semi,run_1040,0.0545,1.4161,1.3616,4.0,41.0,37.0,29.329,34.423,5.094000000000001,0.0,11,11.0,69.6949,65.6784,-4.016500000000008,0.0,5,5.0
semi,run_1041,0.8442,1.9063,1.0621,18.0,57.0,39.0,30.932,35.208,4.276,2.0,19,17.0,81.5403,72.4775,-9.062799999999996,0.0,23,23.0
semi,run_1042,0.354,1.988,1.634,12.0,54.0,42.0,30.26,35.139,4.879000000000001,1.0,19,18.0,180.479,155.3332,-25.14580000000001,0.0,11,11.0
semi,run_1043,0.5991,1.9608,1.3617000000000001,16.0,58.0,42.0,30.715,35.474,4.758999999999997,2.0,21,19.0,89.2643,78.1208,-11.143500000000003,0.0,20,20.0
semi,run_1044,0.0272,1.3617,1.3345,4.0,40.0,36.0,29.15,34.166,5.015999999999998,0.0,12,12.0,40.4264,35.4391,-4.987299999999998,0.0,5,5.0
semi,run_1045,0.1362,1.634,1.4977999999999998,9.0,48.0,39.0,29.916,34.812,4.895999999999997,0.0,9,9.0,120.2228,103.0889,-17.13390000000001,0.0,9,9.0
semi,run_1046,0.0817,1.4434,1.3617,5.0,44.0,39.0,29.581,34.528,4.946999999999999,0.0,11,11.0,77.4934,80.2441,2.750700000000009,0.0,7,7.0
semi,run_1047,0.2723,1.6612,1.3889,10.0,48.0,38.0,30.018,34.795,4.777000000000001,0.0,11,11.0,105.4946,92.7952,-12.699400000000011,0.0,9,9.0
semi,run_1048,0.0,1.28,1.28,3.0,39.0,36.0,28.838,34.016,5.177999999999997,0.0,11,11.0,43.1183,44.5218,1.403500000000001,0.0,5,5.0
semi,run_1049,0.0817,1.5795,1.4977999999999998,6.0,48.0,42.0,29.441,34.644,5.202999999999999,0.0,11,11.0,100.585,82.9165,-17.668499999999995,0.0,5,5.0
semi,run_1050,0.1089,1.5251,1.4162,6.0,43.0,37.0,29.586,34.079,4.493000000000002,4.0,18,14.0,27.7626,27.0689,-0.6936999999999998,0.0,5,5.0
semi,run_1051,0.6264,1.7429,1.1164999999999998,14.0,52.0,38.0,30.689,34.975,4.286000000000001,2.0,16,14.0,70.6971,65.076,-5.621100000000013,0.0,14,14.0
semi,run_1052,0.0817,1.5523,1.4706000000000001,5.0,47.0,42.0,29.501,34.63,5.129000000000001,0.0,11,11.0,71.2311,69.5696,-1.6615000000000038,0.0,7,7.0
semi,run_1053,0.1906,1.5251,1.3344999999999998,9.0,45.0,36.0,29.784,34.408,4.624000000000002,2.0,19,17.0,33.9079,31.2663,-2.641599999999997,0.0,7,7.0
semi,run_1054,0.0545,1.5795,1.525,5.0,46.0,41.0,29.37,34.423,5.053000000000001,1.0,16,15.0,33.149,30.9427,-2.2063000000000024,0.0,6,6.0
semi,run_1055,0.1089,1.5795,1.4706,6.0,48.0,42.0,29.62,34.538,4.917999999999996,2.0,17,15.0,39.462,35.5812,-3.8808000000000007,0.0,6,6.0
semi,run_1056,0.2179,1.6612,1.4433,10.0,50.0,40.0,29.921,34.857,4.936,0.0,11,11.0,92.8624,86.2374,-6.625,0.0,9,9.0
semi,run_1057,0.1362,1.5523,1.4161000000000001,5.0,47.0,42.0,29.748,34.334,4.586000000000002,2.0,16,14.0,46.8621,47.8637,1.0016000000000034,0.0,5,5.0
semi,run_1058,0.0545,1.4706,1.4161,4.0,44.0,40.0,29.221,34.464,5.2429999999999986,0.0,10,10.0,59.4807,59.0378,-0.4429000000000016,0.0,5,5.0
semi,run_1059,0.0817,1.4161,1.3344,5.0,44.0,39.0,29.362,34.402,5.040000000000003,0.0,11,11.0,67.2569,66.1325,-1.1244000000000085,0.0,5,5.0
semi,run_1060,0.0,1.28,1.28,3.0,39.0,36.0,28.84,34.024,5.184000000000001,0.0,11,11.0,41.0126,42.2772,1.2646000000000015,0.0,5,5.0
semi,run_1061,0.0272,1.3889,1.3617000000000001,4.0,40.0,36.0,29.233,34.134,4.901,0.0,11,11.0,35.7749,36.8747,1.0997999999999948,0.0,5,5.0
semi,run_1062,0.4902,1.7429,1.2527,13.0,52.0,39.0,30.438,35.009,4.5710000000000015,2.0,16,14.0,59.5974,52.8673,-6.7301,0.0,15,15.0
semi,run_1063,0.0545,1.4434,1.3889,5.0,40.0,35.0,29.306,34.319,5.013000000000002,0.0,11,11.0,70.2815,60.8285,-9.452999999999996,0.0,5,5.0
semi,run_1064,0.1634,1.634,1.4706,10.0,48.0,38.0,29.982,34.74,4.758000000000003,0.0,10,10.0,93.0811,77.2045,-15.87660000000001,0.0,9,9.0
semi,run_1065,0.0817,1.4161,1.3344,5.0,41.0,36.0,29.35,34.146,4.795999999999999,1.0,17,16.0,24.7595,20.5342,-4.225300000000001,0.0,5,5.0
semi,run_1066,0.4902,1.7429,1.2527,11.0,52.0,41.0,30.49,35.142,4.652000000000005,1.0,18,17.0,108.3722,90.8784,-17.493800000000007,0.0,16,16.0
semi,run_1067,0.1089,1.6885,1.5796,9.0,48.0,39.0,29.796,34.786,4.990000000000002,0.0,12,12.0,182.2182,149.9898,-32.22839999999999,0.0,8,8.0
semi,run_1068,0.0817,1.4434,1.3617,5.0,40.0,35.0,29.392,34.292,4.900000000000002,0.0,10,10.0,63.2664,51.8527,-11.413699999999999,0.0,5,5.0
semi,run_1069,0.2179,1.6612,1.4433,10.0,48.0,38.0,29.931,34.637,4.7059999999999995,1.0,13,12.0,56.978,48.4512,-8.526800000000001,0.0,8,8.0
semi,run_1070,0.0,1.2255,1.2255,0.0,39.0,39.0,28.671,33.874,5.203000000000003,0.0,12,12.0,26.4051,25.226,-1.1791000000000018,0.0,4,4.0
semi,run_1071,0.0817,1.5251,1.4434,5.0,46.0,41.0,29.504,34.532,5.027999999999995,0.0,11,11.0,77.4599,64.3462,-13.113700000000009,0.0,6,6.0
semi,run_1072,0.0272,1.5251,1.4979,4.0,45.0,41.0,29.358,34.383,5.025000000000002,0.0,11,11.0,50.7322,53.1554,2.4232000000000014,0.0,5,5.0
semi,run_1073,0.1634,1.5251,1.3617,9.0,44.0,35.0,29.79,34.344,4.554000000000002,2.0,15,13.0,39.863,38.2641,-1.5989000000000004,0.0,6,6.0
semi,run_1074,0.0,1.2255,1.2255,0.0,38.0,38.0,28.728,33.809,5.080999999999996,0.0,10,10.0,21.1407,18.2344,-2.906299999999998,0.0,3,3.0
semi,run_1075,0.0,1.28,1.28,0.0,38.0,38.0,28.714,33.738,5.024000000000001,0.0,12,12.0,20.2666,19.4293,-0.837299999999999,0.0,3,3.0
semi,run_1076,0.0817,1.4706,1.3889,5.0,44.0,39.0,29.417,34.395,4.9780000000000015,1.0,14,13.0,41.3242,34.1565,-7.167699999999996,0.0,6,6.0
semi,run_1077,0.0817,1.6068,1.5251000000000001,5.0,50.0,45.0,29.678,34.547,4.868999999999996,2.0,19,17.0,47.8623,42.6696,-5.192699999999995,0.0,6,6.0
semi,run_1078,0.0,1.2527,1.2527,3.0,39.0,36.0,28.873,34.044,5.170999999999996,0.0,11,11.0,32.4099,31.3473,-1.0625999999999998,0.0,5,5.0
semi,run_1079,0.2451,1.634,1.3888999999999998,9.0,46.0,37.0,29.888,34.405,4.5169999999999995,1.0,15,14.0,38.1056,37.3548,-0.7508000000000052,0.0,7,7.0
semi,run_1080,0.0,1.1983,1.1983,0.0,38.0,38.0,28.607,33.598,4.991,0.0,13,13.0,15.7196,13.7343,-1.9853000000000005,0.0,3,3.0
semi,run_1081,0.0272,1.4978,1.4706000000000001,4.0,44.0,40.0,29.313,34.366,5.053000000000001,0.0,13,13.0,41.3479,34.2298,-7.118100000000005,0.0,5,5.0
semi,run_1082,0.0,1.3889,1.3889,4.0,41.0,37.0,29.313,33.878,4.565000000000001,4.0,20,16.0,31.0234,31.2893,0.265900000000002,0.0,4,4.0
semi,run_1083,0.0545,1.4161,1.3616,4.0,41.0,37.0,29.228,34.393,5.164999999999999,0.0,11,11.0,55.9522,45.1696,-10.782599999999995,0.0,5,5.0
semi,run_1084,0.0,1.0893,1.0893,0.0,35.0,35.0,28.591,33.142,4.551000000000002,4.0,18,14.0,22.205,22.7939,0.5889000000000024,0.0,2,2.0
semi,run_1085,0.0817,1.4978,1.4161000000000001,5.0,45.0,40.0,29.532,34.489,4.956999999999997,0.0,10,10.0,84.3872,66.7148,-17.67240000000001,0.0,6,6.0
semi,run_1086,0.1089,1.4978,1.3889,6.0,45.0,39.0,29.584,34.495,4.910999999999998,0.0,10,10.0,64.9751,55.0154,-9.959699999999998,0.0,6,6.0
semi,run_1087,0.0817,1.4434,1.3617,5.0,42.0,37.0,29.574,34.402,4.827999999999999,0.0,11,11.0,42.1201,40.4401,-1.6799999999999997,0.0,7,7.0
semi,run_1088,0.1362,1.7157,1.5795,9.0,50.0,41.0,29.753,34.899,5.146000000000001,1.0,12,11.0,99.741,85.347,-14.394000000000005,0.0,10,10.0
semi,run_1089,1.1438,2.3965,1.2527000000000001,21.0,61.0,40.0,31.048,35.52,4.472000000000005,7.0,29,22.0,74.0498,61.3525,-12.697300000000006,0.0,26,26.0
semi,run_1090,0.354,2.1242,1.7702,12.0,54.0,42.0,30.267,35.12,4.852999999999998,2.0,21,19.0,195.6038,160.1367,-35.467100000000016,0.0,13,13.0
semi,run_1091,0.2723,1.9336,1.6613,11.0,52.0,41.0,29.981,34.885,4.903999999999996,2.0,25,23.0,51.7948,44.2235,-7.571300000000001,0.0,10,10.0
semi,run_1092,0.1089,1.5251,1.4162,5.0,47.0,42.0,29.604,34.3,4.695999999999998,2.0,16,14.0,37.318,36.1473,-1.1706999999999965,0.0,6,6.0
semi,run_1093,0.1089,1.4706,1.3617,6.0,43.0,37.0,29.414,34.112,4.698,5.0,23,18.0,38.4356,39.7999,1.3643,0.0,6,6.0
semi,run_1094,0.0817,1.4161,1.3344,5.0,41.0,36.0,29.446,34.125,4.6789999999999985,2.0,15,13.0,31.7755,30.2045,-1.5710000000000015,0.0,5,5.0
semi,run_1095,0.1906,1.6612,1.4706000000000001,9.0,50.0,41.0,29.866,34.825,4.959000000000003,0.0,12,12.0,63.3098,59.2972,-4.012600000000006,0.0,9,9.0
semi,run_1096,0.0545,1.4978,1.4433,5.0,42.0,37.0,29.435,34.397,4.962,0.0,10,10.0,47.1971,43.6686,-3.528500000000001,0.0,5,5.0
semi,run_1097,0.1362,1.4978,1.3616000000000001,6.0,44.0,38.0,29.607,33.791,4.1839999999999975,12.0,26,14.0,31.9435,33.7061,1.762599999999999,0.0,5,5.0
semi,run_1098,0.0,1.3344,1.3344,2.0,39.0,37.0,28.902,33.871,4.969000000000001,0.0,12,12.0,25.9496,24.3924,-1.5572000000000017,0.0,3,3.0
semi,run_1099,0.1089,1.6068,1.4979,8.0,50.0,42.0,29.7,34.774,5.074000000000002,0.0,12,12.0,72.7489,62.7842,-9.964700000000008,0.0,9,9.0
semi,run_1100,0.1089,1.6068,1.4979,9.0,47.0,38.0,29.939,34.76,4.820999999999998,0.0,9,9.0,81.7578,79.5759,-2.181899999999999,0.0,9,9.0
semi,run_1101,0.0,1.3072,1.3072,2.0,39.0,37.0,28.957,33.527,4.57,2.0,17,15.0,25.2257,25.8265,0.6007999999999996,0.0,3,3.0
semi,run_1102,0.6264,2.342,1.7156000000000002,17.0,53.0,36.0,30.798,35.301,4.503000000000004,3.0,24,21.0,249.0313,236.9654,-12.0659,0.0,23,23.0
semi,run_1103,0.1089,1.634,1.5251,8.0,49.0,41.0,29.76,34.667,4.907,1.0,13,12.0,67.5741,54.7642,-12.809899999999999,0.0,8,8.0
semi,run_1104,0.2451,1.634,1.3888999999999998,9.0,48.0,39.0,29.88,34.427,4.547000000000001,2.0,16,14.0,32.881,28.9633,-3.9177,0.0,6,6.0
semi,run_1105,0.0545,1.4434,1.3889,5.0,41.0,36.0,29.344,34.359,5.015000000000001,0.0,11,11.0,52.9999,52.4312,-0.5686999999999998,0.0,5,5.0
semi,run_1106,0.0545,1.3889,1.3344,5.0,40.0,35.0,29.189,34.027,4.838000000000001,0.0,12,12.0,30.7263,28.3941,-2.3321999999999967,0.0,5,5.0
semi,run_1107,0.817,2.0425,1.2255,15.0,58.0,43.0,30.692,35.093,4.401000000000003,6.0,21,15.0,49.5456,43.8433,-5.702300000000001,0.0,18,18.0
semi,run_1108,0.0817,1.4161,1.3344,5.0,41.0,36.0,29.452,34.333,4.880999999999997,0.0,11,11.0,49.6213,43.3745,-6.2468,0.0,5,5.0
semi,run_1109,0.0817,1.5251,1.4434,5.0,48.0,43.0,29.376,34.505,5.129000000000001,1.0,14,13.0,45.1316,42.8759,-2.2556999999999974,0.0,6,6.0
semi,run_1110,0.5991,1.7702,1.1711,13.0,52.0,39.0,30.575,34.964,4.388999999999999,3.0,19,16.0,64.8344,59.9477,-4.886700000000005,0.0,13,13.0
semi,run_1111,0.0817,1.4161,1.3344,5.0,42.0,37.0,29.494,33.919,4.424999999999997,2.0,16,14.0,29.0107,28.4637,-0.5470000000000006,0.0,5,5.0
semi,run_1112,0.0,1.3617,1.3617,3.0,39.0,36.0,29.01,33.961,4.950999999999997,0.0,13,13.0,28.785,26.333,-2.4520000000000017,0.0,5,5.0
semi,run_1113,0.1362,1.5795,1.4432999999999998,9.0,45.0,36.0,29.76,34.416,4.655999999999995,1.0,15,14.0,47.3585,38.666,-8.692500000000003,0.0,7,7.0
semi,run_1114,0.2723,1.7702,1.4979,10.0,54.0,44.0,30.012,34.954,4.942,1.0,18,17.0,72.6398,62.6588,-9.980999999999995,0.0,9,9.0
semi,run_1115,0.0272,1.4434,1.4162000000000001,4.0,40.0,36.0,29.154,34.253,5.099,0.0,11,11.0,44.8472,38.9854,-5.861800000000002,0.0,5,5.0
semi,run_1116,0.0817,1.5523,1.4706000000000001,7.0,48.0,41.0,29.519,34.609,5.090000000000003,0.0,14,14.0,55.692,46.3377,-9.354300000000002,0.0,6,6.0
semi,run_1117,0.7353,1.9063,1.1710000000000003,18.0,57.0,39.0,30.856,35.47,4.613999999999997,1.0,19,18.0,266.7867,218.243,-48.5437,0.0,24,24.0
semi,run_1118,0.1089,1.5251,1.4162,7.0,41.0,34.0,29.694,34.278,4.584,0.0,11,11.0,39.0638,39.7054,0.6415999999999968,0.0,6,6.0
semi,run_1119,0.2451,1.6612,1.4161,9.0,50.0,41.0,29.887,34.563,4.676000000000002,2.0,16,14.0,37.3662,36.127,-1.2391999999999967,0.0,7,7.0
semi,run_1120,0.0,1.28,1.28,2.0,40.0,38.0,28.915,34.163,5.2479999999999976,0.0,9,9.0,41.7162,39.8848,-1.8314000000000021,0.0,5,5.0
semi,run_1121,0.0817,1.5251,1.4434,5.0,47.0,42.0,29.347,34.441,5.094000000000001,1.0,15,14.0,48.3615,49.3137,0.9521999999999977,0.0,6,6.0
semi,run_1122,0.1634,1.634,1.4706,9.0,46.0,37.0,29.817,34.595,4.777999999999999,0.0,11,11.0,46.0913,39.9324,-6.158899999999996,0.0,8,8.0
semi,run_1123,0.0817,1.4434,1.3617,5.0,41.0,36.0,29.413,34.392,4.979000000000003,0.0,11,11.0,66.8138,65.3823,-1.4314999999999998,0.0,5,5.0
semi,run_1124,0.0817,1.4161,1.3344,5.0,41.0,36.0,29.413,34.358,4.944999999999997,0.0,11,11.0,66.4297,66.7137,0.284000000000006,0.0,5,5.0
semi,run_1125,0.0272,1.4706,1.4434,5.0,40.0,35.0,29.369,33.452,4.082999999999998,8.0,28,20.0,18.6043,17.9965,-0.6077999999999975,0.0,3,3.0
semi,run_1126,0.2996,1.8246,1.525,13.0,51.0,38.0,30.224,34.655,4.431000000000001,3.0,21,18.0,37.3225,35.1389,-2.1835999999999984,0.0,10,10.0
semi,run_1127,0.0817,1.3889,1.3072,5.0,38.0,33.0,29.42,33.403,3.982999999999997,6.0,22,16.0,14.8596,15.0828,0.2232000000000003,0.0,3,3.0
semi,run_1128,0.2451,1.8246,1.5795,8.0,52.0,44.0,29.912,34.908,4.996000000000002,0.0,19,19.0,72.8532,60.9018,-11.9514,0.0,9,9.0
semi,run_1129,0.2451,1.6885,1.4433999999999998,10.0,51.0,41.0,30.008,34.787,4.779,2.0,17,15.0,77.0279,65.3367,-11.69120000000001,0.0,8,8.0
semi,run_1130,0.0,1.2255,1.2255,0.0,36.0,36.0,28.756,33.376,4.619999999999997,1.0,16,15.0,9.7343,8.6193,-1.1149999999999984,0.0,2,2.0
semi,run_1131,0.0,1.3617,1.3617,3.0,40.0,37.0,28.96,34.165,5.204999999999998,0.0,12,12.0,34.9243,30.9759,-3.948400000000003,0.0,5,5.0
semi,run_1132,0.0545,1.3889,1.3344,5.0,42.0,37.0,29.192,34.297,5.104999999999997,0.0,12,12.0,39.0963,33.3721,-5.724199999999996,0.0,5,5.0
semi,run_1133,0.2723,1.6885,1.4162,11.0,50.0,39.0,30.094,34.951,4.856999999999999,0.0,12,12.0,119.8351,107.4688,-12.366299999999995,0.0,9,9.0
semi,run_1134,0.0,1.3344,1.3344,3.0,39.0,36.0,28.966,33.922,4.955999999999996,0.0,11,11.0,32.5893,29.3938,-3.1955000000000027,0.0,5,5.0
semi,run_1135,0.0,1.1983,1.1983,0.0,34.0,34.0,28.799,33.223,4.4239999999999995,5.0,23,18.0,56.3653,58.6044,2.2391000000000005,0.0,2,2.0
semi,run_1136,0.1089,1.634,1.5251,9.0,45.0,36.0,29.856,34.609,4.753,0.0,10,10.0,74.1383,61.8832,-12.255099999999999,0.0,7,7.0
semi,run_1137,0.0,1.28,1.28,4.0,38.0,34.0,29.102,33.933,4.8309999999999995,0.0,11,11.0,32.4607,33.4431,0.9823999999999984,0.0,4,4.0
semi,run_1138,0.0545,1.4706,1.4161,4.0,40.0,36.0,29.203,34.396,5.193000000000001,0.0,9,9.0,56.9363,56.7225,-0.2138000000000062,0.0,5,5.0
semi,run_1139,0.0817,1.5523,1.4706000000000001,5.0,46.0,41.0,29.472,34.544,5.071999999999996,0.0,11,11.0,98.7372,79.8321,-18.905100000000004,0.0,6,6.0
semi,run_1140,0.0,1.2527,1.2527,4.0,40.0,36.0,29.049,34.096,5.046999999999997,0.0,7,7.0,47.7298,49.0828,1.3530000000000015,0.0,5,5.0
semi,run_1141,0.0,1.3344,1.3344,3.0,40.0,37.0,28.986,34.079,5.093,0.0,12,12.0,46.29,38.784,-7.506,0.0,5,5.0
semi,run_1142,0.1089,1.6068,1.4979,8.0,47.0,39.0,29.698,34.665,4.966999999999999,0.0,11,11.0,90.0002,74.2327,-15.767500000000013,0.0,8,8.0
semi,run_1143,0.2451,1.9336,1.6885,10.0,50.0,40.0,30.124,34.918,4.7940000000000005,1.0,25,24.0,83.2676,75.3411,-7.926500000000004,0.0,10,10.0
semi,run_1144,0.0817,1.4978,1.4161000000000001,5.0,43.0,38.0,29.434,34.096,4.6619999999999955,2.0,18,16.0,25.6339,21.9317,-3.7022000000000013,0.0,5,5.0
semi,run_1145,0.0545,1.4434,1.3889,5.0,43.0,38.0,29.334,34.463,5.129000000000001,0.0,12,12.0,48.5169,46.9776,-1.5392999999999972,0.0,6,6.0
semi,run_1146,0.0817,1.4706,1.3889,5.0,40.0,35.0,29.364,34.237,4.873000000000001,0.0,12,12.0,30.5934,26.7704,-3.8230000000000004,0.0,5,5.0
semi,run_1147,0.0,1.28,1.28,0.0,38.0,38.0,28.73,33.855,5.1249999999999964,0.0,11,11.0,19.9014,17.4748,-2.4266000000000005,0.0,4,4.0
semi,run_1148,0.1089,1.5523,1.4434,7.0,46.0,39.0,29.593,34.386,4.793000000000003,1.0,13,12.0,39.9492,33.5144,-6.434799999999996,0.0,5,5.0
semi,run_1149,0.0817,1.4434,1.3617,5.0,42.0,37.0,29.495,34.424,4.9289999999999985,0.0,11,11.0,69.1799,57.3239,-11.856000000000002,0.0,6,6.0
semi,run_1150,0.1906,1.634,1.4434,9.0,50.0,41.0,29.826,34.611,4.784999999999997,1.0,17,16.0,56.1965,53.7159,-2.4806000000000026,0.0,7,7.0
semi,run_1151,0.0,1.28,1.28,3.0,39.0,36.0,29.0,33.993,4.993000000000002,0.0,9,9.0,34.3118,34.5238,0.2120000000000033,0.0,5,5.0
semi,run_1152,0.0545,1.4978,1.4433,5.0,43.0,38.0,29.421,34.297,4.875999999999998,2.0,16,14.0,33.0782,30.3627,-2.7155000000000022,0.0,5,5.0
semi,run_1153,0.0545,1.5795,1.525,6.0,48.0,42.0,29.55,34.643,5.093,0.0,11,11.0,67.3166,57.0796,-10.236999999999995,0.0,6,6.0
semi,run_1154,0.1089,1.5523,1.4434,8.0,47.0,39.0,29.663,34.541,4.877999999999997,1.0,15,14.0,48.6932,42.6938,-5.999399999999994,0.0,7,7.0
semi,run_1155,0.1089,1.4978,1.3889,6.0,44.0,38.0,29.635,34.562,4.926999999999996,0.0,7,7.0,77.4838,80.137,2.6531999999999982,0.0,7,7.0
semi,run_1156,0.1089,1.6068,1.4979,8.0,48.0,40.0,29.719,34.697,4.9780000000000015,0.0,11,11.0,106.3378,88.1721,-18.1657,0.0,8,8.0
semi,run_1157,0.0,1.3617,1.3617,4.0,42.0,38.0,29.281,33.973,4.692,2.0,16,14.0,48.5185,48.9657,0.44719999999999516,0.0,5,5.0
semi,run_1158,0.1906,1.634,1.4434,9.0,47.0,38.0,29.996,34.75,4.754000000000001,0.0,10,10.0,82.7167,79.7656,-2.9510999999999967,0.0,8,8.0
semi,run_1159,0.2179,1.7429,1.525,9.0,51.0,42.0,29.93,34.94,5.009999999999998,1.0,16,15.0,66.8974,60.5012,-6.396200000000007,0.0,9,9.0
semi,run_1160,0.0817,1.5795,1.4977999999999998,5.0,46.0,41.0,29.594,34.359,4.765000000000001,2.0,17,15.0,53.9819,48.7233,-5.258600000000001,0.0,6,6.0
semi,run_1161,0.1089,1.6885,1.5796,9.0,49.0,40.0,29.706,34.736,5.029999999999998,0.0,13,13.0,107.764,93.204,-14.560000000000002,0.0,9,9.0
semi,run_1162,0.0817,1.4978,1.4161000000000001,5.0,47.0,42.0,29.519,34.54,5.021000000000001,0.0,11,11.0,54.6411,47.3811,-7.259999999999998,0.0,7,7.0
semi,run_1163,0.0,1.2255,1.2255,0.0,38.0,38.0,28.711,33.932,5.221000000000004,0.0,9,9.0,29.9146,30.86,0.9453999999999994,0.0,4,4.0
semi,run_1164,0.0817,1.4706,1.3889,5.0,40.0,35.0,29.396,34.246,4.850000000000001,0.0,12,12.0,33.7032,28.9862,-4.717000000000002,0.0,5,5.0
semi,run_1165,0.2723,1.6612,1.3889,11.0,50.0,39.0,30.001,34.894,4.892999999999997,0.0,11,11.0,66.3536,59.2905,-7.063099999999999,0.0,9,9.0
semi,run_1166,0.1089,1.5523,1.4434,8.0,45.0,37.0,29.707,34.64,4.933,0.0,9,9.0,70.1856,68.5575,-1.6280999999999892,0.0,7,7.0
semi,run_1167,0.1089,1.5795,1.4706,9.0,46.0,37.0,29.779,34.547,4.767999999999997,0.0,11,11.0,57.4771,53.9222,-3.5549000000000035,0.0,7,7.0
semi,run_1168,0.0817,1.5795,1.4977999999999998,5.0,46.0,41.0,29.476,34.567,5.091000000000001,0.0,10,10.0,101.7224,80.5622,-21.16019999999999,0.0,6,6.0
semi,run_1169,0.354,1.6885,1.3344999999999998,11.0,49.0,38.0,30.286,34.776,4.490000000000002,1.0,11,10.0,63.0601,60.0532,-3.0069000000000017,0.0,9,9.0
semi,run_1170,0.7081,2.3148,1.6067,14.0,52.0,38.0,30.603,35.174,4.570999999999998,1.0,19,18.0,287.4601,269.0772,-18.382900000000006,0.0,22,22.0
semi,run_1171,0.0,1.3889,1.3889,3.0,40.0,37.0,29.041,34.049,5.007999999999999,0.0,12,12.0,38.3031,31.031,-7.272100000000002,0.0,5,5.0
semi,run_1172,0.0,1.3072,1.3072,3.0,40.0,37.0,29.033,34.049,5.015999999999998,0.0,11,11.0,39.2052,38.6425,-0.5626999999999995,0.0,5,5.0
semi,run_1173,0.1089,1.6068,1.4979,7.0,49.0,42.0,29.633,34.882,5.248999999999999,0.0,11,11.0,153.4968,129.4771,-24.0197,0.0,9,9.0
semi,run_1174,0.0545,1.4161,1.3616,5.0,42.0,37.0,29.253,34.367,5.113999999999997,0.0,11,11.0,52.0352,46.6793,-5.355900000000005,0.0,5,5.0
semi,run_1175,0.0817,1.4434,1.3617,5.0,40.0,35.0,29.354,34.27,4.916000000000004,0.0,11,11.0,35.2077,31.1117,-4.096000000000004,0.0,5,5.0
semi,run_1176,0.0,1.3889,1.3889,2.0,40.0,38.0,29.077,34.106,5.029,0.0,12,12.0,31.1973,31.5224,0.3251000000000026,0.0,5,5.0
semi,run_1177,0.1089,1.4978,1.3889,8.0,45.0,37.0,29.682,34.565,4.882999999999999,0.0,10,10.0,171.6424,139.918,-31.724400000000003,0.0,7,7.0
semi,run_1178,0.0817,1.5251,1.4434,5.0,44.0,39.0,29.44,34.453,5.013000000000002,0.0,11,11.0,66.6643,53.3763,-13.287999999999997,0.0,5,5.0
semi,run_1179,0.0817,1.6068,1.5251000000000001,7.0,50.0,43.0,29.621,34.76,5.138999999999999,0.0,13,13.0,70.9695,63.6351,-7.334399999999995,0.0,7,7.0
semi,run_1180,0.0,1.3344,1.3344,4.0,37.0,33.0,29.13,33.449,4.318999999999999,2.0,18,16.0,12.1517,10.6659,-1.4857999999999993,0.0,3,3.0
semi,run_1181,0.7625,1.988,1.2255,20.0,58.0,38.0,31.082,35.49,4.408000000000001,2.0,18,16.0,284.3573,227.207,-57.150300000000016,0.0,26,26.0
semi,run_1182,0.0545,1.4161,1.3616,5.0,41.0,36.0,29.426,33.831,4.405000000000005,4.0,21,17.0,45.0749,47.7925,2.7175999999999974,0.0,4,4.0
semi,run_1183,0.0,1.3344,1.3344,3.0,40.0,37.0,28.926,34.087,5.161000000000005,0.0,11,11.0,37.7169,34.9401,-2.7768000000000015,0.0,5,5.0
semi,run_1184,0.1362,1.5795,1.4432999999999998,8.0,47.0,39.0,29.827,34.643,4.815999999999999,0.0,11,11.0,76.1266,68.6267,-7.499899999999997,0.0,8,8.0
semi,run_1185,0.2451,1.634,1.3888999999999998,8.0,46.0,38.0,29.858,34.246,4.388000000000002,7.0,25,18.0,32.0827,31.5431,-0.5396000000000036,0.0,6,6.0
semi,run_1186,0.0,1.28,1.28,3.0,40.0,37.0,28.989,34.089,5.099999999999998,0.0,11,11.0,42.8763,37.4888,-5.387500000000003,0.0,5,5.0
semi,run_1187,0.1089,1.4706,1.3617,5.0,42.0,37.0,29.495,33.799,4.3039999999999985,4.0,18,14.0,27.6463,27.3054,-0.3409000000000013,0.0,4,4.0
semi,run_1188,0.2723,1.6885,1.4162,11.0,50.0,39.0,30.154,34.909,4.754999999999999,1.0,15,14.0,101.587,83.406,-18.180999999999997,0.0,11,11.0
semi,run_1189,0.0,1.3344,1.3344,3.0,39.0,36.0,28.952,34.008,5.056000000000001,0.0,12,12.0,31.531,30.1374,-1.3935999999999993,0.0,5,5.0
semi,run_1190,0.1362,1.5523,1.4161000000000001,6.0,49.0,43.0,29.653,34.539,4.886000000000003,1.0,16,15.0,49.7761,43.9373,-5.838799999999999,0.0,7,7.0
semi,run_1191,0.463,1.6612,1.1982,13.0,44.0,31.0,30.277,34.342,4.064999999999998,10.0,24,14.0,25.0946,24.2619,-0.8326999999999991,0.0,8,8.0
semi,run_1192,0.2451,1.634,1.3888999999999998,11.0,49.0,38.0,30.111,34.855,4.743999999999996,1.0,14,13.0,101.2066,88.7931,-12.413499999999999,0.0,10,10.0
semi,run_1193,0.0545,1.3344,1.2799,5.0,41.0,36.0,29.221,34.292,5.0710000000000015,0.0,11,11.0,41.3306,40.3062,-1.0244,0.0,5,5.0
semi,run_1194,0.0,1.3889,1.3889,2.0,40.0,38.0,28.962,34.173,5.211000000000002,0.0,11,11.0,41.2432,38.988,-2.255200000000002,0.0,5,5.0
semi,run_1195,0.1089,1.5523,1.4434,6.0,46.0,40.0,29.632,34.241,4.608999999999998,4.0,23,19.0,27.9048,25.9229,-1.981900000000003,0.0,6,6.0
semi,run_1196,0.0817,1.4161,1.3344,5.0,42.0,37.0,29.272,34.299,5.027000000000001,0.0,13,13.0,37.5346,36.4742,-1.0603999999999942,0.0,5,5.0
semi,run_1197,0.0,1.28,1.28,3.0,39.0,36.0,28.997,34.093,5.096000000000004,0.0,11,11.0,35.6839,34.9628,-0.7210999999999999,0.0,5,5.0
semi,run_1198,0.2996,1.7157,1.4161000000000001,11.0,50.0,39.0,30.073,34.91,4.836999999999996,1.0,13,12.0,160.0948,132.1409,-27.953900000000004,0.0,10,10.0
semi,run_1199,0.0817,1.4434,1.3617,5.0,44.0,39.0,29.518,34.461,4.942999999999998,1.0,15,14.0,52.8377,44.3952,-8.442499999999995,0.0,6,6.0
semi,run_1200,0.0,1.3617,1.3617,4.0,38.0,34.0,29.24,33.392,4.152000000000005,5.0,19,14.0,13.173,13.4376,0.2645999999999997,0.0,3,3.0
semi,run_1201,0.2723,1.8246,1.5523,10.0,51.0,41.0,30.174,34.923,4.749000000000002,1.0,19,18.0,69.0443,61.1926,-7.851700000000008,0.0,10,10.0
semi,run_1202,0.7898,2.0697,1.2799,14.0,54.0,40.0,30.5,34.976,4.475999999999999,3.0,25,22.0,53.0004,43.3951,-9.6053,0.0,15,15.0
semi,run_1203,0.0,1.3344,1.3344,3.0,39.0,36.0,28.969,33.696,4.726999999999997,0.0,15,15.0,25.3096,25.9273,0.6176999999999992,0.0,3,3.0
semi,run_1204,0.8987,2.5054,1.6066999999999998,19.0,60.0,41.0,30.919,35.671,4.751999999999999,4.0,27,23.0,331.0687,273.3818,-57.68689999999998,0.0,26,26.0
semi,run_1205,0.0817,1.4706,1.3889,5.0,40.0,35.0,29.361,34.259,4.898,0.0,11,11.0,38.4186,35.5262,-2.892399999999995,0.0,5,5.0
semi,run_1206,0.354,1.7157,1.3617,12.0,51.0,39.0,30.491,35.029,4.538000000000004,1.0,12,11.0,188.5887,149.035,-39.55369999999999,0.0,15,15.0
semi,run_1207,0.0,1.28,1.28,0.0,38.0,38.0,28.745,33.543,4.797999999999998,2.0,17,15.0,13.7493,12.7955,-0.9537999999999993,0.0,3,3.0
semi,run_1208,0.354,1.6612,1.3072,11.0,48.0,37.0,30.346,34.969,4.623000000000001,0.0,9,9.0,106.897,97.8458,-9.051200000000009,0.0,13,13.0
semi,run_1209,0.5719,2.3693,1.7974,13.0,57.0,44.0,30.486,35.257,4.770999999999997,4.0,29,25.0,203.3296,170.9204,-32.4092,0.0,19,19.0
semi,run_1210,0.354,1.6885,1.3344999999999998,11.0,48.0,37.0,30.455,35.007,4.552,0.0,11,11.0,103.7065,95.266,-8.4405,0.0,14,14.0
semi,run_1211,0.1089,1.4978,1.3889,6.0,42.0,36.0,29.623,34.47,4.846999999999998,0.0,7,7.0,64.9036,67.042,2.1384000000000043,0.0,6,6.0
semi,run_1212,0.2451,1.6612,1.4161,10.0,48.0,38.0,30.091,34.745,4.653999999999996,1.0,12,11.0,82.2109,70.8557,-11.355199999999996,0.0,9,9.0
semi,run_1213,0.6808,2.0425,1.3617,15.0,58.0,43.0,30.599,35.19,4.5909999999999975,5.0,31,26.0,60.4555,52.4631,-7.9924000000000035,0.0,16,16.0
semi,run_1214,0.463,2.9956,2.5326,13.0,58.0,45.0,30.614,35.369,4.754999999999999,12.0,39,27.0,428.8964,399.4744,-29.422000000000025,0.0,20,20.0
semi,run_1215,0.0,1.3617,1.3617,4.0,41.0,37.0,29.152,33.891,4.738999999999997,2.0,17,15.0,27.978,27.0148,-0.9632000000000005,0.0,5,5.0
semi,run_1216,0.1906,1.634,1.4434,8.0,43.0,35.0,29.807,34.376,4.568999999999999,2.0,16,14.0,34.5503,33.0975,-1.4528000000000034,0.0,7,7.0
semi,run_1217,0.1906,1.7974,1.6068000000000002,9.0,51.0,42.0,29.759,34.952,5.192999999999998,0.0,15,15.0,144.7237,123.7253,-20.998400000000004,0.0,9,9.0
semi,run_1218,0.1089,1.4978,1.3889,6.0,44.0,38.0,29.516,34.465,4.949000000000005,0.0,12,12.0,71.0868,59.7249,-11.361899999999999,0.0,5,5.0
semi,run_1219,0.0,1.28,1.28,0.0,39.0,39.0,28.667,33.83,5.162999999999997,0.0,13,13.0,22.8608,21.124,-1.7368000000000023,0.0,4,4.0
semi,run_1220,0.0817,1.4161,1.3344,5.0,41.0,36.0,29.604,34.379,4.774999999999999,0.0,10,10.0,77.1423,80.4862,3.3438999999999908,0.0,6,6.0
semi,run_1221,0.1089,1.6068,1.4979,8.0,47.0,39.0,29.695,34.663,4.967999999999996,0.0,10,10.0,101.8928,81.4165,-20.476299999999995,0.0,8,8.0
semi,run_1222,0.2179,1.7157,1.4978,10.0,53.0,43.0,29.945,34.982,5.036999999999999,2.0,16,14.0,83.9382,73.7406,-10.197599999999994,0.0,10,10.0
semi,run_1223,0.4357,1.8519,1.4162000000000001,11.0,55.0,44.0,30.235,35.106,4.871000000000002,1.0,20,19.0,79.9415,68.6267,-11.314800000000005,0.0,12,12.0
semi,run_1224,0.0545,1.3617,1.3072,5.0,41.0,36.0,29.245,34.251,5.005999999999997,0.0,14,14.0,70.2297,72.2691,2.0394000000000005,0.0,5,5.0
semi,run_1225,0.0,1.0893,1.0893,0.0,32.0,32.0,28.431,33.155,4.724,1.0,14,13.0,14.7829,14.5779,-0.20500000000000007,0.0,2,2.0
semi,run_1226,0.0817,1.4706,1.3889,5.0,42.0,37.0,29.552,33.968,4.416000000000004,2.0,17,15.0,21.6791,19.3414,-2.337699999999998,0.0,5,5.0
semi,run_1227,0.1089,1.6612,1.5523,7.0,50.0,43.0,29.585,34.889,5.304000000000002,0.0,12,12.0,155.8905,130.7992,-25.09129999999999,0.0,9,9.0
semi,run_1228,0.7625,2.2603,1.4978,16.0,54.0,38.0,30.679,35.166,4.486999999999998,2.0,21,19.0,113.116,94.025,-19.090999999999994,0.0,19,19.0
semi,run_1229,0.1362,1.5523,1.4161000000000001,8.0,49.0,41.0,29.759,34.704,4.945,0.0,11,11.0,65.9189,60.0924,-5.826499999999996,0.0,8,8.0
semi,run_1230,0.2179,1.6612,1.4433,10.0,50.0,40.0,29.978,34.724,4.745999999999995,0.0,11,11.0,63.1292,53.3274,-9.8018,0.0,9,9.0
semi,run_1231,0.0817,1.4978,1.4161000000000001,5.0,46.0,41.0,29.53,34.594,5.064,0.0,10,10.0,80.7746,78.2852,-2.4894000000000034,0.0,7,7.0
semi,run_1232,0.3268,1.6612,1.3344,11.0,48.0,37.0,30.202,34.848,4.645999999999997,0.0,11,11.0,103.4328,88.0712,-15.361599999999996,0.0,11,11.0
semi,run_1233,0.1089,1.5523,1.4434,7.0,47.0,40.0,29.588,34.497,4.908999999999999,0.0,15,15.0,51.9924,43.4112,-8.581200000000003,0.0,5,5.0
semi,run_1234,0.2451,1.9063,1.6612,10.0,50.0,40.0,30.097,34.891,4.793999999999997,0.0,21,21.0,102.6287,93.643,-8.985699999999994,0.0,9,9.0
semi,run_1235,0.0,1.28,1.28,3.0,40.0,37.0,28.94,34.085,5.145,0.0,10,10.0,35.6797,35.0468,-0.6328999999999994,0.0,5,5.0
semi,run_1236,0.0,1.3344,1.3344,3.0,41.0,38.0,29.158,33.922,4.763999999999996,1.0,15,14.0,36.1004,37.5115,1.4110999999999976,0.0,5,5.0
semi,run_1237,0.0,1.3344,1.3344,4.0,40.0,36.0,29.091,34.161,5.07,0.0,10,10.0,37.5208,37.3324,-0.18840000000000146,0.0,5,5.0
semi,run_1238,0.0,1.171,1.171,0.0,37.0,37.0,28.542,33.522,4.979999999999997,0.0,13,13.0,13.8726,11.3322,-2.5404,0.0,3,3.0
semi,run_1239,0.0,1.3344,1.3344,3.0,40.0,37.0,28.941,34.242,5.300999999999998,0.0,9,9.0,54.0714,55.954,1.8826000000000036,0.0,5,5.0
semi,run_1240,0.0545,1.4161,1.3616,5.0,40.0,35.0,29.338,34.197,4.859000000000002,0.0,12,12.0,40.5131,37.0835,-3.4296000000000006,0.0,5,5.0
semi,run_1241,0.1906,1.5251,1.3344999999999998,9.0,48.0,39.0,29.786,34.573,4.786999999999999,3.0,19,16.0,42.8175,41.2518,-1.5656999999999996,0.0,7,7.0
semi,run_1242,0.0,1.3889,1.3889,3.0,41.0,38.0,28.946,34.267,5.3210000000000015,0.0,12,12.0,43.863,38.8933,-4.969699999999996,0.0,5,5.0
semi,run_1243,0.1089,1.634,1.5251,9.0,49.0,40.0,29.857,34.889,5.032000000000004,0.0,11,11.0,126.9428,112.4451,-14.497700000000009,0.0,10,10.0
semi,run_1244,0.0817,1.5523,1.4706000000000001,5.0,44.0,39.0,29.571,34.466,4.895,0.0,12,12.0,54.7895,44.482,-10.307499999999997,0.0,7,7.0
semi,run_1245,0.1089,1.634,1.5251,7.0,49.0,42.0,29.56,34.65,5.09,0.0,13,13.0,55.7321,53.5961,-2.136000000000003,0.0,6,6.0
semi,run_1246,0.0817,1.5523,1.4706000000000001,5.0,42.0,37.0,29.503,34.372,4.869,0.0,11,11.0,33.5988,30.4289,-3.1698999999999984,0.0,6,6.0
semi,run_1247,0.0,1.1983,1.1983,0.0,33.0,33.0,28.686,33.092,4.405999999999999,4.0,20,16.0,6.534,5.9763,-0.5576999999999996,0.0,2,2.0
semi,run_1248,0.6264,2.6688,2.0424,14.0,56.0,42.0,30.563,35.372,4.809000000000001,5.0,32,27.0,344.5506,292.4836,-52.06699999999995,0.0,22,22.0
semi,run_1249,0.0817,1.5795,1.4977999999999998,5.0,45.0,40.0,29.515,34.377,4.862000000000002,0.0,14,14.0,46.0906,39.8059,-6.284700000000001,0.0,5,5.0
semi,run_1250,0.0817,1.5523,1.4706000000000001,5.0,44.0,39.0,29.58,34.362,4.782000000000004,2.0,16,14.0,30.0434,29.0429,-1.0004999999999988,0.0,6,6.0
semi,run_1251,0.2723,1.8519,1.5796000000000001,11.0,50.0,39.0,30.195,34.949,4.753999999999998,1.0,17,16.0,158.8615,141.4222,-17.439300000000003,0.0,10,10.0
semi,run_1252,0.0817,1.4978,1.4161000000000001,5.0,42.0,37.0,29.476,34.456,4.980000000000004,0.0,10,10.0,74.2738,60.5473,-13.726499999999994,0.0,6,6.0
semi,run_1253,0.0,1.5523,1.5523,4.0,42.0,38.0,29.199,34.24,5.041,0.0,12,12.0,28.6969,25.7928,-2.9040999999999997,0.0,5,5.0
semi,run_1254,0.8442,2.0969,1.2527000000000004,17.0,56.0,39.0,30.869,35.432,4.563000000000002,1.0,15,14.0,154.0334,126.2559,-27.777500000000003,0.0,26,26.0
semi,run_1255,0.0,1.3889,1.3889,4.0,43.0,39.0,29.198,34.224,5.025999999999996,2.0,18,16.0,42.1365,41.5358,-0.6006999999999962,0.0,5,5.0
semi,run_1256,0.0545,1.4161,1.3616,4.0,41.0,37.0,29.175,34.244,5.068999999999999,0.0,11,11.0,49.1462,44.05,-5.096200000000003,0.0,5,5.0
semi,run_1257,0.0,1.3617,1.3617,2.0,40.0,38.0,29.032,34.185,5.153000000000002,0.0,12,12.0,34.7845,31.1637,-3.6208000000000027,0.0,5,5.0
semi,run_1258,0.0817,1.4706,1.3889,5.0,42.0,37.0,29.522,34.263,4.741,0.0,15,15.0,46.212,44.4004,-1.8116000000000057,0.0,5,5.0
semi,run_1259,0.0545,1.4978,1.4433,4.0,46.0,42.0,29.405,34.582,5.177,0.0,10,10.0,93.7013,80.4677,-13.23360000000001,0.0,6,6.0
semi,run_1260,0.0545,1.4706,1.4161,4.0,46.0,42.0,29.283,34.502,5.219000000000001,0.0,9,9.0,67.1257,70.388,3.2623000000000104,0.0,5,5.0
semi,run_1261,0.3813,1.7157,1.3344,11.0,51.0,40.0,30.237,34.993,4.756000000000004,0.0,13,13.0,80.0279,68.0246,-12.003299999999996,0.0,12,12.0
semi,run_1262,0.0272,1.5523,1.5251000000000001,4.0,47.0,43.0,29.42,34.399,4.978999999999999,0.0,14,14.0,35.978,32.8668,-3.1112000000000037,0.0,5,5.0
semi,run_1263,0.4085,1.7157,1.3072,12.0,50.0,38.0,30.394,34.772,4.378,1.0,12,11.0,56.3622,53.7896,-2.5726000000000013,0.0,9,9.0
semi,run_1264,0.0272,1.3617,1.3345,4.0,40.0,36.0,29.142,34.135,4.9929999999999986,0.0,11,11.0,45.1182,36.4515,-8.666699999999999,0.0,5,5.0
semi,run_1265,0.4357,2.0969,1.6612000000000002,13.0,56.0,43.0,30.193,35.333,5.139999999999997,0.0,15,15.0,291.3661,249.9838,-41.382300000000015,0.0,16,16.0
semi,run_1266,0.0545,1.4706,1.4161,4.0,42.0,38.0,29.366,34.438,5.072000000000003,0.0,9,9.0,122.8367,104.0637,-18.772999999999996,0.0,5,5.0
semi,run_1267,0.0545,1.4161,1.3616,5.0,44.0,39.0,29.193,34.422,5.228999999999996,0.0,12,12.0,56.3746,48.9372,-7.437400000000004,0.0,5,5.0
semi,run_1268,1.8246,2.6961,0.8714999999999999,29.0,67.0,38.0,31.932,35.836,3.904,20.0,45,25.0,64.3609,58.5802,-5.780700000000003,0.0,36,36.0
semi,run_1269,0.5719,1.7974,1.2255000000000003,13.0,53.0,40.0,30.49,34.763,4.273,12.0,30,18.0,60.953,61.0355,0.08249999999999602,0.0,9,9.0
semi,run_1270,1.171,2.0425,0.8714999999999999,18.0,52.0,34.0,31.051,34.877,3.826000000000004,5.0,25,20.0,31.5757,26.8034,-4.772300000000001,0.0,21,21.0
semi,run_1271,0.0817,1.4706,1.3889,5.0,40.0,35.0,29.423,34.235,4.812000000000001,0.0,13,13.0,37.9059,32.6886,-5.217300000000002,0.0,5,5.0
semi,run_1272,0.0817,1.4978,1.4161000000000001,5.0,46.0,41.0,29.711,34.418,4.707000000000001,2.0,16,14.0,65.4336,66.1842,0.7506000000000057,0.0,6,6.0
semi,run_1273,0.0,1.28,1.28,3.0,39.0,36.0,28.929,33.83,4.901,0.0,11,11.0,27.626,27.3441,-0.28190000000000026,0.0,3,3.0
semi,run_1274,0.1362,2.0153,1.8790999999999998,9.0,50.0,41.0,29.73,34.987,5.2570000000000014,0.0,20,20.0,222.9603,193.1482,-29.812099999999987,0.0,9,9.0
semi,run_1275,0.0817,1.5251,1.4434,5.0,46.0,41.0,29.528,34.495,4.966999999999999,0.0,11,11.0,52.9071,47.891,-5.016100000000002,0.0,7,7.0
semi,run_1276,0.0,1.3344,1.3344,2.0,40.0,38.0,28.933,34.037,5.103999999999999,0.0,12,12.0,30.6572,28.3552,-2.3019999999999996,0.0,5,5.0
semi,run_1277,0.0,1.4706,1.4706,4.0,43.0,39.0,29.135,34.308,5.172999999999998,0.0,11,11.0,45.0096,39.0502,-5.959400000000002,0.0,5,5.0
semi,run_1278,0.0545,1.3617,1.3072,5.0,40.0,35.0,29.189,34.145,4.956000000000003,0.0,11,11.0,43.8953,37.8563,-6.0390000000000015,0.0,5,5.0
semi,run_1279,0.1634,1.5523,1.3889,8.0,44.0,36.0,29.765,34.256,4.491,2.0,15,13.0,34.2588,33.8627,-0.3961000000000041,0.0,5,5.0
semi,run_1280,0.2451,1.5795,1.3343999999999998,9.0,46.0,37.0,29.994,34.438,4.444000000000003,2.0,16,14.0,45.5601,45.3517,-0.20839999999999748,0.0,7,7.0
semi,run_1281,1.3617,3.1318,1.7701000000000002,21.0,65.0,44.0,31.299,35.81,4.511000000000003,20.0,45,25.0,98.3465,84.1323,-14.214200000000005,0.0,29,29.0
semi,run_1282,0.0,1.1438,1.1438,0.0,33.0,33.0,28.472,33.336,4.863999999999997,0.0,12,12.0,12.2837,10.626,-1.6577000000000002,0.0,2,2.0
semi,run_1283,0.0817,1.4434,1.3617,5.0,41.0,36.0,29.562,34.341,4.779,0.0,11,11.0,78.2821,62.8594,-15.422699999999999,0.0,6,6.0
semi,run_1284,0.5719,1.7974,1.2255000000000003,15.0,52.0,37.0,30.767,35.162,4.395,1.0,15,14.0,216.6524,169.3114,-47.34100000000001,0.0,20,20.0
semi,run_1285,0.0,1.3072,1.3072,2.0,39.0,37.0,28.91,33.969,5.059000000000001,0.0,12,12.0,36.1884,30.9031,-5.285300000000003,0.0,5,5.0
semi,run_1286,0.4902,1.8246,1.3344,12.0,52.0,40.0,30.411,35.104,4.692999999999998,2.0,18,16.0,88.566,78.5127,-10.053300000000007,0.0,14,14.0
semi,run_1287,0.0,1.5251,1.5251,5.0,45.0,40.0,29.331,34.005,4.674000000000003,2.0,18,16.0,25.366,23.3164,-2.049599999999998,0.0,5,5.0
semi,run_1288,0.0817,1.5251,1.4434,5.0,44.0,39.0,29.614,34.434,4.819999999999997,0.0,11,11.0,54.8556,46.1063,-8.749300000000005,0.0,7,7.0
semi,run_1289,0.1906,1.634,1.4434,9.0,47.0,38.0,29.966,34.786,4.82,0.0,10,10.0,73.8832,72.5163,-1.3669000000000011,0.0,9,9.0
semi,run_1290,0.463,1.634,1.1709999999999998,12.0,46.0,34.0,30.347,34.365,4.018000000000001,2.0,16,14.0,37.9744,38.2169,0.24249999999999972,0.0,9,9.0
semi,run_1291,0.0,1.3072,1.3072,2.0,40.0,38.0,28.888,34.114,5.2259999999999955,0.0,9,9.0,42.3324,41.3093,-1.0230999999999995,0.0,5,5.0
semi,run_1292,0.0545,1.5251,1.4706,5.0,45.0,40.0,29.386,34.375,4.989000000000001,0.0,14,14.0,35.1477,30.279,-4.8687000000000005,0.0,5,5.0
semi,run_1293,0.0545,1.3072,1.2527,4.0,40.0,36.0,29.156,34.191,5.035000000000004,0.0,10,10.0,50.6182,50.4463,-0.17190000000000083,0.0,5,5.0
semi,run_1294,0.0,1.3344,1.3344,4.0,41.0,37.0,29.185,33.877,4.692000000000004,2.0,17,15.0,26.5986,24.7868,-1.8118000000000016,0.0,4,4.0
semi,run_1295,0.0,1.3344,1.3344,4.0,42.0,38.0,29.112,33.992,4.879999999999999,1.0,15,14.0,32.509,34.5421,2.0330999999999975,0.0,4,4.0
semi,run_1296,0.0,1.4161,1.4161,5.0,43.0,38.0,29.131,34.347,5.216000000000001,0.0,13,13.0,40.7693,37.9155,-2.8537999999999997,0.0,5,5.0
semi,run_1297,0.0,1.3072,1.3072,4.0,41.0,37.0,29.175,33.732,4.556999999999999,2.0,16,14.0,34.7428,35.3832,0.6403999999999996,0.0,3,3.0
semi,run_1298,0.2723,1.8246,1.5523,11.0,51.0,40.0,29.925,35.103,5.178000000000001,0.0,12,12.0,162.7592,137.7888,-24.970399999999984,0.0,10,10.0
semi,run_1299,0.0817,1.4978,1.4161000000000001,5.0,44.0,39.0,29.432,34.451,5.019000000000002,0.0,11,11.0,45.1528,43.7132,-1.4395999999999987,0.0,5,5.0
semi,run_1300,0.1089,1.4978,1.3889,5.0,46.0,41.0,29.579,34.637,5.058,0.0,7,7.0,99.5026,104.5135,5.010899999999992,0.0,8,8.0
semi,run_1301,0.0817,1.4978,1.4161000000000001,5.0,41.0,36.0,29.516,34.447,4.9310000000000045,0.0,10,10.0,121.8455,100.131,-21.7145,0.0,6,6.0
semi,run_1302,0.0817,1.4161,1.3344,5.0,46.0,41.0,29.52,34.483,4.962999999999997,0.0,11,11.0,58.951,59.9131,0.9620999999999995,0.0,6,6.0
semi,run_1303,0.0817,1.8791,1.7974,6.0,48.0,42.0,29.587,34.743,5.156000000000002,0.0,17,17.0,191.7008,170.1698,-21.530999999999977,0.0,8,8.0
semi,run_1304,0.2179,1.6885,1.4706,11.0,49.0,38.0,30.048,34.899,4.851000000000003,1.0,12,11.0,117.3434,108.6809,-8.662500000000009,0.0,9,9.0
semi,run_1305,0.2451,1.634,1.3888999999999998,10.0,48.0,38.0,30.226,34.731,4.505000000000003,0.0,11,11.0,55.4529,51.1011,-4.351799999999997,0.0,9,9.0
semi,run_1306,0.0545,1.4978,1.4433,4.0,46.0,42.0,29.437,34.587,5.150000000000002,0.0,11,11.0,116.7431,96.9285,-19.8146,0.0,6,6.0
semi,run_1307,0.2179,1.6068,1.3889,10.0,47.0,37.0,30.102,34.677,4.574999999999999,0.0,11,11.0,66.9851,61.8093,-5.175800000000002,0.0,9,9.0
semi,run_1308,0.0545,1.4706,1.4161,4.0,40.0,36.0,29.234,34.358,5.123999999999995,0.0,11,11.0,56.4,53.7846,-2.615400000000001,0.0,5,5.0
semi,run_1309,0.0,1.3344,1.3344,3.0,40.0,37.0,29.018,34.157,5.138999999999996,0.0,11,11.0,43.6885,44.858,1.1694999999999993,0.0,5,5.0
semi,run_1310,0.0817,1.4161,1.3344,5.0,41.0,36.0,29.399,34.295,4.896000000000001,0.0,11,11.0,44.0801,37.3848,-6.695300000000003,0.0,5,5.0
semi,run_1311,0.2451,1.6885,1.4433999999999998,10.0,51.0,41.0,30.022,34.782,4.759999999999998,2.0,17,15.0,83.6241,68.2971,-15.326999999999998,0.0,9,9.0
semi,run_1312,0.0817,1.4161,1.3344,5.0,41.0,36.0,29.292,34.18,4.887999999999998,0.0,13,13.0,36.5474,29.1248,-7.422600000000003,0.0,5,5.0
semi,run_1313,0.0,1.3889,1.3889,5.0,40.0,35.0,29.159,34.065,4.905999999999999,0.0,12,12.0,28.858,28.697,-0.16100000000000136,0.0,5,5.0
semi,run_1314,0.1089,1.5523,1.4434,6.0,47.0,41.0,29.607,34.643,5.036000000000001,0.0,11,11.0,67.3782,54.2153,-13.162900000000008,0.0,7,7.0
semi,run_1315,0.3268,1.6885,1.3617,12.0,49.0,37.0,30.152,34.788,4.635999999999996,1.0,12,11.0,81.3974,67.7136,-13.683800000000005,0.0,10,10.0
semi,run_1316,0.0817,1.4978,1.4161000000000001,5.0,44.0,39.0,29.44,34.448,5.007999999999999,0.0,12,12.0,63.0888,51.3451,-11.743699999999997,0.0,5,5.0
semi,run_1317,0.0545,1.3889,1.3344,5.0,40.0,35.0,29.181,34.16,4.978999999999996,0.0,11,11.0,48.1182,51.0132,2.894999999999996,0.0,5,5.0
semi,run_1318,0.1089,1.634,1.5251,9.0,46.0,37.0,29.723,34.625,4.902000000000001,0.0,11,11.0,60.3576,51.5838,-8.773800000000001,0.0,8,8.0
semi,run_1319,0.3268,1.7429,1.4161,12.0,52.0,40.0,30.49,35.194,4.704000000000004,1.0,12,11.0,184.3286,165.5612,-18.76739999999998,0.0,17,17.0
semi,run_1320,0.0,1.28,1.28,3.0,40.0,37.0,29.058,34.16,5.101999999999997,0.0,9,9.0,39.4963,36.3994,-3.096899999999998,0.0,5,5.0
semi,run_1321,1.0621,1.988,0.9259,20.0,54.0,34.0,31.224,35.21,3.9860000000000007,6.0,19,13.0,69.0173,59.9015,-9.115800000000007,0.0,24,24.0
semi,run_1322,0.2723,1.6885,1.4162,12.0,49.0,37.0,30.287,34.834,4.547000000000004,1.0,14,13.0,73.5885,65.3082,-8.280299999999997,0.0,11,11.0
semi,run_1323,0.0817,1.4434,1.3617,5.0,40.0,35.0,29.326,34.351,5.024999999999999,0.0,10,10.0,60.3824,58.2741,-2.1083,0.0,5,5.0
semi,run_1324,0.5447,1.7974,1.2527000000000001,15.0,51.0,36.0,30.769,35.221,4.451999999999998,1.0,12,11.0,167.2161,148.4634,-18.752700000000004,0.0,22,22.0
semi,run_1325,0.0545,1.4434,1.3889,5.0,41.0,36.0,29.318,34.363,5.044999999999998,0.0,12,12.0,61.925,54.4712,-7.453799999999994,0.0,5,5.0
semi,run_1326,0.0817,1.5795,1.4977999999999998,7.0,46.0,39.0,29.57,34.341,4.771000000000001,0.0,15,15.0,38.5309,32.6918,-5.839100000000002,0.0,5,5.0
semi,run_1327,0.0,1.3344,1.3344,1.0,38.0,37.0,28.865,33.766,4.901,0.0,10,10.0,31.0648,32.3852,1.3203999999999958,0.0,3,3.0
semi,run_1328,0.1089,1.6068,1.4979,9.0,46.0,37.0,29.756,34.631,4.875,0.0,11,11.0,87.7425,79.0606,-8.681900000000013,0.0,8,8.0
semi,run_1329,0.1362,1.5523,1.4161000000000001,6.0,43.0,37.0,29.75,34.004,4.253999999999998,6.0,26,20.0,39.1521,40.0531,0.9010000000000034,0.0,5,5.0
semi,run_1330,0.1362,1.5251,1.3889,6.0,47.0,41.0,29.65,34.524,4.874000000000002,1.0,15,14.0,54.5155,48.7604,-5.755100000000006,0.0,7,7.0
semi,run_1331,0.1362,1.5523,1.4161000000000001,8.0,43.0,35.0,29.69,34.487,4.797000000000001,0.0,11,11.0,55.0025,51.1417,-3.8607999999999976,0.0,7,7.0
semi,run_1332,0.2451,1.6612,1.4161,10.0,50.0,40.0,30.201,34.504,4.302999999999997,2.0,13,11.0,57.5543,59.7643,2.210000000000001,0.0,8,8.0
semi,run_1333,0.0,1.28,1.28,3.0,40.0,37.0,28.982,34.053,5.070999999999998,0.0,11,11.0,35.7472,35.9994,0.252200000000002,0.0,5,5.0
semi,run_1334,0.1362,1.5251,1.3889,6.0,43.0,37.0,29.638,34.401,4.763000000000002,2.0,16,14.0,39.012,34.4699,-4.542099999999998,0.0,6,6.0
semi,run_1335,0.1634,1.6612,1.4978,10.0,50.0,40.0,29.874,34.805,4.931000000000001,1.0,16,15.0,61.3021,53.5469,-7.755200000000002,0.0,9,9.0
semi,run_1336,0.4902,1.7974,1.3072000000000001,13.0,54.0,41.0,30.632,35.119,4.486999999999998,1.0,12,11.0,202.5895,166.3583,-36.23119999999997,0.0,16,16.0
semi,run_1337,0.354,1.988,1.634,11.0,52.0,41.0,30.066,35.04,4.974,0.0,20,20.0,105.915,90.0307,-15.88430000000001,0.0,9,9.0
semi,run_1338,0.3813,1.6885,1.3072,11.0,51.0,40.0,30.377,35.01,4.632999999999999,1.0,14,13.0,108.1945,94.5317,-13.662800000000004,0.0,11,11.0
semi,run_1339,0.1089,1.4706,1.3617,6.0,43.0,37.0,29.662,34.013,4.350999999999999,3.0,17,14.0,30.5467,31.4417,0.8949999999999996,0.0,5,5.0
semi,run_1340,0.1089,1.6885,1.5796,9.0,50.0,41.0,29.726,34.784,5.058,0.0,15,15.0,137.5535,123.3777,-14.17580000000001,0.0,9,9.0
semi,run_1341,0.0545,1.4161,1.3616,4.0,40.0,36.0,29.338,34.306,4.967999999999996,0.0,10,10.0,48.2937,49.4262,1.1325000000000003,0.0,5,5.0
semi,run_1342,0.1089,1.6068,1.4979,7.0,43.0,36.0,29.62,34.106,4.486000000000001,5.0,24,19.0,19.2899,18.0482,-1.241699999999998,0.0,5,5.0
semi,run_1343,0.2451,1.6612,1.4161,10.0,50.0,40.0,29.942,34.875,4.933,0.0,14,14.0,91.2221,84.9854,-6.236699999999999,0.0,9,9.0
semi,run_1344,0.463,1.7702,1.3072,13.0,53.0,40.0,30.596,35.207,4.611000000000001,0.0,11,11.0,172.9445,139.2486,-33.695899999999995,0.0,16,16.0
semi,run_1345,0.1089,1.6068,1.4979,9.0,44.0,35.0,29.81,34.656,4.846,0.0,7,7.0,75.7064,72.7943,-2.9120999999999952,0.0,7,7.0
semi,run_1346,0.0545,1.4434,1.3889,5.0,40.0,35.0,29.272,34.147,4.875,0.0,13,13.0,44.7851,37.5373,-7.247799999999998,0.0,5,5.0
semi,run_1347,0.4357,1.7429,1.3072,12.0,52.0,40.0,30.591,35.177,4.5859999999999985,1.0,14,13.0,166.0777,131.6827,-34.39499999999998,0.0,17,17.0
semi,run_1348,0.0817,1.3889,1.3072,5.0,41.0,36.0,29.367,34.178,4.810999999999996,0.0,15,15.0,34.1321,32.8003,-1.3318000000000012,0.0,5,5.0
semi,run_1349,0.5447,1.8791,1.3344,14.0,50.0,36.0,30.371,34.562,4.190999999999999,6.0,27,21.0,27.1363,24.3355,-2.800799999999999,0.0,8,8.0
semi,run_1350,0.1089,1.6068,1.4979,9.0,46.0,37.0,29.836,34.651,4.815000000000005,0.0,11,11.0,191.8173,148.8252,-42.99209999999999,0.0,9,9.0
semi,run_1351,0.3268,1.7157,1.3889,11.0,52.0,41.0,30.195,35.068,4.8729999999999976,0.0,14,14.0,115.4836,106.0659,-9.417699999999996,0.0,11,11.0
semi,run_1352,0.3268,1.6885,1.3617,11.0,50.0,39.0,30.15,34.956,4.8060000000000045,1.0,17,16.0,116.3946,95.1211,-21.2735,0.0,10,10.0
semi,run_1353,0.0272,1.4706,1.4434,4.0,41.0,37.0,29.298,34.221,4.922999999999998,0.0,12,12.0,25.1797,22.8859,-2.293800000000001,0.0,5,5.0
semi,run_1354,0.0,1.3617,1.3617,4.0,43.0,39.0,29.141,34.278,5.1370000000000005,0.0,15,15.0,48.9023,49.6508,0.7484999999999999,0.0,5,5.0
semi,run_1355,0.1089,1.5795,1.4706,8.0,47.0,39.0,29.644,34.651,5.007000000000005,0.0,11,11.0,73.7092,65.6804,-8.02879999999999,0.0,7,7.0
semi,run_1356,0.3813,1.9608,1.5795000000000001,13.0,55.0,42.0,30.404,35.178,4.773999999999997,0.0,17,17.0,125.3318,108.1282,-17.203599999999994,0.0,13,13.0
semi,run_1357,0.0,1.2527,1.2527,2.0,39.0,37.0,28.789,33.947,5.158000000000001,0.0,10,10.0,31.07,30.6707,-0.3993000000000002,0.0,5,5.0
semi,run_1358,0.1089,1.4978,1.3889,7.0,45.0,38.0,29.644,34.565,4.920999999999999,0.0,10,10.0,79.9264,69.2723,-10.6541,0.0,7,7.0
semi,run_1359,0.1089,1.5795,1.4706,8.0,47.0,39.0,29.837,34.649,4.812000000000001,0.0,11,11.0,163.6306,128.6541,-34.97649999999999,0.0,8,8.0
semi,run_1360,0.0,1.2527,1.2527,0.0,38.0,38.0,28.688,33.88,5.192000000000004,0.0,9,9.0,26.9481,26.4772,-0.4709000000000003,0.0,3,3.0
semi,run_1361,0.1362,1.5795,1.4432999999999998,8.0,42.0,34.0,29.699,34.366,4.666999999999998,0.0,11,11.0,38.8555,31.6632,-7.1922999999999995,0.0,6,6.0
semi,run_1362,0.5174,2.2876,1.7702,13.0,52.0,39.0,30.366,34.974,4.607999999999997,2.0,29,27.0,109.3745,95.5527,-13.821799999999996,0.0,14,14.0
semi,run_1363,0.5719,1.7429,1.1709999999999998,15.0,52.0,37.0,30.729,35.163,4.4339999999999975,1.0,14,13.0,112.4102,99.7463,-12.663899999999998,0.0,18,18.0
semi,run_1364,0.0,1.3617,1.3617,3.0,40.0,37.0,29.0,33.769,4.768999999999998,0.0,16,16.0,16.6178,15.1829,-1.434899999999999,0.0,3,3.0
semi,run_1365,0.1362,1.5251,1.3889,6.0,45.0,39.0,29.556,34.409,4.852999999999998,2.0,16,14.0,41.0685,37.7642,-3.304299999999998,0.0,6,6.0
semi,run_1366,0.1089,1.4978,1.3889,7.0,41.0,34.0,29.635,34.347,4.712,0.0,8,8.0,55.5641,56.1594,0.5952999999999946,0.0,6,6.0
semi,run_1367,0.0545,1.5251,1.4706,4.0,46.0,42.0,29.264,34.56,5.296000000000003,0.0,7,7.0,80.9051,84.5832,3.6781000000000006,0.0,5,5.0
semi,run_1368,0.5447,1.8791,1.3344,13.0,54.0,41.0,30.617,35.165,4.547999999999998,3.0,26,23.0,137.5326,124.1449,-13.387699999999995,0.0,15,15.0
semi,run_1369,0.4085,1.8791,1.4706000000000001,13.0,58.0,45.0,30.352,35.317,4.965,1.0,17,16.0,170.1316,141.8564,-28.275199999999984,0.0,16,16.0
semi,run_1370,0.4357,2.451,2.0153,13.0,53.0,40.0,30.513,35.219,4.7059999999999995,7.0,35,28.0,254.2595,238.1703,-16.089200000000005,0.0,16,16.0
semi,run_1371,0.4902,1.7702,1.28,13.0,51.0,38.0,30.353,34.744,4.390999999999998,3.0,19,16.0,47.3124,40.9697,-6.342699999999994,0.0,9,9.0
semi,run_1372,0.2179,1.6612,1.4433,11.0,48.0,37.0,30.097,34.878,4.780999999999999,0.0,11,11.0,182.8121,144.0774,-38.734699999999975,0.0,11,11.0
semi,run_1373,0.1089,1.5251,1.4162,7.0,46.0,39.0,29.643,34.63,4.987000000000002,0.0,10,10.0,94.6657,82.4694,-12.196300000000008,0.0,8,8.0
semi,run_1374,0.1362,2.2331,2.0968999999999998,9.0,49.0,40.0,29.905,34.753,4.847999999999999,2.0,26,24.0,181.0731,172.1097,-8.963400000000007,0.0,8,8.0
semi,run_1375,0.0817,1.4978,1.4161000000000001,5.0,41.0,36.0,29.448,34.321,4.8729999999999976,0.0,8,8.0,50.0381,50.5753,0.5371999999999986,0.0,5,5.0
semi,run_1376,0.0817,1.3889,1.3072,5.0,41.0,36.0,29.474,34.341,4.867000000000001,0.0,12,12.0,52.4111,45.6834,-6.727699999999999,0.0,5,5.0
semi,run_1377,0.2723,1.634,1.3617,10.0,46.0,36.0,30.135,34.463,4.327999999999999,2.0,17,15.0,34.1737,31.5682,-2.6054999999999957,0.0,8,8.0
semi,run_1378,0.1906,1.634,1.4434,9.0,49.0,40.0,29.878,34.835,4.957000000000001,0.0,11,11.0,129.8686,106.109,-23.759599999999992,0.0,9,9.0
semi,run_1379,0.4902,1.8246,1.3344,14.0,54.0,40.0,30.478,35.216,4.7379999999999995,2.0,19,17.0,178.9727,147.5547,-31.418000000000006,0.0,16,16.0
semi,run_1380,0.1906,1.634,1.4434,9.0,48.0,39.0,29.914,34.813,4.899000000000001,0.0,10,10.0,72.3989,67.6899,-4.709000000000003,0.0,8,8.0
semi,run_1381,0.1089,1.4978,1.3889,5.0,47.0,42.0,29.554,34.676,5.122000000000003,0.0,11,11.0,120.2683,94.2739,-25.9944,0.0,8,8.0
semi,run_1382,0.0,1.3889,1.3889,4.0,40.0,36.0,29.083,34.197,5.114000000000004,0.0,11,11.0,47.3106,38.8123,-8.4983,0.0,5,5.0
semi,run_1383,0.3813,1.8791,1.4978,12.0,54.0,42.0,30.27,35.152,4.8820000000000014,1.0,19,18.0,165.2274,132.8798,-32.3476,0.0,12,12.0
semi,run_1384,0.0,1.3889,1.3889,3.0,41.0,38.0,29.131,33.682,4.551000000000002,2.0,18,16.0,16.8576,16.471,-0.3866000000000014,0.0,3,3.0
semi,run_1385,0.3813,1.7429,1.3616,12.0,49.0,37.0,30.341,34.897,4.555999999999997,1.0,14,13.0,110.0966,97.7262,-12.37039999999999,0.0,12,12.0
semi,run_1386,0.2996,1.7157,1.4161000000000001,11.0,49.0,38.0,30.199,34.948,4.748999999999999,0.0,13,13.0,164.8536,144.5631,-20.29050000000001,0.0,10,10.0
semi,run_1387,0.0272,1.4161,1.3889,4.0,40.0,36.0,29.244,33.978,4.734000000000002,0.0,12,12.0,28.8222,28.6444,-0.17779999999999774,0.0,5,5.0
semi,run_1388,0.0,1.1983,1.1983,0.0,38.0,38.0,28.62,33.734,5.114000000000001,0.0,10,10.0,16.5369,14.8582,-1.6786999999999992,0.0,3,3.0
semi,run_1389,0.0817,1.4706,1.3889,5.0,43.0,38.0,29.474,34.371,4.897000000000002,1.0,16,15.0,47.4522,45.9689,-1.4832999999999998,0.0,6,6.0
semi,run_1390,0.1906,1.634,1.4434,10.0,48.0,38.0,29.987,34.782,4.794999999999998,0.0,11,11.0,124.4778,97.7872,-26.690600000000003,0.0,9,9.0
semi,run_1391,0.2451,1.6068,1.3617,7.0,44.0,37.0,29.852,34.001,4.148999999999997,4.0,21,17.0,27.9179,28.2532,0.33530000000000015,0.0,5,5.0
semi,run_1392,0.5719,1.8519,1.2800000000000002,18.0,54.0,36.0,30.829,35.33,4.500999999999998,2.0,21,19.0,120.7923,108.075,-12.717299999999994,0.0,20,20.0
semi,run_1393,0.0,1.3617,1.3617,3.0,40.0,37.0,29.074,34.043,4.968999999999998,0.0,13,13.0,29.2674,27.4319,-1.8354999999999997,0.0,5,5.0
semi,run_1394,0.5174,1.8791,1.3617,15.0,56.0,41.0,30.53,35.254,4.723999999999997,1.0,16,15.0,207.6071,167.3811,-40.226,0.0,19,19.0
semi,run_1395,0.2723,1.7702,1.4979,11.0,49.0,38.0,29.961,34.925,4.963999999999999,0.0,12,12.0,147.7108,119.9975,-27.713300000000004,0.0,9,9.0
semi,run_1396,0.1089,2.1242,2.0153,10.0,50.0,40.0,29.748,34.927,5.1789999999999985,0.0,17,17.0,250.222,225.0486,-25.173400000000015,0.0,9,9.0
semi,run_1397,0.1906,1.5251,1.3344999999999998,9.0,43.0,34.0,29.832,34.193,4.360999999999997,2.0,16,14.0,24.0875,22.7923,-1.2951999999999977,0.0,5,5.0
semi,run_1398,0.2451,1.6612,1.4161,11.0,48.0,37.0,30.248,34.887,4.638999999999999,0.0,13,13.0,127.2448,108.6186,-18.626199999999997,0.0,10,10.0
semi,run_1399,0.3813,2.3148,1.9335,12.0,50.0,38.0,30.336,34.936,4.600000000000001,1.0,22,21.0,246.3003,219.1965,-27.103800000000007,0.0,13,13.0
semi,run_1400,0.7898,1.9608,1.1710000000000003,16.0,56.0,40.0,30.726,35.336,4.609999999999999,1.0,18,17.0,290.334,229.257,-61.077,0.0,22,22.0
semi,run_1401,0.0545,1.3344,1.2799,4.0,40.0,36.0,29.205,34.169,4.963999999999999,0.0,8,8.0,40.5301,37.9005,-2.6295999999999964,0.0,5,5.0
semi,run_1402,0.0817,1.5523,1.4706000000000001,5.0,47.0,42.0,29.45,34.624,5.174000000000003,0.0,11,11.0,112.8927,97.051,-15.841700000000003,0.0,6,6.0
semi,run_1403,0.5174,2.3965,1.8791000000000002,12.0,57.0,45.0,30.193,35.337,5.144000000000002,3.0,30,27.0,222.1328,190.9682,-31.164600000000007,0.0,14,14.0
semi,run_1404,0.1634,1.7702,1.6068,9.0,51.0,42.0,29.749,34.973,5.224,0.0,15,15.0,159.3699,135.1093,-24.26060000000001,0.0,9,9.0
semi,run_1405,0.1089,1.6068,1.4979,8.0,48.0,40.0,29.787,34.765,4.9780000000000015,1.0,14,13.0,104.1979,84.147,-20.0509,0.0,8,8.0
semi,run_1406,0.1089,1.5251,1.4162,8.0,46.0,38.0,29.774,34.62,4.8459999999999965,0.0,11,11.0,63.4078,60.1186,-3.289200000000001,0.0,8,8.0
semi,run_1407,0.8442,2.2059,1.3617000000000004,19.0,54.0,35.0,31.148,35.422,4.273999999999997,2.0,25,23.0,275.2363,245.3614,-29.874900000000025,0.0,26,26.0
semi,run_1408,0.1089,1.4978,1.3889,6.0,43.0,37.0,29.556,34.39,4.834,0.0,11,11.0,51.3916,46.4096,-4.981999999999999,0.0,6,6.0
semi,run_1409,0.0545,1.5251,1.4706,5.0,41.0,36.0,29.459,34.394,4.934999999999999,0.0,10,10.0,68.6688,55.5947,-13.074100000000001,0.0,5,5.0
semi,run_1410,0.2451,1.7157,1.4706,12.0,53.0,41.0,30.161,34.759,4.597999999999999,5.0,25,20.0,44.5569,40.9868,-3.5700999999999965,0.0,9,9.0
semi,run_1411,0.4085,1.8519,1.4434,13.0,51.0,38.0,30.403,34.938,4.535000000000004,2.0,22,20.0,55.2826,46.7207,-8.561900000000001,0.0,13,13.0
semi,run_1412,0.4357,1.7702,1.3345,12.0,51.0,39.0,30.487,34.981,4.494000000000003,1.0,12,11.0,130.3771,105.4767,-24.90040000000002,0.0,15,15.0
semi,run_1413,0.1089,1.5795,1.4706,7.0,44.0,37.0,29.502,34.441,4.939000000000004,0.0,10,10.0,64.8557,56.4127,-8.442999999999998,0.0,5,5.0
semi,run_1414,0.2451,1.6885,1.4433999999999998,11.0,50.0,39.0,29.992,34.577,4.584999999999997,6.0,23,17.0,52.2683,50.7583,-1.5100000000000051,0.0,7,7.0
semi,run_1415,0.0545,1.4706,1.4161,4.0,40.0,36.0,29.299,34.268,4.969000000000001,0.0,10,10.0,72.4042,55.3353,-17.068900000000006,0.0,5,5.0
semi,run_1416,0.2451,1.6612,1.4161,10.0,47.0,37.0,29.995,34.181,4.185999999999996,5.0,24,19.0,33.8143,32.5983,-1.216000000000001,0.0,6,6.0
semi,run_1417,0.2179,1.6068,1.3889,8.0,49.0,41.0,29.826,34.653,4.826999999999998,0.0,11,11.0,71.3392,67.6207,-3.718500000000006,0.0,8,8.0
semi,run_1418,0.2451,1.6612,1.4161,11.0,50.0,39.0,30.121,34.792,4.671000000000003,0.0,11,11.0,67.9995,62.5672,-5.432299999999998,0.0,9,9.0
semi,run_1419,0.1906,1.634,1.4434,10.0,48.0,38.0,29.966,34.676,4.710000000000001,1.0,13,12.0,64.2383,56.2897,-7.948599999999992,0.0,9,9.0
semi,run_1420,0.2996,1.6885,1.3889,11.0,50.0,39.0,30.045,34.827,4.7819999999999965,1.0,13,12.0,96.5638,82.8098,-13.754000000000005,0.0,10,10.0
semi,run_1421,0.2451,1.5795,1.3343999999999998,6.0,46.0,40.0,29.821,34.345,4.523999999999997,2.0,18,16.0,31.1758,29.7139,-1.4619,0.0,6,6.0
semi,run_1422,0.1362,1.7157,1.5795,7.0,51.0,44.0,29.73,34.803,5.072999999999997,0.0,17,17.0,50.3374,47.9249,-2.4125000000000014,0.0,9,9.0
semi,run_1423,0.1634,1.634,1.4706,9.0,42.0,33.0,29.86,34.388,4.527999999999999,1.0,13,12.0,34.9302,33.3086,-1.6216000000000008,0.0,7,7.0
semi,run_1424,0.0545,1.4978,1.4433,5.0,41.0,36.0,29.446,34.364,4.917999999999996,0.0,10,10.0,44.594,43.7858,-0.8081999999999994,0.0,5,5.0
semi,run_1425,0.0,1.4978,1.4978,4.0,44.0,40.0,29.124,34.434,5.309999999999999,0.0,9,9.0,62.9643,63.7389,0.7745999999999995,0.0,5,5.0
semi,run_1426,0.2996,1.6885,1.3889,11.0,48.0,37.0,30.178,34.915,4.736999999999998,0.0,11,11.0,193.5666,154.4069,-39.15969999999999,0.0,12,12.0
semi,run_1427,0.0,1.3889,1.3889,4.0,40.0,36.0,29.027,34.125,5.097999999999999,0.0,11,11.0,30.9863,25.4385,-5.547799999999999,0.0,5,5.0
semi,run_1428,0.0,1.1983,1.1983,2.0,37.0,35.0,28.752,33.751,4.998999999999999,0.0,10,10.0,35.4892,37.1965,1.7073000000000036,0.0,3,3.0
semi,run_1429,0.0,1.3344,1.3344,4.0,39.0,35.0,29.063,33.696,4.632999999999999,1.0,15,14.0,17.6153,15.6781,-1.9372000000000007,0.0,3,3.0
semi,run_1430,0.1089,1.5251,1.4162,7.0,42.0,35.0,29.728,34.42,4.692,1.0,13,12.0,56.9809,49.0116,-7.969299999999997,0.0,7,7.0
semi,run_1431,0.0,1.3889,1.3889,4.0,40.0,36.0,29.083,34.179,5.096000000000004,0.0,12,12.0,42.5398,34.8743,-7.6655000000000015,0.0,5,5.0
semi,run_1432,0.3813,1.6885,1.3072,12.0,51.0,39.0,30.437,35.081,4.644000000000002,1.0,12,11.0,206.9536,169.7941,-37.15950000000001,0.0,14,14.0
semi,run_1433,0.0817,1.4978,1.4161000000000001,5.0,43.0,38.0,29.626,34.446,4.819999999999997,1.0,15,14.0,60.2305,48.6167,-11.613799999999998,0.0,6,6.0
semi,run_1434,0.0,1.3617,1.3617,3.0,40.0,37.0,28.986,34.253,5.2669999999999995,0.0,10,10.0,49.4692,43.344,-6.1251999999999995,0.0,5,5.0
semi,run_1435,0.1089,1.5795,1.4706,6.0,49.0,43.0,29.637,34.625,4.9879999999999995,1.0,12,11.0,65.3311,61.9466,-3.38450000000001,0.0,6,6.0
semi,run_1436,0.0,1.3617,1.3617,4.0,38.0,34.0,29.184,33.393,4.209,7.0,25,18.0,20.2772,20.9267,0.6494999999999997,0.0,3,3.0
semi,run_1437,0.0,1.3889,1.3889,0.0,38.0,38.0,28.904,33.297,4.392999999999997,5.0,26,21.0,7.6184,7.1406,-0.4778000000000002,0.0,2,2.0
semi,run_1438,0.1634,1.6612,1.4978,10.0,48.0,38.0,29.952,34.815,4.862999999999996,0.0,11,11.0,78.6747,77.9467,-0.7279999999999944,0.0,8,8.0
semi,run_1439,0.354,2.7233,2.3693,9.0,51.0,42.0,30.105,34.773,4.668000000000003,5.0,44,39.0,38.8585,37.2129,-1.6456000000000017,0.0,9,9.0
semi,run_1440,0.1634,1.6068,1.4434,10.0,47.0,37.0,30.032,34.696,4.663999999999998,0.0,10,10.0,73.3536,69.072,-4.281599999999997,0.0,9,9.0
semi,run_1441,0.2723,1.6612,1.3889,11.0,49.0,38.0,30.14,34.797,4.6569999999999965,1.0,14,13.0,63.0618,53.3409,-9.7209,0.0,9,9.0
semi,run_1442,0.1634,1.9608,1.7974,10.0,49.0,39.0,29.957,34.91,4.952999999999996,0.0,17,17.0,163.5857,146.992,-16.593700000000013,0.0,10,10.0
semi,run_1443,0.6808,2.1514,1.4706000000000001,17.0,58.0,41.0,30.791,35.51,4.718999999999998,1.0,19,18.0,411.2027,328.2882,-82.91449999999998,0.0,24,24.0
semi,run_1444,0.817,1.8519,1.0349000000000002,16.0,51.0,35.0,30.886,34.869,3.9830000000000005,2.0,16,14.0,59.5652,60.4388,0.8736000000000033,0.0,16,16.0
semi,run_1445,0.1906,1.634,1.4434,9.0,49.0,40.0,29.912,34.872,4.960000000000001,0.0,10,10.0,98.9378,83.6976,-15.240200000000002,0.0,10,10.0
semi,run_1446,0.0817,1.5251,1.4434,5.0,44.0,39.0,29.549,34.35,4.801000000000002,0.0,14,14.0,30.8567,28.1426,-2.7140999999999984,0.0,5,5.0
semi,run_1447,0.1362,1.6068,1.4706000000000001,7.0,43.0,36.0,29.742,34.079,4.337,8.0,25,17.0,13.3675,11.953,-1.4145000000000003,0.0,6,6.0
semi,run_1448,0.0817,1.4978,1.4161000000000001,5.0,41.0,36.0,29.488,34.371,4.883000000000003,0.0,10,10.0,49.132,46.781,-2.350999999999999,0.0,6,6.0
semi,run_1449,0.0817,1.5523,1.4706000000000001,7.0,46.0,39.0,29.446,34.409,4.962999999999997,0.0,14,14.0,51.6168,42.9403,-8.676499999999997,0.0,5,5.0
semi,run_1450,0.0545,1.4161,1.3616,5.0,41.0,36.0,29.358,33.663,4.304999999999996,4.0,18,14.0,20.1869,20.7543,0.5673999999999992,0.0,3,3.0
semi,run_1451,0.6808,1.9608,1.2800000000000002,15.0,58.0,43.0,30.668,35.377,4.709000000000003,2.0,19,17.0,95.3253,82.7539,-12.571399999999997,0.0,20,20.0
semi,run_1452,0.0817,1.4161,1.3344,5.0,40.0,35.0,29.342,34.215,4.873000000000005,0.0,11,11.0,36.0454,31.9131,-4.132300000000001,0.0,5,5.0
semi,run_1453,0.0545,1.8519,1.7974,7.0,48.0,41.0,29.671,34.272,4.600999999999999,3.0,26,23.0,19.0074,17.015,-1.9924,0.0,5,5.0
semi,run_1454,0.0,1.3889,1.3889,4.0,40.0,36.0,29.09,34.207,5.117000000000001,0.0,10,10.0,41.8588,39.2811,-2.5777,0.0,5,5.0
semi,run_1455,0.0,1.28,1.28,3.0,40.0,37.0,28.995,34.164,5.1690000000000005,0.0,12,12.0,37.2333,35.0048,-2.228499999999997,0.0,5,5.0
semi,run_1456,0.817,2.0697,1.2527000000000001,18.0,59.0,41.0,30.83,35.499,4.669000000000004,2.0,21,19.0,321.4701,261.7755,-59.69459999999998,0.0,25,25.0
semi,run_1457,0.3268,1.9063,1.5795000000000001,11.0,51.0,40.0,30.088,34.728,4.640000000000001,2.0,23,21.0,49.4027,43.3546,-6.048100000000005,0.0,9,9.0
semi,run_1458,0.6808,1.9336,1.2528000000000001,17.0,52.0,35.0,30.782,35.2,4.418000000000003,1.0,15,14.0,307.1297,256.2321,-50.89760000000001,0.0,23,23.0
semi,run_1459,0.0,1.4161,1.4161,4.0,41.0,37.0,29.047,34.289,5.242000000000001,0.0,10,10.0,59.3303,49.777,-9.5533,0.0,5,5.0
semi,run_1460,0.0817,1.4706,1.3889,5.0,43.0,38.0,29.373,34.316,4.943000000000001,0.0,15,15.0,52.8174,56.0065,3.1891000000000034,0.0,6,6.0
semi,run_1461,0.1089,1.5795,1.4706,9.0,47.0,38.0,29.75,34.673,4.923000000000002,0.0,11,11.0,88.4695,81.0783,-7.391199999999998,0.0,8,8.0
semi,run_1462,0.4902,1.7974,1.3072000000000001,14.0,55.0,41.0,30.419,35.199,4.779999999999998,1.0,12,11.0,203.504,166.2028,-37.301199999999994,0.0,19,19.0
semi,run_1463,0.0,1.5523,1.5523,4.0,46.0,42.0,29.253,34.35,5.097000000000001,0.0,13,13.0,32.4482,28.7319,-3.7163000000000004,0.0,5,5.0
semi,run_1464,0.0,1.2255,1.2255,0.0,34.0,34.0,28.804,33.276,4.472000000000005,2.0,17,15.0,12.2506,12.6333,0.3826999999999998,0.0,2,2.0
semi,run_1465,0.1089,1.6068,1.4979,5.0,50.0,45.0,29.584,34.535,4.950999999999997,2.0,16,14.0,41.0246,39.2165,-1.808099999999996,0.0,6,6.0
semi,run_1466,0.2451,1.6612,1.4161,13.0,49.0,36.0,30.217,34.749,4.532000000000004,1.0,16,15.0,61.2288,53.2723,-7.956499999999998,0.0,10,10.0
semi,run_1467,0.817,2.5054,1.6884,18.0,60.0,42.0,30.835,35.554,4.719000000000001,7.0,34,27.0,205.7431,171.5565,-34.1866,0.0,23,23.0
semi,run_1468,0.0,1.5251,1.5251,5.0,46.0,41.0,29.329,34.033,4.704000000000001,2.0,21,19.0,21.7098,19.7111,-1.998700000000003,0.0,5,5.0
semi,run_1469,0.0272,1.3344,1.3072000000000001,4.0,40.0,36.0,29.15,34.151,5.001000000000005,0.0,11,11.0,39.1414,34.953,-4.188399999999994,0.0,5,5.0
semi,run_1470,0.5447,1.7429,1.1982,14.0,51.0,37.0,30.777,35.17,4.393000000000001,1.0,13,12.0,252.0499,224.7431,-27.30680000000001,0.0,21,21.0
semi,run_1471,0.0,1.3889,1.3889,4.0,40.0,36.0,29.076,34.169,5.092999999999996,0.0,12,12.0,36.4821,30.9522,-5.529900000000001,0.0,5,5.0
semi,run_1472,0.0817,1.4434,1.3617,5.0,41.0,36.0,29.354,34.339,4.984999999999999,0.0,11,11.0,49.1451,44.179,-4.966099999999997,0.0,5,5.0
semi,run_1473,0.2179,1.634,1.4161,9.0,51.0,42.0,29.846,34.979,5.132999999999999,0.0,12,12.0,122.3363,104.5391,-17.79719999999999,0.0,9,9.0
semi,run_1474,0.1362,1.5251,1.3889,6.0,46.0,40.0,29.64,34.488,4.847999999999999,1.0,16,15.0,58.6919,56.8675,-1.8243999999999971,0.0,7,7.0
semi,run_1475,0.2451,1.6885,1.4433999999999998,12.0,49.0,37.0,30.419,34.861,4.441999999999997,1.0,12,11.0,116.9804,110.3076,-6.672800000000009,0.0,10,10.0
semi,run_1476,0.1362,1.8519,1.7157,8.0,51.0,43.0,29.761,34.771,5.010000000000002,1.0,24,23.0,73.1695,65.1964,-7.973100000000002,0.0,8,8.0
semi,run_1477,0.0,1.3889,1.3889,3.0,41.0,38.0,28.924,34.219,5.295000000000002,0.0,12,12.0,35.0694,33.1198,-1.9496000000000038,0.0,5,5.0
semi,run_1478,0.0545,1.4161,1.3616,4.0,40.0,36.0,29.288,34.299,5.010999999999999,0.0,9,9.0,46.2261,43.5615,-2.6646,0.0,5,5.0
semi,run_1479,1.0621,1.988,0.9259,18.0,56.0,38.0,31.0,34.889,3.889000000000003,7.0,25,18.0,31.4719,29.9948,-1.4771,0.0,18,18.0
semi,run_1480,0.0,1.3344,1.3344,4.0,40.0,36.0,29.052,34.287,5.234999999999999,0.0,9,9.0,52.7985,52.4837,-0.3147999999999982,0.0,5,5.0
semi,run_1481,0.1089,1.5251,1.4162,7.0,46.0,39.0,29.652,34.625,4.972999999999999,0.0,10,10.0,133.2707,108.2563,-25.01440000000001,0.0,8,8.0
semi,run_1482,0.1362,1.634,1.4977999999999998,10.0,47.0,37.0,29.955,34.656,4.7010000000000005,0.0,10,10.0,82.1546,70.1551,-11.999499999999998,0.0,9,9.0
semi,run_1483,0.2179,1.6612,1.4433,11.0,49.0,38.0,30.042,34.89,4.847999999999999,0.0,11,11.0,125.8929,115.1246,-10.768299999999996,0.0,9,9.0
semi,run_1484,0.1906,2.1242,1.9336000000000002,8.0,53.0,45.0,29.911,34.925,5.013999999999996,1.0,25,24.0,87.4454,75.9502,-11.495200000000011,0.0,9,9.0
semi,run_1485,0.2179,1.6612,1.4433,10.0,50.0,40.0,29.869,34.742,4.8729999999999976,0.0,12,12.0,67.7273,61.0732,-6.6541,0.0,8,8.0
semi,run_1486,0.0545,1.5251,1.4706,5.0,46.0,41.0,29.462,34.622,5.16,0.0,11,11.0,81.7506,71.3259,-10.424700000000001,0.0,7,7.0
semi,run_1487,0.1089,1.5523,1.4434,6.0,49.0,43.0,29.604,34.579,4.975000000000001,0.0,12,12.0,53.4932,50.2143,-3.2789,0.0,7,7.0
semi,run_1488,0.0272,1.4161,1.3889,5.0,41.0,36.0,29.173,34.263,5.09,0.0,11,11.0,42.5951,44.2938,1.6986999999999952,0.0,5,5.0
semi,run_1489,0.0,1.2527,1.2527,3.0,40.0,37.0,28.934,34.078,5.144000000000002,0.0,9,9.0,31.105,27.531,-3.5740000000000016,0.0,5,5.0
semi,run_1490,0.3268,2.6416,2.3148,13.0,53.0,40.0,30.101,34.566,4.465000000000003,9.0,43,34.0,16.2061,15.5531,-0.6529999999999987,0.0,8,8.0
semi,run_1491,0.0,1.4161,1.4161,4.0,40.0,36.0,29.101,34.136,5.035000000000004,0.0,11,11.0,36.663,35.7037,-0.9592999999999989,0.0,5,5.0
semi,run_1492,0.2996,1.6885,1.3889,11.0,50.0,39.0,30.049,34.848,4.7989999999999995,1.0,16,15.0,75.3496,64.3561,-10.993499999999997,0.0,9,9.0
semi,run_1493,0.0,1.3072,1.3072,3.0,40.0,37.0,28.996,34.155,5.1590000000000025,0.0,11,11.0,36.3388,35.9942,-0.3445999999999998,0.0,5,5.0
semi,run_1494,0.354,1.7157,1.3617,12.0,52.0,40.0,30.402,35.175,4.772999999999996,0.0,13,13.0,178.7255,160.2148,-18.510700000000014,0.0,15,15.0
semi,run_1495,0.0545,1.4706,1.4161,5.0,42.0,37.0,29.397,34.311,4.9140000000000015,0.0,12,12.0,43.2355,35.4594,-7.7761,0.0,5,5.0
semi,run_1496,0.1362,1.4706,1.3344,9.0,45.0,36.0,29.803,34.52,4.717000000000002,1.0,14,13.0,52.5655,54.9301,2.364600000000003,0.0,7,7.0
semi,run_1497,0.1089,1.634,1.5251,8.0,48.0,40.0,29.714,34.636,4.922000000000004,0.0,11,11.0,60.221,48.9975,-11.223499999999994,0.0,7,7.0
semi,run_1498,0.1362,1.6068,1.4706000000000001,9.0,46.0,37.0,29.867,34.565,4.697999999999997,0.0,11,11.0,54.503,51.9683,-2.534700000000001,0.0,8,8.0
semi,run_1499,0.2179,1.5795,1.3616,10.0,49.0,39.0,30.117,34.725,4.6080000000000005,1.0,14,13.0,69.6877,66.9131,-2.7746000000000066,0.0,9,9.0
semi,run_1500,0.0,1.3617,1.3617,4.0,40.0,36.0,29.057,34.115,5.058000000000003,0.0,10,10.0,37.9895,37.2703,-0.7192000000000007,0.0,5,5.0
semi,run_1501,0.0545,1.4161,1.3616,4.0,42.0,38.0,29.348,33.836,4.4879999999999995,4.0,21,17.0,14.51,12.6614,-1.8485999999999994,0.0,4,4.0
semi,run_1502,0.3268,1.6885,1.3617,11.0,49.0,38.0,30.263,34.954,4.690999999999999,0.0,11,11.0,144.208,129.5358,-14.672200000000004,0.0,13,13.0
semi,run_1503,0.0545,1.4161,1.3616,5.0,40.0,35.0,29.303,34.269,4.9659999999999975,0.0,11,11.0,41.7424,36.7976,-4.944800000000001,0.0,5,5.0
semi,run_1504,0.0817,1.4978,1.4161000000000001,5.0,43.0,38.0,29.582,34.284,4.701999999999998,2.0,15,13.0,41.4841,38.5746,-2.9095000000000013,0.0,5,5.0
semi,run_1505,0.0545,1.4434,1.3889,4.0,40.0,36.0,29.177,34.304,5.1270000000000024,0.0,11,11.0,50.6063,45.6984,-4.907899999999998,0.0,5,5.0
semi,run_1506,0.8715,3.7037,2.8322,16.0,60.0,44.0,30.592,35.585,4.993000000000002,18.0,68,50.0,437.5342,427.6265,-9.907699999999977,0.0,31,31.0
semi,run_1507,0.2996,1.988,1.6884000000000001,11.0,52.0,41.0,30.351,35.111,4.759999999999998,1.0,17,16.0,206.5024,185.5579,-20.944500000000005,0.0,13,13.0
semi,run_1508,0.1089,1.5795,1.4706,9.0,48.0,39.0,29.726,34.755,5.0290000000000035,0.0,8,8.0,98.994,106.2853,7.291300000000007,0.0,8,8.0
semi,run_1509,0.0,1.3344,1.3344,3.0,39.0,36.0,28.97,33.921,4.9510000000000005,0.0,14,14.0,32.1616,30.2493,-1.9122999999999983,0.0,5,5.0
semi,run_1510,0.0272,1.5523,1.5251000000000001,4.0,47.0,43.0,29.511,34.332,4.8210000000000015,1.0,15,14.0,30.3824,27.6796,-2.7028,0.0,5,5.0
semi,run_1511,0.0,1.3889,1.3889,5.0,40.0,35.0,29.293,33.79,4.497,2.0,18,16.0,18.4332,15.9704,-2.4627999999999997,0.0,3,3.0
semi,run_1512,0.0,1.28,1.28,2.0,38.0,36.0,28.869,33.889,5.020000000000003,0.0,10,10.0,26.0204,21.6599,-4.360499999999998,0.0,4,4.0
semi,run_1513,0.0545,1.5523,1.4978,5.0,48.0,43.0,29.265,34.359,5.094000000000001,0.0,12,12.0,45.5264,46.4197,0.8932999999999964,0.0,6,6.0
semi,run_1514,0.0545,1.5523,1.4978,5.0,46.0,41.0,29.415,34.56,5.145000000000003,0.0,11,11.0,60.185,51.7997,-8.3853,0.0,5,5.0
semi,run_1515,0.0,1.5523,1.5523,4.0,45.0,41.0,29.245,34.35,5.105,0.0,13,13.0,40.0921,33.9127,-6.179400000000001,0.0,5,5.0
semi,run_1516,0.0545,1.5795,1.525,4.0,48.0,44.0,29.368,34.653,5.285,0.0,11,11.0,93.3855,89.6014,-3.784099999999995,0.0,6,6.0
semi,run_1517,0.1089,1.5523,1.4434,5.0,45.0,40.0,29.552,34.374,4.822000000000003,1.0,14,13.0,37.8856,31.6999,-6.185699999999997,0.0,5,5.0
semi,run_1518,0.0272,1.5523,1.5251000000000001,4.0,47.0,43.0,29.343,34.523,5.180000000000003,0.0,11,11.0,53.0003,53.3236,0.32329999999999615,0.0,5,5.0
semi,run_1519,0.1634,1.6612,1.4978,10.0,50.0,40.0,29.919,34.92,5.001000000000001,1.0,13,12.0,108.414,102.225,-6.189000000000007,0.0,10,10.0
semi,run_1520,0.2451,1.634,1.3888999999999998,11.0,48.0,37.0,30.063,34.694,4.631000000000004,1.0,13,12.0,76.3146,62.7524,-13.562199999999997,0.0,8,8.0
semi,run_1521,0.2723,1.6612,1.3889,11.0,48.0,37.0,30.167,34.876,4.708999999999996,0.0,11,11.0,181.304,143.4841,-37.81989999999999,0.0,12,12.0
semi,run_1522,0.4085,1.9336,1.5251000000000001,13.0,55.0,42.0,30.382,35.265,4.882999999999999,2.0,20,18.0,166.5098,134.4381,-32.07170000000002,0.0,15,15.0
semi,run_1523,0.2179,1.6885,1.4706,10.0,48.0,38.0,30.029,34.838,4.809000000000001,0.0,11,11.0,97.8402,95.3902,-2.450000000000003,0.0,9,9.0
semi,run_1524,0.0817,1.4706,1.3889,5.0,40.0,35.0,29.383,34.3,4.916999999999998,0.0,11,11.0,47.4208,39.3233,-8.097499999999997,0.0,5,5.0
semi,run_1525,0.0,1.3617,1.3617,3.0,40.0,37.0,29.029,34.014,4.985000000000003,0.0,10,10.0,28.9543,25.7088,-3.2455,0.0,5,5.0
semi,run_1526,0.2451,1.6612,1.4161,11.0,49.0,38.0,30.24,34.98,4.739999999999998,0.0,11,11.0,99.1364,95.0431,-4.093299999999999,0.0,9,9.0
semi,run_1527,0.1089,1.5523,1.4434,6.0,45.0,39.0,29.632,34.53,4.898,0.0,11,11.0,70.1606,58.7534,-11.407200000000003,0.0,7,7.0
semi,run_1528,0.1634,1.634,1.4706,9.0,49.0,40.0,29.718,34.944,5.226000000000003,0.0,11,11.0,156.2396,144.589,-11.650599999999997,0.0,9,9.0
semi,run_1529,0.0817,1.4161,1.3344,5.0,40.0,35.0,29.387,34.057,4.670000000000002,2.0,15,13.0,23.6716,22.2571,-1.4145000000000003,0.0,5,5.0
semi,run_1530,0.0,1.5523,1.5523,4.0,44.0,40.0,29.195,34.462,5.267000000000003,0.0,8,8.0,69.7346,73.4324,3.697800000000001,0.0,5,5.0
semi,run_1531,0.2996,2.1786,1.879,10.0,54.0,44.0,29.948,35.023,5.075000000000003,1.0,21,20.0,97.2205,83.8493,-13.371200000000002,0.0,10,10.0
semi,run_1532,0.0817,1.4434,1.3617,5.0,43.0,38.0,29.519,34.006,4.487000000000002,2.0,17,15.0,21.429,21.0689,-0.3600999999999992,0.0,5,5.0
semi,run_1533,0.0817,1.5523,1.4706000000000001,5.0,46.0,41.0,29.505,34.488,4.9830000000000005,0.0,12,12.0,59.6082,50.0218,-9.586399999999998,0.0,7,7.0
semi,run_1534,0.0545,1.5523,1.4978,5.0,46.0,41.0,29.301,34.381,5.080000000000002,0.0,12,12.0,38.1135,34.352,-3.761500000000005,0.0,5,5.0
semi,run_1535,0.0,1.3072,1.3072,2.0,40.0,38.0,28.98,34.186,5.2059999999999995,0.0,10,10.0,35.1797,31.4251,-3.7545999999999964,0.0,5,5.0
semi,run_1536,0.1089,1.5795,1.4706,7.0,43.0,36.0,29.702,34.067,4.364999999999998,5.0,23,18.0,26.6485,25.884,-0.7644999999999982,0.0,5,5.0
semi,run_1537,0.5991,1.7702,1.1711,17.0,52.0,35.0,30.786,35.186,4.399999999999999,1.0,13,12.0,135.4959,122.8619,-12.634,0.0,17,17.0
semi,run_1538,0.1089,1.5523,1.4434,8.0,45.0,37.0,29.699,34.496,4.797000000000001,0.0,11,11.0,117.8665,87.5264,-30.340100000000007,0.0,7,7.0
semi,run_1539,0.5719,2.0425,1.4706000000000001,14.0,53.0,39.0,30.471,34.731,4.260000000000002,9.0,32,23.0,36.8649,33.7094,-3.1554999999999964,0.0,11,11.0
semi,run_1540,0.0545,1.4706,1.4161,5.0,40.0,35.0,29.288,34.294,5.005999999999997,0.0,11,11.0,49.4738,42.7518,-6.721999999999994,0.0,5,5.0
semi,run_1541,0.4085,1.9336,1.5251000000000001,13.0,52.0,39.0,30.277,35.018,4.741,2.0,20,18.0,110.5244,90.6126,-19.9118,0.0,12,12.0
semi,run_1542,0.0545,1.4706,1.4161,4.0,44.0,40.0,29.202,34.493,5.291,0.0,7,7.0,69.9656,78.1676,8.201999999999998,0.0,5,5.0
semi,run_1543,0.0,1.3889,1.3889,5.0,42.0,37.0,29.168,33.97,4.802,2.0,16,14.0,41.8456,43.6482,1.8026000000000053,0.0,5,5.0
semi,run_1544,0.0,1.28,1.28,2.0,39.0,37.0,28.699,33.964,5.264999999999997,0.0,12,12.0,24.8181,21.6348,-3.1833000000000027,0.0,5,5.0
semi,run_1545,0.0545,1.3889,1.3344,4.0,40.0,36.0,29.193,34.4,5.206999999999997,0.0,7,7.0,69.7472,75.1287,5.381499999999988,0.0,5,5.0
semi,run_1546,0.2723,1.9336,1.6613,11.0,55.0,44.0,30.041,35.101,5.059999999999999,1.0,15,14.0,142.9531,123.5825,-19.37060000000001,0.0,11,11.0
semi,run_1547,0.0545,1.4706,1.4161,5.0,42.0,37.0,29.361,34.428,5.066999999999997,0.0,11,11.0,70.368,58.9374,-11.430599999999998,0.0,5,5.0
semi,run_1548,0.0545,1.4161,1.3616,4.0,41.0,37.0,29.185,34.292,5.107000000000003,0.0,9,9.0,54.0744,53.542,-0.5323999999999955,0.0,5,5.0
semi,run_1549,0.0,1.2527,1.2527,1.0,34.0,33.0,28.9,33.204,4.304000000000002,5.0,23,18.0,25.4682,26.4165,0.9482999999999997,0.0,2,2.0
semi,run_1550,0.463,2.2059,1.7429000000000001,14.0,57.0,43.0,30.413,35.296,4.882999999999999,2.0,27,25.0,180.1,151.215,-28.88499999999999,0.0,17,17.0
semi,run_1551,0.8715,1.8791,1.0076,19.0,57.0,38.0,30.727,35.326,4.599,2.0,17,15.0,76.2523,66.7623,-9.490000000000009,0.0,25,25.0
semi,run_1552,0.0545,1.4706,1.4161,5.0,40.0,35.0,29.242,34.33,5.087999999999997,0.0,11,11.0,42.7577,39.1984,-3.5593000000000004,0.0,5,5.0
semi,run_1553,0.1089,1.5795,1.4706,8.0,46.0,38.0,29.748,34.551,4.803000000000001,0.0,11,11.0,52.6826,44.1592,-8.523400000000002,0.0,8,8.0
semi,run_1554,0.0545,1.3344,1.2799,5.0,40.0,35.0,29.194,34.095,4.901,0.0,11,11.0,40.6739,43.3029,2.628999999999998,0.0,5,5.0
semi,run_1555,0.5719,1.8246,1.2527,16.0,54.0,38.0,30.758,35.148,4.390000000000004,2.0,17,15.0,144.3906,118.5433,-25.847300000000004,0.0,16,16.0
semi,run_1556,0.2451,1.6885,1.4433999999999998,11.0,51.0,40.0,29.905,34.638,4.732999999999997,2.0,22,20.0,37.9019,33.9275,-3.9743999999999957,0.0,8,8.0
semi,run_1557,0.2996,2.0969,1.7973000000000003,10.0,50.0,40.0,30.108,34.939,4.8309999999999995,2.0,29,27.0,110.5683,97.3835,-13.184799999999996,0.0,10,10.0
semi,run_1558,0.1906,1.634,1.4434,10.0,47.0,37.0,29.981,34.632,4.650999999999996,0.0,11,11.0,88.8375,72.6598,-16.1777,0.0,9,9.0
semi,run_1559,0.0545,1.4161,1.3616,4.0,45.0,41.0,29.317,34.447,5.130000000000003,0.0,14,14.0,58.7952,59.7803,0.9850999999999956,0.0,5,5.0
semi,run_1560,0.9532,2.2059,1.2527000000000001,21.0,62.0,41.0,31.037,35.53,4.493000000000002,4.0,24,20.0,87.7208,77.0327,-10.688099999999991,0.0,23,23.0
semi,run_1561,0.2996,1.9608,1.6612,11.0,50.0,39.0,30.114,34.948,4.834,0.0,21,21.0,149.3071,138.5196,-10.787499999999994,0.0,10,10.0
semi,run_1562,0.0545,1.3617,1.3072,5.0,40.0,35.0,29.228,34.163,4.934999999999995,0.0,13,13.0,56.1594,57.0437,0.8843000000000032,0.0,5,5.0
semi,run_1563,0.0,1.171,1.171,0.0,38.0,38.0,28.582,33.75,5.167999999999999,0.0,11,11.0,32.5187,33.9419,1.4231999999999942,0.0,3,3.0
semi,run_1564,0.5174,1.7974,1.2800000000000002,13.0,52.0,39.0,30.398,34.862,4.464000000000002,3.0,18,15.0,43.5544,42.3176,-1.2368000000000023,0.0,10,10.0
semi,run_1565,0.4085,1.6885,1.2799999999999998,12.0,52.0,40.0,30.4,35.006,4.606000000000002,1.0,16,15.0,69.8042,62.5386,-7.265599999999992,0.0,14,14.0
semi,run_1566,0.0,1.1166,1.1166,0.0,32.0,32.0,28.434,33.084,4.650000000000002,1.0,17,16.0,10.3883,10.4184,0.030100000000000904,0.0,2,2.0
semi,run_1567,0.0272,1.3617,1.3345,4.0,40.0,36.0,29.148,34.261,5.113000000000003,0.0,10,10.0,54.1496,46.2347,-7.914900000000003,0.0,5,5.0
semi,run_1568,0.0545,1.4706,1.4161,4.0,44.0,40.0,29.193,34.469,5.276,0.0,11,11.0,66.5645,67.2907,0.7262000000000057,0.0,5,5.0
semi,run_1569,0.0,1.3889,1.3889,4.0,43.0,39.0,29.141,34.264,5.123000000000005,0.0,15,15.0,49.7374,51.4544,1.7169999999999987,0.0,5,5.0
semi,run_1570,0.1089,1.5251,1.4162,5.0,44.0,39.0,29.553,34.424,4.870999999999999,0.0,11,11.0,80.2729,65.1614,-15.111500000000007,0.0,6,6.0
semi,run_1571,0.0272,1.3344,1.3072000000000001,4.0,40.0,36.0,29.187,34.131,4.943999999999999,0.0,9,9.0,52.6716,55.21,2.538400000000003,0.0,5,5.0
semi,run_1572,0.2179,1.5795,1.3616,10.0,43.0,33.0,29.861,34.287,4.425999999999998,4.0,21,17.0,46.3337,48.0801,1.7464000000000013,0.0,6,6.0
semi,run_1573,0.0545,1.5523,1.4978,4.0,42.0,38.0,29.427,34.279,4.852000000000004,0.0,12,12.0,34.7136,31.2154,-3.4982000000000006,0.0,5,5.0
semi,run_1574,0.4085,1.8519,1.4434,11.0,51.0,40.0,30.339,35.141,4.802,1.0,20,19.0,153.9054,126.4307,-27.474699999999984,0.0,15,15.0
semi,run_1575,0.0545,1.4978,1.4433,5.0,40.0,35.0,29.379,34.252,4.873000000000001,0.0,10,10.0,47.2562,40.8424,-6.413800000000002,0.0,5,5.0
semi,run_1576,0.6536,1.8519,1.1983000000000001,14.0,53.0,39.0,30.672,35.233,4.560999999999996,1.0,16,15.0,71.9775,62.888,-9.089500000000008,0.0,19,19.0
semi,run_1577,0.0545,1.4434,1.3889,5.0,46.0,41.0,29.353,34.496,5.143000000000001,0.0,11,11.0,51.868,46.5008,-5.367200000000004,0.0,6,6.0
semi,run_1578,0.0817,1.5251,1.4434,5.0,47.0,42.0,29.513,34.589,5.075999999999997,0.0,10,10.0,77.7521,75.6264,-2.125699999999995,0.0,7,7.0
semi,run_1579,0.0545,1.4161,1.3616,5.0,41.0,36.0,29.278,34.297,5.018999999999998,0.0,11,11.0,40.2546,36.9228,-3.331800000000001,0.0,5,5.0
semi,run_1580,0.0817,1.4978,1.4161000000000001,5.0,40.0,35.0,29.489,34.234,4.745000000000001,0.0,11,11.0,35.1945,35.3571,0.16260000000000474,0.0,5,5.0
semi,run_1581,0.0545,1.3617,1.3072,5.0,40.0,35.0,29.302,33.974,4.671999999999997,0.0,12,12.0,26.6088,26.04,-0.5687999999999995,0.0,5,5.0
semi,run_1582,0.1362,1.6068,1.4706000000000001,6.0,44.0,38.0,29.749,34.406,4.657,4.0,22,18.0,39.9699,37.2396,-2.7302999999999997,0.0,6,6.0
semi,run_1583,0.0545,1.7702,1.7157,6.0,51.0,45.0,29.673,34.691,5.018000000000004,0.0,20,20.0,61.3638,52.6913,-8.6725,0.0,6,6.0
semi,run_1584,0.463,1.9063,1.4433,15.0,56.0,41.0,30.684,35.36,4.675999999999998,1.0,17,16.0,184.9632,155.7873,-29.175900000000013,0.0,17,17.0
semi,run_1585,0.0545,1.4706,1.4161,4.0,44.0,40.0,29.323,34.471,5.147999999999996,0.0,12,12.0,68.0664,69.5738,1.507400000000004,0.0,5,5.0
semi,run_1586,0.0,1.3889,1.3889,5.0,40.0,35.0,29.135,34.029,4.894000000000002,0.0,15,15.0,24.8327,22.5933,-2.2394,0.0,5,5.0
semi,run_1587,0.0,1.3344,1.3344,3.0,38.0,35.0,29.022,33.695,4.673000000000002,0.0,14,14.0,25.9909,26.9744,0.9834999999999994,0.0,3,3.0
semi,run_1588,0.0817,1.4434,1.3617,5.0,42.0,37.0,29.338,34.368,5.030000000000001,1.0,15,14.0,42.8801,39.0948,-3.7852999999999994,0.0,6,6.0
semi,run_1589,0.8715,2.1514,1.2799,15.0,58.0,43.0,30.719,35.157,4.437999999999995,2.0,23,21.0,68.3426,56.5437,-11.798900000000003,0.0,18,18.0
semi,run_1590,1.28,2.0969,0.8169000000000002,20.0,56.0,36.0,31.274,35.552,4.277999999999999,1.0,12,11.0,130.8888,117.1153,-13.773499999999999,0.0,27,27.0
semi,run_1591,0.0545,1.3889,1.3344,4.0,40.0,36.0,29.18,34.309,5.128999999999998,0.0,8,8.0,49.5609,51.1566,1.5957000000000008,0.0,5,5.0
semi,run_1592,0.2451,1.634,1.3888999999999998,11.0,48.0,37.0,30.13,34.902,4.772000000000002,1.0,11,10.0,79.8038,79.9406,0.13680000000000803,0.0,9,9.0
semi,run_1593,0.0,1.28,1.28,3.0,39.0,36.0,28.793,33.872,5.079000000000001,0.0,11,11.0,31.7907,31.9164,0.12569999999999837,0.0,3,3.0
semi,run_1594,0.1906,1.634,1.4434,11.0,48.0,37.0,30.086,34.81,4.724000000000004,0.0,9,9.0,128.9938,113.3717,-15.622099999999989,0.0,11,11.0
semi,run_1595,0.3813,1.8519,1.4706000000000001,12.0,54.0,42.0,30.424,35.249,4.825000000000003,1.0,15,14.0,185.3722,150.9216,-34.45059999999998,0.0,17,17.0
semi,run_1596,0.0,1.1983,1.1983,0.0,38.0,38.0,28.535,33.781,5.245999999999999,0.0,10,10.0,24.2127,21.826,-2.386700000000001,0.0,3,3.0
semi,run_1597,0.5719,1.8246,1.2527,17.0,54.0,37.0,30.784,35.332,4.548000000000002,1.0,18,17.0,134.2982,116.887,-17.411200000000008,0.0,20,20.0
semi,run_1598,1.0621,2.342,1.2799,20.0,58.0,38.0,31.2,35.579,4.379000000000001,2.0,18,16.0,331.5796,278.6243,-52.95530000000002,0.0,27,27.0
semi,run_1599,0.0,1.3344,1.3344,2.0,38.0,36.0,28.863,33.716,4.8530000000000015,0.0,15,15.0,16.322,14.7938,-1.5282,0.0,3,3.0
semi,run_1600,0.0545,1.6068,1.5523,7.0,49.0,42.0,29.407,34.561,5.154,0.0,11,11.0,51.5984,45.7391,-5.8592999999999975,0.0,6,6.0
semi,run_1601,0.0817,1.5523,1.4706000000000001,5.0,45.0,40.0,29.507,34.512,5.004999999999999,0.0,11,11.0,95.5769,79.2418,-16.335099999999997,0.0,6,6.0
semi,run_1602,0.4357,1.7429,1.3072,13.0,52.0,39.0,30.531,35.011,4.480000000000004,2.0,18,16.0,120.4072,107.7619,-12.645300000000006,0.0,12,12.0
semi,run_1603,0.1362,1.6885,1.5522999999999998,10.0,50.0,40.0,29.832,34.916,5.083999999999996,0.0,11,11.0,103.1048,97.3808,-5.724000000000004,0.0,10,10.0
semi,run_1604,0.3813,2.3693,1.988,12.0,51.0,39.0,30.214,34.97,4.756,2.0,28,26.0,206.9775,183.7075,-23.269999999999982,0.0,11,11.0
semi,run_1605,0.1634,1.5523,1.3889,6.0,45.0,39.0,29.717,34.366,4.649000000000001,2.0,18,16.0,32.0162,30.9803,-1.035899999999998,0.0,6,6.0
semi,run_1606,0.9804,1.8791,0.8986999999999999,17.0,55.0,38.0,30.805,35.035,4.229999999999997,3.0,21,18.0,46.4114,41.3973,-5.014099999999999,0.0,19,19.0
semi,run_1607,0.0545,1.5523,1.4978,5.0,47.0,42.0,29.329,34.545,5.216000000000001,0.0,10,10.0,71.7416,62.5067,-9.234900000000003,0.0,5,5.0
semi,run_1608,0.0,1.2527,1.2527,2.0,39.0,37.0,28.805,33.79,4.984999999999999,0.0,10,10.0,27.0483,27.1399,0.09159999999999968,0.0,3,3.0
semi,run_1609,0.0,1.4161,1.4161,0.0,41.0,41.0,28.964,33.69,4.725999999999999,4.0,19,15.0,17.7952,17.1294,-0.6658000000000008,0.0,3,3.0
semi,run_1610,0.0,1.3617,1.3617,4.0,40.0,36.0,29.098,34.229,5.131,0.0,11,11.0,49.8673,41.7564,-8.1109,0.0,5,5.0
semi,run_1611,0.2179,1.5795,1.3616,9.0,46.0,37.0,29.92,34.491,4.570999999999998,1.0,16,15.0,44.2897,39.8596,-4.430100000000003,0.0,7,7.0
semi,run_1612,0.0,1.3072,1.3072,3.0,40.0,37.0,28.969,34.033,5.064,0.0,9,9.0,30.8063,31.0956,0.2893000000000008,0.0,5,5.0
semi,run_1613,0.3813,1.7429,1.3616,11.0,50.0,39.0,30.098,34.873,4.774999999999999,0.0,14,14.0,52.9539,48.245,-4.7089,0.0,9,9.0
semi,run_1614,0.1089,2.1514,2.0425000000000004,8.0,48.0,40.0,29.657,34.249,4.592000000000002,8.0,37,29.0,15.5625,14.1016,-1.4609000000000005,0.0,6,6.0
semi,run_1615,0.2179,1.6885,1.4706,10.0,50.0,40.0,29.975,34.933,4.957999999999998,0.0,14,14.0,105.567,85.2587,-20.30829999999999,0.0,9,9.0
semi,run_1616,0.4902,2.1514,1.6612000000000002,13.0,52.0,39.0,30.388,34.97,4.581999999999997,2.0,33,31.0,93.5455,77.1872,-16.3583,0.0,12,12.0
semi,run_1617,0.0,1.3617,1.3617,2.0,39.0,37.0,28.868,33.895,5.027000000000005,0.0,11,11.0,26.1497,25.4121,-0.7376000000000005,0.0,4,4.0
semi,run_1618,0.0,1.3344,1.3344,3.0,40.0,37.0,28.915,34.076,5.161000000000001,0.0,12,12.0,28.3649,23.8911,-4.473799999999997,0.0,5,5.0
semi,run_1619,0.1634,1.634,1.4706,10.0,48.0,38.0,30.053,34.825,4.772000000000002,0.0,9,9.0,108.8159,103.0237,-5.792199999999994,0.0,9,9.0
semi,run_1620,0.0,1.3617,1.3617,4.0,40.0,36.0,29.119,34.147,5.027999999999999,0.0,9,9.0,51.5042,52.6632,1.159000000000006,0.0,5,5.0
semi,run_1621,0.0817,1.5251,1.4434,5.0,46.0,41.0,29.498,34.432,4.934000000000001,0.0,12,12.0,56.0356,51.4153,-4.6203,0.0,6,6.0
semi,run_1622,0.1089,1.4434,1.3345,5.0,42.0,37.0,29.601,34.411,4.810000000000002,1.0,11,10.0,64.8813,67.0587,2.1774000000000058,0.0,6,6.0
semi,run_1623,0.0,1.28,1.28,3.0,40.0,37.0,28.931,34.028,5.096999999999998,0.0,11,11.0,40.0123,40.9013,0.8889999999999958,0.0,5,5.0
semi,run_1624,0.0,1.2527,1.2527,0.0,39.0,39.0,28.62,33.811,5.190999999999999,0.0,12,12.0,31.8063,33.6302,1.8239000000000019,0.0,3,3.0
semi,run_1625,0.5174,1.7429,1.2254999999999998,13.0,52.0,39.0,30.409,34.928,4.518999999999998,1.0,16,15.0,71.7935,69.0472,-2.746299999999991,0.0,10,10.0
semi,run_1626,0.0,1.3072,1.3072,3.0,38.0,35.0,29.128,33.452,4.323999999999998,5.0,20,15.0,30.2431,31.4138,1.1707,0.0,3,3.0
semi,run_1627,0.0,1.28,1.28,0.0,38.0,38.0,28.688,33.739,5.050999999999998,0.0,15,15.0,21.3929,20.472,-0.9208999999999996,0.0,3,3.0
semi,run_1628,0.0545,1.3889,1.3344,5.0,43.0,38.0,29.422,34.235,4.812999999999999,2.0,16,14.0,55.4602,55.8616,0.4014000000000024,0.0,5,5.0
semi,run_1629,0.0545,1.5251,1.4706,5.0,43.0,38.0,29.448,34.318,4.869999999999997,0.0,12,12.0,47.5151,38.8855,-8.629599999999996,0.0,5,5.0
semi,run_1630,0.2451,1.7429,1.4977999999999998,10.0,45.0,35.0,29.935,34.015,4.080000000000002,5.0,23,18.0,11.097,10.4867,-0.6102999999999987,0.0,5,5.0
semi,run_1631,0.0545,1.5523,1.4978,5.0,47.0,42.0,29.381,34.613,5.231999999999999,0.0,11,11.0,66.2836,70.5795,4.295899999999989,0.0,5,5.0
semi,run_1632,0.0,1.3617,1.3617,3.0,40.0,37.0,28.919,34.105,5.185999999999996,0.0,11,11.0,35.3228,34.8794,-0.443400000000004,0.0,5,5.0
semi,run_1633,0.2451,1.6612,1.4161,9.0,50.0,41.0,29.85,34.585,4.734999999999999,3.0,20,17.0,38.7093,35.0964,-3.6128999999999962,0.0,7,7.0
semi,run_1634,0.0,1.3889,1.3889,3.0,43.0,40.0,28.938,34.057,5.119000000000003,0.0,15,15.0,29.7013,27.9598,-1.7414999999999985,0.0,5,5.0
semi,run_1635,0.0,1.171,1.171,0.0,36.0,36.0,28.555,33.58,5.024999999999999,0.0,11,11.0,15.9744,14.7433,-1.2310999999999996,0.0,3,3.0
semi,run_1636,0.1089,1.5251,1.4162,8.0,45.0,37.0,29.698,34.519,4.820999999999998,0.0,10,10.0,91.6857,72.449,-19.2367,0.0,7,7.0
semi,run_1637,0.0272,1.3889,1.3617000000000001,4.0,41.0,37.0,29.157,34.172,5.014999999999997,0.0,11,11.0,38.7268,40.2452,1.5183999999999997,0.0,5,5.0
semi,run_1638,0.0545,1.3072,1.2527,4.0,40.0,36.0,29.19,34.319,5.129000000000001,0.0,7,7.0,69.9312,74.429,4.497799999999998,0.0,5,5.0
semi,run_1639,0.0,1.3617,1.3617,3.0,40.0,37.0,28.987,33.929,4.942000000000004,0.0,15,15.0,25.858,23.666,-2.192,0.0,5,5.0
semi,run_1640,0.0545,1.5251,1.4706,4.0,46.0,42.0,29.399,34.545,5.146000000000001,0.0,10,10.0,63.4169,62.5998,-0.8170999999999964,0.0,5,5.0
semi,run_1641,0.3813,1.7429,1.3616,12.0,51.0,39.0,30.334,35.135,4.800999999999998,1.0,13,12.0,284.1653,225.9864,-58.1789,0.0,15,15.0
semi,run_1642,0.0545,1.4161,1.3616,5.0,42.0,37.0,29.269,34.303,5.033999999999999,0.0,14,14.0,43.0366,36.3696,-6.667000000000002,0.0,5,5.0
semi,run_1643,0.2996,1.6612,1.3616000000000001,11.0,48.0,37.0,30.128,34.845,4.716999999999999,0.0,11,11.0,103.6613,86.0601,-17.60119999999999,0.0,10,10.0
semi,run_1644,0.0545,1.8791,1.8246,5.0,47.0,42.0,29.312,34.534,5.221999999999998,0.0,18,18.0,97.4735,90.9439,-6.529600000000002,0.0,5,5.0
semi,run_1645,0.1089,1.4978,1.3889,5.0,45.0,40.0,29.511,34.481,4.970000000000002,0.0,10,10.0,78.0709,71.3689,-6.701999999999998,0.0,6,6.0
semi,run_1646,0.0,1.3617,1.3617,4.0,43.0,39.0,29.317,34.105,4.787999999999997,2.0,15,13.0,69.0606,70.8726,1.8120000000000118,0.0,5,5.0
semi,run_1647,0.0,1.3617,1.3617,4.0,41.0,37.0,29.27,33.846,4.575999999999997,2.0,17,15.0,23.4093,22.9678,-0.44150000000000134,0.0,3,3.0
semi,run_1648,0.2451,1.634,1.3888999999999998,10.0,48.0,38.0,29.999,34.418,4.4190000000000005,2.0,16,14.0,28.8016,25.3498,-3.451800000000002,0.0,7,7.0
semi,run_1649,0.2996,1.7157,1.4161000000000001,13.0,51.0,38.0,30.125,34.72,4.594999999999999,2.0,17,15.0,43.9311,43.4143,-0.5168000000000035,0.0,10,10.0
semi,run_1650,0.1089,1.634,1.5251,9.0,48.0,39.0,29.812,34.766,4.953999999999997,0.0,10,10.0,102.6077,85.1896,-17.418099999999995,0.0,8,8.0
semi,run_1651,0.1089,1.5795,1.4706,9.0,46.0,37.0,29.87,34.602,4.731999999999996,0.0,11,11.0,112.5994,91.3056,-21.293800000000005,0.0,9,9.0
semi,run_1652,0.0,1.3344,1.3344,4.0,41.0,37.0,29.074,33.947,4.873000000000001,2.0,15,13.0,26.7267,25.2353,-1.4914000000000023,0.0,4,4.0
semi,run_1653,0.0817,1.4978,1.4161000000000001,5.0,46.0,41.0,29.486,34.554,5.068000000000001,0.0,11,11.0,59.899,59.0906,-0.8083999999999989,0.0,7,7.0
semi,run_1654,0.2451,1.8791,1.634,10.0,50.0,40.0,30.007,34.938,4.931000000000001,0.0,18,18.0,98.9097,87.6777,-11.232,0.0,10,10.0
semi,run_1655,0.0,1.28,1.28,3.0,40.0,37.0,29.094,34.105,5.010999999999996,0.0,10,10.0,38.5597,36.5726,-1.987099999999998,0.0,5,5.0
semi,run_1656,0.0,1.3889,1.3889,3.0,41.0,38.0,28.993,34.265,5.272000000000002,0.0,11,11.0,38.66,34.7167,-3.9432999999999936,0.0,5,5.0
semi,run_1657,0.2179,1.6612,1.4433,10.0,48.0,38.0,30.043,34.924,4.881,0.0,11,11.0,116.1639,109.8316,-6.332300000000004,0.0,8,8.0
semi,run_1658,0.0545,1.4161,1.3616,5.0,42.0,37.0,29.263,34.394,5.130999999999997,0.0,15,15.0,44.4614,37.5466,-6.9148,0.0,5,5.0
semi,run_1659,0.1089,1.634,1.5251,8.0,49.0,41.0,29.741,34.83,5.088999999999999,0.0,11,11.0,114.442,97.1366,-17.30539999999999,0.0,10,10.0
semi,run_1660,0.1362,1.4978,1.3616000000000001,7.0,41.0,34.0,29.75,34.348,4.597999999999999,1.0,11,10.0,41.1295,34.5771,-6.552399999999999,0.0,7,7.0
semi,run_1661,0.0,1.3889,1.3889,3.0,41.0,38.0,28.993,34.193,5.199999999999999,0.0,9,9.0,40.9243,36.4992,-4.4251000000000005,0.0,5,5.0
semi,run_1662,0.1089,1.4978,1.3889,6.0,43.0,37.0,29.575,34.477,4.9019999999999975,0.0,10,10.0,136.4986,103.1582,-33.34040000000002,0.0,6,6.0
semi,run_1663,0.1089,1.6068,1.4979,8.0,48.0,40.0,29.785,34.745,4.959999999999997,0.0,10,10.0,103.5827,83.784,-19.798699999999997,0.0,8,8.0
semi,run_1664,0.2179,1.7974,1.5795000000000001,10.0,51.0,41.0,29.862,34.746,4.884000000000004,2.0,20,18.0,47.4157,41.4199,-5.995800000000003,0.0,9,9.0
semi,run_1665,0.3813,1.7157,1.3344,13.0,52.0,39.0,30.581,35.005,4.424000000000003,1.0,17,16.0,97.3366,85.4387,-11.897900000000007,0.0,16,16.0
semi,run_1666,0.0545,1.4978,1.4433,4.0,40.0,36.0,29.404,34.294,4.889999999999997,0.0,8,8.0,59.6683,50.5123,-9.155999999999999,0.0,5,5.0
semi,run_1667,0.0,1.4161,1.4161,5.0,43.0,38.0,29.248,34.02,4.772000000000002,3.0,21,18.0,25.541,24.7721,-0.7689000000000021,0.0,5,5.0
semi,run_1668,0.0,1.5795,1.5795,6.0,44.0,38.0,29.43,34.061,4.631,5.0,28,23.0,46.8812,48.9231,2.0418999999999983,0.0,5,5.0
semi,run_1669,0.1906,1.9336,1.7429999999999999,10.0,49.0,39.0,30.008,34.878,4.870000000000001,0.0,16,16.0,182.9651,152.8075,-30.157600000000002,0.0,11,11.0
semi,run_1670,0.0,1.28,1.28,3.0,40.0,37.0,28.969,34.115,5.146000000000001,0.0,11,11.0,40.4119,40.0699,-0.34200000000000585,0.0,5,5.0
semi,run_1671,0.0545,1.4161,1.3616,5.0,40.0,35.0,29.206,34.276,5.070000000000004,0.0,11,11.0,47.0524,42.8356,-4.216799999999999,0.0,5,5.0
semi,run_1672,0.1089,1.5523,1.4434,8.0,46.0,38.0,29.71,34.56,4.850000000000001,0.0,10,10.0,84.8674,70.9526,-13.9148,0.0,8,8.0
semi,run_1673,0.0817,1.4434,1.3617,5.0,42.0,37.0,29.425,33.968,4.543000000000003,2.0,16,14.0,25.3742,23.9763,-1.3979,0.0,5,5.0
semi,run_1674,0.0817,1.4978,1.4161000000000001,5.0,40.0,35.0,29.396,34.377,4.981000000000002,0.0,10,10.0,59.6482,53.3346,-6.313600000000001,0.0,5,5.0
semi,run_1675,0.2451,1.6612,1.4161,11.0,44.0,33.0,30.049,34.314,4.265000000000001,2.0,16,14.0,29.2109,26.3676,-2.8432999999999993,0.0,7,7.0
semi,run_1676,0.0,1.2527,1.2527,3.0,39.0,36.0,28.899,33.958,5.0589999999999975,0.0,8,8.0,34.1627,33.9964,-0.16629999999999967,0.0,4,4.0
semi,run_1677,0.1089,1.7157,1.6068,10.0,49.0,39.0,29.667,34.931,5.263999999999996,0.0,13,13.0,198.7691,169.7783,-28.990800000000007,0.0,9,9.0
semi,run_1678,0.0817,1.5523,1.4706000000000001,5.0,48.0,43.0,29.471,34.721,5.2499999999999964,0.0,12,12.0,127.2961,106.0686,-21.227499999999992,0.0,7,7.0
semi,run_1679,0.0,1.3344,1.3344,4.0,38.0,34.0,29.108,33.293,4.184999999999999,9.0,24,15.0,27.9766,30.0467,2.0701,0.0,2,2.0
semi,run_1680,0.0272,1.4706,1.4434,4.0,42.0,38.0,29.272,34.35,5.078000000000003,0.0,12,12.0,49.8657,41.0199,-8.845799999999997,0.0,5,5.0
semi,run_1681,0.463,1.6885,1.2254999999999998,13.0,49.0,36.0,30.532,34.95,4.418000000000003,1.0,12,11.0,76.553,68.8665,-7.686499999999995,0.0,15,15.0
semi,run_1682,0.0545,1.4434,1.3889,5.0,40.0,35.0,29.28,34.263,4.982999999999997,0.0,10,10.0,42.4612,43.7026,1.2413999999999987,0.0,5,5.0
semi,run_1683,0.463,2.0969,1.6339000000000001,13.0,52.0,39.0,30.354,34.801,4.447000000000003,6.0,36,30.0,45.2224,38.8056,-6.416800000000002,0.0,10,10.0
semi,run_1684,0.0545,1.4706,1.4161,4.0,43.0,39.0,29.299,34.433,5.134,0.0,8,8.0,76.2385,75.6025,-0.6359999999999957,0.0,5,5.0
semi,run_1685,0.0545,1.5523,1.4978,4.0,44.0,40.0,29.215,34.425,5.209999999999997,0.0,9,9.0,47.2827,44.6304,-2.6522999999999968,0.0,5,5.0
semi,run_1686,0.0817,1.4978,1.4161000000000001,5.0,45.0,40.0,29.597,34.532,4.934999999999995,0.0,11,11.0,69.3571,63.7437,-5.613400000000006,0.0,7,7.0
semi,run_1687,0.0545,1.4161,1.3616,4.0,40.0,36.0,29.346,34.39,5.0440000000000005,0.0,8,8.0,57.1425,58.5091,1.3665999999999983,0.0,5,5.0
semi,run_1688,0.1089,1.5523,1.4434,6.0,47.0,41.0,29.591,34.665,5.073999999999998,0.0,10,10.0,102.195,95.8483,-6.3466999999999985,0.0,8,8.0
semi,run_1689,0.0545,1.5251,1.4706,5.0,45.0,40.0,29.235,34.419,5.1839999999999975,0.0,11,11.0,55.0455,45.3195,-9.725999999999999,0.0,5,5.0
semi,run_1690,0.1906,1.5795,1.3889,6.0,47.0,41.0,29.867,34.282,4.414999999999996,2.0,19,17.0,43.0572,43.5834,0.5261999999999958,0.0,5,5.0
semi,run_1691,0.0817,1.5251,1.4434,6.0,40.0,34.0,29.438,34.295,4.857000000000003,0.0,12,12.0,40.5039,33.5738,-6.930100000000003,0.0,5,5.0
semi,run_1692,0.0,1.3889,1.3889,3.0,43.0,40.0,29.094,34.1,5.006,2.0,16,14.0,31.4394,31.2308,-0.20860000000000056,0.0,5,5.0
semi,run_1693,0.2451,1.7429,1.4977999999999998,11.0,50.0,39.0,30.096,34.959,4.863000000000003,1.0,17,16.0,115.7784,99.7785,-15.999900000000011,0.0,10,10.0
semi,run_1694,0.817,3.159,2.3419999999999996,17.0,54.0,37.0,30.953,35.297,4.343999999999998,12.0,52,40.0,179.6841,171.6548,-8.029300000000006,0.0,25,25.0
semi,run_1695,0.0,1.1983,1.1983,0.0,35.0,35.0,28.585,33.347,4.7620000000000005,2.0,16,14.0,28.1092,28.8054,0.6961999999999975,0.0,2,2.0
semi,run_1696,0.0545,1.4706,1.4161,4.0,41.0,37.0,29.256,34.325,5.069000000000003,0.0,11,11.0,52.6975,52.8151,0.11760000000000304,0.0,5,5.0
semi,run_1697,0.2179,1.6068,1.3889,7.0,51.0,44.0,29.802,34.675,4.8729999999999976,2.0,19,17.0,48.8634,43.2296,-5.633800000000001,0.0,7,7.0
semi,run_1698,0.2723,1.6612,1.3889,11.0,49.0,38.0,30.246,34.903,4.657,2.0,16,14.0,76.7496,72.1013,-4.648300000000006,0.0,10,10.0
semi,run_1699,0.1089,1.5523,1.4434,8.0,46.0,38.0,29.843,34.597,4.754000000000001,0.0,9,9.0,87.4919,79.0553,-8.436599999999999,0.0,8,8.0
semi,run_1700,0.2451,1.7429,1.4977999999999998,10.0,50.0,40.0,29.968,34.862,4.894000000000002,0.0,20,20.0,60.9614,51.7357,-9.225699999999996,0.0,9,9.0
semi,run_1701,0.1362,1.5795,1.4432999999999998,8.0,49.0,41.0,29.77,34.649,4.879000000000001,1.0,15,14.0,88.1088,79.3856,-8.723200000000006,0.0,8,8.0
semi,run_1702,0.0817,1.4978,1.4161000000000001,5.0,48.0,43.0,29.562,34.525,4.962999999999997,1.0,15,14.0,55.7087,54.5628,-1.1458999999999975,0.0,6,6.0
semi,run_1703,0.3268,2.0425,1.7157,11.0,50.0,39.0,30.311,34.991,4.68,1.0,21,20.0,151.4238,141.52,-9.90379999999999,0.0,11,11.0
semi,run_1704,0.0545,1.5523,1.4978,6.0,47.0,41.0,29.62,34.19,4.569999999999997,4.0,22,18.0,57.2091,59.3013,2.0921999999999983,0.0,5,5.0
semi,run_1705,0.0817,1.4161,1.3344,5.0,43.0,38.0,29.424,33.992,4.567999999999998,2.0,17,15.0,39.6443,39.4478,-0.19650000000000034,0.0,5,5.0
semi,run_1706,0.1906,1.6612,1.4706000000000001,9.0,47.0,38.0,29.982,34.659,4.677,0.0,11,11.0,45.4261,41.7845,-3.641599999999997,0.0,9,9.0
semi,run_1707,0.0,1.1983,1.1983,0.0,38.0,38.0,28.682,33.836,5.154,0.0,8,8.0,27.5507,26.2938,-1.2568999999999981,0.0,3,3.0
semi,run_1708,0.1906,1.634,1.4434,9.0,48.0,39.0,29.95,34.79,4.84,0.0,11,11.0,171.0236,138.7449,-32.278699999999986,0.0,9,9.0
semi,run_1709,0.1362,1.4706,1.3344,6.0,42.0,36.0,29.632,34.263,4.630999999999997,1.0,12,11.0,45.0971,47.7065,2.609400000000001,0.0,6,6.0
semi,run_1710,0.1906,2.1242,1.9336000000000002,10.0,50.0,40.0,30.014,34.975,4.961000000000002,2.0,25,23.0,237.5971,219.46,-18.137100000000004,0.0,10,10.0
semi,run_1711,0.1089,1.5523,1.4434,6.0,47.0,41.0,29.564,34.637,5.073,0.0,12,12.0,64.9191,54.6717,-10.247399999999999,0.0,7,7.0
semi,run_1712,0.0545,1.4706,1.4161,4.0,44.0,40.0,29.254,34.426,5.172000000000001,0.0,9,9.0,64.7224,60.9336,-3.788799999999995,0.0,5,5.0
semi,run_1713,0.0272,1.3889,1.3617000000000001,5.0,43.0,38.0,29.216,34.126,4.909999999999997,2.0,17,15.0,23.9948,21.5592,-2.435600000000001,0.0,5,5.0
semi,run_1714,0.1089,1.4978,1.3889,5.0,48.0,43.0,29.623,34.628,5.004999999999999,0.0,11,11.0,73.245,70.6616,-2.5833999999999975,0.0,7,7.0
semi,run_1715,0.1089,1.5251,1.4162,6.0,41.0,35.0,29.723,33.716,3.993000000000002,6.0,24,18.0,14.0109,14.041,0.030100000000000904,0.0,3,3.0
semi,run_1716,0.3268,1.6885,1.3617,11.0,48.0,37.0,30.241,34.832,4.591000000000001,1.0,13,12.0,98.8688,81.8004,-17.068399999999997,0.0,10,10.0
semi,run_1717,0.1089,1.634,1.5251,7.0,50.0,43.0,29.608,34.877,5.269000000000002,0.0,12,12.0,109.5491,93.7585,-15.790599999999998,0.0,9,9.0
semi,run_1718,0.0,1.2527,1.2527,0.0,38.0,38.0,28.694,33.892,5.198000000000004,0.0,10,10.0,27.6003,23.1308,-4.4695,0.0,3,3.0
semi,run_1719,0.0272,1.6885,1.6613,4.0,45.0,41.0,29.333,34.354,5.021000000000001,0.0,17,17.0,65.8821,61.7328,-4.149299999999997,0.0,5,5.0
semi,run_1720,0.2723,1.6612,1.3889,11.0,47.0,36.0,30.088,34.752,4.6640000000000015,0.0,11,11.0,101.7805,83.1497,-18.630800000000008,0.0,10,10.0
semi,run_1721,0.1089,1.6068,1.4979,7.0,49.0,42.0,29.707,34.742,5.034999999999997,0.0,13,13.0,94.7434,81.1585,-13.58489999999999,0.0,8,8.0
semi,run_1722,0.0817,1.4434,1.3617,5.0,43.0,38.0,29.413,34.285,4.871999999999996,0.0,15,15.0,39.0056,35.0156,-3.990000000000002,0.0,5,5.0
semi,run_1723,0.0545,1.3617,1.3072,5.0,41.0,36.0,29.288,33.772,4.483999999999998,3.0,19,16.0,37.517,38.6218,1.1047999999999973,0.0,3,3.0
semi,run_1724,0.0272,1.4434,1.4162000000000001,4.0,41.0,37.0,29.374,33.897,4.523,2.0,19,17.0,19.0335,17.4702,-1.5633000000000017,0.0,4,4.0
semi,run_1725,0.0,1.2255,1.2255,2.0,39.0,37.0,28.665,33.878,5.213000000000001,0.0,11,11.0,30.5339,29.192,-1.341899999999999,0.0,3,3.0
semi,run_1726,0.1634,1.5795,1.4161,9.0,43.0,34.0,29.786,34.247,4.4609999999999985,2.0,17,15.0,30.7883,27.1471,-3.6412000000000013,0.0,6,6.0
semi,run_1727,0.0545,1.4161,1.3616,4.0,42.0,38.0,29.245,34.325,5.080000000000002,0.0,11,11.0,48.6983,44.0556,-4.642700000000005,0.0,5,5.0
semi,run_1728,0.5447,2.342,1.7973000000000001,12.0,55.0,43.0,30.605,35.324,4.718999999999998,4.0,23,19.0,316.4397,269.7843,-46.65540000000004,0.0,21,21.0
semi,run_1729,0.354,2.0153,1.6612999999999998,12.0,54.0,42.0,30.466,35.208,4.741999999999997,0.0,16,16.0,207.216,179.2988,-27.91720000000001,0.0,16,16.0
semi,run_1730,0.0817,1.4706,1.3889,5.0,44.0,39.0,29.335,34.424,5.088999999999999,0.0,11,11.0,57.4582,53.8863,-3.5718999999999994,0.0,5,5.0
semi,run_1731,0.0545,1.4161,1.3616,4.0,41.0,37.0,29.197,34.303,5.105999999999998,0.0,12,12.0,44.6107,39.7333,-4.8774000000000015,0.0,5,5.0
semi,run_1732,0.5991,2.3148,1.7157,17.0,56.0,39.0,30.704,35.353,4.649000000000001,2.0,27,25.0,286.1539,242.1377,-44.016200000000026,0.0,20,20.0
semi,run_1733,0.3268,1.6885,1.3617,10.0,43.0,33.0,30.091,34.035,3.9439999999999955,6.0,22,16.0,17.4823,17.2855,-0.19679999999999964,0.0,5,5.0
semi,run_1734,0.0817,1.5795,1.4977999999999998,6.0,47.0,41.0,29.44,34.643,5.202999999999999,0.0,10,10.0,78.1976,75.9709,-2.226699999999994,0.0,7,7.0
semi,run_1735,0.1362,1.634,1.4977999999999998,10.0,48.0,38.0,29.916,34.822,4.906000000000002,0.0,10,10.0,180.6329,144.986,-35.64690000000002,0.0,9,9.0
semi,run_1736,0.1362,1.5523,1.4161000000000001,9.0,49.0,40.0,29.855,34.772,4.916999999999998,0.0,11,11.0,70.5131,69.4304,-1.0826999999999884,0.0,8,8.0
semi,run_1737,0.0,1.1438,1.1438,0.0,37.0,37.0,28.61,33.453,4.8430000000000035,0.0,15,15.0,31.0155,31.9714,0.9558999999999997,0.0,3,3.0
semi,run_1738,0.7353,1.9336,1.1983000000000001,18.0,54.0,36.0,30.935,35.218,4.283000000000005,3.0,22,19.0,83.2785,77.4047,-5.873799999999989,0.0,22,22.0
semi,run_1739,0.0,1.3344,1.3344,4.0,41.0,37.0,29.115,33.947,4.832000000000004,1.0,16,15.0,34.4982,35.5562,1.0579999999999998,0.0,4,4.0
semi,run_1740,0.2723,1.7974,1.5251000000000001,9.0,51.0,42.0,29.902,34.836,4.9339999999999975,1.0,18,17.0,41.9834,35.8466,-6.136800000000001,0.0,9,9.0
semi,run_1741,0.0817,1.4978,1.4161000000000001,5.0,45.0,40.0,29.501,34.521,5.02,0.0,11,11.0,113.0675,87.2087,-25.858800000000002,0.0,7,7.0
semi,run_1742,0.0272,1.3344,1.3072000000000001,4.0,40.0,36.0,29.158,34.204,5.045999999999999,0.0,10,10.0,44.4063,36.2729,-8.133400000000002,0.0,5,5.0
semi,run_1743,0.0,1.3072,1.3072,3.0,37.0,34.0,29.07,33.4,4.329999999999998,3.0,18,15.0,21.3854,22.0873,0.7018999999999984,0.0,3,3.0
semi,run_1744,0.0,1.28,1.28,0.0,37.0,37.0,28.885,33.387,4.501999999999999,4.0,18,14.0,17.516,17.1374,-0.3785999999999987,0.0,2,2.0
semi,run_1745,0.7625,2.0425,1.28,15.0,58.0,43.0,30.784,35.484,4.700000000000003,1.0,16,15.0,276.9723,221.2171,-55.75520000000003,0.0,23,23.0
semi,run_1746,0.0817,1.5523,1.4706000000000001,5.0,43.0,38.0,29.47,34.219,4.749000000000002,2.0,16,14.0,35.5507,29.479,-6.0717,0.0,5,5.0
semi,run_1747,0.1362,1.6068,1.4706000000000001,10.0,48.0,38.0,29.912,34.783,4.871000000000002,1.0,12,11.0,68.9024,67.9163,-0.9860999999999933,0.0,8,8.0
semi,run_1748,0.5719,1.9608,1.3889,14.0,53.0,39.0,30.54,35.022,4.481999999999999,3.0,25,22.0,89.7159,73.8792,-15.836700000000008,0.0,14,14.0
semi,run_1749,0.0817,1.4978,1.4161000000000001,5.0,40.0,35.0,29.365,34.25,4.885000000000002,0.0,11,11.0,40.6772,33.3235,-7.353699999999996,0.0,5,5.0
semi,run_1750,0.1089,1.6068,1.4979,8.0,47.0,39.0,29.733,34.608,4.8749999999999964,0.0,11,11.0,101.9935,81.6328,-20.360699999999994,0.0,8,8.0
semi,run_1751,0.0,1.2255,1.2255,2.0,38.0,36.0,28.756,33.741,4.984999999999999,0.0,10,10.0,24.248,19.414,-4.834,0.0,3,3.0
semi,run_1752,0.1089,1.5795,1.4706,8.0,46.0,38.0,29.748,34.647,4.898999999999997,0.0,10,10.0,91.6027,81.0789,-10.523799999999994,0.0,8,8.0
semi,run_1753,0.0545,1.4978,1.4433,5.0,42.0,37.0,29.389,34.15,4.760999999999999,2.0,16,14.0,30.6662,26.0271,-4.639099999999999,0.0,5,5.0
semi,run_1754,0.8715,1.8519,0.9804,19.0,57.0,38.0,30.918,35.296,4.378,2.0,15,13.0,126.7122,103.3318,-23.380399999999995,0.0,25,25.0
semi,run_1755,0.0545,1.4706,1.4161,5.0,40.0,35.0,29.351,34.202,4.850999999999999,0.0,10,10.0,40.8572,42.7574,1.9001999999999981,0.0,5,5.0
semi,run_1756,0.1089,1.6068,1.4979,8.0,50.0,42.0,29.652,34.798,5.146000000000001,0.0,12,12.0,91.9639,84.2719,-7.691999999999993,0.0,8,8.0
semi,run_1757,0.4085,2.3148,1.9062999999999999,12.0,53.0,41.0,30.311,35.156,4.844999999999999,3.0,23,20.0,244.9104,204.0228,-40.88760000000002,0.0,13,13.0
semi,run_1758,0.0272,1.4161,1.3889,4.0,42.0,38.0,29.167,34.359,5.192,0.0,9,9.0,60.3803,57.8073,-2.5730000000000004,0.0,5,5.0
semi,run_1759,0.0817,1.4161,1.3344,5.0,41.0,36.0,29.352,33.96,4.6080000000000005,2.0,15,13.0,30.0297,30.8326,0.8029000000000011,0.0,5,5.0
semi,run_1760,0.0,1.3617,1.3617,4.0,43.0,39.0,29.106,34.097,4.991,2.0,16,14.0,30.4744,30.3379,-0.13649999999999807,0.0,5,5.0
semi,run_1761,0.0817,1.4161,1.3344,5.0,42.0,37.0,29.436,34.187,4.750999999999998,1.0,15,14.0,51.7002,52.7119,1.0116999999999976,0.0,5,5.0
semi,run_1762,0.1089,1.5251,1.4162,7.0,48.0,41.0,29.75,34.69,4.939999999999998,0.0,10,10.0,77.2274,73.7717,-3.4557000000000073,0.0,8,8.0
semi,run_1763,1.2527,2.9139,1.6612,21.0,58.0,37.0,31.171,35.352,4.180999999999997,10.0,44,34.0,161.8619,151.9476,-9.914299999999997,0.0,26,26.0
semi,run_1764,0.1089,1.6068,1.4979,7.0,50.0,43.0,29.641,34.565,4.9239999999999995,2.0,19,17.0,41.8811,38.3697,-3.511400000000002,0.0,6,6.0
semi,run_1765,0.0817,1.3889,1.3072,5.0,41.0,36.0,29.312,34.244,4.931999999999999,0.0,14,14.0,51.4078,53.3741,1.9662999999999968,0.0,5,5.0
semi,run_1766,0.0817,1.5251,1.4434,6.0,45.0,39.0,29.477,34.561,5.084,0.0,7,7.0,84.8437,78.6606,-6.183099999999996,0.0,6,6.0
semi,run_1767,0.0817,1.4978,1.4161000000000001,5.0,42.0,37.0,29.467,34.473,5.006,0.0,10,10.0,70.2668,60.5678,-9.699000000000005,0.0,6,6.0
semi,run_1768,0.2179,1.634,1.4161,11.0,43.0,32.0,29.925,34.215,4.290000000000003,5.0,21,16.0,35.3139,35.5588,0.24490000000000123,0.0,6,6.0
semi,run_1769,0.0,1.3617,1.3617,5.0,40.0,35.0,29.109,34.036,4.927,0.0,12,12.0,29.0815,24.8346,-4.2469,0.0,5,5.0
semi,run_1770,0.5174,1.7702,1.2528000000000001,13.0,50.0,37.0,30.333,34.513,4.18,4.0,22,18.0,28.8784,24.9524,-3.9259999999999984,0.0,9,9.0
semi,run_1771,0.8715,1.9063,1.0348000000000002,18.0,53.0,35.0,30.939,35.026,4.087000000000003,2.0,17,15.0,61.7432,55.9249,-5.818300000000001,0.0,19,19.0
semi,run_1772,0.1089,1.5251,1.4162,5.0,47.0,42.0,29.612,34.627,5.015000000000004,0.0,10,10.0,78.2835,68.0318,-10.2517,0.0,8,8.0
semi,run_1773,0.0,1.3617,1.3617,3.0,40.0,37.0,28.875,34.083,5.207999999999998,0.0,12,12.0,35.8154,31.5074,-4.307999999999996,0.0,5,5.0
semi,run_1774,0.0545,1.6885,1.634,5.0,46.0,41.0,29.358,34.565,5.206999999999997,0.0,15,15.0,90.1089,80.0209,-10.088000000000008,0.0,5,5.0
semi,run_1775,0.0545,1.3617,1.3072,5.0,40.0,35.0,29.323,33.34,4.017000000000003,17.0,31,14.0,39.6982,42.3965,2.6983000000000033,0.0,2,2.0
semi,run_1776,0.1089,1.5795,1.4706,5.0,49.0,44.0,29.456,34.374,4.918000000000003,2.0,18,16.0,28.5825,25.5341,-3.048400000000001,0.0,6,6.0
semi,run_1777,0.817,1.9336,1.1166,15.0,53.0,38.0,30.635,35.137,4.501999999999999,2.0,17,15.0,70.2899,59.9399,-10.350000000000001,0.0,21,21.0
semi,run_1778,0.0,1.1983,1.1983,0.0,36.0,36.0,28.633,33.487,4.854000000000003,0.0,14,14.0,13.5019,13.1395,-0.36239999999999917,0.0,3,3.0
semi,run_1779,0.0,1.3344,1.3344,3.0,40.0,37.0,29.008,34.059,5.050999999999998,0.0,12,12.0,32.5379,29.5238,-3.014099999999999,0.0,5,5.0
semi,run_1780,0.0,1.2527,1.2527,0.0,39.0,39.0,28.623,33.914,5.291,0.0,10,10.0,29.8014,29.8669,0.06550000000000011,0.0,4,4.0
semi,run_1781,0.2179,1.7429,1.525,11.0,51.0,40.0,30.152,35.067,4.914999999999999,0.0,12,12.0,155.9568,135.849,-20.107799999999997,0.0,10,10.0
semi,run_1782,0.0545,1.4161,1.3616,4.0,40.0,36.0,29.2,34.265,5.065000000000001,0.0,11,11.0,40.3873,39.9355,-0.45180000000000575,0.0,5,5.0
semi,run_1783,0.0545,1.6068,1.5523,6.0,48.0,42.0,29.347,34.719,5.372,0.0,11,11.0,94.7259,87.737,-6.988900000000001,0.0,8,8.0
semi,run_1784,0.0,1.2255,1.2255,3.0,35.0,32.0,28.967,33.339,4.372,2.0,16,14.0,13.0831,12.665,-0.4181000000000008,0.0,2,2.0
semi,run_1785,0.0,1.3344,1.3344,3.0,41.0,38.0,29.03,33.681,4.650999999999996,2.0,19,17.0,28.4876,28.6935,0.20589999999999975,0.0,3,3.0
semi,run_1786,0.0,1.2255,1.2255,2.0,39.0,37.0,28.744,34.004,5.259999999999998,0.0,9,9.0,29.9303,27.9088,-2.0214999999999996,0.0,5,5.0
semi,run_1787,0.0,1.5251,1.5251,4.0,44.0,40.0,29.272,34.37,5.097999999999999,0.0,12,12.0,33.5956,31.3802,-2.215399999999999,0.0,5,5.0
semi,run_1788,0.1634,1.6068,1.4434,9.0,47.0,38.0,29.96,34.593,4.633000000000003,1.0,13,12.0,66.1901,57.2878,-8.902300000000004,0.0,9,9.0
semi,run_1789,0.6536,2.342,1.6884000000000001,17.0,57.0,40.0,30.686,35.342,4.655999999999999,3.0,26,23.0,279.1728,232.3791,-46.7937,0.0,21,21.0
semi,run_1790,0.0817,1.4978,1.4161000000000001,5.0,43.0,38.0,29.522,34.488,4.966000000000001,0.0,10,10.0,55.3121,54.803,-0.5091000000000037,0.0,7,7.0
semi,run_1791,0.0545,1.4978,1.4433,4.0,43.0,39.0,29.416,34.455,5.038999999999998,0.0,10,10.0,71.5429,69.5799,-1.963000000000008,0.0,5,5.0
semi,run_1792,0.8442,1.9336,1.0894,17.0,55.0,38.0,30.891,35.217,4.3260000000000005,2.0,18,16.0,92.8723,75.0094,-17.862899999999996,0.0,21,21.0
semi,run_1793,0.0545,1.5523,1.4978,4.0,47.0,43.0,29.497,34.488,4.991,0.0,15,15.0,67.0506,63.7569,-3.293700000000001,0.0,5,5.0
semi,run_1794,0.0545,1.5523,1.4978,4.0,47.0,43.0,29.385,34.617,5.231999999999996,0.0,10,10.0,72.9364,77.0106,4.0741999999999905,0.0,5,5.0
semi,run_1795,0.9259,1.8791,0.9532,15.0,51.0,36.0,30.65,34.794,4.143999999999998,8.0,26,18.0,30.0662,27.4744,-2.591799999999999,0.0,15,15.0
semi,run_1796,0.0272,1.4434,1.4162000000000001,4.0,41.0,37.0,29.175,34.399,5.224,0.0,10,10.0,50.9023,52.6681,1.7658000000000058,0.0,5,5.0
semi,run_1797,0.5447,1.7974,1.2527000000000001,15.0,51.0,36.0,30.652,35.262,4.609999999999999,1.0,14,13.0,172.4001,149.2031,-23.197000000000003,0.0,22,22.0
semi,run_1798,0.0817,1.5795,1.4977999999999998,5.0,48.0,43.0,29.578,34.507,4.9289999999999985,0.0,15,15.0,48.0713,43.7794,-4.291899999999998,0.0,7,7.0
semi,run_1799,0.0,1.2527,1.2527,1.0,38.0,37.0,28.712,33.851,5.138999999999999,0.0,10,10.0,28.0687,27.3092,-0.7594999999999992,0.0,3,3.0
semi,run_1800,0.0817,1.6068,1.5251000000000001,6.0,49.0,43.0,29.6,34.745,5.144999999999996,0.0,11,11.0,84.7869,81.5736,-3.213300000000004,0.0,6,6.0
semi,run_1801,0.1089,1.5795,1.4706,6.0,48.0,42.0,29.632,34.635,5.002999999999997,0.0,14,14.0,90.1005,84.1362,-5.964299999999994,0.0,8,8.0
semi,run_1802,0.0,1.2527,1.2527,2.0,38.0,36.0,28.755,33.81,5.055000000000003,0.0,10,10.0,23.6488,22.1128,-1.5360000000000014,0.0,3,3.0
semi,run_1803,0.0817,1.5523,1.4706000000000001,5.0,42.0,37.0,29.555,34.062,4.506999999999998,2.0,16,14.0,22.5273,21.0444,-1.4829000000000008,0.0,5,5.0
semi,run_1804,0.1089,1.4978,1.3889,6.0,44.0,38.0,29.521,34.344,4.823,1.0,14,13.0,32.8661,29.2529,-3.6132000000000026,0.0,5,5.0
semi,run_1805,0.2179,1.634,1.4161,9.0,49.0,40.0,29.822,34.692,4.870000000000001,1.0,14,13.0,79.0909,67.0941,-11.996800000000007,0.0,8,8.0
semi,run_1806,0.0,1.3344,1.3344,0.0,40.0,40.0,28.87,33.974,5.103999999999996,0.0,14,14.0,42.5508,43.2077,0.6569000000000003,0.0,5,5.0
semi,run_1807,0.0545,1.3344,1.2799,5.0,40.0,35.0,29.267,34.193,4.925999999999998,0.0,11,11.0,56.625,56.6949,0.06989999999999696,0.0,5,5.0
semi,run_1808,0.9804,2.0153,1.0349,20.0,59.0,39.0,31.01,35.385,4.3749999999999964,3.0,22,19.0,91.4652,77.2421,-14.223100000000002,0.0,25,25.0
semi,run_1809,0.0,1.3889,1.3889,4.0,40.0,36.0,29.047,34.176,5.129000000000001,0.0,11,11.0,35.7347,30.6751,-5.059599999999996,0.0,5,5.0
semi,run_1810,0.2451,1.6068,1.3617,10.0,43.0,33.0,29.952,33.99,4.038,4.0,19,15.0,23.7446,22.8982,-0.8463999999999992,0.0,5,5.0
semi,run_1811,0.2451,1.6068,1.3617,10.0,49.0,39.0,30.079,34.756,4.677,1.0,16,15.0,67.4327,58.5807,-8.851999999999997,0.0,9,9.0
semi,run_1812,0.1089,1.4706,1.3617,5.0,43.0,38.0,29.484,33.949,4.464999999999996,2.0,18,16.0,22.9567,21.9764,-0.9802999999999997,0.0,5,5.0
semi,run_1813,0.0,1.3617,1.3617,4.0,40.0,36.0,29.069,34.224,5.154999999999998,0.0,10,10.0,43.3691,41.0087,-2.3604000000000056,0.0,5,5.0
semi,run_1814,0.0,1.4161,1.4161,4.0,43.0,39.0,29.111,34.405,5.2940000000000005,0.0,7,7.0,63.6344,68.3788,4.744399999999999,0.0,5,5.0
semi,run_1815,0.0272,1.3617,1.3345,5.0,40.0,35.0,29.285,33.908,4.623000000000001,2.0,16,14.0,27.0753,24.9101,-2.1651999999999987,0.0,5,5.0
semi,run_1816,0.2451,1.6612,1.4161,10.0,48.0,38.0,30.148,34.862,4.714000000000002,0.0,11,11.0,89.4256,84.0224,-5.403199999999998,0.0,10,10.0
semi,run_1817,0.354,1.7157,1.3617,12.0,50.0,38.0,30.399,34.966,4.567,1.0,15,14.0,98.6584,89.5802,-9.078199999999995,0.0,12,12.0
semi,run_1818,0.2996,1.6885,1.3889,11.0,51.0,40.0,30.249,35.102,4.852999999999998,0.0,11,11.0,144.6316,123.8265,-20.805099999999996,0.0,12,12.0
semi,run_1819,0.0817,1.5251,1.4434,5.0,44.0,39.0,29.494,34.516,5.0219999999999985,0.0,10,10.0,129.6448,101.8081,-27.836700000000008,0.0,7,7.0
semi,run_1820,0.2451,1.634,1.3888999999999998,10.0,50.0,40.0,29.917,34.802,4.884999999999998,0.0,13,13.0,76.7583,70.6075,-6.150800000000004,0.0,8,8.0
semi,run_1821,0.1089,1.5251,1.4162,5.0,45.0,40.0,29.518,34.506,4.9879999999999995,0.0,10,10.0,65.8461,58.9064,-6.939700000000009,0.0,6,6.0
semi,run_1822,0.2996,1.6885,1.3889,11.0,51.0,40.0,30.084,34.718,4.634000000000004,2.0,16,14.0,42.9907,38.9005,-4.090199999999996,0.0,8,8.0
semi,run_1823,0.0,1.28,1.28,3.0,39.0,36.0,28.816,33.72,4.904,0.0,12,12.0,23.7718,22.8839,-0.8878999999999984,0.0,3,3.0
semi,run_1824,0.2451,1.6612,1.4161,11.0,49.0,38.0,30.266,34.767,4.501000000000005,0.0,11,11.0,64.3649,59.1403,-5.224600000000002,0.0,10,10.0
semi,run_1825,0.0817,1.4161,1.3344,5.0,41.0,36.0,29.37,34.254,4.883999999999997,0.0,11,11.0,42.7227,37.3578,-5.364900000000006,0.0,5,5.0
semi,run_1826,0.0817,1.6885,1.6067999999999998,7.0,48.0,41.0,29.627,34.406,4.779,2.0,18,16.0,31.8208,28.4417,-3.3790999999999976,0.0,6,6.0
semi,run_1827,0.1089,1.5795,1.4706,9.0,47.0,38.0,29.901,34.768,4.867000000000001,0.0,10,10.0,108.7795,101.3155,-7.463999999999999,0.0,9,9.0
semi,run_1828,0.1089,1.6068,1.4979,7.0,45.0,38.0,29.65,34.571,4.920999999999999,0.0,11,11.0,74.0087,62.8772,-11.131500000000003,0.0,7,7.0
semi,run_1829,0.0,1.2527,1.2527,1.0,39.0,38.0,28.728,33.782,5.053999999999995,0.0,12,12.0,31.4978,32.1908,0.6930000000000014,0.0,3,3.0
semi,run_1830,0.0545,1.3072,1.2527,4.0,40.0,36.0,29.154,34.136,4.982000000000003,0.0,11,11.0,47.7265,47.7484,0.021899999999995146,0.0,5,5.0
semi,run_1831,0.0545,1.5795,1.525,5.0,48.0,43.0,29.355,34.657,5.301999999999996,0.0,10,10.0,115.8544,99.4552,-16.399199999999993,0.0,7,7.0
semi,run_1832,0.2723,1.6612,1.3889,11.0,48.0,37.0,30.127,34.69,4.562999999999999,1.0,16,15.0,60.2055,53.1762,-7.029299999999999,0.0,9,9.0
semi,run_1833,0.0,1.4161,1.4161,5.0,41.0,36.0,29.322,33.675,4.352999999999998,4.0,19,15.0,11.2649,9.9096,-1.3553000000000015,0.0,3,3.0
semi,run_1834,0.0,1.3344,1.3344,3.0,39.0,36.0,29.039,33.985,4.945999999999998,0.0,11,11.0,30.1601,27.8934,-2.2667,0.0,5,5.0
semi,run_1835,0.2451,1.7157,1.4706,8.0,50.0,42.0,30.029,34.652,4.623000000000001,2.0,24,22.0,35.7526,30.4372,-5.3154,0.0,7,7.0
semi,run_1836,1.0076,1.988,0.9803999999999999,18.0,59.0,41.0,30.941,35.355,4.413999999999998,3.0,23,20.0,85.4321,70.683,-14.749099999999999,0.0,24,24.0
semi,run_1837,0.0817,1.634,1.5522999999999998,6.0,49.0,43.0,29.617,34.765,5.148,0.0,12,12.0,121.9737,104.3235,-17.650199999999998,0.0,8,8.0
semi,run_1838,0.9804,2.1786,1.1982,18.0,55.0,37.0,30.897,35.313,4.416000000000004,2.0,19,17.0,264.3855,222.317,-42.06849999999997,0.0,26,26.0
semi,run_1839,0.2179,1.6885,1.4706,10.0,50.0,40.0,29.987,34.963,4.976000000000003,1.0,12,11.0,89.202,77.4449,-11.757099999999994,0.0,9,9.0
semi,run_1840,0.2996,1.7429,1.4432999999999998,13.0,53.0,40.0,30.42,35.117,4.696999999999996,2.0,16,14.0,91.7209,84.8197,-6.901200000000003,0.0,14,14.0
semi,run_1841,0.1906,1.6885,1.4979,9.0,49.0,40.0,29.928,34.801,4.873000000000001,0.0,13,13.0,119.1991,100.1351,-19.064000000000007,0.0,8,8.0
semi,run_1842,0.1362,1.5795,1.4432999999999998,5.0,46.0,41.0,29.706,34.453,4.747000000000003,2.0,17,15.0,57.2096,47.1669,-10.042700000000004,0.0,6,6.0
semi,run_1843,0.0,1.28,1.28,2.0,40.0,38.0,28.835,34.16,5.324999999999996,0.0,11,11.0,39.7462,32.2655,-7.480699999999999,0.0,5,5.0
semi,run_1844,0.0,1.3344,1.3344,3.0,40.0,37.0,28.96,34.274,5.314,0.0,9,9.0,81.9574,69.2939,-12.663500000000013,0.0,5,5.0
semi,run_1845,0.3813,1.7702,1.3889,12.0,51.0,39.0,30.242,35.167,4.925000000000001,1.0,12,11.0,162.0714,136.4095,-25.661900000000003,0.0,12,12.0
semi,run_1846,0.0272,1.5251,1.4979,4.0,46.0,42.0,29.26,34.499,5.239000000000001,0.0,10,10.0,82.5246,69.2352,-13.2894,0.0,5,5.0
semi,run_1847,0.2451,1.6068,1.3617,8.0,47.0,39.0,29.926,34.317,4.391000000000002,2.0,16,14.0,33.286,31.4668,-1.8192000000000021,0.0,6,6.0
semi,run_1848,0.0545,1.6068,1.5523,6.0,50.0,44.0,29.617,34.512,4.895,2.0,19,17.0,38.5666,34.9066,-3.6600000000000037,0.0,6,6.0
semi,run_1849,0.0,1.2255,1.2255,2.0,39.0,37.0,28.757,33.867,5.109999999999996,0.0,11,11.0,28.7026,27.3107,-1.3918999999999997,0.0,3,3.0
semi,run_1850,0.1089,1.4978,1.3889,6.0,42.0,36.0,29.48,34.378,4.898,0.0,10,10.0,60.6196,58.6648,-1.9547999999999988,0.0,5,5.0
semi,run_1851,0.1089,1.6068,1.4979,8.0,49.0,41.0,29.619,34.811,5.192,0.0,11,11.0,122.767,106.7916,-15.975399999999993,0.0,9,9.0
semi,run_1852,0.2451,1.7157,1.4706,11.0,49.0,38.0,30.11,34.922,4.811999999999998,0.0,15,15.0,199.9733,173.6317,-26.3416,0.0,10,10.0
semi,run_1853,0.0817,1.3889,1.3072,5.0,43.0,38.0,29.317,34.136,4.819000000000003,2.0,19,17.0,33.4591,30.0946,-3.3644999999999996,0.0,5,5.0
semi,run_1854,0.0817,1.4706,1.3889,5.0,40.0,35.0,29.475,34.333,4.857999999999997,0.0,10,10.0,53.3001,47.8189,-5.481200000000001,0.0,5,5.0
semi,run_1855,0.1089,1.5795,1.4706,6.0,50.0,44.0,29.716,34.6,4.884,1.0,14,13.0,54.7168,50.9275,-3.7892999999999972,0.0,7,7.0
semi,run_1856,0.5719,1.8246,1.2527,14.0,52.0,38.0,30.628,35.224,4.5959999999999965,1.0,17,16.0,109.9623,98.2014,-11.760899999999992,0.0,18,18.0
semi,run_1857,0.0817,1.4706,1.3889,5.0,41.0,36.0,29.4,34.331,4.9310000000000045,0.0,11,11.0,62.7503,50.2884,-12.4619,0.0,5,5.0
semi,run_1858,0.2723,1.6612,1.3889,11.0,48.0,37.0,30.157,34.869,4.712,0.0,11,11.0,88.0571,78.3774,-9.679700000000011,0.0,9,9.0
semi,run_1859,0.0817,1.5251,1.4434,5.0,43.0,38.0,29.627,34.091,4.464000000000002,2.0,18,16.0,23.2016,20.1523,-3.049299999999999,0.0,5,5.0
semi,run_1860,0.0,1.4434,1.4434,4.0,43.0,39.0,29.045,34.391,5.3459999999999965,0.0,8,8.0,111.9391,94.6597,-17.279399999999995,0.0,5,5.0
semi,run_1861,0.3813,1.6885,1.3072,12.0,51.0,39.0,30.345,34.976,4.631,1.0,18,17.0,130.318,107.5889,-22.729100000000017,0.0,12,12.0
semi,run_1862,0.1089,1.5795,1.4706,6.0,43.0,37.0,29.535,33.989,4.453999999999997,8.0,26,18.0,15.6994,14.613,-1.0864000000000011,0.0,6,6.0
semi,run_1863,0.2451,1.6885,1.4433999999999998,10.0,49.0,39.0,30.059,34.708,4.648999999999997,0.0,11,11.0,44.6912,42.6993,-1.9919000000000011,0.0,10,10.0
semi,run_1864,0.0817,1.5523,1.4706000000000001,5.0,48.0,43.0,29.485,34.556,5.070999999999998,0.0,11,11.0,59.2799,54.4146,-4.865299999999998,0.0,6,6.0
semi,run_1865,0.4085,2.3148,1.9062999999999999,14.0,58.0,44.0,30.19,35.033,4.843,5.0,29,24.0,56.1981,48.7658,-7.432299999999998,0.0,11,11.0
semi,run_1866,0.4085,1.6885,1.2799999999999998,13.0,49.0,36.0,30.637,35.061,4.4239999999999995,1.0,11,10.0,142.8258,126.2426,-16.58319999999999,0.0,15,15.0
semi,run_1867,0.1089,1.5251,1.4162,5.0,44.0,39.0,29.691,34.196,4.504999999999999,2.0,21,19.0,21.0525,18.7427,-2.309799999999999,0.0,6,6.0
semi,run_1868,0.0,1.3889,1.3889,4.0,39.0,35.0,29.088,33.935,4.847000000000001,0.0,14,14.0,23.751,23.0605,-0.6905000000000001,0.0,5,5.0
semi,run_1869,0.0817,1.4706,1.3889,5.0,40.0,35.0,29.424,34.411,4.987000000000002,0.0,9,9.0,67.809,70.8067,2.997700000000009,0.0,5,5.0
semi,run_1870,0.5991,2.1242,1.5251000000000001,15.0,59.0,44.0,30.56,35.54,4.98,1.0,19,18.0,182.4285,154.1065,-28.322000000000003,0.0,21,21.0
semi,run_1871,0.5174,1.7702,1.2528000000000001,11.0,51.0,40.0,30.586,35.158,4.572000000000003,1.0,14,13.0,233.0332,203.291,-29.742199999999997,0.0,17,17.0
semi,run_1872,0.3268,1.6885,1.3617,11.0,48.0,37.0,30.164,34.903,4.738999999999997,0.0,11,11.0,157.9735,127.9397,-30.0338,0.0,13,13.0
semi,run_1873,0.2451,1.634,1.3888999999999998,9.0,43.0,34.0,30.002,34.218,4.216000000000005,2.0,17,15.0,24.7417,23.3658,-1.3759000000000015,0.0,6,6.0
semi,run_1874,0.0817,1.3889,1.3072,5.0,41.0,36.0,29.472,33.724,4.251999999999995,5.0,24,19.0,11.6644,10.8728,-0.7916000000000007,0.0,3,3.0
semi,run_1875,0.0545,1.4161,1.3616,4.0,40.0,36.0,29.375,34.289,4.9140000000000015,0.0,8,8.0,49.5512,51.3022,1.7509999999999977,0.0,5,5.0
semi,run_1876,0.2451,1.634,1.3888999999999998,10.0,50.0,40.0,30.077,34.599,4.521999999999995,2.0,16,14.0,51.3772,42.5749,-8.802300000000002,0.0,8,8.0
semi,run_1877,0.0817,1.4161,1.3344,5.0,44.0,39.0,29.294,34.231,4.937000000000001,0.0,13,13.0,33.9843,30.7102,-3.274099999999997,0.0,5,5.0
semi,run_1878,0.0817,1.5795,1.4977999999999998,7.0,48.0,41.0,29.432,34.566,5.134000000000004,0.0,12,12.0,66.2397,57.2477,-8.991999999999997,0.0,6,6.0
semi,run_1879,0.1089,1.4706,1.3617,5.0,43.0,38.0,29.571,34.557,4.986000000000001,0.0,10,10.0,62.9784,63.1107,0.13230000000000075,0.0,7,7.0
semi,run_1880,0.2451,1.6885,1.4433999999999998,10.0,50.0,40.0,29.993,34.751,4.757999999999999,1.0,15,14.0,62.5953,53.3513,-9.244,0.0,9,9.0
semi,run_1881,0.2451,1.7157,1.4706,11.0,53.0,42.0,30.086,34.968,4.882000000000005,2.0,16,14.0,89.74,76.8659,-12.874099999999999,0.0,10,10.0
semi,run_1882,0.0,1.4706,1.4706,5.0,41.0,36.0,29.322,33.776,4.454000000000004,4.0,20,16.0,12.8268,11.6085,-1.218300000000001,0.0,3,3.0
semi,run_1883,0.1362,1.7157,1.5795,11.0,51.0,40.0,29.964,35.022,5.058,0.0,11,11.0,146.9779,137.875,-9.102900000000005,0.0,10,10.0
semi,run_1884,0.6808,1.8791,1.1983000000000001,13.0,53.0,40.0,30.587,35.08,4.4929999999999986,2.0,16,14.0,122.4282,98.9537,-23.474500000000006,0.0,19,19.0
semi,run_1885,0.0545,1.4706,1.4161,5.0,40.0,35.0,29.283,34.155,4.872,0.0,11,11.0,35.4018,34.3005,-1.101300000000002,0.0,5,5.0
semi,run_1886,0.1089,1.5523,1.4434,8.0,45.0,37.0,29.787,34.581,4.794000000000004,0.0,10,10.0,155.3351,125.0779,-30.25720000000001,0.0,8,8.0
semi,run_1887,0.2451,1.6612,1.4161,11.0,49.0,38.0,30.201,34.882,4.680999999999997,0.0,11,11.0,98.71,84.4168,-14.293199999999999,0.0,12,12.0
semi,run_1888,0.1634,1.634,1.4706,9.0,48.0,39.0,29.9,34.711,4.811,0.0,11,11.0,67.4524,58.2413,-9.211099999999995,0.0,8,8.0
semi,run_1889,0.5719,2.1242,1.5523000000000002,15.0,57.0,42.0,30.64,35.469,4.829000000000001,1.0,20,19.0,256.4177,209.8594,-46.55830000000003,0.0,21,21.0
semi,run_1890,0.0545,1.3344,1.2799,4.0,40.0,36.0,29.213,34.147,4.9339999999999975,0.0,8,8.0,45.3891,47.5691,2.1799999999999997,0.0,5,5.0
semi,run_1891,0.0,1.1983,1.1983,0.0,36.0,36.0,28.695,33.377,4.682000000000002,2.0,16,14.0,23.9232,23.7083,-0.2149000000000001,0.0,2,2.0
semi,run_1892,0.2451,1.6885,1.4433999999999998,10.0,49.0,39.0,29.992,34.896,4.904,0.0,13,13.0,176.3335,147.1626,-29.17089999999999,0.0,9,9.0
semi,run_1893,0.0,1.28,1.28,4.0,40.0,36.0,29.083,34.094,5.011000000000003,0.0,9,9.0,39.071,39.0972,0.026200000000002888,0.0,5,5.0
semi,run_1894,0.0817,1.4706,1.3889,5.0,40.0,35.0,29.47,34.268,4.798000000000002,0.0,12,12.0,29.9621,26.8854,-3.076699999999999,0.0,5,5.0
semi,run_1895,0.0817,1.4706,1.3889,5.0,40.0,35.0,29.377,34.345,4.968,0.0,10,10.0,61.4377,51.4465,-9.9912,0.0,5,5.0
semi,run_1896,0.1089,1.5795,1.4706,5.0,47.0,42.0,29.663,34.342,4.6789999999999985,2.0,16,14.0,40.848,40.032,-0.8160000000000025,0.0,6,6.0
semi,run_1897,0.4085,1.8246,1.4161000000000001,12.0,51.0,39.0,30.384,35.136,4.7520000000000024,1.0,13,12.0,263.8418,211.7342,-52.10759999999999,0.0,16,16.0
semi,run_1898,0.463,1.7157,1.2527,15.0,51.0,36.0,30.643,35.059,4.415999999999997,1.0,14,13.0,144.5665,116.8457,-27.720799999999997,0.0,18,18.0
semi,run_1899,0.1089,1.5251,1.4162,8.0,48.0,40.0,29.75,34.74,4.990000000000002,0.0,12,12.0,107.2524,94.4889,-12.763499999999993,0.0,8,8.0
semi,run_1900,0.0,1.0621,1.0621,0.0,32.0,32.0,28.35,33.158,4.808,1.0,17,16.0,26.0254,27.0567,1.031299999999998,0.0,2,2.0
semi,run_1901,0.1089,1.5795,1.4706,6.0,49.0,43.0,29.664,34.626,4.961999999999996,1.0,17,16.0,61.1414,51.0356,-10.105799999999995,0.0,7,7.0
semi,run_1902,0.1089,1.6068,1.4979,8.0,49.0,41.0,29.609,34.781,5.171999999999997,0.0,13,13.0,129.6302,109.785,-19.845200000000006,0.0,9,9.0
semi,run_1903,0.0,1.28,1.28,3.0,39.0,36.0,28.888,33.963,5.074999999999999,0.0,12,12.0,30.566,26.4528,-4.113199999999999,0.0,5,5.0
semi,run_1904,0.0817,1.4978,1.4161000000000001,5.0,45.0,40.0,29.34,34.406,5.065999999999999,0.0,11,11.0,49.5136,47.0504,-2.4631999999999934,0.0,6,6.0
semi,run_1905,0.1362,1.634,1.4977999999999998,9.0,49.0,40.0,29.784,34.915,5.131,0.0,12,12.0,120.3089,100.4628,-19.846099999999993,0.0,9,9.0
semi,run_1906,0.1906,1.634,1.4434,10.0,49.0,39.0,29.996,34.749,4.753000000000004,1.0,12,11.0,92.8117,82.5128,-10.298900000000003,0.0,9,9.0
semi,run_1907,0.1089,1.634,1.5251,9.0,50.0,41.0,29.688,34.938,5.2500000000000036,0.0,11,11.0,109.4243,108.6729,-0.7514000000000038,0.0,9,9.0
semi,run_1908,0.0,1.3344,1.3344,4.0,40.0,36.0,29.097,34.303,5.205999999999996,0.0,10,10.0,53.9092,49.4264,-4.4827999999999975,0.0,5,5.0
semi,run_1909,0.1089,1.5251,1.4162,8.0,47.0,39.0,29.677,34.583,4.905999999999999,0.0,11,11.0,69.1014,60.3226,-8.778799999999997,0.0,8,8.0
semi,run_1910,0.0272,1.3617,1.3345,4.0,40.0,36.0,29.159,34.179,5.020000000000003,0.0,10,10.0,47.8456,41.1735,-6.6721,0.0,5,5.0
semi,run_1911,0.0,1.171,1.171,0.0,36.0,36.0,28.541,33.542,5.001000000000001,0.0,11,11.0,12.7833,11.5672,-1.2161000000000008,0.0,3,3.0
semi,run_1912,0.354,1.7429,1.3889,11.0,49.0,38.0,30.095,34.625,4.530000000000001,2.0,16,14.0,54.2469,47.7496,-6.497299999999996,0.0,8,8.0
semi,run_1913,0.0,1.2527,1.2527,3.0,39.0,36.0,28.785,33.66,4.8749999999999964,0.0,16,16.0,27.2185,28.4215,1.203000000000003,0.0,3,3.0
semi,run_1914,0.9804,1.9608,0.9804,20.0,58.0,38.0,31.065,35.337,4.272000000000002,3.0,21,18.0,63.3398,55.4676,-7.872199999999999,0.0,26,26.0
semi,run_1915,0.3268,1.6885,1.3617,11.0,46.0,35.0,30.156,34.334,4.178000000000004,7.0,27,20.0,54.3309,54.7438,0.4129000000000005,0.0,6,6.0
semi,run_1916,0.0,1.3617,1.3617,2.0,39.0,37.0,28.928,33.871,4.943000000000001,0.0,12,12.0,17.5088,14.6641,-2.8447000000000013,0.0,4,4.0
semi,run_1917,0.0817,1.4161,1.3344,5.0,41.0,36.0,29.433,34.261,4.828000000000003,0.0,11,11.0,35.4627,30.2137,-5.248999999999999,0.0,5,5.0
semi,run_1918,0.0545,1.4434,1.3889,5.0,41.0,36.0,29.339,34.387,5.048000000000002,0.0,11,11.0,53.5746,48.1003,-5.4742999999999995,0.0,5,5.0
semi,run_1919,0.2451,1.7157,1.4706,11.0,47.0,36.0,29.988,34.201,4.213000000000001,11.0,31,20.0,29.8143,28.5511,-1.2631999999999977,0.0,6,6.0
semi,run_1920,0.7081,1.8246,1.1165,16.0,52.0,36.0,30.685,35.115,4.430000000000003,2.0,16,14.0,85.1114,74.7051,-10.406300000000002,0.0,18,18.0
semi,run_1921,0.1089,1.6068,1.4979,9.0,46.0,37.0,29.867,34.632,4.764999999999997,0.0,10,10.0,133.6025,104.4393,-29.16319999999999,0.0,9,9.0
semi,run_1922,0.1634,1.5251,1.3617,8.0,42.0,34.0,29.741,33.931,4.189999999999998,9.0,23,14.0,20.4204,20.3895,-0.03089999999999904,0.0,5,5.0
semi,run_1923,0.1634,1.5795,1.4161,8.0,47.0,39.0,29.869,34.313,4.444000000000003,4.0,20,16.0,39.876,39.5681,-0.3078999999999965,0.0,6,6.0
semi,run_1924,0.0,1.1983,1.1983,0.0,37.0,37.0,28.751,33.582,4.8309999999999995,0.0,14,14.0,26.3525,27.4753,1.1228000000000016,0.0,3,3.0
semi,run_1925,0.0817,1.6068,1.5251000000000001,7.0,49.0,42.0,29.476,34.624,5.148000000000003,0.0,15,15.0,47.2222,42.6394,-4.582799999999999,0.0,6,6.0
semi,run_1926,0.2996,1.7429,1.4432999999999998,12.0,52.0,40.0,30.237,34.972,4.735000000000003,1.0,16,15.0,70.8716,65.573,-5.2986000000000075,0.0,10,10.0
semi,run_1927,0.354,1.7157,1.3617,13.0,52.0,39.0,30.516,34.974,4.457999999999998,2.0,16,14.0,65.2157,59.5391,-5.6766000000000005,0.0,12,12.0
semi,run_1928,0.0817,1.5523,1.4706000000000001,7.0,47.0,40.0,29.551,34.644,5.093,0.0,11,11.0,95.9379,78.0169,-17.920999999999992,0.0,7,7.0
semi,run_1929,0.0817,1.4706,1.3889,5.0,45.0,40.0,29.35,34.381,5.030999999999999,0.0,12,12.0,52.2708,47.0501,-5.220700000000001,0.0,5,5.0
semi,run_1930,0.5174,1.7974,1.2800000000000002,16.0,51.0,35.0,30.71,35.201,4.491,1.0,14,13.0,198.8094,180.193,-18.6164,0.0,17,17.0
semi,run_1931,0.1362,1.634,1.4977999999999998,9.0,45.0,36.0,29.732,34.394,4.661999999999999,1.0,16,15.0,56.6592,48.3485,-8.310699999999997,0.0,7,7.0
semi,run_1932,0.354,1.6885,1.3344999999999998,11.0,49.0,38.0,30.102,34.876,4.773999999999997,0.0,12,12.0,99.9157,82.8577,-17.058000000000007,0.0,12,12.0
semi,run_1933,0.6264,1.8791,1.2527,16.0,56.0,40.0,30.864,35.39,4.526,1.0,11,10.0,213.7702,168.8893,-44.8809,0.0,24,24.0
semi,run_1934,0.1362,1.6612,1.525,10.0,49.0,39.0,29.923,34.844,4.921000000000003,0.0,11,11.0,119.0116,104.2592,-14.752399999999994,0.0,9,9.0
semi,run_1935,0.0817,1.5251,1.4434,5.0,47.0,42.0,29.43,34.597,5.167000000000002,0.0,10,10.0,77.875,83.3057,5.430700000000002,0.0,6,6.0
semi,run_1936,0.4085,1.7702,1.3617,12.0,51.0,39.0,30.16,34.873,4.712999999999997,1.0,16,15.0,62.9726,53.1891,-9.783499999999997,0.0,10,10.0
semi,run_1937,0.354,1.6885,1.3344999999999998,11.0,50.0,39.0,30.389,35.06,4.671000000000003,1.0,12,11.0,94.2949,87.4147,-6.880200000000002,0.0,13,13.0
semi,run_1938,0.0817,1.4978,1.4161000000000001,5.0,44.0,39.0,29.453,34.446,4.9929999999999986,0.0,10,10.0,64.0327,64.9203,0.887599999999992,0.0,5,5.0
semi,run_1939,0.1089,1.6612,1.5523,8.0,50.0,42.0,29.667,34.731,5.064,0.0,13,13.0,119.8354,103.8072,-16.028200000000012,0.0,8,8.0
semi,run_1940,0.3813,1.7429,1.3616,13.0,53.0,40.0,30.168,35.095,4.927,1.0,17,16.0,122.5024,103.3349,-19.16749999999999,0.0,11,11.0
semi,run_1941,1.3617,2.7778,1.4161000000000001,23.0,62.0,39.0,31.399,36.006,4.606999999999999,3.0,27,24.0,323.3616,267.7837,-55.5779,0.0,33,33.0
semi,run_1942,0.1906,1.6068,1.4162,10.0,47.0,37.0,29.944,34.641,4.696999999999999,1.0,12,11.0,68.4765,60.6401,-7.836400000000005,0.0,9,9.0
semi,run_1943,0.1362,1.634,1.4977999999999998,9.0,48.0,39.0,29.876,34.725,4.849,0.0,11,11.0,147.3373,122.6122,-24.725099999999998,0.0,8,8.0
semi,run_1944,0.0545,1.5523,1.4978,5.0,46.0,41.0,29.379,34.466,5.087,0.0,15,15.0,48.1033,40.4154,-7.687899999999999,0.0,5,5.0
semi,run_1945,0.0,1.3344,1.3344,4.0,40.0,36.0,29.032,34.25,5.218,0.0,11,11.0,52.0469,51.5518,-0.49510000000000076,0.0,5,5.0
semi,run_1946,0.0,1.2255,1.2255,0.0,38.0,38.0,28.724,33.516,4.791999999999998,4.0,20,16.0,56.1089,59.251,3.1420999999999992,0.0,3,3.0
semi,run_1947,0.6808,1.8791,1.1983000000000001,17.0,57.0,40.0,30.744,35.354,4.609999999999999,5.0,23,18.0,140.427,116.7721,-23.654899999999998,0.0,19,19.0
semi,run_1948,0.1089,1.5795,1.4706,6.0,48.0,42.0,29.62,34.679,5.059000000000001,0.0,11,11.0,97.1994,80.4615,-16.737899999999996,0.0,7,7.0
semi,run_1949,0.1634,1.6068,1.4434,9.0,47.0,38.0,29.728,34.515,4.786999999999999,1.0,15,14.0,63.6603,57.713,-5.9472999999999985,0.0,7,7.0
semi,run_1950,0.1906,1.7429,1.5522999999999998,10.0,48.0,38.0,30.001,34.836,4.834999999999997,0.0,16,16.0,132.4866,121.7998,-10.686800000000005,0.0,9,9.0
semi,run_1951,0.1362,1.9608,1.8246000000000002,10.0,50.0,40.0,29.799,34.902,5.1030000000000015,0.0,16,16.0,151.0849,133.7955,-17.2894,0.0,9,9.0
semi,run_1952,0.0272,1.28,1.2528000000000001,4.0,40.0,36.0,29.14,34.112,4.972000000000001,0.0,8,8.0,50.9389,54.2514,3.3125,0.0,5,5.0
semi,run_1953,0.2179,1.6612,1.4433,9.0,49.0,40.0,29.893,34.756,4.8629999999999995,1.0,12,11.0,92.3874,75.2819,-17.105500000000006,0.0,8,8.0
semi,run_1954,0.1089,1.4978,1.3889,5.0,43.0,38.0,29.592,34.454,4.862000000000002,1.0,12,11.0,56.0322,49.2599,-6.772300000000001,0.0,7,7.0
semi,run_1955,0.3813,2.0697,1.6884000000000001,12.0,51.0,39.0,30.284,35.108,4.823999999999998,1.0,23,22.0,233.195,195.6576,-37.53739999999999,0.0,13,13.0
semi,run_1956,0.0,1.1983,1.1983,0.0,35.0,35.0,28.786,33.157,4.370999999999995,5.0,23,18.0,16.3824,16.7974,0.41499999999999915,0.0,2,2.0
semi,run_1957,0.0,1.3072,1.3072,2.0,40.0,38.0,28.958,34.144,5.186,0.0,9,9.0,40.5605,39.6899,-0.870599999999996,0.0,5,5.0
semi,run_1958,0.2179,1.634,1.4161,11.0,48.0,37.0,30.108,34.782,4.673999999999996,0.0,11,11.0,105.0734,91.9859,-13.087500000000006,0.0,9,9.0
semi,run_1959,0.0,1.28,1.28,0.0,38.0,38.0,28.804,33.538,4.733999999999998,1.0,16,15.0,12.7217,11.226,-1.4956999999999994,0.0,3,3.0
semi,run_1960,0.0,1.3889,1.3889,4.0,40.0,36.0,29.109,34.171,5.061999999999998,0.0,11,11.0,41.1889,37.7704,-3.4184999999999945,0.0,5,5.0
semi,run_1961,0.5719,1.8246,1.2527,13.0,52.0,39.0,30.472,34.893,4.420999999999999,2.0,23,21.0,45.6476,41.8898,-3.757799999999996,0.0,13,13.0
semi,run_1962,0.0817,1.6068,1.5251000000000001,5.0,48.0,43.0,29.502,34.703,5.201000000000004,0.0,11,11.0,125.748,103.4892,-22.258800000000008,0.0,8,8.0
semi,run_1963,0.0,1.3344,1.3344,4.0,40.0,36.0,29.106,34.167,5.061,0.0,11,11.0,50.6548,52.9191,2.2642999999999986,0.0,5,5.0
semi,run_1964,0.1362,1.6068,1.4706000000000001,5.0,45.0,40.0,29.782,34.257,4.474999999999998,2.0,19,17.0,24.0906,22.2998,-1.7907999999999973,0.0,6,6.0
semi,run_1965,0.0817,1.4161,1.3344,5.0,40.0,35.0,29.374,34.378,5.004000000000001,0.0,10,10.0,51.7125,50.9526,-0.7599000000000018,0.0,5,5.0
semi,run_1966,0.0817,1.634,1.5522999999999998,5.0,43.0,38.0,29.618,34.152,4.5340000000000025,2.0,25,23.0,23.4999,21.0282,-2.471700000000002,0.0,5,5.0
semi,run_1967,0.0817,1.4706,1.3889,5.0,43.0,38.0,29.49,34.474,4.983999999999998,0.0,7,7.0,69.9575,70.9748,1.0173000000000059,0.0,6,6.0
semi,run_1968,0.0817,1.4978,1.4161000000000001,5.0,45.0,40.0,29.515,34.527,5.0120000000000005,0.0,10,10.0,95.7074,81.6964,-14.01100000000001,0.0,7,7.0
semi,run_1969,0.1634,1.6612,1.4978,9.0,50.0,41.0,29.821,34.745,4.923999999999996,0.0,12,12.0,75.0251,66.4876,-8.537499999999994,0.0,9,9.0
semi,run_1970,0.0545,1.4161,1.3616,4.0,40.0,36.0,29.184,34.204,5.02,0.0,10,10.0,58.818,47.145,-11.672999999999995,0.0,5,5.0
semi,run_1971,0.2179,1.7702,1.5523,9.0,51.0,42.0,29.911,34.773,4.862000000000002,1.0,20,19.0,95.4555,80.3288,-15.1267,0.0,8,8.0
semi,run_1972,0.0,1.3889,1.3889,3.0,42.0,39.0,29.02,34.193,5.172999999999998,0.0,12,12.0,36.6224,35.4094,-1.213000000000001,0.0,5,5.0
semi,run_1973,0.0,1.3889,1.3889,3.0,40.0,37.0,28.913,34.085,5.172000000000001,0.0,10,10.0,36.6837,37.2094,0.5257000000000005,0.0,5,5.0
semi,run_1974,0.0272,1.4706,1.4434,4.0,42.0,38.0,29.192,34.378,5.186,0.0,11,11.0,52.6725,42.9794,-9.693100000000001,0.0,5,5.0
semi,run_1975,0.1089,1.5251,1.4162,6.0,46.0,40.0,29.61,34.551,4.9410000000000025,0.0,10,10.0,66.218,61.1586,-5.059400000000004,0.0,7,7.0
semi,run_1976,0.1089,1.6612,1.5523,9.0,50.0,41.0,29.876,34.859,4.9830000000000005,0.0,13,13.0,142.7042,122.0437,-20.660499999999985,0.0,9,9.0
semi,run_1977,0.0,1.3072,1.3072,0.0,39.0,39.0,28.813,33.723,4.91,0.0,15,15.0,16.183,14.21,-1.972999999999999,0.0,3,3.0
semi,run_1978,0.0,1.2255,1.2255,0.0,38.0,38.0,28.744,33.707,4.963000000000001,0.0,10,10.0,26.4396,27.2156,0.7759999999999998,0.0,3,3.0
semi,run_1979,0.0817,1.5795,1.4977999999999998,6.0,48.0,42.0,29.499,34.355,4.855999999999998,2.0,18,16.0,39.948,38.9287,-1.0193000000000012,0.0,6,6.0
semi,run_1980,0.0,1.3344,1.3344,4.0,40.0,36.0,29.093,34.078,4.985000000000003,0.0,11,11.0,35.0318,29.539,-5.4927999999999955,0.0,5,5.0
semi,run_1981,0.0,1.3072,1.3072,4.0,40.0,36.0,29.016,34.134,5.118000000000002,0.0,11,11.0,54.0251,45.3213,-8.703800000000001,0.0,5,5.0
semi,run_1982,0.0817,1.5251,1.4434,5.0,45.0,40.0,29.492,34.473,4.980999999999998,0.0,12,12.0,53.0297,49.2667,-3.762999999999998,0.0,5,5.0
semi,run_1983,1.3344,1.988,0.6536,21.0,54.0,33.0,31.429,35.165,3.7360000000000007,7.0,20,13.0,59.9198,57.0787,-2.8411000000000044,0.0,24,24.0
semi,run_1984,0.0,1.3889,1.3889,3.0,40.0,37.0,29.102,34.236,5.133999999999997,0.0,12,12.0,56.0321,47.718,-8.314099999999996,0.0,5,5.0
semi,run_1985,0.0545,1.4978,1.4433,4.0,44.0,40.0,29.407,34.503,5.096,0.0,8,8.0,69.6735,70.504,0.8305000000000007,0.0,5,5.0
semi,run_1986,0.0817,1.5251,1.4434,6.0,47.0,41.0,29.701,34.514,4.813000000000002,0.0,12,12.0,88.0535,72.0474,-16.006100000000004,0.0,7,7.0
semi,run_1987,0.0817,1.5251,1.4434,5.0,47.0,42.0,29.626,34.52,4.894000000000002,1.0,15,14.0,78.5889,79.7702,1.1813000000000073,0.0,6,6.0
semi,run_1988,0.4902,2.5599,2.0696999999999997,13.0,56.0,43.0,30.519,35.263,4.744,10.0,38,28.0,234.2054,220.3786,-13.826799999999992,0.0,16,16.0
semi,run_1989,0.0,1.3617,1.3617,4.0,42.0,38.0,29.086,33.991,4.905000000000001,0.0,14,14.0,48.9432,51.527,2.5838000000000036,0.0,5,5.0
semi,run_1990,0.2179,1.7429,1.525,9.0,51.0,42.0,30.005,34.759,4.754000000000001,2.0,21,19.0,44.8797,37.2283,-7.651400000000002,0.0,8,8.0
semi,run_1991,0.1362,1.4706,1.3344,8.0,45.0,37.0,29.777,34.508,4.731000000000002,0.0,11,11.0,62.7974,61.2916,-1.5058000000000007,0.0,7,7.0
semi,run_1992,0.3268,1.8246,1.4978,12.0,50.0,38.0,30.183,34.525,4.341999999999999,8.0,31,23.0,34.8486,33.1583,-1.6903000000000006,0.0,8,8.0
semi,run_1993,0.7625,1.9608,1.1983000000000001,17.0,57.0,40.0,30.825,35.343,4.518000000000004,4.0,24,20.0,70.6376,62.6677,-7.969900000000003,0.0,23,23.0
semi,run_1994,0.0817,1.3889,1.3072,6.0,38.0,32.0,29.477,33.356,3.8790000000000013,12.0,26,14.0,12.2389,12.594,0.3551000000000002,0.0,3,3.0
semi,run_1995,0.0,1.2255,1.2255,0.0,37.0,37.0,28.715,33.589,4.873999999999999,0.0,14,14.0,14.2446,12.6953,-1.5493000000000006,0.0,3,3.0
semi,run_1996,0.3268,1.8519,1.5251000000000001,12.0,54.0,42.0,30.227,35.128,4.901,1.0,16,15.0,102.4544,92.197,-10.257400000000004,0.0,11,11.0
semi,run_1997,0.0,1.3344,1.3344,3.0,40.0,37.0,28.974,34.146,5.172000000000001,0.0,9,9.0,40.4254,36.1959,-4.229500000000002,0.0,5,5.0
semi,run_1998,0.1089,1.5251,1.4162,8.0,47.0,39.0,29.713,34.666,4.952999999999996,0.0,11,11.0,100.2552,102.1942,1.938999999999993,0.0,8,8.0
semi,run_1999,0.0,1.3072,1.3072,2.0,39.0,37.0,28.912,33.945,5.033000000000001,0.0,10,10.0,34.7463,35.874,1.1277000000000044,0.0,4,4.0
