run_id,width,length,height,orientation,wwr,wallInsulationThickness,roofInsulationThickness,slabInsulationThickness,u_windows,g_value,roofAbsorptance,flowCoefficient,wof,fixedShadingDepth
run_0000,8.290452087902889,9.418683364680744,2.7012424206240264,22.194473754769316,0.1796358733978168,0.0781535347590126,0.0281263147984265,0.1023603238909987,3.7187309613713815,0.2848874035155261,0.8851887605927302,0.0041794027925613,0.4679746472079719,0.7780886191933646
run_0001,9.687113171602345,11.273318283834646,2.4313336245638952,45.52851289390125,0.3817258553242011,0.2214634086621273,0.2830893107422361,0.0221263200330276,1.4972615341487707,0.3582767197196694,0.7071664849508779,0.0081379294871068,0.2506866476486955,0.5649780981171063
run_0002,8.979691421015865,8.964950853140273,2.780776571353228,348.12584824816184,0.1899511261962793,0.0196612833426249,0.1229111971806676,0.0864570002208869,4.953527164838795,0.4316310737684435,0.7427319271952848,0.0072168160230292,0.2286469968283947,0.2640836609019711
run_0003,7.676599469795995,7.232062900075854,2.5506503220595813,86.97514241565057,0.1968418782431454,0.0753531924249301,0.189664094480604,0.1351967235140571,1.5093801927748025,0.2472481594325622,0.4107639226867493,0.0089713433202887,0.1841031921174807,0.9316096354844888
run_0004,6.967082168448924,9.65529377641214,2.9666580609005617,293.91938458676356,0.2645997395557314,0.0345816910501092,0.1259831491326968,0.1743723251085455,2.048167091527999,0.5878616051498354,0.8092322378517764,0.0112668282744606,0.6354892137579014,0.9212816413053838
run_0005,8.763570830654361,11.950774414068826,2.4951439790780197,172.39789089254424,0.2802912545887467,0.0957991993356568,0.0264147910143629,0.1503471179311009,3.608630232480084,0.5715540254477234,0.8134007059379018,0.005353764872262,0.4511150928653669,0.6529165135400461
run_0006,8.951954575853733,7.490729856417673,2.757683292194821,328.9568620985548,0.357225809233145,0.19248234850761,0.1692752492833091,0.1759938495643676,3.1909630718212947,0.3294047446934759,0.4391095463732556,0.0076020334457378,0.5044733655863063,0.0154561750403419
run_0007,7.119763988195759,7.458114307006351,2.781327425792788,263.7540527159141,0.2556601195057811,0.0127594694252845,0.3159109529781055,0.0780468954320298,1.592856340845498,0.6129319396095386,0.4079710827113539,0.001715535686819,0.2538404782985582,0.1393988183176023
run_0008,6.413388086751699,7.798262341293174,2.585346968165118,108.38580942886335,0.3466362220705248,0.2202906778713871,0.0977297848810365,0.1551004056601332,4.024373394265283,0.4433375383496113,0.487174666703658,0.002273713059288,0.7100354350391483,0.3717530045903777
run_0009,9.053340277575334,6.722566427433402,2.548768979109683,206.89422397700804,0.3860244110547195,0.2150408575828353,0.2260805775647986,0.0154770473685691,1.2103590774678892,0.5607442990322425,0.8178124322360276,0.0074268473310968,0.6089760426704625,0.1924586350000388
run_0010,9.471026683338325,11.662527879016936,2.9532186520635073,266.4770889505723,0.3216289765898414,0.2832862885288517,0.2683711200379318,0.1465605361217652,2.1598782859333596,0.2984945969800299,0.7443521124227418,0.0100480711157548,0.7040509128188506,0.8542229819282305
run_0011,9.50978284851773,11.01698327972088,2.8940156298648483,327.12130392575546,0.369590950807857,0.2313035461136719,0.3350324920962821,0.1819579788747119,0.9759165506191207,0.6642406468609559,0.8431335442591825,0.0065254599274387,0.3198595735899037,0.5600958742639679
run_0012,7.065365722214354,7.329141301814791,2.717912724648558,56.60728971673829,0.1751116052364149,0.0791742736823429,0.0943607512296429,0.0966357334911577,4.345986296173994,0.5097519061089859,0.4407324968201235,0.0117923826558929,0.4090882226281925,0.242053276680151
run_0013,7.638962283279227,6.629052212844508,2.9298683962703667,57.3009009726298,0.1738939513406689,0.110181302333131,0.1600786466881557,0.0892050662509873,3.822032692383879,0.4084397573562486,0.8657631726202766,0.0109614288803033,0.3442463504891814,0.719910365845921
run_0014,8.12680123441696,6.279376313877488,2.5985410696002855,64.92414173887798,0.1546333892742638,0.2696990851682211,0.3049061295572421,0.1649313297372576,4.319570733795813,0.3681925859925002,0.697160453334664,0.0119192728772951,0.37050735862338,0.6897468350341897
run_0015,7.108611475128714,6.493256650172337,2.557740067304502,196.7752575852872,0.3508426889305577,0.0691978473194322,0.1775662031153719,0.1504932433886532,1.1382521186428864,0.3634006054515437,0.3251097153924657,0.0053423127877505,0.7756179975255327,0.2215221883714765
run_0016,7.113427107546236,10.092225574712064,2.798092542152584,352.52006435238116,0.2542549037332479,0.2139996448764561,0.248089694815477,0.0636351841396649,2.2280709129844993,0.6001009893616913,0.75482009303352,0.0058740760149641,0.2755364164394556,0.8751076182753739
run_0017,9.245964326432048,6.926672568009703,2.4603511714155353,103.89657292410146,0.142865103888705,0.0722730384093631,0.3265015224291362,0.1251525647993912,1.0780334749695888,0.4511468571076815,0.6739877447869779,0.0019106576485249,0.106771824141047,0.7530662546841238
run_0018,9.521092206235847,7.046256481311146,2.7872290012911005,246.6457174295562,0.1201275146854864,0.2820047346784211,0.1029891841857447,0.1974735288019431,0.9340930361871954,0.3587938339523859,0.7607068995978229,0.0044917087043686,0.4783776603346295,0.7174172341386323
run_0019,8.857430559835324,7.745539159814424,2.5220653529809005,290.6961933570594,0.2094916906886254,0.1796246769867143,0.148816325435948,0.0204888413374694,2.342070499493721,0.4179015923857919,0.7760046026709144,0.0105012251056963,0.3264937482702179,0.8710744341865888
run_0020,9.279913049875974,7.0224555047712105,2.4449289765386686,316.3951102363502,0.3783143151022387,0.237009641948273,0.1608419962055117,0.0268745066568463,3.690600118807694,0.2707245820242741,0.6414499624338634,0.0035902142097344,0.1077263053458436,0.4964504434292101
run_0021,9.150312850096803,10.059292040568216,2.804706128795824,35.49563534155076,0.2636830783688843,0.1918818399249806,0.052985913092381,0.1123972175402007,4.67127425712451,0.5558714442824524,0.7779427283567633,0.0061839546034892,0.780615218676365,0.3041802183643814
run_0022,7.357467073364998,7.583580694767138,2.5777566368177927,283.96495991365293,0.1295151145089206,0.0775167107875333,0.2467529612269031,0.1007888879213808,0.8286031254325735,0.634078564163636,0.8570109370576287,0.010372281281403,0.1294292781931616,0.35075954478585
run_0023,8.817343277589991,7.85539369563051,2.609145431853368,18.96253427869918,0.1742793412258079,0.1120027552699704,0.044072150885244,0.1176076252166526,3.9736567243591487,0.2414493988517185,0.6054915605613544,0.0048067660451242,0.6942537640069445,0.341692810129729
run_0024,9.74180980850354,7.926822853115185,2.999674652034353,18.551530831913887,0.1700293888104943,0.1554409623643431,0.3009573563213861,0.0757786002095756,4.826156489380278,0.6280512212902541,0.5115161918811548,0.0086876063915538,0.7220934734366247,0.2064524754012178
run_0025,9.930767668599952,7.4004861260877215,2.9593305148165583,359.5369625074739,0.2814301022270529,0.1014192183925505,0.1753508624491239,0.0175240717519313,4.299666478247292,0.5628501016396193,0.3186206291292929,0.0100083414652632,0.344609013751935,0.2304561454940446
run_0026,9.03068427342992,11.91174417509763,2.8644677035751576,2.219178345604453,0.3289999543362508,0.2289647368506325,0.184288588526101,0.0266942991806135,1.212935196762679,0.2194213900049489,0.6176527165054124,0.003452187191451,0.1021223553878185,0.1137810479814006
run_0027,7.055233360354445,10.224810942873969,2.687834102080424,3.971494802369077,0.2413329547759136,0.2264154914132019,0.1070013415855593,0.0132312700032321,2.602392703504393,0.553262201334999,0.752664456426835,0.0115663220647644,0.407427024140603,0.1704390391608324
run_0028,8.860823484000061,6.141941710904684,2.7740963091942334,319.4182227668685,0.1214761900733205,0.262402172941325,0.1666254859367077,0.1911229801579285,1.7989659524779706,0.2767703895261211,0.4677656117893705,0.0059823917637395,0.3639010378697569,0.6030603999878461
run_0029,8.203432183124272,6.408489310261017,2.8640680741404387,300.7801611485146,0.150600147289584,0.0170107318727439,0.045297803381865,0.0140947818271048,0.8776391010432707,0.6886897929854896,0.5132570934374501,0.0061052277763261,0.1044806285204754,0.4880446808864345
run_0030,9.668687461921344,10.901891511868516,2.8763983710497616,2.690701574937408,0.3841591112233529,0.2333287851374253,0.334198735166648,0.1568843061599223,2.8326798129256785,0.4407997590365896,0.7809216613709484,0.0028272534038049,0.1855056577256075,0.3085810098906723
run_0031,9.537919697400906,10.136394653667844,2.459962522896208,328.76918442176526,0.2426882217807507,0.1144536482825364,0.0562241911962886,0.1973252547657181,4.009357295706937,0.6594517396272828,0.3269187723746046,0.0012435955241649,0.4325069283252855,0.8266942281970115
run_0032,7.101890999370017,9.067151073090216,2.792387294834526,7.400853771953972,0.3913435632572349,0.1578748964622687,0.2971725953365535,0.0706875643432563,0.9344419429229364,0.6833853598393853,0.6243647757154975,0.0106709997541184,0.6342496553975144,0.5509274348726675
run_0033,6.426107951092884,8.399095972102456,2.890326594835258,76.37404032997397,0.3856526150267132,0.1687836138105941,0.2671008786641379,0.1733517064898475,2.531651527779444,0.6051314578176292,0.3716642347421406,0.0098762624796456,0.6217526735589766,0.8808476476981195
run_0034,7.737144193572638,7.87316703735889,2.5900096112647746,21.7058740386146,0.3039386825335857,0.0505684438636289,0.2251044002346335,0.1458198811134248,2.6836242743480176,0.3996453999889607,0.8170577601974731,0.0064877592392248,0.6373996397234072,0.815217114049784
run_0035,8.61459599563778,8.302056154553396,2.6755042700830436,4.263081452671672,0.1889818851667021,0.057190374064378,0.3403423945432832,0.0867005288143105,2.8866426195976542,0.3393718151888483,0.8820789882934554,0.009492624784123,0.7202276299809467,0.3267481835374085
run_0036,7.970959449770519,9.32460038876771,2.8781056647924768,130.70927117477788,0.2974758787530224,0.2886732007749713,0.0947007903886006,0.1276250106449512,2.135483307374495,0.4226798471409665,0.6262997609878496,0.0089355485305514,0.3630901373205693,0.2361286537166374
run_0037,9.99797063431288,8.784518479726438,2.9685430355929276,53.21299291682552,0.2001769580651409,0.0993778781408479,0.3486805532096719,0.1794453326606975,0.846287298720108,0.419001133881854,0.5415683685325936,0.0040837897116954,0.3472093172327919,0.6106472968172579
run_0038,7.443224316609672,11.54807733409624,2.914196781706507,123.8023696214516,0.2019212367545549,0.2415412560608825,0.23346054013397,0.0228405510923977,4.405722820694365,0.4048610076429929,0.7074482790807356,0.0103995532308462,0.625650441439001,0.4482758771933728
run_0039,6.117214854568316,8.36975985214906,2.4861734009481613,184.78191977508192,0.2985296009598714,0.233568152418797,0.1101205994190124,0.0974088251558951,2.918806236913154,0.6534417869287641,0.7667123822009057,0.0021193039135167,0.6993447441894448,0.6957533550120746
run_0040,9.719831769330886,10.427268997637832,2.7105469234845714,69.00523403391388,0.3462026276424799,0.105892820527974,0.322413528259406,0.1840344796942364,2.2209301223916413,0.4288651181411845,0.8518984630550108,0.0055823553661969,0.2398310996219944,0.8521156862052703
run_0041,8.964295968966237,8.27248562555129,2.4921271343268385,147.49431769070333,0.1612224588551749,0.1239206143346392,0.1578439422442386,0.0488995159511045,1.3394795425966182,0.4509003618733245,0.4638247986982345,0.0025310304226779,0.728187872696147,0.0853305721821952
run_0042,6.171616793980674,8.114925530604605,2.9232217618624485,85.77932268091375,0.2421538697391369,0.1872482208072241,0.2598113114008523,0.1866735878998729,3.049723629722033,0.5380915575567327,0.7521054582157373,0.0118150880325968,0.5936828729442304,0.587119283718408
run_0043,8.882193344256072,10.962837912159843,2.7183110366329353,163.65923906926713,0.3592199797842608,0.0327484549096783,0.1439934828057635,0.0527081915735449,2.898838482014936,0.5460864743976294,0.6720090554649883,0.0035575848205521,0.7785491201140792,0.7546331232512811
run_0044,6.030500032924129,7.408960521416061,2.7665628390675407,74.51262954714856,0.1781833985308706,0.2384489935374365,0.232027349722457,0.1662308275216616,3.706446374343945,0.2801471059994515,0.6879618953548321,0.0077865334940022,0.7588555884014518,0.4235989701065071
run_0045,8.86615059666556,10.011532250728148,2.7476889087818397,157.79291357856476,0.1307426952291529,0.2569191540677883,0.0557652628353415,0.1207022404713503,3.7677751865662215,0.6100336358629861,0.5916781705594572,0.0017930952062434,0.7481828627015619,0.1713827324247793
run_0046,9.23475620445325,8.418425624086126,2.508898649962518,160.10736671841906,0.2554484068900954,0.0543657069430763,0.1152847797218975,0.1505149146862685,2.3231896131014027,0.6301905854091598,0.8817441656611105,0.0050130858271712,0.7258513293650997,0.6038505281744405
run_0047,6.820819359498234,10.267809179796757,2.7896175524847733,47.00041963880906,0.157871860947709,0.1939927023192708,0.2340819368724863,0.055816824280974,2.54760439362745,0.6967503141574833,0.5003110913828966,0.0104742563192687,0.3071521125526896,0.9297125640351884
run_0048,8.104004839925475,6.9038973569696385,2.442121436147876,172.18937356327407,0.3539627051859572,0.286877947093561,0.0410656653765866,0.123205289045996,3.95405894999542,0.5761995052405777,0.6185946993657001,0.0052875069604592,0.3384779109072668,0.2183283537688105
run_0049,8.24315923645699,9.960122372181466,2.6046744110635274,309.3226458053499,0.2118573188687332,0.0980299354641779,0.2214242967185068,0.1143740924406009,4.519290963889712,0.4231176144861787,0.4245773046151746,0.001970250903632,0.5771712962768467,0.4818503083542426
run_0050,7.659517255876747,6.671032522958494,2.600353367530775,238.1626234142477,0.1584575129600125,0.1630385840378099,0.1893213041559145,0.1816855367096093,2.1178793888569736,0.5758809356728533,0.7329015894753195,0.0025362897138766,0.5445648765449088,0.8115487230153904
run_0051,8.924424820327541,10.78744446196514,2.572631348779878,50.201659051683386,0.1213520616810154,0.2495464743329127,0.2995416810395512,0.1681338676131775,3.7777247302220225,0.6730100563694177,0.4628690991947609,0.0074457740649868,0.6368138766859733,0.8634672347830408
run_0052,7.453089764315177,11.443451736596227,2.4503062290152915,196.1908271131365,0.3683332599447626,0.0841842468651914,0.0927526641267406,0.042043671976067,1.3476652568627978,0.472424482107804,0.5275817622668466,0.0090222086470181,0.4184994187523139,0.7474439648145006
run_0053,7.288274470872518,8.693996300812465,2.719047549793256,296.3718896388287,0.2966000358758484,0.2770274575820787,0.0918231555651519,0.1439650856479096,4.125853268058829,0.3831693773897581,0.3449272551440915,0.0030048607512969,0.1438608595748194,0.5813858735622683
run_0054,9.99533852851589,8.487208846147233,2.8787854292130457,243.0970614710569,0.1736932662937605,0.0733431841683241,0.1645798017217491,0.1892518704896943,3.9081704712935856,0.5992476850545447,0.6998435034075566,0.010547827940679,0.5308112796863532,0.4576899253566859
run_0055,9.383516722182522,6.214292363848708,2.42952294138517,106.40710164004383,0.2949992887910633,0.0423562614283953,0.0572368931484556,0.01273953936882,4.727476831484916,0.6637861271145523,0.3644237209548737,0.006654446634755,0.5870409398993955,0.3576982877728333
run_0056,7.5920307009327646,8.620915391764083,2.762756052196254,40.80268815879088,0.2839301179716638,0.1665128935817649,0.1985148421995258,0.03618066752109,2.2735329651678367,0.6057304729017299,0.4043910495689701,0.0021805943673952,0.2417433380482639,0.2204172561212091
run_0057,8.352549633358297,7.73487572629295,2.8557784258840626,199.3829124291966,0.1034664970814323,0.2278488945705359,0.1595295207194661,0.1100213467271617,2.690644499603448,0.3799567640158895,0.5824478121895253,0.0105920452403823,0.3278485973383434,0.4009917100990512
run_0058,8.150013830836139,8.050246083497598,2.967561927007345,78.85848560404426,0.3502179429549809,0.0879322509400988,0.1969864587951476,0.1960790472168074,1.8393939086376188,0.6861013580977773,0.8726115734420392,0.0014913500842433,0.4560073141881051,0.2714909197280428
run_0059,6.630808572450628,7.64930615838094,2.427937833450629,162.85434038881888,0.1344083844800147,0.155209736578187,0.0515856229437403,0.198700626027458,2.923675883767098,0.5228582655511702,0.8067724733288446,0.007292091206082,0.1369532546642347,0.3627427084740572
run_0060,8.331975060244117,10.161611914331068,2.753543930979886,183.88656694253507,0.1868358892055366,0.224615999818857,0.0343608113234934,0.1420801547481701,2.080686314271627,0.2577596125926147,0.7211464674714535,0.008440402519039,0.7716993559988048,0.537043708627929
run_0061,7.483575705184953,9.859590597335476,2.5437799515286312,300.261894167914,0.1677431420957444,0.0548750321744068,0.1834794710832905,0.0719655420822179,2.3628557837269453,0.3371075165453396,0.6833686154709586,0.0017595281469001,0.3310470496112376,0.7631009512820908
run_0062,6.395800275045678,10.346386807898757,2.7345769198904675,168.11583478297527,0.326203116304944,0.2803703140213484,0.3066581117132752,0.1906056807465936,2.985271277234885,0.49892021687785,0.3205173776613305,0.0070743045584443,0.5258068010078314,0.9106991126220662
run_0063,6.5621292372608675,6.65259707923012,2.866440977345775,291.8921029230811,0.2605908839526111,0.2904109892395112,0.2396360333811598,0.1130099666030276,4.144587096716162,0.654011275402036,0.4712269209763924,0.0014834559152219,0.54773627340295,0.5710594819740411
run_0064,6.645443773286257,7.598393735695064,2.5739442701595387,174.14603778575403,0.345179737503813,0.095222381223221,0.2754051593684892,0.183329258322669,2.0453854020699653,0.2003368701998118,0.5431513480330115,0.0100248911935928,0.2241616472983076,0.0558526130252127
run_0065,8.416470392894785,11.013369867608208,2.81102950744393,72.54277765051486,0.3829026449975343,0.2820268151257486,0.2937633289021682,0.1097369096140868,3.6280606202944,0.3626117754364839,0.8063709066333884,0.007551348116732,0.707034135337323,0.1877288177988489
run_0066,7.807669377353266,11.8702402335768,2.9543519063925054,265.52665203159694,0.2577123658209909,0.2653834062330096,0.1005143946597771,0.1918897309994766,4.159149804574704,0.5940599962570638,0.6093682941036976,0.0043648625255986,0.7821704614001417,0.6939396723312782
run_0067,9.522207755835153,10.055698813063051,2.5841206380566546,189.7476338635078,0.2747230761891481,0.22178503264996,0.093176897863759,0.0582367003975628,3.5432084850771943,0.6285371663376494,0.5961376274580434,0.0045401337281984,0.5485142023619992,0.4403757967980672
run_0068,8.7435104069969,10.925516237811443,2.4798179942967575,137.720162010851,0.1181833961930008,0.0351549390794132,0.0455577762137293,0.1804746741617126,2.4326732071714883,0.5631413592288255,0.4922604735501323,0.0073518088488092,0.314566712599454,0.4887589846202068
run_0069,6.0660935889501895,9.27250926936687,2.558533675034388,230.54261089439672,0.395012022309081,0.1061306420860796,0.2827056700870047,0.1431978994012752,4.157224780717887,0.5643479676970213,0.5635604957604032,0.0106447975181511,0.2478638398680289,0.0754063805276923
run_0070,6.740022792202961,10.40454507639389,2.4609775156101805,185.13562332653748,0.3162770684316811,0.1960465034505503,0.0891320246015504,0.1675052398644788,2.605280952278698,0.444051385742376,0.3571131873765035,0.0108298703877839,0.2491722276156482,0.4703940226944597
run_0071,7.378152433367814,7.285686031191239,2.4175082959052205,354.41958442093437,0.3697009947252383,0.0815892700240351,0.1637649147451872,0.169461465106054,2.4692290368799177,0.4137119183224605,0.821510315156091,0.0074823388993463,0.1528773516424457,0.785840421752696
run_0072,8.152547639743233,6.592616701709535,2.7367020146096612,279.79205483579113,0.2859290824040861,0.1003422411412794,0.2126318090330523,0.1149581626273813,4.981776002472152,0.442538498109673,0.8243879238780181,0.0017565270202136,0.2151876293086094,0.6516251906905386
run_0073,8.996016384567005,9.997405758565208,2.89930200128436,262.7455535493952,0.2332078696600501,0.1701718813541592,0.1566674920091884,0.0438767016806086,3.0227201802468677,0.4638200543662445,0.7654473197544747,0.0100920110252019,0.1642532446542252,0.6231764641009283
run_0074,7.9913152751334,10.594775529995308,2.5288679849675297,47.85735473670379,0.1452862414481411,0.0747182139611437,0.3237309783675192,0.18160202357715,0.8314584904647804,0.259918363289332,0.7766406570458224,0.011060720167176,0.3285987793595114,0.0598766598113869
run_0075,9.652664301682304,7.970611911589625,2.8118174542423193,353.49504219067796,0.1280074718850101,0.1725921632006343,0.0484145718770948,0.1381357603712472,2.676261634026604,0.2853246522246891,0.6750141232594543,0.0109406446673441,0.6508107125741405,0.474187260921543
run_0076,6.6993590176766435,8.004071614827925,2.9707800971594507,294.17662301026303,0.3624965158626479,0.1990219910903104,0.191095295012835,0.1789470283927788,2.733167719938568,0.3050160156251411,0.4248438046871558,0.0025217278137939,0.2835594080592856,0.1382550878719537
run_0077,9.89273559499977,10.414997666199124,2.90422673849977,188.83571906965403,0.3103114188250753,0.1657527181815645,0.1345285417800007,0.0355792258050509,1.80639419882002,0.5688093524770093,0.6988558177107174,0.0045944895129301,0.4660159208033478,0.9541775904028204
run_0078,8.669421359727796,8.969226574770893,2.6653242115877713,355.0662031701195,0.3836171715086809,0.1456016718775708,0.0952226573881146,0.1666390685456306,1.51608423523112,0.4914159675078676,0.7044607467492958,0.0032338845437357,0.2462515848254594,0.3151128320494085
run_0079,8.733768591665381,6.61982981222953,2.4156004171454963,277.7053336518185,0.1143769054626133,0.2677486939517807,0.3326743038645298,0.1693213744256707,4.603140275594381,0.6332325898408522,0.6608586007447956,0.0056101509411435,0.5850052787467053,0.5190575754702468
run_0080,7.848673093485542,8.960664465592858,2.536250241214523,122.18825585159854,0.3055864756907981,0.1520199331853589,0.3104311255007744,0.1747598145230166,1.657529357856775,0.495751989498618,0.5412001734272327,0.0055621594732855,0.1461666803195637,0.4691360783505156
run_0081,6.044046671843567,6.023045020837113,2.4343616373342485,61.66354015353322,0.2064922871268165,0.1796975216574725,0.1650175826245513,0.04745019093191,4.891152547841908,0.2940446923033505,0.393775000200588,0.0052937314987476,0.1154879127271165,0.2415993052830786
run_0082,8.969017485107218,8.334320906941391,2.8568568273911765,247.70176761966135,0.3939855857150542,0.010557738799302,0.1628757509978429,0.0398235857443821,1.7112891050870598,0.5562498703139586,0.7027691050020917,0.0115557395686528,0.3061378065774021,0.7081738711967671
run_0083,9.800353745365168,11.981495997454267,2.4578559408795533,306.0250558247483,0.2747765313085075,0.1871118534438917,0.0758918800196147,0.1639861881726446,1.2464715888123288,0.2590655506109734,0.6203227644122028,0.0076728621909706,0.5527235374884633,0.4071248670060259
run_0084,6.801070640724285,11.767896286979331,2.5070342432350565,163.9424917185417,0.1372372763784143,0.294762757999535,0.0324610278681069,0.1620782523203229,1.7551317723259467,0.3192942230942983,0.8347804480129577,0.0102620528634845,0.2032019760597733,0.1066732300871531
run_0085,7.979102540985597,11.45282124546991,2.523637474740284,42.84439278375089,0.2584190711561839,0.2052871164015399,0.2246766203378035,0.0310276729814859,3.5482929244785604,0.3578163187173048,0.3076300738047571,0.0118264700017733,0.6016100085763065,0.0036447336141286
run_0086,8.645946844470005,9.191851622588562,2.7925195324642633,245.972485426388,0.3113109723016986,0.0937492948673393,0.3095768395732058,0.0550464719089575,1.636721431557431,0.6344036576297857,0.3455187909715514,0.0118761294484107,0.6140398376335024,0.8792179524314764
run_0087,7.004646695234981,8.198801762367243,2.958899679760493,195.26179011500864,0.1442658232753422,0.1746262878393318,0.2729470564428102,0.0564654249236267,4.0330130925253975,0.5591309770608304,0.5304193374168472,0.0117026728231929,0.30922468760388,0.7877071143374227
run_0088,6.837609026980836,11.583961418972374,2.881435772313199,262.4221517452922,0.2358689522260539,0.2710837035650305,0.3483463775263843,0.0121722042576322,1.0438934080389402,0.3971699006991006,0.6520917723940446,0.0065051960127477,0.6014249206317743,0.1528675964113392
run_0089,7.088779029865316,9.734383829106982,2.8284334903640813,28.45266000823448,0.1974850253414234,0.0201344265713381,0.1658687594538069,0.0880311409206505,2.44614386517516,0.4487869044205174,0.4305737185455186,0.0036244910512796,0.6447658788155899,0.5260016613942404
run_0090,6.069911649794111,11.182796205107442,2.784502818999319,60.30924381023171,0.2133134708562253,0.1036981023100105,0.1699223195560304,0.1135520297563294,2.5545528569515596,0.2693765819809323,0.7803087345814363,0.0075759059720133,0.7050108662414057,0.2627076236485975
run_0091,6.025743894778905,7.847036743120764,2.9123420375032665,39.76140897376073,0.2230200783090503,0.0869095469809115,0.2347292156713767,0.1141761764091501,4.795393810092257,0.6868417127044637,0.5064219691825533,0.0114063697120918,0.4701629778071643,0.1483353687702011
run_0092,9.93309790699963,8.182296197308714,2.457461454626565,111.121424386233,0.215416840146493,0.1614784962457293,0.2067813187440635,0.1045840336851818,2.5155012564866768,0.5247084843418965,0.6042830658593564,0.0091103599680866,0.403724911359604,0.9002186637947126
run_0093,9.304488920915054,11.675227732912964,2.997351963035423,319.51304912526746,0.1293103908206389,0.1437380025894462,0.1528789564015724,0.1401551756103529,4.530875782058044,0.5295190248998636,0.8332263067425749,0.0111199745966063,0.6494865103002369,0.094159790597165
run_0094,8.300874663972337,11.345920402688382,2.519476962011633,137.54661383932756,0.3117255373776342,0.1861074651711482,0.0386491106198143,0.0506802682773131,3.6553054962598335,0.3982803090950543,0.6454880818237326,0.0025863920714915,0.5962053803741303,0.8479197058437076
run_0095,6.3624501841932375,11.842510228563462,2.491939053622874,295.7462251283733,0.2198554630131667,0.0400359318923531,0.1494445134899256,0.1850285440940413,4.185455890408224,0.5956563840158877,0.8831696681502195,0.0061710397040376,0.4456313827570233,0.3457178036598204
run_0096,7.640035711407364,10.540178365708517,2.6863725061843,192.17340281378753,0.2961373571061019,0.217767832132939,0.0903583530342571,0.1433004168984722,4.925902766017396,0.3874240508453975,0.4062376997230996,0.0012033681630445,0.1806678398946815,0.5877681621426593
run_0097,6.248619746460843,8.117509824899551,2.4462995007777613,9.112187878582525,0.2428571927832745,0.1170041862235684,0.2220374693304575,0.0177403861650716,4.8126499145540045,0.4532150940864551,0.6122434577090963,0.0115966072240706,0.1738161164477432,0.3105263401021352
run_0098,6.5131900118770085,11.71557309119248,2.5812076748630672,338.2054676495995,0.3891022495798097,0.2430336456824225,0.1256469369044804,0.081589242518471,1.4479947396489603,0.3707410252784981,0.6883396197746132,0.0095195355135176,0.5669144523659099,0.8944798003855788
run_0099,9.15658840599274,7.553094705399909,2.5008291032539782,258.1118793457723,0.2894596188846984,0.2299885660171508,0.1249184055378839,0.1847943166879548,2.887747113904914,0.3502110605822564,0.6016395305541073,0.0055874634032816,0.3521513931602578,0.4288013833492636
run_0100,6.815109967890292,6.4708106484878885,2.4375093743035916,217.5640822466854,0.3555715954762491,0.1719235231412331,0.0644932893558301,0.1075560428249186,1.4806786636149476,0.2700730390263996,0.5829509942462523,0.0031011325635279,0.1749552458705691,0.172528308824361
run_0101,9.807746129486418,10.284612634304498,2.4898362972917756,216.44217079288563,0.1171151617635519,0.2098140884462962,0.0809479637725054,0.0198341208530001,4.104441551898406,0.4271534146356942,0.6061915202911283,0.0031538467123707,0.1367185863676621,0.3184612819573698
run_0102,6.658440260312256,7.60366178132124,2.9817207946534365,8.169800218453087,0.3002447236026724,0.0452121591155089,0.2955290542836353,0.170742305077683,4.646740721125082,0.6753710610809279,0.648019146920508,0.0079796254399854,0.2749172738476158,0.406475441178125
run_0103,8.091692796334925,8.594810014563892,2.7800414627276724,54.97765745135332,0.3232131326805557,0.1251971032618643,0.1763482766970363,0.055770822611097,1.9386187743965853,0.5923455527728736,0.4215407589512422,0.0102732813629114,0.2314782347284852,0.4989547104707322
run_0104,6.1535481420841665,11.485686475302971,2.9004162919044525,286.31190423197273,0.3490343840179503,0.0872066308796352,0.0868827935748049,0.0695345302586994,2.789428297041452,0.6230817866513287,0.3865695720759573,0.0109152424491853,0.4854473326271705,0.7224155634791937
run_0105,9.83212666061627,7.931436289262891,2.43866780629115,108.09042341357424,0.2475220675602835,0.2967363120273572,0.3392040415329824,0.1814754925851811,1.4352788107133918,0.6738805133548149,0.3844734701811856,0.0112406324583491,0.2782924651790976,0.8103860161138885
run_0106,7.644724782039542,9.158847499614154,2.772605583869624,286.4755790857777,0.1840154866942614,0.2027810436298812,0.2677651962419817,0.027686889713121,3.209438814167699,0.4855545607381064,0.3391715490409473,0.0083499913479066,0.3909003198486712,0.237184467278564
run_0107,8.251304652730328,9.772012411216902,2.7348984437434156,30.247094346748806,0.1881443631517687,0.2365733631437104,0.112455530018807,0.1810469525800994,4.740153196504457,0.6616350726338865,0.5300353514574563,0.0088719013788647,0.5532040956907853,0.8909007081682344
run_0108,7.172746350034432,11.817758190599424,2.820631593633939,166.45093443046514,0.3017333913612099,0.2066263732343692,0.1990124062481963,0.1721462216366858,3.865388208147527,0.2446176521614934,0.6534351523301898,0.0074143169968749,0.6968521448561551,0.446412409716072
run_0109,8.465284634736948,9.34356478522174,2.6177557722139544,205.33078265361723,0.108803750019407,0.1310565449512422,0.0424605860500649,0.1549980223213302,1.9359531435738988,0.6028797192245592,0.4740653366414197,0.0070073860542907,0.7867647244163235,0.3422758796834147
run_0110,7.0083588858347206,8.264277740786357,2.7700917568315746,264.7482559962448,0.1503298773190857,0.1619031512967497,0.1842108493435826,0.103313580832623,3.7120409217785655,0.5091817989174635,0.7292607329007449,0.00616208648064,0.668643962379907,0.9523153635793296
run_0111,9.16352800547476,11.72471053353054,2.5161209989957936,142.470372266498,0.3390035502364989,0.229114260019892,0.2104126901839332,0.1741967159339506,3.3349314631202667,0.452772847938361,0.8889625645536579,0.003934464877349,0.5227715960998517,0.7364920972222799
run_0112,7.689045598733435,11.806517056399397,2.566077791283641,190.87772987676755,0.2175171755945043,0.1999736911090502,0.1098073432207198,0.0797086081217199,3.734134689544185,0.246288040783194,0.5625015527359138,0.0022106989839098,0.7293385353475247,0.012842826028685
run_0113,8.175196676731982,9.587195744685538,2.7334181101805424,324.37101503624274,0.3259983038670233,0.1644892347416272,0.2691893513100513,0.1104938690024915,4.140690110387381,0.6517355136638654,0.7251152119430972,0.0033572841621532,0.4087580576877992,0.2106593352636551
run_0114,6.893616157677178,7.448473613260263,2.868956403539547,210.91235189208845,0.1151630072224447,0.17890469196632,0.0819273723501511,0.057517624981777,4.485005961584328,0.4649309481591358,0.6504106443341583,0.0036330447131705,0.437599515032535,0.7432837422033788
run_0115,8.661493930500141,8.469672626740689,2.540168445197031,226.55190275743968,0.1250747311313379,0.1352491041345121,0.066761800311454,0.1773357391006047,4.35321243667785,0.5757403389225433,0.3461376005778874,0.0109191459694663,0.4773665207422444,0.1859554789974624
run_0116,7.721209530692482,9.97575877259811,2.620988537037478,340.1660094443144,0.3315706756258905,0.1318855429258973,0.2275595947253439,0.1537481276303074,1.8927512699210072,0.2808273995113711,0.4479051038485392,0.0094402348610783,0.1191088259588628,0.099538326516137
run_0117,7.31550824882599,9.054810554261092,2.7741736280585343,153.7023981604598,0.1579797652891459,0.1287259184416583,0.3359948765181695,0.106475936329506,4.894392197614233,0.5213009848880934,0.839127718532583,0.0119460850366709,0.1286068891945824,0.8743629328031557
run_0118,6.175490543299765,7.496594885711831,2.612116860489569,16.307631396331725,0.2052662965788181,0.1542972326976762,0.2410601307633181,0.1028116639029445,1.295259922702476,0.4980901874149109,0.4053651284177485,0.0072083398608633,0.3418789115437569,0.4325745014399739
run_0119,6.726303238491878,10.526317016559602,2.5724848392034048,357.6838637628931,0.2831041299656892,0.1221402571247298,0.0419390053813986,0.1572378121404414,1.50396023945551,0.5927653721352597,0.8184814875102762,0.0116235732748833,0.335943162651437,0.9862362711849636
run_0120,8.432510458144368,6.639538482168424,2.6337751941414904,235.56818612231132,0.2141323234148641,0.1968704409132425,0.0951182828227406,0.1806669986923821,4.50317644686644,0.518151224540613,0.8466639325855652,0.007952477654373,0.7467136462312822,0.068631738391149
run_0121,7.13264405629491,8.707430728502162,2.8838434409298377,130.8968581934551,0.3811059060571556,0.0403453337318261,0.2580383477505483,0.0842915023998299,3.4221606935840976,0.3780904441117684,0.7507578201787086,0.0056035735418922,0.1279671672615973,0.2637938125428514
run_0122,8.100248921910946,8.10514784606842,2.421363662144808,204.05109903069956,0.2306530032190165,0.0101618881737185,0.2137760354418797,0.1414068316542139,3.1365926012579504,0.3528484092899461,0.8401024557694821,0.00228793722525,0.5822914422056913,0.7883899210544238
run_0123,6.700576164378822,11.125309430289091,2.98575131847654,354.5900622077926,0.3669477586174808,0.0733845604663729,0.2490824799139816,0.1431523385576403,1.8690151885958912,0.5387372798163637,0.4131750882746866,0.0111240831306109,0.4829466869087463,0.5556269660105203
run_0124,9.534228589658284,6.854352225628706,2.6152406121735545,74.19973141015655,0.2274631450385507,0.0989965417857362,0.3434955829033067,0.0274839410470723,4.803208964551885,0.5638411099114974,0.4371768015831915,0.0083010761289471,0.6076833531626185,0.6557752338794383
run_0125,6.3367191215757925,9.440395395073825,2.5137335823914952,195.51388457318055,0.2029975654582822,0.2683061016519621,0.2303770830637581,0.1811926271064463,2.247103925355977,0.2405195256233752,0.779900351085689,0.0050965697591093,0.3666258797427868,0.3529549993044774
run_0126,9.635759778739796,10.649786086397445,2.8860030530792384,140.74666961699356,0.3858801186878573,0.2508700480836393,0.2998557109647792,0.0263614303655659,1.7772750847836774,0.5040294562324177,0.3508084597416706,0.001206128311989,0.1704505376071835,0.6497763036241039
run_0127,7.3713078723541905,10.129597042642647,2.9039490857684704,63.21661708863552,0.1104608944327996,0.1491777379257811,0.0839474677607102,0.1777850033355816,4.505806577279245,0.5373284875326234,0.3666430771108033,0.0025835724043319,0.7052322414581877,0.8508461672668105
run_0128,8.595566755271632,11.19093329564264,2.79482706101318,303.78689654243175,0.1434146749291923,0.1852629740534918,0.1828599285923194,0.1449359231070878,4.366618295683541,0.5898441134075892,0.6374594760623348,0.0049726855274172,0.2411638373752669,0.3206587059388915
run_0129,7.329851858894522,6.610659483472758,2.6353772894603864,117.70439193294423,0.3611166448108155,0.2734010604183892,0.211429277724648,0.0339174791026864,3.4589575251887377,0.2436135504285651,0.6894718734944446,0.0101989009420916,0.3906752820211022,0.5236901403053101
run_0130,7.4181440587836684,8.92952456225576,2.4394414027385674,264.8516405465651,0.1270393727294053,0.1974745817013544,0.0265412007912401,0.0975442487990254,4.349164461533101,0.2798766233548909,0.7387595038395918,0.007545207900063,0.2772922982377397,0.550409557784839
run_0131,9.44556616775439,8.30671443738499,2.5115998295612223,167.68224978101992,0.3338846136128053,0.203613647365794,0.035557275773232,0.1854108516241585,0.8227760054366318,0.6422647309288088,0.7334497905001067,0.0100440534843026,0.5877858165732426,0.8776792193370178
run_0132,9.299175482807073,9.44472107084308,2.6246307962624016,120.97695746647544,0.359724968552603,0.1373453664935816,0.0250244188438973,0.1090851112819592,4.432529714102253,0.6489282768966091,0.8546248700739805,0.0100735542076731,0.2380461443404612,0.205503238738427
run_0133,9.182019443825816,6.190419680305913,2.5240082918369207,98.6652053021337,0.371060059981232,0.2542954402090372,0.1402891119690468,0.1565058804798071,3.915763275639068,0.5398900477393799,0.3576043136695463,0.003821582243168,0.7247828626162323,0.755600775827586
run_0134,7.665461738998554,8.054037449777798,2.6533358151476385,47.41906007257885,0.3790741745770964,0.2755476828094121,0.0653961475088221,0.069683828455055,1.4166995451543951,0.6274173307507633,0.3296618322114324,0.0059984620828448,0.5519023176923776,0.9617768588307096
run_0135,8.361544264426893,10.734721976699934,2.901133805662255,97.7361919179438,0.3110025457813995,0.0115693347953874,0.1592809206600902,0.1633988720511401,1.5642636117636592,0.6507362662527005,0.4495254818106124,0.0112243805209936,0.6177029227604024,0.0324223014403713
run_0136,7.632786867329609,6.151665935915967,2.77246714454363,145.4270765143752,0.1111295871624681,0.0529355073897107,0.18831070979155,0.1519130326033088,3.1207018012035297,0.4491126265967999,0.3863549881265256,0.0068783846525106,0.754619004814517,0.3496375915888765
run_0137,8.52880114638284,11.12114055486026,2.7652517809189012,127.20595105581434,0.2829284150635036,0.0425728483874183,0.1169385324174403,0.0124656334913126,3.241560353763514,0.5843221476630724,0.5687944686591375,0.0054305845181773,0.2978745967094925,0.0551947979454128
run_0138,6.940446703128223,6.912568440853021,2.691086488253724,139.48149641469396,0.1009787466333993,0.0344175061361642,0.2820350955186934,0.1656059575773235,4.09863046032616,0.6181362763995668,0.6682758209042837,0.0022640283316027,0.6922614545600608,0.6615371566656316
run_0139,6.777597303361895,11.1392112812533,2.4407946417122472,29.53350675491275,0.3781072106814879,0.1109182524798626,0.2132135093642737,0.0860028308506058,1.6905976053404823,0.6007573224597009,0.3409349029482907,0.0055755701412306,0.5792025737807683,0.7321930858720955
run_0140,9.154770526511625,8.077748239170424,2.882828447407044,88.5323556397645,0.1825390344960151,0.098439122490434,0.1110064106253553,0.0227443470498506,2.987207815777115,0.4576225424084857,0.5408063357181234,0.0053726679777895,0.3352934064339042,0.2038155057233498
run_0141,6.867650385227534,8.060341261223394,2.523160823314167,18.73033768794342,0.2098398780481359,0.285033789656514,0.0913228213158194,0.019084070950314,4.8281113834162195,0.2019395751005047,0.3235144018164191,0.0081944033123155,0.4824597370967983,0.411653536704707
run_0142,8.960025374760086,11.075548205138272,2.48217347931279,348.8986448653599,0.1276990396078376,0.0592896695507818,0.3365977628370939,0.0249383917854338,0.973701242959128,0.5746662382806236,0.4290462901798059,0.0022841396044825,0.1375050438109177,0.2547768052539281
run_0143,9.28609404967688,8.659047616230847,2.642065230340404,206.12068326211917,0.2226266102213754,0.0978494623496439,0.0501626878532507,0.0638946842761645,4.090600517735869,0.2914283515587715,0.8834580637228591,0.0099460740741371,0.749454976179802,0.5267390617826555
run_0144,7.533440727341795,6.539903869231866,2.9689156841680395,336.5327307594812,0.204902299750189,0.1269992432892333,0.1426477611797647,0.0240364120464509,1.1161412506217123,0.4764014820064579,0.862556909233418,0.0095559218929569,0.544314345587139,0.3322032422037789
run_0145,7.117956337216708,8.404454599869462,2.93869655062218,145.904169577017,0.2766849568902257,0.0941314910179809,0.3231968593092436,0.1137378844620402,1.405637117198096,0.5013090389831778,0.650914557723405,0.0037071684442832,0.7945286757322317,0.8770354186838645
run_0146,6.638037990377293,7.694872961658004,2.442766518671692,153.4415421982359,0.1491779885150188,0.227016238554588,0.0329645072897395,0.0931234581066474,3.405149733343799,0.4207893363445704,0.6566028296211842,0.0051718611082348,0.1623076839889742,0.4097625615817621
run_0147,6.463738157375707,10.688844835525002,2.909116375028268,12.552154305610488,0.2821743904140153,0.0487018482439169,0.2111561560429105,0.1216316399756712,2.880044932713375,0.4412572162120494,0.4163223493088288,0.0112712250011816,0.7391491642228668,0.8967758738227232
run_0148,7.701441025252859,11.844433573909749,2.850483033159338,184.5844698076091,0.2450535209400377,0.1751279599222604,0.2409135223965329,0.1942970483879933,0.9671771408091888,0.5019499541423538,0.5754959895193776,0.0080775027319767,0.288763815536658,0.7513682622859053
run_0149,9.857289564331758,11.56695341804386,2.901984974474951,239.3160283326351,0.2446958051651721,0.0406163697057392,0.0835695580233333,0.1368046860719786,1.2769098083158985,0.6256643374259916,0.3497883061867388,0.0013107796987681,0.1048566216809457,0.0138807667781421
run_0150,6.192505778254625,10.802607744559872,2.6757579167326937,65.17135668813643,0.1542090201849388,0.2534969979171567,0.13684654217589,0.0979706832440593,1.315882769649377,0.3507092858621893,0.7582442498295258,0.0091535671260459,0.4306877306290964,0.0306934452905029
run_0151,7.521971750533046,11.784216994792637,2.8097206277166538,314.99287916248977,0.3420837625837788,0.2959051639024994,0.0754929902476015,0.1488868830500477,4.938513354894393,0.4032017645658766,0.8116864137217696,0.0070808815774445,0.299031347290789,0.1208360380582346
run_0152,8.285820537444518,8.681924385158622,2.7686393657099533,135.04380310306502,0.1978013785351673,0.1821253637046166,0.1360680643547251,0.0677094767337011,4.342039378705024,0.5520565151403405,0.7536705729936203,0.0092893565020332,0.5543365733979811,0.3137828253758873
run_0153,7.546466248863785,9.930580803813612,2.4086074621132507,273.4327363960789,0.3404358487746041,0.1448508309690213,0.0723248602582991,0.1216161392639941,1.89692191773898,0.3842414551472679,0.4416689439151667,0.0035641042739308,0.180989156411418,0.4645715698040417
run_0154,6.62180423343957,11.957172228473876,2.497375746743522,22.132357568490946,0.1593327675868643,0.1097215440488636,0.3109361805605334,0.0374146152499607,2.973753235359676,0.637432414757368,0.5361318770613851,0.0099131571596935,0.7358352672977572,0.2722487439753324
run_0155,7.165164513427275,8.087227883060834,2.631149196202561,151.8926756880458,0.2806972105085465,0.2507629604181907,0.1981578211602866,0.0621717283257001,3.941060884300777,0.2227575571052922,0.6312645833937446,0.007402178238357,0.7563066522058094,0.9324289480370742
run_0156,8.41294707981873,6.3774900644364125,2.9025545317942116,253.514850813147,0.3446104826028465,0.1766152081490589,0.2404562822663364,0.1598564330716702,4.7359858148352005,0.6179852878656669,0.3154206431900381,0.0013860125433149,0.6424763654399537,0.1357438785144467
run_0157,8.401482885643702,11.155011226645389,2.9603643967898763,236.35133074247935,0.2893157907127428,0.053473033709118,0.2371724692937906,0.1305941746774079,2.236992069093068,0.6163893359962098,0.4688531126034117,0.005118927166784,0.71845008213208,0.6167723239392783
run_0158,8.358254936501703,6.9525528719861125,2.401223292708436,265.8442033111011,0.1941828971212998,0.0764202033327799,0.2354460323801801,0.1791651018424908,2.036154153737313,0.5616368874412913,0.8416751514959799,0.0082699547513122,0.5686855686156214,0.8283733461996471
run_0159,6.844589455181045,9.803798532966796,2.6180883746005414,322.80232851493616,0.149599147621364,0.2285649583880555,0.0920972215546475,0.153359764118908,2.8060281196195245,0.2215309331917435,0.8933590588337867,0.011090739114671,0.5296710795425279,0.1187314136758365
run_0160,7.087406263028985,11.288818107773432,2.866089336485779,107.95418112336708,0.1387921118062805,0.2788014408663201,0.1105949418391332,0.1751454395276589,2.1830848769473863,0.6699136541517077,0.4726398283101832,0.0105052547670253,0.1779173962152782,0.092706240253722
run_0161,6.006067594749264,10.516434059657646,2.7261270607270447,160.95713892763385,0.3710411921977525,0.0756227806636369,0.0772115232587213,0.1623812623683174,4.467737409788561,0.3049768036364683,0.4645313972475861,0.0091723038991433,0.1991369681539022,0.4392461615012691
run_0162,8.888553137263246,6.153391914519364,2.9926113155948513,36.249760920734424,0.232786814455684,0.2310028440247893,0.28502127875973,0.0901765391314101,1.8194320003767248,0.4759459326725506,0.6360418962327655,0.0118589338127313,0.3945529221323387,0.1639059478859393
run_0163,6.69332195274816,8.082888666916379,2.7773386921364365,43.723155069839095,0.1295667956862659,0.0182991894993108,0.102805033323768,0.1213122304033741,2.261658652628025,0.6795729538783102,0.5188168433987359,0.0076368080433301,0.5930453061995418,0.1199802381906548
run_0164,7.3005430362661965,9.434870474324828,2.875498542798667,345.1086908841851,0.2399576689364276,0.1772203070580795,0.0717233584690235,0.0734138257012917,2.4412841135124372,0.3431688390832224,0.8959434857357444,0.0097811286697357,0.6650406412419857,0.1760509399597494
run_0165,9.514009981165351,9.839763770130352,2.632984594958202,184.28747288476197,0.3309471819289112,0.0540383164123104,0.0384591377161106,0.1389374127749249,2.8044577936400588,0.3475201886044456,0.4070902222670259,0.0118401316209277,0.3700588542459744,0.866959861339798
run_0166,6.97347454080717,8.604041910770771,2.6102373121177544,25.344338806545824,0.3901639538996807,0.2976077902478349,0.1693681787767045,0.1294742101485702,2.610563799044221,0.4344653548621393,0.5530714822062476,0.0077392063098335,0.7646961172459009,0.7438152141968216
run_0167,8.106864508801813,9.21579258016498,2.5838489042735664,161.9875551307561,0.1909408178662002,0.0911582313045352,0.0984948913903438,0.1228536921634908,2.1547886496191424,0.4147911174504722,0.4262733213770849,0.0045088693392144,0.5861302989154563,0.9995731849134266
run_0168,9.209530593021896,7.270355180046425,2.457172126739046,179.85680540527883,0.1336766652547794,0.1455024041781041,0.2380392725598312,0.1036557376921088,4.330455521728633,0.534737062563599,0.8662567053691281,0.0033271251584683,0.1347671751120385,0.8576573926903169
run_0169,7.695473365435487,11.227744275625916,2.4943900256809504,33.74614022217156,0.1572306658104784,0.0421425997389778,0.1619378594004896,0.0133961689752927,3.577533400781542,0.3919625146305164,0.533438368709399,0.0108911883433449,0.1066031747510421,0.8986530703328954
run_0170,8.800304667064005,9.497287392983845,2.592854819821699,164.5184488937159,0.3171929124491716,0.2394244735544959,0.1132395822210432,0.0243407363693647,2.6779290509859326,0.5847320344585397,0.4450223601525289,0.0034983415859466,0.2251742784609563,0.2024945326394446
run_0171,7.494809621295749,11.22002626611558,2.7470227147731485,103.10589157010632,0.254781411116087,0.1019944879351144,0.3370655776713539,0.0445047342704688,4.389418546125397,0.6060268646263012,0.3276582681904973,0.005932140031043,0.3357054429082935,0.5638512940204532
run_0172,9.655340429240898,7.24820416689231,2.42469543122848,172.6245737256148,0.1639874631194922,0.1196870715518636,0.3172583437442636,0.1578098077295352,0.9402029258114942,0.4028680909098489,0.8765797877084602,0.0023588769593888,0.2060066547113198,0.3409010096267915
run_0173,9.732469357552125,11.147709196374633,2.445629916570115,338.44937382526996,0.1983897068714337,0.1061796821761135,0.2887973603618971,0.1475830518038897,3.4568607845097725,0.6550704123592067,0.4789241471114187,0.0029782264517478,0.7959059542183595,0.0230215142076846
run_0174,9.132824956438942,11.596006965394697,2.62636886158734,5.083898254246247,0.1658503498911492,0.2978017435480101,0.2916296091420806,0.0128937534129268,4.442489111665751,0.3731071075538733,0.7280852777856828,0.0061897764794901,0.5509459576082771,0.1182074043243475
run_0175,9.428685332076462,11.712839351912994,2.4364075358389976,323.67775623202994,0.3627062859047973,0.0106470613889321,0.3487639930803057,0.0664203866301584,1.3622263712644769,0.3498681500548354,0.4803381038353794,0.0089437652164404,0.3778683571725348,0.7682038625247778
run_0176,6.177556524024726,9.567797950320632,2.9379517677442473,321.0131778709338,0.1311112956085372,0.1308809042407344,0.2064399843715612,0.0690079097063875,1.140781027304969,0.5588700615850759,0.6538895302841256,0.0084632229114394,0.2112499474095358,0.2114034874052303
run_0177,7.781253232913483,10.44616756905877,2.8177484539815425,316.03772877061334,0.1127341374793807,0.1126109456989325,0.3344299437717229,0.047583582434626,1.7517777378073531,0.5620493237559683,0.5813667537690904,0.0057486523713605,0.4867643163778201,0.7522989309625482
run_0178,6.689898111821994,8.229230091929226,2.8965349001155283,177.20601453950238,0.1588671620319484,0.0718842975400974,0.0986418392522239,0.1168276329963527,1.3270288566302006,0.4198292462608877,0.4827148511190592,0.004399939672303,0.6518529806509265,0.8574733374575334
run_0179,7.206119297174924,9.93918881182536,2.734040275404086,281.04438286589914,0.1305306099908934,0.2618041340217706,0.0963180896291615,0.1254158084746557,1.24891126249198,0.4780408398133983,0.5855562503097793,0.0054977531574144,0.7627079850792372,0.8723924343909608
run_0180,9.929673586630564,6.826310051274906,2.4244895720187007,51.90729132854872,0.2663631691989387,0.0175181059959419,0.1925515670302803,0.0800242634530948,1.957458916074995,0.3510921785206735,0.5338139560027604,0.0047529843303703,0.2982083265570737,0.2139917588997019
run_0181,8.634083814841679,10.705243188715604,2.980265560248179,192.53208926896895,0.3018981404179126,0.0859060884743179,0.0757800816056111,0.1258584860176104,1.1982865941862595,0.3339375434780475,0.7825417365376508,0.0026149359702316,0.1574105238409325,0.5944135363461165
run_0182,9.303360668864746,11.921118118587229,2.897837007247129,260.19012955374467,0.3799534389301864,0.1983622497432667,0.0722411515736072,0.0731091867009207,3.897447415573689,0.5651844028818165,0.657160884081601,0.0062248295286633,0.4501338156888063,0.0976608446957991
run_0183,6.580506536570324,9.376450276485471,2.4568188166005065,193.78870825476983,0.251043812045124,0.2124055069809127,0.2285060631623172,0.0413504222465393,2.385466813197757,0.4416106041257934,0.5838746973741353,0.0020404527384459,0.6839591782845721,0.773690042009908
run_0184,9.322606550109452,7.0144231012509195,2.456063313138839,57.79328720467052,0.1562460973894672,0.1947537510361111,0.156450029680684,0.1549515103198975,4.2943918222926,0.4963886858236159,0.4984996922319847,0.0105690870389868,0.3938421184437186,0.1032988145584139
run_0185,9.374464677934602,6.58532060908179,2.75980422982447,269.2576061300292,0.1938556913807935,0.2920375688469593,0.1943105806448862,0.1093313486952578,1.37552074029961,0.3460123337896326,0.4036766390468853,0.0115453293171154,0.3315401390405761,0.1361232697302818
run_0186,7.147936837338614,6.2755675285532355,2.6425157403589368,161.59814059276025,0.2602500921551096,0.0972390726755181,0.1467309200968042,0.0226521703583718,1.5423650406198557,0.4990567762282262,0.8501186586341296,0.0061177815712275,0.2367808812818478,0.6335695569157396
run_0187,6.112353864766863,8.949293550994772,2.5869367569056325,342.7272726728293,0.1023657495652552,0.1394948854778346,0.1809071778564052,0.1767798629670277,3.302023214818467,0.5884143494108374,0.8909134340979117,0.0049421727711411,0.7320711502036901,0.0542517175514264
run_0188,6.1042244766485725,7.135109544092177,2.9884437073101733,213.94285327471488,0.2508303397560524,0.154099654784602,0.2234412729199561,0.0387661536184882,4.8850950922108725,0.6470600037471259,0.5440275392873917,0.0013802539049377,0.1597481323766423,0.1080591913893785
run_0189,8.854541179080801,10.452603750516715,2.9188006260871417,67.8876582569418,0.3641510351705923,0.0892540763860939,0.3097302387013971,0.1440692649228458,2.707948972652005,0.2832682627500669,0.6646816722211282,0.0103303899374604,0.1290129201750531,0.0948871124029668
run_0190,7.220318607658933,11.137810341831514,2.8933817747731756,24.79572341672569,0.2761762584498554,0.1151531565406041,0.2660045358308617,0.1536333391289558,3.085692876464396,0.4396331816580269,0.3880157154448585,0.007889039983722,0.2724104743127013,0.5172640596437852
run_0191,7.152836001742488,7.678497050366904,2.8810583566646937,148.35278964420755,0.3506881528013144,0.2824055001183437,0.1391074062184037,0.1601139031864445,4.142877666368714,0.3843543293845672,0.3533144064019202,0.0040374345522294,0.6466164251347245,0.9161642982379136
run_0192,8.385489750687885,7.67246656870971,2.598015406059625,190.73136464307785,0.3380686392271055,0.0848218930357254,0.2671453367370691,0.0333542427271762,1.894478717738976,0.3242419626512248,0.8572820094348903,0.0117862109664467,0.379408936725534,0.353733629786331
run_0193,6.473224271949835,10.989563109160589,2.9553871324788155,80.91568704246919,0.1492161273494185,0.0924716575374162,0.1481473113797617,0.1292589336423883,2.0642588118803262,0.4599381858566733,0.6782250988863199,0.0025117327563362,0.2508988027556542,0.2048868012297943
run_0194,9.98899364294655,11.499027382565991,2.4026963577297233,41.11983250370806,0.3921231566435943,0.2324579201304205,0.2163672667498226,0.0840610175709045,3.0634473302407423,0.5455647961920911,0.5979645873272437,0.0017417483517357,0.1789622900241041,0.8535535475023187
run_0195,6.199994585452648,7.184103722788132,2.880733487314484,145.19986310526122,0.1020591932216233,0.163488294564689,0.0803830024949321,0.1289846856021088,4.9292159385652425,0.4801061762618428,0.7289720672007425,0.001462855752622,0.6123387577568794,0.5316175939996944
run_0196,7.409278869778449,8.190651715955832,2.4680381181289786,240.6264008213348,0.1369754461230674,0.1361452242778687,0.2393008891824478,0.0937212188360424,2.285041494695559,0.3192298036590155,0.4569353766871685,0.0028931136553777,0.1339956104965025,0.5631507857227106
run_0197,8.028651693865411,9.868424720299966,2.5966041638326525,29.174560260378012,0.3552849216997875,0.1259542141507123,0.1853757260667906,0.0989252435086653,4.734464942521401,0.4073311638823309,0.3510476639806487,0.0036125494986355,0.3494933761397727,0.7656002436971409
run_0198,9.084225154203727,8.813853373869447,2.9643737728319444,144.83614944218465,0.2115027104812794,0.1937854630115743,0.3023452918840359,0.0625221539706096,4.514654410810513,0.5367241692855729,0.3469086629879596,0.0014600672403173,0.3942741782966279,0.420654057453647
run_0199,6.100626300868467,6.238382495122929,2.53081951265494,103.43062543834051,0.2698246205543096,0.2950591047858498,0.0523422774472187,0.1941110974956859,3.3581221437457955,0.6148550838201724,0.3115119701807018,0.001317056907478,0.3125621801736097,0.7206148023084094
run_0200,6.556003543037765,8.506522611248998,2.5829816087802677,310.9327455688684,0.2123321463775027,0.1203095090686843,0.3410090732644128,0.1128155521620508,2.847114002939855,0.4439585617632894,0.5660865107272504,0.00951469718035,0.1914572731014754,0.7339800267671911
run_0201,9.773943415388723,10.708323977110574,2.540915239679614,276.01258925692224,0.2158848093736478,0.130651119678465,0.1954157310350687,0.1425554811899983,2.647886485945601,0.4787610348664527,0.7275057727596275,0.0113744350895404,0.7683371756349529,0.6248900032803364
run_0202,8.814374967319504,6.567790937708559,2.4965334137881317,202.41878124705173,0.1729805801593275,0.1864901704702539,0.2564513752387957,0.1656438990833637,3.5832353624126174,0.2826823824801543,0.3334884866220511,0.00909024885743,0.3667745706024657,0.3397835008924151
run_0203,7.977123523285825,8.285263931205199,2.712837171815562,89.35419205267758,0.1358151170477194,0.188340689716523,0.0697252800449031,0.1120892354037314,1.7190015052738117,0.5071421704296211,0.5490554865529775,0.0022577353970723,0.6310346873260598,0.5050302275796102
run_0204,8.51867826360815,11.72870495675647,2.801175663083056,191.61757847344475,0.3268878359093338,0.1346238339412819,0.1476358701205934,0.0839950962294533,4.501428810788395,0.6527190357797177,0.4903768675579333,0.0077179368645333,0.254724251086578,0.7019818888344773
run_0205,6.714757083186996,9.03162679444005,2.500793921661539,80.05508132833103,0.2265822272121468,0.1732385648488689,0.2862553823354375,0.0274418758981386,3.2978890172736737,0.3797497525015184,0.8312514391918115,0.0025504853848791,0.6745076143102581,0.0488354625647993
run_0206,8.17890320452793,8.447334530093476,2.8850927311937737,8.290553957771355,0.3416337537818217,0.2115316054815455,0.2232261861406921,0.1882217787302206,2.564802913495643,0.496097427512074,0.3063039905395444,0.0106630135867689,0.1857589246876102,0.4298979934267229
run_0207,9.604753856992875,9.640739749304092,2.737384814455957,282.0723762008737,0.1052276158407339,0.0829354249933939,0.2794133921775726,0.1308733663841305,1.711467395863885,0.5612355997374052,0.8127231406911226,0.0069973770373805,0.6048034610923579,0.9754254079080568
run_0208,7.080933225138338,8.151979458855823,2.6146631258077835,109.77210266794091,0.1350633821387371,0.2826211130453059,0.3158693984636647,0.1010376581025481,1.0331012809233195,0.4004981292509733,0.7085516862951541,0.001430792206345,0.6109790032078951,0.401205105008072
run_0209,6.8126319997928775,11.668235560955658,2.9377904445890937,182.5744891867224,0.296260855835798,0.2918498926100464,0.1748959904741674,0.0197012188143718,2.9300996501000505,0.6648820521231515,0.5120035247691392,0.011460527625848,0.7558143805035343,0.8344944066234566
run_0210,9.02402674816495,9.536332553243614,2.5944555372171942,343.7696439212751,0.2241574598275592,0.2986343497887119,0.268859784079577,0.0952341566727878,3.704388843843168,0.5612811763790873,0.8603539266399158,0.01069222821228,0.3295482185803433,0.4765433094467189
run_0211,8.394964242848662,9.70399085673583,2.9678528923507996,66.77787436412778,0.1017628079512508,0.1827074670908242,0.2353079448937557,0.1496528695977637,2.906088400805645,0.3173519553141236,0.5852228548577908,0.0024325138206182,0.3672878407900528,0.3318582672248783
run_0212,8.03085230939595,7.436450045514391,2.4844592599689084,103.20285379229207,0.3840807726890226,0.1995250638307228,0.1056803197363387,0.146817144842671,4.9104267985956955,0.6235724997646943,0.8880851607177023,0.0109226869505661,0.7819352380977336,0.1538608914241393
run_0213,8.64380098071427,7.37518124814165,2.822680094158869,56.83656717869588,0.3854408939223097,0.216835411299594,0.2362239450546967,0.0499370113046538,3.979839183225187,0.213794529819807,0.7262071369475587,0.0010354807500701,0.6710029462339698,0.5762635564089229
run_0214,9.41068977221715,6.062369738628529,2.823606227028124,350.9823456311236,0.1421756168288195,0.125768856081892,0.346060211103581,0.0670241608749372,0.8187225901190782,0.6618063955413878,0.3442230044333271,0.0029133908732488,0.5966221730529178,0.5471245818332818
run_0215,7.613414128186992,8.358332094447698,2.775671378093691,20.21432575595081,0.360208209092105,0.2726372030447418,0.3215709260012663,0.0446663018157348,2.5234150584517927,0.3779413319336346,0.6958820249596799,0.0061769171703983,0.4277840150965011,0.0957146346969398
run_0216,8.695371690223844,6.920576132198739,2.5811199199053187,80.30525754577644,0.309909637455677,0.2471651916423864,0.1118091402779679,0.0692738765439167,0.992666828715363,0.3206924742114856,0.5832043906313495,0.0062266164577968,0.733283774922264,0.6384975075173528
run_0217,6.62363137999582,11.99809337612108,2.8252860842020553,59.95362953093777,0.3089852913671288,0.0337151293094434,0.09085320381615,0.1316023365892365,4.091831940268127,0.2208393685280278,0.6765244006154816,0.0079231322893588,0.2764397047302168,0.8019512276466134
run_0218,8.214703103658824,7.002651485534832,2.8162156181342244,26.55080373525254,0.3804073979350112,0.2166030087622269,0.0587649697595713,0.0269793595623241,1.523244663384677,0.3448895247315637,0.5933266572472543,0.0104166445486732,0.3634191273558974,0.037776984140385
run_0219,7.857180597846902,6.70145417113417,2.915180511895371,95.4992775127916,0.1635975614335161,0.2621602180131578,0.0892174384131157,0.0644612618613612,4.7923749070719115,0.4100232981865986,0.4552987530880846,0.0069091397272687,0.4469869172667781,0.4128663501655947
run_0220,6.625556095497106,6.0986582782355425,2.961402205741225,2.3794345816144595,0.2875358570530725,0.2610941400703082,0.1647166452742993,0.0921319066530468,3.795551691733495,0.3822702282180078,0.3330375530537178,0.0104274616791778,0.6135024081652025,0.1375177093977818
run_0221,7.171069000005662,11.4718575795077,2.9330749313903555,271.549750294481,0.206911346936309,0.1771603586142526,0.0490576043866423,0.0945314351391009,4.905585303528138,0.4388097902899197,0.4573077162983624,0.0016122818957195,0.7004839839867193,0.2256767864809708
run_0222,9.371626615763438,10.731186883702392,2.756609461998012,107.05406642778716,0.3341933255802709,0.2398748149358804,0.3465141639257691,0.1073149176077043,2.695965064549302,0.4865816679231494,0.4145188167914414,0.0105244994021282,0.4611432370227697,0.988333811432482
run_0223,7.217337497879377,8.923637462964892,2.9552428741486,182.3052586434914,0.1714687392142505,0.1918113127763228,0.2988630542362018,0.015800325023043,1.744103729194505,0.6070247236717123,0.7565705050226623,0.0097172637330494,0.7713975208928702,0.7701194892135093
run_0224,8.72231388351807,9.8128295469648,2.588466927883513,95.6922230280966,0.3719044993550977,0.0553599115314052,0.2019631474397958,0.1689289519590147,1.5857632831693231,0.2378401263911273,0.6573794758667215,0.0087950855558404,0.6348495479302244,0.3674081039650719
run_0225,8.62799835076633,8.49420441453287,2.691493842408203,186.0977182803989,0.2783220791868844,0.0301068963496934,0.0589510870772309,0.1190545932457977,3.351676344864853,0.6449219743126615,0.8628053307907579,0.0014841959814541,0.7401001000511855,0.3226425378485519
run_0226,6.364798390221746,8.031928058780684,2.699071142699996,245.4860591858458,0.3207885042007824,0.0358674005402435,0.2604646789501745,0.1400861614689225,4.078707400776454,0.2960038537396142,0.8439965965337486,0.0105862790013505,0.3345465480397002,0.3388176608548106
run_0227,8.917991272756971,7.615478297467318,2.449518895499737,84.7336804763049,0.115526273024042,0.2338548023512715,0.3127781249408541,0.0547373482300622,4.339073277097481,0.3502839813823144,0.5390570103482243,0.008951414247877,0.3029317396863243,0.4999865721115367
run_0228,9.812893137260223,9.036900233489586,2.8336056367557347,106.1301503614856,0.141466748463109,0.0125963556005377,0.0740499256457075,0.0277714795111424,3.3226008337295783,0.6655193152260437,0.6465249959146502,0.0093399283406059,0.6705251164731607,0.8622916479484587
run_0229,9.93999276751043,6.647812286652462,2.52986715380229,345.5828363784271,0.1855972446413724,0.0228033157329691,0.2024840195689274,0.0775839297389372,2.7295924840334305,0.3623130245994629,0.5674935594242587,0.0048609285365823,0.4292517939828135,0.2793346997229294
run_0230,9.559451508929564,10.584564389540438,2.920272022080722,307.4948006345257,0.3459791492382232,0.2877028640830926,0.1951899589062296,0.0542514904197842,2.867139002746409,0.396379122089749,0.8824681949814432,0.0080888833226009,0.6111685935034542,0.8629500340955139
run_0231,9.195671493225491,8.822602361057175,2.832913767516279,226.7487243557201,0.1629467193514606,0.204978298312087,0.2533290343026585,0.1585265182384232,0.90096976421224,0.4774250187735429,0.5375655495976704,0.00536394079851,0.1747790620528735,0.9935990465832548
run_0232,7.020241153182177,6.814582279467279,2.4075085922927744,94.76045765885802,0.344159361940992,0.1397040985502751,0.3457689370774845,0.162493619889775,3.878386986393206,0.4361728128778742,0.6409304050358986,0.0036727636368089,0.5042222390852865,0.7001519418211936
run_0233,9.735856445813878,9.832568751401258,2.9146983913099738,65.65894570656783,0.2009216831653204,0.2603043053624088,0.241457874393613,0.1227516829244906,4.052984669439734,0.3406013093741312,0.622007501878391,0.0017110954049202,0.538653558388376,0.6855900944459072
run_0234,7.355033062697305,9.913399924237456,2.4059028518992607,345.041053633119,0.193050303971361,0.266790126554468,0.3324052093041989,0.0225310481628776,2.0763994729696225,0.3005903172717756,0.4723114570109386,0.0104136841979785,0.3274684398082287,0.2307833130417703
run_0235,9.911294510256283,7.659838622541432,2.48682629201754,109.53151816187932,0.1530269526876542,0.2837648869513472,0.1556896021889731,0.1483677869417562,3.354693632512933,0.4127433802246737,0.7041172472210041,0.0036657445431552,0.4957604213213418,0.9040002955373062
run_0236,8.16456262065699,10.205857908680102,2.6738814343568924,44.27540971848716,0.3702100571650731,0.252284623147491,0.1254358243920126,0.1412959938786978,3.738853286459829,0.5750958402671509,0.6719124316795424,0.0070441481510167,0.6079418888441829,0.8804491070056255
run_0237,8.283828884717963,6.581066330672387,2.7452962603020485,359.74187358916384,0.349193847863488,0.0742638044049438,0.0999768000631326,0.0832595469507041,4.871046345372089,0.4900378069787348,0.5710480580068505,0.006575773301296,0.4129195490236689,0.1998625145630814
run_0238,8.549947597031625,6.404271977871135,2.5321899937316226,294.59675705700795,0.2740712998735835,0.2910269466021047,0.0933649950380946,0.0290455267922438,2.5086857081972544,0.4825445567351566,0.7154527195460135,0.0069449306935242,0.5159739516613668,0.9386640562071172
run_0239,8.966408949597819,7.177231125441284,2.4933678450716044,17.389312189459034,0.33924506984946,0.1909431656003543,0.2552562075773003,0.1590237503532047,0.8661594681833358,0.6951609206290856,0.8620318201574801,0.0106498566496832,0.1330127200193476,0.4051665189182183
run_0240,8.381363871705783,7.645961356633917,2.6542244556535075,290.05264215577967,0.2535527950129544,0.2808121039065625,0.1786122176853572,0.1832184959718267,2.7632163933101728,0.3398897395300811,0.6393321881763869,0.0020118003187814,0.5333506926187306,0.764918410921468
run_0241,8.986985502735077,6.370726990713231,2.8262969611987976,288.55522855132386,0.3577817612158999,0.1857466310998697,0.1900534041160908,0.1183127038015254,1.180262981894609,0.5586107918959073,0.4841391966636397,0.0026352311391234,0.7606078576767147,0.3295277351670737
run_0242,8.715121455876378,7.595194459057081,2.493258513899552,186.3542459576364,0.2095038835571529,0.1251258901532671,0.2254046776298485,0.0747019416155568,4.850742958778122,0.2294724574887234,0.5760924128704651,0.0028499362014325,0.4244259104046393,0.7260827886239244
run_0243,9.10695315230431,10.677278407879989,2.8068366027357023,359.13374860157097,0.1329226151655633,0.2518235019569463,0.2441302789806144,0.0147404229191088,4.633216423088206,0.2197165056951927,0.5500466481112498,0.005278700899142,0.644495170628404,0.2293839597696651
run_0244,7.908759936914577,11.946639639863932,2.909082809113638,33.14694893667203,0.3671708848457569,0.0256103709842282,0.0726679118392798,0.0305767517619881,1.173476199147402,0.4976178343953591,0.8021740920976497,0.0113791684031453,0.7734264985842066,0.9960891934314944
run_0245,9.906874943758488,10.657327204226624,2.8677046177870196,36.135377695830385,0.3993886077451143,0.2716435185660777,0.1983340723403558,0.1924643778165832,1.6693851207562431,0.507350940147613,0.8081207898893175,0.0104094667779849,0.6974358488240124,0.2483178192117622
run_0246,8.116242062255228,11.143989987577209,2.982696277736964,281.7438215465877,0.3326007848786215,0.0796258620934232,0.2704250695553041,0.0936418719882734,4.1347979158254935,0.2324912273085193,0.7173027402467682,0.0074471974384207,0.3912218521594295,0.0875488483975409
run_0247,8.913959114033714,10.830624458130623,2.6068646562767968,289.83787952327987,0.3003989926323755,0.0479482111013259,0.2164654098864339,0.0547646630250828,1.4433985993374492,0.4071746859526384,0.5027068912226137,0.0058841827981999,0.6433962757372681,0.7102764372248781
run_0248,8.018895334499518,10.150771492989406,2.4415341985306207,141.22217962390184,0.2797259927620597,0.2230181876021292,0.32953603208278,0.0834763918604462,2.8633714880293244,0.5003236899853021,0.4941485029226112,0.0078389035976686,0.5015550066423623,0.1821251353246394
run_0249,7.150647212446565,6.2587615993328125,2.637537406400233,74.79029258153608,0.3573117597168093,0.0688696407000257,0.1728984060923177,0.1597570476716977,1.2575288137034335,0.610795910731856,0.5151848829100678,0.0054563293525109,0.3469627851383484,0.7495728987466526
run_0250,7.899171944835736,7.324288472541163,2.75099980730889,35.703922839357986,0.1061922736311808,0.0463127691420041,0.1768568091922303,0.0495380560349973,2.686469117293953,0.3724304814900699,0.7902122779985761,0.0015296100304319,0.7142542213748807,0.4425143693418655
run_0251,9.79616218055438,8.349733885376324,2.479017171189451,128.84900928053708,0.3186184972873864,0.0165590204042528,0.0793528607117103,0.0246425172828014,1.7678697226116975,0.3364047649129878,0.630748210674422,0.0085876222108727,0.3516119947082624,0.0194232358529776
run_0252,7.728324765414289,7.900546847222396,2.450985383271974,36.89703157338402,0.3298789786897008,0.0839261650847409,0.2427979170337751,0.0167644442710598,1.7067205769122402,0.4401019557637795,0.7808536666069544,0.0082803302954162,0.7244389215770365,0.5427279509542589
run_0253,6.564228222609712,10.96132425658746,2.4758009926970255,141.03522861507778,0.3646779879887208,0.1503603410447583,0.0555314026356671,0.0729990633216178,2.6230862677172144,0.4376117003421155,0.7498967888495223,0.0090601442564264,0.3308976363033177,0.18960044627578
run_0254,9.84300344168258,9.138222473463369,2.723813192596693,245.24742252003935,0.3136433395969034,0.2702019297201576,0.3118280177180568,0.1446924776337157,3.5804559677641343,0.2105469523620372,0.8004417799914405,0.0029498440069219,0.558556979457732,0.8408466129582114
run_0255,7.934476103642872,6.008578649524833,2.8910078844252114,345.87976812059526,0.1212516520422785,0.1002788825182344,0.1701417329789726,0.0603256157902465,0.8257349095384754,0.2829815719827221,0.7509702782677455,0.0078926438721644,0.6164594054285741,0.5776387610884163
run_0256,7.254169723192509,6.507597861079336,2.6662828660468807,74.07284156742959,0.2713330963682822,0.2228175737844718,0.3443443690546998,0.1554138332414567,1.3590074197769906,0.2584782998891623,0.7022866808109268,0.0022045127850394,0.7643456900068678,0.1455585762482669
run_0257,8.268097440104787,9.481685051071755,2.434713949333596,100.23659550089675,0.1798748186299692,0.2718380929935309,0.1647604729857798,0.1991446196995679,3.89089928685074,0.4631883810367291,0.8405403129865221,0.0068452582185988,0.5411203833382286,0.0353362439608434
run_0258,9.204769951236193,8.64332922619906,2.6125192329703424,319.91498409756844,0.2956951745052668,0.0742118379221947,0.2602479050898518,0.1886983931483731,4.941994196092648,0.6074306222201415,0.3241647254198513,0.0042184046782941,0.1088660447502529,0.4422196735796354
run_0259,7.124229674246733,6.38498268128335,2.8726071810807627,244.40584173530203,0.1355340416975481,0.0308850543930266,0.3001776855148587,0.1581605100761311,2.501863056276089,0.406734547009732,0.3051533618178287,0.0010263084495543,0.5179684088977888,0.1167328107783682
run_0260,9.193446855972686,10.184909370155276,2.771755249993402,49.28823717453552,0.392492229232654,0.2244903977290302,0.3476681179763644,0.1201630132694687,4.193081158066711,0.5200352053803257,0.4580108011421681,0.0028468439408663,0.6052917625957823,0.0243984252124163
run_0261,9.61736468955839,11.129751191331394,2.690652440991264,8.744930480988694,0.2477680799716615,0.0269566928417252,0.2150904403601514,0.1291387071608235,4.095130969184265,0.5673301372916759,0.6947278579337715,0.0045231910419141,0.7750760726519468,0.9809357057454374
run_0262,8.185240003210971,8.887272535184788,2.6842920201973604,92.77005158091612,0.3116055617896931,0.2839998516734747,0.3298840155413577,0.1546015601005651,2.607423728428785,0.3821071210496636,0.6953165513148324,0.0060487066594706,0.597791749986524,0.533914498258382
run_0263,9.557148574952508,9.175538863519863,2.504644658524746,42.64298003688059,0.1368477980477993,0.2744869185434052,0.2317625404666268,0.0511937660283017,4.766818287276375,0.6873499316796522,0.3404723227077194,0.0013490160076092,0.3219868173221049,0.2692882073258526
run_0264,7.157401177010367,6.467857847298547,2.6621925666374513,308.8025952174638,0.3172174982093946,0.132344610897075,0.2501317159803104,0.0541099909471304,4.668072257278247,0.3942117249060491,0.5552006169619741,0.0069033144875421,0.1061463377107201,0.0676329024658908
run_0265,7.496264804268853,8.259724883170204,2.964002325837806,306.5842150076283,0.1448721731207489,0.1553143068780225,0.2367813318136294,0.1037838288274176,0.8820371652214785,0.6883811981553685,0.7738085138928262,0.0039561678315313,0.5088521370544828,0.3877843201985643
run_0266,7.466360546457711,7.266601936274829,2.8500114341695895,244.57519427413365,0.3640435570735171,0.0799252466728411,0.1446103547449192,0.0946538442702847,1.5484955956904125,0.3931052117035339,0.7319498126314787,0.0072206377051366,0.6088107438880538,0.6271376318907744
run_0267,7.032408409990389,8.143676353486166,2.4671366418839913,201.92598713084047,0.3431715255998648,0.0960559403094214,0.3384478527404188,0.1982218831500875,2.3933746407891094,0.6217809013123122,0.6479071284641911,0.0073953985104345,0.2119702995447558,0.1127442344316811
run_0268,7.191098524824364,8.043746063566191,2.791960619223842,179.0381131255936,0.150210751762655,0.0444696687219068,0.0516617247159529,0.0116943175328016,2.8496248295084303,0.3556682701362019,0.4436734829293748,0.0101781322029056,0.4013295549671559,0.344104985115418
run_0269,9.464974894174915,10.465989040143398,2.7301013851186102,347.1064836253289,0.2249590191866158,0.2093806172250715,0.2086768888864543,0.1965023074869118,0.8634359072892962,0.208127174116825,0.46028866251359,0.0017805695754577,0.3758846926208974,0.3805190834964038
run_0270,7.473830050493748,9.516491652646224,2.933120105992005,125.41928599983562,0.1044212783218586,0.2185204605573078,0.319618963274265,0.0128378511734865,4.188667091126334,0.5513254638397123,0.8567335324501844,0.0118992137615425,0.5115918481289984,0.5254232391595345
run_0271,8.356875341011165,6.595040729801087,2.7046053264506713,53.85989511525992,0.2505377077879392,0.045340343846145,0.089834968136243,0.042470370166525,2.890943985594376,0.2997054482858798,0.618293956658551,0.0033806340381523,0.7812168651562513,0.3986852072917636
run_0272,7.578128632721204,8.313605495125808,2.742429673164948,181.59523985745125,0.2479653892271612,0.1735510687161674,0.2522674812041707,0.19511792543025,3.6467015910003377,0.6259300435204012,0.8196942508657128,0.0111648748054298,0.5760810190525903,0.6061861239521046
run_0273,9.472923310401336,11.591906747459976,2.502083119800393,188.7219030708759,0.1794593888424004,0.0382274629043662,0.1491604638971986,0.0666556855867138,3.3505005838872197,0.4423447695650729,0.6139758773025044,0.0075589139974973,0.7809983917601524,0.9717800733497042
run_0274,6.220628815535124,8.39388017422474,2.416261491777811,105.06906368264497,0.3703476160309852,0.2754018048293714,0.2306189479420144,0.1059872277529556,3.815685886140054,0.544872913959326,0.8334803042653454,0.0018376200286782,0.5780173063479527,0.6193583470804066
run_0275,6.283151965803686,7.64316690620861,2.638089977070321,309.7096270894929,0.3633094203158593,0.0121431159438034,0.207356802571795,0.1568284340461067,3.1778168873654655,0.4189796393796897,0.6664590103817627,0.006609844792573,0.3328634315028645,0.2893281449615015
run_0276,8.862101494371789,10.583027627356197,2.4124308582305947,301.273670236375,0.2550069831056579,0.0460372788592306,0.1022897729075053,0.0399056495118373,2.02826580517766,0.5552200302165108,0.8352002879947484,0.0097097322910022,0.7901993246022444,0.097023535604687
run_0277,8.79796004015154,11.629744241623335,2.787384756724209,54.37537213601309,0.1754930670562852,0.0883777742655394,0.122016653168665,0.1346362646586118,1.0037275263746703,0.6962876521120729,0.6852213209948621,0.0052610987516674,0.2063501396747005,0.0651683423603136
run_0278,6.190968281124028,10.819430496117768,2.516722614246455,64.14838543680241,0.1032533404247343,0.0851969903493194,0.1683033069267975,0.1452617301661738,3.79849896485256,0.5910474271646972,0.4770885379596083,0.0066180831024031,0.2717189712582304,0.3391657528548378
run_0279,8.022374189304609,9.291356300352984,2.992935895131538,147.63242067807246,0.2842733041069881,0.1357911931370677,0.0513468673234614,0.1232982944760548,3.5648685833740146,0.3026737721636787,0.8140443894815117,0.0076465033248147,0.4966688385991414,0.1122847488449452
run_0280,9.499564325416234,8.586399473812758,2.9008961997398286,206.6538701844288,0.304718897000046,0.1354887916659457,0.2582628000473014,0.0490612784544469,3.552808412087824,0.5342725157067706,0.7816405715483484,0.0010077763983884,0.4589214417973458,0.7054819875465819
run_0281,9.109005818676389,9.404209351011968,2.6674971935458864,152.52316171214633,0.3210253454305789,0.1322214833591632,0.1988631307928511,0.1936173625189163,3.3909991411921983,0.3693479248107571,0.8942466556607864,0.0086786505431719,0.1335265837687853,0.1674544342772868
run_0282,6.5662485079672805,7.190114017271769,2.8105723732110497,217.08737525087773,0.3977583446171263,0.2184063370510565,0.2711762974203434,0.1453186326880859,1.3943229363364114,0.326263270942894,0.510268199252244,0.001509322179833,0.310589562138934,0.9444351359465476
run_0283,6.186610403377503,8.34217845490692,2.5663965402590625,309.0437354021937,0.3526753048661832,0.0507220656597704,0.0597047853061683,0.1359563824889002,4.212596915231105,0.6647137543667007,0.4486434338538448,0.0010429166109607,0.1139732733687846,0.8298988456905789
run_0284,8.23589045178522,10.568581807850638,2.5621519547526708,128.04267320620963,0.3480868990277392,0.0920060522995338,0.0816180473587863,0.1591277485607599,3.4536186353358165,0.2682320412825666,0.6422339606759301,0.0077569328589074,0.6169533452373762,0.6375018674685304
run_0285,6.058040756637752,10.0007307408411,2.7656757958864757,70.50175678129513,0.3606643428436944,0.184142951646638,0.0802345245383281,0.1955869467661703,1.204586708826011,0.4447049115695913,0.5919851700088024,0.0013390358642225,0.5071018462504887,0.6473795114198684
run_0286,7.498923213019827,7.949447582348553,2.573551409815084,341.2525560283839,0.1964257632063443,0.0603712276103289,0.1422821347681464,0.1849736251134764,3.0555474866747163,0.504489249187315,0.6268304555661912,0.0101489845488699,0.2339622868939589,0.7387736141274436
run_0287,8.983824524433835,9.153836189562227,2.933633490855487,112.8251906352312,0.2091527682282584,0.0414791563615618,0.1642955741696539,0.1429100452323423,1.9158308790733305,0.3483342696222419,0.8575559907001722,0.0085245214752214,0.1817211929977554,0.2818224699646025
run_0288,8.334719249980164,6.448361581519797,2.805562794055407,353.26930942549575,0.1200530011883358,0.1070272091026233,0.1037509380844918,0.0287319522528993,3.3169709818528084,0.3690616248591385,0.3575594154214466,0.0097454144237918,0.2135818040382204,0.1938701008771868
run_0289,7.87351702078727,7.808204768134275,2.7250899827481248,78.35084648411839,0.1114075595435648,0.031652989572632,0.0715485854809715,0.0479573832082383,2.291360791619221,0.4720375856993885,0.7100120886976702,0.0026667561886324,0.4838117096228779,0.9850999609654042
run_0290,7.362066360243835,8.199889025697434,2.6555515347820644,38.59449534806869,0.1056821834315356,0.013800574404219,0.3478417862842454,0.1933789545918093,2.4822888116843265,0.6334547475373324,0.5287821426484197,0.0033009408466655,0.4516031194925167,0.8639125905291877
run_0291,9.667941856771662,9.697780205568892,2.611005237292025,51.55668284253255,0.2387265638140359,0.1262246494506392,0.2979399609549956,0.0443639507717821,2.457468530387893,0.6989225869924931,0.7528379574143002,0.004668922270556,0.4424612534062112,0.9291914885449196
run_0292,8.287853508027665,7.784465597568774,2.6570697146402105,235.12233366929593,0.2843746118378625,0.0120029639824867,0.345901868340475,0.1981642953074982,1.296458737004397,0.3310945509515499,0.6375939738124377,0.0053675214398408,0.3963467359508262,0.2226706205053966
run_0293,7.462880554308445,11.645082488278764,2.940627775444022,31.302812985847343,0.1603431998459752,0.2014394583116117,0.2268387594392503,0.0823407348437266,1.6624245930897397,0.3890430648325349,0.8706687569154503,0.0013327482641206,0.2848812499185281,0.2053660621989613
run_0294,9.898820987339192,10.242404449635636,2.489004604648615,28.892961003162466,0.137057343271874,0.1951942592829141,0.1699683561591962,0.0370384015292154,2.2637073389547675,0.590461858598829,0.3163443688250351,0.0038133639963973,0.6355705487332199,0.4620456911137425
run_0295,9.888537721246184,6.094119551291609,2.8927717712427454,144.08814133492638,0.2955236049530163,0.0969970465713157,0.2348682550567154,0.1836736827739834,1.3634105245766013,0.6183010728444687,0.5176828545030694,0.0062825906471969,0.7877382807508511,0.7278085010289154
run_0296,6.833051167910215,7.058234373301203,2.5835906277063025,315.7757265404198,0.2632847368373727,0.1217347266619987,0.1143343771524703,0.0415839061120951,3.747480143759332,0.2718815038817427,0.4411257385954691,0.0067474652144401,0.3880823064337616,0.3864644563015274
run_0297,9.081098150505367,6.599377881374282,2.998042865289189,135.8495585804165,0.2518209990252906,0.2847175278240754,0.2047837022221875,0.1879113564258259,4.313259247083963,0.4263989613660967,0.7960390540531326,0.006442472490668,0.1192632949726634,0.284646580413077
run_0298,8.332008660398749,7.514114819729058,2.5770632840161176,32.65999947584161,0.3675082359468328,0.2612870512859359,0.1947062270800404,0.092184612395228,2.2327759245070897,0.4154681534695688,0.4491901728869033,0.0031863362642622,0.2918284207024562,0.3945965827764047
run_0299,9.915791730624786,6.842598253069039,2.896479116699461,214.11121592254597,0.1980878842361189,0.0278750666411966,0.0457102417305143,0.0374705909233324,3.806612428843791,0.6908702148039596,0.4910647560942268,0.0051366346449854,0.4236887482631986,0.0414488188743248
run_0300,8.073589898802954,10.605581305533832,2.8652682556416944,282.4894030509291,0.2120880728049077,0.0378760932317299,0.1499316151059261,0.1766241457201541,4.522357506594078,0.2971993786636888,0.3090902187572958,0.0115250381896018,0.6381427261206384,0.2434432575334491
run_0301,8.708864899426903,8.282443427431105,2.4984963043017254,173.32718961194138,0.1514536158111578,0.127930743588105,0.3086954689452305,0.0596836610086811,2.9202976279263693,0.5257117966839869,0.7997344766000642,0.0038386998735785,0.4980888783689823,0.8504117711734855
run_0302,6.464886681198625,6.461232658039725,2.595607139740693,200.15410369855252,0.1048401522366748,0.0500529154312022,0.2464765860508568,0.138708672410398,1.0994929560158817,0.5957829612933677,0.6712389000184744,0.0114188958123249,0.5764259455075901,0.8590859386058312
run_0303,6.361047430913833,10.14447362058368,2.5173845982428737,135.4925983754276,0.1417218265395451,0.1236769859104509,0.1892556871146408,0.1019789810054115,2.792185457755026,0.3532125417918269,0.7385439735732866,0.0108640808397893,0.6670538364647294,0.7284646746421145
run_0304,7.1619390381817505,6.18160449559249,2.854813143775484,55.569778235385456,0.2317061244191399,0.0723662862293944,0.297791490550087,0.1869073899338957,2.4638596786646056,0.4858720444027738,0.5827731251570871,0.0016940147348424,0.4192724221985567,0.0626215318320287
run_0305,6.654003488097569,6.337564462617176,2.838957923106654,43.764753893942974,0.325418259612782,0.0813339003659023,0.0845717283846443,0.1596386100149785,2.968692883109491,0.6140749974614831,0.3869977955582807,0.0096990454956222,0.2940345691568347,0.6129351214049639
run_0306,7.702206786175705,10.83853117806865,2.4153270619364986,326.1210499244371,0.2011008581989126,0.2145073114365721,0.1302862939546537,0.1638937986627245,3.0111426644378554,0.3376025268131772,0.3543571262393017,0.0070202837049202,0.4200943074842513,0.3217053561481677
run_0307,6.082933918790427,11.913935814800697,2.447558464283951,67.37150507668846,0.242500403388618,0.0356142068128739,0.2108980149872762,0.1682580656206725,4.4717376202115275,0.4346639355532138,0.5196180052218885,0.0041260490465044,0.3049178756849121,0.0826009802493639
run_0308,7.017482820257902,11.298540784379153,2.6462990816685408,339.5484580748156,0.1013597864273431,0.1505357603069551,0.132598784443776,0.1936922893039587,1.89866909821319,0.4608622920837424,0.8953144379290492,0.0050256759656336,0.4912294569059889,0.3482245177922432
run_0309,6.591882397884353,10.878775659580237,2.6421479828974435,86.77433477496693,0.266334734731123,0.1911137405640366,0.0662640117487602,0.1921649646594868,2.114935472856682,0.6222324222153588,0.8828945306781033,0.0102618627875471,0.5572710554161974,0.9570942016277016
run_0310,7.667745146657855,8.71762616923776,2.598729435943485,159.25782679185383,0.1445904679397283,0.0469823028687143,0.2218255195714274,0.061501668340194,3.764108869279099,0.5175419201739456,0.412145129044804,0.0038871240866028,0.3755704164114564,0.417974023748121
run_0311,7.0582150371617205,9.765925337558675,2.695514339782377,351.30350040186363,0.2619270762536198,0.1319824548970684,0.1328605484148626,0.0583035243620893,1.5945151187224886,0.2045052978363882,0.6657765890117273,0.0091613502803234,0.6307836332920159,0.1757056146085052
run_0312,8.445706753714271,11.650704101829056,2.930614798255099,156.03861104239283,0.3952731937099805,0.0621759832032532,0.0866540376711048,0.051023878791437,1.877880450660434,0.2672011895942425,0.3003311144697671,0.0038378558485389,0.403267300914534,0.5418399476170568
run_0313,7.285549846948451,6.712585191662504,2.669747394139103,294.85525010300523,0.2700545127072778,0.0202726346747962,0.0502329771772704,0.0359747101210816,4.5816778660877775,0.3045599260529781,0.4765443208694274,0.0060069063264027,0.1481742313381128,0.8887804512193488
run_0314,7.90563931580325,7.089730452397064,2.5754528966027546,204.15990553294483,0.3557802988217673,0.083696742860212,0.2864593437969404,0.0432240523448023,1.3429164907401372,0.2773511139053208,0.5244242333701893,0.0073394341671532,0.7769437418384292,0.5824182853559317
run_0315,8.461257439024983,11.483843153967536,2.719877253212683,341.0728825036621,0.2255114469976527,0.1760575911784319,0.1146131085334188,0.1695986725916552,2.72569530607003,0.205372334842065,0.4637085133458752,0.004321008287047,0.2282352421217993,0.0123857817641412
run_0316,8.03281558570063,11.69286220214824,2.779143976134699,106.71514114718364,0.351964470909531,0.2044406743443381,0.1583624293686691,0.0958893143044327,1.0523541395356455,0.38465699906082,0.4000272499144254,0.0062163795169254,0.6702099418612822,0.4188818549492415
run_0317,8.505407225022413,10.691094643698763,2.8451877390030686,71.22335618460795,0.2374183129335118,0.1052777617911021,0.2997696842563126,0.0462464844385462,0.986099167306666,0.2963776602008441,0.3298335841427824,0.0060653885768199,0.6299552152132276,0.0445131679634133
run_0318,8.422693190375993,9.60401864328452,2.4832416060426508,14.159830785891412,0.126377653326373,0.125625310815309,0.2524926970219297,0.0808866722560692,1.3703160854311118,0.4171463114439595,0.4382018487424572,0.0078201685536121,0.7663387790665304,0.8204243460892624
run_0319,9.08766893699691,11.551024417551448,2.995202431404381,299.4776144693277,0.3631141573904399,0.2447146005989148,0.1862572162629796,0.1921111525995663,3.1341591266533895,0.3805863575084303,0.5872391040668332,0.0105356919053831,0.1536100260681062,0.6620149317443809
run_0320,7.525081607808616,7.630092242204432,2.8887628760194963,266.89653196908813,0.1243203324427107,0.03301437086873,0.1186364274944287,0.1764293505729195,2.2588943879228305,0.6808665950165149,0.6625425233712887,0.0065613226284853,0.2813013554598265,0.26344639457707
run_0321,6.00345722373435,10.246927205369332,2.9239563244776567,203.67109624623225,0.2728215707405278,0.1164632689010961,0.1949719366184063,0.1428617729327446,1.6513020449396876,0.5428849011032267,0.8249608064231924,0.0106283138925397,0.3812559205067046,0.0069061420387751
run_0322,6.546487385771059,7.133035797959573,2.6935233038128295,234.62716856742745,0.2362183859381175,0.1755723078348798,0.1728564322611587,0.0184264696314333,3.1825944485669355,0.395175364437812,0.7965710438752815,0.0100186510378629,0.2641203288400297,0.678793100095058
run_0323,6.304453241423723,6.84944831416924,2.607079996545491,115.81958039787004,0.2657913712447377,0.1476511985173809,0.1413119154222195,0.1451326779052407,1.7265817204014593,0.3131707198345312,0.6343038080559849,0.0035163518576486,0.3388738944021692,0.651454972481109
run_0324,8.180667565669388,9.615402938893936,2.668757570613592,13.074100980801038,0.2087426998817739,0.1364357033765334,0.0635141804942908,0.1865581202067109,4.9173534100608665,0.5436812807308438,0.4779059962065165,0.0077746126206796,0.6250960020614919,0.362358120952097
run_0325,9.937859020989286,10.422950170156446,2.5337995107457107,228.11836526791907,0.3200124435101515,0.1905618148863496,0.2778874155978055,0.1233612098123123,4.863448584772918,0.262824065845089,0.8040029563157833,0.0077306655604731,0.6480040164997212,0.9395932367252098
run_0326,8.015679206389887,8.974018248973486,2.93887349208675,62.09331108087251,0.2071669356858602,0.0161514977975122,0.1140006905291738,0.0957967472564072,3.9559582255894705,0.4021589513226234,0.5382453993938559,0.0040954514648386,0.2904625190522853,0.956960465411316
run_0327,7.86302154186562,7.115774008012663,2.4255966289244815,293.43769173196995,0.142622521217763,0.2681027169736421,0.0328532974451263,0.1217419391181851,3.071137907615525,0.2077718157747047,0.5080068724853402,0.0085411404672656,0.4873675917940452,0.9402516311096408
run_0328,8.078540362157872,10.565391834736312,2.9681365980620216,36.543952306726986,0.2364348084458894,0.2763386367593261,0.058096137119178,0.1169322492659147,1.5168915209593128,0.298769246335238,0.5340040229772234,0.0051489156568259,0.7994050271737209,0.3933390854151517
run_0329,7.018285682809102,9.848346604994338,2.574868085805207,126.18481392178244,0.3712203791984769,0.0563559714554919,0.097040284758588,0.1894106332560457,2.0383214307670947,0.5276783064473098,0.7676591917664337,0.0014204787505474,0.2734436911584589,0.72974390678985
run_0330,6.957569285665041,11.74218416798768,2.998308422641101,1.9980718816709993,0.2258336093250951,0.0146946866099508,0.0713369624544703,0.1341335625259176,2.0595901993448145,0.5269337446735485,0.347318119881975,0.0035770404056929,0.6245359127390272,0.562364362963646
run_0331,6.09470297540319,10.958840902884983,2.842097890866558,303.5358446461307,0.3275236225376079,0.2470429654599791,0.3059298916733704,0.0798249120198605,4.986405087721154,0.224740260302646,0.4895181180564675,0.0097230285811647,0.4402285613260134,0.9093924620959218
run_0332,6.481379995136172,9.721608886253192,2.8608466759360023,196.9555237305492,0.106431063784515,0.0943719549169894,0.1742697810087422,0.0421223409379866,4.874247621501899,0.4552231585375783,0.3604277108136103,0.0015436437864158,0.179209854741499,0.0720417833760355
run_0333,7.1410904614150486,11.543750751675924,2.9479262237412316,313.84646699937554,0.2099783651871499,0.0450406500527306,0.1663953292049232,0.0844539984612746,1.330969212964634,0.3381733799056703,0.5510895252624533,0.0034789531471821,0.3409189588281413,0.9429288585107216
run_0334,9.717777270054428,7.838602844126237,2.9207767344977213,357.32256562586826,0.3995583827326755,0.0307282486329993,0.0321889883354991,0.0717749705840618,3.194006490208319,0.2666630323345697,0.6035143473024929,0.0077350080483355,0.1361001986879977,0.6301357031787311
run_0335,9.569056752372065,9.620266311470145,2.8266818952776194,335.9061851637524,0.1317400073153398,0.0148330551103559,0.2883474655465587,0.0315195431233765,1.0235976882020947,0.4348060685464944,0.3924067482047613,0.0119755559861054,0.5076301897478134,0.1978132044967638
run_0336,9.08373222186125,9.986109183786546,2.6690740657760195,280.90297903262774,0.1398748964096033,0.1943897710218337,0.3123335436157238,0.010071636873194,3.3481150212951816,0.5790247046451877,0.6715299212438912,0.0041449341406297,0.2832793318321119,0.4002048153964079
run_0337,8.006986777720481,9.85755414049117,2.6218659610965926,27.08224799491616,0.3623099000928313,0.0813961954002757,0.2931135989838336,0.1949330223318112,3.7992110186511674,0.4734351787997729,0.6847184469449992,0.0096052448365745,0.5419392389501547,0.800041934156045
run_0338,6.215313476563839,8.003289972295539,2.4990272096053077,58.185730015931554,0.1943977300429453,0.1757278174334003,0.2378536791938836,0.1419893577034381,3.138960191043295,0.2296935905035924,0.560766258445397,0.0020654274127813,0.6750249444442469,0.268481784026345
run_0339,6.0491136440255096,11.200148614266944,2.4252393344299823,262.06005520889414,0.3741704990760568,0.2361231789114184,0.0701158323911356,0.0431091589421316,2.4486593382371336,0.4086137770865338,0.6067754638168164,0.0021605580805131,0.1997271745155351,0.4850339432758144
run_0340,7.484996676315869,8.251488730986699,2.568323410699739,339.92868168367323,0.2259342389364205,0.259505489154143,0.2449179422753921,0.0593458837163569,1.0662498745824096,0.4625726467712346,0.7441067739427991,0.0041713146636368,0.4636484596773338,0.873276709424912
run_0341,6.155987883765739,9.902775004532105,2.4019708170292557,276.82525442084665,0.3008086501849319,0.0996599537515589,0.0576123500068259,0.0881852233835584,2.3856757657287786,0.5713536725238535,0.3216099158584095,0.0071167259048806,0.1254383855184058,0.3256252018770073
run_0342,7.437726336431992,11.961946345726863,2.5390526754520515,349.5569713309345,0.2597088655266414,0.2491114695784763,0.2162111773836731,0.1115377618267463,3.2545061839621985,0.2508801966838395,0.7719472052277989,0.0037788309902917,0.2779971017973618,0.3708956365582815
run_0343,9.093907870199796,6.523612109041552,2.8533555673954445,6.528657241153025,0.1027887098848559,0.0518187681125719,0.3188916099403462,0.0791999934695699,1.5507132389867735,0.4518297583499686,0.73124768734694,0.00889282663951,0.1635501901364464,0.9179920418484802
run_0344,6.389527252929182,7.29449817942568,2.538437828444433,328.40057073792383,0.1856928171852594,0.0987001760193204,0.1849544531521557,0.0737731169340536,1.7231363104194963,0.6728994577252134,0.6197463225643032,0.0050677230694305,0.3216246142979025,0.5410455134972251
run_0345,9.818812773617363,8.411101888969938,2.724395313084402,143.32677368243472,0.3065001680831829,0.2423151505600839,0.3082255244272774,0.198858978396828,1.9652417613774729,0.2109609979130431,0.7221363212901157,0.0026806626006377,0.7453037739078104,0.0632854624420065
run_0346,6.259210318214599,11.771095614996035,2.6624586301252764,98.8819352168447,0.202729509339583,0.1663425634543624,0.2911422256978418,0.1985055197258223,4.68540826917804,0.4892186684975563,0.3725739762695136,0.0047402773497614,0.1677379336176366,0.5611848822525135
run_0347,9.783953479119756,11.627163869458332,2.788348380703632,73.28048070358992,0.2279092840873653,0.2908975972586204,0.2070548903991579,0.1969490492770584,4.1509839121371375,0.2624405339908903,0.7651672417237281,0.0115785056616632,0.725648303085572,0.2393777317121241
run_0348,7.828608242463544,10.111246586715865,2.671344205827775,342.6202044724597,0.1713667149030559,0.2063763374961416,0.2512995311629749,0.1908454705571256,4.640585558162639,0.3643507906663624,0.590519200676836,0.0034896283464598,0.3971990524800971,0.5045772710506423
run_0349,9.421781891387036,10.70191488483657,2.7496818495731445,255.7800513268087,0.3918662464555473,0.0562143239902148,0.2885031577271347,0.1348044720608753,3.381546813930589,0.2511297729719546,0.8381337363495451,0.0100337149426178,0.5210889242817722,0.6401038021765749
run_0350,7.867002342151146,8.819134522190573,2.801946034060589,54.56189108210636,0.3713934749589253,0.2829520363210436,0.1909320918700325,0.1009984394226994,2.7935667724993953,0.3441958219218967,0.6254638267676953,0.0096104391531949,0.1740644124745824,0.2865294131953373
run_0351,8.919352040906496,6.348555293222844,2.4240753518998592,194.6397737033895,0.223311939929056,0.0153058509338147,0.0548366784322777,0.1930497099947597,1.1963208996414605,0.2652800558859848,0.3190576853601266,0.0105406225567279,0.4618243607807212,0.4242575198748782
run_0352,7.148566669259071,11.420139923923628,2.584572685043756,129.30663820054951,0.199181865615619,0.0409936181038131,0.2298099579264808,0.1456453951484485,2.4372360263374544,0.3683189099762892,0.6817104994843259,0.0074724667660106,0.5830495800647677,0.5959733245088275
run_0353,8.110809568622967,11.529048538499303,2.409140548580447,99.75587907240732,0.2302607228540216,0.0271414521943361,0.2762809659530048,0.1340043424586189,1.7865215965827188,0.3358145447716067,0.6632286270340008,0.0027106064784867,0.2556702744831636,0.2093816579982012
run_0354,6.882282653759033,10.211271042414111,2.7907917291619526,212.81136477098775,0.3209261877129708,0.27054193459555,0.1797834667562191,0.1474418488083478,3.3195051182933053,0.6607476902696453,0.4963888651226407,0.0107332496219496,0.4695890954662106,0.5696893834108931
run_0355,8.546746689635993,9.59678759858468,2.503404887531127,71.66289500424082,0.1858626749397633,0.0213952636650182,0.2678619209366246,0.1067852134005286,2.633695048848513,0.2040214988236372,0.881126800787325,0.0088362683608456,0.7921912409062782,0.8844196886125952
run_0356,6.887385597732735,8.111001583883631,2.7736100682788805,188.42586365132135,0.3203620904613449,0.2055900505768376,0.3426863823232068,0.0767987802127801,2.2412220834036916,0.211411160032411,0.8956213500882271,0.0105742705074453,0.4128410636229741,0.4152644254324306
run_0357,8.535293624340557,11.893154309848397,2.6120345552446316,175.74067301389908,0.3535349707719546,0.2421208377592608,0.0674053730289445,0.1124632391993463,1.249874549419416,0.3993373050411064,0.4998894354838756,0.00121778438363,0.1891677690591614,0.9902341105783576
run_0358,6.611591268612502,8.637821313909045,2.8883409100632123,112.6275726119914,0.3114240182832516,0.2629544270595492,0.0812898619763338,0.1107534427629525,4.806969106052129,0.2762900164764507,0.721236265964629,0.0089165376588572,0.5680777472294488,0.108695400658142
run_0359,6.103130231691157,8.600033681996798,2.9623223991337655,7.915404269315078,0.1791988815352864,0.141681511935187,0.2991299560927236,0.1724951444607183,3.824808525697806,0.5287004571925944,0.6531312807485206,0.0080169544732553,0.4475904197544217,0.8386185048653335
run_0360,6.935518514092951,7.961547767501171,2.518705130186944,64.72836889807135,0.1706131322985251,0.1283201607254306,0.3252626814953611,0.1050160896914366,1.45906585273111,0.5000049388436809,0.6761323429625151,0.0078066807129486,0.7112545025766313,0.0894398571424219
run_0361,7.158366359865042,10.592175943401958,2.8453352190295194,328.5810659140752,0.1776096039021511,0.1013419545319539,0.1731725994512023,0.0861746867369222,3.042165692355227,0.5857137714607854,0.5517234236037678,0.0023446787505221,0.115181748698304,0.9703212559123008
run_0362,7.6694475077179325,9.628490468489304,2.7914117031075496,178.13814373336865,0.1594820873688593,0.2410566686153582,0.1007275489730854,0.0632737843541246,4.209375250053746,0.5939626220651276,0.4297950002301876,0.0093670547910471,0.3624389382496839,0.1112093243462249
run_0363,8.899166597952863,11.168845261366789,2.8305200774275563,138.70555143474726,0.3347824110196373,0.0112446345441338,0.2835476789477434,0.0153874053182292,2.485434315635656,0.6600602839399352,0.5599968998054157,0.0067674960361076,0.300901811889305,0.3197221927371548
run_0364,7.814621239092659,11.74906961329754,2.898351622755853,283.16487148210047,0.3478655115801294,0.1311772893691298,0.2786587949597691,0.1899666316911489,1.7348665154501424,0.5776373650486221,0.7658505881578528,0.0072299155485988,0.5341715038746709,0.4745816593905111
run_0365,8.933656493707863,9.943163550372873,2.855173989415815,25.031511446339735,0.3687824944462482,0.2030056732130461,0.2384272615255341,0.1310521633491939,0.944787073109906,0.4158734629610898,0.8686132110977758,0.0028408124138806,0.3826489224271646,0.5727228509323602
run_0366,7.956894904120454,7.91387441542378,2.840268155470026,271.40151273213735,0.3560624957382873,0.1697933959014321,0.3429638073793428,0.0716383573872611,2.7441390412830087,0.6933805619361617,0.318337648320266,0.0063597498008178,0.4174306127783996,0.3059800571986434
run_0367,6.545545218108755,8.292471686167172,2.6464135558327393,50.29866758631846,0.3662021545611127,0.1215152333162682,0.0288461835351936,0.1202156802807979,0.9409186026122508,0.6313791662466959,0.8481317132191557,0.0112449775819193,0.7073695483008359,0.1694560181257378
run_0368,7.075052131571815,10.142348004593526,2.4398811710166206,199.979329408546,0.3845012871825339,0.1791295180637921,0.2407260250685066,0.1962663319166406,1.25991847993537,0.5700151187400051,0.5387623040079488,0.0018777169091533,0.7892729035731023,0.5966332546012351
run_0369,7.759267255690181,7.989761154561794,2.582662754996127,36.480273727453614,0.2039925350236366,0.1805742759954123,0.1332514533400849,0.1722555485828466,3.920233777392572,0.5319878763544319,0.7166423657327252,0.0068849764445415,0.4760735263944124,0.2282358428022158
run_0370,7.136684216437188,9.583845262658397,2.539799037692794,342.95869959220664,0.2054418563368378,0.1579194052875314,0.0319838187269974,0.0529846048632906,3.425220672446991,0.4893568776060528,0.3985174749760368,0.0033667511403341,0.6554071569032944,0.6536625364495948
run_0371,7.504239290235974,7.392077337501494,2.4196670844001926,344.45798912669807,0.3401870035576606,0.1381012832282261,0.332895687993651,0.0662236450009278,4.703542516368755,0.5178852057408484,0.5327489626783153,0.0107183915458079,0.5322317689287607,0.4145350577280235
run_0372,7.01585407731768,8.774780457928257,2.77666464346634,15.435881949179691,0.2365055959221741,0.0697529070532728,0.0418342292220909,0.1022023705056554,4.5771122613285415,0.3144905334708392,0.5330121459482237,0.0041178252959171,0.4601141703844947,0.8837195692135318
run_0373,6.415802470284573,9.422691206028611,2.5249558458855543,12.160389174277926,0.3528793547822302,0.2061843548914027,0.2532811416532127,0.1253075902358527,2.3082194782684216,0.2175211404123682,0.4900782166807536,0.0044242723530042,0.6268506315506841,0.8011865389921476
run_0374,8.403631719626613,10.007676932633112,2.8027687164328032,94.39833089463072,0.3497291938595263,0.0302574753434557,0.06947528426308,0.1191301766709027,1.5319324013407871,0.42933673410392,0.7483471830349153,0.0048983919889076,0.3190639713335335,0.7845890647685506
run_0375,8.415041390634563,8.993813582447599,2.448822563550105,282.81527391989084,0.321437241051284,0.0770080065882298,0.1180146607282747,0.142294823936236,1.506804066505136,0.3729514999888768,0.4756047603115446,0.0059467821218414,0.5083957974559999,0.6465571685399772
run_0376,7.267263063593379,11.648850783703438,2.501601635723766,314.4834257913519,0.3443624565121208,0.1146188922294973,0.308244594759738,0.0915218520281248,2.5412670154940917,0.6917850724838294,0.8896854373763494,0.0029868394208258,0.2922979313489233,0.3731401579991298
run_0377,7.435644427784839,7.467805818264675,2.918412722269742,110.64552060197131,0.1135020758014066,0.2987851354778532,0.150580044931734,0.0897893328081689,1.312851579982095,0.6961112936499059,0.7298078606119014,0.0107261535229661,0.2692837645842557,0.8422758211213357
run_0378,6.530274671748494,11.214995500569422,2.8521712794480885,171.79497116073546,0.3770512902926671,0.1829499955403878,0.2248323776863831,0.1856462069008198,2.2835365590456513,0.3098466601908979,0.5160822115281304,0.0116681550474072,0.5357457101193472,0.8096838852314558
run_0379,7.51600260901496,7.21711635193863,2.4134448196642593,78.78928194759126,0.1275361876787834,0.0778236176253018,0.3387311189958777,0.1796093703598349,1.0596754412276306,0.4644009852638041,0.5903879906211602,0.010482451316241,0.2178075899140298,0.3003359282419826
run_0380,7.661827031607509,7.978097450353815,2.576740852514921,68.93259242399056,0.1943282091298951,0.1774537734748115,0.0489521303360059,0.1843324831022417,3.688680686429163,0.5664140483879515,0.573070247794321,0.0062044158701603,0.4215636353512529,0.615419586818846
run_0381,7.105284379935169,11.22967318982332,2.7075914809830257,150.90014633285588,0.3398755857159755,0.2790798161047105,0.1071698013946111,0.0587309777521921,1.6087756338708128,0.3581043925662694,0.869010563312435,0.008452118209077,0.5228968066738932,0.2476256312402254
run_0382,9.39266764269577,6.43738865708716,2.9244260351824476,252.94443155657623,0.1485013365514624,0.1602706131311038,0.217740541873735,0.0370818108223557,2.6404491614221786,0.6358958326472592,0.3160908798061321,0.009844995066374,0.243624388131058,0.5439613669848732
run_0383,7.92171562797397,8.952299442314686,2.9124346505555687,330.8486701592345,0.2901358223549007,0.0549813111683921,0.0814154134330614,0.1322350087939453,4.399094790806424,0.2032507434095902,0.5141909342388746,0.003867714652447,0.2586724257040364,0.1871591053290151
run_0384,9.42748874451206,8.826835262267103,2.9618350801310154,349.05077311396474,0.1622171324988873,0.2488589776257839,0.0906851953085519,0.1455470501537061,4.041900228375972,0.6425552240653163,0.3788742003085095,0.0053219508147614,0.2079905641828335,0.9865349090356276
run_0385,7.514876244330214,7.396836966455375,2.834106488933333,240.21653196488015,0.2424349397539469,0.1556653115740512,0.2327867707382013,0.1494290589930749,4.712955542174148,0.3444897911006644,0.5784954549823061,0.0070873933752603,0.4757655271988784,0.7119267305137198
run_0386,7.274894497911856,7.599811948665144,2.834893603327183,281.49058501604276,0.3473160241627103,0.1915663736268137,0.2708190070805527,0.1844414032536639,3.665804481245707,0.2642028168614143,0.6615818074321118,0.0107819230023378,0.7712890529620539,0.1905200287903278
run_0387,7.727704493109856,6.7609397790706405,2.7001845616095013,219.6919026181335,0.1786321833966498,0.0746691169094471,0.1086984732916578,0.1112086310012807,2.9526036373537874,0.2272956526156458,0.451521648534575,0.0061501944969698,0.7008249418559931,0.6647785429684432
run_0388,7.844683935379232,11.3177192044207,2.958980498164959,221.02346735710557,0.3743755020026523,0.1129203926472519,0.0443466085134522,0.0888352231490059,3.611628755188185,0.639047030972353,0.6885543894516891,0.0061439368231906,0.7275638143376334,0.5163647301856573
run_0389,6.140346702522019,8.13494387840987,2.9851387804123295,114.39979199465375,0.2517991224965989,0.0882167029819368,0.0895535302932383,0.1852584175235603,1.0311435226900247,0.4173674001151454,0.4304465261990546,0.0039994472883599,0.2038828270520196,0.7449682333258524
run_0390,8.900629369515162,11.987667915350084,2.609968134765487,238.00681015862725,0.3075917196650188,0.232022583469038,0.2578956258267197,0.0135965676243326,2.1261114006407182,0.2649758436272578,0.6052102286340643,0.0042006538849286,0.6145194317002871,0.8708961346323152
run_0391,9.838634210688102,6.950615125726869,2.580237121065502,82.718829063201,0.2791640355787988,0.2989851648301432,0.2225957869879352,0.1659899701301338,1.4250642291010989,0.2981584609080493,0.5994348488291704,0.0018474807959876,0.6204918162582743,0.0329284106247569
run_0392,9.24717579032964,6.165762344513115,2.802206216679665,123.0006171548681,0.3296144285705213,0.1762681042075957,0.2950976801819808,0.1929462016415715,2.427574919417542,0.2954234351097657,0.578992941567053,0.008473098045029,0.6287900782702148,0.8617465865168912
run_0393,9.835774567867343,9.133121853368264,2.851837530278833,97.85474660127534,0.3380247260921042,0.0825869963756112,0.2609847803915143,0.0941138086709624,3.888887599252013,0.5273657032114182,0.4378595743855633,0.0090392008825918,0.6865614437913814,0.7815094440321899
run_0394,8.931647913360212,10.097421771327628,2.6372563251923693,318.49736525303416,0.3930334495638277,0.0396888142086061,0.0450802187002589,0.0849860154241491,4.421908428883853,0.3277711885559924,0.6623080961288468,0.0087649100153304,0.3691659012535945,0.8135947196949409
run_0395,9.067313724750312,11.001475704446568,2.5084443557252536,24.41758455031301,0.1970740582615691,0.0557109360653046,0.3161515953380704,0.0344523655410504,2.0130242805306087,0.3329997370068599,0.3675114552775799,0.0045884770400815,0.204440548589417,0.5352000542871613
run_0396,7.366898717078361,6.473129856465679,2.7585085271625274,24.54809968574725,0.2432993617959169,0.216124055050189,0.2472532225224202,0.0735488868466933,1.3095645165872076,0.6159559756426829,0.5332013735195229,0.0065556654786335,0.152744035799614,0.469833558687293
run_0397,8.902659270992341,11.291552185697276,2.806521168771997,189.47450757941544,0.200034820083111,0.1081396708192864,0.2211484287626487,0.1339515236676049,0.9624092355119545,0.4237109586941154,0.8489417694922954,0.005219164189796,0.3862481883729641,0.5384906247066318
run_0398,9.890997533620949,10.50341181956021,2.5919022026863754,258.27693079128375,0.2729526653755652,0.214931872898724,0.0935992627723084,0.0837435468641287,2.260133691224623,0.3714038589832172,0.5291026980020389,0.0077665567277225,0.425249150447138,0.1845247058079754
run_0399,6.996862680364304,6.572116136682637,2.8525531413602008,28.149531512989338,0.1531859905300635,0.1399502856971128,0.1833425003530149,0.0624391036058753,3.512003336234713,0.6538415990535145,0.7956254216245369,0.0047487245307948,0.5316989363192551,0.5462625012746428
run_0400,7.372936687143062,7.589798087787993,2.65713081489974,39.79612577883031,0.3774177910585237,0.0629892994502204,0.0448156471441591,0.1299281947012536,2.9116987812412543,0.2625727390924414,0.6935858625250213,0.0049945901177449,0.2682495871616587,0.1336741473347734
run_0401,7.432745748049376,6.1343194755461035,2.618267864296435,183.6295860133704,0.2346091612534608,0.0855350329462131,0.0590530273149103,0.1012653817114161,4.278352544074286,0.5635963590146762,0.854096880569547,0.0016896576746981,0.2561928026211053,0.1646156349837992
run_0402,6.25588204845922,8.49808902474867,2.5192736179318347,181.0476410925969,0.3331868899193252,0.1945746862173052,0.3480316021915113,0.0820414739975298,3.945248597831564,0.4200721485381301,0.341685567441595,0.0062329051332082,0.1709129929677446,0.9031015143040422
run_0403,7.692432096839589,10.318873321072626,2.4694131857957737,255.5590412036125,0.3846129389745729,0.0647982166193776,0.1614293768038307,0.0638476408702538,2.221944899517608,0.3903887747955082,0.4594227678754087,0.0047985178997681,0.5377489406376661,0.1038985401084692
run_0404,6.496176256834666,8.22360160265272,2.6588600216566705,68.08558952226748,0.3454872203834445,0.2373577674850307,0.3343141403104388,0.1463126455881919,4.959659137942503,0.4098259897596439,0.7574228573888577,0.0014350946148898,0.5855699905845516,0.0880838582575446
run_0405,8.49676962092334,9.789393451226934,2.5102914945974932,194.12115469616063,0.1792726164399333,0.0379989503473286,0.2757107012461011,0.0319850842274972,2.7157156944921237,0.4051574875598666,0.5694397255426152,0.009687948418781,0.7568893419340365,0.8562079758222975
run_0406,9.249158863979924,11.795954429685954,2.5466790484222517,281.6648501075628,0.1352846005060722,0.2212806542701751,0.2701238333579727,0.0808599712810611,4.347877720200292,0.5352860986348507,0.8484751567112634,0.0110358989600996,0.4440066382867491,0.3400496591501188
run_0407,9.512291822506736,7.9468388539045645,2.5266528976530527,329.3825017251987,0.2910905074549897,0.2964100028699138,0.3325253495239372,0.1841906179377114,2.0875018893884505,0.6497901741069829,0.6860827129585358,0.0094336115201693,0.4826297064088773,0.7672247547101125
run_0408,9.714033989001848,11.004941857486056,2.7710687570961907,79.16430635784,0.2977260631568201,0.011595470282394,0.3000965198691332,0.0319354687148047,3.708996887186299,0.3067339114295708,0.6125794319651806,0.0107576115093434,0.2008698425656885,0.7235592184000679
run_0409,6.6866989731957345,10.100032390734183,2.6871281060429,217.92622976550464,0.2513086733740818,0.213451471939217,0.1279143663287198,0.1222999111519526,2.2906726072925667,0.5732619258005585,0.7315161773529899,0.0040103258072574,0.1882300787968857,0.4923096235126527
run_0410,8.324560850010608,6.706078978136627,2.5143636741843403,331.21855029747,0.3991479908716855,0.185440192264597,0.1377452396937994,0.0353693720726846,2.194465834005908,0.6135081466715753,0.78208896017988,0.0034068965350762,0.2306341145536042,0.2886235570981711
run_0411,6.2778281821901,9.100171533338733,2.9636571391144377,118.7112223200838,0.1019140471448738,0.2981072916300984,0.2734494968433519,0.0558934651697756,0.9643362434751768,0.5305170440045567,0.7645590030203,0.0046607268912557,0.7365245574476244,0.8691918464519739
run_0412,8.753296881226056,9.741761180298054,2.6856596048021353,111.4423479731827,0.2325635798604632,0.2712135818028526,0.0337386902497814,0.056926432196775,4.087113566861244,0.5698627546815161,0.6441828218161341,0.0048385180739872,0.2407015658373283,0.4820028257165265
run_0413,8.133070000348994,10.269401823854448,2.7788269294332584,207.40723809097983,0.1192181161214779,0.1435718733914183,0.2889305867122858,0.1864660124699515,1.3106780211096647,0.5963273237967446,0.4325602645805567,0.0041398719857776,0.4441298272524229,0.5361872679556134
run_0414,9.330961247765618,8.727278214627454,2.7151021228929384,160.4886935858841,0.1666879102287736,0.0912572395676814,0.2096389552662384,0.0659963864358398,1.8342316021473395,0.6103182748243364,0.6075884206350279,0.0032449330923766,0.509478106874803,0.074622523933959
run_0415,7.698972479098097,8.0277759206399,2.886396296991549,194.81102276507968,0.2025214559245683,0.1793898991482408,0.0964512096823477,0.0506408188142395,3.9492634587013393,0.314897487371676,0.8949912199192793,0.0116818496403416,0.5879976786334725,0.7424130062204651
run_0416,8.9812675658304,7.085524758859656,2.7381939827401327,242.23532906192096,0.3195211919600722,0.0599101846727367,0.1888534723678252,0.1618766544708868,3.4642009798237057,0.6295866589283492,0.391635159675198,0.0093869698358189,0.4342941029437542,0.5667436933759732
run_0417,7.953053277973605,11.099404681990103,2.997786901854309,93.18009152478328,0.2991593896475756,0.0177477260466762,0.0362998802539544,0.1615355262198951,1.682123177648201,0.530945131642693,0.4883699683713698,0.0076286806434668,0.5949017985087266,0.8225681999650729
run_0418,6.055952605195762,7.664246209347881,2.8670869973168873,185.79225971213256,0.2803627889535561,0.0193505108115307,0.1323224018941755,0.0790410171304238,2.9596365594248084,0.225242333255384,0.4936061964828088,0.003014460613934,0.3853644408077009,0.1373339412408439
run_0419,7.260347474169745,11.475853368008648,2.4620615108031227,242.0648740403031,0.1273544337380232,0.0260530346606343,0.1297930921470149,0.1444102779456507,1.4863522039208652,0.5603805522732954,0.4369177843639711,0.0011090297874883,0.2649506261863729,0.9138594936962492
run_0420,7.205376883723212,8.762329504136778,2.948764438159217,205.5672335100714,0.2595261250226983,0.1879089055569923,0.0438076574860808,0.0444699852223437,4.945730199201811,0.4359787865031417,0.8058100571277935,0.0019042631742285,0.3518187910745241,0.9250763246887904
run_0421,7.259944904757417,9.95766854175178,2.9168650187863294,194.2486599421907,0.3312206235671143,0.0946711362366577,0.2923395976811948,0.0428674051588782,2.175209421544923,0.3660505438690433,0.3166605386628426,0.005912152362126,0.7213775997545232,0.4076882356228147
run_0422,6.197415529787736,10.337598958429345,2.744711648282731,89.8011364159542,0.2058206484099889,0.0465004775543289,0.119532077142168,0.0788185143091662,2.438424338353925,0.5330557051292921,0.3072393594932419,0.0026593890349414,0.2300369870163997,0.93799533271339
run_0423,7.506506284753727,8.618092970663573,2.499431551940019,96.8095259492365,0.3911770900739298,0.1627114955282046,0.1943449139013526,0.0116106359852748,4.399415836709473,0.6021880551463901,0.4058071698941858,0.0086986286534894,0.3869063635555717,0.6052236693219482
run_0424,7.913520378911393,9.4848186860658,2.941903318025267,208.469515283356,0.28829608877496,0.2739588231875058,0.049838494108587,0.1714224690178536,4.775221722735215,0.4496839520841911,0.7535828823249204,0.0063863291406342,0.5653710701210923,0.3141739757583975
run_0425,7.249305938081393,8.092632777807601,2.85556261169695,83.87179548233983,0.2823354660210481,0.1763670456673483,0.2160112665100127,0.1434678480422035,1.581897082430058,0.3101727843112711,0.5807956695591663,0.007258144224436,0.3185758541199393,0.261344799170485
run_0426,8.276611233972492,6.626278039573303,2.6313681611494575,116.94843410734909,0.1533068704438623,0.1898291136248635,0.2846123471290954,0.1839405535305275,2.592275564405776,0.2867511477346138,0.696609302440087,0.0019612843779333,0.4689855062217015,0.25432752408409
run_0427,9.399679455039632,6.7150022558981926,2.833349739381142,137.422938499622,0.2920258911006647,0.2042512011669963,0.1266165971015722,0.1180752118106385,4.882310279817181,0.5861554962231659,0.6333149896610388,0.0060903420563485,0.1521121193471071,0.8316560865853119
run_0428,7.816073241300563,11.640276164260367,2.9128284117486576,88.67226946601727,0.1800128983497236,0.1879416899959811,0.093760048931922,0.1561272098309304,3.4996434996052725,0.4324702855026074,0.3379292479719784,0.0030946396414458,0.7653286645831359,0.5722506660832856
run_0429,7.812689253099906,6.828437558080781,2.6646651493338136,91.8256967077038,0.2342859896843769,0.0739880302874486,0.0765108526450146,0.1058905202803781,4.172346988211308,0.6827353332169168,0.8684530763543683,0.007705471893112,0.7311396527124151,0.3680256137973974
run_0430,9.902042047482698,9.648320148040876,2.456660122184706,242.6618911066335,0.1504242044297817,0.0810686925503203,0.2430503510872185,0.1933389047763615,4.496160001352874,0.3327065433377163,0.3859894134806872,0.0068934920833277,0.1041564451152596,0.9264896828559837
run_0431,8.322011819060465,6.603370028265495,2.482826298621194,319.268778647531,0.1608669847640882,0.2892082493490646,0.026063835602541,0.1027194680533079,4.026063568463624,0.5280008332404644,0.7429413927389694,0.0079443645771774,0.4943125368373726,0.5004519614339139
run_0432,9.467467676363272,8.602493601634096,2.7847704455996594,267.56189374576627,0.3595226401527044,0.1206023398661085,0.2234080045706026,0.1547763685826981,4.562918245508856,0.4006073792537988,0.8421575445569887,0.0038936225673339,0.2201777103793087,0.8867984283737745
run_0433,6.123690970583688,6.82379574498167,2.6168002754598274,332.3033953414457,0.3559769920933885,0.1072622015945065,0.1726655698266424,0.0535920353343684,2.001370970556955,0.2604874135384409,0.5954961461254333,0.0072634935608656,0.5774661940937313,0.1812382666066844
run_0434,9.850748313425246,8.176926804973753,2.473779396604335,214.5858915307514,0.2406712158591812,0.0784352064159209,0.0916944355779108,0.0766820875240634,3.1685989001110944,0.4477999057421293,0.3901525171232046,0.0011691717035126,0.1271779807518241,0.5221353795105784
run_0435,9.111867291710489,8.2136505581522,2.545315121389503,19.51074508779592,0.3634041306723197,0.0412656903252179,0.1208644248855836,0.1097939339436892,2.7138594716953,0.5007150993035534,0.8194341414079394,0.0047719122808308,0.5837543444797416,0.915582419252108
run_0436,9.573140741808004,8.310099770428462,2.537406067837665,176.19673480398944,0.1860448429292751,0.0964779533868432,0.060086213855943,0.1881836477271376,3.077951538623565,0.6812619874447583,0.3289765242531505,0.0027723053102779,0.3063646531227707,0.5034340939647906
run_0437,7.790273696939678,6.065998749249291,2.8418832177378075,40.97441080693853,0.2491469652616722,0.2051204528771828,0.2009767241671365,0.0746648051967952,0.8603855401961207,0.3909986450500454,0.8308395594260458,0.0017363584474689,0.7375993762989211,0.7861794050848888
run_0438,6.342549768622354,11.783209633119432,2.6801012418986803,83.47555633713706,0.1895564667099525,0.2129723746395868,0.2875702331519095,0.171837721646896,0.9256024566456788,0.2102108228859286,0.5618712361386897,0.0116004790581354,0.7304857712107843,0.066674918554061
run_0439,9.982453399983982,6.263020925961622,2.8041244728799164,300.10802317000764,0.3730292937117129,0.1609854604862451,0.1013167509576171,0.187053111913634,2.613512714153884,0.4819757424098666,0.4708646158495302,0.0025672627245929,0.5644486189139906,0.1215342505302626
run_0440,7.536621326278825,9.379314459158802,2.440397669388173,139.7573031573567,0.3361162636335493,0.2304504048805781,0.1945520966753325,0.0422562805722176,3.6804740362356334,0.3883253632215195,0.3633057057176952,0.0018941638326856,0.581112728178595,0.1047859432638174
run_0441,8.1551489120639,11.763028125679892,2.696787966522747,147.1753467991421,0.262844274643926,0.2802175344459121,0.1627940342695181,0.0260048574418079,1.5101961000018025,0.5028348580516981,0.6281404737459716,0.0036799958116724,0.2390481894877838,0.9468687303921756
run_0442,6.550754250686286,11.524167152900636,2.630448063712843,81.51550698386997,0.3923207742243233,0.2719445344219536,0.340730326413305,0.1277605185512278,2.738744740011801,0.586712821401504,0.7087620153789191,0.0037720562692163,0.3644229279953013,0.9677508380879388
run_0443,6.628882412832551,7.502441986889002,2.489355850835194,70.07807616675929,0.2418406349785141,0.2584879635389087,0.2425823988617629,0.091809625202768,2.528232109381726,0.4035625042189791,0.7714854034323004,0.0097637072170422,0.1163633126997584,0.912422300166884
run_0444,6.50093322399833,8.007913146915138,2.6891413520115166,322.48145538946216,0.2667333017544563,0.1246636830233834,0.131345679464984,0.0365861361097557,1.137029526736031,0.5557216421221585,0.3874543372773434,0.0109752862051981,0.1309917137977714,0.5852831253202784
run_0445,7.390184133754363,6.1455301932001305,2.807754450328837,163.2193825692759,0.1459971875808048,0.0781391120398081,0.0540191284833415,0.0527814735107278,3.2363398492283704,0.3141085212720502,0.5809079781991221,0.0012300250310731,0.7432869778866182,0.8351041559274114
run_0446,6.773665923585117,6.272726491393402,2.471718731303728,77.40656615446935,0.1783575614062596,0.2792100975954603,0.1459270985745933,0.0544405516038631,4.696698276112397,0.6799107456752498,0.5061261900027775,0.0096519412242155,0.3626221899257867,0.2679446299298637
run_0447,9.275035614420684,9.251264014901327,2.7867345253010445,17.795087496177082,0.1241418534586209,0.0386078577901352,0.2028638410128176,0.1560303553356777,2.5050432777745444,0.282049730966848,0.3983887995741467,0.0099648456149344,0.4529885394868941,0.1293893543551596
run_0448,9.870812562585987,9.137922549017365,2.961289383137291,221.80911327068904,0.2126184752256261,0.1820198195170692,0.0406406376487561,0.0763043635392561,3.568283516695625,0.5669328946955097,0.5479831362125401,0.0071320234844423,0.4847064795058223,0.3542196356068371
run_0449,8.314990669444306,6.159094335567292,2.406199648272018,136.6396597284342,0.2722420468178403,0.2475203634203014,0.2663274821664261,0.0824858521685225,4.8254234788207215,0.4498009959019771,0.5895586516935158,0.001617955945595,0.7978023986646167,0.4725174258641858
run_0450,6.02359115572422,9.364501273864924,2.779343553866154,62.43087071792951,0.25859162067665,0.1674571142611938,0.2897623716109374,0.0457343815278523,1.996266267507327,0.4193226447978502,0.8087529677975558,0.011692847280492,0.1917167889055064,0.3469236531532501
run_0451,9.116616281052057,8.56648250671033,2.9251405502004504,170.51283185065188,0.2701766889250995,0.1121379526731574,0.2186624785843456,0.1754540418733335,4.697882995264851,0.3912225243720879,0.69042072742172,0.0066804864211577,0.3170537111407268,0.9812104780230732
run_0452,6.911193902434659,9.539250525979044,2.685468946590243,267.30762978133413,0.1693736186065384,0.0164569240179035,0.2626162305053062,0.138878990528271,1.5551024097052504,0.478665763067107,0.5942547240734013,0.0015515740493218,0.1637444391801407,0.0660472036753786
run_0453,6.1502383941239245,11.608644648592684,2.929414780142339,300.66517372507184,0.2261567942632141,0.1472095776560155,0.2343820871087416,0.0185795631854212,2.451077670383846,0.302770182684668,0.4392710352738084,0.003918117451944,0.4992542377185371,0.1562500591676352
run_0454,6.515343644110789,10.602171706221936,2.946147610246965,95.31502985952648,0.1846977705672768,0.2021772859864077,0.1840029916672241,0.0609077403523246,4.647474663597256,0.612160246791964,0.8740702264710127,0.0091223688311883,0.3525063106273338,0.3551489724687857
run_0455,6.236237669358748,10.292845177005084,2.7612080004270902,56.03331280643633,0.1878573551973383,0.1832453511605229,0.2373393857132185,0.1318968060535917,2.4982880806362884,0.2631342947163607,0.4221882785837273,0.0061982040557495,0.599919500093179,0.0491234454017327
run_0456,7.235653346407408,11.709367776516928,2.5247172842449146,164.85689193046983,0.316903563356449,0.2724207622108091,0.0275777940548623,0.1306855280144903,4.841830387386058,0.3607166626987048,0.7357196636648353,0.0087398255812502,0.7615723805690275,0.6784222436994939
run_0457,6.41888626586412,7.818558964887956,2.624051673896573,265.1026171946813,0.2127996382903852,0.0367489280473226,0.0399183642242599,0.1963211969553059,4.460379350903203,0.6134478111277502,0.718005270896471,0.0023188349104619,0.4555936975993572,0.4906207229028926
run_0458,9.8591319906467,10.623159639415457,2.665039714235357,158.91165308358438,0.1030825338337304,0.1584505806897531,0.1282073202431884,0.0610443641978156,1.6980833985102253,0.3053680449192982,0.8775991559435361,0.0106206942825584,0.1223719484765453,0.3384887405790023
run_0459,6.85777109460566,11.134815011069485,2.8051599880169755,177.45543690656152,0.364838327029315,0.0139959646959775,0.1496197728809024,0.0633029173037814,1.002441793552066,0.4521528661173859,0.3622479278449583,0.0054532719138244,0.6317009841389245,0.1697124924792157
run_0460,9.181010208371212,11.556267343790712,2.97004860609053,66.99369565954335,0.2687161586193652,0.220227797148837,0.0460128593155466,0.1784854789856476,3.1925642033027906,0.6268098431919722,0.6452114059477967,0.0058109344226178,0.4015282089518096,0.7938632253432367
run_0461,8.434665409447968,7.173759808662358,2.940458388316184,159.52971604219223,0.3498234343646394,0.2126066336003148,0.0431634426597331,0.1016998099106363,1.6342982395507404,0.4121833485732377,0.5773332087026879,0.0024692957858266,0.4779126670735597,0.3561320101079926
run_0462,8.858092066565707,7.053401274240727,2.478779543975196,26.890702608062135,0.3854512344798622,0.2248075765753505,0.301881308014605,0.024625684078296,0.9222403395295375,0.4606440929186495,0.7403259561328113,0.0018560878038313,0.6331349194967087,0.8087673763321831
run_0463,7.402263001014948,10.587795223233666,2.644207795754866,250.22006932197783,0.3129618179182321,0.2864194364112436,0.1155091617568891,0.0771658448611791,3.791951887171515,0.394333801226594,0.3513452539136401,0.0092656174443549,0.2047032422300163,0.5759938771671046
run_0464,7.769116045723829,6.124583887132407,2.9668877727860226,275.2944507456659,0.2626127736476946,0.0328625865784264,0.2249433702683354,0.0908566410600543,3.8832767096702874,0.5124898166837986,0.5955171627707617,0.0074402434420265,0.245393934533969,0.6907123231898424
run_0465,6.974427219538596,8.186554670844453,2.9357461888823813,139.0046207521071,0.1736275742871382,0.0612619304565754,0.0702186071853407,0.0291281320167656,2.5194577312091626,0.5211740099353284,0.6741093075290276,0.0013220323115891,0.7635844398832472,0.7428902075502668
run_0466,9.387315129820676,8.481001531787117,2.580509192535757,332.6352487472191,0.1468730617633667,0.1428078772191787,0.2282429640152119,0.056645723598271,1.6217202591102469,0.5342373333426793,0.7240653939844226,0.0113500559936805,0.3904569693702593,0.7302064672933255
run_0467,8.79098868822072,8.385771400247053,2.8242323081315304,177.6155972656623,0.3509615512020017,0.2146648911929796,0.2397829393257949,0.1117596503453802,3.374525387172139,0.3901101226556317,0.370883513539491,0.0110304601227206,0.1679477778288529,0.289879857718321
run_0468,6.572320251434537,11.657764365108502,2.9597520217224393,308.45142277489765,0.1244718916730802,0.2651790351220566,0.3363702412860334,0.1045031755049717,4.656749732362952,0.4274118163989349,0.4703645621320156,0.0112908062964326,0.1036966375982367,0.8981548343693219
run_0469,7.072849464646672,6.2564948522494435,2.561215026712933,102.07829838488357,0.1784951031436459,0.1122927903884789,0.2517451572813918,0.1813223925433516,2.212390445464279,0.4033438089974673,0.7363669290599508,0.0069248331209217,0.5914108806307673,0.5485200673212515
run_0470,7.38235852842715,8.308194723308821,2.512275200403579,44.60795130685364,0.2674781472314029,0.0188076908090762,0.1372869320655697,0.1171631599304061,1.0816859180201113,0.2948715753453825,0.4169237543135643,0.0112151886363439,0.2055478196204075,0.4505983252332887
run_0471,7.342000963779638,9.304952752177533,2.4812266790869564,299.29187115201694,0.3443359980631479,0.2658678633015074,0.0594471684289335,0.1377641324220468,3.722629438930728,0.5842100343060226,0.3690803522701498,0.0049044191736502,0.7674969020632415,0.7983894427481446
run_0472,7.717782818766057,6.014969680066706,2.4987854384987034,240.79380898573103,0.3975235752092293,0.2822938156732325,0.2768773894124741,0.0328830884497883,2.3132349555540523,0.3150370876244164,0.3341265339154559,0.0061575316551805,0.1385670251694382,0.2328633301714039
run_0473,9.601994257377813,11.341716258838533,2.5898962394370963,118.27623738891072,0.3792037280163731,0.2013154629313979,0.3496422417044849,0.0875485051123842,1.9262777652482752,0.4339848841065186,0.8715357460407569,0.0108583132265038,0.1266726365916365,0.9303685429639356
run_0474,8.587755904400492,11.88689265128044,2.7810618351941234,128.99051396394853,0.1013464461587025,0.0310513531664251,0.2703415097402213,0.1501877919655197,3.719780714883668,0.6609750113201971,0.6194784012701584,0.0025288586292563,0.2064291760489162,0.5738443086278656
run_0475,6.536678682369766,11.874032294252943,2.5764991647619313,296.5454829367459,0.2326718620099724,0.1362403470134739,0.3385275358059073,0.0455339148179931,3.0999451075292344,0.3658939433457416,0.7532002665512902,0.004542640576587,0.5896024749610308,0.1465752073715178
run_0476,6.445489846477315,6.345853112292672,2.8767581338257675,32.134140626892574,0.1382211574035786,0.2721825086771979,0.0940027798939288,0.0678245353752541,2.371828966017058,0.583891228439724,0.8100950843348884,0.0039252454120539,0.3616475086210833,0.7440541490943874
run_0477,9.41792787458112,7.684627985000541,2.7850018404100845,181.28021200433244,0.3070609320659601,0.2240454497806703,0.0374763127094191,0.0962264831035583,4.676721522224751,0.5762785062217268,0.6265326141051935,0.0095113848141421,0.7847921264129909,0.7574706051692165
run_0478,9.232215245792087,7.353545551474754,2.4730631246565817,154.02970080491048,0.303348561909036,0.1657121417150484,0.2749702091670378,0.1301221163636272,4.665608382812067,0.2145942486069806,0.8151062309357235,0.0095903268267548,0.1187395302462811,0.3802529205895389
run_0479,9.409666405572352,8.665405259367008,2.9227182068224353,107.25167798301268,0.2649767914151487,0.072660829436233,0.0507868995415411,0.0867951183282275,4.786583776541082,0.2252902072811043,0.4665780316106305,0.010834876829616,0.1183311748236222,0.584275271419743
run_0480,8.523212866957374,11.719862910700016,2.9359744820706273,254.13672433461232,0.2208364062443495,0.1460985304884556,0.3369943821047108,0.060513862578244,3.2470209953530453,0.2746055136071476,0.8286581497509733,0.0075310152157559,0.3212510706820837,0.3981019664501991
run_0481,8.365803430859716,6.423068980895952,2.7323955757659295,121.93256915317266,0.3020811232736025,0.0108218753497216,0.2636152324087517,0.1728905983595695,1.7931727085524845,0.4474978846202276,0.4541715413909666,0.0043049587472323,0.4742861885779121,0.6292370673845187
run_0482,7.915089073399653,11.658924235573192,2.657694952158896,208.2112229733452,0.1210333910903068,0.071203053319555,0.3190537703031114,0.0123672590218868,1.4388226696476203,0.4747787073916817,0.3838759019187919,0.0057891615461034,0.439834609916122,0.7272044585890526
run_0483,6.648180261018875,6.411966335923439,2.5529048254206317,81.60428010162781,0.1996251897388828,0.1605860046413943,0.1508042908703753,0.1081927685807167,1.817768138074949,0.6171042528435303,0.5611605940746917,0.0081116258844374,0.3549692637017652,0.1853074139855419
run_0484,8.493210132913743,7.11735618014816,2.5933935263885974,158.6298768116463,0.3541929005608448,0.2721042990639538,0.2049497418469762,0.1041392195470938,4.557623754671958,0.4216237569457103,0.7693640921657141,0.0052145441085511,0.3107846104762983,0.3445768695682937
run_0485,6.831250393758365,8.831018886923239,2.543485697369551,332.7152751253547,0.1407052297680472,0.2262594491784696,0.1654369373837293,0.1214169461155932,2.951333004521243,0.399210474552764,0.3814778244182127,0.0048023480339712,0.17192742493709,0.3998102042316639
run_0486,7.596230059997168,8.535681522856507,2.4391421127645,340.5689904319784,0.2196363452065847,0.0404807294254997,0.1148352103610322,0.1114328497146744,1.0701900202791987,0.5814735448118238,0.8383494585554774,0.0075384425692623,0.7168280349386927,0.9169049538202134
run_0487,6.0277529874853215,9.024092739817204,2.539302527908257,225.73143883535244,0.175976516831201,0.1244001566428558,0.2548441646848048,0.0166919587557506,4.3636685512275335,0.4220346894888995,0.364914008795815,0.0065674041985684,0.4386271276128449,0.4396907987810459
run_0488,9.951485060213544,8.943078726696694,2.927579783997736,286.89078120815924,0.1230916126872438,0.0331077550697026,0.0852902007741838,0.0368948995227996,3.7658255804082783,0.5595023505177517,0.5358831515213874,0.0039406341188212,0.480939573653429,0.2909601166787572
run_0489,9.661556635019554,8.356747379292214,2.927939454451931,114.12836981733092,0.1255006603709883,0.0847662142915823,0.1773097502897624,0.163006261780587,3.643107030670789,0.6469157682880744,0.8429299884903854,0.0067896955697877,0.6599247424090608,0.7949438274404709
run_0490,9.693565143141274,10.83928272890451,2.698474433497267,201.00154380412403,0.2202207325158246,0.0772285956648541,0.2455908888470594,0.1099358750942777,4.620638003769935,0.642859130299611,0.6546957101202435,0.0080973800820129,0.3413467337461511,0.940824929228853
run_0491,7.127547129619801,9.66149979681958,2.5091921842642866,136.02091665094213,0.3223483191559653,0.2408242360292454,0.2728022801731231,0.0665580430324973,3.6635646730856015,0.2685495437408626,0.4629188066088086,0.0076222362775044,0.201351042501137,0.2838678363878625
run_0492,8.550782772522515,11.776115421222215,2.699213296519177,334.2020798495306,0.3999904372395374,0.0206995492983702,0.0607249068429463,0.0682232294671505,1.1214548050257498,0.6419965380885064,0.7204194426782291,0.0073087888941234,0.247223981405377,0.2972364509554138
run_0493,7.60860843267305,9.296048490916023,2.7445567044036876,165.9929214869401,0.2185381966502079,0.2984327748353335,0.3360270572234105,0.102589818889881,3.528431108347835,0.4075993038582245,0.3061000185698336,0.0062869306935234,0.2936375940390688,0.7830571274253526
run_0494,6.239301356649528,7.318039555931664,2.740115912870521,196.45297763307897,0.2168873237289742,0.1086303048425065,0.0559692297682642,0.1879816715787959,3.7035989153125426,0.5082077409133651,0.6662218447784423,0.011048983246473,0.4257418606601567,0.9495126203332273
run_0495,9.027517043829569,7.314830786737557,2.420227829011929,275.45456339108557,0.3523534063080087,0.1199525214553783,0.1072403486046292,0.182561470397874,2.4609575175559018,0.3696822936413882,0.5922875343058773,0.0017507825895461,0.4141080068060832,0.4942017097723098
run_0496,9.84923474145403,9.819678313424737,2.536582939534831,256.0114261058052,0.1028927034738947,0.2668108980897601,0.1303657486733404,0.1778681281410478,4.48734969536278,0.2860920102558515,0.3528849220362192,0.0066623752877397,0.2993991270647401,0.8727249812736444
run_0497,6.211270504639419,8.904272627786796,2.90569296227624,123.9883727413136,0.3973635416289752,0.0709875810742498,0.3455969165514698,0.0218213399766552,1.4036705225365522,0.4334567007283417,0.8980207085493122,0.0012883795256437,0.6415292355819355,0.4168192150350787
run_0498,8.779502480952672,9.477146340339088,2.462231634743165,25.555114807400845,0.1771268932473832,0.0715964700811667,0.2016722690983825,0.1356180095694202,2.3876654911790474,0.2830086051746013,0.6728176768126033,0.0038062845273032,0.589889100719977,0.0161854010305852
run_0499,7.858804507830091,10.349836369453136,2.532898445475049,95.20960247737294,0.2105308086928702,0.2661776403887546,0.202952619776223,0.042630729895842,4.479626527348435,0.5735404220619731,0.7008795170704228,0.0036983473818156,0.1567476492121556,0.6596289751233395
run_0500,9.82451369711319,10.845295277018504,2.7073204009582628,108.9848566026068,0.2404164756163604,0.2191691030494161,0.3170431197618952,0.1101248845957577,4.246097291116642,0.3146179268775989,0.8846779164318552,0.002952629013426,0.3985480745890861,0.6671409251817507
run_0501,7.529513230608428,9.612097343984184,2.8531855375048116,155.8750889832725,0.1113959596351887,0.1789897608610999,0.1915646593034074,0.0213069215141706,2.6535917267581928,0.3021293240877027,0.4988698632582606,0.004005628027292,0.1452901044403331,0.8998744691671943
run_0502,7.68077577112817,6.561300921744912,2.739299713399973,57.55879192062456,0.2868685120655014,0.0462320365005601,0.2498730085529301,0.0513605383081902,3.3953843417806837,0.5033153670977448,0.3933338932228324,0.004674403767517,0.6303689384649882,0.7344013017946831
run_0503,8.19382940684892,6.068303925138579,2.896811412844265,23.946777863684876,0.3052927121674123,0.0596877602265408,0.2529046232803829,0.0916722896313105,3.2066427088515237,0.5404446946524939,0.8461892571953453,0.0088791384601836,0.4394562275919216,0.894808587586615
run_0504,7.652286538559796,8.45657891699563,2.7283247934147523,270.4668053151492,0.2292744194910824,0.1454282112561548,0.0676930817131828,0.1719691262487337,2.775308786210277,0.6440474475360751,0.4650840944217367,0.0083262893895856,0.210100544603932,0.282646099300704
run_0505,7.460669316555796,10.259348861090526,2.5262089252484303,217.3446306839884,0.2380305014021491,0.2844180371535029,0.0394254920003714,0.0598756207594233,1.7468572845066574,0.6442610277731271,0.5937572861134709,0.0080463860856438,0.1322717788459179,0.4173959145293477
run_0506,9.35673483524521,10.542729750562646,2.8257762942623694,54.85111823330207,0.1151228320918354,0.2170124221673323,0.1415970252719386,0.0601054908290289,0.8843424042391298,0.3765577414430738,0.8856971548423,0.0033965508088888,0.2604823918253728,0.273832282062936
run_0507,9.3475301436409,10.64696926391885,2.5519981614088287,225.13389907181136,0.285164214650955,0.2638859662433088,0.0347060405655345,0.0143657468984511,4.8873530224005215,0.5406079526103578,0.4462987559930776,0.0047171896596976,0.1766647280585309,0.1662078037763057
run_0508,7.740641773266856,10.993405953740192,2.630758040025706,28.638651591081334,0.3613925934184604,0.1946299463297265,0.1626001432837611,0.1487330737705196,4.9907617731770495,0.4312483046001496,0.3150133416394732,0.0098062235714995,0.7788982072073789,0.6965011213428836
run_0509,6.455365744650887,7.144623467440622,2.559944622292148,46.38517265676096,0.3925824189573419,0.2730784898607671,0.1959287990223494,0.1032498767149742,1.431450239131541,0.3315808064235338,0.517159209182982,0.0115642199768649,0.2730010183286866,0.1399218878151379
run_0510,8.21715596147552,10.812861357833722,2.513170359484671,3.4029213878391,0.2087722006585871,0.2028900240163361,0.1617698646293373,0.0307324387290286,3.814070572382785,0.5968497771933728,0.8623324556479783,0.006264959130811,0.7422502590344031,0.4137107238753421
run_0511,7.598382564256475,9.231767178848052,2.75314325747939,8.828185524950856,0.1323710375188808,0.1686060083527227,0.0710547178278825,0.0879523169690257,4.62290148234487,0.5358004893163786,0.5574204856559852,0.0027577042129614,0.3450987235740597,0.4899016004060793
run_0512,8.544930896101292,6.650934585666659,2.73614887482986,355.2218394373574,0.3019396831996332,0.1186558247054199,0.2462667605306752,0.1477494555644322,3.447857479665392,0.3535067348366206,0.8136233000525055,0.001515211987603,0.2318594014710266,0.978281791853155
run_0513,9.134620119940775,10.681929516982024,2.7110798118456807,245.08749688336,0.1952109116508278,0.0902828851483743,0.1812985194475595,0.0570574101934026,2.491494075040185,0.6991822842206761,0.3202338412556081,0.0050727901068405,0.3709714088002019,0.0460220078653298
run_0514,6.041738658982043,7.110348259563276,2.6115885609185145,52.07534036184637,0.3793938548654286,0.2303501333116575,0.1182740835837163,0.0498066905369094,4.992426337752017,0.667649417844019,0.7195368693534324,0.0099427771013124,0.664139222165648,0.0611883200375183
run_0515,9.340971476540632,8.724638775531217,2.4439023771928663,48.31174157832372,0.2825777101443542,0.1180151018496949,0.3198252308955799,0.0393820188822375,3.264822156545672,0.2214510875908781,0.3176358442573632,0.0098374102252511,0.4081666762331838,0.6604321868443171
run_0516,6.8546814282771615,8.543684765223153,2.4638919331079068,218.46252775635972,0.16717122104144,0.1228116440019655,0.2090632631011496,0.0944339039118275,3.495986783370652,0.3119065367737991,0.7417182453314006,0.0010286993009872,0.1912223983132899,0.6206870145099785
run_0517,8.12303588020344,6.74746051396124,2.9200292874668525,79.32781949906176,0.3947944619114233,0.1808360906492366,0.1880743658932758,0.1391062162623061,2.9359538965536984,0.4062007613325836,0.7149639732383533,0.001079194768156,0.6689128160457672,0.5477430307067103
run_0518,9.612293177714434,10.633167381633289,2.587938688204484,82.25120521678355,0.3094827545695362,0.1711083339735034,0.2783843427814815,0.0574951593720846,3.553343616207483,0.6805433331946558,0.8218359947365292,0.0054878767699414,0.5607531496336882,0.1054727054750367
run_0519,6.431359242080725,11.93511327114329,2.634026126074835,35.93559678529329,0.3275709964325675,0.2086618376534919,0.3129465803694257,0.0588072543554135,0.8195092891716222,0.3615607892392301,0.6652822749449349,0.0032788878496297,0.5663357444839233,0.2566301125191995
run_0520,7.23256268314451,11.945742387606028,2.706552524945718,79.71610911349332,0.1589601279895235,0.0364025363159888,0.3469454205061905,0.0251889117367357,1.989494029913169,0.2922031923434775,0.5542894848187324,0.0042930309979784,0.5463098741564795,0.3614277743002403
run_0521,6.14470764166278,7.848048316008672,2.5098938836250237,118.60573797197875,0.2044138225747056,0.208846753446735,0.2553508494658141,0.1702023292145386,4.7566540069060075,0.4398807181930211,0.8176406035551564,0.0037145115393043,0.4534745930007867,0.3486064649365363
run_0522,7.885747176512716,11.494816289969137,2.7676839531463178,88.14959265742438,0.1483896239311158,0.2607603886789945,0.0301493995617662,0.1333886113659186,2.0833743282279347,0.6570072918375357,0.4522624248528371,0.0083242013915821,0.6421333812727776,0.1074815742296949
run_0523,7.627214236008709,6.819209273945097,2.9391807874369795,207.83713150460324,0.3838047930362227,0.2673128301040279,0.1673050211791041,0.1293744964417511,2.781955759223334,0.5607785903074498,0.6298916480068748,0.0027343811706952,0.3511638334804104,0.132549134291018
run_0524,9.502715238496569,8.287535244329156,2.8577603571092456,117.7376550006866,0.2568179774697593,0.2033886673189206,0.3152448368800797,0.1928698281593975,1.502840438473608,0.4138657928996995,0.359298055699187,0.0073608779615954,0.7446074893116842,0.1154349584545335
run_0525,8.953926291722766,8.234527060305265,2.9097141160457927,170.8964274359994,0.1078766559812083,0.0699742730433006,0.2405223817262776,0.1560015803497889,2.2505201272779294,0.641086024470084,0.6232562806906244,0.0066442644910357,0.3957860115546152,0.8190883137043147
run_0526,8.095631584571478,11.54072558929342,2.8304491678198365,149.79896447551195,0.2111629253365761,0.1560258099141829,0.1668140399342272,0.0856351675690887,4.1756739053764536,0.4142943020379129,0.5944354905472861,0.0087156975872912,0.2270222731571244,0.7550213904253953
run_0527,9.119148394887135,10.429948438065308,2.9287931090745696,192.7117918059344,0.1024082504758158,0.2261859078348265,0.0469181525408003,0.0504899831060292,2.648946240068186,0.2442178658105097,0.5015896619589666,0.0041887667110844,0.4177087162418015,0.3859928934852126
run_0528,7.155567818923325,10.806785043189144,2.743543369893109,339.1383175506415,0.2809915128951035,0.1887386850097439,0.2364125226121662,0.0407069126571624,4.1147715606300945,0.3219363071418276,0.7814036083641345,0.0110181654960814,0.3252102709780732,0.1434931606778631
run_0529,6.328081199829457,10.759273181257946,2.423223252526677,129.2019351959243,0.3047852519231798,0.0155480966445866,0.1107845368293217,0.0888884755346353,2.783117793134807,0.5852911079563565,0.8210381726463247,0.0030411730086175,0.5523884816249024,0.2074517381903471
run_0530,6.753788757556978,9.71640658663898,2.8892151747882044,298.71064695519726,0.1046876873203383,0.2650279247442072,0.2828886940833938,0.1734796554164818,1.4497413062677835,0.5645177648910321,0.3243502477731369,0.0017004366093908,0.1504995774511232,0.7479328971866473
run_0531,6.60198067389248,6.481697553646919,2.6762731443220984,225.6556045388557,0.3822664385809645,0.2639071297252547,0.2947694909001612,0.0459272004293895,0.9833007169733308,0.287211482017724,0.7952854897721404,0.0112099036167818,0.2576252096519887,0.7643152878576227
run_0532,9.867054626667128,11.860532551835286,2.944128021560176,107.40345000985664,0.3025872415668005,0.2465525390406628,0.0363821793790221,0.0296138439620956,4.18996455578996,0.3245482497244011,0.3923659475636074,0.0087679078143284,0.639181261247911,0.382213784528876
run_0533,8.803923166128463,8.040281352790357,2.9427141647551274,221.3993732537368,0.1463180812611937,0.1525088718448122,0.203460538015942,0.1715381823943844,3.3847275993070776,0.2672965072611702,0.6838939575384584,0.0050014652871803,0.2279644426881377,0.3752393098967794
run_0534,6.377039715062343,9.590176247992012,2.6278726331887516,49.87649931302624,0.1477745658795281,0.2573821239704887,0.2611856043547295,0.0294969623571399,1.030383458249715,0.6995523966274888,0.6944207035161045,0.0030568924751559,0.7932937448698879,0.964989173562484
run_0535,7.486105874716217,8.148000068938746,2.785271330920914,237.0405369305247,0.1868651581809501,0.0416471524534264,0.2592710102662471,0.0435822835983781,1.80031030538335,0.3794939873810816,0.7171495377263701,0.001111471825117,0.2812341211198363,0.8972781047132603
run_0536,8.05093493974163,6.090793303884122,2.7141106638867623,341.6673104013592,0.3040567722369656,0.2265453721021489,0.3471394821623756,0.0845232080289473,3.979275337951457,0.3055754259013529,0.3270850989599611,0.0107706813580075,0.1290953643381091,0.5366637815986216
run_0537,8.887274670684286,6.632940916939204,2.789382251506051,246.89667631290448,0.2680806842012202,0.0520258036876712,0.2085942341502063,0.1265431299209159,3.0600609219868895,0.380307178039762,0.4129851183043759,0.0033145519959012,0.7093111820652278,0.4794564353439764
run_0538,8.477217441498201,7.298863372700037,2.8351999094888622,174.6069240163426,0.1773238743076585,0.0635307165247588,0.0873789942837919,0.120649532515671,4.737612252466458,0.2151541120257665,0.8974054781614655,0.0087056313027146,0.2433072242852842,0.9143473270253856
run_0539,8.948936103088096,11.804836088402007,2.874566289037772,342.1787092010906,0.2506173684937652,0.1295276643378095,0.1053890214131659,0.0869289896651753,4.219465539137569,0.6167701169838036,0.8903102582726843,0.0105902314248983,0.7573510157461822,0.4655533120920581
run_0540,9.87417192686634,8.93312053737598,2.795963906229721,330.0408004370403,0.3359056352702289,0.2130168393333122,0.1532065468219569,0.1031347813553845,0.833797019131929,0.3272558324082985,0.5191049608202106,0.0099927754237363,0.2305235191880812,0.8493203608270019
run_0541,6.685982570605346,7.332056448683428,2.86832918205637,294.11495053987534,0.313597280102431,0.1413167894233545,0.2188204875803964,0.1063445414336619,4.382262982753129,0.2120523376343248,0.5578336620900028,0.0103149243452572,0.5699989980833934,0.4445011543470202
run_0542,6.764764027758157,10.192681853302297,2.571788661733034,147.79696891848644,0.1520768212287714,0.2295573780606866,0.1940623677481435,0.0802156441246439,4.413471515418544,0.4650740734662091,0.3106786656772824,0.0010847000065529,0.5357506464497857,0.7005077376096623
run_0543,7.932974761967065,11.104278409643506,2.556630803469259,80.6425855717475,0.1690332088296061,0.293465548253596,0.0621600710431691,0.1923148265777076,4.254986459737714,0.6130644417322438,0.7350996230308595,0.004567216048827,0.6280088655378794,0.4040955337562046
run_0544,9.24341243941647,9.111945504381897,2.7276821374429727,90.38797992191492,0.1553020171613939,0.2391374260563084,0.2376951953916434,0.1275968841357495,3.2519235943156364,0.5489861935559112,0.6555156905035604,0.0011380395730421,0.279182873206566,0.6355808441390538
run_0545,8.39098225165182,7.83089411133488,2.7417339206492106,107.71614459232605,0.1145325509349573,0.1045396261014794,0.3261942502510091,0.0993998229474481,4.963097494069612,0.6906567652154779,0.5108907233948757,0.0012754676132049,0.6591854951686997,0.4231476112993424
run_0546,6.898611525595777,9.302238350515893,2.614180866748062,233.0306999318391,0.1874024303479244,0.2914884628221635,0.3461292853444552,0.1475388676853478,1.5191907147534696,0.3667398479131529,0.3977357232531199,0.0018153103111707,0.2446223105878288,0.699111797768274
run_0547,6.927715224150024,7.420346895817595,2.451173187475667,209.70153246657688,0.3283518895196413,0.0903393956967476,0.1858513805754361,0.0651521670390554,1.4703796240397775,0.5744080355679924,0.3124102474511539,0.0028011856380519,0.2708028247067737,0.2004130637299672
run_0548,7.00212930260934,8.278795287138589,2.835459602110087,144.6248516609358,0.249360195017585,0.0419052696708214,0.2963893833291493,0.1858475740154799,2.4233064688983603,0.3700825499762047,0.4537644943512583,0.0042513209635417,0.1132916682927572,0.6630827979776432
run_0549,7.337005427951578,10.04198033991875,2.5429877861815973,69.59364783230397,0.2184952424270784,0.1816185505325878,0.1927961424432443,0.1014636448453225,3.0065806211255666,0.5943539651048892,0.8039046685672382,0.0053129336145004,0.7761610152126001,0.5297111775267125
run_0550,8.821679910545722,7.732415278119237,2.4136342362339147,114.90438641642538,0.1686358862579091,0.1008411261706562,0.1715455951998867,0.139251013541775,2.5464166361829017,0.2708334672238364,0.401869553482951,0.0063967136209196,0.3690009027654992,0.925882114413513
run_0551,8.939452622562083,7.301864144324725,2.9800380243568196,162.39044144089794,0.1138346332439773,0.1640715205273809,0.343143130442289,0.1354129689778867,1.5222807598285053,0.3489001943186993,0.5049430154572848,0.0096713375282192,0.109408743585235,0.691867025249827
run_0552,6.952799941116514,8.390543892276916,2.7214035194019472,288.82113085238416,0.2037498415748769,0.1517750658053241,0.2806412088772982,0.185807315974991,2.583449193542227,0.6568899112018407,0.3851724398439339,0.0086590772171365,0.5086223092770925,0.3637710789032533
run_0553,6.896367516576504,10.45826744595287,2.6529639663974365,195.91509925760204,0.2097187825059167,0.148671530675632,0.3351657275768286,0.0548578745496158,0.8612006188270324,0.2754331957092045,0.3111291545375579,0.010526831970018,0.2629514296313812,0.6775454998989536
run_0554,7.459759122012377,6.1109160403223735,2.6287956399523216,233.17822157421108,0.1965472836078201,0.0725034001786176,0.3267211095877785,0.1830632847276087,0.8700668620136559,0.6924990340294146,0.8535817328842936,0.0050899239178429,0.4097577882463249,0.8106542912034852
run_0555,9.533895570089836,9.203722116573774,2.5382735495679225,272.88852799321944,0.1307973922688173,0.1049129971289431,0.0870424215628944,0.1193570042240886,2.0952767325518904,0.482073330195881,0.4422710026915364,0.0077138793915112,0.5817732798419903,0.0983885053588408
run_0556,6.959242140685089,9.36910459680516,2.5581920585896034,223.94760944288572,0.38731891006428,0.146265339237388,0.0674591570232915,0.1385824460437249,3.605228617376976,0.4106468925275954,0.7906095479342952,0.0114404556747882,0.5031148727214384,0.0790620013303253
run_0557,7.955240897785851,9.413186589846324,2.531341463983364,305.85524915980744,0.3030468753137551,0.2243849071409562,0.1704012917786708,0.0656048213482389,2.7492598298441404,0.5116651436877616,0.4299164761843885,0.0016543316416474,0.6400034699138542,0.9922056064842196
run_0558,8.156597186275903,10.865247951031474,2.5000337786709323,112.08269047553227,0.2322168866131568,0.1625893974867242,0.1858794186912949,0.138016708798298,2.3148387463154303,0.53635549018802,0.4784047335318337,0.0064106081472756,0.5490542452473894,0.5073965738191493
run_0559,7.604419449465851,7.613560237826938,2.931358694619192,345.74656888026186,0.2563049265033976,0.2478455317897966,0.3275603557854026,0.0202891481736513,4.950432396398159,0.4364156134383264,0.561521779200673,0.0028110468157003,0.4707405235194676,0.6838363970755237
run_0560,7.646247545778321,11.984193518343336,2.8223790406722076,72.43202378793103,0.1778339394140752,0.0525898837106813,0.2901175822111296,0.019282795835876,3.960048507680918,0.4928242036462735,0.3910359001975793,0.0074908813131346,0.3563465661418705,0.512258276394113
run_0561,8.467477487296778,6.672623802374726,2.480940938697431,343.9363988860248,0.241473761710487,0.0984875270837692,0.1316629080580408,0.0830513025495752,1.3856327590016022,0.2338750106349531,0.4431760983229551,0.0058979474452469,0.5815939474414549,0.6179078650006665
run_0562,9.63882246660076,8.502917348820937,2.498389971506186,32.93220028437711,0.1668608034826815,0.0935078922541689,0.2012244337372685,0.0256632483117141,1.111538739396707,0.479305693670173,0.6426088450008745,0.0037942837617109,0.5601543221974177,0.3279852951986884
run_0563,8.647341175567776,11.409874559643862,2.604582059637218,286.67525172161913,0.201055294817868,0.1385831948828062,0.2525477537523563,0.0630423857845226,2.375975462402528,0.4582723063400795,0.829769058344181,0.0019341767092653,0.7778157926122733,0.6221720589740686
run_0564,8.678831841415509,10.355777871937596,2.553912472558876,116.22508833303696,0.3073961541079325,0.2878745736791387,0.1738589106034127,0.0743470446172851,1.5980949760079497,0.5504531022202948,0.4414143570213081,0.0094984411660946,0.1785718414361108,0.0223189131620853
run_0565,6.690030482939936,8.696577037978809,2.8816767211417416,9.74279272453908,0.3332649278880241,0.2321428445952738,0.273156212266257,0.1403351590825882,4.029947490350782,0.4841429582021482,0.338504514243763,0.0114038314827195,0.3181152161731853,0.9972120403618386
run_0566,9.360308910714892,7.964418685585437,2.9771445050715735,213.22073217571472,0.2369492872682556,0.12488453632154,0.0889768912692312,0.1645120565621096,4.019152992523033,0.5357073389101543,0.7000131422489935,0.0036383188555508,0.6546748473200951,0.6713855767495961
run_0567,7.413570361270549,11.686131447151707,2.496849692635659,208.3747128553476,0.3608968169701609,0.2007455176966845,0.0369279418584989,0.1291061638369509,1.1550412987663532,0.5038965301879208,0.6938139108190163,0.0104550262059876,0.2233206486346574,0.1131930270684307
run_0568,9.152226530695668,7.166824379141186,2.468448696146398,140.27798441442508,0.3751960010807831,0.046647829055334,0.1861829690412692,0.1944005979538265,4.195401984583008,0.4261851403660672,0.8922926678461294,0.0011225941615916,0.3809937309533892,0.0505929344196171
run_0569,9.146979425461648,9.777454629965655,2.6321738143830458,282.05229060016313,0.3328544514427759,0.2306682465494191,0.0707396957800683,0.0418236596678679,3.851762148552849,0.2810251174574554,0.6888483351714108,0.0020562290595276,0.2620839164858694,0.8027779909908549
run_0570,9.713203303583112,7.0773114489960856,2.667921918361393,331.02488952930275,0.2587347524147736,0.1501857116196585,0.286796444952882,0.1672300215606524,3.276601124135783,0.3637856799334126,0.7945316470736509,0.0099873073018002,0.3656171222611928,0.8935680181517577
run_0571,8.329888992741926,9.427982678843346,2.7458594023072154,333.4537556833567,0.2315151630763011,0.1532669495049965,0.3219591102832813,0.0841097155800511,2.7692160772149927,0.5919935056100133,0.4227673034988948,0.0027176369228701,0.7595590779240141,0.6945923286351353
run_0572,7.310319831254704,8.650236290075945,2.4651102216624436,255.2904518494289,0.3455984686935756,0.0586675938400789,0.1886371329809774,0.15333211044598,4.17939576693569,0.5748225321863907,0.3563006933565509,0.00643605929364,0.6854816493821845,0.7923681861403654
run_0573,8.604105183812194,9.256760458281194,2.9024265037217103,216.812320515569,0.2557919476180319,0.2632092182895844,0.1098311561326952,0.0982937849446765,3.1024585909074327,0.3039087915353191,0.7399306107204076,0.0086707436912348,0.1304496177739907,0.2750669519135608
run_0574,7.189141111828956,10.417523734544838,2.6042749497253723,294.68932010758704,0.2357244494394434,0.2381704599319762,0.1213884568486021,0.0207865106206797,4.78804458009552,0.3744476714241448,0.8001854301510136,0.0109056210081204,0.555857635226973,0.5156539080506779
run_0575,8.131213546680797,7.302745987980824,2.729127337783043,146.3934499979309,0.1129096106932928,0.1669496453654611,0.0421312151659267,0.1586460603981296,3.667109782268557,0.4305295118695609,0.5620061051321614,0.0101452182842867,0.7935095618098474,0.8881220312915243
run_0576,6.582121273370254,10.637530211851438,2.96516175087271,155.26567016455806,0.1913311583245806,0.0920728378076867,0.2748560505403166,0.1378193070006885,3.5925231156592856,0.3103877184691158,0.4110045918195416,0.0041653122206674,0.4048469116259684,0.9943787362348748
run_0577,8.158043090339042,6.969032797459768,2.8730368520730685,154.32925246418813,0.1068884637504242,0.2585912709618455,0.1967420378860084,0.1716122271552539,1.9782268925260356,0.2342067532979876,0.3262611863494215,0.0043984387635083,0.2664813009975245,0.3904674511226197
run_0578,7.273470906943965,11.463029328998733,2.4914866190198035,321.5053857006686,0.2298883821133369,0.0802482954449879,0.1424140305337305,0.060926502307298,3.9915819952892018,0.6599550794961551,0.8598753857734298,0.0035040085428979,0.7343052863803275,0.923986936441914
run_0579,8.531480080626551,11.526480314466436,2.964719742563563,326.5916049142682,0.3374056125091893,0.1571372749021592,0.181983684830697,0.1263058632485089,3.617933581152617,0.229015573264464,0.7672252889544546,0.0065421665069817,0.5891610011937601,0.8056372977448237
run_0580,6.051247454696628,9.091263765602644,2.843186850151006,271.044832500485,0.3629583637770637,0.1039083549481418,0.250969351601975,0.0595236411350525,1.6261215513122858,0.6901399700407651,0.5053050773879098,0.0065060344443083,0.3559199007341741,0.5080878704950226
run_0581,7.0434831831828655,6.112741789952107,2.875033854257504,315.71204565255096,0.3374845311729434,0.1420480978034598,0.3441040781373183,0.0621303672591111,2.8238049035426176,0.5691654962919606,0.6127185526325771,0.0035707903907295,0.4607605008862394,0.4618967878617134
run_0582,8.682347283619857,9.386721829986971,2.5888461531476397,257.48629904264595,0.2898138794789783,0.1743015807331935,0.1370236139847346,0.1224825047922064,1.7683701585249678,0.6299463149351281,0.3182276450069324,0.0017241037422524,0.3032129699547219,0.1862235024398461
run_0583,9.909534974734209,10.370332964456658,2.8720855830127894,157.19903583962173,0.2771967811580356,0.2940584630726942,0.0300046074919877,0.1510376783805735,1.129774177254328,0.3450774978143336,0.4543223164425534,0.0115020319467172,0.2602735713669523,0.824553313095592
run_0584,9.67274898956917,9.229284997776215,2.6062381498970035,303.2294554426822,0.3009618002962959,0.1557604783121265,0.3489421952783637,0.1068967757444325,2.380461901550478,0.4587678490904442,0.3313878316315377,0.0016357272184564,0.6002816136069308,0.044099162598092
run_0585,8.19666307776459,6.477449835806631,2.723065808823888,272.17357334040264,0.3932644117101384,0.2781747234549451,0.1453109793863595,0.0821797827602308,4.969659310380239,0.6626993241597701,0.6143934069963177,0.0070336050331253,0.6063592987195014,0.277203445845551
run_0586,9.659399499232924,10.492888135139369,2.5333806715324254,88.85969158836154,0.167554390036099,0.1600806642407791,0.1086178468693739,0.0164625339612148,3.845697625801576,0.4903482159512447,0.7016288688444603,0.0034031539361175,0.5190018228303979,0.3027130094680278
run_0587,7.63717117227515,7.380564098033735,2.820206825885226,154.4789488939264,0.1769008054246891,0.2231614722279714,0.3064064553829008,0.0113169323588304,2.543633996912466,0.2779592881867337,0.6045151910849134,0.0023273944468818,0.1034191987685504,0.5113955905328573
run_0588,8.102152249921758,11.06517642626145,2.7858318791979984,219.04015946312776,0.3628111911706632,0.0265995928497608,0.1417288814385961,0.1326095768302036,3.794475805323789,0.3782605068896645,0.5946016205012674,0.0029284949923318,0.3502696462245869,0.4529161368545192
run_0589,9.919690631100682,7.997780664479973,2.5594826191777247,234.89058559496732,0.1914408014215581,0.2685149333878457,0.0786687892332193,0.123920830548313,3.2156555876016277,0.4356998764618909,0.7614699455421277,0.0105191277489163,0.486484178991061,0.5797163012125518
run_0590,6.633266574967418,7.700749522865952,2.5971517471470578,59.05086247425632,0.3474001123329999,0.1389101414728294,0.2193607068944055,0.0988065122019236,1.810664454067944,0.5311626737951405,0.6388537447918303,0.0117681366901286,0.3194588272001798,0.4386369313084617
run_0591,6.539466183380738,8.995885584929496,2.5891732551219513,272.74544392965413,0.1703611454099846,0.2355733911807172,0.2899607187356544,0.1296436452805807,4.34397397761596,0.2678739546691586,0.581668287711294,0.0057455777908675,0.5513596145599731,0.6730425304941148
run_0592,9.45930128390851,8.855250621574186,2.911577141333745,187.9291565701062,0.3378311314574405,0.1490537522814427,0.1670756757336352,0.1874205692238464,2.722185344373106,0.2559305708710427,0.7142992775568551,0.0064266052707968,0.2642533226800855,0.7588034433584955
run_0593,9.757561651720694,7.336607979407598,2.6832742954430104,115.71850204437736,0.397196237194953,0.0362932351165484,0.0647522550945511,0.1729278180618189,2.131621118871091,0.4319209596297995,0.6869906726719819,0.0048318043235629,0.1660783473201106,0.8162263740429762
run_0594,9.966162511157636,10.323388987469889,2.8487082512533006,151.66285244396,0.201844518670138,0.0458810962913908,0.2242147027032417,0.0137108324142082,3.0955794389468103,0.3396964530933906,0.3342901893960414,0.0057818758878966,0.6541195248006193,0.3047621739466242
run_0595,9.385616456058669,7.939080469799632,2.697575915901901,187.45477416158965,0.3584180942791803,0.217540684216617,0.3084279429862192,0.0322195951507182,3.5396594360404885,0.4563166196030559,0.4739508890815443,0.0043463841198148,0.6454148563563435,0.5453226031963804
run_0596,9.730336035451597,7.66946802544486,2.4631119015480176,251.07464289659316,0.2181965259738201,0.2238676414572303,0.2869656129759177,0.0898111489734964,2.9655040579777605,0.3419500969771912,0.5881423624044151,0.0089596213559469,0.6828638657865606,0.011442239403162
run_0597,9.642208917600374,6.122517952821666,2.684048461291976,227.3578184467493,0.3670773074591358,0.1085459306852363,0.0983600307793765,0.1890767672533809,2.204648776043994,0.224310762787802,0.8233997022413269,0.0088478562290103,0.3284023233256264,0.5012256235611373
run_0598,9.289588076724543,10.60978419162271,2.5504092971923584,43.99623935645036,0.1256915259108917,0.2700087213427241,0.0614960146960874,0.010434818108831,2.170256946517644,0.5076084116554046,0.6629675031977287,0.0057337805055519,0.216139837871618,0.1498070736188279
run_0599,6.846053291854852,10.387251807129957,2.9071711855440237,129.85813135885974,0.1267496385166859,0.0791019317478228,0.0341897471568089,0.1159533668927087,1.570572188575268,0.4691149798579278,0.5251358016563348,0.0058523378625637,0.7345560743366822,0.5616021226066066
run_0600,8.754992422774698,8.771491640461178,2.56962352170851,176.78982620039173,0.3397101378904532,0.0288753299949733,0.334044292601466,0.0485023052928868,1.94895167461028,0.6663297457583433,0.5019942743877215,0.0103637491074256,0.5197770583222562,0.5643528096403885
run_0601,9.895822379826429,11.052516855285765,2.5989170567077826,236.00577197963213,0.3322999129669329,0.2937514381280603,0.3143669775120098,0.098459930639298,3.30392278953397,0.4917583264389742,0.3283971956944688,0.0091479669033383,0.2362234866224266,0.8958830040286341
run_0602,8.21007182005068,9.349222806982525,2.896197630731004,260.9954724103869,0.1066176675975397,0.2516214341784746,0.0581885007156521,0.1095805184799091,1.0805170344698736,0.5100503471884643,0.4851187402665562,0.0119715530589072,0.6898325522601604,0.9828461039961922
run_0603,8.489357013993892,8.203761735446891,2.8776408841440277,223.55602990788415,0.2167849110689785,0.2479913930908124,0.196582057488029,0.0173347359082833,1.5876220045444156,0.6554772662947308,0.8477541155586508,0.0095911424652627,0.165030750525725,0.8359605301621484
run_0604,7.344095614927208,9.198322131870572,2.57560328235818,18.08074243308824,0.3707621150955547,0.1956499495891088,0.1017555105428612,0.0179948498714008,4.801228184077686,0.3936240807782405,0.4879830835506304,0.0091977327635896,0.1250171324728194,0.8278195840594409
run_0605,7.99310376318204,10.08059438420141,2.9341750459893974,201.7753992420056,0.3765575471017339,0.2783613974297067,0.2335210429230773,0.0492873171594451,3.602911347859626,0.6035473237790395,0.377694234958633,0.0098045416203649,0.6933105658132115,0.3767246741361698
run_0606,7.530452700450841,7.650485471955713,2.439917410953423,188.6285835721254,0.2921801147885052,0.1708472289085081,0.05567885833989,0.0215964882846976,4.448951176051357,0.4937780973681362,0.3172184658886005,0.005034102886294,0.2560441666231364,0.0870428361878563
run_0607,7.8208866761852756,6.743981722783509,2.850894514637679,235.3000261310968,0.2469757095469932,0.2400281829268339,0.3078018241811857,0.1997834602686699,0.8135044410023361,0.2519399353135027,0.5982161053717896,0.00751276906414,0.765599185022976,0.4102355927545248
run_0608,6.636998734285692,10.27511993022615,2.9662817913659447,96.55879904016813,0.2816606940107669,0.2927263923975794,0.2987230460894672,0.1804199610725656,3.833203252243181,0.4906585791991532,0.4194097091780461,0.0111947152495036,0.1171023343268604,0.8110830000195358
run_0609,6.986358266617154,6.8439154211413715,2.728875356459435,94.0923512608159,0.2385036919749366,0.0456644871186752,0.1856805053516178,0.0454414334524824,1.1428476058761263,0.2369423318647527,0.7244665850731443,0.0056202809430532,0.274260734316879,0.6508714649759764
run_0610,6.319634732014001,9.521977608538766,2.63780575956777,53.464647803112214,0.3246487145041286,0.1446318757924771,0.3415912854351127,0.1034276473903024,1.352838457834434,0.4460845910329524,0.3274174310931003,0.0047254269310103,0.7475702924732727,0.1551449043025994
run_0611,7.34041645015859,6.99556320708515,2.4186966978801867,239.62733605578137,0.2028550050351255,0.0526481862874627,0.0550129843644633,0.1580818359486592,2.908679096687491,0.6844382450404709,0.5410753492612704,0.0104909764244347,0.4265856783621047,0.387272382130856
run_0612,9.632611382133408,6.6846178832860685,2.839311628925776,122.77013499030151,0.1655796238706116,0.0805569700389871,0.0820454930754706,0.0736001653908392,4.899152587621815,0.3656849966800868,0.4792134811238888,0.0118451375180372,0.1662955761842874,0.1353192009888462
run_0613,7.582931229039883,9.64799437545638,2.5263454735935995,293.1548534122004,0.3680289762348583,0.0332815022007342,0.305720996189808,0.1357194467425028,1.1096984188752603,0.6019891191044832,0.8385385463033768,0.0026089892008751,0.2830230542796135,0.4356135858817354
run_0614,8.910679691162434,7.384051686681692,2.734371925799479,181.18611052872825,0.1444695492045419,0.0373976638101296,0.2719514193633146,0.1261861500535115,4.960809395772831,0.6941452664586456,0.6356332910691178,0.0115504013485095,0.7271088983916029,0.3559188149480768
run_0615,6.965690970199532,10.872812210162506,2.9179071569237136,94.3074349021132,0.1194827435776956,0.1192380922042337,0.2494821936334457,0.1588948300892647,2.326326118292437,0.6690683530234456,0.5370191710598009,0.00205269422327,0.223831354493125,0.691160228072358
run_0616,8.799313836632908,6.8008521367608425,2.571509298391394,297.556994681649,0.3000383291019736,0.1888046235259854,0.1697048428566775,0.0847158870910488,2.6815890457257634,0.5995907239816777,0.6503676558464909,0.0015913668837192,0.1940588891005196,0.9763038085170854
run_0617,9.362925845288666,9.746956607656196,2.6162146249250187,144.3618698518275,0.2984413901311269,0.2283236879442171,0.1287852690103182,0.1583539583375114,3.0329619600712707,0.3854380640503292,0.5533619191967591,0.0012824532503823,0.350837187279585,0.6460256137097484
run_0618,6.484040654730115,8.690640979296937,2.90959685403468,318.20256502743484,0.2268719815606664,0.295288807923441,0.3032708780949281,0.0105295630561432,1.0115276347664957,0.3856803446064366,0.6147023615530978,0.007198919774443,0.6753734354056538,0.5291717246740019
run_0619,7.74308624478503,10.467933557708404,2.477520911788338,177.85993456798516,0.3678899517528566,0.2663093083027516,0.0498648572045614,0.0613776828918458,0.969832599777036,0.3848177569984998,0.7263667694519949,0.0081738024954877,0.340528331459934,0.0311531392139534
run_0620,6.609728458635422,6.526175334307564,2.8461669369952323,123.3242070108616,0.3086130647135975,0.1999315225396639,0.1707980728029178,0.0242256279072216,3.8050329480955263,0.3787936966090877,0.5752482026598568,0.0046062035177716,0.749945999813169,0.281482336277646
run_0621,9.81441475345888,8.122530882345105,2.406555083385211,238.7954689870952,0.3920252042278694,0.0684186321747888,0.0356800999791404,0.145892796687991,3.5904589861235943,0.4486640822296788,0.5650566207348131,0.0103476898364344,0.4251049802703075,0.5734805671822321
run_0622,9.755929082546102,11.491949462945916,2.7972843593764387,347.9163740462287,0.1025819529825453,0.1709912272251495,0.3264368591827311,0.0238674589520667,2.9142904302473704,0.4249859697722373,0.6919405970684189,0.0012692820500619,0.1011190739567016,0.116253518965527
run_0623,9.580544091266654,6.771747892347193,2.544147970818099,73.63343468227437,0.1616514638839217,0.1033279138705278,0.2641795470772095,0.0348554923730284,2.59713095681627,0.3758672485832345,0.6211864837196244,0.0115078575282214,0.2957328843483734,0.8263629895127291
run_0624,9.19092505055072,11.722994516252015,2.9874645117407637,276.3648834061666,0.2213487242904234,0.2942492925555397,0.1621223486736891,0.0878311749899307,3.713608588799625,0.4628996293305691,0.4374917800712378,0.0049607887369277,0.6842274397001483,0.303727310361714
run_0625,9.95455461135948,10.31275825633682,2.826963292163531,223.77077065950792,0.3590294059244686,0.2737204854528589,0.1175811268301807,0.0564392222366967,2.842475676485516,0.3887017416971375,0.8878213382067222,0.004057441115064,0.6627055282964407,0.7106672396770268
run_0626,9.785202909753734,8.74073561177444,2.7861606224241124,0.5427879204076224,0.2398652398325119,0.0874185352601377,0.3330832782666886,0.0102879924314072,3.593673606683229,0.5430618827204166,0.4467972708726943,0.0016315121031906,0.2611930732437113,0.2781009597811903
run_0627,9.886267274074116,10.33128799345576,2.92242121146275,293.37172165750707,0.3235062584690317,0.137128430378096,0.1591069217916018,0.1490580442702984,0.9583062867199552,0.5420851839232443,0.6368014715689636,0.0050984964137401,0.1098401201856134,0.322072465034873
run_0628,9.72733840356107,7.8427669792229615,2.5924321527735392,359.8933269015914,0.3529783862372112,0.0761779621335445,0.3273904561993191,0.0824461595128538,3.4708268892998255,0.3251799736172571,0.3503616556392233,0.0015213312741712,0.7206263247604744,0.7182250817689112
run_0629,7.229952713762976,8.376634426548593,2.705427159481221,142.04152273035913,0.101526547467569,0.1028011286157938,0.2540297096822251,0.014183554175291,0.915607427111747,0.3281716903173741,0.3819409698731832,0.0092951414003394,0.1763784704279096,0.658551859614354
run_0630,9.92323161998016,6.754799835102338,2.9170079843072387,102.46719518319344,0.1838680394346014,0.1355880024285044,0.3389952823110372,0.0859090951861069,4.3759248799002135,0.534762415038205,0.51568074255539,0.0056829440796534,0.1601684310650471,0.3597159995124009
run_0631,7.649219780575089,11.372755171705492,2.956305564958493,178.2483843600679,0.138073872187957,0.0304893066757002,0.1639084047732634,0.080191947337315,3.5611905371402983,0.2256002303827614,0.785166362757562,0.0050832170846418,0.7223667269914436,0.5187042613294648
run_0632,8.406405357505303,6.5820704324966,2.6818827120576096,340.3530104081532,0.2256796904782442,0.0551533657484848,0.2112985957517985,0.1907674976390385,1.646547579578398,0.3927608129078864,0.6347240353070691,0.00635586214388,0.7925751273516924,0.4958062892351543
run_0633,7.882293545649402,11.866212118170177,2.73267973397048,177.75486376466904,0.2055864502475458,0.0163210989534687,0.1934469279768756,0.1977534064967576,4.3730461466693775,0.6815313113044152,0.8066951174452004,0.0099332430064784,0.4149920695806655,0.0008478550857618
run_0634,7.544240673723641,9.396928757484968,2.76114840099649,259.8316587820599,0.2378917143728533,0.1813990852184057,0.249309422805127,0.1701676558359138,2.082050626094638,0.2504617595902073,0.5294856661348575,0.0119637081915092,0.1126780773341213,0.0014819697222517
run_0635,9.02043282145807,6.975880836360566,2.497874403933549,173.83594889291118,0.1702909606816759,0.1055376361300549,0.3181111802205869,0.1902812349812096,3.075729183056973,0.4507062400279757,0.3989433864605786,0.0092120419128011,0.7745256372348146,0.5858277611482542
run_0636,6.668104712921038,6.029283231861623,2.546277953863965,204.51356544394176,0.1065335670444694,0.2557409793281783,0.0333901129865115,0.1312674314981244,4.3875966467943135,0.2456485983751046,0.5680706087006641,0.0111790483101295,0.5061626284455539,0.4848902718831152
run_0637,6.398264947563784,11.5717578987892,2.836376916303476,329.0854989875341,0.3281489506087286,0.0325700490627168,0.0268784510634261,0.1260453691417831,4.700227663896809,0.6610092981431095,0.3784860008608671,0.0086540717008275,0.6835863196706969,0.3073593731929042
run_0638,9.637717299332367,7.404115377388523,2.671857141012957,269.46747008045566,0.1643173250681974,0.0391424176638293,0.2659164449939425,0.1586813071485158,1.5263095167883691,0.6947207036192913,0.3884793141647262,0.0064792924010058,0.3898749257131583,0.3546523119721683
run_0639,6.535893416309755,11.511830134992554,2.8630654113574616,124.7115790040514,0.1439057310984273,0.2665773337082097,0.1759089316357561,0.0169378738234595,1.380703042342415,0.3459069623724369,0.5913980503713097,0.0054404220021872,0.5626991462518581,0.9416907631508497
run_0640,7.855512462050462,11.611874299075236,2.6535880953327795,287.53967048021804,0.3588447017283768,0.0933507254989836,0.0709053591445722,0.0355246602277668,4.943482851602343,0.6628664133399278,0.3195402108017489,0.0025763540043433,0.3163603969926742,0.5549717315489139
run_0641,6.977403761948864,8.789765472200866,2.7932905049457855,306.7346047958418,0.19559246968834,0.113294359040652,0.2101634699184705,0.1471258923665594,1.9368587501990884,0.5392933550513149,0.4174209334332613,0.0076783828058028,0.3025516576818596,0.4450116191310918
run_0642,8.005936205583126,8.074840270214168,2.5107353851345486,93.38750586671648,0.27337879928606,0.0899870125387995,0.094967918361166,0.0272013275642371,3.740344148977112,0.5516339775905774,0.6948081074697355,0.0064139674687771,0.7100942194438064,0.4523769715097566
run_0643,6.1590220718514,11.75691084835993,2.64029733594202,151.2530184202309,0.1440822559566301,0.1415805678056189,0.3073118987841408,0.0392569377143081,2.071657643061794,0.5678289620157535,0.5445330807036436,0.0027473542344466,0.3835090242146105,0.8650777292501701
run_0644,6.888698729855836,8.560824223478262,2.96318666688714,259.41308521156736,0.316704505018767,0.2501210396405884,0.3446523493524148,0.0486188773631674,3.971582057176872,0.4871189977763452,0.589271720834341,0.0074634515978786,0.195891872105695,0.0184604339851496
run_0645,7.733327065168247,9.711247159102104,2.976780517925057,356.06024780126364,0.3265806349131053,0.0975381163265548,0.1049661451577523,0.0309417362769527,3.1638429829804373,0.284238898249093,0.5693667200602657,0.0084902337931979,0.2440723072983563,0.3031963335221278
run_0646,8.553384819771157,6.893803417098706,2.4323205573788047,282.34643730283807,0.1720011595106991,0.0938980168988111,0.1400355057444535,0.1029497940926249,3.809468755847485,0.5563033260752845,0.7308491345072439,0.0022763947251214,0.157877209773815,0.5910025386346732
run_0647,8.085933436860241,10.008495480971568,2.545542896799143,156.79499392966284,0.1854282745813546,0.196500775391075,0.1242557994351428,0.1652677026286081,3.573346845180037,0.4238509565873345,0.8649973318478525,0.0058600911223328,0.389724316595244,0.6068391560455704
run_0648,7.656672085509785,11.27796937729898,2.455577604919193,37.23722341045691,0.3967272223914618,0.0481802185687765,0.1301325429250378,0.1005031182043036,2.3194199063625964,0.2221598456274033,0.7103647749335376,0.0048928595954352,0.5451914035117815,0.7024534614193237
run_0649,8.075467399764552,6.354540089203093,2.8855420087470187,193.6035903796756,0.2161506755584062,0.1367964809687528,0.0959911289869022,0.0702088507804367,4.585832703041921,0.6786000118718469,0.5497615126901433,0.0050788682821559,0.7410051762894914,0.0510149421071087
run_0650,9.74737161308789,8.9174394136991,2.878955888995306,26.69100425428575,0.2159904564598025,0.1334342847453951,0.1838922530682599,0.0156573361520456,4.8554965331488384,0.5289046174573648,0.8814047234648132,0.0044849936729201,0.2419258166104303,0.4677627372025987
run_0651,7.671132672395061,7.902463105895041,2.8748534174287355,323.5378203528455,0.1429572097633967,0.0594665729103299,0.270926004974012,0.0163687980669601,4.4983684478042525,0.6759128150129118,0.6708420280664128,0.0050537283720224,0.6021599809866764,0.7941948955966678
run_0652,8.631436392175315,10.039051298162754,2.960971907158636,334.84784615606355,0.1510870270257107,0.1565098404590919,0.0828457973595899,0.154333933061755,1.2840584181563162,0.629343687248078,0.4181052996082871,0.0017746979890461,0.1488475998703013,0.7540280104393567
run_0653,8.809544411946693,9.081972482963897,2.9693850469367895,247.3707420386519,0.2678142344219798,0.2207645300262667,0.3154902401211533,0.1125892801673848,4.182374277899726,0.3366624687604267,0.4024433683082911,0.0114446520665688,0.5222854938671213,0.8815427869221837
run_0654,8.921076884682876,9.731677370097374,2.9933309541314173,320.14664681830965,0.1362511946840545,0.0129194547533077,0.341927220089643,0.0306550606970677,3.363068417942402,0.4591506823454277,0.8281163422680504,0.00141181466059,0.5216931133841242,0.3128484418233016
run_0655,7.675657630767078,11.115968703842926,2.751592569503578,350.0711680515,0.1475646087835752,0.2798453562435077,0.1144582665473529,0.0252479398430629,2.7513758625993017,0.3922409526055948,0.3430718935554297,0.00402445094665,0.1744096757660702,0.9010080890794356
run_0656,6.458492733438393,10.287044862372944,2.452576185412299,201.1305401870748,0.2200368668750609,0.2553894317074192,0.3357870892701409,0.1189372080982694,4.709107626075398,0.4656853766315246,0.8872539970960673,0.0087596962552674,0.1589521117153605,0.8068773581545939
run_0657,6.345412783792117,7.051502915574653,2.6978512421240937,112.86677162094554,0.160982958352691,0.0702689195117041,0.0258077555516724,0.1390248908355043,4.465285748777856,0.3851458987112897,0.6515263401601985,0.0082064017441972,0.2890190838984904,0.614809595147174
run_0658,6.2897302478632415,6.962672415758182,2.7602980914082997,27.76608802066109,0.3488527906921148,0.2340260414258507,0.2606600679461692,0.1247445925410618,3.3998468101425825,0.2726680466392495,0.3760999141171522,0.010208719646759,0.267632832784524,0.1265871151350462
run_0659,7.352005405447024,9.20767479066573,2.484665497052638,287.029743539298,0.3257401117916477,0.288430063222036,0.3131779618108779,0.0280586128245334,0.9383564779096496,0.4846737192342265,0.354191803153883,0.007453241961603,0.4962742891929139,0.6665194897957079
run_0660,6.085409185683352,10.057519090774306,2.5691913117209757,268.1544621819404,0.181093899473782,0.0789338981000538,0.21066098760729,0.0160453748693211,1.2291894362702884,0.4242928460807207,0.8840274956601046,0.005568614182664,0.7689532767226096,0.0521110297006207
run_0661,7.580349206256531,10.12437200634331,2.9746382199116264,51.67799800226545,0.3012412074317363,0.0672126669519178,0.0302024662716161,0.0401042599986269,3.3206182358221303,0.2765374539682397,0.4826547619450098,0.0044335705072019,0.6909855916222964,0.9500735545576626
run_0662,7.084185095366328,10.482382545290536,2.9504806844587264,79.42376605017331,0.1298617708637521,0.1141649044761027,0.2615023576401722,0.1633257244881971,2.5937023306533673,0.5427383991097927,0.7373059471180847,0.0058294077531409,0.6817175892000447,0.904504049729762
run_0663,6.195047195428774,10.016467711360855,2.8624536166539514,123.28158367348504,0.1718691195836545,0.0249987221011763,0.1871092677913853,0.1939124445832643,4.1990489945786855,0.2260334520979025,0.8187889782202569,0.0022700464946536,0.3270940324800959,0.5443038457546462
run_0664,6.757797249834628,10.57819787642402,2.998904312386611,16.002931859765287,0.2638317913806429,0.092306581140357,0.1547977085202601,0.0886058514305157,0.816771918520447,0.2006336505849739,0.4977468585020714,0.008216395683222,0.7603301058534543,0.3941787817059174
run_0665,6.865546353123262,9.574319360787047,2.786623791682154,358.637155828447,0.149474241682406,0.2427335212792697,0.0911558759100838,0.1461979927663023,3.635469007933258,0.2377261239673169,0.6363778917273883,0.0108709464747871,0.6029025253809634,0.7036609043910482
run_0666,6.265060386364361,7.1024095811948085,2.458643841064758,113.20929936322092,0.3218422929626361,0.0100578307119275,0.1610736219956172,0.041345518417131,1.6287052774030355,0.6630967871801099,0.6844029958032741,0.0023924444833239,0.7417527437007412,0.7827258711094265
run_0667,6.850842879248782,9.1700638641501,2.9108838523792677,294.47923933328303,0.3566745811875822,0.2801059663857342,0.3024475836170741,0.0967751804895288,2.932760770538845,0.4555416266728248,0.3636904795212919,0.002561874921951,0.5368781570743252,0.1442465005909991
run_0668,9.707305961421834,8.805819346030464,2.837794180311106,319.0840941171836,0.1874525441692753,0.1276459372694268,0.0453765607967262,0.0767783613654692,4.2896134305612765,0.6878882564994184,0.3316108122887071,0.0020476798000309,0.260732938473285,0.588868716143766
run_0669,8.016595686009435,7.092550208859326,2.694370485007325,297.40124761477415,0.3830667239414107,0.0411627941113403,0.1306742063696516,0.0622529755708939,1.7815953336352637,0.4431956709220038,0.6576003738582678,0.0027645392748894,0.5594325548059188,0.7319139689057914
run_0670,7.2390709742625,8.839743371971167,2.515652627731047,271.63296298799,0.2749782513421249,0.117660379182699,0.2903809141577882,0.0111573129905685,2.1014965837344266,0.4852467685111927,0.8842111501223395,0.0075238533259688,0.4841065024605864,0.3618944115399936
run_0671,9.33251728981865,6.399991382152166,2.9395304902387775,140.42459948867622,0.1252323636470591,0.2758331469467436,0.1059794767162837,0.0281770907497416,1.5611971540356753,0.448384019588839,0.8613871198621506,0.0087021422803519,0.6577285068031948,0.8064366693230445
run_0672,8.936596142422694,8.080062004288266,2.739497325472208,73.19586183008128,0.2408129916423797,0.193430522287827,0.1280477172785338,0.0481367003422058,0.8411565283922272,0.4095657936840758,0.5476416815471623,0.0052791328193134,0.2525807070851272,0.9779828571329732
run_0673,8.344862777964053,10.310390162331936,2.455318708750935,138.09934385486153,0.3345792835358223,0.1536311118074925,0.2572630915989394,0.1335157829607861,4.534857677410924,0.6769484616032735,0.6271242602233242,0.006453500156122,0.7237798261005485,0.4992222119678985
run_0674,6.479441154310059,8.010736821240837,2.5942446758961113,261.6880416205899,0.3034655391515287,0.2069174935913223,0.3420853536075976,0.1905666136806615,4.7171071663318855,0.3686793484222495,0.3661371933487376,0.0064751037232991,0.1104134131923808,0.7823260594000601
run_0675,6.228115637090428,7.676248204390754,2.5071596918869106,60.719873295597814,0.1432701056301211,0.2609750603439276,0.3473667572526852,0.1736679971257589,2.5123677320561555,0.5727566542008203,0.7971368282211675,0.0076163611146438,0.4719541956814381,0.0814213712705314
run_0676,7.226048644316204,11.270293169296206,2.7272396060444883,157.3882424471552,0.2838165720124638,0.2625572515348517,0.3269785657095126,0.105750784314927,4.264959324961335,0.4449793963023234,0.7669905395322074,0.0031066374101966,0.6272584635504167,0.4066226369484922
run_0677,8.485357008495537,11.37684198280355,2.6739101456405634,71.39560303974922,0.2891501410847897,0.2166774305571004,0.1218908538954744,0.1248310441123094,4.364449509384728,0.3561222484371343,0.5346130792063568,0.0084145242872371,0.1422111645903762,0.6005265651242309
run_0678,7.8742303748945,7.480228848448893,2.463575364627363,141.99105775668127,0.1002884688632989,0.1805043409983758,0.0748912452391611,0.0166298441065744,2.352549205377085,0.3628408679355793,0.7300106565405442,0.0019778631280022,0.6338972286919654,0.3246872308252075
run_0679,7.038859189366709,7.106441512598173,2.6835830818208777,316.246816230855,0.136511319998227,0.1265167423968018,0.3229843284286158,0.1327582980460425,4.352830625609989,0.6682667545600254,0.5778346304915036,0.0112830167684906,0.5069431964741995,0.0294312566582905
run_0680,6.224167344368132,9.373117404423532,2.7221904649253568,11.24802010537891,0.3423871301578256,0.0577668061506818,0.1367172937207728,0.0630021296256772,3.248986692754455,0.3839344207057084,0.8122375546907501,0.0103244852861785,0.6474131934132487,0.8797530941535601
run_0681,8.034165368455424,7.687935427975956,2.467242768839505,337.81755127914874,0.2810938780356347,0.2656221512609055,0.2226022668170389,0.059404376042013,2.3446713513591133,0.4116190161955024,0.5425206675413046,0.0088249872934217,0.3815139349976781,0.2606507190266977
run_0682,6.432949847015349,10.598556777922544,2.6658242442168323,158.1992918851778,0.3898556241746934,0.1483150521534915,0.0704762586347659,0.1442330488601672,3.3087369354239007,0.2755901043588944,0.8695435367340802,0.0063037900346681,0.6804137433986952,0.0659299131280028
run_0683,8.149885325193157,9.553123925578696,2.6158040327085073,66.31979332767449,0.3096631356300514,0.1332774390435375,0.1296377010224818,0.0953449303800144,0.9089471357746534,0.3720863880708916,0.885474682263653,0.003036550433195,0.3299317327291331,0.2142224585057598
run_0684,6.8597102442022395,11.18795285510517,2.4545640133106064,99.70675500186866,0.3304430315802725,0.2994107878694876,0.3311135137420861,0.061981650156273,2.9381996545536024,0.6062864685605547,0.5975021700331234,0.0062440957358418,0.6985793284265879,0.3309315072424944
run_0685,7.564551218241569,6.8847075409518155,2.758826024817412,134.5252841671479,0.2035760042030965,0.0232697142580732,0.0339080286672252,0.0494871378496168,2.820773040302834,0.3356147640947864,0.60854120813877,0.0060974261475799,0.6681583731908162,0.6828039830494693
run_0686,6.439634493323123,11.39716864574521,2.8642479603759403,70.82495340344778,0.1981027942134678,0.2703668711101102,0.1532217591387585,0.0598089820906921,3.904570499171237,0.5191913954245143,0.7874844732982837,0.0109305921888894,0.2704464401633015,0.2269644987446148
run_0687,6.440809346488611,9.89782658450078,2.647149615500423,284.80814992571874,0.2935075411260108,0.2272472394682947,0.241647483776819,0.1243134323048745,4.692928051375046,0.396159777514461,0.615915219911169,0.0069308633418156,0.2999238413431231,0.9950156526905776
run_0688,8.343537126158974,10.51103493999802,2.9719065595041494,228.4156156547189,0.1977143171384,0.1425577401849704,0.2127508029517535,0.1886669376380298,1.1344793814249945,0.32321349209383,0.6402315679592165,0.0046569449673292,0.4647477781031831,0.4112510952861319
run_0689,7.291142705993025,7.624498014718274,2.915639938109072,214.2976165956794,0.2533225420276152,0.2373888614898782,0.0397610046131451,0.0810910250070777,4.168700641743573,0.2387950581028453,0.643972310267011,0.007049735489378,0.1759740907019591,0.1263020574420759
run_0690,8.431278046725488,11.244721455166564,2.715520808335352,213.50974537382987,0.2994885922658771,0.1118275968758961,0.2697305592078032,0.0214004019642969,3.294960010843865,0.4767823093986483,0.7745163359326628,0.0023201834340055,0.612425236192165,0.0717328137464874
run_0691,6.791195844691213,9.965672198239323,2.8897228097766523,115.433901729266,0.3321394005125228,0.1765461257137085,0.3291068368990089,0.1926823605108888,3.471288481617588,0.5726775235732258,0.8669577327414695,0.0082159698138212,0.182300087960515,0.3175683963121001
run_0692,6.751809386790964,8.891543276091333,2.6797656293306225,150.62657324884808,0.2227396268294745,0.2675115842368726,0.2078856722334872,0.0934686348013141,1.2526236123842462,0.673643810720576,0.5735540522452396,0.0017852884518308,0.6162273173053814,0.5989423572123505
run_0693,9.952044210355162,8.165160639564968,2.720307892338198,224.61712086052225,0.3226367253693255,0.1418159992925228,0.1335841655377266,0.0773918014962037,4.643392210877218,0.3938989424417667,0.8646421507934758,0.0113961081463269,0.5010993963745104,0.4162561029325412
run_0694,8.993470766847842,8.783741301250897,2.960446141187176,314.81856905682577,0.2731404754746917,0.1265817121424554,0.0585591717879102,0.0263047321496555,3.213727750795604,0.439048825543088,0.7202279244018674,0.0101891211421396,0.4445374876950696,0.6000300600895729
run_0695,9.407403120048482,9.127869736010313,2.714702000009562,13.468280010262829,0.3932384547747437,0.1366444854903623,0.3438210566143814,0.1199928588430288,4.06419336072055,0.3455851218998271,0.5689468724251058,0.0106778893857457,0.1085483308454523,0.5581783071234834
run_0696,8.362393035907417,11.925621747515372,2.7802005597703454,151.03903813501887,0.3286242962119607,0.1467156793288084,0.1954695395907849,0.0562752844812797,2.0110260529230333,0.5507449538953482,0.8512188072159725,0.0010745887033272,0.7083876516680949,0.9287377001177456
run_0697,7.079847019129498,8.333265937739236,2.857835242873162,124.1932158547713,0.2590394995495902,0.140892668191347,0.1112139460320055,0.1495045544839684,4.039774829149655,0.6980870098892505,0.3099919673345706,0.0089965321728618,0.231119125523452,0.1786278113493968
run_0698,9.916556724880316,10.693366189968284,2.5080666975660395,259.3606239192528,0.1757322683098233,0.228854664051457,0.027812333246467,0.0726226199487444,4.371719822556677,0.6653708070851422,0.7366017506108594,0.0074227696523439,0.5313690752470421,0.7726807774878047
run_0699,7.491571100977044,10.30387330976925,2.435035098356959,37.99747027720286,0.1605644801677105,0.177892478979232,0.3423567872618768,0.0386857294201209,2.71899766890657,0.4810979478721732,0.3770947050376466,0.0087369229084138,0.1199296415880368,0.7722981706148504
run_0700,6.92590284652434,10.12617737467014,2.7546934727203443,269.3283592410641,0.152766348490203,0.0809240674765155,0.0565753281728087,0.1460346182291665,4.654674389911728,0.5350580608766569,0.5114067318219839,0.0014984014267435,0.6867296386604462,0.134472259559942
run_0701,6.1280661299189845,9.953476556968171,2.807391998400106,59.93904186323272,0.1908400668437501,0.240131783262006,0.217104288662127,0.0625433556491662,0.8891790571294094,0.6138878134415311,0.8056842417071681,0.0024682447005831,0.2144816675602932,0.9757519119538576
run_0702,9.415089865137896,9.505454497538956,2.9754617536445656,132.25959520452312,0.3220435148981508,0.0768869383875761,0.147386947672883,0.1846091750581459,2.922742169359206,0.4966322382869887,0.3081448378837615,0.006835691857261,0.3720917959848623,0.5273939330122884
run_0703,7.05363083060835,7.222081668138041,2.428736979255882,312.3804442636942,0.2206247782106284,0.1018734761509729,0.2618634982691669,0.0878015666679953,4.453466422385309,0.4710754521350951,0.6493918826264604,0.0068511293559549,0.593462981293184,0.0694524733109246
run_0704,7.000681733133764,8.632162135563618,2.4865444436983193,85.40994123933136,0.1763270294720968,0.1463724123874097,0.2706902601113024,0.1877520434464327,4.380378142136594,0.5203941174512765,0.453299828683079,0.0079036761725866,0.5332418404340126,0.5960375419910892
run_0705,6.063912044504279,6.162537637996307,2.8045030086561553,5.53504757060054,0.2903196370586154,0.2810981366996603,0.293802884531484,0.0686281141279081,3.832031900702999,0.5061616379900788,0.7916287525848293,0.0102283254643379,0.4410237427143649,0.2718270644883822
run_0706,8.653549231910446,6.138402006679494,2.763975504620729,269.8607229932346,0.2396441206163225,0.0681573060848615,0.3377191050135791,0.0340821387335549,2.4169777707733417,0.6172755844473914,0.7933368328588541,0.0057089616559571,0.7535705711637417,0.3956016531932445
run_0707,6.516614136502884,10.788237108292993,2.612932354744098,198.32362198114808,0.3784431187657082,0.1544922977539153,0.3013151363098206,0.0693076884654268,2.8547504007863003,0.4365530766380834,0.5657043397932193,0.0060387755525602,0.6116623132764761,0.7226829980115195
run_0708,8.812219734984946,9.443241917616296,2.769501949597523,125.5850204798713,0.1669653604432337,0.199745133586743,0.2266449566161882,0.0434503277139331,2.107870179078767,0.6573664799972528,0.6208215585312189,0.0049927758648599,0.701266500685321,0.3190141551447852
run_0709,9.6746709753197,8.58589930446886,2.904961740233804,325.16846229433,0.2753387200641882,0.053111290945783,0.0777313553315463,0.0377205326188944,2.1106568252286135,0.4996771550354249,0.326614633009364,0.0059099997453001,0.6821313904780189,0.7356469406648098
run_0710,9.21819370862906,10.253311982341248,2.9382640906213373,196.27685179622495,0.1394036980585521,0.1199048591508008,0.1846044210231491,0.0399970982197062,4.129273339623949,0.480612783015985,0.677398665138406,0.0079465311100353,0.6296149847254701,0.7467567643646816
run_0711,9.170639317259516,8.752570217290227,2.420476624118616,252.8758208617526,0.2710830473507149,0.2318013471093244,0.3070253060229322,0.1761122050979782,3.8425995027054647,0.4945058778573227,0.5012953523571636,0.0021164445988035,0.2475692955385132,0.0406898118253265
run_0712,8.16364069354637,10.147400417988289,2.743883168409611,48.583069090372774,0.2234523366387976,0.1877211784060778,0.2805081074952595,0.0302244816134722,4.055610078583685,0.5792898859132344,0.5648684144573008,0.0022423077526509,0.4418516334049645,0.7804940320923123
run_0713,8.810027897411326,6.655204847775142,2.809017723165011,16.027386809462705,0.3271251956118521,0.2740719347750096,0.1695698308648909,0.0685831879776208,3.8989873502843935,0.545413326059556,0.8083891473715921,0.0073022299797106,0.5139254182480543,0.7502766264823777
run_0714,6.135381305322507,10.952503959095528,2.7745879768805466,131.67343660082105,0.2498918907419999,0.2204368705245861,0.1864920620574489,0.066806517737459,3.6196620210042054,0.4614607159237852,0.3628812634562353,0.0032166135963446,0.5902866250201831,0.9698405630282886
run_0715,6.860549771367361,6.130472451651414,2.936986821556928,39.39089579673096,0.176059712566784,0.2825850410760528,0.0612967974220784,0.1622097290633601,4.606742577968278,0.2605687304992153,0.8078490314462909,0.0046944338734884,0.6766908622891905,0.8960017825047178
run_0716,8.245570855409564,11.5076123776061,2.4492222925687557,87.63085247511233,0.1574681080120556,0.2455306837889912,0.1848062600065635,0.121078622822403,0.8971754021899891,0.3234723684526454,0.846300160166878,0.0028593196065045,0.7265361928129984,0.9546888554330288
run_0717,8.354954417337336,6.577391164248355,2.5550955189167315,52.29009548964982,0.108606434564851,0.2079744875997276,0.2693460273369291,0.0806352281767221,3.0456637477260085,0.6831429236224311,0.4608113594403049,0.0085641200683958,0.5462495541888122,0.3204883602592588
run_0718,9.252619399593064,10.333762064707363,2.4273481587152363,226.2288572262925,0.3360979259628922,0.2615187280592335,0.11994288958305,0.1636176858653291,1.216044326853363,0.2873789813470157,0.4140561548150411,0.0105806131824817,0.5873497046783454,0.5780378507934928
run_0719,9.37920722970502,6.450119698111011,2.797733794470981,96.10098591428398,0.3079712856495877,0.1083234492035627,0.1193619171269539,0.0539089847696571,3.760644685741652,0.6085636074009997,0.4945328919175837,0.0040735374066353,0.4406486694626969,0.9666431219432718
run_0720,9.266969129541714,8.141323597087073,2.8214603118323263,159.6676940912772,0.3300016281192611,0.1094976599848818,0.1261242422890293,0.1194562000018067,3.346958769278527,0.4808757624438632,0.4320998625688493,0.0085014313555505,0.5475975150677351,0.8311830087028745
run_0721,9.128262588391491,6.304018751463175,2.645089138555963,311.76532207492374,0.123679073964864,0.0237412784761348,0.2854915678166905,0.0693967518653179,4.118133188971205,0.2862983450767979,0.379604479657499,0.0080274349585062,0.3364855914954052,0.9190263644634776
run_0722,8.942278748767688,6.991921528654673,2.8108880197747137,235.0264150097503,0.3951510804786062,0.0835352032173881,0.2063482926358041,0.1629085750009946,3.305420036675091,0.3888643409112042,0.4534648662629568,0.0013557819660741,0.1346241305795483,0.2118877567609862
run_0723,8.877819083180126,7.451619901710853,2.679550945036762,119.28563470222484,0.3807983474980007,0.145002229136589,0.0571548793974399,0.1373586008571258,2.8183529921245993,0.2847233580074523,0.5515549187244737,0.0111043536902135,0.196405063081588,0.9308948282022886
run_0724,7.386528980937175,7.257955976811397,2.483591344228036,222.83166687091537,0.1883488202965156,0.2685603180319465,0.2742227469287466,0.1704419118596324,2.4012110424250577,0.6997697916760687,0.5591974557406433,0.0031611912105262,0.4505540342735953,0.6196620170466225
run_0725,6.421047799082466,11.274307354684604,2.891686774633339,158.33877464346412,0.3366472978165917,0.0862206815522319,0.1203082510392799,0.0825998951807065,0.906432446505554,0.3558138791983419,0.6590560603586164,0.006419916013294,0.5170687191910172,0.4382303945988522
run_0726,9.437784500499257,8.700139611459718,2.6640281357649593,251.4912486652277,0.2191160825764918,0.0623237302588236,0.3099431452118842,0.1164647986299181,2.3395364895232618,0.455952640579375,0.4622340163934574,0.01023072307049,0.6249688851193194,0.0496338164115416
run_0727,6.755463745423372,6.847017193904199,2.984138088664092,243.97026995281772,0.2309180974400071,0.2377878709987968,0.2433927502295995,0.1438465628712087,1.3510823823838138,0.3749129455364898,0.3740270679067812,0.0075822938139321,0.1262679964638339,0.3519405917120539
run_0728,7.439390371178455,10.906585568213943,2.9339998651421775,98.29422842625436,0.397735135211386,0.2796010417629005,0.3027728093599611,0.198023138933765,3.4656320857658196,0.261307653145696,0.6082736254173635,0.0111558121252799,0.3129044182642425,0.3332157866394725
run_0729,8.600976922899466,6.638383324781836,2.924922567521758,335.2754704966093,0.1973486073421865,0.2989244822998108,0.2040745501226883,0.1002913235335874,4.784321539585158,0.2571094628420962,0.4473919440080385,0.0110594999275729,0.7194791953093506,0.0766507687795622
run_0730,7.334394199704087,8.529846895287331,2.6230010963272337,223.2526711205139,0.1072390615111305,0.0370099652627367,0.3168925736223756,0.0300379681277955,3.928867129741862,0.2749097200141926,0.3487417209856354,0.0016448055952034,0.3770828522634232,0.6773624414616831
run_0731,7.938437103383762,6.089251989445638,2.7030537475869556,138.5681159610504,0.3277960789715691,0.1624818440366331,0.3114388295523125,0.1594346810931807,3.3993054305585755,0.5681655866102802,0.8699059125316422,0.0067376794447693,0.4737834212831122,0.3068055256501724
run_0732,8.47192496908884,8.526208057301613,2.972162937168891,114.48321091213715,0.2056134759202456,0.0393892071480431,0.2881376176954963,0.0555708773616895,3.0346347565053486,0.6213973117825081,0.6826872337374288,0.0017264726219067,0.200157140899333,0.581516793223318
run_0733,7.8978670238288515,9.983269983365885,2.6000097426756397,19.183616629028144,0.2131790304931077,0.1305977364979303,0.0783340518062389,0.0711587918062739,4.446237313642071,0.6910370579211019,0.4387188905282521,0.0056400521259075,0.3036342380652311,0.7144328269027982
run_0734,7.218511650521702,11.29359260400725,2.81428610413465,285.3029088887503,0.1564493045225516,0.2392675935300431,0.0876537943409109,0.0483842333310232,4.83158099745606,0.2639537159692653,0.4050328995795689,0.0040585955561479,0.1456753431800753,0.707437106822323
run_0735,8.693389567083594,8.238737542985897,2.8710462024276,232.49742214540595,0.2238908149477275,0.2738034696311719,0.3271298317307662,0.0874797186057929,4.610275495015602,0.487503157125619,0.8702265004201921,0.0096923486226841,0.7367861638552531,0.2842254464019877
run_0736,7.1762617408841125,9.979184977404234,2.9524476329932825,101.317857295201,0.1691945186201059,0.1960158444325832,0.3356956823923283,0.1116035895395089,2.64469786492849,0.2042502364846565,0.7887863019616634,0.0094543327532387,0.1656787641863392,0.15324554265871
run_0737,8.786051462018676,7.810747834343571,2.6883578128725594,61.825321958806,0.2594164057222705,0.2268358392976044,0.3463895649203898,0.1931597124359618,2.779804618367506,0.4912017140419111,0.3136887236468401,0.004102612717029,0.3326142514242405,0.5520774061862546
run_0738,9.896888773959738,11.546977155887332,2.518143378986129,93.61236995186256,0.1623093739830703,0.256075215705507,0.0863746054967006,0.1895769265740631,4.859778747164215,0.5377560750993159,0.6386945470550494,0.0058347626953168,0.3574629434238385,0.4805810037971275
run_0739,9.684910574163558,6.6673060513709,2.858292186633544,5.610874933731925,0.3051603979643744,0.0515436249990041,0.0860089716439502,0.0178144604961243,1.765009565792213,0.3753299292752901,0.3961544117710956,0.0104783737364967,0.6149640497833272,0.7771452792197353
run_0740,9.29235340041228,8.10137783231712,2.437442016550839,76.55766464850858,0.1797884322874762,0.0795682515217431,0.323058774401592,0.1829536683362886,3.3420541072479324,0.5055031507703791,0.7685294482542454,0.0018633924598775,0.3082110195866688,0.1028777490701695
run_0741,7.620548159951207,8.571672533904046,2.7607303533137957,298.57409164823434,0.233721738715821,0.2873828311543895,0.1217392073468044,0.0904066417322361,4.002454227267299,0.5600457470915918,0.6396709720394513,0.0036878047693993,0.1582276181722787,0.2016992535182675
run_0742,9.439713639441546,10.154420222096658,2.7129950381591317,225.37196070367145,0.3750135573518952,0.1976926670938938,0.1631824142246106,0.076553145061483,3.653786238708648,0.2149008740383188,0.7542299243369647,0.0056760727925978,0.2550754017509981,0.6894235842074338
run_0743,8.616988084485921,11.581245815535562,2.725437022347002,254.84382535693155,0.1319826950601035,0.0223725814720274,0.0378948320252675,0.1621646361914916,3.111035784209081,0.5154942325116276,0.5264610161842199,0.0095661496202548,0.2255416147035288,0.3960171651215517
run_0744,7.103057030553466,7.154749307530929,2.5316946472958235,87.16945358270742,0.3264742739892925,0.1106027672064942,0.3320561313263209,0.1274899142440304,0.8995051881325331,0.620378576873194,0.5459665648195569,0.0018206839253364,0.7001009494009551,0.7626945828402054
run_0745,9.403992115334937,8.48512079989969,2.7038151450428907,145.5310132662222,0.2567053419094268,0.2898505421920269,0.0488499881238593,0.1014932783378585,1.1571722700731573,0.4833947498367663,0.8213087990653432,0.008725404304492,0.7657037313194129,0.8876906018863312
run_0746,9.75291043952436,11.423892246355985,2.4837456470908807,105.6449150179547,0.1872929541449448,0.1817851455775128,0.0769226843516781,0.1417749475487996,1.686640834521926,0.3497005919638735,0.3955883761414718,0.0087782086785445,0.3591655176433859,0.907912754028988
run_0747,6.923207889594643,8.45812219258647,2.682908032297558,2.9408738301258466,0.3827475707256653,0.0387527737998882,0.2176842344687881,0.1332280949031497,1.7420938311927252,0.3482000962405614,0.3307596158440469,0.0072795964111412,0.1653674624790257,0.4612133690996132
run_0748,8.0764653074583,10.22149513687752,2.770680699038859,85.30797532255254,0.2109274037502302,0.1260821016858309,0.0808679909209088,0.1307548662343913,1.7156542886686563,0.2427370632029917,0.5232612760860428,0.0039114485589313,0.286458497309642,0.8391824219408586
run_0749,6.895742713616633,11.666791780475108,2.7558019532774845,228.66545342547744,0.31596201660632,0.2097447450763939,0.1337206106703766,0.1282333211185032,3.983809066482795,0.5707827977005053,0.6151967531051727,0.0094221719504775,0.3416188255236761,0.2861143940646901
run_0750,8.923268141671464,6.770843290504506,2.6822486882276664,292.5690203362187,0.3953837349719654,0.1296603729479923,0.1747301517424187,0.014931947976157,4.98106369388291,0.3105544645606695,0.5977351870697432,0.0071776950834349,0.1261930240384822,0.4257962884146144
run_0751,6.080161661425844,7.706485206026258,2.9870815419288563,0.4223758709192852,0.1249608195489067,0.1126669555766506,0.1871901988815785,0.149198804112929,3.758859769800456,0.5131299032578983,0.6591311694190389,0.0023341149190153,0.7520632489981355,0.314673756009678
run_0752,9.325781085744914,11.38347218377444,2.4261913148593064,152.26823358499686,0.3183483025701894,0.2494360232458571,0.0696619759036251,0.1782119077096643,3.9947511883228186,0.281806114774534,0.4699444464618524,0.0017042372835976,0.3117761341994204,0.7407632814730462
run_0753,7.697679451179777,6.657681205308348,2.471627058127382,278.4882921642002,0.2998619283488267,0.0399578565140723,0.0681345877042303,0.0478543831669965,4.75235806102361,0.4634464092375596,0.3489215524642345,0.0099593276242719,0.7234307788514636,0.2980401659346442
run_0754,8.483211895618027,8.714780798439014,2.9733585997405516,329.4282843259755,0.2377995613918017,0.0270348039735755,0.1690059612764483,0.1781317559171612,2.4702791509115785,0.249142342335121,0.5507476752743238,0.0089044270788601,0.13173636170873,0.1835327869421724
run_0755,6.1308621322603605,7.840456470055845,2.478473008216734,37.00787923982587,0.3860773050587744,0.0103367623768245,0.2653742753536924,0.1383999970048369,2.3282509818281243,0.2939782836953679,0.7089670032030049,0.0092367159796321,0.5796717717427662,0.7457653283824014
run_0756,8.279137724287262,8.670948301268796,2.4904173797652724,343.98503031624404,0.1917791644138526,0.1134468396995812,0.0352272234734471,0.1297182477502227,1.2061057462001727,0.4883929052960018,0.6756593293036068,0.0113649974856532,0.1055202748666403,0.1477637496194448
run_0757,6.477858336406725,9.513306416671082,2.7969807124875796,324.2231431584813,0.3643188260043972,0.2978552219746218,0.1066673239540837,0.042953729541855,2.56951593396204,0.651766478821405,0.8964152728526307,0.0084647767102396,0.239578449295925,0.7919027750707679
run_0758,9.51824045697824,7.7515742522309665,2.6083247587568,217.73191469718975,0.2139546983488058,0.1483767796062768,0.305319070025044,0.0691111247948671,3.537379058554487,0.2493898221229494,0.7248277007435033,0.0051933204109583,0.4365261763419268,0.8586585820652344
run_0759,9.64752569236574,9.338808793537275,2.965843466567854,234.25069289387412,0.2916752684348163,0.2307917830506574,0.2711891358042042,0.1261247297549159,1.617664164503969,0.6532319590841977,0.8316093024797269,0.0068140896941074,0.2006082761452079,0.5543453055417745
run_0760,6.110603889543228,8.325499876816584,2.515864163577053,167.22413147303138,0.3880544716902,0.1608984223124239,0.0271940867628763,0.0853524498690447,3.1703427805668474,0.416192147936264,0.5085825496259021,0.0079935556491541,0.6376642003616836,0.1964281582069205
run_0761,7.819328607073701,9.098195700280227,2.74839063955558,324.76332074160115,0.194881599595617,0.0857656857404221,0.0888410448190467,0.1898633263310877,2.816016132969442,0.451305519539792,0.3641330663030437,0.0115400728249322,0.5506967651162675,0.0799849117235418
run_0762,6.341640354288688,8.978692219283209,2.6633412202339297,101.7367912041392,0.1574060751798954,0.278865229207113,0.138270809834838,0.0606754440540685,0.857780641221779,0.2978124682061024,0.6383708729580322,0.0095831448335188,0.2825254113917738,0.7675844743448008
run_0763,7.044371564679538,6.933455203920451,2.84949063812164,299.0644999547068,0.1358758181017985,0.1289183740497879,0.1089344212536929,0.1256163621187505,1.890162881937544,0.2031223825836446,0.811479213721396,0.0059927652937202,0.6184282604972183,0.1784444228715006
run_0764,8.06306039986736,11.497185443423684,2.6154364959514886,127.82751950467916,0.153735358311841,0.0261808843348213,0.0712893844961693,0.057721383315592,4.779119293892775,0.4183596713791478,0.484505796545261,0.010368973296233,0.516274055096459,0.1641612122640419
run_0765,7.312339223284649,6.367695057965679,2.586750747029684,317.4883250374936,0.1198577980168393,0.1527821150890829,0.0683050109783055,0.0933371770666165,3.130963103200168,0.2513590211183539,0.6257479664948069,0.0039794633916311,0.3232878503519696,0.567415268619907
run_0766,8.784026741213426,6.810004431716402,2.417184045624033,227.7698657661412,0.2348834489570351,0.2656499996305331,0.1831906129278205,0.0236766480200553,2.873310268776782,0.4885038493744818,0.3857225841132084,0.0111724509393899,0.5800735539596321,0.8143047662528851
run_0767,7.930557200012249,9.994864786830732,2.8803176747623622,274.17786147832254,0.1688458529462368,0.2154913104121051,0.1924119106688537,0.1011509330958037,4.616756683466833,0.3675411182741332,0.6106725644132511,0.0078026229571118,0.3021904854085029,0.0198673987983212
run_0768,6.634637881940697,11.603463379949876,2.9452065682690702,7.656125949492523,0.3673240508605883,0.0703946751822334,0.0882239068606324,0.0721394554328508,0.8794108960838816,0.6853284584119119,0.8495356125752638,0.0109339718263157,0.2996274968959122,0.0483529411528591
run_0769,7.231501752743233,6.046711267034864,2.799959783108562,55.8366909103729,0.1185949935661667,0.0731761683537567,0.0948062867184361,0.1137793697087227,3.2272859932814892,0.3334161792448677,0.6981343208938297,0.0021248789886762,0.2260895498708848,0.1577576107467518
run_0770,7.145070034847199,11.605134223424749,2.622522190646343,75.91503562212488,0.3104515969217662,0.1732889961586487,0.0598176148293269,0.1743369712687897,3.9772365281065127,0.4057061468739507,0.8721186807106478,0.0089265104062636,0.155116923395629,0.2195156097043158
run_0771,8.533706835794195,10.20732254867998,2.6897450333620805,40.62484285113523,0.2527089797471555,0.2675390996151004,0.204545957697335,0.0526312933384717,3.201151534313878,0.5447346618031648,0.8098349746057947,0.0119362852971031,0.6896481614865344,0.4518534385099375
run_0772,7.169541841462459,8.835192970889413,2.47488333865779,308.5946515686395,0.3758047638138621,0.1063231137193598,0.0990835157934529,0.1159181940534059,2.5582370041027778,0.2703183330104212,0.8597204995991579,0.00488104724308,0.3422149588245335,0.1769478348525023
run_0773,9.511633705866906,9.82370988490508,2.4269153703281834,226.8631784612462,0.132596409741558,0.0657486737278359,0.190488180438522,0.031428825020958,1.4074031867671772,0.6957394753755384,0.7457061325990033,0.0117102356347723,0.4925846242122436,0.9659607323597784
run_0774,8.393309973143067,10.002865515684634,2.983163404540424,330.1695663544419,0.2021836816425463,0.1285178813920587,0.2563603119671093,0.1273434969410664,1.490449670746265,0.5847735447619571,0.6288880062902574,0.0013681990404034,0.3436702495084685,0.64474678322982
run_0775,6.437094702207374,8.434738466421905,2.6032180109800676,116.68957586985908,0.1519156035076413,0.0976854230021226,0.085509998855652,0.0458447974519105,3.1127829260064477,0.4371267498380542,0.646382693235539,0.0029978069165061,0.5706449965685857,0.3798959734188009
run_0776,9.05890834161248,10.445197167427011,2.98139003005117,50.93071636619118,0.358195748421042,0.0767038938523311,0.3307511131376607,0.0273710291930694,4.9541820252578885,0.4286846410257565,0.7620013120615189,0.0063924020470879,0.666568578608004,0.1147519976152378
run_0777,7.2233292374563405,6.282661584046119,2.9033682552342577,193.34573951093415,0.2335348994658604,0.1674901022484342,0.0861170635162682,0.1818331711068204,2.31090588780482,0.3630375194449584,0.3457867836083652,0.0083971677583276,0.1243979279752115,0.0803790398442625
run_0778,6.206259874762622,11.614608460951771,2.922094936728766,204.84681855305553,0.1419551218221422,0.0832596260641585,0.1293213008302531,0.0661351089633454,1.1503600833109933,0.6189218954157818,0.6472791038354613,0.0054743764126009,0.5482641340288008,0.523466892340195
run_0779,7.456644953816319,9.020929015939398,2.7453571588095422,234.0127521314728,0.3010434446629511,0.1802885857249951,0.3235682344889841,0.1717230389055713,3.477643419214261,0.2240089235322015,0.3595719865074275,0.0046156060645311,0.7937690175311931,0.765499480921414
run_0780,9.662945968166344,10.087041370980549,2.6295848383650786,267.7736179063087,0.2142556533369082,0.1442435893278476,0.1458093549732789,0.188417666173936,4.92671844588348,0.2009100085182106,0.4520226434580185,0.0083711616339753,0.3041462569936145,0.9392473300844312
run_0781,7.111221939480922,10.256628606288764,2.892064458423272,35.34885640015529,0.1189934677480393,0.1241267757434703,0.227042803185208,0.0538017223076498,1.912003733833287,0.6381363455439839,0.7464188282129058,0.0011157211471446,0.1616137314383924,0.8660905513030462
run_0782,8.78907518771035,10.622369102117194,2.622184967735617,130.1511064515268,0.3727954668557379,0.0935552759731105,0.0987875117929477,0.0345128127445262,2.3478098842915616,0.6866112356005694,0.7117524359776047,0.0028810679772017,0.3893736372783969,0.4549062348691576
run_0783,7.242073635404508,11.964932415534529,2.5516391087970605,249.81623103728856,0.2470730139626475,0.2547680879327393,0.0834020301599558,0.0720915602808682,3.562442683696923,0.4252784637282455,0.5835261454016594,0.0029007995150889,0.649987178649148,0.4663603986936586
run_0784,6.843097829407683,11.045340352089651,2.45174055832144,306.9759167757063,0.2934493244895804,0.1716355428464074,0.0706379583389223,0.1193317433517104,2.209705931657001,0.5999445904991068,0.6437646068936681,0.0080620062057062,0.6564090292243389,0.8465519758422859
run_0785,8.940781628092497,8.940854789499578,2.71333172432655,21.027453984889203,0.3107729422642821,0.2659499439488594,0.1570556761118805,0.0362424341838409,3.092059615457477,0.5972727377148599,0.3537591526886088,0.010305774523266,0.4150422534097331,0.1795157167910107
run_0786,8.58051568759475,7.952640259407459,2.500257787233049,210.12345197232776,0.2514491760523717,0.118911815570077,0.2119455954131263,0.0964639718465531,2.9825927611279734,0.6904278709740737,0.4164074943912417,0.0035818594694863,0.6132691356653608,0.9087982451858734
run_0787,6.863727311593845,11.682941361359893,2.7028707602405984,190.091769748136,0.2614052354247071,0.0477336920759742,0.1543105946008983,0.1519569819303236,1.2829571143229734,0.3267933998742979,0.814651914429873,0.0033048479319256,0.481367783985536,0.971368413197758
run_0788,8.782009887322488,9.886407966385462,2.689241045237277,165.79600971047623,0.1806222296930827,0.0350189214807997,0.2624851560323494,0.0761344647472262,0.8504742135136384,0.5569179194726575,0.8553784108853641,0.0092759304403749,0.5281861664355341,0.2100976052058908
run_0789,8.804227027350677,6.073653851447162,2.81568907329523,307.39437870983807,0.1008799874244372,0.1171020869525466,0.1818333036067284,0.0932752130959599,3.340333684351797,0.4665652169388533,0.4694353246585122,0.0114815904225863,0.1430724319730816,0.3474592051536914
run_0790,6.189170737639513,7.777269746422816,2.873330921785316,201.54941775283777,0.2720167231952877,0.0605549480920512,0.1724039928147997,0.1300389992020757,1.2590225590653008,0.3636533547799564,0.7479107652819188,0.0113173548531007,0.3341948436026712,0.8823364194661361
run_0791,6.936086976816589,9.173054318261268,2.656775137691023,54.26639246081655,0.3158158201631035,0.0736908164767563,0.3107306878370217,0.1616497854299974,1.4694936720739178,0.4925728424337786,0.8972066006919059,0.0101575072928456,0.1203938813179241,0.3167047942462958
run_0792,9.054265764441569,9.883232064900842,2.6701341750399674,190.03728319149505,0.3124482832007012,0.2454256765579038,0.0729304990729805,0.1552724741293448,1.4886910663500377,0.4328319249692898,0.3647529837325545,0.0097371208676588,0.3534493179195087,0.1514527902254429
run_0793,7.448665698642895,7.531162143772542,2.777739741076093,175.28890772316166,0.1301800318743046,0.0650347324264725,0.3244178453642198,0.0777956304866702,4.896290294292989,0.6701200100933937,0.611067960053123,0.0099241621377156,0.5722718065747292,0.2582509038232808
run_0794,7.417668341062301,9.682910844894623,2.8057671114976723,12.299602533366066,0.3470648850516194,0.0190551955506747,0.0284650901791809,0.0637626669855832,4.14749561923837,0.5261711978274111,0.6073937124750937,0.0010152743647064,0.5731703654748821,0.5311049766049291
run_0795,8.043519019836587,6.797151936793965,2.9471454611170183,197.6445206495462,0.2204828447804081,0.1431201645507528,0.1083849699528538,0.1687539018040432,4.864594028491117,0.5452073646406607,0.8561019358996929,0.0091823915166566,0.4318990031568395,0.5664871636568463
run_0796,8.481715915570165,7.122951344639235,2.85956296729386,164.69130746686133,0.2247836177253083,0.1421398522478087,0.3316148596453467,0.031361101085692,1.906216369586806,0.2190622723239508,0.6278398941263218,0.007104805435318,0.6229329478255484,0.6210618407878545
run_0797,8.869630361998208,9.19720397223068,2.7722434327285668,11.39048378298689,0.3875124986673717,0.2862349397851801,0.0412780083335376,0.0449991018928808,1.0162812297281012,0.6475290826483958,0.7002816715060403,0.010736166509319,0.7796748611783998,0.0316457199148907
run_0798,6.606390821052751,8.733130093931528,2.708825858858165,105.92855246664014,0.3594361904815027,0.1469233132862601,0.0331378665379838,0.170493023270372,3.871822704352833,0.5657456065124227,0.5560142660645198,0.0066107447116158,0.2917769086528493,0.1253012143955193
run_0799,6.348119906147838,11.113494969012429,2.9495338025310636,342.2963418458816,0.1507887790650708,0.1201829930204095,0.0643801212603746,0.0163087443887362,3.413139781956483,0.4953473021078299,0.3569949983795135,0.0094195404543273,0.1510420497993189,0.245951024256851
run_0800,9.566529048453605,7.547639588356565,2.8539995417779647,2.8478897442623388,0.3044322534732628,0.1612114331429506,0.1511798844383125,0.1324886791615635,1.428294957793879,0.5384678594486338,0.5842151439757843,0.0021947438822032,0.7389906581899722,0.0119601422103162
run_0801,8.935688108073867,6.878725324057319,2.902833836420694,27.29219369969516,0.2827714977092296,0.0197485402179883,0.2332646315064053,0.0718783352478103,2.7129389723082413,0.4916297735881078,0.3743710443101489,0.0055801344372262,0.6959473307103416,0.8696412080980565
run_0802,8.47865179162742,8.370758759733206,2.844581473485829,335.7010954418089,0.1110918369956935,0.2336152665702413,0.0544547062983094,0.0791037826299032,3.451378399953196,0.6780607169116823,0.5775780426590194,0.0057402455191548,0.4350225786344637,0.3979607215012825
run_0803,7.024998907715743,6.5020647545202985,2.7264534933427873,149.13664016074324,0.3330644712883652,0.0785138543557587,0.0789093411820539,0.0200197710887616,2.7373287328154765,0.4080548738790623,0.6569279729659674,0.0076869000814869,0.2881340351311515,0.0699747478174045
run_0804,7.063541318743129,8.626938885257436,2.9740537110862317,313.51150139197944,0.2943159045257938,0.0965826298733654,0.0619616442875293,0.068302750245435,1.0644698399587953,0.3554658334238129,0.5548316347894359,0.0080197396013904,0.7793326162197561,0.3659072250851432
run_0805,7.513361837458647,7.220040680673359,2.5560124778957465,225.3233212923704,0.3449406219475781,0.1637938128497497,0.2199781531797076,0.0804779747133121,3.6761443536116545,0.2269234022151875,0.6851724819671534,0.0091036763311381,0.4564744050818928,0.2599614501655243
run_0806,9.256274511051972,11.000145860825365,2.8278115857645156,6.672323046139862,0.2283348855060672,0.1345218577936364,0.3011143364342138,0.1342256778450458,1.7614565435411902,0.3213620980710452,0.8653531792671896,0.0042458249016665,0.1690447515170562,0.3050619302565816
run_0807,8.304530594175226,11.515073475118056,2.6476499468543166,203.76224040789063,0.1862561252764,0.0422119163176773,0.1080740106277598,0.1775251318427387,4.730654517942895,0.269781140243228,0.6800967551595364,0.0029622490801826,0.5867086936442205,0.4022069214223829
run_0808,7.414878241359279,10.262472552520844,2.625568560540056,55.75998079303465,0.3279476936816655,0.1172979622152515,0.0422749759291606,0.0119714658936049,3.598562050683249,0.520666274577354,0.7975464510597365,0.0053842711015284,0.114647713516273,0.8613296364433844
run_0809,6.730615942384537,11.39086730576016,2.5293510064094513,221.58687147471045,0.2176588544196127,0.1493513062862005,0.2477203774527173,0.0902355719855877,1.087476877290232,0.58949113826625,0.7493266487045598,0.0094893702923859,0.366172311163198,0.7638912123091293
run_0810,6.8407743886506776,6.434456382375485,2.404702136657919,52.70477228726592,0.2923455004600015,0.2929650969863078,0.2229678835714006,0.0568295614238887,4.081406739631507,0.6387582603552546,0.4568839141455881,0.0108976989172066,0.4678358606234005,0.3304266733395146
run_0811,6.321074947096854,10.175527459806949,2.575944373372511,206.2939082971014,0.1935699388662704,0.2453194579560917,0.0391658925586777,0.0405462743644956,4.844846516692427,0.4464234691763336,0.5137117403984439,0.0069349217754513,0.5111899064701932,0.0600996357203473
run_0812,6.29673696650031,10.55156115976612,2.615048791996514,239.50186443533937,0.3908306744157285,0.2211257880943421,0.0865773125950189,0.0948287790771905,1.8838138719964184,0.4611748094629655,0.3046208939901458,0.003335918884591,0.7980229345685305,0.3794037653153649
run_0813,7.327082261083897,6.676399523475659,2.8798999071329137,287.77469388997156,0.3396789689998494,0.2327626090712353,0.2547476540586509,0.1376522479928371,3.029492491594305,0.518886408300755,0.873689229390135,0.0048751463017594,0.5403451172324977,0.93116010717669
run_0814,8.928323026567739,6.306850938116007,2.6513554104600487,108.54397308566446,0.2953320120601347,0.210886955343548,0.12507314997213,0.074963595338385,1.6849099045327938,0.4373959507167494,0.5628972421498455,0.006052451647513,0.3490205041899902,0.141406020981018
run_0815,7.6156895977114125,8.237773065708904,2.4690541082085304,103.76003047471566,0.244157928844014,0.1035613244892029,0.2483125759864594,0.1079916394487512,1.054487546733296,0.6745144841386714,0.7218834779242995,0.0042664192608251,0.4767221430492614,0.4504397833938794
run_0816,9.729845555155162,7.206921298784652,2.884249564370423,212.5514085316687,0.3191388777088051,0.2343314541803421,0.330478515982739,0.0586366668210943,4.320185785825591,0.2365380711114761,0.7987456579975607,0.0116725304111574,0.4225820988205454,0.1428807684005669
run_0817,6.366489535859649,8.034452146775637,2.70620362657255,37.75071254672238,0.1055098312420682,0.1233826636643867,0.1320418253084634,0.0779225631628879,3.356144343992816,0.6804360182927423,0.3435929534431945,0.0055290124638795,0.740206887729508,0.0895198106362215
run_0818,7.027265416771741,8.32473497754033,2.591475106270684,321.29616558128413,0.146616555499827,0.2807072786530714,0.1501415508896117,0.1268494967772383,1.867865241453468,0.3791440002182102,0.3517041766006356,0.0067624064075128,0.2851942066098357,0.1281328271292093
run_0819,6.929135411148016,9.361925921251462,2.4432552335257505,307.84372914626357,0.1378901499912964,0.0617155010799215,0.1272061807016798,0.0649972378116831,1.5789867712433363,0.5917438961284129,0.5570541382853578,0.0046087857200027,0.7902706442412355,0.4735772130760859
run_0820,8.25875239927715,6.775127810696278,2.9132628204760342,298.1341862363444,0.3087579960383694,0.211184708267181,0.1077198575768823,0.0836372915375397,2.1792102936346787,0.4950658373460749,0.3359687727750122,0.0078693529163284,0.3019401390038264,0.311914876757891
run_0821,8.168610103195812,6.295910082319626,2.44919521726831,83.16215592635217,0.1633699932395152,0.2793528873688088,0.3075031868920546,0.1071356027635634,4.694512503188105,0.3195967627738837,0.4662343120140395,0.0025933405746935,0.4004795609820039,0.9249981780019016
run_0822,8.086280371437363,8.876082288333262,2.7962186109305014,26.280443309542015,0.2808123410591882,0.1652771587293095,0.2568443521923922,0.1021164434741147,1.2326292738994715,0.5971423445805213,0.4337309598035122,0.0025423664796792,0.5576583341196801,0.444472519805929
run_0823,7.138278160775091,7.172952937418151,2.4411304549092763,3.0974654333516756,0.1131886265184786,0.254075076393717,0.2832497219766524,0.1043727808280242,3.686286891319672,0.4972375782434379,0.5456821510884532,0.0111819999124259,0.1430130521873784,0.8513790779496467
run_0824,6.325002326812354,10.85050750897916,2.578563048131835,69.87467195571976,0.1555236785183109,0.2359028126224877,0.0691304706112995,0.1362695428210921,1.971037239280356,0.6110760449054191,0.420123226228743,0.0058215903526081,0.6462532583098184,0.2521736284539503
run_0825,7.295732751725994,11.838419632442736,2.472127066967676,138.03992936907736,0.228894470853221,0.047202488680267,0.2516543367700035,0.0892336984171721,1.0567887396514697,0.677101751594168,0.7107453398456822,0.0031310087161556,0.4008454852856835,0.4534052765700696
run_0826,9.841693219149764,8.746704092050884,2.572963207626292,241.78800374905845,0.3355836872484945,0.087488991915918,0.3222397157398376,0.1734956332039265,3.0841226968381825,0.2592745113840679,0.7050581847384441,0.0054656259632032,0.6679330443742012,0.9008904785200827
run_0827,8.582671231455155,7.147334102591347,2.5666515446842233,199.48255852251464,0.2787500036956282,0.2794995009171447,0.1865468344834133,0.0925576401916203,4.107969649584388,0.6791957322563056,0.815066204510351,0.0052503493716872,0.471202033522242,0.1488816514861261
run_0828,6.990197917703856,7.149987831294697,2.704974981226565,110.11071388808492,0.2911929008492289,0.0377709726636718,0.2856965038677714,0.0923565125519682,3.912517450826443,0.5302181099922174,0.4205212649754082,0.0119560352555732,0.3743334269780846,0.7564494289061069
run_0829,6.216723189396163,10.570820612760446,2.7692724493697196,10.619326362897173,0.1916381257635428,0.292239203341078,0.0665624798964162,0.0411811325472397,4.67899923187055,0.5539637917455711,0.8617988940387797,0.0013016938423099,0.5783496575537463,0.1078803977906247
run_0830,6.330426270198125,6.187963560965958,2.9446513305603768,143.69869888101488,0.3493266615026272,0.2486263246819032,0.171216001641498,0.0695670469294931,3.938827690156241,0.2813322329752047,0.3096966476877966,0.0054081728380492,0.5381200433940805,0.6489292712895229
run_0831,9.901025967710172,6.9404672113898656,2.8674679899729676,163.3122299800886,0.2107131938081746,0.2449042252185263,0.1979442241594925,0.1375777314313611,4.478349251550644,0.2183477994075398,0.804722941478565,0.0062405020591779,0.5232959693446922,0.0908251597460592
run_0832,8.397322146310312,10.665497978984096,2.9002734200523994,90.8050687282684,0.1831655690708448,0.1672433654669215,0.1936403677540102,0.1466480519305008,3.4389972904212174,0.5978362449263509,0.6341562907203103,0.0118845323642295,0.6068797848479913,0.4377913742832578
run_0833,6.881397296298271,10.882836593895547,2.866583637518168,115.0820265960748,0.2101446861231999,0.1571910951166595,0.0991883520257245,0.1038913954908974,2.054872833294584,0.31784047548047,0.3619575529089111,0.0100872283500496,0.3785981589568508,0.1448921445221051
run_0834,8.585407124749674,11.757163816481246,2.77514788613611,22.974416661600333,0.331839353182658,0.2436744857689022,0.1675339775616064,0.1288485780927603,1.3316272542565455,0.3002895858091453,0.8732402954667133,0.0087480222706053,0.3136413827868046,0.2991719312932793
run_0835,7.179594589253108,8.32876115438176,2.8673400109341243,129.5526580836139,0.2448539806693027,0.1986673312446089,0.2943060363667584,0.0456695848836062,1.1321785264739168,0.598046767938166,0.3139830500712153,0.0030582020949188,0.5738278150297995,0.0417483855750222
run_0836,9.175763516539222,9.457719616543226,2.7562438902690696,58.1256146955751,0.2410806080857402,0.1027055077712707,0.2459002106618539,0.1994248363806503,3.481499786659593,0.6151621609385112,0.4362471942831252,0.0059837163417075,0.7127416354956023,0.4926405539573792
run_0837,7.684845218815297,11.45704973322372,2.6900716068263133,87.92138146639675,0.1167111193526693,0.121315388057212,0.1902548700972826,0.0612950500691096,4.0204474020861785,0.4778268815526389,0.8673899472642592,0.0047610046658265,0.629249709750648,0.1928114187870151
run_0838,6.300071264196055,10.979645521096725,2.4324490635904095,178.3964991324158,0.2581265986710784,0.028152718034526,0.3281662871224967,0.1418872324048615,3.749283372211377,0.5231438802171422,0.692702066491184,0.0054809024990502,0.6878553995922343,0.6410485694813309
run_0839,6.775421983441808,10.577541956573617,2.672307000075099,133.7833238981217,0.2213710218985446,0.1588984054767947,0.2309489716893253,0.1509261077439685,0.960295524650422,0.2563322359072183,0.76381215975892,0.0083185940893536,0.6595450815773926,0.2012093873570891
run_0840,7.841141163081523,7.762578737183063,2.5850792169019488,133.53331640814835,0.107359693759511,0.1647050977395078,0.1363791013411893,0.1723783153722433,4.067575086590274,0.2986943129630166,0.8884868783907454,0.0060132125040411,0.7641804416468355,0.7786755003709254
run_0841,8.367547204965499,7.256923551190713,2.9918995286847547,209.09780783784907,0.2412457505801208,0.2385274524029789,0.0999052231342154,0.0327496438192871,4.272186592040046,0.5573251812470255,0.5047083796199578,0.0034639552327845,0.6468288498143069,0.6883388060301502
run_0842,8.666454262077306,6.809434903841593,2.670985138304407,91.14741083993596,0.3241521563672009,0.0779794875853722,0.1233662592247834,0.164684987051179,0.8325722384514006,0.486914908579253,0.5219500335452136,0.0018729052171118,0.4987326600731416,0.0017952996377268
run_0843,8.776594573516014,11.403779726025004,2.931997748932763,136.13876308373705,0.2721083787693511,0.1508648288130865,0.3052803547883835,0.0923799336782424,1.419575045237776,0.4523833789835999,0.7119200283732345,0.0083535110300425,0.4379298314305949,0.9356378223131252
run_0844,8.746712419323499,8.255288205551997,2.8301858731668736,119.6183960439886,0.1994819192503905,0.27254785547391,0.0411225287078061,0.1609877938402135,1.483139363161183,0.3044285647779056,0.8800589857851471,0.0064660006290998,0.7491636968151721,0.9819550749784538
run_0845,9.549746453187408,10.274368459562112,2.949725929736587,198.4605819984814,0.2355599590731152,0.0735301386951998,0.1541021635001569,0.1554523046000046,2.1216665735792173,0.6564960531008678,0.4590259572926953,0.0096192839516537,0.5981776550720267,0.8417326132221346
run_0846,8.487094147853362,9.1065534754627,2.476269233807747,193.94763451157544,0.2178735962951946,0.2553315642527599,0.1161419947301034,0.0114011130946604,3.556527758344977,0.5702768959969562,0.7802282738303401,0.0089842422079309,0.2087719449111656,0.685227129090647
run_0847,6.884765826607411,10.18940361740431,2.8149144430046347,14.76083195682226,0.2069743906015291,0.2034582320589909,0.1456780164237781,0.1257499205669146,2.6934619079202076,0.2028039110384565,0.8936484506582725,0.0019228083055713,0.5252364570751954,0.633195530163331
run_0848,6.358622923482422,6.197989913141306,2.585846764270802,164.09216258307185,0.3464811428827272,0.2485193608418301,0.319442108075567,0.052501080135621,1.8655575584053825,0.3252922274942504,0.5986223199332528,0.0011432784604427,0.505189965375218,0.9553010392967975
run_0849,7.600044650666995,11.186677427269885,2.771461228544041,326.87791763136113,0.2221770230125895,0.2038427566610815,0.2619901849731442,0.1448241738528777,1.1926306111650635,0.6877090568183519,0.7939972168856515,0.0101175931056877,0.2573658730385678,0.6045240658500912
run_0850,6.09979758774512,11.335730153674003,2.4109628725885175,302.34953843067075,0.1886082240163468,0.2997513609365463,0.3182121003755692,0.0282577809581253,4.0436493462327965,0.2715983222432551,0.8910319235577953,0.0065448176934055,0.154627991812625,0.713865512488736
run_0851,8.058029157630937,8.553550830253586,2.823961557658188,110.39983585182743,0.1523525098039942,0.0392259733319332,0.0746044998629761,0.1967986129276411,1.220562613296461,0.5390621337964576,0.4775427732326637,0.0063825802169166,0.4134627111014609,0.12412600009301
run_0852,7.348567504048561,11.430499901384293,2.654763444252633,20.052713901709904,0.1848790077270269,0.2671378589874112,0.1525808528664089,0.1005688984354779,2.278619184499987,0.5360002367454657,0.547392239330093,0.004098021906681,0.5107110144785899,0.2382725140996459
run_0853,9.845520265842616,10.496262256212011,2.511844508313972,238.92633296883025,0.2081286920355035,0.2602074489618765,0.2914149583486182,0.025348367724667,1.1069046480217049,0.3168892076600515,0.5990751503721108,0.0060655429025235,0.3968542557431289,0.154669978257297
run_0854,8.772487352758382,10.412615427900736,2.856070225561769,197.60260519049183,0.2703266535805639,0.292579192495548,0.100115009943296,0.1787916362813513,1.1249682623211674,0.2644726944126649,0.6030838180629108,0.0044193728545307,0.4788686019953793,0.9578338782213164
run_0855,7.444450597482356,9.665320549030518,2.457917749649986,118.02215880451986,0.2165344222568064,0.2524051557412418,0.1241129845990265,0.1699354698205557,4.516474472436481,0.4765284884888887,0.664344861413934,0.0052007164735319,0.4764420553845333,0.3479020028639298
run_0856,8.71964254124815,11.4290980305896,2.7887675095605693,320.90604344335605,0.1300092929690507,0.0491983136179688,0.2798128208171881,0.0298305995405605,1.999400271994818,0.5336594317982865,0.6323567415056632,0.0088990741109499,0.3320291224538481,0.6752975735805326
run_0857,9.504361370662975,8.92014844522366,2.54774458029138,143.21634589412935,0.2979887416254418,0.0262413090620247,0.3210465992694071,0.0973757456948772,3.0381045768987613,0.5835230146483286,0.552070893482183,0.001404484686103,0.3884156019381168,0.9919736083096068
run_0858,9.328212659237558,7.508818717992936,2.8339826607912197,156.23027912189224,0.2072501546512363,0.0849774135221373,0.2538674701697724,0.0437043047654701,3.245918766777085,0.5118876141584857,0.3521031659452522,0.0016653827735201,0.4165203103971591,0.0356932860479533
run_0859,6.256191378593562,10.279569437879683,2.6269965873114605,74.9679269070748,0.1233707957513656,0.1376542966489854,0.2474998696565465,0.1958054211372293,2.288231395242966,0.4745330497551583,0.6178483404754099,0.0046215748984432,0.7290471571310314,0.0042110535923893
run_0860,8.195860840463853,6.357588114864411,2.6076231491888255,1.6104100980616538,0.1401818125365314,0.0806582135956799,0.2520767729859663,0.1643386608850977,4.211367577837225,0.2328241653579997,0.4252486570614357,0.0040462289642145,0.1524686973898033,0.0402805706324058
run_0861,6.092154230484303,7.942326662475875,2.5405925339792947,304.75643288948623,0.3370917051765731,0.2456961737602645,0.2666185688587728,0.0710149469101756,1.4411293637899982,0.2458014390017851,0.7475024426059718,0.0044626017072951,0.3739910804009655,0.9475177475619516
run_0862,6.561827845305184,6.475052960088975,2.9619884227816304,109.95160743474284,0.2082452015191254,0.2026987466478194,0.0432720511581421,0.1901204808764317,1.5739972415906736,0.5270024979449067,0.3617621323728573,0.009825341501112,0.5501343122604831,0.9430616522591712
run_0863,8.28135281684426,11.454964168248694,2.907934151948533,73.48196205609241,0.2136057285704601,0.1907928765358887,0.2624006370624572,0.0876516108929174,3.8586494211020534,0.3384404908350671,0.5663121690615123,0.0054913435205253,0.4221765677017571,0.6803048705154559
run_0864,8.267225416655828,10.619652801566064,2.9886403228745233,314.1703522652799,0.3440280846723097,0.0940385382115827,0.2902947836642952,0.1105479410165435,4.261621373802517,0.669338694465755,0.3735906290827968,0.0102944315527462,0.2570432772297995,0.5514913260904136
run_0865,9.03509071697584,11.08071170976651,2.4750797019209463,163.5899189496106,0.1156552758314311,0.2653005293413001,0.1932879385728433,0.0903016677480747,3.634849749097996,0.2199143042777672,0.8887826030309582,0.0020300633787848,0.2143802714547252,0.6960262935031548
run_0866,9.650004476094413,10.31454326957754,2.793810086249561,96.36050400226688,0.2655875277952453,0.2447736644992225,0.0262161511584202,0.1255032382791996,1.3558124252249204,0.220049814313878,0.7395389319697719,0.0052706415763718,0.6083818909748913,0.9116246326267232
run_0867,9.448347620754962,10.887705459562811,2.6191846715849296,236.2244533629103,0.3997213960137594,0.1845579947080631,0.2360244277886688,0.1827996212060318,2.7311413577000567,0.3948069294790203,0.4367408914669723,0.0040330196206688,0.1356871949933023,0.6260511750046341
run_0868,8.4943599906102,11.40742677242464,2.7963882639012083,215.2612950903236,0.3457232185755404,0.2890212870779945,0.1104555052980321,0.1625718345179137,2.6437526860671667,0.4878428722843517,0.4067484735009777,0.0082450440829292,0.2977253578111109,0.0394594495585784
run_0869,8.527067416518873,10.932017971603797,2.6396170451280687,87.36974493106382,0.1740222101388439,0.1015178926566006,0.2053281041887478,0.0460472802838324,2.7699036906182792,0.208666853547916,0.5302681783256069,0.0116871115267702,0.6497336253999679,0.568309663117683
run_0870,8.199391762382245,6.615571405874025,2.6211208839088687,178.62640220147998,0.228606455480311,0.2999434494751415,0.2658229713906946,0.1090684759281117,2.1205903794553604,0.2284710294992967,0.6136037858051839,0.0052452500807619,0.6739700281166122,0.6708087092467191
run_0871,6.915501954674064,8.207562418363093,2.6888561616373323,344.83388297277907,0.1405694725354936,0.1963600761379867,0.2094614237954715,0.1540436153042748,4.820180752154621,0.68552309385562,0.7414440789591797,0.0118920165373753,0.1240059328073838,0.7608363078995597
run_0872,9.365336576441075,9.194555048154864,2.496061020704798,255.05003374481996,0.3649487972134353,0.1854696532720386,0.2566441678936149,0.018733330925725,2.8403003233305624,0.6289141933492793,0.4038043382042102,0.008718198041391,0.2806975240683099,0.856742086540519
run_0873,8.096581171491115,8.364832287069834,2.8775800923357764,34.51993082559409,0.2600480548666857,0.0931560779261403,0.0407826825235891,0.1783770923192039,2.092549564191604,0.5522685085380974,0.8000483344466935,0.0016045896763051,0.3320789429922566,0.1115486091225406
run_0874,8.306634055027574,6.512262062513712,2.7774090707925887,319.7222376566753,0.3986989158124624,0.0568026778580177,0.2158541230096095,0.1182218552570767,1.7284934535280625,0.6446096424710497,0.6475431618468843,0.0073871627389443,0.6783651129044908,0.6677911594809671
run_0875,6.709829161977151,6.485621850972853,2.71567191735954,338.39556046836765,0.2316921542461303,0.0613438266811774,0.3199856004690636,0.0237745997914181,3.5755447089138546,0.2048091703848511,0.5557747197600069,0.0101659216119742,0.636389420328634,0.6423989327983705
run_0876,6.334557217124203,11.078690981008435,2.680947824668336,357.98940795105733,0.2340930200785634,0.2190692296367551,0.1418587330728493,0.0675532659718458,3.613415424661074,0.5492154763029449,0.5241793364695027,0.00838405002958,0.2795697277364742,0.445667837708876
run_0877,8.426937221559026,9.016030107205117,2.9483878723850374,85.86888115317683,0.3236565355584374,0.2206449597190594,0.2886354019840542,0.0379108180518067,2.6741503092313392,0.4943073026902188,0.6915180534825585,0.011431634306922,0.394807273157935,0.4271417864428264
run_0878,6.017557702397671,8.53911290360552,2.7187033736132435,90.94246630085772,0.2681500079113819,0.2216941663064331,0.1318921254304023,0.1770912175489676,3.311275688489917,0.2308864378348445,0.7035364390330161,0.0068275320220201,0.265316031860758,0.0783117504287349
run_0879,8.749360673369377,10.431497294445514,2.4226033357469645,250.67683884814517,0.1538628759608129,0.0618377158230579,0.2813944053535638,0.1651840939230656,2.84398313118034,0.5779082218526859,0.6282468645791174,0.0042255677081066,0.2352862823270229,0.1490706442883681
run_0880,6.173074164387067,9.850756769574447,2.7995688850814,252.47475146180577,0.3637904427549155,0.2113788097637124,0.3331669787297215,0.0763913350032977,4.222530251443932,0.6881097270035686,0.7925193049305826,0.0110834818242942,0.7024583204034778,0.0888493547946966
run_0881,9.343825224637008,11.440531644498511,2.837072130473973,280.3472575773257,0.1585410673236806,0.2948350521802367,0.338064656508303,0.1722651434379497,3.731386330810527,0.233529999623272,0.3258599613382076,0.0095281914378079,0.2952464964898348,0.3314220666071111
run_0882,7.842156388478514,7.100298886007165,2.889337765287604,180.62940686041256,0.1324807398044909,0.0320951708662003,0.2027400561490298,0.0181293047859643,4.14542918267851,0.4111904357677552,0.896123524932336,0.0089640318466686,0.4492818324841736,0.8932343104387044
run_0883,9.765656361400612,11.58713485723213,2.605203137207035,125.11856143882471,0.306111272730759,0.1211840642770697,0.0492868730651804,0.1728076910534424,4.0027112081140865,0.5479522115017315,0.5147538123262773,0.0027269331055255,0.6907363182489697,0.5399051185765728
run_0884,8.065845019624948,6.54939677668976,2.418966000657391,64.3941933304775,0.1234325113445033,0.1328987861407144,0.1599114779497309,0.1170343142730756,2.413714226124376,0.2601545973645114,0.693243697254893,0.0119857790191379,0.5634872092200078,0.7286234464377029
run_0885,7.879287421163362,10.771443864694785,2.8080708664204246,233.4501904329859,0.2570392167500048,0.079400447702704,0.1479761858648327,0.0224094086281427,3.966603118532295,0.2233519979923311,0.7863984778482017,0.0026181448772065,0.2404723169716736,0.663801809302497
run_0886,6.352130143550364,7.1978210039519155,2.967141695626252,75.7427669264996,0.3045026537519896,0.1740542005238625,0.0448764588751726,0.1594557931472957,3.051378395800146,0.6982627358521605,0.4960109443493623,0.0082876872418033,0.3481810021603498,0.1159986928214923
run_0887,9.484724765067508,11.174464591770498,2.414911442203662,229.80644996404757,0.2796275305540545,0.0758284244041909,0.2896741830836959,0.1751072335090888,1.6995338270119895,0.3107776781053267,0.4257006634020504,0.0114970329370951,0.491908950611397,0.9890734482016346
run_0888,8.699773682964919,9.261077283056832,2.4540855487635844,134.36929176023386,0.1818855024194013,0.227642361589322,0.2434740135179091,0.1208256842017932,4.50683040456184,0.3360894236300766,0.7246704310960514,0.0092542569611694,0.2804318522269158,0.3844185028606069
run_0889,9.826665974675054,9.409182812782603,2.6133569785895623,42.03908473099639,0.3414582027200459,0.0417787226729108,0.3245377129742627,0.0404278626294143,2.8967910224000466,0.3470310053462783,0.8645316649477586,0.0029062906938605,0.3097213185999173,0.8849335195490157
run_0890,6.070383781013968,10.375942214337808,2.643562348890291,279.3457530926037,0.1582235456921869,0.1525671007458842,0.1817656932813741,0.0789589455920224,1.3076808077053208,0.2794467530910766,0.7017800833044924,0.007884814403036,0.4362743655173813,0.0529838659337505
run_0891,6.804806280623381,11.994933061355232,2.8282039528593157,291.6776521518919,0.1102050887576738,0.2599114529157343,0.2393602278174302,0.0672236290585141,4.241723259924555,0.5625474778847559,0.7696246834374931,0.0048684056088737,0.5846869203975317,0.2262812549529288
run_0892,8.232238835051252,10.82935370642074,2.489699962528039,1.0336484318188546,0.1821268686326235,0.1541559146837212,0.1514829652286568,0.100637688970449,4.270343314693582,0.6201522961942607,0.6518305745350212,0.008665800656335,0.4535923615360472,0.7714598204384773
run_0893,7.973514572830334,7.965342314221379,2.6995269237545703,62.991614230367695,0.3181443617427505,0.2648365310566757,0.1995486402192815,0.1749501687821086,3.3136906621652464,0.3566985652282062,0.7259226108898306,0.0117981377224096,0.5054717400378155,0.7231262762514544
run_0894,6.274974265602433,8.91201784616791,2.989768901805987,312.8035280222396,0.1833398829879481,0.1439000391253136,0.0466224714219815,0.0114972265831786,0.849001221627162,0.4314618635221267,0.7266858740634234,0.0040194376251757,0.5278204280175247,0.9929183911716428
run_0895,6.035639351107238,6.334323277100056,2.5423873765362273,291.15516507290084,0.2529536666676166,0.2193867472778184,0.1868027683837366,0.1331635054946501,4.135105853333364,0.2498339547969348,0.5183031669159055,0.0083339615982414,0.3967709531058185,0.3867271567986461
run_0896,6.725137221823293,9.18072619887878,2.54194562914706,83.66406902610346,0.1224877696141809,0.0738883692377194,0.2774382005586674,0.02839420381491,3.127580021540904,0.2428735871800702,0.3564190121896005,0.0067177483488217,0.7149211270394681,0.4783490324894292
run_0897,7.8907882122752735,7.565231924704179,2.5844193034644585,179.57887695287596,0.3494880787330137,0.2330186806810273,0.0345305637969997,0.0680264286362227,1.6433166624004492,0.471662040076755,0.7449029925257631,0.0102539487245781,0.5414622508265159,0.5105431059666775
run_0898,9.268741876845272,11.08425186457524,2.4316177769714,148.24766225950827,0.2712366475195842,0.0572729979357012,0.2033797289602908,0.0210704511610845,4.327664279204032,0.5237053639503286,0.6457189546727743,0.0038998694136051,0.6202272390442342,0.7218353580010485
run_0899,8.22788076365487,9.148589208413554,2.999248719104072,186.16128271056724,0.3138039565656562,0.0897686674989978,0.036735265282212,0.0664902416105379,1.8570723350105984,0.2063131783676362,0.7791129358892482,0.0051831770631055,0.1970731013026911,0.0838036680823591
run_0900,6.01252434364226,11.895264020486067,2.829324232195284,136.95172424687024,0.3773193855103569,0.2339155352296354,0.2291599608935343,0.0699540148077487,3.4159410188252277,0.5067879947972134,0.4104948672429048,0.0024399249902941,0.7163057269708516,0.2351486381989956
run_0901,8.83568307697455,7.30561701288077,2.522532871487962,339.0341639287567,0.3837586706446119,0.2766573423887359,0.329732647844477,0.1738010839535193,2.6547857070519028,0.6811039961057058,0.6324180903474124,0.0031692889817313,0.2020179840452135,0.5998631447787885
run_0902,9.327436528160316,9.576789348282054,2.571199569773508,350.1488320658736,0.1105070939861777,0.118541300421667,0.277671684583032,0.1996516780842737,3.2443800016334396,0.4468032491196819,0.8329423040648885,0.0081308064728779,0.1554506952437978,0.6867417957280327
run_0903,8.069352445456408,6.8331554732709625,2.647375410761813,60.85891632925521,0.2913796944310318,0.1936679091334804,0.2506812511804581,0.1889394219872099,4.999719653319842,0.5665598010965244,0.7580689597822247,0.0063258410584851,0.5262063013862959,0.7412639050015711
run_0904,8.651600024076565,11.760809328961573,2.5623155172032193,207.1400858482692,0.3515570270188431,0.0437378352988533,0.166121849835354,0.0658883489546468,4.165881535906263,0.5058888090156418,0.847479651755801,0.0067546662042318,0.7456041843580964,0.4410541777336802
run_0905,8.563452016222854,11.304229196027029,2.6669576880465953,4.930746036117501,0.1718038287730192,0.1697636416664117,0.0472472352095956,0.0514527139569112,2.553010347340156,0.5103567963969822,0.4092061743831494,0.0055412622099884,0.6659377695027991,0.2449285886928018
run_0906,8.509761355981178,7.492610149418384,2.728576604829102,150.78664001055924,0.2757781235843735,0.0407920888188823,0.3021760582160619,0.0222003588168153,4.376439048224687,0.2354271632612683,0.5098462525156542,0.001622562534475,0.6979078986606259,0.6756242609126104
run_0907,6.656454861250288,10.051380251938998,2.610739181367629,57.65059987551928,0.1834453527594829,0.1582378416387156,0.1482754031125268,0.0500112884486675,1.5387039739323212,0.4647110670084117,0.5545964513342654,0.0088691039281777,0.3570178861207289,0.091384491074425
run_0908,9.670687020323298,8.017460331615478,2.488154264979577,205.15348867245825,0.1870717409823545,0.062383699730931,0.2098602841078216,0.050447880898993,4.438680335760903,0.4772262207026816,0.3695924551496729,0.010102647788784,0.293516256522972,0.5609375563274447
run_0909,6.42825807182984,7.828009484292842,2.9347691782406264,71.52317578696935,0.3266597522764705,0.0469605902898418,0.317785396958084,0.1900382714616703,2.299860657374868,0.4245014358196106,0.5567058273554784,0.0065883031248157,0.7172797089090468,0.7401424534044072
run_0910,8.766234514104756,6.056487653714225,2.5208383084034893,207.6154274433542,0.3512734262844946,0.1696335523173928,0.1912617318684146,0.1556974035496932,3.3884469241106583,0.466165034726078,0.4545265560286177,0.0071097806312037,0.4669490039315883,0.3244259459596871
run_0911,8.76414281073981,10.755606206059394,2.7044298542177216,86.70639991174413,0.3244927727008057,0.1975712144370821,0.2720296817854723,0.0963013693312456,2.2775013064387273,0.4738201388357659,0.5719626405370969,0.0035237946799071,0.1895623787855057,0.0993370216601024
run_0912,8.62079425952477,6.6835954760170555,2.6593349597487905,156.37147026393444,0.2612956879876588,0.2196659019083294,0.3248987836923844,0.1528750349058436,4.3945059336719225,0.5442461062139282,0.8746592703718268,0.0077882814127233,0.4891649229867889,0.609132388654003
run_0913,8.734831609465814,7.573486184180592,2.788920155021316,171.11953851628874,0.3349434490669348,0.0906519484529214,0.2652110386218421,0.0968994013200076,1.5273267952796514,0.2734629760685637,0.6862513741159211,0.0089584855390696,0.7593322446343471,0.9671841329420836
run_0914,8.884251276989595,9.45285291510424,2.8099324341623477,165.1253804963811,0.1489101413528226,0.1927500041497764,0.1765957571858484,0.1436510592969583,1.2921648953293374,0.4266960950808092,0.3534215083575368,0.0097894362203956,0.214817970448945,0.3738535236960939
run_0915,7.802566100184079,6.898010958279196,2.609089318865599,224.95219828625767,0.107618984990548,0.1050662327527479,0.1902701287710614,0.0109646678442989,4.316883808358127,0.5418674921172252,0.470642320163524,0.0102439741130423,0.5959272488628449,0.1841786967495416
run_0916,6.646686158451008,9.165484495137587,2.885738534455972,220.11118930814516,0.1990385438580755,0.29708046739324,0.0628017713105913,0.1187260240257018,1.6545961131804172,0.6889608090721135,0.3329186651700029,0.004651298517187,0.1122730663047277,0.4683558404059564
run_0917,6.3549976566709825,8.346010397286223,2.5216300071969204,31.605930760501423,0.1174105311391113,0.1339427378254718,0.1132083311296136,0.0515591403849411,1.193902666350554,0.511300753480671,0.4346873969876087,0.0019481025079657,0.2873512622999857,0.729014041619588
run_0918,7.08370847359952,7.544261270343871,2.5860202670305292,3.4864868078130056,0.2592942926450897,0.1196087851196729,0.303397365908898,0.1661260899226466,3.043712627488601,0.6210300335891721,0.4280276706241886,0.0089411176295999,0.7511351679183323,0.9785587884511732
run_0919,8.437469498710664,7.914956116905626,2.7197542862904425,338.00905643475073,0.2723647734913206,0.1304778950757385,0.2492460438502935,0.0341513806574294,1.4922387299480973,0.3604008353619494,0.5208600427365275,0.0085835103531463,0.6128723855704676,0.0218432358355811
run_0920,9.539791463078709,7.716937511853089,2.599704400759635,40.34401126122959,0.3428621446524652,0.1751768874945214,0.2046726178410417,0.1670125246506858,2.4949251186509436,0.6851367632540308,0.3834876780829326,0.0065339505968922,0.2206528096707962,0.8484404512860326
run_0921,9.136750344873311,6.73622942323271,2.4803189399782024,41.65475279015064,0.3257814464118282,0.1465392484075601,0.2022481233706745,0.078236124884707,2.2746496687649684,0.5930114276405327,0.4226557242531248,0.0073421090474396,0.2677322154160835,0.4856490500460346
run_0922,6.503373892741619,6.287933421146436,2.891247734851764,266.34856151223255,0.235106526847161,0.218085564906307,0.1507501425550413,0.1344562479239388,1.5339420059089774,0.3957904301809847,0.7433149237285674,0.0073710134363475,0.4071051940614968,0.227537916955291
run_0923,9.121641403146317,8.777386290330773,2.8590153106801637,113.5623663682585,0.1162547976296434,0.2372062182035837,0.0994124889936803,0.1782832708694243,1.6493421272794766,0.6116067434503116,0.766357904371035,0.0066499170236268,0.1164527340122723,0.3373621093768048
run_0924,9.321353120665371,6.8390308513729705,2.491571019316108,109.37735720979772,0.2300984894398626,0.0930203463042332,0.0314012317416087,0.1699962435395835,2.109320476756136,0.3833812066997883,0.7454199076249184,0.0114691625247999,0.3487581557044816,0.8915782148971411
run_0925,7.783222271946277,7.835612677104495,2.955828009741622,342.4437753358559,0.2834625568726255,0.1294364185827066,0.1486195372418338,0.037986376815693,1.7303677155955866,0.6037886950813847,0.8369550996146777,0.0064471243569209,0.5767728475288296,0.8921159948293149
run_0926,7.167022309016491,11.44580450584298,2.720824924016822,45.143739903086605,0.2879415919539045,0.0438764225463927,0.2942524349121835,0.1976824737266275,3.419059354096701,0.5692889264628991,0.538189777823598,0.0012416175549286,0.4508155465193431,0.1092500006525288
run_0927,6.527701283214539,10.083583411146805,2.951635051151188,246.40593313415476,0.238337573929285,0.1949318217336783,0.1978359030549561,0.1682991910106406,3.853586100553749,0.3237414543893083,0.7156116961686974,0.0055583000798664,0.7966840517840206,0.0622880094355583
run_0928,7.471220040664331,10.781428931699256,2.7630592050190663,276.95168629471306,0.2744669205608596,0.1969985731004227,0.1548635465814896,0.1677432756985051,0.9965901870067944,0.3078239919463505,0.687064003612619,0.0042808452006534,0.7879511028500658,0.6017112905148139
run_0929,8.984829673242988,11.707723562352436,2.597772701136467,315.46805013940434,0.3961820502485677,0.0293422288574794,0.1161646370534362,0.1566552348194536,4.5186128991201855,0.5809557781833717,0.8088931667357075,0.0054140299794941,0.679813987780974,0.0248979548129255
run_0930,6.064217723245194,6.310670480894332,2.735217692006554,179.79974467590733,0.3957838041674973,0.2108152335914587,0.2594278062618637,0.0254400757727917,4.287586385886157,0.2581625806235307,0.8528981219897929,0.011068569013441,0.1216582900328092,0.283435807760813
run_0931,9.57999098780488,9.162910858301805,2.512820614867785,232.2681217990466,0.1425855696922108,0.070756500829838,0.0817164674097325,0.1416255177191125,3.361773474641347,0.5648198151725882,0.667511559538655,0.0114127171521772,0.4959815290009002,0.3436945840488145
run_0932,9.940044163771589,6.96578064198954,2.7545551331941227,12.810453939946855,0.279528233037952,0.0341594220093952,0.1322042563708911,0.0169118727519381,3.624445983902673,0.3176084371841163,0.50297962814375,0.0094504662538304,0.3788434221277259,0.2755292695724728
run_0933,9.816817305615515,10.104116378860404,2.7259949982137224,27.71958788327766,0.2603828101652556,0.1979450300660886,0.0542404606979549,0.021150589923296,3.186311862479216,0.2327135665332381,0.8254342426341443,0.0060201624061562,0.6193942419038785,0.0070665444548119
run_0934,7.887016609657547,9.084654902697268,2.407283132090331,170.64113305301737,0.2995843069894148,0.0414030051620202,0.3091667147203542,0.0813806110147266,2.8254791637488346,0.5025678097194646,0.5641930464904676,0.0072692803539211,0.5032481475917583,0.2205859765290176
run_0935,6.043297999625769,7.986928944847464,2.414252279128118,195.34302502251643,0.3562914801447003,0.0499423323108682,0.1582406048830894,0.1445983835517491,4.889158292223673,0.3086546086294567,0.6836894683727311,0.0115865780004285,0.2535059406887701,0.8676410434464916
run_0936,8.275273029916384,6.606764442736863,2.727942581823811,237.898595409443,0.3077799436643719,0.2255966023034401,0.3206825164271758,0.0397257315723532,1.255589691223531,0.5109838681556286,0.8291685743918755,0.0080684035074212,0.3224097130067282,0.2650263059061115
run_0937,7.128923999397375,6.514113866003068,2.7569446548116576,287.1826954162859,0.3426422046176796,0.1576199418753896,0.1460732378024354,0.1578961426318123,2.7600977251857293,0.4443404560492572,0.8755312394761627,0.009931316186606,0.7045710946384057,0.3271004573575379
run_0938,7.163309547932293,11.488456344894168,2.5379651016160953,356.5924760319324,0.1559335693220241,0.2856147853195331,0.2061389972476824,0.1198365499272777,3.7868286225669454,0.3129982463904992,0.3812449315358521,0.0083108741685144,0.3368086579281497,0.2979868932337663
run_0939,7.55807216624336,10.916546301261178,2.754146860007986,253.93530310242392,0.1822393796019662,0.1031223747156381,0.2789229516844272,0.1949974472859614,3.5343909454724525,0.2370462977203768,0.8173755306847066,0.0117720718817035,0.4111895926040906,0.6259828135997868
run_0940,7.099954376855372,6.932382613975305,2.5806517135065943,168.9924216262289,0.1569572081072577,0.1167737850399296,0.1796700605433649,0.0493962039475818,4.988519483273041,0.676192972679058,0.4482022758948066,0.0076981010469047,0.1417025220132779,0.1772649500842506
run_0941,8.96374175264056,8.066644541528513,2.4646499111831845,67.25636636913553,0.199864809655133,0.2347559538251109,0.234224700792147,0.1248617629567696,3.876155600575264,0.3034541334831925,0.4426211916927173,0.0094630156839656,0.7253852717505361,0.5659526573072933
run_0942,9.571847458659386,7.23674049484376,2.963915351056089,25.563884552404627,0.1041725318308781,0.1350836052357465,0.2631640773493341,0.08994248548469,3.859971664675143,0.546541307447509,0.3158970131007408,0.0014267490971317,0.6005602221441358,0.9959999010960868
run_0943,9.032932720855564,11.570221573136,2.761676169435227,260.0243451540218,0.2163412368338924,0.0559806672322793,0.1108753246635424,0.0577941440612363,3.2743738409446257,0.5401622199822564,0.6637519308955353,0.0073283557780398,0.46230999900263,0.1249062010940145
run_0944,8.246127175435477,11.251258726517245,2.4361164726138096,254.60697574795464,0.3904668255284433,0.1856431870646187,0.1225560567710461,0.0851246560265573,2.226776875662167,0.2466613433898279,0.3256088909082591,0.0017999869098085,0.1436871120232006,0.6831326330412305
run_0945,8.22108597310504,11.350345675343142,2.6643982071405223,149.46248308069494,0.3883376606769866,0.0744950209993467,0.1408445614245176,0.0799514279404059,4.608904431612002,0.2947213487828625,0.4091606287521572,0.0069712795993185,0.3695028745331827,0.6219213698366565
run_0946,6.339402926875403,6.855237797544354,2.5854110075810577,130.63880819499272,0.1351179320954424,0.0707348568980441,0.2969012503331636,0.1947737642247385,3.1742460987785934,0.2879381661983207,0.6111887975957523,0.0081884116912775,0.634637284402882,0.2396516354876275
run_0947,8.6379065902535,8.84130779945361,2.796791640777781,44.790252150196395,0.2024161803255954,0.2764608586403268,0.1167802640459538,0.068851495018378,4.036870843353351,0.3031416424727792,0.3130718903550314,0.0023817006526434,0.5993446441504648,0.2401886155830463
run_0948,7.330214156829913,7.142335456904712,2.8528140297809927,55.08936507959014,0.3556705307117567,0.2156133498300639,0.3203746175178199,0.0914563920801967,3.743546824922478,0.5254990701437331,0.3552008075698663,0.0091276796696257,0.4356594143051672,0.1211734835866764
run_0949,7.566192132782103,11.83209839175884,2.813529651238097,211.32005555802576,0.2189849005136087,0.2900640468893664,0.2777435717163189,0.0231865442210539,4.229276831494976,0.3876858026630981,0.8050695087414841,0.0115917457107722,0.4050200874357048,0.2506710279288877
run_0950,7.5606884123018,11.5593187067084,2.829610104271055,69.67967489759522,0.1953069737560979,0.2743051641975843,0.1190966891866348,0.0993783882624971,3.449882002496728,0.4196706076680236,0.8659279183315987,0.010703751900524,0.238595347562929,0.7306109888641401
run_0951,7.731649960901826,10.78411054544546,2.9210033739822614,16.680159720198226,0.2248359448596686,0.0239140630674806,0.2432055658545112,0.1067078796730405,0.9495655711409052,0.2645040694154087,0.48910213585222,0.0012717542345049,0.333132176825314,0.8043725230068183
run_0952,7.519867075389724,8.935470090285083,2.5634218953890477,297.0988053093575,0.2277315550224127,0.1839537693855101,0.3352959722554927,0.1072438855713477,1.223962575392758,0.6775333185731485,0.4992896178856709,0.0103992728012425,0.172759474751155,0.5704517427646439
run_0953,7.787876512905982,7.772822829672478,2.682852866300119,301.88738350646463,0.3820257650055703,0.2286914437610846,0.2124251101926874,0.1346662681124447,2.1487491894572353,0.461777671782423,0.7485802970911093,0.0106319494738058,0.6320685715895503,0.8497218225720362
run_0954,9.943573942419915,11.207746372567293,2.9956742869318855,328.30349657909653,0.2264246043952668,0.2531615431982944,0.2207637164777065,0.1407228502068718,4.4553042443274045,0.2026897768484872,0.4060789651568585,0.0115198426381388,0.5036641431119752,0.1331827666194204
run_0955,6.749945314184459,11.04746603053258,2.4140891400936972,146.57807461204544,0.274309628750406,0.1190534142575844,0.0875290717817852,0.1209844487109664,2.9445345614608147,0.6450339081167227,0.74482212039876,0.0039730204083471,0.2721224734498372,0.8334878452713943
run_0956,9.74868197474427,8.44970560914632,2.757225564935831,200.3675212894861,0.2116756479040031,0.1861757746368041,0.3059960793531224,0.060552424936025,3.5577760022775253,0.4942235187752622,0.713980491299804,0.0113019670667506,0.441551630984186,0.3923043869246628
run_0957,6.584780177976888,6.692364304950294,2.5172324144868874,292.77607655838756,0.297195865736281,0.1011068965282821,0.0617128001182278,0.1324085679263996,2.996234054172798,0.2218483187477498,0.832165136012472,0.006867413024734,0.5235686388560049,0.540382416504981
run_0958,7.8265258693224125,9.002180811900935,2.88022949174843,210.7261521390814,0.3619178602023366,0.2380274109793961,0.1406603889138938,0.0497540192499987,2.7458901530352513,0.691302450620057,0.6240028663145061,0.0089776038405653,0.3871918878858216,0.064828482300843
run_0959,8.83805332253546,10.117550150171986,2.525946600942019,4.325541137030759,0.3808058676811001,0.2040918198674114,0.3164684197728821,0.0463203584425645,4.08475925932535,0.2771253669669291,0.7643007561026842,0.0103208423329402,0.661985690445475,0.5744409835299388
run_0960,9.12644275912729,8.900685120409442,2.7760805056515196,187.22971019931464,0.1851393841156462,0.1068172595393007,0.2780209087698819,0.1409929783434143,4.762941806804153,0.6079844808003158,0.4798759411761442,0.0100275255341947,0.5968704865655504,0.7112326967895193
run_0961,6.409591996666825,8.0892928964476,2.85745963238493,65.91670266310388,0.1723624315129837,0.0366101198433512,0.1961036166456771,0.1971025214380879,4.280616504196241,0.4704335831216482,0.7353967228977276,0.010888577791682,0.7211769588214931,0.7251312257413378
run_0962,8.795705555562147,10.307263353541131,2.6509047433956288,295.06880849331395,0.3864922766118065,0.0585566445350784,0.2667275058240504,0.0337886844802409,2.021247059407874,0.356838232501797,0.4689732021280434,0.0080347775088387,0.2328775417504047,0.5389184476157478
run_0963,7.451471831991424,8.297555506664844,2.877181726307408,213.68293789213772,0.3585479410154584,0.2138484207081777,0.1879025721566712,0.1133607653374172,2.490104819440796,0.4025555312620608,0.5070529923169278,0.0081532926391107,0.6188331569964675,0.0637838132746244
run_0964,6.46947534612692,7.696721643599783,2.528371412959011,113.81274789954104,0.2215256210452556,0.2046904270096612,0.1799329475160382,0.0410429458894562,4.201732333054637,0.5150840953587219,0.8786597677210477,0.0115281991151193,0.2700048859079372,0.4535907433034987
run_0965,6.879262990851219,11.059893472222072,2.845874828171798,78.20815216056562,0.1817198533860385,0.0748366907605322,0.0446072251034991,0.1279802362077203,1.460626397805662,0.5858565095592074,0.6754170343998183,0.0033384041568508,0.5646105076116723,0.5953881447584662
run_0966,6.695476667338529,6.149697478235117,2.490979222713229,296.98093052163006,0.1290091281051588,0.1244634426278632,0.2210098556719915,0.1517329101785298,2.601373886178626,0.2552726094057442,0.7627283289511615,0.0047869827038278,0.3916383133070882,0.6200487347744554
run_0967,6.797473980726101,7.953295573113566,2.705967391612188,308.1640170514086,0.3306752722262351,0.1263963957265526,0.187809303484735,0.1313336507318457,3.966833112669713,0.2401757558728575,0.5018023164118794,0.0118554656105314,0.7911958101649248,0.2561062778916306
run_0968,8.349878560319983,7.161096677608577,2.742921805342647,231.8186809646488,0.1674205714223184,0.0972910365529965,0.2006864493720296,0.0851720622960339,2.360252832014574,0.3752329056386579,0.7281617948704673,0.0020264295533019,0.4042660488428894,0.1791304091864784
run_0969,8.05315563164495,9.461569854747896,2.870583991649076,152.66321128038263,0.2007503371331452,0.1687659158308238,0.2612816411447075,0.0139253356936474,2.420064200820931,0.2330427231633297,0.6697766517965709,0.0065165818631329,0.3705998494257108,0.988859727629172
run_0970,9.971257904025643,6.329172771107404,2.7946021977471456,330.54492025240785,0.1788216241189731,0.0553899531456869,0.1138107552656711,0.1748455463725513,3.9255180002539296,0.2636204537649638,0.5468873714678366,0.0032293837773689,0.5435750917205033,0.0844375630027037
run_0971,8.298408170049278,11.704599017749665,2.4230027561956784,271.1116873105477,0.1042984943560753,0.0700848316352638,0.3141495888447633,0.0318449834316555,1.6937120493757931,0.256944305312517,0.7055401288014298,0.0026298977096125,0.40554600650165,0.2555154605108927
run_0972,8.13920921798799,9.770103589414664,2.6517240076800186,324.99239901442076,0.1924578512122772,0.1041491016414476,0.1057833956680587,0.1685426745109673,4.178728528323907,0.3402515723039163,0.8444973348595122,0.0093176049288551,0.3976361271233145,0.7527237244891454
run_0973,6.38642834408164,6.048022581157094,2.486085934253552,23.28938451132423,0.3694424833497192,0.1978756388006049,0.1403924100249503,0.1121765856800622,4.405354595229901,0.2225363980459949,0.6291171223138726,0.0032984526679489,0.6754869116964959,0.1473924928904174
run_0974,8.183986555564662,8.432218158531343,2.817043527049434,304.17458690217893,0.3894803996675503,0.2893078380826009,0.2935464665587332,0.1203758938231092,3.300616999209388,0.4038013495187535,0.3664130193629826,0.0085363148917508,0.4646657793663542,0.3157709478585751
run_0975,9.760405787498438,10.172202621747395,2.891949243309487,102.3512788991129,0.1876999930039242,0.2645931064470621,0.0978074839496296,0.0288591056515672,3.1486230396521693,0.3549697232728126,0.7882169894735606,0.0093349457251873,0.4430238247352794,0.1437938415994639
run_0976,9.694435875799048,6.767087457064614,2.5078263178931017,268.21314532849607,0.3255062393033862,0.0893568819908538,0.2991576525146546,0.1792970846854856,2.8785626227620735,0.2539510404920927,0.4498348571619274,0.0118680246599303,0.7973784466868413,0.6768345475184483
run_0977,8.638925477450133,9.653806812677654,2.778546837968907,151.53319432487763,0.2300458126682393,0.1040002792160584,0.0849096103862974,0.167873989050432,3.4113242880818966,0.202419138898507,0.4585820946687605,0.0024887645750061,0.7544986057699744,0.0966558355677905
run_0978,9.855778619042532,8.738342572808811,2.6780429048869308,182.46035388681025,0.3405759703480756,0.1214546919419927,0.0753354695438062,0.0653791845642486,4.586571817747943,0.4406736047232252,0.8978714153560872,0.0074981316049157,0.2277068535685709,0.6491134533992715
run_0979,9.45187684411352,9.103606092150166,2.5227168521009653,185.5513855703415,0.2945197946984642,0.0842979325878477,0.0628657737133657,0.1954983456039128,3.677737845305168,0.6322119207343045,0.8200075808600209,0.0034131103586427,0.282135349337378,0.0054556693959581
run_0980,8.64895006195659,8.64228778501598,2.6259954873890012,104.44541943832772,0.2963727786204161,0.2778161026715067,0.1339628548483063,0.0907812935303653,2.1880613101958706,0.3817737282416734,0.8272152770563415,0.0052326826026139,0.3206979905400338,0.7156210021768199
run_0981,7.292333059992928,7.365576288971056,2.727446824604086,252.65319360523776,0.1345081690957876,0.0927030410689083,0.0736616563210384,0.0926881597014573,4.122977280332809,0.3123217317789732,0.8791340445914877,0.0043886855455504,0.4696491000250042,0.6362788711276736
run_0982,8.04966292777575,8.320270032858687,2.8738137781433606,56.96579167668833,0.389516413328009,0.2367665120627314,0.0751657944929642,0.1480477499645993,3.838827232042653,0.3826435187313243,0.8498422068054479,0.0070586881877691,0.6510903417441015,0.4952402153109187
run_0983,6.393451293839634,9.38306211777865,2.470903323710596,285.1880770528206,0.2634006846227327,0.2236752936774363,0.1237453257637437,0.0919516038260675,2.8329025293804717,0.5889011887242139,0.4816181602810986,0.0010576243624705,0.4167933223644019,0.4088154415996102
run_0984,8.757131711111288,6.444471617133654,2.930951712715791,346.75302698138245,0.1606900137688534,0.1391970602239558,0.2980452750810198,0.0372639971550334,4.5656371048090625,0.2588242050859546,0.3280317117253252,0.0055967012933826,0.1594477391723573,0.0281858002185707
run_0985,9.615120119454373,7.971415139063307,2.4929212879289167,321.36524640344766,0.1328126735445011,0.1521527340235314,0.0532671439956399,0.1634827877944526,3.510737360206682,0.4695985165009441,0.3608049815840466,0.0079697565706027,0.1300598919738495,0.6227218934665404
run_0986,7.338812644274117,11.32793368770084,2.7983892042867446,89.94451676898096,0.1453586386840882,0.0677154186507014,0.0851102476796268,0.151388199536545,1.4537452961435422,0.6828326314391241,0.7591451557975404,0.0044101824572716,0.263624378701529,0.5240808514604004
run_0987,6.333474958794251,8.63458107450208,2.5029010362798183,224.29618452220075,0.3981543892421872,0.149222307166002,0.3212220207175078,0.0366306177818367,4.304181492910728,0.642085332477601,0.3226763252977261,0.0082764503176759,0.3169190532060832,0.3454788068835708
run_0988,9.3511454601544,9.063479786139816,2.8245786009723073,282.6379958064761,0.1556789200526793,0.2096110687307337,0.3135177708189573,0.1304116971388418,4.852762262114434,0.5411004644694679,0.5214839460662999,0.0044946396769948,0.5582389119228517,0.5379405543659376
run_0989,7.7064771821073315,11.621375579689897,2.968236951953148,24.25591236377686,0.3706762011424465,0.2883293463869848,0.1525188118229362,0.0760856375894801,1.645910246826941,0.3126074748256353,0.8529260915924,0.009248258658352,0.52542217808658,0.5980690596940457
run_0990,6.471095001906109,8.937506219014626,2.815366082800449,321.940756355992,0.3656264140056732,0.1530968780704581,0.0663381317790521,0.0520064033151555,1.2806156463776146,0.6165224765134731,0.3118923360594406,0.0055131610853641,0.2704869413092936,0.1255518517748393
run_0991,8.040950282246177,11.73816970516664,2.7422484181582987,184.0911155914625,0.2951829058903562,0.152922934333679,0.1438371337625821,0.1088764559218834,4.3332951423713535,0.4861619734459852,0.7690489163030039,0.0015688653008999,0.643553172762378,0.4540500524764054
run_0992,8.724608267044951,8.579538769588408,2.5467242914330983,304.39933450727256,0.2849669944854889,0.1022955425546688,0.1179222601594525,0.0642683316945779,2.0234841184181205,0.3081638579275769,0.6130827653962322,0.0034664251119339,0.4628332684092395,0.3111550396945009
run_0993,8.262704552408513,10.71447341215852,2.4479838080304943,285.85142231717316,0.2661382455575319,0.2570148292868285,0.1247008947167604,0.0683903223439673,0.8531833653877022,0.482496520576044,0.8223379475012069,0.007214436585361,0.4066001002137134,0.1366859586854116
run_0994,6.579867507051791,11.11931268882172,2.77970060766226,356.7684522198373,0.2461366793492827,0.2464214828730459,0.33628016117258,0.13578039245775,1.8254984934215823,0.2776215175644022,0.7516806167647739,0.010788214794284,0.2656531032016694,0.2427060572425469
run_0995,8.320303630329391,7.36333931783009,2.9353253005829605,25.834075830928224,0.2950356068580564,0.2235248261344657,0.2820990598142314,0.0920489307476903,2.8838454874026,0.316026757275225,0.7230692778408913,0.0061021156552161,0.5001527813489672,0.586896507592695
run_0996,8.995883669841096,7.740625854781065,2.9322575972654303,167.2158724309952,0.1651078307479195,0.1679853445250987,0.0828653932760417,0.1075851234200637,0.9787086275916016,0.3330416560917207,0.4095078013891239,0.0037245399444929,0.4383704594035316,0.9628052184346336
run_0997,9.60249624150276,9.680529092163592,2.6049210472991464,259.1630497955468,0.329068603789273,0.2354048600279984,0.2279883992258896,0.0522789619087396,4.650513490350641,0.6463258488647705,0.7007319847189772,0.0044495956785582,0.695413026022751,0.3643523771479836
run_0998,6.6759517184750585,11.89070638424466,2.7554489998397265,203.4326608055516,0.2148608354082974,0.2441831645450807,0.2204920810438249,0.1154586605872133,3.442640809596817,0.6316831429990035,0.8160578224755501,0.0014471412254033,0.5452079910785325,0.3353113739963419
run_0999,7.347882464001665,9.120004841013484,2.579748520908168,226.40013185610624,0.217341155820115,0.0777148999246156,0.3115593560280939,0.0292505303671048,1.0196992006134011,0.502438870048457,0.40041754643531,0.0058704993223487,0.7190631492375829,0.8207667800265652
run_1000,7.864845304558859,9.921866665731445,2.7747968563047953,152.4164419308412,0.3152441215614358,0.1880842611294165,0.3043582491630182,0.1218170054956253,3.5174846057298037,0.4730915464933267,0.6228317184888176,0.0024990359536937,0.5655744325260963,0.6975223327288717
run_1001,8.368407442885584,11.434752703902143,2.9086866722258797,228.9075223042463,0.2485949404713529,0.1183410163840401,0.0840360061978019,0.1241662614779435,4.492405776229976,0.6254051511334899,0.498132668247889,0.0019824629689997,0.54221742972649,0.6081350980524537
run_1002,8.59253773869876,11.361740452262096,2.4823826883613527,186.8957108202756,0.1802141932552829,0.2857207728790391,0.1155802451260194,0.1558547841922091,4.748184808417316,0.5234238078408651,0.3198464142256065,0.0032752888166139,0.5124568317033377,0.2440859500762875
run_1003,7.906553700789461,7.209411390993368,2.8230555356422453,156.73025749285176,0.3944510594992433,0.0558291352273299,0.1035800966240487,0.0270955150998095,1.017762656986303,0.4997909618673509,0.6525147388741503,0.0031734258042515,0.1233111398671883,0.6434717317501568
run_1004,9.96496483431198,8.65687085247341,2.4779631082838467,121.48094639764994,0.2273270444674516,0.2534251555673592,0.0276400097084781,0.1362187381703024,1.02588242992659,0.3093504046662542,0.8712119599567705,0.003591839420231,0.6695740005851416,0.719128083933196
run_1005,9.590561414957763,6.393929252217017,2.52735107786415,122.2979675255748,0.1728307762800326,0.2576027310179282,0.2503435001883396,0.11921625474588,3.0881000878036504,0.2278551551487538,0.6028500374708392,0.0061364062807514,0.61753100922059,0.0258119032656991
run_1006,9.516586148069774,11.087001323746932,2.8037976132553246,137.3248194078006,0.3615254502373045,0.2225426681518805,0.2319446238581671,0.1101704504896518,2.786739780404605,0.3303361050189127,0.84149068778321,0.0011574059821494,0.4136722900602264,0.8038697187720051
run_1007,9.088150053857,9.06141296787431,2.712572265692453,130.09649930276757,0.2762640551201367,0.1615262383360796,0.1395847599174577,0.116654535714958,1.0062854800737289,0.545944443089101,0.5122846433137656,0.0116441655752926,0.3800108845312854,0.5517804008616093
run_1008,6.939008327157933,11.849339494413147,2.7019790331771754,255.2286566506148,0.330271212115656,0.2093716164845639,0.3130014272550036,0.0490190439383618,4.383700170192731,0.322679610389975,0.4747799787995919,0.0069919927216246,0.4637756873059988,0.0820298569284504
run_1009,6.767335598196449,9.74824542746108,2.5353294833558375,302.16775827456894,0.2242202425028311,0.0211711545110234,0.2495997822728356,0.1129258632523725,3.7825835573660145,0.2908797335328622,0.5965208232586651,0.0112521403926316,0.1783121078053455,0.5431037264387297
run_1010,9.44098753370049,8.195469380239704,2.6767069393857885,278.1373631568237,0.3915146866271015,0.0636735722438562,0.0551655463502108,0.0845831920115961,4.101938527790029,0.2402992101687671,0.5717181044625426,0.0013770462942845,0.511981633905891,0.699974552224749
run_1011,6.971192036572874,6.363659044025838,2.6256768555929466,33.86670789046151,0.1897390914497982,0.2192426716383705,0.3333440328222556,0.0202006924654989,0.9515198179070236,0.4368245772625359,0.5228693829843379,0.0038194815195107,0.2713065932205838,0.2321226412280692
run_1012,9.212912864862362,11.478667352275847,2.974248717157061,274.8122769113468,0.2734575852740257,0.0640042189952652,0.3402130609464435,0.1493184615815225,0.9815480066024056,0.6670456650311984,0.8692617031876073,0.0044590549620963,0.7942294464146188,0.7575810245278118
run_1013,7.422857489095344,6.869043404316893,2.6964237087156047,270.8719827507673,0.207650968352126,0.1836466154698587,0.200055078593212,0.020370604054748,0.8082770229998851,0.554051991044884,0.3765838414754248,0.0101690794123235,0.4517848449532111,0.7491112372206697
run_1014,8.327619594631472,8.222058385480032,2.5041191040903454,222.19232880602632,0.3658691858898416,0.2747822221311936,0.2859954427317088,0.0917258878654349,4.0342472701612655,0.4882215412557011,0.65587273681002,0.0054661889788879,0.2140828581227015,0.6543884771741046
run_1015,9.33641206322227,7.411439858506708,2.4437740144936377,150.25176755475192,0.3963513910600116,0.1649584459053323,0.0784823781782113,0.184262106536551,2.1718566737154252,0.4897466074777778,0.3361717463991118,0.0032147519865456,0.1280518261092159,0.5895230651730401
run_1016,8.999153318300825,10.365080818156288,2.799295692238787,355.9813705072424,0.1004837603233105,0.2451377855535811,0.2261878436213135,0.0189092458352126,3.2217290998726114,0.2104495744368993,0.3653408685246981,0.0043140483785288,0.7426192707940844,0.9352072725190488
run_1017,6.448729934210252,11.816970801982595,2.7068830154386103,334.607951875381,0.1643770536738008,0.120890656442345,0.0353465637949962,0.1399970544860302,1.876073695932928,0.6756473676256078,0.7541987099381895,0.0114915271858372,0.513441391084498,0.3668823803423373
run_1018,6.746583283979453,9.54295454154055,2.9016275976587056,77.04899294262195,0.2463996307774863,0.259623616329998,0.0878202539347112,0.1768350210811876,2.5754644846582213,0.229847158632516,0.5960392481990742,0.009288076144326,0.7952076841159861,0.1631896620040152
run_1019,8.036335342532034,7.9204659496576735,2.885210689417808,176.66309495106896,0.3983628987596482,0.2565288167003014,0.1173191059383177,0.1807153951146639,1.6244526378456905,0.3648207663344273,0.6198935796554306,0.0037600422150766,0.1326772079901074,0.0922859553620605
run_1020,8.909098728819773,10.886459586030435,2.825476578196159,196.6143706218579,0.1734201564791497,0.2398022757172722,0.2450970094723794,0.107080487324896,3.2121873187451015,0.4186569105393018,0.4947349723822378,0.008004714408585,0.359840535545981,0.867062610506048
run_1021,6.569148481122489,7.536348889439788,2.681359061606242,323.3943282317112,0.2889857909126401,0.0242736652037542,0.1309569416651837,0.0827075895756444,4.555585241203568,0.2396804603419392,0.486020667972413,0.0058649065586837,0.1909065492814339,0.2220061500097835
run_1022,8.88115375213241,10.327885503052771,2.4200895116198105,44.42790690483396,0.1247786212967391,0.2441050092098327,0.1868573328568746,0.0308920308486937,4.414906518770963,0.4340700039631141,0.7066136450620607,0.0064310856734193,0.6223475955878814,0.9131552252043118
run_1023,7.982273472912725,7.861990966067146,2.7211621037758675,322.0855362744089,0.271702867607151,0.0663790764844377,0.1426554975770235,0.1062165007555643,2.2023112604996555,0.2318453284748793,0.3059767895070235,0.001054812737904,0.2686775952386682,0.9024383681771072
run_1024,6.383141606275732,7.251512218069607,2.7112974084320713,222.9430443453635,0.3178599623360746,0.0576611890582845,0.2352047125947002,0.0447333003897478,2.407882044562535,0.5499029017076295,0.7847966646868765,0.0037616255663253,0.448257928620893,0.512568751904292
run_1025,6.001988515451892,8.013747343359917,2.712128069948224,187.7230485160186,0.3988100711297681,0.0143824485162627,0.2716513893534522,0.0592134160641791,2.773734982619098,0.4008863300303726,0.4244523072802022,0.0086936739506271,0.2466612679915689,0.5322139386093038
run_1026,8.313481650164615,11.1936708018874,2.996437426680209,246.43483129137817,0.257360052254355,0.1558836906346855,0.0609711734856619,0.1595924656682683,2.0055563078773786,0.3072193758679999,0.7439493600554847,0.0043306139485272,0.1800507172702254,0.026192133592888
run_1027,6.518189396154071,9.346526906020882,2.8456338388219744,305.38383592878336,0.1826938646260036,0.0594304001269222,0.1566171041435368,0.1925290728449288,4.3373767550551765,0.4541481604927451,0.6079998022074362,0.0069892150590577,0.5365618053431552,0.4092892662320896
run_1028,6.079109463920961,11.751319665445765,2.405478735635243,93.56050023323522,0.3436514250255217,0.1593308229788169,0.095493464621474,0.1155721558221304,2.0429356301216757,0.6066799515121573,0.8028305819196051,0.0041309392648694,0.1224246891688256,0.7705590833290193
run_1029,6.0373748411560495,10.774102867696556,2.9584863912965633,256.9145212203073,0.3336477314467524,0.2174948089810774,0.2817347350400345,0.1122417538290088,4.7604235889859785,0.3036001443291899,0.4833426664462922,0.0012489239431973,0.7067552964218132,0.7978956978923534
run_1030,7.306154925024517,9.880300800954643,2.93267837398222,206.47042961417583,0.1082177473384192,0.0514058691284942,0.1122448450722609,0.1484981363752145,3.5165629478624068,0.3180750849110037,0.7870983318167537,0.0054457072111506,0.4486681833357617,0.6295612110426734
run_1031,9.173910560991892,6.6426788050350805,2.8124558573633327,242.8743127872061,0.11614425063016,0.0545573699718342,0.0496652535602674,0.0501237258817044,4.83593642041717,0.6337075636130858,0.6259156614224507,0.0112886477567959,0.5985036776744103,0.0131574202822986
run_1032,9.09875673201949,10.722808378376296,2.782261819427801,157.5159438091551,0.2768379226255777,0.0628421253928571,0.1082408237645366,0.0967143905616163,1.3349463955997485,0.4534332589139161,0.4231283001085577,0.0056289860618734,0.3496668668409575,0.976694880159016
run_1033,6.998685776333794,7.868243047149573,2.531769788587253,84.12047360086163,0.2193804025581053,0.1110359749364006,0.2123135931637252,0.1756860760567553,2.573814665286431,0.3222450302293336,0.4685575122787023,0.0059443230549699,0.1467590062645498,0.4871014232995151
run_1034,8.021099128438822,9.75948301759562,2.8937857412035917,195.03544988445395,0.2665319386941805,0.1298171652784401,0.3284114158502146,0.0701089857012286,0.8682482133277951,0.5183307803554145,0.8435494530131524,0.0065285130630692,0.1208909854822231,0.3294533463480421
run_1035,6.268468597418636,11.283884946060804,2.9805348960740146,133.57942654582132,0.3401082211323127,0.0402120023975934,0.328712642513122,0.0580468383778962,1.783906958996027,0.2722724584088398,0.775469076107542,0.0078973946255634,0.2041291455419034,0.6185534796057139
run_1036,9.284757257178343,8.89298569335893,2.729468104274571,13.30791550344285,0.267605834749144,0.013346029099508,0.3353821298948565,0.0433480094628196,3.020443750953538,0.6308416782879687,0.3970342604799668,0.0098901584565246,0.4144357587243659,0.4984787958657391
run_1037,9.201822257428134,6.1361417502847075,2.441005735070988,251.9457434126982,0.2330209839041027,0.133713844854432,0.1208807966181454,0.0793853629896963,2.580914618219227,0.4385290289608724,0.4403346219064701,0.0061416556075435,0.144375944625065,0.9614518953080672
run_1038,8.204834241666026,8.138152049871488,2.4126261249915744,46.149586600819106,0.3387460584166347,0.2019822271083651,0.3144201058944175,0.1823510315526456,3.891637464281577,0.3597556824671188,0.8359198631332081,0.0092231598908286,0.7397773102971951,0.9967229687402728
run_1039,8.554994967321063,6.302886828413337,2.9732739144044027,220.67606899367695,0.273805897749327,0.2750522408717201,0.1609437365512263,0.0296827890909195,4.5430109574022834,0.4923315525219258,0.5039905479938671,0.0035418826050185,0.1338988333672159,0.1678486745619837
run_1040,6.876966412210133,11.33721001970696,2.862600555249488,242.49912107694817,0.3463406028664409,0.0627034860620467,0.0439043355575751,0.1606562797033343,1.4000346881467929,0.2167538392841257,0.3966061154930563,0.0056457236518293,0.6816156329996,0.9383852409625912
run_1041,7.839030271232992,8.519328700260626,2.979705451010235,306.34653243395627,0.3023344484166371,0.0157598445301343,0.1971236654745759,0.193509287493791,3.881811284757203,0.6155858444884976,0.3399634380234081,0.0066963109003832,0.2565441607060925,0.3063569662978243
run_1042,7.114711067583267,7.714647359577616,2.4006220116541948,132.8432231904802,0.3902838815338465,0.0607622576713317,0.214940318060671,0.0976228259240329,2.3220834273226982,0.5239307578737569,0.8260431530276353,0.0103404190700202,0.5676974770740316,0.3745652703290215
run_1043,7.360881450295747,10.797220972039833,2.913333633421294,216.02716965189353,0.3876655719838294,0.1971179400409878,0.0395053615529804,0.1200122702617547,4.762675540725152,0.6264182213665137,0.8938972949242243,0.0021534130598661,0.315313901495083,0.8854774642816783
run_1044,8.537281130499984,8.877864946175173,2.674677978084268,38.49406855493539,0.1090583721290861,0.1613042215157229,0.3025529511891311,0.0487838900091834,1.238929030425524,0.631203411839721,0.6960715214972166,0.0026854659897916,0.6727006216752797,0.5117662242687461
run_1045,8.231575218360573,7.388862790009605,2.828748513522802,279.0333344972544,0.387825619039932,0.1707114487695661,0.2894301182736635,0.0176420256254387,3.115633819303498,0.2500297635244535,0.4030072678087376,0.0039880388036839,0.7199717599146742,0.0531393556642074
run_1046,8.78170986571013,6.801232216805066,2.6249142567606123,141.68942077985463,0.3163159923693854,0.1247455725770342,0.0315652761261605,0.0330746404199387,3.728583935425233,0.2170970889038379,0.6692754392182553,0.0058833869589368,0.7968522815607125,0.7393338829245186
run_1047,7.279300535025418,7.0312454125482,2.782006194069152,31.954846340374772,0.195881435356394,0.2842656882493809,0.2697224949032039,0.1664191446979189,2.068284106689751,0.6642933034048796,0.6158659025745046,0.0082863067529176,0.5187890121650218,0.2594024079722998
run_1048,7.522921560079606,10.69961790472666,2.928314243216725,118.24409275860158,0.1939634901927597,0.1034205420566016,0.1068792606110284,0.182839536097863,4.069985097986244,0.2083031110891429,0.4125194487928713,0.0056710367786679,0.4040121046096147,0.2960397743077046
run_1049,7.89554928646477,10.711248893164424,2.4483703026164716,208.6429893899408,0.2788125186803359,0.044787678530825,0.3372070153849636,0.1672056100921231,2.719863849172878,0.4578248275670165,0.4265455942924199,0.0022329194340516,0.7700883739185935,0.5017280719240494
run_1050,9.972057192492914,6.115030123237442,2.5903234310564924,86.57698270097451,0.1109201177747359,0.2589611480139477,0.0743458367308211,0.0999322717064624,3.5204863068521774,0.6405775578882518,0.6731461964484311,0.0117326909006855,0.2256790583039148,0.4939074960719203
run_1051,7.642681823939469,9.872863232576243,2.539940655709713,58.54652293372096,0.3317448937328215,0.0926016185182843,0.0791323319898738,0.1995985794193989,4.706581963435769,0.6265969404315181,0.6791508937002122,0.001881420608673,0.2986137716524387,0.3834439870996368
run_1052,6.14610125719347,6.520524113912569,2.524276475749559,244.22081395220536,0.2657294225185893,0.0507825105174611,0.2746530035709842,0.0402789597696681,3.639732804785417,0.3426237519347453,0.7705954208230058,0.0037401720950038,0.4550341260383602,0.962246365817014
run_1053,8.340453785806499,7.702365514920582,2.65891843967012,75.09274997529825,0.1828962718640889,0.1510175867086708,0.1788944333763369,0.0556099555824945,2.130998510370968,0.5731814240417941,0.7192906738441914,0.0101801608303012,0.2631254039408366,0.5085988298795987
run_1054,9.76744858310788,7.710338805580094,2.5013901356622177,184.4238953734397,0.2419933557051502,0.2274223902571438,0.0671588959094493,0.1801235865737498,3.37837043302415,0.4827991083520519,0.6611771409606482,0.0011017869267587,0.2336329237576908,0.6658402163874395
run_1055,9.313445411161656,7.3208744333221585,2.4211631938190115,210.3661004697997,0.1636252972003029,0.1694875597045128,0.0434004663951105,0.0956664102879994,3.2676721596324834,0.5892486102286576,0.6778330009987922,0.0015795775425878,0.4109479448835736,0.5305924923539005
run_1056,8.001775671983832,8.743753331987122,2.9064408789680938,111.6200276480648,0.2764752483395142,0.0566090948003888,0.1677133648784203,0.0641709370125416,4.468935029271038,0.5170390356502041,0.6022756730061407,0.0090924263567044,0.5429308676597485,0.4499410192667899
run_1057,8.72835663815999,8.461194709410899,2.6363825984388582,287.3381637097784,0.2969075348446154,0.021589956544736,0.2792139293013639,0.1880554401778577,3.6717137029819247,0.3287485879316074,0.3133269351789172,0.0073084636500857,0.163025757094546,0.6808663474211375
run_1058,6.322257986793006,9.55196367213415,2.982570835046852,142.65874650517154,0.3716862088931422,0.1081733285534274,0.1268028220925351,0.1627262312322017,1.831006435466174,0.2056040726320653,0.3220859868706504,0.0083649997658342,0.374581979272006,0.1626172765084351
run_1059,8.490303578943571,8.453705167164966,2.551067746107673,82.4591308624178,0.213786331705252,0.0189080526298397,0.2271706206085639,0.1447829036092645,3.4336213785080716,0.4654007428947025,0.5278220900014023,0.0095616957828486,0.6741655083311842,0.9654753570984888
run_1060,7.297869480049522,11.164755831714189,2.4112995144229696,108.24915747415046,0.1820443134749434,0.0513006880428881,0.0797284413172045,0.1118931532819896,2.1980816469990043,0.205965584328548,0.4624207278978652,0.009795908704122,0.676210156176621,0.5498619099523863
run_1061,9.036291110327266,11.242164533461718,2.8219155999896977,13.821687278691035,0.2918136680668996,0.0901161612184714,0.2574988540824559,0.0208596326150338,3.4936520355242635,0.2507120209615097,0.4697545158438679,0.006691800247217,0.2902460874723618,0.1834984799818262
run_1062,9.720915255423396,6.320105091231241,2.977634256350712,291.9716234255805,0.2938196428584725,0.1407064176732089,0.0595445635741962,0.1740936555462471,2.3940614074014888,0.4141276132330151,0.4583702076827744,0.0104447865148976,0.2123463322961369,0.4916176807601796
run_1063,6.7818301667922265,9.4946801502769,2.4546654879389966,65.03588609311883,0.1596157145305995,0.284076015147057,0.2273366526170041,0.0650565363357126,2.969307772757185,0.6711606050150902,0.7145485476700137,0.0024528471295628,0.7862045504021543,0.7835627501743857
run_1064,7.377877667311019,8.43866684366548,2.872487918201633,314.35163802714555,0.3119752203728325,0.2468716141863767,0.1345102619894284,0.186189520461394,3.2898691031220864,0.4470891320188089,0.4885043545113611,0.0082044333695551,0.5349029381278662,0.9461787427365906
run_1065,8.22548227758162,8.521778759140414,2.9281158915205063,325.3674832737759,0.2453453708542652,0.1411927206806627,0.2561113868513993,0.0951913921125187,0.8948828059632643,0.2488832730435745,0.783158123658841,0.0048127621608156,0.1880658472704444,0.8188807597039238
run_1066,9.699789935246566,6.0579842703714935,2.548959017238062,246.994306761474,0.3487813487937138,0.2271498524521083,0.0317764365363378,0.1001360543520706,2.0498560824162384,0.5137261971572633,0.3321293616829945,0.0047123519996681,0.3101672116826687,0.5919708357189245
run_1067,6.278440785757381,9.92636551042782,2.906230223227129,265.3350397015336,0.2524526111596581,0.1078491436050787,0.3410955398625773,0.1406780594373532,1.2892723288494805,0.389378308757473,0.8562562545968211,0.0014761352330304,0.677234550182332,0.4056472370577328
run_1068,9.309086175365325,11.021030152244924,2.493982037999531,337.43359468480713,0.2885244869339907,0.0685334748560784,0.0898575136311491,0.1412630780343469,1.8516065828768264,0.3159666449823173,0.4136834466466297,0.0086066281920519,0.7882621281104588,0.7146351777696897
run_1069,8.640454053106263,6.1939430490158385,2.5050603282269517,336.24693283600436,0.2228887357224639,0.2352267986966338,0.2043297620096804,0.1956450745880481,3.8679134415122407,0.5803125790719394,0.4657914019373572,0.0023498871434631,0.317737462680536,0.4141974902200228
run_1070,7.7779488369392755,9.45383218546343,2.8884212926481387,131.4644378498441,0.113370786988381,0.1369003321154754,0.176147540004015,0.1731773104617442,1.968704256593072,0.2527879916237425,0.6735268804275206,0.011394192371754,0.497186463667143,0.4133265851999725
run_1071,6.662459404343641,9.141375056528226,2.603825927957579,240.99961172842924,0.2150044377655049,0.2220107316640607,0.1596560223160311,0.1993252333119065,4.243365656221163,0.510548323411925,0.6040519561400943,0.0071535563497344,0.663740578669597,0.8515232093601631
run_1072,6.703136085023803,10.231675202235582,2.7491540791193865,213.06518022516943,0.372277797080059,0.1222610011487115,0.2535667314451717,0.014475103035095,4.226401456274168,0.2397839176050445,0.7409905303348246,0.0085935902334037,0.183000726032693,0.6980493452192629
run_1073,7.388487151917559,6.5559904025493125,2.619655348527161,72.23263952612001,0.1781118668568302,0.1178123956493992,0.2974051354378434,0.0955391587380737,4.109841295025042,0.582881538839903,0.5891466037865931,0.0057948197987942,0.2169538802043992,0.7624956395228885
run_1074,8.248261739276007,9.014833235743188,2.9044825024595733,9.215968279059783,0.1095388576934766,0.2256407595128771,0.3467337014393895,0.1529264034884886,1.512776804562202,0.2347772828506907,0.7340719135780982,0.0046831376962309,0.5131192281667861,0.37801003495907
run_1075,9.738303451352085,10.530460514814912,2.6335448452411727,146.23842615802442,0.1600212129858879,0.1670539042899927,0.2036196303831107,0.0108722357288574,2.4781527772960983,0.316721554517227,0.5708122081869286,0.0112576313755632,0.2965093283440126,0.1754117680699791
run_1076,8.446993888733601,6.958062647474089,2.8464515334048186,292.35380818931577,0.1292426137760001,0.183354238876889,0.1356591575283696,0.0812606251682517,1.944134797241411,0.3955937813262081,0.8278288144886159,0.0059630595881094,0.485852804182009,0.0101422056613166
run_1077,7.772747780067954,6.956729099259688,2.4079899696146976,141.56161318153175,0.3554012203861153,0.024824752021703,0.2314858416213035,0.0512462750034412,0.8878918591859389,0.3318076518587535,0.4967449603677645,0.0070910959159577,0.1702378164694626,0.5256813327820115
run_1078,9.481574519180317,7.119613770799944,2.50932792484009,37.26769083226332,0.1147432344506626,0.223351927646772,0.1720902617128024,0.1083991301560626,4.440071240832185,0.2866523990376013,0.739276862706256,0.0086448654182477,0.7526003007662156,0.0046741490490835
run_1079,7.277078721327116,11.096286085212858,2.684560695224496,21.80704598541189,0.3431189741474053,0.0676567600362737,0.2076515704777562,0.1539332823689554,3.0091286664815344,0.3446174170080994,0.7136803760919457,0.0020344185229198,0.1715954592805602,0.356790781498036
run_1080,9.39545410793632,11.923293543058824,2.504056500383102,116.3161880999036,0.152576318448273,0.2606228628807594,0.1634758692285061,0.0748674108664809,1.0390321155459816,0.2543947995817825,0.5886641615276417,0.0048881779994556,0.3461216904286355,0.058749621703204
run_1081,9.452876473100105,6.517306842185162,2.4452831497833127,210.55504125641073,0.1436867053822728,0.100710221122674,0.138658915990384,0.1416752374809075,1.9192028292865335,0.6841375799085815,0.3016916177601456,0.0038759145281559,0.4524672219779341,0.7325192702051257
run_1082,9.23137702369162,8.880159850167932,2.766889447917982,257.04343872173945,0.1057246101975387,0.0298339221179823,0.2369650735874856,0.0972291615605749,4.417629472175584,0.5519115620519768,0.6214113081673222,0.0032431909827198,0.2872086262865971,0.9873750973609404
run_1083,8.454517480509306,7.606900202320765,2.5501477925335045,241.34481889977465,0.2891208841498976,0.1515706845674109,0.1605073890215713,0.1607015551309144,1.101558526110067,0.2140821822715956,0.8767854811568954,0.0117808467129899,0.4181305553407746,0.979553351344094
run_1084,8.439462677645524,9.509872373370104,2.534231278673435,133.3396162385314,0.1206311195315223,0.049758664440121,0.2925088736513784,0.015167963366453,1.629546468991819,0.2211340622261885,0.7274881834828937,0.002815993161676,0.1688725471454801,0.4334118805955015
run_1085,6.033859980156067,8.816016300169084,2.6528021523098837,332.94550112424605,0.2323610210590347,0.0839860263854474,0.1499726129082197,0.0161660652425253,1.725784198151775,0.3116025393723688,0.3209705593218368,0.0064594607964345,0.7308314067193089,0.2026097274839805
run_1086,9.641564801425083,7.311996043307709,2.446606239100246,47.54526909727351,0.2114029378756354,0.2691512366795912,0.2299528000220282,0.1712872765185108,3.417395568540708,0.4548312094780828,0.8867176714762135,0.0081805151000254,0.6503974777954603,0.4966132452158144
run_1087,8.833998617488172,10.21349692016563,2.6546446977559306,39.12356844575002,0.2434479446705544,0.2058223366562394,0.06846192019946,0.1424000694720397,2.993842022373469,0.3155637207350374,0.7199604805897721,0.0080302567317691,0.4571207453864393,0.2515577626576722
run_1088,7.833479710615601,7.432481462844551,2.9528883031465414,161.11574881649014,0.2972986912808981,0.1768046830888846,0.0858184380048396,0.1177029887586078,1.4371318934356203,0.3807997695223987,0.7922729116665889,0.0091292265071089,0.4297378396191246,0.1620184905830468
run_1089,8.144383302981936,9.968117066722682,2.6608255333597097,232.1783707639971,0.3638868749902501,0.195867722248431,0.0893716411105748,0.0704921470895112,3.2293631349947063,0.6577322739090772,0.7359865904615848,0.011437975879227,0.2231308162657784,0.2234151516980686
run_1090,6.907388409755063,10.371176365697616,2.536954013496622,220.27304197092496,0.2774244413860444,0.1293322592941427,0.3338531886948513,0.0172095441599485,3.1981432748090945,0.699474255073516,0.4718044435450823,0.005973370249642,0.711076554812091,0.1816606630381217
run_1091,9.690758914942398,7.5573540293836,2.789944803897458,168.33703181297778,0.2684702702174428,0.0685834098009104,0.3250061107293218,0.0311732420209221,1.5582110290786568,0.619796251986799,0.8606363024446637,0.0053935914142969,0.2263722550473599,0.5079221506869471
run_1092,9.768445793229182,10.96678422223721,2.937382858420352,129.76346675157,0.2393912412568392,0.2713607728502887,0.0799411885123824,0.0971921021503618,4.867470352236253,0.4932009449253787,0.4514764273898252,0.0047731091720252,0.189907000180931,0.0173995745272026
run_1093,8.002380628505447,10.166259736812894,2.8796333119979427,171.23898423952662,0.100090185215434,0.0543938555226989,0.0270087812313298,0.0755226196018769,1.8235443611211988,0.386033384594613,0.8407906551118343,0.0050274494110316,0.354654458456868,0.9837284633011107
run_1094,9.390532599944404,10.520818417886067,2.9476635151432973,80.26286156712133,0.2128412491683292,0.0863268680915481,0.3226468739301867,0.1623727532562277,3.6288558148297376,0.5084212490698631,0.3698173869667809,0.0072364444726599,0.2082979263768162,0.9053671732723052
run_1095,7.900314293835576,9.25895169964912,2.957998825528257,219.1381785699001,0.276065224798477,0.0819177717675959,0.1539243528360145,0.0872155331357804,4.918310764799099,0.4641066548147616,0.677037244467084,0.0113346147990817,0.3434087454516862,0.5829172639139368
run_1096,7.374965515659662,8.92512195282533,2.541172736930747,291.52343780785895,0.3460808309916663,0.1932393849850825,0.3041487101628804,0.18550500186818,3.0472221795868935,0.2363160675645246,0.887671143777709,0.0022022953306316,0.3383481464420331,0.7958460298070564
run_1097,8.974661246814772,11.813129297149526,2.6751478325042712,237.51407084156267,0.158099624775574,0.0928118395426241,0.0401640433248444,0.1464297540105928,4.204503062752558,0.2161082339386514,0.8927108300699949,0.0037043602167744,0.1413436341185495,0.2169730578851307
run_1098,8.024117126303807,8.402018820599423,2.430378338682056,254.4605946445253,0.131357004791615,0.1903747112656272,0.2019050856825459,0.1282875912005324,4.474424481267812,0.3454310951308517,0.7878303744551796,0.0082939317976075,0.4272129800816463,0.9507099100450652
run_1099,9.60955320962332,8.258354585184705,2.519815378803929,216.69770409045032,0.3127795331498496,0.0489679058485318,0.2156362375982061,0.035027323047925,2.5257482714543507,0.3715183835868195,0.802553131040878,0.0063445408927329,0.4654136321822686,0.375866130541429
run_1100,7.475414713755906,6.3408421099370855,2.7242505584338637,50.6363370950317,0.3756163994011259,0.1682103029401749,0.2802483577758324,0.072873828065773,3.233146890875373,0.256713472829123,0.70381615469155,0.0108740540431672,0.4945213329208728,0.2761259781883139
run_1101,6.947514361650454,7.61957803008594,2.9455711699250973,279.5707765580806,0.1007004227007098,0.1731236133733769,0.2117677401359052,0.1861109940082689,4.599860046158978,0.3014962799874936,0.6562473450433136,0.0109803351533282,0.199791855804556,0.272639093100278
run_1102,6.619927943690194,8.673631432810083,2.555462631763687,65.40058628130004,0.3941606054896145,0.2127385282384884,0.3312769289670021,0.1883737531409227,1.6749651612328835,0.6113737730458901,0.3048138859139407,0.0054351142089735,0.5097404713292031,0.0295292411308072
run_1103,7.96259945705434,10.523201758429554,2.4249280461693594,241.4980416783955,0.2691225683086624,0.1891505126873749,0.0623874099830888,0.0783747619808569,3.2563000558315807,0.5193349599541657,0.5418340152891259,0.0044753681375013,0.5059265407683832,0.5805259827587579
run_1104,8.212445405791192,7.279961790697536,2.520492709557576,261.2754839032801,0.1745989300750371,0.1807286490398255,0.2422988805077189,0.0349798541547808,4.130980014440718,0.5594854871620618,0.7326357078224934,0.0057022621006055,0.2518552586490174,0.4039099078140915
run_1105,7.69155389843572,7.681794713782229,2.790403355397937,44.8393313912566,0.1534713245784795,0.0674877889875771,0.1123731129215831,0.0130589353596909,3.090867978920953,0.5016747242048354,0.3701709055758783,0.0109923220054964,0.7035446907309555,0.7034370198060095
run_1106,7.793798764409473,8.850522267565681,2.5307645102615717,317.0505503970158,0.1384971983225658,0.2833400267673424,0.0658350231190186,0.1603793541280062,4.83641951696793,0.550146525276366,0.3560105317653048,0.0052972996988814,0.4077487091275685,0.5803483746115646
run_1107,6.057296686908006,11.56453100847148,2.8498219669305573,228.9677563704003,0.3985875063306485,0.2298205501036687,0.0537338326267694,0.160784370551391,4.44995097266741,0.654827986411834,0.3974672021132067,0.0064927040225538,0.1258700169653879,0.8641991259395421
run_1108,6.4000037023816825,10.342875736160297,2.951051116487242,23.71164476495993,0.1789643797046184,0.129107500540909,0.1021501541146478,0.0230386830496489,2.078715174187864,0.398094239929309,0.5032722903153148,0.0023798005373908,0.5824279653367666,0.0961634752909025
run_1109,9.199119959408735,10.512606021541604,2.7679472050246767,178.86856419862227,0.2224069598083093,0.0852631136145262,0.0340844615233582,0.1507001222781579,1.9218714870004496,0.4134733389593606,0.5224442024184444,0.0106688077677945,0.4333439000253037,0.0210334061790659
run_1110,7.213263580525029,8.719474124477847,2.514831731902229,71.90262967681281,0.3227796137996885,0.0428837875502791,0.0630975584011807,0.0250713088886738,2.333529468636045,0.5783244903345106,0.5721903631031657,0.0033519220827645,0.2373402522439603,0.2211744574081567
run_1111,8.01263837205526,7.357274230937888,2.641539958575953,89.5952162557314,0.1887916289815958,0.2208354369991883,0.2144651307694236,0.0776492192126997,3.988614201632396,0.4290203149036713,0.4951305138208312,0.0028324844520097,0.1319475484078679,0.4707374439331697
run_1112,7.555273352820093,11.789991422937934,2.428424728417629,132.3086819744747,0.1412086807228202,0.1066059813958139,0.2304798691376386,0.0401806911334577,3.475418703757179,0.5707382564056187,0.4648253768680578,0.0026529616498119,0.4741232157566043,0.0468929518970923
run_1113,8.264611516052645,10.67367501411062,2.488259692466835,346.38748902108864,0.2501348713607675,0.0669434118788293,0.1117527085973686,0.180164227876922,1.9937807847872364,0.5199992925158208,0.3688371289058315,0.0080593445797365,0.3790749232589526,0.4124825779722564
run_1114,9.007929148416132,9.841951895684714,2.6403934385711514,181.68001954333403,0.3111582604631184,0.0318636702060383,0.2694514920904255,0.1834674242900673,3.1067307550034418,0.5851439753394889,0.7757282739546194,0.0020806383605086,0.3606739913201821,0.0097178391972253
run_1115,8.973702052327548,7.864782921263726,2.4082468720994084,257.39429381495205,0.1684583924139295,0.1511212042824428,0.2486071380460431,0.0449407029965158,4.356961739728776,0.3421737922939428,0.714632770788763,0.0079167622855996,0.6042443721654235,0.3006294096090603
run_1116,8.011924019644844,10.021353556466076,2.819864943002677,202.02752552206633,0.2725403350489764,0.0999978766840959,0.1579840822072712,0.1106501887732187,1.5914186675981803,0.3287795684479975,0.8229736229496507,0.0093439309022617,0.3828978583929876,0.2338775967197644
run_1117,9.039138947549729,7.369839394723665,2.75278925342021,280.0061013324638,0.3511981645819003,0.1441244310510008,0.1413748424703976,0.1178113319296242,3.0942480004484905,0.5653038305442164,0.58181865558927,0.0099750685682603,0.6807836261060173,0.2661212015527756
run_1118,9.096290470967713,7.919044038720787,2.5214898235798393,335.05056932284026,0.3231661347234784,0.287996770214278,0.095577019222228,0.0326315472488057,4.216768184479325,0.4308538631512129,0.3324287059348769,0.0100549695863963,0.1814863894788304,0.9981003459102455
run_1119,7.650612602751572,8.361066180666976,2.8511269704033175,229.6200374070689,0.2831767763460097,0.2896958810082851,0.15164710503825,0.0304691297749903,3.6493454740682383,0.3574587195726849,0.8592569407136239,0.009084915051645,0.1532886054958915,0.5091336663864977
run_1120,8.676700640047262,6.0107714470107565,2.6351915037949425,241.59568019970723,0.134031143919429,0.2239792858147968,0.3254711477743964,0.1061113232024809,3.644964207784171,0.2422566573611554,0.8105742203393713,0.0081931162028664,0.7917965888697914,0.9231061634360792
run_1121,7.036231282122113,10.902733092831951,2.7579071474905192,165.77696769433075,0.2958070740167513,0.1048131298007266,0.0578395660546517,0.0786911458153008,3.5860636407428226,0.2992930728662042,0.7189109173273839,0.0033259473116853,0.222289031144235,0.3130119714803211
run_1122,9.389383811901988,8.513996577671563,2.787906962496839,27.46548298485891,0.2455853600848235,0.2416066712430213,0.255489287374589,0.0591813112718303,3.5423900464548232,0.5092931593700132,0.7843549868470961,0.0024263013913849,0.3401488233549583,0.4434911388103573
run_1123,9.554281229446117,11.622744614220728,2.657715953475004,269.77795365505165,0.3131016366494203,0.0154140855823211,0.0477620586393425,0.0744106964106623,2.42662485093377,0.2263651925810698,0.3932488346977159,0.0108521831354801,0.7948069203519875,0.1866006753437778
run_1124,6.541308313910488,8.955110207952858,2.5067638960238887,46.53108539728268,0.246016810430471,0.0283372054907272,0.1361893427483021,0.1826520873129146,3.970838028190083,0.3322050370866408,0.7636403282938036,0.0095486799881941,0.6157200389137263,0.9493222461082798
run_1125,7.959897730876508,9.834642357301997,2.4121508417280304,126.62301795650151,0.1662296562789598,0.2774865249147168,0.144555089311979,0.1393839674252112,4.444114042065976,0.6944320317817165,0.3080104315955477,0.0060270357493344,0.1030149656054615,0.343244651396123
run_1126,8.573227053798478,10.265129426660266,2.5793982447785258,120.08612045740044,0.306779026948684,0.2462456159059621,0.1054442182876101,0.1133597310227043,3.631482416825627,0.5797203398239915,0.6865626104826953,0.011423342698555,0.1517749764528554,0.3630051932575607
run_1127,7.076838328343763,9.99181501962325,2.7332941469203993,37.51437184593095,0.1239257664303988,0.1604787790346849,0.2239828022757919,0.1180137850199178,3.5258010970105396,0.6741669713897085,0.5821559333555817,0.0029701837200757,0.1424505275797423,0.3645557204796489
run_1128,7.910117348526267,8.000432466507101,2.446082880046132,183.4763729414468,0.3185432463586855,0.1586660429886039,0.2302367064409997,0.0134281615947545,2.659091844155543,0.6031086252068837,0.4795713297083096,0.0046300658637729,0.2838422208933242,0.473096353521243
run_1129,6.54234923001953,10.133934375200138,2.741383594684481,283.64429430257036,0.1765517173605869,0.022234527366551,0.1222846609223444,0.0869525651174984,3.332404476051531,0.694805819969307,0.6172557368640945,0.0076691964119001,0.6057410522523818,0.3696361001791899
run_1130,9.188456848978468,11.639043127509634,2.559744911138821,29.410840417817724,0.1117948532135704,0.2858457406091068,0.2595794543528447,0.1999165833637279,1.1743911222239498,0.471472375004214,0.5367601190449024,0.0117616437190273,0.2970725510522888,0.433698314360111
run_1131,8.745944844078718,6.588796911884697,2.4224607796893087,146.9020918530677,0.2102577504538664,0.0864591879013107,0.2585884081737836,0.1437028040142558,1.7083994041404886,0.2899791043044963,0.8781213469503497,0.0019001894740588,0.2962405032792049,0.9084043376120836
run_1132,9.186015183502333,7.464172306688159,2.991195170289044,358.5131990314299,0.1264291945705476,0.1423237215427215,0.1164927344418606,0.0985493844106871,1.7329051521812535,0.4299775189274714,0.7722893616790334,0.0080895701008722,0.6385193476134557,0.6385592154984754
run_1133,6.107183716321307,9.486086027997873,2.541703922588524,96.28262991307552,0.3187781431391808,0.1496277893307573,0.050935800194901,0.0196030387846566,3.2313123753915898,0.6195123580554796,0.4736700230866094,0.008503843536491,0.5938620100553473,0.2576729232131334
run_1134,6.07220199209249,11.346026908576064,2.4772074469691874,63.9391925074877,0.112145202220933,0.1088280399951147,0.2500156568800554,0.1675267023932702,3.00147708617358,0.5415963964444048,0.4875205323936543,0.007286011227072,0.648466155554725,0.1424496176464154
run_1135,6.149305964906235,7.738109179005608,2.8165975571388397,104.27714346990702,0.1253836872071206,0.0303248666546585,0.0976083566486031,0.045417702713862,3.185490140541349,0.2451272870402733,0.6296587399143463,0.0027857477165473,0.1175558479882508,0.9525256705286412
run_1136,9.294355848105306,10.616998054850512,2.4184295927275983,17.97000117667795,0.352243637963319,0.2529579517530989,0.2577092721268555,0.1951897948204703,3.4979379243908415,0.4623393012898416,0.3996144403567338,0.0033866746248174,0.5141144043162551,0.1583915512221429
run_1137,7.465693784095873,11.95230339924398,2.8325994451629004,13.54660456673288,0.1727369157385166,0.1988453906822191,0.063899104253524,0.0749930362752983,4.273772526355818,0.4068287089142285,0.3718858357228737,0.0020000847683912,0.4497775109758652,0.918251515100646
run_1138,8.067844115475438,7.074133314328593,2.9774056741440265,217.07961466230137,0.2483647464544244,0.2768613276224187,0.144968377640548,0.0640404967071719,2.6576503280845456,0.2380887346925465,0.423524710587551,0.0063311417558014,0.7064682347770641,0.79639543608643
run_1139,6.039976750699479,9.95015427976394,2.419425978962391,243.58241581979755,0.2992645435140748,0.1860042154498588,0.1874076792859707,0.0321135828588954,1.3934064452118862,0.35077794798457,0.7632842231341451,0.0036089189499081,0.4544514807927372,0.6819377091675517
run_1140,8.3104941020314,11.158296328846356,2.530313171949053,72.72447960251175,0.3165477518619749,0.1045688916082653,0.2668716695133582,0.1635926503051369,4.403488934502828,0.2143459972770027,0.3146107151590867,0.0056491748690943,0.6471547454933917,0.9412722697660902
run_1141,9.50692720576632,9.046120359426997,2.74605941851686,265.1620732909292,0.1061386098137125,0.2934779263668825,0.1891195642268961,0.1415552308461898,1.1891125535052258,0.6162287599351646,0.3239213481740549,0.0033751531282652,0.7738467499526643,0.9187105333043448
run_1142,6.853871042776416,6.289619597293795,2.861937449121595,327.96581425236315,0.1647838123079036,0.0867632819995722,0.3101091998241748,0.0983900819727851,3.2381913650135177,0.5476646795305458,0.5451753700880366,0.0070310389343755,0.715768733434846,0.5933171712268477
run_1143,6.779545755589496,9.407749150921866,2.549669474624604,125.64730254262255,0.3433317315070487,0.2490694809087542,0.1825390135740138,0.1753271478911867,3.004259670405795,0.68489000298546,0.5652844854241282,0.0024507490012688,0.3227657794745366,0.9773949559141568
run_1144,7.503993844797969,9.288929208793306,2.7522878205421137,333.18076991425255,0.1178228476833407,0.1287927608528654,0.176945955293541,0.1978487648680029,1.8584774048230128,0.6302513897536806,0.6090595126794686,0.0037170039275021,0.3766309614392423,0.2387514721536931
run_1145,7.1821647274912594,9.0575071324757,2.603066966377997,230.34550992357623,0.2156109032319355,0.0751259870593902,0.0761495976299251,0.0334361157466149,2.621710543825979,0.2737309701283215,0.8130116311072086,0.005600799154729,0.5174833481965898,0.7813645896310881
run_1146,9.630403832505824,11.992097980559464,2.698660612192733,285.6003117538702,0.2918648973455487,0.2804579781416576,0.1584583067939306,0.1840926299520613,3.3263395636834048,0.3468224824258034,0.5464729125825041,0.0086342169637594,0.2750364962512142,0.6921300174032279
run_1147,8.498466007756761,9.98872911750092,2.9908477948489107,177.08552147897336,0.1653106905631699,0.2969013621004879,0.3241060412720948,0.1534549183208919,0.9550539547903136,0.2432925066039766,0.6974155594286976,0.0010053423940403,0.2945858379220599,0.4802854112537071
run_1148,9.277091078187704,10.922039246614666,2.465799366118331,287.9126382998713,0.1937388830400503,0.1143495296767375,0.2927834310557494,0.1336840230090804,2.991962556087505,0.5095748561347095,0.7131911995062823,0.0116487623598009,0.4451852532476283,0.1317322521563694
run_1149,7.0233747758239815,10.121982565514497,2.5678058587556136,15.787851626229326,0.2871624849847408,0.0833736502965877,0.1216591859687339,0.1051869186997143,1.3440062801700967,0.2951734983194859,0.4183819739848138,0.0042390548580283,0.5629085771749414,0.0250138893546157
run_1150,7.264611960564324,7.240578525465501,2.718207758506196,127.5541120873294,0.2449583157775059,0.1210331047409222,0.166025308527107,0.1138638582759753,4.55927411346805,0.4707746152728947,0.6003475744404365,0.0091425817017506,0.2166239091608486,0.2435368221341163
run_1151,7.323953274820786,11.800763705346874,2.7095387623561287,352.08058161862357,0.182360565098555,0.153723683037094,0.2488769195316669,0.0194095502848682,4.817238574075869,0.2739529900733706,0.7033149378737308,0.0052086384630836,0.6936407292014095,0.8758497456946495
run_1152,7.309218390797861,7.264635517794138,2.4161919078544396,213.32448553445064,0.1551493077376921,0.2708261046242055,0.0775835054772462,0.1739974964793846,3.9607710772832734,0.637946155883446,0.6236482161098895,0.0108013091936769,0.3234571874432927,0.822317113990504
run_1153,7.541601361089872,6.885014256533404,2.4480842447138724,204.44078064452813,0.2016863110832759,0.2848911040601246,0.133184741826865,0.1500194468633201,4.768517732121501,0.6467208050737667,0.8164866804897342,0.0084113259260745,0.5299906502595967,0.9145853949658256
run_1154,9.455492009227331,7.905338718528335,2.432727563154441,302.94723605183935,0.2571728525149173,0.0944993660837958,0.1176861272549294,0.0317416152948455,3.1203201952062933,0.3077315756969921,0.8929181551096002,0.0010890742702189,0.3774593900180693,0.2880332330564371
run_1155,7.754416128984202,8.582767618783905,2.9296778090614426,43.18775732411383,0.3499127208763311,0.0694872936890514,0.2649009364163173,0.0521151433245716,4.457601116746019,0.2280166152111998,0.3612231670025339,0.0097684328115484,0.7385858744275249,0.0004764421346046
run_1156,6.219943377299726,11.324585597001228,2.409721270591892,248.2563421117432,0.307607730135959,0.2086245724985049,0.0689927267193706,0.1343498604727298,4.53592300094955,0.5168047712301972,0.427055785761243,0.0092578343905458,0.6983032389560335,0.6748728196234284
run_1157,7.397629218611413,9.626109072850134,2.464125853935061,81.25964494382441,0.213503769579124,0.0109093030052157,0.1771702097934107,0.1946294349422856,1.9551022830891125,0.4079193976161549,0.461809419041028,0.0110264997215513,0.2481420767234529,0.9062487280354916
run_1158,9.805583230085432,7.235995468330714,2.509587916810798,34.8007138733609,0.3651001889325281,0.0280615690506475,0.1535961141845623,0.1329707231949399,4.392598320406316,0.3663703079896329,0.6406456221616144,0.0037839700741147,0.4995482788420652,0.4417819572821169
run_1159,6.98003119105745,9.630316608381424,2.901527314202987,197.2961472429596,0.2846293050015481,0.1812662582964826,0.0465827099512813,0.1497995676818546,4.252433764574337,0.576975737765862,0.4458480636540096,0.0059582789632775,0.3124111530219787,0.4555237543104475
run_1160,8.142901537263722,8.667358076934226,2.5119392679174037,327.9573657750707,0.1482602738944651,0.015896146370956,0.1589755845925994,0.091218172729065,2.1914831695135075,0.5215463404690941,0.6359480426654979,0.0090041429793898,0.6195888847067146,0.0674646474405517
run_1161,9.54564525186874,11.312576907804798,2.8009140846461045,145.78428160820107,0.2855765429828834,0.2101280344260141,0.1489744899254678,0.1314206212662156,3.70018576226608,0.6709891329754547,0.4155149011295589,0.0096334629580683,0.7693173333207189,0.5594125921268814
run_1162,9.54036508830079,8.382474259975318,2.993706497578441,284.40134397680924,0.2144386213438336,0.0948745952778146,0.0915806299962127,0.191438070110365,2.6665875296206987,0.3532658906902678,0.4554949052284964,0.0014562224647696,0.509855519472649,0.5770960938818197
run_1163,9.5013816413887,11.437587399919185,2.9901820272062394,169.7983142245489,0.1620305378651778,0.1479657034643986,0.2146304787519323,0.0798724398417737,4.29788548152738,0.2089287371998812,0.4199191132725696,0.0071344307920645,0.6199497598327476,0.346287098795786
run_1164,8.759681626017297,9.309114409295267,2.941432822139265,5.326900342811859,0.165821469285373,0.2198580442864035,0.2152166290787,0.0828257032557932,4.116162300740683,0.4985601300375515,0.8608440374841333,0.0023999227527777,0.405564034510771,0.4210217689176543
run_1165,9.35459045826418,7.88471955622054,2.8191302721275537,244.6264244239433,0.3734376587850594,0.0693053858692917,0.1410732588900674,0.0452836892388518,2.8361323490368138,0.2904159025265785,0.7113587369374428,0.0020744006071889,0.2955797531909125,0.365195044481433
run_1166,9.577717667796556,6.019509375520482,2.4217249627086495,34.985576867266076,0.3806282106715415,0.0914761382133456,0.285445459923029,0.1557673321659453,3.2928434660906616,0.2523052191172749,0.5991762868424484,0.0059041837221049,0.4863609024170786,0.2460540302969399
run_1167,9.594998292989969,8.501698467461388,2.7247395093809645,326.3984261563202,0.2537020149955596,0.0349386589049058,0.256948988868651,0.0832411909257492,4.583291134089171,0.3987938061929682,0.4317003457102972,0.007746463333973,0.3999429555757249,0.2082535484490306
run_1168,6.697447449205136,8.676321674959233,2.4288865490549014,265.96722181161493,0.3968856957653623,0.2197655251490061,0.277115213417419,0.023212335398419,1.4736796697409025,0.2301717354995233,0.3405343219762419,0.0047319596690182,0.4246887389099643,0.368981350664908
run_1169,9.877162093924827,11.320498196665891,2.894878100139804,343.5700573379213,0.3763946304739669,0.1514268455042097,0.083192667045506,0.0107932807968551,4.635343058884455,0.3770457812845048,0.7910504571666801,0.0104693439630379,0.4097322931559588,0.2538251811015634
run_1170,8.826002352435466,7.859012062813903,2.790942068101192,356.5645600114925,0.3823810431454997,0.1488590378845196,0.3277047427847249,0.1030646119055796,0.9267323159660308,0.6546274229812776,0.6318466997906375,0.0029420227936623,0.4239313375090907,0.7990091368429245
run_1171,8.241855958472927,9.560170982335991,2.6860749866188773,285.7351137281355,0.111918110538803,0.2349576433692516,0.3061418592575761,0.1238786313067644,1.655084607134264,0.4978604998614681,0.6703528528551232,0.009446353226159,0.672493575919034,0.8123057600642776
run_1172,6.252472979023801,11.062569801337222,2.561653849894423,81.76322462807829,0.1536004930018126,0.0843923603785818,0.2912514702084868,0.0437578298964665,4.232493406427202,0.4728298049479304,0.58036916488104,0.0110752417893669,0.5151046608672953,0.7966398181486021
run_1173,9.13878274834954,8.722555737749444,2.808386571299343,182.85718051401568,0.3947010829902788,0.2068919185941393,0.188454520921884,0.1512629719832366,2.6254126238282027,0.3689431728438437,0.6804503976842792,0.011659525610172,0.7817410018791219,0.341145567978832
run_1174,7.95107938854302,10.908243116527782,2.4514546748418593,143.03180270044032,0.2210058152321455,0.2852239748911669,0.0768007458631961,0.0631213670947971,3.785792206360087,0.4570891507864366,0.6544646803080828,0.0026439246522874,0.6624059234484891,0.7028592454250422
run_1175,9.884466696630092,9.570813179993202,2.5253384639245775,63.81428360497795,0.3060854519555985,0.1981061877885034,0.2058960884193096,0.1569751163599965,2.2072399334705812,0.3016655269232135,0.494023639849968,0.0027935687584388,0.2738988975588132,0.3704703279641537
run_1176,7.75137151404395,9.555719099868256,2.9655917400623535,200.1623300497751,0.2130460699643338,0.1155200021393457,0.2600760412634976,0.0863056856551641,3.462349970102646,0.3385130630039383,0.5539462352002411,0.0112476927025232,0.2089104583614306,0.7397605924413312
run_1177,6.652517257239195,7.039905917028194,2.430056721595718,320.6116974584489,0.2520150691270842,0.2814083685666984,0.2154548387340331,0.1670400369123333,1.1871983768563834,0.3550040297498047,0.5281491611110827,0.0093084348359379,0.7585388239444807,0.5569770464909073
run_1178,9.004901756303617,9.21100130267831,2.567067144007881,280.5739924370947,0.2318918223835224,0.2070849294241379,0.1673522966044815,0.0503509437498403,2.016232977109505,0.5187069742587214,0.4508607364813803,0.0107474893803035,0.5117939446699957,0.9221030382508264
run_1179,7.3194348704093315,9.644360418368702,2.620335360376853,191.85924411455923,0.2900081876179013,0.0383958956333385,0.2919354923147619,0.1647772776229441,4.073646441091864,0.590597032770207,0.7519245701788551,0.0073990402815395,0.4354805133387842,0.9066680696979058
run_1180,6.166296378689088,10.049513890084954,2.408755760603289,325.9689343840181,0.1272276813325236,0.2443908374994708,0.2367053923023626,0.1615164810549911,1.67134268695153,0.5267406915037391,0.6994279220927644,0.0038481448896419,0.2162669533376995,0.8910505236394833
run_1181,7.4294151836796,6.665506600710064,2.494977116437314,297.7413173637688,0.3409900271224988,0.115979291237078,0.050352491434926,0.1062825308302341,2.422581019910499,0.6242765948025389,0.5484217789518382,0.0062607675754342,0.6094926492621724,0.3252586830902189
run_1182,7.47956143609766,9.895565285706184,2.6804311706682973,307.14800350300584,0.2525860166228396,0.0140644329707,0.140888082298738,0.1163918171897433,2.7273558019521227,0.2066170770355303,0.6614227227017433,0.005361420991361,0.1228358231675311,0.5168211139962062
run_1183,6.613867799935161,9.388473490750432,2.4030068373860556,135.2378630472439,0.1731761850830136,0.1112804271400401,0.2183909701010797,0.0562598468516395,2.2959604242783938,0.3670696817525547,0.3222887964902056,0.0079291740626979,0.4913324525138997,0.1018388643336434
run_1184,8.609896515953217,9.794750337196552,2.56306272678546,352.79280323962575,0.3767830671223348,0.1016594555916342,0.038160326859059,0.1975480487171839,2.4737394664148913,0.2312424079597235,0.6963825098266141,0.0023530049825666,0.7405710084947972,0.2342473214984824
run_1185,8.170230354055853,7.533876202725292,2.6939122645048617,273.7396224392261,0.1864731183410943,0.0360459163740168,0.1102589614514936,0.1287330971424109,1.4555248993933394,0.3408237463748387,0.7556006035591025,0.0086216928310512,0.147905151730447,0.3609437435226638
run_1186,6.520749043629566,9.0236735484658,2.676311936212807,65.82975568170983,0.1221961292709127,0.1616909771900427,0.1939402670481743,0.0753274182411173,1.856050896715186,0.4335848944854452,0.3778923619885231,0.0053239735300873,0.7983792835937294,0.687060043823703
run_1187,8.450754877684023,8.42766216531084,2.5491910382145284,92.07673336356468,0.1615466989012059,0.280908775532454,0.088536410661762,0.1397986293958208,4.361049465046172,0.5148645442944999,0.5318666002834768,0.0082433733762413,0.1475947081019285,0.2499209027438135
run_1188,9.02396021498678,6.875602807737447,2.767332247918392,264.1679508903169,0.2231528877816114,0.2172327393177685,0.2714886489398956,0.0628754050076211,3.482894961327217,0.6436594708052621,0.8410513230657974,0.00481881569,0.4844256885995192,0.7763214504179332
run_1189,7.850589908753703,10.37913154380401,2.473849359646732,101.34641303221248,0.1101557895018326,0.1799712201598483,0.0810928183068731,0.0709433774794191,4.107315730645529,0.4593034545274752,0.6511777565285304,0.0028578556079847,0.6902306724186038,0.2287815309471596
run_1190,8.69182485510264,10.8210489761128,2.7704266014389267,117.44802629001364,0.2089499067607403,0.2545983120421621,0.1006048458597476,0.0125034125611652,2.915763118915656,0.6251179175020828,0.715813561491768,0.009393490061895,0.4793608058366451,0.6568156239734666
run_1191,6.930966457136461,9.606240072462295,2.638255031001164,10.370433113461004,0.1586670684391734,0.2694951671196333,0.0327559311479318,0.081002060200477,1.9752526063148892,0.6228443981100193,0.8053770947774865,0.005549623269732,0.2050159911593191,0.0778648454105642
run_1192,6.574979979831511,11.394826702694091,2.6678524442714378,83.01673689334608,0.3565625542057532,0.2467632876240327,0.0518339126921443,0.087289463380345,1.2028290993735582,0.4784511509089152,0.6693643480800702,0.0064013535611167,0.4547676125272111,0.8704605859623464
run_1193,8.137798353841092,9.079036564472418,2.897288774486823,113.32329633047776,0.1431494428932777,0.2564324969079315,0.0843704232139069,0.102858591779429,3.9874550930092822,0.306877177837014,0.8548618160822681,0.0057049984451357,0.7124612654891359,0.8324232364384786
run_1194,7.682939511643784,11.132173694872352,2.4178112904933866,192.89290475111775,0.1410668897878502,0.0587698227556925,0.1030984900036831,0.1819350268153015,4.681201501143533,0.6093920603220149,0.3705254788980832,0.0096779362948931,0.7527932774178878,0.6475920450146505
run_1195,6.315792168351823,8.97140495605305,2.400403895141956,135.63081320494908,0.1767414605373721,0.1635631428915322,0.0765611166102918,0.1719782423616313,1.5395229163472084,0.522545717150446,0.8394823103129101,0.0086139465641681,0.2179895982681107,0.2191932951136684
run_1196,9.01784942319815,9.49925230944302,2.884169149454524,3.6091258073779633,0.1843529996535848,0.070529431288905,0.1270178540659308,0.1958660021302619,3.1575806848919585,0.3248311534579978,0.8452186770607624,0.0021412538110049,0.4614615406494945,0.3787371284347994
run_1197,9.55307660622851,10.935446202367611,2.651431698797591,89.14333515226049,0.2043520540065082,0.2592494770209894,0.0576746329066228,0.0781157588360924,2.1857332563991227,0.2060785959940542,0.5149724560393532,0.0076651831377733,0.6733006645411621,0.4720333855727691
run_1198,9.228034782247434,11.150568311236889,2.5969524226424032,252.01876065060213,0.2981987262331331,0.1547919827385227,0.139803537185857,0.1727313328475534,3.1318158139286902,0.6577850711208248,0.3746991619120376,0.0060261201942729,0.7284187034572982,0.4637195178369895
run_1199,8.893313295309667,6.752916196560016,2.775376919971335,90.13627347871588,0.1083033134047148,0.1785539237225437,0.0601924888116002,0.0886989224971885,1.0127404186376616,0.4736069389205135,0.8365327423703692,0.0052546015723922,0.7998494879171348,0.7537545170074853
run_1200,9.975095844175687,11.69568292624708,2.8424368889786367,333.04952917421,0.1905800571296635,0.2636182369887131,0.1908109624907495,0.1054703544354832,2.9406161027305284,0.3379096214346235,0.6597210705466858,0.0107078515848243,0.1070539250663515,0.173216075549013
run_1201,6.87416164461739,6.157050575432781,2.7915374612833586,107.6111904241312,0.2783643729529853,0.2053640693492879,0.1642132179874899,0.0118052077149178,2.0396575436685556,0.5370228959854948,0.4286983243437069,0.0076409621387474,0.2348506135817495,0.7874931315554407
run_1202,7.250474881549755,11.578045655420498,2.921617572103922,254.21598990965745,0.2928803648441505,0.1239955146061785,0.2092967384184454,0.1022938796916235,2.3172343714473085,0.6338994864097833,0.5143963998044389,0.0051751990594663,0.2073432943884743,0.5277985749940729
run_1203,6.705400167407111,10.195029861717622,2.7084557345006663,345.39041955115005,0.1283117886226157,0.1275799043822633,0.2297239701069831,0.0960313462456767,4.75477065979161,0.3183645955162577,0.654284017116634,0.0071125620228767,0.2967716435408891,0.1748032660992117
run_1204,7.455509974797256,10.842708186815408,2.708092828128311,229.1731936156052,0.3818793610627684,0.1950362420400493,0.1128979595096486,0.074209762944219,3.1438672190697527,0.6836311843082095,0.8458822984477767,0.0096483468853917,0.7509794959254453,0.0286781419150519
run_1205,8.844109833692821,8.865972840317498,2.570860639466307,346.8670414220499,0.2381967225379145,0.132806740736822,0.3201536174385803,0.0769693288930384,4.008154817246141,0.3985960791298993,0.506035315195144,0.0078197899594847,0.3920337162089271,0.6548570713585585
run_1206,6.046934071551322,6.383216563263286,2.4129940713459215,329.77877374959127,0.2906370152795806,0.235650983790609,0.1793496345535429,0.0654487060702179,3.4074495328787675,0.6604484225027454,0.6911774296977411,0.0066332733243585,0.5344222303612544,0.645501583354811
run_1207,9.168130791502008,9.004696072729846,2.8115599835956373,142.9180739985565,0.1284202723692254,0.1867752178704292,0.3348439656423181,0.1317711005700411,2.4118781979192816,0.4565266167997619,0.610364497850469,0.004851525079017,0.1978381158264388,0.9603135205592784
run_1208,7.903118175891008,7.755694798401979,2.8716736781832366,35.202283527849225,0.3927598573861858,0.1812248265793329,0.332287277424664,0.053499240529608,4.224754223943097,0.3835775155522547,0.8262546252369214,0.0095319467988357,0.5620968685314792,0.323002839692638
run_1209,8.118074804521358,11.978193458414612,2.9036564697751355,244.9524063171716,0.3754156589993933,0.1220701597070463,0.1432447265725567,0.0531746170798,1.5295117539422654,0.5948510668405462,0.606964077683358,0.0056553556870505,0.480152133711234,0.6399576848879639
run_1210,9.23828206909288,9.472229990517668,2.747933120230245,19.264006226034383,0.3851590398589407,0.0716473697558573,0.0687268656279628,0.1422036965365007,4.592121609767856,0.5464542740345851,0.4347378720094467,0.005004953527581,0.5802066715658328,0.4025758739492729
run_1211,8.926735268172148,8.750573154747386,2.7389505457384935,43.47473408517666,0.3758848306703284,0.1600498750684242,0.1997012284049615,0.0465100398806037,4.526844150910063,0.2415285601019598,0.4399204108895457,0.0113194676283488,0.5716650952278106,0.2823032247303433
run_1212,9.981974764859036,11.929386293931737,2.93437176095825,29.885611587554408,0.3310161659744938,0.0645073862917538,0.276390665480442,0.1108757993345449,1.8058136599733767,0.5718127675411329,0.7788282340649013,0.0057247761940168,0.4539112583622818,0.8378975468921444
run_1213,8.591691994171011,9.392823094567284,2.8426254092760317,215.55230018829064,0.2870336074587346,0.0287826000677926,0.2169828099165381,0.0222813193088665,2.46653018510293,0.6319204118882303,0.6169002962405539,0.0116332367699632,0.2528553500051655,0.1239900884588814
run_1214,7.588108618860515,7.752734140780623,2.826539668699661,130.3981801828211,0.3484607578703986,0.1342467316483606,0.1687813557233073,0.1611491128809359,1.000533177193956,0.6979521394451516,0.3042607275737717,0.007184911846836,0.7742265557708546,0.5938512492331808
run_1215,8.399884191803487,10.988505167329308,2.988008088929056,80.52775408155092,0.1070753372202138,0.053641879664101,0.2141881123435624,0.1481789295536785,2.6088028534585703,0.5146604487399147,0.8206137393519544,0.0012583040912771,0.3652840439506122,0.0436005817950474
run_1216,7.871751069464399,7.526958048196241,2.691626263053109,30.552204282706164,0.1842126426755055,0.1680733570392719,0.1381412900995933,0.0381155703570229,3.820722007728196,0.6206145505332261,0.5236949759465369,0.0106538554036024,0.2442125980197086,0.435426406673032
run_1217,7.881709551992511,7.1797957919416175,2.86216367507695,179.31686059249563,0.2183288383585529,0.2888292206560994,0.2081865857128365,0.1566805024499693,2.908200923758379,0.6837839155276373,0.625084413077768,0.0023914076575008,0.6024214923724601,0.0503605728964375
run_1218,9.04061319371696,7.244136508132694,2.52555548996297,289.76389825475803,0.1333257847362934,0.1705258124380291,0.3405094579399398,0.196727356396906,2.637536364286256,0.5922144711308188,0.8862574141456232,0.0105998799676678,0.7863917429526835,0.5103537857275866
run_1219,7.321407684067559,9.674022540155834,2.927395010675303,159.98941927816594,0.111550812003832,0.2689339024568013,0.0745592634716139,0.0150085386701663,1.1456423806472325,0.3433630531801794,0.4589794301940403,0.0049776526409416,0.431511074556131,0.3378934197105641
run_1220,7.0304031636235305,6.985915719277676,2.992373066946635,56.351450114223475,0.354716214341356,0.0982506089465873,0.09690818207532,0.0995577802401368,4.051817588057468,0.2185795230242913,0.3008721996908173,0.006164940873806,0.1494483941111493,0.6369516236584192
run_1221,6.9602620220160425,9.597768951401273,2.5643060619549503,263.24614204410636,0.2854209804011215,0.2257646217846519,0.2331168249231584,0.1280231969726789,2.8078934814596153,0.3697529582877892,0.4529787844534061,0.0067997300791879,0.6180442169833562,0.0904984209378502
run_1222,9.77112552956079,10.21924740382764,2.603542052907433,166.90810091645983,0.396540171686957,0.04831111457508,0.0371414847878783,0.0990316982082802,1.8827190753537637,0.5047392703520492,0.7470108255702986,0.0036412069789022,0.4449782643887011,0.8748649863158908
run_1223,9.7888220725431,11.898038116191527,2.617112949952746,200.5293111989857,0.3701004419320572,0.2388529058240376,0.0637754681668587,0.1604719200387191,3.996334002332212,0.6794590180013208,0.3702165925596007,0.0030674318124573,0.3540065683942652,0.1010395382506527
run_1224,6.944682918274185,11.699431549692472,2.7379223720065635,105.8075295825536,0.1513188336898494,0.0136177748519359,0.0416514111241111,0.0699389700625462,4.2026404522227585,0.4122660506912016,0.5397506800650985,0.0108814554969616,0.7768170832830821,0.4644394862538065
run_1225,7.748252752025235,11.240756672612855,2.4430113512425264,120.3538918554906,0.1610506332522443,0.2082862206195398,0.2922233214706731,0.1762578005654236,2.3981637625031738,0.2408540908847263,0.5481611453775773,0.0078110087828799,0.1775504098376022,0.7079713423213626
run_1226,7.380564512252916,9.318899211682918,2.471364989307993,318.7385876025079,0.1375401807719688,0.2477782917632487,0.2267127230569046,0.0774767921668355,2.3364579779025263,0.6536854545375551,0.749588088176669,0.0021860244185823,0.2898375430680034,0.6276280758501406
run_1227,7.538276494730299,7.187910023147994,2.731882034532789,173.46344651670796,0.2755242036983935,0.1478840210408375,0.0650479341420968,0.1673628760089733,2.5864143259294323,0.6725074233506616,0.4970679230546494,0.0052397498152155,0.7581245091406342,0.959242850387678
run_1228,9.255471065742896,10.031087184610628,2.748852893007387,296.1238024549958,0.3168145721690291,0.2045544989864577,0.2629985691268722,0.184808864919841,2.007737633560529,0.6014827233272217,0.576403769958516,0.0117406586585596,0.3557761908220581,0.3340678962038768
run_1229,6.160209619365048,10.181751924252318,2.8536378230011565,101.0288711604882,0.3665836434455101,0.1498101867774913,0.1950550745933425,0.0910400437739161,1.874779244831641,0.3926237587231206,0.3674044342260334,0.0110054766281645,0.3015710547507549,0.6252831607565379
run_1230,9.87845304468751,9.041062977265328,2.7989278571147187,315.13274115213693,0.287392961483889,0.0947834165120033,0.3015095639238622,0.1162531615316932,3.0177244038342117,0.4933014131100282,0.7505444155007328,0.009965643036721,0.3923043313983851,0.7581273877402226
run_1231,8.294966188050456,9.46779055513423,2.975786548427583,106.28669840932388,0.3126535337611273,0.0829335589899973,0.3138874545406238,0.0996224594331299,3.3722641561687032,0.335336145323347,0.8106540983733534,0.0030882500191259,0.7621713050611908,0.9599301506047868
run_1232,7.241284182134931,10.716559697241724,2.9506097163840863,16.943780223342685,0.3106008359331054,0.2780756279005796,0.2075370915166114,0.175920680913494,3.367263696072012,0.5166686046491098,0.6013972463355002,0.0071727804492838,0.5747327189789815,0.3013407482146863
run_1233,6.995762838162362,11.932265276138075,2.8380781810965106,272.41944807776133,0.2078494523989815,0.0449040642506912,0.2736609808573093,0.0528694579204987,1.992778138469663,0.3703824259418099,0.794868804548205,0.0111879124524304,0.4853062569859773,0.1591892923835588
run_1234,8.828106163959678,8.683884751396153,2.842998793074702,91.79491076741304,0.3770413907411567,0.1824149219951951,0.2037539809499374,0.0406844640384585,1.2181085726586796,0.4304565099923297,0.5623315923844031,0.0032677702249205,0.3595743294513038,0.8857355059541147
run_1235,7.142744915623689,11.636418221101843,2.869501723013524,66.2033012695946,0.156098449230297,0.1123780787341447,0.2363427667486095,0.152747131126702,2.7650210902312207,0.2537435420183022,0.7829206295419859,0.0102378368481158,0.7130178847628966,0.6327711778899391
run_1236,9.432241927584592,6.86126601041421,2.427204853523455,45.907280173102414,0.1511702598741819,0.1090454929516024,0.1630102212316119,0.064131164174884,4.940790021635419,0.278272837109229,0.8632478863620197,0.0101251024298106,0.2593478082422837,0.1223937438478324
run_1237,9.621230480359872,7.8870965243549325,2.836194125171567,351.5913749046433,0.1499531830454387,0.146864898692841,0.238318301161071,0.0507980337535352,4.626528093651732,0.3613733720325405,0.8324821211859017,0.0101128004862216,0.6927684198209086,0.7093387296631197
run_1238,8.121560642737641,11.028479613791443,2.520291935494875,189.2107180354001,0.1748617479739531,0.2859886339014401,0.2242858805602294,0.1355758433172664,0.9941065327497574,0.2454062064015155,0.4931312850715439,0.0099837916874427,0.2389495833365282,0.6608617936042289
run_1239,9.864687915951423,9.007634878168478,2.7176563078378484,159.119762739885,0.2145594341028895,0.0181853864006365,0.287350636345669,0.1698725481695596,3.4909112359996657,0.2972502689054437,0.6097245399281217,0.0084055979900336,0.6951320784067425,0.9790601645548695
run_1240,8.082108001310608,8.897876899452742,2.5271385018591253,52.53916246847892,0.1265841469321446,0.1722483933854519,0.3067908218211139,0.1236180472403341,1.300634651692807,0.5824311059515048,0.8236588309425177,0.0063380696274729,0.5753878873552466,0.05725167894947
run_1241,8.739157558339747,11.295809168692248,2.8086222579242084,232.59709396772575,0.2003894924452746,0.0264592802982353,0.0521537149327792,0.0943138002215449,1.6023463998508374,0.3617992694343945,0.8363549219293169,0.0105147415430499,0.3874407005095969,0.7126570804191998
run_1242,6.156795822240836,7.260071282159948,2.9047363790856684,159.41737802392174,0.1153652551223766,0.0964158802958867,0.3408058695618823,0.1983942691305211,1.963390906856112,0.5825386740469554,0.3093594213317702,0.0021929164327861,0.5827036093274075,0.9631182273671332
run_1243,8.13501790708488,7.2022643581848005,2.963013569875246,132.00979051341503,0.3123630544000937,0.1204428234270272,0.242598738754938,0.0931507137814319,2.9572542444955943,0.3877610158944695,0.7421982617940591,0.0102496553278614,0.6832197091129639,0.2527808642330314
run_1244,8.337774390103736,7.539656298941785,2.639085878239776,302.6621067998059,0.2245656303502686,0.1849227856086564,0.1975237107258076,0.179572757910583,1.9447331350992303,0.4675176988012928,0.3055554033819287,0.0094808864780558,0.3748966950939219,0.8683420350741685
run_1245,7.7856350288463325,10.529493142030857,2.6540462233679,187.14044861989572,0.3533079069676461,0.2015687183992943,0.0273570113600491,0.0185093734882158,3.43099374953006,0.4935310273017196,0.3656835533382618,0.0023021825775261,0.2688324847034926,0.4911488437859948
run_1246,9.64439768685036,7.498769126095589,2.7829959779740077,349.32806070876666,0.2785647857993384,0.2074394478358039,0.1723341846858901,0.1464183953689236,3.103808536426162,0.4457348514389198,0.4868187385445067,0.0040254321920496,0.2155926281316582,0.8927109300979063
run_1247,9.810678372173609,10.037708819841562,2.7624574057969036,331.69498078287916,0.1045065679033181,0.1793264506824498,0.1350733782823623,0.0925031941732588,0.8038994835026658,0.5724092682080457,0.3027656121735783,0.001917330765593,0.1833129999398053,0.9203522581806762
run_1248,9.06874655668104,6.39714339888123,2.4388587665273502,227.04203511645017,0.300438463458426,0.1826052445691555,0.3125340008743582,0.017922370396233,1.828155892567156,0.634732281708217,0.5900520904862452,0.0086471631277632,0.744025489137654,0.0859871297257144
run_1249,8.890911929605876,10.034243815700972,2.4937314780283546,253.66506167560792,0.3131896820301746,0.2378348915593163,0.2530234249367848,0.063478101984752,1.0467298865487724,0.3711845553786569,0.3942236188316992,0.0078321941642788,0.2522123593034245,0.7488783769354849
run_1250,9.009089559489004,7.4821112741345805,2.817567098044764,218.59776497366244,0.2197988068730238,0.2421962806504487,0.1238570851568588,0.131577143808765,3.9168498002593575,0.3867271843821662,0.8904545583386738,0.0013288341822778,0.1683936472455279,0.7798263451365487
run_1251,8.372780440346755,10.946197746455177,2.9485293108984147,75.59852431316155,0.3189438318313574,0.0555551735400359,0.3133622614296928,0.1875075701955959,1.7016946886403808,0.6743914476002915,0.560439876981683,0.0070972817143158,0.692920106648015,0.9800615309883378
run_1252,8.879157824434682,7.471902597376204,2.85639701159433,346.54404478523867,0.3101221207634013,0.2110800484455379,0.2420762339660446,0.0970427342715721,2.029099756083544,0.2977027365464204,0.6010389375641536,0.0093502966835243,0.5672685399680398,0.8414107386729345
run_1253,9.27339134044022,9.547954980649084,2.64521250679226,174.39544460696237,0.2388709856396123,0.2473968366585781,0.2645994162792984,0.0271797633080047,3.9302842912291824,0.598716376451167,0.3397911929996289,0.0045177989038763,0.2497607613559311,0.909970083286907
run_1254,6.504236796219485,6.417337055731079,2.984999226337436,262.5045832626436,0.3252859481488692,0.2734925294613979,0.322069571111275,0.1152014215602398,4.7908123735398735,0.6894071296227365,0.8294251593091913,0.0049132540104396,0.3264031989717832,0.8766638875525696
run_1255,7.107059826209241,10.559467195481908,2.6716235057241633,191.19684098941457,0.1204616800807499,0.0254381990953098,0.0804372459098037,0.1329289782384249,2.350604829981547,0.5531475769542014,0.4118419301554027,0.0060546123218245,0.5240586651597986,0.0388323685937788
run_1256,6.913661983120519,11.040006702146265,2.560843184593191,115.3674049646385,0.1672651369185809,0.297368626824423,0.2257336855200603,0.1085640120742202,4.063168183175182,0.6011107402771839,0.4395267973046691,0.0010696234292471,0.6389822180348333,0.3815273964443677
run_1257,6.667716401623981,10.894574843997356,2.4319365968616453,187.87732425662736,0.2487733872951943,0.1622335948623108,0.1546636322666174,0.1221467279779703,1.982631756368648,0.3097183103071583,0.4989898142914664,0.0109032305857626,0.3372876715163603,0.4017320138449976
run_1258,8.737495983467735,9.69418423772088,2.5762952030967483,72.96003858271267,0.1562622244955603,0.0276545410384981,0.3087347759237894,0.1710055906582762,4.630251540747332,0.639451824753153,0.3069555249901453,0.009229773440651,0.4339102080463585,0.0741450863447875
run_1259,6.203174737469927,8.862322707077603,2.6520125614445376,236.7375021142272,0.2625165040621248,0.0997802639617106,0.3303084052350581,0.1725544667478217,2.826500926136778,0.3350837149583862,0.525541233288126,0.0075937055983579,0.7499642049580398,0.7310643235893158
run_1260,8.17250264229687,8.157152642239154,2.414548978874139,144.92020564745957,0.3645755769529017,0.0485434925908744,0.3071792442550802,0.0900534115822197,3.432491709537169,0.2468004507534248,0.5870839777587173,0.0117210353589114,0.5518191197560414,0.2800762494748597
run_1261,7.097596200386929,6.972795183238956,2.868722436180303,264.3505880207269,0.2981098695624372,0.1535416683991413,0.3117550757163766,0.1780359497681229,3.699814583741701,0.4920653754693527,0.412436245502696,0.0020217726307375,0.2762808314918861,0.6692686734201891
run_1262,6.370972574511421,6.001006361193479,2.697123443385649,198.0932969016492,0.2697409089678044,0.1137814609992702,0.3308721343252764,0.1146598373745625,1.4639158790735958,0.257353459386028,0.3010098167164415,0.0047922016537301,0.1560250053773718,0.0062892022156911
run_1263,6.391146063093163,11.466320956512684,2.821018527923712,70.65915323116965,0.3521106773328225,0.2133994685554674,0.2174322669240147,0.0201384507226257,3.7630879508503625,0.5487451348401753,0.350406479216521,0.0099784208913485,0.2128788413788492,0.1515410619654458
run_1264,7.723296625202019,11.730615007321036,2.6184834570561657,353.79412263318204,0.1549338052153812,0.065394962133799,0.2440174013014345,0.1745383366056224,2.014174945746845,0.4353991032317887,0.8503366792519456,0.0043097764572359,0.7727553739333515,0.9016393968754636
run_1265,8.14009326674361,6.730574244385201,2.516407030496172,165.5080460292647,0.3847567866863706,0.1985472515212258,0.3094579121384455,0.144276535881858,3.225031055164127,0.6514094092354668,0.3387894020264723,0.0045582855607199,0.6674548554080114,0.2573481121777287
run_1266,6.559456328327252,11.034919534606942,2.6696355164511836,99.36689698153994,0.351701398144943,0.2406285754408615,0.3042722695204256,0.1732974914416421,1.2855657407640322,0.2432093190008634,0.4818200856418572,0.0100090517399357,0.7992571565769715,0.0986584970589536
run_1267,9.589068016016864,10.942376562437367,2.7194461275961035,175.3697662380999,0.2739750080918552,0.1315266315032271,0.0605137291251692,0.08812468753056,1.0416642386751986,0.3073155151237994,0.588437745634965,0.0086042852729368,0.6031382527073023,0.5928291634701948
run_1268,8.672107632349496,6.077241426467557,2.800377196115221,248.79991969356283,0.3247953487491061,0.0219064414200164,0.0826480006959761,0.1562970222400376,2.814679622664271,0.6718729366355661,0.6906200825760328,0.0011846727722075,0.1220025434097146,0.2148351272313768
run_1269,6.963213576380079,6.025250604558523,2.441917649852673,262.88094360236875,0.1570137931201651,0.0292235590992792,0.0361066199572351,0.045223254634223,4.6413172132054035,0.6971825823424099,0.7849260591619485,0.0119928486389164,0.2186264091774784,0.5788401686297195
run_1270,6.599575938678577,8.685321978694791,2.746420151365609,310.14460382728157,0.2904261481282413,0.2103579455798477,0.3234489065783605,0.0751525740438377,2.5790492651669243,0.6224700076826734,0.6990379416745515,0.0119117474562335,0.1180951372239647,0.6904300566398786
run_1271,9.58262946890816,11.82446303480702,2.6733181981281455,33.05408746300549,0.1697438876359749,0.2592895594358367,0.2288433311444276,0.0235063936460017,1.8869051089986455,0.5545654547096608,0.8192486802881551,0.0035080026039484,0.5104892235587959,0.2645850996861705
run_1272,8.261575123662075,6.387652476046218,2.972741624274892,52.94220463688224,0.126028642232963,0.019217822118898,0.1519395089413537,0.0854699485238196,4.236395318653874,0.6801909832196977,0.3601661528957392,0.0045344680311156,0.3762671374543193,0.6664017583599904
run_1273,6.209188496146555,9.339453803823003,2.9695360662968735,59.23871208408153,0.1040151208834065,0.2815212140161932,0.1575186823637307,0.0712369460963059,4.04516256351907,0.3787128200471016,0.5878441798829485,0.0075992367520723,0.4294797808789243,0.3365848759333627
run_1274,6.241960005906613,10.399629191334888,2.8831521889224567,182.0303542420824,0.3893387920102038,0.2765961269867158,0.2263723592999344,0.0811994462666564,1.6006253230049623,0.428158997554932,0.6483239736954343,0.0098985746010797,0.660318092457969,0.5707357570475454
run_1275,8.771058352301928,7.426084597417605,2.6612312831595784,114.79931490762417,0.1925876335648345,0.2597926940458978,0.2293068150930364,0.0247591328364174,4.409725012978009,0.504822217590066,0.5442361453876182,0.0093885084455845,0.4370468983469385,0.0187301430469306
run_1276,6.770173325576453,7.096203822977403,2.7518129021788043,237.74498196444003,0.1168472578705967,0.1717081681794666,0.2962267049757009,0.1108989569245643,3.3381875116511575,0.2788490307671235,0.8795695442442424,0.004156480455974,0.4482249860016198,0.552536427876956
run_1277,8.443695135147545,11.224553021404535,2.9785700782905615,158.5215412002672,0.1486693404021473,0.2634595953208813,0.146488225732523,0.0367444623142553,3.8433130607889687,0.6193247591426745,0.4749450714587946,0.007845430359706,0.7121006830652709,0.3492994717680334
run_1278,9.57407388073215,11.681357017217827,2.4746475733911075,69.31001929029136,0.1591075115372784,0.1136533606561076,0.2808124639099979,0.0674341744621023,2.14086634699639,0.6368753279633854,0.4020094885316645,0.0045629843638716,0.7531794276926614,0.7419971629458202
run_1279,7.946742779786183,9.070041966069905,2.644573888137165,318.7933267746949,0.3088369247341517,0.1166138391220532,0.2587962595285978,0.0206406802276287,3.697016341497061,0.3061456374744302,0.5725494367280168,0.0019438326894933,0.1403922268500709,0.4948251877051075
run_1280,8.52552011030211,6.678216015294613,2.6457216514560087,60.570675825699475,0.2501556778984084,0.1098447210118225,0.3379120509338741,0.0724228939171071,4.301470874293652,0.4670593706575007,0.7381761768505308,0.0117777614908453,0.1503708437032926,0.9635166280576932
run_1281,7.093544082066316,8.119517198809099,2.9546656169184464,211.20354834959625,0.3801413686824629,0.0290286890282565,0.1347641384686457,0.0543526994650574,1.4236774449319505,0.6349468878294249,0.4836826960515539,0.0032504431722981,0.1905305327375191,0.0547320374643835
run_1282,7.629519973419082,10.47335867027724,2.464810437856227,347.44447079572916,0.1053866669919112,0.2641216178058102,0.3227015428267156,0.1246432084412152,1.2143920094926317,0.2257653591296431,0.6006680389835211,0.0108251512691438,0.3532226531943866,0.2695355928188315
run_1283,6.819210533265784,9.813296193000348,2.6200706841212975,339.3438218957234,0.1894126429151099,0.2439501567782489,0.1278121445246456,0.0326051562616324,1.26870055407664,0.6125944975198265,0.4421210863056524,0.0037506742359076,0.5616778940326785,0.9535564169602436
run_1284,6.442796964203287,10.071070255178492,2.4021375583106392,318.04123312710976,0.3725528341036062,0.0509554230759628,0.0303754941656718,0.1016027675636909,2.869240109981754,0.6351683319045859,0.4355918909929247,0.0106894779506115,0.7350099628869943,0.4625684425465642
run_1285,9.743995306805768,11.26437607867864,2.670698079685379,248.70894568122233,0.1034287445718919,0.2862131192657576,0.1994213446630159,0.1769534883173823,1.4764969114984856,0.6581712905831887,0.4013589844144993,0.0042406046470122,0.7849541349263017,0.766819805229691
run_1286,7.50826930077152,7.785712363587717,2.690726524411573,251.20361295421543,0.3197348047742764,0.023177838350077,0.3167259802566755,0.0678679834752476,3.615140264844032,0.4957351072776906,0.7862799881878921,0.0109682076980746,0.3257784814774248,0.443800208243147
run_1287,6.918698760369602,9.67637397669313,2.4207330726466645,149.25017022990437,0.1523200977159746,0.2854017562507088,0.1392622807323059,0.0346116263087278,4.662761153004897,0.6752060221912097,0.6529325303747747,0.0022503379954358,0.2500546288284679,0.0090134992589371
run_1288,9.723541347497385,7.8782659424348065,2.4532724457727424,316.7999002503301,0.2320685066389975,0.2179838985494419,0.1823212284551036,0.1713536464923453,4.2480023282974795,0.5327682966101734,0.4858303935627224,0.0100405065784441,0.479785399484229,0.8899395432638165
run_1289,9.419805034321971,6.004394972718599,2.587312534731658,41.48802734986954,0.3578606511929332,0.0956568909789647,0.2180515868001701,0.0885631618132276,4.155551078611214,0.2957035809234931,0.7061761272818836,0.0072455898017346,0.3446971197385008,0.0770896203365599
run_1290,6.416510486287905,7.910977771794194,2.919340288191973,23.50863016344806,0.2531902543368214,0.2002795967907527,0.2375211528330769,0.1220510374894794,4.741855019986214,0.5484342378424796,0.4596854916455996,0.0037667307192838,0.1135237790885297,0.7098061831636542
run_1291,7.407094874981583,9.774572882274992,2.427768214583479,128.43247572791867,0.2862666523765345,0.2562116899655239,0.2557674924499798,0.1915829758402623,3.280182823849935,0.2095782505583131,0.3669122683102442,0.0041506115527329,0.4922710899075839,0.1685574087681808
run_1292,9.311160251216748,9.010886526887692,2.8059736993930846,250.08654138116952,0.1966983892600349,0.2023573102148048,0.1784961376392762,0.1055579985238334,3.073817936748112,0.3571156174295993,0.7773654518543165,0.0077956952344356,0.3648158265201449,0.3281747419232347
run_1293,7.571685492272239,11.101857749026747,2.832237559129141,51.002703677820975,0.2046831453977626,0.0389350656911576,0.1640031204157224,0.1228758008329265,2.2810784423195054,0.2822642842197465,0.3480960364778241,0.009880579457008,0.78311889664112,0.4779717087981706
run_1294,6.55344482476658,7.85358945393346,2.8075892325666776,88.25353593493453,0.103796194896368,0.0766538658677422,0.2238173602397748,0.1576094067008688,1.3743437488910786,0.5316224795309424,0.4763096109483244,0.0019280729271206,0.2844571489376064,0.1652314382444506
run_1295,9.700875846736846,11.393976617728896,2.625245447765509,15.055808046872396,0.1106551028886222,0.1052395899485283,0.0428257154219093,0.0339409350855904,4.282889671851096,0.2731703980561324,0.697609692323854,0.0071462703374351,0.7016648928179255,0.864958402476004
run_1296,7.712418904158965,6.314162740864611,2.8311579992007028,172.46741033869506,0.1136726165712965,0.1496543291236611,0.1150708042801477,0.017111471606062,3.0405910045536526,0.6216648086890547,0.8398514790424167,0.0094023355850459,0.5309402275731261,0.664138778261116
run_1297,7.678056150997772,11.863798280728505,2.476564281701757,77.62658400526675,0.2597516875724137,0.0536778257885746,0.1718539191387608,0.1864135491220828,3.5132668510755947,0.3188209827390388,0.8010562180116192,0.0032011371571506,0.1445424836185024,0.8546242627657079
run_1298,6.374141083630453,7.7732576661542145,2.8414862319762477,191.51442692574608,0.3428441977609756,0.208440237437144,0.3165518158263912,0.1947894769334715,2.852950781879417,0.4664245970936629,0.5008480195666706,0.0051094210123622,0.520127226358113,0.3854300970931702
run_1299,9.787275532112684,8.545333722254426,2.602338521270614,260.310485876384,0.3452601742354239,0.2528604328513446,0.1734885337665687,0.0388427450934892,3.6070775640289527,0.2616479273762604,0.7736877836314155,0.0035406369270141,0.3149565734827221,0.7934487091079441
run_1300,6.55435184977601,6.269080463994591,2.7365072329890334,100.78186553493718,0.3813980104927775,0.1378384831517754,0.1706267545027272,0.0440176042308688,4.691170670332127,0.2154922729840486,0.4085523598139609,0.0065837854060522,0.7057782910318918,0.5063845948128027
run_1301,6.142222114604217,11.007375152883723,2.895098913234174,38.85047751951333,0.3676928276215523,0.1481507542761069,0.2385783250929504,0.1510959065498528,0.8459015191837632,0.2035255110417732,0.3991611522278449,0.0056926274678002,0.6918319268370103,0.3848197094064903
run_1302,9.057970438104606,8.847844545805692,2.7161761647089304,110.27910855761525,0.3083827376979042,0.1229913998606272,0.1014334529366894,0.14084406803931,4.6731324142172825,0.2650896810102483,0.8491951036079877,0.0078638450886275,0.3679453609525644,0.8904772701742049
run_1303,9.317062265209753,8.290607763069811,2.8031463835388206,219.27883290653355,0.3053943685987135,0.2616388667665983,0.2672995398557302,0.160072717224245,0.9485497323349236,0.3517041410461119,0.8917366680636656,0.0018128705354951,0.6225958865475595,0.6443478451147581
run_1304,7.739018137979528,6.103411467705209,2.528007706035769,10.847084468207456,0.3301461890595649,0.0172846824009079,0.0403390379236589,0.0351312826822353,1.8637572740972608,0.3258208663595954,0.7513868894276834,0.0111340950712038,0.7754427151082723,0.2666601847718393
run_1305,8.09384615050153,9.609028463517358,2.876656878726849,46.73106388869869,0.3867643329050653,0.2558778545717323,0.341335101346988,0.0816567580192898,3.109628826526376,0.4831840358644551,0.3179696381729188,0.011046676970007,0.2645205653898238,0.9563099455086584
run_1306,6.7224453233919075,6.457614888186,2.700465120094706,230.0716852300794,0.267995977081964,0.1786545914576146,0.2446211536266149,0.0427416429174075,1.4511956466029865,0.2781650351620566,0.7686066907934742,0.0104218500392539,0.7218562268757241,0.9423296986400882
run_1307,6.356375664907966,11.975413169753208,2.4792804145307783,67.65675279353846,0.3587191591709882,0.2100274266576096,0.2949537942193923,0.1224097542788626,3.7555212632282826,0.567681971831526,0.399475386640757,0.0096831458215337,0.3501530439012358,0.6173383879896508
run_1308,6.178802304577933,6.416377215334347,2.5694872291442445,1.3153581626761508,0.1361467290399091,0.0954092362014104,0.1929680786045848,0.0126593747696296,4.02164237084603,0.5258500488666658,0.5205547823115477,0.009330107364064,0.7827260363409451,0.546672405278476
run_1309,9.461187998250216,11.056331374205936,2.8169166531365657,267.06012382678847,0.1722876713855167,0.0354067010619258,0.1204933117406167,0.057217375081184,4.069154506469351,0.3228812368299326,0.3557083403398385,0.0087731834104379,0.7843170719281329,0.9437564946347412
run_1310,8.039266144885188,9.123765746042809,2.8469425634867807,24.912096059121815,0.161839956330959,0.27531095590635,0.0486184488572314,0.1444501535162167,2.7359534250780837,0.6824190231289151,0.3580781081856197,0.0013917322343161,0.5208513732034806,0.7752752192634315
run_1311,9.165362455102658,7.340987815898325,2.8133939339727108,305.0567196793675,0.1889324964091247,0.0323126599434309,0.1588020548110891,0.026092481744294,1.1716059785701818,0.6238515161870499,0.5930562544217899,0.0094844252584585,0.5560536106491164,0.7347389973183898
run_1312,9.525931623973277,8.662957025394963,2.450498730552349,336.73957238076565,0.1487553326144562,0.2923983324138058,0.1519090733126542,0.0377836462143617,3.935980001788861,0.645636002205737,0.8388215487480679,0.0044270393730789,0.5591513639743966,0.9859600259163278
run_1313,9.949375382005138,11.038175602013196,2.6998195214057055,292.2711042420495,0.2522573349179834,0.1324804369010762,0.1379693175916335,0.0198959618828444,3.771293286460253,0.2959418617719548,0.6329354425476149,0.0033434419177577,0.2542271132766214,0.8580817643333043
run_1314,7.061043963995646,9.889628342867418,2.755528973592722,248.140637746705,0.3785882722124154,0.0992584652622403,0.2350959461678062,0.1808999559945227,1.788662695628345,0.3135694329909432,0.79128790508397,0.0061950024083023,0.3159143432605188,0.987688481200106
run_1315,9.490393103579196,7.576125950267987,2.4423046157754524,334.7970585495277,0.2565976495259124,0.1843624991875483,0.1315567086904324,0.1790347815114916,4.922734258677538,0.5742243910228042,0.8031247985391763,0.008518335423842,0.500509058625272,0.1193077496168713
run_1316,9.07866512157438,7.0707070910351675,2.7471188759041683,298.2712664988288,0.1554220898778736,0.2693311102425605,0.1357218436694802,0.0423398934496979,1.8425585522096624,0.5111027022127785,0.5229424109483465,0.0078276391327123,0.6067314579758212,0.7120430439798103
run_1317,7.987568078762834,9.533504514915627,2.918100882651281,322.7015849949985,0.2439849859962011,0.0439935089544239,0.0900280810166528,0.178714228681613,3.2622707812320417,0.2167328744148857,0.3418713926646332,0.0075046082192917,0.3096020047036534,0.6570344894882849
run_1318,8.448730226041095,7.086470831098265,2.4534282166412456,4.692566640422072,0.2819877828075446,0.252540492494291,0.060290298449436,0.1640405826234092,2.7419295267641637,0.4279035565475015,0.4256096329407681,0.0038574358777799,0.3989765327016578,0.1612575663290787
run_1319,7.263464282843819,10.079737790775962,2.667043273173861,97.30487365078028,0.3916837116181938,0.1342992603723162,0.0381869194444219,0.1303164412337424,4.173372027549003,0.6896902108248653,0.3903194796163302,0.0027678764330256,0.7482981382883267,0.3919428934728237
run_1320,9.680726158095284,9.24789315065279,2.9575649811074465,248.4572108341784,0.1751805508685187,0.2065693420404414,0.1894705990115118,0.1478241959211018,3.165517913710149,0.2387121836299163,0.5351132250682817,0.0090305752369183,0.7915959551283738,0.7850421944056772
run_1321,6.6433431959321725,6.726912613740369,2.43087248451167,325.6845711367794,0.3035635808080352,0.2551144957208169,0.0358286552565289,0.0238896101260908,3.637703276608819,0.6959705768597695,0.577000289538937,0.0036033443928465,0.1928368275914241,0.2923418465674298
run_1322,7.965197444036718,9.564119885830394,2.9833279629237666,358.8284691041223,0.3368519725461697,0.022726714143375,0.1243853352521154,0.1049278110616484,3.0980024887793,0.6245083248392309,0.4912037098977591,0.0015482779776471,0.3256108218115309,0.8309551435379916
run_1323,6.076152559483356,10.50261399593176,2.595436288882777,78.04774887756886,0.1809798664580451,0.0917375161232244,0.2421595450349155,0.1938220311083444,4.857271421979962,0.5292727260955075,0.776974619566102,0.010983224055484,0.7673350000735082,0.8179662477757371
run_1324,6.817387774331416,8.607573337517348,2.6602002505643494,23.17705927187933,0.3910421235285145,0.0808023659383959,0.0996292850284301,0.0411086376165719,3.923080214130547,0.6673396594455108,0.8774623802370767,0.0079310435920673,0.6574366811632344,0.8326474826409014
run_1325,7.046649736587816,7.04899226243689,2.4596514949024533,90.59490754417077,0.1246226464970381,0.2776934564590445,0.1365356929631967,0.0561483963093752,1.809435959068664,0.6920613430797651,0.518576743821088,0.0065784712641984,0.7165916925025925,0.4269968408767317
run_1326,7.586793019870687,11.365197250934685,2.629911733595166,236.65172658556168,0.2156783393574532,0.2117693173083695,0.2478261119647899,0.1065569461208842,1.7504262512889153,0.4635800932883398,0.3394275067931964,0.0060846910887663,0.3115230038159283,0.0349570305118165
run_1327,7.384179477821289,10.561994753861754,2.8823325921109237,231.16107665561833,0.2391653167169361,0.1873356134046358,0.2223691699619959,0.164156820681177,3.8574696633474854,0.223239548955659,0.3026714578316579,0.0114884723194415,0.1541355185072079,0.6343447727999496
run_1328,6.917139816509123,8.981301231230276,2.7329811776526167,348.1071907449684,0.3798726780437043,0.0244540945186039,0.1791884512918399,0.1765003138067566,2.396163337677939,0.2479345992476176,0.7070494802048962,0.0022228437306084,0.5667281916367138,0.1059763729920953
run_1329,7.744424385337667,9.909853971084438,2.553006810491478,316.45110480847876,0.1383123627559562,0.0145405269124308,0.0961084551411021,0.0795505956172797,4.163039101467081,0.6566686121684162,0.6734971525524271,0.0035982745262926,0.2489160981383198,0.8365940614110684
run_1330,7.225625990747387,11.826553796196457,2.4734954149169233,92.41428359201404,0.2119904721398132,0.0763619295244053,0.0480045894053354,0.013873758808811,1.1692148061284902,0.4837987232789996,0.7169316725099308,0.0056324466540302,0.5533510238094451,0.0704832997921465
run_1331,7.028237855159625,11.10663193460972,2.894461179825173,9.394345610600574,0.1779126170156387,0.0759759597743012,0.0995583877771724,0.1564831280865605,4.853621248308004,0.531426515690651,0.637917530032821,0.0066848456411288,0.6483332665445247,0.2365533756877025
run_1332,6.943715913082777,6.185433043036819,2.535099647744139,331.95913181770226,0.3662751678262023,0.2627014832911303,0.1342191565695279,0.0662770926876396,4.550971241320281,0.2894828695149491,0.7609929316992045,0.0058261132480853,0.1025980650385962,0.4844504642229632
run_1333,7.852922683510796,11.701003540700722,2.7832915214742706,34.10986693602949,0.1577061150367534,0.0610587774605785,0.1719651289264128,0.1285076289798671,2.5389168494056573,0.3018337671190849,0.5489160529675382,0.0118204703580534,0.6785634317901714,0.5689882208720364
run_1334,9.802746817985978,8.885529495117341,2.63315506214668,274.02467678466456,0.1423094515760545,0.1962279112099959,0.0308472019298618,0.0343665163847819,1.980402297066406,0.580191924248957,0.518075131078746,0.0088500406167192,0.5166741220015714,0.2124762023693026
run_1335,9.105440169535122,6.455019754057071,2.972499641556604,128.61511196027206,0.2610269214510158,0.0786130424635587,0.2633422572214935,0.1349561055895503,1.5720281296598595,0.3811454074881133,0.835033229276049,0.0038781739425735,0.2767691816586852,0.5008654944187209
run_1336,8.703792509560715,7.726713624231982,2.4817359852003547,329.71895935127293,0.3775164256339053,0.0180041671826974,0.1801072796140656,0.1037222439263616,4.42661444336092,0.5526157775668059,0.7081212758713729,0.003283096025202,0.7298246156769888,0.1884213112886609
run_1337,6.769639886197553,8.318520397744429,2.803818439537783,202.17718993367515,0.235176285081052,0.2797231371397725,0.2617469593705791,0.1952782931986627,3.3794208929037035,0.6529437945730172,0.7963528002689283,0.0034383566301373,0.4328859322470806,0.080944787244535
run_1338,9.076215613691986,8.247232755100217,2.752822917049553,59.57912971942107,0.3386168501840868,0.0335347694407763,0.1490977172855893,0.187169197087306,2.537197821630847,0.4669928519518836,0.8680661936016205,0.0106362883315008,0.5012959185107726,0.2805440563572985
run_1339,8.421181991508142,10.486959941672694,2.8514677851592203,30.175543636375103,0.1741994520264967,0.0875972500780333,0.0640130137841899,0.0153179166418534,2.964893661537851,0.5833391928832274,0.5314545771335728,0.0119268671675072,0.1902090325290993,0.5493876627052408
run_1340,7.960949098261484,8.423947560190538,2.404278334687059,137.10593015857967,0.2683859752823146,0.1064935774313129,0.1551281540645567,0.0855360482484947,2.0312676041641256,0.5805324259144826,0.4045573648184207,0.003483621467481,0.7327170001010218,0.0862275798193962
run_1341,6.312813672853364,8.614740229868875,2.8793563852319064,309.5508411967868,0.2361978622735724,0.1678587248786664,0.1794431266662985,0.0883792074457054,3.3700264167275824,0.2074861338673681,0.7229111066136387,0.01120163761266,0.4900065683510871,0.5694971254177367
run_1342,9.488038265815456,9.738432999974211,2.4901527988223773,221.0542304004348,0.1599057911001014,0.12803090409288,0.0871922752422709,0.0432502939164513,2.561521480686544,0.5881616454080902,0.6300194027758981,0.0088574620174311,0.2077265572680255,0.2239702564472633
run_1343,9.003702083580556,9.448934329679036,2.8708736303842595,126.08235879580435,0.3211279618008209,0.0208730548467763,0.202313318628675,0.1521601613124128,4.714911396077603,0.4718107551948231,0.8769290391962079,0.0034359864088514,0.4557499696490753,0.3325454852358026
run_1344,7.926561587371923,7.93471024526551,2.599315810706736,305.4960214363438,0.3983087707320542,0.1589682884809225,0.2684509330140234,0.0655252326391887,3.445592206878225,0.4276125794694708,0.7207235988200535,0.0103532843097527,0.5701621341814154,0.0227833335526558
run_1345,7.624245189824691,9.087625123597464,2.987158568440245,14.305306193050807,0.3681705478269114,0.1254599588362293,0.3137513002803683,0.0785408303810654,4.231288743928889,0.2658678953281607,0.7320942233492613,0.0056176944096446,0.6616040838917061,0.1524386030748629
run_1346,8.055396300789404,10.363667178838243,2.639140931358411,337.518363617579,0.1178569629846988,0.1651354617639166,0.2908018657431688,0.0524210232727184,1.544152337968781,0.5495743003776001,0.8727641951134144,0.0015857726940446,0.6790551955066806,0.1565197146554742
run_1347,7.937519943440421,6.0815887207713475,2.487386454589693,288.51478382938893,0.3776610262460923,0.0877409733573616,0.0359233304939042,0.1167679565095434,2.366306691884705,0.4973292003854503,0.3383678189954462,0.0018298767641675,0.4197599021865661,0.6014973110556121
run_1348,6.262557033194368,9.469379379020475,2.971476547755236,38.24215510527678,0.1416918868190684,0.2163247490646302,0.1172211117441003,0.140577516791201,3.5229881109769243,0.474094557135422,0.6490837924792036,0.0067002717168154,0.3879275752719101,0.3771425165176705
run_1349,7.756841427765081,6.344519869359473,2.4381941193434464,277.238891533944,0.1932901188898066,0.1089465557136813,0.1963090551808978,0.166074107974711,2.570506529918557,0.5876463003034368,0.4350786480536704,0.0030740552258424,0.1490036269971954,0.0472080374679843
run_1350,6.798591452142993,8.804244900977647,2.9060129860883444,348.3268615031575,0.3147402634144521,0.1941757470766079,0.1473542780176374,0.0745792659249296,1.0516428024131628,0.3201182331325743,0.387275840835733,0.0024171087125941,0.6918548142115524,0.2706028914316498
run_1351,6.76247881717416,8.024594655901678,2.740390632268025,106.79749416516827,0.3636967562144135,0.0203770734088084,0.1031741041592513,0.1153471777183445,2.6628968553887176,0.4777013695938697,0.5438432678329969,0.0093754251022268,0.4118740603711939,0.2486981275028031
run_1352,7.492498422109406,6.169900777181746,2.608538024719208,249.9152513155353,0.319360024760019,0.0171409134474486,0.2005367830737073,0.1555702229606993,0.9887502891394488,0.3912833183518167,0.4973217302651744,0.0057135209321291,0.3609650722238809,0.6534400013512005
run_1353,8.731367826994822,9.280279397269195,2.737682566128539,238.3508372959855,0.3353976690556869,0.1317690496679874,0.3110749363379434,0.0442201844599811,1.7473284091217396,0.213401263916273,0.6309226605839546,0.001868802167972,0.1512131580792371,0.6611090076275788
run_1354,7.949149717238716,8.063967076572244,2.596293889451919,184.9783384363432,0.1920772280567961,0.0160672192274052,0.1340750108409274,0.0689771980046998,1.9098833935739017,0.3862574026600858,0.3369723543906395,0.008531990434932,0.3843651036265816,0.4764163362792267
run_1355,7.78910715284997,9.66856530103828,2.8181749253654305,238.66035529752733,0.2223090083265022,0.0523119348174995,0.3335632313538139,0.1846226225586008,4.659543772777208,0.3740735912215228,0.8581748999213559,0.0080093150614422,0.6582418256049261,0.0789999903802417
run_1356,9.166365502911962,8.14657367652447,2.601878607919065,134.0381779014257,0.3739740468345625,0.1117703534458571,0.3174112200831611,0.0729347686816154,4.463234046150677,0.6397974345486861,0.867776166355984,0.0028706129198434,0.4687338641864815,0.6792714255178928
run_1357,7.824688628603192,11.791147436354024,2.678996569518372,215.28316249375965,0.1706585959620783,0.296334213538338,0.113634230207223,0.0939068039085089,3.6939670175693937,0.2188535233399688,0.4502943179601185,0.0063477562712885,0.6634674226758853,0.1231644111132311
run_1358,7.576825144795938,8.218077991116257,2.7770432226903043,52.83115022469385,0.29415730648083,0.2483364575278449,0.2956954862200187,0.0267938453298058,1.9195981649948697,0.2883838641199262,0.7324016779869071,0.0011346681112471,0.5127080554618441,0.1802457525664263
run_1359,9.401813349374155,6.545406045919401,2.557196020375448,323.13032562904925,0.2847005090750039,0.2460949157218723,0.0724963092118618,0.03642667442957,1.1276273640434538,0.3998366321675223,0.5927243203191119,0.0071649423547678,0.7962935882250619,0.9911146214693596
run_1360,9.344876856571595,11.219089335695834,2.670384079545628,168.21936495070747,0.1655070116348061,0.1850380427492365,0.3178938156980682,0.0299230724402008,4.31050993089793,0.2858570837211538,0.7594731229218024,0.0063671171448502,0.5708863355236629,0.8596554449669739
run_1361,8.453999782407433,11.53338939205172,2.751126851556035,343.38022847023876,0.2464991903111443,0.1173989394620622,0.3279901341888966,0.1269628657115083,3.142615045259105,0.5375015878233297,0.8302871523975701,0.008476154057591,0.3280078620150133,0.8156188556894388
run_1362,8.65422327086198,10.93946495012064,2.672551656237246,275.59031057461914,0.3005599510641055,0.2531654354742089,0.1232870726637657,0.0337496609712546,1.0846816483656463,0.6650666649591599,0.3041781431969613,0.004066945191023,0.3377964891831243,0.4933937262874744
run_1363,9.028537716004443,10.202311387035074,2.9919477983954357,62.21731079921798,0.3691602027328904,0.1653610976689705,0.1159518274085723,0.0448232881957381,3.2195234565070265,0.5548629139285934,0.8558833239117518,0.0112755783223999,0.4936861416257714,0.3362569686182465
run_1364,8.597062922238585,9.307540539214347,2.913890695798102,22.630970066543743,0.1011923896790921,0.20757483127812,0.2072240327818159,0.0980978629580576,2.431564449192315,0.6487202777237587,0.4576015479664011,0.0117495784679274,0.33945830579712,0.4868974289163928
run_1365,8.071759315424847,11.779913927561587,2.8987088798595018,97.11252589655604,0.1709352110100853,0.0533446626471056,0.1469273747855866,0.0193767880199154,1.739394086810864,0.6624262712792308,0.644605561736447,0.0084018460189772,0.4335556990634669,0.3174919648549532
run_1366,6.381745495132277,11.592491129457176,2.558958551479782,336.1894745594506,0.3747605822547584,0.1830289370905726,0.2865581798085685,0.09048014415685,4.660330402888949,0.231367224667198,0.3425252814673142,0.0102851416965475,0.4577469033060669,0.1950818587444457
run_1367,6.385896572464777,6.246906123951434,2.4945888184091154,166.15024640281868,0.3612604782449906,0.186350979709721,0.3016255218187236,0.089621520937737,2.997244053136341,0.2392868863658166,0.7585921273958889,0.0075881330656859,0.614372826787874,0.5570924741555774
run_1368,8.915736700044643,9.049086164462114,2.703903733183445,79.7588973223568,0.3031493225007507,0.0426550686026099,0.0790935725762143,0.1642326107925612,1.1537829839111269,0.6783043260600934,0.5678152219962866,0.0085509143309245,0.5243056601550945,0.2742537029352143
run_1369,6.180315411880563,9.184555530919384,2.5911461187662432,208.8885896996727,0.3080825952235265,0.0333854919490566,0.0389317615871882,0.0978456071591167,3.65621168940271,0.6081922482180925,0.6984907498331216,0.002753701839274,0.7020856945700629,0.2493883550752103
run_1370,9.862811869254497,10.30030726953679,2.9213389457240897,94.59154740219738,0.3524681127961836,0.0312163232445179,0.2643636936601464,0.1542304673452053,1.0737487435879638,0.6871091994839611,0.5670187714061914,0.0050176014260945,0.7855090645302775,0.5715827532103155
run_1371,7.20011951116216,8.299563249324299,2.5184588284429164,326.9504928927218,0.2881388676607107,0.0646108227679383,0.1113284696856457,0.0792995501224489,2.2147671521261394,0.4683426196928892,0.6316833157303451,0.0071556724597282,0.2116489219902291,0.3235909109420233
run_1372,6.7193868494449385,10.01712112030956,2.9709722505397127,311.71661274874214,0.3887531801261903,0.0918525608141604,0.2858900248829444,0.108618595777261,1.1844713535582885,0.3390757793739458,0.7839064651081313,0.0117066912132972,0.5556186821954593,0.7484853716392764
run_1373,7.617307310123044,7.870192099970064,2.793508386285025,92.23566835371622,0.2709927421371755,0.2902336567956263,0.3105534492026968,0.1945750889482818,2.7052988413431236,0.3323091722217476,0.842529371547265,0.0106971265184581,0.6810159027707211,0.0819826612585231
run_1374,9.83664183395186,7.0282884764925795,2.4601775450072987,99.96783222914824,0.2480931591594512,0.2995881723151875,0.2543353746257789,0.168956147095583,0.8932419504813452,0.5642207352290696,0.3914935709055344,0.0075200861932309,0.7227495606332169,0.7809455672057793
run_1375,8.53914140810425,8.276231467809733,2.7427298720849587,339.7697095045637,0.2948197798749349,0.2293843630565077,0.3093227521720006,0.0418709645960648,4.832148660925693,0.2546931309962784,0.709646323480211,0.0098848842690603,0.3839727703200993,0.2688357168245627
run_1376,6.31780103636102,9.414235931279451,2.708114173371344,54.10111839511555,0.1366629137557123,0.2960807911729745,0.1042923274583187,0.1019527165954964,2.684248632738817,0.5241931913772276,0.7955446658331078,0.0085129541556698,0.7341919858595043,0.3122973081238325
run_1377,6.204916644138645,8.464262822454696,2.6143626266456454,26.01727897101429,0.2347370286722101,0.0846330123304829,0.3314363708545735,0.1008338392021369,1.7036525460037963,0.5133807833877293,0.3086173785523398,0.0052287487999923,0.1878369025811375,0.0335738173210043
run_1378,8.128813228997206,7.061862511521264,2.6015524237806313,224.2296784317324,0.2376605392618429,0.2481554833065629,0.1710225904112321,0.0510511894225951,4.574289237528724,0.5337723168576725,0.6618411544124522,0.0026999324697657,0.7548569959923991,0.3763441517809702
run_1379,9.015580638792294,9.044504542913351,2.468811573460495,230.81742599432823,0.3288868243758684,0.0652709446184737,0.0375477516886404,0.1048452949763454,1.265285213793114,0.506461585677906,0.7600483223187204,0.0060041245688745,0.682538257425219,0.4278450176348385
run_1380,7.095505387475392,6.205676845860135,2.8930257861599222,283.79385646819713,0.3175054594898293,0.1194741448427908,0.2323641600845022,0.0647199350152991,3.4035449049288067,0.2632509121937864,0.4086815713872859,0.0013979552589555,0.3142958674917007,0.2247958519064903
run_1381,9.376431580537348,6.806535395901245,2.681461832283781,7.030885197616003,0.3476713469724241,0.165477749161771,0.0885941511866112,0.0822454962442944,0.904170031112974,0.213533586602285,0.7822057624276056,0.0109581080482734,0.76122532289866,0.5849729481229808
run_1382,6.592373761498134,8.442567893481767,2.8250314411760034,261.53321911381585,0.1420429438066705,0.2567610186138777,0.2822381464590078,0.0740291276677019,0.8058174368393771,0.2797394844006818,0.756665203279365,0.007272317174793,0.5022030479129089,0.0340186933146635
run_1383,7.618779770279249,10.856304739489149,2.847572205167761,221.42407301190372,0.2696132330117472,0.0720754398574187,0.1273947782650626,0.1365753581248343,3.3964316087767923,0.6762622933828683,0.8589731954694646,0.0045822419502585,0.7630974907367936,0.5392580007771316
run_1384,7.889222157803337,10.97416103693892,2.763408564236042,233.49953455420973,0.2021444200397376,0.1518313981861894,0.1401446337766652,0.0302599697643924,2.190115946838876,0.3057765317041785,0.3889020463231202,0.0016684837456502,0.1352437546653464,0.0618444879287756
run_1385,8.297393203751048,10.160606922441763,2.748160857138591,10.178372456255868,0.3889882095011064,0.1798380513355647,0.2782692800848148,0.1762415446469008,1.0481106747931412,0.4011437247837132,0.8506034143037142,0.0031453855700492,0.304481404713997,0.2347306005644109
run_1386,8.57890995548565,8.859451406888725,2.6730529103120726,73.94784250821706,0.3450060248377723,0.0909294712295269,0.221656962543111,0.0474181519784503,2.256485045073093,0.5031204417238476,0.6500226571336343,0.0067217627533794,0.7361333207276035,0.4228512456456735
run_1387,8.517326270948733,8.42442999493498,2.6430401400583547,295.9537723816657,0.2150629196768226,0.2785469155562411,0.2751700779644982,0.0648058131558767,4.61821985088465,0.2790916420178983,0.8044858448429313,0.0051031345676605,0.1947314601790537,0.706546183010667
run_1388,9.678814831103882,8.915890074047772,2.800541899467576,218.74280184445405,0.1098036268680505,0.2727958848646888,0.3439519392324434,0.136424623817726,2.406438737900367,0.2924614656342366,0.358399055620711,0.0107980260130701,0.4314042170048758,0.6522212139098633
run_1389,6.411473359757577,8.408238116625173,2.4681156167377782,271.80137798210905,0.1478782842105098,0.0861171131627936,0.0349565973470366,0.1515330495554791,3.524604635241186,0.5752765715926977,0.4801859413104767,0.0108453913707321,0.4893020697239313,0.6098494940933211
run_1390,8.50781016560224,10.185553946145696,2.878362582177452,312.64691517213123,0.3944345316464297,0.0220397905996251,0.3454105121823944,0.1572531738381035,1.8359695648826344,0.3609248772245428,0.8779848816377269,0.0034157262885574,0.5726976047573762,0.8814626246111679
run_1391,9.65754037174086,7.371418965081008,2.4723911477589064,245.60981709998856,0.1947631756497077,0.2039411843608119,0.1074218120281111,0.0162622533962714,4.722810987580656,0.4500350593640352,0.4151046102651455,0.0083872118280736,0.1148113999145338,0.1106668227864503
run_1392,9.373720580462113,9.522282316077884,2.7415648974609237,83.91541900349883,0.3761050714314461,0.2125203394684876,0.0732682380082529,0.1809528173071569,2.620574229501896,0.604041073338242,0.7982318309932952,0.0055051668543595,0.4206292460427092,0.326463616993381
run_1393,9.130835141544852,10.54505542768327,2.8146207241156063,299.96545620850964,0.1949979260207096,0.0831373820049019,0.073554471331236,0.1411329652304204,1.2676004035146484,0.274165507017701,0.3550740035517178,0.0107523130271416,0.3529665789609834,0.6593746041666273
run_1394,9.611985320172789,11.522534979393242,2.9262063962137788,270.6419034098088,0.3144707252961529,0.1378949761374402,0.121195593346444,0.1788640041932692,3.9063103355151823,0.6688067936988465,0.6785432348203513,0.0061111071567964,0.7833321989869739,0.2986623618919253
run_1395,6.673467790368744,11.901567796835906,2.764632228747207,220.36948595144904,0.3394090639735171,0.2502859528954309,0.2847103701610393,0.084262483368804,4.411886425463418,0.4796063388842526,0.4760896460840342,0.0065950719562417,0.6779421124150463,0.3892185443693806
run_1396,7.663663696174917,6.324372835696295,2.4292212236303983,155.42731944898665,0.3024148612360687,0.142952981372412,0.3038921789786049,0.1312142263195305,1.0087853848671169,0.4727076857282323,0.5174376894183101,0.0081102171016211,0.661394993026529,0.1275540805844431
run_1397,8.66439152945702,10.805906140657,2.4029829041736,49.53908216745419,0.3576989795068646,0.2913769951575123,0.2168950641961771,0.1772387949384332,2.1503034851224427,0.3547069946211146,0.6447129948457921,0.0076502398680083,0.1381549507611497,0.4196169056831987
run_1398,9.618286011497094,9.253216207081271,2.700939814775648,50.55992779394171,0.3346387518543448,0.0750138350798848,0.264027774946555,0.0652622989147218,3.0696461757192175,0.6501487061373002,0.3170404939975428,0.0010974884369571,0.6654963894526651,0.8557000945524377
run_1399,6.16973025247986,10.871276696295832,2.7467048555817057,313.1191677711103,0.2430942867050755,0.1712401143394494,0.2560261862995853,0.1467727022382301,0.9710347717681586,0.6067864919551694,0.3979629571895817,0.0017686313843953,0.6535019435738817,0.2152585287249871
run_1400,6.8351538503459555,10.890048351147648,2.721601214920659,284.29885011087765,0.3335397994109392,0.0445727969508299,0.3006077232758877,0.082872059209584,2.689547448216194,0.6329524701294924,0.3809543232434965,0.0050489911860782,0.7438284807300537,0.0848309767146703
run_1401,8.38935038566232,11.333173760271135,2.9163352140677654,19.90625761930552,0.2402133973396537,0.2751019913031205,0.210309238634505,0.1708620402723135,4.313673892159487,0.3164746915713577,0.511199403377565,0.0043822218856736,0.639452622359298,0.9580327517298752
run_1402,6.213337789235967,8.019656417500816,2.7297812446467393,212.22394891572856,0.2940293810377765,0.1723759194197434,0.2536756498974045,0.0395622122079179,2.12781466984102,0.28803420458168,0.5971886452250041,0.0079977032674822,0.7460076529762929,0.5862767799270301
run_1403,9.987515015661687,7.976536398982056,2.931889214025599,175.55914363352537,0.3788687090367584,0.0660694091820248,0.1598052492501897,0.1259946630399112,1.3409330049776842,0.6634296694712294,0.7129277399909627,0.0081175031554943,0.4575228466008075,0.6236622336700485
run_1404,6.2465890343203885,10.931542704263476,2.7223960288176565,185.73963380077228,0.2770838880094317,0.2816013435761665,0.0756218481680051,0.0477666654665942,2.85966042055383,0.6666724456799782,0.3354190201282395,0.0011633335257165,0.6891440146950575,0.2514789291675428
run_1405,9.207743372079811,8.099065566251085,2.847629573741592,256.82052750212176,0.2575409883084872,0.1149557089522995,0.0426129131675058,0.1173892513180786,0.9204939094076068,0.3544284308695843,0.5573513691009142,0.0062916243283797,0.6524506946218745,0.5923939784151395
run_1406,7.049173341893609,6.860798725521224,2.7034573871650194,40.06369966028707,0.230630091064394,0.1930705660113985,0.0372460759948161,0.1343617934077503,2.3042233110926853,0.3211243911784076,0.6216689846646417,0.0087534603559525,0.5267659264405444,0.2534974689166007
run_1407,6.681854897739101,6.895127203090615,2.5445422351276834,33.356028674472356,0.3600044870103245,0.0668307683213358,0.0798612192916783,0.1613717647911608,0.838401688573675,0.6927959789598683,0.4928008671295005,0.0116103980617675,0.4820760109508981,0.4814965065793999
run_1408,7.574779988200326,8.174274994208526,2.935162685609402,344.6534955941991,0.1649758129002881,0.1352924698103022,0.246981224298621,0.1327112311155149,4.726042549712803,0.5142993684742979,0.680904629193448,0.0113598817124752,0.5909669539287697,0.5752138163403241
run_1409,9.62268146660235,11.42604468163474,2.9822927308450464,258.3475365935934,0.234157510406598,0.2709682451760878,0.3367863697527855,0.0385040742090193,3.3249765725554807,0.4476011305609021,0.8203080927787609,0.0069787505550586,0.7330310493242775,0.9473595420119474
run_1410,9.075246515039462,7.689597152717768,2.6960637123376827,123.62277155436853,0.1985157631731283,0.0503627252782778,0.0608082427584977,0.0468246707935778,1.6814199962276424,0.60981133701717,0.8018904820299151,0.0067269369425908,0.2514764041019702,0.5835486114715261
run_1411,8.907172613508555,6.988073109289973,2.6981637092070696,284.71430080647895,0.2431449087108467,0.0634251984597018,0.2328747974255932,0.1082714767777227,2.5775044045204627,0.5925354352545675,0.8182725930248083,0.0093110772540418,0.2503697246631843,0.733335702896615
run_1412,6.37844115744652,9.758965360801511,2.7314483423640485,323.08708216683823,0.2608731842360486,0.2153739297048073,0.2892233139087973,0.1278796609628887,3.455864663146949,0.6234264434161928,0.4811708601849316,0.0042110493389917,0.4948535318836596,0.0426497094291929
run_1413,9.065407811234673,11.504209777607052,2.597675940239354,258.59719693126834,0.2931402895728059,0.2679688936598238,0.2484792436964725,0.0764544803914368,4.436916799735541,0.3238359595877479,0.7434191963061687,0.0113725707533139,0.6313529872812486,0.0369099427223904
run_1414,9.626597438131371,8.79844843188827,2.9530199959335337,249.43722757483872,0.131268745290677,0.0122329771089738,0.14336199044717,0.1309651341066083,4.712155037891692,0.6003241531490404,0.8672536206827295,0.0024097763215077,0.4065565868350169,0.2097602926447241
run_1415,7.877226463148037,9.42909796093007,2.5618107572502766,353.14412293561475,0.2038448670307843,0.2189168499321045,0.341503500566059,0.1940740479111578,2.0856699265753527,0.3952639797653033,0.5664226994469457,0.0092105612400251,0.711778855282912,0.5595857334903602
run_1416,7.611423563474337,8.698251521688531,2.426406411760429,121.28644403903304,0.2515937716162215,0.0800541981528088,0.2307818781610998,0.0347059324643584,3.835273389438587,0.5544241075079898,0.5745584674183433,0.0058908240493479,0.1000232333706224,0.4592619165338935
run_1417,8.51099432142573,7.790028530698915,2.567619372499648,92.52062499255456,0.2293034116725634,0.0296432012628648,0.2919947985928658,0.0383711652324773,4.901615011919443,0.6033412829605387,0.3792848801657581,0.0113415498838717,0.4301774599724978,0.6055738359943399
run_1418,6.8712159734986855,7.87545243314711,2.575144975450824,301.644007304364,0.3467923985169412,0.0615112311659025,0.2053908760753339,0.1657739051240435,3.809182254149989,0.3726231320686483,0.528337397860387,0.0068301569378049,0.2855497607966784,0.5972550217751637
run_1419,6.528273235527858,7.985358087228393,2.8404236491046295,324.6179677270167,0.1716415954621297,0.2932456620285861,0.0435600986658965,0.0579521884562873,4.029586052414186,0.5008167199740844,0.6978142593101002,0.0094279966204941,0.5752500957910684,0.2671783073152715
run_1420,8.257766735807639,11.36008942574094,2.50649052068964,259.65224970766417,0.2867017968721738,0.0601558593259724,0.040549783063379,0.1094984808386554,4.720092928733449,0.5994642319706518,0.3790365607604923,0.0091358572500117,0.6660094505253278,0.1887639514434434
run_1421,6.124577855158153,9.204500016754668,2.7225981332308287,100.345091147085,0.2271910090949289,0.1253779450156836,0.244323030036915,0.1264324739311612,1.675803125323061,0.4854477811644117,0.899537533526698,0.0113510483004131,0.1673334219037268,0.3883955446381609
run_1422,7.056079618136444,6.9439911219928385,2.8820856387871205,183.3423548818573,0.3192639016455738,0.0952862647529011,0.2662767571769348,0.0552371138678874,3.2716240408652775,0.5242677106705202,0.4745873419419645,0.011807838030858,0.158774208053459,0.8735637081987208
run_1423,8.5663373359247,10.11421672848718,2.57458920417478,4.5681942947814695,0.331957323036876,0.2142242063661283,0.0851848770946399,0.0731780297966916,3.5867094347799213,0.5781198760483385,0.3014724598127132,0.0081657631702599,0.185147877192231,0.8075090182063884
run_1424,8.807127889552536,6.998705883762265,2.4220940866342486,40.2506981501183,0.2465505106999172,0.1691104454137723,0.2718183467610135,0.1286229777118904,4.2858980267037525,0.3610867348729721,0.4080981782193369,0.011906183767902,0.3553825680205454,0.4200485808165315
run_1425,9.270346367939853,8.209277362290566,2.4472546129918573,180.18128665582793,0.3149916706660721,0.0870018678943766,0.1876508674026675,0.1697698456401459,3.5719346668249363,0.3010330205963277,0.7341917305676504,0.0039635229159093,0.7664090332873953,0.7515221013886927
run_1426,6.873550804390151,6.694058970740872,2.7315995691249793,350.6392769840961,0.3071966830311597,0.099577905671758,0.2200160357030271,0.0145753418224068,2.566298883472191,0.5173106115094138,0.6059505283684357,0.0029395169512785,0.6566018739842447,0.528838337478371
run_1427,8.956579934132765,11.032991523825082,2.663046681163695,283.40673051268993,0.2296470658360745,0.2433750066253439,0.2166456965640263,0.1410583851532801,2.251565504209135,0.2410875083943388,0.8641276180097746,0.0042866054555648,0.3847124953553517,0.6324744951391542
run_1428,6.488666560646633,7.667386764812203,2.9457419553118824,42.15377812172581,0.136370806800069,0.1271821659950947,0.3450159944728799,0.1571415802957353,4.750644377215279,0.235751048383582,0.5603877068073727,0.0032096529431093,0.2618407907380657,0.8832924027733373
run_1429,9.430724887586909,11.989240787000584,2.57736360315963,341.6272374743747,0.1624839075895107,0.2008402922004949,0.1919910511903811,0.1196771400634993,4.336354684884784,0.4949439565262289,0.6019609034635254,0.0039843056753055,0.2785998707930814,0.8786940600092042
run_1430,8.16623943495567,11.553435687894908,2.74432763404777,313.73682502877386,0.1927218293845444,0.2499272774747047,0.0259185946722484,0.0476999524941711,3.011944684741091,0.6696799727704097,0.4448469770696813,0.0095442313509241,0.6859873544329276,0.7898652007012376
run_1431,6.306555921998022,7.156614074670987,2.487778868183028,310.0752862437355,0.121878162855202,0.2547117681038068,0.272507121626273,0.1920102941421751,2.372987569968286,0.376473125868128,0.8521913905073102,0.008520665316044,0.5547067555087373,0.250428208590963
run_1432,6.021717795551883,7.204114865626015,2.843912176010279,316.8639896225368,0.3058269125195606,0.0299988537759068,0.1324377697049998,0.1141164293911463,2.4760124650108937,0.4222560954645999,0.4293997634392618,0.0016820865958228,0.744762302855255,0.0539778172499331
run_1433,6.829992378111595,7.769937604531734,2.692364427912024,330.7277911299988,0.1315777792265949,0.1753468161027569,0.1115394395719566,0.1658909564387045,3.682825049919813,0.6612518439408488,0.8968962408486905,0.0047052137884424,0.7015965227828433,0.8380064281389404
run_1434,9.159539081356815,6.688059520298238,2.9750873857625546,146.8680349805886,0.109342487245402,0.2408929006163872,0.3256769736107116,0.1251180578113211,1.4006317331367033,0.4093604062094604,0.6924091355483194,0.0058060970619586,0.7515582151715556,0.0608321572405057
run_1435,6.310489850146588,9.561757285691684,2.470654036862004,233.9970933592409,0.206773719143623,0.0529127114782691,0.0762123601324969,0.0658324717011067,4.9724523624625085,0.3464114569086796,0.8759768132051502,0.002012116285758,0.6073897472345282,0.2850334666505551
run_1436,8.71063454261828,6.208301679037728,2.475457350900863,241.0762715807754,0.112197058699968,0.1884934744461897,0.1009024851413516,0.1526550434750584,3.5019581264447597,0.4813983523640292,0.3711944151584073,0.0070149319024517,0.1159691591283254,0.0579682675601857
run_1437,8.657166716671146,10.985551564568867,2.435743323223782,183.17978800502448,0.1079558698902907,0.1846257434396277,0.1998896253755905,0.1599149636377667,2.004898236991785,0.5773581772575769,0.8456877822586517,0.0034744458272162,0.1933216945780109,0.1021587490746875
run_1438,6.848336612795189,9.91723078739258,2.553675276835909,276.25962759165935,0.3810990916590826,0.0697321101113814,0.052692346723794,0.090607770983121,4.1531321070213485,0.3064983630353493,0.8578295968952241,0.0024915031634974,0.5598760092927269,0.8291317627713031
run_1439,9.776730914796072,11.248561935683398,2.921985497593507,188.11375714504936,0.277528383851661,0.2141020569906722,0.2824225102471607,0.1147996700682465,0.8740727519986999,0.6247926600042749,0.5024627014557052,0.009410814964447,0.1968351880709555,0.4260662526032658
run_1440,8.239259537068026,9.63883708814364,2.926675685928969,41.263780133686254,0.2946248601908531,0.2115842730827877,0.1003942680171092,0.0234731694006579,4.87281642334481,0.456153671561538,0.593495947276899,0.0079577059517178,0.6104190483137548,0.5587913185525587
run_1441,7.808915271963113,6.864261520554911,2.686598103226001,19.655427690404185,0.2715547722386348,0.1550370734322584,0.2069773424024822,0.0569537713164415,1.812448726955115,0.5685249418832365,0.5504650229816843,0.0082609356487108,0.2627115222170312,0.6102608015233586
run_1442,7.548634956940628,6.7635472526654645,2.8543980271193368,124.43691219165076,0.315450868183734,0.205665480565001,0.2893016303419737,0.0335879547095833,1.3871536221809275,0.4229828079380644,0.6187387636469426,0.0048460209944626,0.5275952940323344,0.682429624430932
run_1443,6.570176317611676,9.84340875100576,2.7169144697342125,243.3984107123333,0.3908546792027838,0.2572874574477946,0.0945103204762524,0.1094043128608994,2.96107935328019,0.6620774629496504,0.7838921278826552,0.0014129557706787,0.7857362136606612,0.6697990844933013
run_1444,6.2260250162213016,7.290834962001494,2.52215236767545,17.11023001933503,0.3689440632302919,0.0678877091226146,0.1394997187042543,0.0303424378737746,4.720954318702541,0.5155428453823743,0.7467662398243042,0.0063746314444095,0.1110962066247474,0.5767967358969368
run_1445,8.521769890218593,7.032508225434415,2.6467061980572524,231.549710991279,0.3384630882941341,0.2772908197678125,0.302963635344658,0.0480004494633667,3.723487556627252,0.3968685042795233,0.5799574633298105,0.0012960952224952,0.4835645098253057,0.6736846746001623
run_1446,8.818546428344122,7.562840830682042,2.5652397109946405,251.36329176415396,0.2645405775100616,0.1922035123387388,0.268671662035838,0.1116574280754468,2.935037079357569,0.3522078328816412,0.7703977475223844,0.0059383311554167,0.1886371969004125,0.844777539058767
run_1447,9.585602549914526,10.488200916917034,2.5329637385044683,242.439414355557,0.167909656396766,0.2581168309850336,0.0794874798539829,0.118400173204645,0.8565398761800538,0.4685561471942702,0.7970770765752471,0.0049086483593536,0.1924872659311386,0.3906444950128737
run_1448,8.51599576435372,8.909394171201448,2.802366427897034,334.4172934477293,0.297651043164106,0.2957683360215,0.1063943886379957,0.1353205205541943,3.622271182335811,0.2611159875129192,0.4047921988464872,0.0014726832537974,0.4494283006302731,0.1403329672423794
run_1449,7.556332909552452,11.049607021133346,2.749261828488835,257.6882405728508,0.1567266177715374,0.1160486526094183,0.1898759639206384,0.1663623363542317,2.269859680283375,0.5831871495913903,0.3686101246066486,0.009162398594397,0.5833500216811459,0.1719281630762749
run_1450,9.628114463520074,9.525880379964944,2.98395041754949,349.7481564049172,0.1660429460226518,0.2411889200942927,0.1141784519008468,0.0550067778245722,4.195885846354261,0.4151962403047013,0.6191903081957117,0.0021480357509616,0.1306318054981357,0.4033090176196339
run_1451,7.86812839400278,7.159744277866679,2.6163332841937006,211.93296067188197,0.3483213812991382,0.2928717716332651,0.0824809573140107,0.1394026191562022,4.307462089855886,0.5623881441588876,0.7011272933537196,0.005186494517133,0.2777607704834048,0.0756970347530988
run_1452,6.266402313586519,10.725574967616197,2.773472597646627,1.759569989484535,0.2548880441024787,0.268788513491306,0.1442572975511615,0.0668452639591822,2.1450343057517705,0.2907112525614254,0.4213240854011169,0.0054216589177562,0.3350659356292543,0.5326037410182298
run_1453,6.794219900726869,10.7542642961016,2.942142147360303,186.67948359957705,0.2370089676543094,0.2518625842048443,0.1736474964288611,0.0335534474479502,1.2749287693810447,0.4481272673352001,0.6274960638362694,0.0043766962194268,0.1360273814324126,0.3729546417746591
run_1454,7.811632714958889,9.52808879722733,2.5559155787573813,100.8329314859186,0.2622970879329401,0.2961833368161407,0.2336652437296397,0.0704024211256262,2.811203550607132,0.2900433712795717,0.6956635824940643,0.0060377074924507,0.4419619081357545,0.9127976041206564
run_1455,6.904684257460444,7.766618652265796,2.7596339467806397,102.69720346353122,0.1837487270173857,0.1452424790528866,0.1334062470154559,0.0508707913196557,1.567441728429197,0.2461351972041401,0.4918141372371772,0.0053024758525845,0.3729527673966483,0.2160736793187195
run_1456,6.711021194432685,6.927193968030571,2.7840133372811655,275.21447097221676,0.3027423278536347,0.0368936976050792,0.0923498157331793,0.0243618726301495,1.4633036816263996,0.5720943793275762,0.6795172209036464,0.002215518198434,0.6606964700606571,0.1285137163585507
run_1457,9.66575557994444,7.378389148386842,2.723326089057215,247.57084961326905,0.1733444460112449,0.2120954417613024,0.2284011564596051,0.1208730173177024,2.2540743779516186,0.67057294756941,0.5712971954450049,0.0049688424141487,0.3341450926260033,0.0919464896183668
run_1458,6.451082383031193,10.599176115663395,2.60212537265777,355.7343026304687,0.3563760106235348,0.1075985161337934,0.1616148084580487,0.0584565280984167,1.6786232372528698,0.6458728983039705,0.8268664822104419,0.0116576870806265,0.7041655969189607,0.4221750186527792
run_1459,7.236401267742309,10.761432833414853,2.595114795767093,173.1533876805585,0.2538553378509803,0.2907376871369805,0.2642606195669688,0.179205444645551,1.7714924901456963,0.3718738181360481,0.4599412222673487,0.0069193088275323,0.4876678746040495,0.6814886848569792
run_1460,9.792239320873684,6.8346409294605515,2.841165251750785,6.381676712314766,0.2253693531974299,0.0395202453419738,0.0966359807431106,0.0531099958905088,4.015422624064021,0.3276593819055554,0.7377555830031222,0.0066293935507477,0.209875227778433,0.6973192364056968
run_1461,9.251683453090775,9.54391927075612,2.6604265817859547,256.1826463984596,0.3424332343587031,0.0787500293507293,0.0940987919942479,0.0895559855410213,3.963200019792134,0.3041460113115259,0.4661787636072304,0.0055336193111256,0.7797974186625685,0.3083881387047855
run_1462,9.214092116872347,6.746842465702081,2.674279212285517,349.5656738900471,0.348203627533345,0.0816426925143742,0.26374070410885,0.1653493096007992,2.2427970377076036,0.5323364857312979,0.8023515358042903,0.00287728375438,0.5079558616725979,0.1958375564132935
run_1463,9.799835508749936,6.784865974264768,2.400059041482454,179.10982155811382,0.250303727242364,0.2368950537487108,0.1815571423386788,0.111310303924955,2.456530300156434,0.4331045929493076,0.3952911711479047,0.0118463167646021,0.229060679229921,0.3775825194022458
run_1464,8.720206288743373,8.028792383233402,2.923735596816633,20.473133567694035,0.1069043323201795,0.2940440047854124,0.2986309735400793,0.053987035875234,3.1587685209742,0.5195634040372349,0.4925519376716563,0.0088183108364266,0.1613057330891304,0.7743355646493953
run_1465,7.351614469735171,7.994967164046695,2.9959132372545416,150.42711414414927,0.3905704491359683,0.1398788898774198,0.11305036893052,0.1637137574863596,1.8311739682742656,0.2420787440429118,0.8751214842892212,0.0073791099153031,0.1173388806990104,0.5248979205545179
run_1466,8.11304243348361,11.25362646600376,2.4180465216458997,325.6192504090318,0.265091574490495,0.1331058600403686,0.041479236318705,0.0997468613866786,3.779083112053913,0.4689193590633415,0.770865720470991,0.0106115553235152,0.526472597843181,0.3187677469964038
run_1467,6.738967772630087,7.781916033149025,2.435383671931057,215.93319408482256,0.3598172587653637,0.0467153293160067,0.1291446000331893,0.0469079910589193,1.861330366730946,0.6438797026892912,0.7629907300089063,0.0039260150526305,0.420566234054522,0.2747422329842715
run_1468,7.066975257074075,10.534312863606807,2.758449909763205,169.26509559762195,0.2048433488616117,0.1025475370943948,0.2389047365770834,0.1811586097515008,3.0155231223416896,0.6270428054043322,0.6856381393094868,0.0028205521927453,0.1462594682746951,0.9694310113599316
run_1469,7.918817878791621,9.90725742708995,2.445404116448484,45.55066381351606,0.1893261952130041,0.2907087796877658,0.1814096086539146,0.048210159533243,4.012246921572934,0.3869932237735197,0.8987090270334281,0.0034547481753041,0.57456989670017,0.8173120175956553
run_1470,6.2617337383299985,11.836572214224809,2.7839575459524686,39.580373344498256,0.3955453301812107,0.2544470897696476,0.1837373456833801,0.1705887106783307,2.4736084529957116,0.5897417518427999,0.898370566119316,0.0075099919748422,0.7781093832092421,0.3660032576913549
run_1471,8.853130587007948,9.331271824867628,2.557224226912146,301.0530277614561,0.1664828319211642,0.0728504453822883,0.3175589538222286,0.1631464122681737,2.379198522086533,0.311274765027687,0.5758506923941029,0.0099176627959691,0.5289424797098132,0.5138695406853239
run_1472,9.847867985619766,10.21516462287155,2.7136128371381174,270.0227752672569,0.1664063787575417,0.1703296901523661,0.032582935027735,0.1838280513682507,3.0312542615018927,0.4755159396132096,0.420637181198511,0.0088017769475032,0.789027933136961,0.4511941560986182
run_1473,6.136775483733042,7.632948707732988,2.5882393199922507,211.85518405316276,0.3657885930223979,0.0719188026271163,0.2866662367645408,0.0155149165446327,2.1033869962378615,0.3291162626454216,0.689303414424274,0.0119125008572426,0.4726492933158919,0.1981530943480642
run_1474,6.493649888850218,7.43068424564677,2.8871533096307083,354.8646980520091,0.1225233188439236,0.0642301044398499,0.0255488140053779,0.1959593076644745,3.364547546560023,0.5952340639493614,0.5592571808293962,0.0038008289125245,0.6097646604658633,0.1304885065121268
run_1475,6.61759560603895,10.744890862201787,2.5275176333322213,49.38507201164579,0.3549234861080127,0.0151491781690411,0.1197732539436118,0.1323292551272983,4.705801497912051,0.6973307391730525,0.8036012951976288,0.0111457092393966,0.6731408496673671,0.9488786329891324
run_1476,8.896156594940386,11.970459088733485,2.620502673500708,170.28638121673248,0.269002831698218,0.1073848132959912,0.2221615330765761,0.0858084946392574,2.270012833340684,0.6822472892294835,0.5392405542224693,0.0094663221482832,0.4521300487922157,0.0581779318396109
run_1477,9.468806062400594,9.47609892210255,2.9311227235815114,180.04505372766138,0.1237726612481567,0.1150119528817483,0.1259011878798829,0.081788139142155,3.6602843907384663,0.4674191388967336,0.6763134434094553,0.0071241406338328,0.723022181595337,0.553918614061797
run_1478,8.31940122380098,7.191412868083708,2.994100139236568,59.66225111507957,0.1815407649412013,0.295155359262212,0.3381480750640507,0.0324512478175692,3.752748893388529,0.3512569534728029,0.585735897598169,0.0044396456108012,0.5362202722748252,0.7595804154985601
run_1479,9.992681856574787,10.283656057733452,2.953517270967134,296.70103181547836,0.3224695124092316,0.0398084130268616,0.2871978585918427,0.0464145586464913,3.265869551628703,0.5037303853225045,0.7942777971499423,0.0073207657899083,0.1049027174244488,0.3289941787744018
run_1480,7.175470383545116,7.477605454254288,2.6483331174894693,116.63515400425965,0.2110690685463842,0.1818758372016892,0.1781698899150877,0.1234898615824296,3.078530217823623,0.2111306178691949,0.4359605791640275,0.0076589205420529,0.7955094341114248,0.2310881501554
run_1481,7.573464595757114,7.510032435143575,2.553395395506994,22.780329204790128,0.3250339329905684,0.0804255016371264,0.1653213058261433,0.1867959355879462,0.8101247810895288,0.2839630543194957,0.3764573403937809,0.0020010103990049,0.5944940303531923,0.073904880381584
run_1482,8.500610426829185,9.159721510125586,2.57954188160836,336.78311955854986,0.3122441636679518,0.0866149809739879,0.2795389487355972,0.1853394817452078,4.126611175012837,0.5126117795734737,0.3524260979195525,0.0118070140281608,0.5497125083872616,0.6925513353768651
run_1483,6.011499382475323,7.758278984095165,2.6876639646273603,87.66289165373821,0.2812249976393707,0.0579781468324684,0.2100735158182923,0.1430186734676699,4.539936060863892,0.5414344547535812,0.6468596250572201,0.004696508309932,0.6548313217796096,0.4345550535896236
run_1484,6.018880223373925,8.037661166513852,2.495896744101453,170.13866146758073,0.3062980388638864,0.2223416496407694,0.3204262510353891,0.1186353709451368,2.025099580801102,0.602372523578284,0.7178218465981272,0.0067126829898546,0.2799074249812154,0.6408039447709927
run_1485,6.824641187465127,6.661298708208994,2.925633058418457,111.82361578594868,0.1923879022891,0.1869934609286414,0.2598593140493018,0.1501096711032389,4.4886427777187246,0.5789205577379177,0.6065805737310619,0.0066210156965168,0.3656747223901718,0.0201262369228458
run_1486,8.463597948329493,7.389034421419232,2.76881076231511,205.74610642118387,0.2751936131639062,0.2966398467459863,0.0320399473811531,0.1052938179274411,1.633330857353135,0.2886707254400937,0.4975235468005474,0.0102125018643891,0.7195701172196259,0.4685382186105086
run_1487,7.752649974930804,10.389367886188,2.7877478864903047,124.3576514457104,0.2929435663871153,0.054717786136252,0.2436461306145813,0.1617838758630258,3.1503531736743957,0.4585448974796458,0.4510907443117695,0.0034258972839222,0.307420590406971,0.5204462187525936
run_1488,9.115666943264978,9.235516453588772,2.6189760411019947,139.5506857420776,0.3406307356217053,0.2403253270917591,0.1043173308763907,0.0286243427856591,3.054460079715808,0.2069777182079442,0.7625306207671074,0.0100768831117595,0.2696079754659325,0.7566574953029253
run_1489,9.296666529627696,7.804183895590166,2.5580526502299303,102.9085352467097,0.2172433207560181,0.2991554593914599,0.3492391387890259,0.0590537312447297,2.0333885115761072,0.2383741994796371,0.4172881104853596,0.0068893938362187,0.3456508942454699,0.6044680016678031
run_1490,9.751361046704034,10.401636809424913,2.741065460458907,153.33994394692527,0.2793813603971213,0.2579108758547678,0.3065796413400672,0.094643673693935,1.303419345141473,0.6395009263838359,0.4033990540671432,0.0101233380753241,0.1211765001246777,0.2953853157678753
run_1491,6.720880709597359,10.3397980324608,2.9844309476045163,240.3129745328016,0.203393040811296,0.2550187243340777,0.1918104914859705,0.0588959847991311,4.523723617314869,0.2484927064727115,0.5449012524916966,0.0022302222524562,0.3392316483961431,0.2913385025143554
run_1492,6.407270419945483,8.832976912083621,2.844721351699971,269.05606393577494,0.2454934543557778,0.0346708768375713,0.1752325001642361,0.0391062206286963,3.3147741515278257,0.4658452649482666,0.5377119082584605,0.0024244172770478,0.3889133593091901,0.2777489460155479
run_1493,9.561808364967424,8.523762354417011,2.8571292421891368,100.6101854374043,0.2203295261538875,0.1009345558960597,0.2295483871020987,0.1872046831758897,2.563989603584469,0.2495697125104044,0.3589605538669678,0.0097021413429144,0.324562438109567,0.6503244621362396
run_1494,6.114318430249725,9.974884059906255,2.947443850503937,84.52581680360024,0.3411105492757913,0.051179258685598,0.3050565384996165,0.1255790432087348,3.8793769957082302,0.6930232565401027,0.7885677383965121,0.0040769498174618,0.7105880235285276,0.7269407389983942
run_1495,6.908413774024506,9.114344412838278,2.695256560025615,297.1894326166166,0.1402797957223304,0.1414204133454521,0.2656351444891894,0.1211522032284878,2.8000808364952645,0.4601845842229747,0.6486583877164893,0.0050612742988553,0.5245676137563109,0.1201150113104756
run_1496,9.998245470353575,9.274360049973374,2.976144807472396,55.30368123518208,0.2312342479036757,0.1748571654192348,0.0376776483850134,0.1973479519247729,4.357493112023386,0.2022344089841259,0.891519209576427,0.0118630415169144,0.3579186821480934,0.2767742827439458
run_1497,7.421317417293777,10.6593604485645,2.9548445771602987,261.1277326472027,0.2244213548236318,0.2418386953001862,0.2465311795559595,0.0147862579323263,2.8483385115597724,0.4803905389117479,0.4721117267540718,0.0077261404064099,0.4160685386235552,0.2127917230392205
run_1498,9.781008156592105,10.91287269973562,2.674803636794798,11.916689038088633,0.2988856359662828,0.1231568146156174,0.0569337468817814,0.1364646315566541,4.907605636374471,0.4063139233148494,0.5865405213537586,0.004500735504737,0.4782192407033737,0.1556783601592473
run_1499,7.010501163172528,8.189317398200387,2.564848983756042,59.019517622377634,0.2031675470780081,0.1347171304609292,0.0267639810528225,0.0986529219160787,4.050017548939169,0.526334119656114,0.7410269020885073,0.0103787050572595,0.5841109206080706,0.4773694254649483
run_1500,6.627276650792746,9.735801623938382,2.6439668296240137,299.73779059183187,0.1613889838027893,0.2254364147213698,0.1349655234209746,0.1953505061042814,4.994636893198335,0.3153113873996807,0.5164202412961322,0.0086729152397411,0.6323959263636663,0.7928693126043223
run_1501,8.954230581056088,9.68609988192366,2.4955677058645707,303.3267779559386,0.1059513971386991,0.2757428380718628,0.0856663432619731,0.1752050307455706,1.547324780339708,0.58707473483837,0.8899419133836286,0.0057772416038033,0.3191875494376023,0.9737225818352953
run_1502,8.670404377703917,10.023768438165751,2.9409044643048197,81.0340441472646,0.3732899800303857,0.227676961002146,0.1854444232267161,0.1693064699167284,4.6249284726201125,0.5163122990998581,0.4607408416460267,0.0112276079859361,0.7354101297991147,0.027793423640702
run_1503,6.588247990394097,9.935493290383729,2.864768533334233,27.93994358534315,0.2553327955058661,0.1714517756911743,0.1452250461019866,0.1272114600306485,1.7144835038945856,0.2759438298042666,0.6048580603846114,0.0023716108005413,0.3782301974625585,0.7903210616658308
run_1504,6.200283148137263,7.3431676678559,2.503584084633375,48.04311597516072,0.1340604199519076,0.1500048448762066,0.1554076205842163,0.0471858661375332,3.674136792086839,0.6588186786746996,0.7235956249302882,0.0087321078765279,0.4107339126788365,0.0421823299080336
run_1505,7.804218798370849,7.637809080775556,2.543144262420008,301.7124875527645,0.1683885061506757,0.047389231878552,0.3192306176348125,0.1539141063866362,2.1760075991162893,0.2343739826715588,0.6583767706175141,0.004257512788061,0.6458974866194276,0.1170642342924426
run_1506,6.2866920665226385,7.327960484063865,2.5822380381929033,189.673299274303,0.3538022528888858,0.2874668373726368,0.1967792742001886,0.1471820880565589,0.8240748358340548,0.6355675011074757,0.8989283259639178,0.0069614963780197,0.553966653681584,0.1297716817744924
run_1507,6.5962118737528765,6.697033183962184,2.85866844273269,117.28493046522604,0.3357706227767957,0.2590853703196493,0.0347962980791514,0.1013871481012044,0.8357711048053227,0.4816375191560134,0.3247530726956824,0.0104528531410721,0.4979200343745157,0.0562058786608192
run_1508,6.087310491002989,6.250127782151867,2.7637332690576577,277.5209560475743,0.3537307519116389,0.0286603308636385,0.3475235448368007,0.0102118780858667,4.598874996156802,0.2179327792853437,0.7390406742948985,0.0060793811970636,0.4769709421355782,0.5040781712593714
run_1509,7.710496794745623,11.302457765600188,2.4907713279802848,295.3734174776558,0.1472767497625541,0.0258875466288964,0.241885342798845,0.1805623697339053,1.235216310580311,0.2521192371698668,0.6875551250473575,0.0106804309444111,0.5294105026785259,0.9455152141842516
run_1510,7.365115045796139,6.966160130417321,2.649025605072078,206.02687189221177,0.1883799962064212,0.1181569829828851,0.3156990556812433,0.1821061841226464,2.7664194512897,0.4284976697325451,0.5296454474624971,0.0062746339420293,0.2106495440999899,0.2878837646901239
run_1511,7.72494386247614,11.30948577369265,2.485121021955791,340.3938598490741,0.1394503332797858,0.1075498286567229,0.3278655389706362,0.0522385333641875,1.1665637015130608,0.5209776878330923,0.7619556874008189,0.0062721634500291,0.3085176028011768,0.5055775326152608
run_1512,9.486496906875717,9.592390984707356,2.4037702112042796,278.6704221954215,0.1335751006984639,0.2266463287604642,0.2203170249252025,0.10576727752613,4.594408498890035,0.4210469752389907,0.3500945864764817,0.0026895170700627,0.5470955752294011,0.5654904828745373
run_1513,7.1924515804809515,10.451695328096855,2.8204380283722292,174.0002392907213,0.3434861247608053,0.2865362828721075,0.052549555036087,0.107872995679712,3.504975087641882,0.3295776998656314,0.4505034028541718,0.0039509517835624,0.1545195007909531,0.4477707958301953
run_1514,8.847508219041885,10.065578250825428,2.936517024771821,198.6060157225705,0.3213834605067294,0.0690147882554054,0.2541592571718291,0.0259084808905058,1.659043737912833,0.2516156901902526,0.7124355964427056,0.002805658378781,0.4280546559568905,0.0239672336979197
run_1515,8.686612698205359,9.512362415332426,2.417023643815264,195.83434535467396,0.2083558941665841,0.2210138992379475,0.241250045104738,0.0257897088014454,3.801399734299105,0.6558975584479576,0.6350795324513383,0.0021039589806989,0.3995420997978749,0.8470205908814364
run_1516,7.186364511471641,11.357764870585727,2.973745961991227,169.69196046067637,0.3143451823035239,0.021698266315721,0.2947292673897552,0.1867738404580069,2.77751426502995,0.410397777387463,0.418659467264042,0.0068546389150074,0.7463204997324449,0.6847508252045205
run_1517,9.791164283081162,7.7071066830672095,2.682579707738822,353.9545287587193,0.2640709529242929,0.102455561511278,0.3318736993058933,0.1165178181024948,1.1129467646652438,0.4466265945842115,0.6353229062652087,0.0048401463363002,0.2213724496425534,0.8872460796638911
run_1518,9.042306577404702,9.928788604473118,2.95693290667001,190.41848099656673,0.2907916048339791,0.0266769890417436,0.1907209294500324,0.1576931228414892,3.0585401617369348,0.2836563820979506,0.6671707982819928,0.0039689169723185,0.3612772933162339,0.2132805992120939
run_1519,6.736403612312449,9.82706463612824,2.858717905463932,133.14909413571297,0.2372003052013343,0.0523473495672588,0.05460092145113,0.053669888043241,4.997069902148688,0.6365394349311702,0.4934741731697358,0.0030718792802891,0.7763639553657482,0.0025855479115538
run_1520,7.79687076665196,11.575530663458258,2.515211364729404,307.77904612905286,0.2647329901111477,0.0497115799456588,0.1285559155410481,0.0883234064862365,3.8696442429573823,0.5438641657281895,0.5562361751738841,0.0051609029898036,0.5693476975019481,0.4719716971959669
run_1521,9.012734726045109,9.28296620531424,2.915879467533671,0.136299530314857,0.3824926050117646,0.1021758966296917,0.2940879731173014,0.1904610869987471,1.664067808950167,0.4572585928006668,0.8515223334861499,0.0062513542391962,0.5638087322452537,0.6878542590040975
run_1522,6.18408144363285,11.369024063199976,2.6493271446133626,218.18178828572837,0.2672704010878676,0.1475992891343479,0.0532993961301272,0.1142414764886996,3.441097973619561,0.656127475393361,0.8635080254879468,0.0096573105466195,0.7381269704292922,0.1142857496288524
run_1523,6.902709158587131,11.204442387373668,2.70977281728128,288.93756576000555,0.3736590115428256,0.0480214288735876,0.0574171547804857,0.0949888863737419,4.782140665206016,0.42072656128538,0.6579064179497311,0.0083757839442429,0.733541870987829,0.9070578609505752
run_1524,7.550977887758997,8.857506162838638,2.859653975348555,312.2490138278039,0.1597225129330891,0.1643958723692739,0.2453696450684498,0.1450385969041203,4.838629256841918,0.4693767143041077,0.5740174703441816,0.001044402676284,0.5853036257116921,0.7888898568059797
run_1525,6.457818039323073,8.809230062809032,2.562716674463898,49.7482730803186,0.2403944250818863,0.2846260247543987,0.3217419947342414,0.1387539273115936,1.7741620338632282,0.2609813408015647,0.5792514428957727,0.0024585619456096,0.2421969198902897,0.8231806734055043
run_1526,9.944718418425786,6.390423378400254,2.750599962378491,99.12199859625954,0.3618361859755492,0.1940064969782465,0.0731723289218271,0.1506430443921705,4.328399853048558,0.3369554838751466,0.826678379697545,0.0114739725067659,0.4794041941310529,0.7059227652016509
run_1527,6.509095946439547,8.265283254593685,2.6583823406794815,310.7495195573049,0.1988114337455475,0.1720828544435421,0.219126690502301,0.1665357647488959,4.120502200612395,0.4993198241430516,0.7992494405637348,0.0096670590472911,0.5923415107245706,0.8126157242685126
run_1528,8.191672903166879,6.218563184828634,2.511185082335839,183.0264413601688,0.3971381646012941,0.0881096476939395,0.195645215078806,0.0293746293717792,4.780411179246482,0.4016092490290214,0.5950407478317624,0.0027792197020234,0.7887939672355841,0.3914762744053268
run_1529,7.040977585974689,9.48909507218186,2.608077607265848,66.87498118275118,0.2032026905326995,0.2429020285562118,0.3282623571498433,0.1181570501325312,1.4659143834282835,0.4233547059236517,0.3304029908022287,0.0025961684446383,0.2174576952919632,0.1680233648577284
run_1530,8.228023985534302,6.085238586503834,2.5688333833838226,181.84051763688143,0.362151679209478,0.0758913199922696,0.2326609106779255,0.0554282978830221,4.563285917386372,0.2307264446188416,0.579680520281866,0.0090472653862503,0.1976116728232045,0.4283766017652182
run_1531,6.3092162575038895,7.62048971900488,2.837251970620349,175.1153466055425,0.3066615443411444,0.1758122302130738,0.1938311195599997,0.1785650552784479,1.5013468240175292,0.4568047821639318,0.8550798447187484,0.0053787400800441,0.2843948005408239,0.2241987073945212
run_1532,8.658437944832826,9.277452753658228,2.863760758701896,29.14219338899812,0.1957591153888088,0.2612128468968002,0.106423946477781,0.1350357851267528,2.446980126697527,0.4320044008098631,0.512491616794943,0.0101349920049646,0.1647228529578724,0.307592065403295
run_1533,6.243278592832794,6.198227148640313,2.9255645257694844,320.54421833785165,0.1231340248751035,0.2418771162059494,0.2689340805940535,0.1135405817698011,2.019298215164774,0.5633384034117241,0.7236243613149955,0.0071421854173292,0.4896898799907819,0.4194282403522757
run_1534,8.946505442577156,11.093617426629992,2.730300005253467,160.72339195805623,0.2251471994265943,0.2241973293690461,0.2849580766601883,0.0384757912764149,4.51154809119164,0.59834238135378,0.7545838422071502,0.0100993083830677,0.3603389366291104,0.6450379282626728
run_1535,9.125666776848574,8.353304284444885,2.9103239991466014,219.79566547353875,0.1929748140287784,0.130025402609119,0.3247146992812278,0.1461029693883575,2.1655651451970956,0.2013693989197665,0.6392201729832168,0.0066737392914531,0.4592081111251227,0.3711074293204046
run_1536,8.255260878019712,9.335685043849908,2.458994016897829,288.0665152704741,0.183586025175873,0.0475724494103977,0.1496436844441329,0.124044710403423,2.389951564369383,0.3651844804955936,0.8374321044856725,0.0112985333829077,0.1819809570505879,0.0331134385752488
run_1537,7.281429314083354,10.611342415697791,2.8980325521050005,63.00931652536387,0.3715813533508767,0.2170618249229987,0.3185099519087507,0.0954379471986897,3.344292258262362,0.685789392194798,0.3351707587335075,0.0065132794295411,0.4713509989395477,0.4668752693172029
run_1538,7.654716491817426,11.282036618503344,2.4094626470278975,320.3389896310541,0.372199816719212,0.1458103602142713,0.1379282895688236,0.1739662131970819,1.814877663249434,0.2891722728617591,0.4331936356167529,0.0021105518536388,0.6886314527655674,0.3534758938718749
run_1539,7.988107705591201,7.276294917359522,2.4499817926890652,120.68411179790652,0.2618330769848711,0.0339682323908984,0.3305049415446872,0.0737325875721199,2.091179539742559,0.6935928341537911,0.3365544210217941,0.0024788067096646,0.1274153306638504,0.5906906712663077
run_1540,6.4915645259783865,10.92653046315352,2.632768424746404,274.4401365181345,0.2188391698534295,0.2600359843245192,0.1560399884701125,0.12421980395775,4.528242428277839,0.3265314323150524,0.8095293697957291,0.001597292935347,0.5389818687354815,0.5748703801527525
run_1541,7.764480815928496,9.83016004806319,2.609555885772465,251.68694520271663,0.2641558511128268,0.270697575088432,0.087977434052506,0.071482873721803,1.7576067935580204,0.6048833005045665,0.5750742222832335,0.0119814859785928,0.4459785269508239,0.0024632857358513
run_1542,6.120271482033486,10.24038362668528,2.9464751653207677,170.02850678917002,0.3803457537194733,0.275999763034897,0.2675352188867316,0.0471121409005811,3.9570167776869978,0.268897241938708,0.3286284707988484,0.0105541322666636,0.6945226396546788,0.8488010380801557
run_1543,8.904268192057467,9.874925718209289,2.9143681911302792,273.8158537999755,0.1879612199646413,0.0229145865519283,0.294511017272222,0.1885544924912039,4.250209850421496,0.2277006742090845,0.6247380002051846,0.0010209708914966,0.2244412458115112,0.6628583414099362
run_1544,9.001958373338578,11.089574671717385,2.863306119005324,169.13911793463657,0.1169835209557706,0.2295088221800348,0.1577476650929938,0.0482911900580656,2.3457645212498153,0.4751483639378736,0.6913740204335856,0.0101363193043111,0.658414317608684,0.9834414431058665
run_1545,7.199770253114564,10.877606607785072,2.701565770438699,176.29165867219317,0.3995050350713337,0.2587964993540415,0.0464299371778969,0.1666795681866655,4.546639688603821,0.2206172304033322,0.4470681869708445,0.0054039427937725,0.7059950176722911,0.6687809805760775
run_1546,9.14982461161564,8.245537899676576,2.8701459639753004,152.9906791467913,0.3133784341034543,0.2499933768539711,0.12724661331146,0.0416831222519316,2.7484401762575463,0.6432878684509271,0.3833540596252936,0.0102824774860774,0.5469065036829918,0.203270495442786
run_1547,8.848741604144054,6.033518645067042,2.466461598717485,53.28527035111467,0.1744606214518817,0.1628873605448851,0.2469465156951857,0.1518169389767206,2.193189085070125,0.4680697801490611,0.3941385879937056,0.0013713379027726,0.6371253299785422,0.6562806181219591
run_1548,8.831555738123969,10.868577831407904,2.5706038496912837,118.82359499996896,0.2530292161360737,0.0494252601506116,0.2448482311167543,0.1990031696332622,3.993517497375508,0.3932941435512471,0.4906541456461262,0.0036903101074275,0.6610121304134752,0.9725149614616356
run_1549,6.920465797315845,9.621804370310802,2.7537179351516303,74.61534550675947,0.1227776666628907,0.063287949391853,0.1157050261260957,0.0643533434188982,1.5360740540181816,0.4218169244449564,0.4787259141899282,0.0030337319912694,0.1410948091566659,0.7867891244156212
run_1550,9.307677895181156,8.214715912521514,2.623640355765682,202.766329384665,0.360821603572048,0.2316700346077414,0.0781874349687878,0.0172340692071623,1.15242785449169,0.5065469135697014,0.8469635714499322,0.0078760179849978,0.4581963896651378,0.3503240789906546
run_1551,9.962457958156762,6.037560163735284,2.9987334407755784,355.6075703831717,0.386881342473808,0.0313867249528452,0.059141645918996,0.0419759393238052,1.803201897284214,0.5217594130105772,0.5090274155427207,0.0061259388604009,0.1721525626436575,0.4550227771146159
run_1552,7.590635736105054,7.591777051037424,2.7385368735944415,3.810239717202602,0.233067198950508,0.1116301337464269,0.1434839505334483,0.1056063517674594,1.9738322150405143,0.2897228785743574,0.5084863397358859,0.0071877829278507,0.3987507187340666,0.5196421921845711
run_1553,9.927996565317304,10.074620484100274,2.899655389383806,20.713751519442717,0.3285218653763118,0.1382106239783625,0.1293852116626539,0.1649905488450992,1.986608687203376,0.4053761001944686,0.6819322834905078,0.0090133015730342,0.3734699034041628,0.8210441692103829
run_1554,9.648201449341029,11.884544839108484,2.979158370850209,302.7941075817678,0.2187497476172341,0.2279441115933523,0.0283717638304099,0.1605679322064052,3.7152789596995137,0.2373988189361219,0.4873932667894309,0.0091767349952487,0.4122068452180349,0.8242141616734634
run_1555,8.542016171114803,7.16896925703497,2.678575809228402,330.4418827143404,0.2779854453825491,0.1387510092252789,0.0443374093490608,0.0140419580197699,1.178533349758355,0.6453907337083844,0.616344598380251,0.0029170491125743,0.4190156185020276,0.4976121979761251
run_1556,8.726392427418762,11.448485825868865,2.819036271027579,144.27758799785812,0.2669753491455695,0.1339834275421177,0.0632617652003593,0.0684731650020898,2.4342943509805903,0.5932520764215994,0.6433722203404947,0.0013070919517697,0.2358579926196196,0.5446447873957599
run_1557,9.70370984845601,6.431029472109786,2.830934032982331,229.9083361991412,0.2041329030124667,0.1781774189513746,0.2812272780160328,0.1654443083611296,1.2386561640171745,0.6191254599402688,0.3946362023536825,0.0036491335499908,0.4227712823250557,0.589472292094627
run_1558,7.552445111010439,10.138061901755057,2.655147834727298,337.16297291445386,0.252219663034295,0.282773887764907,0.3122694866371262,0.1041459076207638,3.670631193983231,0.5396117006852055,0.4310495949557336,0.0080817561371343,0.5759482186654389,0.1949030872741047
run_1559,7.447878038982547,6.740975989364179,2.979384208234168,231.3983771041057,0.1397431611722233,0.0224788493762618,0.2796918383513623,0.1205548940524568,2.9767787401910475,0.3733776833292735,0.5269290216555688,0.0033162840234728,0.5568935349010431,0.9975106369254776
run_1560,8.618546381821407,6.051034448405187,2.563634775254617,139.91787914607664,0.3728893152141903,0.0570155616799874,0.2154460301853953,0.1479278899395301,4.058721782989339,0.6659321263772808,0.7110283895432115,0.0073155256822709,0.1839498514363129,0.1617868224834594
run_1561,8.457513756909742,11.772510409060288,2.854524660904194,104.19042777537354,0.3531375143827034,0.1919818386371382,0.2842432229655626,0.0407925307975074,1.9521488431648917,0.5511975744084407,0.6225926088813063,0.0081272441551581,0.6275060343361458,0.2946225814215723
run_1562,6.1093901867299465,9.919503865440843,2.730660241830114,66.43171614244096,0.1332471759256169,0.0235154511863341,0.2458058990993221,0.0284391636867772,4.322358874978581,0.4849618151699824,0.7023780513235172,0.004230017682808,0.590440195890079,0.3928275612912876
run_1563,6.6145203995001465,10.94752028982957,2.767095861327138,127.40256762001542,0.109166818011776,0.1769499993605777,0.0980501870850301,0.0580814243289357,4.806514388148486,0.2525473538485348,0.435752753617235,0.0084962661165616,0.5910595855600126,0.5151109666286255
run_1564,9.071570488352291,7.023228913259996,2.8194193963324032,280.6559161919826,0.3353309244350287,0.1425029747066811,0.047302469648078,0.108428188451806,2.332548461910422,0.3088847930411941,0.5999535618120952,0.0074873709568644,0.1200751148044878,0.1974907225557953
run_1565,9.044714145616611,7.516080750216942,2.98906349745394,61.03882759273304,0.320179777147372,0.2073375597845842,0.1732819274365041,0.0255293617205921,2.219039952708888,0.4595095930733365,0.620623881828005,0.0085775141099419,0.2726161547408126,0.3580385881620856
run_1566,8.59892772050799,10.32294283803916,2.8681933695352333,243.3196908308491,0.1281233472928998,0.283516027090556,0.1788237291036211,0.150833950801831,1.9072042933397344,0.2786884632478817,0.3878412096305209,0.0084205690077924,0.1629870417316557,0.9279247017081448
run_1567,8.851975286509076,6.172333845619632,2.6692199742804577,60.204414475013486,0.1297878596456034,0.2732432907771043,0.2173684851072536,0.0576115069411405,1.4783403766922167,0.4163648442793385,0.4549876933385045,0.0084426451950589,0.7554824248241205,0.8438396132169521
run_1568,9.22012003883313,7.883441117482146,2.835866365326649,160.281656334784,0.3766618873994976,0.0294884132349184,0.1783732722877808,0.1092064912509075,1.6058912096313414,0.2090129743622633,0.6641316128467954,0.0092224047868649,0.519451254182339,0.7758985760634466
run_1569,7.070742852349305,11.012312359918289,2.9809715746907433,191.12768740785816,0.1962356782964384,0.0247702045508851,0.0720700793781195,0.0316411014964023,2.532886186067156,0.2855676614791014,0.4442499541805508,0.005663544024961,0.3204909893878954,0.1043866641019327
run_1570,7.735039645268007,9.463800350409407,2.6499085502904713,351.3973957838654,0.2441382719975878,0.1224969548045326,0.2204831776540703,0.0332618684956633,0.9563882239874648,0.4707308154911686,0.3440820396158069,0.0022478501117263,0.4466157052242244,0.6934903209375459
run_1571,6.284060747799612,9.601857641209456,2.650699023791693,48.87453368988579,0.3037723207308075,0.0896890980586002,0.2576209720443676,0.0671577252794288,4.207623784416481,0.2129931711837211,0.5247984598397769,0.0042141050041123,0.3087159128679198,0.8300294724729675
run_1572,7.917053830520662,8.709354688697093,2.6488668170259424,258.7540294750569,0.1933550571223428,0.043463694297089,0.0387771796300844,0.1151165659747991,3.9120559193827873,0.3924408354876439,0.6600619763539258,0.0084829494661497,0.1867906823232578,0.6744696292908189
run_1573,6.422160969242855,9.95412984465498,2.4298076688486536,232.8867098804625,0.2482947870688821,0.2506557072768043,0.3393099120978665,0.061628976479913,3.5787627212479096,0.3674098723474462,0.8157391465609571,0.0098636396069389,0.2598039190760666,0.6267554507809888
run_1574,9.04681638849259,6.315317664440526,2.629062673336561,250.7525754773015,0.369940949749695,0.0185079369592914,0.2051645550888106,0.1198179905595535,1.243416797724711,0.3967301915655593,0.3823997005942238,0.0043261224876748,0.4101894471430324,0.5355337064121645
run_1575,9.140366580432142,10.064040005010728,2.4727632727969406,333.8555333586418,0.2396614029713018,0.2744627820366844,0.3119828074009577,0.0858277026013954,4.572205686803694,0.3493065015858374,0.7576981959579294,0.0102053726242092,0.5972165026970514,0.4324091933757896
run_1576,9.462507279829609,6.178574868488982,2.970334257012504,249.50189132833015,0.3690766219182126,0.2019482713510423,0.32149577096333,0.0831387126263363,3.188352188842003,0.4410656010861659,0.5364835948923612,0.0103364138432729,0.1984048743223464,0.7601970771266306
run_1577,9.820012776447626,6.978553685345672,2.906783322355265,233.79780549554687,0.1813251099943552,0.1314656920287296,0.1354319264269739,0.112746037772961,3.4096042478891446,0.3642228902999676,0.8447401908456336,0.0015345809345006,0.597471705453719,0.9335285792545168
run_1578,6.060357863292697,7.309793339321855,2.532364138154872,125.89624274535664,0.2636070548375763,0.1101986120495663,0.3467616202135799,0.0301293411468897,4.475337214888507,0.4242305783200599,0.3450213542418684,0.0101540670867645,0.4887916962144435,0.6115913687820961
run_1579,9.990968436318472,9.07482135037596,2.647860471784562,277.0580991259819,0.1993776910079724,0.2619039890983583,0.0807309758965353,0.1298597798733026,3.234586232996622,0.2711923485686188,0.6337648765860986,0.0097398742928266,0.5788606368774996,0.4892210017261686
run_1580,9.708846567338272,9.18633898194809,2.405141082269369,273.2241065878111,0.3960301633929253,0.1375723262202321,0.2739364767894732,0.1680522224266756,3.862617648008776,0.3198014074197858,0.3300262570891423,0.0086316737412586,0.1471021869243411,0.9559233737260754
run_1581,8.571610317432347,9.764692515327898,2.8833072298361033,41.91703246144522,0.1804365036324124,0.1784439241779258,0.290600213482586,0.1574520925298501,4.489834048351905,0.3871899424202835,0.642926619178992,0.0013451137116108,0.2425183209790795,0.6314923748115708
run_1582,7.928929537047462,8.622822561940014,2.5134483183093304,282.98859680044893,0.147505169824987,0.0239412933066252,0.07418490735799,0.1611227921000557,1.8478969061335877,0.5299410711862167,0.8705644683528633,0.0016067878486857,0.3799493243302837,0.9367073082411278
run_1583,7.401747064480549,8.595886744401415,2.700814336349506,202.9844346502296,0.2653539422027328,0.153848852928062,0.1777513648293819,0.1776410599569012,1.2978127141962446,0.4753469196329244,0.7368280594271808,0.0097228468131851,0.3057883895018533,0.7844627130111479
run_1584,9.334391213996131,6.488586130566106,2.725747024496508,134.1746280176425,0.3323563831206897,0.0589277686893733,0.0512059531823587,0.0229971652449684,2.709080234488388,0.6242360308378584,0.7349151542975068,0.0062115045169476,0.6235208397458389,0.5331681195929435
run_1585,9.808642415133592,6.242364425944154,2.4926974226193805,215.0866228953617,0.2474499358172459,0.0126237179112528,0.1760239793245263,0.1454568486488398,2.0451057228633833,0.2270456012838803,0.5193566881212671,0.0062968994119788,0.578744254281561,0.2967388626199202
run_1586,7.747757047886595,11.109613081305676,2.9866762545648577,108.774751399816,0.1181454529476654,0.1724322000054217,0.293250208478728,0.0738549335860083,1.3729096971837715,0.6260524756906012,0.790159768280496,0.0036748512051892,0.4427272594461767,0.8603068835744438
run_1587,8.56951133477219,10.96996641721607,2.485711022502304,299.58604800653615,0.240993315738328,0.1394789917241109,0.2316532369557736,0.058423687530639,4.291928152499834,0.2285707962633528,0.7058928711228694,0.0057689167087683,0.1693848796107379,0.7047985211489434
run_1588,8.41028213116013,10.480145539447818,2.80152893113152,136.5636567850297,0.1392005342989572,0.2018147442668927,0.0718772038646635,0.1144889695442297,3.4891651914233677,0.6490959321975744,0.6674533489687383,0.0098427783421335,0.694715359796209,0.7043721435663829
run_1589,7.425808887883863,9.503007929636189,2.482519458017908,234.4151191389175,0.3057136848519624,0.1896781391548828,0.3268177195718698,0.1746529411823634,4.675219970295394,0.6722839355449572,0.8479127975473455,0.0025165431882185,0.2546856086500021,0.3604473398765399
run_1590,7.984975108428764,7.272084694858215,2.9967721614941327,16.420420319362826,0.374850431931708,0.2382439942207673,0.1776304878605744,0.1160904554759672,4.877151087201141,0.6916489142509208,0.5069503827545674,0.0011912769261439,0.3291501951241186,0.2604131781675038
run_1591,6.869565383201529,11.856250819916928,2.8825970282375373,121.71104699587498,0.3422403415083509,0.252007637638509,0.2413257213420404,0.096933861973628,3.199195586119683,0.2203413655204499,0.7126917542911984,0.0095721238282846,0.439937240014985,0.4759750156800005
run_1592,8.685926897329201,8.394375236856813,2.884766997707985,86.09021460911882,0.3543700685804054,0.2329568997114693,0.0306397981543408,0.1545434181284623,3.736164010878168,0.285031116477288,0.7718333866424418,0.0025051429332546,0.4906570790992841,0.2904551824990322
run_1593,6.327766206322929,9.709561255740937,2.8062629566931663,76.97952428740471,0.1142395852135764,0.204739659205655,0.1420099269101332,0.1512980693654506,4.878868059532465,0.3477665761621619,0.4732068409755798,0.0045266637316387,0.5184377694459708,0.0088859987009255
run_1594,7.762334935696421,7.890946854211566,2.969913131348612,352.8678104007911,0.3343275274026783,0.174970799942181,0.2002126752823326,0.1491681273780457,4.975587607469303,0.5127502665936989,0.5238400875787803,0.0027386838807124,0.7679118749965067,0.803269406436202
run_1595,7.202645568936081,9.785036422988664,2.9161341694387746,239.12285761611915,0.3364684404473615,0.1523302617993845,0.0538676697025662,0.1939836163211364,3.334228065197613,0.6058903631887655,0.5201646763039094,0.0100590413455172,0.6571756106701003,0.6700812906426258
run_1596,8.057517503183272,11.022440342461566,2.587583920141576,162.19422447817286,0.1202694650538784,0.2897483423090825,0.1741503521912475,0.1876928406946185,2.617886361087387,0.2802785560910898,0.4671383314517836,0.0071967727940118,0.6856649051472528,0.4158308575864713
run_1597,7.8306436190092175,6.118158386866819,2.517746715614264,101.54188691746782,0.3653130924601476,0.0630993673336766,0.1851129549950169,0.0961382795523717,3.7748144599153166,0.5424827464573692,0.8542207270026891,0.0038276165997971,0.3715587635518107,0.295934000769997
run_1598,7.603050866295085,6.734156309687826,2.8955169213265757,312.005039375859,0.3240384615433803,0.271457526103961,0.2031928027553791,0.1489265488292441,2.462364428104377,0.6276859941257076,0.830558600368063,0.0061275373576565,0.5711165168007637,0.1724789165870472
run_1599,9.526936346104636,9.688092101972442,2.4035742838419782,10.650749215693976,0.1680586072002013,0.2301281377678361,0.1992727013687155,0.0780055525018702,1.93034763613054,0.291960692874345,0.7680838864683457,0.0092015549097933,0.2758485647992052,0.3693644537770034
run_1600,8.633125324472708,10.471415938635086,2.792800265670083,180.42589340311196,0.2671899363505956,0.1699700658767182,0.1283871448406979,0.1563288485360871,3.1472284751211657,0.4983826509283213,0.375170172899357,0.0038885076427023,0.402817137006673,0.3590669595476871
run_1601,8.061537648437254,7.566754636299038,2.451938880237398,289.23003166660857,0.2511940094409063,0.2342997012604739,0.2130764921137858,0.0107199434523067,1.1628903921357514,0.4581179241070607,0.3102643432457176,0.0111482930027561,0.4927868976560217,0.9640572443025988
run_1602,6.452791629202563,10.47648877895765,2.535774843872291,68.60655384882162,0.3704656280216775,0.0130904708311958,0.0730299549754944,0.0206132409782687,1.82201712310681,0.6307169112244816,0.8810858514584219,0.0077517207007464,0.4807850659600547,0.8090597059866509
run_1603,6.782700083819555,7.548468998261319,2.995066675001775,148.9996884701384,0.3419064581756598,0.1113760636975094,0.0618676923500452,0.1922386647457521,2.872226050490603,0.4146617075299588,0.5639990859741089,0.0048253650117686,0.498605076514001,0.7615701762959081
run_1604,9.563804544161986,8.654248894387933,2.4335955604782344,266.5812820719199,0.2824537843408068,0.2678616813609544,0.1779906851121106,0.1178375347275753,1.3288972050218268,0.5770517870358834,0.5523578629572145,0.0043878012940311,0.6263535630677758,0.0057264255495636
run_1605,8.971819616959113,9.13115290132134,2.641078898067003,272.13170083942134,0.3176943779967853,0.1111382161070108,0.1015960298283647,0.1998599415447458,2.239733782766655,0.2303769027366279,0.7302301455695901,0.0113323217864443,0.1389752080911152,0.0515830187418926
run_1606,7.778757824699542,8.15632180685798,2.5415634120952477,274.5736421166633,0.3616408907062637,0.1966485331132216,0.1688622571429111,0.0534146718486385,3.8181749353808216,0.4428488443276425,0.8508035455852707,0.0041197947699581,0.1393994274937302,0.198661925020416
run_1607,7.892768128530166,10.669987819565428,2.4550399412566692,176.00321142369322,0.2909368254742026,0.1348837114557035,0.3497750790871834,0.1522382072343784,4.234574492263879,0.4842975526563132,0.4914781173535013,0.0018867972796665,0.5579997339792218,0.4970194103701266
run_1608,6.291189490837044,10.35062056872524,2.96535312335838,6.077684580551916,0.1186556629094944,0.0564769791340265,0.2550570886473755,0.0189886594904284,1.3183641315909085,0.299003238646314,0.372107044883766,0.001989045503341,0.4308323940823392,0.9706990607512598
run_1609,7.594554897588814,6.916246540879761,2.711681859834184,171.5034168482639,0.114584688350253,0.1647506192018448,0.1922524952586612,0.0979685546018444,2.354409183338147,0.5408902179513044,0.5643919015645971,0.0097545035617694,0.169730664977113,0.1570088591155947
run_1610,8.6074929224986,10.43764740707875,2.5672185148640914,237.1908427529534,0.2360058464434254,0.1153089125375857,0.0847537937784781,0.0560704596111171,1.4260646833703148,0.212602762686573,0.4953724579101282,0.0042966822694376,0.6888692398975118,0.4366150088094065
run_1611,7.431935687341194,8.846064340537515,2.565711759382337,38.890084554932905,0.2338909523915321,0.2228635828187368,0.042914766697419,0.1910239348373215,1.9771987673475917,0.5159676393702659,0.4813154417578152,0.0090187120548286,0.3133498239861035,0.4293811456186371
run_1612,9.17608742780659,7.522910208133216,2.890053223881666,341.93241124172545,0.1764794185296866,0.2438338756033352,0.2754484126886325,0.0938259864107937,4.138081428493858,0.2530448573325724,0.3659987553754386,0.0069629536955982,0.3586291625460833,0.2730648640455445
run_1613,9.396104855906277,6.5285424915025825,2.714094121868831,209.6052825663902,0.2560256805575873,0.1901559726274962,0.3494540102852675,0.1986252839344603,4.932630542787143,0.5053759215887885,0.6587916459516291,0.0046869573650369,0.2451133417114218,0.0954043285097387
run_1614,6.533965234197805,10.719233642957311,2.978833104291875,161.70354839058325,0.249583096342822,0.2319041443887839,0.1684203705945541,0.0648503791207118,0.8813697151825985,0.5333596620915365,0.5633383238096095,0.0085684541745717,0.1082216513124052,0.7188830798595868
run_1615,8.188720734948264,10.463729041189527,2.952169794294417,228.44412636859025,0.2815348212245576,0.2424780012687485,0.0972360269568203,0.1078075464837998,2.759276249782099,0.5945999905132917,0.3421268975006126,0.0055484709653847,0.5049020347613038,0.5949937819220609
run_1616,9.425493642108083,11.26798844063406,2.4235747892225312,267.9342492381601,0.3885344377509011,0.028531088565183,0.1921274216251469,0.1249676610109432,0.9904884479738189,0.5079218561414192,0.7345371522472408,0.0038532143508414,0.3039317747853759,0.5482737813879055
run_1617,8.623227395195446,10.155545303088656,2.702145301931824,140.1474818745155,0.3042328320175199,0.0661212503517007,0.3213182482793128,0.0382156619551198,1.564898114177356,0.2011839419447837,0.3728312722004061,0.0023136251453159,0.1557178489958289,0.6578465689789121
run_1618,7.584648414979565,6.793379591551373,2.873452200809128,249.1648528619446,0.114990437661346,0.2405009279966362,0.2724029839592771,0.1983086543033358,2.060600542170434,0.3346126490123329,0.5427574873978435,0.0114531078933813,0.446480519149126,0.7695647321356924
run_1619,7.268946813296207,7.065574790737908,2.7574823754846136,335.4140605946617,0.3990503360491806,0.2635456116287054,0.1390510477889765,0.0847895476611435,4.631911402957404,0.2911745672138873,0.7771937433112327,0.0068606233063598,0.7031983426307925,0.4216585966841522
run_1620,6.292648620982751,9.658728957252215,2.4010554327997258,347.73474230676794,0.2211217740875952,0.0314778267781854,0.304587676894295,0.1969658887086555,4.615372854566147,0.2683157726352156,0.7857876033268862,0.0019642515907553,0.6716679999802239,0.9899888458632116
run_1621,9.968515755495895,11.161500947175622,2.61314274414309,111.05084292476198,0.1970217428307531,0.0352429039984033,0.180786226645274,0.0101525813790415,4.483002672609691,0.6845919523044643,0.767777789737258,0.008881933059872,0.669253277735173,0.9688621846595924
run_1622,8.561858073370297,9.809201671685912,2.9197144906373103,91.4446613576488,0.3243881203273346,0.0988286868664774,0.0292790741972201,0.1042804157603005,3.942331445533286,0.2443841978820774,0.5258198889883686,0.0020863448625468,0.2209664623545221,0.1741453512342857
run_1623,7.941656750355262,10.768511556201084,2.8227122812322856,68.30427708761283,0.1904144185787822,0.0501743017071089,0.3020228244246362,0.1185136378868905,3.601169984353847,0.2315369775975486,0.6878458276237185,0.0032253320129252,0.4024120328828883,0.3722103026361469
run_1624,7.79947200812815,6.710998118493114,2.5190979632329857,207.31057421759624,0.1648709717810483,0.2761496907660463,0.031025194234916,0.06692741105909,1.6947580551645385,0.23562205545292,0.3346660000763564,0.0045113865143658,0.2584197488693015,0.4603945942543314
run_1625,7.244326678883064,10.683958405249316,2.991502302572332,82.35966937699793,0.3501661828247844,0.0338433883367842,0.2014167668017327,0.1371218203448405,4.769990437825042,0.6361470673405742,0.499575114070838,0.0035470219429024,0.209263903315831,0.737752541452402
run_1626,9.52928711332594,10.954013611970575,2.6010549395869527,30.78384487607943,0.1228814123146062,0.0136731051791653,0.3150148707213534,0.0368766909868369,2.506768578771588,0.6354963774664513,0.5701471717203339,0.0046664476413806,0.2355626038165481,0.8861923429828413
run_1627,7.253664267131112,11.739978535216554,2.871543779932604,172.07892843403516,0.1543044711005561,0.1268660871681782,0.2010944657750351,0.0414794364321097,2.6514222134719674,0.3814046977113146,0.4071831817378634,0.0027291881533604,0.2793685678938032,0.808056841633058
run_1628,7.607783772707926,6.889590697373658,2.9261282799772435,104.93337458732988,0.1183031449446726,0.0342535661100474,0.2081023698536513,0.0472967687457602,4.006225349088116,0.474328786178504,0.6811948658785684,0.0068964407557997,0.3431773556732972,0.4608250869078373
run_1629,9.196136371027912,10.995345957737694,2.437112048956205,291.3330476380163,0.150867444252482,0.1598327579887022,0.2961089420517833,0.0680772469358411,3.826265939618132,0.6291207065398224,0.6899454660418315,0.0111119000193536,0.6912448890943671,0.0682539328429811
run_1630,9.36937347455128,9.35200101026414,2.622764931074148,315.186692352962,0.1830471789173623,0.2729259643960738,0.2311223008016379,0.060817631346527,1.227413508373281,0.5962427090644586,0.5907630504890681,0.0068204600845312,0.145132320856721,0.6077501526432021
run_1631,7.298076921074886,6.428146083659319,2.9862287090108017,208.0528033212419,0.2925990096319331,0.0516830743991422,0.2209361229624559,0.1187864737008048,3.4235847637906236,0.2070782774115479,0.6633980158791635,0.0053082657328115,0.2929385098002399,0.0371650561733421
run_1632,9.710331449448857,8.479325633588926,2.946794793532842,167.85596750909684,0.2074839647451952,0.1549517865857999,0.1804449864300933,0.0957484262585809,4.653266605410489,0.3737923619247351,0.4383730602806305,0.0041771435369732,0.258919203786328,0.6715253187296683
run_1633,6.372286560550961,9.79791188148342,2.4367886346017484,211.05767941798103,0.2836421925576292,0.1391029522115067,0.0335022634752917,0.0929571147256888,1.199108285598955,0.3243621229081875,0.758728787260653,0.011159518496132,0.2104817265130906,0.4825931647664053
run_1634,8.177765309456053,7.724523721128273,2.823302286454352,154.72283605177927,0.1389309072963996,0.0907721005241936,0.1213037010347484,0.0977574881732472,1.7805365743513817,0.3596193450494489,0.4844400932570881,0.001995143566809,0.3240654256891919,0.2253357015418292
run_1635,9.210841219635943,8.732686063080656,2.663848325210085,62.52626877974475,0.1084825204583583,0.2091810651366196,0.2933994698069101,0.1574296085434741,2.0975570484595703,0.2541260759592749,0.4466583512238345,0.0020712710203691,0.3834423138146513,0.798598757819333
run_1636,7.215100565864656,11.170342231405805,2.5864251125555797,0.8286507228929824,0.3156552353424035,0.251079545401059,0.1705130912304192,0.1860009351602455,3.162213106558802,0.357521578264464,0.7833802781274319,0.0016816355157674,0.7517330050174512,0.4494147674049907
run_1637,8.611804539633017,11.879480349306792,2.569820089828302,256.46016703006734,0.3049319512111447,0.2121817594573447,0.0611532887497655,0.1835302686044695,4.216504838377621,0.2560723363055496,0.5344815655575538,0.004599557576229,0.3113818833644134,0.9196120310850758
run_1638,6.822615456974215,6.29841209889026,2.9779511077716276,14.699334462915706,0.2616486394156899,0.2488050724417963,0.1048384090410146,0.1089857275699757,4.901297020563392,0.2052422547035686,0.3143389657584698,0.0092798639235685,0.6527615942796741,0.926789630808692
run_1639,7.8231827226018895,7.462269642334905,2.52912095172961,148.52790043494065,0.11322713677523,0.1405255887003366,0.3030628219203672,0.1520364161037329,4.419233834745326,0.6583512082090177,0.6369818322008375,0.0058499054584441,0.3466238386394754,0.9840436735096904
run_1640,6.5489544751387605,8.705844637146235,2.7166783320646237,222.09105794341724,0.2551965569707194,0.2994859784857572,0.0553054153347145,0.1684134054421334,4.296461488210361,0.3973887237804171,0.4334913108698121,0.0116292732657333,0.5337735500311845,0.8764370477708967
run_1641,6.838166454518552,6.505108465530122,2.668434720409323,290.44906421979954,0.3668354639105036,0.0252218008232884,0.3399386725094604,0.0519258575151812,1.34856274318689,0.33884445678804,0.4863279703417175,0.0091845724464845,0.7317296445066218,0.1099052650082109
run_1642,7.303208420211576,11.881976731336154,2.869342328240513,263.65202427569045,0.1346803811323065,0.0980139133920199,0.067771379124097,0.0928026298237247,3.2611892164816263,0.6747882339327648,0.4564659736508601,0.0043565140034636,0.7132425429464248,0.8254828436284385
run_1643,6.089475675896608,7.03764332522917,2.7620705969518813,300.4297846034758,0.2236291645931102,0.2119321148517993,0.2322383148805443,0.0963626526989904,3.9033362916628658,0.4622464623156062,0.774652767497638,0.0084540251591897,0.5402439099536024,0.1707551770772574
run_1644,6.39767913222991,11.797192158414513,2.8741057290164034,172.93019711264748,0.2443328744309624,0.252661328529406,0.2135477168394144,0.1397092179377648,1.093053406242568,0.5224268206844807,0.6239387086788434,0.0026953973078216,0.5019253197830181,0.9038595290358232
run_1645,8.474065801654394,10.629568983207848,2.593761959321725,91.41073858559484,0.311868392828369,0.1330901549651799,0.328555795074155,0.095059387776514,1.091761034522866,0.3538891285674094,0.4613334094563946,0.0119313025209519,0.5220135410750869,0.4750841019228463
run_1646,7.704557801580717,7.128280265544657,2.985540612715578,90.2906293972771,0.2105791800179474,0.0205307922429049,0.2339133981377427,0.0889463263478779,3.2049811873074887,0.2345347956220673,0.7570779081491665,0.0090267774481236,0.1607423062503069,0.6682748532100452
run_1647,8.613744601728627,8.046473601445793,2.6950828372698985,58.75527160908637,0.1630214392230813,0.0664378457983125,0.334692786328731,0.1703012414202673,1.6725589647125298,0.3859349619621011,0.483287742628947,0.0046375361478058,0.186177050779795,0.7610291407941484
run_1648,9.1452900324825,8.569802348545394,2.8874510983108723,312.8427691158001,0.181172561950554,0.2350461474592989,0.2481945060900545,0.1530500707685022,4.637596312437167,0.6384069770210478,0.4237956406707569,0.0090020469964378,0.2333243977748543,0.5678106007235073
run_1649,9.736147602912038,10.293830928868562,2.662571832425947,261.8578276782381,0.3568398205583376,0.1736460837266733,0.0292153490257981,0.1395424927110858,3.027824367046392,0.3485365751342671,0.5736479117806575,0.0093034189208943,0.1802858271940285,0.2413181201408213
run_1650,6.009691547651313,10.825051778065774,2.665571968007007,258.88054990660817,0.372077616912116,0.2851356761148182,0.206671116354455,0.0853264338977252,4.325729792578521,0.4259857023016123,0.8371998691952827,0.0063715327621953,0.5064557453802755,0.8978350601393181
run_1651,8.875719208391644,11.21115937310703,2.8395373570788043,43.35763936402732,0.3795455831950046,0.2222556277256071,0.0909816443930421,0.15161118212875,1.3982939534034724,0.3400682890029175,0.6828864847451445,0.0059706743104935,0.707837488352178,0.922792490551254
run_1652,7.767464599996456,9.077133336875471,2.520959522882394,122.4446668910592,0.2194461056182044,0.2775704178342574,0.0458776941862671,0.1774516624785937,1.0714868556144976,0.3314709080656162,0.368057678848438,0.0022973055413562,0.2068435486818874,0.0592042295578181
run_1653,6.245099679241262,8.344571305975713,2.926851732201849,284.19809763978606,0.2389925133579482,0.1005147759002023,0.0634056011022821,0.0676236610614596,2.901628883459775,0.3472633896966737,0.442977624191143,0.0110931719074785,0.5155277593319884,0.8430692349834948
run_1654,8.557966156011522,10.72956782571606,2.847222169851954,127.75067615605946,0.3146095239516513,0.0915785495175823,0.295983260499875,0.1498747661764259,2.876269234440069,0.6119318057134685,0.7990918175392043,0.0106157241702888,0.5147499400885315,0.5831265360213866
run_1655,9.823322062496016,9.328271280680248,2.4105715433123285,61.288049669826016,0.1803029273127203,0.2225816085941307,0.1538576467307358,0.1370767947605634,4.569653606265471,0.3592906425425739,0.6604149516055946,0.0114652388337673,0.7274343134367253,0.9240710218118666
run_1656,9.724603457085436,8.825143049311016,2.8613603263494585,164.91946133986124,0.1725135662980419,0.1042553014624633,0.2399214451837162,0.1230168424384431,2.926689412099784,0.3898795299657018,0.4670031811072586,0.0030235974517011,0.5303907548297375,0.0643905570333484
run_1657,7.996369230007443,9.581293222400625,2.9371623385286942,222.35890711637472,0.3851276159690902,0.2974579640397568,0.0308748321203587,0.0725495123285822,4.549586988478165,0.3490402802763236,0.5322158244217864,0.0029644845803032,0.7540070566929898,0.4311941534556653
run_1658,9.92494671660994,8.492090074131948,2.5720694039613123,200.73073197970004,0.1497549280235699,0.2444810142267182,0.0399513927356286,0.1215008571069051,1.165142250085285,0.5050107064127862,0.5213486804520973,0.0063087569490508,0.6452863102824731,0.0158822174507649
run_1659,9.85347968937794,6.03210829490384,2.627124208871888,148.82844425234222,0.3816739541553867,0.205939707134177,0.2195202484701124,0.131848017985949,2.6316764298220816,0.4204922410268736,0.6423527808843579,0.0020905213170438,0.4703361845218506,0.9371812728582308
run_1660,6.132117326711679,11.872830427771516,2.6004802405665837,7.969398442522031,0.3966597088208973,0.2011215159668312,0.1454483837714292,0.0110576965805651,1.3053385588983233,0.2887896863041261,0.5744055070618111,0.0081446957942249,0.220041618502272,0.8401904062263238
run_1661,9.959775520977306,10.107843800480016,2.696290893508898,169.40328469318294,0.1769690946233642,0.1896016269683419,0.3441808779612437,0.1523402919966698,4.818504209449827,0.4421641908890115,0.4190369085205592,0.0077811523535092,0.6720689242209892,0.2172299797314622
run_1662,6.603111962683079,11.06714820846086,2.780695892964821,350.66694510720424,0.376179876782945,0.2314499809028331,0.2953147012617381,0.1602719162390702,1.3210879533255755,0.2093138513363591,0.8847501536356861,0.0060752031683469,0.7175559687524137,0.5212920203805225
run_1663,8.378720657129524,6.546742176919392,2.6849478853894664,272.6686731182193,0.3980434589686092,0.2250122081694419,0.1504109718501851,0.0262381107349855,1.0764530489946993,0.2438312084261886,0.3747620780616768,0.0049580980105542,0.3337706612857132,0.6721203138369208
run_1664,9.90521763262326,11.330245717214837,2.505458792707366,153.72542443030667,0.3544941040245029,0.1447108793042139,0.153008860011552,0.0159749732477982,2.616169924513695,0.5320565545650394,0.8920387160650654,0.0099507994276228,0.2669613020611017,0.4047475813147405
run_1665,9.35376595822211,11.85084445429692,2.832837644590779,45.79532315733557,0.3937218431851808,0.1057758232440622,0.1484489286711034,0.0602003230742153,2.6687334022883076,0.6686731089859306,0.8344487571639418,0.0071696021686,0.4261862596574672,0.9327074295102892
run_1666,9.457197505270376,9.316828169221695,2.7657009561612305,322.35987887426035,0.2282268736543291,0.1403729420364647,0.3485163324804037,0.0893328258309522,4.265688882191303,0.320367959273769,0.5045164797955412,0.0016745228958486,0.7685609159005303,0.514471247725874
run_1667,9.912462902785988,8.79351653794393,2.706988209927335,210.0501891603468,0.1187886017619453,0.0442601412346296,0.1556478722451446,0.1404452330802976,1.790922388766814,0.4402598044569945,0.7979787688256719,0.0095071907281412,0.3006584152330381,0.2929313793427615
run_1668,9.831630064886038,6.017966485069029,2.505652055977259,199.25322888586877,0.1209051140476408,0.0323905654374068,0.04766692345766,0.1427743600161407,3.934670918614643,0.6122607631188097,0.6654643925173807,0.0110379249707073,0.1728931357165342,0.766085495539406
run_1669,8.458071649156262,10.40863906633016,2.534427931117974,245.87224665071585,0.3153838191797131,0.1704438957214039,0.3396887293467892,0.0217383697573962,2.105071897531272,0.6326154068017902,0.3021388305785092,0.0050460974795302,0.6220893156655073,0.7951490523803524
run_1670,6.25070304612468,11.23251045904793,2.9432072165619165,114.11884904107434,0.1547583904473871,0.2459085873179079,0.0534894978967039,0.1857194259607803,2.7983105805836797,0.3422904918056476,0.3847741261536784,0.0042057059565954,0.6166859477202726,0.0169898942414699
run_1671,8.503450534023132,6.442385779164325,2.4841686708913455,76.20835889897764,0.1348927978460929,0.191483365216717,0.137393343195233,0.1472857093054513,3.2191636773267023,0.4502650895081645,0.4768925334974395,0.0108154931448437,0.6642959375031826,0.014305861630637
run_1672,8.872766710355798,9.78628910796274,2.5233461405857422,47.24723399803035,0.3028425021808131,0.1546530969619597,0.0901988928245149,0.1161938325735087,2.557604173258986,0.4108648168310203,0.4016353983945581,0.0073649920073142,0.7436145367719567,0.0714957524309157
run_1673,7.324648593300516,11.518497601686246,2.4624143953779507,357.2554525905845,0.2180315115823749,0.1235316496036363,0.0780653098057963,0.1320654223958874,2.2662711487795084,0.4799820035514035,0.3804237735568649,0.0095385253034221,0.2226062698178698,0.4489345414470976
run_1674,8.12582098934843,6.634938948670449,2.8990438696382186,324.07640964876066,0.1710505317312565,0.2345654639671982,0.1462280207868722,0.0393290971176053,4.0841103576926026,0.3216601350839033,0.5168088386056857,0.0026641804563944,0.7469317001922696,0.1306984260333753
run_1675,6.80260342022917,11.678529944788158,2.943586216690802,317.73765423604885,0.1892174271040588,0.2178842285744359,0.0967509520464085,0.1943269508950073,4.252056472696862,0.5912743994337539,0.4154035417997425,0.0042725953551893,0.227300105602954,0.3886371734921242
run_1676,6.281246661775995,10.83349023679238,2.829161278022273,70.22330426052959,0.1540369092062243,0.281790025853608,0.2511593766364305,0.1404103125666892,4.16001801360778,0.2925186530007583,0.3128584744830728,0.0023078776451615,0.7243626149648157,0.9058993311007406
run_1677,7.801419524843562,7.071487119204674,2.888071445324702,165.26121829811953,0.313904210480286,0.25399414769008,0.3055633620000669,0.1961497138045057,1.7634680524009996,0.4175671059052658,0.8836260003601233,0.0067523830245474,0.6411364061905791,0.3838489036539553
run_1678,6.951687505366457,6.999054436795078,2.7338691273008964,211.66925459676511,0.2880643670489755,0.0649087065869774,0.2958170070667505,0.0906849088292848,1.4145320018931171,0.3301101665973242,0.668698256572311,0.0033903830517498,0.6586192609636018,0.8526125766471675
run_1679,9.442518398861766,9.224086452070512,2.5741535471480477,290.72798576958814,0.1373679766495361,0.0773219712607527,0.0298008120174512,0.1048030493207017,1.5851493580520404,0.4024999267695437,0.3598922400691491,0.0066428713882007,0.1236477423732456,0.2617012291883913
run_1680,9.476808239719244,9.151334107445397,2.5514321487417533,212.666545997696,0.1694530246104374,0.1900255304208812,0.1429953951009689,0.1771637664830896,2.942791606680589,0.4113795402733551,0.7761934132570916,0.0091130644218821,0.7263456847377777,0.2656213002708701
run_1681,9.318234920700265,10.69563136636137,2.875792633200337,32.39996586236671,0.3292175560485028,0.2811892495552089,0.1533818035447723,0.0757122141725666,4.956345266669299,0.5872996194807205,0.8313428020530758,0.0119411938464746,0.4324515922026539,0.1736595286302378
run_1682,9.258791032610326,10.069998983722453,2.7953374159524795,359.3006820100236,0.257328708025756,0.2555687813049793,0.1184987952400603,0.0363176793390155,4.843190949659936,0.2966737804502696,0.5912818014197002,0.0104362526328243,0.5286475247042403,0.5880904602590931
run_1683,8.761246830890963,9.356704655001348,2.7099390067611924,256.67675023197904,0.2457995485906707,0.1365161607796951,0.1164762517028764,0.0600481753198777,1.0205309023775442,0.6480389087492517,0.8325707886972205,0.0067053106382074,0.2298332645928432,0.8440820456440865
run_1684,7.775057623341106,10.655705040078317,2.623409774696655,143.90964573843877,0.3351979458103868,0.1620683991764075,0.2651204124103302,0.1374459398227442,4.369995838628295,0.3563586393449546,0.4076407098867394,0.0081412151220808,0.7929162973925086,0.7777986407792096
run_1685,9.072752739601508,8.269030282180678,2.894390821292064,167.48368658134572,0.2606775037496011,0.2160150686583946,0.3395135518463663,0.1831424766089732,4.385015136693396,0.3816403092313401,0.6522168478468618,0.0040874116436292,0.3479535158725167,0.6348540402295114
run_1686,8.842806948771033,6.9836062607325955,2.62667512677136,346.2688029697587,0.3779994585244793,0.1631542205826782,0.0461365978110974,0.1157139004267758,1.9972420235336383,0.2532885121287027,0.3780412705275141,0.0055224273827615,0.538456297494748,0.6285610639124938
run_1687,8.404800903075895,8.46677816488847,2.897638422793202,98.61166610360748,0.3141584722547388,0.1597108512373675,0.2452822984218804,0.0835406772365763,3.4291726611433795,0.2224799879017635,0.6842023770419108,0.0088310774727215,0.5205576372843336,0.6941412034497574
run_1688,7.120013164256398,10.793393775758323,2.5526202076096256,131.8016270430812,0.347009192543905,0.192597956253953,0.311230183029654,0.051718785060611,4.922229992772718,0.4435050632600095,0.6705107247991288,0.0038653768671292,0.7774251717024128,0.6282992869475154
run_1689,8.161491673697594,10.434066522236492,2.592247619859956,190.57256019138575,0.1689987665539584,0.209000867646421,0.0528101202211733,0.0183009182711129,2.480731624825413,0.6892334199076064,0.4455855578342668,0.0043417504756966,0.6997342006379946,0.5217074922152963
run_1690,7.47604927127232,9.264755450232848,2.8182948218730495,286.1222592537386,0.3654948324225207,0.014271890722507,0.2590551068000637,0.1424581019799527,2.056623449725122,0.2361749082437245,0.8228336905794948,0.0092440044828806,0.1004540090194904,0.6350146070293782
run_1691,9.090949955070377,10.6419804520039,2.9835922192492315,358.3509404209519,0.1638712297871717,0.1594648143015963,0.276723413250772,0.1966735198942471,1.93286354557668,0.5799057055944123,0.3412021948991509,0.0084347872930937,0.4629635902130964,0.07083439233293
run_1692,8.662148146436767,7.720232398929097,2.9581756616703085,185.2679006058117,0.1216670402988601,0.1507749055337341,0.069248020505054,0.1237549480783309,4.305812145530104,0.5863154635549086,0.3928039559437251,0.0103864856659008,0.2878385289306214,0.1933745905718929
run_1693,9.934849709139112,7.196100336722581,2.6429638745124606,113.61911445141106,0.2559686301636726,0.0591310928361825,0.2647120373419158,0.0544882978391771,2.1801910703720075,0.5581624098634703,0.7729147691376834,0.0112028729316237,0.6011010559581444,0.2274655189522028
run_1694,8.351658243881815,7.125307601152968,2.886815540675342,34.29157447677939,0.29971981465989,0.1822657980243724,0.3195635096600129,0.1069454678273559,0.8000879389100216,0.6681996637949843,0.8110206344094579,0.0021601501628418,0.3459579586874697,0.486465392530208
run_1695,6.507339694504677,10.91938069857661,2.9763604752831534,126.8165888191591,0.2295392499679368,0.2459596131465141,0.1223460801112717,0.1383163533776686,2.2005598228005754,0.2182225549581864,0.3318428354928537,0.0109998477975481,0.1015836221075802,0.530426178518347
run_1696,9.31494702124682,11.25699473432946,2.5907003290529618,249.10514675481224,0.2861017087537408,0.0245448667748423,0.1914035152505663,0.1132469414361353,3.920779432929981,0.3271358442720622,0.3826010345623648,0.0103892496558759,0.5954048888553402,0.837469269307985
run_1697,6.23546844265576,9.02759128281776,2.425934132449229,205.50076663306885,0.2059625047411368,0.0610010573346092,0.0670483358262768,0.1544163026627132,1.5530598580268342,0.483681502763317,0.7984772470703796,0.0098279365166907,0.3543867239583558,0.4364073853260748
run_1698,7.44129247026755,7.445818683645065,2.911177523632192,45.35802385486667,0.2987280719375649,0.0257121438300067,0.0511305807529621,0.1690891099533729,1.9661182707937537,0.388242044209559,0.761337282325536,0.0026720226148258,0.3237910633697364,0.5531700101749177
run_1699,6.954967903983991,11.07010232261223,2.6930567108938983,327.76787289761535,0.3862275750748807,0.2324294060264184,0.1183462462067112,0.171119865823222,4.06056868624505,0.3000872783826932,0.5005358020898084,0.0029824207573389,0.7988949288316107,0.6483526336489506
run_1700,7.924579941773198,10.457930108510377,2.8186214150095807,225.9869281898646,0.2818984064177287,0.1503114575801033,0.2721951710771079,0.0687687102980382,4.26063229465126,0.6142594901402598,0.8072608892213049,0.0110771140039346,0.3376451198332068,0.8398178007891011
run_1701,6.988969638906701,9.425910652547673,2.4150797740117804,104.71309533158347,0.2334188247317469,0.1590901124933046,0.1011164440045834,0.1989117167389005,1.9248941640397688,0.6017387236927695,0.7461260936991698,0.0051437443769584,0.5946789625563874,0.5792797437611521
run_1702,9.829254575688015,6.227860035777604,2.986149302511494,295.66340126908295,0.1391137443043903,0.0436335559076439,0.1076237727184334,0.1896959091980815,3.5081151166888516,0.4090539426456505,0.6901201416463785,0.0100694922166841,0.4672333315354966,0.8072587062148052
run_1703,9.956966372053287,7.791331281699643,2.865867234104055,70.99210730768795,0.2489076760403541,0.2946296768599121,0.103416425486795,0.0819830567620587,1.0960968647822604,0.6591267637520903,0.3377066629742377,0.0097591123219608,0.5885958940991529,0.0432991089967078
run_1704,8.575059190928133,7.018601936558343,2.4795849221419712,214.74156841641255,0.1961458206472395,0.0113925761501828,0.2214857834170448,0.1352455588076845,4.577934436870125,0.320821646014072,0.8868827258030128,0.0095795815350777,0.1611536608374117,0.0567080951454245
run_1705,8.588955214645473,8.106712225720742,2.581801902692286,112.28277523238744,0.2014857401317006,0.0888993082035613,0.1092013007531038,0.1971673666239447,4.267897173399859,0.4017517016254603,0.3958926289652258,0.0053388603783572,0.1500036040321433,0.1917821540370481
run_1706,9.598390100030404,7.348641461252727,2.809316585045188,338.69555611012726,0.3580427753193734,0.1677377944593585,0.2772779812120161,0.1480174126949315,3.153115956512921,0.421392376493906,0.3493186313579904,0.010721197501202,0.203258490604954,0.8235498442024339
run_1707,9.423411844024134,11.027636469582225,2.64568057447479,180.8643611162167,0.1400166838886055,0.1728511412014724,0.3004497133570252,0.0991831053221963,4.80940666468863,0.2617910590103573,0.343386746825441,0.0031402062324094,0.7559039717037482,0.278516102407558
run_1708,9.404516186342466,8.551885011687043,2.962731898353846,6.12128338769987,0.3249585738208057,0.1837914345089714,0.2287320797627967,0.0759778687083466,1.6166681997852028,0.4450477358640278,0.5470484678637217,0.0094071927371089,0.6770228993899812,0.5407101078429024
run_1709,9.586440223879428,10.7372923171038,2.7939475444993676,350.3798076303505,0.3218749011905282,0.1834883507678808,0.0651962960493012,0.1668759167616729,4.747160668148498,0.2656284867186896,0.6087922233012151,0.0090448063946528,0.1868885803479002,0.35882294842838
run_1710,6.29482902103743,7.437487131846284,2.7359930385241205,131.17673879186688,0.3778658248490185,0.1100346151461787,0.1756040897181612,0.053723836500969,0.9154457716055372,0.4453474908100805,0.5846897528836641,0.0079403624196666,0.624163380723733,0.9740176156544856
run_1711,7.718908304900507,7.6100633274826,2.739776602093135,247.21762100297272,0.2497570875220148,0.0641911540232271,0.274080439653832,0.1903579456142806,1.8801458123745165,0.3772958550015965,0.4267221614051919,0.0103571916125362,0.42638060725861,0.7717166403711038
run_1712,6.728729104868507,9.035291006267707,2.6358197777531007,138.35783899984295,0.243609296779703,0.1056186616397305,0.3162238313603231,0.0215792075843683,2.5495431148646217,0.3519657462373163,0.6116566408868458,0.0115717575984187,0.6557100143327618,0.7161941067644715
run_1713,8.347072778524087,9.804197201242376,2.999765374803578,227.9997011199983,0.1241779838880135,0.2621222606690899,0.056424969655339,0.0803235995416861,1.1261233671989026,0.532585829499234,0.3885510093507957,0.0070249408535653,0.3723250782328966,0.246927595114179
run_1714,6.523288582813224,9.717651023964653,2.648607583287649,103.60026916068938,0.2687840680663409,0.1434669073713458,0.0668945121422415,0.062803390339274,3.0001674121829875,0.3256742468573551,0.7877589976361756,0.0047629093663578,0.7138010806802463,0.310098876748703
run_1715,8.958053099635801,10.169004115781384,2.59590893070186,20.66558385617375,0.1945528820038464,0.2131462788783728,0.1044936395638877,0.0611831784252584,2.2463596014306297,0.6479343923483323,0.344417102208726,0.011388150236367,0.1120716346400649,0.3973250553524682
run_1716,6.677277461199491,10.747775346375612,2.692096486516738,1.1520130393973136,0.2758861792610385,0.2905110533229295,0.0881302759784418,0.0573711630402348,3.1798154248767787,0.6283741294113416,0.4615472366604132,0.0067958458517122,0.5325892071349406,0.2930953624419574
run_1717,8.750289036305588,6.725276259610036,2.95399199030955,162.11555677496108,0.2620473681497152,0.1359778507915197,0.278665959075367,0.1992341231598533,2.946255088262631,0.5977328044780184,0.6794047457921637,0.0090561211871226,0.5566591280018525,0.8165026652566866
run_1718,8.147083296496382,7.937641468305411,2.61030531601051,203.3563201968026,0.1050891179437161,0.2944864938087141,0.3432622250012035,0.083822758425021,1.6210643830040374,0.4088187058922427,0.3548218734504748,0.0043702951674396,0.5918536735751206,0.9731260633677432
run_1719,6.992881969489604,11.822393233695,2.48729810755761,197.14728999726387,0.1461100578258411,0.15682373079605,0.3389152929328336,0.0716776162325283,1.232451119933613,0.672089324398697,0.6165934804748312,0.0031987720849056,0.6713808362803562,0.2587399003153002
run_1720,9.112817436152818,11.400296436096864,2.838736075469997,11.14788267737026,0.2853482542142248,0.1741938926072062,0.2766583646301678,0.1916620456783289,3.533801198647202,0.6147142487213949,0.6146306901990822,0.0107631815324708,0.6513616728546308,0.3742399756742406
run_1721,9.475399325428906,6.252244227480169,2.716233367079003,119.80810791815986,0.2539370914243494,0.1744425332322099,0.2790990800707821,0.0727637717573554,2.052553806785215,0.4863979083527812,0.4008715561272892,0.0031365468835323,0.4880758505894829,0.9173218063664096
run_1722,7.122657521895153,7.043839697268538,2.6599973498474565,57.23710269991314,0.1565768699565518,0.1182980074598965,0.1091624542328616,0.0997952736634167,0.9321120355885214,0.5818289343643147,0.3214860409272722,0.0011769806529759,0.3620860020609298,0.9284577914632212
run_1723,8.339543185095511,11.688203594895567,2.5140512637080508,353.648558284662,0.1220190828788213,0.0111372579262577,0.1385515544465202,0.0226155208253747,4.256834805476164,0.681995003522909,0.5400359632471169,0.0045802721641041,0.3979106078093203,0.4672871263817792
run_1724,9.413845588890766,8.337602984378423,2.4071230680874205,293.60195495052824,0.1918371613518688,0.2412776432814197,0.1126148206552724,0.0331571086666725,2.949540648079243,0.5085758424246246,0.5423051805131176,0.0043354942300974,0.1755168235084124,0.9821685245694568
run_1725,7.563315732037455,9.878834465884989,2.461209667781296,117.02809735760128,0.1287544424841087,0.2670662044039724,0.1205930257468443,0.0130190360857311,3.503528546445162,0.3435552302179142,0.346718272840985,0.0053489344985068,0.6963784355673671,0.1313400759212336
run_1726,7.714805097863071,11.31553260952178,2.771114075161711,344.20996516799624,0.2124694148669095,0.0474780605824938,0.2758363908563365,0.1822936764500766,3.1172240247806595,0.6462229623352529,0.7604354059122447,0.0023411767583243,0.240289107281975,0.9151723912759772
run_1727,6.498007670224484,8.071046681654124,2.638504582943383,119.05613867599384,0.1404575037070615,0.1068785157995866,0.2853140814470331,0.1746252693458506,2.2974099887413586,0.5953374537001616,0.3066213113928297,0.0069777691241393,0.5613811086662548,0.4563825947747066
run_1728,8.6293132916314,6.6123030258706965,2.776376623395217,255.6593034125496,0.3097169085918637,0.215193723280386,0.3428485525712537,0.1147699695488108,1.984570894557815,0.6091093960329195,0.8611559400033362,0.0059276410817795,0.642841231715672,0.7730232926314912
run_1729,8.99105229783499,8.574640748053486,2.661833999581995,125.0573270485514,0.3886659617019409,0.2296929762537729,0.2804031057604643,0.0294437640015431,3.8942436805569383,0.640989998607058,0.5092863713555265,0.0078554404441069,0.7488983106192103,0.517680998241417
run_1730,6.49589807804369,10.749840123240803,2.4780594964617237,86.24901694359468,0.3475489917839763,0.0521135722623361,0.2982750212571907,0.1330796616967361,2.064017182280237,0.3185732246106507,0.8735925946895897,0.009357726096035,0.3819228262544143,0.9101749552409985
run_1731,6.761313602217187,6.2356716365013325,2.6926237871964176,279.37382853764973,0.1625992041803244,0.0714431070116272,0.2518748196616526,0.0784897688751787,1.845228171969832,0.2752229620539953,0.649665888407871,0.0041589969004508,0.3931141516375546,0.790594368898931
run_1732,9.224865023671326,6.536301999161229,2.6635390734416493,257.80761188612416,0.3205745569953612,0.1991609144154844,0.0655390216800725,0.0657129344736258,0.9190478300251947,0.4897864434122354,0.5597376950955669,0.0011978194233306,0.5648904777244499,0.1825788431145005
run_1733,6.4827145274540605,8.557593164571262,2.908207438366127,17.573263157332136,0.1975891153220058,0.202474288651647,0.197342555631447,0.0626722466542146,1.88787021620368,0.5161906253269373,0.4562554311222617,0.0115136704682163,0.1008736005028787,0.2041434017078125
run_1734,9.676089653638735,6.222933988988792,2.9148038474533156,197.95565903519812,0.2544686664866979,0.2001955524611196,0.2115845923625762,0.180032281101364,4.239388000895696,0.3138970660598463,0.5768047367137812,0.0049839443705097,0.7181384415385045,0.093930669714079
run_1735,6.298906490146101,6.233734797846861,2.900033551976981,359.04436172164884,0.331363134558138,0.2919445425461233,0.239070501734102,0.0935222038903633,1.0684068172559325,0.3755641543806348,0.3462998937135166,0.0119995615893079,0.4729793566379816,0.7694861503255591
run_1736,7.761819631236518,9.39514863959983,2.9906270651506697,84.97796872150103,0.3416659317155688,0.0602312092099513,0.0841930567216485,0.1619050378752524,2.5106385953346253,0.2728693936434843,0.8008046550182866,0.0076994369298316,0.4084210442072465,0.0109677891112366
run_1737,8.04457409943176,11.153244193409233,2.530123529491038,141.38149711589054,0.1852455548723154,0.1094469119657362,0.1830613918843433,0.0265569685045962,4.949280795814259,0.2472875728809125,0.5056631871617513,0.0032902770536238,0.1850218605605685,0.3990227493778493
run_1738,7.980184935490057,7.556429763851639,2.7205010693170415,48.997238900628176,0.3069817048897246,0.2514862692338856,0.1051368012363525,0.1244268621607431,2.167260050786158,0.6494880495257698,0.5859242367951079,0.0016381253007374,0.2668954202646594,0.1967845249016954
run_1739,7.0067584701546775,7.896320285135133,2.607552142148133,280.19987496754726,0.1450303105282448,0.1623355493384067,0.0470016966853491,0.0487067994752944,4.395256339439079,0.3917146171940208,0.4653154678313737,0.0018438971710637,0.2816835467096806,0.9364410289315754
run_1740,9.17871699397224,7.569479669890967,2.997063935549576,186.6582111019438,0.2865321691800682,0.2912832747249665,0.1569251659199861,0.0356779026675518,2.8559911829879843,0.5575914756397041,0.4682692868817586,0.0012241580187447,0.1845673939609016,0.5229373212244119
run_1741,8.370304063795249,9.635416484450335,2.66156113467683,252.2293767590124,0.3660809751473102,0.1993105036801634,0.0648912299004779,0.1087923782170989,0.8723328447714561,0.2076299589993625,0.535599475116382,0.0053987946973851,0.6759751797995779,0.61117017233047
run_1742,6.665928806755518,11.17765261517162,2.9900149344506053,22.480855852696703,0.1758940731296492,0.2431618295487161,0.1991259390028953,0.0603943000195155,1.6898646997175977,0.3009980781895198,0.5076747827443776,0.0097850193585977,0.6869596107399888,0.4569894489587976
run_1743,7.211725958531218,9.267863576853706,2.452400977908797,348.6485208363281,0.2061548562795724,0.0730622810458033,0.3300388890647132,0.1426316913502365,2.5164625311638273,0.2351536006859906,0.7284693632262791,0.0030480262535516,0.110572806307282,0.073244546322665
run_1744,9.75808331019102,10.574129898916537,2.7118187445217647,122.61455053194406,0.1021159190771675,0.1512377214979658,0.182723310716945,0.1485385624407288,4.822990586043842,0.4383376551730963,0.8222447321084583,0.0019546820184836,0.2344279170235113,0.076094546841425
run_1745,6.671006987702272,7.418559464021854,2.5654804285198907,240.095037783854,0.3665397208542772,0.0970135558494004,0.2745201423857936,0.175671508072279,3.7804949959580703,0.5572314546247201,0.899281150374857,0.0088142334020145,0.6490923794008807,0.1667332253959975
run_1746,6.23256062077348,7.414538430795666,2.655653759263532,340.754870353403,0.13092892283432,0.2982663087100041,0.1605365316546335,0.0545709109003138,2.521385471538734,0.5672064169838165,0.8340818965891381,0.0087833495903115,0.3674619067684775,0.3091781887796459
run_1747,6.586340263670497,9.936878501416754,2.911900390241609,89.09161623042164,0.3091809288208087,0.1410750923135295,0.0623599898672081,0.0786336045579523,2.7004002940288223,0.308271694904321,0.8998648977128503,0.0117541501834265,0.460448271686138,0.1990762023749475
run_1748,8.865043866167335,9.32232367224116,2.411805454746041,285.0228183144822,0.2601155219316617,0.0241020441173013,0.3259814484022454,0.0106359142239752,1.871163696480397,0.666161525830226,0.7796183023181407,0.0104967871326783,0.4218745196949143,0.1008415346970952
run_1749,8.82231249964623,10.537316541958448,2.655909706385419,0.3448879964323692,0.2541079029738926,0.1668760764768867,0.3374129368612394,0.0740886401728593,3.123270372678265,0.3945636387966796,0.7187285719043803,0.0028689345685094,0.4061031713486155,0.5553790063497486
run_1750,9.280646751985758,10.498446907050711,2.4759519068946205,311.2233710323898,0.333793283820322,0.082367760475966,0.2244237095114623,0.143935833275907,2.1422445505548966,0.4043796231719243,0.63038725173864,0.0098181356361762,0.6407899120386044,0.735119417648275
run_1751,7.304350752523764,10.676037264182588,2.4444080587422112,348.7209134108352,0.1076839462533282,0.1563254622136006,0.2801048852268457,0.0940430409669235,2.2304445344598784,0.4492695045022169,0.3231731719733841,0.0057658473008764,0.6238621072077378,0.7372374862550366
run_1752,6.165205399550497,7.245343107611123,2.5645298204972575,28.36942805666595,0.3198252280119241,0.1273146327061601,0.2255878454972386,0.189813246956989,2.8128498370840163,0.3896335854407514,0.512906878717468,0.0089214503526852,0.6329560995676922,0.8347537255025189
run_1753,6.759117906594129,8.986599411998263,2.812029967332758,270.23700649210963,0.1124285500235971,0.1875831928602529,0.2699244140253252,0.1348387641915232,2.2174062203293214,0.5787316586062248,0.814219851095741,0.0067851863250797,0.428657248804312,0.471085888934103
run_1754,8.047758591147105,7.65569242484033,2.6316068109210407,341.4141318960572,0.3940691999197516,0.0598457458230403,0.1264648903916162,0.0873451972883284,2.8944204907085647,0.5817383458352638,0.6667214431969098,0.0049233644085096,0.3211296856995516,0.3676189410496296
run_1755,8.218746213260742,8.630971358468898,2.594714833478094,9.999795673735312,0.3900651431562976,0.189497501327422,0.3036266552973147,0.0988907619344501,3.258474298402861,0.2155516997146687,0.4444062236533496,0.0111027682084398,0.1484021740637067,0.0301382589972933
run_1756,7.034971462739478,10.548012698953938,2.8925149562180614,155.6894779851095,0.2472956790684776,0.0582385205316027,0.1188440883295363,0.1758625680493862,3.751411822920731,0.5565247823586883,0.8118609411555784,0.0024043014228984,0.6874183939069096,0.5346348497170836
run_1757,8.689011587231436,9.670794600545737,2.8367080033490657,223.1820686943364,0.2790156756182473,0.233231484877794,0.2229056782795074,0.0219445143738869,2.4426468738886213,0.695436098987765,0.4138722842570862,0.0021376128078927,0.7624905536858017,0.3826218271406786
run_1758,9.96186665159771,10.028144921568211,2.5680057466530024,147.3343392755,0.3865590679985898,0.1138720855078888,0.2147681274646127,0.084919912501073,2.357358516060699,0.2676923291997753,0.5309298048564182,0.0082346567188142,0.6361620335431459,0.9029354272767504
run_1759,7.770853395902289,11.734651985798616,2.640716419960252,358.1951472874119,0.2392442626409085,0.0619317660019336,0.2680148272014561,0.0713851201696387,3.692960708429269,0.309230268935296,0.8284867367488444,0.0042700449738642,0.1941970618042965,0.3098326417434174
run_1760,8.387369798349342,10.383335947696546,2.94262471019902,143.52435962359183,0.1529010049430618,0.1371720388959957,0.0521066859495065,0.1174712258630319,1.9034448653705416,0.2815053230450647,0.6747017830686602,0.0037346346604476,0.3428637903770353,0.1407654965278366
run_1761,6.786290974053787,10.237084550126726,2.7171363091819547,21.456114082200813,0.1338530559279047,0.0199767155199911,0.0982350833663562,0.1730488852258499,4.423589763550101,0.5902390379489144,0.7269772569054342,0.0012362541672344,0.5926567435084232,0.9932688578129392
run_1762,9.10299394629691,6.779582727335279,2.989275662945607,119.36711299854213,0.2896453149172316,0.2698470947551495,0.1312331561461008,0.1120147306410807,3.947758679951738,0.3260696200660214,0.871151367818841,0.0024798400021639,0.4952905773332156,0.7995979321668514
run_1763,9.447130603173893,8.901795462408383,2.480566904660583,332.18302251459346,0.3869839627400472,0.1994804677344463,0.1351937672041193,0.1359969516112479,0.8425322657173485,0.6524404592483244,0.5396729617849964,0.009601599289518,0.3076735442040589,0.0084249988087836
run_1764,8.376001617099211,9.23711685701688,2.570391246972915,146.02948963408093,0.2927108841919427,0.1163805695311879,0.2134609495539809,0.0469710981658046,3.2845231201159155,0.5304898996108112,0.746018988566047,0.0116070321584572,0.2188173622889456,0.6164561765609282
run_1765,7.184339943614049,8.241198060301334,2.47007914047511,12.625697865642117,0.2422485467664905,0.0218041971763933,0.0830419043506347,0.0467200621863762,1.9538497962614405,0.2691813335350976,0.6594863445720838,0.0092711251578903,0.4019648934523443,0.8287600395228933
run_1766,6.511229375028324,9.692281264988518,2.860142433436042,229.34503850817447,0.3180113711653916,0.2426702780644432,0.2570750606767206,0.1024516097537624,3.9014671371805023,0.2548581785933967,0.3908083161249803,0.0012115254081891,0.7300987004139997,0.2999957462050175
run_1767,8.624972864978849,9.40112480297982,2.764339796729953,75.4002284140659,0.3173773650372647,0.1660861680744598,0.284478202189304,0.0805118799507497,2.070420656900529,0.2998517941525961,0.5404494715120153,0.003557281952416,0.5741626030843701,0.8049614297795595
run_1768,6.466535226134991,7.893882687090138,2.4584732106095855,311.20034270676143,0.1747179576679664,0.2647358771207646,0.0286881550759271,0.1927149933843825,3.387072481232563,0.4350130858720604,0.7727930972978716,0.009899829716188,0.1873736828802047,0.7204249800388364
run_1769,7.569245017841859,9.297081475351543,2.7103413066644166,352.42932956642,0.1124587687201644,0.1570091835745782,0.32951611326331,0.0754506845387259,2.627364696714773,0.4679617451976521,0.8450463051315844,0.008986307365572,0.545685936099112,0.1348572904193824
run_1770,7.282827090510465,8.870270722444472,2.714551720446629,331.499767958265,0.2313066060194365,0.189254972742753,0.1252058675282193,0.0635663282623743,1.3683529447291485,0.5885604612790503,0.7161638754838029,0.0029206794697349,0.1668588996555313,0.6155876085923071
run_1771,6.118062853938819,6.229119622847552,2.8442311954894324,318.31052466703596,0.2445703248916504,0.2785276276932544,0.1019760347675869,0.1851455363221908,4.933411335333063,0.6416592308221847,0.5036990554796412,0.0101909568228463,0.1795937085331855,0.4588946209622991
run_1772,9.869495424748944,6.380627579290207,2.5059280359755336,105.43856245415184,0.2863089029296701,0.1336466748530548,0.1447951216805766,0.0913190070455204,2.865385125450044,0.3526576963667487,0.4855996242723198,0.0067750431403847,0.5424976966510202,0.7133721110404501
run_1773,6.434495116490319,9.245611293683272,2.751922221463758,138.88325047955956,0.1304214005632062,0.1780154410297981,0.2193247883135161,0.0465815969905086,1.2907576234136842,0.3622142872782066,0.8274561297675413,0.0088418270748307,0.5553170473774857,0.5146658025441754
run_1774,8.707985188630072,8.178502738218974,2.848331187130497,194.53557268411564,0.2629789609364164,0.2628419498322344,0.3253759107177604,0.0450956938084856,0.909679467464146,0.377633478144981,0.5847640086564176,0.0066701191598239,0.4115275299738669,0.6124072456385037
run_1775,8.870326845320786,7.747516104648826,2.5460685847781415,305.215235566634,0.1175622504078236,0.048738966476467,0.0365826236856113,0.0707639146413062,2.0734635392916374,0.2174419695072657,0.6688056469460109,0.0119545648282092,0.1074098476131656,0.026647750887601
run_1776,9.97922782076498,7.504021554204693,2.466202459153894,166.83198246911533,0.190714722407717,0.0991356052350676,0.1171006747999739,0.0948655561799909,2.4532467111466985,0.527885715199081,0.7740036618344259,0.0026450993866709,0.2326195324352456,0.0932697746718459
run_1777,9.49618304658294,7.658339207374846,2.7997864811923403,6.849549457895796,0.3362835906437966,0.096734312874876,0.3423820838861727,0.1245537383111207,2.1572315245636364,0.658549299677471,0.3611320561504914,0.0090682615207839,0.212637575465002,0.4571292985643959
run_1778,6.968611418725386,7.8213248215564,2.981604914093601,48.12808606897772,0.1158959809892022,0.2250444127757412,0.2983973949514931,0.1384639033919686,0.891803986499044,0.2662295114067204,0.3020811533823757,0.0069520193678394,0.2192968189170075,0.6390879990742818
run_1779,8.273469468671326,6.490376183853759,2.542721425022149,84.41098491354914,0.1096686581639151,0.2513717675404578,0.1656542946277919,0.0770128519041223,2.4184413125145285,0.4761090486418181,0.532002668044071,0.0104650075028633,0.5352774662015666,0.7594550263509133
run_1780,6.273986132824705,7.214846309541885,2.89062233556324,140.92482505129806,0.1288197247612728,0.1727248806083442,0.1822985670309762,0.0733105417063559,1.8415784709836511,0.2669727012966054,0.3852035252170407,0.0096434863724313,0.3719404760794051,0.960574842740704
run_1781,7.358165310339252,6.75735484968058,2.8398882173693307,142.23957819536383,0.3752897992348637,0.2916632942923907,0.1252896887786181,0.1157799037905227,4.915455043138908,0.5249989832212878,0.3730924230226563,0.001263545778807,0.5490278532534777,0.6137653878842481
run_1782,8.088112651166307,7.010683456715837,2.750017875000001,298.830585931188,0.2220397255530474,0.0950049734589705,0.1436993706712526,0.1003826265252794,2.754761598936139,0.2159119294485257,0.3310134733679293,0.0031228527749188,0.2885840857198405,0.3213067526956361
run_1783,8.114650810822443,6.292471233641873,2.6580843803601777,168.5291648318332,0.3413453417892409,0.0826592517000766,0.2743035650377767,0.1707142485096626,2.124082497667583,0.2744229625121152,0.552628007352258,0.0104413944955465,0.569561381403525,0.2915440439812598
run_1784,8.288798612210693,11.210586391151278,2.6563121949476716,21.096999406108576,0.1165993238249584,0.2559885841954947,0.2917231382474528,0.1126465104120692,4.6682018385301145,0.5468733017882317,0.5536069881023292,0.0039051352580989,0.2371521958854366,0.7154780448400099
run_1785,6.230054020282486,8.373803222550745,2.4814820154073427,298.076819616766,0.1191750400448563,0.0575585865700609,0.1669605756942333,0.1676472887431661,2.704362775277701,0.2333400356725725,0.8946137276242423,0.003524552522459,0.2659583917489752,0.4082780580458544
run_1786,9.260905181243857,8.380490079070984,2.950153299982368,149.60620544921542,0.1195486313594609,0.1325774993356525,0.2760266961851453,0.070310449866617,1.7746666443982275,0.2482051465128444,0.6038778844596429,0.0056880591713937,0.7322034798599417,0.8894401887948443
run_1787,8.375586281189362,6.360633708614816,2.5284211244400794,193.05423203093287,0.2887311992540721,0.1801836869829075,0.2504357244846307,0.0264770640563549,2.4992292570814856,0.3540560247260371,0.5273147592354643,0.0030836779962847,0.1826673201295989,0.8534836037145024
run_1788,6.784641922375187,9.727572257267587,2.554477410208312,37.85605898000881,0.2344775688869802,0.2576802853071145,0.1375785973115195,0.1040497815406756,3.2042259776824897,0.6766825974917945,0.7597043266894754,0.0107440054622486,0.4751586135803431,0.7765092132684152
run_1789,8.187783545109577,8.5099346389709,2.7942370187230523,281.22252923275465,0.2841520303132237,0.0690192997169516,0.1552435714849249,0.0617742295598923,1.413187056994082,0.6510147476676034,0.4220156458108572,0.0031240336426868,0.6802847539923405,0.1179265414453593
run_1790,7.96628644098032,8.226017726049477,2.831984423120553,356.36982534479364,0.3878915632163797,0.0819882220713388,0.1245465305175063,0.0120715255838945,1.959314585746896,0.2419569328618833,0.5783204251302585,0.0109532163603168,0.4643014958812533,0.9532318834718828
run_1791,9.883317349848546,9.286176457498392,2.6791896425736943,264.5790437647749,0.3550191103934303,0.0277611004493958,0.2474101992953776,0.1873634453485339,2.9722445224111453,0.2320543739175052,0.4438049816249348,0.0041911675437684,0.7372957549567283,0.6415141485106922
run_1792,8.303577333423874,9.90519966120128,2.848046301131175,304.3790648051447,0.3382836327267823,0.2219616198350941,0.1810407845557566,0.0122080134285027,3.024706956826255,0.5908945787061699,0.8258069297949213,0.0041084489591383,0.3003725172332752,0.5027517666070271
run_1793,6.447773134222235,7.817344850856433,2.4340918532124243,214.4342064882989,0.1844732093513205,0.0131910352598596,0.3187305422835139,0.0862419455870129,2.755591272863644,0.4379196932558937,0.4114378446071958,0.0079097764047227,0.5808173126012535,0.3358602050253073
run_1794,9.47928761872562,7.486266945494911,2.919218875363951,201.38252979914853,0.2778775737676341,0.0194526500648112,0.2817685296316946,0.1139390514151556,3.981874569291716,0.2597156776942059,0.7406706744176086,0.0039452545961892,0.5684675005664296,0.1901335884037699
run_1795,8.317554238492688,6.321207150990427,2.8385070210621013,357.5559943888356,0.2489703679588867,0.0432741000242693,0.2140275469152145,0.0981838425109613,1.1763409553823292,0.5987972379337382,0.4006822611158044,0.0080435004406655,0.1112687756649422,0.2332101448035837
run_1796,7.130784573432331,11.617764248247616,2.678339515602398,202.59775249753383,0.3692545530301346,0.191062824302509,0.0584307986607767,0.1171475755033095,2.6721895210738795,0.2696778674010264,0.419193862880701,0.0082537568148008,0.4663634406310565,0.9454690744752602
run_1797,6.717917058190681,6.2015575695824925,2.605828236568612,11.742500009633618,0.3388202254794662,0.0210074435586071,0.0924540531793083,0.0329457262155352,3.7887858479718455,0.6938460606778956,0.7855950390551766,0.00595404360532,0.5633586544431973,0.5422936744492595
run_1798,8.989011794567741,10.227050654717267,2.8277888128571016,115.99377315080056,0.2217212507767108,0.287671680052405,0.229046416871212,0.1222498218948146,2.5986620335003474,0.6084416359785023,0.5969897699340307,0.0015593838628792,0.3954572733551482,0.6760960710618579
run_1799,7.501638498450997,8.167061099503027,2.409922905787568,237.38902061562928,0.1262306985489688,0.2312667887913203,0.1299469831369868,0.0174276745051065,4.4291906215456605,0.2968648869807427,0.3034999306569198,0.0025685627076954,0.4933317446647906,0.0209300730049509
run_1800,7.369821579564134,6.498446022160433,2.556385547105934,209.22757446891072,0.2969908798806684,0.0150541955896306,0.2197749717732826,0.0597026590532056,2.88127479243009,0.4128717260915194,0.3194633815661751,0.0029306181546717,0.4568617400105133,0.6728405026679563
run_1801,6.00576001816857,7.013962111137016,2.7433188979982543,109.1497624166458,0.1602648638294917,0.1227865119203586,0.3499141985699189,0.1295636363487694,1.1038623265201388,0.6054454417845063,0.4641422082425226,0.0116755889462249,0.6213755463936661,0.0271509346069509
run_1802,9.592268905571345,8.765919189657554,2.624127580535851,326.25015318128345,0.1197164876109396,0.1639117183686511,0.208910524331071,0.1862456870631059,4.183662089417675,0.2929760519127454,0.3757311625276495,0.0044652363558906,0.4937950948948009,0.0476870478143256
run_1803,7.411602613312478,8.80095833060992,2.9783548925791616,290.91205248930186,0.1544831993753091,0.2104029980454363,0.2388396982235359,0.0352733522192433,4.976970502593177,0.6508313975516123,0.314735475525108,0.0034945885916974,0.196140308494648,0.9209228157719976
run_1804,9.48393684106017,7.640874007941826,2.9565925299877187,278.0394165602081,0.1322418907488164,0.12264873066511,0.2608418913881933,0.0372708253795463,4.459443245796133,0.5388055856081263,0.7659079254569658,0.002552604353856,0.3730969477483329,0.6796920496029092
run_1805,6.424044646970623,8.096100581896934,2.851565103464712,304.6652859488018,0.1331266870536864,0.0583227910056639,0.1230152221888594,0.0461129580836527,4.09296405516061,0.6678137721016921,0.5704417144334578,0.0030078371751548,0.7841766520133469,0.0364613451182877
run_1806,7.197136748559248,6.871253344237363,2.6112960031845103,171.57322404567375,0.1164959865032565,0.0252537032805534,0.3292649790895842,0.1754944699684584,2.1621694154117623,0.4168457553851328,0.3897700354781148,0.0070031598251858,0.3823954323493207,0.94847510011399
run_1807,8.565777198677322,11.905515286252957,2.548008117367948,63.43730620815308,0.2416430625787236,0.0169543457766817,0.1120778446327515,0.1686726916896498,3.847559517026198,0.4165744265414205,0.3366763709870204,0.0077597010795242,0.5994695234641865,0.7256777590796746
run_1808,8.841361330842524,6.212957670327373,2.4166105175637274,267.2223653075693,0.3222779458822303,0.0659387876265393,0.1572853139861646,0.1893537088586376,3.9504463113712127,0.6370244876672134,0.4752934957425965,0.0105531626209727,0.253003951477014,0.3896733555294695
run_1809,8.559445934201257,9.220111033851431,2.6174590371645094,260.51262344046665,0.1774145506572762,0.1237493562166303,0.3444827827829553,0.039503380978057,2.6965991092332593,0.3413065878960307,0.312273471145697,0.0096244804108213,0.5147813503211555,0.6028242920670521
run_1810,6.474413122236649,8.564326087665044,2.6903908820742277,314.062571316399,0.1435774018241284,0.1141016237119948,0.2810739989952444,0.0890447083906287,4.6839629340865505,0.5220442248675545,0.8750380131752273,0.003364513130688,0.1711268081803962,0.1543255830857005
run_1811,8.469080391129285,6.906023612923633,2.5790050408272225,62.7348337573884,0.2562047783002423,0.1271470850267944,0.1750335797832601,0.1337420855530738,2.4880324695971794,0.5936423645350748,0.4288617996457196,0.005154475946638,0.3474720031642647,0.8336174672055691
run_1812,6.661235099919179,9.945091055354172,2.677562750648303,95.03496867490692,0.229132512037912,0.1890433883815035,0.1263864306677613,0.0618238844141743,1.9290844921113963,0.4542567686340671,0.4159581791708246,0.001576333148269,0.1311602442045156,0.4252430591042879
run_1813,6.183853880457327,6.041757376136944,2.996197412195417,18.45093673997505,0.1269063653778326,0.2359317992988121,0.2993517751632163,0.0532381299634875,2.3671403541710943,0.2805814000617515,0.7751595903775934,0.0088623444481291,0.6776984175575665,0.513229652325849
run_1814,8.30921771427967,6.781138688254559,2.923082263237669,176.47962878052076,0.2643407687035176,0.1954692437337681,0.2508143199518863,0.0322555614117653,4.532511156144178,0.2576536191180145,0.4209577106794657,0.0047348983805682,0.7636838304838189,0.5455257059770577
run_1815,6.59512738661627,11.373258779830056,2.5590371331087134,48.64277028324056,0.1376747198957269,0.0606441306222565,0.1737667498748781,0.1204325201806415,1.1477228577669056,0.6635839268278777,0.3965025630366649,0.0023654318728739,0.368273209623802,0.7178234060423471
run_1816,9.97770554416359,7.826233422273006,2.8144079398911206,32.513427125000106,0.3161450246310713,0.0457671879856917,0.0481779668739158,0.0136827414163268,3.999798738439651,0.6278237681429428,0.4476761200638359,0.008557226055687,0.6211086691070854,0.9723441374978156
run_1817,7.013845910948039,8.590160088798296,2.7407950835120087,56.30303585855818,0.2776619529932934,0.2512279828961334,0.3079865388578977,0.0157341774366958,2.6357382258574975,0.6364017811946707,0.8240163309256086,0.0072395365717656,0.415675611542314,0.4249790428886191
run_1818,9.04909552552998,6.332345763749901,2.8160978350274357,266.09771331710886,0.3685275766694882,0.0711685576072838,0.0738208658804422,0.0772615214294819,2.838535613064863,0.34381729631697,0.4958513692267159,0.0049273734886012,0.6267498482451851,0.5283526349098853
run_1819,8.774047134963153,6.042987929285995,2.5553364463201804,351.037554195273,0.322915287163066,0.237579345680243,0.2180246461563537,0.0403754336628878,1.493119460353679,0.2664597243007386,0.6941064279489144,0.0117186995427895,0.7726630379310903,0.6182389874707049
run_1820,6.827206581417411,6.947861494689527,2.578456441536988,93.05322149167426,0.2631963115075543,0.0626091218363979,0.2057416569899929,0.1537335968530201,3.392860597407794,0.4516088029822405,0.8298768889294694,0.0070682715945557,0.3635540514453698,0.0178621863687892
run_1821,8.697999722543994,9.314885342172364,2.4677707443868737,274.86445721605486,0.2659644927558547,0.0638240915625811,0.2877649246598999,0.0381347945509355,4.495144006659633,0.3977810296411196,0.5554698747250482,0.0050418731757553,0.6258581540271586,0.716542126329606
run_1822,9.69643092340074,6.922794218494957,2.6502435401147486,239.85644715093707,0.2152473137909623,0.2631216954005295,0.0680308589739012,0.1824902203116402,3.8284621563739143,0.5527525572538035,0.4343208249508661,0.0075715905012292,0.2459251210448414,0.1386230902218805
run_1823,8.252943999489077,11.413331699397189,2.560786438084067,69.28540974153152,0.1516128065515534,0.2894763740304527,0.1663393789142994,0.1679652911768298,4.545894103309093,0.4302340605272619,0.449085071024512,0.007986540080577,0.3582076851149431,0.9218077675023656
run_1824,8.424925274149626,8.87303980771671,2.994456364076026,323.84429808224485,0.3447633850777818,0.1187802673473972,0.0930446083436059,0.0756272399772554,3.8742474166262584,0.4380789496196897,0.3253765098576587,0.0036577626519734,0.3054035651041384,0.65819832472337
run_1825,8.54197402591055,11.180298510045963,2.545017105839101,7.369913038172306,0.1954934156877306,0.1470885588910961,0.056081767183356,0.077097962674778,3.155888820740188,0.5659812074116999,0.42828709248006,0.0019391755667771,0.6059930080118141,0.5993287576755683
run_1826,7.257205644385398,8.767444198750805,2.438097208879882,174.90635957439918,0.2285103449290196,0.283725747660279,0.2879593493803445,0.086641126690318,4.913582974253783,0.6772870434984657,0.7336851175510704,0.0045739878130155,0.1980870772505192,0.631671412835764
run_1827,8.080109400465963,6.243366613261292,2.911291705391416,67.83102159740572,0.3367775228142343,0.1929727756399195,0.1679107227793988,0.1796779055620901,3.1729919718111796,0.2915309963009338,0.3427382045777223,0.0087926681276405,0.7570004469904126,0.2187315518261874
run_1828,7.427103668595768,10.360500845492428,2.6729557885272905,289.41970712848945,0.2079007665305929,0.0672923402789884,0.3490746504594446,0.1272451254069557,4.771425979555588,0.5967419898565516,0.6549687135302985,0.0090752534908621,0.7081775080618983,0.8362950754949967
run_1829,8.836509019999749,9.366040335777388,2.917503652451568,134.91470828494576,0.1441315673889319,0.1848024210835685,0.1715967816383841,0.1797982758722032,4.7985330551790595,0.2237506899596624,0.7478009437018972,0.0116371137190267,0.2926076204616092,0.0453809568998854
run_1830,7.18199377610016,11.96794848452294,2.949233286095832,51.43835184821162,0.1464171747902722,0.0432005157413544,0.2109948399960315,0.0571390595201456,4.968442753498501,0.4045940146052383,0.4406524861025155,0.0065997543834408,0.6990632595748847,0.2295939388354912
run_1831,6.402552359471962,7.344366494622126,2.694744942031535,161.37249965906793,0.3149443854201452,0.2664275969572821,0.1931026788402849,0.0865123924956575,1.612424854558664,0.2936150080225762,0.825163790308578,0.0021682221320481,0.5026188074709245,0.3018192882955841
run_1832,6.014991893871167,8.1618147065421,2.552170353019964,31.716643734280012,0.2066060587904365,0.283142365838955,0.1040272724952521,0.0894414684604948,3.4375771824676855,0.6788931410046319,0.7502076807364761,0.0082282841375034,0.3806497607463828,0.2936108767484996
run_1833,9.010677186766095,10.662471211278826,2.433602926995778,309.15422007839095,0.1456450882757912,0.1662070556639232,0.1886627568469798,0.0752157781077232,1.0979739397448072,0.6400051592612276,0.3479829487966278,0.0098662069402122,0.2217106246210101,0.7012537580394936
run_1834,6.096098676992512,6.6219700183796055,2.6413243315964383,306.481339285401,0.1499061390933063,0.1148302472387065,0.2967672210131204,0.1912191403797697,1.614328967486404,0.2556539464689032,0.4452177173375637,0.0091903337993485,0.2947993574453318,0.6370100234867155
run_1835,8.701075764454067,10.741952574365357,2.8435836238171355,235.64256899642805,0.2624098367874113,0.0441877950993711,0.1226689110598251,0.12260024445374,1.940796060288991,0.6045649274002864,0.5586951277911365,0.0015274981361783,0.2218862124034721,0.974875539049932
run_1836,7.511735189471583,7.440050991024552,2.5547916408649773,276.65430550315676,0.3377035131201337,0.0680225907008321,0.2356035840802835,0.0910237398663261,2.796269576348921,0.5578164245428701,0.5311063415256604,0.0090727164282659,0.2321847779209731,0.20670281267407
run_1837,7.393929186885771,6.564725313067935,2.773117378524218,153.0308976868219,0.2372974496737269,0.2362514148944743,0.0921503038178465,0.1888778622204464,2.8931540614630507,0.6413695656330898,0.4272668530999041,0.0074743301933603,0.6882162637208427,0.8716031761744458
run_1838,8.223559451779726,9.752752694270477,2.7986260249724797,333.5574333307637,0.3327183945369117,0.0376252043790362,0.325829208112884,0.1964840411715079,1.475951563450736,0.6864750993185595,0.6725634998666776,0.0102210060229941,0.5990017609799023,0.1451071374961035
run_1839,7.246321921764485,8.472225181958361,2.5940411812802395,215.72948669680952,0.2886926953271286,0.1585902133218555,0.0505750499272895,0.0390298727300448,3.4676495315810065,0.4790401931548614,0.6101821394673348,0.0068688376286741,0.5178851588349668,0.3335091656387222
run_1840,9.222724736549816,7.586870099942138,2.636881911354547,253.21352247770085,0.2932302141478574,0.0666623090004527,0.0312032404665638,0.1979753275669585,4.046622798290399,0.4969323977232286,0.8583945117590326,0.0106040989343375,0.544074239204781,0.9449621221275064
run_1841,9.24089750503686,8.547968762810878,2.709054817144824,268.8709024896814,0.3307191571161463,0.2981272138359087,0.2972233821160916,0.1592442782992696,1.5978168455643669,0.3827505656615461,0.8244798153917055,0.008053052645997,0.4272845232971615,0.6554801792673793
run_1842,8.008485244275176,8.056035967290242,2.4528455337505664,338.79997723794617,0.1861772603716426,0.0375397095743301,0.2827397222496731,0.0323474672866387,1.0890515682640356,0.6520040179381914,0.8378066675339393,0.0068114619166325,0.4472088635053913,0.7911659444614701
run_1843,8.704241610187527,7.062336737559795,2.834539065499224,192.37194597247583,0.1412728831209092,0.2062572263027727,0.1633582929565308,0.1268935700434786,1.0288798650731403,0.2552385327237715,0.5221150847022227,0.0044441305945271,0.5863400364955462,0.2179047958511585
run_1844,7.8351867291875985,7.4556950293448,2.4068674135838264,155.0591642004141,0.2309946680805398,0.1531997042234494,0.3375522949055484,0.064541069690147,0.9780530922134149,0.2932162292108614,0.5267817455096457,0.0028880058280961,0.6537348142086458,0.7971548031868465
run_1845,7.708047094261726,8.946875667791616,2.659713451569062,222.61399391180404,0.3590999995949322,0.0307820073068097,0.0905648804961115,0.0425349455372061,3.283425052991281,0.4889125197426745,0.6223097842464884,0.0096143886548717,0.7668153079932377,0.4343460815900803
run_1846,6.36828453152743,10.81109177336714,2.635708536535325,193.17491958678772,0.2165545936848156,0.2641948272742303,0.158719449608441,0.087112594721636,3.013904217295692,0.4872984391010393,0.5353487200412859,0.0076219114347207,0.7704243533493389,0.5579844265384654
run_1847,7.837437209110411,7.474029419848907,2.6282596192801027,310.5517518821312,0.2583067920645457,0.0541626943383035,0.2815270248040862,0.1145081066919837,2.5901383416099906,0.329777775114231,0.6649762673239761,0.0015632294790079,0.1371158869543594,0.4904379570014711
run_1848,7.847474438668571,7.287249918170529,2.5831733986763368,189.13103363009537,0.1681003990432644,0.0385501796503258,0.2621506242607763,0.0618901329190705,1.1826478481042466,0.5711395394951897,0.6026868116897386,0.007606374351002,0.3065690418840106,0.1778813096238244
run_1849,6.809318945152615,11.938462223006656,2.7902657568877007,53.6722983851221,0.1342116850043339,0.1131953118219485,0.1148748452118829,0.1914689173963433,1.2730715665675925,0.2265077115714983,0.4316026049514951,0.0070614639646154,0.6102655587408369,0.1657609929248423
run_1850,9.530895977480908,11.387631568148803,2.8653787937981803,13.954467786510229,0.2848816689340737,0.0357256912484527,0.2515031093519313,0.1271159976097713,4.688820562703674,0.3110120168506356,0.7560680430351553,0.0049460894166356,0.7472691907040195,0.2796750109469298
run_1851,9.203475309979774,8.126740176489259,2.515033518371454,173.65265235192354,0.3260689792526782,0.0885557723085899,0.2437944100102807,0.0742750911743195,4.731739904063382,0.5087623134456867,0.4327765286791063,0.0083422560500987,0.7721184990131026,0.1324354075633587
run_1852,9.543790996991548,7.813015325591019,2.469869156299358,82.05682011628366,0.3546341378904519,0.168419412717496,0.2120515214252858,0.0117787672497654,1.849158036273776,0.4458231197434107,0.4176518940191357,0.0055190798379768,0.7871791229029937,0.1271879070563363
run_1853,6.743393584755485,9.227644136415314,2.51259524487483,97.51174774777968,0.1004022576455722,0.0895220084998084,0.0774613685473667,0.145732057661621,1.433263234484413,0.6322803791802291,0.8742683231626016,0.004551253217305,0.5433442758896472,0.9845063275439538
run_1854,6.126693231453229,9.108943397902705,2.485483462702384,337.1211049439282,0.2805558319547495,0.1561829083872603,0.3397770162339361,0.1000418522121349,3.595700186788826,0.3132814655922177,0.5874363297286558,0.0010634765600426,0.4684594275289443,0.7210218580251885
run_1855,9.775446833723096,6.266241914816709,2.589538295135819,132.56414361708977,0.1902839223472952,0.1282372502878679,0.0493841504902697,0.0280020279243768,3.063872770074311,0.5695235741385478,0.5073623094999986,0.0083611556851293,0.3863417627462554,0.5182225081039096
run_1856,7.923585597372802,8.475224461575456,2.5780493430359974,96.85660534660572,0.3603410281200562,0.1030413199742344,0.1189630264099106,0.0357797276815514,4.553876577636547,0.6985303527314509,0.3484450270159507,0.0017479296487978,0.3752073786501444,0.3024684216643013
run_1857,9.10103779541809,7.925423761416321,2.4617274049504507,317.16363326402006,0.2468329781030567,0.2504451324552999,0.2358214151668783,0.1081164709436632,1.356635790342242,0.3646996458872106,0.3001453245895382,0.0051316521293289,0.4157827500969906,0.6843401459973895
run_1858,7.634321455267196,6.531113710139957,2.755057794052664,42.722583246064275,0.2494953228883684,0.2077286579894996,0.2761486711718043,0.1932362723558984,3.812052256804283,0.5444586062388121,0.7787984456993674,0.0108205828814291,0.4734232529015405,0.4832187806183322
run_1859,6.706959261892711,6.881588206806476,2.6195262009335947,313.3755986006869,0.1641109070345552,0.210637534401776,0.180559139988001,0.1266001665414324,1.410315466059775,0.4297445692063673,0.5585039506685021,0.0035337132492355,0.1936835532240455,0.4795232782810219
run_1860,7.395670880739692,6.4401898212373325,2.537150280314179,166.5134716456484,0.2578797571595232,0.2259716929260836,0.3152164105126704,0.158408236349237,1.575751423223808,0.239130247485157,0.6332092273253748,0.0011295592595821,0.7906426407888418,0.5039596129258469
run_1861,6.744986371610071,11.354896085805056,2.813768324116468,302.54201678003545,0.3848644918469794,0.0821409662861889,0.1685756946444545,0.1836257665645168,0.9984156421085044,0.3306654930233638,0.8533920226109721,0.0063229241299591,0.3686791749425845,0.2405941424503375
run_1862,8.769508618337667,11.535536195655606,2.4768416061839127,160.80005980886258,0.1467953974112798,0.2472836501415424,0.0625646133032969,0.1582602505824219,1.6079060731848838,0.6376696557987593,0.7927730770808401,0.006499614069535,0.2196168102152436,0.0396765324742225
run_1863,9.705055031516023,6.497257975972497,2.6940207362527357,331.8668023706497,0.3833306023190711,0.1303210944868996,0.3242768049689254,0.1552053568881799,2.956560726572076,0.302286264481124,0.3681367570066907,0.0051672490717436,0.1399786406511858,0.100200153633808
run_1864,6.678309111984476,9.701169101100144,2.688116929277827,134.80691493465332,0.2652985821920491,0.20779816880664,0.234577135985692,0.1895076859779048,3.2922132632933643,0.4267807981359379,0.7891846397409084,0.0070545148468507,0.4021872024899956,0.3813972683369584
run_1865,8.82547862022751,9.753981614836256,2.7591122341658165,157.9041342237432,0.3438813786429799,0.2158546792043205,0.2138580906954928,0.0992738610007614,2.306245853937516,0.6386320518895993,0.8154346774417618,0.0093635246799744,0.2130728999901633,0.437296282659448
run_1866,6.074547528578014,10.39441441632774,2.9074407631648413,29.82417569741127,0.3735980910175824,0.056916595305462,0.2253344693331766,0.0278639344015534,3.486301963586633,0.5140651187186196,0.6700640003904912,0.006735074923467,0.6647864729323955,0.2008978179182478
run_1867,9.564896222678724,6.1055661708012945,2.63454377673689,293.0391814590836,0.1698811590224984,0.1473931648383481,0.1306219781448662,0.1338416895516328,1.1189665680442658,0.5012230583952764,0.3372862166949407,0.0105590027653485,0.1667819314334508,0.8008852054414268
run_1868,8.603407163532273,8.412644671974604,2.750248231870648,303.9172781376989,0.2050680239274376,0.2283790811537834,0.1681568363924178,0.0245199980175037,2.7857975627375797,0.2586279922576348,0.3350658189270367,0.0020950875668736,0.1921627493811302,0.0075338783210701
run_1869,6.4601183975200875,7.453462400836793,2.6931440975284113,333.9473841735042,0.2781459237742362,0.0905246843544295,0.1358326785445338,0.1236424191414294,4.8830102345508095,0.2119445321266449,0.4806506614527295,0.0011518568438587,0.7801815727287493,0.5561611364487423
run_1870,7.398969517146655,9.70750324424954,2.827290763124088,199.03549638167544,0.3936601953153286,0.0887166152331618,0.1329617593816929,0.1104038464545729,4.100475044667911,0.6095276194504466,0.7936640801910961,0.0093220802240589,0.539427549061934,0.0834105830958222
run_1871,6.302482168606425,7.402939657684134,2.459110076818503,23.892816739419537,0.3737766778866118,0.1388333902491667,0.2379006535067691,0.1110626115580708,1.6386692961859333,0.536971703585241,0.8013583452461328,0.0063172039050597,0.4974503485826491,0.4406720122718039
run_1872,9.763043570741662,8.41566330920484,2.735493548847112,8.616526964380855,0.3281839805783492,0.1607385950643422,0.2975778643696742,0.1305344255460343,4.07721150765601,0.5470457097202737,0.6117221215888752,0.0021718371728667,0.7896049689063612,0.2624605448075701
run_1873,6.1391147333862115,8.612420786434548,2.887590715630631,15.630953194345336,0.2170033635673655,0.1581617923258431,0.2557414340200847,0.0565648630442374,2.15407523029369,0.5619939968128768,0.3229355767386395,0.009811169214256,0.1398063758234266,0.6307956385099389
run_1874,9.161525666188588,10.396326045125727,2.470403163248833,99.25355456565192,0.235378296860036,0.2251903072856216,0.2402036221567606,0.1777051535645846,1.1055784197578222,0.4181742137296085,0.7898058110308148,0.0117277280467336,0.1142828310873142,0.8134337866053747
run_1875,7.527255269834051,9.146608573620616,2.4443307715246743,18.263695719380458,0.3340314857788327,0.1278524081198833,0.3146088545214517,0.0220635235465597,4.433006252263001,0.2476207652622647,0.4729572337945428,0.0107919219428113,0.4284836884301817,0.5207959888568744
run_1876,8.099258033416177,8.988066500968033,2.502341550984503,310.4095660950754,0.2692245321069606,0.2435733820399694,0.2444514651929771,0.1496072337330098,2.3617177475267175,0.5597703900138462,0.414650252020999,0.0031895110272644,0.2614776740741653,0.7248118893984109
run_1877,9.546486374860374,7.007674299074424,2.8605440761260343,126.53481972313952,0.1258272681423419,0.2387079286268722,0.1713981251811067,0.0673660352044463,4.509749977946639,0.5661750312766015,0.7215398122028812,0.0082589394152012,0.3851040220136188,0.6888697644856239
run_1878,8.681745635673055,11.198220775745572,2.4741420038710302,154.8512099746657,0.2914128639984495,0.2364312344973165,0.2401109329383011,0.1686474998340626,3.549960168347658,0.553740067914101,0.6803987175038407,0.0053306741052283,0.4884423109108807,0.4652201105737425
run_1879,6.984852954595398,6.17482848251849,2.9290850614043267,14.453072008909649,0.2769451051804841,0.249815820870909,0.068662126610679,0.0517042811037132,2.9893288312875184,0.2933149222081144,0.4026645757330678,0.0093807234680407,0.5273130249058737,0.6244072849640199
run_1880,9.290032574039458,6.575063691722552,2.66657121466347,327.58638721821217,0.2705816004545126,0.1107099688991746,0.3290232978422475,0.1361150705173651,1.2248021232938653,0.3746317405274733,0.7551094101720665,0.0034427058493613,0.258019817553367,0.1460297461457358
run_1881,6.5763772244047605,7.579895189967476,2.504768577048921,230.6689465798798,0.2589191332412864,0.1079445099520683,0.0253569022371851,0.1802477354281318,2.2063290128588093,0.5553395197314165,0.7063114773403822,0.0083431187650834,0.4722434759095903,0.9514049197340356
run_1882,8.271593828241913,11.942846170535294,2.5499697814515514,278.4057804770653,0.1470846155613441,0.1737236917429201,0.1603036719865325,0.1612999956041353,1.665709236616184,0.5251746655936502,0.6417854453170253,0.0015014766734694,0.2342739376865489,0.4632610940319094
run_1883,7.943355542092738,6.7187305073661285,2.7835257758552987,157.07706485123083,0.392880380051716,0.049078047563832,0.152396018134056,0.1035594533480865,4.973663113844147,0.4257493373338771,0.773188741907391,0.0057525199425592,0.6334859008069224,0.487842924398196
run_1884,6.091100318059657,9.358047849611788,2.7309958689184106,309.7840505580388,0.3234260528726125,0.2200688174491951,0.2084036438256218,0.1643823679190623,2.5353713098893893,0.6075339371487081,0.8586827743228307,0.0072866901330979,0.3248745694800836,0.8145250473703074
run_1885,6.792228219565123,11.907470716600994,2.5338182720271347,275.84540322448095,0.2707385756321467,0.2148044763133917,0.2091488575942962,0.0351974435129073,4.612007351196885,0.3223928877157814,0.5862611136377023,0.0083046793086451,0.2894773107414733,0.6072726735325926
run_1886,7.068293503488765,10.980664649041284,2.778159119971667,31.035623570373215,0.3505471262120401,0.2871401933704941,0.165186956465213,0.137272194291464,1.365136571518212,0.3652657472149965,0.3799793804619395,0.0021279764270827,0.7088352577095145,0.6144163988100811
run_1887,6.682534239106427,6.818862344732945,2.4656658250889065,21.250618995762316,0.3408223567392709,0.0430213754263748,0.3239219334595449,0.1281250731248698,1.7940582774680738,0.5494129444199467,0.7423837791119787,0.0069479763022048,0.3304306674078161,0.8550393217708427
run_1888,7.209215447714892,6.276375938334696,2.7621020345577136,31.43897937160509,0.2240459073304852,0.2582973661727956,0.1623281572542554,0.1767199280473539,3.126385985328847,0.4615809623925205,0.7305571041326404,0.0056690234787675,0.4001726917488902,0.1503806307330522
run_1889,8.740070247114062,8.130952593514534,2.8957573084497668,218.00477658790476,0.3102193506514156,0.2308478565535863,0.1094611936376401,0.1302674028521929,3.272899649194172,0.6976989306891901,0.6285492806789559,0.008807068920211,0.7151989677306578,0.3521132130528821
run_1890,7.860946229233933,9.09449161591385,2.951945763065557,42.3008612577821,0.2275511472893359,0.1666210505924643,0.1465890434945552,0.0705622212830201,4.428779563667516,0.2720833324495478,0.3212697767060995,0.0113072119423072,0.4212127572627308,0.7508163335197394
run_1891,6.5248968811212,11.830492156600958,2.677003455617396,111.27897942855137,0.1480363534054007,0.0494533275878999,0.258436138572565,0.1531142535987979,1.318964437869851,0.3121794172195598,0.4634262239447532,0.0031009498207102,0.2026415318168884,0.9681562071703166
run_1892,7.091446559361105,6.554610253585555,2.9444872407226548,277.83218468018043,0.272770977656721,0.2395649574172512,0.130795619519029,0.191756198353929,1.159411649673842,0.4250023019227967,0.5682777568655997,0.00542437971983,0.4997664960696226,0.8462180741669871
run_1893,9.22713496982531,11.261902485059007,2.643707105882099,76.69844675406512,0.2579960272776885,0.1953963987900234,0.2837622538489591,0.0275927691635258,4.27599509571715,0.244877205388502,0.6154914969165096,0.0059203172492384,0.5326322317989792,0.2454150731613097
run_1894,7.316274040815561,7.424414148853575,2.76030573307505,357.0392982716036,0.2611399854316338,0.1692492407067063,0.3207869637038796,0.189000007393463,2.225817943062407,0.3466816664091687,0.7784310871537172,0.0044061577372453,0.1757108388907408,0.7368514832579132
run_1895,9.060412916133185,8.780065138275434,2.4886971194338523,354.70820684524523,0.208488311543597,0.1313632921999423,0.2681151993966711,0.1111092547810622,4.16716814340243,0.5821906670892243,0.7047643460046003,0.0103066996651924,0.7707744586479685,0.9518537695878736
run_1896,6.053238893267961,11.67175124696218,2.939908225385726,121.55180606696044,0.357498673853812,0.1206609235046793,0.2735496502060121,0.1691602487828699,2.902209300131764,0.3411384865821696,0.8798488961377828,0.0037304754272405,0.1117261635657934,0.6426087083496554
run_1897,7.944279601073409,11.853862140690907,2.9511085635878818,278.95154495779616,0.3834641206659863,0.2954627634124854,0.1025659775654852,0.1548529086035442,1.7217143234093526,0.470005569454102,0.3830056167710999,0.0037487768292821,0.6441244378492176,0.1944207874284713
run_1898,6.7139284643718415,10.250083849297273,2.84929864111927,343.114017077171,0.2742346544851265,0.2579881709199499,0.0747679467009759,0.1073950457525461,4.074071131342745,0.6403753421663991,0.6680688140105595,0.0046297873538146,0.6522345816618821,0.2870853941765768
run_1899,7.270851301001937,9.119579645267054,2.6852602091286166,105.13952947117168,0.3796719954460418,0.1867300748396655,0.1288542785125838,0.1150015309184408,1.263096685708326,0.3428837336408209,0.3087982044622698,0.0118331392994251,0.4619000314427072,0.0456077227126309
run_1900,9.492718080289889,9.051937642678524,2.639701174837779,127.07805930399404,0.1455965762996481,0.1458961709588374,0.1471659738064574,0.0913499091762972,3.7452429850735456,0.2486703324686087,0.3338305979954822,0.0090972278975845,0.1566401563298417,0.8024206394943697
run_1901,6.891116134780062,8.069642169610711,2.5471075464440727,230.94144525967903,0.1645378130063605,0.0798025309316084,0.0779108712447537,0.1813811409824656,2.1127521191731566,0.6005448523012706,0.6401309979960972,0.0078743203061848,0.561237720624885,0.7243706554527919
run_1902,9.861836602345788,9.177334733012495,2.4977444396755137,174.55921027412353,0.2857167762466379,0.2930460692358651,0.296663960567076,0.0359070525111658,3.3750197839158043,0.6595074340281089,0.7078050971708139,0.0094730657842372,0.7178638971602158,0.4181098582445915
run_1903,8.383774688192632,11.917694104934842,2.649642809380929,93.83302355865908,0.1286269338536481,0.1972304940871229,0.1521290408189576,0.1002248583669759,1.3368775939471549,0.6026713983762689,0.3030020254388089,0.0085999895324384,0.6401097046447303,0.5977346822901629
run_1904,7.998238956630384,10.851054416594277,2.4048116750721196,139.16623445094805,0.3202879641679553,0.1401706655687926,0.1039230816736877,0.104652951887018,3.485182092831879,0.4118912778390345,0.3755760790820192,0.0036192594360754,0.3568609857243749,0.3573314867238298
run_1905,8.292819132055545,9.724406475446775,2.955932060831273,216.24143613533093,0.3827816432832135,0.0823110003408149,0.3184535081827719,0.0441293836500853,3.08237748414616,0.4000414584490694,0.6813170947670412,0.0057229438967735,0.6667336482369663,0.8197813308407289
run_1906,9.28340200530852,11.63270656999986,2.4667059698148774,77.76214771082124,0.2736549934399487,0.2571226382367463,0.1061955836082363,0.0312561175628883,3.658873131502311,0.6543096779868308,0.7488847841904842,0.0099048157787677,0.7698624207902278,0.1912296681679663
run_1907,7.489418312413287,6.372549128764135,2.9417813920344766,168.80835537864678,0.372434195715738,0.0186485770085331,0.1046767074816683,0.0794451419606178,2.829734316883558,0.3348667539399079,0.7029074015810367,0.0013588948358112,0.4817811350508841,0.4595978498920888
run_1908,8.026968283176645,7.626637891761408,2.5387204342425385,132.7990803384867,0.1985778340630875,0.0891697061526091,0.3147556950891914,0.0708172321235559,2.700562706017278,0.3172411155648228,0.7105687096491355,0.0043540697765168,0.6976691036624689,0.994820104295085
run_1909,9.68880487787526,10.420687710018656,2.4537103280359336,98.23000072124564,0.3843371874310405,0.1430084050539534,0.2313300617054767,0.1102512379460379,1.7960117037645584,0.3335719404443963,0.8166974770722852,0.0102685039680471,0.4230517739061967,0.4474723317723669
run_1910,8.419005706716248,10.044560757209942,2.5106999858370513,301.40187241598915,0.2062510302676593,0.100162197312334,0.2876973666682108,0.1525200021366122,3.685259966285819,0.2714662833167166,0.5511545791585071,0.005263549369726,0.7378433588226931,0.5022919066738908
run_1911,9.625788696509844,8.99756568811846,2.6870274763916577,51.13562564563569,0.1036336243021498,0.2691032643035131,0.2909092323704428,0.0553225405296898,0.9451537467761352,0.213096661780196,0.6746484122958563,0.0027892586699717,0.3857168502796336,0.6987056326408935
run_1912,9.795468514293711,10.81529910953157,2.4628492269292153,352.02651925956735,0.2937617166889084,0.1575692524145549,0.307675072201479,0.0376230691078401,1.580113429413203,0.6107019941275242,0.3803187144171812,0.0034248418400042,0.2745249118690538,0.2157970151644311
run_1913,6.983192564806528,10.794825337502015,2.8375549916477305,355.37525904486154,0.1278950289849294,0.110421694645996,0.048385407857981,0.0409261003095845,1.378308081028765,0.3523008151543868,0.3292349342661466,0.0082249127374963,0.3302074381476712,0.6020212785883746
run_1914,9.985603429064826,6.542872750924239,2.994862236182293,295.3804490821282,0.2833140819955355,0.1690185626084918,0.1135618745087173,0.1541371154274476,3.5461688738596706,0.6044944626666833,0.4777630186229448,0.0102981671422431,0.1954233844954879,0.3346733163011038
run_1915,6.162547971301276,7.225322448684745,2.627695803967957,317.6959651225088,0.1910677384345499,0.0118579658158205,0.1513603145396633,0.094255164907534,3.6513184679523656,0.6778786615853134,0.8861293360294791,0.0098568750454182,0.162171442059175,0.99860576661663
run_1916,9.778796099095183,10.862238104829189,2.9052574851101824,209.35222432734855,0.1223319933551475,0.2938128987954059,0.2278599957328888,0.0342563772902081,2.339234509923957,0.4419929685346517,0.5204115565499826,0.0079790587180841,0.3928218727078558,0.1585637896495854
run_1917,9.301291127437574,11.653821461256772,2.9879197433897327,11.62411142214657,0.1988803731803055,0.2004095207565081,0.0935065779179059,0.1077172982466136,2.3829903625107383,0.5737560995877637,0.489806701404646,0.0086266154654932,0.465249550244291,0.9274597832449032
run_1918,8.675342924746346,10.506208245886892,2.435677670467006,288.3167126538878,0.2546173373498672,0.1596059149184536,0.120069874937448,0.1266876872288329,3.286568437338988,0.2620355973536564,0.8803125761721278,0.007849921052421,0.7413718150339219,0.6131552334360062
run_1919,7.99459635040124,9.241201627491822,2.460765317575759,268.43843456250596,0.1518764973746607,0.0176050276155371,0.1622281137730525,0.1195792058884684,2.2353272806728626,0.6898124341608487,0.5094727521325033,0.0096386872948507,0.1950772365123518,0.2704917569800218
run_1920,6.811773407800048,6.902213024770545,2.4309702868984315,16.776379917603233,0.3270627977301314,0.0453988854872192,0.308988949080027,0.1287691850646223,2.369819607088387,0.6175718498604115,0.4849931060791778,0.003997111663926,0.2465610819623959,0.0381514554593606
run_1921,6.948164086009475,11.959115125308424,2.91006931395086,347.3974577863538,0.3392859905441342,0.269573847062289,0.2041704441714207,0.021258080322319,1.3836900165230994,0.3907063410859209,0.5462830568513048,0.0099994774741599,0.5886700475845585,0.8274456665738084
run_1922,8.200156807953967,9.816481420015894,2.959927114508198,46.80390814108178,0.1172676298537521,0.1783127169414143,0.065957469200872,0.0496679188566203,2.3032747815849373,0.6496999775608867,0.7893947416416113,0.0067695684287276,0.1988941549069509,0.2857134326340716
run_1923,8.977399520822246,6.126463627446195,2.8700654532130976,327.3151954764376,0.2458620669273507,0.0320398347379769,0.2627471586121371,0.0814424374733891,1.7566183057761309,0.3283185896043392,0.7929453864174962,0.010948858122609,0.1097703833856237,0.6951553450900445
run_1924,7.468881015375487,9.852961818974402,2.5348284010476836,9.589249480915642,0.1160267636112512,0.0652137353698314,0.22597398373552,0.1366904305906238,4.868204923288488,0.4155421507971637,0.3772796110185459,0.0032626887262116,0.3588966875598375,0.9907621115472828
run_1925,9.264118178942487,10.199192142280417,2.9241636168992535,163.07240504134265,0.2718482135562312,0.0958894767154683,0.1976113998442299,0.0807187424048476,3.885174633516656,0.5682948035435291,0.7375147484899257,0.0014435853235095,0.3140727013186829,0.7381924515419398
run_1926,8.208686896610715,9.970816239712724,2.423880744781975,246.20817964992284,0.3746499568715821,0.2032180837291674,0.0289274882966561,0.1912821785811203,3.1751127252900107,0.330832648555161,0.8894298261041884,0.0097742745815899,0.4346600324225911,0.608679501494826
run_1927,7.333036551558784,8.75514446256654,2.971792259216863,63.67227974871041,0.2990263394057433,0.2538300547618573,0.0389923815624819,0.1369021447998142,2.5302509323185545,0.5120557695150676,0.7647396290941151,0.0084275773284953,0.2913182016998633,0.8992847325139509
run_1928,9.050682016572487,10.9715062455524,2.5019431678711648,224.6575934995151,0.3238513914885912,0.0670229478706719,0.1746483767564415,0.1592527572541362,2.163890791367078,0.3769094732220748,0.4312803187960587,0.0085553883128291,0.6795429596507229,0.393982670558764
run_1929,9.367471183669878,10.765510164873184,2.4969999718143763,136.30799762922794,0.2269606593878952,0.1384531709872837,0.1559048733570434,0.0195315964678796,3.5305393310361097,0.4909188732929183,0.6774214675954593,0.0074306254015667,0.6152518941742073,0.3161667275044149
run_1930,8.79317247904763,10.176197494466344,2.9361295664387503,34.59087442926452,0.3485663309307033,0.2536120914338214,0.3037287169443194,0.1579909680618761,2.4032690507284777,0.6208460015078024,0.7293679879641296,0.0018332766902369,0.6045204951006915,0.1890022174929576
run_1931,9.359095589515109,10.235609970480311,2.5359870948587035,351.83474250119315,0.2801127191579554,0.190433873014756,0.1766199152532748,0.0723852831587639,1.242318230381131,0.6503836274906151,0.3036936016631519,0.0026258222813107,0.2867512185808335,0.8686495473010857
run_1932,9.94602972982585,6.101050487791409,2.404024401757255,5.797007246062725,0.3959181808090205,0.260441343724078,0.2730798237723333,0.158854452821659,1.9024477042451864,0.5139917282887778,0.8787607072855517,0.0030257878375608,0.2484722784553732,0.8451235260914048
run_1933,8.42923804932602,6.786200944362279,2.769636616326984,308.09729670655724,0.3625340588484499,0.2346311495632975,0.3003581245359069,0.0439985602029257,3.474698480678443,0.529002797180175,0.7917852193874162,0.0088882390901657,0.5396308264909582,0.4308986185621563
run_1934,7.6220631919385475,9.217445573976724,2.6007765964412095,131.34272214096214,0.3294505889613454,0.1983028580393621,0.0642684404320393,0.1628490621963131,3.067349893937651,0.469838154819701,0.7710294081167741,0.00647227084064,0.7838941800756061,0.8607038004425803
run_1935,7.686600651411191,8.791175284386755,2.8032080869969778,150.07880371165524,0.3742778132826443,0.0580071942100782,0.0928246566926497,0.1502601734133207,3.731741032524612,0.3344152742973206,0.3632528472502936,0.0089137892301061,0.6289123446967849,0.9330715258052296
run_1936,7.9755322433148335,10.38162878596535,2.547424544479342,260.79497386212864,0.3604226784071004,0.1157892626529345,0.1571346855149867,0.0614177927177556,3.932580596022449,0.401320856445918,0.8124777884896834,0.00379228805308,0.2861111925434749,0.1060882861062227
run_1937,8.108644133918602,6.078781280302988,2.907806083423971,26.150005075735297,0.2218428540145556,0.0962266751349628,0.0568060502415793,0.1650940174889458,4.964847906376329,0.5509516031307922,0.8355377212794495,0.0049530959818785,0.571856128204777,0.1104220952203519
run_1938,9.596521118608909,10.441315815232384,2.590901562303779,124.744655412684,0.3684921163181995,0.0539133765889094,0.1236246487196258,0.1469406344888619,4.567814104788124,0.341736293802258,0.4338661779952418,0.0079661181929711,0.4594704999714576,0.7463086519400488
run_1939,9.744030804103511,6.601330435362858,2.782503002046828,154.1462605286689,0.2092980496323863,0.2326035057406659,0.1095833689792553,0.0257406632402227,1.391195495651631,0.5432820218515301,0.5103803077843166,0.0046455442715081,0.653056490756987,0.1607842907129622
run_1940,7.673834263010573,6.353558483683389,2.4017801508819057,204.71821419536417,0.3014113652898091,0.2493810293946053,0.0280280786809473,0.1608726382175779,1.4454796710816762,0.4553784431401713,0.6822800416017976,0.0024460825772834,0.4185410299019038,0.0869111319043412
run_1941,8.513957236747029,6.406912918790103,2.9573824657987817,227.30992581477113,0.3814391502066491,0.1130363137032005,0.3436613789388585,0.0360638430621394,3.8372150666790352,0.6925245091293201,0.8339536192169092,0.0057582855884426,0.5537019522177968,0.4107181886048088
run_1942,9.551476460033175,9.862626471801098,2.507640518838542,61.43081500752515,0.2668444615301051,0.2390722281629622,0.1024714497867144,0.1378793943761774,2.409709461793985,0.586862220701825,0.4098124124094515,0.0075438613690387,0.4903805044235781,0.0146129925224802
run_1943,7.969361120656064,9.800073549593948,2.831430954207343,1.9621069295356757,0.269476396652905,0.1810404114972497,0.1961452614678906,0.020976775797991,1.389531811522407,0.4546449262409779,0.5434663618674052,0.0029925013613468,0.6845459374716325,0.0033393744677455
run_1944,9.38058292078214,11.808895834814503,2.861469915733363,212.11645308531743,0.2367977952252537,0.1841948992363174,0.1388130016436326,0.1875919056516592,1.6415092729835978,0.359225528641949,0.7868431942230929,0.0051293108719909,0.437339236672345,0.1228777315424028
run_1945,6.735862616641294,11.474192022535364,2.433000634431933,164.24795137977986,0.2146983365709254,0.214345529352693,0.054336212675924,0.019212197693537,3.850150481606585,0.4131739833565361,0.3895286448301641,0.0107780473009263,0.7287811075499999,0.3514031798989689
run_1946,9.217402369179933,8.757938505767989,2.8760317041722003,162.64491527242737,0.1140890292126373,0.0273003614742335,0.0294624217320639,0.0248376899089292,3.1403763415539805,0.2037514465603415,0.5042276604365494,0.0017879184143475,0.2016986856709041,0.458312017741193
run_1947,8.894536941349656,7.281133328886542,2.4468733269422516,253.38057790525744,0.296723516252407,0.0124335147028961,0.0656867111932747,0.1334617542254494,2.9793209205175835,0.6154947268239497,0.863722402707316,0.009733566485421,0.5408847417056095,0.2379047731643559
run_1948,6.223011745447767,7.520415165463786,2.581579136689079,243.85953249487704,0.2003221814996758,0.0656485516434199,0.2841391459617073,0.1018040260183287,3.56735978039827,0.581075787427894,0.5794709487346763,0.0036554164528205,0.7096159844197671,0.9587363330918988
run_1949,6.78924274223228,7.360458829978019,2.4642562261232546,354.2317503521216,0.1866409584053854,0.021104760795601,0.246121725961574,0.1532180214757255,2.8022100705115465,0.6186037604480381,0.4239990500036895,0.0111415777712177,0.4753889973571831,0.1506211937176394
run_1950,7.135089909356447,8.647030541894297,2.9302228653404714,68.4963505945286,0.3534881607182135,0.2081231823761154,0.3452006416367648,0.0590194599653923,1.0620656009414904,0.3762346501060013,0.6460289297219614,0.0049379166862688,0.4434051526671216,0.7450262730004985
run_1951,8.944048842009291,8.171320246618308,2.975251457743374,156.43958962052443,0.24374689974647,0.2644316818219717,0.1743644828188588,0.0928804760619613,1.9471670324854675,0.6482576476433366,0.4713007471955689,0.0032577234803042,0.6284451856183051,0.3426902203987497
run_1952,6.90071229300299,6.937283565323205,2.560373385344838,346.0353191567952,0.2877198939545087,0.2888430195687625,0.1275638899296872,0.0713325995335073,4.595601180263259,0.2098584867753312,0.4525467845450036,0.0051246806394883,0.2908505919263405,0.91113436469536
run_1953,9.921031630367231,7.980295281100862,2.7681048233497183,289.47367569614266,0.2287108205405451,0.1659493121115949,0.1509514357907767,0.1381611724537128,2.0985905090843247,0.4042123197186587,0.880754307697581,0.0016574023178741,0.5732925468223379,0.1807493028957101
run_1954,8.206400300355211,8.12769063470635,2.677438917563337,76.11610239475257,0.131844124820391,0.2010635448346525,0.0770111480047002,0.1711324917640921,2.86125240009126,0.6733548735438857,0.5667458688168542,0.0111262074694208,0.7732050589836548,0.2355140434233776
run_1955,9.094958062683524,7.109876677016501,2.6302311914500405,250.42013875799557,0.29590225972705,0.1923947215562271,0.1544409127055367,0.1172942682617007,1.2706489264498768,0.4538210275038699,0.7778306261198642,0.0081012733594873,0.642967514849215,0.2470524215417084
run_1956,9.682331252249584,8.516612212552523,2.6055118588088892,263.4382266435012,0.1207026171247851,0.0755128839649048,0.1612085858175553,0.1052560352979284,2.1481059088629753,0.3975014898936977,0.3110089394038688,0.0018080571440988,0.1378488259848108,0.9347839898508096
run_1957,9.87284709514492,10.776045468920554,2.6347557872780945,199.78792226767175,0.2476463220806526,0.1633069630734343,0.3140559411616057,0.0131781858677349,3.6258246360333857,0.2117375196040654,0.8762065192721724,0.007688497570662,0.7155449134291328,0.208888468432254
run_1958,9.49411817430316,8.440853019537332,2.723417832283317,58.341557814029336,0.3297294303249813,0.2971891805590161,0.2004776208326407,0.0144468914351455,4.984811869317923,0.4603824115265356,0.807488365968775,0.0058410978862129,0.7141461634139528,0.5067877401496832
run_1959,8.577754585152924,11.510186340077286,2.8101650939583696,262.13272192513045,0.1386396669450215,0.1444762663855556,0.2834630207830266,0.0285349540478709,1.7378711494220105,0.3735694713798491,0.3950344412569874,0.0068056124658518,0.242964734002316,0.8259476766048498
run_1960,6.732825163048462,11.236276005032014,2.737152374132396,305.6402430878553,0.1712361260067537,0.1091951809941654,0.2129326287074175,0.028978843028689,4.113563122663079,0.2875751449717473,0.8523736648754243,0.0011722960762455,0.6700030451947311,0.7749137131504831
run_1961,9.262420924194148,8.53238630858681,2.812982438728228,85.52858083948345,0.3093046599647248,0.0888035881439381,0.2015382766394242,0.1284547636625542,2.6624366620603475,0.622568324033391,0.3816090158731489,0.0057987070772222,0.1734810997533494,0.7089659633221438
run_1962,6.933065270603267,7.081027006391996,2.6807535370030684,220.85405371917213,0.3787405796075368,0.2164588109303076,0.3418037957525985,0.1645902570651716,1.0370368805366783,0.2163893117087851,0.8720665634617184,0.0052055887055186,0.3950806483465918,0.5901569333899401
run_1963,6.641953813714984,7.352596569572591,2.8409118538294895,311.418801144284,0.170087937049117,0.1566504635213961,0.0253002033452589,0.1320817569047198,2.13600292879164,0.2001901435777298,0.3586787022330703,0.0110131438891078,0.5603943727692544,0.2553125948042875
run_1964,8.237579946957135,6.462999031441228,2.9934967334878593,290.26037060341565,0.1632270021281234,0.1219326528243495,0.2928883839386485,0.049158962165929,2.4934578867766497,0.5765198252427595,0.3474850459905135,0.0065507229962318,0.1572395545141675,0.999413275302456
run_1965,7.194175629827203,11.416022410545004,2.7648271576162515,82.86884595808795,0.3882318278589197,0.1175704628259388,0.2189603729720084,0.1667882324184561,2.587245395035887,0.2760426731036504,0.4102460574994848,0.0118820360500093,0.393638354317753,0.9663244057948532
run_1966,7.534037364461152,6.702776923922683,2.4562425752836767,263.9047860762686,0.1356965416251085,0.1758861444879527,0.2603488038313312,0.1822337351560094,1.040018383201732,0.6704792180376578,0.7225081208191937,0.0073838451289818,0.2378257677160642,0.8826859592614812
run_1967,9.185131918453134,9.893806430945007,2.81255329713754,98.05209790738874,0.3504072684605259,0.2187116427053658,0.3337408738120369,0.0501852549277275,4.744959912859939,0.2944486608402439,0.6412689756934731,0.0116171831592949,0.7579989360767958,0.8218499332209326
run_1968,6.604927339498085,9.864916569059927,2.5484060082118463,78.58729626243853,0.3083168157356192,0.1485775091527345,0.2055883044180625,0.1524679601234765,1.8536127988035105,0.3801753600187186,0.5260162070873946,0.0044784155076358,0.6560075845129942,0.934183841852972
run_1969,9.348714411424016,8.98496067130882,2.702598282146095,128.29602800187038,0.2303756317621992,0.2882150617665292,0.0837734393850687,0.1486489101924488,3.7724504614722143,0.6965472566228683,0.4888836215158864,0.0048649535966683,0.5372871148372652,0.3966358594794765
run_1970,9.06201480498487,7.957145103541011,2.621552779927625,15.276047757993112,0.2012519615372777,0.1402556761868036,0.3103231846666208,0.0187913306573941,0.9290233650952616,0.3586957806732444,0.352580255570103,0.0108084231434404,0.6035681884259559,0.6860051218146573
run_1971,6.650102662958056,6.791203436671103,2.766167456353617,268.5789381705154,0.1753890556235109,0.1641415510250483,0.2183424337753389,0.0818462178828651,1.4182410372590533,0.5481634537658672,0.843684662233954,0.0047233668421976,0.458669195552728,0.4788693522357219
run_1972,6.029765059186621,10.652898116686693,2.9401941157479063,198.8607105612021,0.1448300699575674,0.1156821899420658,0.1079032316987938,0.1631309842272056,2.9803778040249203,0.4059865113949529,0.5135878103965461,0.0113265676633146,0.466666351444866,0.6437271257406743
run_1973,9.434594713847629,9.782070567851653,2.59314167779534,151.95201897399255,0.387225203959524,0.1161692243530752,0.2589045886327027,0.1231175098515878,2.928740055965572,0.2249073426346813,0.5581226760816609,0.0081666120527056,0.1604386044433438,0.706029066044146
run_1974,8.473589706295401,7.80266112564799,2.7268403658654057,219.42423344327244,0.1471772704307752,0.1933090123162727,0.2277232112210472,0.115369249827761,3.328793244404584,0.5020784518750434,0.6922153768212169,0.0062551502144506,0.696415134383218,0.6652213100792526
run_1975,9.881325723876524,10.101353348741084,2.821601989538811,101.9595288590437,0.2798976744136923,0.1739444135432269,0.3047566113892428,0.0834164184978039,4.81340445629746,0.4393336019815742,0.3624527214793849,0.0074112543518705,0.5658515969415463,0.1603213949129334
run_1976,7.795292573944734,7.527118093621627,2.8603034805353427,120.79198038088754,0.301506528717055,0.0856542611531788,0.1196740053175109,0.1130884033244503,2.138772129948596,0.4535727550942672,0.5699500413702052,0.0058158012726554,0.7503561899855952,0.8455294948311406
run_1977,7.481351398671476,9.437482281544902,2.917492973748382,223.71707079796784,0.109924649815758,0.2182989258270075,0.2635026115099859,0.1398863122941458,1.3233337635660556,0.284409459884192,0.8943295897067831,0.0109964528821677,0.3176085690866759,0.4835501220543229
run_1978,9.0196940970443,10.63801216944218,2.410316024332061,235.81523745640752,0.2267231746288878,0.1301485788666412,0.3480705967234468,0.1696154754160294,4.588669112585334,0.2236798852125116,0.5158147145925258,0.0100838572080978,0.2248377289587885,0.8427399361983641
run_1979,8.440569894105078,11.746444446507612,2.5733308506276025,191.9146513259474,0.190003331698081,0.0361923825997414,0.0973369964169192,0.0388929330366814,4.7978529053948,0.5283236732180532,0.6786184748394867,0.0047799307923226,0.3400894923827448,0.1596977403840489
run_1980,9.1424430971657,10.555145590253334,2.5640913780466255,33.638369564980394,0.1921297566568614,0.2136542322626618,0.1756443287577413,0.0182255767490204,1.9133744126439372,0.3602411268647923,0.5493476955809281,0.0081562751826077,0.5499732734597755,0.5628452739792683
run_1981,8.716180182444965,10.089666885826995,2.411520615381296,84.88145791235053,0.1807131870072468,0.2005666527958075,0.1802822641645471,0.1737328115873617,1.5578932935237724,0.3707973137502385,0.4821474893174633,0.0027085439676747,0.7599916211931286,0.2078738829228593
run_1982,6.351653082562894,11.379156644648138,2.8488722899538867,112.42198700983135,0.2006334744236318,0.2747497816221877,0.2527096593822335,0.0151107073012456,4.014369464671658,0.6087607477183847,0.6001256406288881,0.0115335540899829,0.4748136415314883,0.3953348069038361
run_1983,6.270208785894651,7.227568610747222,2.602582965004794,72.07426712366004,0.3515096589904241,0.286720105319927,0.1845667515067362,0.0698307820515899,4.904411642952762,0.6669995056672462,0.7700303319494259,0.0049206626358422,0.1058290705266981,0.5340708233944934
run_1984,9.606105161798403,10.358504824770062,2.9438306776165915,203.06756209259075,0.1458740985708987,0.191287509115604,0.3449486097504641,0.023333411015427,1.2089420297426283,0.5583126096913452,0.4276441880310395,0.0040515160773959,0.6850592198334066,0.7687428235820385
run_1985,6.8060080464623685,7.795558912816712,2.6294546280957745,273.3200589976105,0.2754669681149895,0.1885124629847336,0.2544769639228808,0.0518827785234772,4.847564411876044,0.2288258731919009,0.7184245006546117,0.0055010549367652,0.7609880589878685,0.4317589606523258
run_1986,8.408897418894126,6.42128958765258,2.499687060582333,321.75856298494347,0.1627416046586823,0.2281545393424108,0.0699047923321841,0.1995000045583997,1.4960624270498726,0.6556330010619398,0.4676093411121452,0.0026056572839989,0.6405714330109524,0.8954951224693959
run_1987,7.631220339493044,6.220888035292024,2.94490987402436,335.52226279149465,0.1408212998201702,0.0178336128473744,0.0474329727237955,0.190967959289533,2.6306079104933495,0.6474257531048275,0.3842786938363576,0.0108403434218293,0.7419366347323383,0.8051975130006648
run_1988,7.286218018146112,10.626856892508426,2.6137678338170565,120.03302440872856,0.389656225500167,0.023384619588423,0.1986549451147937,0.139662782974746,1.1196221634955883,0.6712994962555767,0.3919370972453465,0.0031615002359979,0.6119147528933815,0.2315289675251724
run_1989,7.542739475863091,6.069790732837993,2.606424876884677,263.01039275222155,0.2261066998146886,0.1432742509643356,0.1443497973290375,0.1470807412591207,4.540784982316327,0.2016250755881447,0.4558390128629165,0.0074602366106362,0.140927570171764,0.4304098933242645
run_1990,6.404487090797435,10.898297313701004,2.781711681992074,231.92246515259055,0.357066790226054,0.1443743171610021,0.1477876702621572,0.1219213822925867,2.328923257014399,0.4526533111296565,0.3734861547101644,0.007354695058975,0.1772038484686162,0.7892538423509352
run_1991,6.347116099150602,11.599036279330353,2.6285086679646397,64.45932635038545,0.2704868125980764,0.1574154590940978,0.0295625214398286,0.0241209764237431,2.67092554670211,0.3679611659841317,0.5727857115011971,0.011232407209679,0.6038128840007913,0.2944590044480734
run_1992,7.051671847589304,10.297811356619556,2.7856655982940204,110.81221521008804,0.2872745883625893,0.0274386354863976,0.1428716980454781,0.0430019278830311,0.9122286644837516,0.4326997679336066,0.8665186090526615,0.0069171284915495,0.1246004797989779,0.0727738562418933
run_1993,9.338837078769432,6.5584116162284545,2.544788070812414,227.6820427554679,0.3371662904490802,0.0372070773507823,0.0957839399276287,0.1435418777702569,3.726517644069171,0.6716197573095211,0.6552470066133301,0.007332039118429,0.202370351680942,0.7791180765945954
run_1994,6.978304416961142,7.139825554240934,2.705222331348014,77.39221173236145,0.1128537826748122,0.2869844496409699,0.3007964161337152,0.0758460364149481,2.294153700360724,0.6432289656206125,0.7256619644316176,0.0072521562978926,0.101969736051118,0.5097367195871971
run_1995,9.236708125276513,7.730512489480658,2.5028433094350775,30.748861834352667,0.1088867594421963,0.1777211972620687,0.2237104093949542,0.1799140193064414,0.8120802155569757,0.3669076752333577,0.3891527957933431,0.0075651635684179,0.316238799211055,0.446883773662724
run_1996,7.405931285432063,10.857296612011105,2.6322909096957057,148.0565950210098,0.3934658702766777,0.2771981568077484,0.082296900690051,0.1369846156163333,4.775668458883535,0.547314143658414,0.7094148358528328,0.0117428076369464,0.4391171232344352,0.1418987152083317
run_1997,8.713787241418107,11.462285261019264,2.7956321418375105,120.43790018251974,0.1850008915692574,0.1775684933938252,0.2840087905233981,0.1483137316676032,3.27963928613811,0.3374663634653692,0.7558966170070057,0.0031824767560037,0.7029876400359112,0.8656762316586012
run_1998,9.122115788135256,6.911962554965341,2.6523883331760274,95.82134441900368,0.3273122418318519,0.0167146167711774,0.1562173363321938,0.0722319428153249,4.602767727725119,0.3341316121349872,0.6133040884851242,0.0098500021568776,0.6629793975550975,0.8780115018733061
run_1999,6.4866870342667,8.961902362385153,2.636454537833379,247.9078947052681,0.2280216059617296,0.2955379705245775,0.3317941933952346,0.0551313871074106,4.935271385284518,0.2123405847062119,0.8420793736583907,0.0031158779188343,0.2294112301343028,0.8183714875088374
