weather,archetype,run_id,We_fixed,C2_flag,He_raw_pct,C1_hours_worst_raw,C1_flag_raw,C3_hours_raw,C3_flag_raw,joint_raw,He_rounded_pct,C1_hours_worst_rounded,C1_flag_rounded,C3_hours_rounded,C3_flag_rounded,joint_rounded,He_halfup_pct,C1_hours_worst_halfup,C1_flag_halfup,C3_hours_halfup,C3_flag_halfup,joint_halfup,He_change_pp,C3_change_hours,any_flag_changed,rounding_tie_sensitive,occupancy_minimum,source_csv_sha256,source_idf_sha256,source_hourly,T_op_peak_unchanged,hours_gt26_night_unchanged,hours_gt26_night_annual_unchanged,heat_kWh_m2_unchanged
DSY1,detached,run_0003,37.0,True,1.252723311546841,46,False,2,True,True,1.4705882352941178,54,False,0,False,False,1.4705882352941178,54,False,0,False,False,0.21786492374727673,-2,True,False,0.3,7ac6521cf578bcf83b708f07d30af7e2f0a23368e0ece4ef97cf374d115eeccd,327656daf1698ba783ac137ea11095031d463adecc9f2dac359973a08339781b,datasets/DSY1/runs/detached/run_0003/eplusout.csv,33.443,17,17,37.3801
DSY1,detached,run_0009,55.0,True,2.7777777777777777,102,False,22,True,True,3.7037037037037037,136,True,10,True,True,3.7037037037037037,136,True,10,True,True,0.925925925925926,-12,True,False,0.3,6c69833485f2aa06cd1fc14356c3a88773ec24ee74029663a7d86d17a2c7082a,336e8144a0d7bf558a61a8514a1d4e9dee983bbe25c05d0d346b4fdc3d516d54,datasets/DSY1/runs/detached/run_0009/eplusout.csv,35.206,37,46,476.6184
DSY1,detached,run_0017,36.0,True,1.3344226579520697,49,False,2,True,True,1.6339869281045751,60,False,0,False,False,1.6339869281045751,60,False,0,False,False,0.2995642701525054,-2,True,False,0.3,1ec7c819dca942e725eaaeb4eebb968570486fa4bede28ad9564a1113b0b2914,8d47413925d5a2ece47f2a6df12661c5dd9c35df7e22cc60fd6ea0b7a24acfd9,datasets/DSY1/runs/detached/run_0017/eplusout.csv,33.001,31,31,18.364
DSY1,detached,run_0057,36.0,True,1.198257080610022,44,False,2,True,True,1.4161220043572984,52,False,0,False,False,1.4161220043572984,52,False,0,False,False,0.2178649237472765,-2,True,False,0.3,2b28311083b1d378d23a20e31d128f973ae0c1b4a1613234a89af3aac2a72bda,e5196e366a0e19ec29685c16bccc3f5cd5f72973abab54a0ca036e5d56597d7b,datasets/DSY1/runs/detached/run_0057/eplusout.csv,33.366,18,18,27.0745
DSY1,detached,run_0058,60.0,True,2.9139433551198257,107,False,27,True,True,3.7309368191721135,137,True,20,True,True,3.7309368191721135,137,True,20,True,True,0.8169934640522878,-7,True,False,0.3,566e6edae5323cdbb071cd6a5b3ddcdcb662e321dfbf043c74efdd359e6fc6cf,3b3cb812cb4c1b32a977709c5e2233a7c7f573fc07c48c013a7760277f2c51b1,datasets/DSY1/runs/detached/run_0058/eplusout.csv,35.538,33,42,314.3113
DSY1,detached,run_0074,36.0,True,1.252723311546841,46,False,2,True,True,1.4161220043572984,52,False,0,False,False,1.4161220043572984,52,False,0,False,False,0.16339869281045738,-2,True,False,0.3,f6477b746b4675b30bf6fff904de30531c1623e52b3fedc56dd6b7542ee8f15a,63929c1d6820fcde4f0f9ea730f5aec3db780b6addc2bca1ab57893a13a2a9f4,datasets/DSY1/runs/detached/run_0074/eplusout.csv,33.467,18,18,26.5594
DSY1,detached,run_0081,37.0,True,1.3616557734204793,50,False,3,True,True,1.6339869281045751,60,False,0,False,False,1.6339869281045751,60,False,0,False,False,0.27233115468409586,-3,True,False,0.3,8869c3cafe930d26e4f07eb729cb83467bec79b2cd8e8a4d2d4bbd424312e2b2,0b2bb82ff386866bc6fdbb1f349be1ec12c5c0904ff2584e653c003b67de9a77,datasets/DSY1/runs/detached/run_0081/eplusout.csv,33.47,17,17,62.8833
DSY1,detached,run_0084,39.0,True,1.3616557734204793,50,False,2,True,True,1.6067538126361656,59,False,0,False,False,1.6067538126361656,59,False,0,False,False,0.2450980392156863,-2,True,False,0.3,cd6f0ba7a742d73ef84f11f16cb71d25a33b796190cf716625e15c684ee426ea,e0440902c239af5941500ea81a14e6e7a133779a87d3cae538e6c5e26e0a21b6,datasets/DSY1/runs/detached/run_0084/eplusout.csv,33.458,27,27,30.3188
DSY1,detached,run_0117,39.0,True,1.3888888888888888,51,False,3,True,True,1.6884531590413943,62,False,0,False,False,1.6884531590413943,62,False,0,False,False,0.2995642701525054,-3,True,False,0.3,111073ac1cc5fcaf5318d4b35f1043f7ba7dcb5c1d02a690457a7fb635ef977d,9000511acf20c1c0428e09b94ba8fab3adacb4417ff7b72bd8387c7a1a6ce307,datasets/DSY1/runs/detached/run_0117/eplusout.csv,33.394,23,23,37.7377
DSY1,detached,run_0168,35.0,True,1.2799564270152506,47,False,1,True,True,1.6067538126361656,59,False,0,False,False,1.6067538126361656,59,False,0,False,False,0.326797385620915,-1,True,False,0.3,f28ea4f1e266d2033abf76143312c9b2e0ce096a8ba5a29969e87239a69da385,1f0b476401fc45386054d94280d9439b58cef4b8910cd0cdfd461ed419f2ec34,datasets/DSY1/runs/detached/run_0168/eplusout.csv,33.032,23,23,24.5452
DSY1,detached,run_0211,35.0,True,1.171023965141612,43,False,2,True,True,1.3888888888888888,51,False,0,False,False,1.3888888888888888,51,False,0,False,False,0.21786492374727673,-2,True,False,0.3,bc810ecb556258dd212472fe0af4b2c8289e608420097261b1bc45ab2cdd3b80,a412570e6f02864bb5bf9edca40cc397b2f41fbfb8ce09adb1f8e5d286ca7bdc,datasets/DSY1/runs/detached/run_0211/eplusout.csv,33.295,16,16,23.9525
DSY1,detached,run_0227,32.0,True,1.0893246187363834,40,False,2,True,True,1.3888888888888888,51,False,0,False,False,1.3888888888888888,51,False,0,False,False,0.2995642701525054,-2,True,False,0.3,bcf9d19f7ea01bb71198be77aa8752b3a84af5ae996c3041b080117bde0f1957,e82502057f511db48392b48ffd5d0c6b1b8c5f978fb32498a830aaa745d1bca1,datasets/DSY1/runs/detached/run_0227/eplusout.csv,33.089,15,15,27.26
DSY1,detached,run_0231,38.0,True,1.3888888888888888,51,False,3,True,True,1.6339869281045751,60,False,0,False,False,1.6339869281045751,60,False,0,False,False,0.2450980392156863,-3,True,False,0.3,649f798d1f9abadd49e985909b77e00f7b6d2ae5ad0896a0a84f9736c5b9f87e,e20775ef96c58884a972cc525281993b1c092b7457b5a8902d27ee5b6cdfacbe,datasets/DSY1/runs/detached/run_0231/eplusout.csv,33.453,23,23,16.7755
DSY1,detached,run_0243,33.0,True,1.0893246187363834,40,False,2,True,True,1.3888888888888888,51,False,0,False,False,1.3888888888888888,51,False,0,False,False,0.2995642701525054,-2,True,False,0.3,0a298f636557bff432e1c75ad2ce0804d74edd2a6715a9e71bef40c1b308b1a4,facb02f2e645db49c8e0c1535b5effaa0699ecbd03ff19cc367ede3e2e3f06c8,datasets/DSY1/runs/detached/run_0243/eplusout.csv,33.358,9,9,34.5785
DSY1,detached,run_0278,38.0,True,1.3616557734204793,50,False,2,True,True,1.6612200435729847,61,False,0,False,False,1.6612200435729847,61,False,0,False,False,0.2995642701525054,-2,True,False,0.3,50bf82bf6a3593bc5f7b0708f09acfcda8e6669aa1cac9042ea2a59866b1bc90,780f43fbf699414a34f320e13f0920e4ee04a28e7b23e380cd828020802e7692,datasets/DSY1/runs/detached/run_0278/eplusout.csv,33.429,23,23,32.2967
DSY1,detached,run_0288,37.0,True,1.252723311546841,46,False,2,True,True,1.5250544662309369,56,False,0,False,False,1.5250544662309369,56,False,0,False,False,0.27233115468409586,-2,True,False,0.3,b10c3584af90bbf2838e5405e0d4d07c63a6f6eda57b4a43f3a20bc8863d9707,05fadc012653a0737343207f9f67bff918f6fd77008e45b2563fc71ea87d148d,datasets/DSY1/runs/detached/run_0288/eplusout.csv,33.353,19,19,44.9157
DSY1,detached,run_0315,36.0,True,1.2254901960784315,45,False,2,True,True,1.4161220043572984,52,False,0,False,False,1.4161220043572984,52,False,0,False,False,0.19063180827886694,-2,True,False,0.3,3a948cd882f4a4e8712b84506171c4c8594a18ae8e11c1e998c50f616fdff790,73b656bf10e36c4cd738b9d430a5af922b77ea86f1ce2736758fa6e6efa218de,datasets/DSY1/runs/detached/run_0315/eplusout.csv,33.44,15,15,36.62
DSY1,detached,run_0332,37.0,True,1.3071895424836601,48,False,2,True,True,1.6067538126361656,59,False,0,False,False,1.6067538126361656,59,False,0,False,False,0.2995642701525054,-2,True,False,0.3,8d88078845cc12df98c5063a5a003e28b3735572c07b66a26a55cbca43586182,b97dbb77be968c72102a3990d34b569d154d20fa1129a8fc1ce6554cf4f7fc4c,datasets/DSY1/runs/detached/run_0332/eplusout.csv,33.146,21,21,40.0152
DSY1,detached,run_0343,36.0,True,1.198257080610022,44,False,2,True,True,1.5250544662309369,56,False,0,False,False,1.5250544662309369,56,False,0,False,False,0.326797385620915,-2,True,False,0.3,25a8696415a93e1930429379c7ae3ad77e00405fd3517070b13ca14e98622830,0d76903cdf6d3ba8b701f412166b965872d2a7479f72933edfd6c871cd4106fc,datasets/DSY1/runs/detached/run_0343/eplusout.csv,33.156,24,24,34.9007
DSY1,detached,run_0368,50.0,True,2.6143790849673203,96,False,16,True,True,3.349673202614379,123,True,8,True,True,3.349673202614379,123,True,8,True,True,0.7352941176470589,-8,True,False,0.3,667f0d5f5912724f2ade147e8dd1725c4940b7bc7b7a4d000d4657803d4afe9e,6ff4662e755505ebbc178d1711b7fcb0ecfff8f13d3e44090fc63b17eea12f1a,datasets/DSY1/runs/detached/run_0368/eplusout.csv,34.976,34,47,541.6596
DSY1,detached,run_0395,37.0,True,1.2799564270152506,47,False,2,True,True,1.5250544662309369,56,False,0,False,False,1.5250544662309369,56,False,0,False,False,0.2450980392156863,-2,True,False,0.3,89908cdbf66ee4504d8e101a17055a4c78d1dfda2f0fbdb87d10f7b9d53fb615,9c5c17ecb15958f191c23745bdf56a2a4e197415c1355ee931ad79e22e452ab3,datasets/DSY1/runs/detached/run_0395/eplusout.csv,33.38,19,19,29.0892
DSY1,detached,run_0410,59.0,True,2.559912854030501,94,False,26,True,True,3.159041394335512,116,True,15,True,True,3.159041394335512,116,True,15,True,True,0.5991285403050108,-11,True,False,0.3,e466b978dbcb3e17ed633aea13bba188619cbcaba79bc0163dfcf3aa2fa29a83,87162a162b024193c9544b6655c6b51563ce44602f1409729946b2c4dbd0bde9,datasets/DSY1/runs/detached/run_0410/eplusout.csv,35.402,33,34,141.7567
DSY1,detached,run_0474,38.0,True,1.3888888888888888,51,False,2,True,True,1.6339869281045751,60,False,0,False,False,1.6339869281045751,60,False,0,False,False,0.2450980392156863,-2,True,False,0.3,5d6436505b768659968649b5f972068e8196b14ae723665307e5a4bb3f99eabd,8d3933646bd223b1ddac4b4d4b2b409f7283520511c964beab817189e2ef985a,datasets/DSY1/runs/detached/run_0474/eplusout.csv,33.304,32,32,36.2091
DSY1,detached,run_0485,35.0,True,1.2799564270152506,47,False,2,True,True,1.5522875816993464,57,False,0,False,False,1.5522875816993464,57,False,0,False,False,0.27233115468409586,-2,True,False,0.3,76bc585970ae2e6732e6d6326a1a7c38b1a180bdfc24cf6cae2ce91bc0a5832b,c5b51404ac7e73e26a2190cf64d498910cf86c3ca9db6d6bb282e5f1d4258335,datasets/DSY1/runs/detached/run_0485/eplusout.csv,33.18,18,18,25.2978
DSY1,detached,run_0492,62.0,True,2.696078431372549,99,False,27,True,True,3.5130718954248366,129,True,16,True,True,3.5130718954248366,129,True,16,True,True,0.8169934640522873,-11,True,False,0.3,31c57fde4c475f9dcba038dfb5e239eeffd4d23bca78382f5f00d91c14425c0c,8106a057810dee7b8211761cda2a41f59780ff31d12adf1ade797819fcf6fef0,datasets/DSY1/runs/detached/run_0492/eplusout.csv,35.462,54,63,113.9374
DSY1,detached,run_0506,35.0,True,1.252723311546841,46,False,2,True,True,1.4978213507625273,55,False,0,False,False,1.4978213507625273,55,False,0,False,False,0.2450980392156863,-2,True,False,0.3,591e9f61956e3e943bbcb89e9f927be026aa9b4318dbea8c63994c66c99f4372,82f6240e1dd019c17a5d6f01e02b29030d719f3e6960b4149a69c776dc561b08,datasets/DSY1/runs/detached/run_0506/eplusout.csv,33.212,23,23,15.3419
DSY1,detached,run_0516,37.0,True,1.252723311546841,46,False,2,True,True,1.4978213507625273,55,False,0,False,False,1.4978213507625273,55,False,0,False,False,0.2450980392156863,-2,True,False,0.3,de846f8fb23f2bf9056df19aaa287eb3811cfa7073282c422693ffeef628ba46,427718c92beaa1fd42ecd5c8d353f8fb811c204349497cdd8fc2028910fc6659,datasets/DSY1/runs/detached/run_0516/eplusout.csv,33.368,18,18,36.5406
DSY1,detached,run_0527,33.0,True,1.0893246187363834,40,False,2,True,True,1.3344226579520697,49,False,0,False,False,1.3344226579520697,49,False,0,False,False,0.2450980392156863,-2,True,False,0.3,583b8cec29c4ae77f1634dd26b4d735b37850d2cc96bf7f78ba17167dbf069d3,91ef4a062c31a9385e7551338cb63847c6f1a2654c0ec4f9582631cba4b6c869,datasets/DSY1/runs/detached/run_0527/eplusout.csv,33.235,15,15,33.1574
DSY1,detached,run_0530,35.0,True,1.2799564270152506,47,False,2,True,True,1.579520697167756,58,False,0,False,False,1.579520697167756,58,False,0,False,False,0.2995642701525054,-2,True,False,0.3,3b1d1464736b1c34130f2234d51b7fde305d23b9dbd9eb64a4fc8851e8954b4d,48e365841faf3698ea4bc8c97aaeb17b50367fafa9f5149e2a3f9e257dd0db6f,datasets/DSY1/runs/detached/run_0530/eplusout.csv,33.048,24,24,10.4549
DSY1,detached,run_0533,36.0,True,1.2254901960784315,45,False,2,True,True,1.4161220043572984,52,False,0,False,False,1.4161220043572984,52,False,0,False,False,0.19063180827886694,-2,True,False,0.3,836fc7a0b6228e5f8a1aef9e9a1ccf453ccd64a566eeb3c2b7532b0563266ae7,a89b1e182a4d0ef75f25b75951bafbda4088640765a2263e94f653f247f7da0f,datasets/DSY1/runs/detached/run_0533/eplusout.csv,33.408,17,17,36.0141
DSY1,detached,run_0550,36.0,True,1.198257080610022,44,False,2,True,True,1.4161220043572984,52,False,0,False,False,1.4161220043572984,52,False,0,False,False,0.2178649237472765,-2,True,False,0.3,162b30dc9333459459da6c3da60f64efccc70d24fb26c0452f642e2c003f111f,8e542b80e0531e320fa0663df4fbfbfd887e07742fc2c280696de51be2217f98,datasets/DSY1/runs/detached/run_0550/eplusout.csv,33.462,13,13,37.6335
DSY1,detached,run_0577,33.0,True,1.0893246187363834,40,False,2,True,True,1.3888888888888888,51,False,0,False,False,1.3888888888888888,51,False,0,False,False,0.2995642701525054,-2,True,False,0.3,b3323b0e5548d26f27ef6d2930d7515cec20e170787521d9e759ee45c15ea0f1,f77e7692b26a6febb04ee081fd7c40e78ef7569112bcb18319b51a1bcfb8e5f2,datasets/DSY1/runs/detached/run_0577/eplusout.csv,33.131,15,15,22.7846
DSY1,detached,run_0580,58.0,True,2.505446623093682,92,False,26,True,True,3.3224400871459694,122,True,13,True,True,3.3224400871459694,122,True,13,True,True,0.8169934640522873,-13,True,False,0.3,9d5d439e88e2d9cf425bbf36c8e96181df8edcd69b4d80f0e90c44c9318cd0f9,f44c545d5b67d235ec086dc163218859c7ff84327ba0a8da4bb361cee12fc86c,datasets/DSY1/runs/detached/run_0580/eplusout.csv,35.402,28,30,270.0999
DSY1,detached,run_0587,34.0,True,1.198257080610022,44,False,2,True,True,1.443355119825708,53,False,0,False,False,1.443355119825708,53,False,0,False,False,0.24509803921568607,-2,True,False,0.3,e1b5694cdf8c70c3d2f2dbc4cd221e3ce626b3f97ad15aa218e4024f647031f4,6efe477c7b029a42755e3dee6a629778726d0b6c49e9ea8d8a41bab38c877a48,datasets/DSY1/runs/detached/run_0587/eplusout.csv,33.062,18,18,28.5452
DSY1,detached,run_0598,36.0,True,1.3071895424836601,48,False,2,True,True,1.579520697167756,58,False,0,False,False,1.579520697167756,58,False,0,False,False,0.27233115468409586,-2,True,False,0.3,0041eee27ef8168fc001282c1fc14701efdf76e102250356ac946f1cda53f6d5,1111ecf82a3dd59351cca39521dd3fb16e5c8241eba686da2a1646d8ead2ad32,datasets/DSY1/runs/detached/run_0598/eplusout.csv,33.215,23,23,21.0175
DSY1,detached,run_0613,56.0,True,2.342047930283224,86,False,17,True,True,3.1862745098039214,117,True,8,True,True,3.1862745098039214,117,True,8,True,True,0.8442265795206971,-9,True,False,0.3,2d2c68843dcb0975f971965b5d341bc3edbcbd7631b4f59b230271dadea3a9a7,35d1e6fdb57a95c7364a43cf076f592647abeb8ec78a44b52418698aff4f24e2,datasets/DSY1/runs/detached/run_0613/eplusout.csv,35.178,43,49,143.353
DSY1,detached,run_0627,55.0,True,2.6688453159041394,98,False,17,True,True,3.5403050108932463,130,True,7,True,True,3.5403050108932463,130,True,7,True,True,0.8714596949891069,-10,True,False,0.3,8d5987ada28944e8008696d4f18b83835351637af2e3e189b63cb7a1c0ab3ff8,01658a1d9179e0c942989d6af18e12eb761f4f8163cf772d5df38bdf9b6f63be,datasets/DSY1/runs/detached/run_0627/eplusout.csv,34.729,65,85,31.4984
DSY1,detached,run_0730,36.0,True,1.198257080610022,44,False,2,True,True,1.3888888888888888,51,False,0,False,False,1.3888888888888888,51,False,0,False,False,0.19063180827886694,-2,True,False,0.3,e2af0575c126ba69e47837046b6236399d94a0795df6236242deecc08bf3e021,132bc7637603f5d3ccac0db1e760422f007f57ad31586cbd31f738595054c72e,datasets/DSY1/runs/detached/run_0730/eplusout.csv,33.391,16,16,52.877
DSY1,detached,run_0736,35.0,True,1.171023965141612,43,False,2,True,True,1.3888888888888888,51,False,0,False,False,1.3888888888888888,51,False,0,False,False,0.21786492374727673,-2,True,False,0.3,b60ce7927cac280fecc0dd498025e1298197a3068208ae91c8f7f1373b58f8d0,84649daca0a5940eaf20077d858773c15347d28459d98c5e3ed8c9df0e04d983,datasets/DSY1/runs/detached/run_0736/eplusout.csv,33.309,15,15,31.522
DSY1,detached,run_0744,50.0,True,2.5871459694989105,95,False,14,True,True,3.213507625272331,118,True,7,True,True,3.213507625272331,118,True,7,True,True,0.6263616557734206,-7,True,False,0.3,04c471448cf3882a103bb6e093e84bf904391d771482d72ceac4f9bafad4daa5,2871c40f3cec569bd8c2b8673a7e3ce07a0be1b04c8a8632a842ff86ae90c91a,datasets/DSY1/runs/detached/run_0744/eplusout.csv,34.907,34,56,525.2231
DSY1,detached,run_0746,36.0,True,1.171023965141612,43,False,2,True,True,1.4161220043572984,52,False,0,False,False,1.4161220043572984,52,False,0,False,False,0.2450980392156863,-2,True,False,0.3,b5a6117fc5c1ad849bdc57621c1e731dd8937060e0c96991594151d63965a416,e4fcfb0a988b07a401acc4c4f7a41356f05d73f0eeb9c6101ed7bd290abba03d,datasets/DSY1/runs/detached/run_0746/eplusout.csv,33.454,15,15,27.2448
DSY1,detached,run_0759,53.0,True,2.4782135076252723,91,False,14,True,True,3.240740740740741,119,True,7,True,True,3.240740740740741,119,True,7,True,True,0.7625272331154687,-7,True,False,0.3,b656844cfa05220f2e871a1bed9e5c1acdbc059d3c2015124f1126c5b3d0a8e3,1394ed052218fe020dee889c40bbfde4510547fc22f443bb65c810aab1213411,datasets/DSY1/runs/detached/run_0759/eplusout.csv,34.864,43,48,68.4937
DSY1,detached,run_0765,37.0,True,1.2254901960784315,45,False,2,True,True,1.4978213507625273,55,False,0,False,False,1.4978213507625273,55,False,0,False,False,0.27233115468409586,-2,True,False,0.3,0fee8163339a9bdb3ff31b2965c4e793af6654c6a3a647ae8f68be91af344de6,371570a069f5584c6a4724cec616f9e909fea93ee5a9491e2273ae029cfc52a4,datasets/DSY1/runs/detached/run_0765/eplusout.csv,33.471,16,16,44.3393
DSY1,detached,run_0780,34.0,True,1.1437908496732025,42,False,2,True,True,1.3616557734204793,50,False,0,False,False,1.3616557734204793,50,False,0,False,False,0.21786492374727673,-2,True,False,0.3,ff745464e1d64e1cbc262a83bd031ae727b6a49f001add9be42160c542a98ae7,87836e62284b81337e71dd6be6457ec5b217d33ad05bbee157bfc800928dcc07,datasets/DSY1/runs/detached/run_0780/eplusout.csv,33.355,11,11,48.733
DSY1,detached,run_0781,39.0,True,1.4161220043572984,52,False,2,True,True,1.6884531590413943,62,False,0,False,False,1.6884531590413943,62,False,0,False,False,0.27233115468409586,-2,True,False,0.3,6a34343bb76b75cecba0fe6b87f639f05558fd3b7da1a4be2a6a5517d39bbd49,35bfd942d00693149b4c0599cb38f50943f063527efe6d7506ce20392966f1ac,datasets/DSY1/runs/detached/run_0781/eplusout.csv,33.328,28,28,18.4368
DSY1,detached,run_0789,36.0,True,1.2799564270152506,47,False,2,True,True,1.579520697167756,58,False,0,False,False,1.579520697167756,58,False,0,False,False,0.2995642701525054,-2,True,False,0.3,5dfceaf637a840e674339473b746d553b08ee61058ded22a011cb571f09f2f0e,9eabe5ffc2e58eb929130458251e38ab4b027ed8f0ce21fbd9eb52b197ee5382,datasets/DSY1/runs/detached/run_0789/eplusout.csv,33.05,25,25,34.9501
DSY1,detached,run_0849,50.0,True,2.233115468409586,82,False,7,True,True,3.0501089324618738,112,True,5,True,True,3.0501089324618738,112,True,5,True,True,0.8169934640522878,-2,True,False,0.3,c748a0e49b884c56ac48f31e6c7aaddf0cbe324ebf1baeade631452ea114e6d7,24392894ccb95cd25594cd821b624a3df51ac52dbb4c7f83e71c2f47b69b5078,datasets/DSY1/runs/detached/run_0849/eplusout.csv,34.498,45,53,64.7154
DSY1,detached,run_0850,32.0,True,1.171023965141612,43,False,2,True,True,1.4161220043572984,52,False,0,False,False,1.4161220043572984,52,False,0,False,False,0.2450980392156863,-2,True,False,0.3,48041f8374b4a1645390ff5510a266706a48c36a5ecd157dc79fad98a51ca00b,9ecf00dcb14defab362dafd3c19482cd93e70c6c85129d237fc9a5544e4c5ad8,datasets/DSY1/runs/detached/run_0850/eplusout.csv,33.163,15,15,33.7911
DSY1,detached,run_0860,35.0,True,1.198257080610022,44,False,2,True,True,1.4161220043572984,52,False,0,False,False,1.4161220043572984,52,False,0,False,False,0.2178649237472765,-2,True,False,0.3,fb84d233052e013541bf6673504597602c490f6f64d66478e96895a9a385efc5,57b6a6df3b168170120d84f096f677a84a371dbf7d93050733d71d3092a806ec,datasets/DSY1/runs/detached/run_0860/eplusout.csv,33.157,17,17,48.2366
DSY1,detached,run_0871,39.0,True,1.4978213507625273,55,False,3,True,True,1.8246187363834423,67,False,0,False,False,1.8246187363834423,67,False,0,False,False,0.326797385620915,-3,True,False,0.3,91f143af2ab7253638d63ad7b9cd663221a2bca64bb09da261d6945550006f07,24fe5d7df0275cbeab5e1b7be8a04357ec6694c5acee7eae7197cb434408e77b,datasets/DSY1/runs/detached/run_0871/eplusout.csv,33.464,27,27,30.2423
DSY1,detached,run_0874,58.0,True,2.5326797385620914,93,False,26,True,True,3.1318082788671022,115,True,16,True,True,3.1318082788671022,115,True,16,True,True,0.5991285403050108,-10,True,False,0.3,ee755bc7a65501158e07a6cb16fe5e65fd01a5549d5524efd1b43739cc358a31,f26a891f55c60ccf931edebc7c2b5b1967632119bc40bbe3334865d18e7e5198,datasets/DSY1/runs/detached/run_0874/eplusout.csv,35.428,22,25,498.1414
DSY1,detached,run_0881,33.0,True,1.1437908496732025,42,False,2,True,True,1.3888888888888888,51,False,0,False,False,1.3888888888888888,51,False,0,False,False,0.2450980392156863,-2,True,False,0.3,63c4d3d0c57f0f8c3d490042b819b7c0b21e1ed244fa75036253980386b39e98,cce1094ab40e649a2f860b94513d4f6e569b797a6d2edd53a65f5cd9db67a09d,datasets/DSY1/runs/detached/run_0881/eplusout.csv,33.246,12,12,26.4004
DSY1,detached,run_0914,37.0,True,1.3616557734204793,50,False,2,True,True,1.6067538126361656,59,False,0,False,False,1.6067538126361656,59,False,0,False,False,0.2450980392156863,-2,True,False,0.3,b7e604974dcb04012dc05f3a7bf57e0a355fffa41c5ee7c9e73ef60b0a63b0cb,393762344ed26e8255379ab83133eb1b099f9baa478d6b67dd85083efe7c2fd3,datasets/DSY1/runs/detached/run_0914/eplusout.csv,33.415,22,22,19.585
DSY1,detached,run_0923,39.0,True,1.4978213507625273,55,False,2,True,True,1.7701525054466232,65,False,0,False,False,1.7701525054466232,65,False,0,False,False,0.27233115468409586,-2,True,False,0.3,3c9368c2dee5b452dcba13780b5423a742e7343e5fff9f6328e6229f8852e96c,aa18f76d46cf9959b4ff74ce2756920c2955ae5c24199f9b16d4d3c04d3aaa10,datasets/DSY1/runs/detached/run_0923/eplusout.csv,33.205,38,38,13.3946
DSY1,detached,run_0938,36.0,True,1.198257080610022,44,False,2,True,True,1.4161220043572984,52,False,0,False,False,1.4161220043572984,52,False,0,False,False,0.2178649237472765,-2,True,False,0.3,3564709b026afcd6b3a309a0ba363f2ac0436d0e8d53c0c23dac64161d10beb0,cc041194aff11d94a1a0edeba6a4ced8c60336e1661be9e7534841ebe73beafe,datasets/DSY1/runs/detached/run_0938/eplusout.csv,33.33,14,14,31.9223
DSY1,detached,run_0958,58.0,True,2.5326797385620914,93,False,26,True,True,3.4586056644880174,127,True,16,True,True,3.4586056644880174,127,True,16,True,True,0.925925925925926,-10,True,False,0.3,2f599533452d4956c8cec16913807cf1c1f72f20fbce0d43e120561c12132f5e,2fcabb2875017d83a34ede748c0d5b84247672bfaba9ed9d654d1bd052f4cec5,datasets/DSY1/runs/detached/run_0958/eplusout.csv,35.467,27,28,213.9446
DSY1,detached,run_0971,32.0,True,1.0620915032679739,39,False,2,True,True,1.3888888888888888,51,False,0,False,False,1.3888888888888888,51,False,0,False,False,0.326797385620915,-2,True,False,0.3,bf17e360f2b639b556a24e85e0e4342bdb83173436f0faeb8f3d776442be498d,2c5470aa66fafe94cfebfc1029596b977ce317c95fada5aa8f8cb5520217c274,datasets/DSY1/runs/detached/run_0971/eplusout.csv,33.124,16,16,24.0683
DSY1,detached,run_0984,36.0,True,1.252723311546841,46,False,2,True,True,1.4705882352941178,54,False,0,False,False,1.4705882352941178,54,False,0,False,False,0.21786492374727673,-2,True,False,0.3,0de105fd5005835a9e087a3f42cdcfa9a2524f1362f3397457862fd945a73be1,a92c525b2ca90a0693aeac4f6826ccd9c558e03077e01ef8e1e667c024065fec,datasets/DSY1/runs/detached/run_0984/eplusout.csv,33.373,15,15,49.9692
DSY1,detached,run_1016,31.0,True,1.0076252723311547,37,False,2,True,True,1.252723311546841,46,False,0,False,False,1.252723311546841,46,False,0,False,False,0.2450980392156863,-2,True,False,0.3,16d24d276b448dcd56fb235b36031cad8f95bc4ecd2c48352a7a98e9602e28e6,664e7e65eabf513998360ca527178d8b5e2a06b31e53bd903f6303ad7a22ca23,datasets/DSY1/runs/detached/run_1016/eplusout.csv,33.18,9,9,26.3285
DSY1,detached,run_1022,36.0,True,1.171023965141612,43,False,2,True,True,1.4161220043572984,52,False,0,False,False,1.4161220043572984,52,False,0,False,False,0.2450980392156863,-2,True,False,0.3,aab758692d18671abf0b8bcb9a45975d690aa3be3f8d0170f75d4a327d116b54,68e7300e8b7abce417fd52d3d24bce1352ddf5af8dfec0371ef2ec30ba3ae8ec,datasets/DSY1/runs/detached/run_1022/eplusout.csv,33.424,13,13,31.2756
DSY1,detached,run_1034,51.0,True,2.423747276688453,89,False,9,True,True,3.1862745098039214,117,True,5,True,True,3.1862745098039214,117,True,5,True,True,0.7625272331154682,-4,True,False,0.3,6635182ae6c1d57f8632e1a29fc38cfe44875a295fbcd225e48f0a9bf7e00f0d,72ff013e266be5ac9af2735bcdc5ab557eb5b6ad4322aa0e69037e775563ba41,datasets/DSY1/runs/detached/run_1034/eplusout.csv,34.526,55,59,31.4317
DSY1,detached,run_1050,39.0,True,1.3888888888888888,51,False,2,True,True,1.6612200435729847,61,False,0,False,False,1.6612200435729847,61,False,0,False,False,0.27233115468409586,-2,True,False,0.3,97b6d64759c388532797140fb8a72e17efa84edbeb904d19745ca14139a557b7,5833588acc49809beda858ce2e181bbc7610e8c9ebb4c7779f2245081722401f,datasets/DSY1/runs/detached/run_1050/eplusout.csv,33.419,23,23,30.0817
DSY1,detached,run_1074,36.0,True,1.171023965141612,43,False,2,True,True,1.3888888888888888,51,False,0,False,False,1.3888888888888888,51,False,0,False,False,0.21786492374727673,-2,True,False,0.3,f5fb66b25c4990ab90d4cbc213091ba135f9413778c336425aef4471d56fd32d,953e0afe651aa8f677f584e6f9e6671dea05d41632b5af7f6d392277d7d32641,datasets/DSY1/runs/detached/run_1074/eplusout.csv,33.429,13,13,25.6595
DSY1,detached,run_1075,35.0,True,1.171023965141612,43,False,2,True,True,1.4161220043572984,52,False,0,False,False,1.4161220043572984,52,False,0,False,False,0.2450980392156863,-2,True,False,0.3,204f3cd8ab7ebacbeabf53747db490fa68e33a278f1f9eabd1d0c08b0cefb79c,8caef1723bd669d7859fc553ce23487b90e482cf9853d27540a63585eeb7815d,datasets/DSY1/runs/detached/run_1075/eplusout.csv,33.299,15,15,26.4239
DSY1,detached,run_1080,33.0,True,1.1437908496732025,42,False,2,True,True,1.3888888888888888,51,False,0,False,False,1.3888888888888888,51,False,0,False,False,0.2450980392156863,-2,True,False,0.3,c17a81e994f39e12c61f930cb048aa551a803506c310029249dc4926f57c3f7e,98f2b1e3fa8fd9842b721f885b875a98abe69a0c3441ba2c1227100182e939e7,datasets/DSY1/runs/detached/run_1080/eplusout.csv,33.218,15,15,19.0928
DSY1,detached,run_1082,38.0,True,1.2799564270152506,47,False,2,True,True,1.5522875816993464,57,False,0,False,False,1.5522875816993464,57,False,0,False,False,0.27233115468409586,-2,True,False,0.3,1839535d6638b15d09a67ac0cebe767bd0a4f94221dad8413950d4bec69a1e36,9169cc976df745737b7161380cfc4791d00600808c2a7218ef3b4a4fa1abf95c,datasets/DSY1/runs/detached/run_1082/eplusout.csv,33.371,23,23,47.3823
DSY1,detached,run_1097,37.0,True,1.3071895424836601,48,False,2,True,True,1.579520697167756,58,False,0,False,False,1.579520697167756,58,False,0,False,False,0.27233115468409586,-2,True,False,0.3,2a22d4194465f82af1d818343fb32b362755a8697b035677c1c76450667395c4,ac6b3f0ad6d6865a334d6527aa63384cd2e35b046004f3632b5d1b49b61b6e8b,datasets/DSY1/runs/detached/run_1097/eplusout.csv,33.329,28,28,46.9913
DSY1,detached,run_1098,36.0,True,1.171023965141612,43,False,2,True,True,1.3888888888888888,51,False,0,False,False,1.3888888888888888,51,False,0,False,False,0.21786492374727673,-2,True,False,0.3,f44140264c02480df00ba15ee12e2ee36215f50ab2e8e86d3fe229b44d33b4a7,ff3d97dc44e164577eecf5e7e47ace07a212aec0c4f851a81f2f83d4cc410523,datasets/DSY1/runs/detached/run_1098/eplusout.csv,33.41,13,13,34.992
DSY1,detached,run_1101,35.0,True,1.198257080610022,44,False,2,True,True,1.4161220043572984,52,False,0,False,False,1.4161220043572984,52,False,0,False,False,0.2178649237472765,-2,True,False,0.3,5f605062edb1fce40bcc1ebf09b934dca754560a1b48dc51adf2d6128008821b,8733cd45a1b5b3fba475d31f12d36fc4e5d38cff685f4cd29e0d158665c3c7dc,datasets/DSY1/runs/detached/run_1101/eplusout.csv,33.117,18,18,38.8687
DSY1,detached,run_1102,58.0,True,2.8594771241830066,105,False,26,True,True,3.7854030501089326,139,True,15,True,True,3.7854030501089326,139,True,15,True,True,0.925925925925926,-11,True,False,0.3,5323304dbb63ddbbfbda68bb882fd08513d5e20a7c983783db6905cfc448539a,d00c8674c4779991e56bb2dbebea545cf6c2e0c327b2ca930afc5b8d82fb24f9,datasets/DSY1/runs/detached/run_1102/eplusout.csv,35.393,33,38,417.8157
DSY1,detached,run_1125,40.0,True,1.6884531590413943,62,False,3,True,True,1.906318082788671,70,False,0,False,False,1.906318082788671,70,False,0,False,False,0.21786492374727673,-3,True,False,0.3,83a5b8d85a1263279bf6d85633f929a0f19b6c059cc877d3bcef5f7879243e9b,e2dc6f354cd7f5273de173f093a7afd31452480e6eaed4e3359959b33fbadbe9,datasets/DSY1/runs/detached/run_1125/eplusout.csv,33.402,33,33,21.4228
DSY1,detached,run_1127,39.0,True,1.4705882352941178,54,False,3,True,True,1.7973856209150327,66,False,0,False,False,1.7973856209150327,66,False,0,False,False,0.326797385620915,-3,True,False,0.3,2d1e983774f1792906bb4f7f8c84019b0ee3a22de0adb209c1421bc73ca9ea1a,a9284dc416b642777a9c2ccb43ef62f568e59bf5dbd67eecca7f32e554d8aa48,datasets/DSY1/runs/detached/run_1127/eplusout.csv,33.424,33,33,20.7417
DSY1,detached,run_1130,33.0,True,1.198257080610022,44,False,2,True,True,1.3888888888888888,51,False,0,False,False,1.3888888888888888,51,False,0,False,False,0.19063180827886694,-2,True,False,0.3,d31ef677bd3d71ec26ede5367f0ce56f4063dccab863e1ce277f0ef617cb159c,dad39ab6947f659edb307674c59b1a513deffd1bb98462f131cd9dd3e825c050,datasets/DSY1/runs/detached/run_1130/eplusout.csv,33.072,20,20,13.7093
DSY1,detached,run_1135,36.0,True,1.171023965141612,43,False,2,True,True,1.4978213507625273,55,False,0,False,False,1.4978213507625273,55,False,0,False,False,0.3267973856209152,-2,True,False,0.3,4fc44854d9e858dd8349630f961692175cf9ba2b5e1c1bcdb5ffdadc28d876f9,8a61c959d7f021e4efa91e2d4358a9c25d98b47d622f02c3787765525422eb21,datasets/DSY1/runs/detached/run_1135/eplusout.csv,33.069,24,24,72.6917
DSY1,detached,run_1180,36.0,True,1.3071895424836601,48,False,2,True,True,1.6067538126361656,59,False,0,False,False,1.6067538126361656,59,False,0,False,False,0.2995642701525054,-2,True,False,0.3,1c40fffe2ba5ec59167843f47111bab589f763776927996761d4e238a7d73778,df82574a03ff17a8b765dc564ab1917fa7af9c941dc074a0b4098c816e487dcd,datasets/DSY1/runs/detached/run_1180/eplusout.csv,33.277,21,21,18.6341
DSY1,detached,run_1200,34.0,True,1.2799564270152506,47,False,1,True,True,1.579520697167756,58,False,0,False,False,1.579520697167756,58,False,0,False,False,0.2995642701525054,-1,True,False,0.3,97f80cb63fdce544fbbde81543c4838d7eb86561a1da99b942f722796e526b33,5dcbc1332e2cc419540dc5728f5b6d36c0010127f972c5bff1ad8d00f62947f9,datasets/DSY1/runs/detached/run_1200/eplusout.csv,33.009,23,23,21.4504
DSY1,detached,run_1203,36.0,True,1.2254901960784315,45,False,2,True,True,1.443355119825708,53,False,0,False,False,1.443355119825708,53,False,0,False,False,0.2178649237472765,-2,True,False,0.3,2bd477d6a43ed29f4ea95f5301a9cd206a306a1fa5bfe1e6c0ffdb796e9ab6db,7e54998c55d1dc8c6a7931d3262b6c22ffa6a6b0bd8d0338869e88380cff2a82,datasets/DSY1/runs/detached/run_1203/eplusout.csv,33.406,15,15,41.0189
DSY1,detached,run_1207,35.0,True,1.198257080610022,44,False,2,True,True,1.443355119825708,53,False,0,False,False,1.443355119825708,53,False,0,False,False,0.24509803921568607,-2,True,False,0.3,5f72467e66b4b9a09af674154ac17c2f6969878ac964761d8bb9b290c227055e,76cfd539927689fb5836af41c4257a2f77772d784c20c3f120020b7b26bc5533,datasets/DSY1/runs/detached/run_1207/eplusout.csv,33.137,20,20,17.6345
DSY1,detached,run_1219,36.0,True,1.198257080610022,44,False,2,True,True,1.443355119825708,53,False,0,False,False,1.443355119825708,53,False,0,False,False,0.24509803921568607,-2,True,False,0.3,825478dd3d466ff84b329a97314973ebf2607b84f8e047fc761db153a2ef353b,b2776b3f66212e651ac317f89c344bf46fa935aec0034651627d6a25fdc6135a,datasets/DSY1/runs/detached/run_1219/eplusout.csv,33.472,15,15,28.8398
DSY1,detached,run_1236,36.0,True,1.252723311546841,46,False,2,True,True,1.4705882352941178,54,False,0,False,False,1.4705882352941178,54,False,0,False,False,0.21786492374727673,-2,True,False,0.3,399d0fa467b5ec9e67df973210975b8465f0959df6016f63c29dbb03eab926e6,914c74db7944752a41f0cca8918ada362905754a16d617f992fbd55f2687cc4c,datasets/DSY1/runs/detached/run_1236/eplusout.csv,33.426,17,17,46.6797
DSY1,detached,run_1238,33.0,True,1.116557734204793,41,False,2,True,True,1.3888888888888888,51,False,0,False,False,1.3888888888888888,51,False,0,False,False,0.27233115468409586,-2,True,False,0.3,69629cf9553bb44a138316229a387764674a75cfd0ddde57335f7feb7c356e85,32ba9e448a77a62803016a43d7a989d9d3844f5b9cfac9b33a572b435b928055,datasets/DSY1/runs/detached/run_1238/eplusout.csv,33.134,16,16,18.0951
DSY1,detached,run_1268,65.0,True,2.5326797385620914,93,False,31,True,True,3.159041394335512,116,True,22,True,True,3.159041394335512,116,True,22,True,True,0.6263616557734206,-9,True,False,0.3,a2598b1dba62b3f78c382dceda601f72001aab736ad36f82a842ca0ed428f374,1786e80818c6057fe94a0f6d0188f5e5ac5a9ace452dce60670a09483ea975ea,datasets/DSY1/runs/detached/run_1268/eplusout.csv,35.48,45,45,78.9051
DSY1,detached,run_1327,36.0,True,1.2254901960784315,45,False,2,True,True,1.4705882352941178,54,False,0,False,False,1.4705882352941178,54,False,0,False,False,0.2450980392156863,-2,True,False,0.3,b3ee2a4c38062c86cded197af2498ec826eae903f3319c9e56b4cec6fd1204bf,88c64db49c0ad486ab6fac73018f6d11346b6d3c507ac17a56010383417a84cf,datasets/DSY1/runs/detached/run_1327/eplusout.csv,33.448,13,13,50.0597
DSY1,detached,run_1360,35.0,True,1.171023965141612,43,False,2,True,True,1.4161220043572984,52,False,0,False,False,1.4161220043572984,52,False,0,False,False,0.2450980392156863,-2,True,False,0.3,1f346f832e3d7dcac7008b509f59fcf8f4d3d3071b710a80f6cbf15f9969122e,7efc3fa008241e43bc7c591c180fb214bdc543c165f9a747347cf8ece3117e3b,datasets/DSY1/runs/detached/run_1360/eplusout.csv,33.451,12,12,36.2575
DSY1,detached,run_1364,37.0,True,1.3616557734204793,50,False,3,True,True,1.6067538126361656,59,False,0,False,False,1.6067538126361656,59,False,0,False,False,0.2450980392156863,-3,True,False,0.3,5eaa7ec488364929f4bcf56242986a9a65b0f49c96e3b5fa5f7607638f1c0ebc,1fcf6c3e0c66a8e355857c7b8fbbbda9ca9e27792ef009fea35d0f5258d8d479,datasets/DSY1/runs/detached/run_1364/eplusout.csv,33.472,19,19,22.345
DSY1,detached,run_1370,54.0,True,2.233115468409586,82,False,17,True,True,3.104575163398693,114,True,8,True,True,3.104575163398693,114,True,8,True,True,0.8714596949891069,-9,True,False,0.3,70c81780dd1bda86f346cdc362e9df115e124e474d360ae70255b59ba2c87e8f,ec52230001b8559dcc4711360cbec1e62c7e004ea5c2b2d14db4946f09766267,datasets/DSY1/runs/detached/run_1370/eplusout.csv,35.076,33,47,396.2302
DSY1,detached,run_1384,38.0,True,1.3344226579520697,49,False,2,True,True,1.6067538126361656,59,False,0,False,False,1.6067538126361656,59,False,0,False,False,0.27233115468409586,-2,True,False,0.3,f5d1ff38c5f366a3cfac38ab75a507e00918524424f61cec904164389567ec02,972f4c58f47c6ad3e96b2ed0875b64b02b4a74b67ffa44115a378a38dbe123c2,datasets/DSY1/runs/detached/run_1384/eplusout.csv,33.331,21,21,27.1092
DSY1,detached,run_1388,33.0,True,1.171023965141612,43,False,2,True,True,1.3888888888888888,51,False,0,False,False,1.3888888888888888,51,False,0,False,False,0.21786492374727673,-2,True,False,0.3,75830e830574af5437adf7539681309fdcb66affd19acbe92f11c44ecb1ff175,44199b70a8493a7ba0d2dec6e03cb70b0d5fbbae8e1e25b8654f550dfc83f089,datasets/DSY1/runs/detached/run_1388/eplusout.csv,33.257,13,13,21.3039
DSY1,detached,run_1391,38.0,True,1.4161220043572984,52,False,2,True,True,1.7429193899782136,64,False,0,False,False,1.7429193899782136,64,False,0,False,False,0.3267973856209152,-2,True,False,0.3,01f90ca7ebf90019ad485efe1ed83b5576394695f20d7390267ed2e1f35e9885,5d736601f3ad74e3a8d280faac78db180e78bddbef54d238b931975ae82aacd8,datasets/DSY1/runs/detached/run_1391/eplusout.csv,33.352,22,22,39.3367
DSY1,detached,run_1399,51.0,True,2.450980392156863,90,False,9,True,True,3.2679738562091503,120,True,6,True,True,3.2679738562091503,120,True,6,True,True,0.8169934640522873,-3,True,False,0.3,656ff850d31db05db96f7b41e570d94759ef3b0ed9e2c981e6b7a8da14dfbe9f,29bb0215011fb744be37ede2475361d7ab7d055fdfe16d71f4315ee5f892c208,datasets/DSY1/runs/detached/run_1399/eplusout.csv,34.774,36,60,302.7753
DSY1,detached,run_1403,57.0,True,2.369281045751634,87,False,22,True,True,3.1862745098039214,117,True,10,True,True,3.1862745098039214,117,True,10,True,True,0.8169934640522873,-12,True,False,0.3,3499a85ee5a8a6f5987f2b6e5d3c3ca939d9beccb0336b786b8a46e6d02f556c,54ef25b91b0fa0b50d19dd93db49ab5047ed24a4a3a5292a5b4a1220b6ddb8bb,datasets/DSY1/runs/detached/run_1403/eplusout.csv,35.252,31,35,283.1907
DSY1,detached,run_1428,36.0,True,1.171023965141612,43,False,2,True,True,1.4161220043572984,52,False,0,False,False,1.4161220043572984,52,False,0,False,False,0.2450980392156863,-2,True,False,0.3,e6213c437e825bdc020c3dffb1a243fb20490f5e143e4152d366574be9d45ff6,dd3e2d958e81f9f8ca6a447a7b6c06437feb973df0a28513ec0db06df6a59ba6,datasets/DSY1/runs/detached/run_1428/eplusout.csv,33.45,13,13,50.7496
DSY1,detached,run_1429,36.0,True,1.252723311546841,46,False,2,True,True,1.5250544662309369,56,False,0,False,False,1.5250544662309369,56,False,0,False,False,0.27233115468409586,-2,True,False,0.3,f9edafacb17900a0064451faf163c96cabf15d95334173ba28d6a142238aa7a6,bdac8486ded0f6951037877dca8d1cab4560c7e64378c594da909bf0985d86af,datasets/DSY1/runs/detached/run_1429/eplusout.csv,33.351,18,18,25.7182
DSY1,detached,run_1439,50.0,True,2.7505446623093683,101,False,8,True,True,3.7037037037037037,136,True,5,True,True,3.7037037037037037,136,True,5,True,True,0.9531590413943354,-3,True,False,0.3,2d40f3a6c4a3102e295339c7b31300f540808244f9700519783df6131fe4998b,7bf9a3fd2e29431418f0471e2f5c481f78fe0b18129d5b82c8191d9b71755f8a,datasets/DSY1/runs/detached/run_1439/eplusout.csv,34.588,60,118,60.0925
DSY1,detached,run_1450,38.0,True,1.3888888888888888,51,False,2,True,True,1.6612200435729847,61,False,0,False,False,1.6612200435729847,61,False,0,False,False,0.27233115468409586,-2,True,False,0.3,25a750481aaef3c268e02748f132bd42f399b9c57dcb7bd9f2de2b95aa2a3ec5,15b23fb2a79e73d6dd7019b149f6f997cc3697a0867051028bd727e2b241412e,datasets/DSY1/runs/detached/run_1450/eplusout.csv,33.301,21,21,30.0427
DSY1,detached,run_1458,55.0,True,2.423747276688453,89,False,24,True,True,3.1862745098039214,117,True,9,True,True,3.1862745098039214,117,True,9,True,True,0.7625272331154682,-15,True,False,0.3,32458ab35fea6fec3527f01e7f5626dd8c67f6e67f4c79c9a2ae6840fd006969,95afe78815d0f4e2a327f8f8a7c8565da7906c9e007760a18ca85dfebc5ab0f2,datasets/DSY1/runs/detached/run_1458/eplusout.csv,35.24,31,34,419.9708
DSY1,detached,run_1467,58.0,True,2.233115468409586,82,False,24,True,True,3.0501089324618738,112,True,12,True,True,3.0501089324618738,112,True,12,True,True,0.8169934640522878,-12,True,False,0.3,3c94d12f5c4d3782712575b54a21a638b4a8d09dba2b42fa604b13ea1fecb9e1,0c0485ba5f80c4ab418b1f4fa9c213d6a418d74766ad6c5d2577652c28af3b40,datasets/DSY1/runs/detached/run_1467/eplusout.csv,35.39,30,33,235.3871
DSY1,detached,run_1490,51.0,True,2.505446623093682,92,False,10,True,True,3.4041394335511983,125,True,5,True,True,3.4041394335511983,125,True,5,True,True,0.8986928104575163,-5,True,False,0.3,1dc0e20f742b47066e086da15f3b5aa23f6f7ddccf1fe866c032273ec9f44ae9,ce48345b6e239b13ac913d6c042a709f0a5d97db43b44b35d09eecff109445d5,datasets/DSY1/runs/detached/run_1490/eplusout.csv,34.499,55,76,27.3976
DSY1,detached,run_1501,38.0,True,1.3071895424836601,48,False,2,True,True,1.579520697167756,58,False,0,False,False,1.579520697167756,58,False,0,False,False,0.27233115468409586,-2,True,False,0.3,d8a7e25bd7e17bac2e71e8edb6c3d48cfb97ce6e44867fc14562d4b260bcf8e7,337bfba25bb336a082f2a2bd72dd605ccf45488b139b416f4f8a2343fd125981,datasets/DSY1/runs/detached/run_1501/eplusout.csv,33.37,24,24,18.9165
DSY1,detached,run_1507,54.0,True,2.423747276688453,89,False,21,True,True,3.1318082788671022,115,True,10,True,True,3.1318082788671022,115,True,10,True,True,0.7080610021786491,-11,True,False,0.3,f689c5b87432eb3587088f0833cd5c97e4aebcff4bade115b20f50bab9456207,6c7a6a239fd2138743ca0d1a4b2ee8e600c1d8d4b8d44ecbbf2fb3d71e0a954d,datasets/DSY1/runs/detached/run_1507/eplusout.csv,35.132,20,21,326.5616
DSY1,detached,run_1512,36.0,True,1.171023965141612,43,False,2,True,True,1.4161220043572984,52,False,0,False,False,1.4161220043572984,52,False,0,False,False,0.2450980392156863,-2,True,False,0.3,b146a7226202dddd04526d5b1680e9474b00eba5e46f78402f32e22b45269574,b193cfda6e9e18ff8f2fde8acf6a8a2c54ed9bc9a16b1ec7c52e78b3c3c46021,datasets/DSY1/runs/detached/run_1512/eplusout.csv,33.433,13,13,30.6613
DSY1,detached,run_1549,36.0,True,1.252723311546841,46,False,2,True,True,1.5522875816993464,57,False,0,False,False,1.5522875816993464,57,False,0,False,False,0.2995642701525054,-2,True,False,0.3,6f1a3781a031a4d0a322dc9f44dbc1de6a1cd70b55ee89580747734a5554bd33,96689fe51e56896063a133decf83bc35ed48989d25aa2a779b3f435191d2749b,datasets/DSY1/runs/detached/run_1549/eplusout.csv,33.116,26,26,31.4811
DSY1,detached,run_1560,61.0,True,2.4782135076252723,91,False,30,True,True,3.1318082788671022,115,True,23,True,True,3.1318082788671022,115,True,23,True,True,0.65359477124183,-7,True,False,0.3,d4d8f5a67878a5827a4cf500edf84a32533403471ff94f1d2bdc304597c8811e,1de43a0e2c65b03ca2124a41a57ea0f805f72cd58e4bfe0e202b38b9681e21aa,datasets/DSY1/runs/detached/run_1560/eplusout.csv,35.523,29,29,104.0487
DSY1,detached,run_1563,36.0,True,1.171023965141612,43,False,2,True,True,1.3616557734204793,50,False,0,False,False,1.3616557734204793,50,False,0,False,False,0.19063180827886717,-2,True,False,0.3,168a7376de61afa9bf4e60c4a05ab429715f8a628b1a40d0ce397f2dbac233a4,5a5f81ea82c92591495f052daba1afc7a328cba90d9d22fe79ab1718d32ddad2,datasets/DSY1/runs/detached/run_1563/eplusout.csv,33.466,12,12,44.0216
DSY1,detached,run_1587,34.0,True,1.171023965141612,43,False,2,True,True,1.4161220043572984,52,False,0,False,False,1.4161220043572984,52,False,0,False,False,0.2450980392156863,-2,True,False,0.3,f9d319dbab03790b1982e4b88d6680dbede74478cb94e819f81b6c00b03fcd3d,b0ba6900a3fa98500ce4485986e133e5bf7ffb89eac64da5e21bf6d8f6d0eefc,datasets/DSY1/runs/detached/run_1587/eplusout.csv,33.265,15,15,42.0466
DSY1,detached,run_1590,59.0,True,2.423747276688453,89,False,30,True,True,3.1318082788671022,115,True,21,True,True,3.1318082788671022,115,True,21,True,True,0.7080610021786491,-9,True,False,0.3,098a91973a6bf0c8927216d4040ae5fcab71cb020ff8bede108761186994bd78,a79c0b0f53805b74f31cb90a2b139f116e75b8dfe34e5747d84aa2163af20a5e,datasets/DSY1/runs/detached/run_1590/eplusout.csv,35.601,18,18,177.383
DSY1,detached,run_1596,36.0,True,1.171023965141612,43,False,2,True,True,1.3888888888888888,51,False,0,False,False,1.3888888888888888,51,False,0,False,False,0.21786492374727673,-2,True,False,0.3,4a0a5e39c1f8971954ec30346c7f78f2e5423d5c2ae5ec1560ea1654254f55b1,011e4a383852b72c4206999c165e6ab5ca9e589a5ab744961a041864ca9f48ed,datasets/DSY1/runs/detached/run_1596/eplusout.csv,33.392,12,12,30.5171
DSY1,detached,run_1598,58.0,True,2.423747276688453,89,False,25,True,True,3.077342047930283,113,True,15,True,True,3.077342047930283,113,True,15,True,True,0.65359477124183,-10,True,False,0.3,43ec8df7a5693fd1e761914ff6b6e7884cba3dceba55ea9ef81cf49a0f16ed0e,df99a6d0c107c59fdc9c6144f4a7955e10b84b74af97cdffe373e181024f8089,datasets/DSY1/runs/detached/run_1598/eplusout.csv,35.359,22,23,351.9345
DSY1,detached,run_1599,35.0,True,1.198257080610022,44,False,2,True,True,1.3888888888888888,51,False,0,False,False,1.3888888888888888,51,False,0,False,False,0.19063180827886694,-2,True,False,0.3,757454363f8819e0db05730c6169cbc7a1f297e3bca0ba65b3061a2ce58cb805,adf7211e7c128cff297d842611cdefbddccb33d4bb598c1d504b45848d115631,datasets/DSY1/runs/detached/run_1599/eplusout.csv,33.275,17,17,21.5902
DSY1,detached,run_1609,38.0,True,1.3888888888888888,51,False,2,True,True,1.6884531590413943,62,False,0,False,False,1.6884531590413943,62,False,0,False,False,0.2995642701525054,-2,True,False,0.3,1e1bff81f549d1a389266ba359c577fb084c2f2c79be2bbeb85e08e98c029f0c,5d7aed05bc5b4943f43d8af5c06af7eb88c83fcecccf2190d5515cdf25ba9834,datasets/DSY1/runs/detached/run_1609/eplusout.csv,33.357,23,23,24.1938
DSY1,detached,run_1624,34.0,True,1.171023965141612,43,False,2,True,True,1.3888888888888888,51,False,0,False,False,1.3888888888888888,51,False,0,False,False,0.21786492374727673,-2,True,False,0.3,65507170d55e83dabfda76f2a4492c5c44cebe13b55ba66bfc5388717741351a,f333055e9fd9d52ad987e2ca3e50d9a9501dfe34118a2e962d916d062616a012,datasets/DSY1/runs/detached/run_1624/eplusout.csv,33.435,14,14,40.8677
DSY1,detached,run_1626,38.0,True,1.3616557734204793,50,False,2,True,True,1.6067538126361656,59,False,0,False,False,1.6067538126361656,59,False,0,False,False,0.2450980392156863,-2,True,False,0.3,8487e6955df8c65ee13502ae92601888bdcf9d47705a688dd70818398c37941b,e8c98d68d01b78e7679820df379ab71daa6ec039aa39fb395ffe05c9a4af9120,datasets/DSY1/runs/detached/run_1626/eplusout.csv,33.354,29,29,42.6923
DSY1,detached,run_1627,36.0,True,1.252723311546841,46,False,2,True,True,1.4978213507625273,55,False,0,False,False,1.4978213507625273,55,False,0,False,False,0.2450980392156863,-2,True,False,0.3,d4f217697545f7a20d2e6587ceb7447bf1834ee252c44b73eedcabcd5d6e231b,64e14c798e5a1ce00f3e5adaff6bc90a1d892c770b0e2804618d4189a568362c,datasets/DSY1/runs/detached/run_1627/eplusout.csv,33.414,16,16,31.6916
DSY1,detached,run_1635,32.0,True,1.0893246187363834,40,False,2,True,True,1.3888888888888888,51,False,0,False,False,1.3888888888888888,51,False,0,False,False,0.2995642701525054,-2,True,False,0.3,f8b6187a535d6dea959c2f27dfd1db9d3a1d8af76c7f6518d328bff961dc87c9,b4f676260b687f56c68e1f118f912190dd2bd8ac123260972267f9fe0efe962d,datasets/DSY1/runs/detached/run_1635/eplusout.csv,33.112,13,13,19.5054
DSY1,detached,run_1695,36.0,True,1.252723311546841,46,False,2,True,True,1.5250544662309369,56,False,0,False,False,1.5250544662309369,56,False,0,False,False,0.27233115468409586,-2,True,False,0.3,25f2f3de2de874ceaf35a789eee0a70ba7997913e047032e1366fa085dcc44a5,e0ddd07f8d6183868076add1d3f51951aa1a9deebd09f00ab36d52bf792a6acd,datasets/DSY1/runs/detached/run_1695/eplusout.csv,33.302,18,18,36.5894
DSY1,detached,run_1707,35.0,True,1.1437908496732025,42,False,2,True,True,1.3888888888888888,51,False,0,False,False,1.3888888888888888,51,False,0,False,False,0.2450980392156863,-2,True,False,0.3,d315097b508e2150cbef13911c186424628057991fec78d045be418dd1135ef6,8a7d9a22434b904b18173661dea070245fcec1d10250e07c97f3235bc0c4dbc7,datasets/DSY1/runs/detached/run_1707/eplusout.csv,33.422,10,10,36.319
DSY1,detached,run_1718,36.0,True,1.171023965141612,43,False,2,True,True,1.4161220043572984,52,False,0,False,False,1.4161220043572984,52,False,0,False,False,0.2450980392156863,-2,True,False,0.3,22ad104544f81e418aacf78378455b9d899a4d51307a269fb5ab4f4f535e27fe,eee25f3899a933db963dd5252c1bd5a1710e0bd2e113b81577d1e6f8e90d269b,datasets/DSY1/runs/detached/run_1718/eplusout.csv,33.467,13,13,29.5923
DSY1,detached,run_1724,37.0,True,1.3344226579520697,49,False,2,True,True,1.6067538126361656,59,False,0,False,False,1.6067538126361656,59,False,0,False,False,0.27233115468409586,-2,True,False,0.3,3c2256ee8495cc30884ffbeb3a5d2dd1368d518853aac01f6d5544e40709831f,10d1e2281a8acc9b88d98d6390fe3e2b773f6b1424ec0ac9cde07c073f83127c,datasets/DSY1/runs/detached/run_1724/eplusout.csv,33.379,20,20,25.7701
DSY1,detached,run_1737,32.0,True,1.116557734204793,41,False,2,True,True,1.3888888888888888,51,False,0,False,False,1.3888888888888888,51,False,0,False,False,0.27233115468409586,-2,True,False,0.3,97f53afeee24a18c24378780383ffd4d8e08c17ddd26f1c6c5a989cfe4814765,3f957f886147d40ff49492b1d97b6d57430359da1d8090a4bcd583d0710f941e,datasets/DSY1/runs/detached/run_1737/eplusout.csv,33.117,15,15,43.7253
DSY1,detached,run_1738,56.0,True,2.287581699346405,84,False,23,True,True,3.104575163398693,114,True,9,True,True,3.104575163398693,114,True,9,True,True,0.8169934640522878,-14,True,False,0.3,702fe5e95d230ad41e9534f866f50b14c771cebf4b3e89054755045ef9fd4466,556425740f7cb181d3ea67b3889eb382c6df14036591dcc889d1364516e4a3d4,datasets/DSY1/runs/detached/run_1738/eplusout.csv,35.177,33,34,124.168
DSY1,detached,run_1743,35.0,True,1.2799564270152506,47,False,2,True,True,1.4978213507625273,55,False,0,False,False,1.4978213507625273,55,False,0,False,False,0.21786492374727673,-2,True,False,0.3,69f693983aa67ad60538cbfe43e712fa86be389ce3c070f81f6bf1b6f6085044,0aa77fdf1b3ce5723c2af617318aa75a3b1084913f14f1c6aa61a3ef77e129c7,datasets/DSY1/runs/detached/run_1743/eplusout.csv,33.143,22,22,35.2884
DSY1,detached,run_1744,34.0,True,1.1437908496732025,42,False,1,True,True,1.4161220043572984,52,False,0,False,False,1.4161220043572984,52,False,0,False,False,0.27233115468409586,-1,True,False,0.3,23816631cd3647c1a9a01cb13dde8f515d3f9f34701b89b439e20a0943c29527,3f11685d8c1a8f6e02e5f9d8a40086536e1599e5141b2fb740bcc6e64efe16ab,datasets/DSY1/runs/detached/run_1744/eplusout.csv,32.989,22,22,22.4763
DSY1,detached,run_1751,36.0,True,1.198257080610022,44,False,2,True,True,1.3888888888888888,51,False,0,False,False,1.3888888888888888,51,False,0,False,False,0.19063180827886694,-2,True,False,0.3,07ee2eac43a4b734b26c16fdb6fb619d6eb2fb7a044a2c601ad31c52f7606bd9,20256acd59840ffee185499dfc6d53eb1e048329f7f6b533a57b01b2589659fb,datasets/DSY1/runs/detached/run_1751/eplusout.csv,33.419,13,13,30.1599
DSY1,detached,run_1778,34.0,True,1.171023965141612,43,False,2,True,True,1.3888888888888888,51,False,0,False,False,1.3888888888888888,51,False,0,False,False,0.21786492374727673,-2,True,False,0.3,3982cb1085d62ba0d65c4cec16f1b38424053d74347d41646e13d9061ac5ab51,d6634e587a2d5afcd206f7597fcb8cb201059b00ba075a0fb608d10931b63641,datasets/DSY1/runs/detached/run_1778/eplusout.csv,33.183,18,18,18.2065
DSY1,detached,run_1784,34.0,True,1.198257080610022,44,False,2,True,True,1.4161220043572984,52,False,0,False,False,1.4161220043572984,52,False,0,False,False,0.2178649237472765,-2,True,False,0.3,2b42386cbf5d88e15f724e110e12ee0ac59ccbb1a78a6aab3c3d652269d575ee,378ba69990c87186f781dbfc06573b342836aed9e91fbc19811170ff6aecc05b,datasets/DSY1/runs/detached/run_1784/eplusout.csv,33.087,19,19,19.4775
DSY1,detached,run_1785,38.0,True,1.198257080610022,44,False,2,True,True,1.443355119825708,53,False,0,False,False,1.443355119825708,53,False,0,False,False,0.24509803921568607,-2,True,False,0.3,8113138acd26389aa59a0e7622ccfe98975df4f56898aaeb64f626b872a00b85,63fcd9a3e65fbde310b2d8a82ada3f66072c8ad0ce1553aa05efd225bdabfef2,datasets/DSY1/runs/detached/run_1785/eplusout.csv,33.396,21,21,44.8593
DSY1,detached,run_1799,36.0,True,1.171023965141612,43,False,2,True,True,1.3888888888888888,51,False,0,False,False,1.3888888888888888,51,False,0,False,False,0.21786492374727673,-2,True,False,0.3,8010e352d8845ac26da9dedf9be965331917b68d4e2e1b913422bdb405608c2f,4f5916238a3c80497fc94aec685a61694d9684d98f70e3db81a2c39f13bd03c9,datasets/DSY1/runs/detached/run_1799/eplusout.csv,33.394,13,13,38.1869
DSY1,detached,run_1802,36.0,True,1.171023965141612,43,False,2,True,True,1.3888888888888888,51,False,0,False,False,1.3888888888888888,51,False,0,False,False,0.21786492374727673,-2,True,False,0.3,06c2a11cb90b90cab3de553fe0598bf850644e3c95c7744e181b414ae9f608c9,bb2e04d605e772a8ce14230f4a99fb28379f8ced7212ca95bd0d6922b258cc88,datasets/DSY1/runs/detached/run_1802/eplusout.csv,33.392,13,13,32.0631
DSY1,detached,run_1823,36.0,True,1.171023965141612,43,False,2,True,True,1.4161220043572984,52,False,0,False,False,1.4161220043572984,52,False,0,False,False,0.2450980392156863,-2,True,False,0.3,b0e30fc48d13c62db09e29b216787d2abdd78d6a479ab8e838cae818ebf231bc,654a5c3daf8e1d6b1b98a4b56941da2913b712b34a4c4fe33e110fc44c94a693,datasets/DSY1/runs/detached/run_1823/eplusout.csv,33.395,14,14,29.1778
DSY1,detached,run_1829,36.0,True,1.171023965141612,43,False,2,True,True,1.3888888888888888,51,False,0,False,False,1.3888888888888888,51,False,0,False,False,0.21786492374727673,-2,True,False,0.3,1df040704b44f97842851593dc319cab2ff97e3a12762ffc183ad8bbd8e757ba,5e3db9f5694b655b2efedb3b40c633627e2a447abf2653059c30ccd3f5e61c66,datasets/DSY1/runs/detached/run_1829/eplusout.csv,33.38,15,15,41.7985
DSY1,detached,run_1833,38.0,True,1.3888888888888888,51,False,2,True,True,1.6339869281045751,60,False,0,False,False,1.6339869281045751,60,False,0,False,False,0.2450980392156863,-2,True,False,0.3,257f0a4e03126d2f3ddec4a039540f64d278e52650009530f1c18c030b756725,cf1ad7e066261845fea953429b63fdd476496ee91c68b5216a01526d19c594b2,datasets/DSY1/runs/detached/run_1833/eplusout.csv,33.351,25,25,16.2999
DSY1,detached,run_1838,58.0,True,2.5871459694989105,95,False,25,True,True,3.4041394335511983,125,True,11,True,True,3.4041394335511983,125,True,11,True,True,0.8169934640522878,-14,True,False,0.3,da7d685c744f3222045fae945f0cd7911a33045ea5e2667e71d04adfb6c2c5a3,0a1dcf6cdcdecd953a0f2eb421b8c4d04cb503c2fa28301f3af70f95519a431f,datasets/DSY1/runs/detached/run_1838/eplusout.csv,35.291,36,41,309.2256
DSY1,detached,run_1868,36.0,True,1.252723311546841,46,False,2,True,True,1.4978213507625273,55,False,0,False,False,1.4978213507625273,55,False,0,False,False,0.2450980392156863,-2,True,False,0.3,0b0f148dfa5d95b4bfdbc7f8e5a0cc3582793f826ca9d46540acdce987c929eb,cfa0e79623203c5fe345dc6edde7a30af6c3748c20786e357267815d02a42ccc,datasets/DSY1/runs/detached/run_1868/eplusout.csv,33.455,15,15,34.2566
DSY1,detached,run_1874,38.0,True,1.3888888888888888,51,False,2,True,True,1.7156862745098038,63,False,0,False,False,1.7156862745098038,63,False,0,False,False,0.326797385620915,-2,True,False,0.3,30f61b8df9a4450b8ea069fe5811ccb4e4dbbbe7a50b1a381d00c08fa5c16c59,fe38f2e90cc5ee8738e46a632838cd06fec3a0aae637c3e6951220f4ec644259,datasets/DSY1/runs/detached/run_1874/eplusout.csv,33.388,26,26,13.8065
DSY1,detached,run_1882,38.0,True,1.3616557734204793,50,False,3,True,True,1.6339869281045751,60,False,0,False,False,1.6339869281045751,60,False,0,False,False,0.27233115468409586,-3,True,False,0.3,bbe365ac592a09194809c99ec5136bdfdfacafea41d49f9735e7168b78a9dd1a,7de61f777f85602c8c0e2ce790fae444d5c82531c5ac63e4c33a78bbe784720e,datasets/DSY1/runs/detached/run_1882/eplusout.csv,33.461,23,23,18.5094
DSY1,detached,run_1891,36.0,True,1.198257080610022,44,False,2,True,True,1.4161220043572984,52,False,0,False,False,1.4161220043572984,52,False,0,False,False,0.2178649237472765,-2,True,False,0.3,b5c40a7538aa284ecd1bb22d9a8775dce1fa1dfbb875c5d85a40b7fa0e7513ab,cdeea7969801da4423d0e975ce325fb9518cdd9b31002874a94f56808774cb99,datasets/DSY1/runs/detached/run_1891/eplusout.csv,33.324,21,21,31.6727
DSY1,detached,run_1911,32.0,True,1.0348583877995643,38,False,1,True,True,1.3616557734204793,50,False,0,False,False,1.3616557734204793,50,False,0,False,False,0.326797385620915,-1,True,False,0.3,ea7ed242134511cde1f9f290f5f5f3164577a61d4782a2b04119cdd45b494a99,73489494ccd1cccb3c6fc7fd1ce14fe700afdd3bf3b02264479531c30a019941,datasets/DSY1/runs/detached/run_1911/eplusout.csv,33.015,13,13,15.2653
DSY1,detached,run_1913,34.0,True,1.252723311546841,46,False,2,True,True,1.4705882352941178,54,False,0,False,False,1.4705882352941178,54,False,0,False,False,0.21786492374727673,-2,True,False,0.3,f983d95828217c19d88176339244786ae72a298a1488930eb5ec5a68cc08a342,93aff94624d1f8351e1735867a9abc4ced6e6da822cfc906f43abb139004dfa7,datasets/DSY1/runs/detached/run_1913/eplusout.csv,33.398,17,17,38.4896
DSY1,detached,run_1916,36.0,True,1.252723311546841,46,False,2,True,True,1.4705882352941178,54,False,0,False,False,1.4705882352941178,54,False,0,False,False,0.21786492374727673,-2,True,False,0.3,cc67c39f940d6fb2a99c8a0ba3902d386b1bf459fff14de7255a072b4f397ad9,c31601ef610e7f2e38503246b11c92beaa39aa9ac7c01318df60d02f38ac3a0a,datasets/DSY1/runs/detached/run_1916/eplusout.csv,33.412,15,15,22.2866
DSY1,detached,run_1924,35.0,True,1.198257080610022,44,False,2,True,True,1.3888888888888888,51,False,0,False,False,1.3888888888888888,51,False,0,False,False,0.19063180827886694,-2,True,False,0.3,ab6050539e5651938137082616d6e63b760bdd705929834cd08279113a28e413,fec7005e3c61a0215c91bc00c2040695c6a512b9e92745f312bbeb64be1a3994,datasets/DSY1/runs/detached/run_1924/eplusout.csv,33.323,18,18,40.5389
DSY1,detached,run_1946,36.0,True,1.171023965141612,43,False,2,True,True,1.4978213507625273,55,False,0,False,False,1.4978213507625273,55,False,0,False,False,0.3267973856209152,-2,True,False,0.3,36a5c74fabac3b1acf02d3f2bb983af24b929be1866697f0a72224e3a4f3c530,a68a01112b32471b0bd254c0472db128ecc02a5308da43cf5b778ddf9fd696e4,datasets/DSY1/runs/detached/run_1946/eplusout.csv,33.211,22,22,72.2677
DSY1,detached,run_1959,34.0,True,1.171023965141612,43,False,2,True,True,1.3888888888888888,51,False,0,False,False,1.3888888888888888,51,False,0,False,False,0.21786492374727673,-2,True,False,0.3,cb5d2d1d9f3a97279577766453ea3ca53dc5b4a0a984f77fa98bd50c2666e70e,1ee1a28ce9621775dd7b3124f29065da923bc8edccfdb6abe8a0bcf6051ebeab,datasets/DSY1/runs/detached/run_1959/eplusout.csv,33.174,16,16,18.807
DSY1,detached,run_1977,36.0,True,1.198257080610022,44,False,2,True,True,1.3888888888888888,51,False,0,False,False,1.3888888888888888,51,False,0,False,False,0.19063180827886694,-2,True,False,0.3,0b0a4da518fe8f8ee142147ae949b5571140f26b0a44e0ea11e545a0de8fa332,195a3121017ab2648841e92ecc83e11d09d6b6c70e22a4b515506442f9047d7c,datasets/DSY1/runs/detached/run_1977/eplusout.csv,33.34,18,18,21.3458
DSY1,detached,run_1978,33.0,True,1.1437908496732025,42,False,2,True,True,1.3888888888888888,51,False,0,False,False,1.3888888888888888,51,False,0,False,False,0.2450980392156863,-2,True,False,0.3,a8bb375fbb5088aead462aa4d536444b37f1d3649f8e703e2caf2b630d6ccb27,94326b89d792019b00a6b64670bfe62ea002f2e23010262cb715f894eeb8ed45,datasets/DSY1/runs/detached/run_1978/eplusout.csv,33.258,13,13,41.4016
DSY1,detached,run_1983,59.0,True,2.396514161220044,88,False,26,True,True,3.022875816993464,111,True,16,True,True,3.022875816993464,111,True,16,True,True,0.6263616557734202,-10,True,False,0.3,dbbc2a27e736092386ab1799e14cd3af52ccfeeeb73c117f655f3632a1dc47d6,789fa3e180f5c4019a5675debb82002228a4ad5bdd3fb2576a9f371004328535,datasets/DSY1/runs/detached/run_1983/eplusout.csv,35.172,30,30,69.3833
DSY1,detached,run_1988,58.0,True,2.968409586056645,109,False,26,True,True,3.9760348583877994,146,True,16,True,True,3.9760348583877994,146,True,16,True,True,1.0076252723311545,-10,True,False,0.3,503c8689b6c91028f45fa4c9b1806296a6c4630f200ec27b5abc47018bc415b7,183ff59d2cec9ec61eb91098efa1a0922dd29fa208c0b5806fe13daade848301,datasets/DSY1/runs/detached/run_1988/eplusout.csv,35.413,49,65,400.5956
DSY1,detached,run_1989,36.0,True,1.252723311546841,46,False,2,True,True,1.443355119825708,53,False,0,False,False,1.443355119825708,53,False,0,False,False,0.19063180827886694,-2,True,False,0.3,dbcbc7928807b3fa6e22f6079c997a28afb091eb529adf23433fa1a3afdee533,db571c6535c22d0f2a404c6e41054a43c259879efc81f9cd302bebab10311e79,datasets/DSY1/runs/detached/run_1989/eplusout.csv,33.456,14,14,68.9713
DSY1,detached,run_1994,37.0,True,1.4161220043572984,52,False,2,True,True,1.7701525054466232,65,False,0,False,False,1.7701525054466232,65,False,0,False,False,0.35403050108932477,-2,True,False,0.3,7a8b94c9aa40b0edbe2793d9ef2353b5f015c37c40a5175a027f22a24853f9c6,e5a3c5935b2fcec264c810944689b8dcf7ef531b82af63ed426e633e8bed69a4,datasets/DSY1/runs/detached/run_1994/eplusout.csv,33.089,32,32,13.8309
DSY1,detached,run_1995,34.0,True,1.198257080610022,44,False,2,True,True,1.3888888888888888,51,False,0,False,False,1.3888888888888888,51,False,0,False,False,0.19063180827886694,-2,True,False,0.3,3dbcee64f2b955ef8a10c2872c6f68586ab0bf277f2f0a3247dbe2e30008f70b,cd092037a5c8f85de3477370683be67df7c320c0ca47a4b42b7cfa965737ae00,datasets/DSY1/runs/detached/run_1995/eplusout.csv,33.173,18,18,17.8398
DSY1,semi,run_0001,36.0,True,1.3071895424836601,48,False,2,True,True,1.579520697167756,58,False,0,False,False,1.579520697167756,58,False,0,False,False,0.27233115468409586,-2,True,False,0.3,ca3886d58e896d2f4ab08a44cbfa5e0f9cea4c680f312dc1ef70a674e490e399,cf37eb03d5a235bb5349a1feb686348c0aa622ead703f1880fa707a9b8afe86f,datasets/DSY1/runs/semi/run_0001/eplusout.csv,33.45,15,15,33.2113
DSY1,semi,run_0009,51.0,True,2.5326797385620914,93,False,12,True,True,3.159041394335512,116,True,7,True,True,3.159041394335512,116,True,7,True,True,0.6263616557734206,-5,True,False,0.3,72b32daac215def8dca0c43934efa6f07fe860bafd7adc8e1b428981fb12fb33,816e7461d06dc9406fff264ba1ec631c9aeced7908af746026c1e316154bc362,datasets/DSY1/runs/semi/run_0009/eplusout.csv,34.947,33,45,344.9863
DSY1,semi,run_0014,32.0,True,1.171023965141612,43,False,1,True,True,1.3888888888888888,51,False,0,False,False,1.3888888888888888,51,False,0,False,False,0.21786492374727673,-1,True,False,0.3,7c066d9ec87b634721258e47bed9add67de3389bbdc7361664ec794ac8cca33c,74e20a62fad072f698f13728591f590314bdff4838b3a679fd2f14d05ed627ba,datasets/DSY1/runs/semi/run_0014/eplusout.csv,33.109,12,12,37.0516
DSY1,semi,run_0022,41.0,True,1.5522875816993464,57,False,3,True,True,1.8790849673202614,69,False,0,False,False,1.8790849673202614,69,False,0,False,False,0.326797385620915,-3,True,False,0.3,a152a11ad44d2531c8b798adc87e35e719c9dc331c538d742ad57888fa9655d3,f3bb53b12adebeaa9aae6b1bae0e06b6472a95ab20a9cc8b170a51bb0ab4158c,datasets/DSY1/runs/semi/run_0022/eplusout.csv,33.416,46,52,11.5217
DSY1,semi,run_0026,30.0,True,1.2254901960784315,45,False,1,True,True,1.3888888888888888,51,False,0,False,False,1.3888888888888888,51,False,0,False,False,0.16339869281045738,-1,True,False,0.3,ebc1af8489a62c5f58c4bd62f7510af349cecea8b8bddbbcb24e616970b9ca67,4574c4777d8ff5542f5f6ed7ffb53ad583355a6ac0a8e564ee13e2b80f4164df,datasets/DSY1/runs/semi/run_0026/eplusout.csv,33.017,19,19,12.8688
DSY1,semi,run_0028,33.0,True,1.1437908496732025,42,False,2,True,True,1.3616557734204793,50,False,0,False,False,1.3616557734204793,50,False,0,False,False,0.21786492374727673,-2,True,False,0.3,c25c8833081cbc514c07913a5a62483b4c038c90acbe3c729c6a9442b06528e9,7bfa63ab316d5c0a0c1629a123b4c0f3851559048faf548b924001f92b860ae9,datasets/DSY1/runs/semi/run_0028/eplusout.csv,33.358,15,15,20.8043
DSY1,semi,run_0032,48.0,True,2.423747276688453,89,False,11,True,True,3.5403050108932463,130,True,6,True,True,3.5403050108932463,130,True,6,True,True,1.1165577342047932,-5,True,False,0.3,e06d1434febaedeee79133d334f308ace4a1680cd7159773d36400afcc3286d2,94c2d843b8ad04569c0537c263f9baf3391d29edb724e3a0c8b727a4bbefd9f7,datasets/DSY1/runs/semi/run_0032/eplusout.csv,34.722,47,128,418.4064
DSY1,semi,run_0038,36.0,True,1.2254901960784315,45,False,2,True,True,1.4978213507625273,55,False,0,False,False,1.4978213507625273,55,False,0,False,False,0.27233115468409586,-2,True,False,0.3,d391acc30a05361775a34b972d4627df3188b995204ed4dbede2d0b1bb1a6c47,dabf3243c72df01bf88d45cf7e8d6778d3a5c20ef6dea30156e5037557ccc64b,datasets/DSY1/runs/semi/run_0038/eplusout.csv,33.444,12,12,41.9985
DSY1,semi,run_0040,36.0,True,1.3616557734204793,50,False,3,True,True,1.6067538126361656,59,False,0,False,False,1.6067538126361656,59,False,0,False,False,0.2450980392156863,-3,True,False,0.3,bca843a97a866236b3839990fa9317413e85c5f80fc9725e9ecc45b8b13e20a0,7548fa69fcc60c216a215fdd31915d21e625bdc1bff9d57d25a37290786f3d50,datasets/DSY1/runs/semi/run_0040/eplusout.csv,33.465,15,15,37.2659
DSY1,semi,run_0044,33.0,True,1.171023965141612,43,False,2,True,True,1.4161220043572984,52,False,0,False,False,1.4161220043572984,52,False,0,False,False,0.2450980392156863,-2,True,False,0.3,008077c7405ea2ceaa22a578023929968c0bd25a9ce3312d89c0ba6d15f2827b,46cbfe469923bb36b9cc96f91aedb9481d28e65e3d41643be59c19047ed3d18d,datasets/DSY1/runs/semi/run_0044/eplusout.csv,33.347,10,10,52.9937
DSY1,semi,run_0047,32.0,True,1.2254901960784315,45,False,1,True,True,1.4978213507625273,55,False,0,False,False,1.4978213507625273,55,False,0,False,False,0.27233115468409586,-1,True,False,0.3,bcafaa53600a2f74879fc10e12d2bf7b87181cfd192bebd258a117c54e22bd57,0ee19c19f0c4059d1fe19fbe5a22b2b7e78ae91b0a83150998b6655c382fa648,datasets/DSY1/runs/semi/run_0047/eplusout.csv,33.038,17,17,24.4411
DSY1,semi,run_0051,30.0,True,1.116557734204793,41,False,1,True,True,1.3888888888888888,51,False,0,False,False,1.3888888888888888,51,False,0,False,False,0.27233115468409586,-1,True,False,0.3,f5b468fe095a6d44ff08a62d0321f0a3847818ae1fc392e13e14af821626679a,c2586dcecfaf4fa1e95fb9480ff77e532353ae6ea38a0c83f17c09e2cdb90b1e,datasets/DSY1/runs/semi/run_0051/eplusout.csv,32.985,13,13,24.1884
DSY1,semi,run_0057,34.0,True,1.1437908496732025,42,False,2,True,True,1.3888888888888888,51,False,0,False,False,1.3888888888888888,51,False,0,False,False,0.2450980392156863,-2,True,False,0.3,d1374266208e72c34353e5e83aca9f6170542377bd403dedc571eb5b1888e19a,4398fa55893d411acdccf4aaf44606b80c879ad1b8e9e282187de47040402b92,datasets/DSY1/runs/semi/run_0057/eplusout.csv,33.212,18,18,18.265
DSY1,semi,run_0059,37.0,True,1.3616557734204793,50,False,2,True,True,1.6884531590413943,62,False,0,False,False,1.6884531590413943,62,False,0,False,False,0.326797385620915,-2,True,False,0.3,b60ecc566addb7bd4f62d4c37e8b82c189634ac257eebeb5a7bafa3d67de77b2,bca5e90399ccfe7f1e61f858424864e0dfc1fbc2604e516a881ec48a4a6d4d67,datasets/DSY1/runs/semi/run_0059/eplusout.csv,33.163,32,32,26.4588
DSY1,semi,run_0084,36.0,True,1.2799564270152506,47,False,2,True,True,1.5250544662309369,56,False,0,False,False,1.5250544662309369,56,False,0,False,False,0.2450980392156863,-2,True,False,0.3,744afd827c9872c840309aff575d07488dc9091c712e787ab574beff3a3c93ef,4144f87b5f35cd1d1f6d361b35a29f1beca3aaefd27501cf34f99f8c55b49e14,datasets/DSY1/runs/semi/run_0084/eplusout.csv,33.095,28,28,24.1175
DSY1,semi,run_0085,35.0,True,1.1437908496732025,42,False,2,True,True,1.443355119825708,53,False,0,False,False,1.443355119825708,53,False,0,False,False,0.2995642701525054,-2,True,False,0.3,d62915d2421105ac90bebef20e3940deaba5413d733d28461c5fa4e7cc8fdf4e,b98c42b5c97999a8d0278a08ba03fdc3f54c8c19484d59e47485e48d5eb1bf9b,datasets/DSY1/runs/semi/run_0085/eplusout.csv,33.432,11,11,41.8174
DSY1,semi,run_0090,34.0,True,1.1437908496732025,42,False,2,True,True,1.3616557734204793,50,False,0,False,False,1.3616557734204793,50,False,0,False,False,0.21786492374727673,-2,True,False,0.3,4bfa05fa5aba93bd7707bd1a01848b09021cfae9203fd137b5229bca10743e66,21eff4d833c39b97ca88ce9b4a8dd06808a59885bdeaca7847d69e5462db28fa,datasets/DSY1/runs/semi/run_0090/eplusout.csv,33.396,12,12,48.7783
DSY1,semi,run_0092,36.0,True,1.3071895424836601,48,False,2,True,True,1.579520697167756,58,False,0,False,False,1.579520697167756,58,False,0,False,False,0.27233115468409586,-2,True,False,0.3,8d5fc1c329b4072e82d34ed824c6692aaba4521bffe223608e76559fa4d3bed9,4e94d59e626679af2d73021a77622ae7e3c4561c021b0e393361aa19a700b5d8,datasets/DSY1/runs/semi/run_0092/eplusout.csv,33.348,16,16,35.4067
DSY1,semi,run_0127,30.0,True,1.1437908496732025,42,False,1,True,True,1.3071895424836601,48,False,0,False,False,1.3071895424836601,48,False,0,False,False,0.1633986928104576,-1,True,False,0.3,5278ee2858ad54cc9e90f5f84d8bbd93e27effe59429fbf243221f1e7d823dfa,6cde0f5c2f60e436deaedd40d647af5d130280f2136693aa99ad1ff8f1b7d4c6,datasets/DSY1/runs/semi/run_0127/eplusout.csv,32.993,12,12,34.5433
DSY1,semi,run_0128,38.0,True,1.3616557734204793,50,False,2,True,True,1.6339869281045751,60,False,0,False,False,1.6339869281045751,60,False,0,False,False,0.27233115468409586,-2,True,False,0.3,d78e870aadca06884da0e67f00d7eee8fec4f374f358d9b4d39937ab99e69fde,77e4a0e6dbd5f6c69ee859c1b7b00d6e73c83dca599f42b75bc9c7b8c0ebd856,datasets/DSY1/runs/semi/run_0128/eplusout.csv,33.439,25,25,15.9853
DSY1,semi,run_0130,37.0,True,1.2254901960784315,45,False,2,True,True,1.4978213507625273,55,False,0,False,False,1.4978213507625273,55,False,0,False,False,0.27233115468409586,-2,True,False,0.3,7891733e7606177d1b6c472d0ef601ca8a480277cfe7cb8a6b4dbf2f361fb5f4,346baa0ca5daf1041b48c4f041a70486f37a33db712e858daa2586113789a881,datasets/DSY1/runs/semi/run_0130/eplusout.csv,33.451,22,22,36.9865
DSY1,semi,run_0141,31.0,True,1.1437908496732025,42,False,2,True,True,1.3344226579520697,49,False,0,False,False,1.3344226579520697,49,False,0,False,False,0.19063180827886717,-2,True,False,0.3,72f6021cd0e21cf379c758ef6bb2f7226a9efb3140d1a000a8f2ffeb15a1d597,563e04a9a5bf344bd1c7c32abc08d5284a0151265e0c483423177aa2c46fe20c,datasets/DSY1/runs/semi/run_0141/eplusout.csv,33.361,9,9,48.257
DSY1,semi,run_0146,36.0,True,1.2254901960784315,45,False,2,True,True,1.5250544662309369,56,False,0,False,False,1.5250544662309369,56,False,0,False,False,0.2995642701525054,-2,True,False,0.3,fa8adb8ee5ab5051625aa62d7f91e145f01e19240f73c5f03f2597c42dc86002,a371a0a28c7cfbd9dad17d6920a1e907e8bfd1467ff342b6543d7a4f6f406abd,datasets/DSY1/runs/semi/run_0146/eplusout.csv,33.1,24,24,35.0579
DSY1,semi,run_0171,36.0,True,1.3071895424836601,48,False,2,True,True,1.6067538126361656,59,False,0,False,False,1.6067538126361656,59,False,0,False,False,0.2995642701525054,-2,True,False,0.3,38ce48f73327f6df99cbe59c163734f94e0cbbda5604d3e8f591c46264955d28,cb5cc708dde195831dc0c5d34c47655118e21a2adbb6fbd73a995927b3ba3ecc,datasets/DSY1/runs/semi/run_0171/eplusout.csv,33.357,14,14,43.4888
DSY1,semi,run_0172,38.0,True,1.252723311546841,46,False,2,True,True,1.5250544662309369,56,False,0,False,False,1.5250544662309369,56,False,0,False,False,0.27233115468409586,-2,True,False,0.3,753c07975076ebfe255b28ac5c4c616d791c124f4c67206fac1ef61291fa9293,2aadd9657c18df040f4ee5887a6314209b716dc38ea0ee040707c7c81e399e5e,datasets/DSY1/runs/semi/run_0172/eplusout.csv,33.301,22,22,12.6884
DSY1,semi,run_0174,31.0,True,1.1437908496732025,42,False,2,True,True,1.3888888888888888,51,False,0,False,False,1.3888888888888888,51,False,0,False,False,0.2450980392156863,-2,True,False,0.3,ae112beeb2d74d9be266e08e86bb243ee836ffd1257612a490e52c9199a4a6b2,f6a384bd050baf6e61a3244a5c49e4a53381750a67712ccbc3154710bfb0765d,datasets/DSY1/runs/semi/run_0174/eplusout.csv,33.282,12,12,24.2193
DSY1,semi,run_0177,37.0,True,1.198257080610022,44,False,2,True,True,1.4705882352941178,54,False,0,False,False,1.4705882352941178,54,False,0,False,False,0.27233115468409586,-2,True,False,0.3,202a57ee7b50a2a25f5e5059cfc51217a6599963dcf78bf8e8001dcc6bc097ba,287b11c7d8d3ec8d24055a24ce74d01c305d7dc7c5af036a61ddf84b13fe138a,datasets/DSY1/runs/semi/run_0177/eplusout.csv,33.475,17,17,19.5827
DSY1,semi,run_0184,33.0,True,1.2254901960784315,45,False,2,True,True,1.4978213507625273,55,False,0,False,False,1.4978213507625273,55,False,0,False,False,0.27233115468409586,-2,True,False,0.3,9fcd15d53d7e74cbc18d4c7e668ff018c08aeeec1817bd3adc5a75185dabce1a,80c0e6dd9c17885d6be98bb90c901c69606780cfafcbd12da4514257c377e386,datasets/DSY1/runs/semi/run_0184/eplusout.csv,33.229,15,15,35.3037
DSY1,semi,run_0189,33.0,True,1.252723311546841,46,False,1,True,True,1.5250544662309369,56,False,0,False,False,1.5250544662309369,56,False,0,False,False,0.27233115468409586,-1,True,False,0.3,ffcdbbc01899f4871dff9bc6dca43442448dd16e3d93e2e473208eae6035f24f,e935f0f9d468b423625b7144b74363a4a320797ff8a923d72761850f64a7400a,datasets/DSY1/runs/semi/run_0189/eplusout.csv,33.067,16,16,38.5799
DSY1,semi,run_0203,33.0,True,1.2254901960784315,45,False,1,True,True,1.4161220043572984,52,False,0,False,False,1.4161220043572984,52,False,0,False,False,0.19063180827886694,-1,True,False,0.3,85a76153ae3989c1a7b0e9f4d4b5b0458d3c9d3ecfc35926635a450d80ac03d1,b17163c6716450b20d2a384a3b17b0e649508f94fe4f81567fe9cd441f49e032,datasets/DSY1/runs/semi/run_0203/eplusout.csv,32.983,14,14,37.8535
DSY1,semi,run_0205,34.0,True,1.2254901960784315,45,False,2,True,True,1.4705882352941178,54,False,0,False,False,1.4705882352941178,54,False,0,False,False,0.2450980392156863,-2,True,False,0.3,791cb96d752db88f956cc21c6b10d9c5099136d13d68905ac658bda18b17b3c5,d288a6f8a036407aff49d9876c0cc0573726a89d0f4d3aa8a2de76add82d6f2d,datasets/DSY1/runs/semi/run_0205/eplusout.csv,33.29,12,12,56.2334
DSY1,semi,run_0208,34.0,True,1.171023965141612,43,False,2,True,True,1.3616557734204793,50,False,0,False,False,1.3616557734204793,50,False,0,False,False,0.19063180827886717,-2,True,False,0.3,597a34ed951c436ab886a741322a5173d81658cf77f3e50fb3f167089e15cf9e,e12be8f03a44a4ded77affc6baed422052b72cd9b2358dbd01218e26968ebef4,datasets/DSY1/runs/semi/run_0208/eplusout.csv,33.114,13,13,40.3782
DSY1,semi,run_0217,32.0,True,1.2254901960784315,45,False,2,True,True,1.3616557734204793,50,False,0,False,False,1.3616557734204793,50,False,0,False,False,0.13616557734204782,-2,True,False,0.3,6578fef5d0b5038201d65863e3e1e1a4ad54d40469391adb29569f144a23d748,25e3324d57af3e8ba554b9380db0750b3e66cdcb2ccb8b9e6396821d7d4a6ed2,datasets/DSY1/runs/semi/run_0217/eplusout.csv,33.176,13,13,66.574
DSY1,semi,run_0219,34.0,True,1.252723311546841,46,False,2,True,True,1.5250544662309369,56,False,0,False,False,1.5250544662309369,56,False,0,False,False,0.27233115468409586,-2,True,False,0.3,e2cd17c42242883161008ecdc2c0193ea44d5b49b1d6269ca8c81d769cb1d2a6,0b6a4c5c159493072f1664661a1fa7d5fcf2e21ec723837cd6b92582a737e760,datasets/DSY1/runs/semi/run_0219/eplusout.csv,33.155,12,12,50.5174
DSY1,semi,run_0231,37.0,True,1.2799564270152506,47,False,2,True,True,1.579520697167756,58,False,0,False,False,1.579520697167756,58,False,0,False,False,0.2995642701525054,-2,True,False,0.3,b5ca9bc26762d2e794d52bf917e7e5492ef10a2278fc5e69a6aef489a0d822e3,0edeafc3eb3ba1f1ab2091d0f57101c215d7dbe2af12434cea7b9893423630d9,datasets/DSY1/runs/semi/run_0231/eplusout.csv,33.282,22,22,9.764
DSY1,semi,run_0233,32.0,True,1.116557734204793,41,False,2,True,True,1.3888888888888888,51,False,0,False,False,1.3888888888888888,51,False,0,False,False,0.27233115468409586,-2,True,False,0.3,fe59bff272e341a408efab97ea245db52edda17e1e77ca9f1e7f77835c7d4d2d,7e5b2bb2eee92d1ad8c3e810fc2d1f44d60aec4b70bb314693484653d73ca650,datasets/DSY1/runs/semi/run_0233/eplusout.csv,33.236,12,12,36.1321
DSY1,semi,run_0234,32.0,True,1.171023965141612,43,False,2,True,True,1.3888888888888888,51,False,0,False,False,1.3888888888888888,51,False,0,False,False,0.21786492374727673,-2,True,False,0.3,ad18a097afb4f0d5c78e8d025cdfe915a09afb030b3f35226b852b544b9eb6fc,f197a89ac0be07185dd85b06fdc3c0cc662ac077a8a8e455f654cb9cd4470fc7,datasets/DSY1/runs/semi/run_0234/eplusout.csv,33.284,14,14,20.0678
DSY1,semi,run_0235,33.0,True,1.1437908496732025,42,False,2,True,True,1.3616557734204793,50,False,0,False,False,1.3616557734204793,50,False,0,False,False,0.21786492374727673,-2,True,False,0.3,992cbc2f5d67f894f6a8f2e477ee0c5ec158fb43504d73811d7638a51953d9b8,9f5b15c64db5576f357f228e6874a3e5540d0291200ec67642c9a40208f86e96,datasets/DSY1/runs/semi/run_0235/eplusout.csv,33.049,13,13,28.2041
DSY1,semi,run_0241,54.0,True,2.8050108932461875,103,False,21,True,True,3.622004357298475,133,True,9,True,True,3.622004357298475,133,True,9,True,True,0.8169934640522873,-12,True,False,0.3,d18100646e7f44aeb9d4a1349a4ea4cdd50694e3186a34bd6daae87bb5f040ca,974bb0dbe7d352819ea716b8cb2bce3e7eeef6b33581d96935f349219acfcaf1,datasets/DSY1/runs/semi/run_0241/eplusout.csv,35.087,41,89,525.1031
DSY1,semi,run_0243,30.0,True,1.0620915032679739,39,False,2,True,True,1.252723311546841,46,False,0,False,False,1.252723311546841,46,False,0,False,False,0.19063180827886717,-2,True,False,0.3,f3047cf0fd999a174cbb63e62069983500ac565ac26187285022958dd054841d,ef9489c99b0ea98c4cde8814085f39214c7a117c2a0abc757a0503bb05f21590,datasets/DSY1/runs/semi/run_0243/eplusout.csv,33.174,10,10,23.7958
DSY1,semi,run_0250,36.0,True,1.171023965141612,43,False,2,True,True,1.4161220043572984,52,False,0,False,False,1.4161220043572984,52,False,0,False,False,0.2450980392156863,-2,True,False,0.3,3604472045990b8bd7cd4aaaf746ef8f32ee5f3c674894cbf0c0e7ea1e3001c2,2a6e48b0778e8609e1fbb37c4b3aea756ae334e3c412bf35dd49d91555e6c471,datasets/DSY1/runs/semi/run_0250/eplusout.csv,33.439,14,14,42.693
DSY1,semi,run_0257,34.0,True,1.252723311546841,46,False,2,True,True,1.4978213507625273,55,False,0,False,False,1.4978213507625273,55,False,0,False,False,0.2450980392156863,-2,True,False,0.3,4f21f04e134e5290e3a8106b1369aa9373fc52a14e6868626f5d2f1c799c4a99,54d7a7cbf5d44887964ba6cb89c8888e0dacf16c2d472516cc9cff90340717f8,datasets/DSY1/runs/semi/run_0257/eplusout.csv,33.093,14,14,36.5621
DSY1,semi,run_0269,35.0,True,1.171023965141612,43,False,2,True,True,1.3888888888888888,51,False,0,False,False,1.3888888888888888,51,False,0,False,False,0.21786492374727673,-2,True,False,0.3,ff1d456b80cf4a29a8aabb06311ac24a3b1190006d400af652fb5a1fe44f4abb,c522618a739fb9730a400b23b03deaf24ce4c60870a46e936feec7c78ec1383d,datasets/DSY1/runs/semi/run_0269/eplusout.csv,33.444,13,13,25.391
DSY1,semi,run_0270,33.0,True,1.116557734204793,41,False,1,True,True,1.3616557734204793,50,False,0,False,False,1.3616557734204793,50,False,0,False,False,0.2450980392156863,-1,True,False,0.3,6c713574f3d6d8efab2edc04523e9bb7b9bd287022939f19b5fc6dfac9d643cc,7c962b04a414cd08312936699516d577c21099d9740854c4e2172fafffb7d059,datasets/DSY1/runs/semi/run_0270/eplusout.csv,33.007,14,14,24.8154
DSY1,semi,run_0277,35.0,True,1.3616557734204793,50,False,1,True,True,1.6339869281045751,60,False,0,False,False,1.6339869281045751,60,False,0,False,False,0.27233115468409586,-1,True,False,0.3,940b0f4ba0c322e62f51c5e136007818cfe008a567084ffcbf9186dbac912372,bfd9a2ce9c1c94af991507ed05b609dbe29e7227e62d1ca2020ca5f33945f00b,datasets/DSY1/runs/semi/run_0277/eplusout.csv,33.008,30,30,18.1769
DSY1,semi,run_0287,36.0,True,1.252723311546841,46,False,2,True,True,1.579520697167756,58,False,0,False,False,1.579520697167756,58,False,0,False,False,0.326797385620915,-2,True,False,0.3,1f7d246fe899630fa144270359e6d47b434c7cf7a8d3800f645479b2c0d7dbf9,1091fe60d42966d70f08ccbbcfb0881bb947a4283137717e26aecbe557d944de,datasets/DSY1/runs/semi/run_0287/eplusout.csv,33.076,23,23,35.7423
DSY1,semi,run_0288,32.0,True,1.0893246187363834,40,False,2,True,True,1.3888888888888888,51,False,0,False,False,1.3888888888888888,51,False,0,False,False,0.2995642701525054,-2,True,False,0.3,6abcc791a2235c0011ae7f2739c182626bbe9d753d7a8048f28b1ad4034db7d9,6ed74a02947fb6e77f0be4b76d2fd4717a261fbf5a6a6455bfc4e5abe5f3cb29,datasets/DSY1/runs/semi/run_0288/eplusout.csv,33.115,18,18,34.3548
DSY1,semi,run_0290,33.0,True,1.198257080610022,44,False,2,True,True,1.3616557734204793,50,False,0,False,False,1.3616557734204793,50,False,0,False,False,0.16339869281045738,-2,True,False,0.3,6c0113106edb560286e07868993f1e51deff955d9d65fe96ec57b4f67e87488e,7652b077e7799985d33ec06344b95c3af18b353a4b3f627400737d73483ab3f6,datasets/DSY1/runs/semi/run_0290/eplusout.csv,33.153,21,21,46.7657
DSY1,semi,run_0293,31.0,True,1.171023965141612,43,False,1,True,True,1.4161220043572984,52,False,0,False,False,1.4161220043572984,52,False,0,False,False,0.2450980392156863,-1,True,False,0.3,904c82c0fc0685512cd85bd58f516bd9390d579e73654f4749048b28e9b930c9,505c7f72fc6b8eeea992216df93bfdd8861ba2178decc7fa86e00d88d2d77044,datasets/DSY1/runs/semi/run_0293/eplusout.csv,33.024,18,18,18.2078
DSY1,semi,run_0294,31.0,True,1.1437908496732025,42,False,2,True,True,1.3888888888888888,51,False,0,False,False,1.3888888888888888,51,False,0,False,False,0.2450980392156863,-2,True,False,0.3,69bef47e1d5c236ab0ce7a932d9178cb4b8357294f7934a5d9fb6b2cf37c1d3c,f0a6f107262bde902e6a879c92b837a93e3ea7d7f58c28e2d74241eb56d36a5f,datasets/DSY1/runs/semi/run_0294/eplusout.csv,33.217,13,13,25.6149
DSY1,semi,run_0303,34.0,True,1.116557734204793,41,False,2,True,True,1.3616557734204793,50,False,0,False,False,1.3616557734204793,50,False,0,False,False,0.2450980392156863,-2,True,False,0.3,bde746c1f0248b623fda2c09bfde032949b1228746a92619c1af6f04bc65e484,be9f2b23c187252b22eb9681d367b830eb0c83e818f15ec6d2333d75c0aa07bd,datasets/DSY1/runs/semi/run_0303/eplusout.csv,33.247,13,13,31.8701
DSY1,semi,run_0307,33.0,True,1.2254901960784315,45,False,1,True,True,1.4705882352941178,54,False,0,False,False,1.4705882352941178,54,False,0,False,False,0.2450980392156863,-1,True,False,0.3,4a6c39fb188933f69e067d50fe437c1b96d69efb1781a91d34ca2728150eccdc,8ac287f9f3daa47e9db8e59f0520d79422cb7273d681c70957d345f5f8c2e15c,datasets/DSY1/runs/semi/run_0307/eplusout.csv,33.037,15,15,49.8557
DSY1,semi,run_0308,34.0,True,1.171023965141612,43,False,2,True,True,1.4161220043572984,52,False,0,False,False,1.4161220043572984,52,False,0,False,False,0.2450980392156863,-2,True,False,0.3,f7bb54a467de613f588304a2ec7a5705e5b15147b5d8650c0a13abed9d7e3cb2,fc833888cba66f8d0127051a652b876191cf0f62fa799e35e24dd506ae9d258c,datasets/DSY1/runs/semi/run_0308/eplusout.csv,33.329,19,19,18.7462
DSY1,semi,run_0310,37.0,True,1.252723311546841,46,False,2,True,True,1.443355119825708,53,False,0,False,False,1.443355119825708,53,False,0,False,False,0.19063180827886694,-2,True,False,0.3,b86813cd8cf72d37e5db9c2e1ee92ea5c1abfd67c380e49624aed65e8ba26ee0,f969bba9f7720f7b7efc11a4339d40fb451de595f577d00aac07965c7419f0b1,datasets/DSY1/runs/semi/run_0310/eplusout.csv,33.447,18,18,34.0626
DSY1,semi,run_0315,33.0,True,1.0893246187363834,40,False,2,True,True,1.3616557734204793,50,False,0,False,False,1.3616557734204793,50,False,0,False,False,0.27233115468409586,-2,True,False,0.3,2d7d1146fc2ffc3a7095b287e25de0968ca0cb3c831493e0a25377040385605e,a7bb982900e13a18e1543d0dea0b40508bd24583a4c597c2ea2125b5b1bef33c,datasets/DSY1/runs/semi/run_0315/eplusout.csv,33.212,16,16,24.504
DSY1,semi,run_0317,32.0,True,1.198257080610022,44,False,2,True,True,1.4161220043572984,52,False,0,False,False,1.4161220043572984,52,False,0,False,False,0.2178649237472765,-2,True,False,0.3,3083256d3f029ff0e25e1f0bbd5bfcef322a238ad54fe9c158ba84aa8d9414f3,f6612b761b7e948dfc70bf376e690266f5c9cde3b97bc9a7acf064ad862a659b,datasets/DSY1/runs/semi/run_0317/eplusout.csv,33.31,12,12,50.6096
DSY1,semi,run_0318,32.0,True,1.1437908496732025,42,False,2,True,True,1.3616557734204793,50,False,0,False,False,1.3616557734204793,50,False,0,False,False,0.21786492374727673,-2,True,False,0.3,b345aa51d4239f3264e66d964fc5670054dae0c4ff44e2a55b41e6b71e64d793,d8f0e2ad0b4eb18ef1462763a0fe6a83df9b0419c3048732da0f90091722cc3b,datasets/DSY1/runs/semi/run_0318/eplusout.csv,33.303,13,13,26.1422
DSY1,semi,run_0326,33.0,True,1.2254901960784315,45,False,2,True,True,1.4705882352941178,54,False,0,False,False,1.4705882352941178,54,False,0,False,False,0.2450980392156863,-2,True,False,0.3,fb5cc78d4ac7eca7cde5e3487c5fb1a376569319b62e1554310a1240155bfdec,7af3ce3dfcbc2b83efa2548cdd09bcf1a2209b48880f76a59c51d9c654b9aa67,datasets/DSY1/runs/semi/run_0326/eplusout.csv,33.228,16,16,65.5736
DSY1,semi,run_0327,33.0,True,1.116557734204793,41,False,2,True,True,1.3616557734204793,50,False,0,False,False,1.3616557734204793,50,False,0,False,False,0.2450980392156863,-2,True,False,0.3,196aaa884073e1d9c45ba3794272e418755549c4f8018c564f42194689fa6cbf,3969872cf3436e58e10c3a04865ec589fcf51e2ac3f50cf36b2bfe2566ade5a8,datasets/DSY1/runs/semi/run_0327/eplusout.csv,33.47,14,14,39.4758
DSY1,semi,run_0336,37.0,True,1.2799564270152506,47,False,2,True,True,1.5522875816993464,57,False,0,False,False,1.5522875816993464,57,False,0,False,False,0.27233115468409586,-2,True,False,0.3,12786f5332632cfc2dcc7eee80dca003ac07ee7160557ebc215822c57513f6c9,5b2669f68754f7665335bf34a1c762407ea3c3c6ba7176b484b14223af479701,datasets/DSY1/runs/semi/run_0336/eplusout.csv,33.379,22,22,15.0509
DSY1,semi,run_0338,32.0,True,1.116557734204793,41,False,2,True,True,1.3616557734204793,50,False,0,False,False,1.3616557734204793,50,False,0,False,False,0.2450980392156863,-2,True,False,0.3,8212448827b99e9646112cc65c3e223edd9aba937643d4be52feef345c86990c,4d9e92d2daf0ea5478648dab3adf00fa1c63455052f29db3b113d916bf3a575a,datasets/DSY1/runs/semi/run_0338/eplusout.csv,33.324,10,10,44.1713
DSY1,semi,run_0342,35.0,True,1.171023965141612,43,False,2,True,True,1.3888888888888888,51,False,0,False,False,1.3888888888888888,51,False,0,False,False,0.21786492374727673,-2,True,False,0.3,0fbc9cf0c65a6242e867e71dd2276700e47acb3b42a81058a4754989dff061df,5fa5840d32a079c1e1e8212d9b4b34f8120d6172819309d521480716850e4591,datasets/DSY1/runs/semi/run_0342/eplusout.csv,33.4,15,15,25.7601
DSY1,semi,run_0347,32.0,True,1.116557734204793,41,False,1,True,True,1.3616557734204793,50,False,0,False,False,1.3616557734204793,50,False,0,False,False,0.2450980392156863,-1,True,False,0.3,1dd4e9f19a9d2181678155ac3a38ac7b86a01af60320ea19f697a94411817614,2be1d422329129c10a6a011c1073e59d2598be1affc33f1c2ef7841939d1f49a,datasets/DSY1/runs/semi/run_0347/eplusout.csv,33.113,10,10,39.6352
DSY1,semi,run_0348,36.0,True,1.171023965141612,43,False,2,True,True,1.443355119825708,53,False,0,False,False,1.443355119825708,53,False,0,False,False,0.27233115468409586,-2,True,False,0.3,7c65688bce2db968bb3663503f0fc7ba67f7fedc0a499d22f0d2e0f7bf9d5efa,64698965db7c2dc7ff91b7614c7ddc609d525e61a57d38d750a516f376b40d20,datasets/DSY1/runs/semi/run_0348/eplusout.csv,33.452,13,13,25.9079
DSY1,semi,run_0352,36.0,True,1.198257080610022,44,False,2,True,True,1.3616557734204793,50,False,0,False,False,1.3616557734204793,50,False,0,False,False,0.16339869281045738,-2,True,False,0.3,e1ca77b47350eb91e190be965b3b0cb085c016520674adc3a795f08775c3c02b,109b2d0d0ede8153b7b6c4ad2bfa05f5be9838659f630a7f3a1b6f782967ff20,datasets/DSY1/runs/semi/run_0352/eplusout.csv,33.422,14,14,41.806
DSY1,semi,run_0355,32.0,True,1.0893246187363834,40,False,1,True,True,1.3344226579520697,49,False,0,False,False,1.3344226579520697,49,False,0,False,False,0.2450980392156863,-1,True,False,0.3,9a7dd98c5addc15b07ed2db10b19bc12bb420d457666375c26d2c390de83cd74,0bd6ae6d4726a51ad3cf1642c66588aaf88b1f35040c1e491ade1a46435dde40,datasets/DSY1/runs/semi/run_0355/eplusout.csv,33.109,12,12,49.6588
DSY1,semi,run_0361,36.0,True,1.2799564270152506,47,False,2,True,True,1.6067538126361656,59,False,0,False,False,1.6067538126361656,59,False,0,False,False,0.326797385620915,-2,True,False,0.3,6ba02e36c3d9889b27928a73dd04e2818f764ff1afeab5ae4732bb250a2b464f,a4f88479aa862498b923d3a8cdc9ed3afd1f71cc662d79f86d23dde702c7b269,datasets/DSY1/runs/semi/run_0361/eplusout.csv,33.079,29,29,16.4243
DSY1,semi,run_0366,56.0,True,2.423747276688453,89,False,24,True,True,3.1318082788671022,115,True,12,True,True,3.1318082788671022,115,True,12,True,True,0.7080610021786491,-12,True,False,0.3,b57de47be9be35d7c9b647ef91fd0fe66d31ec3ff4b31ecaa86d10fb9a15a3b1,5df27e34bd904eaa7f544b33f294ee09b5ec31f7bf8e797d1586e540e561ddab,datasets/DSY1/runs/semi/run_0366/eplusout.csv,35.194,27,28,183.1183
DSY1,semi,run_0384,34.0,True,1.252723311546841,46,False,2,True,True,1.4978213507625273,55,False,0,False,False,1.4978213507625273,55,False,0,False,False,0.2450980392156863,-2,True,False,0.3,c7805b987af2adfff4fd130c73e565f6cbb286c3eae564a2592852eb79f17cd7,e16afe239f693f6b3fbd4a39e574b8c92794be95972a2fb080a2440c6134672c,datasets/DSY1/runs/semi/run_0384/eplusout.csv,33.303,18,18,20.8591
DSY1,semi,run_0406,37.0,True,1.252723311546841,46,False,2,True,True,1.4978213507625273,55,False,0,False,False,1.4978213507625273,55,False,0,False,False,0.2450980392156863,-2,True,False,0.3,680e46abc676ce12be96104b7dd04d34e568359eaef0354e1ba8628ed0502882,04e4f5709ca93d3cffdc9bd65e9fd2ac47d4fe2395fd73e4fc75c8aaceb3df20,datasets/DSY1/runs/semi/run_0406/eplusout.csv,33.467,19,19,18.1489
DSY1,semi,run_0411,34.0,True,1.1437908496732025,42,False,2,True,True,1.3616557734204793,50,False,0,False,False,1.3616557734204793,50,False,0,False,False,0.21786492374727673,-2,True,False,0.3,478a44f4b9928042d9f83afd2b03f34998e358669abf423aca631d89c72491d1,ed1330b10d098c769ce965eb0fb452e48e6b6bc0543b4c9405419bc626fa2e89,datasets/DSY1/runs/semi/run_0411/eplusout.csv,33.187,13,13,33.7707
DSY1,semi,run_0419,39.0,True,1.2254901960784315,45,False,2,True,True,1.443355119825708,53,False,0,False,False,1.443355119825708,53,False,0,False,False,0.2178649237472765,-2,True,False,0.3,84853a4eb72ad718036ddafdc3e2553f3dd0103d821b63eeaf351cd2f358f7dd,718ac64f8989c18381f44f736a0629ce193398c6ce4b6f45e18013f184158352,datasets/DSY1/runs/semi/run_0419/eplusout.csv,33.327,29,29,21.1967
DSY1,semi,run_0425,34.0,True,1.2799564270152506,47,False,2,True,True,1.5522875816993464,57,False,0,False,False,1.5522875816993464,57,False,0,False,False,0.27233115468409586,-2,True,False,0.3,b320c0b82adacefc3e753f92a2abdf5b883dfc40fff73891f6ca573e4dfed4b2,358415e68d8f64904f894d3fc2806a0efbf7ef48236419a095f74575c502743d,datasets/DSY1/runs/semi/run_0425/eplusout.csv,33.273,13,13,48.5163
DSY1,semi,run_0426,34.0,True,1.171023965141612,43,False,2,True,True,1.3616557734204793,50,False,0,False,False,1.3616557734204793,50,False,0,False,False,0.19063180827886717,-2,True,False,0.3,bfba1be11cb1b2365babff0c9dd196311780347b7bd05d873de2425eb7abb592,3c3ee0f64e9dff3b79d90217f7a3cd1b05fba34187e78727f768503ea553b640,datasets/DSY1/runs/semi/run_0426/eplusout.csv,33.24,13,13,32.1432
DSY1,semi,run_0441,37.0,True,1.3344226579520697,49,False,2,True,True,1.6339869281045751,60,False,0,False,False,1.6339869281045751,60,False,0,False,False,0.2995642701525054,-2,True,False,0.3,98bbe267cd43cd02e5b3c3a2b537b7cd80fa49eaba362c8c4ab30e117498c373,78250a8da799bd8d42ebe5d959c37d1c625be9e9fa3873a7830a6201fd3b1a7c,datasets/DSY1/runs/semi/run_0441/eplusout.csv,33.441,19,19,21.2768
DSY1,semi,run_0446,36.0,True,1.3888888888888888,51,False,2,True,True,1.6612200435729847,61,False,0,False,False,1.6612200435729847,61,False,0,False,False,0.27233115468409586,-2,True,False,0.3,6fc9b353be31277c32985e0165a9bebc50e0f20fa1bfbf113ebb8218a8f389dd,52f7097e52ebb7439ec650e03e8399ebf6a54123dc8f2357915938889ec7dd1b,datasets/DSY1/runs/semi/run_0446/eplusout.csv,33.375,14,14,52.9048
DSY1,semi,run_0447,30.0,True,1.116557734204793,41,False,2,True,True,1.3616557734204793,50,False,0,False,False,1.3616557734204793,50,False,0,False,False,0.2450980392156863,-2,True,False,0.3,c9a9464d456086ef263417906d2955f1c45b01d6c19d556d9c22dcdfd62644c3,37bc2841404a0ca86991c76ed22eb8af721952eed51a243795c55652161a5a6b,datasets/DSY1/runs/semi/run_0447/eplusout.csv,33.188,15,15,34.4614
DSY1,semi,run_0450,33.0,True,1.3071895424836601,48,False,2,True,True,1.5522875816993464,57,False,0,False,False,1.5522875816993464,57,False,0,False,False,0.2450980392156863,-2,True,False,0.3,7c22b6cc558a7b0f17aacabb8a339b63cddc74918a8fb27681a5240144139d28,5f9786e29fafce294860d3321c38d9170da85b7acaf6f245e8c8141da0cf171c,datasets/DSY1/runs/semi/run_0450/eplusout.csv,33.233,18,18,33.4917
DSY1,semi,run_0454,34.0,True,1.3071895424836601,48,False,2,True,True,1.5522875816993464,57,False,0,False,False,1.5522875816993464,57,False,0,False,False,0.2450980392156863,-2,True,False,0.3,d62d2253519cc12162d121c1afd040de39a5a3bbc3d35464afe820d3e77da10e,652b61e877417575abcd8c78a0a12447d7dd61c95609ea6b5c928f312776ee52,datasets/DSY1/runs/semi/run_0454/eplusout.csv,33.094,15,15,40.7792
DSY1,semi,run_0455,31.0,True,1.116557734204793,41,False,2,True,True,1.3616557734204793,50,False,0,False,False,1.3616557734204793,50,False,0,False,False,0.2450980392156863,-2,True,False,0.3,dfd62e9d0eb6c5e7932e56cc1c1159273c1b54e438d8d442777b6bd54ff776f3,ee5ff5068e132f8f59119d68a4fbf13510747fe784dced0699b62250cc02f8f0,datasets/DSY1/runs/semi/run_0455/eplusout.csv,33.242,12,12,36.5255
DSY1,semi,run_0469,36.0,True,1.2799564270152506,47,False,2,True,True,1.579520697167756,58,False,0,False,False,1.579520697167756,58,False,0,False,False,0.2995642701525054,-2,True,False,0.3,e0f79dc633a25c6444134c7f0b3d52b9e35e96684f5793f6fc074cb897705e2d,19fb97d1a28bd4cba49e504e939e2cf37b2760e4645a51e92ad6350624dc1b15,datasets/DSY1/runs/semi/run_0469/eplusout.csv,33.44,12,12,57.4223
DSY1,semi,run_0470,33.0,True,1.252723311546841,46,False,2,True,True,1.4705882352941178,54,False,0,False,False,1.4705882352941178,54,False,0,False,False,0.21786492374727673,-2,True,False,0.3,abe8b4556c8934cb9224f26156e0935fa7aee0383f46ab6c5bbc7aeb4a7925cf,68b65d775e559f9706f8c9e005c300dd06ac0bbcb59042c2fc19dd028d477121,datasets/DSY1/runs/semi/run_0470/eplusout.csv,33.285,20,20,43.6461
DSY1,semi,run_0473,38.0,True,1.3616557734204793,50,False,2,True,True,1.7156862745098038,63,False,0,False,False,1.7156862745098038,63,False,0,False,False,0.35403050108932455,-2,True,False,0.3,2d3e0b5477408c541f29a0bbc8aec6cd2d860ffa4176241b6efa0adb7fdd6730,bc23f509b4e21b680b841068703d25c77c2dc1777d0f8f1e02387b6b9372d2fc,datasets/DSY1/runs/semi/run_0473/eplusout.csv,33.229,23,23,20.4245
DSY1,semi,run_0478,35.0,True,1.116557734204793,41,False,2,True,True,1.4161220043572984,52,False,0,False,False,1.4161220043572984,52,False,0,False,False,0.2995642701525054,-2,True,False,0.3,75cbbab04a2ed7b3a5803bef11af369d1f73d398f4750203a70a0f3caa9d1e22,61ac6ba167e55a27c3d972d4cc33d097a6cb57c08c691818ae4a527bf15b29c3,datasets/DSY1/runs/semi/run_0478/eplusout.csv,33.139,16,16,47.8329
DSY1,semi,run_0482,35.0,True,1.1437908496732025,42,False,2,True,True,1.3888888888888888,51,False,0,False,False,1.3888888888888888,51,False,0,False,False,0.2450980392156863,-2,True,False,0.3,66496ab6e5b5d82ad857169c60fbe3797075fb81b18112637213554b23677584,dc4831e0793c587905d664e279b0bad4e9ef290776d92f99fce2a5232442de20,datasets/DSY1/runs/semi/run_0482/eplusout.csv,33.316,19,19,16.2397
DSY1,semi,run_0489,37.0,True,1.3071895424836601,48,False,2,True,True,1.5522875816993464,57,False,0,False,False,1.5522875816993464,57,False,0,False,False,0.2450980392156863,-2,True,False,0.3,3a0cd1ccf14a5968ab3aaf5e70b464c57fecbbf6ea99c1ccc94329c83b9b91b3,faa5360ae56174f34d95e74fd6a6da73cacb2eccccac668ba66fe83ffc978cff,datasets/DSY1/runs/semi/run_0489/eplusout.csv,33.473,15,15,40.0328
DSY1,semi,run_0491,36.0,True,1.198257080610022,44,False,2,True,True,1.4161220043572984,52,False,0,False,False,1.4161220043572984,52,False,0,False,False,0.2178649237472765,-2,True,False,0.3,db74dfb0ae7f2034bd223dc9a164dc0266bf1a75bcaae93e6bd3fd0d2b02bf78,9e980f60f2688c92dd5769c12416573ab1df1cbe6d2334b7a048b1fc6550abaf,datasets/DSY1/runs/semi/run_0491/eplusout.csv,33.279,13,13,39.4434
DSY1,semi,run_0498,36.0,True,1.1437908496732025,42,False,2,True,True,1.3888888888888888,51,False,0,False,False,1.3888888888888888,51,False,0,False,False,0.2450980392156863,-2,True,False,0.3,db92d701f57cfa66212ebcd6d99c3e1dcf001df336e52380d486c6ea7d0075fa,f10a6a489c70e503019e00f7f7f3ee8a8e31e3bf36856e5fb619ec4ac676d734,datasets/DSY1/runs/semi/run_0498/eplusout.csv,33.404,13,13,32.9008
DSY1,semi,run_0500,33.0,True,1.1437908496732025,42,False,2,True,True,1.3344226579520697,49,False,0,False,False,1.3344226579520697,49,False,0,False,False,0.19063180827886717,-2,True,False,0.3,28bc60ddbbe0dd72296bf3c285c28eed67454dc71f31bd7005049403f5745e27,77f863fd384f01aceb8e4c6a4553375aa9b6e9b89e0c09dbae2065aa79c3cb46,datasets/DSY1/runs/semi/run_0500/eplusout.csv,33.078,12,12,32.4719
DSY1,semi,run_0511,34.0,True,1.252723311546841,46,False,2,True,True,1.4705882352941178,54,False,0,False,False,1.4705882352941178,54,False,0,False,False,0.21786492374727673,-2,True,False,0.3,1653620dc0e692a8da7385bc5daf66c55d264c57033fe8507594ed19d480c3bc,eefadd9996648c0ebbde7e39d5b99b266caa83672da222be2755e82655b32d85,datasets/DSY1/runs/semi/run_0511/eplusout.csv,33.347,17,17,28.9049
DSY1,semi,run_0515,31.0,True,1.116557734204793,41,False,2,True,True,1.3888888888888888,51,False,0,False,False,1.3888888888888888,51,False,0,False,False,0.27233115468409586,-2,True,False,0.3,464cb53db260edf797aad6868c43a47ba44c997c43c96e486abd1c72eb1d82f0,faeeb1328d2ba23b0f0d77e1b3e0f3831b5bf2f1b03614d65b508f26b6673d63,datasets/DSY1/runs/semi/run_0515/eplusout.csv,33.26,10,10,38.2642
DSY1,semi,run_0516,35.0,True,1.171023965141612,43,False,2,True,True,1.4161220043572984,52,False,0,False,False,1.4161220043572984,52,False,0,False,False,0.2450980392156863,-2,True,False,0.3,88060ede99b65082a742d17317e3bf9c1bb9b6323b064f5c398d97f5a7902481,d4299f3c734d03b136751dec025ce884da8f87d43387424fef20a3648a5e883b,datasets/DSY1/runs/semi/run_0516/eplusout.csv,33.207,20,20,22.3564
DSY1,semi,run_0522,33.0,True,1.2254901960784315,45,False,1,True,True,1.4705882352941178,54,False,0,False,False,1.4705882352941178,54,False,0,False,False,0.2450980392156863,-1,True,False,0.3,941c4032c553b65301e8a1018d150b1e423516a75374655414da11948d353e24,177368f1867e09b7d63870c0f81dda6dd84acf865df40ae52ddf1b2347e1fdd9,datasets/DSY1/runs/semi/run_0522/eplusout.csv,33.025,14,14,39.1028
DSY1,semi,run_0525,38.0,True,1.198257080610022,44,False,2,True,True,1.4705882352941178,54,False,0,False,False,1.4705882352941178,54,False,0,False,False,0.27233115468409586,-2,True,False,0.3,8c64b723956266cea05cfa6198b776c9951ff7441a79df22526d76c1eeaf8e89,e0c94ae03e1954730dec5f7245eecfe9768a193c4d583da7c0718b62e00abf79,datasets/DSY1/runs/semi/run_0525/eplusout.csv,33.443,19,19,21.9648
DSY1,semi,run_0526,36.0,True,1.198257080610022,44,False,2,True,True,1.4161220043572984,52,False,0,False,False,1.4161220043572984,52,False,0,False,False,0.2178649237472765,-2,True,False,0.3,5d34ff9f05557f5b9d94106382f6dc3f079869437898283cd201ba8babafa119,d6b37a91789848e8d4b018863feba1ceb1acbc5ac61a1b539bf9933d8ce9c8ba,datasets/DSY1/runs/semi/run_0526/eplusout.csv,33.18,17,17,29.0984
DSY1,semi,run_0527,32.0,True,1.0348583877995643,38,False,2,True,True,1.3071895424836601,48,False,0,False,False,1.3071895424836601,48,False,0,False,False,0.27233115468409586,-2,True,False,0.3,bd68bb86fd49aecaa35652fb9a27f6347c4b9df1177781308c537eb67d3a5795,92930be9cb05b7b582283846948bf9bfd9cece07576cf03df207a9c4ed3b09f7,datasets/DSY1/runs/semi/run_0527/eplusout.csv,33.124,17,17,25.2346
DSY1,semi,run_0532,36.0,True,1.2799564270152506,47,False,2,True,True,1.4978213507625273,55,False,0,False,False,1.4978213507625273,55,False,0,False,False,0.21786492374727673,-2,True,False,0.3,93ded73e4a54649bf183f91e772ab1f6ab820456c026a135d1499fc9ff6491bf,dc80a7c50b05dc2d649a7d950d557075693e781869f6cf1147646dcdb6e616a1,datasets/DSY1/runs/semi/run_0532/eplusout.csv,33.47,11,11,58.0823
DSY1,semi,run_0533,36.0,True,1.1437908496732025,42,False,2,True,True,1.4161220043572984,52,False,0,False,False,1.4161220043572984,52,False,0,False,False,0.27233115468409586,-2,True,False,0.3,4d137e5fc30f9203c5c6ea065be2913204dc9c3bc10206647a103f1e369b5aba,49fd39f5991e852e2af13c4a2da58a562c4b947a7bae832ef910db61b4cdc72c,datasets/DSY1/runs/semi/run_0533/eplusout.csv,33.292,18,18,24.0131
DSY1,semi,run_0534,36.0,True,1.2254901960784315,45,False,2,True,True,1.4978213507625273,55,False,0,False,False,1.4978213507625273,55,False,0,False,False,0.27233115468409586,-2,True,False,0.3,09df91222fe4cfbdeb7b19e0300fd470b82c1563ea73375188ee704f59b5bc6d,0c3503849f54f6eb28a9301a8af6a95592a5b4bfa63d90c1c12d134c02586b58,datasets/DSY1/runs/semi/run_0534/eplusout.csv,33.475,12,12,75.4202
DSY1,semi,run_0542,35.0,True,1.1437908496732025,42,False,2,True,True,1.3888888888888888,51,False,0,False,False,1.3888888888888888,51,False,0,False,False,0.2450980392156863,-2,True,False,0.3,ba13187e32d30f91bde3e5d579250b11f371f28ac311e00ca2bd90574298b959,fe1cb3fdc2665e67939897059c5c22da392e2c07c03b51253e42e6d062692bc4,datasets/DSY1/runs/semi/run_0542/eplusout.csv,33.291,14,14,27.2698
DSY1,semi,run_0543,34.0,True,1.2254901960784315,45,False,2,True,True,1.5250544662309369,56,False,0,False,False,1.5250544662309369,56,False,0,False,False,0.2995642701525054,-2,True,False,0.3,7b8c3fd099de801429c3da8ddb3294aa930c1446a46739f2645a40f8e10f6f83,0b92b5c4ae0421647477ae164bd3ad0a6a45a25916b2542c6cc75a08c454d202,datasets/DSY1/runs/semi/run_0543/eplusout.csv,33.178,15,15,42.4247
DSY1,semi,run_0545,35.0,True,1.2799564270152506,47,False,2,True,True,1.5522875816993464,57,False,0,False,False,1.5522875816993464,57,False,0,False,False,0.27233115468409586,-2,True,False,0.3,54d2f1bb8782ebf9e7f6e5d2c5c8c59ae76a2671431061ba3c35bcf3e2d729ad,82c35eca81b833696aa2d2d944c5e671e524e823910535260788f322d2cc6b22,datasets/DSY1/runs/semi/run_0545/eplusout.csv,33.277,14,14,37.8555
DSY1,semi,run_0548,38.0,True,1.3344226579520697,49,False,2,True,True,1.6884531590413943,62,False,0,False,False,1.6884531590413943,62,False,0,False,False,0.35403050108932455,-2,True,False,0.3,45ef09b8656c5e853eac0833097dffad185ace0ebc3f37101c96736818126da3,432d659094abea2b2de55df284744b7ed84c2f26901341e706f9816407fd3f72,datasets/DSY1/runs/semi/run_0548/eplusout.csv,33.315,22,22,37.5979
DSY1,semi,run_0553,36.0,True,1.171023965141612,43,False,2,True,True,1.3888888888888888,51,False,0,False,False,1.3888888888888888,51,False,0,False,False,0.21786492374727673,-2,True,False,0.3,4c0ef4f40611c444319bd567c3ec026ef0348cf0f16877fa1d5adfb839f66d1d,b0fda68e4033ecdebba668620124129bf6ae8e1c944c27e4a5b617ac1e046bd0,datasets/DSY1/runs/semi/run_0553/eplusout.csv,33.394,16,16,16.0973
DSY1,semi,run_0558,36.0,True,1.2799564270152506,47,False,2,True,True,1.579520697167756,58,False,0,False,False,1.579520697167756,58,False,0,False,False,0.2995642701525054,-2,True,False,0.3,254428365747fc636b4ccaad98961c00a6f01c47c95c9da746419588285ad809,cc8f8df074a742705532e1562bb336a605d7544aebafbcdd0647f2868a469bab,datasets/DSY1/runs/semi/run_0558/eplusout.csv,33.451,15,15,46.2979
DSY1,semi,run_0576,36.0,True,1.116557734204793,41,False,2,True,True,1.3616557734204793,50,False,0,False,False,1.3616557734204793,50,False,0,False,False,0.2450980392156863,-2,True,False,0.3,f6c61e59d98e1d453e58ef418743b0e53177439e2611826ca3704efc6f719c1b,3d72782cfde28f998768a9c802b0dd94253ff6e9a632bee258030c3fa36cb433,datasets/DSY1/runs/semi/run_0576/eplusout.csv,33.441,13,13,36.0349
DSY1,semi,run_0580,56.0,True,2.505446623093682,92,False,22,True,True,3.5130718954248366,129,True,9,True,True,3.5130718954248366,129,True,9,True,True,1.0076252723311545,-13,True,False,0.3,bc96e899ab66d1202b93dcb33a28c04d0eef64298ce43b93a8308d3dcbc566f3,030d8fa1e59c21ba6a30abe129eebc419ba2caba5e9ac8fa6c3231ee223c5352,datasets/DSY1/runs/semi/run_0580/eplusout.csv,35.173,37,71,192.8928
DSY1,semi,run_0609,33.0,True,1.252723311546841,46,False,1,True,True,1.443355119825708,53,False,0,False,False,1.443355119825708,53,False,0,False,False,0.19063180827886694,-1,True,False,0.3,c9c3c09a6d86b33802c86d20c6396fdf488b539ba10e18f2b1a5e738739b5682,5b9d92aae2197421c8d7ead9854be53e945ed2a86b8f9942c1a57bedff0c647e,datasets/DSY1/runs/semi/run_0609/eplusout.csv,33.021,15,15,46.2088
DSY1,semi,run_0612,36.0,True,1.252723311546841,46,False,2,True,True,1.4978213507625273,55,False,0,False,False,1.4978213507625273,55,False,0,False,False,0.2450980392156863,-2,True,False,0.3,99364b57e4cdfe97ec3db193db20b1974c4fc50e0be5c748879b6c6ee6741355,5b96d0ce3363ddb0090bb7efed9683bc0c996ed1ad12a6b756f54fe133e4bc56,datasets/DSY1/runs/semi/run_0612/eplusout.csv,33.063,19,19,52.8227
DSY1,semi,run_0613,51.0,True,2.369281045751634,87,False,14,True,True,3.3224400871459694,122,True,6,True,True,3.3224400871459694,122,True,6,True,True,0.9531590413943354,-8,True,False,0.3,0f527d0ce68992c52b4c9ac8e28df1f82141687afdb261d16c259214793561af,3eeaec39a22ffa4afdd195f48fe0f4d190de0efd49a4eadfa2007dce221d8b8c,datasets/DSY1/runs/semi/run_0613/eplusout.csv,34.852,58,99,106.0872
DSY1,semi,run_0627,51.0,True,2.5326797385620914,93,False,9,True,True,3.5947712418300655,132,True,5,True,True,3.5947712418300655,132,True,5,True,True,1.062091503267974,-4,True,False,0.3,4db74a6750ad6e272c6aa6f97677063172bbb02f954f117e96d45a4711ff9bd3,7301d16cf06b84704e38b03dd655a514707f9b1acada122736727e52865028a6,datasets/DSY1/runs/semi/run_0627/eplusout.csv,34.456,69,117,19.9704
DSY1,semi,run_0630,37.0,True,1.3888888888888888,51,False,2,True,True,1.7156862745098038,63,False,0,False,False,1.7156862745098038,63,False,0,False,False,0.326797385620915,-2,True,False,0.3,36d58af7d6484aa01e5ff91c0932b4174450dbdfee256a60d9074be6ec55bbc9,2a3d2bcdb0d75eb89fb38c053ccb0ea6da69c81be3771de15fda12b3d704ee30,datasets/DSY1/runs/semi/run_0630/eplusout.csv,33.073,21,21,34.205
DSY1,semi,run_0634,38.0,True,1.3071895424836601,48,False,2,True,True,1.5522875816993464,57,False,0,False,False,1.5522875816993464,57,False,0,False,False,0.2450980392156863,-2,True,False,0.3,c698beead5e83b25530e2195af5894042b6f8d9381caae7535afc6af3a5c6fbb,9b70ac350621269053e4d7f542335a577692a0c3a964e4c0898b1cf8c6c5f39c,datasets/DSY1/runs/semi/run_0634/eplusout.csv,33.364,23,23,18.1413
DSY1,semi,run_0639,31.0,True,1.0620915032679739,39,False,1,True,True,1.3344226579520697,49,False,0,False,False,1.3344226579520697,49,False,0,False,False,0.27233115468409586,-1,True,False,0.3,6d8bfecdbb2f82d1deff97199b037031aad3a17bcba4e757bf0519f44b5feb2a,0373fa43bd51bb216520fedfcfc01f74fe0140f808cdf7f01ecbf81e38adc0e4,datasets/DSY1/runs/semi/run_0639/eplusout.csv,32.995,13,13,23.3846
DSY1,semi,run_0643,34.0,True,1.116557734204793,41,False,2,True,True,1.3888888888888888,51,False,0,False,False,1.3888888888888888,51,False,0,False,False,0.27233115468409586,-2,True,False,0.3,5894b0cca0b927c5b606334dc5d0d92a9efce2f45e7d3b7a13511d387222d6b4,223fcf8fd62d9902fd4d5276003a5818b0f01b07486e802acb40cbc7995825de,datasets/DSY1/runs/semi/run_0643/eplusout.csv,33.148,16,16,19.2688
DSY1,semi,run_0652,36.0,True,1.3071895424836601,48,False,2,True,True,1.6067538126361656,59,False,0,False,False,1.6067538126361656,59,False,0,False,False,0.2995642701525054,-2,True,False,0.3,745de0e7f7268348808cfc54db94560b3e634b5f3a0862063656f18850da4376,6c724ec5e79ae7ba30851ff847b399ee547271181cc72d35e4bb4632c64ddbeb,datasets/DSY1/runs/semi/run_0652/eplusout.csv,33.161,29,29,10.9253
DSY1,semi,run_0656,38.0,True,1.3616557734204793,50,False,3,True,True,1.579520697167756,58,False,0,False,False,1.579520697167756,58,False,0,False,False,0.21786492374727673,-3,True,False,0.3,d859703f13f4a04f07653305cb882806f468d9e55ad0a5fe3b1542261b225ac0,24dac270c829a1019f19888d2d815510625068e21da5438e89f47ca8cae94372,datasets/DSY1/runs/semi/run_0656/eplusout.csv,33.444,20,20,22.1532
DSY1,semi,run_0657,38.0,True,1.3344226579520697,49,False,3,True,True,1.579520697167756,58,False,0,False,False,1.579520697167756,58,False,0,False,False,0.2450980392156863,-3,True,False,0.3,0a0b7fb743a2dc86013c5d7125c2b0076eb324b5690ed2f4916ac34c32c2a54f,995ae092a13d8c15dc83e3ea4a62b17e08804d634888c912c8c0f20fd3ca10c2,datasets/DSY1/runs/semi/run_0657/eplusout.csv,33.436,20,20,67.5771
DSY1,semi,run_0663,34.0,True,1.1437908496732025,42,False,2,True,True,1.3616557734204793,50,False,0,False,False,1.3616557734204793,50,False,0,False,False,0.21786492374727673,-2,True,False,0.3,a62fe6bf5636b3c86d3f37a21007e3d850b3cd5ae29e09a11fb014da723af5ae,a498cf2c0d457f453ccbe4f8c01c77912d698f0e50fe806cff85e2f982bac9c7,datasets/DSY1/runs/semi/run_0663/eplusout.csv,33.088,15,15,58.7373
DSY1,semi,run_0672,33.0,True,1.2799564270152506,47,False,1,True,True,1.4978213507625273,55,False,0,False,False,1.4978213507625273,55,False,0,False,False,0.21786492374727673,-1,True,False,0.3,b726eb0688c2d8e0f80f3d19185769446a5d9c168658ca9f82cc523332bbeda5,1edef202d9c9f93a62c5a5ff12b33ef2895fdb01d2bd7cfa102a97fa7c8452c9,datasets/DSY1/runs/semi/run_0672/eplusout.csv,33.095,16,16,31.5082
DSY1,semi,run_0675,33.0,True,1.2254901960784315,45,False,2,True,True,1.5250544662309369,56,False,0,False,False,1.5250544662309369,56,False,0,False,False,0.2995642701525054,-2,True,False,0.3,9ef3090a54f0e2a5a3dd4f199cf7d82e2ec4f484ceff948dfaebf0dfef9b24b2,3ccc24021916f5aa12b23d7d539c4206aabc7104953aa3a031e1336e5f7b47d0,datasets/DSY1/runs/semi/run_0675/eplusout.csv,33.273,15,15,40.1601
DSY1,semi,run_0678,34.0,True,1.116557734204793,41,False,2,True,True,1.3888888888888888,51,False,0,False,False,1.3888888888888888,51,False,0,False,False,0.27233115468409586,-2,True,False,0.3,c9039ee9ea13521bb1418587722ecb951a12c324cfdad39069b369a66fa3099d,431c690f5ec92e60f01a21f7fd6f457da7cb183bd83169aad6da43604a4d9b76,datasets/DSY1/runs/semi/run_0678/eplusout.csv,33.239,16,16,26.9397
DSY1,semi,run_0701,33.0,True,1.2799564270152506,47,False,1,True,True,1.6067538126361656,59,False,0,False,False,1.6067538126361656,59,False,0,False,False,0.326797385620915,-1,True,False,0.3,7af85a426291b51c1272e89ccf23c768f3a2b628f6a90346dfb9de169f47161c,184683ae9b54376e03de11cee9884b85f6f1f9a6064b9700a3c839a8bfd090bf,datasets/DSY1/runs/semi/run_0701/eplusout.csv,32.989,21,21,24.0287
DSY1,semi,run_0717,33.0,True,1.2254901960784315,45,False,2,True,True,1.443355119825708,53,False,0,False,False,1.443355119825708,53,False,0,False,False,0.2178649237472765,-2,True,False,0.3,1bb9ac5730433b1b3b317ce4ad68de807b42b589d0b88bc6d1dfd359c69d9ebc,3efff268bb801f255514fbd325f10baae65bbc29b5f00c52ffb4cebf3ba6ca56,datasets/DSY1/runs/semi/run_0717/eplusout.csv,33.307,15,15,32.5014
DSY1,semi,run_0721,37.0,True,1.171023965141612,43,False,2,True,True,1.4161220043572984,52,False,0,False,False,1.4161220043572984,52,False,0,False,False,0.2450980392156863,-2,True,False,0.3,05648b4d132e669092d93d9959b02ae1c82d0eb3344e0df4f45183dc1faa00c2,c0dec5abfd12c68cfbd73cc55165492e12829847db17bfa56830222e75a79290,datasets/DSY1/runs/semi/run_0721/eplusout.csv,33.399,19,19,52.6444
DSY1,semi,run_0728,36.0,True,1.3071895424836601,48,False,2,True,True,1.5522875816993464,57,False,0,False,False,1.5522875816993464,57,False,0,False,False,0.2450980392156863,-2,True,False,0.3,bec61eae2bd20998d5cd350a3e83e6879d284b837834bbcaaeef13751a97d922,26d5f5180680074492ffe14c83e7843999ce5e5404fc985482cdc1972b437e5e,datasets/DSY1/runs/semi/run_0728/eplusout.csv,33.306,11,11,52.534
DSY1,semi,run_0730,35.0,True,1.0893246187363834,40,False,2,True,True,1.4161220043572984,52,False,0,False,False,1.4161220043572984,52,False,0,False,False,0.326797385620915,-2,True,False,0.3,e1dafe44d84ee624ee8cba06eaba01fd2fddb6604aef71dc5b48bf383a6a3aa0,81ddc15dd74233887dfbafc9be1ce3221f44c7b1732c5966d5eaab6be40c6193,datasets/DSY1/runs/semi/run_0730/eplusout.csv,33.264,18,18,34.5588
DSY1,semi,run_0752,36.0,True,1.171023965141612,43,False,2,True,True,1.3616557734204793,50,False,0,False,False,1.3616557734204793,50,False,0,False,False,0.19063180827886717,-2,True,False,0.3,0a6899e6ea840621425e1b992b360dcbb71337692dfb45986ba712cb58b896d7,ad3f8e65f70b06e2b43d44e6368aaef0945accaf3eb155050dd9ae4555de9369,datasets/DSY1/runs/semi/run_0752/eplusout.csv,33.415,15,15,37.8299
DSY1,semi,run_0756,42.0,True,1.5522875816993464,57,False,3,True,True,1.7973856209150327,66,False,0,False,False,1.7973856209150327,66,False,0,False,False,0.2450980392156863,-3,True,False,0.3,72273ba4e2b76459f38209f66fa543d77764c75a2ec1f0d8097db4a1e0614607,d64c2a419f7ee70a86761c3d092608893e75e24edd8f1918550001428003ebdf,datasets/DSY1/runs/semi/run_0756/eplusout.csv,33.429,37,37,21.4209
DSY1,semi,run_0759,50.0,True,2.396514161220044,88,False,9,True,True,3.022875816993464,111,True,5,True,True,3.022875816993464,111,True,5,True,True,0.6263616557734202,-4,True,False,0.3,9bc34137f18548ca8f8b29cd4d3d269c53527a3717377a4a2b6c42cab862dda7,cff1157551137a9ca1e667a0032e71174902cbc5eb7c8e6d399b3fa53589c9cd,datasets/DSY1/runs/semi/run_0759/eplusout.csv,34.656,46,59,46.084
DSY1,semi,run_0764,34.0,True,1.171023965141612,43,False,2,True,True,1.3888888888888888,51,False,0,False,False,1.3888888888888888,51,False,0,False,False,0.21786492374727673,-2,True,False,0.3,23b44bcff9726a46bebf97210dc9b60dc808c8fbee844ee1adfe38508887eb49,4d120eaaf4514539b202dc0abc51de8215a85a66ca953731c2c3c8f79f3a97a8,datasets/DSY1/runs/semi/run_0764/eplusout.csv,33.238,16,16,52.0851
DSY1,semi,run_0765,34.0,True,1.171023965141612,43,False,2,True,True,1.3888888888888888,51,False,0,False,False,1.3888888888888888,51,False,0,False,False,0.21786492374727673,-2,True,False,0.3,d53845fcad968a2421ebd935a961cfa279f371b47ea9c539f4ea1d27bcd9c8bb,c2fae7a93c9086191a8692746697fd2bba4ef7a578864837f9f2eb67305dd5da,datasets/DSY1/runs/semi/run_0765/eplusout.csv,33.35,18,18,33.0342
DSY1,semi,run_0768,53.0,True,2.369281045751634,87,False,17,True,True,3.5130718954248366,129,True,9,True,True,3.5130718954248366,129,True,9,True,True,1.1437908496732025,-8,True,False,0.3,982d41713937964b414a0aae829109041be8da242d0e74156903579d3e0f8f76,ccd1d09d6dcb635a76babce35c9bb5b4024d11a79c1ff4ed9eb26ee335f13742,datasets/DSY1/runs/semi/run_0768/eplusout.csv,34.866,53,90,121.4444
DSY1,semi,run_0770,37.0,True,1.3888888888888888,51,False,1,True,True,1.6884531590413943,62,False,0,False,False,1.6884531590413943,62,False,0,False,False,0.2995642701525054,-1,True,False,0.3,243eee71546db8618c4e018e837f12fa4e16cf2d42a9d786ff547dce6d532c5b,e44f98838711907c8996c3e0d3ff18dce11700d9b139fd88bb517dfc86d44bcd,datasets/DSY1/runs/semi/run_0770/eplusout.csv,33.104,20,20,45.3408
DSY1,semi,run_0775,35.0,True,1.2799564270152506,47,False,2,True,True,1.4705882352941178,54,False,0,False,False,1.4705882352941178,54,False,0,False,False,0.19063180827886717,-2,True,False,0.3,18ee46d41f901876013c01190e29b8c418604bf1a7fb9e6d404602b75e8eb504,8cea0b5ca3d96f61d5a285d408548db5a83f7bf938f619f1d24254ef8bc7b7ed,datasets/DSY1/runs/semi/run_0775/eplusout.csv,33.394,14,14,44.311
DSY1,semi,run_0780,33.0,True,1.0076252723311547,37,False,2,True,True,1.2799564270152506,47,False,0,False,False,1.2799564270152506,47,False,0,False,False,0.27233115468409586,-2,True,False,0.3,28c0a385cb2289a7cfc759c6abd12f6da60b05f2e9a0e20c2d80b1e1462d79b1,91a36f2e19c8a692d80da8cc81e425be3267d0b0344db4356d6d8ba664e580a2,datasets/DSY1/runs/semi/run_0780/eplusout.csv,33.3,13,13,34.1619
DSY1,semi,run_0799,32.0,True,1.198257080610022,44,False,1,True,True,1.5250544662309369,56,False,0,False,False,1.5250544662309369,56,False,0,False,False,0.326797385620915,-1,True,False,0.3,0b46dab3efe941224a87107a0c8047cb5bab8f463045f9fc9aa6046a481be564,32339b57edb8a7a07fc8c33b4ab9ae14b9738e18bd21b55f89bfb68a09aaf1a1,datasets/DSY1/runs/semi/run_0799/eplusout.csv,33.017,23,23,30.2124
DSY1,semi,run_0806,34.0,True,1.2254901960784315,45,False,2,True,True,1.4705882352941178,54,False,0,False,False,1.4705882352941178,54,False,0,False,False,0.2450980392156863,-2,True,False,0.3,5992f9599aac7444b240db18dc5496e410942eee55bce6027ee5547e9fb87e0f,1e3bb391d167705e9291203d161347cf7ae1c54243d4566ec3e90fb51500733b,datasets/DSY1/runs/semi/run_0806/eplusout.csv,33.196,20,20,14.9166
DSY1,semi,run_0808,39.0,True,1.4978213507625273,55,False,2,True,True,1.7156862745098038,63,False,0,False,False,1.7156862745098038,63,False,0,False,False,0.2178649237472765,-2,True,False,0.3,ed252f5f0fdf88daa9aa2a638f10a9ea1a03031db80321baf07135e722091a9f,6b54251573c9ac69e65707696e6543f26e14aff3e349a0891d3c1515f89e0bee,datasets/DSY1/runs/semi/run_0808/eplusout.csv,33.41,25,25,46.3236
DSY1,semi,run_0817,36.0,True,1.198257080610022,44,False,2,True,True,1.4705882352941178,54,False,0,False,False,1.4705882352941178,54,False,0,False,False,0.27233115468409586,-2,True,False,0.3,3432062f676862eba92cf1d4bb047dc790ce530555bc4180cd14c07c8f39c512,bdaad80f0a7aadf97f6aaa12980f5dec3e3325f902d421eb8a50260e28ac261f,datasets/DSY1/runs/semi/run_0817/eplusout.csv,33.462,13,13,39.9979
DSY1,semi,run_0818,36.0,True,1.198257080610022,44,False,2,True,True,1.443355119825708,53,False,0,False,False,1.443355119825708,53,False,0,False,False,0.24509803921568607,-2,True,False,0.3,b84fb9c0300b13c69038014f5fd8f42b0ddf3e5ba7e0e123300db6a9643d6a20,0d9be4b0aab10c567f95d2bfaaef01080352feb35432cf47a00daeb56b70921d,datasets/DSY1/runs/semi/run_0818/eplusout.csv,33.365,18,18,18.137
DSY1,semi,run_0824,33.0,True,1.2254901960784315,45,False,2,True,True,1.443355119825708,53,False,0,False,False,1.443355119825708,53,False,0,False,False,0.2178649237472765,-2,True,False,0.3,44e17ea4d9190684d35dd7bcc8eedd0fc59874a8be4856accea6cc816d612ada,47c7c938ab04d478c293d1b21be25a94b0eba4bbd3c5a0210b273e21503a96aa,datasets/DSY1/runs/semi/run_0824/eplusout.csv,33.189,14,14,42.2697
DSY1,semi,run_0832,34.0,True,1.2799564270152506,47,False,2,True,True,1.5522875816993464,57,False,0,False,False,1.5522875816993464,57,False,0,False,False,0.27233115468409586,-2,True,False,0.3,517fe957cfce379379b6232904823e0e6d333e85d4549f90dc522fc6cf3d7d3c,8b8b4b1f6fb96f720eefb758aa2002176d8d9b029f07c6b27674a81a25e55f67,datasets/DSY1/runs/semi/run_0832/eplusout.csv,33.176,13,13,45.0661
DSY1,semi,run_0833,34.0,True,1.1437908496732025,42,False,2,True,True,1.3888888888888888,51,False,0,False,False,1.3888888888888888,51,False,0,False,False,0.2450980392156863,-2,True,False,0.3,3eda39cb3e665088877f9809b298c41cd224c1443a5d4e5684714d20a1a1d955,6bda909f17cc949132df99eaa012223ebbd9e802a1346ddcf8bf200c97316d43,datasets/DSY1/runs/semi/run_0833/eplusout.csv,33.165,14,14,34.0478
DSY1,semi,run_0840,34.0,True,1.116557734204793,41,False,2,True,True,1.3616557734204793,50,False,0,False,False,1.3616557734204793,50,False,0,False,False,0.2450980392156863,-2,True,False,0.3,42f325b1cc36c1573f4ab4d5d1da3fabbe7d4d04f70b96c96f6a6a68f2a8c52c,effee66491071ed56c2500a8d0a82065944247dd799e5f59e46f86cdb89f8013,datasets/DSY1/runs/semi/run_0840/eplusout.csv,33.279,13,13,31.6602
DSY1,semi,run_0851,39.0,True,1.3616557734204793,50,False,2,True,True,1.6612200435729847,61,False,0,False,False,1.6612200435729847,61,False,0,False,False,0.2995642701525054,-2,True,False,0.3,497353b87341a1b5b3d978625b30ecb73ee22d439fc7b4e8bb431d0807cfb9dc,c8ebe9f6a1a114699049434656e02a31b8f1068d780974140a6b9504c82703e6,datasets/DSY1/runs/semi/run_0851/eplusout.csv,33.439,20,20,42.7833
DSY1,semi,run_0855,36.0,True,1.3071895424836601,48,False,2,True,True,1.579520697167756,58,False,0,False,False,1.579520697167756,58,False,0,False,False,0.27233115468409586,-2,True,False,0.3,2e444859679569f127321144bd5f23b07a4c8965316fd1b440fc3ce70696be66,dff60c6fd1ef4f17b89683ee2247416d0b8777ad8bfef4b6597f3e8559d3451a,datasets/DSY1/runs/semi/run_0855/eplusout.csv,33.46,14,14,43.1206
DSY1,semi,run_0856,36.0,True,1.2799564270152506,47,False,2,True,True,1.4978213507625273,55,False,0,False,False,1.4978213507625273,55,False,0,False,False,0.21786492374727673,-2,True,False,0.3,afcf5ef131bb9ec5aba6362f4974f879ac3a1b94c73ad74a0bba522c55211329,803b48b881692ed44dab76bc4f28e2ba2cdf6aa708c9d27e12454802950afc93,datasets/DSY1/runs/semi/run_0856/eplusout.csv,33.327,21,21,19.4005
DSY1,semi,run_0871,35.0,True,1.3071895424836601,48,False,1,True,True,1.6067538126361656,59,False,0,False,False,1.6067538126361656,59,False,0,False,False,0.2995642701525054,-1,True,False,0.3,5c6fc240d6446f5d63bad78ed3ae78307f33f5766915e92a2d75dbe0427d3e04,4765037ff1e31813ee0f9c79ad32e3a0877becd56c75c24721bef603b756b793,datasets/DSY1/runs/semi/run_0871/eplusout.csv,32.99,26,26,19.4227
DSY1,semi,run_0881,31.0,True,0.9803921568627451,36,False,2,True,True,1.3071895424836601,48,False,0,False,False,1.3071895424836601,48,False,0,False,False,0.3267973856209151,-2,True,False,0.3,74fc6df34dc411257faa05a304deca9feacb62407858ad4c31a1ccebbaca44f4,ad6dabcb4066ee0f864317a94849f28bc1fc90cdc38bb0a2160a94be76b613c2,datasets/DSY1/runs/semi/run_0881/eplusout.csv,33.177,14,14,16.6653
DSY1,semi,run_0907,33.0,True,1.2254901960784315,45,False,1,True,True,1.4978213507625273,55,False,0,False,False,1.4978213507625273,55,False,0,False,False,0.27233115468409586,-1,True,False,0.3,95684f2c26c37712bb05c61c0c46412eb2a0bc70a3b11e7313e04002d98164b3,c06411825883519a4fc4fc59939818cdac2c4bacfc0641e726ca778a58cd40b8,datasets/DSY1/runs/semi/run_0907/eplusout.csv,33.108,16,16,30.5158
DSY1,semi,run_0911,35.0,True,1.4161220043572984,52,False,2,True,True,1.7156862745098038,63,False,0,False,False,1.7156862745098038,63,False,0,False,False,0.2995642701525054,-2,True,False,0.3,e8aaa1bb4a9f286adfca5cab3ca4a61df672374e7e159a9a8504198917f45542,730f5ef1ccf9c0a51b92368f53ee220995e0a0befce77f94976a35a5e5ad4995,datasets/DSY1/runs/semi/run_0911/eplusout.csv,33.073,19,19,31.8361
DSY1,semi,run_0914,36.0,True,1.116557734204793,41,False,2,True,True,1.4161220043572984,52,False,0,False,False,1.4161220043572984,52,False,0,False,False,0.2995642701525054,-2,True,False,0.3,87fbea52dc7c0349eaa34d18baddcb9d35d1ecd5c203c7e98e6d56734b60fa46,b4dcf9e024ab6c0974212c73d82edeb0f7a6d3d6da36d8f40e65357a9ec7b954,datasets/DSY1/runs/semi/run_0914/eplusout.csv,33.058,20,20,11.8505
DSY1,semi,run_0938,30.0,True,1.0348583877995643,38,False,1,True,True,1.3616557734204793,50,False,0,False,False,1.3616557734204793,50,False,0,False,False,0.326797385620915,-1,True,False,0.3,e213c4613298821744e535c60708bb7b3d69854191d9898edacb4dcca6dc5823,a70176b37e88819a0565749caa6915ea395ff624ddfc12b1cc22d3168245c98c,datasets/DSY1/runs/semi/run_0938/eplusout.csv,33.059,13,13,20.1185
DSY1,semi,run_0940,39.0,True,1.4978213507625273,55,False,3,True,True,1.7701525054466232,65,False,0,False,False,1.7701525054466232,65,False,0,False,False,0.27233115468409586,-3,True,False,0.3,e6131946fb90d3675166329f900850b1545f13939f2c160c82d82b946a9a9e2e,c2c7021933555e5613b608a2eb6b12d99d8a071d527fff314f7ed796d8643452,datasets/DSY1/runs/semi/run_0940/eplusout.csv,33.446,27,27,29.5444
DSY1,semi,run_0941,32.0,True,1.116557734204793,41,False,2,True,True,1.3888888888888888,51,False,0,False,False,1.3888888888888888,51,False,0,False,False,0.27233115468409586,-2,True,False,0.3,b76dc51818b7419c4d91fbda66fabf32b8e62f99ffbc95d12f9a56e38be6c14a,dc4613ac9e62a9dfba7713840a5bb3f85a14bc2f821ebd6692ba48d3ec4a689e,datasets/DSY1/runs/semi/run_0941/eplusout.csv,33.276,10,10,42.4284
DSY1,semi,run_0942,34.0,True,1.1437908496732025,42,False,2,True,True,1.3888888888888888,51,False,0,False,False,1.3888888888888888,51,False,0,False,False,0.2450980392156863,-2,True,False,0.3,1dd14ad07ed16fcc3a6b9a915852f5f5335acc86bfbe77faf12ec9d8d9ca2405,51d9d0b39f4aed01846e8e0b5eb882b86a83083fd79f96b311e94749b79ae720,datasets/DSY1/runs/semi/run_0942/eplusout.csv,33.388,13,13,26.8776
DSY1,semi,run_0946,36.0,True,1.171023965141612,43,False,2,True,True,1.3888888888888888,51,False,0,False,False,1.3888888888888888,51,False,0,False,False,0.21786492374727673,-2,True,False,0.3,b4ddb92fad1e7374d3f7141bbe9826b7b649987a80c465d13316c7142414aa15,56ad407d16bb84b1ae83114f53714546823d0ff12607dcf75fd1761eace6908d,datasets/DSY1/runs/semi/run_0946/eplusout.csv,33.465,13,13,46.6315
DSY1,semi,run_0947,32.0,True,1.1437908496732025,42,False,2,True,True,1.4161220043572984,52,False,0,False,False,1.4161220043572984,52,False,0,False,False,0.27233115468409586,-2,True,False,0.3,e3d172a1017a9443be43229a7b2674e115d5eb95d146344174508d75226f685f,41ecb35e07d3befff5412b92961c7f10d83936a9cd7afe7cf5b359486947cfd9,datasets/DSY1/runs/semi/run_0947/eplusout.csv,33.397,11,11,40.3932
DSY1,semi,run_0951,36.0,True,1.198257080610022,44,False,2,True,True,1.443355119825708,53,False,0,False,False,1.443355119825708,53,False,0,False,False,0.24509803921568607,-2,True,False,0.3,fdf24ad44a78588da28bae890d209e636f6845f269dd11941b2fe9d25401a306,f13702175517d38fd934b6d96acd2b12efd99f3477f8453684c13e8aa8f3a113,datasets/DSY1/runs/semi/run_0951/eplusout.csv,33.418,16,16,33.9339
DSY1,semi,run_0964,38.0,True,1.3344226579520697,49,False,2,True,True,1.6339869281045751,60,False,0,False,False,1.6339869281045751,60,False,0,False,False,0.2995642701525054,-2,True,False,0.3,00d159c3e1d2b9c8f736eb9db2188b8311e5f25c0480d7182390d05215d4637a,dcdac106730354edd05594489fc0af731fad9e4c08d491d762a7a4df8904e3c2,datasets/DSY1/runs/semi/run_0964/eplusout.csv,33.44,16,16,45.4156
DSY1,semi,run_0965,36.0,True,1.3616557734204793,50,False,2,True,True,1.579520697167756,58,False,0,False,False,1.579520697167756,58,False,0,False,False,0.21786492374727673,-2,True,False,0.3,ffe04658cfceedaf026b468e2438e16e0613d0f398edce245997289a7b030041,45c0e06652f19809de73f5823f545f9dfbf22610af3d003be6da0d6e983cc62c,datasets/DSY1/runs/semi/run_0965/eplusout.csv,33.451,17,17,51.0622
DSY1,semi,run_0969,33.0,True,1.0893246187363834,40,False,2,True,True,1.2799564270152506,47,False,0,False,False,1.2799564270152506,47,False,0,False,False,0.19063180827886717,-2,True,False,0.3,680c1c07245b79a686d6390ea9bca7dcd50dfa71cca6ee9f10b72790dea75287,55e730a430de90223d76b4ce802a58eb4dbbaafd6142419c5c614eacd262d3e6,datasets/DSY1/runs/semi/run_0969/eplusout.csv,33.252,13,13,26.4475
DSY1,semi,run_0971,32.0,True,0.789760348583878,29,False,2,True,True,1.2799564270152506,47,False,0,False,False,1.2799564270152506,47,False,0,False,False,0.4901960784313726,-2,True,False,0.3,4b8e9471195af1ca1976438ba86d6b39427a658ff298f79e207751403df1161e,27072c869177418a0c872aa93cdc90a35047f0bd96b92ab7888dfce2a6ae145a,datasets/DSY1/runs/semi/run_0971/eplusout.csv,33.042,19,19,13.7726
DSY1,semi,run_0975,34.0,True,1.2254901960784315,45,False,2,True,True,1.4161220043572984,52,False,0,False,False,1.4161220043572984,52,False,0,False,False,0.19063180827886694,-2,True,False,0.3,12f63a0ab41f7a8ef4aa3f31db5f5459fe497a17dd2100e920ab147331b95b0c,f6b779c36c10138167b7ec64224b7fc1d3a0bb9a036143866fd8083647cfaf50,datasets/DSY1/runs/semi/run_0975/eplusout.csv,33.103,14,14,32.7532
DSY1,semi,run_0984,31.0,True,1.171023965141612,43,False,2,True,True,1.3616557734204793,50,False,0,False,False,1.3616557734204793,50,False,0,False,False,0.19063180827886717,-2,True,False,0.3,01105436b57dc047ec2c31d457b793b6fcb93655f96debf2c97f37ccbfae1da1,c2c93236dcec22190e76f64413fe9f62e96cff398ba067c4028c6a6e052080fd,datasets/DSY1/runs/semi/run_0984/eplusout.csv,33.159,17,17,36.8481
DSY1,semi,run_0990,53.0,True,2.342047930283224,86,False,17,True,True,3.1862745098039214,117,True,9,True,True,3.1862745098039214,117,True,9,True,True,0.8442265795206971,-8,True,False,0.3,66dbb90035c0418df68408dbf57a7a44f2e496b40063287f3713e2d08347fd6f,93a4c1daa50a1c8d9169470b62fa48294e312f725d8905115068b7fee4aaed41,datasets/DSY1/runs/semi/run_0990/eplusout.csv,34.967,31,36,120.3905
DSY1,semi,run_1005,36.0,True,1.171023965141612,43,False,2,True,True,1.3616557734204793,50,False,0,False,False,1.3616557734204793,50,False,0,False,False,0.19063180827886717,-2,True,False,0.3,b62b2b784fc2f60f282cb7b54d92e584a461ee397f09acc43ae46243683edcbd,ac15815a864f926d360ff3dcaffc1c0aef78bdffd3fc6f6ac1caf11edd97a447,datasets/DSY1/runs/semi/run_1005/eplusout.csv,33.362,12,12,37.3678
DSY1,semi,run_1016,29.0,True,0.8986928104575164,33,False,1,True,True,1.198257080610022,44,False,0,False,False,1.198257080610022,44,False,0,False,False,0.29956427015250553,-1,True,False,0.3,2418f4ae67ded0c439cec8d1ed3c5ac7a8a6fa9359c3ca4cd1ce421f917ca1cf,990b79ec90fe1e88d0fee8c1ebbf556e64d826b068526ef94dcf9212e4236048,datasets/DSY1/runs/semi/run_1016/eplusout.csv,33.041,10,10,17.9786
DSY1,semi,run_1018,34.0,True,1.2254901960784315,45,False,2,True,True,1.4705882352941178,54,False,0,False,False,1.4705882352941178,54,False,0,False,False,0.2450980392156863,-2,True,False,0.3,438ed63c3dffd3b70f296002e7c223c0df2c1f18f871ecae89dea80109109c4e,be7ea8a4f53d92da7fb83191925cd5248d88ee7f0588878baeb33ca9f821f111,datasets/DSY1/runs/semi/run_1018/eplusout.csv,33.405,10,10,56.0824
DSY1,semi,run_1020,36.0,True,1.171023965141612,43,False,2,True,True,1.4161220043572984,52,False,0,False,False,1.4161220043572984,52,False,0,False,False,0.2450980392156863,-2,True,False,0.3,9d28bc78130750b109dc88b74e27bf909d4734cce4de9e193b44fc7cb9e76581,8b0d60d2aad7535eaedefb510a4055aa94ac0d1b05280d93a5af3fe3aeffd222,datasets/DSY1/runs/semi/run_1020/eplusout.csv,33.436,15,15,18.6251
DSY1,semi,run_1028,39.0,True,1.5250544662309369,56,False,2,True,True,1.7973856209150327,66,False,0,False,False,1.7973856209150327,66,False,0,False,False,0.27233115468409586,-2,True,False,0.3,6c288d2fbf3fef11ca8c753518ef81af520ed0348c3fba2e71b75e16695a5371,ee8e194a754fd2a2a4cff0d9c1f10afdb8297b3ce3fee9cde25299eaf6ebf9e8,datasets/DSY1/runs/semi/run_1028/eplusout.csv,33.1,32,32,28.9692
DSY1,semi,run_1044,32.0,True,1.171023965141612,43,False,2,True,True,1.4161220043572984,52,False,0,False,False,1.4161220043572984,52,False,0,False,False,0.2450980392156863,-2,True,False,0.3,62270e4cc644a3dbf5d43647423a89a4fc107f24fc81b1662bc38037956871b4,0d338726bae563b221d457ecd202e8fa3bad1d648e76ccc7efc1cca05f93c91b,datasets/DSY1/runs/semi/run_1044/eplusout.csv,33.28,15,15,32.9665
DSY1,semi,run_1048,33.0,True,1.0893246187363834,40,False,2,True,True,1.3344226579520697,49,False,0,False,False,1.3344226579520697,49,False,0,False,False,0.2450980392156863,-2,True,False,0.3,10d7b0e893c9e42374c41fa91e67c483d700f32f2a7c8657279dbcec0d4d58a9,ac09eebcb8f0109ab2e6bc9984282df913a23f6ee48dd42649b70c0c37503711,datasets/DSY1/runs/semi/run_1048/eplusout.csv,33.055,13,13,43.9264
DSY1,semi,run_1053,33.0,True,1.2799564270152506,47,False,1,True,True,1.6067538126361656,59,False,0,False,False,1.6067538126361656,59,False,0,False,False,0.326797385620915,-1,True,False,0.3,4b4b98147697ca88a94ff47e5cb95aea887c6231ccfd4706921f1f0acb39fcbb,22708e96c6a5a0774775c4f5fe1b3afe6e83a4e374bae15dbd7635c585db80d8,datasets/DSY1/runs/semi/run_1053/eplusout.csv,33.067,21,21,31.0032
DSY1,semi,run_1059,34.0,True,1.2799564270152506,47,False,2,True,True,1.4978213507625273,55,False,0,False,False,1.4978213507625273,55,False,0,False,False,0.21786492374727673,-2,True,False,0.3,b6f55171b6da008fb2dbd92d3ce28cccd18c4d510e40f0a85e6e1311a66c176f,adfc48857dc7f17ad13b8f7bdf31ccf04688e9d6d19c481b3d8fecc5a655f2b8,datasets/DSY1/runs/semi/run_1059/eplusout.csv,33.291,13,13,65.4541
DSY1,semi,run_1060,31.0,True,1.0620915032679739,39,False,1,True,True,1.3071895424836601,48,False,0,False,False,1.3071895424836601,48,False,0,False,False,0.2450980392156863,-1,True,False,0.3,78a42c00a9fe004c2f928b6bb3cbc429aef954bfa896a3e2d43967cddec709f2,9c319955ab50f9c5e5c7ec7139dd52c01e6531d853f8411d4dde2e2bb57d9783,datasets/DSY1/runs/semi/run_1060/eplusout.csv,32.981,12,12,40.6339
DSY1,semi,run_1061,34.0,True,1.171023965141612,43,False,2,True,True,1.3888888888888888,51,False,0,False,False,1.3888888888888888,51,False,0,False,False,0.21786492374727673,-2,True,False,0.3,84c8b168dbe81b2191c5fd49496d18f93e0613567a8f0229941331b0ca4c543e,cd4f11a395a112eea1efd5c7e6b76ee73acbf0e937dbf1202a00bb2c21fe1665,datasets/DSY1/runs/semi/run_1061/eplusout.csv,33.42,12,12,36.8213
DSY1,semi,run_1063,33.0,True,1.198257080610022,44,False,2,True,True,1.4705882352941178,54,False,0,False,False,1.4705882352941178,54,False,0,False,False,0.27233115468409586,-2,True,False,0.3,6c3e272d9729b4339b5f385728105adbb8a7b43c2b615fc28f6b8ffe6b89720f,b644e9ac0efa9dad9a50b27fe741100af7d82b66c2ce46d22682f11e7c2a40d2,datasets/DSY1/runs/semi/run_1063/eplusout.csv,33.35,12,12,56.7015
DSY1,semi,run_1073,33.0,True,1.2799564270152506,47,False,1,True,True,1.579520697167756,58,False,0,False,False,1.579520697167756,58,False,0,False,False,0.2995642701525054,-1,True,False,0.3,c536876b2fe8eb62b305d6a9e1dbe113f08f46d521f2c60e7ea40306eeb5efa3,beeaec313f89995a2a578e380712db9d089155626f032dfc93b7fbae8541cbc2,datasets/DSY1/runs/semi/run_1073/eplusout.csv,33.041,17,17,38.3354
DSY1,semi,run_1074,30.0,True,1.0620915032679739,39,False,2,True,True,1.3344226579520697,49,False,0,False,False,1.3344226579520697,49,False,0,False,False,0.27233115468409586,-2,True,False,0.3,3c2012f7870f9aa91309d429ce97472ac5ec2c4f7eab9959d9b02f232714b5fd,049ea54f247f69639b56a68beb07529d6e3d2942e668ac4bcd4e7bec11c1d315,datasets/DSY1/runs/semi/run_1074/eplusout.csv,33.172,12,12,17.5207
DSY1,semi,run_1078,31.0,True,1.1437908496732025,42,False,2,True,True,1.3888888888888888,51,False,0,False,False,1.3888888888888888,51,False,0,False,False,0.2450980392156863,-2,True,False,0.3,9dcf1065f0e041b7067b355c54c7705cc97bc0d4630d2a89d139b39d11276296,20f07d42012e3e925894f92eafed62754ca2381f4d3ad9b1c8847224e66a6484,datasets/DSY1/runs/semi/run_1078/eplusout.csv,33.283,12,12,30.9649
DSY1,semi,run_1082,37.0,True,1.2254901960784315,45,False,2,True,True,1.4705882352941178,54,False,0,False,False,1.4705882352941178,54,False,0,False,False,0.2450980392156863,-2,True,False,0.3,271026f9eddfc493f3a63b12e9747d2d55189d429f6d033aa9d1a523a4440bbd,690806b963b261fb464884cffc389ef2a59189a0127bc59dda790d9b3b16100b,datasets/DSY1/runs/semi/run_1082/eplusout.csv,33.268,25,25,31.2825
DSY1,semi,run_1092,39.0,True,1.3616557734204793,50,False,2,True,True,1.6612200435729847,61,False,0,False,False,1.6612200435729847,61,False,0,False,False,0.2995642701525054,-2,True,False,0.3,29cd01b5f8b5c5a8f81404e699fbe46c0afa81908652fe4b81168f7d1a01f2f6,3db244569689fef6157203975019e6efbed809201c362cf3e76d94ebabdaf128,datasets/DSY1/runs/semi/run_1092/eplusout.csv,33.342,18,18,35.0127
DSY1,semi,run_1097,38.0,True,1.252723311546841,46,False,2,True,True,1.6067538126361656,59,False,0,False,False,1.6067538126361656,59,False,0,False,False,0.35403050108932455,-2,True,False,0.3,1f8a3cdd077913a3ae9ee6dd6694ac4c7f649347730717751fc9592c1c9b3a92,465f750ec5e3a9ad9a463e9de2c587ea56a71b4f9d5bba2cffcb356bb1eb5083,datasets/DSY1/runs/semi/run_1097/eplusout.csv,33.266,31,31,33.6789
DSY1,semi,run_1098,35.0,True,1.116557734204793,41,False,2,True,True,1.3616557734204793,50,False,0,False,False,1.3616557734204793,50,False,0,False,False,0.2450980392156863,-2,True,False,0.3,34625108973a48e3ff25ee7eddc743e0e6d183bbd12cb4725d0e66447a56dd5f,de89ed8c996fb44c45524155caaf5451f21de7b85be694821a1b75336fec73bb,datasets/DSY1/runs/semi/run_1098/eplusout.csv,33.346,16,16,23.4655
DSY1,semi,run_1101,34.0,True,1.0348583877995643,38,False,2,True,True,1.3616557734204793,50,False,0,False,False,1.3616557734204793,50,False,0,False,False,0.326797385620915,-2,True,False,0.3,df3e96ce98c1955b6ee71327a35d6c1132cc48b16907240e47d000b8101f43b2,4a5ad3fb111be6dcc5bbcb12d2d98bee8730d9771327b8227551f974753abc4f,datasets/DSY1/runs/semi/run_1101/eplusout.csv,33.021,22,22,25.7477
DSY1,semi,run_1112,34.0,True,1.116557734204793,41,False,2,True,True,1.3888888888888888,51,False,0,False,False,1.3888888888888888,51,False,0,False,False,0.27233115468409586,-2,True,False,0.3,5eecb018fbd180abafa7a1fd6cef1cadbe3766411102d54281787f260fda843e,e0a2f6d76f0af4cd630b4dd17caa0d5a6528ab28ab53f703b9ed53a5d791006f,datasets/DSY1/runs/semi/run_1112/eplusout.csv,33.013,16,16,23.2233
DSY1,semi,run_1131,36.0,True,1.198257080610022,44,False,2,True,True,1.3888888888888888,51,False,0,False,False,1.3888888888888888,51,False,0,False,False,0.19063180827886694,-2,True,False,0.3,bcc17306f3db9b403301ed6b668651d92a21c14adb8bd57549ffd311eb7b58d3,1c708301b166c72daa3fa1f38bb6a90b8bdb84b619d35c70cd10c35ca261482b,datasets/DSY1/runs/semi/run_1131/eplusout.csv,33.454,16,16,28.0517
DSY1,semi,run_1137,32.0,True,1.1437908496732025,42,False,2,True,True,1.3344226579520697,49,False,0,False,False,1.3344226579520697,49,False,0,False,False,0.19063180827886717,-2,True,False,0.3,d387078ef39fac934d27830ba98c7bbaf1b32acaffc0d9342ee9f3f03813be68,f33fcf38e53c012fce46f5b22a031a6eb32280b386a40b1e4728d19f0c62af0e,datasets/DSY1/runs/semi/run_1137/eplusout.csv,33.282,12,12,33.0549
DSY1,semi,run_1140,32.0,True,1.0893246187363834,40,False,1,True,True,1.3344226579520697,49,False,0,False,False,1.3344226579520697,49,False,0,False,False,0.2450980392156863,-1,True,False,0.3,6b242b2e29c14337c6812deb425badc73e99c75946f88e1fdd77037a9a1a9e9a,465d694ee73ce9d9736b894bfdbd8baf05103c76011e6be90f523cd137765343,datasets/DSY1/runs/semi/run_1140/eplusout.csv,33.206,8,8,47.8655
DSY1,semi,run_1147,34.0,True,1.0893246187363834,40,False,2,True,True,1.3616557734204793,50,False,0,False,False,1.3616557734204793,50,False,0,False,False,0.27233115468409586,-2,True,False,0.3,5e310fac3ef358e9dc714a385d4c3d9dc389710e67e03a1c59d7b75c7c88ab64,9de2ae9d0f26285a251fe6e3c645faff5ecfc779afee8af05bb8aa20903ba674,datasets/DSY1/runs/semi/run_1147/eplusout.csv,33.257,16,16,13.6605
DSY1,semi,run_1151,32.0,True,1.1437908496732025,42,False,2,True,True,1.3616557734204793,50,False,0,False,False,1.3616557734204793,50,False,0,False,False,0.21786492374727673,-2,True,False,0.3,595e744a714777ee0528ef4ca370c3a37f746450c1ba16bde65e800cc710fb3d,6084f4305cb6665e65c466534a4fb94001fd4bc8cf5c274ff4f5cb4c69948a47,datasets/DSY1/runs/semi/run_1151/eplusout.csv,33.412,9,9,33.6737
DSY1,semi,run_1163,33.0,True,1.0893246187363834,40,False,2,True,True,1.3071895424836601,48,False,0,False,False,1.3071895424836601,48,False,0,False,False,0.21786492374727673,-2,True,False,0.3,499734769b16f6fa5ce5d18c9055e077698332a4ae088cba7c99c193dc529dcc,de99e1babc35afd2a9938dad63637d6e48a02cad67ca642ee93e38f274e580f0,datasets/DSY1/runs/semi/run_1163/eplusout.csv,33.289,12,12,28.7218
DSY1,semi,run_1175,33.0,True,1.2254901960784315,45,False,1,True,True,1.4705882352941178,54,False,0,False,False,1.4705882352941178,54,False,0,False,False,0.2450980392156863,-1,True,False,0.3,3b3ec6c3faa1058b8aebfa9fabd116b626ec75824398674527f60d7b4f2c4c74,b45c3e78927a9c59c6e13d770e823a9fc4b8ef45cd614cdf4ce69bf0e4c05967,datasets/DSY1/runs/semi/run_1175/eplusout.csv,33.198,14,14,30.835
DSY1,semi,run_1182,37.0,True,1.2254901960784315,45,False,2,True,True,1.5250544662309369,56,False,0,False,False,1.5250544662309369,56,False,0,False,False,0.2995642701525054,-2,True,False,0.3,575f52cacf8f6899c105f79db1b55e90b851f372801a70d663a8f5cb029bdb9e,1449e2e8d19baeaf5d0f51d02c33aee6cd3134e062e3cd2e002387dff453a5dd,datasets/DSY1/runs/semi/run_1182/eplusout.csv,33.316,26,26,47.5587
DSY1,semi,run_1183,35.0,True,1.1437908496732025,42,False,2,True,True,1.3888888888888888,51,False,0,False,False,1.3888888888888888,51,False,0,False,False,0.2450980392156863,-2,True,False,0.3,fcd155af341e7cf703615172211ca9a7f73ad1090dfada3e842785cb98a47a3c,0a18cb74f19085ab1fb41a96ea6e84ba47705dca6459edeac8c97913279767a6,datasets/DSY1/runs/semi/run_1183/eplusout.csv,33.258,13,13,31.3462
DSY1,semi,run_1186,31.0,True,1.116557734204793,41,False,1,True,True,1.3344226579520697,49,False,0,False,False,1.3344226579520697,49,False,0,False,False,0.21786492374727673,-1,True,False,0.3,50d8c861aab19e79e15d054c1256d31a81390cc7eef43b4b006b32b25ca845dc,5fd18876e00f2df92bf6c42a55f0be00cd8e85e64f6e83924c0892668b6c42c5,datasets/DSY1/runs/semi/run_1186/eplusout.csv,33.038,12,12,35.2924
DSY1,semi,run_1193,34.0,True,1.198257080610022,44,False,2,True,True,1.4161220043572984,52,False,0,False,False,1.4161220043572984,52,False,0,False,False,0.2178649237472765,-2,True,False,0.3,10b8f1dbf177c68569a499b54c0a2f953c3f35f1a35332e8387e032184544b59,aaa83c1ff5900d3c7e72c700e87a0ff05559988a2cb0fb31b1e4b89c5d095bf8,datasets/DSY1/runs/semi/run_1193/eplusout.csv,33.315,12,12,37.9646
DSY1,semi,run_1195,39.0,True,1.3888888888888888,51,False,2,True,True,1.6612200435729847,61,False,0,False,False,1.6612200435729847,61,False,0,False,False,0.27233115468409586,-2,True,False,0.3,4f60c29ae4ca742897d864986e2c5884c887827e5b44c6ee5f84e8fa52bde5dc,965241101f703861ff9c97eafdfcfebd5c01e2fc297eb7d15f3a3a65ad9ca280,datasets/DSY1/runs/semi/run_1195/eplusout.csv,33.356,26,26,24.0925
DSY1,semi,run_1199,33.0,True,1.252723311546841,46,False,2,True,True,1.4705882352941178,54,False,0,False,False,1.4705882352941178,54,False,0,False,False,0.21786492374727673,-2,True,False,0.3,7d129f2ae4e945b72b0579d19b2069b58b52b28fb79f16bbec064d433b5036aa,f193afb4a2128a117bac4557ee8e0fca3ac5c9e9bed87f472022622649903251,datasets/DSY1/runs/semi/run_1199/eplusout.csv,33.215,16,16,43.4393
DSY1,semi,run_1203,30.0,True,1.0893246187363834,40,False,2,True,True,1.3616557734204793,50,False,0,False,False,1.3616557734204793,50,False,0,False,False,0.27233115468409586,-2,True,False,0.3,163b4f42338cee17a6d7149e3fd5da64de4d1c426c1e1bbcc89fb449c99831ad,a6c5adf023a1b66458b06990f9e6df689ad4b25e5693c7e9fa2bb08e08824361,datasets/DSY1/runs/semi/run_1203/eplusout.csv,33.09,17,17,25.8028
DSY1,semi,run_1214,50.0,True,2.6416122004357296,97,False,12,True,True,3.3224400871459694,122,True,6,True,True,3.3224400871459694,122,True,6,True,True,0.6808278867102397,-6,True,False,0.3,57d2c30967cb886d6285fc2bcc599d6d2ad41485e511afa57427bee4fdf64807,4a60fedb7bd451bef2d3485b49cafd8b95676b13d9557366a025587c1c0ef36e,datasets/DSY1/runs/semi/run_1214/eplusout.csv,34.832,35,38,369.5521
DSY1,semi,run_1219,34.0,True,1.0620915032679739,39,False,2,True,True,1.3344226579520697,49,False,0,False,False,1.3344226579520697,49,False,0,False,False,0.27233115468409586,-2,True,False,0.3,95023b2e0afe94b019eaa12d22f060a24d5ad60910042a41d870040b80e6551b,fa29364c61136f5516d9c3c83229ff67f08af228da210240214594e585fb6ffd,datasets/DSY1/runs/semi/run_1219/eplusout.csv,33.117,15,15,19.0114
DSY1,semi,run_1220,35.0,True,1.2254901960784315,45,False,2,True,True,1.4978213507625273,55,False,0,False,False,1.4978213507625273,55,False,0,False,False,0.27233115468409586,-2,True,False,0.3,0b1d35acf04e69578287d5cde9fc2b08b6b54dcd7e46569d9764bc54af794493,83c60960179b847870f03e00ebb18a0c8eaf7c99338e76b4cd8a15f9a3c5433c,datasets/DSY1/runs/semi/run_1220/eplusout.csv,33.422,12,12,80.5716
DSY1,semi,run_1224,34.0,True,1.2254901960784315,45,False,2,True,True,1.4161220043572984,52,False,0,False,False,1.4161220043572984,52,False,0,False,False,0.19063180827886694,-2,True,False,0.3,d4be2ebc14a950780f8ed32370f72ed55ac6c56a16d735f87b21904921335a39,14ba85f06ac02f1b5c08826bfeb1a01e4bbbdc698a62b4655db416c058aa9bbd,datasets/DSY1/runs/semi/run_1224/eplusout.csv,33.287,15,15,71.3
DSY1,semi,run_1226,37.0,True,1.3344226579520697,49,False,2,True,True,1.6339869281045751,60,False,0,False,False,1.6339869281045751,60,False,0,False,False,0.2995642701525054,-2,True,False,0.3,171b5626a1b1797aa195e0bcf6443a857bff61c950d4d7ccbc7d980d2eeeb622,457314d8099abd2ebd7e804ec94d490d275acefce7ed43e4d558c7a326c8d43a,datasets/DSY1/runs/semi/run_1226/eplusout.csv,33.42,23,23,17.5035
DSY1,semi,run_1235,30.0,True,1.116557734204793,41,False,1,True,True,1.3071895424836601,48,False,0,False,False,1.3071895424836601,48,False,0,False,False,0.19063180827886717,-1,True,False,0.3,5a27e4e348f7da5c13d9bf97fe814d0fca66daa5385ef510846c2e1b18e47fb8,4a91a4331f38e2a0d364b46ba99d8421a340cd9fe69767a740df0deaae01ea4f,datasets/DSY1/runs/semi/run_1235/eplusout.csv,32.999,12,12,33.8659
DSY1,semi,run_1240,33.0,True,1.198257080610022,44,False,2,True,True,1.4161220043572984,52,False,0,False,False,1.4161220043572984,52,False,0,False,False,0.2178649237472765,-2,True,False,0.3,f791bf159b24eef8b2e2107617c279295283e1d2796f9b5186c34ec25a2d3ed9,b94d443ff7cd1479f668cfdc369822dc36c6052cac67dc3534190582d1649d73,datasets/DSY1/runs/semi/run_1240/eplusout.csv,33.242,15,15,34.6137
DSY1,semi,run_1256,35.0,True,1.2254901960784315,45,False,2,True,True,1.443355119825708,53,False,0,False,False,1.443355119825708,53,False,0,False,False,0.2178649237472765,-2,True,False,0.3,525bccdd1e3606ad8434fac92c1076512693e99ec2d9ba262c4d59414066875c,39d65badc88e7c6e08cab55a63f77844850680558e602f5e77ac9269ebdaea89,datasets/DSY1/runs/semi/run_1256/eplusout.csv,33.274,13,13,37.6731
DSY1,semi,run_1258,33.0,True,1.252723311546841,46,False,1,True,True,1.4978213507625273,55,False,0,False,False,1.4978213507625273,55,False,0,False,False,0.2450980392156863,-1,True,False,0.3,d1cd13a7019252ce44b59bc2d76c1c4c75e0e21f9abb76c59848f5a1ed6693fe,9b88b048f107a6ddedc7500551ee74022b70d2b2abc714efd099f1bb88052067,datasets/DSY1/runs/semi/run_1258/eplusout.csv,33.062,15,15,44.5174
DSY1,semi,run_1268,63.0,True,2.5326797385620914,93,False,29,True,True,3.3224400871459694,122,True,19,True,True,3.3224400871459694,122,True,19,True,True,0.789760348583878,-10,True,False,0.3,77b2884f35f2a13b2c03624d4665fae1e29a1ee2243497005c38f94f642ed050,36b93efd4a735c7d7c93cca83fb658846eb6a0da2f4398da91e997763406a85c,datasets/DSY1/runs/semi/run_1268/eplusout.csv,35.303,54,56,57.2056
DSY1,semi,run_1271,35.0,True,1.2254901960784315,45,False,2,True,True,1.443355119825708,53,False,0,False,False,1.443355119825708,53,False,0,False,False,0.2178649237472765,-2,True,False,0.3,a5682f05f9badce3f39a5c1bd67f3eb2926895f7df8fc4997757e8cb1d1a0133,04608b7b2d28600473988658ac14179caa02a6f1fffa61e268e8b9ffdd9a9dd1,datasets/DSY1/runs/semi/run_1271/eplusout.csv,33.332,16,16,31.8795
DSY1,semi,run_1278,32.0,True,1.116557734204793,41,False,1,True,True,1.3616557734204793,50,False,0,False,False,1.3616557734204793,50,False,0,False,False,0.2450980392156863,-1,True,False,0.3,a42338f1c3088af41b428490b150b7c701469c7f2c3615a9af48d26efef50443,543441307342adf603d88672607e55ebc70e4fd432e68a96218d8fa8a9671ce0,datasets/DSY1/runs/semi/run_1278/eplusout.csv,33.016,12,12,35.8081
DSY1,semi,run_1280,34.0,True,1.3616557734204793,50,False,2,True,True,1.6339869281045751,60,False,0,False,False,1.6339869281045751,60,False,0,False,False,0.27233115468409586,-2,True,False,0.3,005722a751dfcea4ca5fcc369749aa1f05e0eeec468b56898b1a4220e492c56c,ede2e63185dc126122a8c36e22052ad79d8e479326483f4898f0940b3eb5b1fd,datasets/DSY1/runs/semi/run_1280/eplusout.csv,33.278,17,17,45.7821
DSY1,semi,run_1281,62.0,True,2.7777777777777777,102,False,23,True,True,3.4313725490196076,126,True,9,True,True,3.4313725490196076,126,True,9,True,True,0.65359477124183,-14,True,False,0.3,a3919be0447d035c1eca65a2230576aa7257d54849b30222c1e3b2246cb5a60c,f63b017fc04148daab852996767e1c541bda22ff812faec9da9281226a4c6585,datasets/DSY1/runs/semi/run_1281/eplusout.csv,35.37,56,59,74.2129
DSY1,semi,run_1287,37.0,True,1.3344226579520697,49,False,2,True,True,1.6612200435729847,61,False,0,False,False,1.6612200435729847,61,False,0,False,False,0.326797385620915,-2,True,False,0.3,59502772ae6e65bdcb16839049f2328994811d192753b2b3189a5c97d8bc2d43,7bbffd3eb77e05fdc5bc5e5f94dab169c679db80614abe7bc7ad02d2884edc60,datasets/DSY1/runs/semi/run_1287/eplusout.csv,33.183,22,22,21.2172
DSY1,semi,run_1291,35.0,True,1.1437908496732025,42,False,2,True,True,1.3344226579520697,49,False,0,False,False,1.3344226579520697,49,False,0,False,False,0.19063180827886717,-2,True,False,0.3,3e6e63fdd3e62c80af4f87283bba56fbed048d42d3c1a0ff67083ac590a4b6ff,bec76a5bb6fee678a07f8e474a52ed716fba8a2bd26d4d8e4f57675a0cf80ded,datasets/DSY1/runs/semi/run_1291/eplusout.csv,33.358,9,9,37.7814
DSY1,semi,run_1293,36.0,True,1.1437908496732025,42,False,2,True,True,1.3888888888888888,51,False,0,False,False,1.3888888888888888,51,False,0,False,False,0.2450980392156863,-2,True,False,0.3,4712dc12594846d3075dc8a29f40747564f5abf38114fb3045a0c5bad5a46dd6,322e87c8c131b0e32ffb367536ff5e68ee7e0c019b58fc63259a2098362e2150,datasets/DSY1/runs/semi/run_1293/eplusout.csv,33.435,12,12,50.5205
DSY1,semi,run_1295,32.0,True,1.0893246187363834,40,False,2,True,True,1.3616557734204793,50,False,0,False,False,1.3616557734204793,50,False,0,False,False,0.27233115468409586,-2,True,False,0.3,dee57a9783f266d803f3be752d8c3211ca7b4c4714a6f2967dbd6bd1d477e8b2,68497fc9b500ebefe12fea27cc3f4b9ba9d265050b5119d6d5f3f84ddbaa73c4,datasets/DSY1/runs/semi/run_1295/eplusout.csv,33.253,16,16,34.1287
DSY1,semi,run_1313,36.0,True,1.116557734204793,41,False,2,True,True,1.443355119825708,53,False,0,False,False,1.443355119825708,53,False,0,False,False,0.326797385620915,-2,True,False,0.3,12a2a2849bce968f4894302915fceeaaab063ebe73d7943a049bc4a1c8ab71ae,38da818bda1673861b21cac372c5c2c7704d617d93a80a2c9c2bf6d96ddc3bfb,datasets/DSY1/runs/semi/run_1313/eplusout.csv,33.442,16,16,28.2373
DSY1,semi,run_1323,34.0,True,1.2254901960784315,45,False,2,True,True,1.4161220043572984,52,False,0,False,False,1.4161220043572984,52,False,0,False,False,0.19063180827886694,-2,True,False,0.3,8467a293afa6496a56a665b59b69be2e74a83092ca7cf0c9e137f3acf45aa11b,3281c4453955572bea0efc2db34a4a483a0c59729d9c1f330160522fab113238,datasets/DSY1/runs/semi/run_1323/eplusout.csv,33.271,12,12,54.6974
DSY1,semi,run_1325,33.0,True,1.252723311546841,46,False,1,True,True,1.4978213507625273,55,False,0,False,False,1.4978213507625273,55,False,0,False,False,0.2450980392156863,-1,True,False,0.3,7f37c0fa8302fffed3f11c27990bfce8fe5bc79b2706db361a1f2c970d24c19a,a0849dc16242bc11850fc3d9631972cf7168dabcb4c43d3b026310e699e11536,datasets/DSY1/runs/semi/run_1325/eplusout.csv,33.024,15,15,52.2227
DSY1,semi,run_1327,36.0,True,1.1437908496732025,42,False,2,True,True,1.443355119825708,53,False,0,False,False,1.443355119825708,53,False,0,False,False,0.2995642701525054,-2,True,False,0.3,26b01e702331f7e492b1508928b7e3355c77d9d8eec1bd72522d5f30915547cd,b05155cc1a0ffd2056156f5c35e8cde999959594f7737f7d8b422d44fd9b44b2,datasets/DSY1/runs/semi/run_1327/eplusout.csv,33.316,17,17,31.9643
DSY1,semi,run_1329,39.0,True,1.3344226579520697,49,False,2,True,True,1.7156862745098038,63,False,0,False,False,1.7156862745098038,63,False,0,False,False,0.3812636165577341,-2,True,False,0.3,afbee21938f2e51f942f5ee3fa37370a0fd103913d1df14d6ecb65f0721c33eb,19d8d031d15caae6d5dec9f5510e1b0b28499ace6efbd54b6cbf6ea36432b874,datasets/DSY1/runs/semi/run_1329/eplusout.csv,33.47,31,31,39.9037
DSY1,semi,run_1330,35.0,True,1.3071895424836601,48,False,2,True,True,1.5522875816993464,57,False,0,False,False,1.5522875816993464,57,False,0,False,False,0.2450980392156863,-2,True,False,0.3,5d413783657924f294442f60e1e2d450bfe019f82e4c4b8a3abb92fe166a2f6f,241f55988192873676c4a1aa117c37f2baa44b11671e1ccf04ffddc464833365,datasets/DSY1/runs/semi/run_1330/eplusout.csv,33.269,17,17,46.1293
DSY1,semi,run_1333,31.0,True,1.1437908496732025,42,False,2,True,True,1.3616557734204793,50,False,0,False,False,1.3616557734204793,50,False,0,False,False,0.21786492374727673,-2,True,False,0.3,57c22c75c08769e329097589f8bc9d0ee1de2e4cd421b16035f504235fc0e3dc,29b970745f175e112663bfd3a097c6c531a8fe2b2bde634944dcf0149376feff,datasets/DSY1/runs/semi/run_1333/eplusout.csv,33.288,12,12,35.8289
DSY1,semi,run_1339,32.0,True,1.2799564270152506,47,False,1,True,True,1.5250544662309369,56,False,0,False,False,1.5250544662309369,56,False,0,False,False,0.2450980392156863,-1,True,False,0.3,280c6b93e21bd9ae8d96f9a0fc9c8d847271ebc071ad3af247ea9941f7baa385,331e47539255a63f6505d7185ab8a6c97ee7b258bcaf8ef5e0c6a29bf998f0d3,datasets/DSY1/runs/semi/run_1339/eplusout.csv,33.051,23,23,31.4195
DSY1,semi,run_1342,39.0,True,1.4161220043572984,52,False,3,True,True,1.6612200435729847,61,False,0,False,False,1.6612200435729847,61,False,0,False,False,0.2450980392156863,-3,True,False,0.3,627eafa7aacc103fd88c13d5a3336c2de634b17dc2e082ed326501b1c6f5ded7,b0317aa30f6de9765e12271783cfb571de4f4093a351fce6b535b2e5b49655dc,datasets/DSY1/runs/semi/run_1342/eplusout.csv,33.466,29,29,17.4483
DSY1,semi,run_1348,33.0,True,1.2254901960784315,45,False,2,True,True,1.4705882352941178,54,False,0,False,False,1.4705882352941178,54,False,0,False,False,0.2450980392156863,-2,True,False,0.3,33801e9d70b935740ceb17c34f6cedf021b3d6c980b0745dcd6bd6539aeaecd5,30eea30e3f1095431a32d60f5772e8e05136aee01a94aab823083f7b687a9537,datasets/DSY1/runs/semi/run_1348/eplusout.csv,33.282,16,16,32.322
DSY1,semi,run_1360,33.0,True,1.0620915032679739,39,False,2,True,True,1.252723311546841,46,False,0,False,False,1.252723311546841,46,False,0,False,False,0.19063180827886717,-2,True,False,0.3,c3bfbfc6d26d2d9c8c3c607232bb03bb7ee1c255f9a486b1f07620ac2b7c3a6a,731a31f21f70480207cf9316095d3bc7b5cbc71705face34da1d42d14dfe6882,datasets/DSY1/runs/semi/run_1360/eplusout.csv,33.241,12,12,23.1691
DSY1,semi,run_1365,34.0,True,1.252723311546841,46,False,2,True,True,1.5522875816993464,57,False,0,False,False,1.5522875816993464,57,False,0,False,False,0.2995642701525054,-2,True,False,0.3,fe278e8d622a5cbcb9aee1f0ece565297f5d025f15fc05265d400db38a6049ba,65962dd428356c49066ef00bab100cb564e4bd1412e31737894ae597fee454af,datasets/DSY1/runs/semi/run_1365/eplusout.csv,33.088,18,18,35.9488
DSY1,semi,run_1376,36.0,True,1.252723311546841,46,False,2,True,True,1.4978213507625273,55,False,0,False,False,1.4978213507625273,55,False,0,False,False,0.2450980392156863,-2,True,False,0.3,6aa7d74dc9f18e33530b3064aea26a610934fa4b19b63fd025493c0190b5770f,516ae86fe9731039160a30b77205c43d7fc6de3003696bf493eadc0b3ca6ca58,datasets/DSY1/runs/semi/run_1376/eplusout.csv,33.455,14,14,43.7928
DSY1,semi,run_1384,37.0,True,1.171023965141612,43,False,2,True,True,1.4978213507625273,55,False,0,False,False,1.4978213507625273,55,False,0,False,False,0.3267973856209152,-2,True,False,0.3,db0028406719b7b256062dcaf7fc33d97dfc3bd6ec7c90c9f4901a5c361a0152,eee6bdfa2f792f1d68d209f7489df9ab728e5e88c7fad11739574f88e007fc16,datasets/DSY1/runs/semi/run_1384/eplusout.csv,33.158,23,23,15.9737
DSY1,semi,run_1387,36.0,True,1.1437908496732025,42,False,2,True,True,1.443355119825708,53,False,0,False,False,1.443355119825708,53,False,0,False,False,0.2995642701525054,-2,True,False,0.3,4b3f9012b8704e7a878c95e25579c6443351a27d6339c5c5dfea5ae3ad947d40,3bb446dfcf8a7deb3eafc584d19028b9b7839e02474de216dc4f90ec448a5045,datasets/DSY1/runs/semi/run_1387/eplusout.csv,33.361,16,16,28.2392
DSY1,semi,run_1388,32.0,True,1.0348583877995643,38,False,2,True,True,1.3888888888888888,51,False,0,False,False,1.3888888888888888,51,False,0,False,False,0.35403050108932455,-2,True,False,0.3,21cc21ca51e3023a4e5b98dfd5066fce6820dea7ecd637a875b625b353f54e09,7d4001240677426d618f8d4530c0d5033a42bdc2a02731df41448bc876dfbebb,datasets/DSY1/runs/semi/run_1388/eplusout.csv,33.186,14,14,14.0757
DSY1,semi,run_1391,38.0,True,1.3888888888888888,51,False,2,True,True,1.6339869281045751,60,False,0,False,False,1.6339869281045751,60,False,0,False,False,0.2450980392156863,-2,True,False,0.3,2c6f226b9174c9198086b5a9b577223c4178ec2934e16e7f33255a245a8a3555,7d88114f875f35c137433ec6fad7ea0372129a65f66948e943f1d589de6c5eb1,datasets/DSY1/runs/semi/run_1391/eplusout.csv,33.222,25,25,28.2185
DSY1,semi,run_1397,33.0,True,1.3071895424836601,48,False,1,True,True,1.5522875816993464,57,False,0,False,False,1.5522875816993464,57,False,0,False,False,0.2450980392156863,-1,True,False,0.3,df2fa64dfc0971538630b29a63a2b726f1688db7363b66abd3fe0678e09be41f,da21c97ff492751c04415485a422e971014204a1a7df3d7566065ca7b1fdd6e8,datasets/DSY1/runs/semi/run_1397/eplusout.csv,33.087,19,19,22.3979
DSY1,semi,run_1416,39.0,True,1.4161220043572984,52,False,1,True,True,1.7429193899782136,64,False,0,False,False,1.7429193899782136,64,False,0,False,False,0.3267973856209152,-1,True,False,0.3,9b847f7a607ec80cdbee95d168de427b27d347bfb6e44211a3a0fc610f8ba224,baa5912c06e26c2a872c0dc1d3767ff2cf22da352243a37492f9d041d871af80,datasets/DSY1/runs/semi/run_1416/eplusout.csv,33.013,27,27,32.2181
DSY1,semi,run_1417,37.0,True,1.3344226579520697,49,False,2,True,True,1.6339869281045751,60,False,0,False,False,1.6339869281045751,60,False,0,False,False,0.2995642701525054,-2,True,False,0.3,5144d3b38b5c56b3f0ff140feebbd671f29b8b2dcc94a8c00eaa2b26c2a5d9a1,f58d7ad928581098b1631e320c98a1a77fce9e8644606c5256577ca606fb88e0,datasets/DSY1/runs/semi/run_1417/eplusout.csv,33.429,15,15,67.079
DSY1,semi,run_1429,31.0,True,1.116557734204793,41,False,2,True,True,1.3616557734204793,50,False,0,False,False,1.3616557734204793,50,False,0,False,False,0.2450980392156863,-2,True,False,0.3,4868fbfad8072cb5bcda417a307aa6d5bea4fc896364953d40eb2472fdbc211f,d141db6c0ce0bc2c862166270d2366ea6a88269c425dcd43622874a19f29df28,datasets/DSY1/runs/semi/run_1429/eplusout.csv,33.056,18,18,15.6669
DSY1,semi,run_1447,40.0,True,1.3888888888888888,51,False,3,True,True,1.7156862745098038,63,False,0,False,False,1.7156862745098038,63,False,0,False,False,0.326797385620915,-3,True,False,0.3,24b2515eb8a7e4425b72e4ebe8b00914ac3ac9f688dfea6c5f77831bd8dae604,eb629588154b90dc1470953212fe9daef9632f46ae97c7652d0885861fd7d602,datasets/DSY1/runs/semi/run_1447/eplusout.csv,33.457,31,31,11.1069
DSY1,semi,run_1454,32.0,True,1.116557734204793,41,False,2,True,True,1.3344226579520697,49,False,0,False,False,1.3344226579520697,49,False,0,False,False,0.21786492374727673,-2,True,False,0.3,9cb3fbdb580899710c3684f54cc3cf795b076c865d4025e5cdbf4a19c55ab0f8,e7eab624bcf9bfb3bca93ce0952cb4f2734504550391e4d1d93e8134b1aebeef,datasets/DSY1/runs/semi/run_1454/eplusout.csv,33.055,12,12,36.749
DSY1,semi,run_1468,38.0,True,1.3616557734204793,50,False,2,True,True,1.6884531590413943,62,False,0,False,False,1.6884531590413943,62,False,0,False,False,0.326797385620915,-2,True,False,0.3,ec1af4403a4b8169e8a21d9b12003d54341ac2467f8f958d64ecce40384bb6a8,19c49a725ebccdfde059258edd12a95f3011e66b2acd5f5550792fe127f04061,datasets/DSY1/runs/semi/run_1468/eplusout.csv,33.378,24,24,18.5121
DSY1,semi,run_1469,31.0,True,1.1437908496732025,42,False,2,True,True,1.3888888888888888,51,False,0,False,False,1.3888888888888888,51,False,0,False,False,0.2450980392156863,-2,True,False,0.3,841317825170935a51d23f703cbd8453a3650ad7962bd58ed09c49ae2045c425,eadc73049ee437152950470d17dac1f80fde5ecc66ed4f2dcd655666ebda8fd6,datasets/DSY1/runs/semi/run_1469/eplusout.csv,33.258,12,12,33.9481
DSY1,semi,run_1478,33.0,True,1.198257080610022,44,False,2,True,True,1.443355119825708,53,False,0,False,False,1.443355119825708,53,False,0,False,False,0.24509803921568607,-2,True,False,0.3,1617b0718f7a987c83f56b69692e51f5cf5f6f204200c1b36e26fe47d7536102,80a46921be108afc2df43d90bc01fd8b3df392fc1e381d3d947380b805be3c79,datasets/DSY1/runs/semi/run_1478/eplusout.csv,33.457,11,11,42.9352
DSY1,semi,run_1488,36.0,True,1.171023965141612,43,False,2,True,True,1.4161220043572984,52,False,0,False,False,1.4161220043572984,52,False,0,False,False,0.2450980392156863,-2,True,False,0.3,73c5450feb1296925bc7d305c20dc650fd32c3a08084260ad715cade074e47c0,f283492282976e18ee4095695ef9d12d5ee11a9a2a2fb088037e2f6b6786e068,datasets/DSY1/runs/semi/run_1488/eplusout.csv,33.43,13,13,42.2527
DSY1,semi,run_1501,35.0,True,1.171023965141612,43,False,2,True,True,1.4978213507625273,55,False,0,False,False,1.4978213507625273,55,False,0,False,False,0.3267973856209152,-2,True,False,0.3,72c3bc54cbbbdb113c32cdb829ab7b20b084a7ac5be5c8fecd2e149208949387,e395e4119ffcd021e59adcab787f301e754771fa97fdd32d1cbbb9c0cc8c226e,datasets/DSY1/runs/semi/run_1501/eplusout.csv,33.191,26,26,12.0856
DSY1,semi,run_1504,35.0,True,1.252723311546841,46,False,2,True,True,1.5522875816993464,57,False,0,False,False,1.5522875816993464,57,False,0,False,False,0.2995642701525054,-2,True,False,0.3,cf2784a7392e1a65b3f85f028c25ba287da5f26912a456fe380d4f8675fadffb,ec612d5fcd6f26e4f0dafa91bf738054518f7472a7998ed53ec59c6e583263ae,datasets/DSY1/runs/semi/run_1504/eplusout.csv,33.358,18,18,37.8855
DSY1,semi,run_1511,33.0,True,1.198257080610022,44,False,2,True,True,1.4161220043572984,52,False,0,False,False,1.4161220043572984,52,False,0,False,False,0.2178649237472765,-2,True,False,0.3,6675309d4b68406219bffb65bb100260b3f5bca03282e3c6e077f4ea4810678c,bb6ee99fce70f378d8532051926b4d67167cf15194359a336e6ccd3eb62fb09e,datasets/DSY1/runs/semi/run_1511/eplusout.csv,33.177,22,22,14.4988
DSY1,semi,run_1512,34.0,True,1.116557734204793,41,False,2,True,True,1.3616557734204793,50,False,0,False,False,1.3616557734204793,50,False,0,False,False,0.2450980392156863,-2,True,False,0.3,57cce13810002615d6803a83518d46a4ef8173fbfac87d33e12463ef2ade0e0d,140bd2402898b8d3ba548ccc990382b5684cb15b366c9c705d5688bba9ea5d74,datasets/DSY1/runs/semi/run_1512/eplusout.csv,33.321,14,14,20.8611
DSY1,semi,run_1525,31.0,True,1.1437908496732025,42,False,1,True,True,1.3616557734204793,50,False,0,False,False,1.3616557734204793,50,False,0,False,False,0.21786492374727673,-1,True,False,0.3,bd91d6e44952e6861ea9043beb5128401d104af1bda80941dc999ec666c716f6,4ba33d1221d0e76852edca357542bf1e5856147af7cb94d9c85c89028806bc6d,datasets/DSY1/runs/semi/run_1525/eplusout.csv,32.989,14,14,24.3003
DSY1,semi,run_1532,33.0,True,1.252723311546841,46,False,2,True,True,1.5250544662309369,56,False,0,False,False,1.5250544662309369,56,False,0,False,False,0.27233115468409586,-2,True,False,0.3,b00b28524786424699f1334d39472d725821fce17288d181bb8184411bd1a44d,7c5791549eb8fc2b6c404fff69a563da687dfb9bd62d05dcdd67f31e190a4e6a,datasets/DSY1/runs/semi/run_1532/eplusout.csv,33.111,22,22,21.1962
DSY1,semi,run_1543,37.0,True,1.198257080610022,44,False,2,True,True,1.443355119825708,53,False,0,False,False,1.443355119825708,53,False,0,False,False,0.24509803921568607,-2,True,False,0.3,2fd24a224ebc726a73fc66bb0d8141eadc5043a356bf2e8bb8056975f218bb1f,580ed59b60cb0db74f20300f84548ab7591807a0d9f4fc07799848933f7b2338,datasets/DSY1/runs/semi/run_1543/eplusout.csv,33.446,20,20,43.5252
DSY1,semi,run_1544,35.0,True,1.116557734204793,41,False,2,True,True,1.3344226579520697,49,False,0,False,False,1.3344226579520697,49,False,0,False,False,0.21786492374727673,-2,True,False,0.3,81b6b7245a3d2c23672ec0c7ff9790c77ce59d365ac550be7b93f541ecfea260,333a346ed2cdcf93bf314823b02533de9a10112759b10957645b043ca55c877b,datasets/DSY1/runs/semi/run_1544/eplusout.csv,33.31,14,14,19.1082
DSY1,semi,run_1562,32.0,True,1.198257080610022,44,False,1,True,True,1.3616557734204793,50,False,0,False,False,1.3616557734204793,50,False,0,False,False,0.16339869281045738,-1,True,False,0.3,bf1c2bec82abcb67c79391e0cc3309f505471d4bcef2297842fb411b51bff229,aafd38266f77aed2e89bac4be5c8d26213008efbc6e0475215b83c08efac6014,datasets/DSY1/runs/semi/run_1562/eplusout.csv,33.065,14,14,56.2005
DSY1,semi,run_1567,32.0,True,1.1437908496732025,42,False,2,True,True,1.3888888888888888,51,False,0,False,False,1.3888888888888888,51,False,0,False,False,0.2450980392156863,-2,True,False,0.3,58250920828515bdfac47bf4b6c70ade7548633b9b47a691616345007d7feee6,e86ba354ad747b87008fa54377348b730f4ddccbabdad79cedb115eaad63d718,datasets/DSY1/runs/semi/run_1567/eplusout.csv,33.377,12,12,45.264
DSY1,semi,run_1571,31.0,True,1.116557734204793,41,False,2,True,True,1.3616557734204793,50,False,0,False,False,1.3616557734204793,50,False,0,False,False,0.2450980392156863,-2,True,False,0.3,383e5f9eca46fa7b7602e67b73bd9868e6c32ec3fd4d16ea0a7541cb18007bee,5200dfb1f392020a5349ebfb1131a96a9ae710e25b13fce3b90e13f5e5066186,datasets/DSY1/runs/semi/run_1571/eplusout.csv,33.273,11,11,55.0263
DSY1,semi,run_1581,31.0,True,1.1437908496732025,42,False,1,True,True,1.3888888888888888,51,False,0,False,False,1.3888888888888888,51,False,0,False,False,0.2450980392156863,-1,True,False,0.3,e205746a6332c8d6c62ceba7e8f1f463e8888b31eb0b8650db379f0b3793ef33,10f2465d8b899b0089cd3776a150b93ef3c0712286fda6f86fb688eaf4269d52,datasets/DSY1/runs/semi/run_1581/eplusout.csv,33.006,15,15,26.1547
DSY1,semi,run_1587,32.0,True,1.0348583877995643,38,False,2,True,True,1.3344226579520697,49,False,0,False,False,1.3344226579520697,49,False,0,False,False,0.2995642701525054,-2,True,False,0.3,39beb5b9c1ed33902c7739f3952ee52cc41b3032f52c10f65263818af3fb2633,92ecc2c0f720538d58f6a214b69a47b880a03965cc995625b5ff2cd6bf3a8fc1,datasets/DSY1/runs/semi/run_1587/eplusout.csv,33.115,17,17,26.7105
DSY1,semi,run_1591,36.0,True,1.171023965141612,43,False,2,True,True,1.4161220043572984,52,False,0,False,False,1.4161220043572984,52,False,0,False,False,0.2450980392156863,-2,True,False,0.3,cd8a388fbf0ea52d2f907de7a07e394bc84efbfa41724845c0b009adb393d16f,3e4b14e2b6c3df38a275409538afa05369d890ef6c9d1f8fd6d4cfb6a0cac55c,datasets/DSY1/runs/semi/run_1591/eplusout.csv,33.476,11,11,46.8913
DSY1,semi,run_1596,33.0,True,1.0348583877995643,38,False,2,True,True,1.252723311546841,46,False,0,False,False,1.252723311546841,46,False,0,False,False,0.21786492374727673,-2,True,False,0.3,73a3eb12456d0785fe5da4de60b570a66adce9ed7b3a9de517948ff68ffcd0dd,f9f82200e067e6d872b6d9a706c510683393e4e113a21d0585f0236d1630c1d6,datasets/DSY1/runs/semi/run_1596/eplusout.csv,33.137,13,13,18.5411
DSY1,semi,run_1608,30.0,True,1.0348583877995643,38,False,2,True,True,1.3071895424836601,48,False,0,False,False,1.3071895424836601,48,False,0,False,False,0.27233115468409586,-2,True,False,0.3,750bace3a285e874db312a5163c67da122bfe8211e628dd5c2e6b15beeecb53a,d3006255e74d94d38dee178697c1c4f8924feecbe0989b0dafae14183bcf893e,datasets/DSY1/runs/semi/run_1608/eplusout.csv,33.102,13,13,27.1252
DSY1,semi,run_1609,37.0,True,1.198257080610022,44,False,2,True,True,1.5250544662309369,56,False,0,False,False,1.5250544662309369,56,False,0,False,False,0.326797385620915,-2,True,False,0.3,1eb32250d5e64f06814ec37546e55d0d641a79972dd12636dac7a6827e8bc925,f3fd5151730378ce6d99dac9c67edf31864600ce571be711d35ea4b187616291,datasets/DSY1/runs/semi/run_1609/eplusout.csv,33.069,25,25,16.7031
DSY1,semi,run_1617,32.0,True,1.0620915032679739,39,False,1,True,True,1.3616557734204793,50,False,0,False,False,1.3616557734204793,50,False,0,False,False,0.2995642701525054,-1,True,False,0.3,3c6f2a861e1852efd5698a876bc2c2cd1e0054f27ecc2f8a1a3ad0ddd2ec58cf,4a48fae1ff04d8420e0560d58d8e824051ec40dabf2c3ce703a202d48954050a,datasets/DSY1/runs/semi/run_1617/eplusout.csv,32.996,16,16,24.3655
DSY1,semi,run_1621,36.0,True,1.3071895424836601,48,False,2,True,True,1.5522875816993464,57,False,0,False,False,1.5522875816993464,57,False,0,False,False,0.2450980392156863,-2,True,False,0.3,cab3edb2d4b87f21c5e5ed40358b755e1d59740ec2c616010303aa3949445023,55b0ff387e1e5eb16fed6df144d86ebc3ce0ac11abc2750923b680ec69d582a4,datasets/DSY1/runs/semi/run_1621/eplusout.csv,33.432,14,14,49.2066
DSY1,semi,run_1622,33.0,True,1.2254901960784315,45,False,2,True,True,1.443355119825708,53,False,0,False,False,1.443355119825708,53,False,0,False,False,0.2178649237472765,-2,True,False,0.3,17eff000f82d41e1d4751826202428bf87ae15225472091ff5ab117277b7b311,cb7673a34c8b6672f5a73c09a0ddbb8654a6e8151de90f90d404ec0377f2fdc1,datasets/DSY1/runs/semi/run_1622/eplusout.csv,33.134,13,13,67.1236
DSY1,semi,run_1624,34.0,True,1.116557734204793,41,False,2,True,True,1.3888888888888888,51,False,0,False,False,1.3888888888888888,51,False,0,False,False,0.27233115468409586,-2,True,False,0.3,3211cf312381a6d2d7735295d6af6c3b7110a82c10f1f5f22ad0be2e339c4d67,a6fae8e8b6940752a9659ba00c51294113d5f87012af99a6f00b35effd3876e0,datasets/DSY1/runs/semi/run_1624/eplusout.csv,33.322,15,15,32.7701
DSY1,semi,run_1627,33.0,True,1.0620915032679739,39,False,2,True,True,1.3616557734204793,50,False,0,False,False,1.3616557734204793,50,False,0,False,False,0.2995642701525054,-2,True,False,0.3,7b83c613827f576cba009b84a4fc1d8a2acf062683ca9d5c9576a7c8b12b3e10,ad46453b5ea7d6c205697c6435b9593a6a43ce9267e4eb5f146df5e92b3f65e0,datasets/DSY1/runs/semi/run_1627/eplusout.csv,33.081,17,17,19.0647
DSY1,semi,run_1628,34.0,True,1.252723311546841,46,False,1,True,True,1.4705882352941178,54,False,0,False,False,1.4705882352941178,54,False,0,False,False,0.21786492374727673,-1,True,False,0.3,6ce2633f4a39ad4cca33e9b992a5d27f3ad33613d2bd8eecd023361f1788ca85,3a6aaaadcf90dd97dfe536261284e9aa57c4344031200f7cb50c62ffe3a525eb,datasets/DSY1/runs/semi/run_1628/eplusout.csv,33.038,18,18,55.4075
DSY1,semi,run_1630,38.0,True,1.4161220043572984,52,False,2,True,True,1.7429193899782136,64,False,0,False,False,1.7429193899782136,64,False,0,False,False,0.3267973856209152,-2,True,False,0.3,602848419b11b513a7b65f3c0864afd4f60b7b62c73b04b1a78c9c4bcdb31012,2991c65ecdf8e9f22e2e4887d180e8b68f1255fb692adda76f22fe450aeeb06e,datasets/DSY1/runs/semi/run_1630/eplusout.csv,33.35,30,30,9.2792
DSY1,semi,run_1634,37.0,True,1.198257080610022,44,False,2,True,True,1.443355119825708,53,False,0,False,False,1.443355119825708,53,False,0,False,False,0.24509803921568607,-2,True,False,0.3,9c4ba2fe1aca8885344e61a528da077b8dbffaafa6ad97ad892c3c6b52104d65,493a43b8e169e22edf5e4bf7943885e29d66a6bc58272eb103ce23e66b144bc3,datasets/DSY1/runs/semi/run_1634/eplusout.csv,33.356,19,19,26.3922
DSY1,semi,run_1639,34.0,True,1.198257080610022,44,False,2,True,True,1.3888888888888888,51,False,0,False,False,1.3888888888888888,51,False,0,False,False,0.19063180827886694,-2,True,False,0.3,9a2bde44b57b5a9fef09af2a21efd3f377b53755106387b3245ce4bebf26ae4d,ded6a92ec731df2d6da9d0826a84f552221cec9d0336e3d69327bde07a407893,datasets/DSY1/runs/semi/run_1639/eplusout.csv,33.142,19,19,21.7446
DSY1,semi,run_1645,35.0,True,1.2799564270152506,47,False,2,True,True,1.5250544662309369,56,False,0,False,False,1.5250544662309369,56,False,0,False,False,0.2450980392156863,-2,True,False,0.3,a04238c696ac525dee55e5dc6ae8b0dad04edf4f1c04628b8b3c1c14f4cc427e,b10147bd4bd197e2eed10d74b9b6afa3cb3af390a6b9e6dd6dcd9dae607f6d99,datasets/DSY1/runs/semi/run_1645/eplusout.csv,33.25,12,12,63.3616
DSY1,semi,run_1652,33.0,True,1.198257080610022,44,False,1,True,True,1.4161220043572984,52,False,0,False,False,1.4161220043572984,52,False,0,False,False,0.2178649237472765,-1,True,False,0.3,3d4e0204f0bfdc5cfc9dfd6be67bc7a50707ade777d0af4a63617718e2bdcd96,116d9f7b2f05938c6aeae6a82fb0ad35337f95a499fbc453a404c298170445d1,datasets/DSY1/runs/semi/run_1652/eplusout.csv,32.983,17,17,23.4277
DSY1,semi,run_1655,31.0,True,1.116557734204793,41,False,2,True,True,1.3344226579520697,49,False,0,False,False,1.3344226579520697,49,False,0,False,False,0.21786492374727673,-2,True,False,0.3,0618e5ea92f316c55ead59dbffac59f15201db27e58121e6f53296c9256f9e7a,98f03a2f95261d06e05e5b34367e89b4a3d25416b7c47300bfa41742eef0e49e,datasets/DSY1/runs/semi/run_1655/eplusout.csv,33.17,12,12,36.4829
DSY1,semi,run_1667,38.0,True,1.3344226579520697,49,False,2,True,True,1.5522875816993464,57,False,0,False,False,1.5522875816993464,57,False,0,False,False,0.21786492374727673,-2,True,False,0.3,2678ef80670a73584079b14113bcf4fade77e76fbb9b755d19adb530479f1a60,bf5dd506faebba536c0053942f268408893a630815119e4828d98fab82c96b2c,datasets/DSY1/runs/semi/run_1667/eplusout.csv,33.423,26,26,24.059
DSY1,semi,run_1670,34.0,True,1.116557734204793,41,False,2,True,True,1.3616557734204793,50,False,0,False,False,1.3616557734204793,50,False,0,False,False,0.2450980392156863,-2,True,False,0.3,cd42f4d9777ab6af9d83d8dbd3685b17f360531a0a581ca3ba12c35d8038efd3,920da3a5716d3bb5db9f6b5039803b666b18f04e42c176a3c4294c284cb5482a,datasets/DSY1/runs/semi/run_1670/eplusout.csv,33.174,12,12,37.2609
DSY1,semi,run_1671,33.0,True,1.198257080610022,44,False,1,True,True,1.3616557734204793,50,False,0,False,False,1.3616557734204793,50,False,0,False,False,0.16339869281045738,-1,True,False,0.3,f932c190ff81eeae39c85b13a403c83ef6a3ee40bc41049d3a7286712303f141,8958a218024c6434d13e00e9bd7c738be4a03a7bcd599863c3c0f4f41e041039,datasets/DSY1/runs/semi/run_1671/eplusout.csv,33.16,14,14,43.6084
DSY1,semi,run_1673,34.0,True,1.2799564270152506,47,False,2,True,True,1.5250544662309369,56,False,0,False,False,1.5250544662309369,56,False,0,False,False,0.2450980392156863,-2,True,False,0.3,11820f3f4c628ade5f5fa7009ed50dfc5ec3e1f9880516c0f2cd3c8c03e82180,548323a5e181fa89383cda31c0e1cd4fe995cd0c1b75029b2a28857335ead3b5,datasets/DSY1/runs/semi/run_1673/eplusout.csv,33.331,21,21,23.8144
DSY1,semi,run_1687,36.0,True,1.2254901960784315,45,False,2,True,True,1.4978213507625273,55,False,0,False,False,1.4978213507625273,55,False,0,False,False,0.27233115468409586,-2,True,False,0.3,1ba6982180f25efa048b9f30e059a2043cb351c1e0928135831c6598f319da0a,bd7c982c56d7b2941e53736ddc0ff4bb2ab3df7b1e1329cb6eb96c286c710010,datasets/DSY1/runs/semi/run_1687/eplusout.csv,33.387,10,10,55.7581
DSY1,semi,run_1694,49.0,True,2.8050108932461875,103,False,9,True,True,3.758169934640523,138,True,5,True,True,3.758169934640523,138,True,5,True,True,0.9531590413943354,-4,True,False,0.3,026ae7d6542611fc65ce50ba8ce604718fc8976f9b82c88c1087ca14f5c1d6c5,5f4bbdcc7c198163196d0b650cc9f248c835e9aee26553ff8832465c5a19ee25,datasets/DSY1/runs/semi/run_1694/eplusout.csv,34.619,60,157,175.6317
DSY1,semi,run_1707,33.0,True,1.0893246187363834,40,False,2,True,True,1.252723311546841,46,False,0,False,False,1.252723311546841,46,False,0,False,False,0.1633986928104576,-2,True,False,0.3,767010473e9acecb1e322372b81830f0af50d2d3ac79b2caed58f946fa2da8e4,1b5b346a082559034034e98a8c79b241907e7ae739657a085b31925a93831626,datasets/DSY1/runs/semi/run_1707/eplusout.csv,33.327,11,11,22.9834
DSY1,semi,run_1718,33.0,True,1.116557734204793,41,False,2,True,True,1.3888888888888888,51,False,0,False,False,1.3888888888888888,51,False,0,False,False,0.27233115468409586,-2,True,False,0.3,708a9f82d155c5dc4b3896f8e6b55175654ff329136d213b87adb587ae6b8bd9,f7b45f41ad5aa15e4efa621acfe068956235f20354e621d3d4d2cdde6ce3ce5b,datasets/DSY1/runs/semi/run_1718/eplusout.csv,33.353,13,13,18.5075
DSY1,semi,run_1722,33.0,True,1.252723311546841,46,False,2,True,True,1.4978213507625273,55,False,0,False,False,1.4978213507625273,55,False,0,False,False,0.2450980392156863,-2,True,False,0.3,6c0d599614b809c92b1c327676ab03cb13b2ac1948435b379f8210ecaee2f38b,8fd8385908d99ca82a0cdf26342469782229cbc9d84d8ce90d794cf2d850f62f,datasets/DSY1/runs/semi/run_1722/eplusout.csv,33.308,15,15,34.6187
DSY1,semi,run_1723,33.0,True,1.171023965141612,43,False,2,True,True,1.443355119825708,53,False,0,False,False,1.443355119825708,53,False,0,False,False,0.27233115468409586,-2,True,False,0.3,c62535245b379c18a4652c4ae0e68b1a9c5ce9f9579ed90727bac7c4e5fa4261,c61a1d9870da376d1701ab0d35f75abfe2e8759d2789d6d05ea29e16ba75ef6f,datasets/DSY1/runs/semi/run_1723/eplusout.csv,33.178,22,22,38.654
DSY1,semi,run_1724,35.0,True,1.252723311546841,46,False,2,True,True,1.5250544662309369,56,False,0,False,False,1.5250544662309369,56,False,0,False,False,0.27233115468409586,-2,True,False,0.3,f9fc875dbcc0bbc6de1a33f1feed66ab0a3e9ad566d84a6c672ccd00d0a4b5ef,72f615805ef9975a7dc6bb504d0f7f6a0ff618fbc569949d86ebced3c85d674e,datasets/DSY1/runs/semi/run_1724/eplusout.csv,33.206,22,22,17.0923
DSY1,semi,run_1727,36.0,True,1.3071895424836601,48,False,2,True,True,1.6067538126361656,59,False,0,False,False,1.6067538126361656,59,False,0,False,False,0.2995642701525054,-2,True,False,0.3,7944b2c1006db59dc743705331cbf334f4aa369c8269543dc4baa5f035be4c93,db2d53c7c0cbbf351d7061e040f8596ecf773b22dcc8480317a015ab934f32e1,datasets/DSY1/runs/semi/run_1727/eplusout.csv,33.403,15,15,39.6313
DSY1,semi,run_1730,34.0,True,1.2799564270152506,47,False,2,True,True,1.4705882352941178,54,False,0,False,False,1.4705882352941178,54,False,0,False,False,0.19063180827886717,-2,True,False,0.3,15f7db67ab1c49a97980d576ac43326798a687974948b203e608c19b054591a3,6e4d90fb35fd6920389b8ffca63527585bb1c580ddea110bff1361a23ad7c4e7,datasets/DSY1/runs/semi/run_1730/eplusout.csv,33.139,12,12,50.1056
DSY1,semi,run_1733,35.0,True,1.3888888888888888,51,False,2,True,True,1.6884531590413943,62,False,0,False,False,1.6884531590413943,62,False,0,False,False,0.2995642701525054,-2,True,False,0.3,a869db81954d0d66110204c823905fba128ed3f84a140df661df07f2202e9b0c,f90025fb487451f6547b14748aab50723b6ceadea3228583a3d28cc496f4ffa8,datasets/DSY1/runs/semi/run_1733/eplusout.csv,33.166,25,25,17.1752
DSY1,semi,run_1739,34.0,True,1.1437908496732025,42,False,2,True,True,1.3888888888888888,51,False,0,False,False,1.3888888888888888,51,False,0,False,False,0.2450980392156863,-2,True,False,0.3,8f223a57f3bc9b0910caaf6d3b242b49ab0529472e41befb501b37648bd53e88,92a95f079a11ec66b15f57ba7fdaddf03f4fead756cd3835cb0eff75388cc17b,datasets/DSY1/runs/semi/run_1739/eplusout.csv,33.436,17,17,35.1856
DSY1,semi,run_1751,30.0,True,1.0076252723311547,37,False,2,True,True,1.3344226579520697,49,False,0,False,False,1.3344226579520697,49,False,0,False,False,0.326797385620915,-2,True,False,0.3,097082f19ff6503b4b1e2ae074bc74333c8a349af515eafe8fbdec4b8eb28c5b,61c8279b587c9d857eb2d27308fcbb82a8343db7ef0ced5f740b4023122e7fc6,datasets/DSY1/runs/semi/run_1751/eplusout.csv,33.162,12,12,18.1948
DSY1,semi,run_1759,32.0,True,1.2254901960784315,45,False,2,True,True,1.4161220043572984,52,False,0,False,False,1.4161220043572984,52,False,0,False,False,0.19063180827886694,-2,True,False,0.3,6e6edaaba20fcce8553b04441a3fea52d106276126b9ac1a9a093417d5fbf2d2,bf0608ca0e6be1e2cbcb14c1886fa5a9a4c1edbcdf0567ecd7591a92a6365fc4,datasets/DSY1/runs/semi/run_1759/eplusout.csv,33.264,17,17,30.683
DSY1,semi,run_1760,36.0,True,1.198257080610022,44,False,2,True,True,1.443355119825708,53,False,0,False,False,1.443355119825708,53,False,0,False,False,0.24509803921568607,-2,True,False,0.3,3e1303a530d0ff055fbfa92b5e80117be81d3a13a29e3398f46363832fd85830,1c789e5c7bfa2cb6b7aee63632d36222118cc31e850baee9b9b646b4f4a3b6c3,datasets/DSY1/runs/semi/run_1760/eplusout.csv,33.312,18,18,28.707
DSY1,semi,run_1763,52.0,True,2.8594771241830066,105,False,13,True,True,4.248366013071895,156,True,7,True,True,4.248366013071895,156,True,7,True,True,1.3888888888888888,-6,True,False,0.3,957c252c06328c8eb72bdc3ca5de154a2b89bacdfa0b05b3c41c649442ed48a9,1e0df44aaf0b9a64713f1e4f4f41de7cca5013c58feb7f247c4815ae900c454f,datasets/DSY1/runs/semi/run_1763/eplusout.csv,34.798,72,172,150.9084
DSY1,semi,run_1769,35.0,True,1.171023965141612,43,False,2,True,True,1.3888888888888888,51,False,0,False,False,1.3888888888888888,51,False,0,False,False,0.21786492374727673,-2,True,False,0.3,4160ce037382b61110283186882030af3d2cd9c68e48bd83bbfa56704e08a530,28f2bcec0a1ec8f8157a166186b876782bda94c38596e090497ec23ec8559783,datasets/DSY1/runs/semi/run_1769/eplusout.csv,33.435,16,16,22.8507
DSY1,semi,run_1773,35.0,True,1.116557734204793,41,False,2,True,True,1.3888888888888888,51,False,0,False,False,1.3888888888888888,51,False,0,False,False,0.27233115468409586,-2,True,False,0.3,988146dedc717d6ec1684fac34c78f8d27c469e4898d9fd69a9553adafaa96bf,ac22c14aac0afc1e601a8895ac05604ae61f6c1bc4361b326e0481280b0f88a6,datasets/DSY1/runs/semi/run_1773/eplusout.csv,33.263,14,14,26.7617
DSY1,semi,run_1780,33.0,True,1.0620915032679739,39,False,2,True,True,1.3344226579520697,49,False,0,False,False,1.3344226579520697,49,False,0,False,False,0.27233115468409586,-2,True,False,0.3,bc8761169f028f7a1ada0b705b510130ee5ae1d21a82b9d9d035e45cceebaa57,dd051230937770177d0e47b590c040a5dbe8917e407149926b36b7cfcfae9774,datasets/DSY1/runs/semi/run_1780/eplusout.csv,33.105,13,13,27.9486
DSY1,semi,run_1785,34.0,True,1.0893246187363834,40,False,2,True,True,1.3616557734204793,50,False,0,False,False,1.3616557734204793,50,False,0,False,False,0.27233115468409586,-2,True,False,0.3,e89fca64ceb902d62fdff6e11a835cc7a426a09aeed3f3276ed59d9300b6f61f,0f7e774fa4517fbbdffb73adcad8cd28cc937f7013f50eb3d98a0e9927d70cc2,datasets/DSY1/runs/semi/run_1785/eplusout.csv,33.219,22,22,28.5307
DSY1,semi,run_1786,34.0,True,1.0893246187363834,40,False,2,True,True,1.3071895424836601,48,False,0,False,False,1.3071895424836601,48,False,0,False,False,0.21786492374727673,-2,True,False,0.3,c0359391ade8310046545a91aaacd240de4dd50401373cccd3e7f02d900b93e1,5e611a0efcb08a869a3743e59e0e5fca62da3f55bfeedca9f415e972b02d6eea,datasets/DSY1/runs/semi/run_1786/eplusout.csv,33.341,13,13,24.3377
DSY1,semi,run_1799,34.0,True,1.116557734204793,41,False,2,True,True,1.3616557734204793,50,False,0,False,False,1.3616557734204793,50,False,0,False,False,0.2450980392156863,-2,True,False,0.3,3f8d0c76449eae8973e81a60be8d7d928ca6f80f6fa924a2664d78daa318b527,2581a7a8d333cb62e3f64c5cf1074aa04f2a18f06cded086ed10404ba80d29cc,datasets/DSY1/runs/semi/run_1799/eplusout.csv,33.326,13,13,26.3091
DSY1,semi,run_1802,32.0,True,1.116557734204793,41,False,2,True,True,1.3616557734204793,50,False,0,False,False,1.3616557734204793,50,False,0,False,False,0.2450980392156863,-2,True,False,0.3,9dc123e69d3c9534cb67fe91a3b97fa27a4ca5ddd5c412d9b174778bb3a85705,46b1e17d046ebc0a2f78da1b1ec872a867603bc4be57fa5cc7236a3cbc6b9412,datasets/DSY1/runs/semi/run_1802/eplusout.csv,33.248,13,13,21.8853
DSY1,semi,run_1806,38.0,True,1.198257080610022,44,False,2,True,True,1.4161220043572984,52,False,0,False,False,1.4161220043572984,52,False,0,False,False,0.2178649237472765,-2,True,False,0.3,db02bf5590e4456569f53f3b116a216ebceee4ada12f65b9ea409ff92ce6b96e,8d5ddbd5decf48f56da1ae7031cfd14be2532a6c19196e0dea87ae93e7609875,datasets/DSY1/runs/semi/run_1806/eplusout.csv,33.434,18,18,41.9964
DSY1,semi,run_1807,33.0,True,1.198257080610022,44,False,2,True,True,1.3888888888888888,51,False,0,False,False,1.3888888888888888,51,False,0,False,False,0.19063180827886694,-2,True,False,0.3,4e2ad619180b32af7de324fb046ac53d2448ad82e63744548109e4e87404964e,0bb92ac8433f69f13429cb7554aadc9ef9b5a2a41e28fb5e75147f540003d732,datasets/DSY1/runs/semi/run_1807/eplusout.csv,33.305,12,12,56.3256
DSY1,semi,run_1810,38.0,True,1.4161220043572984,52,False,3,True,True,1.6884531590413943,62,False,0,False,False,1.6884531590413943,62,False,0,False,False,0.27233115468409586,-3,True,False,0.3,33206c1d11f5791973f2acf96754a40c778bc6efd40b1797e5fcae22b4910fb5,abe81557448071fb416f8f4012a85fc701b7af1bdce164689100f7d2f775a13f,datasets/DSY1/runs/semi/run_1810/eplusout.csv,33.457,28,28,22.6279
DSY1,semi,run_1830,32.0,True,1.1437908496732025,42,False,2,True,True,1.3888888888888888,51,False,0,False,False,1.3888888888888888,51,False,0,False,False,0.2450980392156863,-2,True,False,0.3,1d15c35f9a695ed8280bd0da2f166a016d65e920d3c680d93f88a35f660d14ba,cb090fdffbb4609e215efb0e6b8fbee25407920cbd418350dbf45bd3ae9fa669,datasets/DSY1/runs/semi/run_1830/eplusout.csv,33.249,12,12,47.8381
DSY1,semi,run_1833,34.0,True,1.252723311546841,46,False,2,True,True,1.5522875816993464,57,False,0,False,False,1.5522875816993464,57,False,0,False,False,0.2995642701525054,-2,True,False,0.3,bbd48427d876c8ae72a2a21309c83cd21b2772a17e25371e20e2c958788f8539,f5a5e12cd0c3e237bd2f24f936447607449d26177bfa4cf637d9a51746b76e5d,datasets/DSY1/runs/semi/run_1833/eplusout.csv,33.088,25,25,9.4237
DSY1,semi,run_1862,38.0,True,1.4161220043572984,52,False,2,True,True,1.7156862745098038,63,False,0,False,False,1.7156862745098038,63,False,0,False,False,0.2995642701525054,-2,True,False,0.3,7057c5969f604aa0bdacd39c1d34506a4b46af476672cf1c1968fbcae4c56fc1,987a27c939c38a1553052016bb56162c9e87209e084ed9c1a2f122acc9d7cd46,datasets/DSY1/runs/semi/run_1862/eplusout.csv,33.284,31,31,13.6038
DSY1,semi,run_1868,36.0,True,1.1437908496732025,42,False,2,True,True,1.443355119825708,53,False,0,False,False,1.443355119825708,53,False,0,False,False,0.2995642701525054,-2,True,False,0.3,f582ecb25398c80b0d4f254bbc13fb9e945dd60992a046e0807b3f1f0d49289c,10bde178c6ee145588d0d68ce1bed197a1e3c94b1ac73acc1da4c219c77c9a1c,datasets/DSY1/runs/semi/run_1868/eplusout.csv,33.29,18,18,22.4724
DSY1,semi,run_1873,37.0,True,1.4161220043572984,52,False,2,True,True,1.7156862745098038,63,False,0,False,False,1.7156862745098038,63,False,0,False,False,0.2995642701525054,-2,True,False,0.3,ee410c0303a38f30bb2d8176ec624a42820161b4be4f20da3aff7a8d27d173ce,8ed07e430d72aeef1f04fbe8ff1b223dae8813364cb28522f7a021541eb831fa,datasets/DSY1/runs/semi/run_1873/eplusout.csv,33.426,21,21,22.6753
DSY1,semi,run_1877,35.0,True,1.3071895424836601,48,False,2,True,True,1.5522875816993464,57,False,0,False,False,1.5522875816993464,57,False,0,False,False,0.2450980392156863,-2,True,False,0.3,b866f2418ebd450bb740343796040fde89b8c24ab3089372fa73949e2e7f975b,1c4100399820d3d3128945efccb8b334952e005e07d8510cf73ce17662804df5,datasets/DSY1/runs/semi/run_1877/eplusout.csv,33.305,17,17,29.1514
DSY1,semi,run_1882,38.0,True,1.252723311546841,46,False,2,True,True,1.5522875816993464,57,False,0,False,False,1.5522875816993464,57,False,0,False,False,0.2995642701525054,-2,True,False,0.3,0899f6ac1b820b98a3d3faa1c9a3af89b8e70c80ce1035b7d61256f7f46ff870,f33aa2db1f1a7817a2699ef2ac041729d7befcb5f1ed84f2379d12531baba540,datasets/DSY1/runs/semi/run_1882/eplusout.csv,33.317,27,27,10.9466
DSY1,semi,run_1890,32.0,True,1.171023965141612,43,False,2,True,True,1.3888888888888888,51,False,0,False,False,1.3888888888888888,51,False,0,False,False,0.21786492374727673,-2,True,False,0.3,f3675591684f6e10962056b561b59cdebfb509fc69717627aa5d6b6932ed8e09,0f7c99b4699c2d8b88bac01d204406e1f6a00c8bdd55c29501acb2d3a3e54cc6,datasets/DSY1/runs/semi/run_1890/eplusout.csv,33.394,12,12,47.3799
DSY1,semi,run_1896,38.0,True,1.3071895424836601,48,False,2,True,True,1.6612200435729847,61,False,0,False,False,1.6612200435729847,61,False,0,False,False,0.35403050108932455,-2,True,False,0.3,0a9e953e5bdd643a0c4fadee598dc3b34116ab10eff9a8ce6f483a852ffac402,ad1e0d1287a2932541a4f9b2b7f36503c45ba487f47463d9ef8c3abbdb84fac9,datasets/DSY1/runs/semi/run_1896/eplusout.csv,33.239,17,17,38.6101
DSY1,semi,run_1909,36.0,True,1.3071895424836601,48,False,2,True,True,1.6067538126361656,59,False,0,False,False,1.6067538126361656,59,False,0,False,False,0.2995642701525054,-2,True,False,0.3,ef454c6ce1cd8c418ea15454db2c270d7ad15f89d161a79b033290a1a70651ec,8c0ea88445a67eb49a3df91caa5571d4064235df875440324af8b132efa612a8,datasets/DSY1/runs/semi/run_1909/eplusout.csv,33.444,13,13,56.7647
DSY1,semi,run_1913,31.0,True,1.0620915032679739,39,False,2,True,True,1.3071895424836601,48,False,0,False,False,1.3071895424836601,48,False,0,False,False,0.2450980392156863,-2,True,False,0.3,1c84d00f102146799b4039e47cc24f7c14c385dbb87508e8842ed3d38956bf21,d3a328fb3b42c276c6208985dd50701b8a848713173fa071435c12668aad6ad4,datasets/DSY1/runs/semi/run_1913/eplusout.csv,33.089,17,17,28.1837
DSY1,semi,run_1916,35.0,True,1.1437908496732025,42,False,2,True,True,1.3888888888888888,51,False,0,False,False,1.3888888888888888,51,False,0,False,False,0.2450980392156863,-2,True,False,0.3,e7240a0ebdac603ac42196a10ee44c240eccf424b25c3b556f58eb15dcd8e3ae,bda14d26eec538874dce8093f90e2879c077f100301d5d9220d137ca78af9c4b,datasets/DSY1/runs/semi/run_1916/eplusout.csv,33.285,16,16,13.0963
DSY1,semi,run_1954,34.0,True,1.2799564270152506,47,False,2,True,True,1.5250544662309369,56,False,0,False,False,1.5250544662309369,56,False,0,False,False,0.2450980392156863,-2,True,False,0.3,112fc564f8dff3c6b3c7dd996cb5132451e67ead25ba1df816af991031999a8f,a3ddc924cd5273bc85ec14b488345b426c9b72aef2c45d6df15b4e3166c07bf6,datasets/DSY1/runs/semi/run_1954/eplusout.csv,33.355,15,15,49.7047
DSY1,semi,run_1959,32.0,True,0.9531590413943355,35,False,2,True,True,1.3071895424836601,48,False,0,False,False,1.3071895424836601,48,False,0,False,False,0.35403050108932466,-2,True,False,0.3,532dc3b9fdd6f20f0c8ba8c6087306af10d4487e6b702630da2766bdf5907474,87dc7024c59b77f2a30c9226ddddfefb900ef913a9b62fb517782585e446c21c,datasets/DSY1/runs/semi/run_1959/eplusout.csv,33.062,18,18,10.5407
DSY1,semi,run_1965,34.0,True,1.2254901960784315,45,False,2,True,True,1.443355119825708,53,False,0,False,False,1.443355119825708,53,False,0,False,False,0.2178649237472765,-2,True,False,0.3,665156b3f0dae327dd1b1ea42ed8e70973da51a070f7a2c37db9f80dc94e8a0e,537a4473093488139b8c7943faf10fba28a4e3306082f0af0f823c8165b147aa,datasets/DSY1/runs/semi/run_1965/eplusout.csv,33.232,12,12,49.5926
DSY1,semi,run_1973,36.0,True,1.198257080610022,44,False,2,True,True,1.3888888888888888,51,False,0,False,False,1.3888888888888888,51,False,0,False,False,0.19063180827886694,-2,True,False,0.3,20340227fe066fdd7ad7fa857a836f80a375c9c71f3d2978a78f92fa756f06c8,f041e06a3d13fc8201eb0fa5a1392b7afce3d6d0530f340cfef0df86faed3526,datasets/DSY1/runs/semi/run_1973/eplusout.csv,33.346,14,14,36.1776
DSY1,semi,run_1977,35.0,True,1.1437908496732025,42,False,2,True,True,1.4161220043572984,52,False,0,False,False,1.4161220043572984,52,False,0,False,False,0.27233115468409586,-2,True,False,0.3,5cc9a4e6dfc93d7d86816d931c26c1e34404f512fa124ad8f905988719b92fae,b56ddbe1c8dbd24268674f39e1fbd6a28181df488863bfa9d1d0a6a7bd1ab262,datasets/DSY1/runs/semi/run_1977/eplusout.csv,33.215,20,20,13.0231
DSY1,semi,run_1978,32.0,True,1.0348583877995643,38,False,2,True,True,1.3344226579520697,49,False,0,False,False,1.3344226579520697,49,False,0,False,False,0.2995642701525054,-2,True,False,0.3,2f3d940583feb1a94dd6f1cf027ec5c8efe2ed8d3ded0ff03b3d8920a192d289,a0bc951f8bec8c074716a520acad1e9d4d164ddf49c77e326ee323e6307a4b9e,datasets/DSY1/runs/semi/run_1978/eplusout.csv,33.166,14,14,26.7765
DSY1,semi,run_1980,31.0,True,1.116557734204793,41,False,2,True,True,1.3888888888888888,51,False,0,False,False,1.3888888888888888,51,False,0,False,False,0.27233115468409586,-2,True,False,0.3,a6581688d0e5095e9c87ea6b0b94269faa922f1b4a9a3f83b56469e6238588e6,6e764fea9839044093d438635796665980e93980530206b038a04eee0df10b37,datasets/DSY1/runs/semi/run_1980/eplusout.csv,33.259,12,12,28.4915
DSY1,semi,run_1982,36.0,True,1.3071895424836601,48,False,2,True,True,1.6067538126361656,59,False,0,False,False,1.6067538126361656,59,False,0,False,False,0.2995642701525054,-2,True,False,0.3,dc29c0a3acab5c695dee3c23c70059b6f728d017eb37d556e5fc8b3343ee2d47,90cea13732d951a8c9baaaafe1e1d8859b7e7e353d676e15cbcd0cd48e983fe8,datasets/DSY1/runs/semi/run_1982/eplusout.csv,33.414,14,14,43.0053
DSY1,semi,run_1989,37.0,True,1.1437908496732025,42,False,2,True,True,1.4161220043572984,52,False,0,False,False,1.4161220043572984,52,False,0,False,False,0.27233115468409586,-2,True,False,0.3,7d01e1b6610c6334d5b13db327f509ad0486007840aac1d7983ba7c2cdefad63,ba36be937d393fd32208086f5562dd469c1c53c507390ba07462f2d34705826a,datasets/DSY1/runs/semi/run_1989/eplusout.csv,33.345,17,17,51.4866
DSY1,semi,run_1992,41.0,True,1.4978213507625273,55,False,2,True,True,1.7973856209150327,66,False,0,False,False,1.7973856209150327,66,False,0,False,False,0.2995642701525054,-2,True,False,0.3,9f29e6000deb03adfcd57c037bb89254445118fe93c0f0c54ad98f63e83d830a,5f6ace78488b00d6cd35d1985ec5d0b05407a59aba43449d22f30b0f8ee71df1,datasets/DSY1/runs/semi/run_1992/eplusout.csv,33.317,33,33,31.819
DSY1,semi,run_1997,33.0,True,1.171023965141612,43,False,2,True,True,1.3344226579520697,49,False,0,False,False,1.3344226579520697,49,False,0,False,False,0.1633986928104576,-2,True,False,0.3,c351b98ed0322d5c633d88f559e8621636396190f179cdee1ff7a484eca526c7,e543c16e12dd83f2de7795e7fab9fa6caf3f0b7828d19b4628c41ef7e7d93d64,datasets/DSY1/runs/semi/run_1997/eplusout.csv,33.236,12,12,32.3685
DSY1,semi,run_1999,36.0,True,1.116557734204793,41,False,2,True,True,1.4161220043572984,52,False,0,False,False,1.4161220043572984,52,False,0,False,False,0.2995642701525054,-2,True,False,0.3,2286b436d6872bfd69cc43a53d35978778bfbd23cf366fe20bebc4e4e6e01d7d,cdf10df2320eb008f1429a3c54f80556c3669d00701e604b69b7b855b067ade9,datasets/DSY1/runs/semi/run_1999/eplusout.csv,33.474,13,13,34.9863
TMYx,detached,run_0768,30.0,True,1.9880174291938997,73,False,0,False,False,3.1318082788671022,115,True,0,False,True,3.1318082788671022,115,True,0,False,True,1.1437908496732025,0,True,False,0.3,5497896520176ff4551cced38135a2c63b6bd2a46f15eea7b3c661a13da481a7,b4622e0a5a4d81f028331fe562b901c3c40e7d35eef90c89b4ac5dbcf1496522,datasets/TMYx/runs/detached/run_0768/eplusout.csv,31.911,46,114,253.2824
