archetype,run_id,He_worst_old,We_max_worst_old,T_op_peak_old,hours_gt26_night_old,heat_kWh_m2_old,hours_C3_worst_old,hours_gt26_night_annual_old,He_worst_new,We_max_worst_new,T_op_peak_new,hours_gt26_night_new,heat_kWh_m2_new,hours_C3_worst_new,hours_gt26_night_annual_new,delta_He_worst,delta_We_max_worst,delta_T_op_peak,delta_hours_gt26_night,delta_heat_kWh_m2,delta_hours_C3_worst,delta_hours_gt26_night_annual
detached,run_0000,0.1362,9.0,29.912,1,62.291,0,1,0.0817,5.0,29.354,1,62.0196,0,1,-0.05449999999999999,-4.0,-0.5579999999999998,0.0,-0.27139999999999986,0.0,0.0
detached,run_0001,0.2451,10.0,30.065,0,68.6033,0,0,0.0817,5.0,29.507,1,65.8415,0,1,-0.16340000000000002,-5.0,-0.5579999999999998,1.0,-2.761800000000008,0.0,1.0
detached,run_0002,0.2451,10.0,30.029,1,69.1137,0,1,0.1089,6.0,29.619,3,68.863,0,3,-0.13620000000000002,-4.0,-0.41000000000000014,2.0,-0.2506999999999948,0.0,2.0
detached,run_0003,0.0,3.0,29.025,0,36.8573,0,0,0.0,0.0,28.691,0,37.0204,0,0,0.0,-3.0,-0.33399999999999963,0.0,0.16310000000000002,0.0,0.0
detached,run_0004,0.2996,11.0,30.304,1,163.7113,0,1,0.1906,9.0,29.804,1,160.8196,0,1,-0.10899999999999999,-2.0,-0.5,0.0,-2.891699999999986,0.0,0.0
detached,run_0005,0.4902,15.0,30.733,3,87.6332,0,3,0.2451,11.0,30.105,4,86.4027,0,4,-0.2451,-4.0,-0.6280000000000001,1.0,-1.2305000000000064,0.0,1.0
detached,run_0006,0.2996,12.0,30.179,0,118.1967,0,0,0.1089,9.0,29.764,0,113.7875,0,0,-0.19069999999999998,-3.0,-0.41499999999999915,0.0,-4.409200000000013,0.0,0.0
detached,run_0007,0.7625,19.0,30.863,4,106.8495,0,4,0.5991,16.0,30.574,10,101.0076,0,10,-0.1634,-3.0,-0.2889999999999979,6.0,-5.84190000000001,0.0,6.0
detached,run_0008,0.3813,13.0,30.547,0,222.5747,0,0,0.2723,11.0,30.121,1,210.1679,0,1,-0.10899999999999999,-2.0,-0.42600000000000193,1.0,-12.406800000000004,0.0,1.0
detached,run_0009,1.0893,22.0,31.379,14,533.9489,0,37,0.7081,18.0,30.796,6,568.1471,0,26,-0.3812,-4.0,-0.583000000000002,-8.0,34.19820000000004,0.0,-11.0
detached,run_0010,0.1089,6.0,29.564,0,99.9681,0,0,0.0,4.0,29.074,0,95.6882,0,0,-0.1089,-2.0,-0.48999999999999844,0.0,-4.279900000000012,0.0,0.0
detached,run_0011,1.4434,22.0,31.516,27,221.475,0,136,1.1983,19.0,30.978,34,233.395,0,193,-0.2451000000000001,-3.0,-0.5379999999999967,7.0,11.920000000000016,0.0,57.0
detached,run_0012,0.2451,10.0,30.003,1,76.3677,0,1,0.1089,6.0,29.589,1,75.2773,0,1,-0.13620000000000002,-4.0,-0.4140000000000015,0.0,-1.0904000000000025,0.0,0.0
detached,run_0013,0.1089,8.0,29.744,0,62.9586,0,0,0.0545,5.0,29.264,0,62.7938,0,0,-0.0544,-3.0,-0.4800000000000004,0.0,-0.1647999999999996,0.0,0.0
detached,run_0014,0.0545,5.0,29.299,0,47.1168,0,0,0.0,3.0,28.935,0,46.9353,0,0,-0.0545,-2.0,-0.36400000000000077,0.0,-0.18149999999999977,0.0,0.0
detached,run_0015,0.3813,12.0,30.339,0,411.9836,0,0,0.1906,10.0,29.97,1,402.8197,0,1,-0.19069999999999998,-2.0,-0.3689999999999998,1.0,-9.163900000000012,0.0,1.0
detached,run_0016,0.354,12.0,30.338,1,84.0217,0,1,0.2451,10.0,29.873,1,80.8479,0,1,-0.10889999999999997,-2.0,-0.46499999999999986,0.0,-3.1738,0.0,0.0
detached,run_0017,0.0817,5.0,29.629,3,18.8326,0,3,0.0,4.0,29.124,6,18.5044,0,6,-0.0817,-1.0,-0.5050000000000026,3.0,-0.32819999999999894,0.0,3.0
detached,run_0018,0.0545,5.0,29.251,0,42.1285,0,0,0.0,2.0,28.813,0,42.7423,0,0,-0.0545,-3.0,-0.4380000000000024,0.0,0.6137999999999977,0.0,0.0
detached,run_0019,0.0817,5.0,29.563,0,47.9397,0,0,0.0,3.0,29.052,0,46.3091,0,0,-0.0817,-2.0,-0.5109999999999992,0.0,-1.6306000000000012,0.0,0.0
detached,run_0020,0.2451,10.0,30.021,0,56.3279,0,0,0.0817,5.0,29.422,0,55.6681,0,0,-0.16340000000000002,-5.0,-0.5990000000000002,0.0,-0.659799999999997,0.0,0.0
detached,run_0021,0.4085,16.0,30.692,1,151.0047,0,1,0.2451,11.0,30.071,1,147.8841,0,1,-0.16339999999999996,-5.0,-0.6209999999999987,0.0,-3.1206000000000245,0.0,0.0
detached,run_0022,0.354,13.0,30.246,6,21.5323,0,6,0.1906,7.0,29.707,14,21.417,0,14,-0.1634,-6.0,-0.5389999999999979,8.0,-0.11529999999999774,0.0,8.0
detached,run_0023,0.0817,5.0,29.379,0,60.4613,0,0,0.0,3.0,28.925,0,60.2153,0,0,-0.0817,-2.0,-0.4540000000000006,0.0,-0.24600000000000222,0.0,0.0
detached,run_0024,0.2179,10.0,30.03,0,99.1239,0,0,0.1089,6.0,29.557,0,97.019,0,0,-0.10900000000000001,-4.0,-0.47300000000000253,0.0,-2.1049000000000007,0.0,0.0
detached,run_0025,0.463,15.0,30.515,0,101.4124,0,0,0.354,12.0,30.026,1,95.0568,0,1,-0.10900000000000004,-3.0,-0.48900000000000077,1.0,-6.35560000000001,0.0,1.0
detached,run_0026,0.1634,7.0,29.698,1,23.1092,0,1,0.0,5.0,29.139,1,23.1558,0,1,-0.1634,-2.0,-0.559000000000001,0.0,0.046599999999997976,0.0,0.0
detached,run_0027,0.4085,13.0,30.484,1,106.3564,0,1,0.2451,10.0,29.878,2,101.5244,0,2,-0.16339999999999996,-3.0,-0.6060000000000016,1.0,-4.831999999999994,0.0,1.0
detached,run_0028,0.0,3.0,28.927,0,32.5881,0,0,0.0,0.0,28.598,0,31.6939,0,0,0.0,-3.0,-0.3290000000000006,0.0,-0.8941999999999979,0.0,0.0
detached,run_0029,0.7353,19.0,30.848,18,57.243,0,18,0.4902,13.0,30.38,26,56.9231,0,26,-0.24509999999999993,-6.0,-0.46799999999999997,8.0,-0.31990000000000407,0.0,8.0
detached,run_0030,0.7353,16.0,30.733,1,66.0331,0,1,0.4085,12.0,30.199,2,64.2998,0,2,-0.3268,-4.0,-0.5339999999999989,1.0,-1.7332999999999998,0.0,1.0
detached,run_0031,0.1906,9.0,29.979,0,68.465,0,0,0.0817,5.0,29.477,1,66.7196,0,1,-0.1089,-4.0,-0.5019999999999989,1.0,-1.7454000000000036,0.0,1.0
detached,run_0032,1.8791,23.0,31.636,25,681.4535,0,103,1.3617,22.0,31.332,27,719.3078,0,144,-0.5174000000000001,-1.0,-0.3039999999999985,2.0,37.85430000000008,0.0,41.0
detached,run_0033,0.5991,16.0,30.796,0,384.2024,0,0,0.5447,13.0,30.374,1,354.3718,0,1,-0.054400000000000004,-3.0,-0.4220000000000006,1.0,-29.830600000000004,0.0,1.0
detached,run_0034,0.2179,10.0,29.989,0,128.7541,0,0,0.1089,5.0,29.543,0,123.9152,0,0,-0.10900000000000001,-5.0,-0.4460000000000015,0.0,-4.838899999999995,0.0,0.0
detached,run_0035,0.1089,6.0,29.487,0,73.9548,0,0,0.0,4.0,29.013,0,72.5702,0,0,-0.1089,-2.0,-0.47399999999999665,0.0,-1.384600000000006,0.0,0.0
detached,run_0036,0.4085,12.0,30.472,1,109.3267,0,1,0.2451,10.0,29.871,1,106.7374,0,1,-0.16339999999999996,-2.0,-0.6010000000000026,0.0,-2.5893000000000086,0.0,0.0
detached,run_0037,0.1634,9.0,29.809,0,60.9241,0,0,0.0817,5.0,29.371,1,60.5159,0,1,-0.0817,-4.0,-0.4380000000000024,1.0,-0.4082000000000008,0.0,1.0
detached,run_0038,0.1089,9.0,29.776,0,71.3004,0,0,0.0545,4.0,29.202,0,70.044,0,0,-0.0544,-5.0,-0.5739999999999981,0.0,-1.2563999999999993,0.0,0.0
detached,run_0039,0.4902,16.0,30.774,1,330.5237,0,1,0.2996,11.0,30.149,1,323.1477,0,1,-0.19060000000000005,-5.0,-0.625,0.0,-7.376000000000033,0.0,0.0
detached,run_0040,0.2451,10.0,30.103,0,61.8492,0,0,0.0817,5.0,29.52,1,58.9474,0,1,-0.16340000000000002,-5.0,-0.583000000000002,1.0,-2.9018000000000015,0.0,1.0
detached,run_0041,0.0817,5.0,29.459,0,87.8998,0,0,0.0,4.0,29.072,0,85.4722,0,0,-0.0817,-1.0,-0.38700000000000045,0.0,-2.427599999999998,0.0,0.0
detached,run_0042,0.354,12.0,30.188,0,169.4932,0,0,0.1634,9.0,29.797,0,157.6851,0,0,-0.1906,-3.0,-0.39099999999999824,0.0,-11.808099999999996,0.0,0.0
detached,run_0043,0.3813,13.0,30.558,1,199.5539,0,1,0.1906,10.0,29.892,1,190.2352,0,1,-0.19069999999999998,-3.0,-0.6660000000000004,0.0,-9.318700000000007,0.0,0.0
detached,run_0044,0.0545,4.0,29.365,0,73.8047,0,0,0.0,3.0,29.026,0,72.2529,0,0,-0.0545,-1.0,-0.33899999999999864,0.0,-1.5518,0.0,0.0
detached,run_0045,0.1089,8.0,29.675,0,62.8796,0,0,0.0545,5.0,29.234,1,62.7653,0,1,-0.0544,-3.0,-0.44099999999999895,1.0,-0.11430000000000007,0.0,1.0
detached,run_0046,0.3813,13.0,30.42,1,184.1096,0,1,0.2179,10.0,29.854,2,174.2483,0,2,-0.16339999999999996,-3.0,-0.5660000000000025,1.0,-9.8613,0.0,1.0
detached,run_0047,0.1362,9.0,29.741,1,45.8052,0,1,0.0817,5.0,29.364,1,41.6436,0,1,-0.05449999999999999,-4.0,-0.3769999999999989,0.0,-4.1616,0.0,0.0
detached,run_0048,0.6808,19.0,30.972,1,147.6292,0,1,0.5174,16.0,30.502,2,138.774,0,2,-0.1634,-3.0,-0.4700000000000024,1.0,-8.855199999999996,0.0,1.0
detached,run_0049,0.1089,7.0,29.681,0,70.8428,0,0,0.0545,4.0,29.206,0,70.4954,0,0,-0.0544,-3.0,-0.4750000000000014,0.0,-0.34739999999999327,0.0,0.0
detached,run_0050,0.1089,7.0,29.707,0,93.2967,0,0,0.0545,5.0,29.322,0,92.2193,0,0,-0.0544,-2.0,-0.38500000000000156,0.0,-1.0773999999999972,0.0,0.0
detached,run_0051,0.0272,4.0,29.149,0,43.5179,0,0,0.0,3.0,28.792,0,42.2843,0,0,-0.0272,-1.0,-0.3569999999999993,0.0,-1.2335999999999956,0.0,0.0
detached,run_0052,0.354,12.0,30.472,1,155.4347,0,1,0.2451,9.0,29.876,1,145.1477,0,1,-0.10889999999999997,-3.0,-0.5960000000000001,0.0,-10.287000000000006,0.0,0.0
detached,run_0053,0.2723,11.0,30.147,0,55.644,0,0,0.1089,7.0,29.661,1,54.9291,0,1,-0.1634,-4.0,-0.4859999999999971,1.0,-0.7149000000000001,0.0,1.0
detached,run_0054,0.2451,10.0,29.987,1,72.8543,0,1,0.1089,6.0,29.55,1,73.3619,0,1,-0.13620000000000002,-4.0,-0.4369999999999976,0.0,0.5076000000000107,0.0,0.0
detached,run_0055,0.5447,16.0,30.86,1,179.3992,0,1,0.4357,12.0,30.419,1,170.8839,0,1,-0.10899999999999999,-4.0,-0.44099999999999895,0.0,-8.515299999999996,0.0,0.0
detached,run_0056,0.7898,20.0,31.039,2,102.309,0,2,0.5447,15.0,30.561,4,96.139,0,4,-0.24509999999999998,-5.0,-0.47800000000000153,2.0,-6.170000000000002,0.0,2.0
detached,run_0057,0.0,3.0,28.96,0,28.4292,0,0,0.0,0.0,28.582,0,28.3712,0,0,0.0,-3.0,-0.3780000000000001,0.0,-0.05799999999999983,0.0,0.0
detached,run_0058,1.4978,25.0,31.618,7,360.6568,0,8,1.3617,22.0,31.236,7,371.0703,0,12,-0.1361000000000001,-3.0,-0.3819999999999979,0.0,10.413499999999999,0.0,4.0
detached,run_0059,0.2451,12.0,30.112,5,33.8159,0,5,0.1089,6.0,29.499,7,33.6296,0,7,-0.13620000000000002,-6.0,-0.6129999999999995,2.0,-0.1862999999999957,0.0,2.0
detached,run_0060,0.1089,5.0,29.608,1,62.0508,0,1,0.0,4.0,29.137,0,61.9635,0,0,-0.1089,-1.0,-0.4710000000000001,-1.0,-0.08729999999999905,0.0,-1.0
detached,run_0061,0.0545,5.0,29.249,0,42.5609,0,0,0.0,2.0,28.911,0,42.4607,0,0,-0.0545,-3.0,-0.3379999999999974,0.0,-0.10019999999999385,0.0,0.0
detached,run_0062,0.3268,11.0,30.328,0,164.8978,0,0,0.1906,10.0,29.904,1,158.3577,0,1,-0.1362,-1.0,-0.4239999999999995,1.0,-6.540099999999995,0.0,1.0
detached,run_0063,0.5991,16.0,30.793,0,240.1718,0,0,0.4085,12.0,30.388,1,228.1225,0,1,-0.1906,-4.0,-0.4049999999999976,1.0,-12.049299999999988,0.0,1.0
detached,run_0064,0.1089,7.0,29.615,0,64.7261,0,0,0.0545,5.0,29.172,0,63.9099,0,0,-0.0544,-2.0,-0.44299999999999784,0.0,-0.816200000000002,0.0,0.0
detached,run_0065,0.354,12.0,30.206,0,154.8277,0,0,0.1089,9.0,29.804,0,144.3387,0,0,-0.24509999999999998,-3.0,-0.402000000000001,0.0,-10.489000000000004,0.0,0.0
detached,run_0066,0.2179,11.0,30.056,0,147.5345,0,0,0.1089,6.0,29.63,1,136.5814,0,1,-0.10900000000000001,-5.0,-0.42600000000000193,1.0,-10.953100000000006,0.0,1.0
detached,run_0067,0.3813,12.0,30.376,1,122.0674,0,1,0.1634,9.0,29.808,1,117.8658,0,1,-0.21789999999999998,-3.0,-0.5680000000000014,0.0,-4.201600000000013,0.0,0.0
detached,run_0068,0.1089,5.0,29.565,2,44.1837,0,2,0.0,4.0,29.156,3,44.1998,0,3,-0.1089,-1.0,-0.4090000000000025,1.0,0.016100000000001558,0.0,1.0
detached,run_0069,1.2255,22.0,31.551,1,145.7583,0,1,1.1166,22.0,31.119,4,136.5835,0,4,-0.1089,0.0,-0.4319999999999986,3.0,-9.174800000000005,0.0,3.0
detached,run_0070,0.3268,11.0,30.211,1,72.1009,0,1,0.2179,10.0,29.857,1,69.7369,0,1,-0.10889999999999997,-1.0,-0.3539999999999992,0.0,-2.36399999999999,0.0,0.0
detached,run_0071,0.354,12.0,30.375,1,63.3304,0,1,0.2451,9.0,29.874,2,62.2846,0,2,-0.10889999999999997,-3.0,-0.5010000000000012,1.0,-1.0457999999999998,0.0,1.0
detached,run_0072,0.4085,12.0,30.4,0,79.5671,0,0,0.2451,10.0,29.883,1,77.5395,0,1,-0.16339999999999996,-2.0,-0.5169999999999995,1.0,-2.0275999999999925,0.0,1.0
detached,run_0073,0.2451,10.0,29.893,1,36.3787,0,1,0.0817,5.0,29.407,1,35.7511,0,1,-0.16340000000000002,-5.0,-0.48600000000000065,0.0,-0.627600000000001,0.0,0.0
detached,run_0074,0.0,4.0,29.131,0,30.8074,0,0,0.0,0.0,28.793,0,29.5245,0,0,0.0,-4.0,-0.33800000000000097,0.0,-1.2829000000000015,0.0,0.0
detached,run_0075,0.0817,5.0,29.305,0,45.0292,0,0,0.0,3.0,28.851,0,45.1102,0,0,-0.0817,-2.0,-0.4540000000000006,0.0,0.08099999999999596,0.0,0.0
detached,run_0076,0.3813,12.0,30.31,0,95.2276,0,0,0.1906,9.0,29.902,0,92.6188,0,0,-0.19069999999999998,-3.0,-0.4079999999999977,0.0,-2.6088000000000022,0.0,0.0
detached,run_0077,0.2451,11.0,30.233,1,140.805,0,1,0.1089,5.0,29.62,1,137.7834,0,1,-0.13620000000000002,-6.0,-0.6129999999999995,0.0,-3.0216000000000065,0.0,0.0
detached,run_0078,0.8715,20.0,31.105,2,133.2294,0,2,0.5174,15.0,30.529,6,133.3804,0,6,-0.3541000000000001,-5.0,-0.5760000000000005,4.0,0.15100000000001046,0.0,4.0
detached,run_0079,0.0545,5.0,29.364,0,55.0778,0,0,0.0,3.0,29.027,0,52.9416,0,0,-0.0545,-2.0,-0.33699999999999974,0.0,-2.1362000000000023,0.0,0.0
detached,run_0080,0.6808,16.0,30.877,2,51.6973,0,2,0.4085,13.0,30.357,4,48.8326,0,4,-0.2723,-3.0,-0.5199999999999996,2.0,-2.864699999999999,0.0,2.0
detached,run_0081,0.0817,6.0,29.573,0,60.1046,0,0,0.0,5.0,29.174,1,59.9868,0,1,-0.0817,-1.0,-0.3990000000000009,1.0,-0.11779999999999546,0.0,1.0
detached,run_0082,0.7625,19.0,31.083,2,148.6014,0,2,0.4902,14.0,30.485,5,142.603,0,5,-0.27229999999999993,-5.0,-0.597999999999999,3.0,-5.998400000000004,0.0,3.0
detached,run_0083,0.0817,5.0,29.49,0,67.9947,0,0,0.0,3.0,28.977,0,67.4743,0,0,-0.0817,-2.0,-0.5129999999999981,0.0,-0.5203999999999951,0.0,0.0
detached,run_0084,0.2179,9.0,29.831,4,30.3219,0,4,0.0272,5.0,29.282,4,30.4005,0,4,-0.1907,-4.0,-0.5489999999999995,0.0,0.07860000000000156,0.0,0.0
detached,run_0085,0.1089,8.0,29.657,0,72.2374,0,0,0.0545,4.0,29.172,0,70.2005,0,0,-0.0544,-4.0,-0.48499999999999943,0.0,-2.0368999999999886,0.0,0.0
detached,run_0086,0.3813,12.0,30.498,1,265.1499,0,1,0.2179,10.0,30.012,1,247.4703,0,1,-0.16339999999999996,-2.0,-0.48600000000000065,0.0,-17.679599999999994,0.0,0.0
detached,run_0087,0.0817,5.0,29.594,0,45.9773,0,0,0.0,5.0,29.149,0,45.0756,0,0,-0.0817,0.0,-0.4450000000000003,0.0,-0.9016999999999982,0.0,0.0
detached,run_0088,0.1362,9.0,29.82,0,180.5072,0,1,0.0545,5.0,29.296,0,161.8495,0,0,-0.0817,-4.0,-0.5240000000000009,0.0,-18.657700000000006,0.0,-1.0
detached,run_0089,0.2451,9.0,29.889,1,96.7465,0,1,0.0817,5.0,29.477,1,92.6163,0,1,-0.16340000000000002,-4.0,-0.41199999999999903,0.0,-4.130200000000002,0.0,0.0
detached,run_0090,0.0817,6.0,29.551,0,83.5281,0,0,0.0,4.0,29.108,0,77.2758,0,0,-0.0817,-2.0,-0.44299999999999784,0.0,-6.252299999999991,0.0,0.0
detached,run_0091,0.6536,18.0,30.948,1,162.0424,0,1,0.4902,15.0,30.6,1,151.6062,0,1,-0.16339999999999993,-3.0,-0.347999999999999,0.0,-10.436199999999985,0.0,0.0
detached,run_0092,0.1089,5.0,29.603,0,58.198,0,0,0.0,3.0,29.152,0,55.9577,0,0,-0.1089,-2.0,-0.4510000000000005,0.0,-2.2402999999999977,0.0,0.0
detached,run_0093,0.1089,6.0,29.618,0,51.9478,0,0,0.0,4.0,29.073,0,52.2094,0,0,-0.1089,-2.0,-0.5449999999999982,0.0,0.2616000000000014,0.0,0.0
detached,run_0094,0.1906,10.0,30.105,1,81.4294,0,1,0.0817,5.0,29.538,1,81.8236,0,1,-0.1089,-5.0,-0.5670000000000002,0.0,0.3941999999999979,0.0,0.0
detached,run_0095,0.4085,11.0,30.242,1,87.1362,0,1,0.1906,8.0,29.796,1,87.4925,0,1,-0.21789999999999998,-3.0,-0.4460000000000015,0.0,0.3563000000000045,0.0,0.0
detached,run_0096,0.2451,11.0,30.065,0,58.7937,0,0,0.1089,6.0,29.541,0,57.9017,0,0,-0.13620000000000002,-5.0,-0.5240000000000009,0.0,-0.892000000000003,0.0,0.0
detached,run_0097,0.4085,12.0,30.32,1,63.0488,0,1,0.2451,8.0,29.839,1,61.6162,0,1,-0.16339999999999996,-4.0,-0.48100000000000165,0.0,-1.4326000000000008,0.0,0.0
detached,run_0098,0.2996,11.0,30.331,0,220.6282,0,0,0.1089,8.0,29.758,1,222.3081,0,1,-0.19069999999999998,-3.0,-0.5730000000000004,1.0,1.6799000000000035,0.0,1.0
detached,run_0099,0.1362,10.0,29.836,0,70.3298,0,0,0.0817,5.0,29.36,0,69.5332,0,0,-0.05449999999999999,-5.0,-0.4759999999999991,0.0,-0.7966000000000122,0.0,0.0
detached,run_0100,0.3268,11.0,30.236,1,68.7126,0,1,0.1634,8.0,29.733,1,67.4507,0,1,-0.1634,-3.0,-0.5030000000000001,0.0,-1.2618999999999971,0.0,0.0
detached,run_0101,0.0,4.0,29.241,2,23.5289,0,2,0.0,0.0,28.659,2,23.3699,0,2,0.0,-4.0,-0.5820000000000007,0.0,-0.15899999999999892,0.0,0.0
detached,run_0102,1.0893,22.0,31.407,1,146.6102,0,1,1.1438,20.0,31.006,4,140.8511,0,4,0.05449999999999999,-2.0,-0.4009999999999998,3.0,-5.7590999999999894,0.0,3.0
detached,run_0103,0.7898,19.0,31.111,2,107.6587,0,2,0.5174,17.0,30.693,5,103.2128,0,5,-0.2724,-2.0,-0.41799999999999926,3.0,-4.445899999999995,0.0,3.0
detached,run_0104,0.5991,15.0,30.645,1,204.1967,0,1,0.4357,11.0,30.097,1,185.6036,0,1,-0.1634,-4.0,-0.5479999999999983,0.0,-18.593099999999993,0.0,0.0
detached,run_0105,0.3268,11.0,30.308,3,85.0234,0,7,0.2451,10.0,29.899,2,81.635,0,8,-0.08169999999999997,-1.0,-0.4089999999999989,-1.0,-3.38839999999999,0.0,1.0
detached,run_0106,0.1089,8.0,29.663,0,55.0499,0,0,0.0545,4.0,29.197,0,53.8805,0,0,-0.0544,-4.0,-0.4660000000000011,0.0,-1.169400000000003,0.0,0.0
detached,run_0107,0.1362,10.0,29.911,0,75.4948,0,0,0.0817,5.0,29.398,0,72.7872,0,0,-0.05449999999999999,-5.0,-0.5130000000000017,0.0,-2.7075999999999993,0.0,0.0
detached,run_0108,0.1089,8.0,29.641,0,80.9529,0,0,0.0545,4.0,29.175,0,79.3022,0,0,-0.0544,-4.0,-0.4659999999999975,0.0,-1.6507000000000005,0.0,0.0
detached,run_0109,0.0817,5.0,29.423,0,54.9718,0,0,0.0,5.0,29.103,1,53.2265,0,1,-0.0817,0.0,-0.31999999999999673,1.0,-1.7453000000000003,0.0,1.0
detached,run_0110,0.0817,5.0,29.402,0,67.6217,0,0,0.0,3.0,28.974,0,64.3428,0,0,-0.0817,-2.0,-0.4280000000000008,0.0,-3.2789000000000073,0.0,0.0
detached,run_0111,0.2451,11.0,30.101,0,103.9297,0,0,0.0817,5.0,29.55,0,104.2004,0,0,-0.16340000000000002,-6.0,-0.5509999999999984,0.0,0.27070000000000505,0.0,0.0
detached,run_0112,0.0545,5.0,29.33,0,57.7382,0,0,0.0,3.0,28.878,0,56.9591,0,0,-0.0545,-2.0,-0.4519999999999982,0.0,-0.7790999999999997,0.0,0.0
detached,run_0113,1.0349,22.0,31.213,1,170.2287,0,1,0.6808,18.0,30.718,3,168.7934,0,3,-0.35409999999999997,-4.0,-0.495000000000001,2.0,-1.4353000000000122,0.0,2.0
detached,run_0114,0.0817,5.0,29.439,0,49.3918,0,0,0.0,3.0,29.025,0,48.7761,0,0,-0.0817,-2.0,-0.4140000000000015,0.0,-0.6157000000000039,0.0,0.0
detached,run_0115,0.0817,5.0,29.435,0,46.4634,0,0,0.0,4.0,29.059,1,45.7571,0,1,-0.0817,-1.0,-0.37599999999999767,1.0,-0.7062999999999988,0.0,1.0
detached,run_0116,0.2723,10.0,30.038,1,38.0124,0,1,0.0817,6.0,29.585,1,37.9102,0,1,-0.1906,-4.0,-0.4529999999999994,0.0,-0.1021999999999963,0.0,0.0
detached,run_0117,0.2451,8.0,29.889,1,37.5232,0,1,0.0,4.0,29.336,2,37.6412,0,2,-0.2451,-4.0,-0.5530000000000008,1.0,0.117999999999995,0.0,1.0
detached,run_0118,0.3268,11.0,30.115,1,101.5028,0,1,0.1362,6.0,29.74,1,96.3092,0,1,-0.1906,-5.0,-0.375,0.0,-5.193599999999989,0.0,0.0
detached,run_0119,0.5447,16.0,30.863,3,109.9695,0,3,0.2451,12.0,30.217,4,107.152,0,4,-0.2996,-4.0,-0.6460000000000008,1.0,-2.8174999999999955,0.0,1.0
detached,run_0120,0.354,12.0,30.315,0,148.5591,0,0,0.1362,9.0,29.79,1,146.7772,0,1,-0.2178,-3.0,-0.5250000000000021,1.0,-1.7819000000000074,0.0,1.0
detached,run_0121,0.7625,19.0,31.005,1,79.1686,0,1,0.4357,14.0,30.445,3,77.9148,0,3,-0.3268,-5.0,-0.5599999999999987,2.0,-1.2537999999999982,0.0,2.0
detached,run_0122,0.0817,5.0,29.514,0,82.5187,0,0,0.0,4.0,29.239,0,81.3411,0,0,-0.0817,-1.0,-0.2749999999999986,0.0,-1.1775999999999982,0.0,0.0
detached,run_0123,0.8715,20.0,31.149,1,276.6398,0,1,0.5174,15.0,30.634,2,271.9824,0,2,-0.3541000000000001,-5.0,-0.5150000000000006,1.0,-4.6573999999999955,0.0,1.0
detached,run_0124,0.2451,11.0,30.064,0,106.067,0,0,0.1089,7.0,29.642,0,105.8263,0,0,-0.13620000000000002,-4.0,-0.4220000000000006,0.0,-0.2406999999999897,0.0,0.0
detached,run_0125,0.0545,4.0,29.236,0,49.2023,0,0,0.0,2.0,28.734,0,47.7669,0,0,-0.0545,-2.0,-0.5019999999999989,0.0,-1.4354000000000013,0.0,0.0
detached,run_0126,0.8442,19.0,31.023,4,72.2907,0,5,0.4085,14.0,30.373,3,69.1469,0,3,-0.4357,-5.0,-0.6499999999999986,-1.0,-3.143799999999999,0.0,-2.0
detached,run_0127,0.0272,5.0,29.197,0,48.1481,0,0,0.0,3.0,28.842,0,46.9221,0,0,-0.0272,-2.0,-0.3550000000000004,0.0,-1.225999999999999,0.0,0.0
detached,run_0128,0.2451,8.0,29.78,1,29.0167,0,1,0.0,5.0,29.324,1,29.4944,0,1,-0.2451,-3.0,-0.4559999999999995,0.0,0.4776999999999987,0.0,0.0
detached,run_0129,0.1362,9.0,29.932,0,84.9835,0,0,0.0817,5.0,29.443,0,81.9752,0,0,-0.05449999999999999,-4.0,-0.4889999999999972,0.0,-3.0083000000000055,0.0,0.0
detached,run_0130,0.1089,5.0,29.408,1,45.8713,0,1,0.0,4.0,28.911,1,45.7068,0,1,-0.1089,-1.0,-0.4969999999999999,0.0,-0.16449999999999676,0.0,0.0
detached,run_0131,0.5174,17.0,30.825,2,313.2987,0,2,0.2996,13.0,30.319,4,306.0788,0,4,-0.2178,-4.0,-0.5060000000000002,2.0,-7.2198999999999955,0.0,2.0
detached,run_0132,1.28,27.0,31.964,5,102.2647,0,5,1.0621,23.0,31.404,11,101.0081,0,11,-0.21789999999999998,-4.0,-0.5599999999999987,6.0,-1.256600000000006,0.0,6.0
detached,run_0133,0.3813,12.0,30.627,0,264.1938,0,0,0.2996,11.0,30.247,1,255.1435,0,1,-0.0817,-1.0,-0.379999999999999,1.0,-9.050300000000021,0.0,1.0
detached,run_0134,0.5447,15.0,30.887,3,392.2264,0,3,0.4085,13.0,30.435,1,377.4056,0,1,-0.1362,-2.0,-0.45200000000000173,-2.0,-14.82080000000002,0.0,-2.0
detached,run_0135,0.6808,18.0,30.823,1,249.2598,0,1,0.4902,15.0,30.474,4,231.9565,0,4,-0.19059999999999994,-3.0,-0.3490000000000002,3.0,-17.303300000000007,0.0,3.0
detached,run_0136,0.0817,5.0,29.406,0,70.7905,0,0,0.0,3.0,29.052,0,69.8262,0,0,-0.0817,-2.0,-0.3539999999999992,0.0,-0.9642999999999944,0.0,0.0
detached,run_0137,0.6264,18.0,30.813,1,79.7201,0,1,0.3268,11.0,30.144,4,77.1693,0,4,-0.2996,-7.0,-0.6690000000000005,3.0,-2.5507999999999953,0.0,3.0
detached,run_0138,0.0817,5.0,29.62,0,72.6878,0,0,0.0,5.0,29.25,0,70.7055,0,0,-0.0817,0.0,-0.370000000000001,0.0,-1.982299999999995,0.0,0.0
detached,run_0139,0.5447,16.0,30.92,4,344.0382,0,5,0.4085,13.0,30.46,2,329.0796,0,2,-0.1362,-3.0,-0.46000000000000085,-2.0,-14.95859999999999,0.0,-3.0
detached,run_0140,0.1634,10.0,29.765,1,53.1305,0,1,0.0545,5.0,29.295,1,52.584,0,1,-0.1089,-5.0,-0.46999999999999886,0.0,-0.5464999999999947,0.0,0.0
detached,run_0141,0.0,4.0,29.081,0,60.0453,0,0,0.0,2.0,28.687,0,59.652,0,0,0.0,-2.0,-0.39399999999999835,0.0,-0.39329999999999643,0.0,0.0
detached,run_0142,0.1089,6.0,29.688,3,15.5703,0,3,0.0,4.0,29.14,7,15.2676,0,7,-0.1089,-2.0,-0.5479999999999983,4.0,-0.30269999999999975,0.0,4.0
detached,run_0143,0.1362,8.0,29.845,1,73.6545,0,1,0.0545,5.0,29.309,1,74.5113,0,1,-0.0817,-3.0,-0.5359999999999978,0.0,0.8568000000000069,0.0,0.0
detached,run_0144,0.354,12.0,30.246,1,167.9646,0,1,0.1362,9.0,29.782,1,163.4699,0,1,-0.2178,-3.0,-0.46399999999999864,0.0,-4.494699999999995,0.0,0.0
detached,run_0145,0.354,11.0,30.427,0,330.215,0,0,0.1362,10.0,29.932,1,315.7034,0,1,-0.2178,-1.0,-0.495000000000001,1.0,-14.511599999999987,0.0,1.0
detached,run_0146,0.1634,7.0,29.731,2,41.8752,0,2,0.0545,5.0,29.29,2,41.8409,0,2,-0.1089,-2.0,-0.4410000000000025,0.0,-0.034300000000001774,0.0,0.0
detached,run_0147,0.2451,10.0,30.064,0,139.9086,0,0,0.1089,8.0,29.69,0,131.6655,0,0,-0.13620000000000002,-2.0,-0.3739999999999988,0.0,-8.243099999999998,0.0,0.0
detached,run_0148,0.2451,11.0,30.123,1,79.5485,0,3,0.0817,5.0,29.671,1,77.489,0,3,-0.16340000000000002,-6.0,-0.45200000000000173,0.0,-2.0595,0.0,0.0
detached,run_0149,0.8442,20.0,30.989,12,28.3485,0,12,0.7081,17.0,30.592,21,27.7532,0,21,-0.1361,-3.0,-0.397000000000002,9.0,-0.5953000000000017,0.0,9.0
detached,run_0150,0.0817,5.0,29.331,0,53.5237,0,0,0.0,3.0,28.915,0,47.871,0,0,-0.0817,-2.0,-0.41600000000000037,0.0,-5.652699999999996,0.0,0.0
detached,run_0151,0.4357,16.0,30.827,1,89.012,0,1,0.2996,12.0,30.215,1,88.6996,0,1,-0.1361,-4.0,-0.6120000000000019,0.0,-0.3123999999999967,0.0,0.0
detached,run_0152,0.2996,11.0,30.16,0,90.7486,0,0,0.1089,6.0,29.581,1,90.0846,0,1,-0.19069999999999998,-5.0,-0.5790000000000006,1.0,-0.6640000000000015,0.0,1.0
detached,run_0153,0.2723,11.0,30.02,1,51.7126,0,1,0.0817,6.0,29.56,1,49.6899,0,1,-0.1906,-5.0,-0.46000000000000085,0.0,-2.0227000000000004,0.0,0.0
detached,run_0154,0.1906,9.0,29.876,0,97.982,0,0,0.0545,5.0,29.338,0,88.6133,0,0,-0.1361,-4.0,-0.5380000000000003,0.0,-9.368700000000004,0.0,0.0
detached,run_0155,0.0545,4.0,29.383,0,70.7187,0,0,0.0,3.0,29.002,0,70.4825,0,0,-0.0545,-1.0,-0.3810000000000002,0.0,-0.23619999999999663,0.0,0.0
detached,run_0156,1.0893,22.0,31.386,1,350.2265,0,1,0.8987,20.0,31.008,1,352.1827,0,1,-0.19059999999999988,-2.0,-0.3780000000000001,0.0,1.956200000000024,0.0,0.0
detached,run_0157,0.4085,13.0,30.569,1,233.8532,0,1,0.2451,11.0,30.095,1,210.9938,0,1,-0.16339999999999996,-2.0,-0.4740000000000002,0.0,-22.859399999999994,0.0,0.0
detached,run_0158,0.1362,8.0,29.762,0,99.2046,0,0,0.0545,5.0,29.342,0,95.5692,0,0,-0.0817,-3.0,-0.4200000000000017,0.0,-3.635400000000004,0.0,0.0
detached,run_0159,0.0545,5.0,29.263,0,45.3734,0,0,0.0,2.0,28.729,0,45.65,0,0,-0.0545,-3.0,-0.5340000000000025,0.0,0.27660000000000196,0.0,0.0
detached,run_0160,0.2451,8.0,29.936,1,22.6871,0,1,0.0817,5.0,29.511,3,22.2058,0,3,-0.16340000000000002,-3.0,-0.4250000000000007,2.0,-0.48130000000000095,0.0,2.0
detached,run_0161,0.4085,11.0,30.5,0,94.1449,0,0,0.2451,10.0,29.979,1,93.1971,0,1,-0.16339999999999996,-1.0,-0.5210000000000008,1.0,-0.9478000000000009,0.0,1.0
detached,run_0162,0.4085,12.0,30.395,1,133.429,0,1,0.2723,11.0,29.979,1,132.5142,0,1,-0.1362,-1.0,-0.41600000000000037,0.0,-0.9148000000000138,0.0,0.0
detached,run_0163,0.2451,10.0,30.097,2,92.3676,0,2,0.1634,8.0,29.72,4,88.9478,0,4,-0.08170000000000002,-2.0,-0.37700000000000244,2.0,-3.419799999999995,0.0,2.0
detached,run_0164,0.2723,11.0,30.127,1,114.0207,0,1,0.1089,6.0,29.618,1,112.2168,0,1,-0.1634,-5.0,-0.5090000000000003,0.0,-1.8038999999999987,0.0,0.0
detached,run_0165,0.1089,7.0,29.699,0,67.3232,0,0,0.0545,5.0,29.233,0,66.3322,0,0,-0.0544,-2.0,-0.4660000000000011,0.0,-0.9909999999999997,0.0,0.0
detached,run_0166,0.354,12.0,30.482,0,291.031,0,0,0.1906,11.0,30.061,1,271.2547,0,1,-0.1634,-1.0,-0.4209999999999994,1.0,-19.776299999999992,0.0,1.0
detached,run_0167,0.0817,5.0,29.378,0,60.0615,0,0,0.0,3.0,28.937,0,58.7314,0,0,-0.0817,-2.0,-0.44099999999999895,0.0,-1.3301000000000016,0.0,0.0
detached,run_0168,0.0,4.0,29.345,2,24.7766,0,2,0.0,0.0,28.85,2,24.6824,0,2,0.0,-4.0,-0.49499999999999744,0.0,-0.09419999999999717,0.0,0.0
detached,run_0169,0.0,4.0,29.315,2,42.5297,0,2,0.0,0.0,28.749,2,42.478,0,2,0.0,-4.0,-0.5660000000000025,0.0,-0.05169999999999675,0.0,0.0
detached,run_0170,0.6536,18.0,30.784,1,78.025,0,1,0.4085,14.0,30.226,4,75.216,0,4,-0.24509999999999998,-4.0,-0.5579999999999998,3.0,-2.8090000000000117,0.0,3.0
detached,run_0171,0.354,11.0,30.206,0,74.568,0,0,0.1089,7.0,29.636,1,69.77,0,1,-0.24509999999999998,-4.0,-0.5700000000000003,1.0,-4.798000000000002,0.0,1.0
detached,run_0172,0.0817,5.0,29.492,1,25.8492,0,1,0.0,3.0,29.065,1,24.8915,0,1,-0.0817,-2.0,-0.4269999999999996,0.0,-0.9576999999999991,0.0,0.0
detached,run_0173,0.1362,9.0,29.868,0,112.7661,0,0,0.0817,5.0,29.379,1,107.6105,0,1,-0.05449999999999999,-4.0,-0.4889999999999972,1.0,-5.155599999999993,0.0,1.0
detached,run_0174,0.0545,4.0,29.282,0,44.4121,0,0,0.0,2.0,28.781,0,42.6425,0,0,-0.0545,-2.0,-0.5010000000000012,0.0,-1.769600000000004,0.0,0.0
detached,run_0175,0.1634,9.0,29.822,0,75.3007,0,0,0.0545,5.0,29.391,0,74.1,0,0,-0.1089,-4.0,-0.43100000000000094,0.0,-1.2007000000000119,0.0,0.0
detached,run_0176,0.2451,10.0,30.083,1,32.0017,0,1,0.0817,5.0,29.568,4,31.5169,0,4,-0.16340000000000002,-5.0,-0.514999999999997,3.0,-0.4847999999999999,0.0,3.0
detached,run_0177,0.0545,5.0,29.312,0,38.646,0,0,0.0,3.0,28.973,0,38.5065,0,0,-0.0545,-2.0,-0.3390000000000022,0.0,-0.13949999999999818,0.0,0.0
detached,run_0178,0.0817,5.0,29.569,0,80.6145,0,0,0.0,4.0,29.082,0,80.2462,0,0,-0.0817,-1.0,-0.4869999999999983,0.0,-0.36830000000000496,0.0,0.0
detached,run_0179,0.0545,5.0,29.232,0,69.5913,0,0,0.0,3.0,28.824,0,69.4449,0,0,-0.0545,-2.0,-0.4079999999999977,0.0,-0.14639999999999986,0.0,0.0
detached,run_0180,0.2451,10.0,30.027,1,71.6012,0,1,0.1089,6.0,29.62,1,72.4235,0,1,-0.13620000000000002,-4.0,-0.40700000000000003,0.0,0.8222999999999985,0.0,0.0
detached,run_0181,0.3268,13.0,30.336,1,42.717,0,1,0.2179,7.0,29.82,4,41.9841,0,4,-0.10889999999999997,-6.0,-0.5159999999999982,3.0,-0.7329000000000008,0.0,3.0
detached,run_0182,0.6536,19.0,30.936,1,155.9114,0,1,0.4085,14.0,30.361,1,144.325,0,1,-0.24509999999999998,-5.0,-0.5749999999999993,0.0,-11.586399999999998,0.0,0.0
detached,run_0183,0.1089,9.0,29.789,0,145.6457,0,0,0.0545,5.0,29.346,0,135.6528,0,0,-0.0544,-4.0,-0.4430000000000014,0.0,-9.992899999999992,0.0,0.0
detached,run_0184,0.1089,6.0,29.6,0,49.0902,0,0,0.0545,5.0,29.23,1,49.2557,0,1,-0.0544,-1.0,-0.370000000000001,1.0,0.16549999999999443,0.0,1.0
detached,run_0185,0.1089,6.0,29.512,0,55.5021,0,0,0.0,4.0,29.064,0,55.9651,0,0,-0.1089,-2.0,-0.4480000000000004,0.0,0.46300000000000097,0.0,0.0
detached,run_0186,0.4357,14.0,30.463,1,90.9162,0,1,0.2451,10.0,29.961,2,86.1852,0,2,-0.19059999999999996,-4.0,-0.5020000000000024,1.0,-4.731000000000009,0.0,1.0
detached,run_0187,0.0817,6.0,29.468,0,67.3057,0,0,0.0,3.0,29.123,0,66.5887,0,0,-0.0817,-3.0,-0.34499999999999886,0.0,-0.7169999999999987,0.0,0.0
detached,run_0188,1.2527,22.0,31.522,2,84.9759,0,2,0.9532,21.0,31.074,4,81.0678,0,4,-0.2994999999999999,-1.0,-0.44799999999999685,2.0,-3.9080999999999904,0.0,2.0
detached,run_0189,0.3268,12.0,30.074,0,49.8806,0,0,0.1089,6.0,29.581,1,49.2649,0,1,-0.21789999999999998,-6.0,-0.4930000000000021,1.0,-0.6157000000000039,0.0,1.0
detached,run_0190,0.2996,11.0,30.226,0,67.5201,0,0,0.1906,9.0,29.819,1,65.0968,0,1,-0.10899999999999999,-2.0,-0.40700000000000003,1.0,-2.4232999999999976,0.0,1.0
detached,run_0191,0.2179,11.0,30.187,0,136.7968,0,0,0.1089,9.0,29.827,0,131.0278,0,0,-0.10900000000000001,-2.0,-0.35999999999999943,0.0,-5.768999999999977,0.0,0.0
detached,run_0192,0.2996,11.0,30.061,0,101.4294,0,0,0.1089,6.0,29.54,0,98.3942,0,0,-0.19069999999999998,-5.0,-0.5210000000000008,0.0,-3.0352000000000032,0.0,0.0
detached,run_0193,0.1362,7.0,29.589,1,38.2067,0,1,0.0,5.0,29.224,1,36.9314,0,1,-0.1362,-2.0,-0.36499999999999844,0.0,-1.2753000000000014,0.0,0.0
detached,run_0194,0.4357,13.0,30.486,1,50.7985,0,1,0.2451,10.0,29.901,1,49.0521,0,1,-0.19059999999999996,-3.0,-0.5850000000000009,0.0,-1.7463999999999942,0.0,0.0
detached,run_0195,0.0817,5.0,29.557,0,60.4987,0,0,0.0,4.0,29.129,0,60.2457,0,0,-0.0817,-1.0,-0.42799999999999727,0.0,-0.2530000000000001,0.0,0.0
detached,run_0196,0.0,3.0,28.964,1,22.807,0,1,0.0,0.0,28.568,1,22.8011,0,1,0.0,-3.0,-0.39599999999999724,0.0,-0.005899999999996908,0.0,0.0
detached,run_0197,0.2451,11.0,30.154,0,82.7686,0,0,0.1089,8.0,29.677,0,79.0972,0,0,-0.13620000000000002,-3.0,-0.4770000000000003,0.0,-3.6714000000000055,0.0,0.0
detached,run_0198,0.2723,11.0,30.132,0,70.9656,0,0,0.1089,7.0,29.642,0,68.6179,0,0,-0.1634,-4.0,-0.490000000000002,0.0,-2.347699999999989,0.0,0.0
detached,run_0199,0.354,11.0,30.377,0,118.114,0,0,0.2451,11.0,30.107,1,113.8207,0,1,-0.10889999999999997,0.0,-0.2699999999999996,1.0,-4.293300000000002,0.0,1.0
detached,run_0200,0.2179,8.0,29.892,0,43.6026,0,0,0.0545,5.0,29.443,1,43.3388,0,1,-0.16340000000000002,-3.0,-0.44899999999999807,1.0,-0.26380000000000337,0.0,1.0
detached,run_0201,0.1089,6.0,29.534,0,88.4647,0,0,0.0,4.0,29.016,0,87.1054,0,0,-0.1089,-2.0,-0.5180000000000007,0.0,-1.3592999999999904,0.0,0.0
detached,run_0202,0.0,4.0,29.048,0,41.7182,0,0,0.0,1.0,28.681,0,42.1093,0,0,0.0,-3.0,-0.36699999999999733,0.0,0.39109999999999445,0.0,0.0
detached,run_0203,0.0817,5.0,29.438,0,64.8835,0,0,0.0,3.0,29.056,0,64.0147,0,0,-0.0817,-2.0,-0.3819999999999979,0.0,-0.8687999999999931,0.0,0.0
detached,run_0204,0.5991,17.0,30.91,1,81.6968,0,1,0.3813,13.0,30.35,2,77.7469,0,2,-0.2178,-4.0,-0.5599999999999987,1.0,-3.9498999999999995,0.0,1.0
detached,run_0205,0.1089,8.0,29.652,0,99.9713,0,0,0.0545,4.0,29.206,0,94.4099,0,0,-0.0544,-4.0,-0.4460000000000015,0.0,-5.561400000000006,0.0,0.0
detached,run_0206,0.7625,18.0,30.847,1,79.9205,0,1,0.4357,15.0,30.436,2,76.0661,0,2,-0.3268,-3.0,-0.41100000000000136,1.0,-3.8543999999999983,0.0,1.0
detached,run_0207,0.0,5.0,29.159,0,37.7288,0,0,0.0,0.0,28.77,0,37.473,0,0,0.0,-5.0,-0.38899999999999935,0.0,-0.2558000000000007,0.0,0.0
detached,run_0208,0.0545,4.0,29.257,0,86.5169,0,0,0.0,3.0,28.929,0,81.8608,0,0,-0.0545,-1.0,-0.32800000000000296,0.0,-4.656100000000009,0.0,0.0
detached,run_0209,0.4085,15.0,30.736,1,284.1998,0,1,0.2451,11.0,30.095,1,270.7237,0,1,-0.16339999999999996,-4.0,-0.6410000000000018,0.0,-13.476099999999974,0.0,0.0
detached,run_0210,0.2723,10.0,29.965,0,59.2589,0,0,0.1089,6.0,29.495,1,57.2215,0,1,-0.1634,-4.0,-0.46999999999999886,1.0,-2.037399999999998,0.0,1.0
detached,run_0211,0.0,3.0,28.837,0,25.8018,0,0,0.0,0.0,28.439,0,25.6806,0,0,0.0,-3.0,-0.3979999999999997,0.0,-0.12120000000000175,0.0,0.0
detached,run_0212,0.9259,22.0,31.374,1,368.9689,0,1,0.7353,18.0,30.891,1,362.7691,0,1,-0.1906,-4.0,-0.48300000000000054,0.0,-6.199800000000039,0.0,0.0
detached,run_0213,0.1089,9.0,29.811,0,92.8983,0,0,0.0545,4.0,29.32,0,91.6606,0,0,-0.0544,-5.0,-0.49099999999999966,0.0,-1.2377000000000038,0.0,0.0
detached,run_0214,0.1089,7.0,29.637,0,126.0512,0,0,0.0817,5.0,29.358,0,115.5261,0,0,-0.027200000000000002,-2.0,-0.2789999999999999,0.0,-10.525099999999995,0.0,0.0
detached,run_0215,0.4085,13.0,30.531,0,160.6244,0,0,0.2451,11.0,30.033,1,148.5785,0,1,-0.16339999999999996,-2.0,-0.49799999999999756,1.0,-12.045900000000017,0.0,1.0
detached,run_0216,0.1634,10.0,29.946,0,242.5588,0,0,0.0817,5.0,29.471,0,244.6404,0,0,-0.0817,-5.0,-0.4750000000000014,0.0,2.0816000000000088,0.0,0.0
detached,run_0217,0.0817,6.0,29.649,0,82.7156,0,0,0.0272,5.0,29.184,0,82.4952,0,0,-0.05449999999999999,-1.0,-0.46499999999999986,0.0,-0.22039999999999793,0.0,0.0
detached,run_0218,0.4085,14.0,30.658,1,160.7975,0,1,0.2723,11.0,30.135,1,155.6646,0,1,-0.1362,-3.0,-0.5229999999999997,0.0,-5.1329000000000065,0.0,0.0
detached,run_0219,0.1089,6.0,29.581,0,62.7856,0,0,0.0545,5.0,29.191,0,63.1526,0,0,-0.0544,-1.0,-0.39000000000000057,0.0,0.36699999999999733,0.0,0.0
detached,run_0220,0.3813,12.0,30.209,0,158.7317,0,0,0.1362,10.0,29.917,0,148.0857,0,0,-0.24509999999999998,-2.0,-0.29199999999999804,0.0,-10.645999999999987,0.0,0.0
detached,run_0221,0.1089,9.0,29.713,0,80.9103,0,0,0.0817,5.0,29.334,0,79.9977,0,0,-0.027200000000000002,-4.0,-0.37900000000000134,0.0,-0.9126000000000118,0.0,0.0
detached,run_0222,0.1634,9.0,29.929,0,97.0088,0,0,0.0817,5.0,29.379,0,93.2259,0,0,-0.0817,-4.0,-0.5499999999999972,0.0,-3.782899999999998,0.0,0.0
detached,run_0223,0.1089,9.0,29.884,0,158.0861,0,0,0.0817,5.0,29.425,0,150.6121,0,0,-0.027200000000000002,-4.0,-0.45899999999999963,0.0,-7.4739999999999895,0.0,0.0
detached,run_0224,0.1089,8.0,29.696,0,118.2439,0,0,0.0545,4.0,29.232,0,112.4752,0,0,-0.0544,-4.0,-0.4640000000000022,0.0,-5.7686999999999955,0.0,0.0
detached,run_0225,0.5719,17.0,30.805,1,204.6056,0,1,0.4085,14.0,30.319,3,194.0954,0,3,-0.1634,-3.0,-0.48600000000000065,2.0,-10.510199999999998,0.0,2.0
detached,run_0226,0.2723,10.0,30.053,0,102.5807,0,0,0.1089,6.0,29.622,0,97.9965,0,0,-0.1634,-4.0,-0.43100000000000094,0.0,-4.584199999999996,0.0,0.0
detached,run_0227,0.0,3.0,28.832,0,27.5486,0,0,0.0,0.0,28.485,0,27.5023,0,0,0.0,-3.0,-0.3470000000000013,0.0,-0.046299999999998676,0.0,0.0
detached,run_0228,0.1906,9.0,29.805,1,75.4147,0,1,0.0817,5.0,29.364,2,74.7253,0,2,-0.1089,-4.0,-0.44099999999999895,1.0,-0.689399999999992,0.0,1.0
detached,run_0229,0.0817,5.0,29.45,0,65.3415,0,0,0.0,3.0,29.147,0,64.4327,0,0,-0.0817,-2.0,-0.3030000000000008,0.0,-0.9087999999999994,0.0,0.0
detached,run_0230,0.2179,10.0,30.076,0,116.5106,0,0,0.0817,5.0,29.496,0,115.5663,0,0,-0.13620000000000002,-5.0,-0.5800000000000018,0.0,-0.9442999999999984,0.0,0.0
detached,run_0231,0.0817,5.0,29.533,1,19.7691,0,1,0.0,3.0,29.075,1,19.1265,0,1,-0.0817,-2.0,-0.45800000000000196,0.0,-0.6426000000000016,0.0,0.0
detached,run_0232,0.2996,11.0,30.173,0,141.069,0,0,0.1089,8.0,29.741,0,133.9638,0,0,-0.19069999999999998,-3.0,-0.4319999999999986,0.0,-7.105199999999996,0.0,0.0
detached,run_0233,0.0545,4.0,29.284,0,51.6891,0,0,0.0,3.0,28.926,0,51.1471,0,0,-0.0545,-1.0,-0.35800000000000054,0.0,-0.5420000000000016,0.0,0.0
detached,run_0234,0.0545,4.0,29.205,0,38.0597,0,0,0.0,1.0,28.76,0,37.082,0,0,-0.0545,-3.0,-0.44499999999999673,0.0,-0.9776999999999987,0.0,0.0
detached,run_0235,0.0545,4.0,29.172,0,41.7652,0,0,0.0,2.0,28.671,0,40.6367,0,0,-0.0545,-2.0,-0.5010000000000012,0.0,-1.1285000000000025,0.0,0.0
detached,run_0236,0.3813,14.0,30.67,1,187.4346,0,1,0.2451,10.0,30.118,1,178.6887,0,1,-0.13619999999999996,-4.0,-0.5520000000000032,0.0,-8.745899999999978,0.0,0.0
detached,run_0237,0.5174,17.0,30.709,1,159.0818,0,1,0.4085,12.0,30.279,1,149.2328,0,1,-0.1089,-5.0,-0.4299999999999997,0.0,-9.84899999999999,0.0,0.0
detached,run_0238,0.2451,11.0,30.17,0,127.6495,0,0,0.0817,5.0,29.583,1,120.7462,0,1,-0.16340000000000002,-6.0,-0.5870000000000033,1.0,-6.9033000000000015,0.0,1.0
detached,run_0239,1.9063,30.0,31.939,45,71.8834,0,164,1.7157,26.0,31.509,54,76.9191,0,215,-0.1906000000000001,-4.0,-0.4299999999999997,9.0,5.035700000000006,0.0,51.0
detached,run_0240,0.1089,6.0,29.617,0,82.3217,0,0,0.0,4.0,29.104,0,81.5906,0,0,-0.1089,-2.0,-0.5130000000000017,0.0,-0.7311000000000121,0.0,0.0
detached,run_0241,1.0076,21.0,31.355,10,707.8041,0,29,0.8715,21.0,31.037,6,740.6495,0,36,-0.1361,0.0,-0.3180000000000014,-4.0,32.84540000000004,0.0,7.0
detached,run_0242,0.0,4.0,29.037,0,51.8081,0,0,0.0,0.0,28.617,0,51.6098,0,0,0.0,-4.0,-0.41999999999999815,0.0,-0.19830000000000325,0.0,0.0
detached,run_0243,0.0,2.0,28.897,0,34.5016,0,0,0.0,0.0,28.388,0,34.0723,0,0,0.0,-2.0,-0.5089999999999968,0.0,-0.4293000000000049,0.0,0.0
detached,run_0244,0.463,16.0,30.791,1,266.2745,0,1,0.2451,10.0,30.144,2,249.2341,0,2,-0.2179,-6.0,-0.647000000000002,1.0,-17.040399999999977,0.0,1.0
detached,run_0245,0.6808,17.0,30.995,7,413.9037,0,8,0.4085,12.0,30.52,2,405.1875,0,5,-0.2723,-5.0,-0.4750000000000014,-5.0,-8.716200000000015,0.0,-3.0
detached,run_0246,0.1089,8.0,29.674,0,73.0357,0,0,0.0545,4.0,29.198,0,72.3855,0,0,-0.0544,-4.0,-0.4759999999999991,0.0,-0.6502000000000123,0.0,0.0
detached,run_0247,0.1089,9.0,29.823,0,125.0995,0,0,0.0545,4.0,29.28,0,123.0604,0,0,-0.0544,-5.0,-0.5429999999999993,0.0,-2.039100000000005,0.0,0.0
detached,run_0248,0.354,12.0,30.242,0,122.6652,0,0,0.1089,9.0,29.714,1,117.349,0,1,-0.24509999999999998,-3.0,-0.5280000000000022,1.0,-5.316199999999995,0.0,1.0
detached,run_0249,1.0076,20.0,31.222,4,284.6025,0,5,0.8442,19.0,31.002,4,291.7592,0,5,-0.1634000000000001,-1.0,-0.22000000000000242,0.0,7.156700000000001,0.0,0.0
detached,run_0250,0.0545,5.0,29.28,0,58.8984,0,0,0.0,3.0,28.937,0,58.8398,0,0,-0.0545,-2.0,-0.34299999999999997,0.0,-0.05860000000000554,0.0,0.0
detached,run_0251,0.2996,11.0,30.197,1,83.5355,0,1,0.1362,6.0,29.712,2,80.9765,0,2,-0.1634,-5.0,-0.48499999999999943,1.0,-2.5589999999999975,0.0,1.0
detached,run_0252,0.3813,12.0,30.476,0,270.0351,0,0,0.1634,9.0,29.832,1,256.4489,0,1,-0.21789999999999998,-3.0,-0.6439999999999984,1.0,-13.58620000000002,0.0,1.0
detached,run_0253,0.5991,19.0,30.979,1,117.7018,0,1,0.3813,12.0,30.323,3,116.842,0,3,-0.2178,-7.0,-0.6559999999999988,2.0,-0.859800000000007,0.0,2.0
detached,run_0254,0.0545,4.0,29.324,0,55.5316,0,0,0.0,3.0,28.887,0,54.6702,0,0,-0.0545,-1.0,-0.43700000000000117,0.0,-0.8613999999999962,0.0,0.0
detached,run_0255,0.0545,5.0,29.214,0,57.8255,0,0,0.0,2.0,28.772,0,55.9539,0,0,-0.0545,-3.0,-0.44200000000000017,0.0,-1.8716000000000008,0.0,0.0
detached,run_0256,0.1089,9.0,29.769,0,225.1336,0,0,0.0817,5.0,29.386,0,212.5097,0,0,-0.027200000000000002,-4.0,-0.3829999999999991,0.0,-12.623899999999992,0.0,0.0
detached,run_0257,0.1089,7.0,29.589,0,61.9637,0,0,0.0,4.0,29.106,0,61.2455,0,0,-0.1089,-3.0,-0.482999999999997,0.0,-0.7182000000000031,0.0,0.0
detached,run_0258,0.9532,21.0,31.177,1,50.8937,0,1,0.7625,18.0,30.769,6,50.225,0,6,-0.1907000000000001,-3.0,-0.40800000000000125,5.0,-0.6687000000000012,0.0,5.0
detached,run_0259,0.0817,6.0,29.656,0,78.6701,0,0,0.0545,5.0,29.313,1,77.7223,0,1,-0.027199999999999995,-1.0,-0.34299999999999997,1.0,-0.9478000000000009,0.0,1.0
detached,run_0260,0.5991,17.0,30.999,0,231.35,0,0,0.4085,12.0,30.488,1,219.9706,0,1,-0.1906,-5.0,-0.5109999999999992,1.0,-11.379400000000004,0.0,1.0
detached,run_0261,0.1362,9.0,29.801,0,97.1503,0,0,0.0545,5.0,29.299,0,93.1542,0,0,-0.0817,-4.0,-0.5019999999999989,0.0,-3.9960999999999984,0.0,0.0
detached,run_0262,0.2179,10.0,29.964,0,140.808,0,0,0.1089,6.0,29.495,0,131.3576,0,0,-0.10900000000000001,-4.0,-0.46899999999999764,0.0,-9.450400000000002,0.0,0.0
detached,run_0263,0.1089,6.0,29.611,0,31.6697,0,0,0.0,5.0,29.174,1,30.7195,0,1,-0.1089,-1.0,-0.43700000000000117,1.0,-0.9501999999999988,0.0,1.0
detached,run_0264,0.7625,21.0,31.036,1,74.533,0,1,0.463,14.0,30.544,1,72.9285,0,1,-0.29949999999999993,-7.0,-0.4920000000000009,0.0,-1.6045000000000016,0.0,0.0
detached,run_0265,0.354,11.0,30.144,1,117.7559,0,7,0.1089,7.0,29.712,1,111.9589,0,5,-0.24509999999999998,-4.0,-0.4319999999999986,0.0,-5.796999999999997,0.0,-2.0
detached,run_0266,0.3813,13.0,30.606,1,287.507,0,1,0.2451,10.0,30.031,1,280.1702,0,1,-0.13619999999999996,-3.0,-0.5750000000000028,0.0,-7.3367999999999824,0.0,0.0
detached,run_0267,1.2255,22.0,31.508,3,118.1477,0,3,1.0621,22.0,31.181,8,118.1879,0,8,-0.1634,0.0,-0.3269999999999982,5.0,0.04019999999999868,0.0,5.0
detached,run_0268,0.0817,5.0,29.442,1,66.8623,0,1,0.0,3.0,29.026,1,66.5768,0,1,-0.0817,-2.0,-0.41600000000000037,0.0,-0.285499999999999,0.0,0.0
detached,run_0269,0.0,3.0,29.018,0,46.9065,0,0,0.0,0.0,28.62,0,47.2547,0,0,0.0,-3.0,-0.3979999999999997,0.0,0.3481999999999985,0.0,0.0
detached,run_0270,0.0545,5.0,29.362,0,40.8714,0,0,0.0,2.0,28.852,0,40.4092,0,0,-0.0545,-3.0,-0.509999999999998,0.0,-0.46220000000000283,0.0,0.0
detached,run_0271,0.1089,9.0,29.885,0,109.2133,0,0,0.0817,5.0,29.445,0,108.3602,0,0,-0.027200000000000002,-4.0,-0.4400000000000013,0.0,-0.8530999999999977,0.0,0.0
detached,run_0272,0.3813,12.0,30.351,0,157.4611,0,0,0.2179,10.0,29.864,1,149.0728,0,1,-0.16339999999999996,-2.0,-0.4869999999999983,1.0,-8.388299999999987,0.0,1.0
detached,run_0273,0.0545,5.0,29.307,0,56.5277,0,0,0.0,3.0,28.814,0,55.9976,0,0,-0.0545,-2.0,-0.49299999999999855,0.0,-0.5301000000000045,0.0,0.0
detached,run_0274,0.4902,13.0,30.637,0,249.4197,0,0,0.2723,11.0,30.113,1,231.8334,0,1,-0.21790000000000004,-2.0,-0.5240000000000009,1.0,-17.586299999999994,0.0,1.0
detached,run_0275,0.5719,16.0,30.73,1,139.9194,0,1,0.4085,12.0,30.314,2,135.7846,0,2,-0.1634,-4.0,-0.41600000000000037,1.0,-4.134799999999984,0.0,1.0
detached,run_0276,0.4085,12.0,30.425,1,158.218,0,1,0.1634,9.0,29.747,2,153.0552,0,2,-0.24509999999999998,-3.0,-0.6780000000000008,1.0,-5.162799999999976,0.0,1.0
detached,run_0277,0.5447,14.0,30.534,7,32.076,0,7,0.2723,14.0,30.037,13,30.4306,0,13,-0.2724,0.0,-0.4969999999999999,6.0,-1.6454000000000022,0.0,6.0
detached,run_0278,0.0,5.0,29.293,1,33.4171,0,1,0.0,3.0,28.939,1,32.7925,0,1,0.0,-2.0,-0.3539999999999992,0.0,-0.6246000000000009,0.0,0.0
detached,run_0279,0.2723,11.0,30.259,1,89.6634,0,1,0.1089,8.0,29.741,1,88.7588,0,1,-0.1634,-3.0,-0.5180000000000007,0.0,-0.9046000000000021,0.0,0.0
detached,run_0280,0.3813,12.0,30.419,0,119.2986,0,0,0.1089,9.0,29.816,1,114.4867,0,1,-0.2724,-3.0,-0.6030000000000015,1.0,-4.811899999999994,0.0,1.0
detached,run_0281,0.4085,13.0,30.334,1,47.5036,0,1,0.2179,10.0,29.818,1,47.4683,0,1,-0.19059999999999996,-3.0,-0.5159999999999982,0.0,-0.03529999999999944,0.0,0.0
detached,run_0282,0.2723,11.0,30.239,0,156.698,0,0,0.1089,8.0,29.765,0,149.2123,0,0,-0.1634,-3.0,-0.4740000000000002,0.0,-7.4857000000000085,0.0,0.0
detached,run_0283,1.1438,20.0,31.496,3,79.501,0,3,1.0349,19.0,31.022,6,77.8158,0,6,-0.1089,-1.0,-0.4740000000000002,3.0,-1.685200000000009,0.0,3.0
detached,run_0284,0.1089,8.0,29.825,0,77.6447,0,0,0.0545,4.0,29.311,0,78.0669,0,0,-0.0544,-4.0,-0.5139999999999993,0.0,0.4222000000000037,0.0,0.0
detached,run_0285,0.3813,13.0,30.588,1,322.8336,0,1,0.2451,10.0,30.067,1,295.0522,0,1,-0.13619999999999996,-3.0,-0.5210000000000008,0.0,-27.781399999999962,0.0,0.0
detached,run_0286,0.2451,9.0,29.864,1,52.0411,0,1,0.0817,5.0,29.422,1,51.6624,0,1,-0.16340000000000002,-4.0,-0.44200000000000017,0.0,-0.37870000000000203,0.0,0.0
detached,run_0287,0.2451,10.0,29.99,1,45.5348,0,1,0.0817,5.0,29.508,2,44.9913,0,2,-0.16340000000000002,-5.0,-0.4819999999999993,1.0,-0.5434999999999945,0.0,1.0
detached,run_0288,0.0,4.0,29.024,1,42.8798,0,1,0.0,0.0,28.665,0,42.734,0,0,0.0,-4.0,-0.35900000000000176,-1.0,-0.14580000000000126,0.0,-1.0
detached,run_0289,0.0817,5.0,29.479,1,57.4555,0,1,0.0,4.0,29.066,1,57.4118,0,1,-0.0817,-1.0,-0.41300000000000026,0.0,-0.04370000000000118,0.0,0.0
detached,run_0290,0.0817,5.0,29.627,1,62.543,0,1,0.0,4.0,29.271,2,61.9552,0,2,-0.0817,-1.0,-0.3559999999999981,1.0,-0.5878000000000014,0.0,1.0
detached,run_0291,0.2723,11.0,30.156,1,97.5984,0,1,0.0817,6.0,29.624,1,92.7491,0,1,-0.1906,-5.0,-0.532,0.0,-4.8492999999999995,0.0,0.0
detached,run_0292,0.2451,11.0,30.097,1,100.7852,0,1,0.1089,6.0,29.715,1,100.0723,0,1,-0.13620000000000002,-5.0,-0.38200000000000145,0.0,-0.7129000000000048,0.0,0.0
detached,run_0293,0.1089,6.0,29.623,1,36.178,0,1,0.0,4.0,29.095,1,33.838,0,1,-0.1089,-2.0,-0.5280000000000022,0.0,-2.3399999999999963,0.0,0.0
detached,run_0294,0.0545,4.0,29.216,0,48.8027,0,0,0.0,2.0,28.766,0,47.938,0,0,-0.0545,-2.0,-0.45000000000000284,0.0,-0.8646999999999991,0.0,0.0
detached,run_0295,0.4902,16.0,30.769,3,478.6748,0,4,0.3813,13.0,30.412,1,461.9991,0,1,-0.10890000000000005,-3.0,-0.3569999999999993,-2.0,-16.675700000000006,0.0,-3.0
detached,run_0296,0.1089,7.0,29.646,0,75.0828,0,0,0.0545,4.0,29.226,0,74.3535,0,0,-0.0544,-3.0,-0.4200000000000017,0.0,-0.7293000000000092,0.0,0.0
detached,run_0297,0.5719,17.0,30.72,1,52.8222,0,1,0.2996,13.0,30.244,2,51.7466,0,2,-0.2723,-4.0,-0.4759999999999991,1.0,-1.0756000000000014,0.0,1.0
detached,run_0298,0.4357,13.0,30.634,0,122.9737,0,0,0.2996,11.0,30.148,1,117.619,0,1,-0.1361,-2.0,-0.48600000000000065,1.0,-5.354699999999994,0.0,1.0
detached,run_0299,0.4902,15.0,30.611,2,97.2538,0,2,0.2723,12.0,30.119,4,97.237,0,4,-0.21790000000000004,-3.0,-0.4920000000000009,2.0,-0.01680000000000348,0.0,2.0
detached,run_0300,0.0545,6.0,29.432,0,72.8978,0,0,0.0,4.0,29.036,0,73.1079,0,0,-0.0545,-2.0,-0.39599999999999724,0.0,0.21009999999999707,0.0,0.0
detached,run_0301,0.0545,5.0,29.269,0,49.4397,0,0,0.0,2.0,28.826,0,46.9861,0,0,-0.0545,-3.0,-0.44299999999999784,0.0,-2.4536000000000016,0.0,0.0
detached,run_0302,0.0817,5.0,29.507,0,62.9918,0,0,0.0,3.0,29.132,0,60.889,0,0,-0.0817,-2.0,-0.375,0.0,-2.102799999999995,0.0,0.0
detached,run_0303,0.0545,4.0,29.18,0,52.7783,0,0,0.0,2.0,28.756,0,53.5207,0,0,-0.0545,-2.0,-0.4239999999999995,0.0,0.7423999999999964,0.0,0.0
detached,run_0304,0.4085,12.0,30.474,1,138.6793,0,1,0.2996,11.0,30.171,1,134.477,0,1,-0.1089,-1.0,-0.3030000000000008,0.0,-4.202300000000008,0.0,0.0
detached,run_0305,0.8715,20.0,31.274,1,168.1225,0,1,0.8715,19.0,30.949,2,159.4074,0,2,0.0,-1.0,-0.3249999999999993,1.0,-8.715100000000007,0.0,1.0
detached,run_0306,0.0545,5.0,29.272,0,44.8586,0,0,0.0,3.0,28.798,0,45.1018,0,0,-0.0545,-2.0,-0.4740000000000002,0.0,0.24319999999999453,0.0,0.0
detached,run_0307,0.2451,11.0,29.977,0,72.4357,0,0,0.0817,6.0,29.619,1,69.4948,0,1,-0.16340000000000002,-5.0,-0.35800000000000054,1.0,-2.940899999999999,0.0,1.0
detached,run_0308,0.0817,5.0,29.31,1,35.836,0,1,0.0,3.0,28.946,1,35.9207,0,1,-0.0817,-2.0,-0.3639999999999972,0.0,0.084699999999998,0.0,0.0
detached,run_0309,0.2996,12.0,30.329,1,159.8808,0,1,0.1362,8.0,29.732,1,150.1614,0,1,-0.1634,-4.0,-0.5970000000000013,0.0,-9.719400000000007,0.0,0.0
detached,run_0310,0.0817,6.0,29.61,1,52.5666,0,1,0.0,5.0,29.208,1,51.4962,0,1,-0.0817,-1.0,-0.402000000000001,0.0,-1.0703999999999994,0.0,0.0
detached,run_0311,0.0817,5.0,29.47,0,83.466,0,0,0.0,4.0,29.043,0,84.7522,0,0,-0.0817,-1.0,-0.4269999999999996,0.0,1.286200000000008,0.0,0.0
detached,run_0312,0.1906,10.0,29.958,0,83.9752,0,0,0.0817,5.0,29.411,0,81.9619,0,0,-0.1089,-5.0,-0.546999999999997,0.0,-2.013300000000001,0.0,0.0
detached,run_0313,0.2179,8.0,29.866,1,101.4746,0,1,0.0817,5.0,29.466,1,101.4411,0,1,-0.13620000000000002,-3.0,-0.3999999999999986,0.0,-0.03349999999998943,0.0,0.0
detached,run_0314,0.1362,9.0,29.928,0,217.015,0,0,0.0545,4.0,29.444,0,208.5982,0,0,-0.0817,-5.0,-0.48400000000000176,0.0,-8.416799999999995,0.0,0.0
detached,run_0315,0.0,5.0,29.092,0,35.9465,0,0,0.0,0.0,28.594,0,36.313,0,0,0.0,-5.0,-0.49799999999999756,0.0,0.36650000000000205,0.0,0.0
detached,run_0316,0.2996,11.0,30.082,0,286.6936,0,0,0.1089,8.0,29.642,0,271.7684,0,0,-0.19069999999999998,-3.0,-0.4400000000000013,0.0,-14.925200000000018,0.0,0.0
detached,run_0317,0.0817,6.0,29.476,0,104.2313,0,0,0.0,4.0,29.084,0,99.3968,0,0,-0.0817,-2.0,-0.39199999999999946,0.0,-4.834500000000006,0.0,0.0
detached,run_0318,0.0,3.0,28.966,0,49.9153,0,0,0.0,0.0,28.619,0,49.6689,0,0,0.0,-3.0,-0.3470000000000013,0.0,-0.24640000000000128,0.0,0.0
detached,run_0319,0.3268,11.0,30.246,1,47.8094,0,1,0.1089,9.0,29.759,1,47.6497,0,1,-0.21789999999999998,-2.0,-0.4869999999999983,0.0,-0.15969999999999374,0.0,0.0
detached,run_0320,0.2723,11.0,30.098,2,54.9933,0,2,0.1089,6.0,29.693,5,54.4557,0,5,-0.1634,-5.0,-0.4049999999999976,3.0,-0.5375999999999976,0.0,3.0
detached,run_0321,0.7353,20.0,31.094,3,187.2789,0,4,0.463,14.0,30.535,4,178.7496,0,4,-0.27229999999999993,-6.0,-0.559000000000001,1.0,-8.529300000000006,0.0,0.0
detached,run_0322,0.1906,10.0,29.93,0,65.3641,0,0,0.0817,5.0,29.366,0,62.9799,0,0,-0.1089,-5.0,-0.5640000000000001,0.0,-2.3841999999999928,0.0,0.0
detached,run_0323,0.1089,9.0,29.795,0,85.832,0,0,0.0545,5.0,29.368,0,84.0177,0,0,-0.0544,-4.0,-0.42700000000000315,0.0,-1.8142999999999887,0.0,0.0
detached,run_0324,0.2179,11.0,30.015,0,88.878,0,0,0.1089,6.0,29.541,1,86.4068,0,1,-0.10900000000000001,-5.0,-0.4740000000000002,1.0,-2.471199999999996,0.0,1.0
detached,run_0325,0.0545,4.0,29.411,0,61.9731,0,0,0.0,3.0,28.958,0,61.0713,0,0,-0.0545,-1.0,-0.45300000000000296,0.0,-0.9018000000000015,0.0,0.0
detached,run_0326,0.1362,9.0,29.763,1,77.9608,0,1,0.0817,5.0,29.333,1,77.3463,0,1,-0.05449999999999999,-4.0,-0.43000000000000327,0.0,-0.6145000000000067,0.0,0.0
detached,run_0327,0.0,3.0,28.927,0,47.0198,0,0,0.0,0.0,28.571,0,46.5112,0,0,0.0,-3.0,-0.3559999999999981,0.0,-0.5085999999999942,0.0,0.0
detached,run_0328,0.1089,8.0,29.724,0,111.5735,0,0,0.0545,4.0,29.291,0,107.396,0,0,-0.0544,-4.0,-0.43299999999999983,0.0,-4.177499999999995,0.0,0.0
detached,run_0329,0.6808,18.0,30.968,2,124.8934,0,2,0.354,12.0,30.348,4,122.3042,0,4,-0.3268,-6.0,-0.620000000000001,2.0,-2.5892000000000053,0.0,2.0
detached,run_0330,0.2723,11.0,30.239,1,122.7787,0,1,0.2451,10.0,29.806,1,116.5099,0,1,-0.027199999999999974,-1.0,-0.43299999999999983,0.0,-6.268799999999999,0.0,0.0
detached,run_0331,0.0545,4.0,29.487,0,77.8458,0,0,0.0,4.0,29.059,0,77.8458,0,0,-0.0545,0.0,-0.42799999999999727,0.0,0.0,0.0,0.0
detached,run_0332,0.0817,5.0,29.459,1,39.2115,0,1,0.0,3.0,28.994,1,39.1766,0,1,-0.0817,-2.0,-0.46499999999999986,0.0,-0.034900000000000375,0.0,0.0
detached,run_0333,0.0817,5.0,29.506,0,52.0651,0,0,0.0,3.0,29.103,0,53.5807,0,0,-0.0817,-2.0,-0.4029999999999987,0.0,1.5155999999999992,0.0,0.0
detached,run_0334,0.2451,12.0,30.132,1,85.9857,0,1,0.1362,5.0,29.617,1,86.1255,0,1,-0.10890000000000002,-7.0,-0.5150000000000006,0.0,0.13980000000000814,0.0,0.0
detached,run_0335,0.0817,5.0,29.559,1,55.6337,0,1,0.0,3.0,29.183,1,55.5565,0,1,-0.0817,-2.0,-0.3760000000000012,0.0,-0.07719999999999771,0.0,0.0
detached,run_0336,0.0817,6.0,29.465,1,28.0355,0,1,0.0,3.0,28.955,0,26.7446,0,0,-0.0817,-3.0,-0.5100000000000016,-1.0,-1.2909000000000006,0.0,-1.0
detached,run_0337,0.3268,12.0,30.391,0,133.445,0,0,0.1634,9.0,29.872,1,126.3085,0,1,-0.1634,-3.0,-0.5189999999999984,1.0,-7.136499999999998,0.0,1.0
detached,run_0338,0.0545,4.0,29.207,0,64.8669,0,0,0.0,3.0,28.874,0,63.541,0,0,-0.0545,-1.0,-0.33300000000000196,0.0,-1.3259000000000043,0.0,0.0
detached,run_0339,0.4085,13.0,30.302,1,70.5349,0,1,0.1634,10.0,29.736,1,65.6096,0,1,-0.24509999999999998,-3.0,-0.565999999999999,0.0,-4.925299999999993,0.0,0.0
detached,run_0340,0.1362,8.0,29.769,0,132.2442,0,0,0.0545,5.0,29.311,0,127.6436,0,0,-0.0817,-3.0,-0.4579999999999984,0.0,-4.6006,0.0,0.0
detached,run_0341,0.5991,15.0,30.674,1,51.4263,0,1,0.4357,14.0,30.299,6,48.5546,0,6,-0.1634,-1.0,-0.375,5.0,-2.871699999999997,0.0,5.0
detached,run_0342,0.0817,5.0,29.343,0,42.934,0,0,0.0,3.0,28.818,0,42.869,0,0,-0.0817,-2.0,-0.5249999999999986,0.0,-0.06499999999999773,0.0,0.0
detached,run_0343,0.0,4.0,29.191,2,34.0058,0,2,0.0,0.0,28.792,2,33.9965,0,2,0.0,-4.0,-0.39899999999999736,0.0,-0.009300000000003195,0.0,0.0
detached,run_0344,0.3813,12.0,30.358,1,88.8376,0,1,0.2451,10.0,29.956,3,86.0556,0,3,-0.13619999999999996,-2.0,-0.402000000000001,2.0,-2.7819999999999965,0.0,2.0
detached,run_0345,0.1089,7.0,29.599,0,115.1322,0,0,0.0,4.0,29.116,0,111.4417,0,0,-0.1089,-3.0,-0.48300000000000054,0.0,-3.6905,0.0,0.0
detached,run_0346,0.1634,7.0,29.733,0,38.4825,0,0,0.0,5.0,29.285,0,37.9535,0,0,-0.1634,-2.0,-0.4480000000000004,0.0,-0.5290000000000035,0.0,0.0
detached,run_0347,0.0545,4.0,29.298,0,56.4317,0,0,0.0,3.0,28.878,0,55.026,0,0,-0.0545,-1.0,-0.41999999999999815,0.0,-1.405699999999996,0.0,0.0
detached,run_0348,0.0817,5.0,29.319,0,44.2431,0,0,0.0,3.0,28.913,0,44.1004,0,0,-0.0817,-2.0,-0.4059999999999988,0.0,-0.14269999999999783,0.0,0.0
detached,run_0349,0.1089,9.0,29.669,0,74.6459,0,0,0.0545,4.0,29.18,0,72.2792,0,0,-0.0544,-5.0,-0.48900000000000077,0.0,-2.3666999999999945,0.0,0.0
detached,run_0350,0.4085,12.0,30.466,1,65.2761,0,1,0.2451,11.0,30.045,1,63.4447,0,1,-0.16339999999999996,-1.0,-0.4209999999999994,0.0,-1.8314000000000021,0.0,0.0
detached,run_0351,0.0817,5.0,29.387,0,74.6585,0,0,0.0,3.0,29.079,0,74.8511,0,0,-0.0817,-2.0,-0.30799999999999983,0.0,0.19259999999999877,0.0,0.0
detached,run_0352,0.1089,6.0,29.544,0,67.7967,0,0,0.0,4.0,29.145,0,68.1141,0,0,-0.1089,-2.0,-0.3990000000000009,0.0,0.31739999999999213,0.0,0.0
detached,run_0353,0.0545,5.0,29.579,0,43.4177,0,0,0.0,3.0,29.183,0,42.7846,0,0,-0.0545,-2.0,-0.3960000000000008,0.0,-0.633100000000006,0.0,0.0
detached,run_0354,0.817,20.0,31.127,1,214.0505,0,1,0.4902,14.0,30.545,2,196.5168,0,2,-0.3267999999999999,-6.0,-0.5819999999999972,1.0,-17.53370000000001,0.0,1.0
detached,run_0355,0.0,4.0,29.084,0,62.3909,0,0,0.0,2.0,28.708,0,60.6855,0,0,0.0,-2.0,-0.3760000000000012,0.0,-1.7054000000000045,0.0,0.0
detached,run_0356,0.1089,8.0,29.697,0,78.2461,0,0,0.0545,4.0,29.194,0,73.8052,0,0,-0.0544,-4.0,-0.5030000000000001,0.0,-4.440899999999999,0.0,0.0
detached,run_0357,0.2451,9.0,30.069,1,49.3401,0,1,0.1089,5.0,29.571,1,48.0032,0,1,-0.13620000000000002,-4.0,-0.49799999999999756,0.0,-1.3369,0.0,0.0
detached,run_0358,0.2179,11.0,30.08,0,101.8729,0,0,0.1089,6.0,29.599,0,100.218,0,0,-0.10900000000000001,-5.0,-0.4809999999999981,0.0,-1.6548999999999978,0.0,0.0
detached,run_0359,0.1362,8.0,29.809,0,78.7664,0,0,0.0817,5.0,29.456,0,76.4395,0,0,-0.05449999999999999,-3.0,-0.35300000000000153,0.0,-2.326900000000009,0.0,0.0
detached,run_0360,0.1089,9.0,29.763,0,138.4785,0,0,0.0817,5.0,29.452,0,129.9337,0,0,-0.027200000000000002,-4.0,-0.31099999999999994,0.0,-8.54480000000001,0.0,0.0
detached,run_0361,0.2451,10.0,30.001,2,29.6577,0,2,0.0545,5.0,29.456,3,29.992,0,3,-0.19060000000000002,-5.0,-0.5450000000000017,1.0,0.3343000000000025,0.0,1.0
detached,run_0362,0.1634,10.0,29.799,1,51.2952,0,1,0.0817,6.0,29.377,1,50.5208,0,1,-0.0817,-4.0,-0.4220000000000006,0.0,-0.7744,0.0,0.0
detached,run_0363,0.8442,21.0,31.24,3,113.9515,0,3,0.6264,17.0,30.659,7,110.5203,0,7,-0.2178,-4.0,-0.5809999999999995,4.0,-3.43119999999999,0.0,4.0
detached,run_0364,0.7081,16.0,30.743,2,300.7638,0,2,0.4357,12.0,30.345,1,290.1041,0,1,-0.2724,-4.0,-0.3979999999999997,-1.0,-10.659699999999987,0.0,-1.0
detached,run_0365,0.4357,12.0,30.628,6,218.2509,0,20,0.2451,11.0,30.024,1,211.3788,0,13,-0.19059999999999996,-1.0,-0.6039999999999992,-5.0,-6.872099999999989,0.0,-7.0
detached,run_0366,1.3617,22.0,31.381,2,279.231,0,2,1.171,21.0,30.995,3,287.0714,0,3,-0.19069999999999987,-1.0,-0.38599999999999923,1.0,7.840399999999988,0.0,1.0
detached,run_0367,1.4706,27.0,31.996,9,655.7484,0,10,1.28,24.0,31.582,11,641.9975,0,22,-0.19059999999999988,-3.0,-0.4139999999999979,2.0,-13.750900000000001,0.0,12.0
detached,run_0368,0.7081,17.0,31.03,10,610.3234,0,27,0.4085,13.0,30.464,2,622.3306,0,24,-0.2996,-4.0,-0.5660000000000025,-8.0,12.007200000000012,0.0,-3.0
detached,run_0369,0.2723,11.0,30.092,1,87.6025,0,1,0.1089,6.0,29.616,1,85.5808,0,1,-0.1634,-5.0,-0.4759999999999991,0.0,-2.02170000000001,0.0,0.0
detached,run_0370,0.1089,8.0,29.777,0,79.1123,0,0,0.0817,5.0,29.303,0,78.9524,0,0,-0.027200000000000002,-3.0,-0.4740000000000002,0.0,-0.15990000000000748,0.0,0.0
detached,run_0371,0.4085,13.0,30.489,0,175.0286,0,0,0.3268,12.0,30.127,1,162.0921,0,1,-0.0817,-1.0,-0.3620000000000019,1.0,-12.936500000000024,0.0,1.0
detached,run_0372,0.1089,7.0,29.716,0,81.0669,0,0,0.0545,5.0,29.256,0,80.2413,0,0,-0.0544,-2.0,-0.46000000000000085,0.0,-0.8256000000000085,0.0,0.0
detached,run_0373,0.1089,5.0,29.559,0,92.1778,0,0,0.0272,4.0,29.142,0,89.4643,0,0,-0.0817,-1.0,-0.4170000000000016,0.0,-2.7135000000000105,0.0,0.0
detached,run_0374,0.3268,12.0,30.371,1,93.1909,0,1,0.2179,8.0,29.861,2,90.8281,0,2,-0.10889999999999997,-4.0,-0.509999999999998,1.0,-2.362799999999993,0.0,1.0
detached,run_0375,0.1362,9.0,29.831,0,116.9619,0,0,0.0545,5.0,29.329,0,113.6538,0,0,-0.0817,-4.0,-0.5019999999999989,0.0,-3.308099999999996,0.0,0.0
detached,run_0376,1.1983,22.0,31.46,7,143.2833,0,8,0.817,18.0,30.882,6,145.5009,0,6,-0.3813,-4.0,-0.5779999999999994,-1.0,2.2176000000000045,0.0,-2.0
detached,run_0377,0.1089,5.0,29.698,1,31.0905,0,1,0.0,4.0,29.218,1,30.4732,0,1,-0.1089,-1.0,-0.4800000000000004,0.0,-0.6173000000000002,0.0,0.0
detached,run_0378,0.2451,11.0,30.081,0,129.6424,0,0,0.1089,5.0,29.602,0,125.3683,0,0,-0.13620000000000002,-6.0,-0.4789999999999992,0.0,-4.274100000000004,0.0,0.0
detached,run_0379,0.0817,5.0,29.534,1,28.7528,0,1,0.0,4.0,29.091,1,28.0248,0,1,-0.0817,-1.0,-0.44299999999999784,0.0,-0.7280000000000015,0.0,0.0
detached,run_0380,0.2451,10.0,30.005,1,70.4248,0,1,0.0817,5.0,29.571,1,68.4123,0,1,-0.16340000000000002,-5.0,-0.4339999999999975,0.0,-2.012500000000003,0.0,0.0
detached,run_0381,0.4085,12.0,30.449,1,184.6596,0,1,0.2179,10.0,29.937,1,185.0158,0,1,-0.19059999999999996,-2.0,-0.5120000000000005,0.0,0.3562000000000012,0.0,0.0
detached,run_0382,0.2451,10.0,29.927,1,40.8388,0,1,0.0817,5.0,29.506,1,40.706,0,1,-0.16340000000000002,-5.0,-0.4209999999999994,0.0,-0.13279999999999603,0.0,0.0
detached,run_0383,0.1089,8.0,29.657,0,81.3181,0,0,0.0545,5.0,29.221,0,81.5386,0,0,-0.0544,-3.0,-0.43599999999999994,0.0,0.22050000000000125,0.0,0.0
detached,run_0384,0.1089,5.0,29.505,1,32.0202,0,1,0.0,4.0,29.059,1,31.7921,0,1,-0.1089,-1.0,-0.44599999999999795,0.0,-0.2281000000000013,0.0,0.0
detached,run_0385,0.1089,9.0,29.78,0,79.4972,0,0,0.0817,5.0,29.379,0,78.3833,0,0,-0.027200000000000002,-4.0,-0.4009999999999998,0.0,-1.113900000000001,0.0,0.0
detached,run_0386,0.2179,10.0,29.973,0,124.3947,0,0,0.1089,7.0,29.577,0,119.2161,0,0,-0.10900000000000001,-3.0,-0.39599999999999724,0.0,-5.178600000000003,0.0,0.0
detached,run_0387,0.0545,4.0,29.28,0,65.3999,0,0,0.0,3.0,28.89,0,65.748,0,0,-0.0545,-1.0,-0.39000000000000057,0.0,0.3481000000000023,0.0,0.0
detached,run_0388,0.8442,20.0,31.482,1,307.4221,0,1,0.5719,17.0,30.844,2,283.047,0,2,-0.2723,-3.0,-0.6379999999999981,1.0,-24.375099999999975,0.0,1.0
detached,run_0389,0.2451,11.0,30.205,1,67.1229,0,1,0.2179,8.0,29.852,2,65.4751,0,2,-0.027200000000000002,-3.0,-0.352999999999998,1.0,-1.6478000000000037,0.0,1.0
detached,run_0390,0.0545,4.0,29.383,0,71.5246,0,0,0.0,3.0,28.928,0,67.8199,0,0,-0.0545,-1.0,-0.4549999999999983,0.0,-3.7047000000000025,0.0,0.0
detached,run_0391,0.1089,9.0,29.77,0,161.1197,0,0,0.0545,5.0,29.325,0,163.4586,0,0,-0.0544,-4.0,-0.4450000000000003,0.0,2.3388999999999953,0.0,0.0
detached,run_0392,0.1089,9.0,29.896,0,126.7897,0,0,0.0817,5.0,29.471,0,117.6152,0,0,-0.027200000000000002,-4.0,-0.4250000000000007,0.0,-9.174499999999995,0.0,0.0
detached,run_0393,0.354,12.0,30.296,0,151.021,0,0,0.1089,9.0,29.824,0,143.0565,0,0,-0.24509999999999998,-3.0,-0.47199999999999775,0.0,-7.964499999999987,0.0,0.0
detached,run_0394,0.2723,11.0,30.352,0,89.6325,0,0,0.1089,8.0,29.825,1,89.1825,0,1,-0.1634,-3.0,-0.527000000000001,1.0,-0.44999999999998863,0.0,1.0
detached,run_0395,0.0272,5.0,29.339,0,30.7826,0,0,0.0,0.0,28.857,0,30.402,0,0,-0.0272,-5.0,-0.4819999999999993,0.0,-0.3805999999999976,0.0,0.0
detached,run_0396,0.9532,20.0,31.086,7,63.9506,0,10,0.7353,18.0,30.753,9,65.0338,0,19,-0.2179000000000001,-2.0,-0.3329999999999984,2.0,1.083199999999998,0.0,9.0
detached,run_0397,0.1089,7.0,29.702,1,60.6519,0,1,0.0545,5.0,29.281,1,58.935,0,1,-0.0544,-2.0,-0.4210000000000029,0.0,-1.7168999999999954,0.0,0.0
detached,run_0398,0.1089,9.0,29.704,0,64.8647,0,0,0.0545,5.0,29.239,0,63.6982,0,0,-0.0544,-4.0,-0.46499999999999986,0.0,-1.1664999999999992,0.0,0.0
detached,run_0399,0.2451,10.0,30.006,1,96.4959,0,1,0.1089,7.0,29.652,1,94.7803,0,1,-0.13620000000000002,-3.0,-0.3539999999999992,0.0,-1.7156000000000091,0.0,0.0
detached,run_0400,0.3268,11.0,30.399,1,90.4844,0,1,0.1906,9.0,29.87,1,89.5322,0,1,-0.1362,-2.0,-0.5289999999999999,0.0,-0.9521999999999906,0.0,0.0
detached,run_0401,0.6264,18.0,30.713,2,88.153,0,2,0.4085,13.0,30.248,3,85.7143,0,3,-0.21789999999999998,-5.0,-0.46499999999999986,1.0,-2.4387000000000114,0.0,1.0
detached,run_0402,0.2723,11.0,30.174,0,64.989,0,0,0.1362,8.0,29.728,1,62.9323,0,1,-0.1361,-3.0,-0.44599999999999795,1.0,-2.0567000000000064,0.0,1.0
detached,run_0403,0.3813,12.0,30.208,0,164.6671,0,0,0.1089,9.0,29.74,1,151.3,0,1,-0.2724,-3.0,-0.46799999999999997,1.0,-13.367099999999994,0.0,1.0
detached,run_0404,0.4357,14.0,30.483,0,186.458,0,0,0.2723,12.0,30.108,0,170.0424,0,0,-0.1634,-2.0,-0.375,0.0,-16.415600000000012,0.0,0.0
detached,run_0405,0.0545,5.0,29.305,0,63.1593,0,0,0.0,3.0,28.894,0,62.4998,0,0,-0.0545,-2.0,-0.41100000000000136,0.0,-0.6595000000000013,0.0,0.0
detached,run_0406,0.0545,5.0,29.329,0,32.7755,0,0,0.0,3.0,28.869,0,32.1038,0,0,-0.0545,-2.0,-0.46000000000000085,0.0,-0.6717000000000013,0.0,0.0
detached,run_0407,0.3813,13.0,30.486,1,199.136,0,1,0.2451,10.0,29.995,1,191.2998,0,1,-0.13619999999999996,-3.0,-0.49099999999999966,0.0,-7.836199999999991,0.0,0.0
detached,run_0408,0.0817,5.0,29.558,0,66.0231,0,0,0.0,3.0,29.09,0,65.7524,0,0,-0.0817,-2.0,-0.46799999999999997,0.0,-0.27070000000000505,0.0,0.0
detached,run_0409,0.5719,18.0,30.82,3,59.7138,0,3,0.3813,14.0,30.313,4,55.7464,0,4,-0.1906,-4.0,-0.5070000000000014,1.0,-3.967399999999998,0.0,1.0
detached,run_0410,1.5795,26.0,31.707,5,165.7839,0,6,1.3344,22.0,31.198,9,169.6802,0,9,-0.24509999999999987,-4.0,-0.5090000000000003,4.0,3.896300000000025,0.0,3.0
detached,run_0411,0.0272,4.0,29.155,0,84.1804,0,0,0.0,2.0,28.786,0,77.8607,0,0,-0.0272,-2.0,-0.3689999999999998,0.0,-6.319700000000012,0.0,0.0
detached,run_0412,0.3813,13.0,30.463,1,54.0184,0,1,0.2451,10.0,29.931,3,53.3026,0,3,-0.13619999999999996,-3.0,-0.532,2.0,-0.7158000000000015,0.0,2.0
detached,run_0413,0.0545,5.0,29.408,0,41.2756,0,0,0.0,3.0,29.076,0,40.1223,0,0,-0.0545,-2.0,-0.33200000000000074,0.0,-1.1532999999999944,0.0,0.0
detached,run_0414,0.2451,10.0,29.843,1,78.0759,0,1,0.0817,5.0,29.49,1,74.5014,0,1,-0.16340000000000002,-5.0,-0.35300000000000153,0.0,-3.5745000000000005,0.0,0.0
detached,run_0415,0.1089,5.0,29.587,0,67.3766,0,0,0.0272,4.0,29.149,0,66.5563,0,0,-0.0817,-1.0,-0.43799999999999883,0.0,-0.8203000000000031,0.0,0.0
detached,run_0416,0.5719,18.0,30.944,1,167.5121,0,1,0.463,14.0,30.493,2,161.6044,0,2,-0.10889999999999994,-4.0,-0.4510000000000005,1.0,-5.9077000000000055,0.0,1.0
detached,run_0417,0.2451,11.0,30.213,1,127.2311,0,1,0.1362,8.0,29.728,1,122.0107,0,1,-0.10890000000000002,-3.0,-0.48499999999999943,0.0,-5.220399999999998,0.0,0.0
detached,run_0418,0.1362,9.0,29.781,0,102.4373,0,0,0.0817,5.0,29.329,0,102.1984,0,0,-0.05449999999999999,-4.0,-0.4519999999999982,0.0,-0.2388999999999868,0.0,0.0
detached,run_0419,0.0272,4.0,29.313,1,37.9945,0,1,0.0,2.0,28.955,2,37.2334,0,2,-0.0272,-2.0,-0.35800000000000054,1.0,-0.761099999999999,0.0,1.0
detached,run_0420,0.2451,11.0,30.388,1,82.0242,0,1,0.1362,9.0,29.847,1,80.1471,0,1,-0.10890000000000002,-2.0,-0.5410000000000004,0.0,-1.8770999999999987,0.0,0.0
detached,run_0421,0.354,11.0,30.255,0,197.3284,0,0,0.1089,9.0,29.839,1,186.1162,0,1,-0.24509999999999998,-2.0,-0.41600000000000037,1.0,-11.212199999999996,0.0,1.0
detached,run_0422,0.0817,5.0,29.554,0,50.1247,0,0,0.0272,5.0,29.231,1,49.2857,0,1,-0.05449999999999999,0.0,-0.32299999999999685,1.0,-0.8389999999999986,0.0,1.0
detached,run_0423,0.6808,17.0,30.795,0,163.6876,0,0,0.463,12.0,30.317,1,149.9789,0,1,-0.21779999999999994,-5.0,-0.47800000000000153,1.0,-13.708699999999993,0.0,1.0
detached,run_0424,0.4085,14.0,30.648,1,128.2971,0,1,0.2451,11.0,30.059,1,123.7725,0,1,-0.16339999999999996,-3.0,-0.5889999999999986,0.0,-4.524600000000007,0.0,0.0
detached,run_0425,0.1906,9.0,29.816,0,87.1295,0,0,0.0817,6.0,29.467,0,83.3788,0,0,-0.1089,-3.0,-0.3490000000000002,0.0,-3.750699999999995,0.0,0.0
detached,run_0426,0.0545,4.0,29.181,0,50.4005,0,0,0.0,2.0,28.774,0,48.9047,0,0,-0.0545,-2.0,-0.40700000000000003,0.0,-1.4958000000000027,0.0,0.0
detached,run_0427,0.5447,17.0,30.905,1,65.6694,0,1,0.4357,13.0,30.435,3,64.0121,0,3,-0.10899999999999999,-4.0,-0.4700000000000024,2.0,-1.6572999999999922,0.0,2.0
detached,run_0428,0.0545,5.0,29.335,0,62.8233,0,0,0.0,4.0,29.007,0,61.9495,0,0,-0.0545,-1.0,-0.3279999999999994,0.0,-0.8738000000000028,0.0,0.0
detached,run_0429,0.4902,17.0,30.763,1,210.01,0,1,0.3813,12.0,30.197,2,201.8025,0,2,-0.10890000000000005,-5.0,-0.5660000000000025,1.0,-8.207499999999982,0.0,1.0
detached,run_0430,0.0,0.0,28.912,1,30.9451,0,1,0.0,0.0,28.495,1,31.1937,0,1,0.0,0.0,-0.41699999999999804,0.0,0.2485999999999997,0.0,0.0
detached,run_0431,0.2451,10.0,30.138,1,68.8343,0,1,0.0817,5.0,29.621,1,67.5399,0,1,-0.16340000000000002,-5.0,-0.517000000000003,0.0,-1.294399999999996,0.0,0.0
detached,run_0432,0.2451,11.0,30.186,0,69.5877,0,0,0.1089,5.0,29.603,0,67.8414,0,0,-0.13620000000000002,-6.0,-0.5829999999999984,0.0,-1.746300000000005,0.0,0.0
detached,run_0433,0.2451,11.0,30.095,0,170.7258,0,0,0.1089,9.0,29.655,0,166.0308,0,0,-0.13620000000000002,-2.0,-0.4399999999999977,0.0,-4.694999999999993,0.0,0.0
detached,run_0434,0.2451,9.0,29.986,1,38.9251,0,1,0.0817,5.0,29.48,2,38.8548,0,2,-0.16340000000000002,-4.0,-0.5060000000000002,1.0,-0.07030000000000314,0.0,1.0
detached,run_0435,0.2996,11.0,30.325,1,151.0625,0,1,0.1362,9.0,29.785,1,145.7938,0,1,-0.1634,-2.0,-0.5399999999999991,0.0,-5.2686999999999955,0.0,0.0
detached,run_0436,0.1906,8.0,29.745,1,49.2011,0,1,0.0817,5.0,29.449,1,47.5957,0,1,-0.1089,-3.0,-0.2959999999999994,0.0,-1.605399999999996,0.0,0.0
detached,run_0437,0.1906,10.0,29.979,0,321.2265,0,0,0.1089,5.0,29.579,0,318.2213,0,0,-0.0817,-5.0,-0.3999999999999986,0.0,-3.005200000000002,0.0,0.0
detached,run_0438,0.0,4.0,29.072,0,84.6505,0,0,0.0,2.0,28.765,0,79.945,0,0,0.0,-2.0,-0.3069999999999986,0.0,-4.705500000000001,0.0,0.0
detached,run_0439,0.6264,17.0,31.055,1,295.0395,0,1,0.4357,16.0,30.645,1,287.237,0,1,-0.19069999999999998,-1.0,-0.41000000000000014,0.0,-7.802499999999952,0.0,0.0
detached,run_0440,0.2996,12.0,30.185,0,123.486,0,0,0.1089,9.0,29.719,0,121.3657,0,0,-0.19069999999999998,-3.0,-0.4659999999999975,0.0,-2.1203000000000003,0.0,0.0
detached,run_0441,0.2451,10.0,30.092,1,53.2257,0,1,0.0817,5.0,29.502,1,52.3992,0,1,-0.16340000000000002,-5.0,-0.5899999999999999,0.0,-0.8265000000000029,0.0,0.0
detached,run_0442,0.5447,13.0,30.379,0,168.6179,0,0,0.2179,10.0,29.843,1,149.5011,0,1,-0.3268,-3.0,-0.5360000000000014,1.0,-19.116799999999984,0.0,1.0
detached,run_0443,0.1634,8.0,29.786,1,34.3857,0,1,0.0545,5.0,29.285,1,33.5138,0,1,-0.1089,-3.0,-0.5010000000000012,0.0,-0.8718999999999966,0.0,0.0
detached,run_0444,0.7353,19.0,31.027,5,51.6794,0,5,0.5174,15.0,30.595,10,49.8304,0,10,-0.21789999999999998,-4.0,-0.43200000000000216,5.0,-1.8490000000000038,0.0,5.0
detached,run_0445,0.0817,5.0,29.409,0,70.8407,0,0,0.0,3.0,29.029,0,69.4561,0,0,-0.0817,-2.0,-0.379999999999999,0.0,-1.3845999999999918,0.0,0.0
detached,run_0446,0.3813,12.0,30.196,1,82.4021,0,1,0.2179,10.0,29.86,1,80.1157,0,1,-0.16339999999999996,-2.0,-0.3360000000000021,0.0,-2.2864000000000004,0.0,0.0
detached,run_0447,0.0,4.0,29.036,0,45.7997,0,0,0.0,0.0,28.682,0,45.788,0,0,0.0,-4.0,-0.35400000000000276,0.0,-0.011700000000004707,0.0,0.0
detached,run_0448,0.2996,11.0,30.295,1,78.254,0,1,0.1089,8.0,29.724,1,76.2757,0,1,-0.19069999999999998,-3.0,-0.5710000000000015,0.0,-1.9783000000000044,0.0,0.0
detached,run_0449,0.2179,11.0,30.121,0,168.9312,0,0,0.1089,8.0,29.697,0,158.4516,0,0,-0.10900000000000001,-3.0,-0.4239999999999995,0.0,-10.479599999999976,0.0,0.0
detached,run_0450,0.4085,13.0,30.33,1,61.3504,0,1,0.2179,10.0,29.817,1,56.2192,0,1,-0.19059999999999996,-3.0,-0.5129999999999981,0.0,-5.1312,0.0,0.0
detached,run_0451,0.1089,8.0,29.722,0,63.2012,0,0,0.0817,5.0,29.243,0,62.4703,0,0,-0.027200000000000002,-3.0,-0.47900000000000276,0.0,-0.7308999999999983,0.0,0.0
detached,run_0452,0.2723,11.0,30.046,3,47.9371,0,3,0.1089,5.0,29.602,8,47.5234,0,8,-0.1634,-6.0,-0.44399999999999906,5.0,-0.4136999999999986,0.0,5.0
detached,run_0453,0.1089,7.0,29.608,0,71.6878,0,0,0.0272,4.0,29.146,0,72.1889,0,0,-0.0817,-3.0,-0.46199999999999974,0.0,0.5011000000000081,0.0,0.0
detached,run_0454,0.3813,12.0,30.064,1,67.3217,0,1,0.1089,7.0,29.572,1,64.1806,0,1,-0.2724,-5.0,-0.4920000000000009,0.0,-3.1411000000000087,0.0,0.0
detached,run_0455,0.0545,4.0,29.316,0,62.7182,0,0,0.0,3.0,28.973,0,60.3791,0,0,-0.0545,-1.0,-0.34299999999999997,0.0,-2.339100000000002,0.0,0.0
detached,run_0456,0.2723,11.0,30.331,1,106.3333,0,1,0.1089,8.0,29.814,1,104.4246,0,1,-0.1634,-3.0,-0.5169999999999995,0.0,-1.908699999999996,0.0,0.0
detached,run_0457,0.4085,14.0,30.474,1,109.9422,0,1,0.2451,10.0,29.989,2,106.1045,0,2,-0.16339999999999996,-4.0,-0.48499999999999943,1.0,-3.837699999999998,0.0,1.0
detached,run_0458,0.0,2.0,28.959,6,16.3847,0,6,0.0,0.0,28.399,2,16.3332,0,2,0.0,-2.0,-0.5599999999999987,-4.0,-0.051499999999997215,0.0,-4.0
detached,run_0459,0.6264,17.0,30.831,1,313.4027,0,1,0.4085,14.0,30.464,3,302.7,0,3,-0.21789999999999998,-3.0,-0.3670000000000009,2.0,-10.702699999999993,0.0,2.0
detached,run_0460,0.3268,13.0,30.494,1,84.6898,0,1,0.1906,9.0,29.912,2,80.3677,0,2,-0.1362,-4.0,-0.5820000000000007,1.0,-4.322100000000006,0.0,1.0
detached,run_0461,0.4085,16.0,30.725,1,227.7699,0,1,0.2996,12.0,30.287,1,214.7854,0,1,-0.1089,-4.0,-0.4380000000000024,0.0,-12.984499999999997,0.0,0.0
detached,run_0462,0.4085,12.0,30.469,6,480.0141,0,31,0.1906,10.0,29.984,1,479.1144,0,13,-0.21789999999999998,-2.0,-0.48499999999999943,-5.0,-0.8996999999999957,0.0,-18.0
detached,run_0463,0.1906,10.0,29.901,0,55.4546,0,0,0.0817,5.0,29.475,0,52.8768,0,0,-0.1089,-5.0,-0.4259999999999984,0.0,-2.5777999999999963,0.0,0.0
detached,run_0464,0.4357,13.0,30.502,1,98.8825,0,1,0.2451,10.0,30.093,1,96.7478,0,1,-0.19059999999999996,-3.0,-0.4089999999999989,0.0,-2.134699999999995,0.0,0.0
detached,run_0465,0.2179,10.0,30.047,1,112.2086,0,1,0.0817,5.0,29.516,1,109.1663,0,1,-0.13620000000000002,-5.0,-0.5310000000000024,0.0,-3.0422999999999973,0.0,0.0
detached,run_0466,0.0817,5.0,29.409,0,41.2714,0,0,0.0,3.0,29.011,0,38.3757,0,0,-0.0817,-2.0,-0.3979999999999997,0.0,-2.895699999999998,0.0,0.0
detached,run_0467,0.4085,12.0,30.306,0,60.9222,0,0,0.2723,10.0,29.86,1,58.9169,0,1,-0.1362,-2.0,-0.4460000000000015,1.0,-2.0052999999999983,0.0,1.0
detached,run_0468,0.0,3.0,29.19,1,26.3446,0,1,0.0,0.0,28.768,1,26.4088,0,1,0.0,-3.0,-0.4220000000000006,0.0,0.06419999999999959,0.0,0.0
detached,run_0469,0.1089,6.0,29.563,0,94.0177,0,0,0.0545,4.0,29.229,0,90.2573,0,0,-0.0544,-2.0,-0.33399999999999963,0.0,-3.760400000000004,0.0,0.0
detached,run_0470,0.2451,8.0,29.898,1,59.2447,0,1,0.0817,5.0,29.531,1,58.3072,0,1,-0.16340000000000002,-3.0,-0.3670000000000009,0.0,-0.9375,0.0,0.0
detached,run_0471,0.3268,11.0,30.38,0,205.2829,0,0,0.1362,9.0,29.922,1,193.856,0,1,-0.1906,-2.0,-0.4579999999999984,1.0,-11.426900000000018,0.0,1.0
detached,run_0472,0.4357,14.0,30.63,1,68.1137,0,1,0.2723,11.0,30.071,1,66.696,0,1,-0.1634,-3.0,-0.5589999999999975,0.0,-1.4176999999999964,0.0,0.0
detached,run_0473,0.3268,11.0,30.375,1,35.5153,0,1,0.1089,5.0,29.792,1,33.892,0,1,-0.21789999999999998,-6.0,-0.5829999999999984,0.0,-1.6233000000000004,0.0,0.0
detached,run_0474,0.0817,5.0,29.622,2,35.5453,0,2,0.0,4.0,29.152,3,35.8042,0,3,-0.0817,-1.0,-0.46999999999999886,1.0,0.2589000000000041,0.0,1.0
detached,run_0475,0.1089,8.0,29.701,0,81.8526,0,0,0.0272,4.0,29.172,0,80.5912,0,0,-0.0817,-4.0,-0.5289999999999999,0.0,-1.2613999999999947,0.0,0.0
detached,run_0476,0.2451,10.0,29.891,1,62.9158,0,1,0.0817,5.0,29.442,1,61.8872,0,1,-0.16340000000000002,-5.0,-0.44899999999999807,0.0,-1.0285999999999973,0.0,0.0
detached,run_0477,0.3268,11.0,30.411,0,159.4525,0,0,0.1906,10.0,29.96,1,151.8563,0,1,-0.1362,-1.0,-0.4510000000000005,1.0,-7.596199999999982,0.0,1.0
detached,run_0478,0.0817,5.0,29.413,0,58.611,0,0,0.0,3.0,28.89,0,58.6355,0,0,-0.0817,-2.0,-0.5229999999999997,0.0,0.024500000000003297,0.0,0.0
detached,run_0479,0.0817,5.0,29.453,0,76.0982,0,0,0.0,3.0,28.958,0,76.1664,0,0,-0.0817,-2.0,-0.495000000000001,0.0,0.06819999999999027,0.0,0.0
detached,run_0480,0.0545,5.0,29.268,0,42.1566,0,0,0.0,2.0,28.792,0,40.3761,0,0,-0.0545,-3.0,-0.4759999999999991,0.0,-1.7804999999999964,0.0,0.0
detached,run_0481,0.3813,12.0,30.427,1,153.2027,0,1,0.2451,10.0,30.077,2,145.3358,0,2,-0.13619999999999996,-2.0,-0.34999999999999787,1.0,-7.866899999999987,0.0,1.0
detached,run_0482,0.0545,5.0,29.184,0,34.1373,0,0,0.0,0.0,28.766,0,32.8542,0,0,-0.0545,-5.0,-0.4180000000000028,0.0,-1.2831000000000046,0.0,0.0
detached,run_0483,0.4085,13.0,30.324,1,116.0407,0,1,0.2996,12.0,30.099,1,113.0532,0,1,-0.1089,-1.0,-0.22500000000000142,0.0,-2.987499999999997,0.0,0.0
detached,run_0484,0.4085,14.0,30.54,0,107.7019,0,0,0.2723,12.0,30.065,1,102.0373,0,1,-0.1362,-2.0,-0.47499999999999787,1.0,-5.664599999999993,0.0,1.0
detached,run_0485,0.0,5.0,29.221,1,25.7823,0,1,0.0,0.0,28.846,1,26.0282,0,1,0.0,-5.0,-0.375,0.0,0.2458999999999989,0.0,0.0
detached,run_0486,0.2451,10.0,30.069,1,149.9864,0,1,0.0817,5.0,29.57,1,148.5127,0,1,-0.16340000000000002,-5.0,-0.4989999999999988,0.0,-1.473700000000008,0.0,0.0
detached,run_0487,0.1089,6.0,29.607,0,64.285,0,0,0.0545,4.0,29.148,0,61.149,0,0,-0.0544,-2.0,-0.45899999999999963,0.0,-3.1359999999999957,0.0,0.0
detached,run_0488,0.1362,6.0,29.648,1,56.9906,0,1,0.0,5.0,29.223,1,56.4793,0,1,-0.1362,-1.0,-0.4250000000000007,0.0,-0.5112999999999985,0.0,0.0
detached,run_0489,0.1089,5.0,29.581,0,60.2368,0,0,0.0,4.0,29.139,0,59.8291,0,0,-0.1089,-1.0,-0.44200000000000017,0.0,-0.4077000000000055,0.0,0.0
detached,run_0490,0.2451,10.0,29.933,0,52.8945,0,0,0.0817,5.0,29.412,1,51.8209,0,1,-0.16340000000000002,-5.0,-0.5210000000000008,1.0,-1.073599999999999,0.0,1.0
detached,run_0491,0.1089,9.0,29.76,0,53.7592,0,0,0.0545,4.0,29.18,0,53.9432,0,0,-0.0544,-5.0,-0.5800000000000018,0.0,0.1839999999999975,0.0,0.0
detached,run_0492,1.4978,29.0,31.963,15,135.1404,0,16,1.28,24.0,31.411,22,135.388,0,27,-0.2178,-5.0,-0.5519999999999996,7.0,0.2476000000000056,0.0,11.0
detached,run_0493,0.0817,5.0,29.5,0,45.8109,0,0,0.0,4.0,29.043,0,44.4201,0,0,-0.0817,-1.0,-0.45700000000000074,0.0,-1.3907999999999987,0.0,0.0
detached,run_0494,0.2451,10.0,30.064,0,87.8257,0,0,0.0817,5.0,29.586,1,84.8728,0,1,-0.16340000000000002,-5.0,-0.47800000000000153,1.0,-2.9528999999999996,0.0,1.0
detached,run_0495,0.2723,11.0,30.148,0,111.2597,0,0,0.1089,9.0,29.668,1,108.5118,0,1,-0.1634,-2.0,-0.4800000000000004,1.0,-2.7479000000000013,0.0,1.0
detached,run_0496,0.0,0.0,28.414,0,22.7374,0,0,0.0,0.0,28.063,0,22.6348,0,0,0.0,0.0,-0.35100000000000264,0.0,-0.10260000000000247,0.0,0.0
detached,run_0497,0.7353,18.0,31.011,3,470.593,0,3,0.4085,12.0,30.468,1,455.2569,0,1,-0.3268,-6.0,-0.5429999999999993,-2.0,-15.336100000000044,0.0,-2.0
detached,run_0498,0.0545,4.0,29.203,0,52.8269,0,0,0.0,2.0,28.873,0,51.6763,0,0,-0.0545,-2.0,-0.3299999999999983,0.0,-1.1506000000000043,0.0,0.0
detached,run_0499,0.2451,10.0,30.01,1,32.1903,0,1,0.0817,5.0,29.441,1,31.5135,0,1,-0.16340000000000002,-5.0,-0.5690000000000026,0.0,-0.6768000000000001,0.0,0.0
detached,run_0500,0.0545,5.0,29.399,0,45.3742,0,0,0.0,3.0,28.906,0,44.5012,0,0,-0.0545,-2.0,-0.4930000000000021,0.0,-0.8730000000000047,0.0,0.0
detached,run_0501,0.0,0.0,28.668,1,23.4458,0,1,0.0,0.0,28.196,0,23.3818,0,0,0.0,0.0,-0.47199999999999775,-1.0,-0.06400000000000006,0.0,-1.0
detached,run_0502,0.3813,11.0,30.375,0,161.6087,0,0,0.1906,10.0,29.96,1,156.1792,0,1,-0.19069999999999998,-1.0,-0.41499999999999915,1.0,-5.42949999999999,0.0,1.0
detached,run_0503,0.4085,12.0,30.416,0,141.9866,0,0,0.2451,10.0,29.965,1,136.1862,0,1,-0.16339999999999996,-2.0,-0.4510000000000005,1.0,-5.800399999999996,0.0,1.0
detached,run_0504,0.5174,15.0,30.535,1,60.3785,0,1,0.4085,13.0,30.169,4,58.6339,0,4,-0.1089,-2.0,-0.36599999999999966,3.0,-1.7446000000000055,0.0,3.0
detached,run_0505,0.7898,18.0,31.061,7,35.6017,0,7,0.5447,14.0,30.528,14,33.8426,0,14,-0.24509999999999998,-4.0,-0.5330000000000013,7.0,-1.7591000000000037,0.0,7.0
detached,run_0506,0.0,5.0,29.267,1,17.615,0,1,0.0,0.0,28.777,1,17.2988,0,1,0.0,-5.0,-0.48999999999999844,0.0,-0.3161999999999985,0.0,0.0
detached,run_0507,0.463,14.0,30.604,1,55.2568,0,1,0.2723,12.0,30.143,3,54.1814,0,3,-0.19070000000000004,-2.0,-0.4609999999999985,2.0,-1.075400000000002,0.0,2.0
detached,run_0508,0.2723,11.0,30.213,0,143.4893,0,0,0.1089,9.0,29.831,0,132.076,0,0,-0.1634,-2.0,-0.38200000000000145,0.0,-11.413299999999992,0.0,0.0
detached,run_0509,0.4085,12.0,30.579,0,154.013,0,0,0.2996,12.0,30.179,1,147.9468,0,1,-0.1089,0.0,-0.40000000000000213,1.0,-6.066200000000009,0.0,1.0
detached,run_0510,0.2451,11.0,29.997,0,115.0735,0,0,0.0817,5.0,29.353,0,111.3536,0,0,-0.16340000000000002,-6.0,-0.6439999999999984,0.0,-3.7198999999999955,0.0,0.0
detached,run_0511,0.0817,5.0,29.536,1,43.0025,0,1,0.0,5.0,29.18,1,42.7529,0,1,-0.0817,0.0,-0.35600000000000165,0.0,-0.24960000000000093,0.0,0.0
detached,run_0512,0.1089,8.0,29.686,0,59.4095,0,0,0.0545,5.0,29.182,0,58.7952,0,0,-0.0544,-3.0,-0.5040000000000013,0.0,-0.6143000000000001,0.0,0.0
detached,run_0513,0.3813,12.0,30.11,1,64.8717,0,1,0.1362,7.0,29.678,2,60.2693,0,2,-0.24509999999999998,-5.0,-0.4319999999999986,1.0,-4.602400000000003,0.0,1.0
detached,run_0514,1.5795,24.0,31.714,1,431.554,0,1,1.3344,22.0,31.354,2,407.6539,0,2,-0.24509999999999987,-2.0,-0.35999999999999943,1.0,-23.900099999999952,0.0,1.0
detached,run_0515,0.0545,4.0,29.193,0,49.1023,0,0,0.0,2.0,28.753,0,48.3006,0,0,-0.0545,-2.0,-0.4400000000000013,0.0,-0.8016999999999967,0.0,0.0
detached,run_0516,0.0,5.0,29.237,0,36.7003,0,0,0.0,2.0,28.813,0,36.3303,0,0,0.0,-3.0,-0.4239999999999995,0.0,-0.36999999999999744,0.0,0.0
detached,run_0517,0.3813,15.0,30.655,0,275.7743,0,0,0.2723,11.0,30.198,1,262.0136,0,1,-0.10899999999999999,-4.0,-0.45700000000000074,1.0,-13.760699999999986,0.0,1.0
detached,run_0518,0.6264,16.0,30.668,1,182.5581,0,1,0.354,12.0,30.161,1,175.5581,0,1,-0.2724,-4.0,-0.5069999999999979,0.0,-7.0,0.0,0.0
detached,run_0519,0.354,12.0,30.301,3,300.0491,0,20,0.1362,9.0,29.736,1,270.9013,0,7,-0.2178,-3.0,-0.5649999999999977,-2.0,-29.147800000000018,0.0,-13.0
detached,run_0520,0.0,4.0,29.115,0,50.8414,0,0,0.0,2.0,28.751,0,49.5038,0,0,0.0,-2.0,-0.3639999999999972,0.0,-1.337600000000002,0.0,0.0
detached,run_0521,0.1906,9.0,29.899,0,82.43,0,0,0.0545,5.0,29.424,0,80.9517,0,0,-0.1361,-4.0,-0.4750000000000014,0.0,-1.4783000000000044,0.0,0.0
detached,run_0522,0.1362,9.0,29.696,1,69.3365,0,1,0.0817,5.0,29.298,1,63.7545,0,1,-0.05449999999999999,-4.0,-0.39800000000000324,0.0,-5.582000000000001,0.0,0.0
detached,run_0523,1.171,23.0,31.579,1,255.9932,0,1,1.1166,20.0,31.091,2,255.817,0,2,-0.054400000000000004,-3.0,-0.48799999999999955,1.0,-0.17619999999999436,0.0,1.0
detached,run_0524,0.2179,10.0,30.066,0,215.4758,0,0,0.1089,9.0,29.731,0,209.9474,0,0,-0.10900000000000001,-1.0,-0.3349999999999973,0.0,-5.528400000000005,0.0,0.0
detached,run_0525,0.0817,5.0,29.373,1,38.1812,0,1,0.0,3.0,29.018,1,37.3802,0,1,-0.0817,-2.0,-0.3550000000000004,0.0,-0.8009999999999948,0.0,0.0
detached,run_0526,0.1089,8.0,29.681,0,42.33,0,0,0.0,3.0,29.179,0,42.4524,0,0,-0.1089,-5.0,-0.5020000000000024,0.0,0.12239999999999895,0.0,0.0
detached,run_0527,0.0,3.0,28.768,0,31.5684,0,0,0.0,0.0,28.343,0,31.2575,0,0,0.0,-3.0,-0.4250000000000007,0.0,-0.3109000000000002,0.0,0.0
detached,run_0528,0.2451,10.0,29.97,0,68.5886,0,0,0.0817,5.0,29.411,0,67.2667,0,0,-0.16340000000000002,-5.0,-0.5589999999999975,0.0,-1.3218999999999994,0.0,0.0
detached,run_0529,0.6536,18.0,30.88,1,178.134,0,1,0.4085,13.0,30.285,4,176.706,0,4,-0.24509999999999998,-5.0,-0.5949999999999989,3.0,-1.4279999999999973,0.0,3.0
detached,run_0530,0.0,3.0,29.236,1,11.7506,0,1,0.0,0.0,28.86,2,11.4263,0,2,0.0,-3.0,-0.3760000000000012,1.0,-0.3243000000000009,0.0,1.0
detached,run_0531,0.2996,11.0,30.199,0,139.205,0,0,0.1089,8.0,29.709,0,129.2007,0,0,-0.19069999999999998,-3.0,-0.490000000000002,0.0,-10.0043,0.0,0.0
detached,run_0532,0.1089,8.0,29.747,0,72.8369,0,0,0.0545,4.0,29.294,0,71.8783,0,0,-0.0544,-4.0,-0.4529999999999994,0.0,-0.9586000000000041,0.0,0.0
detached,run_0533,0.0,4.0,29.068,0,35.2913,0,0,0.0,0.0,28.679,0,35.3673,0,0,0.0,-4.0,-0.3890000000000029,0.0,0.07600000000000051,0.0,0.0
detached,run_0534,0.1089,7.0,29.68,0,176.213,0,6,0.0545,4.0,29.252,0,160.3015,0,2,-0.0544,-3.0,-0.4280000000000008,0.0,-15.91149999999999,0.0,-4.0
detached,run_0535,0.0817,5.0,29.631,1,52.0279,0,1,0.0,4.0,29.199,1,50.5399,0,1,-0.0817,-1.0,-0.4319999999999986,0.0,-1.4879999999999995,0.0,0.0
detached,run_0536,0.1906,10.0,29.85,0,62.4935,0,0,0.0817,5.0,29.463,0,61.5021,0,0,-0.1089,-5.0,-0.38700000000000045,0.0,-0.9913999999999987,0.0,0.0
detached,run_0537,0.2451,11.0,30.055,0,131.3103,0,0,0.1089,8.0,29.66,0,129.4306,0,0,-0.13620000000000002,-3.0,-0.3949999999999996,0.0,-1.879700000000014,0.0,0.0
detached,run_0538,0.0817,5.0,29.223,0,66.9562,0,0,0.0,3.0,28.78,0,66.9713,0,0,-0.0817,-2.0,-0.44299999999999784,0.0,0.015100000000003888,0.0,0.0
detached,run_0539,0.4085,13.0,30.529,1,147.6196,0,1,0.2179,10.0,29.925,1,143.5768,0,1,-0.19059999999999996,-3.0,-0.6039999999999992,0.0,-4.0428,0.0,0.0
detached,run_0540,0.1634,9.0,29.877,0,65.7323,0,0,0.0817,5.0,29.353,1,63.833,0,1,-0.0817,-4.0,-0.5239999999999974,1.0,-1.8992999999999967,0.0,1.0
detached,run_0541,0.1089,8.0,29.702,0,93.4795,0,0,0.0545,4.0,29.305,0,93.1834,0,0,-0.0544,-4.0,-0.397000000000002,0.0,-0.2960999999999956,0.0,0.0
detached,run_0542,0.0545,4.0,29.314,0,51.6151,0,0,0.0,3.0,28.863,0,51.6246,0,0,-0.0545,-1.0,-0.4510000000000005,0.0,0.009500000000002728,0.0,0.0
detached,run_0543,0.1362,10.0,29.897,1,72.4827,0,1,0.0817,5.0,29.37,1,68.6591,0,1,-0.05449999999999999,-5.0,-0.5269999999999975,0.0,-3.823599999999999,0.0,0.0
detached,run_0544,0.0817,5.0,29.443,0,30.9493,0,0,0.0,5.0,29.035,1,30.4657,0,1,-0.0817,0.0,-0.40800000000000125,1.0,-0.4836000000000027,0.0,1.0
detached,run_0545,0.1089,6.0,29.564,0,62.4477,0,0,0.0545,5.0,29.231,0,61.0072,0,0,-0.0544,-1.0,-0.3329999999999984,0.0,-1.4405000000000001,0.0,0.0
detached,run_0546,0.0817,5.0,29.303,0,38.1034,0,0,0.0,3.0,29.012,0,34.5282,0,0,-0.0817,-2.0,-0.29100000000000037,0.0,-3.5752000000000024,0.0,0.0
detached,run_0547,0.9259,21.0,31.225,6,162.8264,0,7,0.6808,18.0,30.819,5,161.8472,0,5,-0.24509999999999998,-3.0,-0.40600000000000236,-1.0,-0.97920000000002,0.0,-2.0
detached,run_0548,0.2723,10.0,30.235,1,51.0277,0,1,0.1362,6.0,29.744,2,50.9126,0,2,-0.1361,-4.0,-0.49099999999999966,1.0,-0.11510000000000531,0.0,1.0
detached,run_0549,0.1906,10.0,29.961,0,161.7338,0,0,0.0817,5.0,29.465,0,148.8033,0,0,-0.1089,-5.0,-0.49599999999999866,0.0,-12.930499999999995,0.0,0.0
detached,run_0550,0.0,3.0,28.859,0,37.1632,0,0,0.0,0.0,28.476,0,37.3371,0,0,0.0,-3.0,-0.38300000000000267,0.0,0.17389999999999617,0.0,0.0
detached,run_0551,0.0,1.0,28.948,2,17.4248,0,2,0.0,0.0,28.511,2,17.5168,0,2,0.0,-1.0,-0.43700000000000117,0.0,0.09199999999999875,0.0,0.0
detached,run_0552,0.3813,12.0,30.248,0,142.0188,0,0,0.2179,9.0,29.873,1,133.0806,0,1,-0.16339999999999996,-3.0,-0.375,1.0,-8.938199999999995,0.0,1.0
detached,run_0553,0.0545,5.0,29.212,0,37.9831,0,0,0.0,3.0,28.86,0,36.4629,0,0,-0.0545,-2.0,-0.3520000000000003,0.0,-1.5202000000000027,0.0,0.0
detached,run_0554,0.4357,12.0,30.459,3,149.2275,0,4,0.2451,10.0,29.993,2,147.6349,0,3,-0.19059999999999996,-2.0,-0.4660000000000011,-1.0,-1.5926000000000045,0.0,-1.0
detached,run_0555,0.0817,5.0,29.273,0,44.0886,0,0,0.0,3.0,28.84,0,43.5544,0,0,-0.0817,-2.0,-0.43299999999999983,0.0,-0.5341999999999985,0.0,0.0
detached,run_0556,0.5174,16.0,30.844,1,161.8117,0,1,0.3268,12.0,30.285,1,151.9458,0,1,-0.1906,-4.0,-0.559000000000001,0.0,-9.86590000000001,0.0,0.0
detached,run_0557,0.1634,9.0,29.932,0,144.6197,0,0,0.0817,5.0,29.421,0,142.4621,0,0,-0.0817,-4.0,-0.5109999999999992,0.0,-2.157600000000002,0.0,0.0
detached,run_0558,0.1362,9.0,29.828,0,99.9648,0,0,0.0545,5.0,29.332,0,98.3972,0,0,-0.0817,-4.0,-0.49599999999999866,0.0,-1.5675999999999988,0.0,0.0
detached,run_0559,0.2179,11.0,30.029,0,96.0556,0,0,0.1089,6.0,29.542,0,91.1387,0,0,-0.10900000000000001,-5.0,-0.4869999999999983,0.0,-4.916899999999998,0.0,0.0
detached,run_0560,0.1089,6.0,29.552,0,50.8185,0,0,0.0,4.0,29.066,0,49.4333,0,0,-0.1089,-2.0,-0.48600000000000065,0.0,-1.3851999999999975,0.0,0.0
detached,run_0561,0.0545,4.0,29.286,0,74.2728,0,0,0.0,3.0,28.88,0,73.5553,0,0,-0.0545,-1.0,-0.40600000000000236,0.0,-0.7175000000000011,0.0,0.0
detached,run_0562,0.1089,6.0,29.623,0,70.1607,0,0,0.0,4.0,29.154,0,67.925,0,0,-0.1089,-2.0,-0.4690000000000012,0.0,-2.2357000000000085,0.0,0.0
detached,run_0563,0.1089,6.0,29.503,0,95.6572,0,0,0.0,3.0,28.964,0,91.7327,0,0,-0.1089,-3.0,-0.5390000000000015,0.0,-3.924500000000009,0.0,0.0
detached,run_0564,0.7081,18.0,30.817,3,59.5079,0,3,0.4357,14.0,30.389,6,56.9144,0,6,-0.2724,-4.0,-0.4280000000000008,3.0,-2.593499999999999,0.0,3.0
detached,run_0565,0.2996,11.0,30.368,0,99.3858,0,0,0.1906,10.0,29.92,0,93.6048,0,0,-0.10899999999999999,-1.0,-0.44799999999999685,0.0,-5.781000000000006,0.0,0.0
detached,run_0566,0.2996,11.0,30.282,1,119.5212,0,1,0.1089,8.0,29.734,1,117.5553,0,1,-0.19069999999999998,-3.0,-0.5479999999999983,0.0,-1.9658999999999907,0.0,0.0
detached,run_0567,0.9259,20.0,31.423,5,101.7099,0,5,0.7081,19.0,30.922,12,95.8801,0,12,-0.2178,-1.0,-0.5009999999999977,7.0,-5.829800000000006,0.0,7.0
detached,run_0568,0.5174,16.0,30.725,1,133.5654,0,1,0.354,12.0,30.227,1,128.264,0,1,-0.1634,-4.0,-0.4980000000000011,0.0,-5.301400000000001,0.0,0.0
detached,run_0569,0.1089,8.0,29.7,0,55.5582,0,0,0.0,4.0,29.118,0,55.2375,0,0,-0.1089,-4.0,-0.5820000000000007,0.0,-0.3207000000000022,0.0,0.0
detached,run_0570,0.1089,7.0,29.659,0,59.4672,0,0,0.0,4.0,29.128,0,57.3149,0,0,-0.1089,-3.0,-0.5309999999999988,0.0,-2.1522999999999968,0.0,0.0
detached,run_0571,0.2179,11.0,30.078,0,171.4443,0,0,0.1089,6.0,29.609,1,161.6349,0,1,-0.10900000000000001,-5.0,-0.46899999999999764,1.0,-9.80940000000001,0.0,1.0
detached,run_0572,0.354,12.0,30.363,0,186.1669,0,0,0.1906,10.0,29.949,1,170.3109,0,1,-0.1634,-2.0,-0.4139999999999979,1.0,-15.855999999999995,0.0,1.0
detached,run_0573,0.2451,10.0,29.902,1,41.2518,0,1,0.0817,5.0,29.343,1,41.1656,0,1,-0.16340000000000002,-5.0,-0.559000000000001,0.0,-0.08620000000000516,0.0,0.0
detached,run_0574,0.1089,9.0,29.764,0,70.8188,0,0,0.0545,4.0,29.229,0,68.339,0,0,-0.0544,-5.0,-0.5350000000000001,0.0,-2.4797999999999973,0.0,0.0
detached,run_0575,0.0817,5.0,29.37,0,54.4971,0,0,0.0,3.0,28.931,0,54.2231,0,0,-0.0817,-2.0,-0.43900000000000006,0.0,-0.2740000000000009,0.0,0.0
detached,run_0576,0.0545,5.0,29.353,0,54.028,0,0,0.0,3.0,28.858,0,54.6882,0,0,-0.0545,-2.0,-0.495000000000001,0.0,0.6602000000000032,0.0,0.0
detached,run_0577,0.0,0.0,28.611,0,23.4362,0,0,0.0,0.0,28.256,0,23.3809,0,0,0.0,0.0,-0.3550000000000004,0.0,-0.05529999999999902,0.0,0.0
detached,run_0578,0.2451,10.0,30.135,1,122.2341,0,1,0.0817,5.0,29.535,1,123.1718,0,1,-0.16340000000000002,-5.0,-0.6000000000000014,0.0,0.9377000000000066,0.0,0.0
detached,run_0579,0.1089,6.0,29.604,0,67.6651,0,0,0.0,4.0,29.114,0,68.0292,0,0,-0.1089,-2.0,-0.48999999999999844,0.0,0.36410000000000764,0.0,0.0
detached,run_0580,1.3889,22.0,31.317,3,317.1384,0,4,1.1166,18.0,30.849,4,321.4887,0,4,-0.2723,-4.0,-0.46799999999999997,1.0,4.350300000000004,0.0,0.0
detached,run_0581,0.9259,20.0,31.313,1,302.7772,0,1,0.7353,18.0,30.915,1,297.363,0,1,-0.1906,-2.0,-0.3979999999999997,0.0,-5.414199999999994,0.0,0.0
detached,run_0582,0.5991,18.0,30.643,1,118.5887,0,1,0.4085,14.0,30.276,4,115.4579,0,4,-0.1906,-4.0,-0.3670000000000009,3.0,-3.130800000000008,0.0,3.0
detached,run_0583,0.1362,9.0,29.792,1,45.5874,0,1,0.0817,5.0,29.263,1,43.8868,0,1,-0.05449999999999999,-4.0,-0.5289999999999999,0.0,-1.7006000000000014,0.0,0.0
detached,run_0584,0.354,12.0,30.226,0,166.5144,0,0,0.1089,9.0,29.687,1,157.7119,0,1,-0.24509999999999998,-3.0,-0.5389999999999979,1.0,-8.80249999999998,0.0,1.0
detached,run_0585,1.4434,23.0,31.612,1,375.0623,0,1,1.3617,22.0,31.225,2,369.3933,0,2,-0.0817000000000001,-1.0,-0.3869999999999969,1.0,-5.668999999999983,0.0,1.0
detached,run_0586,0.0817,6.0,29.471,0,47.137,0,0,0.0,3.0,28.943,0,46.58,0,0,-0.0817,-3.0,-0.5279999999999987,0.0,-0.5570000000000022,0.0,0.0
detached,run_0587,0.0,5.0,29.243,1,28.2017,0,1,0.0,0.0,28.736,0,28.0694,0,0,0.0,-5.0,-0.5069999999999979,-1.0,-0.1322999999999972,0.0,-1.0
detached,run_0588,0.3813,12.0,30.421,1,95.2349,0,1,0.1906,10.0,29.876,1,92.3706,0,1,-0.19069999999999998,-2.0,-0.5449999999999982,0.0,-2.8643,0.0,0.0
detached,run_0589,0.1362,8.0,29.795,0,58.195,0,0,0.0545,5.0,29.189,0,57.8841,0,0,-0.0817,-3.0,-0.6060000000000016,0.0,-0.31090000000000373,0.0,0.0
detached,run_0590,0.817,19.0,31.003,1,198.1601,0,1,0.4902,14.0,30.597,3,193.9635,0,3,-0.3267999999999999,-5.0,-0.4059999999999988,2.0,-4.1965999999999894,0.0,2.0
detached,run_0591,0.0,4.0,29.014,0,47.1482,0,0,0.0,0.0,28.637,0,46.5047,0,0,0.0,-4.0,-0.3769999999999989,0.0,-0.6435000000000031,0.0,0.0
detached,run_0592,0.1089,6.0,29.592,0,54.1707,0,0,0.0,4.0,29.081,0,53.3796,0,0,-0.1089,-2.0,-0.5109999999999992,0.0,-0.791099999999993,0.0,0.0
detached,run_0593,0.5447,17.0,30.875,2,75.1475,0,2,0.2451,13.0,30.318,4,73.2718,0,4,-0.2996,-4.0,-0.5569999999999986,2.0,-1.8756999999999948,0.0,2.0
detached,run_0594,0.0817,5.0,29.469,0,62.6497,0,0,0.0,3.0,28.993,0,61.4087,0,0,-0.0817,-2.0,-0.47600000000000264,0.0,-1.2409999999999997,0.0,0.0
detached,run_0595,0.3813,12.0,30.259,0,166.6508,0,0,0.1089,9.0,29.788,0,154.5911,0,0,-0.2724,-3.0,-0.4710000000000001,0.0,-12.059699999999992,0.0,0.0
detached,run_0596,0.1089,6.0,29.506,0,80.1395,0,0,0.0,4.0,29.026,0,79.3551,0,0,-0.1089,-2.0,-0.4800000000000004,0.0,-0.7844000000000051,0.0,0.0
detached,run_0597,0.2179,10.0,30.024,0,81.4055,0,0,0.0817,5.0,29.465,0,83.1121,0,0,-0.13620000000000002,-5.0,-0.559000000000001,0.0,1.7065999999999946,0.0,0.0
detached,run_0598,0.1089,5.0,29.562,2,21.8942,0,2,0.0,4.0,28.997,2,21.4005,0,2,-0.1089,-1.0,-0.5650000000000013,0.0,-0.49370000000000047,0.0,0.0
detached,run_0599,0.1089,5.0,29.637,1,66.4515,0,1,0.0545,5.0,29.234,1,66.8507,0,1,-0.0544,0.0,-0.4029999999999987,0.0,0.39920000000000755,0.0,0.0
detached,run_0600,0.7081,17.0,30.835,1,233.7343,0,1,0.3813,13.0,30.324,2,223.9719,0,2,-0.3268,-4.0,-0.5109999999999992,1.0,-9.762399999999985,0.0,1.0
detached,run_0601,0.2451,10.0,29.998,0,49.3173,0,0,0.0817,5.0,29.487,1,47.5902,0,1,-0.16340000000000002,-5.0,-0.5110000000000028,1.0,-1.7271,0.0,1.0
detached,run_0602,0.0272,5.0,29.143,0,43.895,0,0,0.0,2.0,28.726,0,42.276,0,0,-0.0272,-3.0,-0.4170000000000016,0.0,-1.6189999999999998,0.0,0.0
detached,run_0603,0.5174,14.0,30.617,4,41.7372,0,5,0.2451,10.0,30.055,4,39.9096,0,4,-0.2723,-4.0,-0.5620000000000012,0.0,-1.8276000000000039,0.0,-1.0
detached,run_0604,0.2996,12.0,30.425,0,69.2887,0,0,0.2179,9.0,29.827,1,68.1453,0,1,-0.08169999999999997,-3.0,-0.597999999999999,1.0,-1.1433999999999997,0.0,1.0
detached,run_0605,0.8987,19.0,31.237,1,331.1165,0,1,0.5719,15.0,30.682,1,308.4839,0,1,-0.3268000000000001,-4.0,-0.5549999999999997,0.0,-22.632599999999968,0.0,0.0
detached,run_0606,0.4085,12.0,30.363,0,79.9387,0,0,0.2451,11.0,29.93,1,77.041,0,1,-0.16339999999999996,-1.0,-0.43299999999999983,1.0,-2.8977000000000004,0.0,1.0
detached,run_0607,0.1089,9.0,29.698,0,215.4174,0,0,0.0545,4.0,29.242,0,212.9478,0,0,-0.0544,-5.0,-0.4559999999999995,0.0,-2.4695999999999856,0.0,0.0
detached,run_0608,0.3813,11.0,30.177,0,44.5447,0,0,0.1362,7.0,29.716,1,43.5472,0,1,-0.24509999999999998,-4.0,-0.4609999999999985,1.0,-0.9975000000000023,0.0,1.0
detached,run_0609,0.0817,5.0,29.481,0,61.2588,0,0,0.0,3.0,29.128,0,60.0053,0,0,-0.0817,-2.0,-0.35300000000000153,0.0,-1.2535000000000025,0.0,0.0
detached,run_0610,0.4085,12.0,30.566,1,435.5945,0,1,0.2996,12.0,30.16,1,402.1085,0,1,-0.1089,0.0,-0.4059999999999988,0.0,-33.48599999999999,0.0,0.0
detached,run_0611,0.4085,13.0,30.445,1,98.6927,0,1,0.2451,10.0,29.971,2,96.923,0,2,-0.16339999999999996,-3.0,-0.4740000000000002,1.0,-1.7697000000000003,0.0,1.0
detached,run_0612,0.2179,9.0,29.79,1,59.0676,0,1,0.0817,5.0,29.344,1,58.7685,0,1,-0.13620000000000002,-4.0,-0.44599999999999795,0.0,-0.2990999999999957,0.0,0.0
detached,run_0613,1.0349,21.0,31.274,8,173.1451,0,10,0.8715,18.0,30.806,9,175.1745,0,19,-0.16339999999999988,-3.0,-0.46799999999999997,1.0,2.029399999999981,0.0,9.0
detached,run_0614,0.2179,9.0,29.814,0,87.8436,0,0,0.0817,5.0,29.446,0,84.2538,0,0,-0.13620000000000002,-4.0,-0.36799999999999855,0.0,-3.5897999999999968,0.0,0.0
detached,run_0615,0.0545,5.0,29.413,1,24.7297,0,1,0.0,4.0,29.062,1,23.9308,0,1,-0.0545,-1.0,-0.3509999999999991,0.0,-0.7988999999999997,0.0,0.0
detached,run_0616,0.4902,14.0,30.594,1,69.8006,0,1,0.2451,10.0,30.102,2,68.0621,0,2,-0.2451,-4.0,-0.4920000000000009,1.0,-1.738500000000002,0.0,1.0
detached,run_0617,0.1634,10.0,29.905,0,63.7147,0,0,0.0545,5.0,29.289,0,62.2726,0,0,-0.1089,-5.0,-0.6159999999999997,0.0,-1.4421000000000035,0.0,0.0
detached,run_0618,0.1906,9.0,29.965,0,221.4105,0,0,0.0817,5.0,29.491,0,209.9839,0,0,-0.1089,-4.0,-0.4740000000000002,0.0,-11.426600000000008,0.0,0.0
detached,run_0619,0.4902,17.0,30.689,1,145.4077,0,1,0.2723,11.0,30.09,4,141.7791,0,4,-0.21790000000000004,-6.0,-0.5990000000000002,3.0,-3.628600000000006,0.0,3.0
detached,run_0620,0.3813,12.0,30.449,0,199.1022,0,0,0.1362,9.0,29.987,0,187.203,0,0,-0.24509999999999998,-3.0,-0.4620000000000033,0.0,-11.899200000000008,0.0,0.0
detached,run_0621,0.3813,12.0,30.631,1,108.4332,0,1,0.2451,10.0,30.084,1,108.4032,0,1,-0.13619999999999996,-2.0,-0.5470000000000006,0.0,-0.030000000000001137,0.0,0.0
detached,run_0622,0.0,0.0,29.01,3,12.8691,0,3,0.0,0.0,28.395,2,12.8435,0,2,0.0,0.0,-0.615000000000002,-1.0,-0.025599999999998957,0.0,-1.0
detached,run_0623,0.0545,5.0,29.292,0,39.6841,0,0,0.0,3.0,28.867,0,38.8997,0,0,-0.0545,-2.0,-0.4250000000000007,0.0,-0.784399999999998,0.0,0.0
detached,run_0624,0.1089,8.0,29.679,0,82.0079,0,0,0.0545,4.0,29.27,0,81.8275,0,0,-0.0544,-4.0,-0.4089999999999989,0.0,-0.1804000000000059,0.0,0.0
detached,run_0625,0.2723,11.0,30.277,0,137.7215,0,0,0.1089,8.0,29.702,1,134.9036,0,1,-0.1634,-3.0,-0.5749999999999993,1.0,-2.8178999999999803,0.0,1.0
detached,run_0626,0.4085,12.0,30.136,1,56.3656,0,1,0.1089,7.0,29.67,1,54.3708,0,1,-0.2996,-5.0,-0.4659999999999975,0.0,-1.994799999999998,0.0,0.0
detached,run_0627,1.3072,23.0,31.472,22,36.5789,0,33,0.8987,21.0,30.968,23,35.0963,0,49,-0.40849999999999986,-2.0,-0.5040000000000013,1.0,-1.482599999999998,0.0,16.0
detached,run_0628,0.1089,9.0,29.739,0,96.0055,0,0,0.0545,4.0,29.272,0,90.5763,0,0,-0.0544,-5.0,-0.4670000000000023,0.0,-5.4291999999999945,0.0,0.0
detached,run_0629,0.0,0.0,28.927,1,23.2784,0,1,0.0,0.0,28.464,1,23.1705,0,1,0.0,0.0,-0.46300000000000097,0.0,-0.10790000000000077,0.0,0.0
detached,run_0630,0.4357,13.0,30.396,1,42.6891,0,1,0.2451,10.0,29.932,2,41.8668,0,2,-0.19059999999999996,-3.0,-0.4640000000000022,1.0,-0.8223000000000056,0.0,1.0
detached,run_0631,0.0272,5.0,29.152,0,64.2487,0,0,0.0,2.0,28.754,0,63.4904,0,0,-0.0272,-3.0,-0.3979999999999997,0.0,-0.7582999999999984,0.0,0.0
detached,run_0632,0.1089,9.0,29.814,0,153.3299,0,0,0.0817,5.0,29.408,0,146.3787,0,0,-0.027200000000000002,-4.0,-0.4059999999999988,0.0,-6.9512,0.0,0.0
detached,run_0633,0.5174,15.0,30.569,2,87.8981,0,2,0.2996,11.0,30.142,6,85.8316,0,6,-0.2178,-4.0,-0.4269999999999996,4.0,-2.066500000000005,0.0,4.0
detached,run_0634,0.0817,5.0,29.364,1,30.4042,0,1,0.0,3.0,28.963,1,30.4072,0,1,-0.0817,-2.0,-0.4009999999999998,0.0,0.0030000000000001137,0.0,0.0
detached,run_0635,0.0545,5.0,29.327,0,76.4894,0,0,0.0,3.0,28.944,0,74.2271,0,0,-0.0545,-2.0,-0.38300000000000267,0.0,-2.2623000000000104,0.0,0.0
detached,run_0636,0.0,3.0,29.041,0,55.9577,0,0,0.0,2.0,28.703,0,55.8235,0,0,0.0,-1.0,-0.33800000000000097,0.0,-0.13419999999999987,0.0,0.0
detached,run_0637,0.7898,20.0,31.251,1,244.3273,0,1,0.6808,18.0,30.867,2,237.4646,0,2,-0.10899999999999999,-2.0,-0.38400000000000034,1.0,-6.862700000000018,0.0,1.0
detached,run_0638,0.354,11.0,30.154,1,68.9782,0,1,0.2179,9.0,29.795,3,67.3736,0,3,-0.13609999999999997,-2.0,-0.3589999999999982,2.0,-1.604600000000005,0.0,2.0
detached,run_0639,0.0,4.0,29.102,0,48.8567,0,0,0.0,0.0,28.648,0,48.7101,0,0,0.0,-4.0,-0.4540000000000006,0.0,-0.1465999999999994,0.0,0.0
detached,run_0640,0.5991,15.0,30.769,0,104.6193,0,0,0.4085,12.0,30.269,1,97.7519,0,1,-0.1906,-3.0,-0.5,1.0,-6.867399999999989,0.0,1.0
detached,run_0641,0.3268,11.0,30.145,1,65.3086,0,1,0.1089,6.0,29.701,1,64.7324,0,1,-0.21789999999999998,-5.0,-0.44399999999999906,0.0,-0.5762,0.0,0.0
detached,run_0642,0.3813,11.0,30.282,0,157.1858,0,0,0.1634,9.0,29.741,1,148.6667,0,1,-0.21789999999999998,-2.0,-0.5410000000000004,1.0,-8.519100000000009,0.0,1.0
detached,run_0643,0.0817,5.0,29.595,0,46.878,0,0,0.0,3.0,29.141,0,45.2029,0,0,-0.0817,-2.0,-0.4540000000000006,0.0,-1.6751000000000005,0.0,0.0
detached,run_0644,0.7898,19.0,30.869,1,87.101,0,1,0.4085,14.0,30.334,1,80.8477,0,1,-0.3813,-5.0,-0.5350000000000001,0.0,-6.253299999999996,0.0,0.0
detached,run_0645,0.2723,10.0,29.99,0,69.6722,0,0,0.0817,6.0,29.473,1,68.3914,0,1,-0.1906,-4.0,-0.5169999999999995,1.0,-1.2807999999999993,0.0,1.0
detached,run_0646,0.2451,9.0,30.046,2,37.7941,0,2,0.0817,5.0,29.524,2,37.7593,0,2,-0.16340000000000002,-4.0,-0.5219999999999985,0.0,-0.034799999999997056,0.0,0.0
detached,run_0647,0.1089,6.0,29.63,1,47.3967,0,1,0.0,3.0,29.104,0,47.1673,0,0,-0.1089,-3.0,-0.5259999999999998,-1.0,-0.22940000000000538,0.0,-1.0
detached,run_0648,0.1089,8.0,29.734,0,83.4266,0,0,0.0545,4.0,29.231,0,78.9614,0,0,-0.0544,-4.0,-0.5030000000000001,0.0,-4.465199999999996,0.0,0.0
detached,run_0649,0.4357,13.0,30.584,1,206.2635,0,1,0.354,12.0,30.151,1,198.1187,0,1,-0.0817,-1.0,-0.43299999999999983,0.0,-8.144800000000004,0.0,0.0
detached,run_0650,0.4085,12.0,30.302,1,50.9196,0,1,0.1089,6.0,29.688,1,50.5064,0,1,-0.2996,-6.0,-0.6140000000000008,0.0,-0.41320000000000334,0.0,0.0
detached,run_0651,0.1906,10.0,29.912,0,79.302,0,0,0.0817,5.0,29.391,0,77.0548,0,0,-0.1089,-5.0,-0.5210000000000008,0.0,-2.2472000000000065,0.0,0.0
detached,run_0652,0.2179,10.0,29.855,2,19.6504,0,2,0.0817,5.0,29.416,4,19.1925,0,4,-0.13620000000000002,-5.0,-0.43900000000000006,2.0,-0.4579000000000022,0.0,2.0
detached,run_0653,0.1089,6.0,29.602,0,67.3783,0,0,0.0272,4.0,29.165,0,66.0017,0,0,-0.0817,-2.0,-0.43700000000000117,0.0,-1.3765999999999963,0.0,0.0
detached,run_0654,0.1362,6.0,29.721,1,69.6073,0,1,0.0,5.0,29.33,1,69.1819,0,1,-0.1362,-1.0,-0.3910000000000018,0.0,-0.4253999999999962,0.0,0.0
detached,run_0655,0.0,3.0,28.919,0,23.5614,0,0,0.0,0.0,28.455,0,23.7404,0,0,0.0,-3.0,-0.4640000000000022,0.0,0.17900000000000205,0.0,0.0
detached,run_0656,0.2451,9.0,30.047,1,41.3391,0,1,0.0817,5.0,29.507,1,40.6095,0,1,-0.16340000000000002,-4.0,-0.5399999999999991,0.0,-0.7296000000000049,0.0,0.0
detached,run_0657,0.2179,9.0,29.861,1,75.709,0,1,0.0817,5.0,29.494,1,75.6481,0,1,-0.13620000000000002,-4.0,-0.3670000000000009,0.0,-0.06090000000000373,0.0,0.0
detached,run_0658,0.2451,11.0,30.153,0,87.3676,0,0,0.1089,9.0,29.738,0,83.8442,0,0,-0.13620000000000002,-2.0,-0.41499999999999915,0.0,-3.523399999999995,0.0,0.0
detached,run_0659,0.354,12.0,30.219,1,276.9978,0,16,0.1362,9.0,29.733,1,266.3902,0,8,-0.2178,-3.0,-0.48600000000000065,0.0,-10.60759999999999,0.0,-8.0
detached,run_0660,0.1089,7.0,29.545,0,129.6595,0,0,0.0,4.0,29.157,0,120.1175,0,0,-0.1089,-3.0,-0.3880000000000017,0.0,-9.542000000000002,0.0,0.0
detached,run_0661,0.1089,8.0,29.804,0,86.7133,0,0,0.0817,5.0,29.418,0,85.4425,0,0,-0.027200000000000002,-3.0,-0.38599999999999923,0.0,-1.2708000000000084,0.0,0.0
detached,run_0662,0.0545,5.0,29.258,0,60.3659,0,0,0.0,3.0,28.914,0,56.7948,0,0,-0.0545,-2.0,-0.34399999999999764,0.0,-3.5711000000000013,0.0,0.0
detached,run_0663,0.0545,5.0,29.36,0,75.4948,0,0,0.0,3.0,29.023,0,75.8164,0,0,-0.0545,-2.0,-0.33699999999999974,0.0,0.32160000000000366,0.0,0.0
detached,run_0664,0.1089,6.0,29.601,0,130.4791,0,0,0.0,4.0,29.136,0,127.2218,0,0,-0.1089,-2.0,-0.46499999999999986,0.0,-3.2572999999999865,0.0,0.0
detached,run_0665,0.0545,4.0,29.156,0,47.5862,0,0,0.0,2.0,28.721,0,47.487,0,0,-0.0545,-2.0,-0.4349999999999987,0.0,-0.09919999999999618,0.0,0.0
detached,run_0666,0.463,16.0,30.758,1,368.9401,0,1,0.3813,12.0,30.383,2,351.795,0,2,-0.08170000000000005,-4.0,-0.375,1.0,-17.145099999999957,0.0,1.0
detached,run_0667,0.5174,15.0,30.785,0,238.7389,0,0,0.354,12.0,30.278,1,225.0526,0,1,-0.1634,-3.0,-0.5070000000000014,1.0,-13.686299999999989,0.0,1.0
detached,run_0668,0.2451,10.0,30.055,1,50.5154,0,1,0.1362,6.0,29.675,1,49.3966,0,1,-0.10890000000000002,-4.0,-0.379999999999999,0.0,-1.1188000000000002,0.0,0.0
detached,run_0669,0.4357,13.0,30.651,1,250.0728,0,1,0.2723,11.0,30.144,1,240.0683,0,1,-0.1634,-2.0,-0.5070000000000014,0.0,-10.004500000000007,0.0,0.0
detached,run_0670,0.3813,12.0,30.12,0,147.8755,0,0,0.1089,7.0,29.65,1,136.0797,0,1,-0.2724,-5.0,-0.4700000000000024,1.0,-11.795799999999986,0.0,1.0
detached,run_0671,0.0817,5.0,29.531,0,66.8013,0,0,0.0,3.0,29.064,0,63.0029,0,0,-0.0817,-2.0,-0.46699999999999875,0.0,-3.798400000000001,0.0,0.0
detached,run_0672,0.1362,9.0,29.767,1,53.5763,0,1,0.0272,5.0,29.259,1,52.4526,0,1,-0.10899999999999999,-4.0,-0.5079999999999991,0.0,-1.1237000000000066,0.0,0.0
detached,run_0673,0.5991,17.0,30.924,1,244.8986,0,1,0.3813,12.0,30.332,1,239.5532,0,1,-0.2178,-5.0,-0.5919999999999987,0.0,-5.345399999999984,0.0,0.0
detached,run_0674,0.2451,9.0,29.922,0,58.6998,0,0,0.0817,5.0,29.517,0,57.9821,0,0,-0.16340000000000002,-4.0,-0.40500000000000114,0.0,-0.7177000000000007,0.0,0.0
detached,run_0675,0.1089,9.0,29.689,0,79.2938,0,0,0.0817,5.0,29.372,0,74.1426,0,0,-0.027200000000000002,-4.0,-0.31700000000000017,0.0,-5.151200000000003,0.0,0.0
detached,run_0676,0.3813,12.0,30.268,0,134.6418,0,0,0.1089,9.0,29.781,0,131.5977,0,0,-0.2724,-3.0,-0.4870000000000019,0.0,-3.044099999999986,0.0,0.0
detached,run_0677,0.1906,9.0,29.801,0,45.0878,0,0,0.0817,5.0,29.301,1,44.5886,0,1,-0.1089,-4.0,-0.5,1.0,-0.49920000000000186,0.0,1.0
detached,run_0678,0.0272,5.0,29.167,0,41.9368,0,0,0.0,1.0,28.681,0,41.2356,0,0,-0.0272,-4.0,-0.48600000000000065,0.0,-0.7012,0.0,0.0
detached,run_0679,0.2451,10.0,29.985,0,76.3888,0,0,0.1089,6.0,29.565,1,74.63,0,1,-0.13620000000000002,-4.0,-0.41999999999999815,1.0,-1.758800000000008,0.0,1.0
detached,run_0680,0.2451,11.0,30.253,0,137.1917,0,0,0.1089,8.0,29.754,1,128.7753,0,1,-0.13620000000000002,-3.0,-0.4989999999999988,1.0,-8.41640000000001,0.0,1.0
detached,run_0681,0.2723,10.0,30.012,0,98.6369,0,0,0.1089,7.0,29.549,0,93.3099,0,0,-0.1634,-3.0,-0.46300000000000097,0.0,-5.326999999999998,0.0,0.0
detached,run_0682,0.354,12.0,30.448,0,139.472,0,0,0.1089,10.0,29.884,1,137.1854,0,1,-0.24509999999999998,-2.0,-0.5640000000000001,1.0,-2.2866000000000213,0.0,1.0
detached,run_0683,0.4085,13.0,30.333,1,118.7572,0,1,0.1634,7.0,29.761,2,116.5411,0,2,-0.24509999999999998,-6.0,-0.5719999999999992,1.0,-2.2160999999999973,0.0,1.0
detached,run_0684,0.5447,14.0,30.525,0,304.1302,0,0,0.2451,11.0,30.013,1,284.1159,0,1,-0.2996,-3.0,-0.5119999999999969,1.0,-20.01429999999999,0.0,1.0
detached,run_0685,0.1634,9.0,29.925,1,99.2998,0,1,0.0817,5.0,29.457,1,98.5355,0,1,-0.0817,-4.0,-0.46799999999999997,0.0,-0.7643000000000058,0.0,0.0
detached,run_0686,0.2996,11.0,30.051,1,53.6108,0,1,0.1089,7.0,29.554,1,50.2313,0,1,-0.19069999999999998,-4.0,-0.4969999999999999,0.0,-3.3795,0.0,0.0
detached,run_0687,0.1089,7.0,29.684,0,63.8755,0,0,0.0545,4.0,29.248,0,62.0778,0,0,-0.0544,-3.0,-0.43599999999999994,0.0,-1.797699999999999,0.0,0.0
detached,run_0688,0.0817,5.0,29.474,0,67.9368,0,0,0.0,4.0,29.033,0,64.4704,0,0,-0.0817,-1.0,-0.44099999999999895,0.0,-3.4664000000000073,0.0,0.0
detached,run_0689,0.2179,9.0,29.887,0,71.0744,0,0,0.0817,5.0,29.449,1,70.7107,0,1,-0.13620000000000002,-4.0,-0.43799999999999883,1.0,-0.36369999999999436,0.0,1.0
detached,run_0690,0.3813,12.0,30.394,0,140.2431,0,0,0.1362,9.0,29.826,1,132.2406,0,1,-0.24509999999999998,-3.0,-0.5679999999999978,1.0,-8.002499999999998,0.0,1.0
detached,run_0691,1.0621,22.0,31.305,1,86.6611,0,1,0.8442,18.0,30.815,4,83.2693,0,4,-0.2179000000000001,-4.0,-0.48999999999999844,3.0,-3.3918000000000035,0.0,3.0
detached,run_0692,0.4357,12.0,30.461,4,281.9314,0,24,0.2451,10.0,29.955,1,281.7284,0,16,-0.19059999999999996,-2.0,-0.5060000000000002,-3.0,-0.20299999999997453,0.0,-8.0
detached,run_0693,0.354,12.0,30.373,0,104.8576,0,0,0.1089,9.0,29.769,0,102.5599,0,0,-0.24509999999999998,-3.0,-0.6040000000000028,0.0,-2.297700000000006,0.0,0.0
detached,run_0694,0.2996,11.0,30.408,1,88.5566,0,1,0.1362,10.0,29.888,1,86.5029,0,1,-0.1634,-1.0,-0.5199999999999996,0.0,-2.0537000000000063,0.0,0.0
detached,run_0695,0.4085,12.0,30.336,0,56.7031,0,0,0.2179,9.0,29.807,1,55.9334,0,1,-0.19059999999999996,-3.0,-0.5289999999999999,1.0,-0.7697000000000003,0.0,1.0
detached,run_0696,0.3268,11.0,30.436,1,249.1926,0,1,0.1362,10.0,29.861,1,242.4328,0,1,-0.1906,-1.0,-0.5749999999999993,0.0,-6.759800000000013,0.0,0.0
detached,run_0697,0.8987,21.0,31.141,1,91.1446,0,1,0.8442,18.0,30.832,4,87.9806,0,4,-0.054500000000000104,-3.0,-0.3089999999999975,3.0,-3.1640000000000015,0.0,3.0
detached,run_0698,0.2451,9.0,30.086,1,55.4899,0,1,0.0817,5.0,29.515,1,54.6962,0,1,-0.16340000000000002,-4.0,-0.570999999999998,0.0,-0.7937000000000012,0.0,0.0
detached,run_0699,0.0,5.0,29.428,1,19.6287,0,1,0.0,0.0,28.868,2,19.427,0,2,0.0,-5.0,-0.5600000000000023,1.0,-0.20169999999999888,0.0,1.0
detached,run_0700,0.1089,9.0,29.673,0,75.1534,0,0,0.0545,5.0,29.256,0,73.8911,0,0,-0.0544,-4.0,-0.41699999999999804,0.0,-1.2623000000000104,0.0,0.0
detached,run_0701,0.2451,11.0,30.1,1,56.3694,0,11,0.0817,5.0,29.601,2,50.3563,0,6,-0.16340000000000002,-6.0,-0.49900000000000233,1.0,-6.013100000000001,0.0,-5.0
detached,run_0702,0.3813,12.0,30.55,1,104.1867,0,1,0.2451,10.0,30.051,1,97.46,0,1,-0.13619999999999996,-2.0,-0.49900000000000233,0.0,-6.726700000000008,0.0,0.0
detached,run_0703,0.2451,11.0,30.033,0,114.7065,0,0,0.1089,6.0,29.576,0,111.2053,0,0,-0.13620000000000002,-5.0,-0.45700000000000074,0.0,-3.5012000000000114,0.0,0.0
detached,run_0704,0.1089,6.0,29.554,0,67.357,0,0,0.0,4.0,29.137,0,66.2428,0,0,-0.1089,-2.0,-0.41699999999999804,0.0,-1.1141999999999967,0.0,0.0
detached,run_0705,0.5447,16.0,30.755,0,195.384,0,0,0.4085,12.0,30.343,1,180.9458,0,1,-0.1362,-4.0,-0.41199999999999903,1.0,-14.438199999999995,0.0,1.0
detached,run_0706,0.4357,14.0,30.621,1,272.9108,0,1,0.2723,12.0,30.134,1,262.6117,0,1,-0.1634,-2.0,-0.4869999999999983,0.0,-10.29910000000001,0.0,0.0
detached,run_0707,0.3813,12.0,30.5,0,202.5781,0,0,0.1906,10.0,29.974,1,187.9977,0,1,-0.19069999999999998,-2.0,-0.5259999999999998,1.0,-14.580399999999997,0.0,1.0
detached,run_0708,0.2179,9.0,29.941,0,120.3113,0,0,0.0817,5.0,29.443,0,118.7494,0,0,-0.13620000000000002,-4.0,-0.49799999999999756,0.0,-1.5619000000000085,0.0,0.0
detached,run_0709,0.2451,11.0,30.178,0,134.6574,0,0,0.1089,6.0,29.632,1,128.4585,0,1,-0.13620000000000002,-5.0,-0.5459999999999994,1.0,-6.198900000000009,0.0,1.0
detached,run_0710,0.0545,5.0,29.347,0,49.2093,0,0,0.0,3.0,28.862,0,47.9122,0,0,-0.0545,-2.0,-0.485000000000003,0.0,-1.2971000000000004,0.0,0.0
detached,run_0711,0.4085,12.0,30.168,1,56.7714,0,1,0.1634,10.0,29.745,1,54.4536,0,1,-0.24509999999999998,-2.0,-0.42299999999999827,0.0,-2.3177999999999983,0.0,0.0
detached,run_0712,0.2451,10.0,29.99,0,75.2516,0,0,0.0817,5.0,29.427,0,71.2501,0,0,-0.16340000000000002,-5.0,-0.5629999999999988,0.0,-4.001499999999993,0.0,0.0
detached,run_0713,0.4357,12.0,30.513,0,169.6782,0,0,0.2179,11.0,29.996,1,160.2079,0,1,-0.21779999999999997,-1.0,-0.517000000000003,1.0,-9.470300000000009,0.0,1.0
detached,run_0714,0.1089,9.0,29.784,0,93.1219,0,0,0.0545,4.0,29.34,0,94.1169,0,0,-0.0544,-5.0,-0.44399999999999906,0.0,0.9950000000000045,0.0,0.0
detached,run_0715,0.0817,5.0,29.582,0,73.7197,0,0,0.0272,4.0,29.172,0,73.3807,0,0,-0.05449999999999999,-1.0,-0.41000000000000014,0.0,-0.33899999999999864,0.0,0.0
detached,run_0716,0.0,3.0,28.945,0,65.3982,0,0,0.0,0.0,28.542,0,62.0441,0,0,0.0,-3.0,-0.4029999999999987,0.0,-3.3541000000000025,0.0,0.0
detached,run_0717,0.0817,6.0,29.474,0,55.6238,0,0,0.0,4.0,29.12,0,54.0688,0,0,-0.0817,-2.0,-0.3539999999999992,0.0,-1.5549999999999997,0.0,0.0
detached,run_0718,0.1089,6.0,29.619,0,115.3185,0,0,0.0545,4.0,29.15,0,111.7297,0,0,-0.0544,-2.0,-0.4690000000000012,0.0,-3.588800000000006,0.0,0.0
detached,run_0719,0.354,12.0,30.541,1,136.763,0,1,0.2451,10.0,30.089,1,131.6879,0,1,-0.10889999999999997,-2.0,-0.45200000000000173,0.0,-5.075099999999992,0.0,0.0
detached,run_0720,0.2451,11.0,30.206,0,119.8573,0,0,0.1089,7.0,29.68,0,111.999,0,0,-0.13620000000000002,-4.0,-0.5259999999999998,0.0,-7.8583,0.0,0.0
detached,run_0721,0.0,4.0,29.145,0,66.9134,0,0,0.0,2.0,28.805,0,66.9625,0,0,0.0,-2.0,-0.33999999999999986,0.0,0.049100000000009913,0.0,0.0
detached,run_0722,0.7625,20.0,31.047,1,75.3028,0,1,0.4902,14.0,30.484,2,74.6055,0,2,-0.27229999999999993,-6.0,-0.5629999999999988,1.0,-0.6972999999999985,0.0,1.0
detached,run_0723,0.1634,9.0,29.987,0,65.2661,0,0,0.0817,5.0,29.419,0,64.7582,0,0,-0.0817,-4.0,-0.5679999999999978,0.0,-0.5078999999999922,0.0,0.0
detached,run_0724,0.2996,11.0,30.165,0,123.1962,0,0,0.1362,8.0,29.738,1,116.9543,0,1,-0.1634,-3.0,-0.4269999999999996,1.0,-6.241900000000001,0.0,1.0
detached,run_0725,0.4085,13.0,30.552,1,231.3402,0,1,0.2451,10.0,29.886,1,232.9297,0,1,-0.16339999999999996,-3.0,-0.6660000000000004,0.0,1.5894999999999868,0.0,0.0
detached,run_0726,0.2179,10.0,29.897,0,98.385,0,0,0.0817,6.0,29.452,1,96.4825,0,1,-0.13620000000000002,-4.0,-0.44499999999999673,1.0,-1.9025000000000034,0.0,1.0
detached,run_0727,0.3813,12.0,30.247,1,39.2931,0,1,0.2451,10.0,29.858,2,37.988,0,2,-0.13619999999999996,-2.0,-0.38899999999999935,1.0,-1.305100000000003,0.0,1.0
detached,run_0728,0.1906,9.0,29.83,0,69.55,0,0,0.0817,6.0,29.412,0,67.4636,0,0,-0.1089,-3.0,-0.41799999999999926,0.0,-2.0863999999999976,0.0,0.0
detached,run_0729,0.0545,4.0,29.409,0,69.1549,0,0,0.0,4.0,29.007,0,67.6074,0,0,-0.0545,0.0,-0.40199999999999747,0.0,-1.5474999999999994,0.0,0.0
detached,run_0730,0.0,3.0,28.972,0,50.7057,0,0,0.0,0.0,28.638,0,50.5497,0,0,0.0,-3.0,-0.33399999999999963,0.0,-0.1559999999999988,0.0,0.0
detached,run_0731,0.7898,21.0,31.125,1,244.751,0,1,0.5719,17.0,30.717,2,232.8832,0,2,-0.21789999999999998,-4.0,-0.40800000000000125,1.0,-11.867800000000017,0.0,1.0
detached,run_0732,0.4902,14.0,30.522,1,54.2258,0,1,0.2451,10.0,29.99,4,53.5164,0,4,-0.2451,-4.0,-0.532,3.0,-0.7094000000000023,0.0,3.0
detached,run_0733,0.2451,11.0,30.184,1,59.8517,0,1,0.1089,6.0,29.723,1,57.9276,0,1,-0.13620000000000002,-5.0,-0.4610000000000021,0.0,-1.9241000000000028,0.0,0.0
detached,run_0734,0.0,0.0,28.718,0,39.8327,0,0,0.0,0.0,28.348,0,39.6901,0,0,0.0,0.0,-0.370000000000001,0.0,-0.14260000000000161,0.0,0.0
detached,run_0735,0.2996,12.0,30.145,0,130.2819,0,0,0.1089,9.0,29.681,0,125.2093,0,0,-0.19069999999999998,-3.0,-0.46399999999999864,0.0,-5.072600000000008,0.0,0.0
detached,run_0736,0.0,2.0,28.923,0,30.6149,0,0,0.0,0.0,28.541,0,30.4071,0,0,0.0,-2.0,-0.3819999999999979,0.0,-0.20779999999999887,0.0,0.0
detached,run_0737,0.2723,11.0,30.127,0,84.0743,0,0,0.1362,9.0,29.759,1,81.4093,0,1,-0.1361,-2.0,-0.36799999999999855,1.0,-2.664999999999992,0.0,1.0
detached,run_0738,0.0817,5.0,29.439,1,35.001,0,1,0.0,4.0,29.004,1,34.7843,0,1,-0.0817,-1.0,-0.4349999999999987,0.0,-0.2166999999999959,0.0,0.0
detached,run_0739,0.1089,9.0,29.894,0,115.0881,0,0,0.0817,5.0,29.374,0,112.1013,0,0,-0.027200000000000002,-4.0,-0.5199999999999996,0.0,-2.9868000000000023,0.0,0.0
detached,run_0740,0.2179,9.0,29.8,1,45.8218,0,1,0.0272,5.0,29.348,1,45.5058,0,1,-0.1907,-4.0,-0.45200000000000173,0.0,-0.3160000000000025,0.0,0.0
detached,run_0741,0.5719,16.0,30.698,1,47.6163,0,1,0.3813,12.0,30.191,3,46.5461,0,3,-0.1906,-4.0,-0.5070000000000014,2.0,-1.0701999999999998,0.0,2.0
detached,run_0742,0.0817,5.0,29.548,0,56.8273,0,0,0.0,4.0,29.058,0,56.8345,0,0,-0.0817,-1.0,-0.48999999999999844,0.0,0.007199999999997431,0.0,0.0
detached,run_0743,0.1089,6.0,29.645,2,56.007,0,2,0.0272,4.0,29.266,6,55.8743,0,6,-0.0817,-2.0,-0.37900000000000134,4.0,-0.13269999999999982,0.0,4.0
detached,run_0744,0.6264,16.0,30.789,8,587.3383,0,37,0.463,13.0,30.396,1,603.4375,0,30,-0.16339999999999993,-3.0,-0.3930000000000007,-7.0,16.099199999999996,0.0,-7.0
detached,run_0745,0.2451,11.0,30.314,1,196.8461,0,1,0.1362,8.0,29.803,1,189.4628,0,1,-0.10890000000000002,-3.0,-0.5109999999999992,0.0,-7.38330000000002,0.0,0.0
detached,run_0746,0.0,3.0,28.933,0,29.8701,0,0,0.0,0.0,28.519,0,29.4996,0,0,0.0,-3.0,-0.4140000000000015,0.0,-0.37049999999999983,0.0,0.0
detached,run_0747,0.4357,13.0,30.518,1,74.8203,0,1,0.3268,11.0,30.123,2,72.4859,0,2,-0.1089,-2.0,-0.3949999999999996,1.0,-2.3344000000000023,0.0,1.0
detached,run_0748,0.0,5.0,29.117,0,37.2409,0,0,0.0,1.0,28.644,0,36.0437,0,0,0.0,-4.0,-0.47300000000000253,0.0,-1.1972000000000023,0.0,0.0
detached,run_0749,0.5991,19.0,30.959,1,120.772,0,1,0.3813,13.0,30.375,2,109.8379,0,2,-0.2178,-6.0,-0.5839999999999996,1.0,-10.9341,0.0,1.0
detached,run_0750,0.4357,13.0,30.631,0,85.5635,0,0,0.2451,11.0,29.983,0,84.6912,0,0,-0.19059999999999996,-2.0,-0.6479999999999997,0.0,-0.8723000000000098,0.0,0.0
detached,run_0751,0.1089,6.0,29.591,0,90.0134,0,0,0.0545,5.0,29.226,0,87.2587,0,0,-0.0544,-1.0,-0.365000000000002,0.0,-2.7546999999999997,0.0,0.0
detached,run_0752,0.0817,5.0,29.494,0,50.1964,0,0,0.0,3.0,28.967,0,49.9941,0,0,-0.0817,-2.0,-0.527000000000001,0.0,-0.20229999999999393,0.0,0.0
detached,run_0753,0.3813,12.0,30.29,0,157.647,0,0,0.1906,9.0,29.905,1,151.9227,0,1,-0.19069999999999998,-3.0,-0.384999999999998,1.0,-5.7242999999999995,0.0,1.0
detached,run_0754,0.2179,6.0,29.757,1,60.3346,0,1,0.0,5.0,29.354,2,60.3503,0,2,-0.2179,-1.0,-0.40300000000000225,1.0,0.015699999999995384,0.0,1.0
detached,run_0755,0.2179,10.0,30.028,0,139.7463,0,0,0.1089,8.0,29.735,0,132.3809,0,0,-0.10900000000000001,-2.0,-0.29299999999999926,0.0,-7.365399999999994,0.0,0.0
detached,run_0756,0.5991,14.0,30.641,10,28.564,0,10,0.2723,12.0,30.108,16,28.4853,0,16,-0.3268,-2.0,-0.5329999999999977,6.0,-0.07870000000000132,0.0,6.0
detached,run_0757,1.3072,22.0,31.653,3,144.6481,0,3,0.817,18.0,30.96,7,145.8832,0,7,-0.49019999999999997,-4.0,-0.6929999999999978,4.0,1.2350999999999885,0.0,4.0
detached,run_0758,0.0,4.0,29.135,0,45.9393,0,0,0.0,2.0,28.688,0,45.5176,0,0,0.0,-2.0,-0.44700000000000273,0.0,-0.4217000000000013,0.0,0.0
detached,run_0759,1.1166,21.0,31.186,10,81.1424,0,17,0.6536,17.0,30.718,8,79.8762,0,17,-0.4630000000000001,-4.0,-0.46799999999999997,-2.0,-1.2661999999999978,0.0,0.0
detached,run_0760,0.4085,16.0,30.73,1,214.0128,0,1,0.354,12.0,30.283,1,208.649,0,1,-0.05449999999999999,-4.0,-0.4469999999999992,0.0,-5.363799999999998,0.0,0.0
detached,run_0761,0.1362,9.0,29.844,0,77.591,0,0,0.0817,5.0,29.331,0,76.562,0,0,-0.05449999999999999,-4.0,-0.5130000000000017,0.0,-1.0289999999999964,0.0,0.0
detached,run_0762,0.0,4.0,29.034,0,33.2806,0,0,0.0,0.0,28.722,0,32.356,0,0,0.0,-4.0,-0.3119999999999976,0.0,-0.9245999999999981,0.0,0.0
detached,run_0763,0.0545,4.0,29.209,0,56.8379,0,0,0.0,2.0,28.82,0,56.1833,0,0,-0.0545,-2.0,-0.38899999999999935,0.0,-0.654599999999995,0.0,0.0
detached,run_0764,0.0817,5.0,29.546,1,64.9394,0,1,0.0,4.0,29.177,1,65.0634,0,1,-0.0817,-1.0,-0.3689999999999998,0.0,0.12399999999999523,0.0,0.0
detached,run_0765,0.0,4.0,29.079,0,42.882,0,0,0.0,0.0,28.664,0,43.0126,0,0,0.0,-4.0,-0.41499999999999915,0.0,0.13060000000000116,0.0,0.0
detached,run_0766,0.1089,8.0,29.745,0,94.5456,0,0,0.0545,4.0,29.278,0,92.4512,0,0,-0.0544,-4.0,-0.4670000000000023,0.0,-2.094399999999993,0.0,0.0
detached,run_0767,0.0817,6.0,29.39,0,42.0439,0,0,0.0,3.0,28.912,0,41.5228,0,0,-0.0817,-3.0,-0.47800000000000153,0.0,-0.5211000000000041,0.0,0.0
detached,run_0768,2.3693,31.0,32.372,35,241.2999,2,64,1.988,30.0,31.911,46,253.2824,0,114,-0.3813,-1.0,-0.4609999999999985,11.0,11.982499999999987,-2.0,50.0
detached,run_0769,0.0817,5.0,29.5,1,51.4428,0,1,0.0,3.0,29.091,1,51.5368,0,1,-0.0817,-2.0,-0.4089999999999989,0.0,0.0940000000000012,0.0,0.0
detached,run_0770,0.5174,16.0,30.644,1,57.3367,0,1,0.2723,12.0,30.088,4,55.6081,0,4,-0.24509999999999998,-4.0,-0.5559999999999974,3.0,-1.7286000000000001,0.0,3.0
detached,run_0771,0.3268,12.0,30.262,0,145.9283,0,0,0.1089,9.0,29.665,1,135.96,0,1,-0.21789999999999998,-3.0,-0.5970000000000013,1.0,-9.9683,0.0,1.0
detached,run_0772,0.2996,11.0,30.219,0,89.2618,0,0,0.1089,8.0,29.652,1,87.5245,0,1,-0.19069999999999998,-3.0,-0.5670000000000002,1.0,-1.7372999999999905,0.0,1.0
detached,run_0773,0.0817,5.0,29.508,1,41.5779,0,1,0.0,3.0,29.022,1,40.5004,0,1,-0.0817,-2.0,-0.48600000000000065,0.0,-1.0775000000000006,0.0,0.0
detached,run_0774,0.2996,11.0,30.14,1,78.8292,0,1,0.1362,7.0,29.708,1,76.1139,0,1,-0.1634,-4.0,-0.43200000000000216,0.0,-2.715299999999999,0.0,0.0
detached,run_0775,0.1089,5.0,29.552,0,66.8189,0,0,0.0,4.0,29.149,0,65.2207,0,0,-0.1089,-1.0,-0.4029999999999987,0.0,-1.5982000000000056,0.0,0.0
detached,run_0776,0.4357,13.0,30.631,0,162.3578,0,0,0.2723,12.0,30.09,0,151.8827,0,0,-0.1634,-1.0,-0.5410000000000004,0.0,-10.475099999999998,0.0,0.0
detached,run_0777,0.2723,11.0,30.06,1,47.4954,0,1,0.1362,6.0,29.709,1,47.1138,0,1,-0.1361,-5.0,-0.3509999999999991,0.0,-0.38159999999999883,0.0,0.0
detached,run_0778,0.2451,10.0,29.98,1,85.3973,0,1,0.0817,5.0,29.566,2,78.5772,0,2,-0.16340000000000002,-5.0,-0.4140000000000015,1.0,-6.8200999999999965,0.0,1.0
detached,run_0779,0.0545,4.0,29.435,0,73.3359,0,0,0.0,4.0,29.081,0,70.8121,0,0,-0.0545,0.0,-0.3539999999999992,0.0,-2.5237999999999943,0.0,0.0
detached,run_0780,0.0,2.0,28.823,0,46.3664,0,0,0.0,0.0,28.388,0,46.3825,0,0,0.0,-2.0,-0.4349999999999987,0.0,0.016100000000001558,0.0,0.0
detached,run_0781,0.1362,5.0,29.736,2,20.1496,0,2,0.0,4.0,29.181,2,19.4517,0,2,-0.1362,-1.0,-0.5549999999999997,0.0,-0.6979000000000006,0.0,0.0
detached,run_0782,1.0621,20.0,31.465,5,194.5196,0,5,0.6264,17.0,30.733,6,192.0936,0,6,-0.4357000000000001,-3.0,-0.7319999999999993,1.0,-2.4259999999999877,0.0,1.0
detached,run_0783,0.1089,9.0,29.778,0,85.7489,0,0,0.0545,5.0,29.306,0,79.2486,0,0,-0.0544,-4.0,-0.47199999999999775,0.0,-6.50030000000001,0.0,0.0
detached,run_0784,0.354,11.0,30.378,1,195.8506,0,1,0.1634,8.0,29.817,1,192.6322,0,1,-0.1906,-3.0,-0.5609999999999999,0.0,-3.218399999999974,0.0,0.0
detached,run_0785,0.5447,16.0,30.747,1,142.6668,0,1,0.3813,12.0,30.29,1,135.1072,0,1,-0.1634,-4.0,-0.45700000000000074,0.0,-7.559599999999989,0.0,0.0
detached,run_0786,0.2451,11.0,30.12,0,152.6896,0,0,0.1089,9.0,29.684,1,148.3573,0,1,-0.13620000000000002,-2.0,-0.43599999999999994,1.0,-4.332300000000004,0.0,1.0
detached,run_0787,0.1089,7.0,29.719,0,85.2679,0,0,0.0545,5.0,29.22,0,82.4183,0,0,-0.0544,-2.0,-0.49900000000000233,0.0,-2.8495999999999952,0.0,0.0
detached,run_0788,0.2996,10.0,30.061,1,86.7296,0,1,0.0817,6.0,29.616,2,83.9383,0,2,-0.21789999999999998,-4.0,-0.4450000000000003,1.0,-2.7913000000000068,0.0,1.0
detached,run_0789,0.0,4.0,29.337,2,34.3821,0,2,0.0,0.0,28.885,2,34.2937,0,2,0.0,-4.0,-0.4519999999999982,0.0,-0.08840000000000003,0.0,0.0
detached,run_0790,0.2451,10.0,30.033,0,96.0972,0,0,0.0817,5.0,29.608,1,95.0237,0,1,-0.16340000000000002,-5.0,-0.4250000000000007,1.0,-1.0734999999999957,0.0,1.0
detached,run_0791,1.0076,22.0,31.3,5,52.9058,0,5,0.8442,20.0,30.886,14,49.5128,0,14,-0.1634000000000001,-2.0,-0.4140000000000015,9.0,-3.3930000000000007,0.0,9.0
detached,run_0792,0.3813,11.0,30.221,0,103.248,0,0,0.1362,9.0,29.739,1,97.6491,0,1,-0.24509999999999998,-2.0,-0.4819999999999993,1.0,-5.5989,0.0,1.0
detached,run_0793,0.2179,9.0,29.776,0,73.9055,0,0,0.0817,5.0,29.439,1,72.1307,0,1,-0.13620000000000002,-4.0,-0.33699999999999974,1.0,-1.774799999999999,0.0,1.0
detached,run_0794,0.5174,17.0,30.884,1,167.9058,0,1,0.354,13.0,30.403,1,161.1284,0,1,-0.1634,-4.0,-0.48100000000000165,0.0,-6.7774,0.0,0.0
detached,run_0795,0.354,11.0,30.326,1,97.2321,0,1,0.2179,9.0,29.821,1,95.6641,0,1,-0.13609999999999997,-2.0,-0.504999999999999,0.0,-1.5679999999999978,0.0,0.0
detached,run_0796,0.0545,4.0,29.294,0,69.996,0,0,0.0,3.0,28.894,0,66.771,0,0,-0.0545,-1.0,-0.40000000000000213,0.0,-3.2249999999999943,0.0,0.0
detached,run_0797,1.3889,23.0,31.597,8,656.2825,0,11,1.1166,22.0,31.224,12,659.3584,0,33,-0.2723,-1.0,-0.3730000000000011,4.0,3.0758999999999332,0.0,22.0
detached,run_0798,0.8715,20.0,31.225,1,139.2885,0,1,0.7898,18.0,30.755,3,132.9428,0,3,-0.0817000000000001,-2.0,-0.4700000000000024,2.0,-6.345699999999994,0.0,2.0
detached,run_0799,0.2179,9.0,29.783,1,43.6241,0,1,0.0545,5.0,29.324,1,43.5105,0,1,-0.16340000000000002,-4.0,-0.45899999999999963,0.0,-0.11359999999999815,0.0,0.0
detached,run_0800,0.463,16.0,30.662,1,412.4307,0,1,0.3813,12.0,30.246,1,400.0745,0,1,-0.08170000000000005,-4.0,-0.41600000000000037,0.0,-12.356200000000001,0.0,0.0
detached,run_0801,0.2451,11.0,30.124,0,141.675,0,0,0.1089,8.0,29.689,1,137.1342,0,1,-0.13620000000000002,-3.0,-0.4349999999999987,1.0,-4.540800000000019,0.0,1.0
detached,run_0802,0.1362,7.0,29.654,1,41.9783,0,1,0.0272,5.0,29.181,1,41.1445,0,1,-0.10899999999999999,-2.0,-0.472999999999999,0.0,-0.8337999999999965,0.0,0.0
detached,run_0803,0.5447,17.0,30.799,1,119.6057,0,1,0.354,12.0,30.273,2,116.1487,0,2,-0.19069999999999998,-5.0,-0.5259999999999998,1.0,-3.4569999999999936,0.0,1.0
detached,run_0804,0.354,11.0,30.344,1,249.7874,0,1,0.1089,9.0,29.818,1,247.2842,0,1,-0.24509999999999998,-2.0,-0.5259999999999998,0.0,-2.5031999999999925,0.0,0.0
detached,run_0805,0.1089,9.0,29.841,0,81.9814,0,0,0.0545,4.0,29.336,0,81.1286,0,0,-0.0544,-5.0,-0.5050000000000026,0.0,-0.8527999999999878,0.0,0.0
detached,run_0806,0.1362,7.0,29.7,1,27.5915,0,1,0.0,4.0,29.228,1,27.4543,0,1,-0.1362,-3.0,-0.47199999999999775,0.0,-0.1372,0.0,0.0
detached,run_0807,0.0817,5.0,29.398,0,62.1545,0,0,0.0,3.0,28.906,0,61.5822,0,0,-0.0817,-2.0,-0.4920000000000009,0.0,-0.5722999999999985,0.0,0.0
detached,run_0808,0.5991,17.0,31.103,4,55.5111,0,4,0.2996,13.0,30.4,6,54.4747,0,6,-0.2995,-4.0,-0.703000000000003,2.0,-1.0364000000000004,0.0,2.0
detached,run_0809,0.2451,10.0,30.159,2,95.8535,0,3,0.0817,5.0,29.641,1,87.2575,0,2,-0.16340000000000002,-5.0,-0.5180000000000007,-1.0,-8.596000000000004,0.0,-1.0
detached,run_0810,0.6536,17.0,30.942,1,200.0792,0,1,0.4357,14.0,30.574,1,195.2634,0,1,-0.21789999999999998,-3.0,-0.36799999999999855,0.0,-4.815799999999996,0.0,0.0
detached,run_0811,0.1906,10.0,29.939,0,75.6025,0,0,0.0817,5.0,29.512,0,72.313,0,0,-0.1089,-5.0,-0.4269999999999996,0.0,-3.289500000000004,0.0,0.0
detached,run_0812,0.3813,14.0,30.644,0,444.0726,0,0,0.354,12.0,30.303,1,405.0511,0,1,-0.02729999999999999,-2.0,-0.3409999999999975,1.0,-39.0215,0.0,1.0
detached,run_0813,0.4085,12.0,30.567,0,230.2375,0,0,0.2451,11.0,30.093,1,215.3488,0,1,-0.16339999999999996,-1.0,-0.4740000000000002,1.0,-14.8887,0.0,1.0
detached,run_0814,0.4085,14.0,30.565,1,143.5395,0,1,0.2723,11.0,30.088,1,139.1762,0,1,-0.1362,-3.0,-0.4770000000000003,0.0,-4.3633000000000095,0.0,0.0
detached,run_0815,0.4357,14.0,30.534,6,207.7386,0,15,0.2996,11.0,30.084,2,205.9261,0,12,-0.1361,-3.0,-0.4499999999999993,-4.0,-1.8125,0.0,-3.0
detached,run_0816,0.1089,9.0,29.839,0,75.9306,0,0,0.0545,4.0,29.304,0,75.1835,0,0,-0.0544,-5.0,-0.5350000000000001,0.0,-0.7471000000000032,0.0,0.0
detached,run_0817,0.1089,6.0,29.546,0,72.6142,0,0,0.0,4.0,29.223,0,69.4476,0,0,-0.1089,-2.0,-0.3230000000000004,0.0,-3.1666000000000025,0.0,0.0
detached,run_0818,0.0545,5.0,29.238,0,33.4352,0,0,0.0,3.0,28.935,0,33.0967,0,0,-0.0545,-2.0,-0.3030000000000008,0.0,-0.33850000000000335,0.0,0.0
detached,run_0819,0.1089,6.0,29.654,0,86.0563,0,0,0.0545,5.0,29.245,1,86.5178,0,1,-0.0544,-1.0,-0.4089999999999989,1.0,0.4615000000000009,0.0,1.0
detached,run_0820,0.5719,16.0,30.849,1,136.8959,0,1,0.4357,12.0,30.425,2,130.1303,0,2,-0.1362,-4.0,-0.4239999999999995,1.0,-6.765600000000006,0.0,1.0
detached,run_0821,0.0,4.0,29.03,0,43.7522,0,0,0.0,0.0,28.641,0,43.5978,0,0,0.0,-4.0,-0.3890000000000029,0.0,-0.15440000000000254,0.0,0.0
detached,run_0822,0.4902,15.0,30.722,4,295.2303,0,14,0.3813,12.0,30.308,2,292.7405,0,14,-0.10890000000000005,-3.0,-0.4140000000000015,-2.0,-2.4898000000000025,0.0,0.0
detached,run_0823,0.0,3.0,29.011,1,23.0887,0,1,0.0,0.0,28.612,1,23.0615,0,1,0.0,-3.0,-0.3990000000000009,0.0,-0.027200000000000557,0.0,0.0
detached,run_0824,0.1089,8.0,29.641,0,93.221,0,0,0.0545,5.0,29.27,1,86.016,0,1,-0.0544,-3.0,-0.37099999999999866,1.0,-7.204999999999998,0.0,1.0
detached,run_0825,0.463,13.0,30.564,5,110.9907,0,6,0.2723,11.0,30.061,5,108.575,0,5,-0.19070000000000004,-2.0,-0.5030000000000001,0.0,-2.415700000000001,0.0,-1.0
detached,run_0826,0.0817,5.0,29.539,0,73.9039,0,0,0.0,4.0,29.065,0,73.9563,0,0,-0.0817,-1.0,-0.4740000000000002,0.0,0.052400000000005775,0.0,0.0
detached,run_0827,0.7625,17.0,30.899,1,178.6107,0,1,0.4085,12.0,30.377,2,178.7352,0,2,-0.354,-5.0,-0.522000000000002,1.0,0.1244999999999834,0.0,1.0
detached,run_0828,0.3813,11.0,30.363,0,112.5583,0,0,0.2451,10.0,29.947,0,107.6996,0,0,-0.13619999999999996,-1.0,-0.41600000000000037,0.0,-4.858699999999999,0.0,0.0
detached,run_0829,0.4085,12.0,30.41,1,109.0198,0,1,0.2451,10.0,29.868,1,105.738,0,1,-0.16339999999999996,-2.0,-0.5420000000000016,0.0,-3.281800000000004,0.0,0.0
detached,run_0830,0.1906,11.0,30.092,0,120.445,0,0,0.1089,8.0,29.74,0,114.4614,0,0,-0.0817,-3.0,-0.3520000000000003,0.0,-5.983599999999996,0.0,0.0
detached,run_0831,0.0545,4.0,29.296,0,57.683,0,0,0.0,3.0,28.904,0,56.7504,0,0,-0.0545,-1.0,-0.39199999999999946,0.0,-0.9326000000000008,0.0,0.0
detached,run_0832,0.1089,9.0,29.781,0,81.6225,0,0,0.0545,5.0,29.277,0,78.9351,0,0,-0.0544,-4.0,-0.5039999999999978,0.0,-2.6873999999999967,0.0,0.0
detached,run_0833,0.1089,6.0,29.497,0,52.2416,0,0,0.0,4.0,29.016,0,52.3061,0,0,-0.1089,-2.0,-0.48100000000000165,0.0,0.06450000000000244,0.0,0.0
detached,run_0834,0.2723,11.0,30.042,0,82.5478,0,0,0.0817,5.0,29.503,1,79.6398,0,1,-0.1906,-6.0,-0.5390000000000015,1.0,-2.9080000000000013,0.0,1.0
detached,run_0835,0.5447,14.0,30.712,6,305.369,0,32,0.3813,12.0,30.236,2,306.227,0,17,-0.1634,-2.0,-0.4759999999999991,-4.0,0.8579999999999472,0.0,-15.0
detached,run_0836,0.354,12.0,30.244,0,147.2273,0,0,0.1634,10.0,29.907,1,142.7732,0,1,-0.1906,-2.0,-0.33699999999999974,1.0,-4.454100000000011,0.0,1.0
detached,run_0837,0.0545,5.0,29.213,0,44.4855,0,0,0.0,2.0,28.769,0,43.0285,0,0,-0.0545,-3.0,-0.4440000000000026,0.0,-1.4570000000000007,0.0,0.0
detached,run_0838,0.2996,11.0,30.155,0,131.3944,0,0,0.1089,6.0,29.716,1,128.4807,0,1,-0.19069999999999998,-5.0,-0.43900000000000006,1.0,-2.9136999999999773,0.0,1.0
detached,run_0839,0.1089,6.0,29.489,0,112.3774,0,0,0.0,4.0,28.993,0,113.5986,0,0,-0.1089,-2.0,-0.4960000000000022,0.0,1.2212000000000103,0.0,0.0
detached,run_0840,0.0,3.0,29.035,0,45.3389,0,0,0.0,0.0,28.626,0,44.6155,0,0,0.0,-3.0,-0.4089999999999989,0.0,-0.7234000000000052,0.0,0.0
detached,run_0841,0.2996,11.0,30.238,0,138.3941,0,0,0.1089,9.0,29.819,1,136.0198,0,1,-0.19069999999999998,-2.0,-0.4190000000000005,1.0,-2.374300000000005,0.0,1.0
detached,run_0842,0.6536,18.0,30.859,4,318.2505,0,5,0.4357,15.0,30.603,3,323.0849,0,10,-0.21789999999999998,-3.0,-0.2560000000000002,-1.0,4.8344000000000165,0.0,5.0
detached,run_0843,0.2179,10.0,29.968,0,104.4362,0,0,0.0817,5.0,29.441,0,102.1251,0,0,-0.13620000000000002,-5.0,-0.527000000000001,0.0,-2.311099999999996,0.0,0.0
detached,run_0844,0.1362,9.0,29.861,1,87.5124,0,1,0.0817,5.0,29.322,1,86.2841,0,1,-0.05449999999999999,-4.0,-0.5390000000000015,0.0,-1.2283000000000044,0.0,0.0
detached,run_0845,0.2451,11.0,30.086,1,123.4505,0,1,0.1089,6.0,29.587,1,118.7948,0,1,-0.13620000000000002,-5.0,-0.4989999999999988,0.0,-4.65570000000001,0.0,0.0
detached,run_0846,0.2451,10.0,30.057,1,40.1937,0,1,0.0817,5.0,29.475,1,39.0691,0,1,-0.16340000000000002,-5.0,-0.5819999999999972,0.0,-1.124600000000001,0.0,0.0
detached,run_0847,0.0545,4.0,29.256,0,54.2423,0,0,0.0,2.0,28.794,0,51.888,0,0,-0.0545,-2.0,-0.46199999999999974,0.0,-2.354300000000002,0.0,0.0
detached,run_0848,0.1089,10.0,29.936,0,181.3519,0,0,0.0817,5.0,29.516,0,169.0668,0,0,-0.027200000000000002,-5.0,-0.4200000000000017,0.0,-12.2851,0.0,0.0
detached,run_0849,0.5991,15.0,30.723,6,76.8841,0,21,0.3268,13.0,30.196,5,76.4696,0,21,-0.2723,-2.0,-0.5269999999999975,-1.0,-0.41450000000000387,0.0,0.0
detached,run_0850,0.0,3.0,29.055,0,32.7313,0,0,0.0,0.0,28.574,0,32.7005,0,0,0.0,-3.0,-0.4809999999999981,0.0,-0.030799999999999272,0.0,0.0
detached,run_0851,0.2451,10.0,29.944,1,61.8614,0,1,0.0817,5.0,29.559,2,61.9061,0,2,-0.16340000000000002,-5.0,-0.384999999999998,1.0,0.04469999999999885,0.0,1.0
detached,run_0852,0.1634,9.0,29.842,0,83.5895,0,0,0.0545,5.0,29.411,0,80.1774,0,0,-0.1089,-4.0,-0.4309999999999974,0.0,-3.4120999999999952,0.0,0.0
detached,run_0853,0.0545,4.0,29.245,0,50.5406,0,0,0.0,2.0,28.77,0,47.5172,0,0,-0.0545,-2.0,-0.4750000000000014,0.0,-3.023399999999995,0.0,0.0
detached,run_0854,0.0817,5.0,29.446,0,72.2878,0,0,0.0,3.0,28.955,0,71.5836,0,0,-0.0817,-2.0,-0.4910000000000032,0.0,-0.7042000000000002,0.0,0.0
detached,run_0855,0.1906,9.0,29.954,0,73.0944,0,0,0.0545,5.0,29.384,0,71.5405,0,0,-0.1361,-4.0,-0.5700000000000003,0.0,-1.5538999999999987,0.0,0.0
detached,run_0856,0.0817,5.0,29.551,1,34.8556,0,1,0.0,3.0,29.073,1,34.989,0,1,-0.0817,-2.0,-0.477999999999998,0.0,0.13339999999999463,0.0,0.0
detached,run_0857,0.2451,10.0,30.179,0,86.388,0,0,0.0817,5.0,29.687,1,83.051,0,1,-0.16340000000000002,-5.0,-0.49199999999999733,1.0,-3.3370000000000033,0.0,1.0
detached,run_0858,0.2723,11.0,30.023,0,76.8747,0,0,0.1089,7.0,29.617,1,72.8782,0,1,-0.1634,-4.0,-0.4059999999999988,1.0,-3.9964999999999975,0.0,1.0
detached,run_0859,0.0545,5.0,29.235,0,68.8372,0,0,0.0,3.0,28.981,0,64.187,0,0,-0.0545,-2.0,-0.2539999999999978,0.0,-4.650199999999998,0.0,0.0
detached,run_0860,0.0,3.0,28.915,0,45.6766,0,0,0.0,0.0,28.597,0,45.6801,0,0,0.0,-3.0,-0.31799999999999784,0.0,0.003500000000002501,0.0,0.0
detached,run_0861,0.1089,5.0,29.568,0,100.4191,0,0,0.0545,4.0,29.164,0,93.1248,0,0,-0.0544,-1.0,-0.4039999999999999,0.0,-7.294300000000007,0.0,0.0
detached,run_0862,0.1634,9.0,29.908,0,134.2272,0,0,0.1089,8.0,29.692,1,128.9108,0,1,-0.05449999999999999,-1.0,-0.21600000000000108,1.0,-5.316400000000016,0.0,1.0
detached,run_0863,0.0545,5.0,29.262,0,46.8737,0,0,0.0,3.0,28.894,0,45.5357,0,0,-0.0545,-2.0,-0.3680000000000021,0.0,-1.338000000000001,0.0,0.0
detached,run_0864,1.1166,21.0,31.453,1,110.57,0,1,0.9532,19.0,30.926,3,106.6003,0,3,-0.1634,-2.0,-0.527000000000001,2.0,-3.969699999999989,0.0,2.0
detached,run_0865,0.0,0.0,28.525,0,18.7232,0,0,0.0,0.0,28.09,0,18.6271,0,0,0.0,0.0,-0.4349999999999987,0.0,-0.09609999999999985,0.0,0.0
detached,run_0866,0.1362,7.0,29.724,1,64.1862,0,1,0.0545,5.0,29.226,1,62.7249,0,1,-0.0817,-2.0,-0.4980000000000011,0.0,-1.4613000000000014,0.0,0.0
detached,run_0867,0.3813,12.0,30.331,1,44.4357,0,1,0.2451,10.0,29.873,1,42.9768,0,1,-0.13619999999999996,-2.0,-0.4579999999999984,0.0,-1.4588999999999999,0.0,0.0
detached,run_0868,0.463,16.0,30.693,1,99.842,0,1,0.3813,12.0,30.313,2,94.1628,0,2,-0.08170000000000005,-4.0,-0.38000000000000256,1.0,-5.6791999999999945,0.0,1.0
detached,run_0869,0.0,3.0,28.89,0,41.172,0,0,0.0,0.0,28.511,0,41.1158,0,0,0.0,-3.0,-0.37900000000000134,0.0,-0.05619999999999692,0.0,0.0
detached,run_0870,0.0545,4.0,29.208,0,75.811,0,0,0.0,2.0,28.821,0,73.4951,0,0,-0.0545,-2.0,-0.3869999999999969,0.0,-2.3159000000000134,0.0,0.0
detached,run_0871,0.2451,9.0,30.024,2,31.0251,0,2,0.0817,5.0,29.546,4,30.9141,0,4,-0.16340000000000002,-4.0,-0.47800000000000153,2.0,-0.1109999999999971,0.0,2.0
detached,run_0872,0.5174,13.0,30.563,1,100.717,0,1,0.2451,10.0,29.919,1,95.0713,0,1,-0.2723,-3.0,-0.6439999999999984,0.0,-5.645700000000005,0.0,0.0
detached,run_0873,0.7625,20.0,31.108,4,113.0814,0,4,0.4902,14.0,30.539,6,109.6304,0,6,-0.27229999999999993,-6.0,-0.5689999999999991,2.0,-3.4510000000000076,0.0,2.0
detached,run_0874,1.1438,21.0,31.492,7,592.0347,0,8,1.0621,20.0,31.141,3,598.4429,0,3,-0.08169999999999988,-1.0,-0.35100000000000264,-4.0,6.408199999999965,0.0,-5.0
detached,run_0875,0.0545,4.0,29.393,0,82.7742,0,0,0.0,3.0,29.027,0,81.4136,0,0,-0.0545,-1.0,-0.36599999999999966,0.0,-1.360599999999991,0.0,0.0
detached,run_0876,0.3813,11.0,30.304,1,67.626,0,1,0.2451,10.0,29.842,1,66.5405,0,1,-0.13619999999999996,-1.0,-0.46199999999999974,0.0,-1.0855000000000103,0.0,0.0
detached,run_0877,0.463,13.0,30.494,0,140.5058,0,0,0.2723,11.0,30.034,1,133.2392,0,1,-0.19070000000000004,-2.0,-0.46000000000000085,1.0,-7.266599999999983,0.0,1.0
detached,run_0878,0.1089,6.0,29.471,0,60.1255,0,0,0.0,4.0,29.029,0,59.6543,0,0,-0.1089,-2.0,-0.44200000000000017,0.0,-0.47120000000000317,0.0,0.0
detached,run_0879,0.1089,6.0,29.7,1,30.5656,0,1,0.0,5.0,29.272,2,29.7741,0,2,-0.1089,-1.0,-0.4280000000000008,1.0,-0.7914999999999992,0.0,1.0
detached,run_0880,1.3072,22.0,31.367,1,435.554,0,1,1.0076,22.0,31.014,2,412.7873,0,2,-0.29959999999999987,0.0,-0.35300000000000153,1.0,-22.766699999999958,0.0,1.0
detached,run_0881,0.0,1.0,28.742,0,25.9094,0,0,0.0,0.0,28.379,0,26.1465,0,0,0.0,-1.0,-0.36299999999999955,0.0,0.2370999999999981,0.0,0.0
detached,run_0882,0.0817,5.0,29.358,0,69.2607,0,0,0.0,3.0,28.988,0,68.6842,0,0,-0.0817,-2.0,-0.370000000000001,0.0,-0.5764999999999958,0.0,0.0
detached,run_0883,0.2996,11.0,30.356,1,120.147,0,1,0.1362,9.0,29.792,1,116.14,0,1,-0.1634,-2.0,-0.5640000000000001,0.0,-4.007000000000005,0.0,0.0
detached,run_0884,0.0,3.0,28.897,0,42.4502,0,0,0.0,0.0,28.542,0,42.6705,0,0,0.0,-3.0,-0.3549999999999969,0.0,0.2202999999999946,0.0,0.0
detached,run_0885,0.0817,5.0,29.372,0,56.7146,0,0,0.0,3.0,28.885,0,56.4465,0,0,-0.0817,-2.0,-0.4869999999999983,0.0,-0.2680999999999969,0.0,0.0
detached,run_0886,1.0893,22.0,31.372,1,220.2101,0,1,1.28,22.0,31.126,4,212.457,0,4,0.1907000000000001,0.0,-0.24599999999999866,3.0,-7.753100000000018,0.0,3.0
detached,run_0887,0.0545,4.0,29.308,0,56.984,0,0,0.0,3.0,28.869,0,55.9922,0,0,-0.0545,-1.0,-0.43900000000000006,0.0,-0.9918000000000049,0.0,0.0
detached,run_0888,0.0545,5.0,29.291,0,37.0587,0,0,0.0,2.0,28.873,0,36.7785,0,0,-0.0545,-3.0,-0.41799999999999926,0.0,-0.28020000000000067,0.0,0.0
detached,run_0889,0.1362,9.0,29.82,0,63.1333,0,0,0.0545,5.0,29.308,0,61.9223,0,0,-0.0817,-4.0,-0.5120000000000005,0.0,-1.2109999999999985,0.0,0.0
detached,run_0890,0.0,4.0,29.09,0,47.9543,0,0,0.0,2.0,28.741,0,46.2389,0,0,0.0,-2.0,-0.3490000000000002,0.0,-1.7154000000000025,0.0,0.0
detached,run_0891,0.0545,4.0,29.32,0,44.9906,0,0,0.0,2.0,28.901,0,43.8519,0,0,-0.0545,-2.0,-0.4190000000000005,0.0,-1.1387,0.0,0.0
detached,run_0892,0.1089,6.0,29.636,0,54.3263,0,0,0.0545,5.0,29.208,1,53.8237,0,1,-0.0544,-1.0,-0.4280000000000008,1.0,-0.502600000000001,0.0,1.0
detached,run_0893,0.1634,10.0,29.97,0,96.9555,0,0,0.0817,5.0,29.558,0,92.9523,0,0,-0.0817,-5.0,-0.41199999999999903,0.0,-4.003200000000007,0.0,0.0
detached,run_0894,0.2179,9.0,29.996,1,94.6278,0,1,0.0817,5.0,29.479,1,93.6863,0,1,-0.13620000000000002,-4.0,-0.5169999999999995,0.0,-0.9414999999999907,0.0,0.0
detached,run_0895,0.1089,6.0,29.557,0,75.9271,0,0,0.0545,4.0,29.212,0,75.3256,0,0,-0.0544,-2.0,-0.34499999999999886,0.0,-0.6015000000000015,0.0,0.0
detached,run_0896,0.0,3.0,28.843,0,45.7186,0,0,0.0,0.0,28.497,0,45.3158,0,0,0.0,-3.0,-0.3460000000000001,0.0,-0.40279999999999916,0.0,0.0
detached,run_0897,0.4902,17.0,30.778,1,240.4251,0,1,0.2996,11.0,30.235,2,233.7794,0,2,-0.19060000000000005,-6.0,-0.5429999999999993,1.0,-6.645699999999977,0.0,1.0
detached,run_0898,0.1906,10.0,29.971,0,90.0576,0,0,0.0817,5.0,29.455,0,88.8389,0,0,-0.1089,-5.0,-0.5160000000000018,0.0,-1.2186999999999983,0.0,0.0
detached,run_0899,0.2451,11.0,30.077,1,59.7447,0,1,0.0817,5.0,29.523,1,59.6578,0,1,-0.16340000000000002,-6.0,-0.554000000000002,0.0,-0.08689999999999998,0.0,0.0
detached,run_0900,0.7353,18.0,31.081,0,322.0828,0,0,0.4085,13.0,30.568,1,322.5347,0,1,-0.3268,-5.0,-0.5129999999999981,1.0,0.45189999999996644,0.0,1.0
detached,run_0901,1.2527,22.0,31.427,3,124.7168,0,3,1.1166,20.0,31.04,6,126.1804,0,6,-0.1360999999999999,-2.0,-0.38700000000000045,3.0,1.4635999999999996,0.0,3.0
detached,run_0902,0.0,1.0,29.03,2,19.9155,0,2,0.0,0.0,28.565,2,19.9888,0,2,0.0,-1.0,-0.46499999999999986,0.0,0.0732999999999997,0.0,0.0
detached,run_0903,0.3813,12.0,30.508,0,151.9159,0,0,0.2451,11.0,30.143,1,146.6273,0,1,-0.13619999999999996,-1.0,-0.36499999999999844,1.0,-5.288600000000002,0.0,1.0
detached,run_0904,0.4085,12.0,30.572,1,171.7194,0,1,0.2451,10.0,29.987,1,161.6722,0,1,-0.16339999999999996,-2.0,-0.5850000000000009,0.0,-10.047200000000004,0.0,0.0
detached,run_0905,0.1089,6.0,29.574,0,64.0043,0,0,0.0,5.0,29.133,0,62.8296,0,0,-0.1089,-1.0,-0.4410000000000025,0.0,-1.1747000000000014,0.0,0.0
detached,run_0906,0.0817,5.0,29.502,0,85.679,0,0,0.0,4.0,29.124,0,84.5963,0,0,-0.0817,-1.0,-0.3780000000000001,0.0,-1.0827000000000027,0.0,0.0
detached,run_0907,0.1634,10.0,29.77,1,60.6631,0,1,0.0817,5.0,29.349,1,56.8431,0,1,-0.0817,-5.0,-0.4209999999999994,0.0,-3.8200000000000003,0.0,0.0
detached,run_0908,0.1089,6.0,29.627,0,48.3257,0,0,0.0,4.0,29.207,0,48.1306,0,0,-0.1089,-2.0,-0.41999999999999815,0.0,-0.1950999999999965,0.0,0.0
detached,run_0909,0.3268,12.0,30.339,0,229.3557,0,0,0.1634,10.0,29.988,1,215.0842,0,1,-0.1634,-2.0,-0.3509999999999991,1.0,-14.271500000000003,0.0,1.0
detached,run_0910,0.4357,13.0,30.589,0,166.6018,0,0,0.3268,12.0,30.217,1,162.1652,0,1,-0.1089,-1.0,-0.3719999999999999,1.0,-4.4365999999999985,0.0,1.0
detached,run_0911,0.5174,15.0,30.478,1,59.6449,0,1,0.2996,10.0,29.974,1,56.02,0,1,-0.2178,-5.0,-0.5040000000000013,0.0,-3.6248999999999967,0.0,0.0
detached,run_0912,0.3813,12.0,30.294,0,126.4657,0,0,0.1362,10.0,29.832,0,120.9874,0,0,-0.24509999999999998,-2.0,-0.46199999999999974,0.0,-5.478300000000004,0.0,0.0
detached,run_0913,0.1089,8.0,29.692,0,139.9473,0,0,0.0545,4.0,29.226,0,131.0351,0,0,-0.0544,-4.0,-0.4660000000000011,0.0,-8.912200000000013,0.0,0.0
detached,run_0914,0.0545,5.0,29.296,1,22.4789,0,1,0.0,3.0,28.923,1,22.3225,0,1,-0.0545,-2.0,-0.3730000000000011,0.0,-0.15639999999999787,0.0,0.0
detached,run_0915,0.0817,5.0,29.442,0,55.2964,0,0,0.0,3.0,29.014,0,54.2886,0,0,-0.0817,-2.0,-0.4280000000000008,0.0,-1.007799999999996,0.0,0.0
detached,run_0916,0.7081,18.0,30.88,4,29.8935,0,4,0.6536,15.0,30.602,11,27.5772,0,11,-0.05449999999999999,-3.0,-0.2779999999999987,7.0,-2.3162999999999982,0.0,7.0
detached,run_0917,0.0272,5.0,29.334,1,31.2823,0,1,0.0,2.0,28.939,1,30.0606,0,1,-0.0272,-3.0,-0.3949999999999996,0.0,-1.2216999999999985,0.0,0.0
detached,run_0918,0.2451,10.0,30.06,0,195.1307,0,0,0.1089,8.0,29.711,1,188.4752,0,1,-0.13620000000000002,-2.0,-0.3490000000000002,1.0,-6.655499999999989,0.0,1.0
detached,run_0919,0.2179,10.0,29.978,0,157.6044,0,0,0.0817,6.0,29.48,0,151.3033,0,0,-0.13620000000000002,-4.0,-0.4980000000000011,0.0,-6.301099999999991,0.0,0.0
detached,run_0920,0.8715,19.0,30.99,2,98.2167,0,2,0.5991,14.0,30.557,4,97.3906,0,4,-0.2724000000000001,-5.0,-0.43299999999999983,2.0,-0.8260999999999967,0.0,2.0
detached,run_0921,0.8715,19.0,31.075,1,122.902,0,1,0.4902,15.0,30.587,4,122.756,0,4,-0.38130000000000003,-4.0,-0.48799999999999955,3.0,-0.1460000000000008,0.0,3.0
detached,run_0922,0.354,11.0,30.11,0,146.2382,0,0,0.1362,9.0,29.719,1,139.6909,0,1,-0.2178,-2.0,-0.39099999999999824,1.0,-6.547300000000007,0.0,1.0
detached,run_0923,0.2451,12.0,30.015,8,13.7919,0,8,0.1089,6.0,29.497,11,13.555,0,11,-0.13620000000000002,-6.0,-0.5180000000000007,3.0,-0.23690000000000033,0.0,3.0
detached,run_0924,0.2451,9.0,30.062,1,64.5152,0,1,0.0817,5.0,29.51,2,62.5652,0,2,-0.16340000000000002,-4.0,-0.5519999999999996,1.0,-1.9499999999999957,0.0,1.0
detached,run_0925,0.4085,13.0,30.584,1,263.3818,0,1,0.2451,10.0,30.008,1,251.6923,0,1,-0.16339999999999996,-3.0,-0.5760000000000005,0.0,-11.68950000000001,0.0,0.0
detached,run_0926,0.5447,16.0,30.748,1,135.7349,0,1,0.3813,12.0,30.281,2,122.513,0,2,-0.1634,-4.0,-0.4670000000000023,1.0,-13.221900000000005,0.0,1.0
detached,run_0927,0.1089,9.0,29.77,0,111.0672,0,0,0.0545,4.0,29.344,0,102.9833,0,0,-0.0544,-5.0,-0.4259999999999984,0.0,-8.0839,0.0,0.0
detached,run_0928,0.1089,6.0,29.6,0,192.1903,0,0,0.0545,4.0,29.179,0,190.4127,0,0,-0.0544,-2.0,-0.4210000000000029,0.0,-1.7776000000000067,0.0,0.0
detached,run_0929,0.7353,20.0,31.199,1,226.2637,0,1,0.4357,14.0,30.577,2,222.1917,0,2,-0.2996,-6.0,-0.6219999999999999,1.0,-4.072000000000003,0.0,1.0
detached,run_0930,0.4085,13.0,30.323,0,97.5281,0,0,0.1906,10.0,29.787,0,95.9085,0,0,-0.21789999999999998,-3.0,-0.5360000000000014,0.0,-1.6195999999999913,0.0,0.0
detached,run_0931,0.1362,8.0,29.692,1,50.543,0,1,0.0,5.0,29.263,1,50.0177,0,1,-0.1362,-3.0,-0.4289999999999985,0.0,-0.5253000000000014,0.0,0.0
detached,run_0932,0.1362,9.0,29.781,0,78.6391,0,0,0.0545,5.0,29.283,0,77.9823,0,0,-0.0817,-4.0,-0.49799999999999756,0.0,-0.656800000000004,0.0,0.0
detached,run_0933,0.1089,8.0,29.724,0,61.6626,0,0,0.0545,5.0,29.242,0,60.758,0,0,-0.0544,-3.0,-0.4819999999999993,0.0,-0.904599999999995,0.0,0.0
detached,run_0934,0.4085,12.0,30.269,1,131.1078,0,1,0.2179,10.0,29.822,1,124.2448,0,1,-0.19059999999999996,-2.0,-0.4469999999999992,0.0,-6.8629999999999995,0.0,0.0
detached,run_0935,0.2179,10.0,29.955,0,96.1197,0,0,0.0817,5.0,29.456,0,95.292,0,0,-0.13620000000000002,-5.0,-0.4989999999999988,0.0,-0.827699999999993,0.0,0.0
detached,run_0936,0.8715,19.0,31.008,5,199.9537,0,13,0.4357,14.0,30.459,4,203.2688,0,10,-0.4358000000000001,-5.0,-0.5489999999999995,-1.0,3.315100000000001,0.0,-3.0
detached,run_0937,0.463,17.0,30.804,1,315.4927,0,1,0.354,12.0,30.344,1,300.2361,0,1,-0.10900000000000004,-5.0,-0.4599999999999973,0.0,-15.256599999999992,0.0,0.0
detached,run_0938,0.0,4.0,28.973,0,32.6965,0,0,0.0,0.0,28.547,0,32.9112,0,0,0.0,-4.0,-0.4259999999999984,0.0,0.21470000000000056,0.0,0.0
detached,run_0939,0.0,3.0,28.998,0,44.4617,0,0,0.0,0.0,28.639,0,43.8669,0,0,0.0,-3.0,-0.35900000000000176,0.0,-0.5947999999999993,0.0,0.0
detached,run_0940,0.4357,14.0,30.26,2,42.7773,0,2,0.2451,10.0,29.826,4,42.2787,0,4,-0.19059999999999996,-4.0,-0.43400000000000105,2.0,-0.49859999999999616,0.0,2.0
detached,run_0941,0.0545,4.0,29.212,0,58.3114,0,0,0.0,3.0,28.869,0,56.7122,0,0,-0.0545,-1.0,-0.34299999999999997,0.0,-1.5991999999999962,0.0,0.0
detached,run_0942,0.0,4.0,29.041,0,40.506,0,0,0.0,2.0,28.689,0,41.1495,0,0,0.0,-2.0,-0.3520000000000003,0.0,0.6435000000000031,0.0,0.0
detached,run_0943,0.2451,10.0,29.952,1,68.0128,0,1,0.1089,6.0,29.543,1,66.2368,0,1,-0.13620000000000002,-4.0,-0.4090000000000025,0.0,-1.7759999999999962,0.0,0.0
detached,run_0944,0.0817,5.0,29.325,0,37.1402,0,0,0.0,3.0,28.85,0,36.6885,0,0,-0.0817,-2.0,-0.47499999999999787,0.0,-0.45170000000000243,0.0,0.0
detached,run_0945,0.1906,10.0,30.012,0,79.5617,0,0,0.0817,5.0,29.448,0,79.3183,0,0,-0.1089,-5.0,-0.5640000000000001,0.0,-0.24340000000000828,0.0,0.0
detached,run_0946,0.0545,4.0,29.212,0,63.9135,0,0,0.0,3.0,28.933,0,63.9807,0,0,-0.0545,-1.0,-0.2789999999999999,0.0,0.0671999999999997,0.0,0.0
detached,run_0947,0.0545,4.0,29.389,0,57.9321,0,0,0.0,4.0,28.99,0,57.1833,0,0,-0.0545,0.0,-0.3990000000000009,0.0,-0.7487999999999957,0.0,0.0
detached,run_0948,0.8442,21.0,31.195,1,221.1531,0,1,0.6264,18.0,30.768,1,213.0189,0,1,-0.2178,-3.0,-0.4269999999999996,0.0,-8.134199999999993,0.0,0.0
detached,run_0949,0.1634,9.0,29.818,0,60.3091,0,0,0.0545,4.0,29.273,0,56.7011,0,0,-0.1089,-5.0,-0.5450000000000017,0.0,-3.608000000000004,0.0,0.0
detached,run_0950,0.1089,6.0,29.63,1,37.5643,0,1,0.0,4.0,29.061,1,36.6123,0,1,-0.1089,-2.0,-0.5689999999999991,0.0,-0.9520000000000053,0.0,0.0
detached,run_0951,0.0817,5.0,29.458,0,55.7048,0,0,0.0,4.0,29.131,0,54.713,0,0,-0.0817,-1.0,-0.3269999999999982,0.0,-0.9917999999999978,0.0,0.0
detached,run_0952,0.7081,15.0,30.773,5,50.0075,0,11,0.4085,14.0,30.234,7,47.799,0,16,-0.2996,-1.0,-0.5389999999999979,2.0,-2.208500000000001,0.0,5.0
detached,run_0953,0.3813,12.0,30.559,0,292.2861,0,0,0.1906,10.0,30.039,1,277.4702,0,1,-0.19069999999999998,-2.0,-0.5199999999999996,1.0,-14.8159,0.0,1.0
detached,run_0954,0.0545,4.0,29.192,0,47.367,0,0,0.0,2.0,28.726,0,47.7336,0,0,-0.0545,-2.0,-0.4660000000000011,0.0,0.36660000000000537,0.0,0.0
detached,run_0955,0.463,14.0,30.674,2,75.3903,0,2,0.2451,9.0,30.062,5,75.8806,0,5,-0.2179,-5.0,-0.6119999999999983,3.0,0.49030000000000484,0.0,3.0
detached,run_0956,0.1906,9.0,29.843,0,65.365,0,0,0.0545,5.0,29.302,0,64.0121,0,0,-0.1361,-4.0,-0.5410000000000004,0.0,-1.352899999999991,0.0,0.0
detached,run_0957,0.1089,8.0,29.796,0,87.0802,0,0,0.0545,5.0,29.338,0,86.7841,0,0,-0.0544,-3.0,-0.4579999999999984,0.0,-0.2961000000000098,0.0,0.0
detached,run_0958,1.6885,25.0,31.779,4,250.0472,0,4,1.3072,22.0,31.21,4,250.0134,0,4,-0.3813,-3.0,-0.5689999999999991,0.0,-0.0338000000000136,0.0,0.0
detached,run_0959,0.1089,9.0,29.763,0,86.0851,0,0,0.0545,4.0,29.233,0,81.3971,0,0,-0.0544,-5.0,-0.5300000000000011,0.0,-4.688000000000002,0.0,0.0
detached,run_0960,0.1089,9.0,29.73,0,73.577,0,0,0.0545,5.0,29.306,0,72.1444,0,0,-0.0544,-4.0,-0.4239999999999995,0.0,-1.4325999999999937,0.0,0.0
detached,run_0961,0.1089,9.0,29.81,0,98.7363,0,0,0.0817,5.0,29.399,0,96.1562,0,0,-0.027200000000000002,-4.0,-0.4109999999999978,0.0,-2.5801000000000016,0.0,0.0
detached,run_0962,0.354,11.0,30.236,0,66.2208,0,0,0.1089,6.0,29.663,1,64.4385,0,1,-0.24509999999999998,-5.0,-0.5730000000000004,1.0,-1.7822999999999922,0.0,1.0
detached,run_0963,0.4085,14.0,30.683,0,250.392,0,0,0.2996,12.0,30.246,1,233.7352,0,1,-0.1089,-2.0,-0.43700000000000117,1.0,-16.656800000000004,0.0,1.0
detached,run_0964,0.3813,11.0,30.22,1,67.1076,0,1,0.1634,6.0,29.746,1,65.6446,0,1,-0.21789999999999998,-5.0,-0.4740000000000002,0.0,-1.463000000000008,0.0,0.0
detached,run_0965,0.2451,10.0,30.074,1,93.5089,0,1,0.0817,5.0,29.585,2,88.0322,0,2,-0.16340000000000002,-5.0,-0.48900000000000077,1.0,-5.476699999999994,0.0,1.0
detached,run_0966,0.0,3.0,28.967,0,43.6696,0,0,0.0,0.0,28.654,0,43.6304,0,0,0.0,-3.0,-0.31299999999999883,0.0,-0.03920000000000101,0.0,0.0
detached,run_0967,0.1089,9.0,29.871,0,107.2306,0,0,0.1089,5.0,29.496,0,104.2019,0,0,0.0,-4.0,-0.375,0.0,-3.0287000000000006,0.0,0.0
detached,run_0968,0.1089,6.0,29.61,0,57.1548,0,0,0.0,4.0,29.179,0,57.2264,0,0,-0.1089,-2.0,-0.43100000000000094,0.0,0.07159999999999656,0.0,0.0
detached,run_0969,0.0,4.0,29.095,0,40.0614,0,0,0.0,0.0,28.604,0,38.819,0,0,0.0,-4.0,-0.49099999999999966,0.0,-1.2423999999999964,0.0,0.0
detached,run_0970,0.0817,5.0,29.444,0,68.5392,0,0,0.0,3.0,29.026,0,67.7897,0,0,-0.0817,-2.0,-0.41799999999999926,0.0,-0.7494999999999976,0.0,0.0
detached,run_0971,0.0,0.0,28.687,0,25.2391,0,0,0.0,0.0,28.319,0,24.1542,0,0,0.0,0.0,-0.3680000000000021,0.0,-1.084900000000001,0.0,0.0
detached,run_0972,0.0817,5.0,29.574,0,53.1631,0,0,0.0,3.0,29.056,0,53.3861,0,0,-0.0817,-2.0,-0.5180000000000007,0.0,0.22299999999999898,0.0,0.0
detached,run_0973,0.1089,9.0,29.931,0,117.7524,0,0,0.1089,6.0,29.619,0,116.6223,0,0,0.0,-3.0,-0.31200000000000117,0.0,-1.1300999999999988,0.0,0.0
detached,run_0974,0.4085,14.0,30.685,0,154.8984,0,0,0.3268,11.0,30.146,1,143.012,0,1,-0.0817,-3.0,-0.5389999999999979,1.0,-11.886400000000009,0.0,1.0
detached,run_0975,0.1089,6.0,29.547,0,46.893,0,0,0.0,4.0,29.011,0,45.0685,0,0,-0.1089,-2.0,-0.5360000000000014,0.0,-1.8245000000000005,0.0,0.0
detached,run_0976,0.1089,7.0,29.664,0,95.0089,0,0,0.0545,4.0,29.214,0,92.9007,0,0,-0.0544,-3.0,-0.45000000000000284,0.0,-2.1081999999999965,0.0,0.0
detached,run_0977,0.0545,4.0,29.337,0,62.3333,0,0,0.0,3.0,28.928,0,62.782,0,0,-0.0545,-1.0,-0.4089999999999989,0.0,0.4486999999999952,0.0,0.0
detached,run_0978,0.4085,14.0,30.474,1,69.5382,0,1,0.2451,10.0,29.849,1,68.4803,0,1,-0.16339999999999996,-4.0,-0.625,0.0,-1.0579000000000036,0.0,0.0
detached,run_0979,0.7625,19.0,30.948,4,85.5839,0,4,0.4357,14.0,30.397,7,82.1565,0,7,-0.3268,-5.0,-0.5510000000000019,3.0,-3.4274000000000058,0.0,3.0
detached,run_0980,0.2179,10.0,29.933,0,72.4936,0,0,0.0817,5.0,29.388,0,69.9826,0,0,-0.13620000000000002,-5.0,-0.5449999999999982,0.0,-2.5109999999999957,0.0,0.0
detached,run_0981,0.0817,5.0,29.459,0,57.0049,0,0,0.0,3.0,28.963,0,57.3511,0,0,-0.0817,-2.0,-0.49599999999999866,0.0,0.34620000000000317,0.0,0.0
detached,run_0982,0.4085,16.0,30.752,0,181.3956,0,0,0.2723,11.0,30.234,1,172.9787,0,1,-0.1362,-5.0,-0.5179999999999971,1.0,-8.416899999999998,0.0,1.0
detached,run_0983,0.4085,12.0,30.254,0,133.7399,0,0,0.1906,9.0,29.821,1,126.1617,0,1,-0.21789999999999998,-3.0,-0.43299999999999983,1.0,-7.57820000000001,0.0,1.0
detached,run_0984,0.0,4.0,29.082,0,47.4569,0,0,0.0,0.0,28.663,0,47.502,0,0,0.0,-4.0,-0.4190000000000005,0.0,0.045100000000005025,0.0,0.0
detached,run_0985,0.0,4.0,29.104,2,32.3603,0,2,0.0,0.0,28.717,2,32.3143,0,2,0.0,-4.0,-0.38700000000000045,0.0,-0.045999999999999375,0.0,0.0
detached,run_0986,0.2451,12.0,30.014,2,37.4481,0,2,0.1089,5.0,29.571,7,36.2459,0,7,-0.13620000000000002,-7.0,-0.44299999999999784,5.0,-1.2021999999999977,0.0,5.0
detached,run_0987,1.4978,24.0,31.727,1,192.4643,0,1,1.1983,21.0,31.164,3,186.5991,0,3,-0.2995000000000001,-3.0,-0.5629999999999988,2.0,-5.865200000000016,0.0,2.0
detached,run_0988,0.1089,6.0,29.481,0,57.5447,0,0,0.0,4.0,29.017,0,55.2173,0,0,-0.1089,-2.0,-0.4640000000000022,0.0,-2.3273999999999972,0.0,0.0
detached,run_0989,0.2996,11.0,30.266,0,161.1924,0,0,0.1089,8.0,29.648,0,154.4761,0,0,-0.19069999999999998,-3.0,-0.6179999999999986,0.0,-6.71629999999999,0.0,0.0
detached,run_0990,1.4978,27.0,31.873,9,219.1127,0,10,1.4706,24.0,31.561,10,222.2585,0,15,-0.027200000000000113,-3.0,-0.31200000000000117,1.0,3.1458000000000084,0.0,5.0
detached,run_0991,0.3813,12.0,30.315,0,137.266,0,0,0.1362,9.0,29.755,1,133.37,0,1,-0.24509999999999998,-3.0,-0.5600000000000023,1.0,-3.8959999999999866,0.0,1.0
detached,run_0992,0.1362,9.0,29.847,0,83.2255,0,0,0.0545,5.0,29.276,0,81.1389,0,0,-0.0817,-4.0,-0.5710000000000015,0.0,-2.08659999999999,0.0,0.0
detached,run_0993,0.4085,12.0,30.231,1,129.978,0,7,0.1634,7.0,29.74,2,127.0262,0,9,-0.24509999999999998,-5.0,-0.4910000000000032,1.0,-2.9518000000000058,0.0,2.0
detached,run_0994,0.1089,7.0,29.596,0,51.4397,0,0,0.0545,5.0,29.199,0,50.7372,0,0,-0.0544,-2.0,-0.39699999999999847,0.0,-0.7025000000000006,0.0,0.0
detached,run_0995,0.1634,9.0,29.93,0,94.1631,0,0,0.0817,5.0,29.448,0,92.1378,0,0,-0.0817,-4.0,-0.4819999999999993,0.0,-2.0253000000000014,0.0,0.0
detached,run_0996,0.0272,5.0,29.188,0,45.2325,0,0,0.0,2.0,28.757,0,44.2994,0,0,-0.0272,-3.0,-0.4309999999999974,0.0,-0.9331000000000031,0.0,0.0
detached,run_0997,0.5174,17.0,30.682,0,221.2323,0,0,0.354,12.0,30.155,1,213.4068,0,1,-0.1634,-5.0,-0.5269999999999975,1.0,-7.825500000000005,0.0,1.0
detached,run_0998,0.4085,12.0,30.485,1,135.424,0,1,0.2451,10.0,29.899,1,126.4578,0,1,-0.16339999999999996,-2.0,-0.5859999999999985,0.0,-8.9662,0.0,0.0
detached,run_0999,0.1362,9.0,29.858,0,160.9377,0,0,0.0817,5.0,29.364,0,148.195,0,0,-0.05449999999999999,-4.0,-0.4939999999999998,0.0,-12.742700000000013,0.0,0.0
detached,run_1000,0.3268,11.0,30.285,0,136.3601,0,0,0.1089,8.0,29.778,0,132.693,0,0,-0.21789999999999998,-3.0,-0.5070000000000014,0.0,-3.6670999999999765,0.0,0.0
detached,run_1001,0.354,12.0,30.457,1,108.292,0,1,0.1906,10.0,29.951,1,101.7817,0,1,-0.1634,-2.0,-0.5060000000000002,0.0,-6.510300000000001,0.0,0.0
detached,run_1002,0.1089,6.0,29.482,0,53.413,0,0,0.0,4.0,29.057,0,52.043,0,0,-0.1089,-2.0,-0.4250000000000007,0.0,-1.3699999999999974,0.0,0.0
detached,run_1003,1.28,22.0,31.596,8,81.7979,0,9,1.0076,20.0,31.049,14,79.8301,0,14,-0.2724,-2.0,-0.5470000000000006,6.0,-1.9677999999999969,0.0,5.0
detached,run_1004,0.2179,9.0,30.038,1,90.8201,0,1,0.0817,5.0,29.475,1,87.9782,0,1,-0.13620000000000002,-4.0,-0.5629999999999988,0.0,-2.8418999999999954,0.0,0.0
detached,run_1005,0.0272,4.0,29.148,0,52.0322,0,0,0.0,2.0,28.717,0,49.8852,0,0,-0.0272,-2.0,-0.43100000000000094,0.0,-2.1470000000000056,0.0,0.0
detached,run_1006,0.1089,10.0,29.961,0,76.8212,0,0,0.0545,4.0,29.31,0,76.4576,0,0,-0.0544,-6.0,-0.6509999999999998,0.0,-0.36360000000000525,0.0,0.0
detached,run_1007,0.4357,13.0,30.488,2,138.6945,0,3,0.2451,10.0,30.024,2,134.1321,0,3,-0.19059999999999996,-3.0,-0.46399999999999864,0.0,-4.562399999999997,0.0,0.0
detached,run_1008,0.2451,10.0,29.872,0,87.2352,0,0,0.0817,7.0,29.451,0,80.6557,0,0,-0.16340000000000002,-3.0,-0.4209999999999994,0.0,-6.57950000000001,0.0,0.0
detached,run_1009,0.0817,5.0,29.639,0,67.3805,0,0,0.0,3.0,29.222,1,67.7523,0,1,-0.0817,-2.0,-0.41699999999999804,1.0,0.37180000000000746,0.0,1.0
detached,run_1010,0.1089,9.0,29.882,0,88.6386,0,0,0.0817,5.0,29.406,0,87.7094,0,0,-0.027200000000000002,-4.0,-0.47600000000000264,0.0,-0.9291999999999945,0.0,0.0
detached,run_1011,0.2451,9.0,30.034,1,75.513,0,3,0.0817,5.0,29.572,1,70.2501,0,1,-0.16340000000000002,-4.0,-0.46199999999999974,0.0,-5.262900000000002,0.0,-2.0
detached,run_1012,0.3813,12.0,30.325,4,330.7774,0,5,0.1906,9.0,29.797,1,312.9385,0,4,-0.19069999999999998,-3.0,-0.5279999999999987,-3.0,-17.838900000000024,0.0,-1.0
detached,run_1013,0.2451,10.0,29.956,0,145.7728,0,0,0.0817,5.0,29.518,1,138.9548,0,1,-0.16340000000000002,-5.0,-0.43799999999999883,1.0,-6.817999999999984,0.0,1.0
detached,run_1014,0.5174,16.0,30.769,0,78.2876,0,0,0.2723,11.0,30.161,1,75.2911,0,1,-0.24509999999999998,-5.0,-0.607999999999997,1.0,-2.9964999999999975,0.0,1.0
detached,run_1015,0.6264,18.0,30.872,1,58.5753,0,1,0.4902,14.0,30.49,4,56.5558,0,4,-0.13619999999999993,-4.0,-0.38200000000000145,3.0,-2.0195000000000007,0.0,3.0
detached,run_1016,0.0,0.0,28.623,0,25.9807,0,0,0.0,0.0,28.2,0,25.3379,0,0,0.0,0.0,-0.4230000000000018,0.0,-0.6427999999999976,0.0,0.0
detached,run_1017,0.463,13.0,30.539,3,89.0697,0,3,0.2451,11.0,30.011,4,88.9076,0,4,-0.2179,-2.0,-0.5280000000000022,1.0,-0.16209999999999525,0.0,1.0
detached,run_1018,0.1089,6.0,29.541,0,82.3784,0,0,0.0272,4.0,29.141,0,80.9563,0,0,-0.0817,-2.0,-0.40000000000000213,0.0,-1.4221000000000004,0.0,0.0
detached,run_1019,0.8442,19.0,30.91,1,70.8163,0,1,0.4902,15.0,30.429,4,67.4683,0,4,-0.3539999999999999,-4.0,-0.48100000000000165,3.0,-3.347999999999999,0.0,3.0
detached,run_1020,0.0545,4.0,29.182,0,34.6764,0,0,0.0,2.0,28.75,0,34.5553,0,0,-0.0545,-2.0,-0.4319999999999986,0.0,-0.12109999999999843,0.0,0.0
detached,run_1021,0.2451,10.0,29.884,0,98.276,0,0,0.0817,5.0,29.448,1,98.4419,0,1,-0.16340000000000002,-5.0,-0.43599999999999994,1.0,0.1659000000000077,0.0,1.0
detached,run_1022,0.0,3.0,28.985,0,35.2844,0,0,0.0,0.0,28.485,0,34.2634,0,0,0.0,-3.0,-0.5,0.0,-1.0210000000000008,0.0,0.0
detached,run_1023,0.0817,5.0,29.323,0,52.8872,0,0,0.0,3.0,28.872,0,52.6316,0,0,-0.0817,-2.0,-0.4510000000000005,0.0,-0.25560000000000116,0.0,0.0
detached,run_1024,0.6808,17.0,30.991,1,229.0484,0,1,0.4085,13.0,30.458,2,216.6503,0,2,-0.2723,-4.0,-0.5330000000000013,1.0,-12.3981,0.0,1.0
detached,run_1025,0.4902,16.0,30.733,1,121.8025,0,1,0.3268,11.0,30.25,1,116.1591,0,1,-0.16340000000000005,-5.0,-0.48300000000000054,0.0,-5.6434,0.0,0.0
detached,run_1026,0.2451,12.0,30.103,1,41.986,0,1,0.1362,6.0,29.606,1,41.3327,0,1,-0.10890000000000002,-6.0,-0.4969999999999999,0.0,-0.6532999999999944,0.0,0.0
detached,run_1027,0.1906,9.0,29.928,0,83.7519,0,0,0.0817,5.0,29.502,0,83.4565,0,0,-0.1089,-4.0,-0.42600000000000193,0.0,-0.2954000000000008,0.0,0.0
detached,run_1028,0.7898,18.0,30.786,3,52.2342,0,3,0.3813,13.0,30.222,7,48.1157,0,7,-0.4085,-5.0,-0.5640000000000001,4.0,-4.1185000000000045,0.0,4.0
detached,run_1029,0.1089,9.0,29.716,0,98.4254,0,0,0.0545,4.0,29.344,0,91.8428,0,0,-0.0544,-5.0,-0.3719999999999999,0.0,-6.582599999999999,0.0,0.0
detached,run_1030,0.0817,5.0,29.256,1,51.9102,0,1,0.0,3.0,28.859,0,51.5136,0,0,-0.0817,-2.0,-0.39699999999999847,-1.0,-0.3966000000000065,0.0,-1.0
detached,run_1031,0.2451,10.0,30.042,1,73.8816,0,1,0.0817,5.0,29.567,1,74.5141,0,1,-0.16340000000000002,-5.0,-0.4750000000000014,0.0,0.6324999999999932,0.0,0.0
detached,run_1032,0.1906,9.0,29.894,0,67.7693,0,0,0.0817,5.0,29.383,1,66.7309,0,1,-0.1089,-4.0,-0.5109999999999992,1.0,-1.0383999999999958,0.0,1.0
detached,run_1033,0.0817,5.0,29.428,0,38.5243,0,0,0.0,3.0,29.108,0,38.1181,0,0,-0.0817,-2.0,-0.3200000000000003,0.0,-0.40619999999999834,0.0,0.0
detached,run_1034,0.9804,21.0,31.192,12,36.6888,0,32,0.5719,15.0,30.583,12,35.7069,0,24,-0.4085000000000001,-6.0,-0.6090000000000018,0.0,-0.9819000000000031,0.0,-8.0
detached,run_1035,0.2723,11.0,30.16,0,67.3742,0,0,0.1089,5.0,29.633,1,67.6577,0,1,-0.1634,-6.0,-0.527000000000001,1.0,0.28350000000000364,0.0,1.0
detached,run_1036,0.4085,12.0,30.379,1,100.5009,0,1,0.2451,9.0,29.965,2,95.6954,0,2,-0.16339999999999996,-3.0,-0.4140000000000015,1.0,-4.805499999999995,0.0,1.0
detached,run_1037,0.1362,7.0,29.8,1,39.4874,0,1,0.0545,5.0,29.342,1,39.5387,0,1,-0.0817,-2.0,-0.45800000000000196,0.0,0.05129999999999768,0.0,0.0
detached,run_1038,0.1089,9.0,29.818,0,105.9149,0,0,0.0817,4.0,29.389,0,102.5375,0,0,-0.027200000000000002,-5.0,-0.42900000000000205,0.0,-3.3774000000000086,0.0,0.0
detached,run_1039,0.7898,21.0,31.115,1,65.0173,0,1,0.5174,15.0,30.645,1,64.209,0,1,-0.2724,-6.0,-0.46999999999999886,0.0,-0.8083000000000027,0.0,0.0
detached,run_1040,0.0817,5.0,29.578,0,88.2382,0,0,0.0545,4.0,29.221,0,83.6711,0,0,-0.027199999999999995,-1.0,-0.3569999999999993,0.0,-4.567100000000011,0.0,0.0
detached,run_1041,0.817,21.0,31.185,2,112.4785,0,2,0.7625,18.0,30.784,5,108.0505,0,5,-0.05449999999999999,-3.0,-0.4009999999999998,3.0,-4.427999999999997,0.0,3.0
detached,run_1042,0.7353,20.0,31.116,1,312.943,0,1,0.463,15.0,30.618,2,308.6349,0,2,-0.27229999999999993,-5.0,-0.4980000000000011,1.0,-4.308099999999968,0.0,1.0
detached,run_1043,0.9532,20.0,31.595,1,134.6086,0,1,0.5447,17.0,30.926,4,126.3552,0,4,-0.4085000000000001,-3.0,-0.6690000000000005,3.0,-8.2534,0.0,3.0
detached,run_1044,0.0817,5.0,29.414,0,64.212,0,0,0.0,3.0,28.974,0,60.2903,0,0,-0.0817,-2.0,-0.4400000000000013,0.0,-3.9217000000000013,0.0,0.0
detached,run_1045,0.2179,10.0,30.015,0,125.3101,0,0,0.1089,6.0,29.523,0,119.1151,0,0,-0.10900000000000001,-4.0,-0.4920000000000009,0.0,-6.195000000000007,0.0,0.0
detached,run_1046,0.1089,8.0,29.848,0,91.6534,0,0,0.0817,5.0,29.46,0,89.7325,0,0,-0.027200000000000002,-3.0,-0.3879999999999981,0.0,-1.9209000000000032,0.0,0.0
detached,run_1047,0.4085,12.0,30.453,0,183.1661,0,0,0.2996,11.0,30.125,1,178.4956,0,1,-0.1089,-1.0,-0.3279999999999994,1.0,-4.670500000000004,0.0,1.0
detached,run_1048,0.0272,4.0,29.14,0,54.474,0,0,0.0,2.0,28.717,0,54.5239,0,0,-0.0272,-2.0,-0.4230000000000018,0.0,0.049900000000000944,0.0,0.0
detached,run_1049,0.2179,11.0,30.047,0,140.6091,0,0,0.0817,5.0,29.493,0,134.955,0,0,-0.13620000000000002,-6.0,-0.554000000000002,0.0,-5.6541,0.0,0.0
detached,run_1050,0.1906,6.0,29.748,2,31.3264,0,2,0.0,5.0,29.26,2,31.1876,0,2,-0.1906,-1.0,-0.48799999999999955,0.0,-0.1387999999999998,0.0,0.0
detached,run_1051,0.7625,20.0,31.193,1,111.371,0,1,0.4902,15.0,30.608,4,105.4767,0,4,-0.27229999999999993,-5.0,-0.5850000000000009,3.0,-5.894300000000001,0.0,3.0
detached,run_1052,0.1089,8.0,29.723,0,90.9171,0,0,0.0545,4.0,29.281,0,87.1902,0,0,-0.0544,-4.0,-0.44200000000000017,0.0,-3.7269000000000005,0.0,0.0
detached,run_1053,0.2451,10.0,29.991,1,48.9515,0,1,0.0817,5.0,29.548,1,47.4932,0,1,-0.16340000000000002,-5.0,-0.4430000000000014,0.0,-1.4583000000000013,0.0,0.0
detached,run_1054,0.2451,10.0,29.857,1,45.9024,0,1,0.0817,5.0,29.393,1,44.7307,0,1,-0.16340000000000002,-5.0,-0.46399999999999864,0.0,-1.1717000000000013,0.0,0.0
detached,run_1055,0.2451,9.0,29.89,1,53.1262,0,1,0.0817,5.0,29.455,1,53.3735,0,1,-0.16340000000000002,-4.0,-0.4350000000000023,0.0,0.24730000000000274,0.0,0.0
detached,run_1056,0.4085,12.0,30.498,0,130.8173,0,0,0.2179,11.0,29.984,1,125.0289,0,1,-0.19059999999999996,-1.0,-0.5139999999999993,1.0,-5.788399999999996,0.0,1.0
detached,run_1057,0.1634,8.0,29.768,0,66.966,0,0,0.0817,5.0,29.405,1,66.4576,0,1,-0.0817,-3.0,-0.36299999999999955,1.0,-0.5083999999999946,0.0,1.0
detached,run_1058,0.1089,9.0,29.961,0,89.8891,0,0,0.0817,5.0,29.503,0,90.5944,0,0,-0.027200000000000002,-4.0,-0.4579999999999984,0.0,0.705299999999994,0.0,0.0
detached,run_1059,0.0817,5.0,29.545,0,80.3255,0,0,0.0,4.0,29.159,0,78.037,0,0,-0.0817,-1.0,-0.3860000000000028,0.0,-2.288499999999999,0.0,0.0
detached,run_1060,0.0,4.0,29.03,0,51.2182,0,0,0.0,0.0,28.624,0,51.2926,0,0,0.0,-4.0,-0.40600000000000236,0.0,0.07439999999999714,0.0,0.0
detached,run_1061,0.1089,6.0,29.553,0,52.7634,0,0,0.0,4.0,29.016,0,51.8548,0,0,-0.1089,-2.0,-0.5370000000000026,0.0,-0.9085999999999999,0.0,0.0
detached,run_1062,0.4085,12.0,30.534,1,75.5092,0,1,0.2723,11.0,30.138,1,73.3468,0,1,-0.1362,-1.0,-0.39599999999999724,0.0,-2.162400000000005,0.0,0.0
detached,run_1063,0.0817,5.0,29.552,0,119.7271,0,0,0.0545,4.0,29.196,0,111.1891,0,0,-0.027199999999999995,-1.0,-0.3559999999999981,0.0,-8.537999999999997,0.0,0.0
detached,run_1064,0.2451,11.0,30.169,0,120.2834,0,0,0.1089,8.0,29.737,0,117.1351,0,0,-0.13620000000000002,-3.0,-0.43200000000000216,0.0,-3.148300000000006,0.0,0.0
detached,run_1065,0.0817,5.0,29.487,0,36.3454,0,0,0.0,3.0,29.049,0,36.1252,0,0,-0.0817,-2.0,-0.43799999999999883,0.0,-0.2201999999999984,0.0,0.0
detached,run_1066,0.5174,14.0,30.687,1,133.9849,0,1,0.4085,12.0,30.35,1,135.6871,0,1,-0.1089,-2.0,-0.33699999999999974,0.0,1.7021999999999764,0.0,0.0
detached,run_1067,0.2179,10.0,29.909,0,225.8187,0,0,0.1089,6.0,29.561,0,204.3804,0,0,-0.10900000000000001,-4.0,-0.347999999999999,0.0,-21.438299999999998,0.0,0.0
detached,run_1068,0.0817,5.0,29.576,0,88.4901,0,0,0.0,4.0,29.082,0,88.2594,0,0,-0.0817,-1.0,-0.4939999999999998,0.0,-0.2306999999999988,0.0,0.0
detached,run_1069,0.3268,12.0,30.117,0,79.6842,0,0,0.2179,9.0,29.796,1,75.066,0,1,-0.10889999999999997,-3.0,-0.3210000000000015,1.0,-4.618200000000002,0.0,1.0
detached,run_1070,0.0,3.0,28.938,0,35.2511,0,0,0.0,0.0,28.533,0,35.4041,0,0,0.0,-3.0,-0.4049999999999976,0.0,0.1529999999999987,0.0,0.0
detached,run_1071,0.1089,9.0,29.805,0,99.8575,0,0,0.0545,5.0,29.325,0,95.2064,0,0,-0.0544,-4.0,-0.4800000000000004,0.0,-4.6511,0.0,0.0
detached,run_1072,0.1634,9.0,29.899,0,75.0926,0,0,0.0545,4.0,29.281,0,74.5309,0,0,-0.1089,-5.0,-0.6180000000000021,0.0,-0.5617000000000019,0.0,0.0
detached,run_1073,0.2451,10.0,29.977,1,49.6489,0,1,0.0817,5.0,29.571,1,49.4589,0,1,-0.16340000000000002,-5.0,-0.4059999999999988,0.0,-0.18999999999999773,0.0,0.0
detached,run_1074,0.0,2.0,28.824,0,31.4099,0,0,0.0,0.0,28.424,0,30.2383,0,0,0.0,-2.0,-0.40000000000000213,0.0,-1.1716000000000015,0.0,0.0
detached,run_1075,0.0,4.0,29.047,0,27.9836,0,0,0.0,0.0,28.58,0,28.0065,0,0,0.0,-4.0,-0.4670000000000023,0.0,0.02289999999999992,0.0,0.0
detached,run_1076,0.0817,6.0,29.508,0,52.2463,0,0,0.0,4.0,29.038,0,51.508,0,0,-0.0817,-2.0,-0.46999999999999886,0.0,-0.7382999999999953,0.0,0.0
detached,run_1077,0.354,11.0,30.378,1,67.9781,0,1,0.2451,10.0,29.96,2,65.5735,0,2,-0.10889999999999997,-1.0,-0.41799999999999926,1.0,-2.404600000000002,0.0,1.0
detached,run_1078,0.0,3.0,28.993,0,43.0329,0,0,0.0,0.0,28.566,0,42.9078,0,0,0.0,-3.0,-0.4269999999999996,0.0,-0.12509999999999621,0.0,0.0
detached,run_1079,0.4085,12.0,30.383,1,60.3508,0,1,0.2451,9.0,29.853,1,58.6862,0,1,-0.16339999999999996,-3.0,-0.5299999999999976,0.0,-1.6646,0.0,0.0
detached,run_1080,0.0,3.0,28.859,0,23.7731,0,0,0.0,0.0,28.418,0,23.1458,0,0,0.0,-3.0,-0.4410000000000025,0.0,-0.6272999999999982,0.0,0.0
detached,run_1081,0.0817,5.0,29.563,0,55.8994,0,0,0.0,3.0,29.231,0,57.005,0,0,-0.0817,-2.0,-0.3319999999999972,0.0,1.1056000000000026,0.0,0.0
detached,run_1082,0.0,5.0,29.35,1,46.0649,0,1,0.0,1.0,28.939,1,46.0411,0,1,0.0,-4.0,-0.41100000000000136,0.0,-0.023800000000001376,0.0,0.0
detached,run_1083,0.0817,5.0,29.432,0,69.2255,0,0,0.0,3.0,28.971,0,68.8921,0,0,-0.0817,-2.0,-0.4609999999999985,0.0,-0.3333999999999975,0.0,0.0
detached,run_1084,0.0,0.0,28.949,1,29.6919,0,1,0.0,0.0,28.433,1,29.7471,0,1,0.0,0.0,-0.5160000000000018,0.0,0.05519999999999925,0.0,0.0
detached,run_1085,0.1089,9.0,29.759,0,125.0726,0,0,0.0545,4.0,29.307,0,122.993,0,0,-0.0544,-5.0,-0.45200000000000173,0.0,-2.0795999999999992,0.0,0.0
detached,run_1086,0.1089,9.0,29.758,0,93.5425,0,0,0.0545,4.0,29.233,0,92.5961,0,0,-0.0544,-5.0,-0.5249999999999986,0.0,-0.946399999999997,0.0,0.0
detached,run_1087,0.1362,8.0,29.797,0,61.2311,0,0,0.0545,5.0,29.28,0,60.1262,0,0,-0.0817,-3.0,-0.5169999999999995,0.0,-1.1049000000000007,0.0,0.0
detached,run_1088,0.4085,13.0,30.48,1,166.0007,0,1,0.2451,10.0,30.001,1,160.0715,0,1,-0.16339999999999996,-3.0,-0.4789999999999992,0.0,-5.929200000000009,0.0,0.0
detached,run_1089,1.3344,23.0,31.639,4,106.1952,0,4,1.0621,20.0,30.998,10,101.3645,0,10,-0.2723,-3.0,-0.6409999999999982,6.0,-4.830699999999993,0.0,6.0
detached,run_1090,0.5991,17.0,30.883,1,271.1613,0,1,0.3813,12.0,30.306,1,253.038,0,1,-0.2178,-5.0,-0.5769999999999982,0.0,-18.123299999999972,0.0,0.0
detached,run_1091,0.7353,15.0,30.714,2,81.5865,0,2,0.354,11.0,30.201,5,77.7649,0,5,-0.3813,-4.0,-0.5129999999999981,3.0,-3.8216000000000037,0.0,3.0
detached,run_1092,0.3813,12.0,30.335,1,46.0129,0,1,0.2179,10.0,29.825,1,45.5448,0,1,-0.16339999999999996,-2.0,-0.5100000000000016,0.0,-0.46809999999999974,0.0,0.0
detached,run_1093,0.1362,8.0,29.814,4,48.7182,0,4,0.0545,4.0,29.276,3,48.794,0,3,-0.0817,-4.0,-0.5380000000000003,-1.0,0.07579999999999387,0.0,-1.0
detached,run_1094,0.0817,5.0,29.607,0,38.3145,0,0,0.0272,5.0,29.156,0,38.1913,0,0,-0.05449999999999999,0.0,-0.4510000000000005,0.0,-0.1232000000000042,0.0,0.0
detached,run_1095,0.3813,12.0,30.465,0,89.849,0,0,0.2179,10.0,29.921,1,86.4305,0,1,-0.16339999999999996,-2.0,-0.5440000000000005,1.0,-3.4185000000000088,0.0,1.0
detached,run_1096,0.0817,5.0,29.498,0,59.4148,0,0,0.0,4.0,29.005,0,58.4158,0,0,-0.0817,-1.0,-0.4930000000000021,0.0,-0.9990000000000023,0.0,0.0
detached,run_1097,0.1362,7.0,29.751,4,44.5203,0,4,0.0,4.0,29.105,3,44.4421,0,3,-0.1362,-3.0,-0.6460000000000008,-1.0,-0.07819999999999538,0.0,-1.0
detached,run_1098,0.0,3.0,28.904,0,35.5016,0,0,0.0,0.0,28.522,0,35.025,0,0,0.0,-3.0,-0.38200000000000145,0.0,-0.4766000000000048,0.0,0.0
detached,run_1099,0.2723,11.0,30.096,0,94.7655,0,0,0.1089,5.0,29.511,0,93.8144,0,0,-0.1634,-6.0,-0.5850000000000009,0.0,-0.9510999999999967,0.0,0.0
detached,run_1100,0.2179,11.0,30.152,0,114.3416,0,0,0.1089,9.0,29.758,0,108.4936,0,0,-0.10900000000000001,-2.0,-0.3940000000000019,0.0,-5.847999999999999,0.0,0.0
detached,run_1101,0.0,2.0,28.942,0,37.6023,0,0,0.0,0.0,28.59,0,37.654,0,0,0.0,-2.0,-0.3520000000000003,0.0,0.051700000000003854,0.0,0.0
detached,run_1102,1.28,22.0,31.464,5,474.9946,0,10,1.1983,22.0,31.242,4,479.1748,0,12,-0.0817000000000001,0.0,-0.22199999999999775,-1.0,4.1802000000000135,0.0,2.0
detached,run_1103,0.2451,10.0,30.103,0,89.641,0,0,0.0817,5.0,29.536,1,83.584,0,1,-0.16340000000000002,-5.0,-0.5670000000000002,1.0,-6.057000000000002,0.0,1.0
detached,run_1104,0.2451,10.0,29.919,1,45.28,0,1,0.0817,6.0,29.454,1,44.273,0,1,-0.16340000000000002,-4.0,-0.46499999999999986,0.0,-1.006999999999998,0.0,0.0
detached,run_1105,0.1089,5.0,29.619,0,74.2502,0,0,0.0,4.0,29.144,0,71.4664,0,0,-0.1089,-1.0,-0.4750000000000014,0.0,-2.7838000000000136,0.0,0.0
detached,run_1106,0.0817,5.0,29.33,0,43.0534,0,0,0.0,3.0,28.952,0,42.7825,0,0,-0.0817,-2.0,-0.37799999999999656,0.0,-0.2709000000000046,0.0,0.0
detached,run_1107,1.0621,22.0,31.699,1,82.8906,0,1,1.1983,20.0,31.218,4,76.6827,0,4,0.13619999999999988,-2.0,-0.48100000000000165,3.0,-6.207900000000009,0.0,3.0
detached,run_1108,0.1362,9.0,29.805,0,86.7481,0,0,0.0545,5.0,29.285,0,81.1011,0,0,-0.0817,-4.0,-0.5199999999999996,0.0,-5.646999999999991,0.0,0.0
detached,run_1109,0.2451,10.0,29.928,1,65.3187,0,1,0.0817,5.0,29.445,1,62.8675,0,1,-0.16340000000000002,-5.0,-0.48300000000000054,0.0,-2.451200000000007,0.0,0.0
detached,run_1110,0.7898,19.0,31.009,3,99.9561,0,3,0.4902,15.0,30.549,7,94.3813,0,7,-0.2995999999999999,-4.0,-0.46000000000000085,4.0,-5.57480000000001,0.0,4.0
detached,run_1111,0.1906,6.0,29.738,1,34.5312,0,1,0.0,5.0,29.296,1,34.4649,0,1,-0.1906,-1.0,-0.44200000000000017,0.0,-0.06629999999999825,0.0,0.0
detached,run_1112,0.0817,6.0,29.532,0,43.2501,0,0,0.0,3.0,29.08,1,42.341,0,1,-0.0817,-3.0,-0.45200000000000173,1.0,-0.9091000000000022,0.0,1.0
detached,run_1113,0.2451,10.0,30.033,1,75.4007,0,1,0.1089,6.0,29.667,1,73.2371,0,1,-0.13620000000000002,-4.0,-0.36599999999999966,0.0,-2.1636000000000024,0.0,0.0
detached,run_1114,0.6536,17.0,30.701,1,114.1357,0,1,0.4085,14.0,30.277,4,109.0776,0,4,-0.24509999999999998,-3.0,-0.4239999999999995,3.0,-5.058099999999996,0.0,3.0
detached,run_1115,0.0545,4.0,29.266,0,54.2046,0,0,0.0,2.0,28.792,0,53.3308,0,0,-0.0545,-2.0,-0.47399999999999665,0.0,-0.8737999999999957,0.0,0.0
detached,run_1116,0.2723,11.0,30.063,1,81.4056,0,1,0.0817,5.0,29.434,1,79.8428,0,1,-0.1906,-6.0,-0.6289999999999978,0.0,-1.56280000000001,0.0,0.0
detached,run_1117,0.7081,18.0,30.999,1,308.0183,0,1,0.4085,14.0,30.559,1,299.2892,0,1,-0.2996,-4.0,-0.4399999999999977,0.0,-8.729100000000017,0.0,0.0
detached,run_1118,0.1634,9.0,29.974,0,55.3009,0,0,0.0817,5.0,29.43,0,53.9323,0,0,-0.0817,-4.0,-0.5440000000000005,0.0,-1.3686000000000007,0.0,0.0
detached,run_1119,0.2996,11.0,30.213,1,54.4448,0,1,0.1089,6.0,29.625,1,52.9983,0,1,-0.19069999999999998,-5.0,-0.588000000000001,0.0,-1.4465000000000003,0.0,0.0
detached,run_1120,0.0,3.0,29.004,0,49.6273,0,0,0.0,0.0,28.58,0,50.0201,0,0,0.0,-3.0,-0.42400000000000304,0.0,0.39280000000000115,0.0,0.0
detached,run_1121,0.2723,11.0,30.228,1,66.033,0,1,0.1089,6.0,29.613,1,65.5031,0,1,-0.1634,-5.0,-0.615000000000002,0.0,-0.5298999999999978,0.0,0.0
detached,run_1122,0.2996,11.0,30.148,0,71.6044,0,0,0.1089,6.0,29.612,1,69.151,0,1,-0.19069999999999998,-5.0,-0.5360000000000014,1.0,-2.453400000000002,0.0,1.0
detached,run_1123,0.0817,5.0,29.473,0,80.2544,0,0,0.0,4.0,29.104,0,79.5927,0,0,-0.0817,-1.0,-0.3689999999999998,0.0,-0.6617000000000104,0.0,0.0
detached,run_1124,0.1089,6.0,29.684,0,88.2046,0,0,0.0545,5.0,29.266,0,87.2353,0,0,-0.0544,-1.0,-0.4180000000000028,0.0,-0.969300000000004,0.0,0.0
detached,run_1125,0.354,12.0,30.201,2,21.9489,0,2,0.2179,8.0,29.802,8,21.8602,0,8,-0.13609999999999997,-4.0,-0.3990000000000009,6.0,-0.08869999999999933,0.0,6.0
detached,run_1126,0.7625,20.0,31.03,3,49.8542,0,3,0.4357,14.0,30.385,5,48.8355,0,5,-0.3268,-6.0,-0.6449999999999996,2.0,-1.0186999999999955,0.0,2.0
detached,run_1127,0.2451,9.0,29.949,2,22.0023,0,2,0.1089,5.0,29.44,4,21.4914,0,4,-0.13620000000000002,-4.0,-0.5090000000000003,2.0,-0.510900000000003,0.0,2.0
detached,run_1128,0.5991,15.0,30.647,1,114.9092,0,1,0.354,11.0,30.118,2,111.4061,0,2,-0.24509999999999998,-4.0,-0.5289999999999999,1.0,-3.5031000000000034,0.0,1.0
detached,run_1129,0.2996,11.0,30.085,1,99.1644,0,1,0.1089,6.0,29.708,2,96.9668,0,2,-0.19069999999999998,-5.0,-0.37700000000000244,1.0,-2.1975999999999942,0.0,1.0
detached,run_1130,0.0,3.0,29.053,0,16.2879,0,0,0.0,0.0,28.641,0,15.8499,0,0,0.0,-3.0,-0.4120000000000026,0.0,-0.4380000000000006,0.0,0.0
detached,run_1131,0.0545,5.0,29.228,0,45.6794,0,0,0.0,3.0,28.902,0,44.3721,0,0,-0.0545,-2.0,-0.3260000000000005,0.0,-1.307299999999998,0.0,0.0
detached,run_1132,0.0817,5.0,29.404,0,55.6066,0,0,0.0,3.0,28.906,0,55.0316,0,0,-0.0817,-2.0,-0.4980000000000011,0.0,-0.5750000000000028,0.0,0.0
detached,run_1133,0.463,16.0,30.683,1,229.6699,0,1,0.3813,12.0,30.298,1,214.4902,0,1,-0.08170000000000005,-4.0,-0.38500000000000156,0.0,-15.179700000000025,0.0,0.0
detached,run_1134,0.0545,5.0,29.22,0,51.5879,0,0,0.0,4.0,29.01,0,48.4175,0,0,-0.0545,-1.0,-0.2099999999999973,0.0,-3.1704000000000008,0.0,0.0
detached,run_1135,0.0,3.0,29.056,2,68.8684,0,2,0.0,0.0,28.637,2,68.8958,0,2,0.0,-3.0,-0.4190000000000005,0.0,0.02740000000000009,0.0,0.0
detached,run_1136,0.3813,12.0,30.264,0,125.0965,0,0,0.1362,9.0,29.838,0,117.0135,0,0,-0.24509999999999998,-3.0,-0.4259999999999984,0.0,-8.083000000000013,0.0,0.0
detached,run_1137,0.0817,5.0,29.311,0,48.1725,0,0,0.0,3.0,28.86,0,47.4133,0,0,-0.0817,-2.0,-0.4510000000000005,0.0,-0.7591999999999999,0.0,0.0
detached,run_1138,0.0545,4.0,29.453,0,72.4433,0,0,0.0,4.0,29.055,0,71.8927,0,0,-0.0545,0.0,-0.3979999999999997,0.0,-0.5505999999999887,0.0,0.0
detached,run_1139,0.1089,9.0,29.82,0,133.7722,0,0,0.0545,5.0,29.296,0,120.5991,0,0,-0.0544,-4.0,-0.5240000000000009,0.0,-13.173099999999991,0.0,0.0
detached,run_1140,0.0545,4.0,29.192,0,59.4615,0,0,0.0,2.0,28.835,0,59.8805,0,0,-0.0545,-2.0,-0.3569999999999993,0.0,0.41899999999999693,0.0,0.0
detached,run_1141,0.0,3.0,28.979,0,60.8004,0,0,0.0,0.0,28.622,0,59.2861,0,0,0.0,-3.0,-0.3569999999999993,0.0,-1.5143000000000058,0.0,0.0
detached,run_1142,0.1906,10.0,29.908,0,119.0883,0,0,0.1089,6.0,29.549,0,115.0171,0,0,-0.0817,-4.0,-0.35900000000000176,0.0,-4.071200000000005,0.0,0.0
detached,run_1143,0.6264,15.0,30.719,1,151.9321,0,1,0.354,11.0,30.275,2,147.1386,0,2,-0.2724,-4.0,-0.4440000000000026,1.0,-4.7934999999999945,0.0,1.0
detached,run_1144,0.0817,6.0,29.703,1,40.6821,0,1,0.0,5.0,29.286,1,39.7682,0,1,-0.0817,-1.0,-0.41699999999999804,0.0,-0.9138999999999982,0.0,0.0
detached,run_1145,0.0817,5.0,29.617,0,64.0714,0,0,0.0,3.0,29.106,0,62.9848,0,0,-0.0817,-2.0,-0.5109999999999992,0.0,-1.0865999999999971,0.0,0.0
detached,run_1146,0.0817,5.0,29.435,0,41.5186,0,0,0.0,3.0,28.911,0,41.2051,0,0,-0.0817,-2.0,-0.5239999999999974,0.0,-0.31349999999999767,0.0,0.0
detached,run_1147,0.0,4.0,29.023,0,31.9999,0,0,0.0,0.0,28.587,0,31.1292,0,0,0.0,-4.0,-0.43599999999999994,0.0,-0.8706999999999994,0.0,0.0
detached,run_1148,0.1089,7.0,29.607,0,53.1956,0,0,0.0,4.0,29.172,0,51.5664,0,0,-0.1089,-3.0,-0.4349999999999987,0.0,-1.6291999999999973,0.0,0.0
detached,run_1149,0.1089,9.0,29.792,0,119.4073,0,0,0.0545,5.0,29.375,0,116.4445,0,0,-0.0544,-4.0,-0.4170000000000016,0.0,-2.9628000000000014,0.0,0.0
detached,run_1150,0.4085,12.0,30.495,1,71.8238,0,1,0.2723,11.0,30.056,1,70.6197,0,1,-0.1362,-1.0,-0.43900000000000006,0.0,-1.204100000000011,0.0,0.0
detached,run_1151,0.0545,4.0,29.184,0,51.8661,0,0,0.0,2.0,28.702,0,50.7098,0,0,-0.0545,-2.0,-0.4819999999999993,0.0,-1.1563000000000017,0.0,0.0
detached,run_1152,0.1634,7.0,29.73,1,47.4435,0,1,0.0545,5.0,29.333,1,47.2185,0,1,-0.1089,-2.0,-0.397000000000002,0.0,-0.22500000000000142,0.0,0.0
detached,run_1153,0.2179,10.0,29.915,0,91.3371,0,0,0.0817,5.0,29.493,0,91.0372,0,0,-0.13620000000000002,-5.0,-0.4220000000000006,0.0,-0.29990000000000805,0.0,0.0
detached,run_1154,0.1089,8.0,29.759,0,61.2991,0,0,0.0545,5.0,29.211,0,59.7292,0,0,-0.0544,-3.0,-0.5480000000000018,0.0,-1.569900000000004,0.0,0.0
detached,run_1155,0.1089,9.0,29.935,0,109.0179,0,0,0.0817,4.0,29.493,0,105.5862,0,0,-0.027200000000000002,-5.0,-0.44200000000000017,0.0,-3.431699999999992,0.0,0.0
detached,run_1156,0.2179,10.0,30.12,0,133.4431,0,0,0.1089,6.0,29.633,0,120.7805,0,0,-0.10900000000000001,-4.0,-0.4870000000000019,0.0,-12.662599999999983,0.0,0.0
detached,run_1157,0.0817,5.0,29.505,1,58.0788,0,1,0.0,4.0,29.157,1,58.0137,0,1,-0.0817,-1.0,-0.347999999999999,0.0,-0.06510000000000105,0.0,0.0
detached,run_1158,0.354,11.0,30.299,0,116.0018,0,0,0.1906,9.0,29.842,0,114.4393,0,0,-0.1634,-2.0,-0.45700000000000074,0.0,-1.5625,0.0,0.0
detached,run_1159,0.5174,16.0,30.803,1,106.366,0,1,0.4085,12.0,30.375,1,99.3936,0,1,-0.1089,-4.0,-0.4280000000000008,0.0,-6.972399999999993,0.0,0.0
detached,run_1160,0.2179,9.0,29.804,1,76.2392,0,1,0.0545,5.0,29.407,2,74.8345,0,2,-0.16340000000000002,-4.0,-0.39699999999999847,1.0,-1.4046999999999912,0.0,1.0
detached,run_1161,0.3813,12.0,30.538,1,191.8019,0,1,0.2451,10.0,30.009,1,183.7625,0,1,-0.13619999999999996,-2.0,-0.5289999999999999,0.0,-8.0394,0.0,0.0
detached,run_1162,0.1089,6.0,29.621,0,65.977,0,0,0.0545,4.0,29.148,0,65.2058,0,0,-0.0544,-2.0,-0.472999999999999,0.0,-0.7712000000000074,0.0,0.0
detached,run_1163,0.0,3.0,28.969,0,41.5353,0,0,0.0,0.0,28.56,0,41.3016,0,0,0.0,-3.0,-0.4090000000000025,0.0,-0.2336999999999989,0.0,0.0
detached,run_1164,0.1089,7.0,29.639,0,51.8552,0,0,0.0,4.0,29.148,0,51.0737,0,0,-0.1089,-3.0,-0.49099999999999966,0.0,-0.7815000000000012,0.0,0.0
detached,run_1165,0.2723,11.0,30.212,0,82.1268,0,0,0.1089,7.0,29.655,1,80.9951,0,1,-0.1634,-4.0,-0.5569999999999986,1.0,-1.1317000000000093,0.0,1.0
detached,run_1166,0.1906,9.0,29.931,0,92.9943,0,0,0.1089,6.0,29.516,0,92.4458,0,0,-0.0817,-3.0,-0.4150000000000027,0.0,-0.54849999999999,0.0,0.0
detached,run_1167,0.2451,10.0,30.021,0,79.6516,0,0,0.1089,6.0,29.563,0,77.7705,0,0,-0.13620000000000002,-4.0,-0.45800000000000196,0.0,-1.8811000000000035,0.0,0.0
detached,run_1168,0.1089,8.0,29.641,0,120.0879,0,0,0.0545,4.0,29.148,0,110.8321,0,0,-0.0544,-4.0,-0.49299999999999855,0.0,-9.255800000000008,0.0,0.0
detached,run_1169,0.4085,13.0,30.544,0,95.0569,0,0,0.1906,10.0,29.984,1,92.6983,0,1,-0.21789999999999998,-3.0,-0.5599999999999987,1.0,-2.3585999999999956,0.0,1.0
detached,run_1170,1.1166,20.0,31.122,14,392.5702,0,82,0.7353,15.0,30.585,18,412.3631,0,108,-0.3813000000000001,-5.0,-0.536999999999999,4.0,19.792899999999975,0.0,26.0
detached,run_1171,0.0,4.0,29.021,0,50.172,0,0,0.0,0.0,28.622,0,46.9524,0,0,0.0,-4.0,-0.3990000000000009,0.0,-3.2196,0.0,0.0
detached,run_1172,0.0545,5.0,29.213,0,51.9418,0,0,0.0,3.0,28.817,0,49.7329,0,0,-0.0545,-2.0,-0.3960000000000008,0.0,-2.2089,0.0,0.0
detached,run_1173,0.3813,12.0,30.342,0,228.1976,0,0,0.1089,9.0,29.782,0,216.0436,0,0,-0.2724,-3.0,-0.5599999999999987,0.0,-12.153999999999996,0.0,0.0
detached,run_1174,0.1089,8.0,29.807,0,76.1512,0,0,0.0545,4.0,29.229,0,75.2785,0,0,-0.0544,-4.0,-0.5779999999999994,0.0,-0.8727000000000089,0.0,0.0
detached,run_1175,0.1089,6.0,29.606,0,48.7341,0,0,0.0545,5.0,29.193,0,49.4625,0,0,-0.0544,-1.0,-0.41300000000000026,0.0,0.7284000000000006,0.0,0.0
detached,run_1176,0.0817,5.0,29.512,0,46.7072,0,0,0.0,3.0,29.014,0,46.2482,0,0,-0.0817,-2.0,-0.4980000000000011,0.0,-0.4590000000000032,0.0,0.0
detached,run_1177,0.1089,9.0,29.799,0,231.0306,0,0,0.0817,5.0,29.43,0,223.6153,0,0,-0.027200000000000002,-4.0,-0.3689999999999998,0.0,-7.415300000000002,0.0,0.0
detached,run_1178,0.1089,5.0,29.6,0,82.9273,0,0,0.0,4.0,29.15,0,79.2018,0,0,-0.1089,-1.0,-0.45000000000000284,0.0,-3.7254999999999967,0.0,0.0
detached,run_1179,0.2996,11.0,30.283,0,108.017,0,0,0.2179,10.0,29.867,1,105.3904,0,1,-0.08169999999999997,-1.0,-0.41600000000000037,1.0,-2.6265999999999963,0.0,1.0
detached,run_1180,0.0,5.0,29.38,1,21.7747,0,1,0.0,0.0,28.953,1,21.2785,0,1,0.0,-5.0,-0.4269999999999996,0.0,-0.4961999999999982,0.0,0.0
detached,run_1181,0.817,20.0,31.299,1,348.9302,0,1,0.7081,18.0,30.865,3,341.7208,0,3,-0.1089,-2.0,-0.43400000000000105,2.0,-7.2094000000000165,0.0,2.0
detached,run_1182,0.0817,5.0,29.548,1,68.239,0,1,0.0,3.0,29.129,1,68.2545,0,1,-0.0817,-2.0,-0.41899999999999693,0.0,0.015499999999988745,0.0,0.0
detached,run_1183,0.0545,4.0,29.311,0,56.9333,0,0,0.0,3.0,28.938,0,56.4524,0,0,-0.0545,-1.0,-0.3730000000000011,0.0,-0.48090000000000543,0.0,0.0
detached,run_1184,0.2179,10.0,30.015,0,106.1797,0,0,0.1089,5.0,29.57,1,105.5558,0,1,-0.10900000000000001,-5.0,-0.4450000000000003,1.0,-0.6238999999999919,0.0,1.0
detached,run_1185,0.2451,9.0,29.868,2,45.8348,0,2,0.0545,5.0,29.406,3,45.5766,0,3,-0.19060000000000002,-4.0,-0.46199999999999974,1.0,-0.2582000000000022,0.0,1.0
detached,run_1186,0.0545,4.0,29.173,0,64.7846,0,0,0.0,2.0,28.792,0,61.7486,0,0,-0.0545,-2.0,-0.3809999999999967,0.0,-3.0359999999999943,0.0,0.0
detached,run_1187,0.2451,8.0,29.851,1,31.4132,0,1,0.0545,5.0,29.357,2,31.4314,0,2,-0.19060000000000002,-3.0,-0.4939999999999998,1.0,0.018200000000000216,0.0,1.0
detached,run_1188,0.2996,11.0,30.217,0,122.1384,0,0,0.1089,7.0,29.658,1,116.9386,0,1,-0.19069999999999998,-4.0,-0.5589999999999975,1.0,-5.19980000000001,0.0,1.0
detached,run_1189,0.0,5.0,29.138,0,41.7755,0,0,0.0,2.0,28.769,0,41.5184,0,0,0.0,-3.0,-0.3690000000000033,0.0,-0.2571000000000012,0.0,0.0
detached,run_1190,0.2451,10.0,30.031,1,76.8853,0,1,0.0817,5.0,29.481,1,75.8311,0,1,-0.16340000000000002,-5.0,-0.5499999999999972,0.0,-1.0541999999999945,0.0,0.0
detached,run_1191,0.5719,13.0,30.612,5,37.8997,0,5,0.2723,13.0,30.14,9,37.2958,0,9,-0.2996,0.0,-0.47199999999999775,4.0,-0.603900000000003,0.0,4.0
detached,run_1192,0.3268,12.0,30.407,1,207.8393,0,1,0.2179,9.0,29.804,1,187.8701,0,1,-0.10889999999999997,-3.0,-0.6030000000000015,0.0,-19.9692,0.0,0.0
detached,run_1193,0.0545,5.0,29.323,0,50.2012,0,0,0.0,3.0,28.879,0,49.8392,0,0,-0.0545,-2.0,-0.44399999999999906,0.0,-0.3620000000000019,0.0,0.0
detached,run_1194,0.0817,5.0,29.387,0,61.5348,0,0,0.0,3.0,29.105,0,60.0868,0,0,-0.0817,-2.0,-0.28200000000000003,0.0,-1.4480000000000004,0.0,0.0
detached,run_1195,0.354,13.0,30.352,4,41.8751,0,4,0.2179,9.0,29.831,6,41.9787,0,6,-0.13609999999999997,-4.0,-0.5210000000000008,2.0,0.10360000000000014,0.0,2.0
detached,run_1196,0.0817,5.0,29.47,0,55.3779,0,0,0.0,3.0,29.0,0,53.8342,0,0,-0.0817,-2.0,-0.46999999999999886,0.0,-1.543699999999994,0.0,0.0
detached,run_1197,0.0,4.0,29.126,0,43.093,0,0,0.0,2.0,28.681,0,42.6791,0,0,0.0,-2.0,-0.4450000000000003,0.0,-0.41390000000000526,0.0,0.0
detached,run_1198,0.3813,12.0,30.343,1,202.5128,0,1,0.1906,10.0,29.917,1,190.3119,0,1,-0.19069999999999998,-2.0,-0.4259999999999984,0.0,-12.20089999999999,0.0,0.0
detached,run_1199,0.0817,5.0,29.554,1,69.141,0,1,0.0,4.0,29.097,1,68.1633,0,1,-0.0817,-1.0,-0.4569999999999972,0.0,-0.9776999999999987,0.0,0.0
detached,run_1200,0.0817,5.0,29.421,1,21.301,0,1,0.0,1.0,28.933,1,21.3197,0,1,-0.0817,-4.0,-0.48799999999999955,0.0,0.018700000000002603,0.0,0.0
detached,run_1201,0.463,13.0,30.595,1,103.0467,0,1,0.2451,10.0,30.061,2,99.7309,0,2,-0.2179,-3.0,-0.5339999999999989,1.0,-3.315799999999996,0.0,1.0
detached,run_1202,0.7898,16.0,30.693,1,79.5684,0,1,0.4085,14.0,30.245,4,72.1799,0,4,-0.3813,-2.0,-0.4480000000000004,3.0,-7.388499999999993,0.0,3.0
detached,run_1203,0.0,4.0,29.15,0,40.3541,0,0,0.0,0.0,28.745,0,40.1498,0,0,0.0,-4.0,-0.4049999999999976,0.0,-0.20430000000000348,0.0,0.0
detached,run_1204,1.1983,22.0,31.601,1,441.0897,0,1,1.0076,20.0,31.022,3,423.6931,0,3,-0.19069999999999987,-2.0,-0.5790000000000006,2.0,-17.396599999999978,0.0,2.0
detached,run_1205,0.1089,6.0,29.542,0,56.103,0,0,0.0,4.0,29.057,0,55.9492,0,0,-0.1089,-2.0,-0.485000000000003,0.0,-0.15380000000000393,0.0,0.0
detached,run_1206,0.5174,16.0,30.807,1,253.7956,0,1,0.3813,12.0,30.365,1,250.3488,0,1,-0.1361,-4.0,-0.44200000000000017,0.0,-3.446799999999996,0.0,0.0
detached,run_1207,0.0,4.0,29.124,0,19.3317,0,0,0.0,0.0,28.708,0,19.2239,0,0,0.0,-4.0,-0.41600000000000037,0.0,-0.107800000000001,0.0,0.0
detached,run_1208,0.4085,15.0,30.735,0,184.1978,0,0,0.3268,12.0,30.225,0,170.8893,0,0,-0.0817,-3.0,-0.509999999999998,0.0,-13.30850000000001,0.0,0.0
detached,run_1209,0.7081,18.0,30.907,2,278.4229,0,3,0.4085,14.0,30.363,2,263.5737,0,2,-0.2996,-4.0,-0.5440000000000005,0.0,-14.849200000000053,0.0,-1.0
detached,run_1210,0.5447,17.0,30.906,1,183.2763,0,1,0.4085,12.0,30.43,1,172.9189,0,1,-0.1362,-5.0,-0.4759999999999991,0.0,-10.357399999999984,0.0,0.0
detached,run_1211,0.1089,9.0,29.859,0,88.3993,0,0,0.0545,4.0,29.392,0,86.3982,0,0,-0.0544,-5.0,-0.4670000000000023,0.0,-2.001099999999994,0.0,0.0
detached,run_1212,0.4085,12.0,30.511,2,148.0931,0,2,0.2451,10.0,29.893,1,142.1739,0,1,-0.16339999999999996,-2.0,-0.6179999999999986,-1.0,-5.919199999999989,0.0,-1.0
detached,run_1213,0.817,21.0,31.155,3,89.8079,0,3,0.5174,15.0,30.556,7,86.2592,0,7,-0.2996,-6.0,-0.5990000000000002,4.0,-3.5486999999999966,0.0,4.0
detached,run_1214,1.2255,21.0,31.47,16,752.8906,0,44,1.1438,21.0,31.224,16,780.9118,0,73,-0.0817000000000001,0.0,-0.24599999999999866,0.0,28.02120000000002,0.0,29.0
detached,run_1215,0.0817,5.0,29.418,1,36.5807,0,1,0.0,3.0,29.041,1,36.3669,0,1,-0.0817,-2.0,-0.3769999999999989,0.0,-0.2137999999999991,0.0,0.0
detached,run_1216,0.3268,11.0,30.228,1,50.6395,0,1,0.1634,6.0,29.736,1,49.9062,0,1,-0.1634,-5.0,-0.4920000000000009,0.0,-0.7332999999999998,0.0,0.0
detached,run_1217,0.4357,13.0,30.454,1,226.6686,0,1,0.3268,12.0,30.084,1,218.3301,0,1,-0.1089,-1.0,-0.370000000000001,0.0,-8.33850000000001,0.0,0.0
detached,run_1218,0.1089,6.0,29.543,0,88.8328,0,0,0.0,4.0,29.147,0,84.266,0,0,-0.1089,-2.0,-0.3960000000000008,0.0,-4.566800000000001,0.0,0.0
detached,run_1219,0.0,5.0,29.059,0,32.7271,0,0,0.0,0.0,28.599,0,32.6212,0,0,0.0,-5.0,-0.46000000000000085,0.0,-0.10589999999999833,0.0,0.0
detached,run_1220,0.1362,9.0,29.844,0,93.801,0,0,0.0817,5.0,29.453,0,93.5021,0,0,-0.05449999999999999,-4.0,-0.3910000000000018,0.0,-0.2989000000000033,0.0,0.0
detached,run_1221,0.1089,9.0,29.813,0,120.526,0,0,0.0817,5.0,29.369,0,114.5633,0,0,-0.027200000000000002,-4.0,-0.44399999999999906,0.0,-5.962699999999998,0.0,0.0
detached,run_1222,0.4902,15.0,30.767,1,136.3019,0,1,0.2451,10.0,30.147,2,132.0789,0,2,-0.2451,-5.0,-0.620000000000001,1.0,-4.222999999999985,0.0,1.0
detached,run_1223,0.7898,20.0,31.123,1,124.8579,0,1,0.5991,15.0,30.617,3,119.4301,0,3,-0.19069999999999998,-5.0,-0.5060000000000002,2.0,-5.427800000000005,0.0,2.0
detached,run_1224,0.1089,5.0,29.573,0,85.3038,0,0,0.0272,5.0,29.187,0,85.8192,0,0,-0.0817,0.0,-0.38599999999999923,0.0,0.5153999999999996,0.0,0.0
detached,run_1225,0.0,0.0,28.671,0,20.2671,0,0,0.0,0.0,28.355,0,20.1669,0,0,0.0,0.0,-0.31599999999999895,0.0,-0.10020000000000095,0.0,0.0
detached,run_1226,0.1362,6.0,29.748,1,33.9902,0,1,0.0,5.0,29.251,1,33.4328,0,1,-0.1362,-1.0,-0.4969999999999999,0.0,-0.5574000000000012,0.0,0.0
detached,run_1227,0.2996,11.0,30.4,1,259.2508,0,1,0.1634,10.0,29.894,1,248.2566,0,1,-0.1362,-1.0,-0.5060000000000002,0.0,-10.994200000000035,0.0,0.0
detached,run_1228,0.7353,18.0,30.908,3,150.0309,0,3,0.4357,12.0,30.381,2,145.7997,0,2,-0.2996,-6.0,-0.527000000000001,-1.0,-4.231200000000001,0.0,-1.0
detached,run_1229,0.3813,12.0,30.219,0,117.2556,0,0,0.1089,9.0,29.734,1,108.7605,0,1,-0.2724,-3.0,-0.48499999999999943,1.0,-8.495100000000008,0.0,1.0
detached,run_1230,0.2723,11.0,30.206,0,84.4641,0,0,0.1089,6.0,29.627,1,82.3633,0,1,-0.1634,-5.0,-0.5790000000000006,1.0,-2.1008000000000067,0.0,1.0
detached,run_1231,0.1089,8.0,29.685,0,95.6136,0,0,0.0545,4.0,29.268,0,92.1051,0,0,-0.0544,-4.0,-0.41699999999999804,0.0,-3.508500000000012,0.0,0.0
detached,run_1232,0.4085,15.0,30.746,1,197.385,0,1,0.354,12.0,30.321,1,187.8952,0,1,-0.05449999999999999,-3.0,-0.42499999999999716,0.0,-9.489800000000002,0.0,0.0
detached,run_1233,0.1089,7.0,29.658,0,69.2257,0,0,0.0545,5.0,29.254,0,66.4505,0,0,-0.0544,-2.0,-0.4039999999999999,0.0,-2.775199999999998,0.0,0.0
detached,run_1234,0.3268,11.0,30.298,0,178.6348,0,0,0.1089,8.0,29.737,1,169.2844,0,1,-0.21789999999999998,-3.0,-0.5609999999999999,1.0,-9.350400000000008,0.0,1.0
detached,run_1235,0.0,4.0,29.057,0,49.6697,0,0,0.0,2.0,28.736,0,48.0488,0,0,0.0,-2.0,-0.32099999999999795,0.0,-1.620899999999999,0.0,0.0
detached,run_1236,0.0545,5.0,29.241,0,45.1462,0,0,0.0,2.0,28.854,0,45.2897,0,0,-0.0545,-3.0,-0.38700000000000045,0.0,0.14350000000000307,0.0,0.0
detached,run_1237,0.0545,4.0,29.237,0,52.0233,0,0,0.0,2.0,28.802,0,50.8604,0,0,-0.0545,-2.0,-0.4349999999999987,0.0,-1.1629000000000005,0.0,0.0
detached,run_1238,0.0,3.0,28.851,0,21.4101,0,0,0.0,0.0,28.458,0,20.8734,0,0,0.0,-3.0,-0.3930000000000007,0.0,-0.5366999999999997,0.0,0.0
detached,run_1239,0.0545,5.0,29.334,0,69.8475,0,0,0.0,3.0,28.908,0,70.4027,0,0,-0.0545,-2.0,-0.4259999999999984,0.0,0.5551999999999992,0.0,0.0
detached,run_1240,0.1089,6.0,29.55,0,68.6345,0,0,0.0,5.0,29.191,0,65.6311,0,0,-0.1089,-1.0,-0.35900000000000176,0.0,-3.003399999999999,0.0,0.0
detached,run_1241,0.2451,9.0,29.992,2,60.1131,0,2,0.0817,5.0,29.492,3,59.2396,0,3,-0.16340000000000002,-4.0,-0.5,1.0,-0.8734999999999999,0.0,1.0
detached,run_1242,0.0817,5.0,29.412,0,68.4334,0,0,0.0,3.0,29.039,0,65.7418,0,0,-0.0817,-2.0,-0.37299999999999756,0.0,-2.691600000000008,0.0,0.0
detached,run_1243,0.3813,12.0,30.458,0,185.7955,0,0,0.1906,11.0,30.019,1,178.3804,0,1,-0.19069999999999998,-1.0,-0.43900000000000006,1.0,-7.415099999999995,0.0,1.0
detached,run_1244,0.1089,8.0,29.697,0,71.3529,0,0,0.0545,5.0,29.371,0,68.8111,0,0,-0.0544,-3.0,-0.3260000000000005,0.0,-2.541800000000009,0.0,0.0
detached,run_1245,0.354,12.0,30.4,1,82.2865,0,1,0.2451,10.0,29.966,1,80.0363,0,1,-0.10889999999999997,-2.0,-0.4339999999999975,0.0,-2.2502000000000066,0.0,0.0
detached,run_1246,0.1362,9.0,29.755,0,49.5916,0,0,0.0817,5.0,29.362,1,47.4906,0,1,-0.05449999999999999,-4.0,-0.3930000000000007,1.0,-2.100999999999999,0.0,1.0
detached,run_1247,0.0,2.0,28.916,1,10.7816,0,1,0.0,0.0,28.527,1,10.9969,0,1,0.0,-2.0,-0.38899999999999935,0.0,0.21530000000000094,0.0,0.0
detached,run_1248,0.7898,18.0,31.029,5,426.5185,0,6,0.4085,12.0,30.506,1,444.0843,0,1,-0.3813,-6.0,-0.5229999999999997,-4.0,17.565799999999967,0.0,-5.0
detached,run_1249,0.1089,8.0,29.69,0,63.9757,0,0,0.0,5.0,29.209,0,60.2863,0,0,-0.1089,-3.0,-0.48100000000000165,0.0,-3.6894000000000062,0.0,0.0
detached,run_1250,0.2451,9.0,29.906,1,42.8027,0,1,0.0545,5.0,29.392,1,42.5824,0,1,-0.19060000000000002,-4.0,-0.5139999999999993,0.0,-0.22030000000000172,0.0,0.0
detached,run_1251,0.4357,13.0,30.438,1,297.9873,0,1,0.2179,10.0,29.981,1,271.4717,0,1,-0.21779999999999997,-3.0,-0.4569999999999972,0.0,-26.515600000000006,0.0,0.0
detached,run_1252,0.1089,8.0,29.65,0,103.5441,0,0,0.0545,4.0,29.213,0,98.0633,0,0,-0.0544,-4.0,-0.4369999999999976,0.0,-5.480800000000002,0.0,0.0
detached,run_1253,0.1634,9.0,29.796,0,44.1061,0,0,0.0272,5.0,29.274,0,42.3419,0,0,-0.1362,-4.0,-0.5219999999999985,0.0,-1.7641999999999953,0.0,0.0
detached,run_1254,0.8987,20.0,31.09,1,186.5733,0,1,0.6808,15.0,30.65,1,172.9111,0,1,-0.2179000000000001,-5.0,-0.4400000000000013,0.0,-13.662199999999984,0.0,0.0
detached,run_1255,0.1362,6.0,29.689,1,62.4956,0,1,0.0,5.0,29.289,1,61.6249,0,1,-0.1362,-1.0,-0.3999999999999986,0.0,-0.8707000000000065,0.0,0.0
detached,run_1256,0.1089,8.0,29.717,0,83.47,0,0,0.0545,4.0,29.24,0,80.7206,0,0,-0.0544,-4.0,-0.4770000000000003,0.0,-2.7493999999999943,0.0,0.0
detached,run_1257,0.1089,6.0,29.588,0,55.3977,0,0,0.0,4.0,29.095,0,53.9732,0,0,-0.1089,-2.0,-0.4930000000000021,0.0,-1.4245000000000019,0.0,0.0
detached,run_1258,0.2179,9.0,29.833,1,60.4145,0,1,0.0817,6.0,29.517,1,58.8907,0,1,-0.13620000000000002,-3.0,-0.31599999999999895,0.0,-1.5237999999999943,0.0,0.0
detached,run_1259,0.1089,9.0,29.757,0,112.9374,0,0,0.0545,4.0,29.317,0,106.9467,0,0,-0.0544,-5.0,-0.4400000000000013,0.0,-5.99069999999999,0.0,0.0
detached,run_1260,0.1089,9.0,29.816,0,87.4866,0,0,0.0545,4.0,29.329,0,86.3635,0,0,-0.0544,-5.0,-0.4869999999999983,0.0,-1.1230999999999938,0.0,0.0
detached,run_1261,0.3813,12.0,30.388,0,99.3521,0,0,0.2451,10.0,29.952,1,93.7688,0,1,-0.13619999999999996,-2.0,-0.43599999999999994,1.0,-5.583299999999994,0.0,1.0
detached,run_1262,0.1906,8.0,29.857,0,52.5215,0,0,0.0817,5.0,29.464,0,51.6694,0,0,-0.1089,-3.0,-0.3930000000000007,0.0,-0.8521000000000001,0.0,0.0
detached,run_1263,0.8442,21.0,30.955,1,96.302,0,1,0.5719,16.0,30.476,2,86.5451,0,2,-0.2723,-5.0,-0.4789999999999992,1.0,-9.756900000000002,0.0,1.0
detached,run_1264,0.0817,5.0,29.37,0,66.8219,0,0,0.0,3.0,28.938,0,66.8396,0,0,-0.0817,-2.0,-0.43200000000000216,0.0,0.017700000000004934,0.0,0.0
detached,run_1265,1.0621,22.0,31.207,1,446.7073,0,1,0.8987,19.0,30.882,2,448.9426,0,2,-0.1634,-3.0,-0.3249999999999993,1.0,2.235300000000052,0.0,1.0
detached,run_1266,0.1089,8.0,29.72,0,223.4074,0,0,0.0545,4.0,29.351,0,213.5896,0,0,-0.0544,-4.0,-0.3689999999999998,0.0,-9.817800000000005,0.0,0.0
detached,run_1267,0.1089,8.0,29.717,0,88.9173,0,0,0.0545,5.0,29.198,0,87.0146,0,0,-0.0544,-3.0,-0.5189999999999984,0.0,-1.9026999999999958,0.0,0.0
detached,run_1268,1.6885,30.0,32.098,14,86.675,0,14,1.6885,30.0,31.759,24,87.2837,0,24,0.0,0.0,-0.33899999999999864,10.0,0.6086999999999989,0.0,10.0
detached,run_1269,0.4902,13.0,30.512,5,80.4629,0,5,0.2451,11.0,30.099,8,80.2253,0,8,-0.2451,-2.0,-0.41300000000000026,3.0,-0.23760000000000048,0.0,3.0
detached,run_1270,1.1166,20.0,31.332,4,51.5961,0,4,0.7081,17.0,30.715,7,50.2455,0,7,-0.4085000000000001,-3.0,-0.6170000000000009,3.0,-1.3506,0.0,3.0
detached,run_1271,0.1089,9.0,29.771,0,64.6977,0,0,0.0272,4.0,29.157,0,62.1673,0,0,-0.0817,-5.0,-0.6140000000000008,0.0,-2.5304,0.0,0.0
detached,run_1272,0.2451,10.0,30.03,1,80.0411,0,1,0.0817,5.0,29.67,2,80.3312,0,2,-0.16340000000000002,-5.0,-0.35999999999999943,1.0,0.29009999999999536,0.0,1.0
detached,run_1273,0.0,3.0,29.037,0,38.6053,0,0,0.0,2.0,28.741,0,37.3189,0,0,0.0,-1.0,-0.2959999999999994,0.0,-1.2864000000000004,0.0,0.0
detached,run_1274,0.5447,16.0,30.786,2,417.5677,0,2,0.354,12.0,30.295,1,410.9409,0,1,-0.19069999999999998,-4.0,-0.49099999999999966,-1.0,-6.626800000000003,0.0,-1.0
detached,run_1275,0.2179,10.0,29.991,0,71.3498,0,0,0.0817,6.0,29.456,0,67.9695,0,0,-0.13620000000000002,-4.0,-0.5350000000000001,0.0,-3.3803000000000054,0.0,0.0
detached,run_1276,0.0,3.0,28.958,0,42.037,0,0,0.0,0.0,28.606,0,41.1415,0,0,0.0,-3.0,-0.35199999999999676,0.0,-0.8954999999999984,0.0,0.0
detached,run_1277,0.1089,9.0,29.73,0,72.5223,0,0,0.0545,5.0,29.207,0,72.6065,0,0,-0.0544,-4.0,-0.5229999999999997,0.0,0.08419999999999561,0.0,0.0
detached,run_1278,0.0817,5.0,29.351,0,70.9647,0,0,0.0,3.0,28.93,0,65.8639,0,0,-0.0817,-2.0,-0.4209999999999994,0.0,-5.1007999999999925,0.0,0.0
detached,run_1279,0.2451,10.0,29.902,0,51.4447,0,0,0.0817,5.0,29.367,0,51.1756,0,0,-0.16340000000000002,-5.0,-0.5350000000000001,0.0,-0.26909999999999457,0.0,0.0
detached,run_1280,0.2451,10.0,30.158,0,54.6564,0,0,0.1089,5.0,29.715,1,54.4137,0,1,-0.13620000000000002,-5.0,-0.4430000000000014,1.0,-0.24269999999999925,0.0,1.0
detached,run_1281,1.9063,31.0,32.232,17,146.6801,1,18,1.8246,28.0,31.835,20,145.0218,0,25,-0.0817000000000001,-3.0,-0.39699999999999847,3.0,-1.658299999999997,-1.0,7.0
detached,run_1282,0.0,0.0,28.591,0,19.2252,0,0,0.0,0.0,28.207,0,18.8738,0,0,0.0,0.0,-0.38400000000000034,0.0,-0.3514000000000017,0.0,0.0
detached,run_1283,0.1362,9.0,29.848,0,124.4455,0,0,0.0817,5.0,29.333,1,120.5082,0,1,-0.05449999999999999,-4.0,-0.5150000000000006,1.0,-3.9372999999999934,0.0,1.0
detached,run_1284,0.6264,20.0,31.188,1,303.9696,0,1,0.463,16.0,30.654,2,300.1889,0,2,-0.16339999999999993,-4.0,-0.5339999999999989,1.0,-3.7807000000000244,0.0,1.0
detached,run_1285,0.0,3.0,28.979,0,50.7558,0,0,0.0,0.0,28.625,0,49.111,0,0,0.0,-3.0,-0.3539999999999992,0.0,-1.6448000000000036,0.0,0.0
detached,run_1286,0.4357,14.0,30.596,1,113.8283,0,1,0.2996,11.0,30.114,2,109.0667,0,2,-0.1361,-3.0,-0.4819999999999993,1.0,-4.761600000000001,0.0,1.0
detached,run_1287,0.2723,11.0,30.082,1,38.5401,0,1,0.0817,6.0,29.596,2,37.9516,0,2,-0.1906,-5.0,-0.48600000000000065,1.0,-0.5885000000000034,0.0,1.0
detached,run_1288,0.1089,8.0,29.761,0,71.1274,0,0,0.0545,5.0,29.28,0,68.1599,0,0,-0.0544,-3.0,-0.4809999999999981,0.0,-2.967500000000001,0.0,0.0
detached,run_1289,0.354,12.0,30.235,0,96.9304,0,0,0.1089,9.0,29.823,0,96.2584,0,0,-0.24509999999999998,-3.0,-0.41199999999999903,0.0,-0.6720000000000113,0.0,0.0
detached,run_1290,0.6536,17.0,30.885,1,56.5193,0,1,0.463,12.0,30.476,2,54.9337,0,2,-0.19059999999999994,-5.0,-0.4090000000000025,1.0,-1.5855999999999995,0.0,1.0
detached,run_1291,0.0545,4.0,29.308,0,54.8602,0,0,0.0,3.0,28.915,0,55.0899,0,0,-0.0545,-1.0,-0.3930000000000007,0.0,0.22970000000000113,0.0,0.0
detached,run_1292,0.1089,6.0,29.529,0,47.1313,0,0,0.0,3.0,29.0,0,46.859,0,0,-0.1089,-3.0,-0.5289999999999999,0.0,-0.2723000000000013,0.0,0.0
detached,run_1293,0.0817,5.0,29.442,0,74.251,0,0,0.0,4.0,29.069,0,71.9843,0,0,-0.0817,-1.0,-0.3730000000000011,0.0,-2.2667,0.0,0.0
detached,run_1294,0.0817,5.0,29.494,1,34.8038,0,1,0.0,4.0,29.142,1,33.8841,0,1,-0.0817,-1.0,-0.3520000000000003,0.0,-0.919700000000006,0.0,0.0
detached,run_1295,0.0545,5.0,29.213,1,42.4713,0,1,0.0,1.0,28.666,0,41.7347,0,0,-0.0545,-4.0,-0.5470000000000006,-1.0,-0.7366000000000028,0.0,-1.0
detached,run_1296,0.1089,5.0,29.578,1,57.6857,0,1,0.0,5.0,29.081,0,55.6192,0,0,-0.1089,0.0,-0.4969999999999999,-1.0,-2.066499999999998,0.0,-1.0
detached,run_1297,0.0817,5.0,29.293,1,43.5288,0,1,0.0,3.0,28.883,0,43.1422,0,0,-0.0817,-2.0,-0.41000000000000014,-1.0,-0.3865999999999943,0.0,-1.0
detached,run_1298,0.5447,17.0,30.809,0,257.912,0,0,0.4085,12.0,30.36,1,240.6427,0,1,-0.1362,-5.0,-0.4490000000000016,1.0,-17.269299999999987,0.0,1.0
detached,run_1299,0.1089,5.0,29.561,0,56.4103,0,0,0.0,4.0,29.049,0,55.2621,0,0,-0.1089,-1.0,-0.5120000000000005,0.0,-1.1482000000000028,0.0,0.0
detached,run_1300,0.1089,9.0,29.809,0,118.0661,0,0,0.0545,4.0,29.412,0,115.9557,0,0,-0.0544,-5.0,-0.397000000000002,0.0,-2.1104000000000127,0.0,0.0
detached,run_1301,0.1089,9.0,29.848,0,240.4924,0,0,0.0817,4.0,29.407,0,214.9594,0,0,-0.027200000000000002,-5.0,-0.44099999999999895,0.0,-25.533000000000015,0.0,0.0
detached,run_1302,0.1089,7.0,29.659,0,68.4927,0,0,0.0272,4.0,29.157,0,68.419,0,0,-0.0817,-3.0,-0.5019999999999989,0.0,-0.07370000000000232,0.0,0.0
detached,run_1303,0.1906,11.0,30.06,0,252.8788,0,2,0.0817,5.0,29.459,0,249.1654,0,0,-0.1089,-6.0,-0.6009999999999991,0.0,-3.713400000000007,0.0,-2.0
detached,run_1304,0.3813,11.0,30.32,1,172.5823,0,1,0.2179,10.0,29.896,1,167.7626,0,1,-0.16339999999999996,-1.0,-0.4239999999999995,0.0,-4.819700000000012,0.0,0.0
detached,run_1305,0.3813,11.0,30.513,0,89.2025,0,0,0.2179,10.0,30.036,1,82.7879,0,1,-0.16339999999999996,-1.0,-0.4770000000000003,1.0,-6.414600000000007,0.0,1.0
detached,run_1306,0.1089,6.0,29.633,0,145.8356,0,0,0.0545,4.0,29.237,0,139.6245,0,0,-0.0544,-2.0,-0.3960000000000008,0.0,-6.211099999999988,0.0,0.0
detached,run_1307,0.4085,13.0,30.53,0,124.9321,0,0,0.2451,10.0,30.092,1,109.3261,0,1,-0.16339999999999996,-3.0,-0.4380000000000024,1.0,-15.606000000000009,0.0,1.0
detached,run_1308,0.0817,5.0,29.469,0,86.8856,0,0,0.0,4.0,29.096,0,83.143,0,0,-0.0817,-1.0,-0.3730000000000011,0.0,-3.742599999999996,0.0,0.0
detached,run_1309,0.0,4.0,29.113,0,58.5651,0,0,0.0,2.0,28.714,0,58.067,0,0,0.0,-2.0,-0.3990000000000009,0.0,-0.4981000000000009,0.0,0.0
detached,run_1310,0.1089,7.0,29.683,0,70.2106,0,0,0.0545,5.0,29.274,0,67.2056,0,0,-0.0544,-2.0,-0.4089999999999989,0.0,-3.0049999999999955,0.0,0.0
detached,run_1311,0.2723,11.0,30.134,1,105.3116,0,1,0.1089,6.0,29.707,2,100.9264,0,2,-0.1634,-5.0,-0.4269999999999996,1.0,-4.3851999999999975,0.0,1.0
detached,run_1312,0.0817,5.0,29.432,0,50.4842,0,0,0.0,3.0,28.916,0,48.7142,0,0,-0.0817,-2.0,-0.5159999999999982,0.0,-1.7700000000000031,0.0,0.0
detached,run_1313,0.0545,5.0,29.23,0,40.9694,0,0,0.0,2.0,28.702,0,40.6469,0,0,-0.0545,-3.0,-0.5279999999999987,0.0,-0.322499999999998,0.0,0.0
detached,run_1314,0.1906,10.0,29.922,0,85.3055,0,0,0.0817,5.0,29.392,0,82.0986,0,0,-0.1089,-5.0,-0.5300000000000011,0.0,-3.2068999999999903,0.0,0.0
detached,run_1315,0.3813,12.0,30.362,1,111.8699,0,1,0.2179,10.0,29.896,1,108.2211,0,1,-0.16339999999999996,-2.0,-0.4659999999999975,0.0,-3.6487999999999943,0.0,0.0
detached,run_1316,0.1089,5.0,29.596,0,80.1482,0,0,0.0,4.0,29.1,0,76.0033,0,0,-0.1089,-1.0,-0.49599999999999866,0.0,-4.144900000000007,0.0,0.0
detached,run_1317,0.0817,5.0,29.348,0,67.5364,0,0,0.0,3.0,28.87,0,67.3851,0,0,-0.0817,-2.0,-0.477999999999998,0.0,-0.1513000000000062,0.0,0.0
detached,run_1318,0.2723,11.0,30.015,0,92.1889,0,0,0.1089,7.0,29.604,0,88.6014,0,0,-0.1634,-4.0,-0.41100000000000136,0.0,-3.5875000000000057,0.0,0.0
detached,run_1319,0.817,18.0,31.037,1,357.9698,0,1,0.7898,18.0,30.727,1,325.5054,0,1,-0.027200000000000002,0.0,-0.3099999999999987,0.0,-32.46440000000001,0.0,0.0
detached,run_1320,0.0,4.0,29.086,0,47.4515,0,0,0.0,2.0,28.702,0,46.9226,0,0,0.0,-2.0,-0.3839999999999968,0.0,-0.5289000000000001,0.0,0.0
detached,run_1321,1.0893,22.0,31.531,4,99.1397,0,4,1.0621,20.0,31.045,9,97.5521,0,9,-0.02719999999999989,-2.0,-0.4859999999999971,5.0,-1.587600000000009,0.0,5.0
detached,run_1322,0.5447,16.0,30.772,1,118.8142,0,1,0.3268,11.0,30.262,2,113.9527,0,2,-0.21789999999999998,-5.0,-0.509999999999998,1.0,-4.861500000000007,0.0,1.0
detached,run_1323,0.1089,6.0,29.589,0,84.2615,0,0,0.0272,4.0,29.153,0,78.9313,0,0,-0.0817,-2.0,-0.43599999999999994,0.0,-5.330200000000005,0.0,0.0
detached,run_1324,0.9532,20.0,31.315,1,318.7427,0,1,0.5991,16.0,30.682,2,300.2621,0,2,-0.3541000000000001,-4.0,-0.6330000000000027,1.0,-18.480600000000038,0.0,1.0
detached,run_1325,0.1089,6.0,29.501,0,103.4857,0,0,0.0,4.0,29.165,0,100.8394,0,0,-0.1089,-2.0,-0.3360000000000021,0.0,-2.6462999999999965,0.0,0.0
detached,run_1326,0.1906,9.0,29.784,0,58.3822,0,0,0.0817,5.0,29.382,1,53.4124,0,1,-0.1089,-4.0,-0.40199999999999747,1.0,-4.969799999999999,0.0,1.0
detached,run_1327,0.0,3.0,29.074,0,47.7186,0,0,0.0,2.0,28.704,0,47.6014,0,0,0.0,-1.0,-0.370000000000001,0.0,-0.11720000000000397,0.0,0.0
detached,run_1328,0.2723,11.0,30.076,0,132.7263,0,0,0.1089,9.0,29.652,1,131.228,0,1,-0.1634,-2.0,-0.4239999999999995,1.0,-1.4983000000000004,0.0,1.0
detached,run_1329,0.2451,10.0,29.98,5,59.3105,0,5,0.0817,5.0,29.524,7,59.6759,0,7,-0.16340000000000002,-5.0,-0.4559999999999995,2.0,0.36540000000000106,0.0,2.0
detached,run_1330,0.2723,11.0,30.057,1,89.0745,0,1,0.0817,5.0,29.518,2,86.0096,0,2,-0.1906,-6.0,-0.5389999999999979,1.0,-3.0648999999999944,0.0,1.0
detached,run_1331,0.2723,11.0,30.11,0,92.8843,0,0,0.1089,6.0,29.558,1,90.0015,0,1,-0.1634,-5.0,-0.5519999999999996,1.0,-2.882800000000003,0.0,1.0
detached,run_1332,0.4085,12.0,30.433,0,80.2522,0,0,0.2179,10.0,29.833,1,79.4964,0,1,-0.19059999999999996,-2.0,-0.6000000000000014,1.0,-0.7558000000000078,0.0,1.0
detached,run_1333,0.0545,5.0,29.249,0,54.613,0,0,0.0,3.0,28.831,0,52.6149,0,0,-0.0545,-2.0,-0.41799999999999926,0.0,-1.9981000000000009,0.0,0.0
detached,run_1334,0.1362,8.0,29.671,1,50.061,0,1,0.0272,5.0,29.186,1,48.7045,0,1,-0.10899999999999999,-3.0,-0.48499999999999943,0.0,-1.356499999999997,0.0,0.0
detached,run_1335,0.354,11.0,30.259,1,85.121,0,1,0.1906,10.0,29.846,1,80.4657,0,1,-0.1634,-1.0,-0.41300000000000026,0.0,-4.655299999999997,0.0,0.0
detached,run_1336,0.6536,17.0,30.929,1,267.4448,0,1,0.4357,13.0,30.519,1,253.0791,0,1,-0.21789999999999998,-4.0,-0.41000000000000014,0.0,-14.365699999999975,0.0,0.0
detached,run_1337,0.5991,17.0,30.763,1,159.9604,0,1,0.4085,12.0,30.305,2,155.9895,0,2,-0.1906,-5.0,-0.45800000000000196,1.0,-3.9709000000000003,0.0,1.0
detached,run_1338,0.5447,18.0,30.8,1,164.819,0,1,0.354,12.0,30.281,2,160.3841,0,2,-0.19069999999999998,-6.0,-0.5190000000000019,1.0,-4.434899999999999,0.0,1.0
detached,run_1339,0.2451,12.0,30.123,1,40.9865,0,1,0.1089,5.0,29.556,2,40.3922,0,2,-0.13620000000000002,-7.0,-0.5670000000000002,1.0,-0.5942999999999969,0.0,1.0
detached,run_1340,0.4085,12.0,30.475,1,249.7158,0,1,0.2451,11.0,30.017,1,239.1326,0,1,-0.16339999999999996,-1.0,-0.45800000000000196,0.0,-10.583200000000005,0.0,0.0
detached,run_1341,0.0545,4.0,29.397,0,65.0147,0,0,0.0,3.0,28.976,0,65.4308,0,0,-0.0545,-1.0,-0.4209999999999994,0.0,0.41610000000000014,0.0,0.0
detached,run_1342,0.2451,11.0,29.975,2,28.728,0,2,0.0817,5.0,29.394,4,28.5516,0,4,-0.16340000000000002,-6.0,-0.5810000000000031,2.0,-0.176400000000001,0.0,2.0
detached,run_1343,0.4357,14.0,30.646,1,122.7053,0,1,0.2723,11.0,30.121,1,119.4147,0,1,-0.1634,-3.0,-0.5250000000000021,0.0,-3.2905999999999977,0.0,0.0
detached,run_1344,0.4902,16.0,30.802,0,205.9726,0,0,0.354,12.0,30.297,1,195.0783,0,1,-0.13620000000000004,-4.0,-0.504999999999999,1.0,-10.894299999999987,0.0,1.0
detached,run_1345,0.2451,11.0,30.142,0,120.5259,0,0,0.1089,8.0,29.673,0,114.3123,0,0,-0.13620000000000002,-3.0,-0.4690000000000012,0.0,-6.2136,0.0,0.0
detached,run_1346,0.0817,5.0,29.378,0,64.3316,0,0,0.0,3.0,28.972,0,62.4856,0,0,-0.0817,-2.0,-0.4059999999999988,0.0,-1.8459999999999965,0.0,0.0
detached,run_1347,0.4357,15.0,30.764,1,195.0827,0,1,0.3813,13.0,30.455,1,188.035,0,1,-0.054400000000000004,-2.0,-0.30900000000000105,0.0,-7.047699999999992,0.0,0.0
detached,run_1348,0.1089,8.0,29.693,1,53.317,0,1,0.0545,5.0,29.242,1,50.9076,0,1,-0.0544,-3.0,-0.4510000000000005,0.0,-2.409399999999998,0.0,0.0
detached,run_1349,0.463,14.0,30.417,2,39.4789,0,2,0.354,14.0,30.115,6,39.0317,0,6,-0.10900000000000004,0.0,-0.30200000000000315,4.0,-0.44720000000000226,0.0,4.0
detached,run_1350,0.2996,11.0,30.122,0,297.5887,0,0,0.1089,9.0,29.712,1,288.8997,0,1,-0.19069999999999998,-2.0,-0.41000000000000014,1.0,-8.689000000000021,0.0,1.0
detached,run_1351,0.6536,17.0,30.859,1,173.7966,0,1,0.4357,12.0,30.45,2,166.4944,0,2,-0.21789999999999998,-5.0,-0.4090000000000025,1.0,-7.302199999999999,0.0,1.0
detached,run_1352,0.354,11.0,30.323,1,144.2052,0,1,0.2451,10.0,29.912,2,140.3485,0,2,-0.10889999999999997,-1.0,-0.41100000000000136,1.0,-3.8566999999999894,0.0,1.0
detached,run_1353,0.0817,5.0,29.481,0,37.0337,0,0,0.0,3.0,28.965,0,36.1746,0,0,-0.0817,-2.0,-0.5160000000000018,0.0,-0.8591000000000051,0.0,0.0
detached,run_1354,0.1089,6.0,29.602,1,68.2866,0,1,0.0,5.0,29.242,1,67.3951,0,1,-0.1089,-1.0,-0.35999999999999943,0.0,-0.8915000000000077,0.0,0.0
detached,run_1355,0.1362,9.0,29.857,0,94.137,0,0,0.0817,5.0,29.396,0,92.382,0,0,-0.05449999999999999,-4.0,-0.4609999999999985,0.0,-1.7549999999999955,0.0,0.0
detached,run_1356,0.8715,20.0,31.161,1,196.689,0,1,0.463,13.0,30.563,1,186.4337,0,1,-0.40850000000000003,-7.0,-0.5980000000000025,0.0,-10.255300000000005,0.0,0.0
detached,run_1357,0.0,3.0,29.006,0,42.2465,0,0,0.0,0.0,28.637,0,41.581,0,0,0.0,-3.0,-0.3689999999999998,0.0,-0.6654999999999944,0.0,0.0
detached,run_1358,0.1634,9.0,29.924,0,128.409,0,0,0.0817,5.0,29.435,0,121.8388,0,0,-0.0817,-4.0,-0.48900000000000077,0.0,-6.570199999999986,0.0,0.0
detached,run_1359,0.1362,10.0,29.953,0,212.9942,0,0,0.0817,5.0,29.465,0,200.4826,0,0,-0.05449999999999999,-5.0,-0.48799999999999955,0.0,-12.511600000000016,0.0,0.0
detached,run_1360,0.0,3.0,28.971,0,37.0911,0,0,0.0,0.0,28.509,0,36.4559,0,0,0.0,-3.0,-0.46199999999999974,0.0,-0.6351999999999975,0.0,0.0
detached,run_1361,0.2451,10.0,30.025,0,60.1863,0,0,0.0817,5.0,29.498,1,58.9991,0,1,-0.16340000000000002,-5.0,-0.5269999999999975,1.0,-1.1872000000000043,0.0,1.0
detached,run_1362,0.5174,14.0,30.52,3,154.0444,0,7,0.354,12.0,30.066,2,149.4889,0,15,-0.1634,-2.0,-0.4540000000000006,-1.0,-4.555499999999995,0.0,8.0
detached,run_1363,0.8442,20.0,31.14,1,196.673,0,1,0.4085,14.0,30.5,2,185.4257,0,2,-0.4357,-6.0,-0.6400000000000006,1.0,-11.247299999999996,0.0,1.0
detached,run_1364,0.0545,5.0,29.29,0,25.9386,0,0,0.0,2.0,28.922,0,25.4336,0,0,-0.0545,-3.0,-0.36799999999999855,0.0,-0.5050000000000026,0.0,0.0
detached,run_1365,0.2723,11.0,29.967,1,64.8601,0,1,0.0817,6.0,29.544,2,62.7037,0,2,-0.1906,-5.0,-0.42299999999999827,1.0,-2.156400000000005,0.0,1.0
detached,run_1366,0.1089,9.0,29.843,0,84.3673,0,0,0.0545,4.0,29.386,0,83.2441,0,0,-0.0544,-5.0,-0.45700000000000074,0.0,-1.123199999999997,0.0,0.0
detached,run_1367,0.1089,9.0,29.795,0,110.498,0,0,0.0817,5.0,29.394,0,104.1603,0,0,-0.027200000000000002,-4.0,-0.40100000000000335,0.0,-6.337699999999998,0.0,0.0
detached,run_1368,0.7898,19.0,30.985,2,247.7536,0,2,0.5991,18.0,30.678,6,240.8396,0,6,-0.19069999999999998,-1.0,-0.3069999999999986,4.0,-6.914000000000016,0.0,4.0
detached,run_1369,0.7353,20.0,31.196,1,250.6489,0,1,0.4902,17.0,30.706,3,238.1192,0,3,-0.24509999999999993,-3.0,-0.490000000000002,2.0,-12.529699999999991,0.0,2.0
detached,run_1370,0.7898,18.0,30.978,8,470.2958,0,9,0.5991,14.0,30.492,2,469.995,0,10,-0.19069999999999998,-4.0,-0.48600000000000065,-6.0,-0.3007999999999811,0.0,1.0
detached,run_1371,0.5447,17.0,30.66,1,70.9459,0,1,0.2723,11.0,30.154,4,69.3717,0,4,-0.2724,-6.0,-0.5060000000000002,3.0,-1.5741999999999905,0.0,3.0
detached,run_1372,0.354,11.0,30.342,0,244.3148,0,0,0.1089,9.0,29.79,0,236.6026,0,0,-0.24509999999999998,-2.0,-0.5519999999999996,0.0,-7.712199999999996,0.0,0.0
detached,run_1373,0.1906,9.0,29.907,0,134.7379,0,0,0.1089,6.0,29.508,0,130.2747,0,0,-0.0817,-3.0,-0.3990000000000009,0.0,-4.4632000000000005,0.0,0.0
detached,run_1374,0.2451,10.0,30.017,2,293.6018,0,20,0.1089,6.0,29.623,0,292.1905,0,14,-0.13620000000000002,-4.0,-0.39399999999999835,-2.0,-1.4113000000000397,0.0,-6.0
detached,run_1375,0.1089,9.0,29.684,0,69.575,0,0,0.0545,4.0,29.168,0,68.0412,0,0,-0.0544,-5.0,-0.5160000000000018,0.0,-1.5337999999999994,0.0,0.0
detached,run_1376,0.1089,8.0,29.712,0,86.8576,0,0,0.0545,5.0,29.228,0,82.7163,0,0,-0.0544,-3.0,-0.4839999999999982,0.0,-4.141300000000001,0.0,0.0
detached,run_1377,0.5991,15.0,30.716,2,62.4497,0,2,0.4357,14.0,30.352,4,58.2432,0,4,-0.1634,-1.0,-0.36400000000000077,2.0,-4.206499999999998,0.0,2.0
detached,run_1378,0.354,12.0,30.295,0,164.9925,0,0,0.1362,9.0,29.774,0,160.3029,0,0,-0.2178,-3.0,-0.5210000000000008,0.0,-4.689600000000013,0.0,0.0
detached,run_1379,0.5174,17.0,30.856,2,242.1829,0,2,0.2996,13.0,30.326,4,234.3775,0,4,-0.2178,-4.0,-0.5300000000000011,2.0,-7.805399999999992,0.0,2.0
detached,run_1380,0.2179,10.0,29.999,0,89.1288,0,0,0.1089,6.0,29.597,0,86.4547,0,0,-0.10900000000000001,-4.0,-0.40199999999999747,0.0,-2.6740999999999957,0.0,0.0
detached,run_1381,0.1089,9.0,29.741,0,176.9561,0,0,0.0545,4.0,29.285,0,174.9939,0,0,-0.0544,-5.0,-0.4559999999999995,0.0,-1.9621999999999957,0.0,0.0
detached,run_1382,0.0272,4.0,29.148,0,64.1327,0,0,0.0,2.0,28.729,0,59.0391,0,0,-0.0272,-2.0,-0.4190000000000005,0.0,-5.093600000000002,0.0,0.0
detached,run_1383,0.5174,17.0,30.88,1,228.6164,0,1,0.2996,12.0,30.222,1,212.3636,0,1,-0.2178,-5.0,-0.6579999999999977,0.0,-16.252800000000008,0.0,0.0
detached,run_1384,0.0817,5.0,29.353,1,27.5189,0,1,0.0,3.0,28.899,1,27.3096,0,1,-0.0817,-2.0,-0.4540000000000006,0.0,-0.20929999999999893,0.0,0.0
detached,run_1385,0.6536,16.0,30.734,4,183.7795,0,15,0.4085,12.0,30.271,2,180.347,0,10,-0.24509999999999998,-4.0,-0.46300000000000097,-2.0,-3.4325000000000045,0.0,-5.0
detached,run_1386,0.4085,14.0,30.548,1,289.3897,0,1,0.2723,11.0,30.105,1,277.7408,0,1,-0.1362,-3.0,-0.44299999999999784,0.0,-11.648900000000026,0.0,0.0
detached,run_1387,0.0545,4.0,29.274,0,41.4467,0,0,0.0,2.0,28.797,0,41.2054,0,0,-0.0545,-2.0,-0.4770000000000003,0.0,-0.2413000000000025,0.0,0.0
detached,run_1388,0.0,2.0,28.732,0,23.413,0,0,0.0,0.0,28.321,0,23.8549,0,0,0.0,-2.0,-0.4109999999999978,0.0,0.4419000000000004,0.0,0.0
detached,run_1389,0.0817,5.0,29.475,0,62.8384,0,0,0.0272,5.0,29.185,1,62.0651,0,1,-0.05449999999999999,0.0,-0.2900000000000027,1.0,-0.773299999999999,0.0,1.0
detached,run_1390,0.2996,11.0,30.223,0,151.5356,0,0,0.1089,7.0,29.654,0,147.6252,0,0,-0.19069999999999998,-4.0,-0.5689999999999991,0.0,-3.9103999999999814,0.0,0.0
detached,run_1391,0.2451,10.0,29.985,1,38.6831,0,1,0.0817,5.0,29.463,2,38.7261,0,2,-0.16340000000000002,-5.0,-0.5219999999999985,1.0,0.04299999999999926,0.0,1.0
detached,run_1392,0.9259,20.0,31.231,1,207.0635,0,1,0.6536,16.0,30.634,4,203.5161,0,4,-0.2723,-4.0,-0.5970000000000013,3.0,-3.5474000000000103,0.0,3.0
detached,run_1393,0.0545,5.0,29.166,0,39.762,0,0,0.0,2.0,28.722,0,39.2612,0,0,-0.0545,-3.0,-0.44399999999999906,0.0,-0.5007999999999981,0.0,0.0
detached,run_1394,0.5719,17.0,30.719,1,250.5078,0,1,0.3813,12.0,30.21,1,239.4771,0,1,-0.1906,-5.0,-0.5090000000000003,0.0,-11.030699999999996,0.0,0.0
detached,run_1395,0.3813,13.0,30.647,0,208.091,0,0,0.2723,11.0,30.146,1,185.9927,0,1,-0.10899999999999999,-2.0,-0.5009999999999977,1.0,-22.098299999999995,0.0,1.0
detached,run_1396,0.4357,13.0,30.554,3,411.1515,0,7,0.2996,12.0,30.166,1,402.7345,0,3,-0.1361,-1.0,-0.3879999999999981,-2.0,-8.416999999999973,0.0,-4.0
detached,run_1397,0.2996,10.0,30.22,1,37.4544,0,1,0.1634,6.0,29.735,2,35.9167,0,2,-0.1362,-4.0,-0.48499999999999943,1.0,-1.537700000000001,0.0,1.0
detached,run_1398,0.4085,12.0,30.604,0,212.2933,0,0,0.2451,10.0,30.104,1,203.2203,0,1,-0.16339999999999996,-2.0,-0.5,1.0,-9.072999999999979,0.0,1.0
detached,run_1399,0.5174,15.0,30.724,8,348.6427,0,41,0.3813,12.0,30.175,2,354.4777,0,40,-0.1361,-3.0,-0.5489999999999995,-6.0,5.835000000000036,0.0,-1.0
detached,run_1400,0.7898,17.0,30.874,1,346.2874,0,1,0.5174,13.0,30.45,1,328.3497,0,1,-0.2724,-4.0,-0.4239999999999995,0.0,-17.937700000000007,0.0,0.0
detached,run_1401,0.0545,4.0,29.358,0,60.8565,0,0,0.0,3.0,28.976,0,59.4287,0,0,-0.0545,-1.0,-0.38200000000000145,0.0,-1.4277999999999977,0.0,0.0
detached,run_1402,0.1089,9.0,29.879,0,154.3549,0,0,0.0545,4.0,29.425,0,143.1855,0,0,-0.0544,-5.0,-0.4540000000000006,0.0,-11.169399999999996,0.0,0.0
detached,run_1403,1.0349,20.0,31.142,4,335.239,0,5,0.7625,17.0,30.643,4,339.9132,0,7,-0.2724,-3.0,-0.4989999999999988,0.0,4.674200000000042,0.0,2.0
detached,run_1404,0.5447,16.0,30.823,1,290.3655,0,1,0.4085,14.0,30.477,1,281.3493,0,1,-0.1362,-2.0,-0.3460000000000001,0.0,-9.01619999999997,0.0,0.0
detached,run_1405,0.1906,10.0,30.001,1,128.1925,0,1,0.0817,5.0,29.476,1,129.1809,0,1,-0.1089,-5.0,-0.5250000000000021,0.0,0.9884000000000128,0.0,0.0
detached,run_1406,0.2179,10.0,29.969,1,92.5891,0,1,0.0817,5.0,29.532,1,90.8382,0,1,-0.13620000000000002,-5.0,-0.43700000000000117,0.0,-1.7509000000000015,0.0,0.0
detached,run_1407,1.634,24.0,31.747,13,462.785,0,15,1.4706,22.0,31.48,13,468.4968,0,34,-0.1634,-2.0,-0.26699999999999946,0.0,5.7117999999999824,0.0,19.0
detached,run_1408,0.1089,9.0,29.739,0,78.1588,0,0,0.0817,5.0,29.314,0,75.8307,0,0,-0.027200000000000002,-4.0,-0.4250000000000007,0.0,-2.3281000000000063,0.0,0.0
detached,run_1409,0.1089,6.0,29.541,0,80.8464,0,0,0.0,4.0,29.052,0,73.5392,0,0,-0.1089,-2.0,-0.48900000000000077,0.0,-7.307200000000009,0.0,0.0
detached,run_1410,0.5174,13.0,30.616,4,57.2989,0,4,0.2451,12.0,30.109,8,55.6293,0,8,-0.2723,-1.0,-0.5069999999999979,4.0,-1.6696000000000026,0.0,4.0
detached,run_1411,0.4357,13.0,30.476,1,71.1057,0,1,0.2451,10.0,29.981,2,69.1857,0,2,-0.19059999999999996,-3.0,-0.49499999999999744,1.0,-1.9200000000000017,0.0,1.0
detached,run_1412,0.6536,17.0,30.778,1,183.8799,0,1,0.4085,12.0,30.38,1,179.9672,0,1,-0.24509999999999998,-5.0,-0.3979999999999997,0.0,-3.912700000000001,0.0,0.0
detached,run_1413,0.1089,8.0,29.642,0,78.8588,0,0,0.0545,4.0,29.211,0,74.4794,0,0,-0.0544,-4.0,-0.43100000000000094,0.0,-4.379400000000004,0.0,0.0
detached,run_1414,0.2451,10.0,30.049,3,71.999,0,3,0.1089,5.0,29.674,4,72.4583,0,4,-0.13620000000000002,-5.0,-0.375,1.0,0.45929999999999893,0.0,1.0
detached,run_1415,0.1089,6.0,29.496,0,103.6186,0,0,0.0,4.0,29.013,0,99.3145,0,0,-0.1089,-2.0,-0.482999999999997,0.0,-4.304100000000005,0.0,0.0
detached,run_1416,0.6536,15.0,30.814,2,40.5198,0,2,0.2723,12.0,30.156,4,40.0457,0,4,-0.3813,-3.0,-0.6580000000000013,2.0,-0.47409999999999997,0.0,2.0
detached,run_1417,0.2723,11.0,30.05,0,87.1775,0,0,0.1089,8.0,29.693,1,85.1388,0,1,-0.1634,-3.0,-0.3569999999999993,1.0,-2.0386999999999915,0.0,1.0
detached,run_1418,0.3268,11.0,30.317,0,90.9546,0,0,0.1634,9.0,29.857,0,88.3608,0,0,-0.1634,-2.0,-0.46000000000000085,0.0,-2.5938000000000017,0.0,0.0
detached,run_1419,0.2723,11.0,30.17,1,91.1903,0,1,0.1089,8.0,29.684,1,90.2043,0,1,-0.1634,-3.0,-0.48600000000000065,0.0,-0.98599999999999,0.0,0.0
detached,run_1420,0.354,12.0,30.235,1,121.115,0,1,0.2179,10.0,29.823,1,114.3318,0,1,-0.13609999999999997,-2.0,-0.41199999999999903,0.0,-6.783199999999994,0.0,0.0
detached,run_1421,0.4085,12.0,30.446,1,48.3499,0,1,0.2179,9.0,29.867,2,46.372,0,2,-0.19059999999999996,-3.0,-0.5790000000000006,1.0,-1.9778999999999982,0.0,1.0
detached,run_1422,0.5447,13.0,30.559,1,74.3248,0,1,0.2451,10.0,30.055,1,71.3308,0,1,-0.2996,-3.0,-0.5040000000000013,0.0,-2.9939999999999998,0.0,0.0
detached,run_1423,0.3268,12.0,30.331,1,55.816,0,1,0.2451,10.0,29.867,1,53.7169,0,1,-0.08169999999999997,-2.0,-0.46399999999999864,0.0,-2.0991,0.0,0.0
detached,run_1424,0.1089,9.0,29.758,0,61.8643,0,0,0.0545,5.0,29.346,0,62.5055,0,0,-0.0544,-4.0,-0.41199999999999903,0.0,0.6411999999999978,0.0,0.0
detached,run_1425,0.1089,5.0,29.554,0,82.5735,0,0,0.0,4.0,29.089,0,80.7061,0,0,-0.1089,-1.0,-0.46499999999999986,0.0,-1.8673999999999893,0.0,0.0
detached,run_1426,0.4085,13.0,30.545,1,289.0101,0,1,0.2723,11.0,30.086,1,268.5356,0,1,-0.1362,-2.0,-0.4590000000000032,0.0,-20.474500000000035,0.0,0.0
detached,run_1427,0.0,4.0,29.102,0,40.0189,0,0,0.0,0.0,28.636,0,39.1579,0,0,0.0,-4.0,-0.4660000000000011,0.0,-0.8610000000000042,0.0,0.0
detached,run_1428,0.0,3.0,28.962,0,48.6776,0,0,0.0,0.0,28.555,0,48.6094,0,0,0.0,-3.0,-0.40700000000000003,0.0,-0.06819999999999737,0.0,0.0
detached,run_1429,0.0817,5.0,29.274,0,27.6404,0,0,0.0,3.0,28.831,0,27.6708,0,0,-0.0817,-2.0,-0.4430000000000014,0.0,0.030400000000000205,0.0,0.0
detached,run_1430,0.1634,9.0,29.947,1,80.706,0,1,0.0817,5.0,29.467,1,81.392,0,1,-0.0817,-4.0,-0.4800000000000004,0.0,0.6859999999999928,0.0,0.0
detached,run_1431,0.0545,4.0,29.183,0,55.8852,0,0,0.0,2.0,28.903,0,54.7897,0,0,-0.0545,-2.0,-0.28000000000000114,0.0,-1.0954999999999941,0.0,0.0
detached,run_1432,0.4085,13.0,30.637,1,270.7019,0,1,0.354,12.0,30.29,1,262.5659,0,1,-0.05449999999999999,-1.0,-0.3470000000000013,0.0,-8.136000000000024,0.0,0.0
detached,run_1433,0.1362,8.0,29.769,1,84.0711,0,1,0.0817,5.0,29.31,1,83.2448,0,1,-0.05449999999999999,-3.0,-0.45899999999999963,0.0,-0.8263000000000034,0.0,0.0
detached,run_1434,0.0545,4.0,29.253,0,73.1202,0,0,0.0,3.0,28.89,0,66.6049,0,0,-0.0545,-1.0,-0.36299999999999955,0.0,-6.515299999999996,0.0,0.0
detached,run_1435,0.2179,10.0,29.941,1,86.0968,0,1,0.0817,5.0,29.45,1,83.7784,0,1,-0.13620000000000002,-5.0,-0.49099999999999966,0.0,-2.318399999999997,0.0,0.0
detached,run_1436,0.0,4.0,29.297,2,27.8039,0,2,0.0,0.0,28.897,2,27.8443,0,2,0.0,-4.0,-0.40000000000000213,0.0,0.04040000000000177,0.0,0.0
detached,run_1437,0.0,5.0,29.384,2,13.451,0,2,0.0,0.0,28.883,2,13.1084,0,2,0.0,-5.0,-0.5010000000000012,0.0,-0.3426000000000009,0.0,0.0
detached,run_1438,0.2179,10.0,30.056,0,96.3204,0,0,0.1089,5.0,29.601,0,94.9138,0,0,-0.10900000000000001,-5.0,-0.45500000000000185,0.0,-1.4066000000000116,0.0,0.0
detached,run_1439,0.8442,18.0,30.908,11,66.5855,0,56,0.463,15.0,30.504,9,65.5037,0,66,-0.38119999999999993,-3.0,-0.4039999999999999,-2.0,-1.0818000000000012,0.0,10.0
detached,run_1440,0.3268,11.0,30.405,0,121.1548,0,0,0.1089,9.0,29.839,1,113.7041,0,1,-0.21789999999999998,-2.0,-0.5660000000000025,1.0,-7.450699999999998,0.0,1.0
detached,run_1441,0.4357,13.0,30.568,1,107.2935,0,1,0.2451,11.0,30.111,2,104.3828,0,2,-0.19059999999999996,-2.0,-0.45700000000000074,1.0,-2.9106999999999914,0.0,1.0
detached,run_1442,0.3813,12.0,30.521,0,279.0942,0,0,0.2179,10.0,29.956,1,263.9744,0,1,-0.16339999999999996,-2.0,-0.5650000000000013,1.0,-15.119799999999998,0.0,1.0
detached,run_1443,0.9532,20.0,31.292,1,514.8343,0,1,0.6536,16.0,30.672,2,486.5824,0,2,-0.2996000000000001,-4.0,-0.620000000000001,1.0,-28.251899999999978,0.0,1.0
detached,run_1444,1.0621,21.0,31.484,2,88.2489,0,2,0.8442,17.0,30.884,3,85.5584,0,3,-0.2179000000000001,-4.0,-0.6000000000000014,1.0,-2.6905,0.0,1.0
detached,run_1445,0.2996,11.0,30.257,0,120.6474,0,0,0.1089,9.0,29.755,0,117.5577,0,0,-0.19069999999999998,-2.0,-0.5020000000000024,0.0,-3.0897000000000077,0.0,0.0
detached,run_1446,0.1089,6.0,29.608,0,42.2851,0,0,0.0,5.0,29.162,0,42.1396,0,0,-0.1089,-1.0,-0.4460000000000015,0.0,-0.1454999999999984,0.0,0.0
detached,run_1447,0.2451,10.0,29.949,4,20.8296,0,4,0.0817,5.0,29.378,4,20.062,0,4,-0.16340000000000002,-5.0,-0.5710000000000015,0.0,-0.7675999999999981,0.0,0.0
detached,run_1448,0.1089,9.0,29.65,0,67.5678,0,0,0.0545,4.0,29.201,0,66.5836,0,0,-0.0544,-5.0,-0.44899999999999807,0.0,-0.9842000000000013,0.0,0.0
detached,run_1449,0.1089,7.0,29.548,0,71.4241,0,0,0.0817,5.0,29.356,1,67.1009,0,1,-0.027200000000000002,-2.0,-0.19199999999999662,1.0,-4.3232,0.0,1.0
detached,run_1450,0.1089,6.0,29.598,1,29.9514,0,1,0.0,4.0,29.102,1,30.0008,0,1,-0.1089,-2.0,-0.49599999999999866,0.0,0.04940000000000211,0.0,0.0
detached,run_1451,0.9532,22.0,31.392,1,133.7474,0,1,0.7081,18.0,30.79,3,129.8035,0,3,-0.2451000000000001,-4.0,-0.6020000000000003,2.0,-3.943899999999985,0.0,2.0
detached,run_1452,0.1089,6.0,29.611,0,61.2052,0,0,0.0545,4.0,29.154,0,59.0113,0,0,-0.0544,-2.0,-0.45700000000000074,0.0,-2.1938999999999993,0.0,0.0
detached,run_1453,0.4902,14.0,30.581,2,35.9494,0,2,0.2451,10.0,30.012,5,34.4646,0,5,-0.2451,-4.0,-0.5689999999999991,3.0,-1.4848,0.0,3.0
detached,run_1454,0.0545,4.0,29.278,0,52.1676,0,0,0.0,2.0,28.837,0,50.3954,0,0,-0.0545,-2.0,-0.44099999999999895,0.0,-1.772199999999998,0.0,0.0
detached,run_1455,0.0545,4.0,29.212,0,48.8083,0,0,0.0,2.0,28.789,0,49.3661,0,0,-0.0545,-2.0,-0.42299999999999827,0.0,0.5578000000000003,0.0,0.0
detached,run_1456,0.7898,20.0,31.021,1,390.5441,0,1,0.4902,16.0,30.636,3,386.6195,0,3,-0.2995999999999999,-4.0,-0.38500000000000156,2.0,-3.924599999999998,0.0,2.0
detached,run_1457,0.4085,12.0,30.211,1,66.7993,0,1,0.2179,7.0,29.806,2,65.9279,0,2,-0.19059999999999996,-5.0,-0.4049999999999976,1.0,-0.8714000000000084,0.0,1.0
detached,run_1458,1.0349,21.0,31.405,8,492.5456,0,9,0.7898,19.0,30.958,6,513.1581,0,8,-0.24509999999999998,-2.0,-0.44700000000000273,-2.0,20.61250000000001,0.0,-1.0
detached,run_1459,0.1089,7.0,29.664,0,96.9082,0,0,0.0545,5.0,29.275,0,94.7946,0,0,-0.0544,-2.0,-0.3890000000000029,0.0,-2.113599999999991,0.0,0.0
detached,run_1460,0.1362,5.0,29.652,1,67.5837,0,1,0.0272,5.0,29.17,1,67.7375,0,1,-0.10899999999999999,0.0,-0.4819999999999993,0.0,0.15380000000000393,0.0,0.0
detached,run_1461,0.1089,10.0,29.901,0,101.8923,0,0,0.0817,5.0,29.42,0,98.2885,0,0,-0.027200000000000002,-5.0,-0.4809999999999981,0.0,-3.6038000000000068,0.0,0.0
detached,run_1462,0.7625,17.0,30.773,1,275.9454,0,1,0.463,15.0,30.418,2,269.324,0,2,-0.29949999999999993,-2.0,-0.3550000000000004,1.0,-6.621399999999994,0.0,1.0
detached,run_1463,0.1362,8.0,29.671,0,46.073,0,0,0.0272,5.0,29.296,1,44.9143,0,1,-0.10899999999999999,-3.0,-0.375,1.0,-1.1587000000000032,0.0,1.0
detached,run_1464,0.0,3.0,29.095,1,18.1269,0,1,0.0,0.0,28.639,1,18.0285,0,1,0.0,-3.0,-0.4559999999999995,0.0,-0.09839999999999804,0.0,0.0
detached,run_1465,0.354,12.0,30.392,1,55.4818,0,1,0.1906,9.0,29.808,1,55.5291,0,1,-0.1634,-3.0,-0.5839999999999996,0.0,0.0472999999999999,0.0,0.0
detached,run_1466,0.3268,12.0,30.398,1,87.6674,0,1,0.1906,10.0,29.917,1,87.8757,0,1,-0.1362,-2.0,-0.4809999999999981,0.0,0.20829999999999416,0.0,0.0
detached,run_1467,1.171,22.0,31.592,5,283.151,0,6,0.9804,21.0,31.124,6,281.2755,0,6,-0.1906,-1.0,-0.46799999999999997,1.0,-1.8754999999999882,0.0,0.0
detached,run_1468,0.2451,12.0,30.252,1,34.9108,0,1,0.1089,5.0,29.707,2,34.6841,0,2,-0.13620000000000002,-7.0,-0.5449999999999982,1.0,-0.226700000000001,0.0,1.0
detached,run_1469,0.0817,5.0,29.375,0,55.298,0,0,0.0,3.0,28.861,0,53.683,0,0,-0.0817,-2.0,-0.5139999999999993,0.0,-1.615000000000002,0.0,0.0
detached,run_1470,1.0076,22.0,31.455,3,548.7501,0,3,0.8442,20.0,31.006,2,518.0418,0,2,-0.1634000000000001,-2.0,-0.44899999999999807,-1.0,-30.70830000000001,0.0,-1.0
detached,run_1471,0.0272,4.0,29.16,0,47.2983,0,0,0.0,2.0,28.747,0,47.2851,0,0,-0.0272,-2.0,-0.41300000000000026,0.0,-0.013199999999997658,0.0,0.0
detached,run_1472,0.0817,5.0,29.43,0,60.8145,0,0,0.0,4.0,29.058,0,59.304,0,0,-0.0817,-1.0,-0.3719999999999999,0.0,-1.5105000000000004,0.0,0.0
detached,run_1473,0.3813,12.0,30.513,0,170.8809,0,0,0.1906,10.0,29.944,1,159.6367,0,1,-0.19069999999999998,-2.0,-0.5690000000000026,1.0,-11.244200000000006,0.0,1.0
detached,run_1474,0.2451,10.0,29.936,1,82.9789,0,1,0.1362,6.0,29.604,1,81.9219,0,1,-0.10890000000000002,-4.0,-0.33200000000000074,0.0,-1.0570000000000022,0.0,0.0
detached,run_1475,0.4902,18.0,30.928,1,200.5641,0,1,0.2996,12.0,30.349,2,183.7462,0,2,-0.19060000000000005,-6.0,-0.5790000000000006,1.0,-16.81790000000001,0.0,1.0
detached,run_1476,0.5719,15.0,30.595,2,133.89,0,2,0.354,12.0,30.142,3,132.2978,0,3,-0.21789999999999998,-3.0,-0.4529999999999994,1.0,-1.5921999999999912,0.0,1.0
detached,run_1477,0.0545,5.0,29.27,0,48.7838,0,0,0.0,3.0,28.863,0,49.3687,0,0,-0.0545,-2.0,-0.40700000000000003,0.0,0.5848999999999975,0.0,0.0
detached,run_1478,0.0817,5.0,29.44,0,61.4161,0,0,0.0,3.0,29.004,0,59.766,0,0,-0.0817,-2.0,-0.43599999999999994,0.0,-1.650100000000002,0.0,0.0
detached,run_1479,0.8442,21.0,31.133,3,48.4839,0,3,0.4902,14.0,30.494,7,47.6974,0,7,-0.3539999999999999,-7.0,-0.6389999999999993,4.0,-0.7864999999999966,0.0,4.0
detached,run_1480,0.0545,4.0,29.267,0,65.8576,0,0,0.0,3.0,28.917,0,65.724,0,0,-0.0545,-1.0,-0.34999999999999787,0.0,-0.13360000000000127,0.0,0.0
detached,run_1481,0.1906,9.0,29.923,0,221.6586,0,0,0.1089,6.0,29.608,0,211.8924,0,0,-0.0817,-3.0,-0.3149999999999977,0.0,-9.766199999999998,0.0,0.0
detached,run_1482,0.2996,11.0,30.251,0,118.73,0,0,0.1089,9.0,29.836,0,114.4735,0,0,-0.19069999999999998,-2.0,-0.4150000000000027,0.0,-4.256500000000003,0.0,0.0
detached,run_1483,0.4085,12.0,30.364,0,198.7992,0,0,0.2996,12.0,30.084,1,182.8148,0,1,-0.1089,0.0,-0.28000000000000114,1.0,-15.984400000000022,0.0,1.0
detached,run_1484,0.7898,18.0,30.887,3,157.435,0,3,0.4357,14.0,30.467,4,156.4154,0,4,-0.35409999999999997,-4.0,-0.4200000000000017,1.0,-1.019599999999997,0.0,1.0
detached,run_1485,0.4085,12.0,30.431,0,97.5287,0,0,0.3268,11.0,30.06,1,93.4352,0,1,-0.0817,-1.0,-0.3710000000000022,1.0,-4.093500000000006,0.0,1.0
detached,run_1486,0.1089,9.0,29.896,0,111.3356,0,0,0.0817,5.0,29.418,0,109.3449,0,0,-0.027200000000000002,-4.0,-0.47800000000000153,0.0,-1.990700000000004,0.0,0.0
detached,run_1487,0.3813,11.0,30.287,0,75.6962,0,0,0.1634,9.0,29.788,1,75.8835,0,1,-0.21789999999999998,-2.0,-0.4989999999999988,1.0,0.18729999999999336,0.0,1.0
detached,run_1488,0.0817,5.0,29.551,0,52.4079,0,0,0.0,3.0,28.988,0,52.303,0,0,-0.0817,-2.0,-0.5629999999999988,0.0,-0.10490000000000066,0.0,0.0
detached,run_1489,0.0,4.0,29.074,0,39.1943,0,0,0.0,0.0,28.594,0,38.4679,0,0,0.0,-4.0,-0.4800000000000004,0.0,-0.7263999999999982,0.0,0.0
detached,run_1490,1.3344,22.0,31.221,16,30.8708,0,38,0.7898,20.0,30.769,16,31.0188,0,44,-0.5446000000000001,-2.0,-0.45200000000000173,0.0,0.1479999999999997,0.0,6.0
detached,run_1491,0.0545,5.0,29.297,0,53.1295,0,0,0.0,3.0,28.894,0,51.7442,0,0,-0.0545,-2.0,-0.40300000000000225,0.0,-1.3853000000000009,0.0,0.0
detached,run_1492,0.3813,12.0,30.057,0,96.228,0,0,0.1089,7.0,29.633,1,92.0902,0,1,-0.2724,-5.0,-0.4239999999999995,1.0,-4.137799999999999,0.0,1.0
detached,run_1493,0.0,4.0,29.128,0,44.0135,0,0,0.0,2.0,28.747,0,43.7249,0,0,0.0,-2.0,-0.3810000000000002,0.0,-0.2886000000000024,0.0,0.0
detached,run_1494,0.6808,17.0,30.79,0,330.2151,0,0,0.5719,13.0,30.353,1,290.7866,0,1,-0.1089,-4.0,-0.4369999999999976,1.0,-39.428499999999985,0.0,1.0
detached,run_1495,0.0545,6.0,29.439,0,56.461,0,0,0.0,4.0,29.028,0,56.2309,0,0,-0.0545,-2.0,-0.41100000000000136,0.0,-0.2301000000000002,0.0,0.0
detached,run_1496,0.1362,9.0,29.903,1,63.4936,0,1,0.0817,5.0,29.328,1,63.5579,0,1,-0.05449999999999999,-4.0,-0.5749999999999993,0.0,0.0642999999999958,0.0,0.0
detached,run_1497,0.2179,10.0,29.874,0,79.3664,0,0,0.0817,6.0,29.361,0,72.9758,0,0,-0.13620000000000002,-4.0,-0.5129999999999981,0.0,-6.390599999999992,0.0,0.0
detached,run_1498,0.2996,11.0,30.191,0,81.0094,0,0,0.1089,6.0,29.62,1,78.9782,0,1,-0.19069999999999998,-5.0,-0.570999999999998,1.0,-2.0311999999999983,0.0,1.0
detached,run_1499,0.2723,12.0,30.397,1,98.8855,0,1,0.1906,9.0,29.874,1,96.801,0,1,-0.0817,-3.0,-0.5229999999999997,0.0,-2.0844999999999914,0.0,0.0
detached,run_1500,0.0272,4.0,29.15,0,50.9429,0,0,0.0,2.0,28.755,0,51.9294,0,0,-0.0272,-2.0,-0.3949999999999996,0.0,0.9864999999999995,0.0,0.0
detached,run_1501,0.0817,5.0,29.407,1,21.4406,0,1,0.0,3.0,28.931,1,21.2452,0,1,-0.0817,-2.0,-0.4759999999999991,0.0,-0.19539999999999935,0.0,0.0
detached,run_1502,0.4902,17.0,30.692,0,252.9053,0,0,0.3813,13.0,30.389,1,228.9473,0,1,-0.10890000000000005,-4.0,-0.3030000000000008,1.0,-23.958,0.0,1.0
detached,run_1503,0.0817,5.0,29.575,0,69.4012,0,0,0.0272,4.0,29.142,0,65.9495,0,0,-0.05449999999999999,-1.0,-0.43299999999999983,0.0,-3.4517000000000024,0.0,0.0
detached,run_1504,0.2451,10.0,29.914,1,62.4672,0,1,0.0817,5.0,29.449,1,60.9887,0,1,-0.16340000000000002,-5.0,-0.46499999999999986,0.0,-1.4784999999999968,0.0,0.0
detached,run_1505,0.0545,4.0,29.218,0,64.1159,0,0,0.0,2.0,28.865,0,63.0457,0,0,-0.0545,-2.0,-0.35300000000000153,0.0,-1.0701999999999998,0.0,0.0
detached,run_1506,1.9063,25.0,31.716,33,634.5908,0,159,1.4161,22.0,31.341,34,672.0118,0,201,-0.4902000000000002,-3.0,-0.375,1.0,37.42100000000005,0.0,42.0
detached,run_1507,0.5991,18.0,31.021,1,402.5449,0,1,0.5447,18.0,30.772,2,390.5788,0,2,-0.054400000000000004,0.0,-0.24900000000000233,1.0,-11.966099999999983,0.0,1.0
detached,run_1508,0.1089,9.0,29.818,0,129.241,0,0,0.0545,4.0,29.403,0,128.5283,0,0,-0.0544,-5.0,-0.4150000000000027,0.0,-0.7127000000000123,0.0,0.0
detached,run_1509,0.0,3.0,28.977,0,45.9615,0,0,0.0,0.0,28.723,0,45.7497,0,0,0.0,-3.0,-0.25400000000000134,0.0,-0.21180000000000376,0.0,0.0
detached,run_1510,0.2179,9.0,29.906,0,44.9841,0,0,0.0545,5.0,29.473,1,44.7111,0,1,-0.16340000000000002,-4.0,-0.43299999999999983,1.0,-0.27299999999999613,0.0,1.0
detached,run_1511,0.0817,5.0,29.554,1,30.8553,0,1,0.0,3.0,29.108,1,29.7044,0,1,-0.0817,-2.0,-0.44599999999999795,0.0,-1.1509,0.0,0.0
detached,run_1512,0.0,3.0,28.936,0,33.8025,0,0,0.0,0.0,28.523,0,33.407,0,0,0.0,-3.0,-0.41300000000000026,0.0,-0.3955000000000055,0.0,0.0
detached,run_1513,0.2996,11.0,30.187,0,62.3261,0,0,0.1362,6.0,29.627,1,61.9533,0,1,-0.1634,-5.0,-0.5600000000000023,1.0,-0.372799999999998,0.0,1.0
detached,run_1514,0.1362,9.0,29.847,0,85.634,0,0,0.0545,5.0,29.323,0,83.7363,0,0,-0.0817,-4.0,-0.5240000000000009,0.0,-1.8977000000000004,0.0,0.0
detached,run_1515,0.1362,8.0,29.762,0,60.3749,0,0,0.0545,5.0,29.257,0,57.3726,0,0,-0.0817,-3.0,-0.504999999999999,0.0,-3.002299999999998,0.0,0.0
detached,run_1516,0.2996,11.0,30.224,0,151.3199,0,0,0.1089,9.0,29.792,1,149.0146,0,1,-0.19069999999999998,-2.0,-0.4319999999999986,1.0,-2.3052999999999884,0.0,1.0
detached,run_1517,0.2179,10.0,29.892,1,54.5676,0,1,0.0817,5.0,29.425,1,52.1667,0,1,-0.13620000000000002,-5.0,-0.46699999999999875,0.0,-2.4009,0.0,0.0
detached,run_1518,0.1634,9.0,29.773,0,74.2786,0,0,0.0545,5.0,29.317,0,73.6967,0,0,-0.1089,-4.0,-0.4559999999999995,0.0,-0.5818999999999903,0.0,0.0
detached,run_1519,0.4357,16.0,30.766,1,177.4665,0,1,0.354,12.0,30.229,1,174.5413,0,1,-0.0817,-4.0,-0.536999999999999,0.0,-2.9251999999999896,0.0,0.0
detached,run_1520,0.3268,11.0,30.178,1,101.8561,0,1,0.1089,6.0,29.637,1,101.2549,0,1,-0.21789999999999998,-5.0,-0.5410000000000004,0.0,-0.6011999999999915,0.0,0.0
detached,run_1521,0.4357,12.0,30.532,0,276.7888,0,0,0.2451,10.0,29.924,1,265.8472,0,1,-0.19059999999999996,-2.0,-0.6080000000000005,1.0,-10.941599999999994,0.0,1.0
detached,run_1522,0.6264,20.0,31.17,1,250.3809,0,1,0.463,14.0,30.549,3,226.6425,0,3,-0.16339999999999993,-6.0,-0.6210000000000022,2.0,-23.738399999999984,0.0,2.0
detached,run_1523,0.2723,11.0,30.236,0,121.5274,0,0,0.1089,8.0,29.714,0,117.9781,0,0,-0.1634,-3.0,-0.522000000000002,0.0,-3.5493000000000023,0.0,0.0
detached,run_1524,0.0817,5.0,29.52,0,64.3993,0,0,0.0,4.0,29.094,0,63.3281,0,0,-0.0817,-1.0,-0.4259999999999984,0.0,-1.0711999999999975,0.0,0.0
detached,run_1525,0.0545,4.0,29.233,0,42.7963,0,0,0.0,3.0,28.925,0,40.5172,0,0,-0.0545,-1.0,-0.30799999999999983,0.0,-2.2790999999999997,0.0,0.0
detached,run_1526,0.2996,11.0,30.405,0,114.344,0,0,0.1362,10.0,29.885,0,112.1246,0,0,-0.1634,-1.0,-0.5199999999999996,0.0,-2.219399999999993,0.0,0.0
detached,run_1527,0.1362,9.0,29.794,0,93.8795,0,0,0.0817,5.0,29.366,0,92.1171,0,0,-0.05449999999999999,-4.0,-0.4280000000000008,0.0,-1.7623999999999995,0.0,0.0
detached,run_1528,0.3813,12.0,30.322,0,218.6192,0,0,0.1362,10.0,29.922,0,198.6689,0,0,-0.24509999999999998,-2.0,-0.3999999999999986,0.0,-19.9503,0.0,0.0
detached,run_1529,0.1634,7.0,29.782,0,42.7068,0,0,0.0817,5.0,29.363,1,38.7127,0,1,-0.0817,-2.0,-0.4190000000000005,1.0,-3.994100000000003,0.0,1.0
detached,run_1530,0.1089,8.0,29.677,0,88.7262,0,0,0.0545,4.0,29.223,0,88.4455,0,0,-0.0544,-4.0,-0.4540000000000006,0.0,-0.28070000000001016,0.0,0.0
detached,run_1531,0.7081,18.0,30.829,1,168.2629,0,1,0.4085,14.0,30.397,3,165.9885,0,3,-0.2996,-4.0,-0.43200000000000216,2.0,-2.274400000000014,0.0,2.0
detached,run_1532,0.2451,10.0,29.887,1,30.4951,0,1,0.0817,5.0,29.43,1,30.5348,0,1,-0.16340000000000002,-5.0,-0.45700000000000074,0.0,0.039699999999999847,0.0,0.0
detached,run_1533,0.1089,9.0,29.703,0,83.4749,0,0,0.0817,5.0,29.377,1,79.3107,0,1,-0.027200000000000002,-4.0,-0.3260000000000005,1.0,-4.164200000000008,0.0,1.0
detached,run_1534,0.2723,11.0,30.085,0,59.8673,0,0,0.0817,5.0,29.479,1,58.4428,0,1,-0.1906,-6.0,-0.6060000000000016,1.0,-1.4245000000000019,0.0,1.0
detached,run_1535,0.0272,4.0,29.149,0,46.1444,0,0,0.0,2.0,28.718,0,45.9571,0,0,-0.0272,-2.0,-0.43100000000000094,0.0,-0.18730000000000047,0.0,0.0
detached,run_1536,0.1634,6.0,29.752,1,39.9173,0,1,0.0,4.0,29.228,2,39.6933,0,2,-0.1634,-2.0,-0.5239999999999974,1.0,-0.22399999999999665,0.0,1.0
detached,run_1537,1.1166,22.0,31.298,1,274.751,0,1,0.8715,18.0,30.841,2,256.7,0,2,-0.24509999999999998,-4.0,-0.4569999999999972,1.0,-18.050999999999988,0.0,1.0
detached,run_1538,0.1089,9.0,29.897,0,156.9697,0,0,0.0545,4.0,29.346,0,156.7824,0,0,-0.0544,-5.0,-0.5509999999999984,0.0,-0.18729999999999336,0.0,0.0
detached,run_1539,0.9532,20.0,31.197,9,48.7748,0,9,0.6808,18.0,30.734,14,47.6873,0,14,-0.2724000000000001,-2.0,-0.4629999999999974,5.0,-1.0874999999999986,0.0,5.0
detached,run_1540,0.0817,5.0,29.401,0,62.0323,0,0,0.0,3.0,28.923,0,59.0107,0,0,-0.0817,-2.0,-0.47800000000000153,0.0,-3.0215999999999994,0.0,0.0
detached,run_1541,0.4357,14.0,30.546,1,155.5928,0,1,0.2996,12.0,30.039,2,144.9322,0,2,-0.1361,-2.0,-0.5069999999999979,1.0,-10.660600000000017,0.0,1.0
detached,run_1542,0.1362,9.0,29.968,0,104.1442,0,0,0.0817,5.0,29.513,0,100.5885,0,0,-0.05449999999999999,-4.0,-0.4549999999999983,0.0,-3.5557000000000016,0.0,0.0
detached,run_1543,0.0,5.0,29.173,0,62.2019,0,0,0.0,0.0,28.78,0,62.4461,0,0,0.0,-5.0,-0.39299999999999713,0.0,0.2441999999999993,0.0,0.0
detached,run_1544,0.0,4.0,29.06,0,37.5242,0,0,0.0,0.0,28.613,0,37.1662,0,0,0.0,-4.0,-0.4469999999999992,0.0,-0.357999999999997,0.0,0.0
detached,run_1545,0.1089,8.0,29.719,0,92.9005,0,0,0.0545,4.0,29.33,0,91.9264,0,0,-0.0544,-4.0,-0.3890000000000029,0.0,-0.9740999999999929,0.0,0.0
detached,run_1546,0.7081,19.0,30.949,1,245.4776,0,1,0.463,16.0,30.58,1,233.8941,0,1,-0.24509999999999993,-3.0,-0.3690000000000033,0.0,-11.583499999999987,0.0,0.0
detached,run_1547,0.1089,6.0,29.593,0,100.0945,0,0,0.0,4.0,29.209,0,100.1788,0,0,-0.1089,-2.0,-0.38400000000000034,0.0,0.08429999999999893,0.0,0.0
detached,run_1548,0.0817,5.0,29.452,0,68.1934,0,0,0.0,3.0,29.026,0,67.0156,0,0,-0.0817,-2.0,-0.42600000000000193,0.0,-1.1777999999999906,0.0,0.0
detached,run_1549,0.0,4.0,29.17,2,30.7075,0,2,0.0,0.0,28.753,2,30.5228,0,2,0.0,-4.0,-0.4170000000000016,0.0,-0.18469999999999942,0.0,0.0
detached,run_1550,0.7625,20.0,31.085,4,260.8322,0,5,0.4085,14.0,30.454,4,262.4106,0,6,-0.354,-6.0,-0.6310000000000002,0.0,1.5783999999999878,0.0,1.0
detached,run_1551,0.9804,21.0,31.096,2,108.4078,0,2,0.8715,16.0,30.67,7,102.5963,0,7,-0.1089,-5.0,-0.4259999999999984,5.0,-5.811499999999995,0.0,5.0
detached,run_1552,0.1089,6.0,29.502,0,63.9856,0,0,0.0,4.0,29.101,0,63.2215,0,0,-0.1089,-2.0,-0.4009999999999998,0.0,-0.7640999999999991,0.0,0.0
detached,run_1553,0.2451,10.0,30.082,0,85.0583,0,0,0.0817,5.0,29.484,1,83.2468,0,1,-0.16340000000000002,-5.0,-0.597999999999999,1.0,-1.8115000000000094,0.0,1.0
detached,run_1554,0.0545,5.0,29.288,0,52.7415,0,0,0.0,3.0,28.873,0,52.5504,0,0,-0.0545,-2.0,-0.41499999999999915,0.0,-0.19109999999999872,0.0,0.0
detached,run_1555,0.5991,18.0,30.983,2,199.8369,0,2,0.463,13.0,30.419,4,196.8332,0,4,-0.13609999999999994,-5.0,-0.5640000000000001,2.0,-3.003700000000009,0.0,2.0
detached,run_1556,0.5447,17.0,30.768,2,59.7535,0,2,0.2451,11.0,30.163,4,59.5868,0,4,-0.2996,-6.0,-0.6050000000000004,2.0,-0.16670000000000584,0.0,2.0
detached,run_1557,0.354,11.0,30.294,2,143.0814,0,5,0.2451,10.0,29.925,2,144.5664,0,6,-0.10889999999999997,-1.0,-0.3689999999999998,0.0,1.4849999999999852,0.0,1.0
detached,run_1558,0.3813,12.0,30.283,0,133.8646,0,0,0.1089,9.0,29.793,1,129.6465,0,1,-0.2724,-3.0,-0.490000000000002,1.0,-4.218099999999993,0.0,1.0
detached,run_1559,0.0817,5.0,29.42,0,79.3188,0,0,0.0,3.0,29.15,0,79.1776,0,0,-0.0817,-2.0,-0.2700000000000031,0.0,-0.14119999999999777,0.0,0.0
detached,run_1560,1.634,27.0,31.946,2,121.0749,0,2,1.6612,27.0,31.676,8,118.5238,0,8,0.027200000000000113,0.0,-0.2700000000000031,6.0,-2.5511000000000053,0.0,6.0
detached,run_1561,0.6264,16.0,30.751,1,312.1905,0,1,0.3813,12.0,30.213,1,298.2608,0,1,-0.24509999999999998,-4.0,-0.5380000000000003,0.0,-13.929699999999968,0.0,0.0
detached,run_1562,0.1089,6.0,29.592,0,76.9657,0,0,0.0,4.0,29.259,0,74.238,0,0,-0.1089,-2.0,-0.3329999999999984,0.0,-2.7276999999999987,0.0,0.0
detached,run_1563,0.0,2.0,28.825,0,41.9701,0,0,0.0,0.0,28.424,0,42.1535,0,0,0.0,-2.0,-0.4009999999999998,0.0,0.1833999999999989,0.0,0.0
detached,run_1564,0.463,14.0,30.535,1,56.915,0,1,0.2451,10.0,29.989,2,56.0542,0,2,-0.2179,-4.0,-0.5459999999999994,1.0,-0.8607999999999976,0.0,1.0
detached,run_1565,0.5991,17.0,30.78,1,110.0072,0,1,0.354,12.0,30.258,2,108.4268,0,2,-0.24509999999999998,-5.0,-0.522000000000002,1.0,-1.5803999999999974,0.0,1.0
detached,run_1566,0.0,0.0,28.529,0,16.703,0,0,0.0,0.0,28.186,0,16.6773,0,0,0.0,0.0,-0.34299999999999997,0.0,-0.0257000000000005,0.0,0.0
detached,run_1567,0.0545,4.0,29.205,0,75.1064,0,0,0.0,2.0,28.843,0,74.628,0,0,-0.0545,-2.0,-0.3619999999999983,0.0,-0.4783999999999935,0.0,0.0
detached,run_1568,0.1089,8.0,29.68,0,88.8121,0,0,0.0545,4.0,29.219,0,86.7532,0,0,-0.0544,-4.0,-0.4609999999999985,0.0,-2.058899999999994,0.0,0.0
detached,run_1569,0.1362,6.0,29.647,1,70.3901,0,1,0.0545,5.0,29.219,1,70.3196,0,1,-0.0817,-1.0,-0.42799999999999727,0.0,-0.07050000000000978,0.0,0.0
detached,run_1570,0.2451,10.0,29.945,0,125.1925,0,0,0.0817,5.0,29.465,0,119.9546,0,0,-0.16340000000000002,-5.0,-0.4800000000000004,0.0,-5.237899999999996,0.0,0.0
detached,run_1571,0.0817,5.0,29.441,0,71.3146,0,0,0.0,3.0,28.989,0,70.9474,0,0,-0.0817,-2.0,-0.4519999999999982,0.0,-0.36719999999999686,0.0,0.0
detached,run_1572,0.2179,9.0,29.876,1,63.0664,0,1,0.0817,5.0,29.44,2,63.0808,0,2,-0.13620000000000002,-4.0,-0.43599999999999994,1.0,0.014400000000001967,0.0,1.0
detached,run_1573,0.1089,6.0,29.607,0,50.7814,0,0,0.0272,4.0,29.155,0,48.02,0,0,-0.0817,-2.0,-0.4519999999999982,0.0,-2.7613999999999947,0.0,0.0
detached,run_1574,0.4357,13.0,30.534,1,180.1078,0,1,0.2723,11.0,30.149,1,179.7908,0,1,-0.1634,-2.0,-0.384999999999998,0.0,-0.3170000000000073,0.0,0.0
detached,run_1575,0.1089,6.0,29.55,0,64.6104,0,0,0.0,4.0,29.077,0,62.3442,0,0,-0.1089,-2.0,-0.472999999999999,0.0,-2.2661999999999978,0.0,0.0
detached,run_1576,0.6264,16.0,30.825,0,90.1416,0,0,0.2996,11.0,30.329,1,88.1593,0,1,-0.3268,-5.0,-0.49599999999999866,1.0,-1.982299999999995,0.0,1.0
detached,run_1577,0.0817,5.0,29.555,0,64.175,0,0,0.0,3.0,29.075,0,64.3692,0,0,-0.0817,-2.0,-0.4800000000000004,0.0,0.19420000000000925,0.0,0.0
detached,run_1578,0.2179,11.0,30.099,0,106.738,0,0,0.1089,8.0,29.659,0,103.3641,0,0,-0.10900000000000001,-3.0,-0.4400000000000013,0.0,-3.373900000000006,0.0,0.0
detached,run_1579,0.0545,5.0,29.275,0,48.0668,0,0,0.0,3.0,28.852,0,47.4345,0,0,-0.0545,-2.0,-0.42299999999999827,0.0,-0.6323000000000008,0.0,0.0
detached,run_1580,0.0817,5.0,29.565,0,50.0561,0,0,0.0,3.0,29.052,0,49.5753,0,0,-0.0817,-2.0,-0.5130000000000017,0.0,-0.4808000000000021,0.0,0.0
detached,run_1581,0.0817,5.0,29.58,0,38.4122,0,0,0.0,4.0,29.1,0,37.9591,0,0,-0.0817,-1.0,-0.4799999999999969,0.0,-0.45309999999999917,0.0,0.0
detached,run_1582,0.1634,6.0,29.791,2,55.4434,0,2,0.0272,5.0,29.344,3,54.4673,0,3,-0.1362,-1.0,-0.4469999999999992,1.0,-0.9760999999999953,0.0,1.0
detached,run_1583,0.2723,11.0,30.197,1,97.7675,0,1,0.1362,6.0,29.741,2,94.2132,0,2,-0.1361,-5.0,-0.4559999999999995,1.0,-3.554299999999998,0.0,1.0
detached,run_1584,0.7625,20.0,31.315,1,277.5888,0,1,0.4902,16.0,30.709,3,263.858,0,3,-0.27229999999999993,-4.0,-0.6060000000000016,2.0,-13.730799999999988,0.0,2.0
detached,run_1585,0.0817,5.0,29.494,0,84.0659,0,0,0.0,4.0,29.189,0,85.9878,0,0,-0.0817,-1.0,-0.3049999999999997,0.0,1.9218999999999937,0.0,0.0
detached,run_1586,0.0545,5.0,29.334,0,42.5588,0,0,0.0,2.0,28.894,0,40.5346,0,0,-0.0545,-3.0,-0.4400000000000013,0.0,-2.0242000000000004,0.0,0.0
detached,run_1587,0.0,3.0,29.046,0,40.0321,0,0,0.0,0.0,28.592,0,39.9641,0,0,0.0,-3.0,-0.4540000000000006,0.0,-0.06799999999999784,0.0,0.0
detached,run_1588,0.1362,8.0,29.782,1,62.1451,0,1,0.0545,5.0,29.255,1,63.0808,0,1,-0.0817,-3.0,-0.527000000000001,0.0,0.9357000000000042,0.0,0.0
detached,run_1589,0.9804,22.0,31.195,1,97.0075,0,1,0.6264,18.0,30.664,4,93.6586,0,4,-0.3540000000000001,-4.0,-0.5309999999999988,3.0,-3.348899999999986,0.0,3.0
detached,run_1590,1.7157,25.0,31.813,1,212.6485,0,1,1.6068,22.0,31.46,3,206.8159,0,3,-0.1089,-3.0,-0.352999999999998,2.0,-5.8326000000000136,0.0,2.0
detached,run_1591,0.1089,8.0,29.66,0,66.0194,0,0,0.0272,4.0,29.165,0,65.7192,0,0,-0.0817,-4.0,-0.495000000000001,0.0,-0.3002000000000038,0.0,0.0
detached,run_1592,0.354,11.0,30.358,1,98.1877,0,1,0.1362,10.0,29.849,1,98.1234,0,1,-0.2178,-1.0,-0.5090000000000003,0.0,-0.06430000000000291,0.0,0.0
detached,run_1593,0.0,4.0,29.007,0,42.3811,0,0,0.0,2.0,28.724,0,42.4012,0,0,0.0,-2.0,-0.28300000000000125,0.0,0.02009999999999934,0.0,0.0
detached,run_1594,0.354,12.0,30.391,0,202.5589,0,0,0.2179,11.0,30.051,0,187.1084,0,0,-0.13609999999999997,-1.0,-0.33999999999999986,0.0,-15.450500000000005,0.0,0.0
detached,run_1595,0.5174,18.0,30.945,1,238.1367,0,1,0.354,12.0,30.364,1,217.4918,0,1,-0.1634,-6.0,-0.5809999999999995,0.0,-20.64489999999998,0.0,0.0
detached,run_1596,0.0,2.0,28.814,0,35.6661,0,0,0.0,0.0,28.419,0,35.5229,0,0,0.0,-2.0,-0.3949999999999996,0.0,-0.14320000000000022,0.0,0.0
detached,run_1597,0.8715,21.0,31.205,1,190.3196,0,1,0.5991,17.0,30.748,2,182.2464,0,2,-0.2724000000000001,-4.0,-0.4569999999999972,1.0,-8.073200000000014,0.0,1.0
detached,run_1598,1.1166,22.0,31.439,5,412.8207,0,5,1.0076,20.0,31.004,2,415.1955,0,2,-0.10899999999999999,-2.0,-0.4349999999999987,-3.0,2.3747999999999934,0.0,-3.0
detached,run_1599,0.0,3.0,28.998,0,24.7449,0,0,0.0,0.0,28.604,0,24.2828,0,0,0.0,-3.0,-0.3940000000000019,0.0,-0.4620999999999995,0.0,0.0
detached,run_1600,0.2996,11.0,30.052,0,83.4233,0,0,0.1089,6.0,29.614,1,81.0123,0,1,-0.19069999999999998,-5.0,-0.43799999999999883,1.0,-2.4110000000000014,0.0,1.0
detached,run_1601,0.1089,7.0,29.649,0,121.5985,0,0,0.0272,4.0,29.141,0,117.0555,0,0,-0.0817,-3.0,-0.5080000000000027,0.0,-4.543000000000006,0.0,0.0
detached,run_1602,0.5447,18.0,30.995,2,212.6554,0,2,0.3268,13.0,30.378,4,194.6042,0,4,-0.21789999999999998,-5.0,-0.6170000000000009,2.0,-18.051199999999994,0.0,2.0
detached,run_1603,0.3813,12.0,30.603,1,157.6104,0,1,0.2179,10.0,30.074,1,150.0217,0,1,-0.16339999999999996,-2.0,-0.5289999999999999,0.0,-7.588699999999989,0.0,0.0
detached,run_1604,0.4085,12.0,30.36,2,265.7753,0,7,0.2179,10.0,29.878,1,264.1822,0,9,-0.19059999999999996,-2.0,-0.4819999999999993,-1.0,-1.5930999999999926,0.0,2.0
detached,run_1605,0.1634,9.0,29.709,1,43.9339,0,1,0.0545,5.0,29.254,1,43.7364,0,1,-0.1089,-4.0,-0.4549999999999983,0.0,-0.197499999999998,0.0,0.0
detached,run_1606,0.7625,20.0,30.872,1,64.9379,0,1,0.4085,12.0,30.29,2,62.8481,0,2,-0.354,-8.0,-0.5820000000000007,1.0,-2.0897999999999968,0.0,1.0
detached,run_1607,0.2723,11.0,30.046,0,112.7945,0,0,0.1089,6.0,29.618,0,108.1419,0,0,-0.1634,-5.0,-0.4280000000000008,0.0,-4.6525999999999925,0.0,0.0
detached,run_1608,0.0,3.0,29.046,0,43.9909,0,0,0.0,0.0,28.687,0,43.3299,0,0,0.0,-3.0,-0.3589999999999982,0.0,-0.6610000000000014,0.0,0.0
detached,run_1609,0.0817,5.0,29.501,1,25.2905,0,1,0.0,4.0,29.087,2,24.9889,0,2,-0.0817,-1.0,-0.4140000000000015,1.0,-0.30160000000000053,0.0,1.0
detached,run_1610,0.0545,5.0,29.314,0,64.591,0,0,0.0,3.0,28.868,0,62.1704,0,0,-0.0545,-2.0,-0.4460000000000015,0.0,-2.420599999999993,0.0,0.0
detached,run_1611,0.2996,11.0,30.234,1,71.8476,0,1,0.1906,8.0,29.785,2,69.3459,0,2,-0.10899999999999999,-3.0,-0.4490000000000016,1.0,-2.5016999999999996,0.0,1.0
detached,run_1612,0.0,4.0,29.084,0,43.3486,0,0,0.0,2.0,28.708,0,42.7571,0,0,0.0,-2.0,-0.3760000000000012,0.0,-0.5914999999999964,0.0,0.0
detached,run_1613,0.4357,13.0,30.559,0,72.657,0,0,0.354,12.0,30.114,1,71.2072,0,1,-0.0817,-1.0,-0.4450000000000003,1.0,-1.4497999999999962,0.0,1.0
detached,run_1614,0.7898,18.0,30.95,9,31.9747,0,13,0.463,14.0,30.429,11,31.6334,0,16,-0.3267999999999999,-4.0,-0.5210000000000008,2.0,-0.34129999999999683,0.0,3.0
detached,run_1615,0.3813,12.0,30.489,1,149.4898,0,1,0.2451,10.0,30.022,1,139.4774,0,1,-0.13619999999999996,-2.0,-0.4670000000000023,0.0,-10.012400000000014,0.0,0.0
detached,run_1616,0.4357,13.0,30.516,2,123.4813,0,3,0.2451,10.0,30.021,4,117.5388,0,4,-0.19059999999999996,-3.0,-0.49499999999999744,2.0,-5.94250000000001,0.0,1.0
detached,run_1617,0.0545,5.0,29.319,0,35.5951,0,0,0.0,3.0,28.845,0,35.5159,0,0,-0.0545,-2.0,-0.4740000000000002,0.0,-0.07920000000000016,0.0,0.0
detached,run_1618,0.0,3.0,28.972,0,37.8573,0,0,0.0,0.0,28.627,0,38.0148,0,0,0.0,-3.0,-0.3450000000000024,0.0,0.15749999999999886,0.0,0.0
detached,run_1619,0.354,12.0,30.264,0,152.8954,0,0,0.1089,9.0,29.84,0,143.7626,0,0,-0.24509999999999998,-3.0,-0.4239999999999995,0.0,-9.132800000000003,0.0,0.0
detached,run_1620,0.0817,5.0,29.374,0,76.5941,0,0,0.0,3.0,29.041,0,76.1956,0,0,-0.0817,-2.0,-0.3329999999999984,0.0,-0.3984999999999985,0.0,0.0
detached,run_1621,0.1089,8.0,29.71,0,71.4977,0,0,0.0272,4.0,29.244,0,68.4401,0,0,-0.0817,-4.0,-0.4660000000000011,0.0,-3.0575999999999937,0.0,0.0
detached,run_1622,0.1634,10.0,29.812,0,75.0153,0,0,0.0817,5.0,29.407,1,75.0309,0,1,-0.0817,-5.0,-0.40500000000000114,1.0,0.015600000000006276,0.0,1.0
detached,run_1623,0.0,4.0,29.133,0,52.7986,0,0,0.0,2.0,28.776,0,51.9824,0,0,0.0,-2.0,-0.3569999999999993,0.0,-0.816200000000002,0.0,0.0
detached,run_1624,0.0,2.0,28.83,0,39.7661,0,0,0.0,0.0,28.49,0,39.4118,0,0,0.0,-2.0,-0.33999999999999986,0.0,-0.35430000000000206,0.0,0.0
detached,run_1625,0.817,18.0,30.789,1,95.0048,0,1,0.5447,14.0,30.336,2,87.8648,0,2,-0.2723,-4.0,-0.45300000000000296,1.0,-7.140000000000001,0.0,1.0
detached,run_1626,0.0817,5.0,29.608,2,42.1195,0,2,0.0,3.0,29.094,3,42.0111,0,3,-0.0817,-2.0,-0.5139999999999993,1.0,-0.10840000000000316,0.0,1.0
detached,run_1627,0.0,5.0,29.156,0,33.4632,0,0,0.0,2.0,28.741,0,33.1842,0,0,0.0,-3.0,-0.41499999999999915,0.0,-0.27900000000000347,0.0,0.0
detached,run_1628,0.1089,6.0,29.667,1,65.4441,0,1,0.0,5.0,29.264,1,64.9995,0,1,-0.1089,-1.0,-0.40300000000000225,0.0,-0.4446000000000083,0.0,0.0
detached,run_1629,0.1089,6.0,29.521,0,62.9004,0,0,0.0,4.0,29.025,0,60.1143,0,0,-0.1089,-2.0,-0.4960000000000022,0.0,-2.7860999999999976,0.0,0.0
detached,run_1630,0.2451,11.0,30.177,2,18.6662,0,3,0.0817,5.0,29.613,3,17.9527,0,5,-0.16340000000000002,-6.0,-0.5640000000000001,1.0,-0.7134999999999998,0.0,2.0
detached,run_1631,0.1089,9.0,29.75,0,89.5801,0,0,0.0545,4.0,29.268,0,88.7019,0,0,-0.0544,-5.0,-0.4819999999999993,0.0,-0.8782000000000068,0.0,0.0
detached,run_1632,0.0817,5.0,29.447,0,46.8232,0,0,0.0,3.0,28.95,0,46.5815,0,0,-0.0817,-2.0,-0.4969999999999999,0.0,-0.24170000000000158,0.0,0.0
detached,run_1633,0.2723,13.0,30.36,2,57.9587,0,2,0.2179,9.0,29.855,4,55.4197,0,4,-0.054399999999999976,-4.0,-0.504999999999999,2.0,-2.5390000000000015,0.0,2.0
detached,run_1634,0.0817,5.0,29.318,0,40.3451,0,0,0.0,3.0,28.983,1,40.1344,0,1,-0.0817,-2.0,-0.33500000000000085,1.0,-0.21070000000000277,0.0,1.0
detached,run_1635,0.0,0.0,28.61,0,21.9584,0,0,0.0,0.0,28.216,0,21.6325,0,0,0.0,0.0,-0.39399999999999835,0.0,-0.32590000000000074,0.0,0.0
detached,run_1636,0.2179,11.0,30.017,0,145.7429,0,0,0.1089,6.0,29.568,0,142.3638,0,0,-0.10900000000000001,-5.0,-0.44899999999999807,0.0,-3.379099999999994,0.0,0.0
detached,run_1637,0.0817,5.0,29.356,0,53.1302,0,0,0.0,3.0,28.915,0,53.0326,0,0,-0.0817,-2.0,-0.4410000000000025,0.0,-0.09759999999999991,0.0,0.0
detached,run_1638,0.0545,4.0,29.324,0,90.4953,0,0,0.0,4.0,29.026,0,90.3972,0,0,-0.0545,0.0,-0.2980000000000018,0.0,-0.0981000000000023,0.0,0.0
detached,run_1639,0.0817,5.0,29.352,0,35.5106,0,0,0.0,3.0,28.962,0,34.816,0,0,-0.0817,-2.0,-0.39000000000000057,0.0,-0.6945999999999941,0.0,0.0
detached,run_1640,0.1089,9.0,29.894,0,86.6453,0,0,0.0817,5.0,29.448,0,83.5558,0,0,-0.027200000000000002,-4.0,-0.44599999999999795,0.0,-3.089500000000001,0.0,0.0
detached,run_1641,0.4085,12.0,30.472,0,324.5902,0,0,0.2723,11.0,30.036,1,303.5521,0,1,-0.1362,-1.0,-0.43599999999999994,1.0,-21.038099999999986,0.0,1.0
detached,run_1642,0.0817,5.0,29.416,0,59.1522,0,0,0.0,3.0,29.011,0,56.2382,0,0,-0.0817,-2.0,-0.40500000000000114,0.0,-2.9140000000000015,0.0,0.0
detached,run_1643,0.354,12.0,30.204,0,130.6478,0,0,0.1634,9.0,29.781,0,124.8002,0,0,-0.1906,-3.0,-0.4230000000000018,0.0,-5.847599999999986,0.0,0.0
detached,run_1644,0.2451,11.0,30.198,3,190.8567,0,6,0.1089,7.0,29.657,1,189.0142,0,4,-0.13620000000000002,-4.0,-0.5410000000000004,-2.0,-1.8425000000000011,0.0,-2.0
detached,run_1645,0.1089,9.0,29.786,0,140.8526,0,0,0.0545,5.0,29.294,0,135.656,0,0,-0.0544,-4.0,-0.4920000000000009,0.0,-5.1965999999999894,0.0,0.0
detached,run_1646,0.0817,5.0,29.463,1,81.502,0,1,0.0,3.0,29.097,1,81.583,0,1,-0.0817,-2.0,-0.36599999999999966,0.0,0.08100000000000307,0.0,0.0
detached,run_1647,0.0817,5.0,29.501,1,30.832,0,1,0.0,3.0,29.045,1,30.5207,0,1,-0.0817,-2.0,-0.4559999999999995,0.0,-0.31129999999999924,0.0,0.0
detached,run_1648,0.2996,11.0,30.16,1,42.0573,0,1,0.1362,6.0,29.734,1,41.7299,0,1,-0.1634,-5.0,-0.4259999999999984,0.0,-0.32739999999999725,0.0,0.0
detached,run_1649,0.3268,13.0,30.322,1,58.1977,0,1,0.1634,9.0,29.774,1,57.0289,0,1,-0.1634,-4.0,-0.5479999999999983,0.0,-1.1687999999999974,0.0,0.0
detached,run_1650,0.2451,11.0,30.11,0,120.8275,0,0,0.1089,6.0,29.614,0,107.4346,0,0,-0.13620000000000002,-5.0,-0.49599999999999866,0.0,-13.392899999999997,0.0,0.0
detached,run_1651,0.2179,10.0,30.127,0,196.644,0,0,0.0817,5.0,29.564,0,191.8341,0,0,-0.13620000000000002,-5.0,-0.5629999999999988,0.0,-4.809899999999999,0.0,0.0
detached,run_1652,0.0817,5.0,29.522,0,35.0885,0,0,0.0,5.0,29.175,1,34.8814,0,1,-0.0817,0.0,-0.34699999999999775,1.0,-0.20710000000000406,0.0,1.0
detached,run_1653,0.1089,8.0,29.654,0,77.4503,0,0,0.0545,5.0,29.261,0,77.1477,0,0,-0.0544,-3.0,-0.3930000000000007,0.0,-0.3025999999999982,0.0,0.0
detached,run_1654,0.5447,16.0,30.789,1,175.3938,0,1,0.3268,11.0,30.227,1,170.6645,0,1,-0.21789999999999998,-5.0,-0.5620000000000012,0.0,-4.729299999999995,0.0,0.0
detached,run_1655,0.0545,4.0,29.185,0,47.7803,0,0,0.0,2.0,28.786,0,47.0921,0,0,-0.0545,-2.0,-0.39899999999999736,0.0,-0.6881999999999948,0.0,0.0
detached,run_1656,0.0817,5.0,29.365,0,56.5405,0,0,0.0,3.0,28.973,0,54.6074,0,0,-0.0817,-2.0,-0.39199999999999946,0.0,-1.9331000000000031,0.0,0.0
detached,run_1657,0.354,11.0,30.493,0,147.6464,0,0,0.1906,10.0,30.051,0,142.2673,0,0,-0.1634,-1.0,-0.44200000000000017,0.0,-5.379099999999994,0.0,0.0
detached,run_1658,0.1089,6.0,29.629,0,62.9567,0,0,0.0,5.0,29.151,1,62.6149,0,1,-0.1089,-1.0,-0.47800000000000153,1.0,-0.3417999999999992,0.0,1.0
detached,run_1659,0.2723,11.0,30.268,0,158.0439,0,0,0.1362,10.0,29.837,1,144.7003,0,1,-0.1361,-1.0,-0.43100000000000094,1.0,-13.34360000000001,0.0,1.0
detached,run_1660,0.2451,10.0,30.088,0,76.0904,0,0,0.0817,5.0,29.507,1,71.6345,0,1,-0.16340000000000002,-5.0,-0.5809999999999995,1.0,-4.4559,0.0,1.0
detached,run_1661,0.0817,6.0,29.396,0,58.6306,0,0,0.0,4.0,28.97,0,58.5777,0,0,-0.0817,-2.0,-0.42600000000000193,0.0,-0.05290000000000106,0.0,0.0
detached,run_1662,0.1089,9.0,29.818,0,204.0674,0,0,0.0545,4.0,29.313,0,196.1511,0,0,-0.0544,-5.0,-0.5050000000000026,0.0,-7.916299999999978,0.0,0.0
detached,run_1663,0.1634,9.0,29.882,0,123.8491,0,0,0.0817,5.0,29.399,0,121.5653,0,0,-0.0817,-4.0,-0.48300000000000054,0.0,-2.2838000000000136,0.0,0.0
detached,run_1664,0.5719,17.0,30.781,1,79.0992,0,1,0.2723,11.0,30.091,4,76.2096,0,4,-0.2996,-6.0,-0.6899999999999977,3.0,-2.8896000000000015,0.0,3.0
detached,run_1665,0.6536,18.0,31.03,1,178.0643,0,1,0.354,13.0,30.332,2,167.3225,0,2,-0.2996,-5.0,-0.6980000000000004,1.0,-10.741800000000012,0.0,1.0
detached,run_1666,0.1089,6.0,29.573,0,74.5143,0,0,0.0,4.0,29.061,0,71.7346,0,0,-0.1089,-2.0,-0.5120000000000005,0.0,-2.7797000000000054,0.0,0.0
detached,run_1667,0.0817,5.0,29.531,1,36.5554,0,1,0.0,3.0,29.104,2,36.4957,0,2,-0.0817,-2.0,-0.4269999999999996,1.0,-0.05969999999999942,0.0,1.0
detached,run_1668,0.1906,6.0,29.821,3,58.0058,0,3,0.0,4.0,29.357,6,58.2488,0,6,-0.1906,-2.0,-0.4640000000000022,3.0,0.2430000000000021,0.0,3.0
detached,run_1669,0.3813,12.0,30.378,1,235.4419,0,1,0.1089,9.0,29.806,1,217.9623,0,1,-0.2724,-3.0,-0.5719999999999992,0.0,-17.479600000000005,0.0,0.0
detached,run_1670,0.0545,4.0,29.311,0,55.6696,0,0,0.0,3.0,28.945,0,54.4475,0,0,-0.0545,-1.0,-0.36599999999999966,0.0,-1.2221000000000046,0.0,0.0
detached,run_1671,0.0817,5.0,29.4,0,61.2671,0,0,0.0,4.0,29.013,0,62.0675,0,0,-0.0817,-1.0,-0.3869999999999969,0.0,0.8004000000000033,0.0,0.0
detached,run_1672,0.2179,11.0,30.081,0,142.4,0,0,0.1089,6.0,29.611,1,137.3278,0,1,-0.10900000000000001,-5.0,-0.46999999999999886,1.0,-5.072200000000009,0.0,1.0
detached,run_1673,0.2451,9.0,29.848,1,41.181,0,1,0.0817,5.0,29.423,1,40.2806,0,1,-0.16340000000000002,-4.0,-0.4250000000000007,0.0,-0.9003999999999976,0.0,0.0
detached,run_1674,0.1089,5.0,29.534,0,78.1305,0,0,0.0,4.0,29.07,0,73.7395,0,0,-0.1089,-1.0,-0.46399999999999864,0.0,-4.390999999999991,0.0,0.0
detached,run_1675,0.3813,11.0,30.278,1,47.5181,0,1,0.2723,10.0,29.93,1,47.8826,0,1,-0.10899999999999999,-1.0,-0.347999999999999,0.0,0.3644999999999996,0.0,0.0
detached,run_1676,0.0,3.0,28.959,0,46.617,0,0,0.0,2.0,28.743,0,44.2381,0,0,0.0,-1.0,-0.21600000000000108,0.0,-2.3788999999999945,0.0,0.0
detached,run_1677,0.3813,12.0,30.397,0,323.935,0,0,0.2179,10.0,29.981,1,312.6346,0,1,-0.16339999999999996,-2.0,-0.4159999999999968,1.0,-11.300400000000025,0.0,1.0
detached,run_1678,0.1362,9.0,29.88,0,170.5127,0,0,0.0817,5.0,29.442,0,161.2035,0,0,-0.05449999999999999,-4.0,-0.43799999999999883,0.0,-9.309200000000004,0.0,0.0
detached,run_1679,0.0,4.0,29.192,2,36.1462,0,2,0.0,0.0,28.839,3,36.119,0,3,0.0,-4.0,-0.35300000000000153,1.0,-0.027200000000000557,0.0,1.0
detached,run_1680,0.0817,5.0,29.494,0,66.8586,0,0,0.0,3.0,28.989,0,67.1748,0,0,-0.0817,-2.0,-0.504999999999999,0.0,0.31620000000000914,0.0,0.0
detached,run_1681,0.6264,18.0,31.015,1,133.6382,0,1,0.4085,12.0,30.456,1,127.0908,0,1,-0.21789999999999998,-6.0,-0.559000000000001,0.0,-6.54740000000001,0.0,0.0
detached,run_1682,0.0817,5.0,29.491,0,59.4967,0,0,0.0,3.0,28.98,0,59.6745,0,0,-0.0817,-2.0,-0.5109999999999992,0.0,0.17780000000000484,0.0,0.0
detached,run_1683,0.463,13.0,30.471,2,65.9838,0,3,0.2451,11.0,29.967,6,64.1286,0,7,-0.2179,-2.0,-0.5040000000000013,4.0,-1.8551999999999964,0.0,4.0
detached,run_1684,0.1362,9.0,29.946,0,110.3288,0,0,0.0817,5.0,29.479,0,106.2362,0,0,-0.05449999999999999,-4.0,-0.4670000000000023,0.0,-4.0926000000000045,0.0,0.0
detached,run_1685,0.1089,9.0,29.836,0,65.5649,0,0,0.0817,5.0,29.318,0,64.1462,0,0,-0.027200000000000002,-4.0,-0.5179999999999971,0.0,-1.4187000000000012,0.0,0.0
detached,run_1686,0.1089,8.0,29.753,0,97.0318,0,0,0.0817,5.0,29.355,0,92.2539,0,0,-0.027200000000000002,-3.0,-0.3979999999999997,0.0,-4.7779000000000025,0.0,0.0
detached,run_1687,0.0817,5.0,29.484,0,67.4682,0,0,0.0,4.0,29.035,0,66.6415,0,0,-0.0817,-1.0,-0.4490000000000016,0.0,-0.8267000000000024,0.0,0.0
detached,run_1688,0.3268,11.0,30.314,0,162.522,0,0,0.1089,9.0,29.819,0,154.4183,0,0,-0.21789999999999998,-2.0,-0.495000000000001,0.0,-8.103700000000003,0.0,0.0
detached,run_1689,0.1634,8.0,29.796,0,87.8752,0,0,0.0817,5.0,29.324,1,83.1085,0,1,-0.0817,-3.0,-0.47199999999999775,1.0,-4.7667,0.0,1.0
detached,run_1690,0.2451,8.0,29.938,1,64.8812,0,1,0.0545,5.0,29.517,1,64.948,0,1,-0.19060000000000002,-3.0,-0.4209999999999994,0.0,0.06679999999998643,0.0,0.0
detached,run_1691,0.1906,9.0,29.789,0,64.4929,0,0,0.0545,5.0,29.321,1,63.8761,0,1,-0.1361,-4.0,-0.46799999999999997,1.0,-0.6168000000000049,0.0,1.0
detached,run_1692,0.1089,6.0,29.526,1,42.3379,0,1,0.0,5.0,29.146,1,41.9365,0,1,-0.1089,-1.0,-0.379999999999999,0.0,-0.4013999999999953,0.0,0.0
detached,run_1693,0.4357,12.0,30.533,1,173.4306,0,1,0.2723,11.0,30.054,1,163.2968,0,1,-0.1634,-1.0,-0.47900000000000276,0.0,-10.133800000000008,0.0,0.0
detached,run_1694,1.3617,22.0,31.429,29,271.2445,0,152,1.0621,21.0,31.123,32,286.7207,0,179,-0.29959999999999987,-1.0,-0.3059999999999974,3.0,15.476200000000006,0.0,27.0
detached,run_1695,0.0,4.0,29.132,0,34.944,0,0,0.0,0.0,28.784,0,35.0802,0,0,0.0,-4.0,-0.34800000000000253,0.0,0.1361999999999952,0.0,0.0
detached,run_1696,0.0817,5.0,29.45,0,68.1756,0,0,0.0,3.0,29.026,0,67.5503,0,0,-0.0817,-2.0,-0.4239999999999995,0.0,-0.62530000000001,0.0,0.0
detached,run_1697,0.3268,13.0,30.292,2,76.701,0,2,0.2179,8.0,29.805,4,74.2678,0,4,-0.10889999999999997,-5.0,-0.4870000000000019,2.0,-2.4331999999999994,0.0,2.0
detached,run_1698,0.4902,15.0,30.666,1,110.1771,0,1,0.2451,11.0,30.159,3,107.5924,0,3,-0.2451,-4.0,-0.5070000000000014,2.0,-2.584699999999998,0.0,2.0
detached,run_1699,0.1906,10.0,30.062,0,122.9817,0,0,0.1089,6.0,29.618,0,120.8715,0,0,-0.0817,-4.0,-0.4440000000000026,0.0,-2.110200000000006,0.0,0.0
detached,run_1700,0.3813,13.0,30.549,0,88.3363,0,0,0.2451,10.0,30.009,1,82.6769,0,1,-0.13619999999999996,-3.0,-0.5399999999999991,1.0,-5.659399999999991,0.0,1.0
detached,run_1701,0.2451,11.0,30.061,1,163.1567,0,1,0.1089,6.0,29.653,1,156.9174,0,1,-0.13620000000000002,-5.0,-0.40800000000000125,0.0,-6.239300000000014,0.0,0.0
detached,run_1702,0.0817,5.0,29.616,1,68.6738,0,1,0.0,5.0,29.198,1,68.22,0,1,-0.0817,0.0,-0.41799999999999926,0.0,-0.4538000000000011,0.0,0.0
detached,run_1703,0.5174,17.0,30.683,3,269.3968,0,5,0.3813,12.0,30.325,2,271.4079,0,14,-0.1361,-5.0,-0.35800000000000054,-1.0,2.011099999999999,0.0,9.0
detached,run_1704,0.2451,9.0,29.963,2,77.4443,0,2,0.0817,5.0,29.551,3,77.6082,0,3,-0.16340000000000002,-4.0,-0.4120000000000026,1.0,0.16389999999999816,0.0,1.0
detached,run_1705,0.2451,8.0,29.863,1,45.9949,0,1,0.0817,5.0,29.465,1,45.9476,0,1,-0.16340000000000002,-3.0,-0.3979999999999997,0.0,-0.0472999999999999,0.0,0.0
detached,run_1706,0.2723,11.0,30.236,0,64.5389,0,0,0.1362,9.0,29.756,1,62.2058,0,1,-0.1361,-2.0,-0.4800000000000004,1.0,-2.3330999999999946,0.0,1.0
detached,run_1707,0.0,2.0,28.881,0,37.1929,0,0,0.0,0.0,28.482,0,36.9664,0,0,0.0,-2.0,-0.3990000000000009,0.0,-0.22650000000000148,0.0,0.0
detached,run_1708,0.3813,12.0,30.278,0,269.4103,0,0,0.1089,9.0,29.813,1,259.3542,0,1,-0.2724,-3.0,-0.46499999999999986,1.0,-10.056100000000015,0.0,1.0
detached,run_1709,0.1906,10.0,29.84,0,61.5152,0,0,0.0817,5.0,29.286,0,61.4977,0,0,-0.1089,-5.0,-0.5539999999999985,0.0,-0.017499999999998295,0.0,0.0
detached,run_1710,0.3813,13.0,30.657,4,470.6037,0,5,0.2451,10.0,30.114,1,456.2956,0,1,-0.13619999999999996,-3.0,-0.5429999999999993,-3.0,-14.308100000000024,0.0,-4.0
detached,run_1711,0.1089,9.0,29.824,0,84.0139,0,0,0.0817,5.0,29.331,0,82.3272,0,0,-0.027200000000000002,-4.0,-0.4930000000000021,0.0,-1.6867000000000019,0.0,0.0
detached,run_1712,0.1089,9.0,29.752,0,95.0371,0,0,0.0545,4.0,29.226,0,93.1567,0,0,-0.0544,-5.0,-0.5259999999999998,0.0,-1.8803999999999945,0.0,0.0
detached,run_1713,0.0817,5.0,29.518,1,35.2211,0,1,0.0,5.0,29.112,1,33.9977,0,1,-0.0817,0.0,-0.40600000000000236,0.0,-1.223399999999998,0.0,0.0
detached,run_1714,0.1906,9.0,29.943,0,103.1612,0,0,0.0817,5.0,29.433,0,101.2192,0,0,-0.1089,-4.0,-0.5100000000000016,0.0,-1.941999999999993,0.0,0.0
detached,run_1715,0.354,13.0,30.312,3,20.6468,0,3,0.2451,9.0,29.823,6,20.3885,0,6,-0.10889999999999997,-4.0,-0.48900000000000077,3.0,-0.2582999999999984,0.0,3.0
detached,run_1716,0.4902,16.0,30.747,1,184.066,0,1,0.3813,12.0,30.282,1,174.7228,0,1,-0.10890000000000005,-4.0,-0.46499999999999986,0.0,-9.343199999999996,0.0,0.0
detached,run_1717,0.3268,11.0,30.304,0,170.956,0,0,0.1362,10.0,29.889,1,159.2732,0,1,-0.1906,-1.0,-0.41499999999999915,1.0,-11.682799999999986,0.0,1.0
detached,run_1718,0.0,2.0,28.84,0,39.1113,0,0,0.0,0.0,28.426,0,37.1052,0,0,0.0,-2.0,-0.4140000000000015,0.0,-2.0060999999999964,0.0,0.0
detached,run_1719,0.2179,9.0,29.885,0,111.2703,0,4,0.0817,5.0,29.388,1,104.035,0,3,-0.13620000000000002,-4.0,-0.4969999999999999,1.0,-7.235300000000009,0.0,-1.0
detached,run_1720,0.4085,13.0,30.514,1,177.0293,0,1,0.2996,12.0,30.146,1,168.417,0,1,-0.1089,-1.0,-0.36799999999999855,0.0,-8.612300000000005,0.0,0.0
detached,run_1721,0.2179,10.0,30.032,0,133.589,0,0,0.1089,6.0,29.64,1,127.1369,0,1,-0.10900000000000001,-4.0,-0.39199999999999946,1.0,-6.4521000000000015,0.0,1.0
detached,run_1722,0.0817,6.0,29.671,1,62.9791,0,1,0.0817,5.0,29.301,1,61.7371,0,1,0.0,-1.0,-0.370000000000001,0.0,-1.2420000000000044,0.0,0.0
detached,run_1723,0.1634,6.0,29.754,2,57.1601,0,2,0.0,5.0,29.288,3,56.6542,0,3,-0.1634,-1.0,-0.4660000000000011,1.0,-0.5058999999999969,0.0,1.0
detached,run_1724,0.0817,5.0,29.449,1,27.165,0,1,0.0,3.0,28.952,1,26.9922,0,1,-0.0817,-2.0,-0.4969999999999999,0.0,-0.17279999999999873,0.0,0.0
detached,run_1725,0.0,3.0,28.976,0,40.4468,0,0,0.0,0.0,28.524,0,40.041,0,0,0.0,-3.0,-0.4519999999999982,0.0,-0.4058000000000064,0.0,0.0
detached,run_1726,0.2451,11.0,30.233,1,50.6734,0,1,0.1634,8.0,29.748,3,50.8675,0,3,-0.08170000000000002,-3.0,-0.48499999999999943,2.0,0.19409999999999883,0.0,2.0
detached,run_1727,0.1089,6.0,29.646,0,79.3518,0,0,0.0545,5.0,29.374,0,75.7263,0,0,-0.0544,-1.0,-0.272000000000002,0.0,-3.6255000000000024,0.0,0.0
detached,run_1728,0.5991,16.0,30.834,3,381.4738,0,3,0.3268,12.0,30.277,1,383.3259,0,1,-0.2723,-4.0,-0.5569999999999986,-2.0,1.8521000000000072,0.0,-2.0
detached,run_1729,0.8987,19.0,31.209,1,352.5777,0,1,0.5174,16.0,30.684,1,335.9854,0,1,-0.3813000000000001,-3.0,-0.5249999999999986,0.0,-16.592299999999966,0.0,0.0
detached,run_1730,0.1089,6.0,29.644,0,74.2203,0,0,0.0272,4.0,29.155,0,70.6987,0,0,-0.0817,-2.0,-0.4889999999999972,0.0,-3.5215999999999923,0.0,0.0
detached,run_1731,0.0545,4.0,29.194,0,56.555,0,0,0.0,2.0,28.87,0,56.0046,0,0,-0.0545,-2.0,-0.32399999999999807,0.0,-0.5503999999999962,0.0,0.0
detached,run_1732,0.6264,18.0,30.916,2,359.5049,0,3,0.4085,14.0,30.398,3,364.3125,0,7,-0.21789999999999998,-4.0,-0.5180000000000007,1.0,4.8075999999999794,0.0,4.0
detached,run_1733,0.6536,15.0,30.706,3,28.4898,0,3,0.3813,14.0,30.192,4,27.9051,0,4,-0.2723,-1.0,-0.5139999999999993,1.0,-0.584699999999998,0.0,1.0
detached,run_1734,0.1089,9.0,29.853,0,99.6477,0,0,0.0545,4.0,29.381,0,99.0764,0,0,-0.0544,-5.0,-0.4720000000000013,0.0,-0.5712999999999937,0.0,0.0
detached,run_1735,0.2996,11.0,30.22,0,293.5161,0,0,0.1634,9.0,29.844,1,279.2618,0,1,-0.1362,-2.0,-0.37599999999999767,1.0,-14.2543,0.0,1.0
detached,run_1736,0.2723,11.0,30.125,0,95.0963,0,0,0.1089,8.0,29.667,1,92.8687,0,1,-0.1634,-3.0,-0.4579999999999984,1.0,-2.2275999999999954,0.0,1.0
detached,run_1737,0.0,3.0,29.03,0,41.5112,0,0,0.0,0.0,28.562,0,41.5027,0,0,0.0,-3.0,-0.46799999999999997,0.0,-0.008500000000005059,0.0,0.0
detached,run_1738,1.0893,22.0,31.45,5,144.7546,0,5,1.0076,21.0,31.034,9,146.6355,0,10,-0.08169999999999988,-1.0,-0.41600000000000037,4.0,1.880899999999997,0.0,5.0
detached,run_1739,0.0,5.0,29.137,0,47.0102,0,0,0.0,3.0,28.755,0,46.8442,0,0,0.0,-2.0,-0.38200000000000145,0.0,-0.16599999999999682,0.0,0.0
detached,run_1740,0.5174,15.0,30.568,1,64.5764,0,1,0.2996,11.0,30.029,1,62.545,0,1,-0.2178,-4.0,-0.5390000000000015,0.0,-2.031400000000005,0.0,0.0
detached,run_1741,0.1089,7.0,29.651,0,140.8733,0,0,0.0545,4.0,29.192,0,139.3238,0,0,-0.0544,-3.0,-0.45899999999999963,0.0,-1.5494999999999948,0.0,0.0
detached,run_1742,0.0545,4.0,29.394,0,77.5798,0,0,0.0,4.0,28.991,0,73.943,0,0,-0.0545,0.0,-0.4029999999999987,0.0,-3.636800000000008,0.0,0.0
detached,run_1743,0.0,5.0,29.355,1,34.4947,0,1,0.0,0.0,28.905,1,34.5573,0,1,0.0,-5.0,-0.4499999999999993,0.0,0.06259999999999621,0.0,0.0
detached,run_1744,0.0,5.0,29.218,1,22.6566,0,1,0.0,0.0,28.766,1,22.7253,0,1,0.0,-5.0,-0.45200000000000173,0.0,0.06869999999999976,0.0,0.0
detached,run_1745,0.8715,22.0,31.19,1,335.5574,0,1,0.5991,18.0,30.791,1,320.7674,0,1,-0.2724000000000001,-4.0,-0.3990000000000009,0.0,-14.789999999999964,0.0,0.0
detached,run_1746,0.1362,9.0,29.725,1,54.2701,0,1,0.0272,5.0,29.301,1,52.3257,0,1,-0.10899999999999999,-4.0,-0.42400000000000304,0.0,-1.9444000000000017,0.0,0.0
detached,run_1747,0.3268,11.0,30.188,1,97.3388,0,1,0.1089,9.0,29.709,1,94.0651,0,1,-0.21789999999999998,-2.0,-0.4789999999999992,0.0,-3.273700000000005,0.0,0.0
detached,run_1748,0.5719,15.0,30.622,2,116.569,0,2,0.2996,11.0,30.092,4,110.2767,0,4,-0.2723,-4.0,-0.5300000000000011,2.0,-6.292299999999997,0.0,2.0
detached,run_1749,0.1089,8.0,29.656,0,60.8808,0,0,0.0,4.0,29.126,0,58.2982,0,0,-0.1089,-4.0,-0.5299999999999976,0.0,-2.5825999999999993,0.0,0.0
detached,run_1750,0.1906,9.0,29.939,0,127.9981,0,0,0.0817,5.0,29.446,0,126.5301,0,0,-0.1089,-4.0,-0.49299999999999855,0.0,-1.4679999999999893,0.0,0.0
detached,run_1751,0.0,3.0,28.858,0,36.7208,0,0,0.0,0.0,28.492,0,35.894,0,0,0.0,-3.0,-0.36599999999999966,0.0,-0.8267999999999986,0.0,0.0
detached,run_1752,0.1906,10.0,30.084,0,157.4748,0,0,0.1089,8.0,29.713,0,150.4328,0,0,-0.0817,-2.0,-0.37099999999999866,0.0,-7.042000000000002,0.0,0.0
detached,run_1753,0.0817,5.0,29.329,0,44.592,0,0,0.0,4.0,29.025,1,41.9863,0,1,-0.0817,-1.0,-0.30400000000000205,1.0,-2.605699999999999,0.0,1.0
detached,run_1754,1.0349,21.0,31.287,1,179.3015,0,1,0.8987,18.0,30.803,4,177.1319,0,4,-0.13619999999999988,-3.0,-0.4839999999999982,3.0,-2.1696000000000026,0.0,3.0
detached,run_1755,0.1089,8.0,29.666,0,57.1878,0,0,0.0272,4.0,29.143,0,56.7609,0,0,-0.0817,-4.0,-0.5229999999999997,0.0,-0.4269000000000034,0.0,0.0
detached,run_1756,0.4085,13.0,30.524,1,153.587,0,1,0.2451,10.0,30.003,1,152.9522,0,1,-0.16339999999999996,-3.0,-0.5210000000000008,0.0,-0.6347999999999843,0.0,0.0
detached,run_1757,0.5719,17.0,30.845,3,328.9468,0,3,0.354,12.0,30.31,1,313.5053,0,1,-0.21789999999999998,-5.0,-0.5350000000000001,-2.0,-15.441500000000019,0.0,-2.0
detached,run_1758,0.0817,5.0,29.58,0,83.9246,0,0,0.0,4.0,29.132,0,81.1444,0,0,-0.0817,-1.0,-0.44799999999999685,0.0,-2.7801999999999936,0.0,0.0
detached,run_1759,0.1634,7.0,29.665,0,47.7447,0,0,0.0,5.0,29.215,1,47.5514,0,1,-0.1634,-2.0,-0.4499999999999993,1.0,-0.1933000000000007,0.0,1.0
detached,run_1760,0.1089,5.0,29.58,1,39.5721,0,1,0.0,4.0,29.029,1,39.3771,0,1,-0.1089,-1.0,-0.5509999999999984,0.0,-0.19500000000000028,0.0,0.0
detached,run_1761,0.1634,7.0,29.765,1,76.3657,0,1,0.0817,5.0,29.388,1,75.2702,0,1,-0.0817,-2.0,-0.3769999999999989,0.0,-1.0955000000000013,0.0,0.0
detached,run_1762,0.1634,10.0,30.008,0,93.0686,0,0,0.0817,5.0,29.551,0,88.5403,0,0,-0.0817,-5.0,-0.45700000000000074,0.0,-4.5283000000000015,0.0,0.0
detached,run_1763,1.5795,23.0,31.577,25,219.0852,0,90,1.3072,22.0,31.274,33,231.0078,0,139,-0.2723,-1.0,-0.3030000000000008,8.0,11.922600000000017,0.0,49.0
detached,run_1764,0.4357,13.0,30.505,1,60.6452,0,1,0.2451,10.0,29.926,2,59.3342,0,2,-0.19059999999999996,-3.0,-0.5790000000000006,1.0,-1.311,0.0,1.0
detached,run_1765,0.0817,5.0,29.591,0,71.0813,0,0,0.0,3.0,29.134,0,70.6518,0,0,-0.0817,-2.0,-0.45700000000000074,0.0,-0.42950000000000443,0.0,0.0
detached,run_1766,0.1089,9.0,29.856,0,105.2757,0,0,0.0545,4.0,29.386,0,97.7405,0,0,-0.0544,-5.0,-0.4700000000000024,0.0,-7.535200000000003,0.0,0.0
detached,run_1767,0.1089,6.0,29.623,0,95.7568,0,0,0.0272,4.0,29.154,0,92.1853,0,0,-0.0817,-2.0,-0.4690000000000012,0.0,-3.5715000000000003,0.0,0.0
detached,run_1768,0.2451,10.0,30.016,2,47.8508,0,2,0.1089,5.0,29.569,2,47.6041,0,2,-0.13620000000000002,-5.0,-0.4469999999999992,0.0,-0.24669999999999703,0.0,0.0
detached,run_1769,0.0545,5.0,29.279,0,43.9485,0,0,0.0,2.0,28.824,0,42.4533,0,0,-0.0545,-3.0,-0.4549999999999983,0.0,-1.495200000000004,0.0,0.0
detached,run_1770,0.5719,17.0,30.744,3,48.2592,0,4,0.3268,13.0,30.2,8,47.0034,0,8,-0.24509999999999998,-4.0,-0.5440000000000005,5.0,-1.2558000000000007,0.0,4.0
detached,run_1771,0.817,20.0,31.219,1,88.8228,0,1,0.7898,19.0,30.864,4,86.5458,0,4,-0.027200000000000002,-1.0,-0.3550000000000004,3.0,-2.277000000000001,0.0,3.0
detached,run_1772,0.1089,8.0,29.812,0,92.7702,0,0,0.0545,5.0,29.331,0,88.6704,0,0,-0.0544,-3.0,-0.48100000000000165,0.0,-4.099800000000002,0.0,0.0
detached,run_1773,0.0545,5.0,29.296,0,56.1388,0,0,0.0,2.0,28.83,0,55.3809,0,0,-0.0545,-3.0,-0.4660000000000011,0.0,-0.7579000000000065,0.0,0.0
detached,run_1774,0.1906,9.0,29.813,0,135.4169,0,1,0.0545,5.0,29.359,0,125.4965,0,0,-0.1361,-4.0,-0.4539999999999971,0.0,-9.9204,0.0,-1.0
detached,run_1775,0.0545,5.0,29.347,7,51.058,0,7,0.0,2.0,28.852,9,50.9752,0,9,-0.0545,-3.0,-0.495000000000001,2.0,-0.08279999999999887,0.0,2.0
detached,run_1776,0.2451,10.0,29.979,1,40.4001,0,1,0.0817,5.0,29.511,2,39.283,0,2,-0.16340000000000002,-5.0,-0.46799999999999997,1.0,-1.1171000000000006,0.0,1.0
detached,run_1777,1.0893,21.0,31.186,2,109.1943,0,2,0.9804,18.0,30.735,6,107.711,0,6,-0.10889999999999989,-3.0,-0.4510000000000005,4.0,-1.4832999999999998,0.0,4.0
detached,run_1778,0.0,2.0,28.801,0,20.2957,0,0,0.0,0.0,28.537,0,19.8796,0,0,0.0,-2.0,-0.26399999999999935,0.0,-0.41610000000000014,0.0,0.0
detached,run_1779,0.0,3.0,29.024,0,41.4683,0,0,0.0,0.0,28.673,0,40.9515,0,0,0.0,-3.0,-0.35100000000000264,0.0,-0.5167999999999964,0.0,0.0
detached,run_1780,0.0,3.0,28.928,0,39.4313,0,0,0.0,0.0,28.597,0,39.1741,0,0,0.0,-3.0,-0.3309999999999995,0.0,-0.25719999999999743,0.0,0.0
detached,run_1781,0.5719,17.0,31.016,0,246.1519,0,0,0.4085,13.0,30.606,1,224.328,0,1,-0.1634,-4.0,-0.4099999999999966,1.0,-21.82390000000001,0.0,1.0
detached,run_1782,0.0545,4.0,29.276,0,53.2819,0,0,0.0,3.0,28.84,0,53.0282,0,0,-0.0545,-1.0,-0.43599999999999994,0.0,-0.25370000000000203,0.0,0.0
detached,run_1783,0.1362,9.0,29.9,0,134.2156,0,0,0.1089,6.0,29.544,0,127.2366,0,0,-0.02729999999999999,-3.0,-0.3559999999999981,0.0,-6.978999999999999,0.0,0.0
detached,run_1784,0.0,5.0,29.226,0,20.9284,0,0,0.0,0.0,28.776,0,20.4337,0,0,0.0,-5.0,-0.4499999999999993,0.0,-0.49469999999999814,0.0,0.0
detached,run_1785,0.0,3.0,29.059,1,43.6009,0,1,0.0,0.0,28.749,0,43.5056,0,0,0.0,-3.0,-0.3100000000000023,-1.0,-0.09530000000000172,0.0,-1.0
detached,run_1786,0.0,3.0,28.912,0,40.4772,0,0,0.0,0.0,28.56,0,40.0242,0,0,0.0,-3.0,-0.3520000000000003,0.0,-0.45300000000000296,0.0,0.0
detached,run_1787,0.1089,6.0,29.591,0,47.4833,0,0,0.0,3.0,29.181,0,46.3795,0,0,-0.1089,-3.0,-0.41000000000000014,0.0,-1.1037999999999997,0.0,0.0
detached,run_1788,0.2996,11.0,30.31,1,122.2869,0,1,0.1906,10.0,29.843,1,114.815,0,1,-0.10899999999999999,-1.0,-0.46699999999999875,0.0,-7.471900000000005,0.0,0.0
detached,run_1789,0.7625,18.0,30.905,3,351.3415,0,4,0.4357,15.0,30.443,2,342.8987,0,2,-0.3268,-3.0,-0.46199999999999974,-1.0,-8.442799999999977,0.0,-2.0
detached,run_1790,0.1089,8.0,29.773,0,82.4773,0,0,0.0545,4.0,29.246,0,78.93,0,0,-0.0544,-4.0,-0.527000000000001,0.0,-3.547299999999993,0.0,0.0
detached,run_1791,0.1089,5.0,29.505,0,81.5118,0,0,0.0,4.0,29.096,0,81.2417,0,0,-0.1089,-1.0,-0.4089999999999989,0.0,-0.27009999999999934,0.0,0.0
detached,run_1792,0.8715,20.0,31.162,1,122.313,0,1,0.4085,13.0,30.418,2,117.4611,0,2,-0.4630000000000001,-7.0,-0.7439999999999998,1.0,-4.8519000000000005,0.0,1.0
detached,run_1793,0.1906,9.0,29.848,0,94.7444,0,0,0.0817,5.0,29.438,1,92.1357,0,1,-0.1089,-4.0,-0.41000000000000014,1.0,-2.608699999999999,0.0,1.0
detached,run_1794,0.1089,9.0,29.743,0,94.85,0,0,0.0545,4.0,29.307,0,94.9038,0,0,-0.0544,-5.0,-0.43599999999999994,0.0,0.05380000000000962,0.0,0.0
detached,run_1795,1.171,22.0,31.175,7,47.418,0,7,0.9532,20.0,30.803,16,46.1153,0,16,-0.2178,-2.0,-0.3719999999999999,9.0,-1.3027000000000015,0.0,9.0
detached,run_1796,0.1089,7.0,29.732,0,71.9552,0,0,0.0545,4.0,29.28,0,70.1247,0,0,-0.0544,-3.0,-0.4519999999999982,0.0,-1.8305000000000007,0.0,0.0
detached,run_1797,0.8987,20.0,31.206,1,286.3468,0,1,0.7353,18.0,30.737,2,269.4845,0,2,-0.1634000000000001,-2.0,-0.4690000000000012,1.0,-16.862299999999948,0.0,1.0
detached,run_1798,0.2451,10.0,29.99,0,81.4717,0,0,0.1089,6.0,29.523,1,80.0855,0,1,-0.13620000000000002,-4.0,-0.46699999999999875,1.0,-1.3862000000000023,0.0,1.0
detached,run_1799,0.0,3.0,28.843,0,38.0696,0,0,0.0,0.0,28.437,0,37.9592,0,0,0.0,-3.0,-0.4059999999999988,0.0,-0.1103999999999985,0.0,0.0
detached,run_1800,0.2179,10.0,30.048,0,115.278,0,0,0.1089,8.0,29.705,1,110.7446,0,1,-0.10900000000000001,-2.0,-0.34299999999999997,1.0,-4.5334,0.0,1.0
detached,run_1801,0.354,11.0,30.06,0,173.0094,0,0,0.1634,9.0,29.755,1,164.1256,0,1,-0.1906,-2.0,-0.3049999999999997,1.0,-8.883800000000008,0.0,1.0
detached,run_1802,0.0,2.0,28.799,0,32.5722,0,0,0.0,0.0,28.472,0,32.7247,0,0,0.0,-2.0,-0.3269999999999982,0.0,0.1524999999999963,0.0,0.0
detached,run_1803,0.1089,6.0,29.686,0,35.9627,0,0,0.0,5.0,29.241,1,35.452,0,1,-0.1089,-1.0,-0.4450000000000003,1.0,-0.5106999999999999,0.0,1.0
detached,run_1804,0.0817,5.0,29.514,0,44.3391,0,0,0.0,4.0,29.108,0,43.8296,0,0,-0.0817,-1.0,-0.4059999999999988,0.0,-0.5095000000000027,0.0,0.0
detached,run_1805,0.2451,10.0,30.01,0,105.1739,0,0,0.1089,6.0,29.573,1,105.7035,0,1,-0.13620000000000002,-4.0,-0.43700000000000117,1.0,0.5296000000000021,0.0,1.0
detached,run_1806,0.0,4.0,29.253,0,57.3132,0,0,0.0,3.0,28.924,0,57.4114,0,0,0.0,-1.0,-0.3290000000000006,0.0,0.09819999999999851,0.0,0.0
detached,run_1807,0.0817,5.0,29.59,0,72.553,0,0,0.0272,4.0,29.161,0,70.7699,0,0,-0.05449999999999999,-1.0,-0.4289999999999985,0.0,-1.7830999999999904,0.0,0.0
detached,run_1808,0.8442,20.0,31.106,1,113.6671,0,1,0.7353,18.0,30.72,4,111.7275,0,4,-0.1089,-2.0,-0.3860000000000028,3.0,-1.9395999999999987,0.0,3.0
detached,run_1809,0.0272,4.0,29.149,0,46.2583,0,0,0.0,2.0,28.7,0,44.6306,0,0,-0.0272,-2.0,-0.4490000000000016,0.0,-1.6276999999999973,0.0,0.0
detached,run_1810,0.3268,10.0,30.154,1,39.2489,0,1,0.0817,5.0,29.649,2,39.2026,0,2,-0.24509999999999998,-5.0,-0.504999999999999,1.0,-0.04630000000000223,0.0,1.0
detached,run_1811,0.3268,11.0,30.3,1,99.8051,0,1,0.2179,9.0,29.864,1,99.5967,0,1,-0.10889999999999997,-2.0,-0.43599999999999994,0.0,-0.20839999999999748,0.0,0.0
detached,run_1812,0.2451,10.0,29.985,1,31.0789,0,1,0.0817,6.0,29.497,2,30.1168,0,2,-0.16340000000000002,-4.0,-0.48799999999999955,1.0,-0.9620999999999995,0.0,1.0
detached,run_1813,0.0545,4.0,29.214,0,64.3442,0,0,0.0,2.0,28.813,0,61.6759,0,0,-0.0545,-2.0,-0.4009999999999998,0.0,-2.668300000000002,0.0,0.0
detached,run_1814,0.1089,6.0,29.507,0,83.4204,0,0,0.0,4.0,29.138,0,80.7344,0,0,-0.1089,-2.0,-0.3689999999999998,0.0,-2.686000000000007,0.0,0.0
detached,run_1815,0.1089,5.0,29.714,1,45.8486,0,1,0.0272,5.0,29.31,1,42.2033,0,1,-0.0817,0.0,-0.4039999999999999,0.0,-3.645299999999999,0.0,0.0
detached,run_1816,0.2996,11.0,30.478,1,132.791,0,1,0.1906,10.0,29.921,1,128.8115,0,1,-0.10899999999999999,-1.0,-0.5570000000000022,0.0,-3.9795000000000016,0.0,0.0
detached,run_1817,0.6808,18.0,30.899,1,187.7064,0,1,0.3813,12.0,30.353,2,176.4731,0,2,-0.2995,-6.0,-0.5459999999999994,1.0,-11.233300000000014,0.0,1.0
detached,run_1818,0.3268,11.0,30.349,0,160.3371,0,0,0.1362,10.0,29.916,1,155.1288,0,1,-0.1906,-1.0,-0.43299999999999983,1.0,-5.20829999999998,0.0,1.0
detached,run_1819,0.1089,9.0,29.69,0,175.5302,0,0,0.0545,4.0,29.208,0,167.8646,0,0,-0.0544,-5.0,-0.48200000000000287,0.0,-7.665600000000012,0.0,0.0
detached,run_1820,0.4085,12.0,30.277,1,103.5465,0,1,0.2451,10.0,29.912,1,99.444,0,1,-0.16339999999999996,-2.0,-0.365000000000002,0.0,-4.102499999999992,0.0,0.0
detached,run_1821,0.1089,7.0,29.649,0,78.83,0,0,0.0,4.0,29.138,0,76.3367,0,0,-0.1089,-3.0,-0.5109999999999992,0.0,-2.493300000000005,0.0,0.0
detached,run_1822,0.4085,11.0,30.29,1,56.5268,0,1,0.2451,10.0,29.874,1,56.2128,0,1,-0.16339999999999996,-1.0,-0.41600000000000037,0.0,-0.31400000000000006,0.0,0.0
detached,run_1823,0.0,3.0,28.95,0,30.5624,0,0,0.0,0.0,28.589,0,30.0345,0,0,0.0,-3.0,-0.36100000000000065,0.0,-0.5278999999999989,0.0,0.0
detached,run_1824,0.3813,11.0,30.501,0,91.653,0,0,0.2179,10.0,30.063,1,88.3658,0,1,-0.16339999999999996,-1.0,-0.4380000000000024,1.0,-3.287200000000013,0.0,1.0
detached,run_1825,0.1089,8.0,29.682,0,69.1372,0,0,0.0545,5.0,29.17,0,66.6998,0,0,-0.0544,-3.0,-0.5119999999999969,0.0,-2.437400000000011,0.0,0.0
detached,run_1826,0.4357,13.0,30.459,1,51.7875,0,1,0.2451,10.0,29.928,2,49.2512,0,2,-0.19059999999999996,-3.0,-0.5309999999999988,1.0,-2.536300000000004,0.0,1.0
detached,run_1827,0.2723,11.0,30.138,0,154.7743,0,0,0.1089,9.0,29.877,0,152.3008,0,0,-0.1634,-2.0,-0.2610000000000028,0.0,-2.4735000000000014,0.0,0.0
detached,run_1828,0.1362,9.0,29.796,0,90.7897,0,0,0.0545,4.0,29.288,0,88.5996,0,0,-0.0817,-5.0,-0.5079999999999991,0.0,-2.190100000000001,0.0,0.0
detached,run_1829,0.0,3.0,28.994,0,40.2188,0,0,0.0,0.0,28.526,0,40.4125,0,0,0.0,-3.0,-0.46799999999999997,0.0,0.19369999999999976,0.0,0.0
detached,run_1830,0.0817,5.0,29.52,0,68.5851,0,0,0.0,4.0,29.095,0,66.6894,0,0,-0.0817,-1.0,-0.4250000000000007,0.0,-1.8956999999999908,0.0,0.0
detached,run_1831,0.2723,11.0,30.061,0,186.5593,0,0,0.1089,6.0,29.599,0,180.8779,0,0,-0.1634,-5.0,-0.46199999999999974,0.0,-5.6813999999999965,0.0,0.0
detached,run_1832,0.4902,14.0,30.591,1,111.0538,0,1,0.2996,11.0,30.131,2,104.5519,0,2,-0.19060000000000005,-3.0,-0.46000000000000085,1.0,-6.501899999999992,0.0,1.0
detached,run_1833,0.0817,5.0,29.533,1,19.1156,0,1,0.0,3.0,29.065,1,18.579,0,1,-0.0817,-2.0,-0.46799999999999997,0.0,-0.5366,0.0,0.0
detached,run_1834,0.0,4.0,29.081,0,42.7369,0,0,0.0,2.0,28.802,0,42.5586,0,0,0.0,-2.0,-0.2789999999999999,0.0,-0.17830000000000013,0.0,0.0
detached,run_1835,0.2723,13.0,30.341,1,54.5467,0,1,0.1906,9.0,29.827,4,51.7948,0,4,-0.0817,-4.0,-0.5139999999999993,3.0,-2.751899999999999,0.0,3.0
detached,run_1836,0.9532,20.0,31.005,1,110.4474,0,1,0.5991,15.0,30.556,4,106.5625,0,4,-0.3541000000000001,-5.0,-0.44899999999999807,3.0,-3.884900000000002,0.0,3.0
detached,run_1837,0.2723,11.0,30.287,0,202.2244,0,0,0.1362,10.0,29.872,1,188.2056,0,1,-0.1361,-1.0,-0.41499999999999915,1.0,-14.018799999999999,0.0,1.0
detached,run_1838,1.1166,22.0,31.453,8,357.5269,0,10,0.9804,20.0,30.993,8,367.8704,0,11,-0.1362,-2.0,-0.46000000000000085,0.0,10.343500000000006,0.0,1.0
detached,run_1839,0.3813,12.0,30.506,1,125.0212,0,1,0.2451,10.0,29.998,1,118.7408,0,1,-0.13619999999999996,-2.0,-0.5079999999999991,0.0,-6.2804,0.0,0.0
detached,run_1840,0.354,13.0,30.627,1,110.3464,0,1,0.2451,10.0,30.121,1,108.0636,0,1,-0.10889999999999997,-3.0,-0.5060000000000002,0.0,-2.282800000000009,0.0,0.0
detached,run_1841,0.2723,11.0,30.09,0,147.4968,0,0,0.1089,6.0,29.507,0,140.606,0,0,-0.1634,-5.0,-0.5829999999999984,0.0,-6.890800000000013,0.0,0.0
detached,run_1842,0.2451,10.0,30.01,1,84.3738,0,1,0.0817,5.0,29.561,2,81.4334,0,2,-0.16340000000000002,-5.0,-0.4490000000000016,1.0,-2.940399999999997,0.0,1.0
detached,run_1843,0.0,4.0,29.097,0,54.6989,0,0,0.0,1.0,28.643,0,53.8718,0,0,0.0,-3.0,-0.4540000000000006,0.0,-0.8271000000000015,0.0,0.0
detached,run_1844,0.0545,4.0,29.359,0,125.7781,0,0,0.0,3.0,28.904,0,114.817,0,0,-0.0545,-1.0,-0.45500000000000185,0.0,-10.961100000000002,0.0,0.0
detached,run_1845,0.4357,16.0,30.752,1,215.2494,0,1,0.2996,12.0,30.255,1,201.0546,0,1,-0.1361,-4.0,-0.4969999999999999,0.0,-14.194800000000015,0.0,0.0
detached,run_1846,0.1089,9.0,29.926,0,133.7047,0,0,0.0817,5.0,29.462,0,126.4882,0,0,-0.027200000000000002,-4.0,-0.46399999999999864,0.0,-7.216499999999996,0.0,0.0
detached,run_1847,0.2451,10.0,30.046,1,48.8894,0,1,0.0817,5.0,29.566,1,48.5358,0,1,-0.16340000000000002,-5.0,-0.4800000000000004,0.0,-0.35360000000000014,0.0,0.0
detached,run_1848,0.2996,10.0,30.136,1,59.0575,0,1,0.1089,6.0,29.698,3,56.6987,0,3,-0.19069999999999998,-4.0,-0.43799999999999883,2.0,-2.358799999999995,0.0,2.0
detached,run_1849,0.0,3.0,28.983,0,43.5011,0,0,0.0,0.0,28.62,0,41.6059,0,0,0.0,-3.0,-0.36299999999999955,0.0,-1.8952000000000027,0.0,0.0
detached,run_1850,0.1089,9.0,29.788,0,89.7619,0,0,0.0545,4.0,29.327,0,89.2805,0,0,-0.0544,-5.0,-0.4609999999999985,0.0,-0.4813999999999936,0.0,0.0
detached,run_1851,0.4085,13.0,30.337,0,187.9018,0,0,0.1906,11.0,29.931,1,174.4501,0,1,-0.21789999999999998,-2.0,-0.4059999999999988,1.0,-13.451700000000017,0.0,1.0
detached,run_1852,0.4085,13.0,30.429,0,328.7283,0,0,0.1362,10.0,29.909,1,322.26,0,1,-0.2723,-3.0,-0.5199999999999996,1.0,-6.468299999999999,0.0,1.0
detached,run_1853,0.0817,5.0,29.427,1,43.5837,0,1,0.0,3.0,29.052,1,42.3391,0,1,-0.0817,-2.0,-0.375,0.0,-1.2445999999999984,0.0,0.0
detached,run_1854,0.1089,8.0,29.74,0,78.6907,0,0,0.0545,4.0,29.226,0,76.9132,0,0,-0.0544,-4.0,-0.5139999999999993,0.0,-1.7775000000000034,0.0,0.0
detached,run_1855,0.2451,10.0,30.122,1,69.185,0,1,0.0817,5.0,29.566,1,66.2801,0,1,-0.16340000000000002,-5.0,-0.5560000000000009,0.0,-2.904899999999998,0.0,0.0
detached,run_1856,1.0349,21.0,31.187,1,176.3543,0,1,0.9259,18.0,30.824,2,170.0249,0,2,-0.10899999999999999,-3.0,-0.36299999999999955,1.0,-6.329399999999993,0.0,1.0
detached,run_1857,0.0817,5.0,29.525,0,81.7526,0,0,0.0,4.0,29.151,0,76.2834,0,0,-0.0817,-1.0,-0.3739999999999988,0.0,-5.469200000000001,0.0,0.0
detached,run_1858,0.4085,12.0,30.529,0,140.0709,0,0,0.2723,11.0,30.089,1,134.8203,0,1,-0.1362,-1.0,-0.4400000000000013,1.0,-5.2505999999999915,0.0,1.0
detached,run_1859,0.1634,6.0,29.761,1,35.2067,0,1,0.0,5.0,29.355,1,34.3301,0,1,-0.1634,-1.0,-0.4059999999999988,0.0,-0.8765999999999963,0.0,0.0
detached,run_1860,0.0817,4.0,29.461,0,157.8311,0,0,0.0,4.0,29.075,0,148.4507,0,0,-0.0817,0.0,-0.38599999999999923,0.0,-9.38039999999998,0.0,0.0
detached,run_1861,0.4085,12.0,30.498,1,182.1803,0,1,0.2179,9.0,29.958,1,178.2512,0,1,-0.19059999999999996,-3.0,-0.5400000000000027,0.0,-3.929099999999977,0.0,0.0
detached,run_1862,0.2996,12.0,30.206,7,23.4911,0,7,0.1089,5.0,29.642,8,23.4059,0,8,-0.19069999999999998,-7.0,-0.5640000000000001,1.0,-0.08520000000000039,0.0,1.0
detached,run_1863,0.3813,12.0,30.259,0,62.0064,0,0,0.1906,10.0,29.868,1,59.6312,0,1,-0.19069999999999998,-2.0,-0.3910000000000018,1.0,-2.3751999999999995,0.0,1.0
detached,run_1864,0.3268,11.0,30.23,0,92.1836,0,0,0.1089,9.0,29.73,1,92.5339,0,1,-0.21789999999999998,-2.0,-0.5,1.0,0.3503000000000043,0.0,1.0
detached,run_1865,1.1166,22.0,31.338,5,99.0101,0,6,0.7898,19.0,30.783,7,99.3279,0,7,-0.3268000000000001,-3.0,-0.5549999999999997,2.0,0.3178000000000054,0.0,1.0
detached,run_1866,0.7625,21.0,31.261,1,302.2927,0,1,0.4902,17.0,30.741,1,273.5696,0,1,-0.27229999999999993,-4.0,-0.5199999999999996,0.0,-28.723100000000045,0.0,0.0
detached,run_1867,0.1362,5.0,29.782,1,28.736,0,1,0.0,5.0,29.381,1,28.0542,0,1,-0.1362,0.0,-0.4009999999999998,0.0,-0.6817999999999991,0.0,0.0
detached,run_1868,0.0272,4.0,29.194,0,34.2933,0,0,0.0,0.0,28.696,0,33.8297,0,0,-0.0272,-4.0,-0.49799999999999756,0.0,-0.46359999999999957,0.0,0.0
detached,run_1869,0.1089,6.0,29.618,0,93.9342,0,0,0.0545,4.0,29.181,0,94.0561,0,0,-0.0544,-2.0,-0.4369999999999976,0.0,0.12189999999999657,0.0,0.0
detached,run_1870,1.1438,22.0,31.573,1,282.7246,0,1,1.0349,20.0,31.009,2,269.3718,0,2,-0.1089,-2.0,-0.5640000000000001,1.0,-13.352800000000002,0.0,1.0
detached,run_1871,0.8987,20.0,31.227,6,398.3534,0,7,0.7081,18.0,30.816,3,399.5322,0,3,-0.1906000000000001,-2.0,-0.41100000000000136,-3.0,1.178799999999967,0.0,-4.0
detached,run_1872,0.463,14.0,30.575,0,248.6242,0,0,0.3268,12.0,30.13,1,234.2273,0,1,-0.13620000000000004,-2.0,-0.4450000000000003,1.0,-14.396899999999988,0.0,1.0
detached,run_1873,0.4902,14.0,30.605,1,43.7545,0,1,0.2723,12.0,30.176,4,41.9695,0,4,-0.21790000000000004,-2.0,-0.42900000000000205,3.0,-1.7850000000000037,0.0,3.0
detached,run_1874,0.1089,5.0,29.703,1,16.2181,0,1,0.0,4.0,29.221,2,15.9522,0,2,-0.1089,-1.0,-0.4819999999999993,1.0,-0.26590000000000025,0.0,1.0
detached,run_1875,0.1089,7.0,29.651,0,71.3658,0,0,0.0,4.0,29.122,0,70.0527,0,0,-0.1089,-3.0,-0.5289999999999999,0.0,-1.3130999999999915,0.0,0.0
detached,run_1876,0.3268,11.0,30.262,1,71.7733,0,1,0.1634,9.0,29.799,1,69.5588,0,1,-0.1634,-2.0,-0.46300000000000097,0.0,-2.214500000000001,0.0,0.0
detached,run_1877,0.0817,5.0,29.57,0,42.5685,0,0,0.0,4.0,29.134,0,41.495,0,0,-0.0817,-1.0,-0.43599999999999994,0.0,-1.0735000000000028,0.0,0.0
detached,run_1878,0.3813,12.0,30.243,0,112.463,0,0,0.1089,9.0,29.758,1,109.4942,0,1,-0.2724,-3.0,-0.48499999999999943,1.0,-2.9687999999999874,0.0,1.0
detached,run_1879,0.1089,8.0,29.744,0,88.8338,0,0,0.0545,5.0,29.382,0,86.5841,0,0,-0.0544,-3.0,-0.3619999999999983,0.0,-2.24969999999999,0.0,0.0
detached,run_1880,0.354,12.0,30.181,1,82.5369,0,1,0.1362,9.0,29.745,1,79.6257,0,1,-0.2178,-3.0,-0.43599999999999994,0.0,-2.911200000000008,0.0,0.0
detached,run_1881,0.2996,13.0,30.526,1,122.9868,0,1,0.2451,9.0,30.024,2,119.0841,0,2,-0.054499999999999965,-4.0,-0.5019999999999989,1.0,-3.902699999999996,0.0,1.0
detached,run_1882,0.0272,5.0,29.396,1,21.9143,0,1,0.0,3.0,28.973,1,21.2134,0,1,-0.0272,-2.0,-0.4230000000000018,0.0,-0.7009000000000007,0.0,0.0
detached,run_1883,0.4085,16.0,30.727,0,210.2838,0,0,0.2996,12.0,30.288,1,194.4526,0,1,-0.1089,-4.0,-0.43900000000000006,1.0,-15.831200000000024,0.0,1.0
detached,run_1884,0.7625,18.0,30.959,1,170.0106,0,1,0.3813,12.0,30.375,2,165.9901,0,2,-0.3812,-6.0,-0.5839999999999996,1.0,-4.020499999999998,0.0,1.0
detached,run_1885,0.0545,5.0,29.379,0,51.3092,0,0,0.0,3.0,28.892,0,50.6443,0,0,-0.0545,-2.0,-0.4870000000000019,0.0,-0.6648999999999958,0.0,0.0
detached,run_1886,0.2451,11.0,30.177,0,298.7528,0,0,0.1089,9.0,29.813,1,276.8977,0,1,-0.13620000000000002,-2.0,-0.36400000000000077,1.0,-21.855099999999993,0.0,1.0
detached,run_1887,0.4902,14.0,30.682,1,169.5876,0,1,0.3268,11.0,30.233,2,160.396,0,2,-0.16340000000000005,-3.0,-0.44899999999999807,1.0,-9.191600000000022,0.0,1.0
detached,run_1888,0.354,12.0,30.22,0,103.4012,0,0,0.1634,9.0,29.821,1,101.2322,0,1,-0.1906,-3.0,-0.39899999999999736,1.0,-2.168999999999997,0.0,1.0
detached,run_1889,0.8715,20.0,31.248,1,340.4852,0,1,0.7081,18.0,30.746,2,333.0596,0,2,-0.1634000000000001,-2.0,-0.5020000000000024,1.0,-7.425600000000031,0.0,1.0
detached,run_1890,0.0817,4.0,29.385,0,60.0597,0,0,0.0,3.0,29.0,0,60.1814,0,0,-0.0817,-1.0,-0.38500000000000156,0.0,0.12169999999999703,0.0,0.0
detached,run_1891,0.0,2.0,28.962,0,31.2509,0,0,0.0,0.0,28.686,0,31.531,0,0,0.0,-2.0,-0.2759999999999998,0.0,0.28009999999999735,0.0,0.0
detached,run_1892,0.2451,10.0,30.095,0,223.4664,0,0,0.1089,6.0,29.684,1,216.2086,0,1,-0.13620000000000002,-4.0,-0.4109999999999978,1.0,-7.257800000000003,0.0,1.0
detached,run_1893,0.0545,4.0,29.255,0,51.1825,0,0,0.0,2.0,28.834,0,50.4479,0,0,-0.0545,-2.0,-0.4209999999999994,0.0,-0.7346000000000004,0.0,0.0
detached,run_1894,0.1906,8.0,29.744,0,46.2993,0,0,0.0817,5.0,29.373,1,45.234,0,1,-0.1089,-3.0,-0.37099999999999866,1.0,-1.0653000000000006,0.0,1.0
detached,run_1895,0.1089,6.0,29.632,0,90.3104,0,0,0.0,4.0,29.237,0,88.1226,0,0,-0.1089,-2.0,-0.3950000000000031,0.0,-2.1877999999999957,0.0,0.0
detached,run_1896,0.4357,11.0,30.483,1,53.3822,0,1,0.2451,9.0,29.915,1,53.2093,0,1,-0.19059999999999996,-2.0,-0.5680000000000014,0.0,-0.1728999999999985,0.0,0.0
detached,run_1897,0.463,14.0,30.631,1,340.5725,0,1,0.354,12.0,30.13,1,323.0269,0,1,-0.10900000000000004,-2.0,-0.5010000000000012,0.0,-17.54559999999998,0.0,0.0
detached,run_1898,0.6536,19.0,30.978,1,231.1368,0,1,0.4085,14.0,30.46,1,227.0563,0,1,-0.24509999999999998,-5.0,-0.5180000000000007,0.0,-4.080500000000001,0.0,0.0
detached,run_1899,0.3813,12.0,30.237,0,204.425,0,0,0.1906,9.0,29.828,1,194.643,0,1,-0.19069999999999998,-3.0,-0.4089999999999989,1.0,-9.78200000000001,0.0,1.0
detached,run_1900,0.0,0.0,28.587,0,32.2824,0,0,0.0,0.0,28.193,0,32.2534,0,0,0.0,0.0,-0.39399999999999835,0.0,-0.029000000000003467,0.0,0.0
detached,run_1901,0.2451,10.0,29.962,1,86.1298,0,1,0.0817,5.0,29.467,1,82.4127,0,1,-0.16340000000000002,-5.0,-0.495000000000001,0.0,-3.717100000000002,0.0,0.0
detached,run_1902,0.3813,12.0,30.364,0,205.4669,0,0,0.1362,9.0,29.792,1,194.441,0,1,-0.24509999999999998,-3.0,-0.5719999999999992,1.0,-11.025900000000007,0.0,1.0
detached,run_1903,0.0,4.0,29.104,0,51.7779,0,0,0.0,2.0,28.691,0,50.3429,0,0,0.0,-2.0,-0.41300000000000026,0.0,-1.4350000000000023,0.0,0.0
detached,run_1904,0.2451,11.0,30.078,0,71.8655,0,0,0.1089,6.0,29.539,0,71.1625,0,0,-0.13620000000000002,-5.0,-0.5389999999999979,0.0,-0.703000000000003,0.0,0.0
detached,run_1905,0.3268,11.0,30.322,0,157.901,0,0,0.1089,9.0,29.789,0,145.4388,0,0,-0.21789999999999998,-2.0,-0.5329999999999977,0.0,-12.462200000000024,0.0,0.0
detached,run_1906,0.3813,12.0,30.338,1,168.2206,0,1,0.1362,9.0,29.782,1,157.9212,0,1,-0.24509999999999998,-3.0,-0.5560000000000009,0.0,-10.299399999999991,0.0,0.0
detached,run_1907,0.3813,12.0,30.404,1,151.3006,0,1,0.2179,10.0,29.942,1,144.2198,0,1,-0.16339999999999996,-2.0,-0.46199999999999974,0.0,-7.080800000000011,0.0,0.0
detached,run_1908,0.0545,4.0,29.354,0,68.5961,0,0,0.0,3.0,28.877,0,65.7581,0,0,-0.0545,-1.0,-0.4770000000000003,0.0,-2.838000000000008,0.0,0.0
detached,run_1909,0.1906,9.0,29.881,0,106.7681,0,0,0.0817,5.0,29.378,0,105.5104,0,0,-0.1089,-4.0,-0.5030000000000001,0.0,-1.2576999999999998,0.0,0.0
detached,run_1910,0.0545,4.0,29.22,0,56.7299,0,0,0.0,2.0,28.806,0,56.4346,0,0,-0.0545,-2.0,-0.4139999999999979,0.0,-0.29529999999999745,0.0,0.0
detached,run_1911,0.0,0.0,28.583,0,19.2705,0,0,0.0,0.0,28.133,0,18.61,0,0,0.0,0.0,-0.4499999999999993,0.0,-0.660499999999999,0.0,0.0
detached,run_1912,0.5719,16.0,30.562,3,87.3061,0,6,0.2996,10.0,30.018,3,83.6025,0,5,-0.2723,-6.0,-0.5440000000000005,0.0,-3.7035999999999945,0.0,-1.0
detached,run_1913,0.0,4.0,29.034,0,38.4659,0,0,0.0,0.0,28.626,0,38.0572,0,0,0.0,-4.0,-0.4079999999999977,0.0,-0.40869999999999607,0.0,0.0
detached,run_1914,0.817,21.0,31.217,1,82.3661,0,1,0.7353,18.0,30.806,4,78.7659,0,4,-0.0817,-3.0,-0.4109999999999978,3.0,-3.600200000000001,0.0,3.0
detached,run_1915,0.4085,13.0,30.447,4,81.6964,0,4,0.2451,10.0,29.998,8,81.7595,0,8,-0.16339999999999996,-3.0,-0.44899999999999807,4.0,0.06310000000000571,0.0,4.0
detached,run_1916,0.0,4.0,29.117,0,25.7629,0,0,0.0,0.0,28.672,0,25.8871,0,0,0.0,-4.0,-0.4450000000000003,0.0,0.12420000000000186,0.0,0.0
detached,run_1917,0.1362,8.0,29.734,0,59.0596,0,0,0.0545,5.0,29.194,0,57.7401,0,0,-0.0817,-3.0,-0.5400000000000027,0.0,-1.319500000000005,0.0,0.0
detached,run_1918,0.0545,5.0,29.387,0,61.9811,0,0,0.0,3.0,28.93,0,61.8847,0,0,-0.0545,-2.0,-0.45700000000000074,0.0,-0.0963999999999956,0.0,0.0
detached,run_1919,0.2723,11.0,30.064,6,45.5589,0,6,0.1089,6.0,29.645,8,45.2012,0,8,-0.1634,-5.0,-0.4190000000000005,2.0,-0.35770000000000124,0.0,2.0
detached,run_1920,0.9804,22.0,31.33,2,140.1371,0,2,0.9532,21.0,31.053,6,139.5816,0,6,-0.027200000000000002,-1.0,-0.27699999999999747,4.0,-0.555499999999995,0.0,4.0
detached,run_1921,0.2723,11.0,30.266,0,217.9961,0,0,0.1089,8.0,29.699,1,213.8185,0,1,-0.1634,-3.0,-0.5669999999999966,1.0,-4.177600000000012,0.0,1.0
detached,run_1922,0.2451,12.0,30.152,4,26.1354,0,4,0.1089,5.0,29.567,5,25.7074,0,5,-0.13620000000000002,-7.0,-0.5850000000000009,1.0,-0.4280000000000008,0.0,1.0
detached,run_1923,0.2451,10.0,30.07,1,54.6739,0,1,0.0817,5.0,29.572,2,53.9613,0,2,-0.16340000000000002,-5.0,-0.4980000000000011,1.0,-0.7126000000000019,0.0,1.0
detached,run_1924,0.0,3.0,28.994,0,39.5688,0,0,0.0,0.0,28.651,0,39.438,0,0,0.0,-3.0,-0.34299999999999997,0.0,-0.1308000000000007,0.0,0.0
detached,run_1925,0.354,12.0,30.346,1,72.0422,0,1,0.1634,9.0,29.765,1,69.7154,0,1,-0.1906,-3.0,-0.5809999999999995,0.0,-2.3267999999999915,0.0,0.0
detached,run_1926,0.2996,13.0,30.52,1,88.3657,0,1,0.1634,9.0,29.936,1,85.2484,0,1,-0.1362,-4.0,-0.5839999999999996,0.0,-3.1173,0.0,0.0
detached,run_1927,0.4902,16.0,30.798,1,92.7934,0,1,0.2451,10.0,30.179,2,88.8998,0,2,-0.2451,-6.0,-0.6189999999999998,1.0,-3.8936000000000064,0.0,1.0
detached,run_1928,0.1634,10.0,29.968,0,127.5811,0,0,0.0817,5.0,29.458,0,125.9952,0,0,-0.0817,-5.0,-0.5100000000000016,0.0,-1.5859000000000094,0.0,0.0
detached,run_1929,0.1362,9.0,29.851,0,78.7716,0,0,0.0545,4.0,29.239,0,77.3651,0,0,-0.0817,-5.0,-0.6119999999999983,0.0,-1.4065000000000083,0.0,0.0
detached,run_1930,0.9532,22.0,31.279,4,349.7839,0,5,0.6808,18.0,30.818,2,348.4864,0,2,-0.2724000000000001,-4.0,-0.4609999999999985,-2.0,-1.2975000000000136,0.0,-3.0
detached,run_1931,0.2723,11.0,30.148,1,90.4465,0,1,0.1634,7.0,29.756,1,87.9953,0,2,-0.1089,-4.0,-0.39199999999999946,0.0,-2.4512,0.0,1.0
detached,run_1932,0.5174,12.0,30.378,1,141.1334,0,1,0.2723,9.0,29.924,1,135.6783,0,1,-0.24509999999999998,-3.0,-0.4540000000000006,0.0,-5.455099999999987,0.0,0.0
detached,run_1933,0.6808,19.0,31.149,1,252.6836,0,1,0.4085,12.0,30.501,1,239.5549,0,1,-0.2723,-7.0,-0.6479999999999997,0.0,-13.12870000000001,0.0,0.0
detached,run_1934,0.2996,11.0,30.425,1,180.4154,0,1,0.1362,10.0,29.886,1,173.8275,0,1,-0.1634,-1.0,-0.5390000000000015,0.0,-6.587900000000019,0.0,0.0
detached,run_1935,0.1362,10.0,30.034,0,105.1532,0,0,0.0817,5.0,29.572,0,103.2838,0,0,-0.05449999999999999,-5.0,-0.46199999999999974,0.0,-1.8693999999999988,0.0,0.0
detached,run_1936,0.4085,12.0,30.328,0,81.4814,0,0,0.1634,10.0,29.789,1,77.6206,0,1,-0.24509999999999998,-2.0,-0.5389999999999979,1.0,-3.8607999999999976,0.0,1.0
detached,run_1937,0.4357,15.0,30.664,1,141.8853,0,1,0.2723,11.0,30.13,1,140.8088,0,1,-0.1634,-4.0,-0.5340000000000025,0.0,-1.07650000000001,0.0,0.0
detached,run_1938,0.1362,9.0,29.891,0,79.3891,0,0,0.0817,5.0,29.399,0,77.7689,0,0,-0.05449999999999999,-4.0,-0.49199999999999733,0.0,-1.620199999999997,0.0,0.0
detached,run_1939,0.2723,12.0,30.139,1,189.0113,0,1,0.1089,7.0,29.63,1,179.1032,0,1,-0.1634,-5.0,-0.5090000000000003,0.0,-9.908100000000019,0.0,0.0
detached,run_1940,0.4902,16.0,30.689,1,179.0511,0,1,0.2996,11.0,30.204,3,176.5998,0,3,-0.19060000000000005,-5.0,-0.48499999999999943,2.0,-2.4513000000000034,0.0,2.0
detached,run_1941,1.7974,26.0,31.885,1,389.4369,0,1,1.4434,22.0,31.401,3,402.0535,0,3,-0.3540000000000001,-4.0,-0.48400000000000176,2.0,12.616600000000005,0.0,2.0
detached,run_1942,0.3813,12.0,30.255,1,122.1165,0,1,0.1906,10.0,29.821,1,118.3975,0,1,-0.19069999999999998,-2.0,-0.4339999999999975,0.0,-3.7190000000000083,0.0,0.0
detached,run_1943,0.3813,12.0,30.221,0,243.1502,0,0,0.1362,9.0,29.706,1,233.4121,0,1,-0.24509999999999998,-3.0,-0.5150000000000006,1.0,-9.738100000000003,0.0,1.0
detached,run_1944,0.1634,9.0,29.858,0,71.6322,0,0,0.0545,5.0,29.329,0,68.4484,0,0,-0.1089,-4.0,-0.5289999999999999,0.0,-3.183799999999991,0.0,0.0
detached,run_1945,0.1089,6.0,29.638,0,77.2332,0,0,0.0545,4.0,29.185,0,76.8067,0,0,-0.0544,-2.0,-0.45300000000000296,0.0,-0.4264999999999901,0.0,0.0
detached,run_1946,0.0,4.0,29.058,1,67.9874,0,1,0.0,0.0,28.67,2,67.9787,0,2,0.0,-4.0,-0.3879999999999981,1.0,-0.008699999999990382,0.0,1.0
detached,run_1947,0.6808,19.0,30.957,2,167.4969,0,2,0.4902,14.0,30.474,4,166.721,0,4,-0.19059999999999994,-5.0,-0.48300000000000054,2.0,-0.7759000000000071,0.0,2.0
detached,run_1948,0.1634,10.0,29.893,0,120.486,0,0,0.0817,5.0,29.412,0,114.0788,0,0,-0.0817,-5.0,-0.48100000000000165,0.0,-6.407200000000003,0.0,0.0
detached,run_1949,0.354,11.0,30.14,1,99.3061,0,1,0.2179,9.0,29.814,2,95.5985,0,2,-0.13609999999999997,-2.0,-0.3260000000000005,1.0,-3.7075999999999993,0.0,1.0
detached,run_1950,0.354,11.0,30.313,0,255.8201,0,0,0.1089,9.0,29.815,1,232.0879,0,1,-0.24509999999999998,-2.0,-0.49799999999999756,1.0,-23.732200000000006,0.0,1.0
detached,run_1951,0.4085,14.0,30.562,1,260.5853,0,1,0.2996,12.0,30.211,1,249.413,0,1,-0.1089,-2.0,-0.35100000000000264,0.0,-11.172300000000007,0.0,0.0
detached,run_1952,0.0545,4.0,29.287,0,69.8305,0,0,0.0,3.0,28.848,0,69.9179,0,0,-0.0545,-1.0,-0.43900000000000006,0.0,0.08740000000000236,0.0,0.0
detached,run_1953,0.2179,10.0,29.972,0,112.9106,0,0,0.0817,5.0,29.419,1,107.8942,0,1,-0.13620000000000002,-5.0,-0.5530000000000008,1.0,-5.016400000000004,0.0,1.0
detached,run_1954,0.1362,9.0,29.748,0,84.7696,0,0,0.0545,5.0,29.304,0,82.9002,0,0,-0.0817,-4.0,-0.4440000000000026,0.0,-1.8693999999999988,0.0,0.0
detached,run_1955,0.4085,12.0,30.49,1,295.4029,0,1,0.2723,10.0,29.992,1,292.9018,0,1,-0.1362,-2.0,-0.49799999999999756,0.0,-2.501100000000008,0.0,0.0
detached,run_1956,0.0,0.0,28.827,1,24.8761,0,1,0.0,0.0,28.446,1,25.0021,0,1,0.0,0.0,-0.3810000000000002,0.0,0.12599999999999767,0.0,0.0
detached,run_1957,0.0545,4.0,29.257,0,52.9969,0,0,0.0,2.0,28.794,0,50.8434,0,0,-0.0545,-2.0,-0.46300000000000097,0.0,-2.153499999999994,0.0,0.0
detached,run_1958,0.3813,12.0,30.428,0,157.1969,0,0,0.1089,9.0,29.891,0,150.264,0,0,-0.2724,-3.0,-0.5370000000000026,0.0,-6.932899999999989,0.0,0.0
detached,run_1959,0.0,3.0,28.859,0,20.7471,0,0,0.0,0.0,28.447,0,20.089,0,0,0.0,-3.0,-0.4120000000000026,0.0,-0.658100000000001,0.0,0.0
detached,run_1960,0.0545,4.0,29.256,0,55.6696,0,0,0.0,2.0,28.804,0,54.4512,0,0,-0.0545,-2.0,-0.45200000000000173,0.0,-1.2184000000000026,0.0,0.0
detached,run_1961,0.6808,17.0,30.763,1,62.4104,0,1,0.4085,13.0,30.349,4,60.8674,0,4,-0.2723,-4.0,-0.4140000000000015,3.0,-1.5429999999999993,0.0,3.0
detached,run_1962,0.1362,9.0,29.903,0,163.7392,0,0,0.0817,5.0,29.427,0,155.5926,0,0,-0.05449999999999999,-4.0,-0.4759999999999991,0.0,-8.146600000000007,0.0,0.0
detached,run_1963,0.0545,4.0,29.161,0,64.1073,0,0,0.0,3.0,28.885,0,63.355,0,0,-0.0545,-1.0,-0.2759999999999998,0.0,-0.7522999999999982,0.0,0.0
detached,run_1964,0.1906,9.0,29.878,1,35.4423,0,1,0.0272,5.0,29.418,1,34.5429,0,1,-0.1634,-4.0,-0.46000000000000085,0.0,-0.8994,0.0,0.0
detached,run_1965,0.0817,5.0,29.508,0,63.6376,0,0,0.0,4.0,29.133,0,61.3097,0,0,-0.0817,-1.0,-0.375,0.0,-2.3278999999999996,0.0,0.0
detached,run_1966,0.1089,5.0,29.728,1,34.2338,0,1,0.0,5.0,29.307,2,33.6497,0,2,-0.1089,0.0,-0.4210000000000029,1.0,-0.5840999999999994,0.0,1.0
detached,run_1967,0.1089,8.0,29.703,0,81.0414,0,0,0.0545,4.0,29.181,0,77.6728,0,0,-0.0544,-4.0,-0.5219999999999985,0.0,-3.3686000000000007,0.0,0.0
detached,run_1968,0.1089,8.0,29.699,0,150.8485,0,0,0.0545,4.0,29.261,0,141.7225,0,0,-0.0544,-4.0,-0.4380000000000024,0.0,-9.126000000000005,0.0,0.0
detached,run_1969,0.3813,12.0,30.44,1,120.7406,0,1,0.2451,10.0,29.948,1,116.1652,0,1,-0.13619999999999996,-2.0,-0.4920000000000009,0.0,-4.575400000000002,0.0,0.0
detached,run_1970,0.0545,4.0,29.346,0,87.5616,0,0,0.0,3.0,28.872,0,83.1421,0,0,-0.0545,-1.0,-0.4740000000000002,0.0,-4.419499999999999,0.0,0.0
detached,run_1971,0.2451,10.0,30.007,0,124.0569,0,0,0.0817,6.0,29.546,1,120.1653,0,1,-0.16340000000000002,-4.0,-0.4610000000000021,1.0,-3.891599999999997,0.0,1.0
detached,run_1972,0.0817,5.0,29.468,0,55.8194,0,0,0.0,3.0,29.023,0,54.8768,0,0,-0.0817,-2.0,-0.4450000000000003,0.0,-0.9425999999999988,0.0,0.0
detached,run_1973,0.0817,5.0,29.474,0,48.0249,0,0,0.0,3.0,28.953,0,47.7183,0,0,-0.0817,-2.0,-0.5210000000000008,0.0,-0.3066000000000031,0.0,0.0
detached,run_1974,0.0817,5.0,29.471,0,70.6601,0,0,0.0,4.0,29.054,0,68.9872,0,0,-0.0817,-1.0,-0.4170000000000016,0.0,-1.6728999999999985,0.0,0.0
detached,run_1975,0.2451,10.0,30.048,0,90.6708,0,0,0.1089,7.0,29.575,0,89.19,0,0,-0.13620000000000002,-3.0,-0.472999999999999,0.0,-1.4808000000000021,0.0,0.0
detached,run_1976,0.2723,11.0,30.284,0,211.572,0,0,0.1089,9.0,29.84,1,201.5569,0,1,-0.1634,-2.0,-0.44399999999999906,1.0,-10.01509999999999,0.0,1.0
detached,run_1977,0.0,3.0,28.937,0,24.623,0,0,0.0,0.0,28.578,0,23.9906,0,0,0.0,-3.0,-0.35900000000000176,0.0,-0.6324000000000005,0.0,0.0
detached,run_1978,0.0,3.0,28.848,0,39.4505,0,0,0.0,0.0,28.428,0,39.6291,0,0,0.0,-3.0,-0.41999999999999815,0.0,0.17860000000000298,0.0,0.0
detached,run_1979,0.2723,11.0,30.115,1,59.0198,0,1,0.0817,5.0,29.615,2,58.8766,0,2,-0.1906,-6.0,-0.5,1.0,-0.1431999999999931,0.0,1.0
detached,run_1980,0.0545,4.0,29.301,0,53.9395,0,0,0.0,2.0,28.819,0,51.7962,0,0,-0.0545,-2.0,-0.4819999999999993,0.0,-2.1433000000000035,0.0,0.0
detached,run_1981,0.0545,4.0,29.194,0,84.3129,0,0,0.0,3.0,28.841,0,83.2826,0,0,-0.0545,-1.0,-0.352999999999998,0.0,-1.0302999999999969,0.0,0.0
detached,run_1982,0.3813,12.0,30.12,0,89.4224,0,0,0.1089,6.0,29.564,0,85.2677,0,0,-0.2724,-6.0,-0.5560000000000009,0.0,-4.154699999999991,0.0,0.0
detached,run_1983,1.6612,27.0,31.815,3,78.9437,0,3,1.5795,23.0,31.41,7,76.5963,0,7,-0.0817000000000001,-4.0,-0.40500000000000114,4.0,-2.3474000000000075,0.0,4.0
detached,run_1984,0.0545,5.0,29.382,0,78.9076,0,0,0.0,3.0,28.926,0,74.7517,0,0,-0.0545,-2.0,-0.45600000000000307,0.0,-4.155900000000003,0.0,0.0
detached,run_1985,0.1089,5.0,29.496,0,81.7929,0,0,0.0,4.0,29.063,0,80.2929,0,0,-0.1089,-1.0,-0.43299999999999983,0.0,-1.5,0.0,0.0
detached,run_1986,0.1089,8.0,29.761,0,118.425,0,0,0.0545,5.0,29.319,0,112.9421,0,0,-0.0544,-3.0,-0.44200000000000017,0.0,-5.482900000000001,0.0,0.0
detached,run_1987,0.1906,9.0,29.868,1,105.9936,0,1,0.0817,5.0,29.522,1,105.4613,0,1,-0.1089,-4.0,-0.3460000000000001,0.0,-0.5323000000000064,0.0,0.0
detached,run_1988,1.2527,22.0,31.515,13,469.3767,0,15,1.171,22.0,31.252,12,480.9825,0,23,-0.08169999999999988,0.0,-0.2630000000000017,-1.0,11.605799999999988,0.0,8.0
detached,run_1989,0.0,5.0,29.124,0,65.9007,0,0,0.0,0.0,28.717,0,65.9549,0,0,0.0,-5.0,-0.40700000000000003,0.0,0.054199999999994475,0.0,0.0
detached,run_1990,0.3813,12.0,30.605,1,70.0667,0,1,0.2451,10.0,30.109,1,63.4197,0,1,-0.13619999999999996,-2.0,-0.49599999999999866,0.0,-6.6469999999999985,0.0,0.0
detached,run_1991,0.1906,10.0,30.091,1,95.1733,0,1,0.1089,5.0,29.632,1,89.4034,0,1,-0.0817,-5.0,-0.45899999999999963,0.0,-5.769899999999993,0.0,0.0
detached,run_1992,0.817,19.0,30.978,9,47.893,0,9,0.4902,14.0,30.39,15,46.5875,0,15,-0.3267999999999999,-5.0,-0.588000000000001,6.0,-1.305500000000002,0.0,6.0
detached,run_1993,0.8987,20.0,31.228,2,93.1671,0,2,0.5719,17.0,30.681,6,93.1054,0,6,-0.3268000000000001,-3.0,-0.5470000000000006,4.0,-0.061700000000001864,0.0,4.0
detached,run_1994,0.2179,7.0,29.811,4,14.4511,0,4,0.0272,5.0,29.271,7,14.2025,0,7,-0.1907,-2.0,-0.5399999999999991,3.0,-0.2485999999999997,0.0,3.0
detached,run_1995,0.0,2.0,28.907,0,20.8671,0,0,0.0,0.0,28.579,0,20.8495,0,0,0.0,-2.0,-0.3279999999999994,0.0,-0.017600000000001614,0.0,0.0
detached,run_1996,0.9259,21.0,31.367,1,181.674,0,1,0.5719,18.0,30.74,1,175.1375,0,1,-0.354,-3.0,-0.6270000000000024,0.0,-6.536500000000018,0.0,0.0
detached,run_1997,0.0545,4.0,29.225,0,52.2804,0,0,0.0,2.0,28.76,0,52.2899,0,0,-0.0545,-2.0,-0.46499999999999986,0.0,0.009500000000002728,0.0,0.0
detached,run_1998,0.1362,9.0,29.88,0,113.9678,0,0,0.0817,5.0,29.473,0,111.8136,0,0,-0.05449999999999999,-4.0,-0.40700000000000003,0.0,-2.154200000000003,0.0,0.0
detached,run_1999,0.0,3.0,29.074,0,52.178,0,0,0.0,1.0,28.65,0,52.1149,0,0,0.0,-2.0,-0.42400000000000304,0.0,-0.0630999999999986,0.0,0.0
semi,run_0000,0.1362,9.0,29.761,2,48.3434,0,2,0.0272,5.0,29.201,1,48.3447,0,1,-0.10899999999999999,-4.0,-0.5599999999999987,-1.0,0.001300000000000523,0.0,-1.0
semi,run_0001,0.1089,8.0,29.731,0,39.4176,0,0,0.0,4.0,29.152,1,39.0209,0,1,-0.1089,-4.0,-0.5790000000000006,1.0,-0.3967000000000027,0.0,1.0
semi,run_0002,0.1089,6.0,29.699,2,49.1645,0,2,0.0,4.0,29.211,2,49.0628,0,2,-0.1089,-2.0,-0.4880000000000031,0.0,-0.1016999999999939,0.0,0.0
semi,run_0003,0.0,3.0,28.953,0,30.7962,0,0,0.0,0.0,28.413,1,30.6585,0,1,0.0,-3.0,-0.5399999999999991,1.0,-0.13769999999999882,0.0,1.0
semi,run_0004,0.2451,10.0,30.091,1,134.6655,0,1,0.0817,5.0,29.573,1,126.2059,0,1,-0.16340000000000002,-5.0,-0.5180000000000007,0.0,-8.459600000000009,0.0,0.0
semi,run_0005,0.2451,11.0,29.949,3,58.0271,0,3,0.0817,5.0,29.471,1,52.3216,0,1,-0.16340000000000002,-6.0,-0.47800000000000153,-2.0,-5.705500000000001,0.0,-2.0
semi,run_0006,0.2179,10.0,29.985,0,89.6368,0,0,0.0817,5.0,29.491,0,84.3469,0,0,-0.13620000000000002,-5.0,-0.4939999999999998,0.0,-5.289899999999989,0.0,0.0
semi,run_0007,0.9259,17.0,30.807,6,79.5531,0,7,0.5447,16.0,30.55,9,77.3176,0,9,-0.3812,-1.0,-0.2569999999999979,3.0,-2.235500000000002,0.0,2.0
semi,run_0008,0.1634,10.0,29.957,0,139.899,0,0,0.1089,6.0,29.637,0,126.9592,0,0,-0.05449999999999999,-4.0,-0.3200000000000003,0.0,-12.939800000000005,0.0,0.0
semi,run_0009,0.7625,14.0,30.706,11,409.709,0,36,0.4085,12.0,30.184,3,423.0031,0,23,-0.354,-2.0,-0.5219999999999985,-8.0,13.294100000000014,0.0,-13.0
semi,run_0010,0.0545,4.0,29.411,0,87.7473,0,0,0.0,2.0,28.827,0,84.9613,0,0,-0.0545,-2.0,-0.5839999999999996,0.0,-2.7860000000000014,0.0,0.0
semi,run_0011,1.171,19.0,31.09,10,163.0794,0,194,0.5719,14.0,30.472,20,166.4632,0,270,-0.5991000000000001,-5.0,-0.6179999999999986,10.0,3.383800000000008,0.0,76.0
semi,run_0012,0.1089,6.0,29.666,0,56.85,0,0,0.0545,5.0,29.246,1,57.4319,0,1,-0.0544,-1.0,-0.4200000000000017,1.0,0.5818999999999974,0.0,1.0
semi,run_0013,0.0817,5.0,29.616,1,50.3301,0,1,0.0,3.0,29.082,1,50.2502,0,1,-0.0817,-2.0,-0.5339999999999989,0.0,-0.07990000000000208,0.0,0.0
semi,run_0014,0.0545,4.0,29.186,0,37.9098,0,0,0.0,2.0,28.725,0,38.2187,0,0,-0.0545,-2.0,-0.4609999999999985,0.0,0.3089000000000013,0.0,0.0
semi,run_0015,0.1089,8.0,29.705,0,277.9104,0,0,0.0817,6.0,29.421,0,253.9956,0,0,-0.027200000000000002,-2.0,-0.2839999999999989,0.0,-23.914799999999985,0.0,0.0
semi,run_0016,0.2451,9.0,29.981,1,50.6338,0,1,0.0817,5.0,29.329,2,47.5275,0,2,-0.16340000000000002,-4.0,-0.652000000000001,1.0,-3.1062999999999974,0.0,1.0
semi,run_0017,0.0,4.0,29.417,10,15.7164,0,10,0.0,0.0,28.781,6,15.5838,0,6,0.0,-4.0,-0.6360000000000028,-4.0,-0.13260000000000005,0.0,-4.0
semi,run_0018,0.0545,5.0,29.163,1,32.215,0,1,0.0,0.0,28.676,0,33.9057,0,0,-0.0545,-5.0,-0.4870000000000019,-1.0,1.6906999999999996,0.0,-1.0
semi,run_0019,0.0817,5.0,29.441,1,36.958,0,1,0.0,3.0,28.957,0,34.9115,0,0,-0.0817,-2.0,-0.4839999999999982,-1.0,-2.0465000000000018,0.0,-1.0
semi,run_0020,0.2179,9.0,29.881,2,41.125,0,2,0.0817,5.0,29.276,1,40.4388,0,1,-0.13620000000000002,-4.0,-0.6050000000000004,-1.0,-0.6861999999999995,0.0,-1.0
semi,run_0021,0.2996,11.0,30.309,1,90.0257,0,1,0.1089,7.0,29.677,1,94.7442,0,1,-0.19069999999999998,-4.0,-0.6320000000000014,0.0,4.718500000000006,0.0,0.0
semi,run_0022,0.5174,12.0,30.235,18,12.7113,0,19,0.1362,7.0,29.579,13,12.6797,0,13,-0.3812,-5.0,-0.6559999999999988,-5.0,-0.031599999999999184,0.0,-6.0
semi,run_0023,0.0545,5.0,29.252,0,47.5517,0,0,0.0,3.0,28.838,0,46.7701,0,0,-0.0545,-2.0,-0.4139999999999979,0.0,-0.7815999999999974,0.0,0.0
semi,run_0024,0.1089,8.0,29.695,0,66.1252,0,0,0.0545,4.0,29.177,0,67.2112,0,0,-0.0544,-4.0,-0.5180000000000007,0.0,1.0859999999999985,0.0,0.0
semi,run_0025,0.3813,12.0,30.095,0,66.9996,0,0,0.1089,7.0,29.618,1,64.0327,0,1,-0.2724,-5.0,-0.4770000000000003,1.0,-2.9668999999999954,0.0,1.0
semi,run_0026,0.0,5.0,29.366,2,13.8771,0,2,0.0,0.0,28.782,2,14.172,0,2,0.0,-5.0,-0.5839999999999996,0.0,0.29490000000000016,0.0,0.0
semi,run_0027,0.2723,10.0,30.017,1,59.1919,0,1,0.0817,5.0,29.416,1,59.0111,0,1,-0.1906,-5.0,-0.6009999999999991,0.0,-0.18079999999999785,0.0,0.0
semi,run_0028,0.0,2.0,28.831,0,24.4895,0,0,0.0,0.0,28.406,0,23.0073,0,0,0.0,-2.0,-0.4250000000000007,0.0,-1.4821999999999989,0.0,0.0
semi,run_0029,0.7898,16.0,30.733,29,41.7581,0,29,0.3813,12.0,30.291,28,41.2492,0,28,-0.4085,-4.0,-0.44200000000000017,-1.0,-0.508899999999997,0.0,-1.0
semi,run_0030,0.4357,12.0,30.227,1,39.9364,0,1,0.1089,6.0,29.585,2,39.4337,0,2,-0.3268,-6.0,-0.6419999999999995,1.0,-0.5026999999999973,0.0,1.0
semi,run_0031,0.1089,6.0,29.711,0,47.7551,0,0,0.0272,5.0,29.186,0,44.6857,0,0,-0.0817,-1.0,-0.5249999999999986,0.0,-3.0694000000000017,0.0,0.0
semi,run_0032,0.9532,18.0,30.979,3,450.1102,0,77,0.3813,11.0,30.164,8,462.7383,0,113,-0.5719000000000001,-7.0,-0.8149999999999977,5.0,12.62809999999996,0.0,36.0
semi,run_0033,0.3268,12.0,30.456,0,201.283,0,0,0.1634,10.0,30.023,1,198.6284,0,1,-0.1634,-2.0,-0.43299999999999983,1.0,-2.654599999999988,0.0,1.0
semi,run_0034,0.1089,5.0,29.636,0,80.1421,0,0,0.0545,4.0,29.16,0,80.999,0,0,-0.0544,-1.0,-0.4759999999999991,0.0,0.856899999999996,0.0,0.0
semi,run_0035,0.0545,4.0,29.235,0,50.8907,0,0,0.0,2.0,28.779,0,49.5937,0,0,-0.0545,-2.0,-0.4559999999999995,0.0,-1.2970000000000041,0.0,0.0
semi,run_0036,0.1362,8.0,29.793,1,65.7288,0,1,0.0817,5.0,29.391,1,59.8629,0,1,-0.05449999999999999,-3.0,-0.402000000000001,0.0,-5.8659000000000034,0.0,0.0
semi,run_0037,0.0817,5.0,29.514,0,39.1821,0,0,0.0,3.0,29.053,1,40.3767,0,1,-0.0817,-2.0,-0.4609999999999985,1.0,1.1946000000000012,0.0,1.0
semi,run_0038,0.0545,4.0,29.195,0,49.5132,0,0,0.0,2.0,28.799,0,44.9425,0,0,-0.0545,-2.0,-0.3960000000000008,0.0,-4.570699999999995,0.0,0.0
semi,run_0039,0.1906,9.0,29.869,0,196.3145,0,0,0.0817,7.0,29.417,0,165.8175,0,0,-0.1089,-2.0,-0.4519999999999982,0.0,-30.497000000000014,0.0,0.0
semi,run_0040,0.2179,10.0,29.923,1,42.5532,0,1,0.0817,5.0,29.363,1,42.6321,0,1,-0.13620000000000002,-5.0,-0.5599999999999987,0.0,0.07890000000000441,0.0,0.0
semi,run_0041,0.0,4.0,29.099,0,56.088,0,0,0.0,2.0,28.686,0,47.6787,0,0,0.0,-2.0,-0.41300000000000026,0.0,-8.409300000000002,0.0,0.0
semi,run_0042,0.1634,10.0,29.873,0,102.1297,0,0,0.0817,5.0,29.493,0,98.6303,0,0,-0.0817,-5.0,-0.38000000000000256,0.0,-3.4993999999999943,0.0,0.0
semi,run_0043,0.1089,7.0,29.622,0,120.1129,0,0,0.0545,4.0,29.228,0,99.9821,0,0,-0.0544,-3.0,-0.39399999999999835,0.0,-20.130799999999994,0.0,0.0
semi,run_0044,0.0545,4.0,29.179,0,55.4131,0,0,0.0,3.0,28.885,0,53.2834,0,0,-0.0545,-1.0,-0.29399999999999693,0.0,-2.1296999999999997,0.0,0.0
semi,run_0045,0.0545,5.0,29.218,0,42.6406,0,0,0.0,3.0,28.855,0,37.4466,0,0,-0.0545,-2.0,-0.36299999999999955,0.0,-5.194000000000003,0.0,0.0
semi,run_0046,0.1362,8.0,29.677,1,114.6972,0,1,0.0545,5.0,29.29,1,97.9909,0,1,-0.0817,-3.0,-0.38700000000000045,0.0,-16.7063,0.0,0.0
semi,run_0047,0.0817,5.0,29.439,2,27.5287,0,2,0.0,3.0,28.936,1,26.4056,0,1,-0.0817,-2.0,-0.5030000000000001,-1.0,-1.1231000000000009,0.0,-1.0
semi,run_0048,0.354,12.0,30.076,1,95.8096,0,1,0.2179,9.0,29.776,1,83.3695,0,1,-0.13609999999999997,-3.0,-0.3000000000000007,0.0,-12.440100000000001,0.0,0.0
semi,run_0049,0.1089,5.0,29.533,0,53.0387,0,0,0.0,4.0,28.994,0,51.3892,0,0,-0.1089,-1.0,-0.5390000000000015,0.0,-1.6494999999999962,0.0,0.0
semi,run_0050,0.0817,5.0,29.556,0,71.5914,0,0,0.0,3.0,29.144,0,71.1849,0,0,-0.0817,-2.0,-0.4120000000000026,0.0,-0.4064999999999941,0.0,0.0
semi,run_0051,0.0,3.0,29.003,0,29.4091,0,0,0.0,0.0,28.556,0,29.7007,0,0,0.0,-3.0,-0.4469999999999992,0.0,0.2916000000000025,0.0,0.0
semi,run_0052,0.1089,7.0,29.663,0,90.0436,0,0,0.0,4.0,29.301,0,77.2264,0,0,-0.1089,-3.0,-0.3620000000000019,0.0,-12.8172,0.0,0.0
semi,run_0053,0.2451,9.0,29.994,2,38.0882,0,2,0.0817,5.0,29.467,1,36.8966,0,1,-0.16340000000000002,-4.0,-0.527000000000001,-1.0,-1.191600000000001,0.0,-1.0
semi,run_0054,0.1906,9.0,29.807,1,55.7401,0,1,0.0545,5.0,29.367,1,56.4772,0,1,-0.1361,-4.0,-0.4399999999999977,0.0,0.7371000000000052,0.0,0.0
semi,run_0055,0.3268,12.0,30.469,1,135.4623,0,1,0.2451,11.0,30.054,1,126.2292,0,1,-0.08169999999999997,-1.0,-0.4150000000000027,0.0,-9.233099999999993,0.0,0.0
semi,run_0056,0.5447,13.0,30.456,2,55.2843,0,2,0.2179,9.0,29.892,3,55.9563,0,3,-0.3268,-4.0,-0.5640000000000001,1.0,0.671999999999997,0.0,1.0
semi,run_0057,0.0,0.0,28.721,0,19.8647,0,0,0.0,0.0,28.298,0,19.0163,0,0,0.0,0.0,-0.4230000000000018,0.0,-0.848399999999998,0.0,0.0
semi,run_0058,0.9259,20.0,31.091,8,209.1005,0,9,0.5719,14.0,30.631,4,217.8122,0,4,-0.354,-6.0,-0.46000000000000085,-4.0,8.71169999999998,0.0,-5.0
semi,run_0059,0.0817,6.0,29.389,11,26.8134,0,11,0.0,3.0,28.876,4,26.3681,0,4,-0.0817,-3.0,-0.5129999999999981,-7.0,-0.44530000000000314,0.0,-7.0
semi,run_0060,0.0545,5.0,29.279,0,46.5359,0,0,0.0,3.0,28.818,0,43.2073,0,0,-0.0545,-2.0,-0.4609999999999985,0.0,-3.3286000000000016,0.0,0.0
semi,run_0061,0.0,5.0,29.225,2,28.8992,0,2,0.0,0.0,28.751,0,27.9826,0,0,0.0,-5.0,-0.4740000000000002,-2.0,-0.916599999999999,0.0,-2.0
semi,run_0062,0.0545,4.0,29.398,0,92.1964,0,0,0.0,4.0,29.079,0,74.5934,0,0,-0.0545,0.0,-0.31899999999999906,0.0,-17.602999999999994,0.0,0.0
semi,run_0063,0.5447,12.0,30.598,1,201.9779,0,1,0.2996,11.0,30.185,1,192.5801,0,1,-0.24509999999999998,-1.0,-0.41300000000000026,0.0,-9.397800000000018,0.0,0.0
semi,run_0064,0.0,4.0,29.117,0,45.67,0,0,0.0,0.0,28.579,0,42.2177,0,0,0.0,-4.0,-0.5380000000000003,0.0,-3.452300000000001,0.0,0.0
semi,run_0065,0.1089,9.0,29.878,0,96.6447,0,0,0.0817,5.0,29.396,0,92.3657,0,0,-0.027200000000000002,-4.0,-0.4819999999999993,0.0,-4.278999999999996,0.0,0.0
semi,run_0066,0.1362,9.0,29.875,0,126.7983,0,0,0.0817,5.0,29.359,0,115.1985,0,0,-0.05449999999999999,-4.0,-0.5159999999999982,0.0,-11.599800000000002,0.0,0.0
semi,run_0067,0.1089,7.0,29.663,0,78.4326,0,0,0.0545,4.0,29.262,0,68.2722,0,0,-0.0544,-3.0,-0.4009999999999998,0.0,-10.160399999999996,0.0,0.0
semi,run_0068,0.0,4.0,29.105,3,36.7343,0,3,0.0,0.0,28.561,1,36.2528,0,1,0.0,-4.0,-0.5440000000000005,-2.0,-0.48149999999999693,0.0,-2.0
semi,run_0069,1.0893,21.0,30.906,2,101.6473,0,2,0.7625,19.0,30.806,2,93.8448,0,2,-0.3268,-2.0,-0.09999999999999787,0.0,-7.802499999999995,0.0,0.0
semi,run_0070,0.0545,5.0,29.439,0,43.7038,0,0,0.0,4.0,29.095,0,38.1697,0,0,-0.0545,-1.0,-0.3440000000000012,0.0,-5.534100000000002,0.0,0.0
semi,run_0071,0.2451,9.0,29.99,2,40.7362,0,2,0.0817,5.0,29.423,2,40.15,0,2,-0.16340000000000002,-4.0,-0.5670000000000002,0.0,-0.5861999999999981,0.0,0.0
semi,run_0072,0.4085,11.0,30.292,1,60.5521,0,1,0.2451,9.0,29.824,1,59.2654,0,1,-0.16339999999999996,-2.0,-0.46799999999999997,0.0,-1.2867000000000033,0.0,0.0
semi,run_0073,0.2451,8.0,29.846,3,24.2361,0,3,0.0,4.0,29.24,1,23.883,0,1,-0.2451,-4.0,-0.6060000000000016,-2.0,-0.3531000000000013,0.0,-2.0
semi,run_0074,0.0,2.0,28.958,0,20.8806,0,0,0.0,0.0,28.465,1,20.4384,0,1,0.0,-2.0,-0.49299999999999855,1.0,-0.4421999999999997,0.0,1.0
semi,run_0075,0.0272,5.0,29.184,0,35.0241,0,0,0.0,1.0,28.7,0,34.922,0,0,-0.0272,-4.0,-0.48400000000000176,0.0,-0.10210000000000008,0.0,0.0
semi,run_0076,0.3268,11.0,30.15,0,75.3309,0,0,0.1089,9.0,29.725,0,71.6689,0,0,-0.21789999999999998,-2.0,-0.42499999999999716,0.0,-3.662000000000006,0.0,0.0
semi,run_0077,0.1089,7.0,29.533,0,87.4146,0,0,0.0,4.0,29.063,0,77.1634,0,0,-0.1089,-3.0,-0.4700000000000024,0.0,-10.251199999999997,0.0,0.0
semi,run_0078,0.5991,15.0,30.612,3,84.9982,0,3,0.2451,11.0,29.988,5,82.6201,0,5,-0.354,-4.0,-0.6239999999999988,2.0,-2.3781000000000034,0.0,2.0
semi,run_0079,0.0545,5.0,29.36,0,44.3331,0,0,0.0,2.0,28.928,0,43.546,0,0,-0.0545,-3.0,-0.4319999999999986,0.0,-0.7871000000000024,0.0,0.0
semi,run_0080,0.2451,11.0,30.073,2,29.8313,0,2,0.1089,6.0,29.636,2,27.3695,0,2,-0.13620000000000002,-5.0,-0.43700000000000117,0.0,-2.4618,0.0,0.0
semi,run_0081,0.0272,5.0,29.318,2,48.9188,0,2,0.0,3.0,28.819,1,49.0336,0,1,-0.0272,-2.0,-0.49900000000000233,-1.0,0.11480000000000246,0.0,-1.0
semi,run_0082,0.7353,17.0,30.784,3,117.6272,0,4,0.354,11.0,30.299,4,116.4747,0,4,-0.3813,-6.0,-0.48499999999999943,1.0,-1.1525000000000034,0.0,0.0
semi,run_0083,0.0817,5.0,29.355,0,51.6845,0,0,0.0,2.0,28.839,0,49.0213,0,0,-0.0817,-3.0,-0.5160000000000018,0.0,-2.6632000000000033,0.0,0.0
semi,run_0084,0.0817,6.0,29.37,10,24.232,0,10,0.0,1.0,28.756,2,23.5256,0,2,-0.0817,-5.0,-0.6140000000000008,-8.0,-0.7063999999999986,0.0,-8.0
semi,run_0085,0.0545,4.0,29.367,0,45.7278,0,0,0.0,3.0,28.885,0,44.3294,0,0,-0.0545,-1.0,-0.4819999999999993,0.0,-1.3984000000000023,0.0,0.0
semi,run_0086,0.2996,11.0,30.196,3,206.859,0,4,0.1089,6.0,29.604,1,201.8768,0,1,-0.19069999999999998,-5.0,-0.5920000000000023,-2.0,-4.982200000000006,0.0,-3.0
semi,run_0087,0.0,4.0,29.145,0,30.2623,0,0,0.0,0.0,28.626,0,28.2465,0,0,0.0,-4.0,-0.5189999999999984,0.0,-2.0157999999999987,0.0,0.0
semi,run_0088,0.1089,7.0,29.583,0,133.6102,0,16,0.0,4.0,29.135,0,122.5554,0,2,-0.1089,-3.0,-0.44799999999999685,0.0,-11.054799999999986,0.0,-14.0
semi,run_0089,0.0817,5.0,29.456,0,61.8286,0,0,0.0,3.0,29.031,0,61.2577,0,0,-0.0817,-2.0,-0.4250000000000007,0.0,-0.5709000000000017,0.0,0.0
semi,run_0090,0.0545,5.0,29.297,0,53.1425,0,0,0.0,3.0,28.863,0,50.9193,0,0,-0.0545,-2.0,-0.43400000000000105,0.0,-2.2231999999999985,0.0,0.0
semi,run_0091,0.3268,11.0,30.361,1,91.133,0,1,0.1906,9.0,29.842,1,92.1452,0,1,-0.1362,-2.0,-0.5190000000000019,0.0,1.012200000000007,0.0,0.0
semi,run_0092,0.0817,5.0,29.427,0,43.6234,0,0,0.0,3.0,28.856,0,41.0691,0,0,-0.0817,-2.0,-0.570999999999998,0.0,-2.554299999999998,0.0,0.0
semi,run_0093,0.0817,5.0,29.512,1,36.203,0,1,0.0,3.0,28.896,0,35.0868,0,0,-0.0817,-2.0,-0.6159999999999997,-1.0,-1.1162000000000063,0.0,-1.0
semi,run_0094,0.0817,5.0,29.627,0,60.5582,0,0,0.0272,4.0,29.153,0,55.6951,0,0,-0.05449999999999999,-1.0,-0.4740000000000002,0.0,-4.863100000000003,0.0,0.0
semi,run_0095,0.3268,11.0,30.143,2,62.6286,0,2,0.1089,6.0,29.61,2,60.1919,0,2,-0.21789999999999998,-5.0,-0.5330000000000013,0.0,-2.436700000000002,0.0,0.0
semi,run_0096,0.0,4.0,29.328,0,40.0949,0,0,0.0,0.0,28.804,0,38.3617,0,0,0.0,-4.0,-0.5240000000000009,0.0,-1.7332000000000036,0.0,0.0
semi,run_0097,0.2451,10.0,29.919,2,41.572,0,2,0.0545,5.0,29.363,2,41.5041,0,2,-0.19060000000000002,-5.0,-0.5560000000000009,0.0,-0.06790000000000163,0.0,0.0
semi,run_0098,0.1634,9.0,30.037,0,138.8522,0,0,0.0817,5.0,29.362,0,137.3637,0,0,-0.0817,-4.0,-0.6750000000000007,0.0,-1.4885000000000161,0.0,0.0
semi,run_0099,0.1089,8.0,29.692,0,56.8775,0,0,0.0,4.0,29.159,0,56.4909,0,0,-0.1089,-4.0,-0.5330000000000013,0.0,-0.3865999999999943,0.0,0.0
semi,run_0100,0.1906,9.0,29.816,2,49.5793,0,2,0.0,4.0,29.38,1,47.5302,0,1,-0.1906,-5.0,-0.43599999999999994,-1.0,-2.049100000000003,0.0,-1.0
semi,run_0101,0.0,0.0,28.921,9,16.3918,0,9,0.0,0.0,28.308,2,16.1603,0,2,0.0,0.0,-0.6129999999999995,-7.0,-0.23150000000000048,0.0,-7.0
semi,run_0102,0.817,17.0,30.753,1,87.637,0,1,0.3813,13.0,30.235,3,85.9506,0,3,-0.4357,-4.0,-0.5180000000000007,2.0,-1.6864000000000061,0.0,2.0
semi,run_0103,0.5991,13.0,30.61,2,59.5599,0,2,0.2723,10.0,30.046,4,61.8203,0,4,-0.3268,-3.0,-0.5640000000000001,2.0,2.260400000000004,0.0,2.0
semi,run_0104,0.5719,12.0,30.389,1,164.0613,0,1,0.3268,10.0,29.822,1,152.7805,0,1,-0.24509999999999998,-2.0,-0.5670000000000002,0.0,-11.2808,0.0,0.0
semi,run_0105,0.2451,10.0,30.001,4,49.7559,0,6,0.1089,5.0,29.582,1,47.6653,0,3,-0.13620000000000002,-5.0,-0.4190000000000005,-3.0,-2.090599999999995,0.0,-3.0
semi,run_0106,0.1089,7.0,29.607,0,41.5581,0,0,0.0,3.0,29.031,0,38.6669,0,0,-0.1089,-4.0,-0.5760000000000005,0.0,-2.891200000000005,0.0,0.0
semi,run_0107,0.0817,5.0,29.585,0,47.0864,0,0,0.0,3.0,29.043,1,47.8102,0,1,-0.0817,-2.0,-0.5420000000000016,1.0,0.7238000000000042,0.0,1.0
semi,run_0108,0.0,4.0,29.072,0,57.1594,0,0,0.0,2.0,28.7,0,50.1711,0,0,0.0,-2.0,-0.3719999999999999,0.0,-6.988299999999995,0.0,0.0
semi,run_0109,0.0,4.0,29.108,0,38.8754,0,0,0.0,0.0,28.692,0,35.8562,0,0,0.0,-4.0,-0.41600000000000037,0.0,-3.019199999999998,0.0,0.0
semi,run_0110,0.0545,4.0,29.24,0,53.5602,0,0,0.0,0.0,28.762,0,51.1703,0,0,-0.0545,-4.0,-0.477999999999998,0.0,-2.3899000000000044,0.0,0.0
semi,run_0111,0.0817,5.0,29.417,0,67.2099,0,0,0.0,3.0,28.975,0,58.3797,0,0,-0.0817,-2.0,-0.44200000000000017,0.0,-8.830200000000005,0.0,0.0
semi,run_0112,0.0,3.0,28.979,0,41.8388,0,0,0.0,0.0,28.439,0,37.0376,0,0,0.0,-3.0,-0.5399999999999991,0.0,-4.8012000000000015,0.0,0.0
semi,run_0113,0.9259,18.0,30.948,1,125.4118,0,1,0.463,14.0,30.351,2,117.3176,0,2,-0.4628999999999999,-4.0,-0.5970000000000013,1.0,-8.0942,0.0,1.0
semi,run_0114,0.0,4.0,29.133,0,34.9531,0,0,0.0,0.0,28.664,0,33.5585,0,0,0.0,-4.0,-0.46899999999999764,0.0,-1.394599999999997,0.0,0.0
semi,run_0115,0.0272,4.0,29.192,0,33.8245,0,0,0.0,0.0,28.842,0,33.2993,0,0,-0.0272,-4.0,-0.3500000000000014,0.0,-0.5251999999999981,0.0,0.0
semi,run_0116,0.1362,6.0,29.709,2,23.3244,0,2,0.0,5.0,29.19,2,23.1629,0,2,-0.1362,-1.0,-0.5189999999999984,0.0,-0.1615000000000002,0.0,0.0
semi,run_0117,0.0,4.0,29.092,3,28.1211,0,3,0.0,0.0,28.522,1,27.7486,0,1,0.0,-4.0,-0.5700000000000003,-2.0,-0.3724999999999987,0.0,-2.0
semi,run_0118,0.1089,6.0,29.695,0,56.2427,0,0,0.0,4.0,29.246,0,56.1974,0,0,-0.1089,-2.0,-0.4490000000000016,0.0,-0.04529999999999745,0.0,0.0
semi,run_0119,0.354,13.0,30.511,3,61.7574,0,3,0.1362,8.0,29.768,4,60.5602,0,4,-0.2178,-5.0,-0.7429999999999986,1.0,-1.1971999999999952,0.0,1.0
semi,run_0120,0.2723,11.0,30.077,1,117.8449,0,1,0.1089,6.0,29.526,1,118.7601,0,1,-0.1634,-5.0,-0.5510000000000019,0.0,0.9151999999999987,0.0,0.0
semi,run_0121,0.2451,10.0,30.065,2,61.9944,0,2,0.0817,5.0,29.58,1,60.177,0,1,-0.16340000000000002,-5.0,-0.485000000000003,-1.0,-1.8173999999999992,0.0,-1.0
semi,run_0122,0.0,4.0,29.224,0,61.4592,0,0,0.0,0.0,28.887,0,58.7112,0,0,0.0,-4.0,-0.33699999999999974,0.0,-2.7480000000000047,0.0,0.0
semi,run_0123,0.4902,12.0,30.552,1,156.9588,0,1,0.1906,10.0,29.96,1,153.674,0,1,-0.29960000000000003,-2.0,-0.5919999999999987,0.0,-3.28479999999999,0.0,0.0
semi,run_0124,0.2179,10.0,29.894,0,81.5696,0,0,0.0817,5.0,29.386,0,81.0796,0,0,-0.13620000000000002,-5.0,-0.5079999999999991,0.0,-0.4899999999999949,0.0,0.0
semi,run_0125,0.0,2.0,28.93,0,33.4618,0,0,0.0,0.0,28.377,0,29.3628,0,0,0.0,-2.0,-0.5530000000000008,0.0,-4.098999999999997,0.0,0.0
semi,run_0126,0.2451,10.0,29.986,3,39.7543,0,3,0.0817,5.0,29.489,1,34.2724,0,1,-0.16340000000000002,-5.0,-0.4969999999999999,-2.0,-5.481900000000003,0.0,-2.0
semi,run_0127,0.0,3.0,29.032,0,36.5671,0,0,0.0,1.0,28.684,0,35.5784,0,0,0.0,-2.0,-0.347999999999999,0.0,-0.9887000000000015,0.0,0.0
semi,run_0128,0.1089,6.0,29.695,2,18.1892,0,2,0.0,4.0,29.141,2,18.2452,0,2,-0.1089,-2.0,-0.554000000000002,0.0,0.05600000000000094,0.0,0.0
semi,run_0129,0.0817,5.0,29.556,0,70.7937,0,0,0.0,4.0,29.108,0,65.7457,0,0,-0.0817,-1.0,-0.4480000000000004,0.0,-5.048000000000002,0.0,0.0
semi,run_0130,0.1089,5.0,29.358,4,35.2881,0,4,0.0,0.0,28.855,1,35.1219,0,1,-0.1089,-5.0,-0.5030000000000001,-3.0,-0.16620000000000346,0.0,-3.0
semi,run_0131,0.2451,10.0,29.992,2,179.2018,0,2,0.1089,6.0,29.624,1,159.1357,0,1,-0.13620000000000002,-4.0,-0.3680000000000021,-1.0,-20.066099999999977,0.0,-1.0
semi,run_0132,0.9259,21.0,31.287,9,75.6239,0,9,0.5719,17.0,30.803,10,71.8348,0,10,-0.354,-4.0,-0.4839999999999982,1.0,-3.789100000000005,0.0,1.0
semi,run_0133,0.3268,11.0,30.405,0,198.9222,0,0,0.2451,10.0,30.049,1,191.6041,0,1,-0.08169999999999997,-1.0,-0.35600000000000165,1.0,-7.318100000000015,0.0,1.0
semi,run_0134,0.2996,12.0,30.549,1,207.3306,0,1,0.1634,9.0,29.917,1,211.4091,0,1,-0.1362,-3.0,-0.6319999999999979,0.0,4.078499999999991,0.0,0.0
semi,run_0135,0.354,11.0,30.266,1,133.56,0,1,0.2451,10.0,29.925,1,127.2801,0,1,-0.10889999999999997,-1.0,-0.3409999999999975,0.0,-6.279899999999998,0.0,0.0
semi,run_0136,0.0,4.0,29.101,0,54.6649,0,0,0.0,2.0,28.733,0,50.5894,0,0,0.0,-2.0,-0.36799999999999855,0.0,-4.075500000000005,0.0,0.0
semi,run_0137,0.2451,11.0,29.97,2,54.6581,0,2,0.0817,5.0,29.408,1,51.0429,0,1,-0.16340000000000002,-6.0,-0.5619999999999976,-1.0,-3.6151999999999944,0.0,-1.0
semi,run_0138,0.0,5.0,29.233,0,54.5064,0,0,0.0,3.0,28.833,0,51.2348,0,0,0.0,-2.0,-0.40000000000000213,0.0,-3.2715999999999994,0.0,0.0
semi,run_0139,0.2723,11.0,30.317,1,169.2587,0,1,0.0817,5.0,29.592,1,170.1373,0,1,-0.1906,-6.0,-0.7250000000000014,0.0,0.8786000000000058,0.0,0.0
semi,run_0140,0.0817,5.0,29.504,1,42.7475,0,1,0.0,5.0,29.069,1,41.9779,0,1,-0.0817,0.0,-0.4350000000000023,0.0,-0.7696000000000041,0.0,0.0
semi,run_0141,0.0,2.0,28.91,0,44.9694,0,0,0.0,0.0,28.504,0,45.2528,0,0,0.0,-2.0,-0.4059999999999988,0.0,0.2834000000000003,0.0,0.0
semi,run_0142,0.0,4.0,29.284,11,8.2461,0,11,0.0,0.0,28.644,9,8.1735,0,9,0.0,-4.0,-0.6400000000000006,-2.0,-0.07259999999999955,0.0,-2.0
semi,run_0143,0.1089,6.0,29.579,1,58.4385,0,1,0.0,3.0,28.968,0,56.555,0,0,-0.1089,-3.0,-0.6110000000000007,-1.0,-1.883499999999998,0.0,-1.0
semi,run_0144,0.2179,10.0,30.099,1,116.5382,0,1,0.0817,5.0,29.476,1,110.4698,0,1,-0.13620000000000002,-5.0,-0.6230000000000011,0.0,-6.068399999999997,0.0,0.0
semi,run_0145,0.1089,8.0,29.667,0,179.519,0,0,0.0545,5.0,29.28,0,153.3457,0,0,-0.0544,-3.0,-0.38700000000000045,0.0,-26.173300000000012,0.0,0.0
semi,run_0146,0.0,4.0,29.17,4,34.5477,0,4,0.0,1.0,28.662,1,34.0736,0,1,0.0,-3.0,-0.5080000000000027,-3.0,-0.47409999999999997,0.0,-3.0
semi,run_0147,0.1089,7.0,29.73,0,77.1374,0,0,0.0545,4.0,29.209,0,74.3376,0,0,-0.0544,-3.0,-0.5210000000000008,0.0,-2.7998000000000047,0.0,0.0
semi,run_0148,0.0545,5.0,29.403,0,42.9963,0,0,0.0,3.0,28.961,0,36.4864,0,0,-0.0545,-2.0,-0.44200000000000017,0.0,-6.509899999999995,0.0,0.0
semi,run_0149,0.9259,15.0,30.675,19,16.8155,0,20,0.5447,16.0,30.265,16,16.2879,0,16,-0.3812,1.0,-0.41000000000000014,-3.0,-0.5275999999999996,0.0,-4.0
semi,run_0150,0.0,5.0,29.094,0,31.0991,0,0,0.0,2.0,28.714,1,29.6213,0,1,0.0,-3.0,-0.38000000000000256,1.0,-1.4777999999999984,0.0,1.0
semi,run_0151,0.5719,14.0,30.598,1,60.9565,0,1,0.2179,10.0,29.942,1,58.717,0,1,-0.354,-4.0,-0.6559999999999988,0.0,-2.2394999999999996,0.0,0.0
semi,run_0152,0.0817,5.0,29.586,0,61.9365,0,0,0.0272,4.0,29.145,0,55.4531,0,0,-0.05449999999999999,-1.0,-0.44099999999999895,0.0,-6.483400000000003,0.0,0.0
semi,run_0153,0.2451,10.0,29.914,2,36.5866,0,2,0.0817,5.0,29.432,1,35.3881,0,1,-0.16340000000000002,-5.0,-0.48200000000000287,-1.0,-1.1984999999999957,0.0,-1.0
semi,run_0154,0.0817,5.0,29.423,0,53.6121,0,0,0.0,3.0,28.952,0,51.9433,0,0,-0.0817,-2.0,-0.47099999999999653,0.0,-1.6687999999999974,0.0,0.0
semi,run_0155,0.0,4.0,29.032,0,55.6289,0,0,0.0,1.0,28.666,0,50.7418,0,0,0.0,-3.0,-0.36599999999999966,0.0,-4.887100000000004,0.0,0.0
semi,run_0156,1.0076,21.0,31.14,1,301.5293,0,1,0.817,18.0,30.956,1,319.6213,0,1,-0.1906000000000001,-3.0,-0.18400000000000105,0.0,18.09200000000004,0.0,0.0
semi,run_0157,0.3268,11.0,30.124,1,178.4277,0,1,0.1362,7.0,29.642,1,166.8658,0,1,-0.1906,-4.0,-0.4819999999999993,0.0,-11.56189999999998,0.0,0.0
semi,run_0158,0.1089,8.0,29.699,0,80.8467,0,0,0.0,4.0,29.237,0,80.1326,0,0,-0.1089,-4.0,-0.4620000000000033,0.0,-0.714100000000002,0.0,0.0
semi,run_0159,0.0545,5.0,29.181,1,32.7295,0,1,0.0,0.0,28.671,0,31.7087,0,0,-0.0545,-5.0,-0.5100000000000016,-1.0,-1.0208000000000013,0.0,-1.0
semi,run_0160,0.0,5.0,29.292,4,17.556,0,4,0.0,3.0,28.695,3,16.7136,0,3,0.0,-2.0,-0.5970000000000013,-1.0,-0.8424000000000014,0.0,-1.0
semi,run_0161,0.0817,5.0,29.381,0,68.0226,0,0,0.0,3.0,28.968,0,65.58,0,0,-0.0817,-2.0,-0.41300000000000026,0.0,-2.4425999999999988,0.0,0.0
semi,run_0162,0.3268,11.0,30.082,0,80.8117,0,0,0.1089,6.0,29.594,1,87.6706,0,1,-0.21789999999999998,-5.0,-0.48799999999999955,1.0,6.858899999999991,0.0,1.0
semi,run_0163,0.0817,5.0,29.647,2,63.3783,0,2,0.0272,5.0,29.267,2,64.0552,0,2,-0.05449999999999999,0.0,-0.379999999999999,0.0,0.6768999999999963,0.0,0.0
semi,run_0164,0.1362,10.0,29.938,1,74.1476,0,1,0.0817,5.0,29.385,1,72.7929,0,1,-0.05449999999999999,-5.0,-0.5529999999999973,0.0,-1.354699999999994,0.0,0.0
semi,run_0165,0.0,4.0,29.102,0,50.515,0,0,0.0,2.0,28.702,0,48.2216,0,0,0.0,-2.0,-0.3999999999999986,0.0,-2.2933999999999983,0.0,0.0
semi,run_0166,0.1906,10.0,30.037,0,156.7633,0,0,0.0817,5.0,29.532,0,160.0211,0,0,-0.1089,-5.0,-0.504999999999999,0.0,3.257800000000003,0.0,0.0
semi,run_0167,0.0,3.0,28.909,0,41.7649,0,0,0.0,0.0,28.576,0,36.9405,0,0,0.0,-3.0,-0.3329999999999984,0.0,-4.824399999999997,0.0,0.0
semi,run_0168,0.0,0.0,28.843,4,17.3174,0,4,0.0,0.0,28.313,0,16.8492,0,0,0.0,0.0,-0.5300000000000011,-4.0,-0.4681999999999995,0.0,-4.0
semi,run_0169,0.0,0.0,28.867,6,31.2742,0,6,0.0,0.0,28.259,5,31.2919,0,5,0.0,0.0,-0.6080000000000005,-1.0,0.01769999999999783,0.0,-1.0
semi,run_0170,0.2179,11.0,29.81,2,46.5034,0,2,0.0817,7.0,29.382,1,39.0605,0,1,-0.13620000000000002,-4.0,-0.42799999999999727,-1.0,-7.442900000000002,0.0,-1.0
semi,run_0171,0.1089,8.0,29.701,0,50.3761,0,0,0.0545,5.0,29.169,0,47.3776,0,0,-0.0544,-3.0,-0.532,0.0,-2.9985,0.0,0.0
semi,run_0172,0.0,3.0,29.094,2,17.4486,0,2,0.0,0.0,28.599,0,14.6056,0,0,0.0,-3.0,-0.495000000000001,-2.0,-2.842999999999998,0.0,-2.0
semi,run_0173,0.1089,6.0,29.564,0,77.9081,0,0,0.0,4.0,29.034,0,74.5988,0,0,-0.1089,-2.0,-0.5300000000000011,0.0,-3.3093000000000075,0.0,0.0
semi,run_0174,0.0,4.0,29.096,0,29.0419,0,0,0.0,0.0,28.568,0,28.1422,0,0,0.0,-4.0,-0.5279999999999987,0.0,-0.8996999999999993,0.0,0.0
semi,run_0175,0.0817,5.0,29.569,0,54.013,0,0,0.0,4.0,29.116,0,50.5699,0,0,-0.0817,-1.0,-0.4529999999999994,0.0,-3.443100000000001,0.0,0.0
semi,run_0176,0.2451,8.0,29.819,4,17.8738,0,4,0.0,5.0,29.278,4,17.7237,0,4,-0.2451,-3.0,-0.5410000000000004,0.0,-0.15009999999999835,0.0,0.0
semi,run_0177,0.0545,5.0,29.251,1,26.9135,0,1,0.0,0.0,28.715,0,25.6122,0,0,-0.0545,-5.0,-0.5360000000000014,-1.0,-1.3012999999999977,0.0,-1.0
semi,run_0178,0.0,4.0,29.031,0,53.0675,0,0,0.0,1.0,28.641,0,45.9417,0,0,0.0,-3.0,-0.39000000000000057,0.0,-7.125800000000005,0.0,0.0
semi,run_0179,0.0,4.0,29.117,0,53.2538,0,0,0.0,0.0,28.653,0,50.8519,0,0,0.0,-4.0,-0.4640000000000022,0.0,-2.4018999999999977,0.0,0.0
semi,run_0180,0.1362,6.0,29.746,1,55.2805,0,1,0.0,5.0,29.31,1,56.367,0,1,-0.1362,-1.0,-0.43599999999999994,0.0,1.0864999999999938,0.0,0.0
semi,run_0181,0.1089,6.0,29.68,2,27.4853,0,2,0.0,3.0,29.151,1,25.3698,0,1,-0.1089,-3.0,-0.5289999999999999,-1.0,-2.1154999999999973,0.0,-1.0
semi,run_0182,0.7353,18.0,30.761,2,122.2261,0,2,0.4085,12.0,30.303,1,117.2039,0,1,-0.3268,-6.0,-0.4579999999999984,-1.0,-5.022199999999998,0.0,-1.0
semi,run_0183,0.0272,4.0,29.212,0,96.288,0,0,0.0,2.0,28.739,0,78.2771,0,0,-0.0272,-2.0,-0.472999999999999,0.0,-18.010899999999992,0.0,0.0
semi,run_0184,0.0817,5.0,29.402,0,36.8173,0,0,0.0,3.0,28.967,1,38.7607,0,1,-0.0817,-2.0,-0.4350000000000023,1.0,1.943399999999997,0.0,1.0
semi,run_0185,0.0817,6.0,29.436,0,44.4017,0,0,0.0,4.0,29.031,0,45.1618,0,0,-0.0817,-2.0,-0.40500000000000114,0.0,0.7601000000000013,0.0,0.0
semi,run_0186,0.1362,8.0,29.726,2,56.7984,0,2,0.0272,5.0,29.252,1,48.8336,0,1,-0.10899999999999999,-3.0,-0.4740000000000002,-1.0,-7.964800000000004,0.0,-1.0
semi,run_0187,0.0545,5.0,29.232,0,44.2078,0,0,0.0,2.0,28.846,0,42.2922,0,0,-0.0545,-3.0,-0.38599999999999923,0.0,-1.9155999999999977,0.0,0.0
semi,run_0188,0.9804,16.0,30.812,5,54.1448,0,5,0.5991,17.0,30.508,4,50.9738,0,4,-0.3813000000000001,1.0,-0.30400000000000205,-1.0,-3.1709999999999994,0.0,-1.0
semi,run_0189,0.1634,9.0,29.757,1,38.7209,0,1,0.0272,5.0,29.213,1,38.7845,0,1,-0.1362,-4.0,-0.5440000000000005,0.0,0.06360000000000099,0.0,0.0
semi,run_0190,0.1362,8.0,29.784,0,39.5619,0,0,0.0545,5.0,29.252,1,38.8726,0,1,-0.0817,-3.0,-0.532,1.0,-0.6893000000000029,0.0,1.0
semi,run_0191,0.0817,5.0,29.534,0,95.6596,0,0,0.0545,4.0,29.267,0,82.0826,0,0,-0.027199999999999995,-1.0,-0.26699999999999946,0.0,-13.576999999999998,0.0,0.0
semi,run_0192,0.0817,7.0,29.527,0,71.8759,0,0,0.0,4.0,29.152,0,62.2545,0,0,-0.0817,-3.0,-0.375,0.0,-9.621400000000001,0.0,0.0
semi,run_0193,0.0,5.0,29.254,2,27.8433,0,2,0.0,2.0,28.707,1,27.0733,0,1,0.0,-3.0,-0.5470000000000006,-1.0,-0.7699999999999996,0.0,-1.0
semi,run_0194,0.2451,10.0,30.082,2,31.7296,0,2,0.0817,5.0,29.438,1,32.0767,0,1,-0.16340000000000002,-5.0,-0.6440000000000019,-1.0,0.3471000000000011,0.0,-1.0
semi,run_0195,0.0,5.0,29.136,0,44.4063,0,0,0.0,3.0,28.757,0,41.24,0,0,0.0,-2.0,-0.3789999999999978,0.0,-3.1662999999999997,0.0,0.0
semi,run_0196,0.0,0.0,28.822,4,13.9406,0,4,0.0,0.0,28.322,0,13.6898,0,0,0.0,0.0,-0.5,-4.0,-0.2507999999999999,0.0,-4.0
semi,run_0197,0.1089,7.0,29.76,0,54.093,0,0,0.0545,4.0,29.227,0,53.9027,0,0,-0.0544,-3.0,-0.5330000000000013,0.0,-0.19030000000000058,0.0,0.0
semi,run_0198,0.0817,5.0,29.401,0,48.518,0,0,0.0,4.0,29.066,0,42.8439,0,0,-0.0817,-1.0,-0.33500000000000085,0.0,-5.674100000000003,0.0,0.0
semi,run_0199,0.2451,9.0,30.035,1,83.7049,0,1,0.1634,8.0,29.761,1,78.4716,0,1,-0.08170000000000002,-1.0,-0.2740000000000009,0.0,-5.2333,0.0,0.0
semi,run_0200,0.1089,5.0,29.737,2,28.2446,0,2,0.0,4.0,29.212,1,27.127,0,1,-0.1089,-1.0,-0.5249999999999986,-1.0,-1.1175999999999995,0.0,-1.0
semi,run_0201,0.0817,5.0,29.435,0,74.1924,0,0,0.0,3.0,29.018,0,73.2435,0,0,-0.0817,-2.0,-0.41699999999999804,0.0,-0.948900000000009,0.0,0.0
semi,run_0202,0.0,2.0,28.839,0,31.4717,0,0,0.0,0.0,28.424,0,30.7982,0,0,0.0,-2.0,-0.41499999999999915,0.0,-0.6734999999999971,0.0,0.0
semi,run_0203,0.0817,5.0,29.292,0,45.3144,0,0,0.0,3.0,28.827,0,44.0475,0,0,-0.0817,-2.0,-0.46499999999999986,0.0,-1.2668999999999997,0.0,0.0
semi,run_0204,0.2179,9.0,29.938,1,49.231,0,1,0.1089,7.0,29.467,1,43.7568,0,1,-0.10900000000000001,-2.0,-0.4710000000000001,0.0,-5.474200000000003,0.0,0.0
semi,run_0205,0.0817,5.0,29.379,0,68.538,0,0,0.0,3.0,28.942,0,63.8621,0,0,-0.0817,-2.0,-0.43700000000000117,0.0,-4.675899999999999,0.0,0.0
semi,run_0206,0.3813,12.0,30.303,1,47.187,0,1,0.1634,8.0,29.744,2,45.7666,0,2,-0.21789999999999998,-4.0,-0.559000000000001,1.0,-1.4204000000000008,0.0,1.0
semi,run_0207,0.0,3.0,29.101,0,28.7796,0,0,0.0,0.0,28.62,0,27.6512,0,0,0.0,-3.0,-0.4809999999999981,0.0,-1.1283999999999992,0.0,0.0
semi,run_0208,0.0,4.0,29.053,0,53.248,0,0,0.0,0.0,28.599,0,45.2546,0,0,0.0,-4.0,-0.4540000000000006,0.0,-7.993399999999994,0.0,0.0
semi,run_0209,0.1089,7.0,29.565,0,153.9753,0,0,0.0545,5.0,29.303,0,124.1267,0,0,-0.0544,-2.0,-0.26200000000000045,0.0,-29.848600000000005,0.0,0.0
semi,run_0210,0.1362,9.0,29.705,0,39.6849,0,0,0.0,5.0,29.115,0,36.7718,0,0,-0.1362,-4.0,-0.5899999999999999,0.0,-2.9131,0.0,0.0
semi,run_0211,0.0,0.0,28.674,0,18.8835,0,0,0.0,0.0,28.177,1,18.7879,0,1,0.0,0.0,-0.4969999999999999,1.0,-0.09560000000000102,0.0,1.0
semi,run_0212,0.5719,17.0,30.851,1,232.3321,0,1,0.3268,12.0,30.256,1,223.0799,0,1,-0.24509999999999998,-5.0,-0.5949999999999989,0.0,-9.252199999999988,0.0,0.0
semi,run_0213,0.1089,6.0,29.619,0,73.5623,0,0,0.0545,4.0,29.172,0,73.5575,0,0,-0.0544,-2.0,-0.4469999999999992,0.0,-0.004799999999988813,0.0,0.0
semi,run_0214,0.0817,5.0,29.437,0,92.6917,0,0,0.0,4.0,29.101,0,84.4843,0,0,-0.0817,-1.0,-0.3360000000000021,0.0,-8.207399999999993,0.0,0.0
semi,run_0215,0.2996,11.0,30.144,0,92.7626,0,0,0.1089,5.0,29.518,0,91.8601,0,0,-0.19069999999999998,-6.0,-0.6259999999999977,0.0,-0.9025000000000034,0.0,0.0
semi,run_0216,0.1089,8.0,29.764,0,154.3406,0,0,0.0545,4.0,29.232,0,156.2154,0,0,-0.0544,-4.0,-0.532,0.0,1.8747999999999934,0.0,0.0
semi,run_0217,0.0817,5.0,29.378,0,64.1043,0,0,0.0,3.0,28.943,1,63.8935,0,1,-0.0817,-2.0,-0.4349999999999987,1.0,-0.21079999999999188,0.0,1.0
semi,run_0218,0.3268,11.0,30.357,1,92.7461,0,1,0.1089,8.0,29.716,1,97.5366,0,1,-0.21789999999999998,-3.0,-0.6409999999999982,0.0,4.790500000000009,0.0,0.0
semi,run_0219,0.0817,5.0,29.386,0,52.2906,0,0,0.0,3.0,28.985,0,50.5997,0,0,-0.0817,-2.0,-0.4009999999999998,0.0,-1.6908999999999992,0.0,0.0
semi,run_0220,0.1362,9.0,29.921,0,99.5239,0,0,0.1089,6.0,29.56,0,95.2835,0,0,-0.02729999999999999,-3.0,-0.36100000000000065,0.0,-4.240399999999994,0.0,0.0
semi,run_0221,0.1089,7.0,29.589,0,65.4955,0,0,0.0,4.0,29.083,0,61.0791,0,0,-0.1089,-3.0,-0.5060000000000002,0.0,-4.41640000000001,0.0,0.0
semi,run_0222,0.1089,8.0,29.675,0,68.7152,0,0,0.0272,4.0,29.147,0,61.54,0,0,-0.0817,-4.0,-0.5280000000000022,0.0,-7.175199999999997,0.0,0.0
semi,run_0223,0.0545,4.0,29.304,0,96.4695,0,0,0.0,2.0,28.957,0,79.6009,0,0,-0.0545,-2.0,-0.34699999999999775,0.0,-16.8686,0.0,0.0
semi,run_0224,0.0817,5.0,29.416,0,83.9788,0,0,0.0,3.0,29.001,0,76.9079,0,0,-0.0817,-2.0,-0.41499999999999915,0.0,-7.070900000000009,0.0,0.0
semi,run_0225,0.354,12.0,30.104,1,134.3489,0,1,0.1634,7.0,29.744,1,118.9597,0,1,-0.1906,-5.0,-0.35999999999999943,0.0,-15.389199999999988,0.0,0.0
semi,run_0226,0.1906,9.0,29.796,0,76.2503,0,0,0.0545,4.0,29.393,0,74.2013,0,0,-0.1361,-5.0,-0.4029999999999987,0.0,-2.0489999999999924,0.0,0.0
semi,run_0227,0.0,0.0,28.739,0,21.8426,0,0,0.0,0.0,28.175,0,21.3835,0,0,0.0,0.0,-0.5640000000000001,0.0,-0.4590999999999994,0.0,0.0
semi,run_0228,0.1089,5.0,29.589,1,64.5187,0,1,0.0,5.0,29.097,1,62.6425,0,1,-0.1089,0.0,-0.49199999999999733,0.0,-1.8761999999999972,0.0,0.0
semi,run_0229,0.0545,5.0,29.276,0,49.0715,0,0,0.0,3.0,28.868,0,47.9731,0,0,-0.0545,-2.0,-0.40800000000000125,0.0,-1.098399999999998,0.0,0.0
semi,run_0230,0.1362,9.0,29.898,0,98.4159,0,0,0.0545,5.0,29.277,0,91.6561,0,0,-0.0817,-4.0,-0.6209999999999987,0.0,-6.7597999999999985,0.0,0.0
semi,run_0231,0.0,3.0,29.251,2,12.0597,0,2,0.0,0.0,28.787,0,11.9918,0,0,0.0,-3.0,-0.4640000000000022,-2.0,-0.06789999999999985,0.0,-2.0
semi,run_0232,0.1906,9.0,29.918,0,106.5529,0,0,0.0817,5.0,29.535,0,102.0667,0,0,-0.1089,-4.0,-0.3829999999999991,0.0,-4.486199999999997,0.0,0.0
semi,run_0233,0.0545,4.0,29.213,0,38.9765,0,0,0.0,2.0,28.792,0,39.3649,0,0,-0.0545,-2.0,-0.4209999999999994,0.0,0.3883999999999972,0.0,0.0
semi,run_0234,0.0,4.0,29.028,0,25.3299,0,0,0.0,0.0,28.54,0,23.8437,0,0,0.0,-4.0,-0.48799999999999955,0.0,-1.4862000000000002,0.0,0.0
semi,run_0235,0.0,3.0,29.068,0,34.1375,0,0,0.0,0.0,28.557,0,31.3812,0,0,0.0,-3.0,-0.5110000000000028,0.0,-2.756300000000003,0.0,0.0
semi,run_0236,0.2451,10.0,30.315,1,108.175,0,1,0.0817,6.0,29.689,1,111.1004,0,1,-0.16340000000000002,-4.0,-0.6260000000000012,0.0,2.9253999999999962,0.0,0.0
semi,run_0237,0.4085,14.0,30.374,0,103.0029,0,0,0.1634,10.0,29.851,1,98.2963,0,1,-0.24509999999999998,-4.0,-0.5229999999999997,1.0,-4.706599999999995,0.0,1.0
semi,run_0238,0.1634,10.0,30.039,1,106.352,0,1,0.0817,5.0,29.523,1,101.0481,0,1,-0.0817,-5.0,-0.5160000000000018,0.0,-5.303899999999999,0.0,0.0
semi,run_0239,1.4434,20.0,31.275,20,49.2939,0,118,0.9532,15.0,30.618,29,51.9254,0,169,-0.49019999999999997,-5.0,-0.657,9.0,2.6315000000000026,0.0,51.0
semi,run_0240,0.0817,5.0,29.486,0,70.6708,0,0,0.0,3.0,28.974,0,67.8501,0,0,-0.0817,-2.0,-0.5120000000000005,0.0,-2.820700000000002,0.0,0.0
semi,run_0241,0.9259,20.0,31.169,6,586.4486,0,42,0.6808,18.0,30.801,7,611.0642,0,55,-0.24509999999999998,-2.0,-0.3680000000000021,1.0,24.615599999999972,0.0,13.0
semi,run_0242,0.0,2.0,28.763,0,38.6618,0,0,0.0,0.0,28.275,0,37.5765,0,0,0.0,-2.0,-0.4880000000000031,0.0,-1.0852999999999966,0.0,0.0
semi,run_0243,0.0,1.0,28.765,0,24.3676,0,0,0.0,0.0,28.259,0,23.5737,0,0,0.0,-1.0,-0.5060000000000002,0.0,-0.7939000000000007,0.0,0.0
semi,run_0244,0.2451,10.0,30.347,1,138.0128,0,1,0.0817,6.0,29.65,1,138.7702,0,1,-0.16340000000000002,-4.0,-0.6970000000000027,0.0,0.7573999999999899,0.0,0.0
semi,run_0245,0.4085,12.0,30.522,1,229.9973,0,1,0.1634,8.0,29.804,1,238.8943,0,1,-0.24509999999999998,-4.0,-0.718,0.0,8.896999999999991,0.0,0.0
semi,run_0246,0.1089,7.0,29.585,0,54.5296,0,0,0.0,4.0,29.038,0,53.7151,0,0,-0.1089,-3.0,-0.5470000000000006,0.0,-0.8145000000000024,0.0,0.0
semi,run_0247,0.1089,9.0,29.719,0,104.2947,0,0,0.0,4.0,29.055,0,99.396,0,0,-0.1089,-5.0,-0.6640000000000015,0.0,-4.898700000000005,0.0,0.0
semi,run_0248,0.0817,5.0,29.45,0,69.9846,0,0,0.0,4.0,29.032,0,58.8057,0,0,-0.0817,-1.0,-0.41799999999999926,0.0,-11.178899999999999,0.0,0.0
semi,run_0249,0.6808,18.0,30.948,7,171.1011,0,8,0.463,14.0,30.581,4,180.2158,0,4,-0.21779999999999994,-4.0,-0.3670000000000009,-3.0,9.1147,0.0,-4.0
semi,run_0250,0.0,4.0,29.145,0,43.8812,0,0,0.0,0.0,28.735,0,43.9537,0,0,0.0,-4.0,-0.41000000000000014,0.0,0.07249999999999801,0.0,0.0
semi,run_0251,0.1362,7.0,29.714,1,63.9687,0,1,0.0545,5.0,29.217,1,59.5057,0,1,-0.0817,-2.0,-0.4969999999999999,0.0,-4.463000000000001,0.0,0.0
semi,run_0252,0.2179,11.0,30.102,0,152.8165,0,0,0.0817,5.0,29.477,1,158.7243,0,1,-0.13620000000000002,-6.0,-0.625,1.0,5.907800000000009,0.0,1.0
semi,run_0253,0.2451,10.0,29.976,1,69.1777,0,1,0.0817,5.0,29.525,1,64.3245,0,1,-0.16340000000000002,-5.0,-0.4510000000000005,0.0,-4.853200000000001,0.0,0.0
semi,run_0254,0.0545,4.0,29.21,0,45.9952,0,0,0.0,0.0,28.705,0,45.2864,0,0,-0.0545,-4.0,-0.5050000000000026,0.0,-0.7087999999999965,0.0,0.0
semi,run_0255,0.0,3.0,29.01,0,42.1968,0,0,0.0,0.0,28.634,0,40.1677,0,0,0.0,-3.0,-0.3760000000000012,0.0,-2.0290999999999997,0.0,0.0
semi,run_0256,0.1089,5.0,29.527,0,146.2523,0,0,0.0272,4.0,29.141,0,142.5824,0,0,-0.0817,-1.0,-0.3860000000000028,0.0,-3.669899999999984,0.0,0.0
semi,run_0257,0.0545,5.0,29.269,0,43.6164,0,0,0.0,3.0,28.787,0,42.0019,0,0,-0.0545,-2.0,-0.4819999999999993,0.0,-1.6144999999999996,0.0,0.0
semi,run_0258,0.9259,18.0,30.915,4,33.6212,0,4,0.6264,14.0,30.428,6,32.3789,0,6,-0.2995,-4.0,-0.4869999999999983,2.0,-1.2423000000000002,0.0,2.0
semi,run_0259,0.0817,6.0,29.571,1,59.8135,0,1,0.0,3.0,29.196,0,58.5581,0,0,-0.0817,-3.0,-0.375,-1.0,-1.2553999999999945,0.0,-1.0
semi,run_0260,0.354,12.0,30.484,0,128.4738,0,0,0.1089,9.0,29.859,1,130.9757,0,1,-0.24509999999999998,-3.0,-0.625,1.0,2.501899999999978,0.0,1.0
semi,run_0261,0.0817,5.0,29.467,0,58.9059,0,0,0.0,3.0,28.96,0,61.0335,0,0,-0.0817,-2.0,-0.5069999999999979,0.0,2.127599999999994,0.0,0.0
semi,run_0262,0.1089,8.0,29.734,0,95.4445,0,0,0.0545,4.0,29.21,0,89.3283,0,0,-0.0544,-4.0,-0.5240000000000009,0.0,-6.116200000000006,0.0,0.0
semi,run_0263,0.0545,5.0,29.28,0,20.8045,0,0,0.0,0.0,28.8,1,21.2674,0,1,-0.0545,-5.0,-0.4800000000000004,1.0,0.46289999999999765,0.0,1.0
semi,run_0264,0.8442,18.0,30.872,2,51.9575,0,2,0.5174,13.0,30.276,2,50.4209,0,2,-0.3268,-5.0,-0.5960000000000001,0.0,-1.5366,0.0,0.0
semi,run_0265,0.2451,10.0,30.008,2,82.6014,0,23,0.0817,5.0,29.492,2,79.3517,0,20,-0.16340000000000002,-5.0,-0.5159999999999982,0.0,-3.2497000000000043,0.0,-3.0
semi,run_0266,0.3268,11.0,30.262,0,235.5051,0,0,0.1362,8.0,29.718,1,234.0797,0,1,-0.1906,-3.0,-0.5440000000000005,1.0,-1.4253999999999962,0.0,1.0
semi,run_0267,0.7898,16.0,30.733,5,77.1701,0,6,0.5174,16.0,30.362,3,72.499,0,3,-0.2724,0.0,-0.3710000000000022,-2.0,-4.67110000000001,0.0,-3.0
semi,run_0268,0.0,3.0,28.974,0,51.2314,0,0,0.0,0.0,28.546,0,49.8453,0,0,0.0,-3.0,-0.4280000000000008,0.0,-1.386099999999999,0.0,0.0
semi,run_0269,0.0,3.0,28.924,0,34.2624,0,0,0.0,0.0,28.478,0,32.5312,0,0,0.0,-3.0,-0.44599999999999795,0.0,-1.7312000000000012,0.0,0.0
semi,run_0270,0.0,3.0,28.996,0,29.7016,0,0,0.0,0.0,28.591,0,26.8624,0,0,0.0,-3.0,-0.4049999999999976,0.0,-2.839199999999998,0.0,0.0
semi,run_0271,0.1089,8.0,29.681,0,80.2962,0,0,0.0545,4.0,29.181,0,84.1771,0,0,-0.0544,-4.0,-0.5,0.0,3.880899999999997,0.0,0.0
semi,run_0272,0.1089,7.0,29.585,0,97.3204,0,0,0.0272,4.0,29.188,0,84.1441,0,0,-0.0817,-3.0,-0.397000000000002,0.0,-13.176300000000012,0.0,0.0
semi,run_0273,0.0,3.0,28.891,0,39.8515,0,0,0.0,0.0,28.435,0,36.5246,0,0,0.0,-3.0,-0.4559999999999995,0.0,-3.326900000000002,0.0,0.0
semi,run_0274,0.2451,11.0,30.173,0,147.058,0,0,0.1089,8.0,29.75,0,137.3585,0,0,-0.13620000000000002,-3.0,-0.42299999999999827,0.0,-9.6995,0.0,0.0
semi,run_0275,0.5447,12.0,30.531,1,104.892,0,1,0.2451,10.0,30.006,2,99.383,0,2,-0.2996,-2.0,-0.5249999999999986,1.0,-5.509,0.0,1.0
semi,run_0276,0.2996,12.0,30.21,2,125.6877,0,2,0.0817,5.0,29.581,2,116.8364,0,2,-0.21789999999999998,-7.0,-0.6290000000000013,0.0,-8.851300000000009,0.0,0.0
semi,run_0277,0.2451,12.0,29.989,8,18.8342,0,8,0.1089,5.0,29.436,8,19.1585,0,8,-0.13620000000000002,-7.0,-0.5530000000000008,0.0,0.3243000000000009,0.0,0.0
semi,run_0278,0.0,2.0,28.93,2,25.2437,0,2,0.0,0.0,28.412,1,24.9231,0,1,0.0,-2.0,-0.5180000000000007,-1.0,-0.3205999999999989,0.0,-1.0
semi,run_0279,0.1362,8.0,29.729,0,67.214,0,0,0.0545,5.0,29.274,0,62.3996,0,0,-0.0817,-3.0,-0.4549999999999983,0.0,-4.814399999999999,0.0,0.0
semi,run_0280,0.2179,9.0,29.838,0,87.0622,0,0,0.0545,4.0,29.361,0,78.26,0,0,-0.16340000000000002,-5.0,-0.4770000000000003,0.0,-8.8022,0.0,0.0
semi,run_0281,0.1089,7.0,29.582,2,35.5936,0,2,0.0,4.0,29.074,1,34.1999,0,1,-0.1089,-3.0,-0.5079999999999991,-1.0,-1.3937000000000026,0.0,-1.0
semi,run_0282,0.1089,8.0,29.686,0,115.0703,0,0,0.0,4.0,29.274,0,103.0114,0,0,-0.1089,-4.0,-0.41199999999999903,0.0,-12.058900000000008,0.0,0.0
semi,run_0283,1.2527,18.0,31.178,5,51.8898,0,5,1.0076,17.0,30.743,8,49.8324,0,8,-0.24509999999999987,-1.0,-0.4350000000000023,3.0,-2.0574000000000012,0.0,3.0
semi,run_0284,0.0817,5.0,29.43,0,61.1754,0,0,0.0,3.0,28.947,0,57.7169,0,0,-0.0817,-2.0,-0.48300000000000054,0.0,-3.458500000000001,0.0,0.0
semi,run_0285,0.2451,10.0,30.2,1,144.6622,0,1,0.1089,6.0,29.691,1,143.6207,0,1,-0.13620000000000002,-4.0,-0.5090000000000003,0.0,-1.0415000000000134,0.0,0.0
semi,run_0286,0.1089,5.0,29.564,2,34.455,0,2,0.0,4.0,29.074,2,34.3802,0,2,-0.1089,-1.0,-0.48999999999999844,0.0,-0.0747999999999962,0.0,0.0
semi,run_0287,0.1089,5.0,29.58,2,37.3757,0,2,0.0,4.0,28.941,1,36.6112,0,1,-0.1089,-1.0,-0.6389999999999993,-1.0,-0.7645000000000053,0.0,-1.0
semi,run_0288,0.0,2.0,28.823,2,32.1717,0,2,0.0,0.0,28.436,1,32.1941,0,1,0.0,-2.0,-0.38700000000000045,-1.0,0.022399999999997533,0.0,-1.0
semi,run_0289,0.0817,5.0,29.36,2,48.5576,0,2,0.0,3.0,28.815,1,48.1171,0,1,-0.0817,-2.0,-0.5449999999999982,-1.0,-0.4405000000000001,0.0,-1.0
semi,run_0290,0.0,4.0,29.245,2,46.2465,0,2,0.0,0.0,28.879,1,46.414,0,1,0.0,-4.0,-0.36599999999999966,-1.0,0.16750000000000398,0.0,-1.0
semi,run_0291,0.1906,9.0,29.878,1,58.7501,0,1,0.0545,5.0,29.271,1,60.3873,0,1,-0.1361,-4.0,-0.6069999999999993,0.0,1.6372,0.0,0.0
semi,run_0292,0.1906,9.0,29.892,1,77.3341,0,1,0.0545,5.0,29.484,0,75.3705,0,0,-0.1361,-4.0,-0.4079999999999977,-1.0,-1.9635999999999996,0.0,-1.0
semi,run_0293,0.0545,5.0,29.282,2,20.5937,0,2,0.0,3.0,28.813,1,20.1519,0,1,-0.0545,-2.0,-0.4690000000000012,-1.0,-0.4417999999999971,0.0,-1.0
semi,run_0294,0.0,3.0,28.948,0,30.7976,0,0,0.0,0.0,28.536,0,32.0664,0,0,0.0,-3.0,-0.41199999999999903,0.0,1.2688000000000024,0.0,0.0
semi,run_0295,0.2723,11.0,30.174,2,312.2149,0,2,0.1362,10.0,29.902,1,278.6301,0,1,-0.1361,-1.0,-0.27199999999999847,-1.0,-33.58479999999997,0.0,-1.0
semi,run_0296,0.0817,5.0,29.532,0,55.9063,0,0,0.0,4.0,29.025,0,54.0637,0,0,-0.0817,-1.0,-0.5070000000000014,0.0,-1.8426000000000045,0.0,0.0
semi,run_0297,0.2451,10.0,30.014,2,43.2754,0,2,0.1089,5.0,29.561,1,41.8377,0,1,-0.13620000000000002,-5.0,-0.4529999999999994,-1.0,-1.4376999999999995,0.0,-1.0
semi,run_0298,0.3268,11.0,30.168,0,72.3419,0,0,0.1089,5.0,29.627,1,75.9121,0,1,-0.21789999999999998,-6.0,-0.5410000000000004,1.0,3.5702,0.0,1.0
semi,run_0299,0.4085,12.0,30.186,2,73.7204,0,2,0.1906,9.0,29.797,2,73.1061,0,2,-0.21789999999999998,-3.0,-0.38899999999999935,0.0,-0.6143000000000001,0.0,0.0
semi,run_0300,0.0545,5.0,29.335,0,55.0874,0,0,0.0,2.0,28.848,0,54.6984,0,0,-0.0545,-3.0,-0.4870000000000019,0.0,-0.3890000000000029,0.0,0.0
semi,run_0301,0.0,2.0,28.909,0,33.4356,0,0,0.0,0.0,28.483,0,28.1888,0,0,0.0,-2.0,-0.4259999999999984,0.0,-5.2468,0.0,0.0
semi,run_0302,0.0,3.0,29.173,0,42.5092,0,0,0.0,0.0,28.799,0,40.3389,0,0,0.0,-3.0,-0.3739999999999988,0.0,-2.1702999999999975,0.0,0.0
semi,run_0303,0.0,2.0,28.806,0,38.0085,0,0,0.0,0.0,28.431,0,34.0801,0,0,0.0,-2.0,-0.375,0.0,-3.9283999999999963,0.0,0.0
semi,run_0304,0.2723,11.0,30.094,0,89.9691,0,0,0.1089,8.0,29.732,1,94.1388,0,1,-0.1634,-3.0,-0.3620000000000019,1.0,4.169700000000006,0.0,1.0
semi,run_0305,0.5991,15.0,30.811,1,101.374,0,1,0.2996,11.0,30.254,1,104.5858,0,1,-0.2995,-4.0,-0.5569999999999986,0.0,3.211800000000011,0.0,0.0
semi,run_0306,0.0,4.0,29.075,0,31.1339,0,0,0.0,0.0,28.629,0,30.3681,0,0,0.0,-4.0,-0.44599999999999795,0.0,-0.7658000000000023,0.0,0.0
semi,run_0307,0.0817,5.0,29.508,0,50.2068,0,0,0.0,3.0,29.07,1,49.3801,0,1,-0.0817,-2.0,-0.43799999999999883,1.0,-0.8267000000000024,0.0,1.0
semi,run_0308,0.0,5.0,29.206,2,22.723,0,2,0.0,0.0,28.717,2,22.3149,0,2,0.0,-5.0,-0.48900000000000077,0.0,-0.40809999999999746,0.0,0.0
semi,run_0309,0.2451,12.0,30.071,1,91.3411,0,1,0.0817,5.0,29.479,1,85.5675,0,1,-0.16340000000000002,-7.0,-0.5920000000000023,0.0,-5.773600000000002,0.0,0.0
semi,run_0310,0.0,3.0,29.036,0,37.1936,0,0,0.0,0.0,28.59,0,34.8946,0,0,0.0,-3.0,-0.4460000000000015,0.0,-2.2990000000000066,0.0,0.0
semi,run_0311,0.0545,5.0,29.319,0,55.6799,0,0,0.0,3.0,28.844,0,54.4777,0,0,-0.0545,-2.0,-0.47499999999999787,0.0,-1.2022000000000048,0.0,0.0
semi,run_0312,0.0545,4.0,29.219,0,53.8812,0,0,0.0,3.0,28.824,0,48.6841,0,0,-0.0545,-1.0,-0.3949999999999996,0.0,-5.197099999999999,0.0,0.0
semi,run_0313,0.1362,7.0,29.822,2,75.5187,0,2,0.0545,5.0,29.348,1,75.342,0,1,-0.0817,-2.0,-0.4740000000000002,-1.0,-0.17669999999999675,0.0,-1.0
semi,run_0314,0.0817,6.0,29.446,0,160.4823,0,0,0.0,4.0,29.003,0,147.7544,0,0,-0.0817,-2.0,-0.4430000000000014,0.0,-12.727900000000005,0.0,0.0
semi,run_0315,0.0,3.0,28.878,0,23.9046,0,0,0.0,0.0,28.462,0,23.7924,0,0,0.0,-3.0,-0.41600000000000037,0.0,-0.11219999999999786,0.0,0.0
semi,run_0316,0.1089,8.0,29.685,0,133.5277,0,0,0.0545,4.0,29.233,0,124.3668,0,0,-0.0544,-4.0,-0.4519999999999982,0.0,-9.160900000000012,0.0,0.0
semi,run_0317,0.0545,4.0,29.246,0,62.5076,0,0,0.0,3.0,28.868,0,59.7898,0,0,-0.0545,-1.0,-0.3780000000000001,0.0,-2.717799999999997,0.0,0.0
semi,run_0318,0.0,2.0,28.801,0,34.3908,0,0,0.0,0.0,28.42,0,34.5157,0,0,0.0,-2.0,-0.3809999999999967,0.0,0.12490000000000379,0.0,0.0
semi,run_0319,0.2451,11.0,30.095,2,32.4433,0,2,0.0817,5.0,29.489,1,30.9911,0,1,-0.16340000000000002,-6.0,-0.6059999999999981,-1.0,-1.4522000000000013,0.0,-1.0
semi,run_0320,0.2451,11.0,30.062,7,38.2041,0,7,0.1089,7.0,29.624,7,37.5271,0,7,-0.13620000000000002,-4.0,-0.4380000000000024,0.0,-0.6769999999999996,0.0,0.0
semi,run_0321,0.4085,11.0,30.24,4,110.3253,0,5,0.2179,9.0,29.853,1,99.1148,0,1,-0.19059999999999996,-2.0,-0.3869999999999969,-3.0,-11.210499999999996,0.0,-4.0
semi,run_0322,0.1089,6.0,29.635,1,46.9062,0,1,0.0,3.0,29.189,0,44.9703,0,0,-0.1089,-3.0,-0.4460000000000015,-1.0,-1.9358999999999966,0.0,-1.0
semi,run_0323,0.0817,5.0,29.451,0,60.823,0,0,0.0,3.0,28.972,0,56.1383,0,0,-0.0817,-2.0,-0.4789999999999992,0.0,-4.684699999999999,0.0,0.0
semi,run_0324,0.1089,8.0,29.693,0,56.0254,0,0,0.0545,5.0,29.201,0,55.1961,0,0,-0.0544,-3.0,-0.4920000000000009,0.0,-0.8292999999999964,0.0,0.0
semi,run_0325,0.0545,4.0,29.25,0,48.3303,0,0,0.0,0.0,28.589,0,46.3304,0,0,-0.0545,-4.0,-0.6610000000000014,0.0,-1.9999000000000038,0.0,0.0
semi,run_0326,0.0817,5.0,29.456,1,63.5663,0,1,0.0,3.0,29.012,1,63.8378,0,1,-0.0817,-2.0,-0.44399999999999906,0.0,0.2715000000000032,0.0,0.0
semi,run_0327,0.0,3.0,28.88,0,38.0544,0,0,0.0,0.0,28.413,0,37.8129,0,0,0.0,-3.0,-0.46699999999999875,0.0,-0.24150000000000205,0.0,0.0
semi,run_0328,0.0817,5.0,29.502,0,68.2258,0,0,0.0,4.0,29.098,0,68.0509,0,0,-0.0817,-1.0,-0.4039999999999999,0.0,-0.17490000000000805,0.0,0.0
semi,run_0329,0.2451,12.0,30.167,2,73.6499,0,2,0.1362,6.0,29.727,2,67.5335,0,2,-0.10890000000000002,-6.0,-0.4400000000000013,0.0,-6.116399999999999,0.0,0.0
semi,run_0330,0.1362,8.0,29.699,1,70.8255,0,1,0.0817,5.0,29.321,1,69.932,0,1,-0.05449999999999999,-3.0,-0.3780000000000001,0.0,-0.8935000000000031,0.0,0.0
semi,run_0331,0.0545,4.0,29.375,0,51.619,0,0,0.0,2.0,28.853,0,51.5557,0,0,-0.0545,-2.0,-0.5219999999999985,0.0,-0.06329999999999814,0.0,0.0
semi,run_0332,0.0,0.0,28.914,4,24.8209,0,4,0.0,0.0,28.364,0,24.3893,0,0,0.0,0.0,-0.5500000000000007,-4.0,-0.4316000000000031,0.0,-4.0
semi,run_0333,0.0817,5.0,29.337,0,34.7054,0,0,0.0,3.0,28.915,0,34.1347,0,0,-0.0817,-2.0,-0.4220000000000006,0.0,-0.5706999999999951,0.0,0.0
semi,run_0334,0.1634,9.0,29.852,1,67.7458,0,1,0.0817,5.0,29.331,2,67.8092,0,2,-0.0817,-4.0,-0.5210000000000008,1.0,0.06340000000000146,0.0,1.0
semi,run_0335,0.0817,5.0,29.304,2,38.7415,0,2,0.0,2.0,28.916,0,37.6686,0,0,-0.0817,-3.0,-0.3879999999999981,-2.0,-1.0729000000000042,0.0,-2.0
semi,run_0336,0.0545,5.0,29.437,2,19.2054,0,2,0.0,0.0,28.847,0,18.31,0,0,-0.0545,-5.0,-0.5899999999999999,-2.0,-0.8954000000000022,0.0,-2.0
semi,run_0337,0.1362,10.0,29.989,0,78.4548,0,0,0.0817,5.0,29.383,0,77.8391,0,0,-0.05449999999999999,-5.0,-0.6060000000000016,0.0,-0.6157000000000039,0.0,0.0
semi,run_0338,0.0,4.0,29.048,0,47.1261,0,0,0.0,2.0,28.691,0,46.2727,0,0,0.0,-2.0,-0.3569999999999993,0.0,-0.8534000000000006,0.0,0.0
semi,run_0339,0.2996,10.0,30.1,2,50.7332,0,2,0.0817,5.0,29.557,1,46.326,0,1,-0.21789999999999998,-5.0,-0.5430000000000028,-1.0,-4.407199999999996,0.0,-1.0
semi,run_0340,0.0817,5.0,29.498,0,91.1298,0,1,0.0,4.0,29.099,0,84.7136,0,0,-0.0817,-1.0,-0.3990000000000009,0.0,-6.4162000000000035,0.0,-1.0
semi,run_0341,0.7081,14.0,30.501,5,32.8654,0,5,0.354,14.0,30.046,7,31.1326,0,7,-0.35409999999999997,0.0,-0.45500000000000185,2.0,-1.732800000000001,0.0,2.0
semi,run_0342,0.0,5.0,29.137,0,27.537,0,0,0.0,0.0,28.622,0,26.5856,0,0,0.0,-5.0,-0.5150000000000006,0.0,-0.9513999999999996,0.0,0.0
semi,run_0343,0.0,0.0,28.906,4,24.5745,0,4,0.0,0.0,28.478,4,24.691,0,4,0.0,0.0,-0.42799999999999727,0.0,0.1164999999999985,0.0,0.0
semi,run_0344,0.2451,10.0,30.069,2,58.8692,0,2,0.1362,6.0,29.58,2,54.8846,0,2,-0.10890000000000002,-4.0,-0.48900000000000077,0.0,-3.9846000000000004,0.0,0.0
semi,run_0345,0.0545,4.0,29.178,0,84.8164,0,0,0.0,2.0,28.837,0,70.7016,0,0,-0.0545,-2.0,-0.3410000000000011,0.0,-14.114800000000002,0.0,0.0
semi,run_0346,0.0,5.0,29.284,2,30.4815,0,2,0.0,3.0,28.727,1,29.9765,0,1,0.0,-2.0,-0.5569999999999986,-1.0,-0.504999999999999,0.0,-1.0
semi,run_0347,0.0,4.0,29.142,0,42.1955,0,0,0.0,2.0,28.712,0,41.2992,0,0,0.0,-2.0,-0.4299999999999997,0.0,-0.8963000000000036,0.0,0.0
semi,run_0348,0.0,4.0,29.099,0,29.0506,0,0,0.0,0.0,28.664,0,28.5859,0,0,0.0,-4.0,-0.4349999999999987,0.0,-0.46470000000000056,0.0,0.0
semi,run_0349,0.1089,6.0,29.525,0,62.1562,0,0,0.0,3.0,28.939,0,60.4839,0,0,-0.1089,-3.0,-0.5859999999999985,0.0,-1.6723,0.0,0.0
semi,run_0350,0.2451,10.0,30.102,1,45.788,0,1,0.0817,5.0,29.52,1,46.0593,0,1,-0.16340000000000002,-5.0,-0.5820000000000007,0.0,0.27130000000000365,0.0,0.0
semi,run_0351,0.0,3.0,29.069,0,58.6648,0,0,0.0,0.0,28.835,0,57.3869,0,0,0.0,-3.0,-0.2339999999999982,0.0,-1.2779000000000025,0.0,0.0
semi,run_0352,0.0,3.0,29.061,0,47.5448,0,0,0.0,1.0,28.647,0,44.1695,0,0,0.0,-2.0,-0.4140000000000015,0.0,-3.375300000000003,0.0,0.0
semi,run_0353,0.0,5.0,29.242,1,32.3209,0,1,0.0,0.0,28.614,1,31.4097,0,1,0.0,-5.0,-0.6280000000000001,0.0,-0.9112000000000009,0.0,0.0
semi,run_0354,0.3813,12.0,30.234,0,141.4519,0,0,0.2723,11.0,29.904,1,126.9047,0,1,-0.10899999999999999,-1.0,-0.33000000000000185,1.0,-14.54719999999999,0.0,1.0
semi,run_0355,0.0,3.0,28.94,0,49.4924,0,0,0.0,0.0,28.527,0,47.9513,0,0,0.0,-3.0,-0.41300000000000026,0.0,-1.5411000000000001,0.0,0.0
semi,run_0356,0.0,4.0,29.187,0,55.3188,0,0,0.0,1.0,28.682,0,48.9304,0,0,0.0,-3.0,-0.5050000000000026,0.0,-6.388400000000004,0.0,0.0
semi,run_0357,0.0,5.0,29.278,1,28.8083,0,1,0.0,1.0,28.732,0,24.3597,0,0,0.0,-4.0,-0.5459999999999994,-1.0,-4.448599999999999,0.0,-1.0
semi,run_0358,0.1089,8.0,29.648,0,79.6066,0,0,0.0545,4.0,29.238,0,76.151,0,0,-0.0544,-4.0,-0.41000000000000014,0.0,-3.455600000000004,0.0,0.0
semi,run_0359,0.0817,5.0,29.531,0,46.7941,0,0,0.0,3.0,29.008,0,46.4954,0,0,-0.0817,-2.0,-0.5229999999999997,0.0,-0.29870000000000374,0.0,0.0
semi,run_0360,0.0817,5.0,29.478,0,79.6066,0,0,0.0,4.0,29.111,1,76.9369,0,1,-0.0817,-1.0,-0.3670000000000009,1.0,-2.669700000000006,0.0,1.0
semi,run_0361,0.1089,6.0,29.634,6,16.8268,0,6,0.0,4.0,29.015,5,16.8321,0,5,-0.1089,-2.0,-0.6189999999999998,-1.0,0.005300000000001859,0.0,-1.0
semi,run_0362,0.0,5.0,29.22,0,33.6175,0,0,0.0,2.0,28.729,0,30.2689,0,0,0.0,-3.0,-0.49099999999999966,0.0,-3.348600000000001,0.0,0.0
semi,run_0363,0.354,12.0,30.244,3,69.96,0,3,0.1906,9.0,29.827,2,62.6426,0,2,-0.1634,-3.0,-0.41699999999999804,-1.0,-7.317399999999992,0.0,-1.0
semi,run_0364,0.6264,13.0,30.515,1,232.0376,0,9,0.2451,10.0,29.937,2,227.8583,0,16,-0.3813,-3.0,-0.5779999999999994,1.0,-4.179299999999984,0.0,7.0
semi,run_0365,0.2723,11.0,30.129,0,125.5209,0,4,0.1089,5.0,29.572,1,128.0179,0,3,-0.1634,-6.0,-0.5570000000000022,1.0,2.497,0.0,-1.0
semi,run_0366,1.28,22.0,31.205,4,227.5441,0,5,1.171,21.0,30.96,3,243.9018,0,3,-0.10899999999999999,-1.0,-0.24499999999999744,-1.0,16.357700000000023,0.0,-2.0
semi,run_0367,0.9532,20.0,31.411,5,331.3897,0,5,0.5991,17.0,30.855,8,343.9234,0,8,-0.3541000000000001,-3.0,-0.5560000000000009,3.0,12.53370000000001,0.0,3.0
semi,run_0368,0.3268,11.0,30.003,6,411.0317,0,23,0.1362,8.0,29.658,1,378.366,0,18,-0.1906,-3.0,-0.34499999999999886,-5.0,-32.665700000000015,0.0,-5.0
semi,run_0369,0.1089,8.0,29.738,0,55.7762,0,0,0.0545,4.0,29.296,1,56.9969,0,1,-0.0544,-4.0,-0.44200000000000017,1.0,1.2206999999999937,0.0,1.0
semi,run_0370,0.0817,5.0,29.543,0,53.9098,0,0,0.0,3.0,29.086,0,51.9764,0,0,-0.0817,-2.0,-0.45700000000000074,0.0,-1.933399999999999,0.0,0.0
semi,run_0371,0.354,11.0,30.225,0,115.8602,0,0,0.1089,9.0,29.727,0,106.7365,0,0,-0.24509999999999998,-2.0,-0.4980000000000011,0.0,-9.1237,0.0,0.0
semi,run_0372,0.0817,5.0,29.49,0,59.5279,0,0,0.0,3.0,29.046,0,59.1131,0,0,-0.0817,-2.0,-0.44399999999999906,0.0,-0.4147999999999996,0.0,0.0
semi,run_0373,0.0545,4.0,29.355,0,58.7242,0,0,0.0,3.0,28.925,0,57.4826,0,0,-0.0545,-1.0,-0.4299999999999997,0.0,-1.2416000000000054,0.0,0.0
semi,run_0374,0.2451,9.0,30.077,2,68.7151,0,2,0.0817,5.0,29.604,1,66.3275,0,1,-0.16340000000000002,-4.0,-0.47300000000000253,-1.0,-2.387600000000006,0.0,-1.0
semi,run_0375,0.1089,9.0,29.763,0,95.3933,0,0,0.0,4.0,29.176,0,92.4397,0,0,-0.1089,-5.0,-0.5870000000000033,0.0,-2.9535999999999945,0.0,0.0
semi,run_0376,1.1983,19.0,31.053,3,101.0898,0,4,0.5174,14.0,30.326,6,99.1625,0,20,-0.6809,-5.0,-0.7270000000000003,3.0,-1.9273000000000025,0.0,16.0
semi,run_0377,0.0817,5.0,29.395,2,21.3519,0,2,0.0,3.0,28.777,1,19.9568,0,1,-0.0817,-2.0,-0.6179999999999986,-1.0,-1.3950999999999993,0.0,-1.0
semi,run_0378,0.0545,4.0,29.246,0,75.9617,0,0,0.0,3.0,28.84,0,64.5385,0,0,-0.0545,-1.0,-0.4059999999999988,0.0,-11.423199999999994,0.0,0.0
semi,run_0379,0.0,4.0,29.254,2,22.2225,0,2,0.0,0.0,28.743,2,22.1302,0,2,0.0,-4.0,-0.5110000000000028,0.0,-0.0923000000000016,0.0,0.0
semi,run_0380,0.1362,9.0,29.785,1,52.8059,0,1,0.0817,5.0,29.317,1,52.8173,0,1,-0.05449999999999999,-4.0,-0.46799999999999997,0.0,0.011400000000001853,0.0,0.0
semi,run_0381,0.1089,8.0,29.654,0,97.4003,0,0,0.0545,4.0,29.206,0,84.7355,0,0,-0.0544,-4.0,-0.4480000000000004,0.0,-12.6648,0.0,0.0
semi,run_0382,0.2179,8.0,29.855,2,29.8254,0,2,0.0,5.0,29.377,1,30.4595,0,1,-0.2179,-3.0,-0.47800000000000153,-1.0,0.6341000000000001,0.0,-1.0
semi,run_0383,0.0817,5.0,29.531,0,58.5171,0,0,0.0,3.0,28.991,0,58.0782,0,0,-0.0817,-2.0,-0.5399999999999991,0.0,-0.43889999999999674,0.0,0.0
semi,run_0384,0.0545,5.0,29.235,2,21.8964,0,2,0.0,2.0,28.725,2,21.5388,0,2,-0.0545,-3.0,-0.509999999999998,0.0,-0.3576000000000015,0.0,0.0
semi,run_0385,0.1089,6.0,29.54,0,63.4597,0,0,0.0,3.0,29.008,0,60.8161,0,0,-0.1089,-3.0,-0.532,0.0,-2.6435999999999993,0.0,0.0
semi,run_0386,0.1362,9.0,29.861,0,116.1455,0,0,0.0545,5.0,29.404,0,109.3113,0,0,-0.0817,-4.0,-0.45700000000000074,0.0,-6.834199999999996,0.0,0.0
semi,run_0387,0.0,4.0,29.048,0,50.8963,0,0,0.0,0.0,28.634,0,50.3181,0,0,0.0,-4.0,-0.4139999999999979,0.0,-0.5781999999999954,0.0,0.0
semi,run_0388,0.5447,17.0,30.748,1,217.7875,0,1,0.3813,12.0,30.266,1,195.7355,0,1,-0.1634,-5.0,-0.48200000000000287,0.0,-22.051999999999992,0.0,0.0
semi,run_0389,0.1634,6.0,29.729,2,44.6246,0,2,0.0545,5.0,29.224,1,41.3479,0,1,-0.1089,-1.0,-0.504999999999999,-1.0,-3.276699999999998,0.0,-1.0
semi,run_0390,0.0272,4.0,29.173,0,58.0971,0,0,0.0,0.0,28.565,0,53.7224,0,0,-0.0272,-4.0,-0.607999999999997,0.0,-4.374699999999997,0.0,0.0
semi,run_0391,0.1089,6.0,29.55,0,111.6192,0,0,0.0,4.0,29.107,0,111.7649,0,0,-0.1089,-2.0,-0.4430000000000014,0.0,0.14569999999999084,0.0,0.0
semi,run_0392,0.1089,6.0,29.655,0,102.884,0,0,0.0545,4.0,29.259,0,89.1135,0,0,-0.0544,-2.0,-0.3960000000000008,0.0,-13.770499999999998,0.0,0.0
semi,run_0393,0.2179,10.0,30.054,0,111.9249,0,0,0.1089,5.0,29.573,0,105.8031,0,0,-0.10900000000000001,-5.0,-0.4809999999999981,0.0,-6.121799999999993,0.0,0.0
semi,run_0394,0.2451,10.0,30.157,0,67.0158,0,0,0.0817,5.0,29.614,1,65.8799,0,1,-0.16340000000000002,-5.0,-0.5429999999999993,1.0,-1.1358999999999924,0.0,1.0
semi,run_0395,0.0,3.0,29.026,1,20.2384,0,1,0.0,0.0,28.528,0,20.2974,0,0,0.0,-3.0,-0.4980000000000011,-1.0,0.05900000000000105,0.0,-1.0
semi,run_0396,0.5991,13.0,30.553,3,38.0372,0,3,0.2451,10.0,29.982,7,38.5758,0,7,-0.354,-3.0,-0.5710000000000015,4.0,0.5386000000000024,0.0,4.0
semi,run_0397,0.0,4.0,29.29,0,38.3261,0,0,0.0,0.0,28.784,0,33.2813,0,0,0.0,-4.0,-0.5060000000000002,0.0,-5.044799999999995,0.0,0.0
semi,run_0398,0.1089,7.0,29.605,0,51.6481,0,0,0.0,3.0,29.061,0,49.8154,0,0,-0.1089,-4.0,-0.5440000000000005,0.0,-1.8327000000000027,0.0,0.0
semi,run_0399,0.1089,6.0,29.633,0,61.0031,0,0,0.0272,4.0,29.247,1,62.488,0,1,-0.0817,-2.0,-0.38599999999999923,1.0,1.4848999999999961,0.0,1.0
semi,run_0400,0.2451,10.0,30.072,1,67.9065,0,1,0.0817,5.0,29.526,1,68.8305,0,1,-0.16340000000000002,-5.0,-0.5459999999999994,0.0,0.9240000000000066,0.0,0.0
semi,run_0401,0.3813,13.0,30.092,2,62.3806,0,2,0.1634,7.0,29.674,1,57.656,0,1,-0.21789999999999998,-6.0,-0.41799999999999926,-1.0,-4.724600000000002,0.0,-1.0
semi,run_0402,0.0,4.0,29.324,0,42.5217,0,0,0.0,1.0,28.83,0,39.2901,0,0,0.0,-3.0,-0.4940000000000033,0.0,-3.2316000000000003,0.0,0.0
semi,run_0403,0.2996,12.0,30.04,1,136.8909,0,1,0.1089,7.0,29.48,1,128.6352,0,1,-0.19069999999999998,-5.0,-0.5599999999999987,0.0,-8.25569999999999,0.0,0.0
semi,run_0404,0.2179,11.0,30.101,0,112.1885,0,0,0.1089,8.0,29.707,0,108.6911,0,0,-0.10900000000000001,-3.0,-0.39399999999999835,0.0,-3.497399999999999,0.0,0.0
semi,run_0405,0.0,2.0,28.936,0,45.6417,0,0,0.0,0.0,28.531,0,40.6667,0,0,0.0,-2.0,-0.40500000000000114,0.0,-4.975000000000001,0.0,0.0
semi,run_0406,0.0545,5.0,29.312,1,23.9988,0,1,0.0,0.0,28.759,0,22.7521,0,0,-0.0545,-5.0,-0.5530000000000008,-1.0,-1.2467000000000006,0.0,-1.0
semi,run_0407,0.2996,11.0,30.219,1,148.4857,0,1,0.1362,7.0,29.66,1,139.6254,0,2,-0.1634,-4.0,-0.559000000000001,0.0,-8.860299999999995,0.0,1.0
semi,run_0408,0.0817,5.0,29.34,0,54.8841,0,0,0.0,3.0,28.822,1,54.3487,0,1,-0.0817,-2.0,-0.5180000000000007,1.0,-0.5353999999999957,0.0,1.0
semi,run_0409,0.4085,13.0,30.23,4,35.3479,0,4,0.1362,7.0,29.713,3,32.5507,0,3,-0.2723,-6.0,-0.5169999999999995,-1.0,-2.7972000000000037,0.0,-1.0
semi,run_0410,1.3344,21.0,31.362,5,125.8219,0,5,0.9804,18.0,30.795,9,123.4716,0,9,-0.354,-3.0,-0.5669999999999966,4.0,-2.3503000000000043,0.0,4.0
semi,run_0411,0.0,3.0,28.976,0,47.6635,0,0,0.0,0.0,28.582,0,38.5491,0,0,0.0,-3.0,-0.39399999999999835,0.0,-9.114399999999996,0.0,0.0
semi,run_0412,0.2451,11.0,30.042,2,44.7834,0,2,0.1089,5.0,29.478,1,43.2954,0,1,-0.13620000000000002,-6.0,-0.5640000000000001,-1.0,-1.4879999999999995,0.0,-1.0
semi,run_0413,0.0,4.0,29.129,0,26.2686,0,0,0.0,0.0,28.669,0,23.9345,0,0,0.0,-4.0,-0.46000000000000085,0.0,-2.3340999999999994,0.0,0.0
semi,run_0414,0.0545,5.0,29.302,0,49.7715,0,0,0.0,3.0,28.891,0,41.6486,0,0,-0.0545,-2.0,-0.41100000000000136,0.0,-8.122900000000001,0.0,0.0
semi,run_0415,0.0545,4.0,29.192,0,50.3982,0,0,0.0,2.0,28.708,0,46.7053,0,0,-0.0545,-2.0,-0.48400000000000176,0.0,-3.6929000000000016,0.0,0.0
semi,run_0416,0.6264,13.0,30.63,1,137.0138,0,1,0.4085,12.0,30.39,1,137.8829,0,1,-0.21789999999999998,-1.0,-0.23999999999999844,0.0,0.8691000000000031,0.0,0.0
semi,run_0417,0.1906,9.0,29.914,1,92.1528,0,1,0.0817,5.0,29.452,1,87.0543,0,1,-0.1089,-4.0,-0.46199999999999974,0.0,-5.098500000000001,0.0,0.0
semi,run_0418,0.0272,4.0,29.252,0,73.1058,0,0,0.0,2.0,28.866,0,70.9438,0,0,-0.0272,-2.0,-0.38599999999999923,0.0,-2.162000000000006,0.0,0.0
semi,run_0419,0.0,4.0,29.165,4,22.7836,0,4,0.0,0.0,28.717,0,22.0586,0,0,0.0,-4.0,-0.4480000000000004,-4.0,-0.7250000000000014,0.0,-4.0
semi,run_0420,0.1089,9.0,29.747,1,58.9606,0,1,0.0545,5.0,29.246,0,55.7069,0,0,-0.0544,-4.0,-0.5010000000000012,-1.0,-3.253700000000002,0.0,-1.0
semi,run_0421,0.0817,6.0,29.534,0,128.885,0,0,0.0,4.0,29.121,0,107.1376,0,0,-0.0817,-2.0,-0.41300000000000026,0.0,-21.747399999999985,0.0,0.0
semi,run_0422,0.0545,5.0,29.326,2,41.3827,0,2,0.0,3.0,28.851,1,40.6453,0,1,-0.0545,-2.0,-0.4750000000000014,-1.0,-0.7374000000000009,0.0,-1.0
semi,run_0423,0.3813,12.0,30.376,0,104.301,0,0,0.2179,10.0,29.922,1,99.4357,0,1,-0.16339999999999996,-2.0,-0.4540000000000006,1.0,-4.865300000000005,0.0,1.0
semi,run_0424,0.2996,10.0,30.035,0,92.2155,0,0,0.1089,6.0,29.539,1,84.8367,0,1,-0.19069999999999998,-4.0,-0.49599999999999866,1.0,-7.3788000000000125,0.0,1.0
semi,run_0425,0.1089,6.0,29.593,0,56.1547,0,0,0.0272,5.0,29.157,0,54.3243,0,0,-0.0817,-1.0,-0.43599999999999994,0.0,-1.8303999999999974,0.0,0.0
semi,run_0426,0.0,3.0,28.962,0,38.7054,0,0,0.0,0.0,28.563,0,35.8472,0,0,0.0,-3.0,-0.3990000000000009,0.0,-2.8581999999999965,0.0,0.0
semi,run_0427,0.2451,12.0,30.242,2,53.607,0,2,0.1634,10.0,29.79,1,50.4932,0,1,-0.08170000000000002,-2.0,-0.45200000000000173,-1.0,-3.1137999999999977,0.0,-1.0
semi,run_0428,0.0,4.0,29.136,0,46.2878,0,0,0.0,2.0,28.79,0,43.598,0,0,0.0,-2.0,-0.3460000000000001,0.0,-2.689799999999998,0.0,0.0
semi,run_0429,0.354,13.0,30.458,1,141.5909,0,1,0.2451,10.0,29.909,1,137.3734,0,1,-0.10889999999999997,-3.0,-0.5489999999999995,0.0,-4.217500000000001,0.0,0.0
semi,run_0430,0.0,0.0,28.761,5,20.2347,0,5,0.0,0.0,28.289,0,20.2854,0,0,0.0,0.0,-0.47199999999999775,-5.0,0.05069999999999908,0.0,-5.0
semi,run_0431,0.2179,10.0,30.056,2,53.9734,0,2,0.1089,5.0,29.514,1,51.091,0,1,-0.10900000000000001,-5.0,-0.5420000000000016,-1.0,-2.882399999999997,0.0,-1.0
semi,run_0432,0.2451,10.0,30.043,0,52.7859,0,0,0.0817,5.0,29.484,0,51.536,0,0,-0.16340000000000002,-5.0,-0.5589999999999975,0.0,-1.2498999999999967,0.0,0.0
semi,run_0433,0.1089,9.0,29.905,0,123.159,0,0,0.0817,5.0,29.398,0,114.7324,0,0,-0.027200000000000002,-4.0,-0.5070000000000014,0.0,-8.426600000000008,0.0,0.0
semi,run_0434,0.0545,5.0,29.56,2,27.5133,0,2,0.0,0.0,29.091,1,27.1408,0,1,-0.0545,-5.0,-0.46899999999999764,-1.0,-0.3725000000000023,0.0,-1.0
semi,run_0435,0.1634,9.0,29.942,0,94.4252,0,0,0.0817,5.0,29.385,0,95.6496,0,0,-0.0817,-4.0,-0.5569999999999986,0.0,1.2244000000000028,0.0,0.0
semi,run_0436,0.0,5.0,29.205,0,34.2058,0,0,0.0,3.0,28.92,0,30.9035,0,0,0.0,-2.0,-0.2849999999999966,0.0,-3.3023000000000025,0.0,0.0
semi,run_0437,0.1089,8.0,29.76,0,202.9682,0,0,0.0545,4.0,29.31,0,209.9398,0,0,-0.0544,-4.0,-0.45000000000000284,0.0,6.971599999999995,0.0,0.0
semi,run_0438,0.0,2.0,28.885,0,51.1674,0,0,0.0,0.0,28.538,0,46.1489,0,0,0.0,-2.0,-0.3470000000000013,0.0,-5.018500000000003,0.0,0.0
semi,run_0439,0.5719,17.0,30.898,1,250.6578,0,1,0.4085,14.0,30.53,1,241.3121,0,1,-0.1634,-3.0,-0.36799999999999855,0.0,-9.345700000000022,0.0,0.0
semi,run_0440,0.0817,5.0,29.457,0,79.1389,0,0,0.0,4.0,29.107,0,69.3725,0,0,-0.0817,-1.0,-0.3500000000000014,0.0,-9.766400000000004,0.0,0.0
semi,run_0441,0.0817,5.0,29.314,2,28.5982,0,2,0.0,3.0,28.754,0,24.5915,0,0,-0.0817,-2.0,-0.5599999999999987,-2.0,-4.006699999999999,0.0,-2.0
semi,run_0442,0.2451,11.0,30.141,0,90.2042,0,0,0.1089,5.0,29.584,1,85.0542,0,1,-0.13620000000000002,-6.0,-0.5569999999999986,1.0,-5.150000000000006,0.0,1.0
semi,run_0443,0.1089,5.0,29.58,2,27.5777,0,2,0.0,4.0,29.005,1,27.4208,0,1,-0.1089,-1.0,-0.5749999999999993,-1.0,-0.15690000000000026,0.0,-1.0
semi,run_0444,0.7353,13.0,30.661,7,31.0213,0,7,0.3268,12.0,30.131,7,29.411,0,7,-0.4085,-1.0,-0.5300000000000011,0.0,-1.6102999999999987,0.0,0.0
semi,run_0445,0.0,4.0,29.123,0,55.643,0,0,0.0,2.0,28.73,0,52.5958,0,0,0.0,-2.0,-0.3930000000000007,0.0,-3.0472000000000037,0.0,0.0
semi,run_0446,0.2179,10.0,29.892,1,58.1585,0,1,0.0817,5.0,29.401,1,57.9763,0,1,-0.13620000000000002,-5.0,-0.49099999999999966,0.0,-0.1821999999999946,0.0,0.0
semi,run_0447,0.0,2.0,28.856,0,32.9184,0,0,0.0,0.0,28.518,0,33.3566,0,0,0.0,-2.0,-0.33800000000000097,0.0,0.4382000000000019,0.0,0.0
semi,run_0448,0.2179,9.0,29.913,1,57.3107,0,1,0.0817,5.0,29.345,1,56.6429,0,1,-0.13620000000000002,-4.0,-0.5680000000000014,0.0,-0.6677999999999997,0.0,0.0
semi,run_0449,0.1089,9.0,29.644,0,120.5831,0,0,0.0545,5.0,29.341,0,105.1134,0,0,-0.0544,-4.0,-0.30299999999999727,0.0,-15.469700000000003,0.0,0.0
semi,run_0450,0.2451,9.0,29.877,2,37.1189,0,2,0.0817,5.0,29.331,1,35.6457,0,1,-0.16340000000000002,-4.0,-0.5459999999999994,-1.0,-1.4731999999999985,0.0,-1.0
semi,run_0451,0.0,4.0,29.1,0,47.0445,0,0,0.0,1.0,28.664,0,44.0498,0,0,0.0,-3.0,-0.43599999999999994,0.0,-2.9947000000000017,0.0,0.0
semi,run_0452,0.2723,9.0,29.992,11,28.9112,0,11,0.0272,5.0,29.515,7,28.3721,0,7,-0.24509999999999998,-4.0,-0.4770000000000003,-4.0,-0.5391000000000012,0.0,-4.0
semi,run_0453,0.1089,6.0,29.522,0,54.5388,0,0,0.0,2.0,28.91,0,52.7261,0,0,-0.1089,-4.0,-0.6119999999999983,0.0,-1.8126999999999995,0.0,0.0
semi,run_0454,0.1362,7.0,29.648,1,45.7051,0,1,0.0545,5.0,29.168,1,43.5212,0,1,-0.0817,-2.0,-0.4800000000000004,0.0,-2.1839000000000013,0.0,0.0
semi,run_0455,0.0,4.0,29.088,0,41.0081,0,0,0.0,2.0,28.708,0,39.7505,0,0,0.0,-2.0,-0.38000000000000256,0.0,-1.2575999999999965,0.0,0.0
semi,run_0456,0.1089,7.0,29.673,1,75.0964,0,1,0.0545,5.0,29.274,0,67.5007,0,0,-0.0544,-2.0,-0.39899999999999736,-1.0,-7.595700000000008,0.0,-1.0
semi,run_0457,0.4085,13.0,30.303,3,86.321,0,3,0.2451,10.0,29.882,2,82.0147,0,2,-0.16339999999999996,-3.0,-0.4209999999999994,-1.0,-4.306299999999993,0.0,-1.0
semi,run_0458,0.0,0.0,28.561,12,12.3625,0,12,0.0,0.0,27.866,2,12.2154,0,2,0.0,0.0,-0.6950000000000003,-10.0,-0.1471,0.0,-10.0
semi,run_0459,0.1634,10.0,29.794,1,168.2504,0,1,0.1089,7.0,29.567,1,142.9554,0,1,-0.05449999999999999,-3.0,-0.2270000000000003,0.0,-25.295000000000016,0.0,0.0
semi,run_0460,0.2451,13.0,30.28,2,57.0687,0,2,0.1089,5.0,29.587,1,56.4808,0,1,-0.13620000000000002,-8.0,-0.6930000000000014,-1.0,-0.5878999999999976,0.0,-1.0
semi,run_0461,0.1634,11.0,29.98,1,136.1038,0,1,0.1089,7.0,29.621,1,116.2955,0,1,-0.05449999999999999,-4.0,-0.35900000000000176,0.0,-19.808300000000003,0.0,0.0
semi,run_0462,0.2179,11.0,30.17,0,321.0789,0,15,0.0817,5.0,29.531,0,324.5067,0,3,-0.13620000000000002,-6.0,-0.6390000000000029,0.0,3.4278000000000475,0.0,-12.0
semi,run_0463,0.1089,6.0,29.619,0,37.8237,0,0,0.0,5.0,29.13,0,36.0738,0,0,-0.1089,-1.0,-0.48900000000000077,0.0,-1.7499000000000038,0.0,0.0
semi,run_0464,0.5174,14.0,30.48,2,77.1023,0,2,0.2451,10.0,29.987,2,74.7654,0,2,-0.2723,-4.0,-0.4930000000000021,0.0,-2.3369,0.0,0.0
semi,run_0465,0.0817,5.0,29.54,0,75.2904,0,0,0.0,4.0,29.121,0,66.3777,0,0,-0.0817,-1.0,-0.4190000000000005,0.0,-8.912700000000001,0.0,0.0
semi,run_0466,0.0817,5.0,29.308,1,28.7303,0,1,0.0,2.0,28.787,0,26.9334,0,0,-0.0817,-3.0,-0.5210000000000008,-1.0,-1.7969000000000008,0.0,-1.0
semi,run_0467,0.0817,7.0,29.617,0,42.1158,0,0,0.0,5.0,29.142,0,39.3346,0,0,-0.0817,-2.0,-0.4750000000000014,0.0,-2.7811999999999983,0.0,0.0
semi,run_0468,0.0,0.0,29.013,5,14.205,0,5,0.0,0.0,28.49,2,14.2798,0,2,0.0,0.0,-0.5230000000000032,-3.0,0.07479999999999976,0.0,-3.0
semi,run_0469,0.0545,5.0,29.346,0,69.7974,0,0,0.0,3.0,28.999,0,63.8734,0,0,-0.0545,-2.0,-0.3470000000000013,0.0,-5.9239999999999995,0.0,0.0
semi,run_0470,0.0817,5.0,29.536,2,43.3804,0,2,0.0,3.0,29.087,1,43.8772,0,1,-0.0817,-2.0,-0.4490000000000016,-1.0,0.49680000000000035,0.0,-1.0
semi,run_0471,0.2451,11.0,30.164,0,169.314,0,0,0.1089,7.0,29.641,0,160.0242,0,0,-0.13620000000000002,-4.0,-0.5230000000000032,0.0,-9.289799999999985,0.0,0.0
semi,run_0472,0.463,12.0,30.328,1,51.9516,0,1,0.2179,9.0,29.812,1,50.7556,0,1,-0.2451,-3.0,-0.5159999999999982,0.0,-1.195999999999998,0.0,0.0
semi,run_0473,0.2179,9.0,29.906,2,24.3289,0,2,0.0,5.0,29.237,1,22.8066,0,1,-0.2179,-4.0,-0.6690000000000005,-1.0,-1.5223000000000013,0.0,-1.0
semi,run_0474,0.0,0.0,29.066,5,27.8659,0,5,0.0,0.0,28.414,2,27.8349,0,2,0.0,0.0,-0.6519999999999975,-3.0,-0.030999999999998806,0.0,-3.0
semi,run_0475,0.1089,7.0,29.561,0,65.6787,0,0,0.0,4.0,28.969,0,61.5818,0,0,-0.1089,-3.0,-0.5919999999999987,0.0,-4.096900000000005,0.0,0.0
semi,run_0476,0.0817,5.0,29.586,2,40.4935,0,2,0.0,3.0,29.148,1,40.8889,0,1,-0.0817,-2.0,-0.43799999999999883,-1.0,0.3954000000000022,0.0,-1.0
semi,run_0477,0.1089,9.0,29.758,0,107.7874,0,0,0.0817,5.0,29.404,0,93.9699,0,0,-0.027200000000000002,-4.0,-0.3539999999999992,0.0,-13.81750000000001,0.0,0.0
semi,run_0478,0.0,3.0,28.933,0,46.5991,0,0,0.0,0.0,28.412,0,46.2349,0,0,0.0,-3.0,-0.5210000000000008,0.0,-0.36419999999999675,0.0,0.0
semi,run_0479,0.0545,4.0,29.193,2,65.808,0,2,0.0,0.0,28.627,1,65.7526,0,1,-0.0545,-4.0,-0.5660000000000025,-1.0,-0.05540000000000589,0.0,-1.0
semi,run_0480,0.0,4.0,29.177,0,29.6618,0,0,0.0,0.0,28.635,0,28.2853,0,0,0.0,-4.0,-0.541999999999998,0.0,-1.3765,0.0,0.0
semi,run_0481,0.2451,10.0,29.95,1,113.8443,0,1,0.1089,7.0,29.663,1,103.4839,0,1,-0.13620000000000002,-3.0,-0.28699999999999903,0.0,-10.360399999999998,0.0,0.0
semi,run_0482,0.0,2.0,28.918,0,21.3945,0,0,0.0,0.0,28.348,0,18.8059,0,0,0.0,-2.0,-0.5700000000000003,0.0,-2.5885999999999996,0.0,0.0
semi,run_0483,0.2451,10.0,29.988,2,68.4849,0,2,0.1089,6.0,29.583,1,69.6156,0,1,-0.13620000000000002,-4.0,-0.40500000000000114,-1.0,1.1307000000000045,0.0,-1.0
semi,run_0484,0.1089,10.0,29.712,0,76.0042,0,0,0.0817,6.0,29.41,0,67.597,0,0,-0.027200000000000002,-4.0,-0.3019999999999996,0.0,-8.407200000000003,0.0,0.0
semi,run_0485,0.0,3.0,28.988,2,16.0052,0,2,0.0,0.0,28.564,2,15.6368,0,2,0.0,-3.0,-0.4239999999999995,0.0,-0.3683999999999994,0.0,0.0
semi,run_0486,0.1362,9.0,29.847,1,103.1736,0,1,0.0545,5.0,29.23,1,99.3225,0,1,-0.0817,-4.0,-0.6170000000000009,0.0,-3.851099999999988,0.0,0.0
semi,run_0487,0.0272,4.0,29.269,0,43.7726,0,0,0.0,0.0,28.777,0,40.1275,0,0,-0.0272,-4.0,-0.49199999999999733,0.0,-3.6450999999999993,0.0,0.0
semi,run_0488,0.1362,6.0,29.636,2,42.8056,0,2,0.0,5.0,29.179,1,42.215,0,1,-0.1362,-1.0,-0.45700000000000074,-1.0,-0.5905999999999949,0.0,-1.0
semi,run_0489,0.0817,5.0,29.405,0,46.8989,0,0,0.0,3.0,28.873,0,44.4282,0,0,-0.0817,-2.0,-0.532,0.0,-2.470700000000001,0.0,0.0
semi,run_0490,0.0272,4.0,29.459,0,34.7856,0,0,0.0,2.0,28.951,0,32.1688,0,0,-0.0272,-2.0,-0.5079999999999991,0.0,-2.616800000000005,0.0,0.0
semi,run_0491,0.0,4.0,29.1,0,40.9687,0,0,0.0,0.0,28.613,0,39.0687,0,0,0.0,-4.0,-0.4870000000000019,0.0,-1.8999999999999986,0.0,0.0
semi,run_0492,1.3344,22.0,31.458,12,88.8786,0,13,0.817,18.0,30.878,22,84.7211,0,29,-0.5174000000000001,-4.0,-0.5799999999999983,10.0,-4.157499999999999,0.0,16.0
semi,run_0493,0.0,3.0,28.922,0,30.3451,0,0,0.0,0.0,28.455,0,27.1751,0,0,0.0,-3.0,-0.4670000000000023,0.0,-3.169999999999998,0.0,0.0
semi,run_0494,0.0817,5.0,29.451,0,61.2543,0,0,0.0,3.0,29.132,0,56.7547,0,0,-0.0817,-2.0,-0.31899999999999906,0.0,-4.499600000000001,0.0,0.0
semi,run_0495,0.2451,11.0,30.017,0,95.3749,0,0,0.1089,6.0,29.496,1,91.9945,0,1,-0.13620000000000002,-5.0,-0.5210000000000008,1.0,-3.3803999999999945,0.0,1.0
semi,run_0496,0.0,0.0,28.333,0,16.0092,0,0,0.0,0.0,27.912,0,15.8418,0,0,0.0,0.0,-0.4209999999999994,0.0,-0.16740000000000066,0.0,0.0
semi,run_0497,0.2451,11.0,30.128,1,225.6374,0,1,0.1089,6.0,29.627,0,195.5626,0,0,-0.13620000000000002,-5.0,-0.5010000000000012,-1.0,-30.07480000000001,0.0,-1.0
semi,run_0498,0.0,3.0,28.988,0,36.5665,0,0,0.0,0.0,28.619,0,36.4021,0,0,0.0,-3.0,-0.3689999999999998,0.0,-0.16440000000000055,0.0,0.0
semi,run_0499,0.1089,5.0,29.669,2,26.1277,0,2,0.0,4.0,29.031,1,25.2079,0,1,-0.1089,-1.0,-0.6380000000000017,-1.0,-0.9198000000000022,0.0,-1.0
semi,run_0500,0.0272,4.0,29.165,0,36.4104,0,0,0.0,1.0,28.641,0,34.0816,0,0,-0.0272,-3.0,-0.5240000000000009,0.0,-2.328800000000001,0.0,0.0
semi,run_0501,0.0,0.0,28.248,2,16.6862,0,2,0.0,0.0,27.577,0,16.3464,0,0,0.0,0.0,-0.6709999999999994,-2.0,-0.3398000000000003,0.0,-2.0
semi,run_0502,0.2179,10.0,30.087,0,110.1747,0,0,0.0817,5.0,29.595,1,114.2221,0,1,-0.13620000000000002,-5.0,-0.4920000000000009,1.0,4.047399999999996,0.0,1.0
semi,run_0503,0.2451,10.0,30.076,0,91.2084,0,0,0.0817,5.0,29.522,0,91.8011,0,0,-0.16340000000000002,-5.0,-0.554000000000002,0.0,0.5927000000000078,0.0,0.0
semi,run_0504,0.5991,14.0,30.424,3,42.4841,0,3,0.3268,13.0,30.035,5,41.1901,0,5,-0.2723,-1.0,-0.38899999999999935,2.0,-1.293999999999997,0.0,2.0
semi,run_0505,0.5991,14.0,30.4,11,22.2029,0,11,0.2451,10.0,29.906,7,20.689,0,7,-0.354,-4.0,-0.4939999999999998,-4.0,-1.5138999999999996,0.0,-4.0
semi,run_0506,0.0,4.0,29.075,3,11.8655,0,3,0.0,0.0,28.491,1,11.9036,0,1,0.0,-4.0,-0.5839999999999996,-2.0,0.03810000000000002,0.0,-2.0
semi,run_0507,0.354,12.0,30.073,2,39.3348,0,2,0.1362,7.0,29.631,1,37.9817,0,1,-0.2178,-5.0,-0.44200000000000017,-1.0,-1.3531000000000049,0.0,-1.0
semi,run_0508,0.1089,8.0,29.818,0,78.2452,0,0,0.0545,4.0,29.349,0,78.6337,0,0,-0.0544,-4.0,-0.4690000000000012,0.0,0.3885000000000076,0.0,0.0
semi,run_0509,0.2996,11.0,30.212,0,82.6444,0,0,0.1089,5.0,29.623,1,84.644,0,1,-0.19069999999999998,-6.0,-0.5889999999999986,1.0,1.999600000000001,0.0,1.0
semi,run_0510,0.1089,6.0,29.615,0,71.8297,0,0,0.0,4.0,29.036,0,68.8417,0,0,-0.1089,-2.0,-0.5789999999999971,0.0,-2.9879999999999995,0.0,0.0
semi,run_0511,0.0817,5.0,29.273,2,29.0915,0,2,0.0,3.0,28.847,1,28.9069,0,1,-0.0817,-2.0,-0.4259999999999984,-1.0,-0.18459999999999965,0.0,-1.0
semi,run_0512,0.0817,5.0,29.432,0,42.2129,0,0,0.0,3.0,28.92,0,41.7637,0,0,-0.0817,-2.0,-0.5119999999999969,0.0,-0.4491999999999976,0.0,0.0
semi,run_0513,0.2451,9.0,29.936,2,44.9553,0,2,0.0817,6.0,29.47,1,43.1727,0,1,-0.16340000000000002,-3.0,-0.4660000000000011,-1.0,-1.7826000000000022,0.0,-1.0
semi,run_0514,0.8442,20.0,31.178,1,234.6173,0,1,0.4085,12.0,30.51,1,242.013,0,1,-0.4357,-8.0,-0.6679999999999993,0.0,7.395700000000005,0.0,0.0
semi,run_0515,0.0,4.0,29.073,0,37.7136,0,0,0.0,0.0,28.621,0,37.7724,0,0,0.0,-4.0,-0.45200000000000173,0.0,0.058799999999997965,0.0,0.0
semi,run_0516,0.0,0.0,28.991,1,23.787,0,1,0.0,0.0,28.484,0,22.7946,0,0,0.0,0.0,-0.5069999999999979,-1.0,-0.9924,0.0,-1.0
semi,run_0517,0.3268,11.0,30.349,0,186.1155,0,0,0.1362,9.0,29.867,1,187.7504,0,1,-0.1906,-2.0,-0.4819999999999993,1.0,1.634900000000016,0.0,1.0
semi,run_0518,0.354,11.0,30.215,1,104.8596,0,1,0.1089,6.0,29.648,1,102.2697,0,1,-0.24509999999999998,-5.0,-0.5670000000000002,0.0,-2.5899,0.0,0.0
semi,run_0519,0.1089,8.0,29.828,0,145.3969,0,3,0.0545,4.0,29.269,0,138.4249,0,0,-0.0544,-4.0,-0.559000000000001,0.0,-6.97199999999998,0.0,-3.0
semi,run_0520,0.0,3.0,28.859,0,37.5196,0,0,0.0,0.0,28.486,0,35.1478,0,0,0.0,-3.0,-0.3730000000000011,0.0,-2.3718000000000004,0.0,0.0
semi,run_0521,0.0817,5.0,29.401,0,59.1966,0,0,0.0,3.0,29.005,0,54.9166,0,0,-0.0817,-2.0,-0.3960000000000008,0.0,-4.279999999999994,0.0,0.0
semi,run_0522,0.0817,5.0,29.435,1,45.2562,0,1,0.0,3.0,29.042,1,41.912,0,1,-0.0817,-2.0,-0.39299999999999713,0.0,-3.3442000000000007,0.0,0.0
semi,run_0523,0.9259,17.0,30.804,2,188.3265,0,2,0.6808,14.0,30.471,1,180.8371,0,1,-0.24509999999999998,-3.0,-0.3329999999999984,-1.0,-7.489400000000018,0.0,-1.0
semi,run_0524,0.1089,9.0,29.701,0,129.1619,0,0,0.0545,5.0,29.276,0,114.8243,0,0,-0.0544,-4.0,-0.4250000000000007,0.0,-14.337600000000009,0.0,0.0
semi,run_0525,0.0,3.0,28.96,0,25.9406,0,0,0.0,0.0,28.494,0,23.847,0,0,0.0,-3.0,-0.4660000000000011,0.0,-2.0935999999999986,0.0,0.0
semi,run_0526,0.0,3.0,29.018,0,30.9361,0,0,0.0,0.0,28.53,0,29.3843,0,0,0.0,-3.0,-0.48799999999999955,0.0,-1.5518,0.0,0.0
semi,run_0527,0.0,0.0,28.603,0,24.4339,0,0,0.0,0.0,28.105,0,23.6458,0,0,0.0,0.0,-0.4980000000000011,0.0,-0.7881,0.0,0.0
semi,run_0528,0.1089,9.0,29.693,0,43.5388,0,0,0.0545,5.0,29.162,0,42.4877,0,0,-0.0544,-4.0,-0.5310000000000024,0.0,-1.0511000000000053,0.0,0.0
semi,run_0529,0.2451,10.0,29.963,1,101.6318,0,1,0.0817,5.0,29.498,1,93.335,0,1,-0.16340000000000002,-5.0,-0.46499999999999986,0.0,-8.296800000000005,0.0,0.0
semi,run_0530,0.0,2.0,29.087,5,5.7812,0,5,0.0,0.0,28.622,2,5.193,0,2,0.0,-2.0,-0.46499999999999986,-3.0,-0.5882000000000005,0.0,-3.0
semi,run_0531,0.1906,9.0,29.849,0,100.5348,0,0,0.0,4.0,29.402,0,95.7032,0,0,-0.1906,-5.0,-0.4469999999999992,0.0,-4.831600000000009,0.0,0.0
semi,run_0532,0.0817,5.0,29.407,0,59.6473,0,0,0.0,3.0,29.02,0,57.1988,0,0,-0.0817,-2.0,-0.38700000000000045,0.0,-2.448500000000003,0.0,0.0
semi,run_0533,0.0,2.0,28.92,0,24.5774,0,0,0.0,0.0,28.45,0,24.2545,0,0,0.0,-2.0,-0.4700000000000024,0.0,-0.32290000000000063,0.0,0.0
semi,run_0534,0.0817,5.0,29.38,0,92.1926,0,2,0.0,3.0,28.938,0,87.1291,0,0,-0.0817,-2.0,-0.44200000000000017,0.0,-5.063500000000005,0.0,-2.0
semi,run_0535,0.0545,5.0,29.473,2,36.308,0,2,0.0,0.0,28.985,0,34.3959,0,0,-0.0545,-5.0,-0.48799999999999955,-2.0,-1.9121000000000024,0.0,-2.0
semi,run_0536,0.1089,6.0,29.622,0,44.8767,0,0,0.0272,5.0,29.15,0,44.6388,0,0,-0.0817,-1.0,-0.4720000000000013,0.0,-0.23789999999999623,0.0,0.0
semi,run_0537,0.1634,9.0,29.876,0,114.9055,0,0,0.0817,5.0,29.348,0,115.0396,0,0,-0.0817,-4.0,-0.5280000000000022,0.0,0.13409999999998945,0.0,0.0
semi,run_0538,0.0,3.0,28.93,0,52.5389,0,0,0.0,0.0,28.42,0,52.1779,0,0,0.0,-3.0,-0.509999999999998,0.0,-0.3609999999999971,0.0,0.0
semi,run_0539,0.2996,11.0,30.237,1,98.5464,0,1,0.1089,5.0,29.609,1,94.4501,0,1,-0.19069999999999998,-6.0,-0.6279999999999966,0.0,-4.096299999999999,0.0,0.0
semi,run_0540,0.1362,8.0,29.729,1,45.6331,0,1,0.0,5.0,29.114,0,43.4335,0,0,-0.1362,-3.0,-0.6149999999999984,-1.0,-2.1995999999999967,0.0,-1.0
semi,run_0541,0.1089,6.0,29.628,0,74.0423,0,0,0.0,4.0,29.101,0,72.1192,0,0,-0.1089,-2.0,-0.527000000000001,0.0,-1.923099999999991,0.0,0.0
semi,run_0542,0.0,2.0,28.814,0,33.863,0,0,0.0,0.0,28.431,0,30.825,0,0,0.0,-2.0,-0.3829999999999991,0.0,-3.0380000000000003,0.0,0.0
semi,run_0543,0.1362,7.0,29.66,1,48.0635,0,1,0.0,5.0,29.136,1,46.7049,0,1,-0.1362,-2.0,-0.5240000000000009,0.0,-1.3585999999999956,0.0,0.0
semi,run_0544,0.0545,5.0,29.303,2,23.3255,0,2,0.0,3.0,28.698,1,22.8887,0,1,-0.0545,-2.0,-0.6050000000000004,-1.0,-0.43680000000000163,0.0,-1.0
semi,run_0545,0.0545,5.0,29.334,0,46.0609,0,0,0.0,3.0,28.872,0,42.199,0,0,-0.0545,-2.0,-0.46199999999999974,0.0,-3.8618999999999986,0.0,0.0
semi,run_0546,0.0,4.0,29.154,0,25.6193,0,0,0.0,0.0,28.673,0,22.7982,0,0,0.0,-4.0,-0.48100000000000165,0.0,-2.8210999999999977,0.0,0.0
semi,run_0547,0.5991,14.0,30.553,5,112.1503,0,6,0.4085,12.0,30.165,2,108.2101,0,2,-0.1906,-2.0,-0.3880000000000017,-3.0,-3.9402000000000044,0.0,-4.0
semi,run_0548,0.0545,5.0,29.407,2,39.0598,0,2,0.0,3.0,28.897,1,38.5877,0,1,-0.0545,-2.0,-0.5100000000000016,-1.0,-0.4721000000000046,0.0,-1.0
semi,run_0549,0.1089,7.0,29.685,0,90.6062,0,0,0.0272,4.0,29.181,1,86.9527,0,1,-0.0817,-3.0,-0.5039999999999978,1.0,-3.653500000000008,0.0,1.0
semi,run_0550,0.0,2.0,28.762,0,30.7689,0,0,0.0,0.0,28.304,0,29.5906,0,0,0.0,-2.0,-0.45800000000000196,0.0,-1.1783000000000001,0.0,0.0
semi,run_0551,0.0,0.0,28.445,4,12.6649,0,4,0.0,0.0,27.963,0,12.5458,0,0,0.0,0.0,-0.4819999999999993,-4.0,-0.11909999999999954,0.0,-4.0
semi,run_0552,0.354,11.0,30.136,1,108.0487,0,1,0.1362,8.0,29.696,1,103.0056,0,1,-0.2178,-3.0,-0.4399999999999977,0.0,-5.0430999999999955,0.0,0.0
semi,run_0553,0.0,0.0,28.828,0,23.8718,0,0,0.0,0.0,28.296,0,19.9582,0,0,0.0,0.0,-0.532,0.0,-3.913599999999999,0.0,0.0
semi,run_0554,0.3268,11.0,30.232,4,113.6797,0,8,0.1089,6.0,29.713,2,113.7374,0,7,-0.21789999999999998,-5.0,-0.5189999999999984,-2.0,0.057699999999996976,0.0,-1.0
semi,run_0555,0.0545,5.0,29.192,1,33.9217,0,1,0.0,0.0,28.806,0,33.3119,0,0,-0.0545,-5.0,-0.38599999999999923,-1.0,-0.6097999999999999,0.0,-1.0
semi,run_0556,0.3813,12.0,30.311,1,118.204,0,1,0.1362,9.0,29.725,1,110.3518,0,1,-0.24509999999999998,-3.0,-0.5859999999999985,0.0,-7.852199999999996,0.0,0.0
semi,run_0557,0.1089,8.0,29.802,0,116.8839,0,0,0.0272,4.0,29.175,0,111.253,0,0,-0.0817,-4.0,-0.6269999999999989,0.0,-5.630899999999997,0.0,0.0
semi,run_0558,0.0817,5.0,29.392,0,59.2472,0,0,0.0,3.0,28.961,0,53.5821,0,0,-0.0817,-2.0,-0.43100000000000094,0.0,-5.6651000000000025,0.0,0.0
semi,run_0559,0.1089,8.0,29.799,0,64.4644,0,0,0.0817,5.0,29.316,0,60.5595,0,0,-0.027200000000000002,-3.0,-0.48300000000000054,0.0,-3.904899999999998,0.0,0.0
semi,run_0560,0.0272,5.0,29.237,0,37.9145,0,0,0.0,3.0,28.805,1,36.8987,0,1,-0.0272,-2.0,-0.4319999999999986,1.0,-1.0157999999999987,0.0,1.0
semi,run_0561,0.0545,4.0,29.182,0,55.0808,0,0,0.0,2.0,28.772,0,53.3657,0,0,-0.0545,-2.0,-0.41000000000000014,0.0,-1.7151000000000067,0.0,0.0
semi,run_0562,0.0545,5.0,29.373,0,46.7667,0,0,0.0,2.0,28.899,0,47.1523,0,0,-0.0545,-3.0,-0.4740000000000002,0.0,0.3855999999999966,0.0,0.0
semi,run_0563,0.0545,5.0,29.433,0,80.2533,0,0,0.0,2.0,28.893,0,76.6555,0,0,-0.0545,-3.0,-0.5399999999999991,0.0,-3.5977999999999923,0.0,0.0
semi,run_0564,0.2451,11.0,30.109,3,31.8771,0,3,0.1089,6.0,29.589,2,29.9295,0,2,-0.13620000000000002,-5.0,-0.5200000000000031,-1.0,-1.9475999999999978,0.0,-1.0
semi,run_0565,0.1634,9.0,29.968,0,57.11,0,0,0.0817,5.0,29.42,0,55.8628,0,0,-0.0817,-4.0,-0.5479999999999983,0.0,-1.2471999999999994,0.0,0.0
semi,run_0566,0.1634,9.0,29.831,0,90.1441,0,0,0.0545,4.0,29.315,0,85.9643,0,0,-0.1089,-5.0,-0.5159999999999982,0.0,-4.1798,0.0,0.0
semi,run_0567,0.6808,15.0,30.534,6,59.3243,0,6,0.354,13.0,30.177,7,53.8519,0,7,-0.3268,-2.0,-0.3569999999999993,1.0,-5.4724,0.0,1.0
semi,run_0568,0.2451,11.0,30.061,0,96.9493,0,0,0.1089,9.0,29.699,1,88.4032,0,1,-0.13620000000000002,-2.0,-0.3619999999999983,1.0,-8.546099999999996,0.0,1.0
semi,run_0569,0.0817,5.0,29.57,0,41.9121,0,0,0.0,3.0,28.976,0,41.782,0,0,-0.0817,-2.0,-0.5940000000000012,0.0,-0.13010000000000588,0.0,0.0
semi,run_0570,0.0817,5.0,29.466,0,44.8235,0,0,0.0,3.0,28.99,0,42.2464,0,0,-0.0817,-2.0,-0.47600000000000264,0.0,-2.5771000000000015,0.0,0.0
semi,run_0571,0.1089,9.0,29.842,0,125.1255,0,0,0.0545,5.0,29.289,0,117.8928,0,0,-0.0544,-4.0,-0.5529999999999973,0.0,-7.232700000000008,0.0,0.0
semi,run_0572,0.2179,11.0,30.106,0,160.6414,0,0,0.1089,8.0,29.676,0,148.6003,0,0,-0.10900000000000001,-3.0,-0.43000000000000327,0.0,-12.0411,0.0,0.0
semi,run_0573,0.0817,6.0,29.52,2,28.5078,0,2,0.0,0.0,28.976,1,28.0951,0,1,-0.0817,-6.0,-0.5440000000000005,-1.0,-0.41270000000000095,0.0,-1.0
semi,run_0574,0.1089,6.0,29.639,0,55.1718,0,0,0.0,4.0,29.023,0,52.9122,0,0,-0.1089,-2.0,-0.6159999999999997,0.0,-2.259599999999999,0.0,0.0
semi,run_0575,0.0,4.0,29.091,0,44.4391,0,0,0.0,2.0,28.736,0,41.8519,0,0,0.0,-2.0,-0.3550000000000004,0.0,-2.587200000000003,0.0,0.0
semi,run_0576,0.0,2.0,28.823,0,38.5326,0,0,0.0,0.0,28.388,0,36.0446,0,0,0.0,-2.0,-0.4349999999999987,0.0,-2.4879999999999995,0.0,0.0
semi,run_0577,0.0,0.0,28.384,0,17.186,0,0,0.0,0.0,27.885,0,16.2897,0,0,0.0,0.0,-0.4989999999999988,0.0,-0.8963000000000001,0.0,0.0
semi,run_0578,0.1362,9.0,29.863,0,88.3516,0,0,0.0545,5.0,29.261,0,84.4612,0,0,-0.0817,-4.0,-0.6020000000000003,0.0,-3.8903999999999996,0.0,0.0
semi,run_0579,0.0817,5.0,29.487,0,49.718,0,0,0.0,3.0,28.945,0,49.2901,0,0,-0.0817,-2.0,-0.541999999999998,0.0,-0.42790000000000106,0.0,0.0
semi,run_0580,1.3344,19.0,31.083,4,236.8526,0,19,0.9259,15.0,30.615,2,245.4755,0,41,-0.4085000000000001,-4.0,-0.46799999999999997,-2.0,8.622900000000016,0.0,22.0
semi,run_0581,0.817,19.0,31.042,1,246.6474,0,1,0.5991,14.0,30.566,2,231.5148,0,2,-0.21789999999999998,-5.0,-0.47600000000000264,1.0,-15.132599999999996,0.0,1.0
semi,run_0582,0.5991,15.0,30.452,2,86.7548,0,3,0.4085,12.0,30.097,3,87.6397,0,10,-0.1906,-3.0,-0.3550000000000004,1.0,0.8849000000000018,0.0,7.0
semi,run_0583,0.0272,5.0,29.192,1,33.2108,0,1,0.0,3.0,28.78,0,30.1549,0,0,-0.0272,-2.0,-0.41199999999999903,-1.0,-3.0558999999999976,0.0,-1.0
semi,run_0584,0.2723,11.0,30.109,0,133.6911,0,0,0.1089,7.0,29.605,1,125.3972,0,1,-0.1634,-4.0,-0.5040000000000013,1.0,-8.293900000000008,0.0,1.0
semi,run_0585,1.4706,23.0,31.494,1,324.5564,0,1,1.2527,22.0,31.22,2,340.0929,0,2,-0.21789999999999998,-1.0,-0.2740000000000009,1.0,15.53649999999999,0.0,1.0
semi,run_0586,0.0817,5.0,29.263,1,35.9925,0,1,0.0,3.0,28.749,0,34.0528,0,0,-0.0817,-2.0,-0.5140000000000029,-1.0,-1.939700000000002,0.0,-1.0
semi,run_0587,0.0,0.0,28.721,2,20.4751,0,2,0.0,0.0,28.071,0,19.7689,0,0,0.0,0.0,-0.6499999999999986,-2.0,-0.7062000000000026,0.0,-2.0
semi,run_0588,0.1906,9.0,29.834,0,67.5842,0,0,0.0545,4.0,29.435,0,63.2317,0,0,-0.1361,-5.0,-0.3990000000000009,0.0,-4.352499999999999,0.0,0.0
semi,run_0589,0.0817,5.0,29.503,1,44.9374,0,1,0.0,3.0,28.997,0,44.5464,0,0,-0.0817,-2.0,-0.5060000000000002,-1.0,-0.39099999999999824,0.0,-1.0
semi,run_0590,0.5719,13.0,30.573,1,104.0457,0,1,0.2451,10.0,30.024,1,108.3981,0,1,-0.3268,-3.0,-0.5489999999999995,0.0,4.352400000000003,0.0,0.0
semi,run_0591,0.0,3.0,28.933,0,36.922,0,0,0.0,0.0,28.518,0,35.3799,0,0,0.0,-3.0,-0.41499999999999915,0.0,-1.5420999999999978,0.0,0.0
semi,run_0592,0.0,4.0,29.157,0,39.8315,0,0,0.0,0.0,28.624,0,36.9014,0,0,0.0,-4.0,-0.5330000000000013,0.0,-2.930099999999996,0.0,0.0
semi,run_0593,0.3813,13.0,30.559,3,62.8086,0,3,0.2451,9.0,30.062,4,59.3958,0,4,-0.13619999999999996,-4.0,-0.4969999999999999,1.0,-3.412799999999997,0.0,1.0
semi,run_0594,0.0,4.0,29.032,0,45.5282,0,0,0.0,0.0,28.631,0,41.2629,0,0,0.0,-4.0,-0.4009999999999998,0.0,-4.265299999999996,0.0,0.0
semi,run_0595,0.1089,7.0,29.652,0,117.2492,0,0,0.0272,4.0,29.151,0,97.7495,0,0,-0.0817,-3.0,-0.5010000000000012,0.0,-19.499700000000004,0.0,0.0
semi,run_0596,0.0545,4.0,29.369,0,67.8038,0,0,0.0,2.0,28.877,0,68.3283,0,0,-0.0545,-2.0,-0.4920000000000009,0.0,0.5245000000000033,0.0,0.0
semi,run_0597,0.1089,9.0,29.798,0,67.1994,0,0,0.0,4.0,29.236,0,68.4483,0,0,-0.1089,-5.0,-0.5619999999999976,0.0,1.2489000000000061,0.0,0.0
semi,run_0598,0.0272,4.0,29.277,5,17.2076,0,5,0.0,0.0,28.64,3,17.1078,0,3,-0.0272,-4.0,-0.6370000000000005,-2.0,-0.09979999999999833,0.0,-2.0
semi,run_0599,0.0817,5.0,29.273,1,48.3474,0,1,0.0,3.0,28.858,0,45.4963,0,0,-0.0817,-2.0,-0.41499999999999915,-1.0,-2.8511000000000024,0.0,-1.0
semi,run_0600,0.2723,10.0,29.937,0,141.7037,0,0,0.1089,7.0,29.563,0,120.5984,0,0,-0.1634,-3.0,-0.37400000000000233,0.0,-21.1053,0.0,0.0
semi,run_0601,0.1089,6.0,29.667,0,34.7314,0,0,0.0,3.0,29.14,0,33.0239,0,0,-0.1089,-3.0,-0.527000000000001,0.0,-1.7075000000000031,0.0,0.0
semi,run_0602,0.0,3.0,29.072,0,32.9767,0,0,0.0,0.0,28.594,0,32.064,0,0,0.0,-3.0,-0.477999999999998,0.0,-0.912700000000001,0.0,0.0
semi,run_0603,0.3268,11.0,30.196,6,26.2678,0,7,0.0545,5.0,29.603,2,25.5768,0,2,-0.2723,-6.0,-0.593,-4.0,-0.6910000000000025,0.0,-5.0
semi,run_0604,0.2451,9.0,29.984,1,49.6756,0,1,0.0817,5.0,29.367,1,49.2401,0,1,-0.16340000000000002,-4.0,-0.6170000000000009,0.0,-0.43550000000000466,0.0,0.0
semi,run_0605,0.4357,13.0,30.298,0,220.4266,0,0,0.2451,11.0,29.971,0,194.7278,0,0,-0.19059999999999996,-2.0,-0.3269999999999982,0.0,-25.698800000000006,0.0,0.0
semi,run_0606,0.1089,7.0,29.625,0,55.8982,0,0,0.0,6.0,29.225,0,50.8517,0,0,-0.1089,-1.0,-0.3999999999999986,0.0,-5.046500000000002,0.0,0.0
semi,run_0607,0.0545,5.0,29.449,0,173.5414,0,0,0.0,3.0,28.905,0,173.5368,0,0,-0.0545,-2.0,-0.5440000000000005,0.0,-0.004600000000010596,0.0,0.0
semi,run_0608,0.2179,9.0,29.851,2,38.0386,0,2,0.0817,5.0,29.332,1,37.48,0,1,-0.13620000000000002,-4.0,-0.5189999999999984,-1.0,-0.5586000000000055,0.0,-1.0
semi,run_0609,0.0545,5.0,29.329,0,49.3017,0,0,0.0,3.0,28.82,0,47.5299,0,0,-0.0545,-2.0,-0.5090000000000003,0.0,-1.771799999999999,0.0,0.0
semi,run_0610,0.2451,10.0,30.11,0,206.4505,0,0,0.1089,8.0,29.682,1,205.9029,0,1,-0.13620000000000002,-2.0,-0.4280000000000008,1.0,-0.547600000000017,0.0,1.0
semi,run_0611,0.3268,12.0,30.202,3,74.6355,0,3,0.1634,6.0,29.76,2,73.968,0,2,-0.1634,-6.0,-0.44200000000000017,-1.0,-0.6674999999999898,0.0,-1.0
semi,run_0612,0.0817,5.0,29.428,2,51.8846,0,2,0.0,3.0,28.829,1,51.4231,0,1,-0.0817,-2.0,-0.5990000000000002,-1.0,-0.4615000000000009,0.0,-1.0
semi,run_0613,1.1438,19.0,31.089,7,128.07,0,30,0.6264,16.0,30.666,14,129.7838,0,68,-0.5174,-3.0,-0.42299999999999827,7.0,1.7138000000000204,0.0,38.0
semi,run_0614,0.0545,6.0,29.444,0,61.8907,0,0,0.0,3.0,29.073,0,57.8463,0,0,-0.0545,-3.0,-0.37099999999999866,0.0,-4.044400000000003,0.0,0.0
semi,run_0615,0.0,4.0,29.153,2,18.4215,0,2,0.0,0.0,28.544,1,17.6362,0,1,0.0,-4.0,-0.6089999999999982,-1.0,-0.785300000000003,0.0,-1.0
semi,run_0616,0.4357,13.0,30.421,2,53.0979,0,2,0.1906,9.0,29.88,2,50.7865,0,2,-0.24509999999999998,-4.0,-0.5410000000000004,0.0,-2.311400000000006,0.0,0.0
semi,run_0617,0.0817,5.0,29.312,0,44.3665,0,0,0.0,3.0,28.889,0,39.6779,0,0,-0.0817,-2.0,-0.4230000000000018,0.0,-4.688600000000001,0.0,0.0
semi,run_0618,0.1089,8.0,29.733,0,160.5814,0,2,0.0545,4.0,29.236,0,148.7017,0,0,-0.0544,-4.0,-0.4969999999999999,0.0,-11.879700000000014,0.0,-2.0
semi,run_0619,0.2179,10.0,29.835,2,79.549,0,2,0.0817,5.0,29.397,1,69.741,0,1,-0.13620000000000002,-5.0,-0.4380000000000024,-1.0,-9.808000000000007,0.0,-1.0
semi,run_0620,0.1089,9.0,29.872,0,135.4096,0,0,0.0817,5.0,29.527,0,120.8103,0,0,-0.027200000000000002,-4.0,-0.34499999999999886,0.0,-14.599300000000014,0.0,0.0
semi,run_0621,0.3268,11.0,30.291,1,88.6104,0,1,0.1634,8.0,29.759,1,88.1166,0,1,-0.1634,-3.0,-0.532,0.0,-0.49379999999999313,0.0,0.0
semi,run_0622,0.0,0.0,28.73,11,7.0355,0,11,0.0,0.0,28.06,7,6.9634,0,7,0.0,0.0,-0.6700000000000017,-4.0,-0.07209999999999983,0.0,-4.0
semi,run_0623,0.0,5.0,29.19,0,32.5482,0,0,0.0,0.0,28.626,1,32.7455,0,1,0.0,-5.0,-0.5640000000000001,1.0,0.19729999999999848,0.0,1.0
semi,run_0624,0.1089,7.0,29.539,0,69.1873,0,0,0.0,4.0,29.031,0,66.3952,0,0,-0.1089,-3.0,-0.5080000000000027,0.0,-2.7920999999999907,0.0,0.0
semi,run_0625,0.1362,9.0,29.86,0,109.1508,0,0,0.0545,4.0,29.161,0,102.1143,0,0,-0.0817,-5.0,-0.6989999999999981,0.0,-7.036500000000004,0.0,0.0
semi,run_0626,0.2179,9.0,29.787,1,37.1373,0,1,0.0545,5.0,29.207,1,35.5873,0,1,-0.16340000000000002,-4.0,-0.5799999999999983,0.0,-1.5500000000000043,0.0,0.0
semi,run_0627,1.4434,24.0,31.277,21,22.4998,0,64,1.0349,20.0,30.861,21,22.539,0,81,-0.4085000000000001,-4.0,-0.41600000000000037,0.0,0.03920000000000101,0.0,17.0
semi,run_0628,0.0817,5.0,29.515,0,66.3968,0,0,0.0,4.0,29.029,0,64.5602,0,0,-0.0817,-1.0,-0.48600000000000065,0.0,-1.8366000000000042,0.0,0.0
semi,run_0629,0.0,0.0,28.494,2,17.3891,0,2,0.0,0.0,27.797,0,16.9991,0,0,0.0,0.0,-0.6969999999999992,-2.0,-0.39000000000000057,0.0,-2.0
semi,run_0630,0.2451,9.0,30.037,2,36.1725,0,2,0.1089,5.0,29.587,1,35.6577,0,1,-0.13620000000000002,-4.0,-0.4499999999999993,-1.0,-0.514800000000001,0.0,-1.0
semi,run_0631,0.0,3.0,28.885,0,44.8146,0,0,0.0,0.0,28.374,0,42.6985,0,0,0.0,-3.0,-0.5110000000000028,0.0,-2.116099999999996,0.0,0.0
semi,run_0632,0.1089,6.0,29.63,0,116.1496,0,0,0.0545,4.0,29.178,0,105.5954,0,0,-0.0544,-2.0,-0.4519999999999982,0.0,-10.554200000000009,0.0,0.0
semi,run_0633,0.2179,7.0,29.798,2,56.2312,0,2,0.0,5.0,29.396,1,51.2098,0,1,-0.2179,-2.0,-0.40199999999999747,-1.0,-5.0214,0.0,-1.0
semi,run_0634,0.0,5.0,29.353,2,19.414,0,2,0.0,0.0,28.851,0,18.9275,0,0,0.0,-5.0,-0.5020000000000024,-2.0,-0.48650000000000304,0.0,-2.0
semi,run_0635,0.0,3.0,28.966,0,54.912,0,0,0.0,0.0,28.605,0,49.0008,0,0,0.0,-3.0,-0.36100000000000065,0.0,-5.911200000000001,0.0,0.0
semi,run_0636,0.0,2.0,28.817,0,45.2261,0,0,0.0,0.0,28.465,0,44.9165,0,0,0.0,-2.0,-0.3520000000000003,0.0,-0.3096000000000032,0.0,0.0
semi,run_0637,0.5719,17.0,30.803,1,153.473,0,1,0.3268,12.0,30.298,1,148.3977,0,1,-0.24509999999999998,-5.0,-0.5050000000000026,0.0,-5.075300000000027,0.0,0.0
semi,run_0638,0.2996,12.0,30.153,3,53.0379,0,3,0.2179,7.0,29.739,4,53.0896,0,4,-0.08169999999999997,-5.0,-0.4139999999999979,1.0,0.05169999999999675,0.0,1.0
semi,run_0639,0.0,2.0,28.789,0,31.3288,0,0,0.0,0.0,28.378,0,27.1805,0,0,0.0,-2.0,-0.41100000000000136,0.0,-4.1483000000000025,0.0,0.0
semi,run_0640,0.6536,14.0,30.536,1,80.9477,0,1,0.3813,11.0,30.059,1,74.7626,0,1,-0.2723,-3.0,-0.4770000000000003,0.0,-6.185099999999991,0.0,0.0
semi,run_0641,0.2451,10.0,29.972,2,45.0655,0,2,0.0817,5.0,29.475,2,43.1363,0,2,-0.16340000000000002,-5.0,-0.4969999999999999,0.0,-1.9292000000000016,0.0,0.0
semi,run_0642,0.2451,10.0,30.051,1,107.4603,0,1,0.0817,5.0,29.49,1,102.1395,0,1,-0.16340000000000002,-5.0,-0.5609999999999999,0.0,-5.3208000000000055,0.0,0.0
semi,run_0643,0.0,3.0,29.012,0,26.6803,0,0,0.0,0.0,28.396,0,22.0952,0,0,0.0,-3.0,-0.6159999999999997,0.0,-4.585100000000001,0.0,0.0
semi,run_0644,0.9532,16.0,30.644,2,63.0524,0,2,0.4357,13.0,30.347,1,59.2235,0,1,-0.5175000000000001,-3.0,-0.29699999999999704,-1.0,-3.8288999999999973,0.0,-1.0
semi,run_0645,0.1362,8.0,29.703,0,47.1021,0,0,0.0545,5.0,29.204,1,46.5886,0,1,-0.0817,-3.0,-0.4989999999999988,1.0,-0.5135000000000005,0.0,1.0
semi,run_0646,0.2451,10.0,29.951,5,26.5,0,5,0.0272,5.0,29.403,3,26.2842,0,3,-0.2179,-5.0,-0.5480000000000018,-2.0,-0.21580000000000155,0.0,-2.0
semi,run_0647,0.0,4.0,29.088,0,33.2695,0,0,0.0,1.0,28.65,0,30.0951,0,0,0.0,-3.0,-0.4380000000000024,0.0,-3.174400000000002,0.0,0.0
semi,run_0648,0.0817,5.0,29.468,0,55.1177,0,0,0.0,3.0,28.987,0,54.298,0,0,-0.0817,-2.0,-0.48100000000000165,0.0,-0.8196999999999974,0.0,0.0
semi,run_0649,0.2723,11.0,29.923,0,141.0471,0,0,0.1089,7.0,29.608,1,128.3024,0,1,-0.1634,-4.0,-0.3149999999999977,1.0,-12.744699999999995,0.0,1.0
semi,run_0650,0.2451,10.0,29.929,2,35.2068,0,2,0.0545,5.0,29.345,1,35.3838,0,1,-0.19060000000000002,-5.0,-0.5839999999999996,-1.0,0.1769999999999996,0.0,-1.0
semi,run_0651,0.1089,7.0,29.655,0,56.7956,0,0,0.0,5.0,29.126,0,52.2873,0,0,-0.1089,-2.0,-0.5289999999999999,0.0,-4.508299999999998,0.0,0.0
semi,run_0652,0.1089,6.0,29.507,5,11.899,0,5,0.0,4.0,29.003,5,11.3507,0,5,-0.1089,-2.0,-0.5040000000000013,0.0,-0.5482999999999993,0.0,0.0
semi,run_0653,0.0545,4.0,29.41,0,52.962,0,0,0.0,2.0,28.862,0,51.8136,0,0,-0.0545,-2.0,-0.5480000000000018,0.0,-1.1484000000000023,0.0,0.0
semi,run_0654,0.0817,6.0,29.589,2,48.5776,0,2,0.0,3.0,29.103,1,47.0145,0,1,-0.0817,-3.0,-0.4859999999999971,-1.0,-1.5630999999999986,0.0,-1.0
semi,run_0655,0.0,0.0,28.639,2,15.0862,0,2,0.0,0.0,28.169,0,15.1282,0,0,0.0,0.0,-0.46999999999999886,-2.0,0.041999999999999815,0.0,-2.0
semi,run_0656,0.0,4.0,29.368,2,25.4973,0,2,0.0,0.0,28.838,0,23.5005,0,0,0.0,-4.0,-0.5299999999999976,-2.0,-1.9968000000000004,0.0,-2.0
semi,run_0657,0.1089,5.0,29.573,2,66.6481,0,2,0.0272,4.0,29.165,1,65.7022,0,1,-0.0817,-1.0,-0.40800000000000125,-1.0,-0.9458999999999946,0.0,-1.0
semi,run_0658,0.1089,8.0,29.798,0,59.7538,0,0,0.0545,4.0,29.337,0,60.1223,0,0,-0.0544,-4.0,-0.4609999999999985,0.0,0.3685000000000045,0.0,0.0
semi,run_0659,0.2723,11.0,30.089,0,209.882,0,41,0.0817,5.0,29.463,0,204.8194,0,25,-0.1906,-6.0,-0.6259999999999977,0.0,-5.062600000000003,0.0,-16.0
semi,run_0660,0.1089,7.0,29.537,0,101.7834,0,0,0.0,3.0,29.074,0,95.0956,0,0,-0.1089,-4.0,-0.4629999999999974,0.0,-6.687799999999996,0.0,0.0
semi,run_0661,0.0817,5.0,29.607,0,68.7156,0,0,0.0272,4.0,29.231,0,67.8449,0,0,-0.05449999999999999,-1.0,-0.37599999999999767,0.0,-0.8706999999999994,0.0,0.0
semi,run_0662,0.0,4.0,29.117,0,41.4532,0,0,0.0,2.0,28.74,0,40.4972,0,0,0.0,-2.0,-0.37700000000000244,0.0,-0.9560000000000031,0.0,0.0
semi,run_0663,0.0,3.0,29.012,0,58.287,0,0,0.0,0.0,28.495,0,57.3535,0,0,0.0,-3.0,-0.5169999999999995,0.0,-0.9335000000000022,0.0,0.0
semi,run_0664,0.0545,4.0,29.324,0,74.1073,0,0,0.0,3.0,28.905,0,74.3831,0,0,-0.0545,-1.0,-0.4190000000000005,0.0,0.2758000000000038,0.0,0.0
semi,run_0665,0.0,3.0,28.993,0,33.1741,0,0,0.0,0.0,28.536,0,33.5803,0,0,0.0,-3.0,-0.4569999999999972,0.0,0.40619999999999834,0.0,0.0
semi,run_0666,0.2451,11.0,30.233,1,221.2391,0,1,0.1906,10.0,29.888,1,202.4295,0,1,-0.05450000000000002,-1.0,-0.34499999999999886,0.0,-18.809600000000017,0.0,0.0
semi,run_0667,0.5447,13.0,30.598,0,197.6743,0,0,0.2723,11.0,30.038,1,183.7324,0,1,-0.2724,-2.0,-0.5599999999999987,1.0,-13.941899999999976,0.0,1.0
semi,run_0668,0.1634,9.0,29.907,2,36.2318,0,2,0.1089,5.0,29.442,2,34.5739,0,2,-0.05449999999999999,-4.0,-0.46499999999999986,0.0,-1.657899999999998,0.0,0.0
semi,run_0669,0.354,11.0,30.428,1,213.1901,0,1,0.2451,10.0,29.973,1,203.9923,0,1,-0.10889999999999997,-1.0,-0.45500000000000185,0.0,-9.1978,0.0,0.0
semi,run_0670,0.354,11.0,30.01,0,117.3746,0,0,0.0817,5.0,29.5,0,112.098,0,0,-0.2723,-6.0,-0.5100000000000016,0.0,-5.276600000000002,0.0,0.0
semi,run_0671,0.0545,5.0,29.273,0,48.3898,0,0,0.0,3.0,28.819,0,42.2549,0,0,-0.0545,-2.0,-0.4540000000000006,0.0,-6.134900000000002,0.0,0.0
semi,run_0672,0.1089,5.0,29.574,1,35.2214,0,1,0.0,3.0,29.035,1,35.5268,0,1,-0.1089,-2.0,-0.5390000000000015,0.0,0.3053999999999988,0.0,0.0
semi,run_0673,0.2179,11.0,30.033,0,138.0029,0,0,0.1089,8.0,29.652,1,120.2537,0,1,-0.10900000000000001,-3.0,-0.3810000000000002,1.0,-17.749200000000016,0.0,1.0
semi,run_0674,0.2179,8.0,29.881,2,38.136,0,2,0.0,5.0,29.357,0,37.6606,0,0,-0.2179,-3.0,-0.5240000000000009,-2.0,-0.4754000000000005,0.0,-2.0
semi,run_0675,0.0817,5.0,29.43,0,46.5322,0,0,0.0,3.0,28.981,1,45.4851,0,1,-0.0817,-2.0,-0.44899999999999807,1.0,-1.0471000000000004,0.0,1.0
semi,run_0676,0.0817,7.0,29.432,0,81.9366,0,0,0.0,4.0,29.036,0,68.7216,0,0,-0.0817,-3.0,-0.39599999999999724,0.0,-13.215000000000003,0.0,0.0
semi,run_0677,0.1089,5.0,29.519,2,36.8621,0,2,0.0,4.0,28.985,1,36.6269,0,1,-0.1089,-1.0,-0.5339999999999989,-1.0,-0.23519999999999897,0.0,-1.0
semi,run_0678,0.0,4.0,28.967,1,32.1369,0,1,0.0,0.0,28.515,0,28.4026,0,0,0.0,-4.0,-0.4519999999999982,-1.0,-3.7342999999999975,0.0,-1.0
semi,run_0679,0.2179,9.0,29.798,1,54.5987,0,1,0.0817,5.0,29.353,1,51.066,0,1,-0.13620000000000002,-4.0,-0.44499999999999673,0.0,-3.5326999999999984,0.0,0.0
semi,run_0680,0.1362,9.0,29.891,0,80.4709,0,0,0.0817,5.0,29.366,0,79.6331,0,0,-0.05449999999999999,-4.0,-0.5249999999999986,0.0,-0.8378000000000014,0.0,0.0
semi,run_0681,0.1362,9.0,29.796,0,68.7771,0,0,0.0817,5.0,29.296,0,64.682,0,0,-0.05449999999999999,-4.0,-0.5,0.0,-4.095100000000002,0.0,0.0
semi,run_0682,0.1089,8.0,29.663,0,93.2497,0,0,0.0545,5.0,29.269,0,83.0602,0,0,-0.0544,-3.0,-0.3940000000000019,0.0,-10.18950000000001,0.0,0.0
semi,run_0683,0.2451,10.0,30.024,1,64.8868,0,1,0.0817,5.0,29.423,1,65.8338,0,1,-0.16340000000000002,-5.0,-0.6010000000000026,0.0,0.9470000000000027,0.0,0.0
semi,run_0684,0.2179,10.0,29.995,0,142.6061,0,0,0.0817,5.0,29.469,0,127.0368,0,0,-0.13620000000000002,-5.0,-0.5259999999999998,0.0,-15.569299999999998,0.0,0.0
semi,run_0685,0.0817,5.0,29.517,0,81.784,0,0,0.0272,4.0,29.152,0,77.9944,0,0,-0.05449999999999999,-1.0,-0.36499999999999844,0.0,-3.789600000000007,0.0,0.0
semi,run_0686,0.1362,8.0,29.684,2,36.5784,0,2,0.0,5.0,29.128,1,35.2594,0,1,-0.1362,-3.0,-0.5560000000000009,-1.0,-1.3190000000000026,0.0,-1.0
semi,run_0687,0.0817,5.0,29.513,0,44.918,0,0,0.0,3.0,28.989,0,43.9943,0,0,-0.0817,-2.0,-0.5240000000000009,0.0,-0.9236999999999966,0.0,0.0
semi,run_0688,0.0272,4.0,29.252,0,48.9275,0,0,0.0,0.0,28.711,0,46.8098,0,0,-0.0272,-4.0,-0.5410000000000004,0.0,-2.1176999999999992,0.0,0.0
semi,run_0689,0.0817,6.0,29.433,1,53.575,0,1,0.0,3.0,28.977,0,53.1532,0,0,-0.0817,-3.0,-0.4559999999999995,-1.0,-0.4218000000000046,0.0,-1.0
semi,run_0690,0.1906,10.0,29.805,0,102.0033,0,0,0.0272,4.0,29.24,0,87.9822,0,0,-0.1634,-6.0,-0.5650000000000013,0.0,-14.02109999999999,0.0,0.0
semi,run_0691,0.5174,14.0,30.394,2,54.7307,0,2,0.2451,10.0,30.038,1,52.2155,0,1,-0.2723,-4.0,-0.3559999999999981,-1.0,-2.5152,0.0,-1.0
semi,run_0692,0.1089,7.0,29.551,2,145.4933,0,6,0.0817,5.0,29.32,0,127.2996,0,3,-0.027200000000000002,-2.0,-0.2309999999999981,-2.0,-18.193700000000007,0.0,-3.0
semi,run_0693,0.2179,10.0,29.961,0,83.0218,0,0,0.1089,6.0,29.429,0,81.3401,0,0,-0.10900000000000001,-4.0,-0.532,0.0,-1.6816999999999922,0.0,0.0
semi,run_0694,0.2451,12.0,30.262,1,67.3848,0,1,0.1089,5.0,29.625,1,63.4019,0,1,-0.13620000000000002,-7.0,-0.6370000000000005,0.0,-3.9829000000000008,0.0,0.0
semi,run_0695,0.2451,10.0,29.952,0,39.7896,0,0,0.0545,5.0,29.372,1,39.8031,0,1,-0.19060000000000002,-5.0,-0.5800000000000018,1.0,0.013500000000000512,0.0,1.0
semi,run_0696,0.1089,7.0,29.564,0,130.4394,0,0,0.0272,4.0,29.145,0,110.9127,0,0,-0.0817,-3.0,-0.4190000000000005,0.0,-19.526700000000005,0.0,0.0
semi,run_0697,0.2723,14.0,30.217,2,60.4968,0,2,0.2451,11.0,30.084,1,57.2318,0,1,-0.027199999999999974,-3.0,-0.13299999999999912,-1.0,-3.2650000000000006,0.0,-1.0
semi,run_0698,0.2451,10.0,29.955,2,42.9085,0,2,0.0817,5.0,29.382,1,41.9635,0,1,-0.16340000000000002,-5.0,-0.5729999999999968,-1.0,-0.9449999999999932,0.0,-1.0
semi,run_0699,0.0,3.0,29.005,4,13.3531,0,4,0.0,0.0,28.413,3,13.2038,0,3,0.0,-3.0,-0.5919999999999987,-1.0,-0.1493000000000002,0.0,-1.0
semi,run_0700,0.1089,6.0,29.588,1,57.7604,0,1,0.0,4.0,29.115,0,55.054,0,0,-0.1089,-2.0,-0.47300000000000253,-1.0,-2.706399999999995,0.0,-1.0
semi,run_0701,0.1362,7.0,29.751,2,27.0578,0,5,0.0272,5.0,29.181,2,25.9808,0,2,-0.10899999999999999,-2.0,-0.5700000000000003,0.0,-1.0770000000000017,0.0,-3.0
semi,run_0702,0.1362,9.0,29.807,0,69.5717,0,0,0.0817,5.0,29.531,0,63.3539,0,0,-0.05449999999999999,-4.0,-0.2759999999999998,0.0,-6.217800000000004,0.0,0.0
semi,run_0703,0.1634,9.0,29.916,0,86.9355,0,0,0.0817,5.0,29.391,0,80.7157,0,0,-0.0817,-4.0,-0.5250000000000021,0.0,-6.219800000000006,0.0,0.0
semi,run_0704,0.0817,5.0,29.3,0,48.5195,0,0,0.0,3.0,28.858,0,47.194,0,0,-0.0817,-2.0,-0.44200000000000017,0.0,-1.3254999999999981,0.0,0.0
semi,run_0705,0.3813,12.0,30.316,0,114.7407,0,0,0.1089,9.0,29.776,1,109.1315,0,1,-0.2724,-3.0,-0.5399999999999991,1.0,-5.609200000000001,0.0,1.0
semi,run_0706,0.4357,14.0,30.576,1,234.4921,0,1,0.2723,10.0,29.974,1,238.1413,0,1,-0.1634,-4.0,-0.6020000000000003,0.0,3.6492000000000075,0.0,0.0
semi,run_0707,0.0817,7.0,29.626,0,130.8407,0,0,0.0545,4.0,29.222,0,104.2259,0,0,-0.027199999999999995,-3.0,-0.4039999999999999,0.0,-26.614800000000002,0.0,0.0
semi,run_0708,0.0817,5.0,29.451,0,69.0095,0,0,0.0,3.0,28.98,0,60.5189,0,0,-0.0817,-2.0,-0.4710000000000001,0.0,-8.4906,0.0,0.0
semi,run_0709,0.1362,9.0,29.964,0,101.1047,0,0,0.0817,5.0,29.445,1,93.4925,0,1,-0.05449999999999999,-4.0,-0.5189999999999984,1.0,-7.612199999999987,0.0,1.0
semi,run_0710,0.0,4.0,29.03,0,34.028,0,0,0.0,0.0,28.5,0,30.8265,0,0,0.0,-4.0,-0.5300000000000011,0.0,-3.2014999999999993,0.0,0.0
semi,run_0711,0.3813,12.0,30.082,2,42.6802,0,2,0.1089,7.0,29.578,1,42.3482,0,1,-0.2724,-5.0,-0.5040000000000013,-1.0,-0.33200000000000074,0.0,-1.0
semi,run_0712,0.1089,8.0,29.725,0,47.9547,0,0,0.0,4.0,29.131,1,47.302,0,1,-0.1089,-4.0,-0.5940000000000012,1.0,-0.652700000000003,0.0,1.0
semi,run_0713,0.2451,11.0,30.14,0,107.199,0,0,0.1089,5.0,29.578,0,103.7158,0,0,-0.13620000000000002,-6.0,-0.5620000000000012,0.0,-3.4831999999999965,0.0,0.0
semi,run_0714,0.0545,4.0,29.249,0,60.1819,0,0,0.0,3.0,28.909,0,55.0935,0,0,-0.0545,-1.0,-0.33999999999999986,0.0,-5.0884,0.0,0.0
semi,run_0715,0.0817,5.0,29.458,0,58.2437,0,0,0.0,3.0,29.034,0,58.6664,0,0,-0.0817,-2.0,-0.4239999999999995,0.0,0.42270000000000607,0.0,0.0
semi,run_0716,0.0,3.0,28.85,0,42.007,0,0,0.0,0.0,28.447,0,38.39,0,0,0.0,-3.0,-0.40300000000000225,0.0,-3.6169999999999973,0.0,0.0
semi,run_0717,0.0545,5.0,29.219,0,37.414,0,0,0.0,2.0,28.838,1,38.4047,0,1,-0.0545,-3.0,-0.3810000000000002,1.0,0.9906999999999968,0.0,1.0
semi,run_0718,0.0545,4.0,29.341,0,86.4401,0,0,0.0,2.0,28.72,0,83.0645,0,0,-0.0545,-2.0,-0.6210000000000022,0.0,-3.3756000000000057,0.0,0.0
semi,run_0719,0.2723,12.0,30.421,1,111.2692,0,1,0.1906,9.0,29.918,1,106.7169,0,1,-0.0817,-3.0,-0.5030000000000001,0.0,-4.5523000000000025,0.0,0.0
semi,run_0720,0.0817,5.0,29.499,0,80.5317,0,0,0.0,4.0,29.129,0,70.2882,0,0,-0.0817,-1.0,-0.36999999999999744,0.0,-10.243499999999997,0.0,0.0
semi,run_0721,0.0,3.0,29.101,1,50.3858,0,1,0.0,0.0,28.656,0,50.1463,0,0,0.0,-3.0,-0.4450000000000003,-1.0,-0.2395000000000067,0.0,-1.0
semi,run_0722,0.7625,15.0,30.665,2,55.055,0,2,0.4085,14.0,30.437,1,54.6804,0,1,-0.354,-1.0,-0.22799999999999798,-1.0,-0.37460000000000093,0.0,-1.0
semi,run_0723,0.1089,6.0,29.735,0,57.6659,0,0,0.0272,4.0,29.194,0,56.016,0,0,-0.0817,-2.0,-0.5410000000000004,0.0,-1.6499000000000024,0.0,0.0
semi,run_0724,0.1906,8.0,29.843,0,88.77,0,0,0.0545,4.0,29.4,0,83.9524,0,0,-0.1361,-4.0,-0.4430000000000014,0.0,-4.817599999999999,0.0,0.0
semi,run_0725,0.1089,7.0,29.562,0,114.8596,0,0,0.0272,4.0,29.164,0,95.6799,0,0,-0.0817,-3.0,-0.3979999999999997,0.0,-19.179699999999997,0.0,0.0
semi,run_0726,0.1089,9.0,29.719,0,80.6607,0,0,0.0,5.0,29.282,0,78.3677,0,0,-0.1089,-4.0,-0.43700000000000117,0.0,-2.2930000000000064,0.0,0.0
semi,run_0727,0.2996,9.0,30.046,2,25.1839,0,2,0.0817,6.0,29.563,1,25.8861,0,1,-0.21789999999999998,-3.0,-0.48300000000000054,-1.0,0.7021999999999977,0.0,-1.0
semi,run_0728,0.0817,5.0,29.446,0,53.735,0,0,0.0,4.0,29.01,0,51.6461,0,0,-0.0817,-1.0,-0.43599999999999994,0.0,-2.0889000000000024,0.0,0.0
semi,run_0729,0.0545,4.0,29.326,0,52.275,0,0,0.0,3.0,28.933,0,50.898,0,0,-0.0545,-1.0,-0.3930000000000007,0.0,-1.3769999999999953,0.0,0.0
semi,run_0730,0.0,0.0,28.805,0,34.1146,0,0,0.0,0.0,28.349,0,33.6246,0,0,0.0,0.0,-0.4559999999999995,0.0,-0.490000000000002,0.0,0.0
semi,run_0731,0.3813,12.0,30.302,0,159.2395,0,0,0.2451,11.0,30.045,1,140.7331,0,1,-0.13619999999999996,-1.0,-0.2569999999999979,1.0,-18.506399999999985,0.0,1.0
semi,run_0732,0.2451,9.0,30.019,3,43.86,0,3,0.0817,5.0,29.475,1,42.003,0,1,-0.16340000000000002,-4.0,-0.5439999999999969,-2.0,-1.8569999999999993,0.0,-2.0
semi,run_0733,0.1362,9.0,29.789,1,37.6306,0,1,0.0,5.0,29.192,1,37.5526,0,1,-0.1362,-4.0,-0.5970000000000013,0.0,-0.07800000000000296,0.0,0.0
semi,run_0734,0.0,0.0,28.658,2,25.8481,0,2,0.0,0.0,28.206,0,25.6646,0,0,0.0,0.0,-0.45200000000000173,-2.0,-0.18349999999999866,0.0,-2.0
semi,run_0735,0.1362,9.0,29.827,0,105.1845,0,0,0.0545,4.0,29.314,0,100.7211,0,0,-0.0817,-5.0,-0.5130000000000017,0.0,-4.463399999999993,0.0,0.0
semi,run_0736,0.0,0.0,28.651,0,23.4473,0,0,0.0,0.0,28.116,0,22.8787,0,0,0.0,0.0,-0.5350000000000001,0.0,-0.5686,0.0,0.0
semi,run_0737,0.1362,10.0,29.902,0,53.6529,0,0,0.0817,5.0,29.407,1,55.9855,0,1,-0.05449999999999999,-5.0,-0.495000000000001,1.0,2.3325999999999993,0.0,1.0
semi,run_0738,0.0817,5.0,29.258,2,28.0505,0,2,0.0,3.0,28.766,1,27.3636,0,1,-0.0817,-2.0,-0.4920000000000009,-1.0,-0.6868999999999978,0.0,-1.0
semi,run_0739,0.1089,5.0,29.626,0,76.7668,0,0,0.0,4.0,29.139,0,76.3802,0,0,-0.1089,-1.0,-0.4870000000000019,0.0,-0.3866000000000014,0.0,0.0
semi,run_0740,0.0817,5.0,29.563,2,34.6729,0,2,0.0,4.0,29.05,1,34.6391,0,1,-0.0817,-1.0,-0.5129999999999981,-1.0,-0.033799999999999386,0.0,-1.0
semi,run_0741,0.7353,15.0,30.602,4,31.7734,0,4,0.2723,11.0,29.986,5,30.7691,0,5,-0.46299999999999997,-4.0,-0.6159999999999997,1.0,-1.004299999999997,0.0,1.0
semi,run_0742,0.0545,4.0,29.248,0,41.1335,0,0,0.0,0.0,28.734,0,40.5565,0,0,-0.0545,-4.0,-0.5139999999999993,0.0,-0.5769999999999982,0.0,0.0
semi,run_0743,0.1089,6.0,29.602,8,39.4897,0,8,0.0,3.0,29.159,3,39.1864,0,3,-0.1089,-3.0,-0.4430000000000014,-5.0,-0.3033000000000001,0.0,-5.0
semi,run_0744,0.3813,12.0,30.437,7,338.4132,0,26,0.2451,10.0,29.993,1,333.3042,0,13,-0.13619999999999996,-2.0,-0.4440000000000026,-6.0,-5.109000000000037,0.0,-13.0
semi,run_0745,0.1362,10.0,29.87,1,117.114,0,1,0.0817,5.0,29.369,1,100.2577,0,1,-0.05449999999999999,-5.0,-0.5010000000000012,0.0,-16.856300000000005,0.0,0.0
semi,run_0746,0.0,3.0,28.813,0,24.2249,0,0,0.0,0.0,28.355,0,22.9645,0,0,0.0,-3.0,-0.4579999999999984,0.0,-1.2604000000000006,0.0,0.0
semi,run_0747,0.2451,10.0,30.01,1,44.9513,0,1,0.0817,5.0,29.528,2,44.8386,0,2,-0.16340000000000002,-5.0,-0.48200000000000287,1.0,-0.1127000000000038,0.0,1.0
semi,run_0748,0.0,4.0,28.973,0,30.0892,0,0,0.0,0.0,28.561,1,29.271,0,1,0.0,-4.0,-0.41199999999999903,1.0,-0.8182000000000009,0.0,1.0
semi,run_0749,0.4357,12.0,30.279,1,80.8117,0,1,0.2723,11.0,29.915,1,72.5206,0,1,-0.1634,-1.0,-0.36400000000000077,0.0,-8.2911,0.0,0.0
semi,run_0750,0.5447,11.0,30.47,1,64.6537,0,1,0.2451,10.0,29.924,1,63.5012,0,1,-0.2996,-1.0,-0.5459999999999994,0.0,-1.1525000000000034,0.0,0.0
semi,run_0751,0.0817,5.0,29.349,0,57.9322,0,0,0.0,3.0,28.953,0,57.9214,0,0,-0.0817,-2.0,-0.3960000000000008,0.0,-0.010800000000003251,0.0,0.0
semi,run_0752,0.0,3.0,28.953,0,39.0081,0,0,0.0,0.0,28.528,0,36.9828,0,0,0.0,-3.0,-0.4250000000000007,0.0,-2.0253000000000014,0.0,0.0
semi,run_0753,0.3268,11.0,30.17,0,138.3716,0,0,0.1362,9.0,29.806,1,128.4834,0,1,-0.1906,-2.0,-0.36400000000000077,1.0,-9.888200000000012,0.0,1.0
semi,run_0754,0.0817,5.0,29.538,2,41.7592,0,2,0.0,3.0,29.069,2,41.6807,0,2,-0.0817,-2.0,-0.4690000000000012,0.0,-0.07849999999999824,0.0,0.0
semi,run_0755,0.1089,7.0,29.643,0,87.9268,0,0,0.0545,4.0,29.235,0,89.3877,0,0,-0.0544,-3.0,-0.40800000000000125,0.0,1.4608999999999952,0.0,0.0
semi,run_0756,0.4357,13.0,30.321,15,21.1682,0,15,0.1362,8.0,29.742,19,21.0002,0,19,-0.2995,-5.0,-0.5790000000000006,4.0,-0.16799999999999926,0.0,4.0
semi,run_0757,1.2527,18.0,31.261,5,99.2745,0,5,0.463,13.0,30.526,6,94.3955,0,6,-0.7896999999999998,-5.0,-0.7349999999999994,1.0,-4.879000000000005,0.0,1.0
semi,run_0758,0.0,2.0,28.977,0,34.8397,0,0,0.0,0.0,28.444,0,33.9246,0,0,0.0,-2.0,-0.5330000000000013,0.0,-0.9151000000000025,0.0,0.0
semi,run_0759,0.9804,17.0,30.821,15,56.4635,0,37,0.4357,14.0,30.357,6,58.6562,0,30,-0.5447000000000001,-3.0,-0.4640000000000022,-9.0,2.192699999999995,0.0,-7.0
semi,run_0760,0.1362,9.0,29.802,0,127.6664,0,0,0.1089,7.0,29.545,1,109.9235,0,1,-0.02729999999999999,-2.0,-0.2569999999999979,1.0,-17.74289999999999,0.0,1.0
semi,run_0761,0.1089,8.0,29.652,0,55.1125,0,0,0.0,5.0,29.102,0,51.3388,0,0,-0.1089,-3.0,-0.5500000000000007,0.0,-3.773699999999998,0.0,0.0
semi,run_0762,0.0,3.0,28.897,0,22.8297,0,0,0.0,0.0,28.348,0,21.4089,0,0,0.0,-3.0,-0.5489999999999995,0.0,-1.4207999999999998,0.0,0.0
semi,run_0763,0.0545,5.0,29.235,0,45.0711,0,0,0.0,0.0,28.663,0,43.8803,0,0,-0.0545,-5.0,-0.5719999999999992,0.0,-1.190800000000003,0.0,0.0
semi,run_0764,0.0,4.0,29.141,0,52.063,0,0,0.0,2.0,28.729,0,50.4895,0,0,0.0,-2.0,-0.41199999999999903,0.0,-1.5735000000000028,0.0,0.0
semi,run_0765,0.0,4.0,28.985,1,32.472,0,1,0.0,0.0,28.521,0,32.0678,0,0,0.0,-4.0,-0.46399999999999864,-1.0,-0.404200000000003,0.0,-1.0
semi,run_0766,0.0545,4.0,29.451,0,74.8561,0,0,0.0,3.0,29.067,0,73.0484,0,0,-0.0545,-1.0,-0.38400000000000034,0.0,-1.807699999999997,0.0,0.0
semi,run_0767,0.0545,5.0,29.333,0,29.4934,0,0,0.0,1.0,28.856,0,28.5059,0,0,-0.0545,-4.0,-0.47699999999999676,0.0,-0.9875000000000007,0.0,0.0
semi,run_0768,1.5251,22.0,31.539,13,136.8836,0,26,0.8442,18.0,30.772,26,138.7601,0,67,-0.6809,-4.0,-0.767000000000003,13.0,1.876499999999993,0.0,41.0
semi,run_0769,0.0,4.0,29.269,2,41.9348,0,2,0.0,0.0,28.824,1,42.2948,0,1,0.0,-4.0,-0.44499999999999673,-1.0,0.35999999999999943,0.0,-1.0
semi,run_0770,0.3268,12.0,30.336,3,45.6311,0,3,0.1089,5.0,29.628,4,45.4913,0,4,-0.21789999999999998,-7.0,-0.7079999999999984,1.0,-0.13980000000000103,0.0,1.0
semi,run_0771,0.1634,9.0,29.865,0,81.898,0,0,0.0545,4.0,29.27,0,82.5983,0,0,-0.1089,-5.0,-0.5949999999999989,0.0,0.7002999999999986,0.0,0.0
semi,run_0772,0.2451,11.0,30.057,1,68.2504,0,1,0.1089,5.0,29.509,1,64.5159,0,1,-0.13620000000000002,-6.0,-0.5479999999999983,0.0,-3.734499999999997,0.0,0.0
semi,run_0773,0.0,5.0,29.306,2,29.149,0,2,0.0,0.0,28.807,0,27.3971,0,0,0.0,-5.0,-0.49900000000000233,-2.0,-1.7519000000000027,0.0,-2.0
semi,run_0774,0.1906,10.0,29.849,2,51.9067,0,2,0.0817,5.0,29.351,2,48.9722,0,3,-0.1089,-5.0,-0.4980000000000011,0.0,-2.9345,0.0,1.0
semi,run_0775,0.0545,5.0,29.265,0,49.1984,0,0,0.0,3.0,28.862,0,45.1496,0,0,-0.0545,-2.0,-0.40300000000000225,0.0,-4.0488,0.0,0.0
semi,run_0776,0.2996,11.0,30.235,0,96.6907,0,0,0.1089,6.0,29.637,0,95.6374,0,0,-0.19069999999999998,-5.0,-0.597999999999999,0.0,-1.0533000000000072,0.0,0.0
semi,run_0777,0.0272,6.0,29.502,2,34.4106,0,2,0.0,2.0,29.15,1,33.2669,0,1,-0.0272,-4.0,-0.3520000000000003,-1.0,-1.1437000000000026,0.0,-1.0
semi,run_0778,0.0545,6.0,29.455,1,49.7332,0,1,0.0,3.0,29.002,1,42.7312,0,1,-0.0545,-3.0,-0.4529999999999994,0.0,-7.001999999999995,0.0,0.0
semi,run_0779,0.0545,4.0,29.232,0,61.4743,0,0,0.0,2.0,28.708,0,59.2339,0,0,-0.0545,-2.0,-0.5240000000000009,0.0,-2.240400000000001,0.0,0.0
semi,run_0780,0.0,2.0,28.749,0,32.8786,0,0,0.0,0.0,28.247,0,32.9336,0,0,0.0,-2.0,-0.5019999999999989,0.0,0.054999999999999716,0.0,0.0
semi,run_0781,0.0,4.0,29.267,5,12.8721,0,5,0.0,0.0,28.678,5,12.6655,0,5,0.0,-4.0,-0.5889999999999986,0.0,-0.2065999999999999,0.0,0.0
semi,run_0782,0.463,14.0,30.539,4,104.2993,0,4,0.2451,11.0,30.009,3,94.7577,0,3,-0.2179,-3.0,-0.5300000000000011,-1.0,-9.541600000000003,0.0,-1.0
semi,run_0783,0.1089,6.0,29.555,0,67.406,0,0,0.0,3.0,28.999,0,61.0021,0,0,-0.1089,-3.0,-0.5560000000000009,0.0,-6.403900000000007,0.0,0.0
semi,run_0784,0.2451,10.0,30.119,1,143.198,0,1,0.0817,5.0,29.556,1,136.6414,0,1,-0.16340000000000002,-5.0,-0.5629999999999988,0.0,-6.556600000000003,0.0,0.0
semi,run_0785,0.3268,11.0,30.257,0,82.0422,0,0,0.1089,6.0,29.589,1,81.7818,0,1,-0.21789999999999998,-5.0,-0.6680000000000028,1.0,-0.26039999999999,0.0,1.0
semi,run_0786,0.0817,7.0,29.611,0,110.5691,0,0,0.0272,4.0,29.238,0,103.566,0,0,-0.05449999999999999,-3.0,-0.3730000000000011,0.0,-7.003100000000003,0.0,0.0
semi,run_0787,0.0,4.0,29.19,0,54.8086,0,0,0.0,0.0,28.761,0,46.3739,0,0,0.0,-4.0,-0.42900000000000205,0.0,-8.4347,0.0,0.0
semi,run_0788,0.0817,7.0,29.507,1,52.6967,0,1,0.0,3.0,29.03,0,44.5389,0,0,-0.0817,-4.0,-0.4770000000000003,-1.0,-8.157800000000002,0.0,-1.0
semi,run_0789,0.0,4.0,29.268,5,24.8062,0,5,0.0,0.0,28.736,2,24.6802,0,2,0.0,-4.0,-0.532,-3.0,-0.12600000000000122,0.0,-3.0
semi,run_0790,0.0545,5.0,29.513,0,62.4223,0,0,0.0,3.0,29.167,0,55.209,0,0,-0.0545,-2.0,-0.3460000000000001,0.0,-7.213299999999997,0.0,0.0
semi,run_0791,0.7353,13.0,30.669,6,31.0805,0,6,0.2996,12.0,30.146,11,31.7417,0,11,-0.4357,-1.0,-0.5229999999999997,5.0,0.6612000000000009,0.0,5.0
semi,run_0792,0.0817,7.0,29.554,0,63.034,0,0,0.0,4.0,29.108,0,55.0241,0,0,-0.0817,-3.0,-0.44599999999999795,0.0,-8.009900000000002,0.0,0.0
semi,run_0793,0.0545,5.0,29.33,0,50.7404,0,0,0.0,3.0,28.87,0,45.7559,0,0,-0.0545,-2.0,-0.4599999999999973,0.0,-4.984500000000004,0.0,0.0
semi,run_0794,0.3268,12.0,30.363,1,100.4472,0,1,0.1634,9.0,29.895,1,100.6954,0,1,-0.1634,-3.0,-0.46799999999999997,0.0,0.2482000000000113,0.0,0.0
semi,run_0795,0.1634,8.0,29.744,0,70.7318,0,0,0.0545,5.0,29.345,0,65.4034,0,0,-0.1089,-3.0,-0.3990000000000009,0.0,-5.328400000000002,0.0,0.0
semi,run_0796,0.0,3.0,28.969,0,51.6368,0,0,0.0,0.0,28.603,0,43.1448,0,0,0.0,-3.0,-0.36599999999999966,0.0,-8.492000000000004,0.0,0.0
semi,run_0797,0.7625,20.0,31.146,2,405.8964,0,2,0.354,13.0,30.397,6,409.4356,0,13,-0.4085,-7.0,-0.7490000000000023,4.0,3.539199999999994,0.0,11.0
semi,run_0798,0.5174,13.0,30.557,1,93.0202,0,1,0.2996,10.0,30.148,2,88.8519,0,2,-0.2178,-3.0,-0.4089999999999989,1.0,-4.168300000000002,0.0,1.0
semi,run_0799,0.1089,5.0,29.402,4,28.7955,0,4,0.0,3.0,28.882,3,28.5826,0,3,-0.1089,-2.0,-0.5199999999999996,-1.0,-0.2129000000000012,0.0,-1.0
semi,run_0800,0.3813,11.0,30.2,1,277.4436,0,1,0.1089,9.0,29.687,1,279.1625,0,1,-0.2724,-2.0,-0.5129999999999981,0.0,1.7189000000000192,0.0,0.0
semi,run_0801,0.1089,8.0,29.793,0,93.1921,0,0,0.0545,4.0,29.324,0,95.0336,0,0,-0.0544,-4.0,-0.46899999999999764,0.0,1.8415000000000106,0.0,0.0
semi,run_0802,0.1089,5.0,29.484,2,29.3415,0,2,0.0,4.0,28.962,1,28.4483,0,1,-0.1089,-1.0,-0.522000000000002,-1.0,-0.8932000000000002,0.0,-1.0
semi,run_0803,0.2451,10.0,29.992,1,83.4014,0,1,0.1089,7.0,29.619,1,76.1943,0,1,-0.13620000000000002,-3.0,-0.3730000000000011,0.0,-7.207099999999997,0.0,0.0
semi,run_0804,0.2451,11.0,30.155,1,186.116,0,1,0.1089,5.0,29.606,1,176.6145,0,1,-0.13620000000000002,-6.0,-0.5489999999999995,0.0,-9.501500000000021,0.0,0.0
semi,run_0805,0.0817,5.0,29.473,0,65.6884,0,0,0.0,3.0,28.958,0,63.0617,0,0,-0.0817,-2.0,-0.5150000000000006,0.0,-2.6266999999999996,0.0,0.0
semi,run_0806,0.0,5.0,29.358,2,16.8545,0,2,0.0,0.0,28.877,2,16.9621,0,2,0.0,-5.0,-0.48100000000000165,0.0,0.10759999999999792,0.0,0.0
semi,run_0807,0.0,4.0,29.064,0,44.2391,0,0,0.0,0.0,28.61,0,42.5426,0,0,0.0,-4.0,-0.4540000000000006,0.0,-1.6965000000000003,0.0,0.0
semi,run_0808,0.6536,15.0,30.848,8,45.6883,0,8,0.2179,11.0,30.043,9,45.6659,0,9,-0.4357,-4.0,-0.8049999999999997,1.0,-0.022399999999997533,0.0,1.0
semi,run_0809,0.1362,7.0,29.732,2,59.6139,0,5,0.0,3.0,29.217,0,53.6121,0,2,-0.1362,-4.0,-0.5150000000000006,-2.0,-6.001800000000003,0.0,-3.0
semi,run_0810,0.4085,11.0,30.464,0,117.1615,0,0,0.2179,10.0,29.965,1,123.8639,0,1,-0.19059999999999996,-1.0,-0.4989999999999988,1.0,6.702399999999997,0.0,1.0
semi,run_0811,0.0545,5.0,29.388,0,51.9987,0,0,0.0,3.0,28.937,0,48.0759,0,0,-0.0545,-2.0,-0.4510000000000005,0.0,-3.9228000000000023,0.0,0.0
semi,run_0812,0.3268,12.0,30.145,0,327.082,0,0,0.1634,10.0,29.845,1,300.7357,0,1,-0.1634,-2.0,-0.3000000000000007,1.0,-26.346299999999985,0.0,1.0
semi,run_0813,0.3268,11.0,30.346,0,201.8364,0,0,0.1634,10.0,29.929,1,193.3275,0,1,-0.1634,-1.0,-0.4170000000000016,1.0,-8.508900000000011,0.0,1.0
semi,run_0814,0.2723,10.0,30.095,1,94.1847,0,1,0.1089,8.0,29.679,1,88.2888,0,1,-0.1634,-2.0,-0.41600000000000037,0.0,-5.895900000000012,0.0,0.0
semi,run_0815,0.2723,10.0,30.071,3,110.9872,0,5,0.1089,6.0,29.627,1,104.8723,0,3,-0.1634,-4.0,-0.4440000000000026,-2.0,-6.114900000000006,0.0,-2.0
semi,run_0816,0.0817,6.0,29.498,0,59.5208,0,0,0.0,2.0,28.963,0,57.3804,0,0,-0.0817,-4.0,-0.5350000000000001,0.0,-2.1403999999999996,0.0,0.0
semi,run_0817,0.0545,4.0,29.176,0,44.9221,0,0,0.0,2.0,28.804,0,45.4393,0,0,-0.0545,-2.0,-0.3719999999999999,0.0,0.5172000000000025,0.0,0.0
semi,run_0818,0.0,5.0,29.124,1,22.437,0,1,0.0,0.0,28.672,0,21.5954,0,0,0.0,-5.0,-0.4519999999999982,-1.0,-0.8415999999999997,0.0,-1.0
semi,run_0819,0.0817,5.0,29.515,1,63.2983,0,1,0.0,3.0,29.082,0,60.0201,0,0,-0.0817,-2.0,-0.43299999999999983,-1.0,-3.2781999999999982,0.0,-1.0
semi,run_0820,0.5719,16.0,30.7,1,106.2411,0,1,0.3813,12.0,30.257,1,100.3709,0,1,-0.1906,-4.0,-0.44299999999999784,0.0,-5.870199999999997,0.0,0.0
semi,run_0821,0.0,3.0,28.97,0,36.4676,0,0,0.0,0.0,28.497,0,35.9738,0,0,0.0,-3.0,-0.472999999999999,0.0,-0.49380000000000024,0.0,0.0
semi,run_0822,0.3268,11.0,30.245,0,172.4577,0,3,0.1089,5.0,29.635,1,172.9339,0,5,-0.21789999999999998,-6.0,-0.6099999999999994,1.0,0.47620000000000573,0.0,2.0
semi,run_0823,0.0,0.0,28.75,2,15.4007,0,2,0.0,0.0,28.281,2,15.5502,0,2,0.0,0.0,-0.4690000000000012,0.0,0.14949999999999974,0.0,0.0
semi,run_0824,0.0817,5.0,29.406,0,49.6069,0,0,0.0,3.0,28.995,1,47.5392,0,1,-0.0817,-2.0,-0.4109999999999978,1.0,-2.067700000000002,0.0,1.0
semi,run_0825,0.1089,6.0,29.758,4,55.212,0,4,0.0545,5.0,29.255,1,47.6987,0,1,-0.0544,-1.0,-0.5030000000000001,-3.0,-7.513300000000001,0.0,-3.0
semi,run_0826,0.0545,4.0,29.358,0,66.0975,0,0,0.0,2.0,28.891,0,63.6593,0,0,-0.0545,-2.0,-0.4670000000000023,0.0,-2.438199999999995,0.0,0.0
semi,run_0827,0.4357,11.0,30.2,1,127.5028,0,1,0.2179,9.0,29.865,1,118.1474,0,1,-0.21779999999999997,-2.0,-0.33500000000000085,0.0,-9.355399999999989,0.0,0.0
semi,run_0828,0.2451,10.0,29.969,0,88.8523,0,0,0.0817,5.0,29.599,1,83.742,0,1,-0.16340000000000002,-5.0,-0.370000000000001,1.0,-5.110299999999995,0.0,1.0
semi,run_0829,0.2723,11.0,30.062,1,62.5093,0,1,0.0817,5.0,29.48,1,61.5541,0,1,-0.1906,-6.0,-0.5820000000000007,0.0,-0.9552000000000049,0.0,0.0
semi,run_0830,0.0817,5.0,29.553,0,92.3795,0,0,0.0545,4.0,29.23,0,81.9973,0,0,-0.027199999999999995,-1.0,-0.3230000000000004,0.0,-10.382199999999997,0.0,0.0
semi,run_0831,0.0,3.0,29.046,0,46.0604,0,0,0.0,0.0,28.631,0,42.9184,0,0,0.0,-3.0,-0.41499999999999915,0.0,-3.142000000000003,0.0,0.0
semi,run_0832,0.0817,5.0,29.491,0,52.6441,0,0,0.0,4.0,29.036,0,51.3877,0,0,-0.0817,-1.0,-0.4549999999999983,0.0,-1.2563999999999993,0.0,0.0
semi,run_0833,0.0,3.0,28.997,0,37.36,0,0,0.0,1.0,28.675,0,35.765,0,0,0.0,-2.0,-0.3219999999999992,0.0,-1.5949999999999989,0.0,0.0
semi,run_0834,0.1089,7.0,29.662,0,47.2185,0,0,0.0,4.0,29.09,1,47.2677,0,1,-0.1089,-3.0,-0.5719999999999992,1.0,0.04919999999999902,0.0,1.0
semi,run_0835,0.2179,10.0,29.946,3,159.5375,0,7,0.1089,6.0,29.54,0,139.67,0,3,-0.10900000000000001,-4.0,-0.40600000000000236,-3.0,-19.867500000000007,0.0,-4.0
semi,run_0836,0.1634,10.0,29.94,0,90.6919,0,0,0.0817,5.0,29.447,1,93.0806,0,1,-0.0817,-5.0,-0.4930000000000021,1.0,2.3887,0.0,1.0
semi,run_0837,0.0,3.0,28.989,0,31.3424,0,0,0.0,0.0,28.559,0,29.4881,0,0,0.0,-3.0,-0.4299999999999997,0.0,-1.854300000000002,0.0,0.0
semi,run_0838,0.0545,4.0,29.404,0,84.1836,0,0,0.0,3.0,28.968,0,69.2571,0,0,-0.0545,-1.0,-0.43599999999999994,0.0,-14.926500000000004,0.0,0.0
semi,run_0839,0.0,4.0,29.052,0,64.4342,0,0,0.0,2.0,28.67,0,57.181,0,0,0.0,-2.0,-0.3819999999999979,0.0,-7.253200000000007,0.0,0.0
semi,run_0840,0.0,3.0,28.846,0,36.055,0,0,0.0,0.0,28.451,0,32.5269,0,0,0.0,-3.0,-0.3949999999999996,0.0,-3.528100000000002,0.0,0.0
semi,run_0841,0.1089,8.0,29.729,0,100.8009,0,0,0.0545,4.0,29.316,0,94.3758,0,0,-0.0544,-4.0,-0.41300000000000026,0.0,-6.4251000000000005,0.0,0.0
semi,run_0842,0.463,13.0,30.448,3,190.6227,0,4,0.2451,10.0,30.054,2,192.233,0,2,-0.2179,-3.0,-0.3940000000000019,-1.0,1.6102999999999952,0.0,-2.0
semi,run_0843,0.0817,5.0,29.412,0,58.2631,0,0,0.0,3.0,28.981,0,50.7378,0,0,-0.0817,-2.0,-0.4309999999999974,0.0,-7.525300000000001,0.0,0.0
semi,run_0844,0.0817,6.0,29.67,1,66.2534,0,1,0.0272,5.0,29.172,1,59.9873,0,1,-0.05449999999999999,-1.0,-0.4980000000000011,0.0,-6.266100000000002,0.0,0.0
semi,run_0845,0.0817,7.0,29.541,0,80.8645,0,0,0.0,4.0,29.073,0,71.0681,0,0,-0.0817,-3.0,-0.46799999999999997,0.0,-9.796400000000006,0.0,0.0
semi,run_0846,0.0545,5.0,29.489,2,26.7185,0,2,0.0,0.0,28.898,0,24.6506,0,0,-0.0545,-5.0,-0.5910000000000011,-2.0,-2.067899999999998,0.0,-2.0
semi,run_0847,0.0,4.0,29.102,0,35.4417,0,0,0.0,1.0,28.645,0,35.2781,0,0,0.0,-3.0,-0.45700000000000074,0.0,-0.1635999999999953,0.0,0.0
semi,run_0848,0.0545,4.0,29.287,0,117.8884,0,0,0.0,3.0,28.953,0,94.3473,0,0,-0.0545,-1.0,-0.33399999999999963,0.0,-23.5411,0.0,0.0
semi,run_0849,0.4902,13.0,30.343,3,49.1468,0,29,0.1634,6.0,29.743,6,47.9879,0,43,-0.32680000000000003,-7.0,-0.6000000000000014,3.0,-1.1588999999999956,0.0,14.0
semi,run_0850,0.0,1.0,29.014,1,19.2569,0,1,0.0,0.0,28.475,0,18.8609,0,0,0.0,-1.0,-0.5389999999999979,-1.0,-0.3960000000000008,0.0,-1.0
semi,run_0851,0.0817,5.0,29.556,2,47.745,0,2,0.0,4.0,29.052,1,45.1143,0,1,-0.0817,-1.0,-0.5040000000000013,-1.0,-2.6306999999999974,0.0,-1.0
semi,run_0852,0.0817,5.0,29.518,0,47.5594,0,0,0.0,3.0,28.966,0,45.6541,0,0,-0.0817,-2.0,-0.5519999999999996,0.0,-1.9052999999999969,0.0,0.0
semi,run_0853,0.0,4.0,29.115,0,37.895,0,0,0.0,0.0,28.622,0,35.8632,0,0,0.0,-4.0,-0.49299999999999855,0.0,-2.031800000000004,0.0,0.0
semi,run_0854,0.0,4.0,29.032,0,50.0313,0,0,0.0,0.0,28.563,0,45.3608,0,0,0.0,-4.0,-0.4690000000000012,0.0,-4.670500000000004,0.0,0.0
semi,run_0855,0.0817,5.0,29.414,0,51.2312,0,0,0.0,3.0,28.962,0,47.5163,0,0,-0.0817,-2.0,-0.45200000000000173,0.0,-3.7149,0.0,0.0
semi,run_0856,0.0,5.0,29.354,2,21.7892,0,2,0.0,0.0,28.825,1,21.6334,0,1,0.0,-5.0,-0.5289999999999999,-1.0,-0.15579999999999927,0.0,-1.0
semi,run_0857,0.0817,6.0,29.565,0,61.3416,0,0,0.0272,5.0,29.147,0,54.0872,0,0,-0.05449999999999999,-1.0,-0.4180000000000028,0.0,-7.254399999999997,0.0,0.0
semi,run_0858,0.0817,5.0,29.38,0,52.8406,0,0,0.0,3.0,29.017,0,46.127,0,0,-0.0817,-2.0,-0.36299999999999955,0.0,-6.7136,0.0,0.0
semi,run_0859,0.0,3.0,28.991,0,42.1025,0,0,0.0,1.0,28.662,0,40.5045,0,0,0.0,-2.0,-0.3290000000000006,0.0,-1.597999999999999,0.0,0.0
semi,run_0860,0.0,0.0,28.707,1,33.4866,0,1,0.0,0.0,28.341,1,33.6709,0,1,0.0,0.0,-0.36599999999999966,0.0,0.18430000000000035,0.0,0.0
semi,run_0861,0.0817,5.0,29.419,0,80.9636,0,0,0.0,3.0,28.983,0,74.0683,0,0,-0.0817,-2.0,-0.43599999999999994,0.0,-6.895300000000006,0.0,0.0
semi,run_0862,0.0817,6.0,29.67,0,90.5095,0,0,0.0817,5.0,29.334,0,82.4023,0,0,0.0,-1.0,-0.3360000000000021,0.0,-8.107200000000006,0.0,0.0
semi,run_0863,0.0,4.0,29.108,0,35.7128,0,0,0.0,2.0,28.712,0,34.0997,0,0,0.0,-2.0,-0.3960000000000008,0.0,-1.6131000000000029,0.0,0.0
semi,run_0864,1.1438,20.0,31.149,2,77.6032,0,2,0.7625,14.0,30.54,3,71.9722,0,3,-0.3813,-6.0,-0.6090000000000018,1.0,-5.631,0.0,1.0
semi,run_0865,0.0,0.0,28.306,2,12.6182,0,2,0.0,0.0,27.665,0,12.0252,0,0,0.0,0.0,-0.6410000000000018,-2.0,-0.593,0.0,-2.0
semi,run_0866,0.1089,6.0,29.649,1,52.6042,0,1,0.0272,5.0,29.197,1,49.4747,0,1,-0.0817,-1.0,-0.45200000000000173,0.0,-3.1295,0.0,0.0
semi,run_0867,0.2996,9.0,30.047,2,28.8867,0,2,0.0817,6.0,29.534,1,28.5931,0,1,-0.21789999999999998,-3.0,-0.5130000000000017,-1.0,-0.2936000000000014,0.0,-1.0
semi,run_0868,0.354,11.0,30.059,1,65.1857,0,1,0.1362,7.0,29.67,1,59.4448,0,1,-0.2178,-4.0,-0.38899999999999935,0.0,-5.740899999999996,0.0,0.0
semi,run_0869,0.0,2.0,28.776,0,32.5916,0,0,0.0,0.0,28.373,0,30.7886,0,0,0.0,-2.0,-0.4029999999999987,0.0,-1.8030000000000008,0.0,0.0
semi,run_0870,0.0,2.0,28.884,0,57.1231,0,0,0.0,0.0,28.553,0,49.8021,0,0,0.0,-2.0,-0.3309999999999995,0.0,-7.320999999999998,0.0,0.0
semi,run_0871,0.1089,5.0,29.609,6,19.3734,0,6,0.0,4.0,29.034,6,19.4318,0,6,-0.1089,-1.0,-0.5750000000000028,0.0,0.0583999999999989,0.0,0.0
semi,run_0872,0.463,11.0,30.369,1,77.7405,0,1,0.1634,6.0,29.774,1,77.4684,0,1,-0.29960000000000003,-5.0,-0.5949999999999989,0.0,-0.2720999999999947,0.0,0.0
semi,run_0873,0.5719,14.0,30.65,3,67.876,0,3,0.2451,10.0,30.052,6,69.55,0,6,-0.3268,-4.0,-0.597999999999999,3.0,1.6739999999999924,0.0,3.0
semi,run_0874,1.0349,19.0,31.232,2,484.109,0,2,0.7898,16.0,30.747,2,479.8337,0,2,-0.24509999999999998,-3.0,-0.48499999999999943,0.0,-4.275299999999959,0.0,0.0
semi,run_0875,0.0545,4.0,29.258,0,59.8732,0,0,0.0,2.0,28.817,0,59.4469,0,0,-0.0545,-2.0,-0.44099999999999895,0.0,-0.4262999999999977,0.0,0.0
semi,run_0876,0.2451,9.0,29.826,1,38.6387,0,1,0.0817,5.0,29.27,2,38.4706,0,2,-0.16340000000000002,-4.0,-0.5560000000000009,1.0,-0.16810000000000258,0.0,1.0
semi,run_0877,0.3268,11.0,30.172,0,85.9739,0,0,0.1089,6.0,29.632,1,82.3237,0,1,-0.21789999999999998,-5.0,-0.5399999999999991,1.0,-3.650199999999998,0.0,1.0
semi,run_0878,0.0545,5.0,29.19,0,47.856,0,0,0.0,3.0,28.791,0,46.9802,0,0,-0.0545,-2.0,-0.3990000000000009,0.0,-0.8757999999999981,0.0,0.0
semi,run_0879,0.0817,6.0,29.621,4,19.0711,0,4,0.0,0.0,29.123,2,18.4297,0,2,-0.0817,-6.0,-0.49799999999999756,-2.0,-0.6414000000000009,0.0,-2.0
semi,run_0880,1.1983,21.0,31.056,1,353.8239,0,1,0.7898,19.0,30.813,2,351.9239,0,2,-0.4085,-2.0,-0.2430000000000021,1.0,-1.8999999999999773,0.0,1.0
semi,run_0881,0.0,0.0,28.724,0,17.3756,0,0,0.0,0.0,28.293,0,17.2177,0,0,0.0,0.0,-0.43100000000000094,0.0,-0.15789999999999793,0.0,0.0
semi,run_0882,0.0,3.0,28.99,0,51.9765,0,0,0.0,0.0,28.609,0,50.4445,0,0,0.0,-3.0,-0.3809999999999967,0.0,-1.5320000000000036,0.0,0.0
semi,run_0883,0.1362,8.0,29.824,1,81.245,0,1,0.0817,5.0,29.357,0,72.7584,0,0,-0.05449999999999999,-3.0,-0.4670000000000023,-1.0,-8.48660000000001,0.0,-1.0
semi,run_0884,0.0,2.0,28.827,0,34.5087,0,0,0.0,0.0,28.462,0,34.4513,0,0,0.0,-2.0,-0.365000000000002,0.0,-0.05739999999999412,0.0,0.0
semi,run_0885,0.0,4.0,29.165,0,38.5771,0,0,0.0,0.0,28.61,0,37.7299,0,0,0.0,-4.0,-0.5549999999999997,0.0,-0.8472000000000008,0.0,0.0
semi,run_0886,0.6808,18.0,30.925,2,128.1386,0,2,0.463,14.0,30.51,4,127.3872,0,4,-0.21779999999999994,-4.0,-0.41499999999999915,2.0,-0.7513999999999896,0.0,2.0
semi,run_0887,0.0,4.0,29.051,0,43.0221,0,0,0.0,0.0,28.556,0,41.2881,0,0,0.0,-4.0,-0.49499999999999744,0.0,-1.7340000000000018,0.0,0.0
semi,run_0888,0.0,3.0,28.945,0,28.2967,0,0,0.0,0.0,28.417,0,26.7977,0,0,0.0,-3.0,-0.5279999999999987,0.0,-1.4990000000000023,0.0,0.0
semi,run_0889,0.0817,5.0,29.602,0,45.8706,0,0,0.0,3.0,29.028,0,45.9862,0,0,-0.0817,-2.0,-0.5740000000000016,0.0,0.11559999999999349,0.0,0.0
semi,run_0890,0.0,4.0,29.102,0,35.3178,0,0,0.0,0.0,28.694,0,32.987,0,0,0.0,-4.0,-0.40800000000000125,0.0,-2.3307999999999964,0.0,0.0
semi,run_0891,0.0272,4.0,29.331,0,32.834,0,0,0.0,1.0,28.79,0,30.8089,0,0,-0.0272,-3.0,-0.5410000000000004,0.0,-2.025100000000002,0.0,0.0
semi,run_0892,0.0817,5.0,29.353,0,33.755,0,0,0.0,3.0,28.845,0,34.2039,0,0,-0.0817,-2.0,-0.5080000000000027,0.0,0.44889999999999475,0.0,0.0
semi,run_0893,0.1089,8.0,29.765,0,71.0122,0,0,0.0545,4.0,29.271,0,70.3989,0,0,-0.0544,-4.0,-0.4939999999999998,0.0,-0.6133000000000095,0.0,0.0
semi,run_0894,0.1362,9.0,29.807,1,66.6349,0,1,0.0545,5.0,29.221,1,63.1296,0,1,-0.0817,-4.0,-0.5859999999999985,0.0,-3.5052999999999983,0.0,0.0
semi,run_0895,0.0817,5.0,29.479,0,60.2753,0,0,0.0,4.0,28.958,0,58.6501,0,0,-0.0817,-1.0,-0.5210000000000008,0.0,-1.6251999999999995,0.0,0.0
semi,run_0896,0.0,2.0,28.674,0,35.2424,0,0,0.0,0.0,28.355,0,33.8588,0,0,0.0,-2.0,-0.31899999999999906,0.0,-1.3836000000000013,0.0,0.0
semi,run_0897,0.2451,10.0,29.94,1,145.8337,0,1,0.1089,7.0,29.61,1,124.4838,0,1,-0.13620000000000002,-3.0,-0.33000000000000185,0.0,-21.34989999999999,0.0,0.0
semi,run_0898,0.0545,5.0,29.309,0,60.2672,0,0,0.0,3.0,28.851,0,53.066,0,0,-0.0545,-2.0,-0.45800000000000196,0.0,-7.2012,0.0,0.0
semi,run_0899,0.1362,6.0,29.505,2,44.8037,0,2,0.0,4.0,29.033,1,43.488,0,1,-0.1362,-2.0,-0.47199999999999775,-1.0,-1.3156999999999996,0.0,-1.0
semi,run_0900,0.1089,9.0,29.861,0,154.4481,0,0,0.0817,6.0,29.489,0,135.5386,0,0,-0.027200000000000002,-3.0,-0.3719999999999999,0.0,-18.90950000000001,0.0,0.0
semi,run_0901,1.171,18.0,30.997,2,91.234,0,2,0.6808,13.0,30.344,5,89.2202,0,6,-0.4902000000000001,-5.0,-0.6529999999999987,3.0,-2.013799999999989,0.0,4.0
semi,run_0902,0.0,0.0,28.789,5,12.4897,0,5,0.0,0.0,28.287,4,12.5213,0,4,0.0,0.0,-0.5020000000000024,-1.0,0.03160000000000096,0.0,-1.0
semi,run_0903,0.2996,11.0,30.27,0,104.291,0,0,0.1089,8.0,29.805,1,107.7746,0,1,-0.19069999999999998,-3.0,-0.46499999999999986,1.0,3.48360000000001,0.0,1.0
semi,run_0904,0.2451,10.0,29.892,0,121.7347,0,0,0.0817,6.0,29.448,0,105.2521,0,0,-0.16340000000000002,-4.0,-0.44399999999999906,0.0,-16.482600000000005,0.0,0.0
semi,run_0905,0.0817,5.0,29.346,0,41.7351,0,0,0.0,3.0,28.863,0,40.7065,0,0,-0.0817,-2.0,-0.48300000000000054,0.0,-1.0286000000000044,0.0,0.0
semi,run_0906,0.0,4.0,29.136,0,68.2504,0,0,0.0,2.0,28.79,0,64.0179,0,0,0.0,-2.0,-0.3460000000000001,0.0,-4.232500000000002,0.0,0.0
semi,run_0907,0.0817,5.0,29.433,1,35.0165,0,1,0.0,3.0,29.002,1,34.0324,0,1,-0.0817,-2.0,-0.43100000000000094,0.0,-0.984099999999998,0.0,0.0
semi,run_0908,0.0,4.0,29.325,0,34.6811,0,0,0.0,0.0,28.835,0,33.9525,0,0,0.0,-4.0,-0.48999999999999844,0.0,-0.7286000000000001,0.0,0.0
semi,run_0909,0.2179,10.0,30.042,0,147.3248,0,0,0.1089,6.0,29.66,1,146.8843,0,1,-0.10900000000000001,-4.0,-0.38200000000000145,1.0,-0.4405000000000143,0.0,1.0
semi,run_0910,0.3268,11.0,30.059,0,126.8056,0,0,0.1362,8.0,29.658,0,120.0041,0,0,-0.1906,-3.0,-0.4009999999999998,0.0,-6.801500000000004,0.0,0.0
semi,run_0911,0.2723,10.0,30.019,2,35.8885,0,2,0.0817,5.0,29.502,1,34.8534,0,1,-0.1906,-5.0,-0.5169999999999995,-1.0,-1.0351,0.0,-1.0
semi,run_0912,0.1089,7.0,29.596,0,87.345,0,0,0.0545,5.0,29.268,0,75.1473,0,0,-0.0544,-2.0,-0.3279999999999994,0.0,-12.197699999999998,0.0,0.0
semi,run_0913,0.0545,4.0,29.184,0,94.9436,0,0,0.0,2.0,28.812,0,80.105,0,0,-0.0545,-2.0,-0.3719999999999999,0.0,-14.8386,0.0,0.0
semi,run_0914,0.0,0.0,28.771,1,14.6385,0,1,0.0,0.0,28.341,0,13.4148,0,0,0.0,0.0,-0.4299999999999997,-1.0,-1.223700000000001,0.0,-1.0
semi,run_0915,0.0,4.0,29.193,0,40.7583,0,0,0.0,0.0,28.803,0,39.3936,0,0,0.0,-4.0,-0.39000000000000057,0.0,-1.3646999999999991,0.0,0.0
semi,run_0916,0.4085,12.0,30.208,9,16.6029,0,9,0.2996,11.0,29.93,5,15.2236,0,5,-0.1089,-1.0,-0.2779999999999987,-4.0,-1.3793000000000024,0.0,-4.0
semi,run_0917,0.0,3.0,29.023,2,20.2233,0,2,0.0,0.0,28.583,1,20.1694,0,1,0.0,-3.0,-0.4400000000000013,-1.0,-0.05389999999999873,0.0,-1.0
semi,run_0918,0.1089,8.0,29.752,0,120.4332,0,0,0.0545,5.0,29.313,0,119.0823,0,0,-0.0544,-3.0,-0.43900000000000006,0.0,-1.3508999999999958,0.0,0.0
semi,run_0919,0.1089,9.0,29.739,0,114.8507,0,0,0.0545,5.0,29.244,0,106.4946,0,0,-0.0544,-4.0,-0.495000000000001,0.0,-8.356099999999998,0.0,0.0
semi,run_0920,0.5174,13.0,30.501,2,59.8745,0,2,0.2451,9.0,29.984,1,63.5168,0,1,-0.2723,-4.0,-0.5169999999999995,-1.0,3.642300000000006,0.0,-1.0
semi,run_0921,0.5719,11.0,30.529,1,76.0881,0,1,0.2451,9.0,29.991,2,80.661,0,2,-0.3268,-2.0,-0.5380000000000003,1.0,4.572900000000004,0.0,1.0
semi,run_0922,0.3268,10.0,29.971,1,114.827,0,1,0.1089,7.0,29.587,1,114.5086,0,1,-0.21789999999999998,-3.0,-0.38400000000000034,0.0,-0.3183999999999969,0.0,0.0
semi,run_0923,0.1089,6.0,29.558,16,12.4797,0,16,0.0,4.0,28.905,11,12.3979,0,11,-0.1089,-2.0,-0.6529999999999987,-5.0,-0.08179999999999943,0.0,-5.0
semi,run_0924,0.1634,9.0,29.898,2,55.5652,0,2,0.0817,5.0,29.361,1,53.6264,0,1,-0.0817,-4.0,-0.536999999999999,-1.0,-1.9388000000000005,0.0,-1.0
semi,run_0925,0.2996,12.0,30.371,1,180.2833,0,1,0.1089,6.0,29.655,1,171.8234,0,1,-0.19069999999999998,-6.0,-0.7159999999999975,0.0,-8.459900000000005,0.0,0.0
semi,run_0926,0.2451,10.0,30.086,0,73.8692,0,0,0.1089,6.0,29.644,1,74.2872,0,1,-0.13620000000000002,-4.0,-0.44200000000000017,1.0,0.41799999999999216,0.0,1.0
semi,run_0927,0.0817,7.0,29.497,0,90.4478,0,0,0.0,4.0,29.016,0,85.4344,0,0,-0.0817,-3.0,-0.48100000000000165,0.0,-5.013400000000004,0.0,0.0
semi,run_0928,0.0817,5.0,29.46,0,152.0547,0,0,0.0,3.0,28.899,0,149.3584,0,0,-0.0817,-2.0,-0.5609999999999999,0.0,-2.696300000000008,0.0,0.0
semi,run_0929,0.6264,18.0,30.861,1,175.2686,0,1,0.3268,12.0,30.298,2,162.808,0,2,-0.2996,-6.0,-0.5630000000000024,1.0,-12.4606,0.0,1.0
semi,run_0930,0.0545,7.0,29.554,0,72.1157,0,0,0.0,4.0,29.007,0,70.4043,0,0,-0.0545,-3.0,-0.546999999999997,0.0,-1.7113999999999976,0.0,0.0
semi,run_0931,0.0817,6.0,29.565,2,36.9675,0,2,0.0,3.0,29.081,1,36.2069,0,1,-0.0817,-3.0,-0.48400000000000176,-1.0,-0.7606000000000037,0.0,-1.0
semi,run_0932,0.1089,6.0,29.517,0,60.0769,0,0,0.0,4.0,29.015,0,59.9182,0,0,-0.1089,-2.0,-0.5019999999999989,0.0,-0.15870000000000317,0.0,0.0
semi,run_0933,0.1089,5.0,29.606,0,46.1609,0,0,0.0,4.0,29.064,0,47.1231,0,0,-0.1089,-1.0,-0.5420000000000016,0.0,0.9622000000000028,0.0,0.0
semi,run_0934,0.1089,7.0,29.541,0,82.1245,0,0,0.0,4.0,29.138,0,68.8859,0,0,-0.1089,-3.0,-0.4029999999999987,0.0,-13.238599999999991,0.0,0.0
semi,run_0935,0.0272,4.0,29.302,0,68.5407,0,0,0.0,2.0,28.829,0,66.8097,0,0,-0.0272,-2.0,-0.472999999999999,0.0,-1.7309999999999945,0.0,0.0
semi,run_0936,0.817,16.0,30.717,6,151.9646,0,39,0.4085,12.0,30.21,2,159.9219,0,16,-0.4085,-4.0,-0.5069999999999979,-4.0,7.957300000000004,0.0,-23.0
semi,run_0937,0.463,15.0,30.667,1,273.7532,0,1,0.2996,12.0,30.213,1,260.4508,0,1,-0.16340000000000005,-3.0,-0.4540000000000006,0.0,-13.302399999999977,0.0,0.0
semi,run_0938,0.0,2.0,28.779,0,20.7891,0,0,0.0,0.0,28.371,0,20.6077,0,0,0.0,-2.0,-0.40800000000000125,0.0,-0.1814,0.0,0.0
semi,run_0939,0.0,2.0,28.942,0,31.1669,0,0,0.0,0.0,28.499,0,30.7016,0,0,0.0,-2.0,-0.4430000000000014,0.0,-0.46529999999999916,0.0,0.0
semi,run_0940,0.0545,7.0,29.472,4,30.9152,0,4,0.0,4.0,28.985,2,30.0779,0,2,-0.0545,-3.0,-0.4870000000000019,-2.0,-0.837299999999999,0.0,-2.0
semi,run_0941,0.0,4.0,29.09,0,44.1817,0,0,0.0,2.0,28.735,0,44.2754,0,0,0.0,-2.0,-0.3550000000000004,0.0,0.09369999999999834,0.0,0.0
semi,run_0942,0.0,3.0,28.865,0,28.7129,0,0,0.0,0.0,28.546,0,29.4473,0,0,0.0,-3.0,-0.31899999999999906,0.0,0.7343999999999973,0.0,0.0
semi,run_0943,0.2451,10.0,29.912,2,51.3018,0,2,0.0,5.0,29.321,1,49.7222,0,1,-0.2451,-5.0,-0.5909999999999975,-1.0,-1.5795999999999992,0.0,-1.0
semi,run_0944,0.0,4.0,29.156,0,24.8713,0,0,0.0,0.0,28.669,0,24.4878,0,0,0.0,-4.0,-0.4869999999999983,0.0,-0.3835000000000015,0.0,0.0
semi,run_0945,0.0545,5.0,29.27,0,59.8267,0,0,0.0,3.0,28.853,0,56.5088,0,0,-0.0545,-2.0,-0.41699999999999804,0.0,-3.3179000000000016,0.0,0.0
semi,run_0946,0.0,3.0,28.924,0,49.2769,0,0,0.0,0.0,28.589,0,46.66,0,0,0.0,-3.0,-0.33500000000000085,0.0,-2.616900000000001,0.0,0.0
semi,run_0947,0.0545,4.0,29.201,0,41.4107,0,0,0.0,2.0,28.808,0,41.8385,0,0,-0.0545,-2.0,-0.3930000000000007,0.0,0.42780000000000484,0.0,0.0
semi,run_0948,0.5719,15.0,30.682,0,128.8451,0,0,0.3268,11.0,30.267,1,133.3559,0,1,-0.24509999999999998,-4.0,-0.41499999999999915,1.0,4.510799999999989,0.0,1.0
semi,run_0949,0.0545,5.0,29.347,0,40.4467,0,0,0.0,1.0,28.809,0,35.5557,0,0,-0.0545,-4.0,-0.5380000000000003,0.0,-4.890999999999998,0.0,0.0
semi,run_0950,0.1089,5.0,29.398,2,28.9912,0,2,0.0,3.0,28.873,1,28.2944,0,1,-0.1089,-2.0,-0.5249999999999986,-1.0,-0.6967999999999996,0.0,-1.0
semi,run_0951,0.0,3.0,29.13,0,35.6278,0,0,0.0,0.0,28.743,0,35.2946,0,0,0.0,-3.0,-0.38700000000000045,0.0,-0.33319999999999794,0.0,0.0
semi,run_0952,0.7081,14.0,30.594,4,32.3751,0,34,0.2723,12.0,29.991,6,31.2515,0,44,-0.43579999999999997,-2.0,-0.6030000000000015,2.0,-1.1236000000000033,0.0,10.0
semi,run_0953,0.2996,11.0,30.295,0,238.1892,0,0,0.1089,9.0,29.834,1,227.8741,0,1,-0.19069999999999998,-2.0,-0.4610000000000021,1.0,-10.315100000000001,0.0,1.0
semi,run_0954,0.0,4.0,29.037,0,33.5481,0,0,0.0,0.0,28.604,0,33.0641,0,0,0.0,-4.0,-0.43299999999999983,0.0,-0.48399999999999466,0.0,0.0
semi,run_0955,0.1362,7.0,29.705,2,44.7356,0,2,0.0545,5.0,29.237,1,41.2971,0,1,-0.0817,-2.0,-0.46799999999999997,-1.0,-3.4384999999999977,0.0,-1.0
semi,run_0956,0.0545,6.0,29.463,0,46.7324,0,0,0.0,2.0,28.916,0,42.192,0,0,-0.0545,-4.0,-0.5470000000000006,0.0,-4.540399999999998,0.0,0.0
semi,run_0957,0.1089,8.0,29.724,0,72.1009,0,0,0.0545,5.0,29.195,0,72.0116,0,0,-0.0544,-3.0,-0.5289999999999999,0.0,-0.08929999999999438,0.0,0.0
semi,run_0958,0.9804,21.0,30.907,6,177.4959,0,7,0.7081,17.0,30.638,3,171.5469,0,3,-0.2723000000000001,-4.0,-0.26899999999999835,-3.0,-5.949000000000012,0.0,-4.0
semi,run_0959,0.1089,5.0,29.511,0,57.3959,0,0,0.0,4.0,28.988,0,55.3695,0,0,-0.1089,-1.0,-0.5229999999999997,0.0,-2.0263999999999953,0.0,0.0
semi,run_0960,0.0,4.0,29.237,0,50.5051,0,0,0.0,2.0,28.798,0,45.5032,0,0,0.0,-2.0,-0.43900000000000006,0.0,-5.001899999999999,0.0,0.0
semi,run_0961,0.0817,5.0,29.489,0,73.2242,0,0,0.0,3.0,29.101,0,72.5842,0,0,-0.0817,-2.0,-0.3880000000000017,0.0,-0.6400000000000006,0.0,0.0
semi,run_0962,0.2996,11.0,30.083,1,50.8337,0,1,0.0817,5.0,29.473,1,48.1585,0,1,-0.21789999999999998,-6.0,-0.6099999999999994,0.0,-2.675200000000004,0.0,0.0
semi,run_0963,0.2996,11.0,29.994,0,179.8632,0,0,0.1089,8.0,29.66,0,160.9585,0,0,-0.19069999999999998,-3.0,-0.33399999999999963,0.0,-18.90470000000002,0.0,0.0
semi,run_0964,0.1634,8.0,29.757,1,50.5493,0,1,0.0545,5.0,29.199,1,48.1717,0,1,-0.1089,-3.0,-0.5579999999999998,0.0,-2.377600000000001,0.0,0.0
semi,run_0965,0.1362,9.0,29.819,1,57.9616,0,1,0.0817,5.0,29.393,1,56.2941,0,1,-0.05449999999999999,-4.0,-0.4259999999999984,0.0,-1.6674999999999969,0.0,0.0
semi,run_0966,0.0,3.0,28.98,0,33.4133,0,0,0.0,0.0,28.609,0,32.1607,0,0,0.0,-3.0,-0.37099999999999866,0.0,-1.252600000000001,0.0,0.0
semi,run_0967,0.1089,9.0,29.724,0,86.264,0,0,0.0545,4.0,29.262,0,83.6215,0,0,-0.0544,-5.0,-0.46199999999999974,0.0,-2.6424999999999983,0.0,0.0
semi,run_0968,0.0545,5.0,29.426,0,43.1215,0,0,0.0,2.0,29.037,0,42.3409,0,0,-0.0545,-3.0,-0.38899999999999935,0.0,-0.7805999999999997,0.0,0.0
semi,run_0969,0.0,2.0,28.735,0,29.3102,0,0,0.0,0.0,28.283,0,26.1936,0,0,0.0,-2.0,-0.4519999999999982,0.0,-3.1165999999999983,0.0,0.0
semi,run_0970,0.0817,5.0,29.329,0,54.1912,0,0,0.0,3.0,28.912,0,52.8309,0,0,-0.0817,-2.0,-0.4170000000000016,0.0,-1.3603000000000023,0.0,0.0
semi,run_0971,0.0,0.0,28.769,1,16.1127,0,1,0.0,0.0,28.265,0,15.2261,0,0,0.0,0.0,-0.5039999999999978,-1.0,-0.8865999999999996,0.0,-1.0
semi,run_0972,0.0817,5.0,29.461,1,37.2357,0,1,0.0,3.0,28.935,0,36.4501,0,0,-0.0817,-2.0,-0.5259999999999998,-1.0,-0.7856000000000023,0.0,-1.0
semi,run_0973,0.1089,7.0,29.699,0,83.2413,0,0,0.0545,4.0,29.303,0,83.2244,0,0,-0.0544,-3.0,-0.3960000000000008,0.0,-0.016899999999992588,0.0,0.0
semi,run_0974,0.3813,12.0,30.484,0,125.661,0,0,0.1362,10.0,29.944,1,116.7913,0,1,-0.24509999999999998,-2.0,-0.5400000000000027,1.0,-8.869699999999995,0.0,1.0
semi,run_0975,0.0817,5.0,29.368,1,35.9247,0,1,0.0,3.0,28.81,0,34.2121,0,0,-0.0817,-2.0,-0.5579999999999998,-1.0,-1.712600000000002,0.0,-1.0
semi,run_0976,0.1089,5.0,29.545,0,88.9604,0,0,0.0,4.0,29.033,0,88.608,0,0,-0.1089,-1.0,-0.5120000000000005,0.0,-0.35240000000000293,0.0,0.0
semi,run_0977,0.0,3.0,29.012,0,48.332,0,0,0.0,1.0,28.663,0,44.9464,0,0,0.0,-2.0,-0.3490000000000002,0.0,-3.3856000000000037,0.0,0.0
semi,run_0978,0.1634,9.0,29.719,1,51.4695,0,1,0.0817,5.0,29.243,1,48.3868,0,1,-0.0817,-4.0,-0.47600000000000264,0.0,-3.0826999999999956,0.0,0.0
semi,run_0979,0.4085,14.0,30.254,2,56.7041,0,2,0.2179,7.0,29.806,2,51.2822,0,2,-0.19059999999999996,-7.0,-0.4480000000000004,0.0,-5.421899999999994,0.0,0.0
semi,run_0980,0.1362,7.0,29.704,1,52.2129,0,1,0.0272,5.0,29.149,1,49.1505,0,1,-0.10899999999999999,-2.0,-0.5549999999999997,0.0,-3.0623999999999967,0.0,0.0
semi,run_0981,0.0817,5.0,29.431,1,43.7311,0,1,0.0,0.0,28.908,0,43.6407,0,0,-0.0817,-5.0,-0.5229999999999997,-1.0,-0.09039999999999537,0.0,-1.0
semi,run_0982,0.3268,11.0,30.461,0,114.966,0,0,0.1362,9.0,29.875,1,117.4567,0,1,-0.1906,-2.0,-0.5859999999999985,1.0,2.490700000000004,0.0,1.0
semi,run_0983,0.3268,11.0,30.149,1,101.8409,0,1,0.1089,6.0,29.631,1,96.925,0,1,-0.21789999999999998,-5.0,-0.5180000000000007,0.0,-4.915900000000008,0.0,0.0
semi,run_0984,0.0,3.0,28.883,0,34.6313,0,0,0.0,0.0,28.484,0,34.6362,0,0,0.0,-3.0,-0.39899999999999736,0.0,0.004899999999999238,0.0,0.0
semi,run_0985,0.0,4.0,28.957,5,24.5497,0,5,0.0,0.0,28.506,2,24.3754,0,2,0.0,-4.0,-0.4510000000000005,-3.0,-0.17430000000000234,0.0,-3.0
semi,run_0986,0.1089,6.0,29.671,4,28.1747,0,4,0.0,4.0,29.091,4,27.4847,0,4,-0.1089,-2.0,-0.5799999999999983,0.0,-0.6900000000000013,0.0,0.0
semi,run_0987,1.0349,21.0,30.965,1,138.9621,0,1,0.7353,16.0,30.714,2,133.3929,0,2,-0.2996,-5.0,-0.2510000000000012,1.0,-5.569199999999995,0.0,1.0
semi,run_0988,0.1089,6.0,29.478,0,44.5045,0,0,0.0,3.0,28.916,0,43.3596,0,0,-0.1089,-3.0,-0.5620000000000012,0.0,-1.1448999999999998,0.0,0.0
semi,run_0989,0.1089,8.0,29.893,0,87.5859,0,0,0.0545,4.0,29.264,0,89.5578,0,0,-0.0544,-4.0,-0.6290000000000013,0.0,1.971900000000005,0.0,0.0
semi,run_0990,1.3889,20.0,31.353,5,147.9869,0,5,1.1983,19.0,30.856,8,145.6487,0,20,-0.1906000000000001,-1.0,-0.4969999999999999,3.0,-2.3382000000000005,0.0,15.0
semi,run_0991,0.1089,7.0,29.543,0,86.5095,0,0,0.0,4.0,29.047,0,73.0085,0,0,-0.1089,-3.0,-0.49599999999999866,0.0,-13.501000000000005,0.0,0.0
semi,run_0992,0.1089,8.0,29.725,0,65.8453,0,0,0.0545,5.0,29.203,0,61.3925,0,0,-0.0544,-3.0,-0.522000000000002,0.0,-4.452799999999996,0.0,0.0
semi,run_0993,0.3268,11.0,30.112,2,92.2512,0,15,0.0817,5.0,29.549,2,89.2137,0,15,-0.24509999999999998,-6.0,-0.5629999999999988,0.0,-3.0374999999999943,0.0,0.0
semi,run_0994,0.0817,5.0,29.333,0,31.3387,0,0,0.0,3.0,28.892,0,29.948,0,0,-0.0817,-2.0,-0.44099999999999895,0.0,-1.390699999999999,0.0,0.0
semi,run_0995,0.1089,7.0,29.645,0,63.1285,0,0,0.0272,4.0,29.14,0,63.8287,0,0,-0.0817,-3.0,-0.504999999999999,0.0,0.7001999999999953,0.0,0.0
semi,run_0996,0.0,3.0,28.794,0,30.9861,0,0,0.0,0.0,28.44,0,27.4048,0,0,0.0,-3.0,-0.3539999999999992,0.0,-3.581299999999999,0.0,0.0
semi,run_0997,0.5447,14.0,30.529,1,189.0018,0,1,0.2723,11.0,30.009,1,184.8799,0,1,-0.2724,-3.0,-0.5199999999999996,0.0,-4.121900000000011,0.0,0.0
semi,run_0998,0.1634,8.0,29.802,0,82.7572,0,0,0.0272,4.0,29.322,0,72.0651,0,0,-0.1362,-4.0,-0.4800000000000004,0.0,-10.692099999999996,0.0,0.0
semi,run_0999,0.0545,4.0,29.459,0,117.2684,0,0,0.0,3.0,29.043,0,106.9147,0,0,-0.0545,-1.0,-0.41600000000000037,0.0,-10.353700000000003,0.0,0.0
semi,run_1000,0.0817,7.0,29.486,0,84.7629,0,0,0.0,4.0,29.135,0,72.6967,0,0,-0.0817,-3.0,-0.3509999999999991,0.0,-12.066199999999995,0.0,0.0
semi,run_1001,0.1906,9.0,29.907,0,77.6652,0,0,0.1089,6.0,29.467,1,71.3515,0,1,-0.0817,-3.0,-0.4400000000000013,1.0,-6.313699999999997,0.0,1.0
semi,run_1002,0.0,4.0,29.008,0,34.3302,0,0,0.0,0.0,28.568,0,30.8349,0,0,0.0,-4.0,-0.4399999999999977,0.0,-3.4952999999999967,0.0,0.0
semi,run_1003,0.463,14.0,30.358,6,48.6935,0,6,0.2451,12.0,29.966,5,43.9325,0,5,-0.2179,-2.0,-0.39199999999999946,-1.0,-4.761000000000003,0.0,-1.0
semi,run_1004,0.1362,9.0,29.866,1,66.8628,0,1,0.0817,5.0,29.3,1,60.294,0,1,-0.05449999999999999,-4.0,-0.565999999999999,0.0,-6.568799999999996,0.0,0.0
semi,run_1005,0.0,3.0,28.947,0,42.5248,0,0,0.0,0.0,28.542,0,38.6351,0,0,0.0,-3.0,-0.4049999999999976,0.0,-3.8896999999999977,0.0,0.0
semi,run_1006,0.0817,5.0,29.389,0,54.4935,0,0,0.0,3.0,28.959,0,48.4024,0,0,-0.0817,-2.0,-0.4299999999999997,0.0,-6.091099999999997,0.0,0.0
semi,run_1007,0.1634,10.0,29.853,2,73.9749,0,2,0.0817,5.0,29.469,1,67.2616,0,1,-0.0817,-5.0,-0.38400000000000034,-1.0,-6.713300000000004,0.0,-1.0
semi,run_1008,0.1089,8.0,29.685,0,67.6222,0,0,0.0,4.0,29.156,0,62.405,0,0,-0.1089,-4.0,-0.5289999999999999,0.0,-5.217200000000005,0.0,0.0
semi,run_1009,0.0545,5.0,29.533,2,43.8046,0,2,0.0,1.0,29.046,1,43.6914,0,1,-0.0545,-4.0,-0.4870000000000019,-1.0,-0.11319999999999908,0.0,-1.0
semi,run_1010,0.1089,8.0,29.767,0,72.2921,0,0,0.0545,5.0,29.199,0,71.8241,0,0,-0.0544,-3.0,-0.5679999999999978,0.0,-0.4680000000000035,0.0,0.0
semi,run_1011,0.1089,6.0,29.698,0,44.9869,0,0,0.0,4.0,29.198,1,44.0602,0,1,-0.1089,-2.0,-0.5,1.0,-0.9266999999999967,0.0,1.0
semi,run_1012,0.3268,12.0,30.184,3,256.348,0,29,0.1089,9.0,29.681,1,255.1492,0,27,-0.21789999999999998,-3.0,-0.5030000000000001,-2.0,-1.1988000000000056,0.0,-2.0
semi,run_1013,0.1906,9.0,29.838,1,110.1059,0,2,0.0545,5.0,29.381,0,107.5859,0,2,-0.1361,-4.0,-0.45700000000000074,-1.0,-2.5200000000000102,0.0,0.0
semi,run_1014,0.4085,12.0,30.221,1,56.4197,0,1,0.1362,7.0,29.711,1,52.1862,0,1,-0.2723,-5.0,-0.5100000000000016,0.0,-4.233499999999999,0.0,0.0
semi,run_1015,0.2179,10.0,29.915,2,40.0337,0,2,0.1362,7.0,29.697,2,35.8482,0,2,-0.08170000000000002,-3.0,-0.21799999999999997,0.0,-4.185500000000005,0.0,0.0
semi,run_1016,0.0,0.0,28.464,0,18.7802,0,0,0.0,0.0,28.049,0,18.609,0,0,0.0,0.0,-0.41499999999999915,0.0,-0.1711999999999989,0.0,0.0
semi,run_1017,0.2996,13.0,30.279,3,54.0855,0,3,0.1362,7.0,29.671,4,52.5914,0,4,-0.1634,-6.0,-0.6080000000000005,1.0,-1.494100000000003,0.0,1.0
semi,run_1018,0.0817,5.0,29.369,0,60.3905,0,0,0.0,3.0,28.952,0,58.0929,0,0,-0.0817,-2.0,-0.41699999999999804,0.0,-2.2976000000000028,0.0,0.0
semi,run_1019,0.354,11.0,30.043,2,42.4168,0,2,0.1089,8.0,29.613,1,37.7344,0,1,-0.24509999999999998,-3.0,-0.4299999999999997,-1.0,-4.682400000000001,0.0,-1.0
semi,run_1020,0.0,1.0,28.871,0,22.9224,0,0,0.0,0.0,28.357,0,20.6346,0,0,0.0,-1.0,-0.5139999999999993,0.0,-2.2878000000000007,0.0,0.0
semi,run_1021,0.1089,6.0,29.642,0,69.2219,0,0,0.0545,5.0,29.206,0,69.0611,0,0,-0.0544,-1.0,-0.43599999999999994,0.0,-0.16080000000000894,0.0,0.0
semi,run_1022,0.0,3.0,28.817,0,25.1502,0,0,0.0,0.0,28.41,0,25.2241,0,0,0.0,-3.0,-0.40700000000000003,0.0,0.0738999999999983,0.0,0.0
semi,run_1023,0.0272,4.0,29.169,0,37.819,0,0,0.0,2.0,28.724,0,36.9582,0,0,-0.0272,-2.0,-0.4450000000000003,0.0,-0.8608000000000047,0.0,0.0
semi,run_1024,0.463,12.0,30.463,1,175.4597,0,1,0.2451,10.0,29.979,1,160.9029,0,1,-0.2179,-2.0,-0.48400000000000176,0.0,-14.55680000000001,0.0,0.0
semi,run_1025,0.1906,7.0,29.861,0,80.1388,0,0,0.0272,4.0,29.46,0,71.6107,0,0,-0.1634,-3.0,-0.4009999999999998,0.0,-8.52810000000001,0.0,0.0
semi,run_1026,0.2451,11.0,29.898,3,28.8024,0,3,0.0,5.0,29.32,1,27.5538,0,1,-0.2451,-6.0,-0.5779999999999994,-2.0,-1.2485999999999997,0.0,-2.0
semi,run_1027,0.1089,9.0,29.814,1,60.8554,0,1,0.0545,5.0,29.2,0,58.186,0,0,-0.0544,-4.0,-0.6140000000000008,-1.0,-2.669400000000003,0.0,-1.0
semi,run_1028,0.5447,13.0,30.427,7,32.4727,0,7,0.2179,10.0,29.838,8,31.1103,0,8,-0.3268,-3.0,-0.5889999999999986,1.0,-1.3624000000000045,0.0,1.0
semi,run_1029,0.0817,5.0,29.531,0,82.9721,0,0,0.0,4.0,28.965,0,74.8451,0,0,-0.0817,-1.0,-0.565999999999999,0.0,-8.126999999999995,0.0,0.0
semi,run_1030,0.0,3.0,29.045,2,35.7175,0,2,0.0,0.0,28.54,0,35.0371,0,0,0.0,-3.0,-0.5050000000000026,-2.0,-0.6803999999999988,0.0,-2.0
semi,run_1031,0.2451,9.0,29.863,2,59.3457,0,2,0.0817,5.0,29.433,1,58.7576,0,1,-0.16340000000000002,-4.0,-0.4299999999999997,-1.0,-0.5881000000000043,0.0,-1.0
semi,run_1032,0.0272,5.0,29.211,0,42.2807,0,0,0.0,3.0,28.826,0,37.4815,0,0,-0.0272,-2.0,-0.384999999999998,0.0,-4.799200000000006,0.0,0.0
semi,run_1033,0.0,5.0,29.233,2,31.4004,0,2,0.0,2.0,28.685,1,31.233,0,1,0.0,-3.0,-0.5480000000000018,-1.0,-0.16740000000000066,0.0,-1.0
semi,run_1034,0.5174,12.0,30.324,11,20.566,0,29,0.1906,7.0,29.775,5,17.5828,0,13,-0.3268,-5.0,-0.549000000000003,-6.0,-2.9832,0.0,-16.0
semi,run_1035,0.0817,5.0,29.404,0,47.0152,0,0,0.0,3.0,28.897,0,44.9746,0,0,-0.0817,-2.0,-0.5070000000000014,0.0,-2.0405999999999977,0.0,0.0
semi,run_1036,0.2451,10.0,29.946,1,63.5043,0,1,0.0817,5.0,29.418,1,63.2688,0,1,-0.16340000000000002,-5.0,-0.5280000000000022,0.0,-0.23550000000000182,0.0,0.0
semi,run_1037,0.1089,5.0,29.729,2,28.9061,0,2,0.0,3.0,29.171,1,29.2749,0,1,-0.1089,-2.0,-0.5579999999999998,-1.0,0.36880000000000024,0.0,-1.0
semi,run_1038,0.0817,5.0,29.615,0,73.6035,0,0,0.0,4.0,29.128,0,74.2281,0,0,-0.0817,-1.0,-0.4869999999999983,0.0,0.6246000000000009,0.0,0.0
semi,run_1039,0.7898,15.0,30.632,2,46.7737,0,2,0.463,13.0,30.21,1,45.6247,0,1,-0.3267999999999999,-2.0,-0.4220000000000006,-1.0,-1.149000000000001,0.0,-1.0
semi,run_1040,0.0545,4.0,29.329,0,69.6949,0,0,0.0,2.0,28.817,0,64.645,0,0,-0.0545,-2.0,-0.5120000000000005,0.0,-5.049900000000008,0.0,0.0
semi,run_1041,0.8442,18.0,30.932,2,81.5403,0,2,0.6536,14.0,30.514,6,75.1641,0,6,-0.1906,-4.0,-0.41799999999999926,4.0,-6.376199999999997,0.0,4.0
semi,run_1042,0.354,12.0,30.26,1,180.479,0,1,0.1906,10.0,29.887,1,159.0172,0,1,-0.1634,-2.0,-0.3730000000000011,0.0,-21.46180000000001,0.0,0.0
semi,run_1043,0.5991,16.0,30.715,2,89.2643,0,2,0.3813,12.0,30.243,2,80.7067,0,2,-0.2178,-4.0,-0.4720000000000013,0.0,-8.557600000000008,0.0,0.0
semi,run_1044,0.0272,4.0,29.15,0,40.4264,0,0,0.0,0.0,28.767,0,39.3253,0,0,-0.0272,-4.0,-0.3829999999999991,0.0,-1.1011000000000024,0.0,0.0
semi,run_1045,0.1362,9.0,29.916,0,120.2228,0,0,0.0545,4.0,29.369,0,110.7813,0,0,-0.0817,-5.0,-0.5470000000000006,0.0,-9.441500000000005,0.0,0.0
semi,run_1046,0.0817,5.0,29.581,0,77.4934,0,0,0.0272,4.0,29.2,0,73.4566,0,0,-0.05449999999999999,-1.0,-0.3810000000000002,0.0,-4.0367999999999995,0.0,0.0
semi,run_1047,0.2723,10.0,30.018,0,105.4946,0,0,0.0817,5.0,29.541,1,108.0281,0,1,-0.1906,-5.0,-0.4770000000000003,1.0,2.5334999999999894,0.0,1.0
semi,run_1048,0.0,3.0,28.838,0,43.1183,0,0,0.0,0.0,28.473,0,42.0001,0,0,0.0,-3.0,-0.365000000000002,0.0,-1.1181999999999945,0.0,0.0
semi,run_1049,0.0817,6.0,29.441,0,100.585,0,0,0.0,4.0,29.181,0,87.6188,0,0,-0.0817,-2.0,-0.259999999999998,0.0,-12.9662,0.0,0.0
semi,run_1050,0.1089,6.0,29.586,4,27.7626,0,4,0.0,4.0,29.034,2,27.7922,0,2,-0.1089,-2.0,-0.5519999999999996,-2.0,0.02960000000000207,0.0,-2.0
semi,run_1051,0.6264,14.0,30.689,2,70.6971,0,2,0.2723,10.0,30.069,4,71.2728,0,4,-0.35409999999999997,-4.0,-0.620000000000001,2.0,0.5756999999999977,0.0,2.0
semi,run_1052,0.0817,5.0,29.501,0,71.2311,0,0,0.0,3.0,29.066,0,69.1687,0,0,-0.0817,-2.0,-0.4350000000000023,0.0,-2.0623999999999967,0.0,0.0
semi,run_1053,0.1906,9.0,29.784,2,33.9079,0,2,0.0,5.0,29.245,1,33.7426,0,1,-0.1906,-4.0,-0.5389999999999979,-1.0,-0.1652999999999949,0.0,-1.0
semi,run_1054,0.0545,5.0,29.37,1,33.149,0,1,0.0,3.0,28.919,0,31.0061,0,0,-0.0545,-2.0,-0.4510000000000005,-1.0,-2.142900000000001,0.0,-1.0
semi,run_1055,0.1089,6.0,29.62,2,39.462,0,2,0.0,4.0,29.201,1,38.0359,0,1,-0.1089,-2.0,-0.4190000000000005,-1.0,-1.4261000000000053,0.0,-1.0
semi,run_1056,0.2179,10.0,29.921,0,92.8624,0,0,0.0817,5.0,29.491,0,86.986,0,0,-0.13620000000000002,-5.0,-0.4299999999999997,0.0,-5.87639999999999,0.0,0.0
semi,run_1057,0.1362,5.0,29.748,2,46.8621,0,2,0.0,5.0,29.298,1,46.3801,0,1,-0.1362,0.0,-0.45000000000000284,-1.0,-0.4819999999999993,0.0,-1.0
semi,run_1058,0.0545,4.0,29.221,0,59.4807,0,0,0.0,3.0,28.853,0,55.0362,0,0,-0.0545,-1.0,-0.36799999999999855,0.0,-4.444499999999998,0.0,0.0
semi,run_1059,0.0817,5.0,29.362,0,67.2569,0,0,0.0,3.0,28.946,0,65.3164,0,0,-0.0817,-2.0,-0.4159999999999968,0.0,-1.9405000000000001,0.0,0.0
semi,run_1060,0.0,3.0,28.84,0,41.0126,0,0,0.0,0.0,28.464,0,39.1,0,0,0.0,-3.0,-0.3760000000000012,0.0,-1.9125999999999976,0.0,0.0
semi,run_1061,0.0272,4.0,29.233,0,35.7749,0,0,0.0,2.0,28.708,0,35.8594,0,0,-0.0272,-2.0,-0.5250000000000021,0.0,0.08449999999999847,0.0,0.0
semi,run_1062,0.4902,13.0,30.438,2,59.5974,0,2,0.2451,10.0,29.95,2,57.1711,0,2,-0.2451,-3.0,-0.48799999999999955,0.0,-2.4262999999999977,0.0,0.0
semi,run_1063,0.0545,5.0,29.306,0,70.2815,0,0,0.0,3.0,28.981,0,67.1056,0,0,-0.0545,-2.0,-0.3249999999999993,0.0,-3.1758999999999986,0.0,0.0
semi,run_1064,0.1634,10.0,29.982,0,93.0811,0,0,0.0817,5.0,29.406,0,86.989,0,0,-0.0817,-5.0,-0.5760000000000005,0.0,-6.092100000000002,0.0,0.0
semi,run_1065,0.0817,5.0,29.35,1,24.7595,0,1,0.0,3.0,28.821,0,23.7283,0,0,-0.0817,-2.0,-0.5289999999999999,-1.0,-1.0311999999999983,0.0,-1.0
semi,run_1066,0.4902,11.0,30.49,1,108.3722,0,1,0.2996,11.0,30.173,1,112.998,0,1,-0.19060000000000005,0.0,-0.31700000000000017,0.0,4.625799999999998,0.0,0.0
semi,run_1067,0.1089,9.0,29.796,0,182.2182,0,0,0.0545,5.0,29.218,0,172.4641,0,0,-0.0544,-4.0,-0.5779999999999994,0.0,-9.754099999999994,0.0,0.0
semi,run_1068,0.0817,5.0,29.392,0,63.2664,0,0,0.0,3.0,28.885,0,61.7641,0,0,-0.0817,-2.0,-0.5069999999999979,0.0,-1.5022999999999982,0.0,0.0
semi,run_1069,0.2179,10.0,29.931,1,56.978,0,1,0.0817,5.0,29.436,1,54.0214,0,1,-0.13620000000000002,-5.0,-0.495000000000001,0.0,-2.9566000000000017,0.0,0.0
semi,run_1070,0.0,0.0,28.671,0,26.4051,0,0,0.0,0.0,28.305,0,24.6223,0,0,0.0,0.0,-0.36599999999999966,0.0,-1.7828000000000017,0.0,0.0
semi,run_1071,0.0817,5.0,29.504,0,77.4599,0,0,0.0,3.0,29.145,0,72.1593,0,0,-0.0817,-2.0,-0.35900000000000176,0.0,-5.300600000000003,0.0,0.0
semi,run_1072,0.0272,4.0,29.358,0,50.7322,0,0,0.0,0.0,28.829,0,48.6258,0,0,-0.0272,-4.0,-0.5289999999999999,0.0,-2.1064000000000007,0.0,0.0
semi,run_1073,0.1634,9.0,29.79,2,39.863,0,2,0.0545,5.0,29.285,1,40.0908,0,1,-0.1089,-4.0,-0.504999999999999,-1.0,0.227800000000002,0.0,-1.0
semi,run_1074,0.0,0.0,28.728,0,21.1407,0,0,0.0,0.0,28.313,0,20.8539,0,0,0.0,0.0,-0.4150000000000027,0.0,-0.2867999999999995,0.0,0.0
semi,run_1075,0.0,0.0,28.714,0,20.2666,0,0,0.0,0.0,28.19,0,18.8354,0,0,0.0,0.0,-0.5239999999999974,0.0,-1.4312000000000005,0.0,0.0
semi,run_1076,0.0817,5.0,29.417,1,41.3242,0,1,0.0,3.0,28.952,0,39.363,0,0,-0.0817,-2.0,-0.46499999999999986,-1.0,-1.961199999999998,0.0,-1.0
semi,run_1077,0.0817,5.0,29.678,2,47.8623,0,2,0.0,5.0,29.211,1,42.3997,0,1,-0.0817,0.0,-0.4670000000000023,-1.0,-5.462599999999995,0.0,-1.0
semi,run_1078,0.0,3.0,28.873,0,32.4099,0,0,0.0,0.0,28.497,0,33.0185,0,0,0.0,-3.0,-0.3760000000000012,0.0,0.6086000000000027,0.0,0.0
semi,run_1079,0.2451,9.0,29.888,1,38.1056,0,1,0.0545,5.0,29.352,1,37.5005,0,1,-0.19060000000000002,-4.0,-0.5360000000000014,0.0,-0.6051000000000002,0.0,0.0
semi,run_1080,0.0,0.0,28.607,0,15.7196,0,0,0.0,0.0,28.092,0,14.4685,0,0,0.0,0.0,-0.5150000000000006,0.0,-1.2510999999999992,0.0,0.0
semi,run_1081,0.0272,4.0,29.313,0,41.3479,0,0,0.0,2.0,28.951,0,40.2409,0,0,-0.0272,-2.0,-0.3619999999999983,0.0,-1.1069999999999993,0.0,0.0
semi,run_1082,0.0,4.0,29.313,4,31.0234,0,4,0.0,0.0,28.833,1,31.0697,0,1,0.0,-4.0,-0.4800000000000004,-3.0,0.04630000000000223,0.0,-3.0
semi,run_1083,0.0545,4.0,29.228,0,55.9522,0,0,0.0,0.0,28.828,0,55.6774,0,0,-0.0545,-4.0,-0.40000000000000213,0.0,-0.27479999999999905,0.0,0.0
semi,run_1084,0.0,0.0,28.591,4,22.205,0,4,0.0,0.0,27.842,0,21.8385,0,0,0.0,0.0,-0.7490000000000023,-4.0,-0.3664999999999985,0.0,-4.0
semi,run_1085,0.0817,5.0,29.532,0,84.3872,0,0,0.0,4.0,29.035,0,82.5466,0,0,-0.0817,-1.0,-0.4969999999999999,0.0,-1.8406000000000091,0.0,0.0
semi,run_1086,0.1089,6.0,29.584,0,64.9751,0,0,0.0,3.0,28.988,0,69.0326,0,0,-0.1089,-3.0,-0.5960000000000001,0.0,4.0575000000000045,0.0,0.0
semi,run_1087,0.0817,5.0,29.574,0,42.1201,0,0,0.0,3.0,29.046,1,43.3495,0,1,-0.0817,-2.0,-0.5280000000000022,1.0,1.2293999999999983,0.0,1.0
semi,run_1088,0.1362,9.0,29.753,1,99.741,0,1,0.0817,5.0,29.396,1,85.8048,0,1,-0.05449999999999999,-4.0,-0.3569999999999993,0.0,-13.9362,0.0,0.0
semi,run_1089,1.1438,21.0,31.048,7,74.0498,0,7,0.7081,19.0,30.749,6,71.859,0,6,-0.4357,-2.0,-0.2989999999999995,-1.0,-2.19080000000001,0.0,-1.0
semi,run_1090,0.354,12.0,30.267,2,195.6038,0,2,0.1906,9.0,29.799,1,174.1636,0,1,-0.1634,-3.0,-0.46799999999999997,-1.0,-21.440200000000004,0.0,-1.0
semi,run_1091,0.2723,11.0,29.981,2,51.7948,0,2,0.0817,7.0,29.509,2,44.5321,0,2,-0.1906,-4.0,-0.4720000000000013,0.0,-7.262700000000002,0.0,0.0
semi,run_1092,0.1089,5.0,29.604,2,37.318,0,2,0.0,5.0,29.135,1,36.0415,0,1,-0.1089,0.0,-0.46899999999999764,-1.0,-1.2764999999999986,0.0,-1.0
semi,run_1093,0.1089,6.0,29.414,5,38.4356,0,5,0.0,3.0,28.835,2,37.7733,0,2,-0.1089,-3.0,-0.5790000000000006,-3.0,-0.6623000000000019,0.0,-3.0
semi,run_1094,0.0817,5.0,29.446,2,31.7755,0,2,0.0,4.0,28.94,1,31.772,0,1,-0.0817,-1.0,-0.5060000000000002,-1.0,-0.003500000000002501,0.0,-1.0
semi,run_1095,0.1906,9.0,29.866,0,63.3098,0,0,0.0545,6.0,29.371,0,59.7399,0,0,-0.1361,-3.0,-0.495000000000001,0.0,-3.569900000000004,0.0,0.0
semi,run_1096,0.0545,5.0,29.435,0,47.1971,0,0,0.0,2.0,28.825,0,44.9327,0,0,-0.0545,-3.0,-0.6099999999999994,0.0,-2.264400000000002,0.0,0.0
semi,run_1097,0.1362,6.0,29.607,12,31.9435,0,12,0.0,2.0,28.954,3,31.861,0,3,-0.1362,-4.0,-0.6529999999999987,-9.0,-0.08249999999999957,0.0,-9.0
semi,run_1098,0.0,2.0,28.902,0,25.9496,0,0,0.0,0.0,28.407,0,25.3697,0,0,0.0,-2.0,-0.495000000000001,0.0,-0.5798999999999985,0.0,0.0
semi,run_1099,0.1089,8.0,29.7,0,72.7489,0,0,0.0,4.0,29.289,0,70.5597,0,0,-0.1089,-4.0,-0.4109999999999978,0.0,-2.1891999999999996,0.0,0.0
semi,run_1100,0.1089,9.0,29.939,0,81.7578,0,0,0.0817,4.0,29.409,0,81.939,0,0,-0.027200000000000002,-5.0,-0.5300000000000011,0.0,0.1811999999999898,0.0,0.0
semi,run_1101,0.0,2.0,28.957,2,25.2257,0,2,0.0,0.0,28.526,0,25.1156,0,0,0.0,-2.0,-0.43100000000000094,-2.0,-0.1100999999999992,0.0,-2.0
semi,run_1102,0.6264,17.0,30.798,3,249.0313,0,3,0.3268,12.0,30.331,2,249.6807,0,3,-0.2996,-5.0,-0.46699999999999875,-1.0,0.6494000000000142,0.0,0.0
semi,run_1103,0.1089,8.0,29.76,1,67.5741,0,1,0.0,4.0,29.274,0,62.6485,0,0,-0.1089,-4.0,-0.48600000000000065,-1.0,-4.925600000000003,0.0,-1.0
semi,run_1104,0.2451,9.0,29.88,2,32.881,0,2,0.0,5.0,29.373,1,32.4397,0,1,-0.2451,-4.0,-0.5069999999999979,-1.0,-0.44129999999999825,0.0,-1.0
semi,run_1105,0.0545,5.0,29.344,0,52.9999,0,0,0.0,3.0,28.885,0,53.9508,0,0,-0.0545,-2.0,-0.45899999999999963,0.0,0.9509000000000043,0.0,0.0
semi,run_1106,0.0545,5.0,29.189,0,30.7263,0,0,0.0,3.0,28.839,0,29.7513,0,0,-0.0545,-2.0,-0.3500000000000014,0.0,-0.9749999999999979,0.0,0.0
semi,run_1107,0.817,15.0,30.692,6,49.5456,0,6,0.6536,16.0,30.453,3,43.8967,0,3,-0.1634,1.0,-0.23900000000000077,-3.0,-5.648899999999998,0.0,-3.0
semi,run_1108,0.0817,5.0,29.452,0,49.6213,0,0,0.0,3.0,28.994,0,49.2849,0,0,-0.0817,-2.0,-0.45800000000000196,0.0,-0.3363999999999976,0.0,0.0
semi,run_1109,0.0817,5.0,29.376,1,45.1316,0,1,0.0,3.0,28.945,0,41.6866,0,0,-0.0817,-2.0,-0.43100000000000094,-1.0,-3.4450000000000003,0.0,-1.0
semi,run_1110,0.5991,13.0,30.575,3,64.8344,0,3,0.2451,10.0,29.99,5,64.0494,0,5,-0.354,-3.0,-0.5850000000000009,2.0,-0.7849999999999966,0.0,2.0
semi,run_1111,0.0817,5.0,29.494,2,29.0107,0,2,0.0,3.0,28.914,1,28.7136,0,1,-0.0817,-2.0,-0.5799999999999983,-1.0,-0.29710000000000036,0.0,-1.0
semi,run_1112,0.0,3.0,29.01,0,28.785,0,0,0.0,0.0,28.508,0,25.7638,0,0,0.0,-3.0,-0.5020000000000024,0.0,-3.0212000000000003,0.0,0.0
semi,run_1113,0.1362,9.0,29.76,1,47.3585,0,1,0.0272,5.0,29.205,1,45.2952,0,1,-0.10899999999999999,-4.0,-0.5550000000000033,0.0,-2.063299999999998,0.0,0.0
semi,run_1114,0.2723,10.0,30.012,1,72.6398,0,1,0.1089,7.0,29.644,1,62.7801,0,1,-0.1634,-3.0,-0.3680000000000021,0.0,-9.859699999999997,0.0,0.0
semi,run_1115,0.0272,4.0,29.154,0,44.8472,0,0,0.0,0.0,28.669,0,43.5991,0,0,-0.0272,-4.0,-0.48499999999999943,0.0,-1.2481000000000009,0.0,0.0
semi,run_1116,0.0817,7.0,29.519,0,55.692,0,0,0.0,3.0,29.083,0,49.6274,0,0,-0.0817,-4.0,-0.43599999999999994,0.0,-6.064599999999999,0.0,0.0
semi,run_1117,0.7353,18.0,30.856,1,266.7867,0,1,0.4085,12.0,30.388,1,262.6222,0,1,-0.3268,-6.0,-0.46799999999999997,0.0,-4.164499999999975,0.0,0.0
semi,run_1118,0.1089,7.0,29.694,0,39.0638,0,0,0.0272,4.0,29.146,0,38.5584,0,0,-0.0817,-3.0,-0.5479999999999983,0.0,-0.5054000000000016,0.0,0.0
semi,run_1119,0.2451,9.0,29.887,2,37.3662,0,2,0.0,4.0,29.316,1,36.6044,0,1,-0.2451,-5.0,-0.5710000000000015,-1.0,-0.7618000000000009,0.0,-1.0
semi,run_1120,0.0,2.0,28.915,0,41.7162,0,0,0.0,0.0,28.465,0,41.1036,0,0,0.0,-2.0,-0.4499999999999993,0.0,-0.6126000000000005,0.0,0.0
semi,run_1121,0.0817,5.0,29.347,1,48.3615,0,1,0.0,3.0,28.882,0,46.3542,0,0,-0.0817,-2.0,-0.46499999999999986,-1.0,-2.0073000000000008,0.0,-1.0
semi,run_1122,0.1634,9.0,29.817,0,46.0913,0,0,0.0545,4.0,29.235,0,46.6338,0,0,-0.1089,-5.0,-0.5820000000000007,0.0,0.542500000000004,0.0,0.0
semi,run_1123,0.0817,5.0,29.413,0,66.8138,0,0,0.0,3.0,28.948,0,65.522,0,0,-0.0817,-2.0,-0.46499999999999986,0.0,-1.291799999999995,0.0,0.0
semi,run_1124,0.0817,5.0,29.413,0,66.4297,0,0,0.0,3.0,28.986,0,65.7803,0,0,-0.0817,-2.0,-0.4269999999999996,0.0,-0.6494,0.0,0.0
semi,run_1125,0.0272,5.0,29.369,8,18.6043,0,8,0.0,4.0,28.919,5,18.3983,0,5,-0.0272,-1.0,-0.4499999999999993,-3.0,-0.20599999999999952,0.0,-3.0
semi,run_1126,0.2996,13.0,30.224,3,37.3225,0,3,0.1362,6.0,29.722,4,36.1931,0,4,-0.1634,-7.0,-0.5019999999999989,1.0,-1.1293999999999969,0.0,1.0
semi,run_1127,0.0817,5.0,29.42,6,14.8596,0,6,0.0,0.0,28.867,7,14.6567,0,7,-0.0817,-5.0,-0.5530000000000008,1.0,-0.20289999999999964,0.0,1.0
semi,run_1128,0.2451,8.0,29.912,0,72.8532,0,0,0.0545,7.0,29.451,1,61.1432,0,1,-0.19060000000000002,-1.0,-0.4609999999999985,1.0,-11.71,0.0,1.0
semi,run_1129,0.2451,10.0,30.008,2,77.0279,0,2,0.0817,5.0,29.566,2,71.8045,0,2,-0.16340000000000002,-5.0,-0.44200000000000017,0.0,-5.223399999999998,0.0,0.0
semi,run_1130,0.0,0.0,28.756,1,9.7343,0,1,0.0,0.0,28.376,1,9.7169,0,1,0.0,0.0,-0.379999999999999,0.0,-0.017399999999998528,0.0,0.0
semi,run_1131,0.0,3.0,28.96,0,34.9243,0,0,0.0,0.0,28.596,0,30.6105,0,0,0.0,-3.0,-0.36400000000000077,0.0,-4.313800000000004,0.0,0.0
semi,run_1132,0.0545,5.0,29.192,0,39.0963,0,0,0.0,2.0,28.728,0,39.2339,0,0,-0.0545,-3.0,-0.46399999999999864,0.0,0.13759999999999906,0.0,0.0
semi,run_1133,0.2723,11.0,30.094,0,119.8351,0,0,0.1089,8.0,29.719,1,111.0698,0,1,-0.1634,-3.0,-0.375,1.0,-8.765299999999996,0.0,1.0
semi,run_1134,0.0,3.0,28.966,0,32.5893,0,0,0.0,0.0,28.576,0,31.2103,0,0,0.0,-3.0,-0.39000000000000057,0.0,-1.3790000000000013,0.0,0.0
semi,run_1135,0.0,0.0,28.799,5,56.3653,0,5,0.0,0.0,28.173,2,56.4047,0,2,0.0,0.0,-0.6260000000000012,-3.0,0.039400000000000546,0.0,-3.0
semi,run_1136,0.1089,9.0,29.856,0,74.1383,0,0,0.0545,5.0,29.294,0,74.2014,0,0,-0.0544,-4.0,-0.5620000000000012,0.0,0.06310000000000571,0.0,0.0
semi,run_1137,0.0,4.0,29.102,0,32.4607,0,0,0.0,0.0,28.622,0,31.9256,0,0,0.0,-4.0,-0.4800000000000004,0.0,-0.5351000000000035,0.0,0.0
semi,run_1138,0.0545,4.0,29.203,0,56.9363,0,0,0.0,2.0,28.743,0,55.4363,0,0,-0.0545,-2.0,-0.46000000000000085,0.0,-1.5,0.0,0.0
semi,run_1139,0.0817,5.0,29.472,0,98.7372,0,0,0.0,3.0,29.001,0,89.9575,0,0,-0.0817,-2.0,-0.4710000000000001,0.0,-8.779700000000005,0.0,0.0
semi,run_1140,0.0,4.0,29.049,0,47.7298,0,0,0.0,2.0,28.715,0,46.7911,0,0,0.0,-2.0,-0.33399999999999963,0.0,-0.9386999999999972,0.0,0.0
semi,run_1141,0.0,3.0,28.986,0,46.29,0,0,0.0,0.0,28.585,0,45.8049,0,0,0.0,-3.0,-0.4009999999999998,0.0,-0.48509999999999565,0.0,0.0
semi,run_1142,0.1089,8.0,29.698,0,90.0002,0,0,0.0545,5.0,29.263,0,81.3924,0,0,-0.0544,-3.0,-0.4349999999999987,0.0,-8.607800000000012,0.0,0.0
semi,run_1143,0.2451,10.0,30.124,1,83.2676,0,1,0.1362,9.0,29.729,1,75.2803,0,1,-0.10890000000000002,-1.0,-0.3949999999999996,0.0,-7.987300000000005,0.0,0.0
semi,run_1144,0.0817,5.0,29.434,2,25.6339,0,2,0.0,3.0,28.97,2,25.3846,0,2,-0.0817,-2.0,-0.4640000000000022,0.0,-0.24930000000000163,0.0,0.0
semi,run_1145,0.0545,5.0,29.334,0,48.5169,0,0,0.0,1.0,28.869,0,46.9217,0,0,-0.0545,-4.0,-0.46499999999999986,0.0,-1.5951999999999984,0.0,0.0
semi,run_1146,0.0817,5.0,29.364,0,30.5934,0,0,0.0,2.0,28.836,0,29.4819,0,0,-0.0817,-3.0,-0.5280000000000022,0.0,-1.1114999999999995,0.0,0.0
semi,run_1147,0.0,0.0,28.73,0,19.9014,0,0,0.0,0.0,28.189,0,16.7519,0,0,0.0,0.0,-0.5410000000000004,0.0,-3.1494999999999997,0.0,0.0
semi,run_1148,0.1089,7.0,29.593,1,39.9492,0,1,0.0,3.0,29.087,0,37.6973,0,0,-0.1089,-4.0,-0.5060000000000002,-1.0,-2.251899999999999,0.0,-1.0
semi,run_1149,0.0817,5.0,29.495,0,69.1799,0,0,0.0,4.0,29.009,0,69.4707,0,0,-0.0817,-1.0,-0.48600000000000065,0.0,0.2907999999999902,0.0,0.0
semi,run_1150,0.1906,9.0,29.826,1,56.1965,0,1,0.0817,5.0,29.407,1,54.2468,0,1,-0.1089,-4.0,-0.4190000000000005,0.0,-1.9497,0.0,0.0
semi,run_1151,0.0,3.0,29.0,0,34.3118,0,0,0.0,0.0,28.532,0,33.2584,0,0,0.0,-3.0,-0.46799999999999997,0.0,-1.0533999999999963,0.0,0.0
semi,run_1152,0.0545,5.0,29.421,2,33.0782,0,2,0.0,0.0,29.001,0,31.5946,0,0,-0.0545,-5.0,-0.41999999999999815,-2.0,-1.4836000000000027,0.0,-2.0
semi,run_1153,0.0545,6.0,29.55,0,67.3166,0,0,0.0,3.0,29.12,0,60.9514,0,0,-0.0545,-3.0,-0.4299999999999997,0.0,-6.365199999999994,0.0,0.0
semi,run_1154,0.1089,8.0,29.663,1,48.6932,0,1,0.0,5.0,29.113,0,45.7243,0,0,-0.1089,-3.0,-0.5500000000000007,-1.0,-2.968899999999998,0.0,-1.0
semi,run_1155,0.1089,6.0,29.635,0,77.4838,0,0,0.0545,4.0,29.206,0,77.8409,0,0,-0.0544,-2.0,-0.42900000000000205,0.0,0.35710000000000264,0.0,0.0
semi,run_1156,0.1089,8.0,29.719,0,106.3378,0,0,0.0545,4.0,29.365,0,92.3103,0,0,-0.0544,-4.0,-0.35400000000000276,0.0,-14.027500000000003,0.0,0.0
semi,run_1157,0.0,4.0,29.281,2,48.5185,0,2,0.0,0.0,28.774,1,48.1121,0,1,0.0,-4.0,-0.5069999999999979,-1.0,-0.406400000000005,0.0,-1.0
semi,run_1158,0.1906,9.0,29.996,0,82.7167,0,0,0.0545,4.0,29.404,0,83.9682,0,0,-0.1361,-5.0,-0.5919999999999987,0.0,1.251499999999993,0.0,0.0
semi,run_1159,0.2179,9.0,29.93,1,66.8974,0,1,0.1089,7.0,29.593,1,59.1899,0,1,-0.10900000000000001,-2.0,-0.33699999999999974,0.0,-7.707500000000003,0.0,0.0
semi,run_1160,0.0817,5.0,29.594,2,53.9819,0,2,0.0,5.0,29.166,1,51.4629,0,1,-0.0817,0.0,-0.4280000000000008,-1.0,-2.5190000000000055,0.0,-1.0
semi,run_1161,0.1089,9.0,29.706,0,107.764,0,0,0.0817,5.0,29.415,0,92.9237,0,0,-0.027200000000000002,-4.0,-0.29100000000000037,0.0,-14.8403,0.0,0.0
semi,run_1162,0.0817,5.0,29.519,0,54.6411,0,0,0.0,3.0,28.993,0,52.8596,0,0,-0.0817,-2.0,-0.5259999999999998,0.0,-1.7815000000000012,0.0,0.0
semi,run_1163,0.0,0.0,28.711,0,29.9146,0,0,0.0,0.0,28.201,0,27.7303,0,0,0.0,0.0,-0.509999999999998,0.0,-2.1843000000000004,0.0,0.0
semi,run_1164,0.0817,5.0,29.396,0,33.7032,0,0,0.0,3.0,28.882,0,33.0112,0,0,-0.0817,-2.0,-0.5139999999999993,0.0,-0.6920000000000002,0.0,0.0
semi,run_1165,0.2723,11.0,30.001,0,66.3536,0,0,0.0817,5.0,29.447,0,65.0433,0,0,-0.1906,-6.0,-0.554000000000002,0.0,-1.310299999999998,0.0,0.0
semi,run_1166,0.1089,8.0,29.707,0,70.1856,0,0,0.0545,4.0,29.221,0,72.6545,0,0,-0.0544,-4.0,-0.48600000000000065,0.0,2.468900000000005,0.0,0.0
semi,run_1167,0.1089,9.0,29.779,0,57.4771,0,0,0.0817,5.0,29.293,0,54.8388,0,0,-0.027200000000000002,-4.0,-0.48600000000000065,0.0,-2.638300000000001,0.0,0.0
semi,run_1168,0.0817,5.0,29.476,0,101.7224,0,0,0.0,3.0,28.98,0,97.096,0,0,-0.0817,-2.0,-0.49599999999999866,0.0,-4.62639999999999,0.0,0.0
semi,run_1169,0.354,11.0,30.286,1,63.0601,0,1,0.1362,7.0,29.697,1,62.0403,0,1,-0.2178,-4.0,-0.5890000000000022,0.0,-1.0197999999999965,0.0,0.0
semi,run_1170,0.7081,14.0,30.603,1,287.4601,0,75,0.2723,10.0,29.899,2,292.6183,0,127,-0.43579999999999997,-4.0,-0.7040000000000006,1.0,5.158199999999965,0.0,52.0
semi,run_1171,0.0,3.0,29.041,0,38.3031,0,0,0.0,0.0,28.654,0,35.9163,0,0,0.0,-3.0,-0.38700000000000045,0.0,-2.386800000000001,0.0,0.0
semi,run_1172,0.0,3.0,29.033,0,39.2052,0,0,0.0,1.0,28.649,0,37.6179,0,0,0.0,-2.0,-0.38400000000000034,0.0,-1.587299999999999,0.0,0.0
semi,run_1173,0.1089,7.0,29.633,0,153.4968,0,0,0.0545,5.0,29.267,0,129.3779,0,0,-0.0544,-2.0,-0.36599999999999966,0.0,-24.118899999999996,0.0,0.0
semi,run_1174,0.0545,5.0,29.253,0,52.0352,0,0,0.0,3.0,28.819,0,45.2013,0,0,-0.0545,-2.0,-0.43400000000000105,0.0,-6.8339,0.0,0.0
semi,run_1175,0.0817,5.0,29.354,0,35.2077,0,0,0.0,3.0,28.828,1,35.4153,0,1,-0.0817,-2.0,-0.5259999999999998,1.0,0.20759999999999934,0.0,1.0
semi,run_1176,0.0,2.0,29.077,0,31.1973,0,0,0.0,0.0,28.539,0,30.1977,0,0,0.0,-2.0,-0.5380000000000003,0.0,-0.9995999999999974,0.0,0.0
semi,run_1177,0.1089,8.0,29.682,0,171.6424,0,0,0.0545,4.0,29.152,0,165.5891,0,0,-0.0544,-4.0,-0.5299999999999976,0.0,-6.053300000000007,0.0,0.0
semi,run_1178,0.0817,5.0,29.44,0,66.6643,0,0,0.0,3.0,29.011,0,64.6692,0,0,-0.0817,-2.0,-0.42900000000000205,0.0,-1.9950999999999937,0.0,0.0
semi,run_1179,0.0817,7.0,29.621,0,70.9695,0,0,0.0,4.0,29.222,0,61.0012,0,0,-0.0817,-3.0,-0.39899999999999736,0.0,-9.9683,0.0,0.0
semi,run_1180,0.0,4.0,29.13,2,12.1517,0,2,0.0,0.0,28.636,2,11.991,0,2,0.0,-4.0,-0.4939999999999998,0.0,-0.1607000000000003,0.0,0.0
semi,run_1181,0.7625,20.0,31.082,2,284.3573,0,2,0.5447,15.0,30.6,3,272.8212,0,3,-0.2178,-5.0,-0.4819999999999993,1.0,-11.536100000000033,0.0,1.0
semi,run_1182,0.0545,5.0,29.426,4,45.0749,0,4,0.0,0.0,28.942,2,45.0236,0,2,-0.0545,-5.0,-0.4839999999999982,-2.0,-0.05129999999999768,0.0,-2.0
semi,run_1183,0.0,3.0,28.926,0,37.7169,0,0,0.0,0.0,28.494,0,33.9721,0,0,0.0,-3.0,-0.4319999999999986,0.0,-3.744800000000005,0.0,0.0
semi,run_1184,0.1362,8.0,29.827,0,76.1266,0,0,0.0817,5.0,29.369,1,74.6967,0,1,-0.05449999999999999,-3.0,-0.45800000000000196,1.0,-1.4298999999999893,0.0,1.0
semi,run_1185,0.2451,8.0,29.858,7,32.0827,0,7,0.0,5.0,29.361,4,31.7421,0,4,-0.2451,-3.0,-0.4969999999999999,-3.0,-0.340600000000002,0.0,-3.0
semi,run_1186,0.0,3.0,28.989,0,42.8763,0,0,0.0,0.0,28.633,0,42.0363,0,0,0.0,-3.0,-0.35600000000000165,0.0,-0.8400000000000034,0.0,0.0
semi,run_1187,0.1089,5.0,29.495,4,27.6463,0,4,0.0,4.0,28.936,2,27.4211,0,2,-0.1089,-1.0,-0.559000000000001,-2.0,-0.22520000000000095,0.0,-2.0
semi,run_1188,0.2723,11.0,30.154,1,101.587,0,1,0.0817,5.0,29.586,1,101.4846,0,1,-0.1906,-6.0,-0.5680000000000014,0.0,-0.10240000000000293,0.0,0.0
semi,run_1189,0.0,3.0,28.952,0,31.531,0,0,0.0,0.0,28.527,0,29.6589,0,0,0.0,-3.0,-0.4250000000000007,0.0,-1.8720999999999997,0.0,0.0
semi,run_1190,0.1362,6.0,29.653,1,49.7761,0,1,0.0,5.0,29.112,1,44.6404,0,1,-0.1362,-1.0,-0.5410000000000004,0.0,-5.1357,0.0,0.0
semi,run_1191,0.463,13.0,30.277,10,25.0946,0,10,0.1089,6.0,29.641,12,24.9215,0,12,-0.3541,-7.0,-0.6360000000000028,2.0,-0.17309999999999803,0.0,2.0
semi,run_1192,0.2451,11.0,30.111,1,101.2066,0,1,0.0817,5.0,29.561,1,94.8411,0,1,-0.16340000000000002,-6.0,-0.5500000000000007,0.0,-6.365499999999997,0.0,0.0
semi,run_1193,0.0545,5.0,29.221,0,41.3306,0,0,0.0,2.0,28.759,0,38.5545,0,0,-0.0545,-3.0,-0.46199999999999974,0.0,-2.7760999999999996,0.0,0.0
semi,run_1194,0.0,2.0,28.962,0,41.2432,0,0,0.0,0.0,28.524,0,37.9871,0,0,0.0,-2.0,-0.43799999999999883,0.0,-3.2561000000000035,0.0,0.0
semi,run_1195,0.1089,6.0,29.632,4,27.9048,0,4,0.0,4.0,29.112,4,26.042,0,4,-0.1089,-2.0,-0.5200000000000031,0.0,-1.8628,0.0,0.0
semi,run_1196,0.0817,5.0,29.272,0,37.5346,0,0,0.0,3.0,28.806,0,37.8152,0,0,-0.0817,-2.0,-0.4659999999999975,0.0,0.28059999999999974,0.0,0.0
semi,run_1197,0.0,3.0,28.997,0,35.6839,0,0,0.0,0.0,28.583,0,33.5307,0,0,0.0,-3.0,-0.4140000000000015,0.0,-2.1531999999999982,0.0,0.0
semi,run_1198,0.2996,11.0,30.073,1,160.0948,0,1,0.1089,7.0,29.609,1,154.6585,0,1,-0.19069999999999998,-4.0,-0.46399999999999864,0.0,-5.436299999999989,0.0,0.0
semi,run_1199,0.0817,5.0,29.518,1,52.8377,0,1,0.0,3.0,29.0,1,50.8045,0,1,-0.0817,-2.0,-0.5180000000000007,0.0,-2.033200000000001,0.0,0.0
semi,run_1200,0.0,4.0,29.24,5,13.173,0,5,0.0,0.0,28.656,2,13.1434,0,2,0.0,-4.0,-0.5839999999999996,-3.0,-0.029600000000000293,0.0,-3.0
semi,run_1201,0.2723,10.0,30.174,1,69.0443,0,1,0.1362,7.0,29.711,1,65.1774,0,1,-0.1361,-3.0,-0.46300000000000097,0.0,-3.866900000000001,0.0,0.0
semi,run_1202,0.7898,14.0,30.5,3,53.0004,0,3,0.2723,11.0,30.004,2,49.786,0,2,-0.5175,-3.0,-0.49599999999999866,-1.0,-3.2143999999999977,0.0,-1.0
semi,run_1203,0.0,3.0,28.969,0,25.3096,0,0,0.0,0.0,28.548,0,25.2138,0,0,0.0,-3.0,-0.4210000000000029,0.0,-0.09580000000000055,0.0,0.0
semi,run_1204,0.8987,19.0,30.919,4,331.0687,0,5,0.6808,15.0,30.584,2,318.6919,0,2,-0.2179000000000001,-4.0,-0.33500000000000085,-2.0,-12.376800000000003,0.0,-3.0
semi,run_1205,0.0817,5.0,29.361,0,38.4186,0,0,0.0,3.0,28.862,0,36.6417,0,0,-0.0817,-2.0,-0.49900000000000233,0.0,-1.7768999999999977,0.0,0.0
semi,run_1206,0.354,12.0,30.491,1,188.5887,0,1,0.1634,10.0,29.978,1,175.6141,0,1,-0.1906,-2.0,-0.5129999999999981,0.0,-12.974599999999981,0.0,0.0
semi,run_1207,0.0,0.0,28.745,2,13.7493,0,2,0.0,0.0,28.168,0,12.8684,0,0,0.0,0.0,-0.5770000000000017,-2.0,-0.8809000000000005,0.0,-2.0
semi,run_1208,0.354,11.0,30.346,0,106.897,0,0,0.1089,8.0,29.726,0,108.692,0,0,-0.24509999999999998,-3.0,-0.620000000000001,0.0,1.7949999999999875,0.0,0.0
semi,run_1209,0.5719,13.0,30.486,4,203.3296,0,5,0.2723,11.0,29.969,2,199.8031,0,8,-0.2996,-2.0,-0.5169999999999995,-2.0,-3.5264999999999986,0.0,3.0
semi,run_1210,0.354,11.0,30.455,0,103.7065,0,0,0.1089,8.0,29.802,1,105.7282,0,1,-0.24509999999999998,-3.0,-0.6529999999999987,1.0,2.0216999999999956,0.0,1.0
semi,run_1211,0.1089,6.0,29.623,0,64.9036,0,0,0.0,4.0,29.139,0,65.6489,0,0,-0.1089,-2.0,-0.48400000000000176,0.0,0.7453000000000003,0.0,0.0
semi,run_1212,0.2451,10.0,30.091,1,82.2109,0,1,0.0817,5.0,29.479,1,84.4227,0,1,-0.16340000000000002,-5.0,-0.6120000000000019,0.0,2.211800000000011,0.0,0.0
semi,run_1213,0.6808,15.0,30.599,5,60.4555,0,5,0.3813,11.0,30.081,3,57.6073,0,3,-0.2995,-4.0,-0.5180000000000007,-2.0,-2.8481999999999985,0.0,-2.0
semi,run_1214,0.463,13.0,30.614,12,428.8964,0,16,0.3813,13.0,30.354,1,406.6384,0,9,-0.08170000000000005,0.0,-0.26000000000000156,-11.0,-22.258000000000038,0.0,-7.0
semi,run_1215,0.0,4.0,29.152,2,27.978,0,2,0.0,0.0,28.593,1,27.537,0,1,0.0,-4.0,-0.559000000000001,-1.0,-0.4410000000000025,0.0,-1.0
semi,run_1216,0.1906,8.0,29.807,2,34.5503,0,2,0.0,5.0,29.301,1,35.2916,0,1,-0.1906,-3.0,-0.5060000000000002,-1.0,0.7413000000000025,0.0,-1.0
semi,run_1217,0.1906,9.0,29.759,0,144.7237,0,0,0.1089,7.0,29.474,0,126.618,0,0,-0.0817,-2.0,-0.28500000000000014,0.0,-18.105700000000013,0.0,0.0
semi,run_1218,0.1089,6.0,29.516,0,71.0868,0,0,0.0,3.0,29.083,0,68.8038,0,0,-0.1089,-3.0,-0.43299999999999983,0.0,-2.2830000000000013,0.0,0.0
semi,run_1219,0.0,0.0,28.667,0,22.8608,0,0,0.0,0.0,28.231,0,20.1705,0,0,0.0,0.0,-0.43599999999999994,0.0,-2.6903000000000006,0.0,0.0
semi,run_1220,0.0817,5.0,29.604,0,77.1423,0,0,0.0,3.0,29.113,0,77.1178,0,0,-0.0817,-2.0,-0.49099999999999966,0.0,-0.024500000000003297,0.0,0.0
semi,run_1221,0.1089,8.0,29.695,0,101.8928,0,0,0.0,4.0,29.084,0,97.769,0,0,-0.1089,-4.0,-0.6110000000000007,0.0,-4.123799999999989,0.0,0.0
semi,run_1222,0.2179,10.0,29.945,2,83.9382,0,2,0.0817,5.0,29.457,1,71.1424,0,1,-0.13620000000000002,-5.0,-0.48799999999999955,-1.0,-12.7958,0.0,-1.0
semi,run_1223,0.4357,11.0,30.235,1,79.9415,0,1,0.3813,11.0,29.993,1,72.0794,0,1,-0.054400000000000004,0.0,-0.24200000000000088,0.0,-7.862099999999998,0.0,0.0
semi,run_1224,0.0545,5.0,29.245,0,70.2297,0,0,0.0,3.0,28.84,0,69.4013,0,0,-0.0545,-2.0,-0.40500000000000114,0.0,-0.8283999999999878,0.0,0.0
semi,run_1225,0.0,0.0,28.431,1,14.7829,0,1,0.0,0.0,27.828,0,14.1451,0,0,0.0,0.0,-0.6030000000000015,-1.0,-0.6378000000000004,0.0,-1.0
semi,run_1226,0.0817,5.0,29.552,2,21.6791,0,2,0.0,3.0,28.981,2,20.7355,0,2,-0.0817,-2.0,-0.570999999999998,0.0,-0.9436,0.0,0.0
semi,run_1227,0.1089,7.0,29.585,0,155.8905,0,0,0.0545,5.0,29.269,0,127.2949,0,0,-0.0544,-2.0,-0.3160000000000025,0.0,-28.595600000000005,0.0,0.0
semi,run_1228,0.7625,16.0,30.679,2,113.116,0,4,0.3268,11.0,30.126,2,110.8899,0,8,-0.4357,-5.0,-0.5529999999999973,0.0,-2.2261000000000024,0.0,4.0
semi,run_1229,0.1362,8.0,29.759,0,65.9189,0,0,0.0817,5.0,29.359,0,62.9963,0,0,-0.05449999999999999,-3.0,-0.3999999999999986,0.0,-2.9225999999999956,0.0,0.0
semi,run_1230,0.2179,10.0,29.978,0,63.1292,0,0,0.0817,5.0,29.418,0,59.9885,0,0,-0.13620000000000002,-5.0,-0.5600000000000023,0.0,-3.1406999999999954,0.0,0.0
semi,run_1231,0.0817,5.0,29.53,0,80.7746,0,0,0.0,4.0,29.115,0,73.0532,0,0,-0.0817,-1.0,-0.4150000000000027,0.0,-7.721400000000003,0.0,0.0
semi,run_1232,0.3268,11.0,30.202,0,103.4328,0,0,0.1089,6.0,29.634,1,105.8944,0,1,-0.21789999999999998,-5.0,-0.5680000000000014,1.0,2.4616000000000042,0.0,1.0
semi,run_1233,0.1089,7.0,29.588,0,51.9924,0,0,0.0,2.0,29.056,0,48.9384,0,0,-0.1089,-5.0,-0.532,0.0,-3.054000000000002,0.0,0.0
semi,run_1234,0.2451,10.0,30.097,0,102.6287,0,0,0.0817,5.0,29.577,1,100.8302,0,1,-0.16340000000000002,-5.0,-0.5199999999999996,1.0,-1.79849999999999,0.0,1.0
semi,run_1235,0.0,3.0,28.94,0,35.6797,0,0,0.0,0.0,28.562,0,34.6783,0,0,0.0,-3.0,-0.3780000000000001,0.0,-1.0013999999999967,0.0,0.0
semi,run_1236,0.0,3.0,29.158,1,36.1004,0,1,0.0,0.0,28.647,1,36.3203,0,1,0.0,-3.0,-0.5110000000000028,0.0,0.21990000000000265,0.0,0.0
semi,run_1237,0.0,4.0,29.091,0,37.5208,0,0,0.0,2.0,28.679,0,36.5111,0,0,0.0,-2.0,-0.4120000000000026,0.0,-1.0097000000000023,0.0,0.0
semi,run_1238,0.0,0.0,28.542,0,13.8726,0,0,0.0,0.0,28.032,0,11.8032,0,0,0.0,0.0,-0.5100000000000016,0.0,-2.0694,0.0,0.0
semi,run_1239,0.0,3.0,28.941,0,54.0714,0,0,0.0,0.0,28.6,0,51.8304,0,0,0.0,-3.0,-0.3409999999999975,0.0,-2.2409999999999997,0.0,0.0
semi,run_1240,0.0545,5.0,29.338,0,40.5131,0,0,0.0,2.0,28.873,1,40.0935,0,1,-0.0545,-3.0,-0.46499999999999986,1.0,-0.41960000000000264,0.0,1.0
semi,run_1241,0.1906,9.0,29.786,3,42.8175,0,3,0.0,4.0,29.255,1,42.4538,0,1,-0.1906,-5.0,-0.5310000000000024,-2.0,-0.36370000000000147,0.0,-2.0
semi,run_1242,0.0,3.0,28.946,0,43.863,0,0,0.0,0.0,28.636,0,37.2895,0,0,0.0,-3.0,-0.3100000000000023,0.0,-6.573500000000003,0.0,0.0
semi,run_1243,0.1089,9.0,29.857,0,126.9428,0,0,0.0817,5.0,29.486,0,111.9761,0,0,-0.027200000000000002,-4.0,-0.37099999999999866,0.0,-14.966700000000003,0.0,0.0
semi,run_1244,0.0817,5.0,29.571,0,54.7895,0,0,0.0545,5.0,29.162,0,52.7241,0,0,-0.027199999999999995,0.0,-0.4090000000000025,0.0,-2.065399999999997,0.0,0.0
semi,run_1245,0.1089,7.0,29.56,0,55.7321,0,0,0.0,4.0,29.123,0,49.9651,0,0,-0.1089,-3.0,-0.4369999999999976,0.0,-5.767000000000003,0.0,0.0
semi,run_1246,0.0817,5.0,29.503,0,33.5988,0,0,0.0,4.0,29.075,0,33.1729,0,0,-0.0817,-1.0,-0.4280000000000008,0.0,-0.4258999999999986,0.0,0.0
semi,run_1247,0.0,0.0,28.686,4,6.534,0,4,0.0,0.0,28.248,2,6.2714,0,2,0.0,0.0,-0.43799999999999883,-2.0,-0.26259999999999994,0.0,-2.0
semi,run_1248,0.6264,14.0,30.563,5,344.5506,0,8,0.3813,12.0,30.207,1,362.7386,0,5,-0.24509999999999998,-2.0,-0.3559999999999981,-4.0,18.188000000000045,0.0,-3.0
semi,run_1249,0.0817,5.0,29.515,0,46.0906,0,0,0.0,3.0,29.097,0,45.7699,0,0,-0.0817,-2.0,-0.41799999999999926,0.0,-0.3207000000000022,0.0,0.0
semi,run_1250,0.0817,5.0,29.58,2,30.0434,0,2,0.0,2.0,29.087,0,29.9621,0,0,-0.0817,-3.0,-0.49299999999999855,-2.0,-0.08129999999999882,0.0,-2.0
semi,run_1251,0.2723,11.0,30.195,1,158.8615,0,1,0.1362,8.0,29.734,1,157.3075,0,1,-0.1361,-3.0,-0.4609999999999985,0.0,-1.554000000000002,0.0,0.0
semi,run_1252,0.0817,5.0,29.476,0,74.2738,0,0,0.0,3.0,29.046,0,70.2426,0,0,-0.0817,-2.0,-0.4299999999999997,0.0,-4.031199999999998,0.0,0.0
semi,run_1253,0.0,4.0,29.199,0,28.6969,0,0,0.0,0.0,28.607,0,25.0086,0,0,0.0,-4.0,-0.5920000000000023,0.0,-3.688299999999998,0.0,0.0
semi,run_1254,0.8442,17.0,30.869,1,154.0334,0,1,0.6536,13.0,30.54,1,152.9976,0,1,-0.1906,-4.0,-0.3290000000000006,0.0,-1.0357999999999947,0.0,0.0
semi,run_1255,0.0,4.0,29.198,2,42.1365,0,2,0.0,0.0,28.796,0,40.3463,0,0,0.0,-4.0,-0.402000000000001,-2.0,-1.7901999999999987,0.0,-2.0
semi,run_1256,0.0545,4.0,29.175,0,49.1462,0,0,0.0,2.0,28.749,0,44.2753,0,0,-0.0545,-2.0,-0.42600000000000193,0.0,-4.870899999999999,0.0,0.0
semi,run_1257,0.0,2.0,29.032,0,34.7845,0,0,0.0,0.0,28.493,0,31.3102,0,0,0.0,-2.0,-0.5390000000000015,0.0,-3.474300000000003,0.0,0.0
semi,run_1258,0.0817,5.0,29.522,0,46.212,0,0,0.0,5.0,29.081,1,46.2405,0,1,-0.0817,0.0,-0.44099999999999895,1.0,0.028499999999993975,0.0,1.0
semi,run_1259,0.0545,4.0,29.405,0,93.7013,0,0,0.0,3.0,28.937,0,85.0404,0,0,-0.0545,-1.0,-0.46799999999999997,0.0,-8.660899999999998,0.0,0.0
semi,run_1260,0.0545,4.0,29.283,0,67.1257,0,0,0.0,3.0,28.912,0,61.6255,0,0,-0.0545,-1.0,-0.3710000000000022,0.0,-5.500199999999992,0.0,0.0
semi,run_1261,0.3813,11.0,30.237,0,80.0279,0,0,0.2451,10.0,29.832,1,76.16,0,1,-0.13619999999999996,-1.0,-0.4049999999999976,1.0,-3.867900000000006,0.0,1.0
semi,run_1262,0.0272,4.0,29.42,0,35.978,0,0,0.0,2.0,28.991,0,33.363,0,0,-0.0272,-2.0,-0.42900000000000205,0.0,-2.615000000000002,0.0,0.0
semi,run_1263,0.4085,12.0,30.394,1,56.3622,0,1,0.1362,9.0,29.77,1,54.784,0,1,-0.2723,-3.0,-0.6239999999999988,0.0,-1.5782000000000025,0.0,0.0
semi,run_1264,0.0272,4.0,29.142,0,45.1182,0,0,0.0,0.0,28.661,0,44.4397,0,0,-0.0272,-4.0,-0.4809999999999981,0.0,-0.6784999999999997,0.0,0.0
semi,run_1265,0.4357,13.0,30.193,0,291.3661,0,0,0.3813,12.0,30.04,1,257.9944,0,1,-0.054400000000000004,-1.0,-0.15300000000000225,1.0,-33.37170000000003,0.0,1.0
semi,run_1266,0.0545,4.0,29.366,0,122.8367,0,0,0.0,3.0,28.951,0,109.8504,0,0,-0.0545,-1.0,-0.41499999999999915,0.0,-12.9863,0.0,0.0
semi,run_1267,0.0545,5.0,29.193,0,56.3746,0,0,0.0,2.0,28.765,0,47.7241,0,0,-0.0545,-3.0,-0.4280000000000008,0.0,-8.650500000000001,0.0,0.0
semi,run_1268,1.8246,29.0,31.932,20,64.3609,0,20,1.5795,30.0,31.877,24,66.4092,0,24,-0.2451000000000001,1.0,-0.054999999999999716,4.0,2.0482999999999976,0.0,4.0
semi,run_1269,0.5719,13.0,30.49,12,60.953,0,12,0.2451,12.0,30.117,9,60.5837,0,9,-0.3268,-1.0,-0.37299999999999756,-3.0,-0.3693000000000026,0.0,-3.0
semi,run_1270,1.171,18.0,31.051,5,31.5757,0,5,0.5174,13.0,30.322,6,30.4513,0,6,-0.6536000000000001,-5.0,-0.7289999999999992,1.0,-1.1244000000000014,0.0,1.0
semi,run_1271,0.0817,5.0,29.423,0,37.9059,0,0,0.0,3.0,28.905,1,37.2461,0,1,-0.0817,-2.0,-0.5179999999999971,1.0,-0.6598000000000042,0.0,1.0
semi,run_1272,0.0817,5.0,29.711,2,65.4336,0,2,0.0,4.0,29.292,1,66.3893,0,1,-0.0817,-1.0,-0.41899999999999693,-1.0,0.9557000000000073,0.0,-1.0
semi,run_1273,0.0,3.0,28.929,0,27.626,0,0,0.0,0.0,28.555,1,27.1617,0,1,0.0,-3.0,-0.3739999999999988,1.0,-0.4643000000000015,0.0,1.0
semi,run_1274,0.1362,9.0,29.73,0,222.9603,0,0,0.0545,6.0,29.327,0,190.6221,0,0,-0.0817,-3.0,-0.4029999999999987,0.0,-32.3382,0.0,0.0
semi,run_1275,0.0817,5.0,29.528,0,52.9071,0,0,0.0,4.0,29.103,0,48.9133,0,0,-0.0817,-1.0,-0.42499999999999716,0.0,-3.9938000000000002,0.0,0.0
semi,run_1276,0.0,2.0,28.933,0,30.6572,0,0,0.0,0.0,28.458,0,29.8198,0,0,0.0,-2.0,-0.4750000000000014,0.0,-0.8373999999999988,0.0,0.0
semi,run_1277,0.0,4.0,29.135,0,45.0096,0,0,0.0,2.0,28.756,0,39.1838,0,0,0.0,-2.0,-0.37900000000000134,0.0,-5.825800000000001,0.0,0.0
semi,run_1278,0.0545,5.0,29.189,0,43.8953,0,0,0.0,1.0,28.67,0,43.0322,0,0,-0.0545,-4.0,-0.5189999999999984,0.0,-0.8630999999999958,0.0,0.0
semi,run_1279,0.1634,8.0,29.765,2,34.2588,0,2,0.0,5.0,29.148,0,33.236,0,0,-0.1634,-3.0,-0.6170000000000009,-2.0,-1.0228000000000037,0.0,-2.0
semi,run_1280,0.2451,9.0,29.994,2,45.5601,0,2,0.0817,5.0,29.515,1,46.1057,0,1,-0.16340000000000002,-4.0,-0.4789999999999992,-1.0,0.5456000000000003,0.0,-1.0
semi,run_1281,1.3617,21.0,31.299,20,98.3465,0,22,1.2255,22.0,31.084,10,94.298,0,11,-0.13619999999999988,1.0,-0.21499999999999986,-10.0,-4.048500000000004,0.0,-11.0
semi,run_1282,0.0,0.0,28.472,0,12.2837,0,0,0.0,0.0,28.117,0,11.8088,0,0,0.0,0.0,-0.3550000000000004,0.0,-0.4748999999999999,0.0,0.0
semi,run_1283,0.0817,5.0,29.562,0,78.2821,0,0,0.0,3.0,28.946,0,74.8734,0,0,-0.0817,-2.0,-0.6159999999999997,0.0,-3.408699999999996,0.0,0.0
semi,run_1284,0.5719,15.0,30.767,1,216.6524,0,1,0.2723,11.0,30.215,2,204.3578,0,2,-0.2996,-4.0,-0.5519999999999996,1.0,-12.294600000000003,0.0,1.0
semi,run_1285,0.0,2.0,28.91,0,36.1884,0,0,0.0,0.0,28.487,0,36.059,0,0,0.0,-2.0,-0.4230000000000018,0.0,-0.12940000000000396,0.0,0.0
semi,run_1286,0.4902,12.0,30.411,2,88.566,0,2,0.2451,10.0,29.951,2,85.7045,0,2,-0.2451,-2.0,-0.46000000000000085,0.0,-2.8615000000000066,0.0,0.0
semi,run_1287,0.0,5.0,29.331,2,25.366,0,2,0.0,3.0,28.802,1,23.0223,0,1,0.0,-2.0,-0.5289999999999999,-1.0,-2.3436999999999983,0.0,-1.0
semi,run_1288,0.0817,5.0,29.614,0,54.8556,0,0,0.0,4.0,29.1,0,50.6824,0,0,-0.0817,-1.0,-0.5139999999999993,0.0,-4.173200000000001,0.0,0.0
semi,run_1289,0.1906,9.0,29.966,0,73.8832,0,0,0.0817,4.0,29.424,0,75.5825,0,0,-0.1089,-5.0,-0.5420000000000016,0.0,1.6992999999999938,0.0,0.0
semi,run_1290,0.463,12.0,30.347,2,37.9744,0,2,0.1362,5.0,29.806,3,37.5398,0,3,-0.32680000000000003,-7.0,-0.5410000000000004,1.0,-0.4346000000000032,0.0,1.0
semi,run_1291,0.0,2.0,28.888,0,42.3324,0,0,0.0,0.0,28.576,0,38.3914,0,0,0.0,-2.0,-0.31200000000000117,0.0,-3.9410000000000025,0.0,0.0
semi,run_1292,0.0545,5.0,29.386,0,35.1477,0,0,0.0,0.0,28.868,0,34.6733,0,0,-0.0545,-5.0,-0.5180000000000007,0.0,-0.4744000000000028,0.0,0.0
semi,run_1293,0.0545,4.0,29.156,0,50.6182,0,0,0.0,2.0,28.785,0,51.1671,0,0,-0.0545,-2.0,-0.37099999999999866,0.0,0.5488999999999962,0.0,0.0
semi,run_1294,0.0,4.0,29.185,2,26.5986,0,2,0.0,0.0,28.631,1,25.2608,0,1,0.0,-4.0,-0.5539999999999985,-1.0,-1.3378000000000014,0.0,-1.0
semi,run_1295,0.0,4.0,29.112,1,32.509,0,1,0.0,0.0,28.541,0,32.6367,0,0,0.0,-4.0,-0.570999999999998,-1.0,0.12769999999999726,0.0,-1.0
semi,run_1296,0.0,5.0,29.131,0,40.7693,0,0,0.0,1.0,28.669,0,36.4724,0,0,0.0,-4.0,-0.46199999999999974,0.0,-4.296900000000001,0.0,0.0
semi,run_1297,0.0,4.0,29.175,2,34.7428,0,2,0.0,0.0,28.573,1,34.3468,0,1,0.0,-4.0,-0.6020000000000003,-1.0,-0.3960000000000008,0.0,-1.0
semi,run_1298,0.2723,11.0,29.925,0,162.7592,0,0,0.1089,7.0,29.593,0,137.3848,0,0,-0.1634,-4.0,-0.33200000000000074,0.0,-25.37439999999998,0.0,0.0
semi,run_1299,0.0817,5.0,29.432,0,45.1528,0,0,0.0,2.0,28.793,0,44.0708,0,0,-0.0817,-3.0,-0.6389999999999993,0.0,-1.0820000000000007,0.0,0.0
semi,run_1300,0.1089,5.0,29.579,0,99.5026,0,0,0.0545,4.0,29.203,0,96.0438,0,0,-0.0544,-1.0,-0.3760000000000012,0.0,-3.4587999999999965,0.0,0.0
semi,run_1301,0.0817,5.0,29.516,0,121.8455,0,0,0.0,4.0,29.123,0,116.6691,0,0,-0.0817,-1.0,-0.39299999999999713,0.0,-5.176400000000001,0.0,0.0
semi,run_1302,0.0817,5.0,29.52,0,58.951,0,0,0.0,3.0,29.009,0,57.0965,0,0,-0.0817,-2.0,-0.5109999999999992,0.0,-1.8545000000000016,0.0,0.0
semi,run_1303,0.0817,6.0,29.587,0,191.7008,0,8,0.0,4.0,29.115,0,185.4084,0,2,-0.0817,-2.0,-0.4720000000000013,0.0,-6.2923999999999864,0.0,-6.0
semi,run_1304,0.2179,11.0,30.048,1,117.3434,0,1,0.1089,5.0,29.552,1,116.7833,0,1,-0.10900000000000001,-6.0,-0.49599999999999866,0.0,-0.5601000000000056,0.0,0.0
semi,run_1305,0.2451,10.0,30.226,0,55.4529,0,0,0.0817,5.0,29.585,1,56.6742,0,1,-0.16340000000000002,-5.0,-0.6409999999999982,1.0,1.2212999999999994,0.0,1.0
semi,run_1306,0.0545,4.0,29.437,0,116.7431,0,0,0.0,2.0,28.907,0,107.6581,0,0,-0.0545,-2.0,-0.5300000000000011,0.0,-9.084999999999994,0.0,0.0
semi,run_1307,0.2179,10.0,30.102,0,66.9851,0,0,0.0817,5.0,29.552,1,65.9667,0,1,-0.13620000000000002,-5.0,-0.5500000000000007,1.0,-1.0183999999999997,0.0,1.0
semi,run_1308,0.0545,4.0,29.234,0,56.4,0,0,0.0,3.0,28.837,0,55.8306,0,0,-0.0545,-1.0,-0.397000000000002,0.0,-0.5694000000000017,0.0,0.0
semi,run_1309,0.0,3.0,29.018,0,43.6885,0,0,0.0,0.0,28.552,0,43.7811,0,0,0.0,-3.0,-0.4660000000000011,0.0,0.09260000000000446,0.0,0.0
semi,run_1310,0.0817,5.0,29.399,0,44.0801,0,0,0.0,3.0,28.986,0,42.0814,0,0,-0.0817,-2.0,-0.41300000000000026,0.0,-1.9986999999999995,0.0,0.0
semi,run_1311,0.2451,10.0,30.022,2,83.6241,0,2,0.0817,5.0,29.528,1,78.0875,0,1,-0.16340000000000002,-5.0,-0.4939999999999998,-1.0,-5.536599999999993,0.0,-1.0
semi,run_1312,0.0817,5.0,29.292,0,36.5474,0,0,0.0,2.0,28.723,0,34.7405,0,0,-0.0817,-3.0,-0.5690000000000026,0.0,-1.806900000000006,0.0,0.0
semi,run_1313,0.0,5.0,29.159,0,28.858,0,0,0.0,0.0,28.589,0,28.1676,0,0,0.0,-5.0,-0.5700000000000003,0.0,-0.6904000000000003,0.0,0.0
semi,run_1314,0.1089,6.0,29.607,0,67.3782,0,0,0.0,3.0,29.183,0,62.3875,0,0,-0.1089,-3.0,-0.4239999999999995,0.0,-4.990700000000004,0.0,0.0
semi,run_1315,0.3268,12.0,30.152,1,81.3974,0,1,0.1089,6.0,29.607,1,76.5976,0,1,-0.21789999999999998,-6.0,-0.5450000000000017,0.0,-4.799800000000005,0.0,0.0
semi,run_1316,0.0817,5.0,29.44,0,63.0888,0,0,0.0,3.0,28.954,0,60.674,0,0,-0.0817,-2.0,-0.48600000000000065,0.0,-2.4147999999999996,0.0,0.0
semi,run_1317,0.0545,5.0,29.181,0,48.1182,0,0,0.0,2.0,28.675,0,48.0502,0,0,-0.0545,-3.0,-0.5060000000000002,0.0,-0.06800000000000495,0.0,0.0
semi,run_1318,0.1089,9.0,29.723,0,60.3576,0,0,0.0545,5.0,29.227,0,59.2415,0,0,-0.0544,-4.0,-0.49599999999999866,0.0,-1.1160999999999959,0.0,0.0
semi,run_1319,0.3268,12.0,30.49,1,184.3286,0,1,0.2996,11.0,30.133,1,173.2627,0,1,-0.027200000000000002,-1.0,-0.3569999999999993,0.0,-11.0659,0.0,0.0
semi,run_1320,0.0,3.0,29.058,0,39.4963,0,0,0.0,0.0,28.553,0,38.5493,0,0,0.0,-3.0,-0.504999999999999,0.0,-0.9469999999999956,0.0,0.0
semi,run_1321,1.0621,20.0,31.224,6,69.0173,0,6,0.7353,17.0,30.772,10,65.7901,0,10,-0.3268000000000001,-3.0,-0.45200000000000173,4.0,-3.2272000000000105,0.0,4.0
semi,run_1322,0.2723,12.0,30.287,1,73.5885,0,1,0.1362,6.0,29.665,2,70.4616,0,2,-0.1361,-6.0,-0.6219999999999999,1.0,-3.126899999999992,0.0,1.0
semi,run_1323,0.0817,5.0,29.326,0,60.3824,0,0,0.0,3.0,28.942,0,57.3906,0,0,-0.0817,-2.0,-0.38400000000000034,0.0,-2.991799999999998,0.0,0.0
semi,run_1324,0.5447,15.0,30.769,1,167.2161,0,1,0.2451,9.0,30.037,1,170.4577,0,1,-0.2996,-6.0,-0.7319999999999993,0.0,3.241599999999977,0.0,0.0
semi,run_1325,0.0545,5.0,29.318,0,61.925,0,0,0.0,3.0,28.9,0,59.4984,0,0,-0.0545,-2.0,-0.4180000000000028,0.0,-2.4266000000000005,0.0,0.0
semi,run_1326,0.0817,7.0,29.57,0,38.5309,0,0,0.0,4.0,29.117,0,35.3415,0,0,-0.0817,-3.0,-0.4529999999999994,0.0,-3.189399999999999,0.0,0.0
semi,run_1327,0.0,1.0,28.865,0,31.0648,0,0,0.0,0.0,28.433,0,30.6356,0,0,0.0,-1.0,-0.4319999999999986,0.0,-0.4292000000000016,0.0,0.0
semi,run_1328,0.1089,9.0,29.756,0,87.7425,0,0,0.0545,5.0,29.318,0,86.4125,0,0,-0.0544,-4.0,-0.43799999999999883,0.0,-1.3300000000000125,0.0,0.0
semi,run_1329,0.1362,6.0,29.75,6,39.1521,0,6,0.0,4.0,29.242,5,38.8569,0,5,-0.1362,-2.0,-0.5079999999999991,-1.0,-0.29519999999999413,0.0,-1.0
semi,run_1330,0.1362,6.0,29.65,1,54.5155,0,1,0.0272,5.0,29.164,1,50.6219,0,1,-0.10899999999999999,-1.0,-0.4859999999999971,0.0,-3.8936000000000064,0.0,0.0
semi,run_1331,0.1362,8.0,29.69,0,55.0025,0,0,0.0545,5.0,29.193,1,55.1769,0,1,-0.0817,-3.0,-0.4969999999999999,1.0,0.17440000000000566,0.0,1.0
semi,run_1332,0.2451,10.0,30.201,2,57.5543,0,2,0.1089,6.0,29.651,1,56.8776,0,1,-0.13620000000000002,-4.0,-0.5500000000000007,-1.0,-0.6766999999999967,0.0,-1.0
semi,run_1333,0.0,3.0,28.982,0,35.7472,0,0,0.0,0.0,28.575,0,35.889,0,0,0.0,-3.0,-0.40700000000000003,0.0,0.14180000000000348,0.0,0.0
semi,run_1334,0.1362,6.0,29.638,2,39.012,0,2,0.0,4.0,29.112,1,37.5465,0,1,-0.1362,-2.0,-0.5260000000000034,-1.0,-1.4654999999999987,0.0,-1.0
semi,run_1335,0.1634,10.0,29.874,1,61.3021,0,1,0.0817,5.0,29.405,1,55.6643,0,1,-0.0817,-5.0,-0.46899999999999764,0.0,-5.637800000000006,0.0,0.0
semi,run_1336,0.4902,13.0,30.632,1,202.5895,0,1,0.2723,12.0,30.12,1,185.1557,0,1,-0.21790000000000004,-1.0,-0.5120000000000005,0.0,-17.43379999999999,0.0,0.0
semi,run_1337,0.354,11.0,30.066,0,105.915,0,0,0.1362,7.0,29.701,1,93.9596,0,1,-0.2178,-4.0,-0.36499999999999844,1.0,-11.955400000000012,0.0,1.0
semi,run_1338,0.3813,11.0,30.377,1,108.1945,0,1,0.1906,8.0,29.784,1,112.0576,0,1,-0.19069999999999998,-3.0,-0.593,0.0,3.8630999999999887,0.0,0.0
semi,run_1339,0.1089,6.0,29.662,3,30.5467,0,3,0.0,4.0,29.065,3,30.5668,0,3,-0.1089,-2.0,-0.5969999999999978,0.0,0.02009999999999934,0.0,0.0
semi,run_1340,0.1089,9.0,29.726,0,137.5535,0,0,0.0817,5.0,29.4,0,120.8404,0,0,-0.027200000000000002,-4.0,-0.3260000000000005,0.0,-16.71310000000001,0.0,0.0
semi,run_1341,0.0545,4.0,29.338,0,48.2937,0,0,0.0,2.0,28.808,0,47.0639,0,0,-0.0545,-2.0,-0.5300000000000011,0.0,-1.2298000000000044,0.0,0.0
semi,run_1342,0.1089,7.0,29.62,5,19.2899,0,5,0.0,2.0,29.103,2,18.8327,0,2,-0.1089,-5.0,-0.5169999999999995,-3.0,-0.4572000000000003,0.0,-3.0
semi,run_1343,0.2451,10.0,29.942,0,91.2221,0,0,0.1089,5.0,29.554,0,85.0035,0,0,-0.13620000000000002,-5.0,-0.3880000000000017,0.0,-6.218599999999995,0.0,0.0
semi,run_1344,0.463,13.0,30.596,0,172.9445,0,0,0.2451,11.0,30.017,1,156.0274,0,1,-0.2179,-2.0,-0.5790000000000006,1.0,-16.917100000000005,0.0,1.0
semi,run_1345,0.1089,9.0,29.81,0,75.7064,0,0,0.0545,4.0,29.318,0,75.1121,0,0,-0.0544,-5.0,-0.49199999999999733,0.0,-0.594300000000004,0.0,0.0
semi,run_1346,0.0545,5.0,29.272,0,44.7851,0,0,0.0,2.0,28.766,0,42.2321,0,0,-0.0545,-3.0,-0.5060000000000002,0.0,-2.5529999999999973,0.0,0.0
semi,run_1347,0.4357,12.0,30.591,1,166.0777,0,1,0.2996,11.0,30.229,1,157.697,0,1,-0.1361,-1.0,-0.3620000000000019,0.0,-8.38069999999999,0.0,0.0
semi,run_1348,0.0817,5.0,29.367,0,34.1321,0,0,0.0,3.0,28.869,1,34.7058,0,1,-0.0817,-2.0,-0.4980000000000011,1.0,0.5737000000000023,0.0,1.0
semi,run_1349,0.5447,14.0,30.371,6,27.1363,0,6,0.2723,14.0,29.977,6,27.216,0,6,-0.2724,0.0,-0.39399999999999835,0.0,0.07970000000000255,0.0,0.0
semi,run_1350,0.1089,9.0,29.836,0,191.8173,0,0,0.0545,5.0,29.341,0,186.0209,0,0,-0.0544,-4.0,-0.49499999999999744,0.0,-5.796399999999977,0.0,0.0
semi,run_1351,0.3268,11.0,30.195,0,115.4836,0,0,0.1906,9.0,29.849,1,107.9072,0,1,-0.1362,-2.0,-0.3460000000000001,1.0,-7.5763999999999925,0.0,1.0
semi,run_1352,0.3268,11.0,30.15,1,116.3946,0,1,0.1634,6.0,29.731,1,115.5613,0,1,-0.1634,-5.0,-0.41899999999999693,0.0,-0.8332999999999942,0.0,0.0
semi,run_1353,0.0272,4.0,29.298,0,25.1797,0,0,0.0,0.0,28.767,0,24.2102,0,0,-0.0272,-4.0,-0.5309999999999988,0.0,-0.9695,0.0,0.0
semi,run_1354,0.0,4.0,29.141,0,48.9023,0,0,0.0,0.0,28.756,0,47.078,0,0,0.0,-4.0,-0.384999999999998,0.0,-1.8242999999999938,0.0,0.0
semi,run_1355,0.1089,8.0,29.644,0,73.7092,0,0,0.0,4.0,29.188,0,70.9958,0,0,-0.1089,-4.0,-0.4559999999999995,0.0,-2.713399999999993,0.0,0.0
semi,run_1356,0.3813,13.0,30.404,0,125.3318,0,0,0.1906,10.0,29.975,1,111.7724,0,1,-0.19069999999999998,-3.0,-0.4289999999999985,1.0,-13.559399999999997,0.0,1.0
semi,run_1357,0.0,2.0,28.789,0,31.07,0,0,0.0,0.0,28.336,0,29.5374,0,0,0.0,-2.0,-0.45300000000000296,0.0,-1.5325999999999986,0.0,0.0
semi,run_1358,0.1089,7.0,29.644,0,79.9264,0,0,0.0,4.0,29.118,0,81.2467,0,0,-0.1089,-3.0,-0.5259999999999998,0.0,1.3203000000000031,0.0,0.0
semi,run_1359,0.1089,8.0,29.837,0,163.6306,0,0,0.0817,5.0,29.313,0,153.0028,0,0,-0.027200000000000002,-3.0,-0.5240000000000009,0.0,-10.62779999999998,0.0,0.0
semi,run_1360,0.0,0.0,28.688,0,26.9481,0,0,0.0,0.0,28.156,0,23.4857,0,0,0.0,0.0,-0.532,0.0,-3.462399999999999,0.0,0.0
semi,run_1361,0.1362,8.0,29.699,0,38.8555,0,0,0.0,5.0,29.107,0,37.1974,0,0,-0.1362,-3.0,-0.5920000000000023,0.0,-1.6580999999999975,0.0,0.0
semi,run_1362,0.5174,13.0,30.366,2,109.3745,0,15,0.2451,10.0,29.834,2,108.4862,0,42,-0.2723,-3.0,-0.532,0.0,-0.888300000000001,0.0,27.0
semi,run_1363,0.5719,15.0,30.729,1,112.4102,0,1,0.2179,10.0,29.992,1,113.7491,0,1,-0.354,-5.0,-0.7369999999999983,0.0,1.3388999999999953,0.0,0.0
semi,run_1364,0.0,3.0,29.0,0,16.6178,0,0,0.0,0.0,28.621,1,17.1326,0,1,0.0,-3.0,-0.37900000000000134,1.0,0.514800000000001,0.0,1.0
semi,run_1365,0.1362,6.0,29.556,2,41.0685,0,2,0.0,5.0,29.127,1,38.8262,0,1,-0.1362,-1.0,-0.42900000000000205,-1.0,-2.2423,0.0,-1.0
semi,run_1366,0.1089,7.0,29.635,0,55.5641,0,0,0.0,4.0,29.111,0,54.8776,0,0,-0.1089,-3.0,-0.5240000000000009,0.0,-0.6865000000000023,0.0,0.0
semi,run_1367,0.0545,4.0,29.264,0,80.9051,0,0,0.0,3.0,28.912,0,69.9642,0,0,-0.0545,-1.0,-0.3520000000000003,0.0,-10.9409,0.0,0.0
semi,run_1368,0.5447,13.0,30.617,3,137.5326,0,3,0.2451,10.0,30.073,4,138.7345,0,4,-0.2996,-3.0,-0.5440000000000005,1.0,1.2018999999999949,0.0,1.0
semi,run_1369,0.4085,13.0,30.352,1,170.1316,0,1,0.2723,11.0,29.981,1,149.005,0,1,-0.1362,-2.0,-0.37099999999999866,0.0,-21.126599999999996,0.0,0.0
semi,run_1370,0.4357,13.0,30.513,7,254.2595,0,8,0.2451,10.0,30.15,1,253.4101,0,1,-0.19059999999999996,-3.0,-0.3630000000000031,-6.0,-0.8494000000000028,0.0,-7.0
semi,run_1371,0.4902,13.0,30.353,3,47.3124,0,3,0.2179,9.0,29.781,5,45.3264,0,5,-0.2723,-4.0,-0.5720000000000027,2.0,-1.985999999999997,0.0,2.0
semi,run_1372,0.2179,11.0,30.097,0,182.8121,0,0,0.0817,5.0,29.503,0,175.0346,0,0,-0.13620000000000002,-6.0,-0.5940000000000012,0.0,-7.777499999999975,0.0,0.0
semi,run_1373,0.1089,7.0,29.643,0,94.6657,0,0,0.0545,4.0,29.205,0,86.6813,0,0,-0.0544,-3.0,-0.4380000000000024,0.0,-7.984400000000008,0.0,0.0
semi,run_1374,0.1362,9.0,29.905,2,181.0731,0,9,0.0817,5.0,29.417,0,176.2518,0,5,-0.05449999999999999,-4.0,-0.48799999999999955,-2.0,-4.821300000000008,0.0,-4.0
semi,run_1375,0.0817,5.0,29.448,0,50.0381,0,0,0.0,3.0,28.997,0,48.9332,0,0,-0.0817,-2.0,-0.4510000000000005,0.0,-1.1049000000000007,0.0,0.0
semi,run_1376,0.0817,5.0,29.474,0,52.4111,0,0,0.0,3.0,28.979,1,51.5696,0,1,-0.0817,-2.0,-0.495000000000001,1.0,-0.8414999999999964,0.0,1.0
semi,run_1377,0.2723,10.0,30.135,2,34.1737,0,2,0.0817,5.0,29.591,3,33.3661,0,3,-0.1906,-5.0,-0.5440000000000005,1.0,-0.8075999999999937,0.0,1.0
semi,run_1378,0.1906,9.0,29.878,0,129.8686,0,0,0.0545,5.0,29.351,0,123.1601,0,0,-0.1361,-4.0,-0.527000000000001,0.0,-6.708499999999987,0.0,0.0
semi,run_1379,0.4902,14.0,30.478,2,178.9727,0,2,0.2451,10.0,29.957,2,175.3148,0,2,-0.2451,-4.0,-0.5210000000000008,0.0,-3.657900000000012,0.0,0.0
semi,run_1380,0.1906,9.0,29.914,0,72.3989,0,0,0.0817,5.0,29.348,0,69.4551,0,0,-0.1089,-4.0,-0.5660000000000025,0.0,-2.943799999999996,0.0,0.0
semi,run_1381,0.1089,5.0,29.554,0,120.2683,0,0,0.0,4.0,29.126,0,121.6353,0,0,-0.1089,-1.0,-0.42799999999999727,0.0,1.3670000000000044,0.0,0.0
semi,run_1382,0.0,4.0,29.083,0,47.3106,0,0,0.0,0.0,28.609,0,45.1105,0,0,0.0,-4.0,-0.47399999999999665,0.0,-2.200099999999999,0.0,0.0
semi,run_1383,0.3813,12.0,30.27,1,165.2274,0,1,0.1906,8.0,29.799,1,151.1163,0,1,-0.19069999999999998,-4.0,-0.4710000000000001,0.0,-14.111099999999993,0.0,0.0
semi,run_1384,0.0,3.0,29.131,2,16.8576,0,2,0.0,0.0,28.598,0,16.3899,0,0,0.0,-3.0,-0.5330000000000013,-2.0,-0.46770000000000067,0.0,-2.0
semi,run_1385,0.3813,12.0,30.341,1,110.0966,0,5,0.1089,7.0,29.69,1,109.4431,0,3,-0.2724,-5.0,-0.6509999999999998,0.0,-0.653499999999994,0.0,-2.0
semi,run_1386,0.2996,11.0,30.199,0,164.8536,0,0,0.1089,6.0,29.626,1,165.6172,0,1,-0.19069999999999998,-5.0,-0.5730000000000004,1.0,0.7635999999999967,0.0,1.0
semi,run_1387,0.0272,4.0,29.244,0,28.8222,0,0,0.0,0.0,28.7,0,28.2287,0,0,-0.0272,-4.0,-0.5440000000000005,0.0,-0.5934999999999988,0.0,0.0
semi,run_1388,0.0,0.0,28.62,0,16.5369,0,0,0.0,0.0,28.178,0,16.1239,0,0,0.0,0.0,-0.44200000000000017,0.0,-0.41300000000000026,0.0,0.0
semi,run_1389,0.0817,5.0,29.474,1,47.4522,0,1,0.0,4.0,29.058,1,46.2242,0,1,-0.0817,-1.0,-0.41600000000000037,0.0,-1.2279999999999944,0.0,0.0
semi,run_1390,0.1906,10.0,29.987,0,124.4778,0,0,0.0817,5.0,29.483,0,115.7443,0,0,-0.1089,-5.0,-0.5039999999999978,0.0,-8.733500000000006,0.0,0.0
semi,run_1391,0.2451,7.0,29.852,4,27.9179,0,4,0.0,5.0,29.291,2,27.8656,0,2,-0.2451,-2.0,-0.5609999999999999,-2.0,-0.0522999999999989,0.0,-2.0
semi,run_1392,0.5719,18.0,30.829,2,120.7923,0,2,0.354,13.0,30.24,4,121.1324,0,4,-0.21789999999999998,-5.0,-0.5890000000000022,2.0,0.34010000000000673,0.0,2.0
semi,run_1393,0.0,3.0,29.074,0,29.2674,0,0,0.0,0.0,28.6,0,28.2439,0,0,0.0,-3.0,-0.4740000000000002,0.0,-1.0234999999999985,0.0,0.0
semi,run_1394,0.5174,15.0,30.53,1,207.6071,0,1,0.3268,12.0,30.052,1,201.4881,0,1,-0.1906,-3.0,-0.47800000000000153,0.0,-6.119,0.0,0.0
semi,run_1395,0.2723,11.0,29.961,0,147.7108,0,0,0.1089,7.0,29.602,0,124.7451,0,0,-0.1634,-4.0,-0.3589999999999982,0.0,-22.965700000000012,0.0,0.0
semi,run_1396,0.1089,10.0,29.748,0,250.222,0,0,0.1089,7.0,29.52,0,220.4659,0,0,0.0,-3.0,-0.22800000000000153,0.0,-29.756100000000004,0.0,0.0
semi,run_1397,0.1906,9.0,29.832,2,24.0875,0,2,0.0,4.0,29.264,1,24.5034,0,1,-0.1906,-5.0,-0.5680000000000014,-1.0,0.4159000000000006,0.0,-1.0
semi,run_1398,0.2451,11.0,30.248,0,127.2448,0,0,0.0817,5.0,29.622,1,133.7372,0,1,-0.16340000000000002,-6.0,-0.6260000000000012,1.0,6.4924000000000035,0.0,1.0
semi,run_1399,0.3813,12.0,30.336,1,246.3003,0,52,0.1906,10.0,29.832,1,242.5058,0,75,-0.19069999999999998,-2.0,-0.5039999999999978,0.0,-3.7944999999999993,0.0,23.0
semi,run_1400,0.7898,16.0,30.726,1,290.334,0,1,0.4357,12.0,30.257,2,279.0575,0,2,-0.35409999999999997,-4.0,-0.46899999999999764,1.0,-11.276499999999999,0.0,1.0
semi,run_1401,0.0545,4.0,29.205,0,40.5301,0,0,0.0,2.0,28.743,0,40.0267,0,0,-0.0545,-2.0,-0.46199999999999974,0.0,-0.5033999999999992,0.0,0.0
semi,run_1402,0.0817,5.0,29.45,0,112.8927,0,0,0.0,2.0,28.923,0,99.2377,0,0,-0.0817,-3.0,-0.527000000000001,0.0,-13.655000000000001,0.0,0.0
semi,run_1403,0.5174,12.0,30.193,3,222.1328,0,4,0.4357,12.0,29.924,1,204.7139,0,1,-0.0817,0.0,-0.2690000000000019,-2.0,-17.418900000000008,0.0,-3.0
semi,run_1404,0.1634,9.0,29.749,0,159.3699,0,0,0.1089,8.0,29.606,1,133.5018,0,1,-0.05449999999999999,-1.0,-0.14299999999999713,1.0,-25.8681,0.0,1.0
semi,run_1405,0.1089,8.0,29.787,1,104.1979,0,1,0.0545,5.0,29.186,1,101.7391,0,1,-0.0544,-3.0,-0.6009999999999991,0.0,-2.4588000000000108,0.0,0.0
semi,run_1406,0.1089,8.0,29.774,0,63.4078,0,0,0.0545,5.0,29.311,1,64.6949,0,1,-0.0544,-3.0,-0.46300000000000097,1.0,1.2871000000000024,0.0,1.0
semi,run_1407,0.8442,19.0,31.148,2,275.2363,0,2,0.4085,13.0,30.524,6,283.8083,0,11,-0.4357,-6.0,-0.6239999999999988,4.0,8.571999999999946,0.0,9.0
semi,run_1408,0.1089,6.0,29.556,0,51.3916,0,0,0.0,4.0,29.066,0,50.6161,0,0,-0.1089,-2.0,-0.490000000000002,0.0,-0.7754999999999939,0.0,0.0
semi,run_1409,0.0545,5.0,29.459,0,68.6688,0,0,0.0,1.0,28.883,0,64.9004,0,0,-0.0545,-4.0,-0.5760000000000005,0.0,-3.7683999999999997,0.0,0.0
semi,run_1410,0.2451,12.0,30.161,5,44.5569,0,5,0.1089,5.0,29.6,4,42.3845,0,4,-0.13620000000000002,-7.0,-0.5609999999999999,-1.0,-2.172399999999996,0.0,-1.0
semi,run_1411,0.4085,13.0,30.403,2,55.2826,0,2,0.2451,9.0,29.851,2,53.6914,0,2,-0.16339999999999996,-4.0,-0.5519999999999996,0.0,-1.5912000000000006,0.0,0.0
semi,run_1412,0.4357,12.0,30.487,1,130.3771,0,1,0.2179,11.0,30.03,1,122.1092,0,1,-0.21779999999999997,-1.0,-0.4569999999999972,0.0,-8.267900000000012,0.0,0.0
semi,run_1413,0.1089,7.0,29.502,0,64.8557,0,0,0.0,4.0,28.978,0,61.8766,0,0,-0.1089,-3.0,-0.5239999999999974,0.0,-2.9790999999999954,0.0,0.0
semi,run_1414,0.2451,11.0,29.992,6,52.2683,0,6,0.0817,5.0,29.588,4,52.2957,0,4,-0.16340000000000002,-6.0,-0.4039999999999999,-2.0,0.027399999999992986,0.0,-2.0
semi,run_1415,0.0545,4.0,29.299,0,72.4042,0,0,0.0,2.0,28.798,0,68.5938,0,0,-0.0545,-2.0,-0.5010000000000012,0.0,-3.8104000000000013,0.0,0.0
semi,run_1416,0.2451,10.0,29.995,5,33.8143,0,5,0.0817,5.0,29.422,4,33.276,0,4,-0.16340000000000002,-5.0,-0.5730000000000004,-1.0,-0.5382999999999996,0.0,-1.0
semi,run_1417,0.2179,8.0,29.826,0,71.3392,0,0,0.0817,5.0,29.414,1,68.614,0,1,-0.13620000000000002,-3.0,-0.41199999999999903,1.0,-2.725200000000001,0.0,1.0
semi,run_1418,0.2451,11.0,30.121,0,67.9995,0,0,0.1089,6.0,29.602,0,64.7718,0,0,-0.13620000000000002,-5.0,-0.5189999999999984,0.0,-3.2276999999999987,0.0,0.0
semi,run_1419,0.1906,10.0,29.966,1,64.2383,0,1,0.0817,5.0,29.505,1,61.3693,0,1,-0.1089,-5.0,-0.4610000000000021,0.0,-2.8689999999999927,0.0,0.0
semi,run_1420,0.2996,11.0,30.045,1,96.5638,0,1,0.1089,7.0,29.653,1,90.6462,0,1,-0.19069999999999998,-4.0,-0.392000000000003,0.0,-5.917600000000007,0.0,0.0
semi,run_1421,0.2451,6.0,29.821,2,31.1758,0,2,0.0272,5.0,29.282,1,29.9135,0,1,-0.2179,-1.0,-0.5390000000000015,-1.0,-1.2622999999999998,0.0,-1.0
semi,run_1422,0.1362,7.0,29.73,0,50.3374,0,0,0.0,5.0,29.271,0,45.5361,0,0,-0.1362,-2.0,-0.45899999999999963,0.0,-4.801300000000005,0.0,0.0
semi,run_1423,0.1634,9.0,29.86,1,34.9302,0,1,0.0817,5.0,29.201,1,34.0822,0,1,-0.0817,-4.0,-0.6589999999999989,0.0,-0.847999999999999,0.0,0.0
semi,run_1424,0.0545,5.0,29.446,0,44.594,0,0,0.0,4.0,29.019,0,46.7607,0,0,-0.0545,-1.0,-0.42700000000000315,0.0,2.1666999999999987,0.0,0.0
semi,run_1425,0.0,4.0,29.124,0,62.9643,0,0,0.0,2.0,28.688,0,55.835,0,0,0.0,-2.0,-0.43599999999999994,0.0,-7.129300000000001,0.0,0.0
semi,run_1426,0.2996,11.0,30.178,0,193.5666,0,0,0.1089,8.0,29.719,1,184.7376,0,1,-0.19069999999999998,-3.0,-0.45899999999999963,1.0,-8.829000000000008,0.0,1.0
semi,run_1427,0.0,4.0,29.027,0,30.9863,0,0,0.0,0.0,28.556,0,29.7875,0,0,0.0,-4.0,-0.4710000000000001,0.0,-1.1987999999999985,0.0,0.0
semi,run_1428,0.0,2.0,28.752,0,35.4892,0,0,0.0,0.0,28.392,0,35.7584,0,0,0.0,-2.0,-0.35999999999999943,0.0,0.269200000000005,0.0,0.0
semi,run_1429,0.0,4.0,29.063,1,17.6153,0,1,0.0,0.0,28.57,0,17.5784,0,0,0.0,-4.0,-0.49299999999999855,-1.0,-0.03690000000000282,0.0,-1.0
semi,run_1430,0.1089,7.0,29.728,1,56.9809,0,1,0.0817,5.0,29.25,0,54.6613,0,0,-0.027200000000000002,-2.0,-0.47800000000000153,-1.0,-2.319600000000001,0.0,-1.0
semi,run_1431,0.0,4.0,29.083,0,42.5398,0,0,0.0,1.0,28.745,0,39.1112,0,0,0.0,-3.0,-0.3379999999999974,0.0,-3.428600000000003,0.0,0.0
semi,run_1432,0.3813,12.0,30.437,1,206.9536,0,1,0.1906,10.0,29.891,1,189.666,0,1,-0.19069999999999998,-2.0,-0.5460000000000029,0.0,-17.287599999999998,0.0,0.0
semi,run_1433,0.0817,5.0,29.626,1,60.2305,0,1,0.0,4.0,29.051,0,57.036,0,0,-0.0817,-1.0,-0.5750000000000028,-1.0,-3.194499999999998,0.0,-1.0
semi,run_1434,0.0,3.0,28.986,0,49.4692,0,0,0.0,2.0,28.656,0,41.1463,0,0,0.0,-1.0,-0.33000000000000185,0.0,-8.322900000000004,0.0,0.0
semi,run_1435,0.1089,6.0,29.637,1,65.3311,0,1,0.0,3.0,29.137,0,62.445,0,0,-0.1089,-3.0,-0.5,-1.0,-2.886100000000006,0.0,-1.0
semi,run_1436,0.0,4.0,29.184,7,20.2772,0,7,0.0,0.0,28.705,2,20.3796,0,2,0.0,-4.0,-0.47900000000000276,-5.0,0.10239999999999938,0.0,-5.0
semi,run_1437,0.0,0.0,28.904,5,7.6184,0,5,0.0,0.0,28.339,1,6.9058,0,1,0.0,0.0,-0.5650000000000013,-4.0,-0.7126000000000001,0.0,-4.0
semi,run_1438,0.1634,10.0,29.952,0,78.6747,0,0,0.0817,5.0,29.347,0,75.9934,0,0,-0.0817,-5.0,-0.6050000000000004,0.0,-2.6813000000000073,0.0,0.0
semi,run_1439,0.354,9.0,30.105,5,38.8585,0,42,0.1089,7.0,29.661,2,34.2106,0,34,-0.24509999999999998,-2.0,-0.44399999999999906,-3.0,-4.6479,0.0,-8.0
semi,run_1440,0.1634,10.0,30.032,0,73.3536,0,0,0.0817,5.0,29.444,0,74.5198,0,0,-0.0817,-5.0,-0.588000000000001,0.0,1.1662000000000035,0.0,0.0
semi,run_1441,0.2723,11.0,30.14,1,63.0618,0,1,0.0817,5.0,29.601,1,63.4239,0,1,-0.1906,-6.0,-0.5390000000000015,0.0,0.3621000000000052,0.0,0.0
semi,run_1442,0.1634,10.0,29.957,0,163.5857,0,0,0.0817,5.0,29.531,0,145.5383,0,0,-0.0817,-5.0,-0.42600000000000193,0.0,-18.04740000000001,0.0,0.0
semi,run_1443,0.6808,17.0,30.791,1,411.2027,0,1,0.5447,12.0,30.271,1,398.9304,0,1,-0.1361,-5.0,-0.5199999999999996,0.0,-12.272299999999973,0.0,0.0
semi,run_1444,0.817,16.0,30.886,2,59.5652,0,2,0.354,10.0,30.261,3,59.0013,0,3,-0.46299999999999997,-6.0,-0.625,1.0,-0.5638999999999967,0.0,1.0
semi,run_1445,0.1906,9.0,29.912,0,98.9378,0,0,0.0545,4.0,29.327,0,95.0794,0,0,-0.1361,-5.0,-0.5849999999999973,0.0,-3.858399999999989,0.0,0.0
semi,run_1446,0.0817,5.0,29.549,0,30.8567,0,0,0.0,3.0,29.038,0,30.1806,0,0,-0.0817,-2.0,-0.5109999999999992,0.0,-0.6761000000000017,0.0,0.0
semi,run_1447,0.1362,7.0,29.742,8,13.3675,0,8,0.0,3.0,29.177,3,12.9009,0,3,-0.1362,-4.0,-0.5650000000000013,-5.0,-0.4665999999999997,0.0,-5.0
semi,run_1448,0.0817,5.0,29.488,0,49.132,0,0,0.0,3.0,29.01,0,47.2648,0,0,-0.0817,-2.0,-0.477999999999998,0.0,-1.8671999999999969,0.0,0.0
semi,run_1449,0.0817,7.0,29.446,0,51.6168,0,0,0.0,4.0,29.024,0,49.8664,0,0,-0.0817,-3.0,-0.4220000000000006,0.0,-1.750399999999999,0.0,0.0
semi,run_1450,0.0545,5.0,29.358,4,20.1869,0,4,0.0,1.0,28.79,2,20.0158,0,2,-0.0545,-4.0,-0.5680000000000014,-2.0,-0.1711000000000027,0.0,-2.0
semi,run_1451,0.6808,15.0,30.668,2,95.3253,0,2,0.463,14.0,30.266,2,90.6514,0,2,-0.21779999999999994,-1.0,-0.402000000000001,0.0,-4.673900000000003,0.0,0.0
semi,run_1452,0.0817,5.0,29.342,0,36.0454,0,0,0.0,3.0,28.822,0,35.5645,0,0,-0.0817,-2.0,-0.5199999999999996,0.0,-0.48089999999999833,0.0,0.0
semi,run_1453,0.0545,7.0,29.671,3,19.0074,0,3,0.0,3.0,29.093,1,16.4521,0,1,-0.0545,-4.0,-0.5779999999999994,-2.0,-2.555299999999999,0.0,-2.0
semi,run_1454,0.0,4.0,29.09,0,41.8588,0,0,0.0,0.0,28.628,0,38.9451,0,0,0.0,-4.0,-0.46199999999999974,0.0,-2.9137000000000057,0.0,0.0
semi,run_1455,0.0,3.0,28.995,0,37.2333,0,0,0.0,0.0,28.565,0,34.6868,0,0,0.0,-3.0,-0.4299999999999997,0.0,-2.5465000000000018,0.0,0.0
semi,run_1456,0.817,18.0,30.83,2,321.4701,0,2,0.4357,14.0,30.482,3,321.0509,0,3,-0.3813,-4.0,-0.347999999999999,1.0,-0.41919999999998936,0.0,1.0
semi,run_1457,0.3268,11.0,30.088,2,49.4027,0,2,0.0817,6.0,29.597,2,50.9381,0,3,-0.24509999999999998,-5.0,-0.49099999999999966,0.0,1.5353999999999957,0.0,1.0
semi,run_1458,0.6808,17.0,30.782,1,307.1297,0,1,0.2451,10.0,30.055,2,302.9396,0,4,-0.4357,-7.0,-0.7270000000000003,1.0,-4.1901000000000295,0.0,3.0
semi,run_1459,0.0,4.0,29.047,0,59.3303,0,0,0.0,0.0,28.56,0,48.5446,0,0,0.0,-4.0,-0.4870000000000019,0.0,-10.785699999999999,0.0,0.0
semi,run_1460,0.0817,5.0,29.373,0,52.8174,0,0,0.0,3.0,28.922,0,52.8759,0,0,-0.0817,-2.0,-0.4510000000000005,0.0,0.05850000000000222,0.0,0.0
semi,run_1461,0.1089,9.0,29.75,0,88.4695,0,0,0.0272,4.0,29.161,0,86.2217,0,0,-0.0817,-5.0,-0.5889999999999986,0.0,-2.247799999999998,0.0,0.0
semi,run_1462,0.4902,14.0,30.419,1,203.504,0,1,0.2179,10.0,29.943,2,192.9734,0,2,-0.2723,-4.0,-0.4759999999999991,1.0,-10.530599999999993,0.0,1.0
semi,run_1463,0.0,4.0,29.253,0,32.4482,0,0,0.0,3.0,28.862,0,29.3422,0,0,0.0,-1.0,-0.3910000000000018,0.0,-3.1060000000000016,0.0,0.0
semi,run_1464,0.0,0.0,28.804,2,12.2506,0,2,0.0,0.0,28.332,2,12.3827,0,2,0.0,0.0,-0.47199999999999775,0.0,0.13209999999999944,0.0,0.0
semi,run_1465,0.1089,5.0,29.584,2,41.0246,0,2,0.0,4.0,29.045,1,39.0819,0,1,-0.1089,-1.0,-0.5389999999999979,-1.0,-1.942700000000002,0.0,-1.0
semi,run_1466,0.2451,13.0,30.217,1,61.2288,0,1,0.1089,5.0,29.592,1,58.459,0,1,-0.13620000000000002,-8.0,-0.625,0.0,-2.7697999999999965,0.0,0.0
semi,run_1467,0.817,18.0,30.835,7,205.7431,0,8,0.4902,14.0,30.412,2,201.089,0,3,-0.3267999999999999,-4.0,-0.4230000000000018,-5.0,-4.6541,0.0,-5.0
semi,run_1468,0.0,5.0,29.329,2,21.7098,0,2,0.0,0.0,28.824,1,20.0075,0,1,0.0,-5.0,-0.504999999999999,-1.0,-1.702300000000001,0.0,-1.0
semi,run_1469,0.0272,4.0,29.15,0,39.1414,0,0,0.0,2.0,28.704,0,38.2335,0,0,-0.0272,-2.0,-0.44599999999999795,0.0,-0.9078999999999979,0.0,0.0
semi,run_1470,0.5447,14.0,30.777,1,252.0499,0,1,0.2179,9.0,30.0,1,248.3752,0,1,-0.3268,-5.0,-0.777000000000001,0.0,-3.6747000000000014,0.0,0.0
semi,run_1471,0.0,4.0,29.076,0,36.4821,0,0,0.0,0.0,28.635,0,34.2243,0,0,0.0,-4.0,-0.44099999999999895,0.0,-2.257800000000003,0.0,0.0
semi,run_1472,0.0817,5.0,29.354,0,49.1451,0,0,0.0,3.0,28.826,0,47.7386,0,0,-0.0817,-2.0,-0.5279999999999987,0.0,-1.4065000000000012,0.0,0.0
semi,run_1473,0.2179,9.0,29.846,0,122.3363,0,0,0.0545,5.0,29.487,0,106.4538,0,0,-0.16340000000000002,-4.0,-0.35900000000000176,0.0,-15.882499999999993,0.0,0.0
semi,run_1474,0.1362,6.0,29.64,1,58.6919,0,1,0.0817,5.0,29.28,2,57.6968,0,2,-0.05449999999999999,-1.0,-0.35999999999999943,1.0,-0.9950999999999937,0.0,1.0
semi,run_1475,0.2451,12.0,30.419,1,116.9804,0,1,0.0817,6.0,29.727,1,119.1149,0,1,-0.16340000000000002,-6.0,-0.6920000000000002,0.0,2.1345000000000027,0.0,0.0
semi,run_1476,0.1362,8.0,29.761,1,73.1695,0,1,0.0545,7.0,29.337,1,62.4267,0,1,-0.0817,-1.0,-0.4239999999999995,0.0,-10.742800000000003,0.0,0.0
semi,run_1477,0.0,3.0,28.924,0,35.0694,0,0,0.0,0.0,28.489,0,32.193,0,0,0.0,-3.0,-0.4349999999999987,0.0,-2.876400000000004,0.0,0.0
semi,run_1478,0.0545,4.0,29.288,0,46.2261,0,0,0.0,3.0,28.861,0,46.5255,0,0,-0.0545,-1.0,-0.4269999999999996,0.0,0.29939999999999856,0.0,0.0
semi,run_1479,1.0621,18.0,31.0,7,31.4719,0,7,0.4902,14.0,30.304,6,31.1145,0,6,-0.5719000000000001,-4.0,-0.6960000000000015,-1.0,-0.35740000000000194,0.0,-1.0
semi,run_1480,0.0,4.0,29.052,0,52.7985,0,0,0.0,2.0,28.68,0,48.3675,0,0,0.0,-2.0,-0.3719999999999999,0.0,-4.430999999999997,0.0,0.0
semi,run_1481,0.1089,7.0,29.652,0,133.2707,0,0,0.0545,4.0,29.234,0,138.819,0,0,-0.0544,-3.0,-0.41799999999999926,0.0,5.548299999999983,0.0,0.0
semi,run_1482,0.1362,10.0,29.955,0,82.1546,0,0,0.0817,5.0,29.49,0,77.3106,0,0,-0.05449999999999999,-5.0,-0.46499999999999986,0.0,-4.844000000000008,0.0,0.0
semi,run_1483,0.2179,11.0,30.042,0,125.8929,0,0,0.1089,7.0,29.641,1,119.8434,0,1,-0.10900000000000001,-4.0,-0.40100000000000335,1.0,-6.049499999999995,0.0,1.0
semi,run_1484,0.1906,8.0,29.911,1,87.4454,0,1,0.0817,7.0,29.501,1,75.1,0,1,-0.1089,-1.0,-0.41000000000000014,0.0,-12.345400000000012,0.0,0.0
semi,run_1485,0.2179,10.0,29.869,0,67.7273,0,0,0.1089,6.0,29.573,1,64.0671,0,1,-0.10900000000000001,-4.0,-0.2959999999999994,1.0,-3.6602000000000032,0.0,1.0
semi,run_1486,0.0545,5.0,29.462,0,81.7506,0,0,0.0,4.0,29.025,0,75.71,0,0,-0.0545,-1.0,-0.43700000000000117,0.0,-6.040600000000012,0.0,0.0
semi,run_1487,0.1089,6.0,29.604,0,53.4932,0,0,0.0545,5.0,29.235,0,50.6688,0,0,-0.0544,-1.0,-0.3689999999999998,0.0,-2.8244000000000042,0.0,0.0
semi,run_1488,0.0272,5.0,29.173,0,42.5951,0,0,0.0,1.0,28.693,0,40.5774,0,0,-0.0272,-4.0,-0.4799999999999969,0.0,-2.017700000000005,0.0,0.0
semi,run_1489,0.0,3.0,28.934,0,31.105,0,0,0.0,0.0,28.475,0,28.218,0,0,0.0,-3.0,-0.45899999999999963,0.0,-2.8870000000000005,0.0,0.0
semi,run_1490,0.3268,13.0,30.101,9,16.2061,0,14,0.1362,8.0,29.704,5,13.8646,0,10,-0.1906,-5.0,-0.39699999999999847,-4.0,-2.3415,0.0,-4.0
semi,run_1491,0.0,4.0,29.101,0,36.663,0,0,0.0,0.0,28.581,0,34.738,0,0,0.0,-4.0,-0.5199999999999996,0.0,-1.9249999999999972,0.0,0.0
semi,run_1492,0.2996,11.0,30.049,1,75.3496,0,1,0.1089,7.0,29.591,1,70.1479,0,1,-0.19069999999999998,-4.0,-0.4579999999999984,0.0,-5.201699999999988,0.0,0.0
semi,run_1493,0.0,3.0,28.996,0,36.3388,0,0,0.0,0.0,28.585,0,35.1249,0,0,0.0,-3.0,-0.4109999999999978,0.0,-1.2139000000000024,0.0,0.0
semi,run_1494,0.354,12.0,30.402,0,178.7255,0,0,0.1906,10.0,29.931,1,173.1961,0,1,-0.1634,-2.0,-0.4710000000000001,1.0,-5.52940000000001,0.0,1.0
semi,run_1495,0.0545,5.0,29.397,0,43.2355,0,0,0.0,3.0,28.932,0,40.7229,0,0,-0.0545,-2.0,-0.46499999999999986,0.0,-2.512599999999999,0.0,0.0
semi,run_1496,0.1362,9.0,29.803,1,52.5655,0,1,0.0545,5.0,29.213,1,52.9781,0,1,-0.0817,-4.0,-0.5899999999999999,0.0,0.41259999999999764,0.0,0.0
semi,run_1497,0.1089,8.0,29.714,0,60.221,0,0,0.0,4.0,29.169,0,56.3126,0,0,-0.1089,-4.0,-0.5449999999999982,0.0,-3.908399999999993,0.0,0.0
semi,run_1498,0.1362,9.0,29.867,0,54.503,0,0,0.0817,5.0,29.324,1,53.5564,0,1,-0.05449999999999999,-4.0,-0.5429999999999993,1.0,-0.9466000000000037,0.0,1.0
semi,run_1499,0.2179,10.0,30.117,1,69.6877,0,1,0.0817,5.0,29.635,1,69.6556,0,1,-0.13620000000000002,-5.0,-0.4819999999999993,0.0,-0.032099999999999795,0.0,0.0
semi,run_1500,0.0,4.0,29.057,0,37.9895,0,0,0.0,0.0,28.592,0,37.4552,0,0,0.0,-4.0,-0.46499999999999986,0.0,-0.5343000000000018,0.0,0.0
semi,run_1501,0.0545,4.0,29.348,4,14.51,0,4,0.0,0.0,28.779,2,14.0767,0,2,-0.0545,-4.0,-0.5689999999999991,-2.0,-0.43329999999999913,0.0,-2.0
semi,run_1502,0.3268,11.0,30.263,0,144.208,0,0,0.1362,10.0,29.85,0,139.9096,0,0,-0.1906,-1.0,-0.41300000000000026,0.0,-4.298399999999987,0.0,0.0
semi,run_1503,0.0545,5.0,29.303,0,41.7424,0,0,0.0,3.0,28.879,0,41.2577,0,0,-0.0545,-2.0,-0.4239999999999995,0.0,-0.4847000000000037,0.0,0.0
semi,run_1504,0.0817,5.0,29.582,2,41.4841,0,2,0.0,3.0,29.089,1,41.8496,0,1,-0.0817,-2.0,-0.4930000000000021,-1.0,0.3655000000000044,0.0,-1.0
semi,run_1505,0.0545,4.0,29.177,0,50.6063,0,0,0.0,1.0,28.856,0,49.3648,0,0,-0.0545,-3.0,-0.32099999999999795,0.0,-1.241499999999995,0.0,0.0
semi,run_1506,0.8715,16.0,30.592,18,437.5342,0,100,0.5447,15.0,30.439,6,411.5347,0,100,-0.3268000000000001,-1.0,-0.1529999999999987,-12.0,-25.999500000000012,0.0,0.0
semi,run_1507,0.2996,11.0,30.351,1,206.5024,0,1,0.2451,11.0,30.097,1,192.7552,0,1,-0.054499999999999965,0.0,-0.2539999999999978,0.0,-13.747199999999992,0.0,0.0
semi,run_1508,0.1089,9.0,29.726,0,98.994,0,0,0.0545,4.0,29.231,0,97.2809,0,0,-0.0544,-5.0,-0.49499999999999744,0.0,-1.7130999999999972,0.0,0.0
semi,run_1509,0.0,3.0,28.97,0,32.1616,0,0,0.0,0.0,28.599,0,31.2676,0,0,0.0,-3.0,-0.37099999999999866,0.0,-0.8939999999999984,0.0,0.0
semi,run_1510,0.0272,4.0,29.511,1,30.3824,0,1,0.0,1.0,29.066,0,28.727,0,0,-0.0272,-3.0,-0.4450000000000003,-1.0,-1.6554000000000002,0.0,-1.0
semi,run_1511,0.0,5.0,29.293,2,18.4332,0,2,0.0,0.0,28.761,2,17.4736,0,2,0.0,-5.0,-0.532,0.0,-0.9595999999999982,0.0,0.0
semi,run_1512,0.0,2.0,28.869,0,26.0204,0,0,0.0,0.0,28.429,0,25.474,0,0,0.0,-2.0,-0.4400000000000013,0.0,-0.5463999999999984,0.0,0.0
semi,run_1513,0.0545,5.0,29.265,0,45.5264,0,0,0.0,3.0,28.837,0,43.5564,0,0,-0.0545,-2.0,-0.4280000000000008,0.0,-1.970000000000006,0.0,0.0
semi,run_1514,0.0545,5.0,29.415,0,60.185,0,0,0.0,2.0,28.888,0,53.869,0,0,-0.0545,-3.0,-0.5269999999999975,0.0,-6.3160000000000025,0.0,0.0
semi,run_1515,0.0,4.0,29.245,0,40.0921,0,0,0.0,0.0,28.786,0,33.6914,0,0,0.0,-4.0,-0.45899999999999963,0.0,-6.4007000000000005,0.0,0.0
semi,run_1516,0.0545,4.0,29.368,0,93.3855,0,0,0.0,4.0,29.016,0,79.4751,0,0,-0.0545,0.0,-0.3520000000000003,0.0,-13.910399999999996,0.0,0.0
semi,run_1517,0.1089,5.0,29.552,1,37.8856,0,1,0.0,4.0,29.088,1,35.3584,0,1,-0.1089,-1.0,-0.46399999999999864,0.0,-2.5271999999999935,0.0,0.0
semi,run_1518,0.0272,4.0,29.343,0,53.0003,0,0,0.0,2.0,28.85,0,50.3084,0,0,-0.0272,-2.0,-0.49299999999999855,0.0,-2.691900000000004,0.0,0.0
semi,run_1519,0.1634,10.0,29.919,1,108.414,0,1,0.1089,6.0,29.552,0,97.9275,0,0,-0.05449999999999999,-4.0,-0.3670000000000009,-1.0,-10.486500000000007,0.0,-1.0
semi,run_1520,0.2451,11.0,30.063,1,76.3146,0,1,0.0817,5.0,29.42,0,72.7699,0,0,-0.16340000000000002,-6.0,-0.6429999999999971,-1.0,-3.5446999999999917,0.0,-1.0
semi,run_1521,0.2723,11.0,30.167,0,181.304,0,0,0.0817,5.0,29.534,0,174.1399,0,0,-0.1906,-6.0,-0.6330000000000027,0.0,-7.164099999999991,0.0,0.0
semi,run_1522,0.4085,13.0,30.382,2,166.5098,0,2,0.2451,10.0,29.924,2,144.7081,0,2,-0.16339999999999996,-3.0,-0.45800000000000196,0.0,-21.80170000000001,0.0,0.0
semi,run_1523,0.2179,10.0,30.029,0,97.8402,0,0,0.0817,5.0,29.477,0,95.0241,0,0,-0.13620000000000002,-5.0,-0.5519999999999996,0.0,-2.8160999999999916,0.0,0.0
semi,run_1524,0.0817,5.0,29.383,0,47.4208,0,0,0.0,3.0,28.886,0,44.9808,0,0,-0.0817,-2.0,-0.4969999999999999,0.0,-2.4399999999999977,0.0,0.0
semi,run_1525,0.0,3.0,29.029,0,28.9543,0,0,0.0,2.0,28.736,1,28.0023,0,1,0.0,-1.0,-0.29299999999999926,1.0,-0.9519999999999982,0.0,1.0
semi,run_1526,0.2451,11.0,30.24,0,99.1364,0,0,0.1089,7.0,29.731,1,95.1061,0,1,-0.13620000000000002,-4.0,-0.5089999999999968,1.0,-4.030299999999997,0.0,1.0
semi,run_1527,0.1089,6.0,29.632,0,70.1606,0,0,0.0,4.0,29.189,0,66.5991,0,0,-0.1089,-2.0,-0.4430000000000014,0.0,-3.5614999999999952,0.0,0.0
semi,run_1528,0.1634,9.0,29.718,0,156.2396,0,0,0.0817,6.0,29.368,0,127.7612,0,0,-0.0817,-3.0,-0.3500000000000014,0.0,-28.478399999999993,0.0,0.0
semi,run_1529,0.0817,5.0,29.387,2,23.6716,0,2,0.0,3.0,28.887,1,21.8803,0,1,-0.0817,-2.0,-0.5,-1.0,-1.7913000000000032,0.0,-1.0
semi,run_1530,0.0,4.0,29.195,0,69.7346,0,0,0.0,2.0,28.797,0,69.0011,0,0,0.0,-2.0,-0.3979999999999997,0.0,-0.7335000000000065,0.0,0.0
semi,run_1531,0.2996,10.0,29.948,1,97.2205,0,1,0.1089,7.0,29.651,1,84.7838,0,1,-0.19069999999999998,-3.0,-0.2970000000000006,0.0,-12.436700000000002,0.0,0.0
semi,run_1532,0.0817,5.0,29.519,2,21.429,0,2,0.0,3.0,29.025,2,21.9294,0,2,-0.0817,-2.0,-0.4939999999999998,0.0,0.5004000000000026,0.0,0.0
semi,run_1533,0.0817,5.0,29.505,0,59.6082,0,0,0.0,4.0,29.149,0,54.5974,0,0,-0.0817,-1.0,-0.3559999999999981,0.0,-5.010799999999996,0.0,0.0
semi,run_1534,0.0545,5.0,29.301,0,38.1135,0,0,0.0,3.0,28.865,0,33.4514,0,0,-0.0545,-2.0,-0.43599999999999994,0.0,-4.662100000000002,0.0,0.0
semi,run_1535,0.0,2.0,28.98,0,35.1797,0,0,0.0,0.0,28.563,0,34.148,0,0,0.0,-2.0,-0.4170000000000016,0.0,-1.0316999999999936,0.0,0.0
semi,run_1536,0.1089,7.0,29.702,5,26.6485,0,5,0.0,4.0,29.165,2,26.2612,0,2,-0.1089,-3.0,-0.5370000000000026,-3.0,-0.38729999999999976,0.0,-3.0
semi,run_1537,0.5991,17.0,30.786,1,135.4959,0,1,0.2723,10.0,30.147,1,133.2535,0,1,-0.3268,-7.0,-0.6390000000000029,0.0,-2.2424000000000035,0.0,0.0
semi,run_1538,0.1089,8.0,29.699,0,117.8665,0,0,0.0,4.0,29.107,0,115.8491,0,0,-0.1089,-4.0,-0.5920000000000023,0.0,-2.017399999999995,0.0,0.0
semi,run_1539,0.5719,14.0,30.471,9,36.8649,0,9,0.2451,13.0,30.171,10,34.7378,0,10,-0.3268,-1.0,-0.3000000000000007,1.0,-2.1270999999999987,0.0,1.0
semi,run_1540,0.0545,5.0,29.288,0,49.4738,0,0,0.0,0.0,28.747,0,46.6095,0,0,-0.0545,-5.0,-0.5410000000000004,0.0,-2.8643,0.0,0.0
semi,run_1541,0.4085,13.0,30.277,2,110.5244,0,2,0.2451,8.0,29.8,2,107.3511,0,2,-0.16339999999999996,-5.0,-0.4770000000000003,0.0,-3.1732999999999976,0.0,0.0
semi,run_1542,0.0545,4.0,29.202,0,69.9656,0,0,0.0,2.0,28.775,0,62.499,0,0,-0.0545,-2.0,-0.42700000000000315,0.0,-7.466599999999993,0.0,0.0
semi,run_1543,0.0,5.0,29.168,2,41.8456,0,2,0.0,0.0,28.734,0,41.9648,0,0,0.0,-5.0,-0.4339999999999975,-2.0,0.1191999999999993,0.0,-2.0
semi,run_1544,0.0,2.0,28.699,0,24.8181,0,0,0.0,0.0,28.249,0,21.243,0,0,0.0,-2.0,-0.45000000000000284,0.0,-3.5751000000000026,0.0,0.0
semi,run_1545,0.0545,4.0,29.193,0,69.7472,0,0,0.0,2.0,28.791,0,66.9404,0,0,-0.0545,-2.0,-0.402000000000001,0.0,-2.8068000000000097,0.0,0.0
semi,run_1546,0.2723,11.0,30.041,1,142.9531,0,1,0.1089,10.0,29.764,1,123.4384,0,1,-0.1634,-1.0,-0.277000000000001,0.0,-19.514700000000005,0.0,0.0
semi,run_1547,0.0545,5.0,29.361,0,70.368,0,0,0.0,3.0,28.958,0,73.3896,0,0,-0.0545,-2.0,-0.40300000000000225,0.0,3.0216000000000065,0.0,0.0
semi,run_1548,0.0545,4.0,29.185,0,54.0744,0,0,0.0,2.0,28.748,0,50.8445,0,0,-0.0545,-2.0,-0.4369999999999976,0.0,-3.2299000000000007,0.0,0.0
semi,run_1549,0.0,1.0,28.9,5,25.4682,0,5,0.0,0.0,28.312,3,25.4473,0,3,0.0,-1.0,-0.5879999999999974,-2.0,-0.02090000000000103,0.0,-2.0
semi,run_1550,0.463,14.0,30.413,2,180.1,0,3,0.2179,9.0,29.889,1,174.3444,0,1,-0.2451,-5.0,-0.5240000000000009,-1.0,-5.755599999999987,0.0,-2.0
semi,run_1551,0.8715,19.0,30.727,2,76.2523,0,2,0.4357,13.0,30.159,5,72.0919,0,5,-0.4358000000000001,-6.0,-0.5680000000000014,3.0,-4.16040000000001,0.0,3.0
semi,run_1552,0.0545,5.0,29.242,0,42.7577,0,0,0.0,3.0,28.824,0,42.4285,0,0,-0.0545,-2.0,-0.41799999999999926,0.0,-0.32920000000000016,0.0,0.0
semi,run_1553,0.1089,8.0,29.748,0,52.6826,0,0,0.0272,4.0,29.157,0,53.3831,0,0,-0.0817,-4.0,-0.5910000000000011,0.0,0.7004999999999981,0.0,0.0
semi,run_1554,0.0545,5.0,29.194,0,40.6739,0,0,0.0,0.0,28.7,0,40.4926,0,0,-0.0545,-5.0,-0.4939999999999998,0.0,-0.18130000000000024,0.0,0.0
semi,run_1555,0.5719,16.0,30.758,2,144.3906,0,2,0.2451,12.0,30.114,4,134.3458,0,4,-0.3268,-4.0,-0.6439999999999984,2.0,-10.04480000000001,0.0,2.0
semi,run_1556,0.2451,11.0,29.905,2,37.9019,0,2,0.0817,5.0,29.349,2,34.2114,0,2,-0.16340000000000002,-6.0,-0.5560000000000009,0.0,-3.6905,0.0,0.0
semi,run_1557,0.2996,10.0,30.108,2,110.5683,0,10,0.1089,6.0,29.691,1,116.2818,0,10,-0.19069999999999998,-4.0,-0.4170000000000016,-1.0,5.7135000000000105,0.0,0.0
semi,run_1558,0.1906,10.0,29.981,0,88.8375,0,0,0.0817,5.0,29.428,0,84.5115,0,0,-0.1089,-5.0,-0.5530000000000008,0.0,-4.326000000000008,0.0,0.0
semi,run_1559,0.0545,4.0,29.317,0,58.7952,0,0,0.0,0.0,28.916,0,59.4852,0,0,-0.0545,-4.0,-0.4009999999999998,0.0,0.6899999999999977,0.0,0.0
semi,run_1560,0.9532,21.0,31.037,4,87.7208,0,4,0.7625,21.0,30.827,6,81.733,0,6,-0.1907000000000001,0.0,-0.2099999999999973,2.0,-5.987799999999993,0.0,2.0
semi,run_1561,0.2996,11.0,30.114,0,149.3071,0,0,0.1089,6.0,29.54,1,139.268,0,1,-0.19069999999999998,-5.0,-0.5740000000000016,1.0,-10.03909999999999,0.0,1.0
semi,run_1562,0.0545,5.0,29.228,0,56.1594,0,0,0.0,3.0,28.82,1,55.1532,0,1,-0.0545,-2.0,-0.40800000000000125,1.0,-1.0061999999999998,0.0,1.0
semi,run_1563,0.0,0.0,28.582,0,32.5187,0,0,0.0,0.0,28.188,0,31.1795,0,0,0.0,0.0,-0.3940000000000019,0.0,-1.3392000000000017,0.0,0.0
semi,run_1564,0.5174,13.0,30.398,3,43.5544,0,3,0.2451,10.0,29.929,3,42.8155,0,3,-0.2723,-3.0,-0.4690000000000012,0.0,-0.738900000000001,0.0,0.0
semi,run_1565,0.4085,12.0,30.4,1,69.8042,0,1,0.1906,9.0,29.838,1,72.3767,0,1,-0.21789999999999998,-3.0,-0.5619999999999976,0.0,2.572500000000005,0.0,0.0
semi,run_1566,0.0,0.0,28.434,1,10.3883,0,1,0.0,0.0,27.912,0,10.2596,0,0,0.0,0.0,-0.522000000000002,-1.0,-0.12869999999999848,0.0,-1.0
semi,run_1567,0.0272,4.0,29.148,0,54.1496,0,0,0.0,2.0,28.697,0,56.0532,0,0,-0.0272,-2.0,-0.4510000000000005,0.0,1.9035999999999973,0.0,0.0
semi,run_1568,0.0545,4.0,29.193,0,66.5645,0,0,0.0,3.0,28.862,0,59.3725,0,0,-0.0545,-1.0,-0.33100000000000307,0.0,-7.191999999999993,0.0,0.0
semi,run_1569,0.0,4.0,29.141,0,49.7374,0,0,0.0,0.0,28.668,0,47.9478,0,0,0.0,-4.0,-0.472999999999999,0.0,-1.7896,0.0,0.0
semi,run_1570,0.1089,5.0,29.553,0,80.2729,0,0,0.0,3.0,29.019,0,76.4689,0,0,-0.1089,-2.0,-0.5340000000000025,0.0,-3.804000000000002,0.0,0.0
semi,run_1571,0.0272,4.0,29.187,0,52.6716,0,0,0.0,2.0,28.799,0,52.2692,0,0,-0.0272,-2.0,-0.3880000000000017,0.0,-0.4024000000000001,0.0,0.0
semi,run_1572,0.2179,10.0,29.861,4,46.3337,0,4,0.0,4.0,29.338,2,46.1078,0,2,-0.2179,-6.0,-0.5229999999999997,-2.0,-0.22590000000000288,0.0,-2.0
semi,run_1573,0.0545,4.0,29.427,0,34.7136,0,0,0.0,0.0,28.817,0,31.406,0,0,-0.0545,-4.0,-0.6099999999999994,0.0,-3.3076000000000008,0.0,0.0
semi,run_1574,0.4085,11.0,30.339,1,153.9054,0,1,0.2451,10.0,29.958,1,158.9515,0,1,-0.16339999999999996,-1.0,-0.3810000000000002,0.0,5.046100000000024,0.0,0.0
semi,run_1575,0.0545,5.0,29.379,0,47.2562,0,0,0.0,3.0,28.882,0,44.4629,0,0,-0.0545,-2.0,-0.4969999999999999,0.0,-2.793300000000002,0.0,0.0
semi,run_1576,0.6536,14.0,30.672,1,71.9775,0,1,0.2451,11.0,30.152,1,71.5952,0,1,-0.4085,-3.0,-0.5199999999999996,0.0,-0.38230000000000075,0.0,0.0
semi,run_1577,0.0545,5.0,29.353,0,51.868,0,0,0.0,1.0,28.792,0,54.3399,0,0,-0.0545,-4.0,-0.5609999999999999,0.0,2.471899999999998,0.0,0.0
semi,run_1578,0.0817,5.0,29.513,0,77.7521,0,0,0.0545,4.0,29.181,0,72.0211,0,0,-0.027199999999999995,-1.0,-0.33200000000000074,0.0,-5.7309999999999945,0.0,0.0
semi,run_1579,0.0545,5.0,29.278,0,40.2546,0,0,0.0,0.0,28.674,0,39.1085,0,0,-0.0545,-5.0,-0.6039999999999992,0.0,-1.1461000000000041,0.0,0.0
semi,run_1580,0.0817,5.0,29.489,0,35.1945,0,0,0.0,3.0,28.952,0,35.0972,0,0,-0.0817,-2.0,-0.536999999999999,0.0,-0.09729999999999706,0.0,0.0
semi,run_1581,0.0545,5.0,29.302,0,26.6088,0,0,0.0,3.0,28.858,1,26.9909,0,1,-0.0545,-2.0,-0.44399999999999906,1.0,0.3821000000000012,0.0,1.0
semi,run_1582,0.1362,6.0,29.749,4,39.9699,0,4,0.0,4.0,29.265,3,38.7779,0,3,-0.1362,-2.0,-0.4839999999999982,-1.0,-1.1920000000000002,0.0,-1.0
semi,run_1583,0.0545,6.0,29.673,0,61.3638,0,0,0.0,3.0,29.211,0,56.4412,0,0,-0.0545,-3.0,-0.46199999999999974,0.0,-4.922599999999996,0.0,0.0
semi,run_1584,0.463,15.0,30.684,1,184.9632,0,1,0.2723,12.0,30.234,1,162.9461,0,1,-0.19070000000000004,-3.0,-0.4499999999999993,0.0,-22.0171,0.0,0.0
semi,run_1585,0.0545,4.0,29.323,0,68.0664,0,0,0.0,2.0,28.999,0,68.2968,0,0,-0.0545,-2.0,-0.3240000000000016,0.0,0.23040000000000305,0.0,0.0
semi,run_1586,0.0,5.0,29.135,0,24.8327,0,0,0.0,0.0,28.618,0,22.0955,0,0,0.0,-5.0,-0.517000000000003,0.0,-2.737199999999998,0.0,0.0
semi,run_1587,0.0,3.0,29.022,0,25.9909,0,0,0.0,0.0,28.486,0,25.7629,0,0,0.0,-3.0,-0.5359999999999978,0.0,-0.22800000000000153,0.0,0.0
semi,run_1588,0.0817,5.0,29.338,1,42.8801,0,1,0.0,3.0,28.88,0,38.7807,0,0,-0.0817,-2.0,-0.45800000000000196,-1.0,-4.099399999999996,0.0,-1.0
semi,run_1589,0.8715,15.0,30.719,2,68.3426,0,2,0.463,16.0,30.46,2,65.8358,0,2,-0.40850000000000003,1.0,-0.25900000000000034,0.0,-2.5067999999999984,0.0,0.0
semi,run_1590,1.28,20.0,31.274,1,130.8888,0,1,0.7353,14.0,30.539,1,132.3578,0,1,-0.5447000000000001,-6.0,-0.7349999999999994,0.0,1.468999999999994,0.0,0.0
semi,run_1591,0.0545,4.0,29.18,0,49.5609,0,0,0.0,2.0,28.78,0,46.5323,0,0,-0.0545,-2.0,-0.3999999999999986,0.0,-3.0285999999999973,0.0,0.0
semi,run_1592,0.2451,11.0,30.13,1,79.8038,0,1,0.1089,6.0,29.65,1,79.1813,0,1,-0.13620000000000002,-5.0,-0.4800000000000004,0.0,-0.6225000000000023,0.0,0.0
semi,run_1593,0.0,3.0,28.793,0,31.7907,0,0,0.0,0.0,28.493,0,30.9567,0,0,0.0,-3.0,-0.3000000000000007,0.0,-0.8339999999999996,0.0,0.0
semi,run_1594,0.1906,11.0,30.086,0,128.9938,0,0,0.1089,5.0,29.592,0,119.5844,0,0,-0.0817,-6.0,-0.4939999999999998,0.0,-9.40939999999999,0.0,0.0
semi,run_1595,0.3813,12.0,30.424,1,185.3722,0,1,0.2451,10.0,29.944,1,169.3201,0,1,-0.13619999999999996,-2.0,-0.4800000000000004,0.0,-16.052099999999996,0.0,0.0
semi,run_1596,0.0,0.0,28.535,0,24.2127,0,0,0.0,0.0,28.08,0,21.4139,0,0,0.0,0.0,-0.45500000000000185,0.0,-2.7988,0.0,0.0
semi,run_1597,0.5719,17.0,30.784,1,134.2982,0,1,0.354,12.0,30.337,1,129.481,0,1,-0.21789999999999998,-5.0,-0.4469999999999992,0.0,-4.817200000000014,0.0,0.0
semi,run_1598,1.0621,20.0,31.2,2,331.5796,0,2,0.8442,18.0,30.775,2,329.6866,0,5,-0.2179000000000001,-2.0,-0.4250000000000007,0.0,-1.893000000000029,0.0,3.0
semi,run_1599,0.0,2.0,28.863,0,16.322,0,0,0.0,0.0,28.433,0,16.2011,0,0,0.0,-2.0,-0.4299999999999997,0.0,-0.1208999999999989,0.0,0.0
semi,run_1600,0.0545,7.0,29.407,0,51.5984,0,0,0.0,3.0,28.925,0,44.7997,0,0,-0.0545,-4.0,-0.4819999999999993,0.0,-6.798699999999997,0.0,0.0
semi,run_1601,0.0817,5.0,29.507,0,95.5769,0,0,0.0,3.0,29.06,0,91.436,0,0,-0.0817,-2.0,-0.44700000000000273,0.0,-4.140899999999988,0.0,0.0
semi,run_1602,0.4357,13.0,30.531,2,120.4072,0,2,0.2179,9.0,29.91,4,118.0215,0,4,-0.21779999999999997,-4.0,-0.6209999999999987,2.0,-2.3857,0.0,2.0
semi,run_1603,0.1362,10.0,29.832,0,103.1048,0,0,0.0817,5.0,29.452,0,89.7717,0,0,-0.05449999999999999,-5.0,-0.379999999999999,0.0,-13.333100000000002,0.0,0.0
semi,run_1604,0.3813,12.0,30.214,2,206.9775,0,22,0.1906,8.0,29.768,1,213.2432,0,30,-0.19069999999999998,-4.0,-0.44599999999999795,-1.0,6.26570000000001,0.0,8.0
semi,run_1605,0.1634,6.0,29.717,2,32.0162,0,2,0.0,4.0,29.186,1,31.3588,0,1,-0.1634,-2.0,-0.5309999999999988,-1.0,-0.6573999999999991,0.0,-1.0
semi,run_1606,0.9804,17.0,30.805,3,46.4114,0,3,0.4357,13.0,30.181,3,44.9587,0,3,-0.5447000000000001,-4.0,-0.6239999999999988,0.0,-1.4527,0.0,0.0
semi,run_1607,0.0545,5.0,29.329,0,71.7416,0,0,0.0,3.0,28.899,0,60.034,0,0,-0.0545,-2.0,-0.4299999999999997,0.0,-11.707600000000006,0.0,0.0
semi,run_1608,0.0,2.0,28.805,0,27.0483,0,0,0.0,0.0,28.409,0,27.129,0,0,0.0,-2.0,-0.3960000000000008,0.0,0.08070000000000022,0.0,0.0
semi,run_1609,0.0,0.0,28.964,4,17.7952,0,4,0.0,0.0,28.477,1,17.1945,0,1,0.0,0.0,-0.4869999999999983,-3.0,-0.6006999999999998,0.0,-3.0
semi,run_1610,0.0,4.0,29.098,0,49.8673,0,0,0.0,0.0,28.571,0,48.5008,0,0,0.0,-4.0,-0.5269999999999975,0.0,-1.366500000000002,0.0,0.0
semi,run_1611,0.2179,9.0,29.92,1,44.2897,0,1,0.0817,5.0,29.377,1,44.5909,0,1,-0.13620000000000002,-4.0,-0.5430000000000028,0.0,0.30119999999999436,0.0,0.0
semi,run_1612,0.0,3.0,28.969,0,30.8063,0,0,0.0,0.0,28.585,0,30.1029,0,0,0.0,-3.0,-0.38400000000000034,0.0,-0.7033999999999985,0.0,0.0
semi,run_1613,0.3813,11.0,30.098,0,52.9539,0,0,0.1634,9.0,29.683,1,51.2833,0,1,-0.21789999999999998,-2.0,-0.41499999999999915,1.0,-1.6706000000000003,0.0,1.0
semi,run_1614,0.1089,8.0,29.657,8,15.5625,0,9,0.0,5.0,29.191,2,13.8657,0,2,-0.1089,-3.0,-0.4660000000000011,-6.0,-1.6967999999999996,0.0,-7.0
semi,run_1615,0.2179,10.0,29.975,0,105.567,0,0,0.1089,7.0,29.543,1,97.7165,0,1,-0.10900000000000001,-3.0,-0.43200000000000216,1.0,-7.850499999999997,0.0,1.0
semi,run_1616,0.4902,13.0,30.388,2,93.5455,0,3,0.2451,8.0,29.832,3,91.8967,0,9,-0.2451,-5.0,-0.5560000000000009,1.0,-1.6488000000000085,0.0,6.0
semi,run_1617,0.0,2.0,28.868,0,26.1497,0,0,0.0,0.0,28.364,0,24.4215,0,0,0.0,-2.0,-0.5039999999999978,0.0,-1.7281999999999975,0.0,0.0
semi,run_1618,0.0,3.0,28.915,0,28.3649,0,0,0.0,0.0,28.457,0,28.2862,0,0,0.0,-3.0,-0.4579999999999984,0.0,-0.07869999999999777,0.0,0.0
semi,run_1619,0.1634,10.0,30.053,0,108.8159,0,0,0.1089,6.0,29.614,0,103.0882,0,0,-0.05449999999999999,-4.0,-0.43900000000000006,0.0,-5.727699999999999,0.0,0.0
semi,run_1620,0.0,4.0,29.119,0,51.5042,0,0,0.0,2.0,28.698,0,51.296,0,0,0.0,-2.0,-0.4209999999999994,0.0,-0.20819999999999794,0.0,0.0
semi,run_1621,0.0817,5.0,29.498,0,56.0356,0,0,0.0,3.0,28.942,0,51.9062,0,0,-0.0817,-2.0,-0.5560000000000009,0.0,-4.129400000000004,0.0,0.0
semi,run_1622,0.1089,5.0,29.601,1,64.8813,0,1,0.0272,5.0,29.149,1,64.3926,0,1,-0.0817,0.0,-0.4519999999999982,0.0,-0.48869999999999436,0.0,0.0
semi,run_1623,0.0,3.0,28.931,0,40.0123,0,0,0.0,0.0,28.551,0,39.1832,0,0,0.0,-3.0,-0.38000000000000256,0.0,-0.829100000000004,0.0,0.0
semi,run_1624,0.0,0.0,28.62,0,31.8063,0,0,0.0,0.0,28.267,0,31.111,0,0,0.0,0.0,-0.35300000000000153,0.0,-0.6952999999999996,0.0,0.0
semi,run_1625,0.5174,13.0,30.409,1,71.7935,0,1,0.2451,10.0,30.069,2,70.5605,0,2,-0.2723,-3.0,-0.33999999999999986,1.0,-1.2329999999999899,0.0,1.0
semi,run_1626,0.0,3.0,29.128,5,30.2431,0,5,0.0,0.0,28.617,3,30.3622,0,3,0.0,-3.0,-0.5109999999999992,-2.0,0.11910000000000309,0.0,-2.0
semi,run_1627,0.0,0.0,28.688,0,21.3929,0,0,0.0,0.0,28.118,0,19.516,0,0,0.0,0.0,-0.5700000000000003,0.0,-1.8769000000000027,0.0,0.0
semi,run_1628,0.0545,5.0,29.422,2,55.4602,0,2,0.0,3.0,28.801,1,54.4856,0,1,-0.0545,-2.0,-0.6210000000000022,-1.0,-0.9746000000000024,0.0,-1.0
semi,run_1629,0.0545,5.0,29.448,0,47.5151,0,0,0.0,2.0,28.916,0,44.9785,0,0,-0.0545,-3.0,-0.532,0.0,-2.5366,0.0,0.0
semi,run_1630,0.2451,10.0,29.935,5,11.097,0,10,0.0272,5.0,29.291,4,10.2799,0,8,-0.2179,-5.0,-0.6439999999999984,-1.0,-0.8170999999999999,0.0,-2.0
semi,run_1631,0.0545,5.0,29.381,0,66.2836,0,0,0.0,2.0,28.909,0,65.4256,0,0,-0.0545,-3.0,-0.4720000000000013,0.0,-0.8580000000000041,0.0,0.0
semi,run_1632,0.0,3.0,28.919,0,35.3228,0,0,0.0,0.0,28.472,0,33.2991,0,0,0.0,-3.0,-0.4469999999999992,0.0,-2.023699999999998,0.0,0.0
semi,run_1633,0.2451,9.0,29.85,3,38.7093,0,3,0.0,5.0,29.363,1,35.4759,0,1,-0.2451,-4.0,-0.4870000000000019,-2.0,-3.233399999999996,0.0,-2.0
semi,run_1634,0.0,3.0,28.938,0,29.7013,0,0,0.0,0.0,28.452,0,27.279,0,0,0.0,-3.0,-0.4859999999999971,0.0,-2.4223,0.0,0.0
semi,run_1635,0.0,0.0,28.555,0,15.9744,0,0,0.0,0.0,28.072,0,16.1442,0,0,0.0,0.0,-0.48300000000000054,0.0,0.16980000000000217,0.0,0.0
semi,run_1636,0.1089,8.0,29.698,0,91.6857,0,0,0.0272,4.0,29.143,0,90.0613,0,0,-0.0817,-4.0,-0.5549999999999997,0.0,-1.6243999999999943,0.0,0.0
semi,run_1637,0.0272,4.0,29.157,0,38.7268,0,0,0.0,0.0,28.683,0,38.0855,0,0,-0.0272,-4.0,-0.4740000000000002,0.0,-0.641299999999994,0.0,0.0
semi,run_1638,0.0545,4.0,29.19,0,69.9312,0,0,0.0,2.0,28.851,0,69.9865,0,0,-0.0545,-2.0,-0.3390000000000022,0.0,0.05530000000000257,0.0,0.0
semi,run_1639,0.0,3.0,28.987,0,25.858,0,0,0.0,0.0,28.441,0,23.6457,0,0,0.0,-3.0,-0.5459999999999994,0.0,-2.212299999999999,0.0,0.0
semi,run_1640,0.0545,4.0,29.399,0,63.4169,0,0,0.0,3.0,28.939,0,59.5263,0,0,-0.0545,-1.0,-0.46000000000000085,0.0,-3.890599999999999,0.0,0.0
semi,run_1641,0.3813,12.0,30.334,1,284.1653,0,1,0.2179,9.0,29.87,1,265.7712,0,1,-0.16339999999999996,-3.0,-0.46399999999999864,0.0,-18.39409999999998,0.0,0.0
semi,run_1642,0.0545,5.0,29.269,0,43.0366,0,0,0.0,0.0,28.794,0,41.0212,0,0,-0.0545,-5.0,-0.47499999999999787,0.0,-2.0153999999999996,0.0,0.0
semi,run_1643,0.2996,11.0,30.128,0,103.6613,0,0,0.1089,6.0,29.594,0,96.2967,0,0,-0.19069999999999998,-5.0,-0.5339999999999989,0.0,-7.364599999999996,0.0,0.0
semi,run_1644,0.0545,5.0,29.312,0,97.4735,0,0,0.0,3.0,28.962,0,81.3123,0,0,-0.0545,-2.0,-0.3500000000000014,0.0,-16.161200000000008,0.0,0.0
semi,run_1645,0.1089,5.0,29.511,0,78.0709,0,0,0.0,3.0,28.981,0,72.65,0,0,-0.1089,-2.0,-0.5299999999999976,0.0,-5.420899999999989,0.0,0.0
semi,run_1646,0.0,4.0,29.317,2,69.0606,0,2,0.0,0.0,28.741,1,68.8424,0,1,0.0,-4.0,-0.5760000000000005,-1.0,-0.21819999999999595,0.0,-1.0
semi,run_1647,0.0,4.0,29.27,2,23.4093,0,2,0.0,0.0,28.751,1,23.7819,0,1,0.0,-4.0,-0.5189999999999984,-1.0,0.3725999999999985,0.0,-1.0
semi,run_1648,0.2451,10.0,29.999,2,28.8016,0,2,0.0817,5.0,29.476,2,27.5946,0,2,-0.16340000000000002,-5.0,-0.5229999999999997,0.0,-1.2070000000000007,0.0,0.0
semi,run_1649,0.2996,13.0,30.125,2,43.9311,0,2,0.1906,8.0,29.724,1,43.4975,0,1,-0.10899999999999999,-5.0,-0.4009999999999998,-1.0,-0.43359999999999843,0.0,-1.0
semi,run_1650,0.1089,9.0,29.812,0,102.6077,0,0,0.0545,4.0,29.233,0,89.4488,0,0,-0.0544,-5.0,-0.5790000000000006,0.0,-13.158899999999988,0.0,0.0
semi,run_1651,0.1089,9.0,29.87,0,112.5994,0,0,0.0545,5.0,29.327,0,115.8351,0,0,-0.0544,-4.0,-0.5429999999999993,0.0,3.2356999999999942,0.0,0.0
semi,run_1652,0.0,4.0,29.074,2,26.7267,0,2,0.0,1.0,28.664,1,24.6232,0,1,0.0,-3.0,-0.41000000000000014,-1.0,-2.1035000000000004,0.0,-1.0
semi,run_1653,0.0817,5.0,29.486,0,59.899,0,0,0.0,3.0,28.991,0,59.0778,0,0,-0.0817,-2.0,-0.495000000000001,0.0,-0.8211999999999975,0.0,0.0
semi,run_1654,0.2451,10.0,30.007,0,98.9097,0,0,0.1089,6.0,29.618,1,88.3122,0,1,-0.13620000000000002,-4.0,-0.3890000000000029,1.0,-10.597499999999997,0.0,1.0
semi,run_1655,0.0,3.0,29.094,0,38.5597,0,0,0.0,0.0,28.632,0,37.8547,0,0,0.0,-3.0,-0.46199999999999974,0.0,-0.7049999999999983,0.0,0.0
semi,run_1656,0.0,3.0,28.993,0,38.66,0,0,0.0,0.0,28.609,0,35.0893,0,0,0.0,-3.0,-0.3839999999999968,0.0,-3.570699999999995,0.0,0.0
semi,run_1657,0.2179,10.0,30.043,0,116.1639,0,0,0.1089,6.0,29.622,0,106.2297,0,0,-0.10900000000000001,-4.0,-0.4209999999999994,0.0,-9.934200000000004,0.0,0.0
semi,run_1658,0.0545,5.0,29.263,0,44.4614,0,0,0.0,3.0,28.836,0,41.2743,0,0,-0.0545,-2.0,-0.42700000000000315,0.0,-3.187100000000001,0.0,0.0
semi,run_1659,0.1089,8.0,29.741,0,114.442,0,0,0.0817,5.0,29.347,0,95.2823,0,0,-0.027200000000000002,-3.0,-0.39399999999999835,0.0,-19.159699999999987,0.0,0.0
semi,run_1660,0.1362,7.0,29.75,1,41.1295,0,1,0.0,4.0,29.112,0,39.1755,0,0,-0.1362,-3.0,-0.6380000000000017,-1.0,-1.9540000000000006,0.0,-1.0
semi,run_1661,0.0,3.0,28.993,0,40.9243,0,0,0.0,0.0,28.579,0,35.8236,0,0,0.0,-3.0,-0.4139999999999979,0.0,-5.100700000000003,0.0,0.0
semi,run_1662,0.1089,6.0,29.575,0,136.4986,0,0,0.0,4.0,29.076,0,134.9206,0,0,-0.1089,-2.0,-0.4989999999999988,0.0,-1.578000000000003,0.0,0.0
semi,run_1663,0.1089,8.0,29.785,0,103.5827,0,0,0.0545,4.0,29.202,0,102.6374,0,0,-0.0544,-4.0,-0.5829999999999984,0.0,-0.9453000000000031,0.0,0.0
semi,run_1664,0.2179,10.0,29.862,2,47.4157,0,2,0.0817,5.0,29.325,1,41.3631,0,1,-0.13620000000000002,-5.0,-0.536999999999999,-1.0,-6.052599999999998,0.0,-1.0
semi,run_1665,0.3813,13.0,30.581,1,97.3366,0,1,0.1634,8.0,29.8,1,99.3269,0,1,-0.21789999999999998,-5.0,-0.7809999999999988,0.0,1.9902999999999906,0.0,0.0
semi,run_1666,0.0545,4.0,29.404,0,59.6683,0,0,0.0,3.0,28.913,0,55.28,0,0,-0.0545,-1.0,-0.49099999999999966,0.0,-4.388300000000001,0.0,0.0
semi,run_1667,0.0,5.0,29.248,3,25.541,0,3,0.0,0.0,28.795,1,25.1896,0,1,0.0,-5.0,-0.4529999999999994,-2.0,-0.3514000000000017,0.0,-2.0
semi,run_1668,0.0,6.0,29.43,5,46.8812,0,5,0.0,0.0,29.035,3,46.9175,0,3,0.0,-6.0,-0.3949999999999996,-2.0,0.03629999999999711,0.0,-2.0
semi,run_1669,0.1906,10.0,30.008,0,182.9651,0,1,0.0817,5.0,29.456,0,175.108,0,0,-0.1089,-5.0,-0.5519999999999996,0.0,-7.857100000000003,0.0,-1.0
semi,run_1670,0.0,3.0,28.969,0,40.4119,0,0,0.0,1.0,28.641,0,37.8455,0,0,0.0,-2.0,-0.32800000000000296,0.0,-2.5664000000000016,0.0,0.0
semi,run_1671,0.0545,5.0,29.206,0,47.0524,0,0,0.0,2.0,28.748,0,47.065,0,0,-0.0545,-3.0,-0.4579999999999984,0.0,0.012599999999999056,0.0,0.0
semi,run_1672,0.1089,8.0,29.71,0,84.8674,0,0,0.0545,4.0,29.208,0,87.1219,0,0,-0.0544,-4.0,-0.5020000000000024,0.0,2.254499999999993,0.0,0.0
semi,run_1673,0.0817,5.0,29.425,2,25.3742,0,2,0.0,4.0,28.966,2,24.885,0,2,-0.0817,-1.0,-0.45899999999999963,0.0,-0.48919999999999675,0.0,0.0
semi,run_1674,0.0817,5.0,29.396,0,59.6482,0,0,0.0,3.0,28.98,0,56.1533,0,0,-0.0817,-2.0,-0.41600000000000037,0.0,-3.4949000000000012,0.0,0.0
semi,run_1675,0.2451,11.0,30.049,2,29.2109,0,2,0.1089,6.0,29.498,2,28.3016,0,2,-0.13620000000000002,-5.0,-0.5509999999999984,0.0,-0.9092999999999982,0.0,0.0
semi,run_1676,0.0,3.0,28.899,0,34.1627,0,0,0.0,0.0,28.544,0,32.815,0,0,0.0,-3.0,-0.3550000000000004,0.0,-1.3477000000000032,0.0,0.0
semi,run_1677,0.1089,10.0,29.667,0,198.7691,0,0,0.0817,5.0,29.372,0,173.3928,0,0,-0.027200000000000002,-5.0,-0.2950000000000017,0.0,-25.376300000000015,0.0,0.0
semi,run_1678,0.0817,5.0,29.471,0,127.2961,0,0,0.0,3.0,29.004,0,114.8825,0,0,-0.0817,-2.0,-0.46699999999999875,0.0,-12.413600000000002,0.0,0.0
semi,run_1679,0.0,4.0,29.108,9,27.9766,0,9,0.0,0.0,28.696,3,27.8824,0,3,0.0,-4.0,-0.41199999999999903,-6.0,-0.09420000000000073,0.0,-6.0
semi,run_1680,0.0272,4.0,29.272,0,49.8657,0,0,0.0,0.0,28.747,0,47.7273,0,0,-0.0272,-4.0,-0.5249999999999986,0.0,-2.138399999999997,0.0,0.0
semi,run_1681,0.463,13.0,30.532,1,76.553,0,1,0.1634,8.0,29.81,1,78.0388,0,1,-0.29960000000000003,-5.0,-0.7220000000000013,0.0,1.4857999999999976,0.0,0.0
semi,run_1682,0.0545,5.0,29.28,0,42.4612,0,0,0.0,3.0,28.832,0,41.9836,0,0,-0.0545,-2.0,-0.4480000000000004,0.0,-0.47759999999999536,0.0,0.0
semi,run_1683,0.463,13.0,30.354,6,45.2224,0,10,0.1634,6.0,29.773,4,46.5018,0,9,-0.29960000000000003,-7.0,-0.5809999999999995,-2.0,1.2794000000000025,0.0,-1.0
semi,run_1684,0.0545,4.0,29.299,0,76.2385,0,0,0.0,3.0,28.961,0,67.1269,0,0,-0.0545,-1.0,-0.33800000000000097,0.0,-9.111599999999996,0.0,0.0
semi,run_1685,0.0545,4.0,29.215,0,47.2827,0,0,0.0,2.0,28.769,0,41.9603,0,0,-0.0545,-2.0,-0.4460000000000015,0.0,-5.322400000000002,0.0,0.0
semi,run_1686,0.0817,5.0,29.597,0,69.3571,0,0,0.0272,4.0,29.19,0,65.7605,0,0,-0.05449999999999999,-1.0,-0.40700000000000003,0.0,-3.5966000000000093,0.0,0.0
semi,run_1687,0.0545,4.0,29.346,0,57.1425,0,0,0.0,3.0,28.896,0,54.6754,0,0,-0.0545,-1.0,-0.4499999999999993,0.0,-2.467099999999995,0.0,0.0
semi,run_1688,0.1089,6.0,29.591,0,102.195,0,0,0.0545,4.0,29.238,0,90.1,0,0,-0.0544,-2.0,-0.35300000000000153,0.0,-12.094999999999999,0.0,0.0
semi,run_1689,0.0545,5.0,29.235,0,55.0455,0,0,0.0,3.0,28.818,0,47.0465,0,0,-0.0545,-2.0,-0.41699999999999804,0.0,-7.998999999999995,0.0,0.0
semi,run_1690,0.1906,6.0,29.867,2,43.0572,0,2,0.0,5.0,29.347,2,42.599,0,2,-0.1906,-1.0,-0.5199999999999996,0.0,-0.45820000000000505,0.0,0.0
semi,run_1691,0.0817,6.0,29.438,0,40.5039,0,0,0.0,5.0,29.028,1,39.7913,0,1,-0.0817,-1.0,-0.41000000000000014,1.0,-0.7126000000000019,0.0,1.0
semi,run_1692,0.0,3.0,29.094,2,31.4394,0,2,0.0,0.0,28.671,0,30.5717,0,0,0.0,-3.0,-0.4230000000000018,-2.0,-0.8676999999999992,0.0,-2.0
semi,run_1693,0.2451,11.0,30.096,1,115.7784,0,1,0.1089,8.0,29.66,1,104.0958,0,1,-0.13620000000000002,-3.0,-0.43599999999999994,0.0,-11.682600000000008,0.0,0.0
semi,run_1694,0.817,17.0,30.953,12,179.6841,0,104,0.4357,11.0,30.282,15,191.9716,0,129,-0.3813,-6.0,-0.6709999999999994,3.0,12.287499999999994,0.0,25.0
semi,run_1695,0.0,0.0,28.585,2,28.1092,0,2,0.0,0.0,28.037,0,27.7833,0,0,0.0,0.0,-0.5480000000000018,-2.0,-0.32590000000000074,0.0,-2.0
semi,run_1696,0.0545,4.0,29.256,0,52.6975,0,0,0.0,0.0,28.818,0,52.341,0,0,-0.0545,-4.0,-0.43799999999999883,0.0,-0.35649999999999693,0.0,0.0
semi,run_1697,0.2179,7.0,29.802,2,48.8634,0,2,0.0,5.0,29.331,1,44.6147,0,1,-0.2179,-2.0,-0.4710000000000001,-1.0,-4.2486999999999995,0.0,-1.0
semi,run_1698,0.2723,11.0,30.246,2,76.7496,0,2,0.1634,7.0,29.798,3,78.111,0,3,-0.1089,-4.0,-0.4480000000000004,1.0,1.3614000000000033,0.0,1.0
semi,run_1699,0.1089,8.0,29.843,0,87.4919,0,0,0.0545,5.0,29.341,0,87.2708,0,0,-0.0544,-3.0,-0.5019999999999989,0.0,-0.22110000000000696,0.0,0.0
semi,run_1700,0.2451,10.0,29.968,0,60.9614,0,0,0.1089,6.0,29.494,0,55.72,0,0,-0.13620000000000002,-4.0,-0.4740000000000002,0.0,-5.241399999999999,0.0,0.0
semi,run_1701,0.1362,8.0,29.77,1,88.1088,0,1,0.0545,5.0,29.275,1,82.3927,0,1,-0.0817,-3.0,-0.495000000000001,0.0,-5.716099999999997,0.0,0.0
semi,run_1702,0.0817,5.0,29.562,1,55.7087,0,1,0.0,5.0,29.099,1,54.1154,0,1,-0.0817,0.0,-0.46300000000000097,0.0,-1.5932999999999993,0.0,0.0
semi,run_1703,0.3268,11.0,30.311,1,151.4238,0,1,0.2451,10.0,29.974,2,159.1371,0,4,-0.08169999999999997,-1.0,-0.33699999999999974,1.0,7.713300000000004,0.0,3.0
semi,run_1704,0.0545,6.0,29.62,4,57.2091,0,4,0.0,1.0,29.194,2,57.1805,0,2,-0.0545,-5.0,-0.42600000000000193,-2.0,-0.028599999999997294,0.0,-2.0
semi,run_1705,0.0817,5.0,29.424,2,39.6443,0,2,0.0,3.0,28.891,1,39.1196,0,1,-0.0817,-2.0,-0.5330000000000013,-1.0,-0.5247000000000028,0.0,-1.0
semi,run_1706,0.1906,9.0,29.982,0,45.4261,0,0,0.0817,5.0,29.394,0,42.8132,0,0,-0.1089,-4.0,-0.588000000000001,0.0,-2.6128999999999962,0.0,0.0
semi,run_1707,0.0,0.0,28.682,0,27.5507,0,0,0.0,0.0,28.223,0,24.1259,0,0,0.0,0.0,-0.45899999999999963,0.0,-3.4247999999999976,0.0,0.0
semi,run_1708,0.1906,9.0,29.95,0,171.0236,0,0,0.0817,5.0,29.414,0,166.762,0,0,-0.1089,-4.0,-0.5359999999999978,0.0,-4.261599999999987,0.0,0.0
semi,run_1709,0.1362,6.0,29.632,1,45.0971,0,1,0.0,4.0,29.042,0,44.9453,0,0,-0.1362,-2.0,-0.5899999999999999,-1.0,-0.15179999999999438,0.0,-1.0
semi,run_1710,0.1906,10.0,30.014,2,237.5971,0,3,0.0817,5.0,29.585,1,216.254,0,1,-0.1089,-5.0,-0.4289999999999985,-1.0,-21.34310000000002,0.0,-2.0
semi,run_1711,0.1089,6.0,29.564,0,64.9191,0,0,0.0,4.0,29.246,0,63.4915,0,0,-0.1089,-2.0,-0.3180000000000014,0.0,-1.4275999999999982,0.0,0.0
semi,run_1712,0.0545,4.0,29.254,0,64.7224,0,0,0.0,2.0,28.84,0,56.1923,0,0,-0.0545,-2.0,-0.4140000000000015,0.0,-8.53009999999999,0.0,0.0
semi,run_1713,0.0272,5.0,29.216,2,23.9948,0,2,0.0,0.0,28.785,0,22.4846,0,0,-0.0272,-5.0,-0.43100000000000094,-2.0,-1.510200000000001,0.0,-2.0
semi,run_1714,0.1089,5.0,29.623,0,73.245,0,0,0.0272,4.0,29.164,0,68.5811,0,0,-0.0817,-1.0,-0.45899999999999963,0.0,-4.663899999999998,0.0,0.0
semi,run_1715,0.1089,6.0,29.723,6,14.0109,0,6,0.0,4.0,29.118,9,14.0146,0,9,-0.1089,-2.0,-0.6050000000000004,3.0,0.0037000000000002586,0.0,3.0
semi,run_1716,0.3268,11.0,30.241,1,98.8688,0,1,0.1089,6.0,29.632,1,96.8931,0,1,-0.21789999999999998,-5.0,-0.6089999999999982,0.0,-1.9756999999999891,0.0,0.0
semi,run_1717,0.1089,7.0,29.608,0,109.5491,0,0,0.0545,5.0,29.27,0,93.3361,0,0,-0.0544,-2.0,-0.33800000000000097,0.0,-16.212999999999994,0.0,0.0
semi,run_1718,0.0,0.0,28.694,0,27.6003,0,0,0.0,0.0,28.239,0,24.7506,0,0,0.0,0.0,-0.4549999999999983,0.0,-2.849700000000002,0.0,0.0
semi,run_1719,0.0272,4.0,29.333,0,65.8821,0,5,0.0,0.0,28.819,0,54.73,0,2,-0.0272,-4.0,-0.5139999999999993,0.0,-11.152099999999997,0.0,-3.0
semi,run_1720,0.2723,11.0,30.088,0,101.7805,0,0,0.0817,5.0,29.395,0,100.434,0,0,-0.1906,-6.0,-0.6930000000000014,0.0,-1.346500000000006,0.0,0.0
semi,run_1721,0.1089,7.0,29.707,0,94.7434,0,0,0.0817,5.0,29.386,0,83.2734,0,0,-0.027200000000000002,-2.0,-0.3210000000000015,0.0,-11.469999999999999,0.0,0.0
semi,run_1722,0.0817,5.0,29.413,0,39.0056,0,0,0.0,3.0,28.992,1,40.9095,0,1,-0.0817,-2.0,-0.4209999999999994,1.0,1.9039000000000001,0.0,1.0
semi,run_1723,0.0545,5.0,29.288,3,37.517,0,3,0.0,0.0,28.817,2,37.572,0,2,-0.0545,-5.0,-0.4710000000000001,-1.0,0.054999999999999716,0.0,-1.0
semi,run_1724,0.0272,4.0,29.374,2,19.0335,0,2,0.0,0.0,28.789,1,18.3145,0,1,-0.0272,-4.0,-0.5849999999999973,-1.0,-0.7190000000000012,0.0,-1.0
semi,run_1725,0.0,2.0,28.665,0,30.5339,0,0,0.0,0.0,28.322,0,27.4166,0,0,0.0,-2.0,-0.34299999999999997,0.0,-3.1173,0.0,0.0
semi,run_1726,0.1634,9.0,29.786,2,30.7883,0,2,0.0,5.0,29.253,2,30.0037,0,2,-0.1634,-4.0,-0.5330000000000013,0.0,-0.7846000000000011,0.0,0.0
semi,run_1727,0.0545,4.0,29.245,0,48.6983,0,0,0.0,3.0,28.955,0,44.8374,0,0,-0.0545,-1.0,-0.2900000000000027,0.0,-3.860900000000001,0.0,0.0
semi,run_1728,0.5447,12.0,30.605,4,316.4397,0,5,0.2451,11.0,30.061,1,338.6626,0,2,-0.2996,-1.0,-0.5440000000000005,-3.0,22.22289999999998,0.0,-3.0
semi,run_1729,0.354,12.0,30.466,0,207.216,0,0,0.1906,10.0,30.01,1,186.3623,0,1,-0.1634,-2.0,-0.4559999999999995,1.0,-20.853700000000003,0.0,1.0
semi,run_1730,0.0817,5.0,29.335,0,57.4582,0,0,0.0,3.0,28.962,0,54.2386,0,0,-0.0817,-2.0,-0.3730000000000011,0.0,-3.2196,0.0,0.0
semi,run_1731,0.0545,4.0,29.197,0,44.6107,0,0,0.0,0.0,28.755,0,42.3955,0,0,-0.0545,-4.0,-0.44200000000000017,0.0,-2.215200000000003,0.0,0.0
semi,run_1732,0.5991,17.0,30.704,2,286.1539,0,6,0.3813,12.0,30.255,2,301.3008,0,13,-0.2178,-5.0,-0.4490000000000016,0.0,15.14689999999996,0.0,7.0
semi,run_1733,0.3268,10.0,30.091,6,17.4823,0,6,0.0817,5.0,29.478,10,17.3828,0,10,-0.24509999999999998,-5.0,-0.6129999999999995,4.0,-0.09949999999999903,0.0,4.0
semi,run_1734,0.0817,6.0,29.44,0,78.1976,0,0,0.0,4.0,29.033,0,75.9877,0,0,-0.0817,-2.0,-0.40700000000000003,0.0,-2.2098999999999904,0.0,0.0
semi,run_1735,0.1362,10.0,29.916,0,180.6329,0,0,0.0817,5.0,29.423,0,174.8729,0,0,-0.05449999999999999,-5.0,-0.4930000000000021,0.0,-5.760000000000019,0.0,0.0
semi,run_1736,0.1362,9.0,29.855,0,70.5131,0,0,0.0817,5.0,29.363,1,69.447,0,1,-0.05449999999999999,-4.0,-0.4920000000000009,1.0,-1.0660999999999916,0.0,1.0
semi,run_1737,0.0,0.0,28.61,0,31.0155,0,0,0.0,0.0,27.917,0,30.4635,0,0,0.0,0.0,-0.6929999999999978,0.0,-0.5519999999999996,0.0,0.0
semi,run_1738,0.7353,18.0,30.935,3,83.2785,0,3,0.3813,13.0,30.283,5,88.1665,0,5,-0.354,-5.0,-0.6519999999999975,2.0,4.888000000000005,0.0,2.0
semi,run_1739,0.0,4.0,29.115,1,34.4982,0,1,0.0,0.0,28.656,0,34.0523,0,0,0.0,-4.0,-0.45899999999999963,-1.0,-0.44589999999999463,0.0,-1.0
semi,run_1740,0.2723,9.0,29.902,1,41.9834,0,1,0.0545,7.0,29.404,1,37.3528,0,1,-0.2178,-2.0,-0.4980000000000011,0.0,-4.630600000000001,0.0,0.0
semi,run_1741,0.0817,5.0,29.501,0,113.0675,0,0,0.0,3.0,28.827,0,106.2347,0,0,-0.0817,-2.0,-0.6739999999999995,0.0,-6.832799999999992,0.0,0.0
semi,run_1742,0.0272,4.0,29.158,0,44.4063,0,0,0.0,2.0,28.732,0,44.5785,0,0,-0.0272,-2.0,-0.42600000000000193,0.0,0.17219999999999658,0.0,0.0
semi,run_1743,0.0,3.0,29.07,3,21.3854,0,3,0.0,0.0,28.571,2,21.3777,0,2,0.0,-3.0,-0.4989999999999988,-1.0,-0.007699999999999818,0.0,-1.0
semi,run_1744,0.0,0.0,28.885,4,17.516,0,4,0.0,0.0,28.182,1,17.214,0,1,0.0,0.0,-0.703000000000003,-3.0,-0.3019999999999996,0.0,-3.0
semi,run_1745,0.7625,15.0,30.784,1,276.9723,0,1,0.463,14.0,30.578,1,274.38,0,1,-0.29949999999999993,-1.0,-0.20599999999999952,0.0,-2.592300000000023,0.0,0.0
semi,run_1746,0.0817,5.0,29.47,2,35.5507,0,2,0.0,3.0,29.017,1,33.6401,0,1,-0.0817,-2.0,-0.4529999999999994,-1.0,-1.9106000000000023,0.0,-1.0
semi,run_1747,0.1362,10.0,29.912,1,68.9024,0,1,0.0817,5.0,29.398,1,67.2618,0,1,-0.05449999999999999,-5.0,-0.5139999999999993,0.0,-1.6406000000000063,0.0,0.0
semi,run_1748,0.5719,14.0,30.54,3,89.7159,0,4,0.2723,11.0,29.945,5,85.8732,0,5,-0.2996,-3.0,-0.5949999999999989,2.0,-3.8427000000000078,0.0,1.0
semi,run_1749,0.0817,5.0,29.365,0,40.6772,0,0,0.0,3.0,28.85,0,39.3105,0,0,-0.0817,-2.0,-0.514999999999997,0.0,-1.3667000000000016,0.0,0.0
semi,run_1750,0.1089,8.0,29.733,0,101.9935,0,0,0.0545,4.0,29.177,0,99.6362,0,0,-0.0544,-4.0,-0.5560000000000009,0.0,-2.357299999999995,0.0,0.0
semi,run_1751,0.0,2.0,28.756,0,24.248,0,0,0.0,0.0,28.326,0,23.4808,0,0,0.0,-2.0,-0.4299999999999997,0.0,-0.7672000000000025,0.0,0.0
semi,run_1752,0.1089,8.0,29.748,0,91.6027,0,0,0.0545,4.0,29.323,0,92.438,0,0,-0.0544,-4.0,-0.4250000000000007,0.0,0.8353000000000037,0.0,0.0
semi,run_1753,0.0545,5.0,29.389,2,30.6662,0,2,0.0,0.0,28.935,0,29.976,0,0,-0.0545,-5.0,-0.4540000000000006,-2.0,-0.6902000000000008,0.0,-2.0
semi,run_1754,0.8715,19.0,30.918,2,126.7122,0,2,0.4357,14.0,30.324,4,119.4518,0,4,-0.4358000000000001,-5.0,-0.5939999999999976,2.0,-7.26039999999999,0.0,2.0
semi,run_1755,0.0545,5.0,29.351,0,40.8572,0,0,0.0,3.0,28.828,0,40.7496,0,0,-0.0545,-2.0,-0.5229999999999997,0.0,-0.10759999999999792,0.0,0.0
semi,run_1756,0.1089,8.0,29.652,0,91.9639,0,0,0.0545,5.0,29.235,0,82.6204,0,0,-0.0544,-3.0,-0.4170000000000016,0.0,-9.343499999999992,0.0,0.0
semi,run_1757,0.4085,12.0,30.311,3,244.9104,0,4,0.1906,9.0,29.803,1,231.668,0,1,-0.21789999999999998,-3.0,-0.5079999999999991,-2.0,-13.242400000000004,0.0,-3.0
semi,run_1758,0.0272,4.0,29.167,0,60.3803,0,0,0.0,2.0,28.742,0,51.5197,0,0,-0.0272,-2.0,-0.4250000000000007,0.0,-8.860599999999998,0.0,0.0
semi,run_1759,0.0817,5.0,29.352,2,30.0297,0,2,0.0,2.0,28.831,2,29.9213,0,2,-0.0817,-3.0,-0.5210000000000008,0.0,-0.10839999999999961,0.0,0.0
semi,run_1760,0.0,4.0,29.106,2,30.4744,0,2,0.0,0.0,28.639,0,28.7631,0,0,0.0,-4.0,-0.4670000000000023,-2.0,-1.7112999999999978,0.0,-2.0
semi,run_1761,0.0817,5.0,29.436,1,51.7002,0,1,0.0,3.0,29.003,1,51.4891,0,1,-0.0817,-2.0,-0.43299999999999983,0.0,-0.21110000000000184,0.0,0.0
semi,run_1762,0.1089,7.0,29.75,0,77.2274,0,0,0.0545,5.0,29.28,0,71.4333,0,0,-0.0544,-2.0,-0.46999999999999886,0.0,-5.7941,0.0,0.0
semi,run_1763,1.2527,21.0,31.171,10,161.8619,0,68,0.8442,15.0,30.603,22,160.8546,0,146,-0.4085,-6.0,-0.5679999999999978,12.0,-1.0072999999999865,0.0,78.0
semi,run_1764,0.1089,7.0,29.641,2,41.8811,0,2,0.0,5.0,29.163,1,38.0523,0,1,-0.1089,-2.0,-0.477999999999998,-1.0,-3.828800000000001,0.0,-1.0
semi,run_1765,0.0817,5.0,29.312,0,51.4078,0,0,0.0,3.0,28.844,0,51.3838,0,0,-0.0817,-2.0,-0.46799999999999997,0.0,-0.02400000000000091,0.0,0.0
semi,run_1766,0.0817,6.0,29.477,0,84.8437,0,0,0.0,3.0,28.958,0,78.6839,0,0,-0.0817,-3.0,-0.5190000000000019,0.0,-6.159800000000004,0.0,0.0
semi,run_1767,0.0817,5.0,29.467,0,70.2668,0,0,0.0,3.0,28.983,0,69.0822,0,0,-0.0817,-2.0,-0.4839999999999982,0.0,-1.1846000000000032,0.0,0.0
semi,run_1768,0.2179,11.0,29.925,5,35.3139,0,5,0.1089,5.0,29.395,3,34.7047,0,3,-0.10900000000000001,-6.0,-0.5300000000000011,-2.0,-0.6091999999999942,0.0,-2.0
semi,run_1769,0.0,5.0,29.109,0,29.0815,0,0,0.0,0.0,28.628,0,27.6736,0,0,0.0,-5.0,-0.48100000000000165,0.0,-1.407899999999998,0.0,0.0
semi,run_1770,0.5174,13.0,30.333,4,28.8784,0,4,0.1362,10.0,29.799,5,27.4763,0,6,-0.3812,-3.0,-0.5339999999999989,1.0,-1.4021000000000008,0.0,2.0
semi,run_1771,0.8715,18.0,30.939,2,61.7432,0,2,0.7081,14.0,30.518,3,57.4783,0,3,-0.1634000000000001,-4.0,-0.4209999999999994,1.0,-4.264900000000004,0.0,1.0
semi,run_1772,0.1089,5.0,29.612,0,78.2835,0,0,0.0545,4.0,29.166,0,71.1184,0,0,-0.0544,-1.0,-0.44599999999999795,0.0,-7.16510000000001,0.0,0.0
semi,run_1773,0.0,3.0,28.875,0,35.8154,0,0,0.0,0.0,28.462,0,30.7353,0,0,0.0,-3.0,-0.41300000000000026,0.0,-5.080099999999998,0.0,0.0
semi,run_1774,0.0545,5.0,29.358,0,90.1089,0,0,0.0,2.0,28.852,0,76.9251,0,0,-0.0545,-3.0,-0.5060000000000002,0.0,-13.183800000000005,0.0,0.0
semi,run_1775,0.0545,5.0,29.323,17,39.6982,0,17,0.0,1.0,28.753,9,39.6101,0,9,-0.0545,-4.0,-0.5700000000000003,-8.0,-0.08809999999999718,0.0,-8.0
semi,run_1776,0.1089,5.0,29.456,2,28.5825,0,2,0.0,3.0,28.981,1,25.8999,0,1,-0.1089,-2.0,-0.47499999999999787,-1.0,-2.6826000000000008,0.0,-1.0
semi,run_1777,0.817,15.0,30.635,2,70.2899,0,2,0.3268,10.0,30.021,4,68.8926,0,4,-0.49019999999999997,-5.0,-0.6140000000000008,2.0,-1.3973000000000013,0.0,2.0
semi,run_1778,0.0,0.0,28.633,0,13.5019,0,0,0.0,0.0,28.257,1,13.6369,0,1,0.0,0.0,-0.37599999999999767,1.0,0.13500000000000156,0.0,1.0
semi,run_1779,0.0,3.0,29.008,0,32.5379,0,0,0.0,0.0,28.517,0,32.5571,0,0,0.0,-3.0,-0.49099999999999966,0.0,0.019199999999997885,0.0,0.0
semi,run_1780,0.0,0.0,28.623,0,29.8014,0,0,0.0,0.0,28.233,0,27.9221,0,0,0.0,0.0,-0.39000000000000057,0.0,-1.8793000000000006,0.0,0.0
semi,run_1781,0.2179,11.0,30.152,0,155.9568,0,0,0.1362,10.0,29.879,0,135.5429,0,0,-0.08170000000000002,-1.0,-0.2729999999999997,0.0,-20.413899999999984,0.0,0.0
semi,run_1782,0.0545,4.0,29.2,0,40.3873,0,0,0.0,1.0,28.675,0,39.8046,0,0,-0.0545,-3.0,-0.5249999999999986,0.0,-0.5827000000000027,0.0,0.0
semi,run_1783,0.0545,6.0,29.347,0,94.7259,0,0,0.0,4.0,29.062,0,83.9639,0,0,-0.0545,-2.0,-0.28500000000000014,0.0,-10.762,0.0,0.0
semi,run_1784,0.0,3.0,28.967,2,13.0831,0,2,0.0,0.0,28.477,1,13.1642,0,1,0.0,-3.0,-0.48999999999999844,-1.0,0.08109999999999928,0.0,-1.0
semi,run_1785,0.0,3.0,29.03,2,28.4876,0,2,0.0,0.0,28.61,0,28.2181,0,0,0.0,-3.0,-0.4200000000000017,-2.0,-0.26950000000000074,0.0,-2.0
semi,run_1786,0.0,2.0,28.744,0,29.9303,0,0,0.0,0.0,28.318,0,26.4874,0,0,0.0,-2.0,-0.4259999999999984,0.0,-3.442899999999998,0.0,0.0
semi,run_1787,0.0,4.0,29.272,0,33.5956,0,0,0.0,0.0,28.707,0,30.5923,0,0,0.0,-4.0,-0.5649999999999977,0.0,-3.003299999999996,0.0,0.0
semi,run_1788,0.1634,9.0,29.96,1,66.1901,0,1,0.0817,5.0,29.352,1,66.371,0,1,-0.0817,-4.0,-0.6080000000000005,0.0,0.18089999999999407,0.0,0.0
semi,run_1789,0.6536,17.0,30.686,3,279.1728,0,5,0.4085,14.0,30.407,3,279.9791,0,12,-0.24509999999999998,-3.0,-0.2789999999999999,0.0,0.8063000000000216,0.0,7.0
semi,run_1790,0.0817,5.0,29.522,0,55.3121,0,0,0.0,3.0,29.043,0,55.2351,0,0,-0.0817,-2.0,-0.4789999999999992,0.0,-0.07699999999999818,0.0,0.0
semi,run_1791,0.0545,4.0,29.416,0,71.5429,0,0,0.0,3.0,28.875,0,71.6742,0,0,-0.0545,-1.0,-0.5410000000000004,0.0,0.13129999999999598,0.0,0.0
semi,run_1792,0.8442,17.0,30.891,2,92.8723,0,2,0.3268,11.0,30.161,2,87.9179,0,2,-0.5174,-6.0,-0.7299999999999969,0.0,-4.954399999999993,0.0,0.0
semi,run_1793,0.0545,4.0,29.497,0,67.0506,0,0,0.0,3.0,29.124,0,63.6191,0,0,-0.0545,-1.0,-0.3730000000000011,0.0,-3.4314999999999998,0.0,0.0
semi,run_1794,0.0545,4.0,29.385,0,72.9364,0,0,0.0,2.0,28.926,0,70.9502,0,0,-0.0545,-2.0,-0.4590000000000032,0.0,-1.9862000000000108,0.0,0.0
semi,run_1795,0.9259,15.0,30.65,8,30.0662,0,8,0.4085,14.0,30.099,12,29.0978,0,12,-0.5174,-1.0,-0.5509999999999984,4.0,-0.968399999999999,0.0,4.0
semi,run_1796,0.0272,4.0,29.175,0,50.9023,0,0,0.0,0.0,28.725,0,46.4139,0,0,-0.0272,-4.0,-0.4499999999999993,0.0,-4.488399999999999,0.0,0.0
semi,run_1797,0.5447,15.0,30.652,1,172.4001,0,1,0.2451,10.0,30.016,2,169.8608,0,2,-0.2996,-5.0,-0.6360000000000028,1.0,-2.5392999999999972,0.0,1.0
semi,run_1798,0.0817,5.0,29.578,0,48.0713,0,0,0.0545,5.0,29.204,1,44.245,0,1,-0.027199999999999995,0.0,-0.3739999999999988,1.0,-3.8263000000000034,0.0,1.0
semi,run_1799,0.0,1.0,28.712,0,28.0687,0,0,0.0,0.0,28.273,0,27.5234,0,0,0.0,-1.0,-0.43900000000000006,0.0,-0.545300000000001,0.0,0.0
semi,run_1800,0.0817,6.0,29.6,0,84.7869,0,0,0.0,4.0,29.251,0,80.505,0,0,-0.0817,-2.0,-0.3490000000000002,0.0,-4.281900000000007,0.0,0.0
semi,run_1801,0.1089,6.0,29.632,0,90.1005,0,0,0.0545,5.0,29.26,0,83.1004,0,0,-0.0544,-1.0,-0.3719999999999999,0.0,-7.000100000000003,0.0,0.0
semi,run_1802,0.0,2.0,28.755,0,23.6488,0,0,0.0,0.0,28.315,0,23.0602,0,0,0.0,-2.0,-0.4399999999999977,0.0,-0.5886000000000031,0.0,0.0
semi,run_1803,0.0817,5.0,29.555,2,22.5273,0,2,0.0,3.0,29.052,1,22.15,0,1,-0.0817,-2.0,-0.5030000000000001,-1.0,-0.37730000000000175,0.0,-1.0
semi,run_1804,0.1089,6.0,29.521,1,32.8661,0,1,0.0,3.0,29.015,0,31.6508,0,0,-0.1089,-3.0,-0.5060000000000002,-1.0,-1.2153000000000027,0.0,-1.0
semi,run_1805,0.2179,9.0,29.822,1,79.0909,0,1,0.0817,5.0,29.377,1,75.4047,0,1,-0.13620000000000002,-4.0,-0.4450000000000003,0.0,-3.6861999999999995,0.0,0.0
semi,run_1806,0.0,0.0,28.87,0,42.5508,0,0,0.0,0.0,28.47,0,41.2478,0,0,0.0,0.0,-0.40000000000000213,0.0,-1.3030000000000044,0.0,0.0
semi,run_1807,0.0545,5.0,29.267,0,56.625,0,0,0.0,3.0,28.846,0,55.5113,0,0,-0.0545,-2.0,-0.4209999999999994,0.0,-1.1137000000000015,0.0,0.0
semi,run_1808,0.9804,20.0,31.01,3,91.4652,0,3,0.7625,18.0,30.775,4,92.7622,0,4,-0.2179000000000001,-2.0,-0.23500000000000298,1.0,1.2970000000000113,0.0,1.0
semi,run_1809,0.0,4.0,29.047,0,35.7347,0,0,0.0,0.0,28.565,0,34.2426,0,0,0.0,-4.0,-0.4819999999999993,0.0,-1.4920999999999935,0.0,0.0
semi,run_1810,0.2451,10.0,29.952,4,23.7446,0,4,0.0,5.0,29.377,2,23.484,0,2,-0.2451,-5.0,-0.5750000000000028,-2.0,-0.2605999999999966,0.0,-2.0
semi,run_1811,0.2451,10.0,30.079,1,67.4327,0,1,0.0817,5.0,29.531,1,71.1002,0,1,-0.16340000000000002,-5.0,-0.5480000000000018,0.0,3.667500000000004,0.0,0.0
semi,run_1812,0.1089,5.0,29.484,2,22.9567,0,2,0.0,4.0,28.891,2,22.3132,0,2,-0.1089,-1.0,-0.5930000000000035,0.0,-0.6435000000000031,0.0,0.0
semi,run_1813,0.0,4.0,29.069,0,43.3691,0,0,0.0,2.0,28.647,0,43.7759,0,0,0.0,-2.0,-0.4220000000000006,0.0,0.40679999999999694,0.0,0.0
semi,run_1814,0.0,4.0,29.111,0,63.6344,0,0,0.0,2.0,28.738,0,58.8907,0,0,0.0,-2.0,-0.3730000000000011,0.0,-4.743699999999997,0.0,0.0
semi,run_1815,0.0272,5.0,29.285,2,27.0753,0,2,0.0,2.0,28.797,1,26.4616,0,1,-0.0272,-3.0,-0.48799999999999955,-1.0,-0.6136999999999979,0.0,-1.0
semi,run_1816,0.2451,10.0,30.148,0,89.4256,0,0,0.0817,5.0,29.586,1,91.0873,0,1,-0.16340000000000002,-5.0,-0.5620000000000012,1.0,1.6616999999999962,0.0,1.0
semi,run_1817,0.354,12.0,30.399,1,98.6584,0,1,0.1362,8.0,29.745,1,99.436,0,1,-0.2178,-4.0,-0.6539999999999999,0.0,0.7776000000000067,0.0,0.0
semi,run_1818,0.2996,11.0,30.249,0,144.6316,0,0,0.1089,9.0,29.727,1,140.3855,0,1,-0.19069999999999998,-2.0,-0.5219999999999985,1.0,-4.246099999999984,0.0,1.0
semi,run_1819,0.0817,5.0,29.494,0,129.6448,0,0,0.0,4.0,29.061,0,122.0675,0,0,-0.0817,-1.0,-0.43299999999999983,0.0,-7.577300000000008,0.0,0.0
semi,run_1820,0.2451,10.0,29.917,0,76.7583,0,0,0.0817,5.0,29.506,1,74.9765,0,1,-0.16340000000000002,-5.0,-0.41100000000000136,1.0,-1.781800000000004,0.0,1.0
semi,run_1821,0.1089,5.0,29.518,0,65.8461,0,0,0.0,3.0,28.963,0,64.1397,0,0,-0.1089,-2.0,-0.5549999999999997,0.0,-1.7064000000000021,0.0,0.0
semi,run_1822,0.2996,11.0,30.084,2,42.9907,0,2,0.1362,7.0,29.685,1,43.0383,0,1,-0.1634,-4.0,-0.3990000000000009,-1.0,0.04760000000000275,0.0,-1.0
semi,run_1823,0.0,3.0,28.816,0,23.7718,0,0,0.0,0.0,28.403,0,23.2579,0,0,0.0,-3.0,-0.41300000000000026,0.0,-0.5138999999999996,0.0,0.0
semi,run_1824,0.2451,11.0,30.266,0,64.3649,0,0,0.1089,6.0,29.694,0,61.4576,0,0,-0.13620000000000002,-5.0,-0.5719999999999992,0.0,-2.9073000000000064,0.0,0.0
semi,run_1825,0.0817,5.0,29.37,0,42.7227,0,0,0.0,3.0,28.905,0,42.2263,0,0,-0.0817,-2.0,-0.46499999999999986,0.0,-0.4964000000000013,0.0,0.0
semi,run_1826,0.0817,7.0,29.627,2,31.8208,0,2,0.0,3.0,29.139,0,28.294,0,0,-0.0817,-4.0,-0.48799999999999955,-2.0,-3.526799999999998,0.0,-2.0
semi,run_1827,0.1089,9.0,29.901,0,108.7795,0,0,0.0817,5.0,29.528,0,111.9843,0,0,-0.027200000000000002,-4.0,-0.3730000000000011,0.0,3.204800000000006,0.0,0.0
semi,run_1828,0.1089,7.0,29.65,0,74.0087,0,0,0.0,4.0,29.103,0,70.5817,0,0,-0.1089,-3.0,-0.546999999999997,0.0,-3.4270000000000067,0.0,0.0
semi,run_1829,0.0,1.0,28.728,0,31.4978,0,0,0.0,0.0,28.256,0,30.7667,0,0,0.0,-1.0,-0.4720000000000013,0.0,-0.7311000000000014,0.0,0.0
semi,run_1830,0.0545,4.0,29.154,0,47.7265,0,0,0.0,2.0,28.77,0,46.8415,0,0,-0.0545,-2.0,-0.38400000000000034,0.0,-0.884999999999998,0.0,0.0
semi,run_1831,0.0545,5.0,29.355,0,115.8544,0,0,0.0,4.0,29.041,0,96.0491,0,0,-0.0545,-1.0,-0.31400000000000006,0.0,-19.805300000000003,0.0,0.0
semi,run_1832,0.2723,11.0,30.127,1,60.2055,0,1,0.0817,5.0,29.549,1,61.1449,0,1,-0.1906,-6.0,-0.5779999999999994,0.0,0.9393999999999991,0.0,0.0
semi,run_1833,0.0,5.0,29.322,4,11.2649,0,4,0.0,0.0,28.791,2,10.7745,0,2,0.0,-5.0,-0.5309999999999988,-2.0,-0.49040000000000106,0.0,-2.0
semi,run_1834,0.0,3.0,29.039,0,30.1601,0,0,0.0,0.0,28.699,0,29.3247,0,0,0.0,-3.0,-0.33999999999999986,0.0,-0.8353999999999999,0.0,0.0
semi,run_1835,0.2451,8.0,30.029,2,35.7526,0,2,0.0,5.0,29.518,2,34.1679,0,2,-0.2451,-3.0,-0.5109999999999992,0.0,-1.584699999999998,0.0,0.0
semi,run_1836,1.0076,18.0,30.941,3,85.4321,0,3,0.5719,15.0,30.551,4,84.3741,0,4,-0.4357000000000001,-3.0,-0.39000000000000057,1.0,-1.058000000000007,0.0,1.0
semi,run_1837,0.0817,6.0,29.617,0,121.9737,0,0,0.0545,5.0,29.3,0,101.9737,0,0,-0.027199999999999995,-1.0,-0.31700000000000017,0.0,-20.0,0.0,0.0
semi,run_1838,0.9804,18.0,30.897,2,264.3855,0,2,0.4357,14.0,30.432,6,256.7739,0,21,-0.5447000000000001,-4.0,-0.46499999999999986,4.0,-7.611599999999953,0.0,19.0
semi,run_1839,0.2179,10.0,29.987,1,89.202,0,1,0.0817,6.0,29.434,1,81.212,0,1,-0.13620000000000002,-4.0,-0.5529999999999973,0.0,-7.989999999999995,0.0,0.0
semi,run_1840,0.2996,13.0,30.42,2,91.7209,0,2,0.2179,9.0,29.947,1,91.7046,0,1,-0.08169999999999997,-4.0,-0.47300000000000253,-1.0,-0.01630000000000109,0.0,-1.0
semi,run_1841,0.1906,9.0,29.928,0,119.1991,0,0,0.0817,5.0,29.42,0,120.4966,0,0,-0.1089,-4.0,-0.5079999999999991,0.0,1.2974999999999994,0.0,0.0
semi,run_1842,0.1362,5.0,29.706,2,57.2096,0,2,0.0,5.0,29.214,2,53.7982,0,2,-0.1362,0.0,-0.4920000000000009,0.0,-3.4114000000000004,0.0,0.0
semi,run_1843,0.0,2.0,28.835,0,39.7462,0,0,0.0,0.0,28.409,0,36.1875,0,0,0.0,-2.0,-0.42600000000000193,0.0,-3.5587000000000018,0.0,0.0
semi,run_1844,0.0,3.0,28.96,0,81.9574,0,0,0.0,0.0,28.598,0,64.782,0,0,0.0,-3.0,-0.3620000000000019,0.0,-17.17540000000001,0.0,0.0
semi,run_1845,0.3813,12.0,30.242,1,162.0714,0,1,0.1362,9.0,29.681,1,146.7607,0,1,-0.24509999999999998,-3.0,-0.5609999999999999,0.0,-15.310699999999997,0.0,0.0
semi,run_1846,0.0272,4.0,29.26,0,82.5246,0,0,0.0,2.0,28.792,0,69.677,0,0,-0.0272,-2.0,-0.46799999999999997,0.0,-12.8476,0.0,0.0
semi,run_1847,0.2451,8.0,29.926,2,33.286,0,2,0.0545,5.0,29.356,2,32.1747,0,2,-0.19060000000000002,-3.0,-0.5699999999999967,0.0,-1.1113,0.0,0.0
semi,run_1848,0.0545,6.0,29.617,2,38.5666,0,2,0.0,3.0,29.173,0,35.1128,0,0,-0.0545,-3.0,-0.4440000000000026,-2.0,-3.453800000000001,0.0,-2.0
semi,run_1849,0.0,2.0,28.757,0,28.7026,0,0,0.0,0.0,28.473,0,27.7686,0,0,0.0,-2.0,-0.2840000000000025,0.0,-0.934000000000001,0.0,0.0
semi,run_1850,0.1089,6.0,29.48,0,60.6196,0,0,0.0,4.0,29.029,0,60.5223,0,0,-0.1089,-2.0,-0.4510000000000005,0.0,-0.09729999999999706,0.0,0.0
semi,run_1851,0.1089,8.0,29.619,0,122.767,0,0,0.0545,7.0,29.353,0,103.4357,0,0,-0.0544,-1.0,-0.26599999999999824,0.0,-19.3313,0.0,0.0
semi,run_1852,0.2451,11.0,30.11,0,199.9733,0,0,0.1089,6.0,29.595,1,196.0912,0,1,-0.13620000000000002,-5.0,-0.5150000000000006,1.0,-3.8821000000000083,0.0,1.0
semi,run_1853,0.0817,5.0,29.317,2,33.4591,0,2,0.0,3.0,28.802,1,31.5705,0,1,-0.0817,-2.0,-0.5150000000000006,-1.0,-1.8886000000000003,0.0,-1.0
semi,run_1854,0.0817,5.0,29.475,0,53.3001,0,0,0.0,3.0,28.937,0,51.8186,0,0,-0.0817,-2.0,-0.5380000000000003,0.0,-1.481499999999997,0.0,0.0
semi,run_1855,0.1089,6.0,29.716,1,54.7168,0,1,0.0817,5.0,29.31,1,49.9633,0,1,-0.027200000000000002,-1.0,-0.40600000000000236,0.0,-4.7535000000000025,0.0,0.0
semi,run_1856,0.5719,14.0,30.628,1,109.9623,0,1,0.354,11.0,30.264,2,104.4279,0,2,-0.21789999999999998,-3.0,-0.36400000000000077,1.0,-5.534400000000005,0.0,1.0
semi,run_1857,0.0817,5.0,29.4,0,62.7503,0,0,0.0,3.0,28.945,0,57.7121,0,0,-0.0817,-2.0,-0.4549999999999983,0.0,-5.038200000000003,0.0,0.0
semi,run_1858,0.2723,11.0,30.157,0,88.0571,0,0,0.1089,5.0,29.569,1,92.6826,0,1,-0.1634,-6.0,-0.588000000000001,1.0,4.625499999999988,0.0,1.0
semi,run_1859,0.0817,5.0,29.627,2,23.2016,0,2,0.0,3.0,29.103,2,22.1332,0,2,-0.0817,-2.0,-0.5239999999999974,0.0,-1.0684000000000005,0.0,0.0
semi,run_1860,0.0,4.0,29.045,0,111.9391,0,0,0.0,2.0,28.72,0,93.3093,0,0,0.0,-2.0,-0.32500000000000284,0.0,-18.629800000000003,0.0,0.0
semi,run_1861,0.3813,12.0,30.345,1,130.318,0,1,0.1362,6.0,29.698,1,124.5458,0,1,-0.24509999999999998,-6.0,-0.6469999999999985,0.0,-5.772200000000012,0.0,0.0
semi,run_1862,0.1089,6.0,29.535,8,15.6994,0,8,0.0,4.0,28.992,4,14.2354,0,4,-0.1089,-2.0,-0.5429999999999993,-4.0,-1.4640000000000004,0.0,-4.0
semi,run_1863,0.2451,10.0,30.059,0,44.6912,0,0,0.1362,7.0,29.633,1,42.8691,0,1,-0.10890000000000002,-3.0,-0.42600000000000193,1.0,-1.822099999999999,0.0,1.0
semi,run_1864,0.0817,5.0,29.485,0,59.2799,0,0,0.0,4.0,29.043,0,53.2079,0,0,-0.0817,-1.0,-0.44200000000000017,0.0,-6.071999999999996,0.0,0.0
semi,run_1865,0.4085,14.0,30.19,5,56.1981,0,5,0.2179,11.0,29.829,2,49.6801,0,2,-0.19059999999999996,-3.0,-0.36100000000000065,-3.0,-6.517999999999994,0.0,-3.0
semi,run_1866,0.4085,13.0,30.637,1,142.8258,0,1,0.1906,10.0,29.934,1,144.2888,0,1,-0.21789999999999998,-3.0,-0.7029999999999994,0.0,1.4630000000000223,0.0,0.0
semi,run_1867,0.1089,5.0,29.691,2,21.0525,0,2,0.0,4.0,29.201,2,20.7121,0,2,-0.1089,-1.0,-0.48999999999999844,0.0,-0.3403999999999989,0.0,0.0
semi,run_1868,0.0,4.0,29.088,0,23.751,0,0,0.0,0.0,28.539,0,23.1967,0,0,0.0,-4.0,-0.5489999999999995,0.0,-0.5543000000000013,0.0,0.0
semi,run_1869,0.0817,5.0,29.424,0,67.809,0,0,0.0,3.0,29.033,0,67.0778,0,0,-0.0817,-2.0,-0.39099999999999824,0.0,-0.7312000000000012,0.0,0.0
semi,run_1870,0.5991,15.0,30.56,1,182.4285,0,1,0.4357,15.0,30.28,1,162.6019,0,1,-0.1634,0.0,-0.2799999999999976,0.0,-19.826600000000013,0.0,0.0
semi,run_1871,0.5174,11.0,30.586,1,233.0332,0,1,0.2179,9.0,29.944,2,230.6027,0,2,-0.2995,-2.0,-0.6419999999999995,1.0,-2.430499999999995,0.0,1.0
semi,run_1872,0.3268,11.0,30.164,0,157.9735,0,0,0.1089,6.0,29.601,0,151.8237,0,0,-0.21789999999999998,-5.0,-0.5630000000000024,0.0,-6.149799999999999,0.0,0.0
semi,run_1873,0.2451,9.0,30.002,2,24.7417,0,2,0.0272,5.0,29.399,3,24.5162,0,3,-0.2179,-4.0,-0.602999999999998,1.0,-0.22550000000000026,0.0,1.0
semi,run_1874,0.0817,5.0,29.472,5,11.6644,0,5,0.0,0.0,28.798,3,10.9746,0,3,-0.0817,-5.0,-0.674000000000003,-2.0,-0.6898,0.0,-2.0
semi,run_1875,0.0545,4.0,29.375,0,49.5512,0,0,0.0,2.0,28.87,0,49.165,0,0,-0.0545,-2.0,-0.504999999999999,0.0,-0.3862000000000023,0.0,0.0
semi,run_1876,0.2451,10.0,30.077,2,51.3772,0,2,0.0817,5.0,29.505,1,48.7735,0,1,-0.16340000000000002,-5.0,-0.5720000000000027,-1.0,-2.6037000000000035,0.0,-1.0
semi,run_1877,0.0817,5.0,29.294,0,33.9843,0,0,0.0,3.0,28.858,0,31.1423,0,0,-0.0817,-2.0,-0.43599999999999994,0.0,-2.8419999999999987,0.0,0.0
semi,run_1878,0.0817,7.0,29.432,0,66.2397,0,0,0.0,4.0,29.073,0,55.7037,0,0,-0.0817,-3.0,-0.3589999999999982,0.0,-10.536000000000001,0.0,0.0
semi,run_1879,0.1089,5.0,29.571,0,62.9784,0,0,0.0,4.0,29.109,0,61.6535,0,0,-0.1089,-1.0,-0.46199999999999974,0.0,-1.3248999999999995,0.0,0.0
semi,run_1880,0.2451,10.0,29.993,1,62.5953,0,1,0.0817,5.0,29.493,1,56.2466,0,1,-0.16340000000000002,-5.0,-0.5,0.0,-6.348700000000001,0.0,0.0
semi,run_1881,0.2451,11.0,30.086,2,89.74,0,2,0.0817,5.0,29.692,1,85.2088,0,1,-0.16340000000000002,-6.0,-0.39399999999999835,-1.0,-4.531199999999998,0.0,-1.0
semi,run_1882,0.0,5.0,29.322,4,12.8268,0,4,0.0,0.0,28.844,1,12.8235,0,1,0.0,-5.0,-0.477999999999998,-3.0,-0.003300000000001191,0.0,-3.0
semi,run_1883,0.1362,11.0,29.964,0,146.9779,0,0,0.1089,7.0,29.577,0,127.7139,0,0,-0.02729999999999999,-4.0,-0.3869999999999969,0.0,-19.26400000000001,0.0,0.0
semi,run_1884,0.6808,13.0,30.587,2,122.4282,0,2,0.2451,10.0,30.027,2,120.6147,0,2,-0.4357,-3.0,-0.5599999999999987,0.0,-1.8135000000000048,0.0,0.0
semi,run_1885,0.0545,5.0,29.283,0,35.4018,0,0,0.0,0.0,28.75,0,34.2988,0,0,-0.0545,-5.0,-0.5330000000000013,0.0,-1.1030000000000015,0.0,0.0
semi,run_1886,0.1089,8.0,29.787,0,155.3351,0,0,0.0545,4.0,29.29,0,152.7444,0,0,-0.0544,-4.0,-0.4969999999999999,0.0,-2.5906999999999982,0.0,0.0
semi,run_1887,0.2451,11.0,30.201,0,98.71,0,0,0.0817,5.0,29.668,1,99.9644,0,1,-0.16340000000000002,-6.0,-0.5330000000000013,1.0,1.254400000000004,0.0,1.0
semi,run_1888,0.1634,9.0,29.9,0,67.4524,0,0,0.0817,5.0,29.389,1,68.8054,0,1,-0.0817,-4.0,-0.5109999999999992,1.0,1.3530000000000086,0.0,1.0
semi,run_1889,0.5719,15.0,30.64,1,256.4177,0,1,0.4085,12.0,30.237,1,247.581,0,1,-0.1634,-3.0,-0.40300000000000225,0.0,-8.836700000000036,0.0,0.0
semi,run_1890,0.0545,4.0,29.213,0,45.3891,0,0,0.0,2.0,28.781,0,45.6748,0,0,-0.0545,-2.0,-0.43200000000000216,0.0,0.2856999999999985,0.0,0.0
semi,run_1891,0.0,0.0,28.695,2,23.9232,0,2,0.0,0.0,28.08,0,23.4942,0,0,0.0,0.0,-0.615000000000002,-2.0,-0.42900000000000205,0.0,-2.0
semi,run_1892,0.2451,10.0,29.992,0,176.3335,0,0,0.0817,5.0,29.521,1,176.9908,0,1,-0.16340000000000002,-5.0,-0.4710000000000001,1.0,0.6573000000000206,0.0,1.0
semi,run_1893,0.0,4.0,29.083,0,39.071,0,0,0.0,1.0,28.659,0,37.8368,0,0,0.0,-3.0,-0.4239999999999995,0.0,-1.2342000000000013,0.0,0.0
semi,run_1894,0.0817,5.0,29.47,0,29.9621,0,0,0.0,3.0,29.013,0,29.0277,0,0,-0.0817,-2.0,-0.4569999999999972,0.0,-0.9344000000000001,0.0,0.0
semi,run_1895,0.0817,5.0,29.377,0,61.4377,0,0,0.0,3.0,28.849,0,59.7082,0,0,-0.0817,-2.0,-0.5279999999999987,0.0,-1.7295000000000016,0.0,0.0
semi,run_1896,0.1089,5.0,29.663,2,40.848,0,2,0.0,4.0,29.039,1,40.267,0,1,-0.1089,-1.0,-0.6239999999999988,-1.0,-0.580999999999996,0.0,-1.0
semi,run_1897,0.4085,12.0,30.384,1,263.8418,0,1,0.2451,11.0,29.945,1,252.8117,0,1,-0.16339999999999996,-1.0,-0.43900000000000006,0.0,-11.030099999999976,0.0,0.0
semi,run_1898,0.463,15.0,30.643,1,144.5665,0,1,0.1906,10.0,29.954,1,138.4044,0,1,-0.27240000000000003,-5.0,-0.6890000000000001,0.0,-6.162099999999981,0.0,0.0
semi,run_1899,0.1089,8.0,29.75,0,107.2524,0,0,0.0817,5.0,29.396,0,98.9302,0,0,-0.027200000000000002,-3.0,-0.3539999999999992,0.0,-8.322199999999995,0.0,0.0
semi,run_1900,0.0,0.0,28.35,1,26.0254,0,1,0.0,0.0,27.727,0,25.8519,0,0,0.0,0.0,-0.6230000000000011,-1.0,-0.17350000000000065,0.0,-1.0
semi,run_1901,0.1089,6.0,29.664,1,61.1414,0,1,0.0,3.0,29.27,0,57.6757,0,0,-0.1089,-3.0,-0.3940000000000019,-1.0,-3.4656999999999982,0.0,-1.0
semi,run_1902,0.1089,8.0,29.609,0,129.6302,0,0,0.0545,4.0,29.168,0,110.9468,0,0,-0.0544,-4.0,-0.4410000000000025,0.0,-18.683400000000006,0.0,0.0
semi,run_1903,0.0,3.0,28.888,0,30.566,0,0,0.0,0.0,28.54,0,29.395,0,0,0.0,-3.0,-0.34800000000000253,0.0,-1.1709999999999994,0.0,0.0
semi,run_1904,0.0817,5.0,29.34,0,49.5136,0,0,0.0,3.0,28.923,0,45.2634,0,0,-0.0817,-2.0,-0.4170000000000016,0.0,-4.2501999999999995,0.0,0.0
semi,run_1905,0.1362,9.0,29.784,0,120.3089,0,0,0.0545,4.0,29.256,0,105.4547,0,0,-0.0817,-5.0,-0.5279999999999987,0.0,-14.854199999999992,0.0,0.0
semi,run_1906,0.1906,10.0,29.996,1,92.8117,0,1,0.0817,5.0,29.416,1,92.8525,0,1,-0.1089,-5.0,-0.5799999999999983,0.0,0.04080000000000439,0.0,0.0
semi,run_1907,0.1089,9.0,29.688,0,109.4243,0,0,0.0545,5.0,29.319,0,96.4616,0,0,-0.0544,-4.0,-0.3689999999999998,0.0,-12.962699999999998,0.0,0.0
semi,run_1908,0.0,4.0,29.097,0,53.9092,0,0,0.0,2.0,28.679,0,46.3728,0,0,0.0,-2.0,-0.4180000000000028,0.0,-7.5364,0.0,0.0
semi,run_1909,0.1089,8.0,29.677,0,69.1014,0,0,0.0,4.0,29.071,0,64.5457,0,0,-0.1089,-4.0,-0.6059999999999981,0.0,-4.555700000000002,0.0,0.0
semi,run_1910,0.0272,4.0,29.159,0,47.8456,0,0,0.0,1.0,28.675,0,45.3267,0,0,-0.0272,-3.0,-0.4839999999999982,0.0,-2.518899999999995,0.0,0.0
semi,run_1911,0.0,0.0,28.541,0,12.7833,0,0,0.0,0.0,28.077,0,13.3385,0,0,0.0,0.0,-0.46399999999999864,0.0,0.5551999999999992,0.0,0.0
semi,run_1912,0.354,11.0,30.095,2,54.2469,0,5,0.0817,5.0,29.517,2,51.7066,0,4,-0.2723,-6.0,-0.5779999999999994,0.0,-2.540299999999995,0.0,-1.0
semi,run_1913,0.0,3.0,28.785,0,27.2185,0,0,0.0,0.0,28.367,0,26.7077,0,0,0.0,-3.0,-0.41799999999999926,0.0,-0.5107999999999997,0.0,0.0
semi,run_1914,0.9804,20.0,31.065,3,63.3398,0,3,0.6808,17.0,30.685,4,60.865,0,4,-0.2996000000000001,-3.0,-0.38000000000000256,1.0,-2.474799999999995,0.0,1.0
semi,run_1915,0.3268,11.0,30.156,7,54.3309,0,7,0.1089,6.0,29.667,8,53.7625,0,8,-0.21789999999999998,-5.0,-0.4889999999999972,1.0,-0.5683999999999969,0.0,1.0
semi,run_1916,0.0,2.0,28.928,0,17.5088,0,0,0.0,0.0,28.337,0,16.3175,0,0,0.0,-2.0,-0.5910000000000011,0.0,-1.1913000000000018,0.0,0.0
semi,run_1917,0.0817,5.0,29.433,0,35.4627,0,0,0.0,3.0,28.874,0,36.7384,0,0,-0.0817,-2.0,-0.559000000000001,0.0,1.2757000000000005,0.0,0.0
semi,run_1918,0.0545,5.0,29.339,0,53.5746,0,0,0.0,2.0,28.749,0,51.6358,0,0,-0.0545,-3.0,-0.5899999999999999,0.0,-1.9387999999999934,0.0,0.0
semi,run_1919,0.2451,11.0,29.988,11,29.8143,0,11,0.1089,7.0,29.559,9,29.0621,0,9,-0.13620000000000002,-4.0,-0.4289999999999985,-2.0,-0.7521999999999984,0.0,-2.0
semi,run_1920,0.7081,16.0,30.685,2,85.1114,0,2,0.354,11.0,30.143,4,86.0138,0,4,-0.35409999999999997,-5.0,-0.541999999999998,2.0,0.9024000000000001,0.0,2.0
semi,run_1921,0.1089,9.0,29.867,0,133.6025,0,0,0.0545,5.0,29.302,0,133.858,0,0,-0.0544,-4.0,-0.5650000000000013,0.0,0.25550000000001205,0.0,0.0
semi,run_1922,0.1634,8.0,29.741,9,20.4204,0,9,0.0,4.0,29.104,6,20.2122,0,6,-0.1634,-4.0,-0.6370000000000005,-3.0,-0.2082000000000015,0.0,-3.0
semi,run_1923,0.1634,8.0,29.869,4,39.876,0,4,0.0545,5.0,29.347,2,39.0863,0,2,-0.1089,-3.0,-0.5219999999999985,-2.0,-0.7896999999999963,0.0,-2.0
semi,run_1924,0.0,0.0,28.751,0,26.3525,0,0,0.0,0.0,28.396,0,26.3884,0,0,0.0,0.0,-0.3550000000000004,0.0,0.0359000000000016,0.0,0.0
semi,run_1925,0.0817,7.0,29.476,0,47.2222,0,0,0.0,3.0,28.997,0,41.4172,0,0,-0.0817,-4.0,-0.4789999999999992,0.0,-5.805,0.0,0.0
semi,run_1926,0.2996,12.0,30.237,1,70.8716,0,1,0.1089,5.0,29.602,1,69.6625,0,1,-0.19069999999999998,-7.0,-0.634999999999998,0.0,-1.2091000000000065,0.0,0.0
semi,run_1927,0.354,13.0,30.516,2,65.2157,0,2,0.1906,9.0,29.924,3,65.6587,0,3,-0.1634,-4.0,-0.5919999999999987,1.0,0.44299999999999784,0.0,1.0
semi,run_1928,0.0817,7.0,29.551,0,95.9379,0,0,0.0,4.0,29.031,0,89.9074,0,0,-0.0817,-3.0,-0.5199999999999996,0.0,-6.0305000000000035,0.0,0.0
semi,run_1929,0.0817,5.0,29.35,0,52.2708,0,0,0.0,3.0,28.842,0,46.1609,0,0,-0.0817,-2.0,-0.5080000000000027,0.0,-6.109900000000003,0.0,0.0
semi,run_1930,0.5174,16.0,30.71,1,198.8094,0,1,0.2723,10.0,29.988,1,203.0815,0,1,-0.24509999999999998,-6.0,-0.7220000000000013,0.0,4.272099999999995,0.0,0.0
semi,run_1931,0.1362,9.0,29.732,1,56.6592,0,1,0.0817,5.0,29.234,2,54.688,0,3,-0.05449999999999999,-4.0,-0.49799999999999756,1.0,-1.971199999999996,0.0,2.0
semi,run_1932,0.354,11.0,30.102,0,99.9157,0,0,0.0817,5.0,29.514,0,98.7613,0,0,-0.2723,-6.0,-0.588000000000001,0.0,-1.1543999999999954,0.0,0.0
semi,run_1933,0.6264,16.0,30.864,1,213.7702,0,1,0.354,12.0,30.362,1,195.6767,0,1,-0.2724,-4.0,-0.5020000000000024,0.0,-18.093499999999977,0.0,0.0
semi,run_1934,0.1362,10.0,29.923,0,119.0116,0,0,0.0817,5.0,29.463,0,104.1648,0,0,-0.05449999999999999,-5.0,-0.4599999999999973,0.0,-14.846800000000002,0.0,0.0
semi,run_1935,0.0817,5.0,29.43,0,77.875,0,0,0.0,3.0,29.028,0,71.788,0,0,-0.0817,-2.0,-0.402000000000001,0.0,-6.087000000000003,0.0,0.0
semi,run_1936,0.4085,12.0,30.16,1,62.9726,0,1,0.1362,7.0,29.605,1,58.4518,0,1,-0.2723,-5.0,-0.5549999999999997,0.0,-4.520800000000001,0.0,0.0
semi,run_1937,0.354,11.0,30.389,1,94.2949,0,1,0.1634,8.0,29.786,1,98.2531,0,1,-0.1906,-3.0,-0.602999999999998,0.0,3.958200000000005,0.0,0.0
semi,run_1938,0.0817,5.0,29.453,0,64.0327,0,0,0.0,3.0,29.004,0,60.2081,0,0,-0.0817,-2.0,-0.44899999999999807,0.0,-3.8246000000000038,0.0,0.0
semi,run_1939,0.1089,8.0,29.667,0,119.8354,0,0,0.0272,4.0,29.175,0,102.1433,0,0,-0.0817,-4.0,-0.4920000000000009,0.0,-17.69210000000001,0.0,0.0
semi,run_1940,0.3813,13.0,30.168,1,122.5024,0,1,0.1906,8.0,29.767,1,116.2081,0,1,-0.19069999999999998,-5.0,-0.4009999999999998,0.0,-6.294299999999993,0.0,0.0
semi,run_1941,1.3617,23.0,31.399,3,323.3616,0,3,1.0349,20.0,31.061,2,348.328,0,2,-0.3268,-3.0,-0.33800000000000097,-1.0,24.966399999999965,0.0,-1.0
semi,run_1942,0.1906,10.0,29.944,1,68.4765,0,1,0.0817,5.0,29.394,1,70.7463,0,1,-0.1089,-5.0,-0.5500000000000007,0.0,2.2698000000000036,0.0,0.0
semi,run_1943,0.1362,9.0,29.876,0,147.3373,0,0,0.0545,5.0,29.249,0,142.3524,0,0,-0.0817,-4.0,-0.6270000000000024,0.0,-4.98490000000001,0.0,0.0
semi,run_1944,0.0545,5.0,29.379,0,48.1033,0,0,0.0,2.0,28.874,0,45.4353,0,0,-0.0545,-3.0,-0.5050000000000026,0.0,-2.6679999999999993,0.0,0.0
semi,run_1945,0.0,4.0,29.032,0,52.0469,0,0,0.0,1.0,28.652,0,45.8544,0,0,0.0,-3.0,-0.379999999999999,0.0,-6.192500000000003,0.0,0.0
semi,run_1946,0.0,0.0,28.724,4,56.1089,0,4,0.0,0.0,28.194,1,55.961,0,1,0.0,0.0,-0.5300000000000011,-3.0,-0.14789999999999992,0.0,-3.0
semi,run_1947,0.6808,17.0,30.744,5,140.427,0,5,0.4085,14.0,30.433,4,139.9465,0,4,-0.2723,-3.0,-0.31099999999999994,-1.0,-0.48050000000000637,0.0,-1.0
semi,run_1948,0.1089,6.0,29.62,0,97.1994,0,0,0.0,4.0,29.154,0,90.9777,0,0,-0.1089,-2.0,-0.4660000000000011,0.0,-6.2216999999999985,0.0,0.0
semi,run_1949,0.1634,9.0,29.728,1,63.6603,0,1,0.0545,5.0,29.333,2,63.1274,0,2,-0.1089,-4.0,-0.3950000000000031,1.0,-0.5328999999999979,0.0,1.0
semi,run_1950,0.1906,10.0,30.001,0,132.4866,0,0,0.0817,5.0,29.532,1,129.9054,0,1,-0.1089,-5.0,-0.4690000000000012,1.0,-2.581200000000024,0.0,1.0
semi,run_1951,0.1362,10.0,29.799,0,151.0849,0,0,0.0817,7.0,29.478,1,131.2356,0,1,-0.05449999999999999,-3.0,-0.32099999999999795,1.0,-19.8493,0.0,1.0
semi,run_1952,0.0272,4.0,29.14,0,50.9389,0,0,0.0,1.0,28.691,0,50.9212,0,0,-0.0272,-3.0,-0.4490000000000016,0.0,-0.01769999999999783,0.0,0.0
semi,run_1953,0.2179,9.0,29.893,1,92.3874,0,1,0.0817,5.0,29.306,1,90.807,0,1,-0.13620000000000002,-4.0,-0.5869999999999997,0.0,-1.5803999999999974,0.0,0.0
semi,run_1954,0.1089,5.0,29.592,1,56.0322,0,1,0.0,3.0,29.032,1,56.547,0,1,-0.1089,-2.0,-0.5599999999999987,0.0,0.5147999999999939,0.0,0.0
semi,run_1955,0.3813,12.0,30.284,1,233.195,0,3,0.1906,8.0,29.758,1,243.2295,0,2,-0.19069999999999998,-4.0,-0.5259999999999998,0.0,10.034500000000008,0.0,-1.0
semi,run_1956,0.0,0.0,28.786,5,16.3824,0,5,0.0,0.0,28.289,1,16.318,0,1,0.0,0.0,-0.4969999999999999,-4.0,-0.06439999999999912,0.0,-4.0
semi,run_1957,0.0,2.0,28.958,0,40.5605,0,0,0.0,0.0,28.432,0,35.9111,0,0,0.0,-2.0,-0.5259999999999998,0.0,-4.6494,0.0,0.0
semi,run_1958,0.2179,11.0,30.108,0,105.0734,0,0,0.0817,5.0,29.555,0,106.3347,0,0,-0.13620000000000002,-6.0,-0.5530000000000008,0.0,1.2612999999999914,0.0,0.0
semi,run_1959,0.0,0.0,28.804,1,12.7217,0,1,0.0,0.0,28.295,0,12.3797,0,0,0.0,0.0,-0.5089999999999968,-1.0,-0.3420000000000005,0.0,-1.0
semi,run_1960,0.0,4.0,29.109,0,41.1889,0,0,0.0,0.0,28.658,0,39.8429,0,0,0.0,-4.0,-0.4510000000000005,0.0,-1.3459999999999965,0.0,0.0
semi,run_1961,0.5719,13.0,30.472,2,45.6476,0,2,0.2451,10.0,30.136,4,45.7661,0,4,-0.3268,-3.0,-0.3360000000000021,2.0,0.11850000000000449,0.0,2.0
semi,run_1962,0.0817,5.0,29.502,0,125.748,0,0,0.0,3.0,29.021,0,117.7856,0,0,-0.0817,-2.0,-0.4809999999999981,0.0,-7.962400000000002,0.0,0.0
semi,run_1963,0.0,4.0,29.106,0,50.6548,0,0,0.0,2.0,28.677,0,49.5838,0,0,0.0,-2.0,-0.42900000000000205,0.0,-1.071000000000005,0.0,0.0
semi,run_1964,0.1362,5.0,29.782,2,24.0906,0,2,0.0,4.0,29.234,2,23.6573,0,2,-0.1362,-1.0,-0.5479999999999983,0.0,-0.43329999999999913,0.0,0.0
semi,run_1965,0.0817,5.0,29.374,0,51.7125,0,0,0.0,3.0,28.969,0,49.994,0,0,-0.0817,-2.0,-0.4049999999999976,0.0,-1.7184999999999988,0.0,0.0
semi,run_1966,0.0817,5.0,29.618,2,23.4999,0,4,0.0,3.0,29.106,1,23.9492,0,3,-0.0817,-2.0,-0.5119999999999969,-1.0,0.4493000000000009,0.0,-1.0
semi,run_1967,0.0817,5.0,29.49,0,69.9575,0,0,0.0,4.0,29.017,0,64.8398,0,0,-0.0817,-1.0,-0.472999999999999,0.0,-5.117699999999999,0.0,0.0
semi,run_1968,0.0817,5.0,29.515,0,95.7074,0,0,0.0,4.0,29.102,0,90.4783,0,0,-0.0817,-1.0,-0.41300000000000026,0.0,-5.2291000000000025,0.0,0.0
semi,run_1969,0.1634,9.0,29.821,0,75.0251,0,0,0.0817,5.0,29.424,1,66.9799,0,1,-0.0817,-4.0,-0.397000000000002,1.0,-8.045199999999994,0.0,1.0
semi,run_1970,0.0545,4.0,29.184,0,58.818,0,0,0.0,2.0,28.693,0,57.1118,0,0,-0.0545,-2.0,-0.49099999999999966,0.0,-1.7061999999999955,0.0,0.0
semi,run_1971,0.2179,9.0,29.911,1,95.4555,0,1,0.0272,5.0,29.438,1,93.4297,0,1,-0.1907,-4.0,-0.47300000000000253,0.0,-2.025800000000004,0.0,0.0
semi,run_1972,0.0,3.0,29.02,0,36.6224,0,0,0.0,0.0,28.515,0,33.9963,0,0,0.0,-3.0,-0.504999999999999,0.0,-2.626100000000001,0.0,0.0
semi,run_1973,0.0,3.0,28.913,0,36.6837,0,0,0.0,0.0,28.498,0,35.1517,0,0,0.0,-3.0,-0.41499999999999915,0.0,-1.5320000000000036,0.0,0.0
semi,run_1974,0.0272,4.0,29.192,0,52.6725,0,0,0.0,0.0,28.721,0,50.7227,0,0,-0.0272,-4.0,-0.4710000000000001,0.0,-1.9497999999999962,0.0,0.0
semi,run_1975,0.1089,6.0,29.61,0,66.218,0,0,0.0545,4.0,29.186,0,62.4968,0,0,-0.0544,-2.0,-0.4239999999999995,0.0,-3.721200000000003,0.0,0.0
semi,run_1976,0.1089,9.0,29.876,0,142.7042,0,0,0.0817,5.0,29.506,0,126.3093,0,0,-0.027200000000000002,-4.0,-0.370000000000001,0.0,-16.394899999999993,0.0,0.0
semi,run_1977,0.0,0.0,28.813,0,16.183,0,0,0.0,0.0,28.362,0,15.2246,0,0,0.0,0.0,-0.4510000000000005,0.0,-0.9583999999999993,0.0,0.0
semi,run_1978,0.0,0.0,28.744,0,26.4396,0,0,0.0,0.0,28.278,0,26.1377,0,0,0.0,0.0,-0.4660000000000011,0.0,-0.30189999999999984,0.0,0.0
semi,run_1979,0.0817,6.0,29.499,2,39.948,0,2,0.0,3.0,29.002,0,37.6765,0,0,-0.0817,-3.0,-0.4969999999999999,-2.0,-2.271500000000003,0.0,-2.0
semi,run_1980,0.0,4.0,29.093,0,35.0318,0,0,0.0,0.0,28.615,0,35.5075,0,0,0.0,-4.0,-0.47800000000000153,0.0,0.47570000000000334,0.0,0.0
semi,run_1981,0.0,4.0,29.016,0,54.0251,0,0,0.0,0.0,28.63,0,51.2389,0,0,0.0,-4.0,-0.38599999999999923,0.0,-2.786200000000001,0.0,0.0
semi,run_1982,0.0817,5.0,29.492,0,53.0297,0,0,0.0,4.0,29.011,0,48.4807,0,0,-0.0817,-1.0,-0.48100000000000165,0.0,-4.5489999999999995,0.0,0.0
semi,run_1983,1.3344,21.0,31.429,7,59.9198,0,7,0.7898,18.0,30.887,9,59.6955,0,9,-0.5446000000000001,-3.0,-0.541999999999998,2.0,-0.2242999999999995,0.0,2.0
semi,run_1984,0.0,3.0,29.102,0,56.0321,0,0,0.0,0.0,28.56,0,49.2715,0,0,0.0,-3.0,-0.5420000000000016,0.0,-6.760599999999997,0.0,0.0
semi,run_1985,0.0545,4.0,29.407,0,69.6735,0,0,0.0,2.0,28.863,0,66.1835,0,0,-0.0545,-2.0,-0.5440000000000005,0.0,-3.490000000000009,0.0,0.0
semi,run_1986,0.0817,6.0,29.701,0,88.0535,0,0,0.0272,5.0,29.162,0,83.0983,0,0,-0.05449999999999999,-1.0,-0.5390000000000015,0.0,-4.955200000000005,0.0,0.0
semi,run_1987,0.0817,5.0,29.626,1,78.5889,0,1,0.0272,5.0,29.215,1,76.7249,0,1,-0.05449999999999999,0.0,-0.41100000000000136,0.0,-1.86399999999999,0.0,0.0
semi,run_1988,0.4902,13.0,30.519,10,234.2054,0,11,0.3268,12.0,30.16,2,215.0822,0,2,-0.16340000000000005,-1.0,-0.3589999999999982,-8.0,-19.123199999999997,0.0,-9.0
semi,run_1989,0.0,4.0,29.086,0,48.9432,0,0,0.0,0.0,28.643,0,48.9449,0,0,0.0,-4.0,-0.44299999999999784,0.0,0.0016999999999995907,0.0,0.0
semi,run_1990,0.2179,9.0,30.005,2,44.8797,0,2,0.0817,6.0,29.588,1,40.6105,0,1,-0.13620000000000002,-3.0,-0.41699999999999804,-1.0,-4.269199999999998,0.0,-1.0
semi,run_1991,0.1362,8.0,29.777,0,62.7974,0,0,0.0817,5.0,29.319,1,60.6403,0,1,-0.05449999999999999,-3.0,-0.45800000000000196,1.0,-2.1571,0.0,1.0
semi,run_1992,0.3268,12.0,30.183,8,34.8486,0,8,0.1089,5.0,29.635,7,33.4716,0,7,-0.21789999999999998,-7.0,-0.5479999999999983,-1.0,-1.3769999999999953,0.0,-1.0
semi,run_1993,0.7625,17.0,30.825,4,70.6376,0,4,0.4357,13.0,30.38,4,70.9843,0,4,-0.3268,-4.0,-0.4450000000000003,0.0,0.34669999999999845,0.0,0.0
semi,run_1994,0.0817,6.0,29.477,12,12.2389,0,12,0.0,2.0,28.909,9,12.1916,0,9,-0.0817,-4.0,-0.5680000000000014,-3.0,-0.0472999999999999,0.0,-3.0
semi,run_1995,0.0,0.0,28.715,0,14.2446,0,0,0.0,0.0,28.406,0,14.7186,0,0,0.0,0.0,-0.30900000000000105,0.0,0.4740000000000002,0.0,0.0
semi,run_1996,0.3268,12.0,30.227,1,102.4544,0,1,0.1906,10.0,29.771,1,94.1813,0,1,-0.1362,-2.0,-0.4559999999999995,0.0,-8.273100000000014,0.0,0.0
semi,run_1997,0.0,3.0,28.974,0,40.4254,0,0,0.0,0.0,28.549,0,35.4361,0,0,0.0,-3.0,-0.4250000000000007,0.0,-4.9893,0.0,0.0
semi,run_1998,0.1089,8.0,29.713,0,100.2552,0,0,0.0545,5.0,29.288,0,97.1243,0,0,-0.0544,-3.0,-0.4250000000000007,0.0,-3.130899999999997,0.0,0.0
semi,run_1999,0.0,2.0,28.912,0,34.7463,0,0,0.0,0.0,28.436,0,33.806,0,0,0.0,-2.0,-0.4759999999999991,0.0,-0.9403000000000006,0.0,0.0
