archetype,target,sample_idx,feature,feature_value,shap_value
detached,He_worst,0,width,7.395670880739692,0.0037173228338360786
detached,He_worst,0,length,6.4401898212373325,0.012331527657806873
detached,He_worst,0,height,2.537150280314179,-0.016998235136270523
detached,He_worst,0,orientation,166.5134716456484,-0.0008105477318167686
detached,He_worst,0,wwr,0.2578797571595232,-0.0077289072796702385
detached,He_worst,0,wallInsulationThickness,0.2259716929260836,-0.008052786812186241
detached,He_worst,0,roofInsulationThickness,0.3152164105126704,-0.0053778174333274364
detached,He_worst,0,slabInsulationThickness,0.158408236349237,0.0006295291823334992
detached,He_worst,0,u_windows,1.575751423223808,0.004236265085637569
detached,He_worst,0,g_value,0.239130247485157,-0.18687495589256287
detached,He_worst,0,roofAbsorptance,0.6332092273253748,0.0009180685738101602
detached,He_worst,0,flowCoefficient,0.0011295592595821,0.004647244233638048
detached,He_worst,0,wof,0.7906426407888418,-0.023560643196105957
detached,He_worst,0,fixedShadingDepth,0.5039596129258469,0.00013456704618874937
detached,He_worst,1,width,8.110809568622967,0.0003282349498476833
detached,He_worst,1,length,11.529048538499303,-0.02103978954255581
detached,He_worst,1,height,2.409140548580447,-0.025342430919408798
detached,He_worst,1,orientation,99.75587907240732,-0.011771045625209808
detached,He_worst,1,wwr,0.2302607228540216,-0.04191458225250244
detached,He_worst,1,wallInsulationThickness,0.0271414521943361,0.027106551453471184
detached,He_worst,1,roofInsulationThickness,0.2762809659530048,-0.01206981297582388
detached,He_worst,1,slabInsulationThickness,0.1340043424586189,0.00039198959711939096
detached,He_worst,1,u_windows,1.7865215965827188,-0.0019187581492587924
detached,He_worst,1,g_value,0.3358145447716067,-0.1350300908088684
detached,He_worst,1,roofAbsorptance,0.6632286270340008,0.004449087660759687
detached,He_worst,1,flowCoefficient,0.0027106064784867,-0.0013637106167152524
detached,He_worst,1,wof,0.2556702744831636,0.014375314116477966
detached,He_worst,1,fixedShadingDepth,0.2093816579982012,0.046147316694259644
detached,He_worst,2,width,7.852922683510796,0.0016428509261459112
detached,He_worst,2,length,11.701003540700722,-0.017359454184770584
detached,He_worst,2,height,2.7832915214742706,0.005154328886419535
detached,He_worst,2,orientation,34.10986693602949,0.0013011249247938395
detached,He_worst,2,wwr,0.1577061150367534,-0.1144687831401825
detached,He_worst,2,wallInsulationThickness,0.0610587774605785,0.006569621153175831
detached,He_worst,2,roofInsulationThickness,0.1719651289264128,-0.006547756493091583
detached,He_worst,2,slabInsulationThickness,0.1285076289798671,0.00031392459641210735
detached,He_worst,2,u_windows,2.5389168494056573,-0.0020315228030085564
detached,He_worst,2,g_value,0.3018337671190849,-0.10933204740285873
detached,He_worst,2,roofAbsorptance,0.5489160529675382,-0.006390573922544718
detached,He_worst,2,flowCoefficient,0.0118204703580534,0.0023636543191969395
detached,He_worst,2,wof,0.6785634317901714,-0.013733546249568462
detached,He_worst,2,fixedShadingDepth,0.5689882208720364,-0.0035598177928477526
detached,He_worst,3,width,8.563452016222854,-0.009302934631705284
detached,He_worst,3,length,11.304229196027029,-0.02086448110640049
detached,He_worst,3,height,2.6669576880465953,0.002178837778046727
detached,He_worst,3,orientation,4.930746036117501,0.0020686143543571234
detached,He_worst,3,wwr,0.1718038287730192,-0.1558043360710144
detached,He_worst,3,wallInsulationThickness,0.1697636416664117,-0.006543668918311596
detached,He_worst,3,roofInsulationThickness,0.0472472352095956,0.018255123868584633
detached,He_worst,3,slabInsulationThickness,0.0514527139569112,-0.0007756181876175106
detached,He_worst,3,u_windows,2.553010347340156,-0.0029218383133411407
detached,He_worst,3,g_value,0.5103567963969822,0.04595701023936272
detached,He_worst,3,roofAbsorptance,0.4092061743831494,-0.027843089774250984
detached,He_worst,3,flowCoefficient,0.0055412622099884,0.0035215194802731276
detached,He_worst,3,wof,0.6659377695027991,-0.028295939788222313
detached,He_worst,3,fixedShadingDepth,0.2449285886928018,0.030791472643613815
detached,He_worst,4,width,9.419805034321971,-0.0251005906611681
detached,He_worst,4,length,6.004394972718599,0.03341389819979668
detached,He_worst,4,height,2.587312534731658,-0.010072465054690838
detached,He_worst,4,orientation,41.48802734986954,-0.0025334442034363747
detached,He_worst,4,wwr,0.3578606511929332,0.19899341464042664
detached,He_worst,4,wallInsulationThickness,0.0956568909789647,-0.0001131919416366145
detached,He_worst,4,roofInsulationThickness,0.2180515868001701,-0.010904730297625065
detached,He_worst,4,slabInsulationThickness,0.0885631618132276,-0.001987556694075465
detached,He_worst,4,u_windows,4.155551078611214,-0.010912478901445866
detached,He_worst,4,g_value,0.2957035809234931,-0.24145787954330444
detached,He_worst,4,roofAbsorptance,0.7061761272818836,0.006254174746572971
detached,He_worst,4,flowCoefficient,0.0072455898017346,0.002397278556600213
detached,He_worst,4,wof,0.3446971197385008,0.003938933368772268
detached,He_worst,4,fixedShadingDepth,0.0770896203365599,0.060487955808639526
detached,He_worst,5,width,6.209188496146555,0.018833700567483902
detached,He_worst,5,length,9.339453803823003,-0.0046906787902116776
detached,He_worst,5,height,2.9695360662968735,0.022692006081342697
detached,He_worst,5,orientation,59.23871208408153,-0.0013354523107409477
detached,He_worst,5,wwr,0.1040151208834065,-0.2056688815355301
detached,He_worst,5,wallInsulationThickness,0.2815212140161932,-0.006567489821463823
detached,He_worst,5,roofInsulationThickness,0.1575186823637307,-0.002812987891957164
detached,He_worst,5,slabInsulationThickness,0.0712369460963059,-0.0006629207637161016
detached,He_worst,5,u_windows,4.04516256351907,-0.0072378055192530155
detached,He_worst,5,g_value,0.3787128200471016,-0.052481066435575485
detached,He_worst,5,roofAbsorptance,0.5878441798829485,0.0004301583394408226
detached,He_worst,5,flowCoefficient,0.0075992367520723,-7.850724796298891e-05
detached,He_worst,5,wof,0.4294797808789243,-0.008163882419466972
detached,He_worst,5,fixedShadingDepth,0.3365848759333627,0.01903214491903782
detached,He_worst,6,width,7.163309547932293,0.0075502656400203705
detached,He_worst,6,length,11.488456344894168,-0.016309494152665138
detached,He_worst,6,height,2.5379651016160953,-0.013857266865670681
detached,He_worst,6,orientation,356.5924760319324,0.006012652534991503
detached,He_worst,6,wwr,0.1559335693220241,-0.14000852406024933
detached,He_worst,6,wallInsulationThickness,0.2856147853195331,-0.006263591814786196
detached,He_worst,6,roofInsulationThickness,0.2061389972476824,-0.009073063731193542
detached,He_worst,6,slabInsulationThickness,0.1198365499272777,1.8358303350396454e-05
detached,He_worst,6,u_windows,3.7868286225669454,-0.005653797183185816
detached,He_worst,6,g_value,0.3129982463904992,-0.10463272780179977
detached,He_worst,6,roofAbsorptance,0.3812449315358521,-0.02033403143286705
detached,He_worst,6,flowCoefficient,0.0083108741685144,-0.0012572782579809427
detached,He_worst,6,wof,0.3368086579281497,-0.0023673642426729202
detached,He_worst,6,fixedShadingDepth,0.2979868932337663,0.01927500218153
detached,He_worst,7,width,6.761313602217187,0.011048354208469391
detached,He_worst,7,length,6.2356716365013325,0.025406543165445328
detached,He_worst,7,height,2.6926237871964176,0.0022138103377074003
detached,He_worst,7,orientation,279.37382853764973,-0.0021510429214686155
detached,He_worst,7,wwr,0.1625992041803244,-0.10394261032342911
detached,He_worst,7,wallInsulationThickness,0.0714431070116272,0.00818253867328167
detached,He_worst,7,roofInsulationThickness,0.2518748196616526,-0.008814939297735691
detached,He_worst,7,slabInsulationThickness,0.0784897688751787,-0.00025499111507087946
detached,He_worst,7,u_windows,1.845228171969832,-0.00018532024114392698
detached,He_worst,7,g_value,0.2752229620539953,-0.13015002012252808
detached,He_worst,7,roofAbsorptance,0.649665888407871,0.004335110075771809
detached,He_worst,7,flowCoefficient,0.0041589969004508,0.0003504471678752452
detached,He_worst,7,wof,0.3931141516375546,-0.005551850888878107
detached,He_worst,7,fixedShadingDepth,0.790594368898931,-0.036392539739608765
detached,He_worst,8,width,8.416470392894785,-0.007854457013309002
detached,He_worst,8,length,11.013369867608208,-0.023166241124272346
detached,He_worst,8,height,2.81102950744393,0.013054843060672283
detached,He_worst,8,orientation,72.54277765051486,-0.007968418300151825
detached,He_worst,8,wwr,0.3829026449975343,0.24296359717845917
detached,He_worst,8,wallInsulationThickness,0.2820268151257486,-0.002839260268956423
detached,He_worst,8,roofInsulationThickness,0.2937633289021682,-0.008359317667782307
detached,He_worst,8,slabInsulationThickness,0.1097369096140868,-0.004047194495797157
detached,He_worst,8,u_windows,3.6280606202944,-0.015165102668106556
detached,He_worst,8,g_value,0.3626117754364839,-0.13455285131931305
detached,He_worst,8,roofAbsorptance,0.8063709066333884,0.02874169312417507
detached,He_worst,8,flowCoefficient,0.007551348116732,-0.0022121660877019167
detached,He_worst,8,wof,0.707034135337323,-0.0249046478420496
detached,He_worst,8,fixedShadingDepth,0.1877288177988489,0.0746229887008667
detached,He_worst,9,width,6.076152559483356,0.019560277462005615
detached,He_worst,9,length,10.50261399593176,-0.014780964702367783
detached,He_worst,9,height,2.595436288882777,-0.008239619433879852
detached,He_worst,9,orientation,78.04774887756886,-0.01062624529004097
detached,He_worst,9,wwr,0.1809798664580451,-0.11705945432186127
detached,He_worst,9,wallInsulationThickness,0.0917375161232244,0.00215151091106236
detached,He_worst,9,roofInsulationThickness,0.2421595450349155,-0.009985744021832943
detached,He_worst,9,slabInsulationThickness,0.1938220311083444,-0.0014632628299295902
detached,He_worst,9,u_windows,4.857271421979962,-0.0007660792907699943
detached,He_worst,9,g_value,0.5292727260955075,0.04565221071243286
detached,He_worst,9,roofAbsorptance,0.776974619566102,0.012105336412787437
detached,He_worst,9,flowCoefficient,0.010983224055484,-1.7520476831123233e-05
detached,He_worst,9,wof,0.7673350000735082,-0.02769419364631176
detached,He_worst,9,fixedShadingDepth,0.8179662477757371,-0.06042466685175896
detached,He_worst,10,width,7.5920307009327646,0.007562380284070969
detached,He_worst,10,length,8.620915391764083,0.012013982981443405
detached,He_worst,10,height,2.762756052196254,0.006684011314064264
detached,He_worst,10,orientation,40.80268815879088,-0.006636814679950476
detached,He_worst,10,wwr,0.2839301179716638,0.08613502979278564
detached,He_worst,10,wallInsulationThickness,0.1665128935817649,-0.0030276968609541655
detached,He_worst,10,roofInsulationThickness,0.1985148421995258,0.0012565040960907936
detached,He_worst,10,slabInsulationThickness,0.03618066752109,-0.006024520844221115
detached,He_worst,10,u_windows,2.2735329651678367,-0.0005171640077605844
detached,He_worst,10,g_value,0.6057304729017299,0.2179701030254364
detached,He_worst,10,roofAbsorptance,0.4043910495689701,-0.029932843521237373
detached,He_worst,10,flowCoefficient,0.0021805943673952,-0.0014981928979977965
detached,He_worst,10,wof,0.2417433380482639,0.049017973244190216
detached,He_worst,10,fixedShadingDepth,0.2204172561212091,0.07902561128139496
detached,He_worst,11,width,9.311160251216748,-0.018339261412620544
detached,He_worst,11,length,9.010886526887692,-0.006315948907285929
detached,He_worst,11,height,2.8059736993930846,0.008635790087282658
detached,He_worst,11,orientation,250.08654138116952,-0.0011887592263519764
detached,He_worst,11,wwr,0.1966983892600349,-0.0745740607380867
detached,He_worst,11,wallInsulationThickness,0.2023573102148048,-0.006269619334489107
detached,He_worst,11,roofInsulationThickness,0.1784961376392762,-0.007211320102214813
detached,He_worst,11,slabInsulationThickness,0.1055579985238334,-0.0020727068185806274
detached,He_worst,11,u_windows,3.073817936748112,-0.007472622208297253
detached,He_worst,11,g_value,0.3571156174295993,-0.09230160713195801
detached,He_worst,11,roofAbsorptance,0.7773654518543165,0.014801942743360996
detached,He_worst,11,flowCoefficient,0.0077956952344356,-0.0008742510690353811
detached,He_worst,11,wof,0.3648158265201449,-0.008209914900362492
detached,He_worst,11,fixedShadingDepth,0.3281747419232347,0.023054717108607292
detached,He_worst,12,width,9.096290470967713,-0.013593676500022411
detached,He_worst,12,length,7.919044038720787,0.009261023253202438
detached,He_worst,12,height,2.5214898235798393,-0.020381739363074303
detached,He_worst,12,orientation,335.05056932284026,0.003119641449302435
detached,He_worst,12,wwr,0.3231661347234784,0.1211644858121872
detached,He_worst,12,wallInsulationThickness,0.287996770214278,-0.006827047560364008
detached,He_worst,12,roofInsulationThickness,0.095577019222228,0.003187847789376974
detached,He_worst,12,slabInsulationThickness,0.0326315472488057,-0.003619909519329667
detached,He_worst,12,u_windows,4.216768184479325,-0.008340168744325638
detached,He_worst,12,g_value,0.4308538631512129,-0.05791725590825081
detached,He_worst,12,roofAbsorptance,0.3324287059348769,-0.02825288288295269
detached,He_worst,12,flowCoefficient,0.0100549695863963,-0.0024295339826494455
detached,He_worst,12,wof,0.1814863894788304,0.04592457786202431
detached,He_worst,12,fixedShadingDepth,0.9981003459102455,-0.11728011816740036
detached,He_worst,13,width,9.67274898956917,-0.024677535519003868
detached,He_worst,13,length,9.229284997776215,-0.0056301746517419815
detached,He_worst,13,height,2.6062381498970035,-0.007426207419484854
detached,He_worst,13,orientation,303.2294554426822,0.003404542338103056
detached,He_worst,13,wwr,0.3009618002962959,0.1174859032034874
detached,He_worst,13,wallInsulationThickness,0.1557604783121265,-0.0032668898347765207
detached,He_worst,13,roofInsulationThickness,0.3489421952783637,0.0052673411555588245
detached,He_worst,13,slabInsulationThickness,0.1068967757444325,-0.0026624929159879684
detached,He_worst,13,u_windows,2.380461901550478,0.0024259507190436125
detached,He_worst,13,g_value,0.4587678490904442,0.004578003194183111
detached,He_worst,13,roofAbsorptance,0.3313878316315377,-0.01855693943798542
detached,He_worst,13,flowCoefficient,0.0016357272184564,0.0008139247074723244
detached,He_worst,13,wof,0.6002816136069308,-0.03204946964979172
detached,He_worst,13,fixedShadingDepth,0.044099162598092,0.07310313731431961
detached,He_worst,14,width,8.403631719626613,-0.007796333637088537
detached,He_worst,14,length,10.007676932633112,-0.019360968843102455
detached,He_worst,14,height,2.8027687164328032,0.00872127991169691
detached,He_worst,14,orientation,94.39833089463072,-0.012904961593449116
detached,He_worst,14,wwr,0.3497291938595263,0.1567486822605133
detached,He_worst,14,wallInsulationThickness,0.0302574753434557,0.009201528504490852
detached,He_worst,14,roofInsulationThickness,0.06947528426308,0.016835957765579224
detached,He_worst,14,slabInsulationThickness,0.1191301766709027,0.00024275043688248843
detached,He_worst,14,u_windows,1.5319324013407871,0.009778390638530254
detached,He_worst,14,g_value,0.42933673410392,-0.07524251192808151
detached,He_worst,14,roofAbsorptance,0.7483471830349153,0.017766069620847702
detached,He_worst,14,flowCoefficient,0.0048983919889076,0.003339689690619707
detached,He_worst,14,wof,0.3190639713335335,0.011391767300665379
detached,He_worst,14,fixedShadingDepth,0.7845890647685506,-0.08824817091226578
detached,He_worst,15,width,6.283151965803686,0.027140414342284203
detached,He_worst,15,length,7.64316690620861,0.01714928075671196
detached,He_worst,15,height,2.638089977070321,-0.0031838673166930676
detached,He_worst,15,orientation,309.7096270894929,0.001385082257911563
detached,He_worst,15,wwr,0.3633094203158593,0.23537977039813995
detached,He_worst,15,wallInsulationThickness,0.0121431159438034,0.017565954476594925
detached,He_worst,15,roofInsulationThickness,0.207356802571795,-0.005207424983382225
detached,He_worst,15,slabInsulationThickness,0.1568284340461067,0.0011646440252661705
detached,He_worst,15,u_windows,3.1778168873654655,-0.013706808909773827
detached,He_worst,15,g_value,0.4189796393796897,-0.117148257791996
detached,He_worst,15,roofAbsorptance,0.6664590103817627,0.011776519939303398
detached,He_worst,15,flowCoefficient,0.006609844792573,0.002115633338689804
detached,He_worst,15,wof,0.3328634315028645,0.015090455301105976
detached,He_worst,15,fixedShadingDepth,0.2893281449615015,0.06364347785711288
detached,He_worst,16,width,9.75291043952436,-0.013253377750515938
detached,He_worst,16,length,11.423892246355985,-0.013021006248891354
detached,He_worst,16,height,2.4837456470908807,-0.012197890318930149
detached,He_worst,16,orientation,105.6449150179547,-0.008099507540464401
detached,He_worst,16,wwr,0.1872929541449448,-0.06889165192842484
detached,He_worst,16,wallInsulationThickness,0.1817851455775128,-0.006078153848648071
detached,He_worst,16,roofInsulationThickness,0.0769226843516781,0.018761703744530678
detached,He_worst,16,slabInsulationThickness,0.1417749475487996,0.0027027055621147156
detached,He_worst,16,u_windows,1.686640834521926,0.0012526436476036906
detached,He_worst,16,g_value,0.3497005919638735,-0.06448835879564285
detached,He_worst,16,roofAbsorptance,0.3955883761414718,-0.027184005826711655
detached,He_worst,16,flowCoefficient,0.0087782086785445,-0.0004483890370465815
detached,He_worst,16,wof,0.3591655176433859,-0.005777379497885704
detached,He_worst,16,fixedShadingDepth,0.907912754028988,-0.04529522359371185
detached,He_worst,17,width,8.595566755271632,-0.00967093650251627
detached,He_worst,17,length,11.19093329564264,-0.029610101133584976
detached,He_worst,17,height,2.79482706101318,0.00828030239790678
detached,He_worst,17,orientation,303.78689654243175,0.005137851927429438
detached,He_worst,17,wwr,0.1434146749291923,-0.2635188698768616
detached,He_worst,17,wallInsulationThickness,0.1852629740534918,-0.008447587490081787
detached,He_worst,17,roofInsulationThickness,0.1828599285923194,-0.007614455185830593
detached,He_worst,17,slabInsulationThickness,0.1449359231070878,0.00225013867020607
detached,He_worst,17,u_windows,4.366618295683541,-0.011094041168689728
detached,He_worst,17,g_value,0.5898441134075892,0.09072081744670868
detached,He_worst,17,roofAbsorptance,0.6374594760623348,0.007298387587070465
detached,He_worst,17,flowCoefficient,0.0049726855274172,0.001689774333499372
detached,He_worst,17,wof,0.2411638373752669,0.016890723258256912
detached,He_worst,17,fixedShadingDepth,0.3206587059388915,0.028447946533560753
detached,He_worst,18,width,7.704557801580717,0.0007810152601450682
detached,He_worst,18,length,7.128280265544657,0.014564729295670986
detached,He_worst,18,height,2.985540612715578,0.017909584566950798
detached,He_worst,18,orientation,90.2906293972771,-0.007375363726168871
detached,He_worst,18,wwr,0.2105791800179474,-0.05921166390180588
detached,He_worst,18,wallInsulationThickness,0.0205307922429049,0.022719334810972214
detached,He_worst,18,roofInsulationThickness,0.2339133981377427,-0.008399378508329391
detached,He_worst,18,slabInsulationThickness,0.0889463263478779,0.00021065506734885275
detached,He_worst,18,u_windows,3.2049811873074887,-0.006954297423362732
detached,He_worst,18,g_value,0.2345347956220673,-0.1907186657190323
detached,He_worst,18,roofAbsorptance,0.7570779081491665,0.01206311583518982
detached,He_worst,18,flowCoefficient,0.0090267774481236,-0.001225064042955637
detached,He_worst,18,wof,0.1607423062503069,0.031731415539979935
detached,He_worst,18,fixedShadingDepth,0.6682748532100452,-0.03044930472970009
detached,He_worst,19,width,9.543790996991548,-0.022374993190169334
detached,He_worst,19,length,7.813015325591019,0.00872648973017931
detached,He_worst,19,height,2.469869156299358,-0.020835304632782936
detached,He_worst,19,orientation,82.05682011628366,-0.00889474619179964
detached,He_worst,19,wwr,0.3546341378904519,0.2135934978723526
detached,He_worst,19,wallInsulationThickness,0.168419412717496,-0.0032421788200736046
detached,He_worst,19,roofInsulationThickness,0.2120515214252858,-0.001530471141450107
detached,He_worst,19,slabInsulationThickness,0.0117787672497654,0.001598535804077983
detached,He_worst,19,u_windows,1.849158036273776,0.005620182026177645
detached,He_worst,19,g_value,0.4458231197434107,-0.04677945747971535
detached,He_worst,19,roofAbsorptance,0.4176518940191357,-0.025411149486899376
detached,He_worst,19,flowCoefficient,0.0055190798379768,0.003434297861531377
detached,He_worst,19,wof,0.7871791229029937,-0.039014462381601334
detached,He_worst,19,fixedShadingDepth,0.1271879070563363,0.08090054988861084
detached,He_worst,20,width,6.479441154310059,0.020743723958730698
detached,He_worst,20,length,8.010736821240837,0.018667707219719887
detached,He_worst,20,height,2.5942446758961113,-0.008893205784261227
detached,He_worst,20,orientation,261.6880416205899,-0.005379016511142254
detached,He_worst,20,wwr,0.3034655391515287,0.11477719992399216
detached,He_worst,20,wallInsulationThickness,0.2069174935913223,-0.004846200812608004
detached,He_worst,20,roofInsulationThickness,0.3420853536075976,-0.0021557665895670652
detached,He_worst,20,slabInsulationThickness,0.1905666136806615,-0.00392285268753767
detached,He_worst,20,u_windows,4.7171071663318855,-0.007362317759543657
detached,He_worst,20,g_value,0.3686793484222495,-0.11390253156423569
detached,He_worst,20,roofAbsorptance,0.3661371933487376,-0.017523610964417458
detached,He_worst,20,flowCoefficient,0.0064751037232991,0.001083487644791603
detached,He_worst,20,wof,0.1104134131923808,0.1576654613018036
detached,He_worst,20,fixedShadingDepth,0.7823260594000601,-0.06784103810787201
detached,He_worst,21,width,9.90521763262326,-0.04176926985383034
detached,He_worst,21,length,11.330245717214837,-0.045525915920734406
detached,He_worst,21,height,2.505458792707366,-0.027522996068000793
detached,He_worst,21,orientation,153.72542443030667,0.0046011279337108135
detached,He_worst,21,wwr,0.3544941040245029,0.258003830909729
detached,He_worst,21,wallInsulationThickness,0.1447108793042139,-0.0009800692787393928
detached,He_worst,21,roofInsulationThickness,0.153008860011552,-0.004750365391373634
detached,He_worst,21,slabInsulationThickness,0.0159749732477982,0.0017656625714153051
detached,He_worst,21,u_windows,2.616169924513695,-0.0120486319065094
detached,He_worst,21,g_value,0.5320565545650394,0.08433898538351059
detached,He_worst,21,roofAbsorptance,0.8920387160650654,0.036457136273384094
detached,He_worst,21,flowCoefficient,0.0099507994276228,-0.001374371349811554
detached,He_worst,21,wof,0.2669613020611017,0.034683797508478165
detached,He_worst,21,fixedShadingDepth,0.4047475813147405,0.04741038382053375
detached,He_worst,22,width,8.716180182444965,-0.00855808611959219
detached,He_worst,22,length,10.089666885826995,-0.014446712099015713
detached,He_worst,22,height,2.411520615381296,-0.02431328594684601
detached,He_worst,22,orientation,84.88145791235053,-0.008774260990321636
detached,He_worst,22,wwr,0.1807131870072468,-0.1151057705283165
detached,He_worst,22,wallInsulationThickness,0.2005666527958075,-0.006752266548573971
detached,He_worst,22,roofInsulationThickness,0.1802822641645471,-0.006088707130402327
detached,He_worst,22,slabInsulationThickness,0.1737328115873617,0.00078637182014063
detached,He_worst,22,u_windows,1.5578932935237724,0.00275110243819654
detached,He_worst,22,g_value,0.3707973137502385,-0.06902556121349335
detached,He_worst,22,roofAbsorptance,0.4821474893174633,-0.011794758029282093
detached,He_worst,22,flowCoefficient,0.0027085439676747,-9.240787039743736e-05
detached,He_worst,22,wof,0.7599916211931286,-0.017248261719942093
detached,He_worst,22,fixedShadingDepth,0.2078738829228593,0.03401413559913635
detached,He_worst,23,width,8.454517480509306,-0.0035806873347610235
detached,He_worst,23,length,7.606900202320765,0.009875742718577385
detached,He_worst,23,height,2.5501477925335045,-0.010228847153484821
detached,He_worst,23,orientation,241.34481889977465,-0.0004873530997429043
detached,He_worst,23,wwr,0.2891208841498976,0.04747632518410683
detached,He_worst,23,wallInsulationThickness,0.1515706845674109,-0.005146144423633814
detached,He_worst,23,roofInsulationThickness,0.1605073890215713,-0.006813788786530495
detached,He_worst,23,slabInsulationThickness,0.1607015551309144,-7.25045902072452e-05
detached,He_worst,23,u_windows,1.101558526110067,0.019649608060717583
detached,He_worst,23,g_value,0.2140821822715956,-0.1930408775806427
detached,He_worst,23,roofAbsorptance,0.8767854811568954,0.02677796222269535
detached,He_worst,23,flowCoefficient,0.0117808467129899,0.008715623989701271
detached,He_worst,23,wof,0.4181305553407746,-0.011558284051716328
detached,He_worst,23,fixedShadingDepth,0.979553351344094,-0.06739155203104019
detached,He_worst,24,width,8.200156807953967,-0.003090595593675971
detached,He_worst,24,length,9.816481420015894,-0.019708922132849693
detached,He_worst,24,height,2.959927114508198,0.022068114951252937
detached,He_worst,24,orientation,46.80390814108178,-0.000847255636472255
detached,He_worst,24,wwr,0.1172676298537521,-0.3606681227684021
detached,He_worst,24,wallInsulationThickness,0.1783127169414143,-0.005997448228299618
detached,He_worst,24,roofInsulationThickness,0.065957469200872,0.025334691628813744
detached,He_worst,24,slabInsulationThickness,0.0496679188566203,-2.221221075160429e-05
detached,He_worst,24,u_windows,2.3032747815849373,-0.002123028039932251
detached,He_worst,24,g_value,0.6496999775608867,0.18119917809963226
detached,He_worst,24,roofAbsorptance,0.7893947416416113,0.030811816453933716
detached,He_worst,24,flowCoefficient,0.0067695684287276,-0.0002123237936757505
detached,He_worst,24,wof,0.1988941549069509,0.03897500038146973
detached,He_worst,24,fixedShadingDepth,0.2857134326340716,0.04624089598655701
detached,He_worst,25,width,9.15658840599274,-0.011503350920975208
detached,He_worst,25,length,7.553094705399909,0.015228982083499432
detached,He_worst,25,height,2.5008291032539782,-0.02206970565021038
detached,He_worst,25,orientation,258.1118793457723,-0.005704887211322784
detached,He_worst,25,wwr,0.2894596188846984,0.048681434243917465
detached,He_worst,25,wallInsulationThickness,0.2299885660171508,-0.009217172861099243
detached,He_worst,25,roofInsulationThickness,0.1249184055378839,-0.004378275480121374
detached,He_worst,25,slabInsulationThickness,0.1847943166879548,0.004266442731022835
detached,He_worst,25,u_windows,2.887747113904914,-0.006756816059350967
detached,He_worst,25,g_value,0.3502110605822564,-0.12538883090019226
detached,He_worst,25,roofAbsorptance,0.6016395305541073,0.0011824031826108694
detached,He_worst,25,flowCoefficient,0.0055874634032816,0.00040856830310076475
detached,He_worst,25,wof,0.3521513931602578,-0.002323276363313198
detached,He_worst,25,fixedShadingDepth,0.4288013833492636,0.0312638059258461
detached,He_worst,26,width,7.3194348704093315,0.012480024248361588
detached,He_worst,26,length,9.644360418368702,-0.010486277751624584
detached,He_worst,26,height,2.620335360376853,0.00032024059328250587
detached,He_worst,26,orientation,191.85924411455923,0.001259736716747284
detached,He_worst,26,wwr,0.2900081876179013,0.06577564030885696
detached,He_worst,26,wallInsulationThickness,0.0383958956333385,0.008158020675182343
detached,He_worst,26,roofInsulationThickness,0.2919354923147619,-0.005462850909680128
detached,He_worst,26,slabInsulationThickness,0.1647772776229441,-0.00020328497339505702
detached,He_worst,26,u_windows,4.073646441091864,-0.010223543271422386
detached,He_worst,26,g_value,0.590597032770207,0.12073903530836105
detached,He_worst,26,roofAbsorptance,0.7519245701788551,0.011038817465305328
detached,He_worst,26,flowCoefficient,0.0073990402815395,-0.0006412913207896054
detached,He_worst,26,wof,0.4354805133387842,-0.017754342406988144
detached,He_worst,26,fixedShadingDepth,0.9066680696979058,-0.10832566022872925
detached,He_worst,27,width,6.46947534612692,0.02223062887787819
detached,He_worst,27,length,7.696721643599783,0.013299407437443733
detached,He_worst,27,height,2.528371412959011,-0.024503357708454132
detached,He_worst,27,orientation,113.81274789954104,0.000993352266959846
detached,He_worst,27,wwr,0.2215256210452556,-0.07164797186851501
detached,He_worst,27,wallInsulationThickness,0.2046904270096612,-0.005215895362198353
detached,He_worst,27,roofInsulationThickness,0.1799329475160382,-0.004765533842146397
detached,He_worst,27,slabInsulationThickness,0.0410429458894562,-0.0007527104462496936
detached,He_worst,27,u_windows,4.201732333054637,-0.008824789896607399
detached,He_worst,27,g_value,0.5150840953587219,0.06515061855316162
detached,He_worst,27,roofAbsorptance,0.8786597677210477,0.028700731694698334
detached,He_worst,27,flowCoefficient,0.0115281991151193,0.0006383462459780276
detached,He_worst,27,wof,0.2700048859079372,0.01192670688033104
detached,He_worst,27,fixedShadingDepth,0.4535907433034987,0.015146327205002308
detached,He_worst,28,width,9.054265764441569,-0.015181177295744419
detached,He_worst,28,length,9.883232064900842,-0.017426688224077225
detached,He_worst,28,height,2.6701341750399674,0.003539089113473892
detached,He_worst,28,orientation,190.03728319149505,-0.0004965367843396962
detached,He_worst,28,wwr,0.3124482832007012,0.13028568029403687
detached,He_worst,28,wallInsulationThickness,0.2454256765579038,-0.00939199235290289
detached,He_worst,28,roofInsulationThickness,0.0729304990729805,0.005635322071611881
detached,He_worst,28,slabInsulationThickness,0.1552724741293448,0.003913987893611193
detached,He_worst,28,u_windows,1.4886910663500377,0.011051539331674576
detached,He_worst,28,g_value,0.4328319249692898,-0.030472734943032265
detached,He_worst,28,roofAbsorptance,0.3647529837325545,-0.03672809898853302
detached,He_worst,28,flowCoefficient,0.0097371208676588,-0.0027986972127109766
detached,He_worst,28,wof,0.3534493179195087,-0.003936836961656809
detached,He_worst,28,fixedShadingDepth,0.1514527902254429,0.07111017405986786
detached,He_worst,29,width,8.203432183124272,-0.0024483478628098965
detached,He_worst,29,length,6.408489310261017,0.026583034545183182
detached,He_worst,29,height,2.8640680741404387,0.01821889914572239
detached,He_worst,29,orientation,300.7801611485146,0.004455781541764736
detached,He_worst,29,wwr,0.150600147289584,-0.3502660393714905
detached,He_worst,29,wallInsulationThickness,0.0170107318727439,0.024403760209679604
detached,He_worst,29,roofInsulationThickness,0.045297803381865,0.013051703572273254
detached,He_worst,29,slabInsulationThickness,0.0140947818271048,0.002270483411848545
detached,He_worst,29,u_windows,0.8776391010432707,0.03576097637414932
detached,He_worst,29,g_value,0.6886897929854896,0.2262880951166153
detached,He_worst,29,roofAbsorptance,0.5132570934374501,-0.013383736833930016
detached,He_worst,29,flowCoefficient,0.0061052277763261,-0.00020901202515233308
detached,He_worst,29,wof,0.1044806285204754,0.11175266653299332
detached,He_worst,29,fixedShadingDepth,0.4880446808864345,0.00033976405393332243
detached,He_worst,30,width,9.72733840356107,-0.02031240239739418
detached,He_worst,30,length,7.8427669792229615,0.008845762349665165
detached,He_worst,30,height,2.5924321527735392,-0.009623894467949867
detached,He_worst,30,orientation,359.8933269015914,0.0034341905266046524
detached,He_worst,30,wwr,0.3529783862372112,0.14193284511566162
detached,He_worst,30,wallInsulationThickness,0.0761779621335445,0.002135594841092825
detached,He_worst,30,roofInsulationThickness,0.3273904561993191,0.0011135353706777096
detached,He_worst,30,slabInsulationThickness,0.0824461595128538,-0.002087113680317998
detached,He_worst,30,u_windows,3.4708268892998255,-0.008062012493610382
detached,He_worst,30,g_value,0.3251799736172571,-0.16716645658016205
detached,He_worst,30,roofAbsorptance,0.3503616556392233,-0.013945749960839748
detached,He_worst,30,flowCoefficient,0.0015213312741712,0.0012949069496244192
detached,He_worst,30,wof,0.7206263247604744,-0.028182482346892357
detached,He_worst,30,fixedShadingDepth,0.7182250817689112,-0.04899130016565323
detached,He_worst,31,width,8.246127175435477,-0.0053694602102041245
detached,He_worst,31,length,11.251258726517245,-0.023819174617528915
detached,He_worst,31,height,2.4361164726138096,-0.025645239278674126
detached,He_worst,31,orientation,254.60697574795464,-0.003121431916952133
detached,He_worst,31,wwr,0.3904668255284433,0.1607760488986969
detached,He_worst,31,wallInsulationThickness,0.1856431870646187,-0.00497950566932559
detached,He_worst,31,roofInsulationThickness,0.1225560567710461,-0.004967149347066879
detached,He_worst,31,slabInsulationThickness,0.0851246560265573,-0.0025160962250083685
detached,He_worst,31,u_windows,2.226776875662167,-0.000724811980035156
detached,He_worst,31,g_value,0.2466613433898279,-0.2639324963092804
detached,He_worst,31,roofAbsorptance,0.3256088909082591,-0.022584760561585426
detached,He_worst,31,flowCoefficient,0.0017999869098085,0.004580373410135508
detached,He_worst,31,wof,0.1436871120232006,0.03702034056186676
detached,He_worst,31,fixedShadingDepth,0.6831326330412305,-0.04177011176943779
detached,He_worst,32,width,7.310319831254704,0.012893355451524258
detached,He_worst,32,length,8.650236290075945,0.010735612362623215
detached,He_worst,32,height,2.4651102216624436,-0.03463345766067505
detached,He_worst,32,orientation,255.2904518494289,-0.0002606807684060186
detached,He_worst,32,wwr,0.3455984686935756,0.20373834669589996
detached,He_worst,32,wallInsulationThickness,0.0586675938400789,0.006065696012228727
detached,He_worst,32,roofInsulationThickness,0.1886371329809774,-0.0002122863952536136
detached,He_worst,32,slabInsulationThickness,0.15333211044598,0.004769457969814539
detached,He_worst,32,u_windows,4.17939576693569,-0.022697672247886658
detached,He_worst,32,g_value,0.5748225321863907,0.12336478382349014
detached,He_worst,32,roofAbsorptance,0.3563006933565509,-0.014995587058365345
detached,He_worst,32,flowCoefficient,0.00643605929364,0.0008621515589766204
detached,He_worst,32,wof,0.6854816493821845,-0.05188805237412453
detached,He_worst,32,fixedShadingDepth,0.7923681861403654,-0.11412929743528366
detached,He_worst,33,width,6.656454861250288,0.021006112918257713
detached,He_worst,33,length,10.051380251938998,-0.016609404236078262
detached,He_worst,33,height,2.610739181367629,-0.0034262763801962137
detached,He_worst,33,orientation,57.65059987551928,-0.0020225336775183678
detached,He_worst,33,wwr,0.1834453527594829,-0.1337643563747406
detached,He_worst,33,wallInsulationThickness,0.1582378416387156,-0.005974971689283848
detached,He_worst,33,roofInsulationThickness,0.1482754031125268,-0.003653263906016946
detached,He_worst,33,slabInsulationThickness,0.0500112884486675,-0.0005087659228593111
detached,He_worst,33,u_windows,1.5387039739323212,0.00515249278396368
detached,He_worst,33,g_value,0.4647110670084117,-0.008197884075343609
detached,He_worst,33,roofAbsorptance,0.5545964513342654,-0.007709684316068888
detached,He_worst,33,flowCoefficient,0.0088691039281777,-0.0006326042348518968
detached,He_worst,33,wof,0.3570178861207289,-0.0033979963045567274
detached,He_worst,33,fixedShadingDepth,0.091384491074425,0.04614361375570297
detached,He_worst,34,width,9.39545410793632,-0.01708224043250084
detached,He_worst,34,length,11.923293543058824,-0.016013994812965393
detached,He_worst,34,height,2.504056500383102,-0.011417342349886894
detached,He_worst,34,orientation,116.3161880999036,-0.00015706848353147507
detached,He_worst,34,wwr,0.152576318448273,-0.13408103585243225
detached,He_worst,34,wallInsulationThickness,0.2606228628807594,-0.007079127710312605
detached,He_worst,34,roofInsulationThickness,0.1634758692285061,-0.00813019834458828
detached,He_worst,34,slabInsulationThickness,0.0748674108664809,-0.0008941687410697341
detached,He_worst,34,u_windows,1.0390321155459816,0.01712794415652752
detached,He_worst,34,g_value,0.2543947995817825,-0.1448269933462143
detached,He_worst,34,roofAbsorptance,0.5886641615276417,-0.0016884455690160394
detached,He_worst,34,flowCoefficient,0.0048881779994556,0.001543756457976997
detached,He_worst,34,wof,0.3461216904286355,-0.00454790098592639
detached,He_worst,34,fixedShadingDepth,0.058749621703204,0.03294260427355766
detached,He_worst,35,width,6.02359115572422,0.024822810664772987
detached,He_worst,35,length,9.364501273864924,-0.008202293887734413
detached,He_worst,35,height,2.779343553866154,0.008708097971975803
detached,He_worst,35,orientation,62.43087071792951,-0.003108857199549675
detached,He_worst,35,wwr,0.25859162067665,-0.02004081755876541
detached,He_worst,35,wallInsulationThickness,0.1674571142611938,-0.003562348894774914
detached,He_worst,35,roofInsulationThickness,0.2897623716109374,-0.008789913728833199
detached,He_worst,35,slabInsulationThickness,0.0457343815278523,-0.001463750726543367
detached,He_worst,35,u_windows,1.996266267507327,-0.0014096256345510483
detached,He_worst,35,g_value,0.4193226447978502,-0.0874825045466423
detached,He_worst,35,roofAbsorptance,0.8087529677975558,0.0189250186085701
detached,He_worst,35,flowCoefficient,0.011692847280492,0.0020161126740276814
detached,He_worst,35,wof,0.1917167889055064,0.05599400773644447
detached,He_worst,35,fixedShadingDepth,0.3469236531532501,0.035409171134233475
detached,He_worst,36,width,7.594554897588814,0.0028992388397455215
detached,He_worst,36,length,6.916246540879761,0.01803891733288765
detached,He_worst,36,height,2.711681859834184,0.0019300314597785473
detached,He_worst,36,orientation,171.5034168482639,-0.0065093799494206905
detached,He_worst,36,wwr,0.114584688350253,-0.3514801561832428
detached,He_worst,36,wallInsulationThickness,0.1647506192018448,-0.006344297435134649
detached,He_worst,36,roofInsulationThickness,0.1922524952586612,-0.006858398672193289
detached,He_worst,36,slabInsulationThickness,0.0979685546018444,0.0003882712626364082
detached,He_worst,36,u_windows,2.354409183338147,-0.0036858725361526012
detached,He_worst,36,g_value,0.5408902179513044,0.08538679033517838
detached,He_worst,36,roofAbsorptance,0.5643919015645971,-0.006724845618009567
detached,He_worst,36,flowCoefficient,0.0097545035617694,-0.002989544067531824
detached,He_worst,36,wof,0.169730664977113,0.0486699678003788
detached,He_worst,36,fixedShadingDepth,0.1570088591155947,0.051030971109867096
detached,He_worst,37,width,6.416510486287905,0.023112798109650612
detached,He_worst,37,length,7.910977771794194,0.018110165372490883
detached,He_worst,37,height,2.919340288191973,0.02506330795586109
detached,He_worst,37,orientation,23.50863016344806,-0.00030579708982259035
detached,He_worst,37,wwr,0.2531902543368214,0.01905231922864914
detached,He_worst,37,wallInsulationThickness,0.2002795967907527,-0.002859510015696287
detached,He_worst,37,roofInsulationThickness,0.2375211528330769,-0.002032245509326458
detached,He_worst,37,slabInsulationThickness,0.1220510374894794,-0.0022213777992874384
detached,He_worst,37,u_windows,4.741855019986214,-0.018618691712617874
detached,He_worst,37,g_value,0.5484342378424796,0.158141627907753
detached,He_worst,37,roofAbsorptance,0.4596854916455996,-0.009166560135781765
detached,He_worst,37,flowCoefficient,0.0037667307192838,0.00428504915907979
detached,He_worst,37,wof,0.1135237790885297,0.2039673775434494
detached,He_worst,37,fixedShadingDepth,0.7098061831636542,-0.07671327888965607
detached,He_worst,38,width,9.481574519180317,-0.012152652256190777
detached,He_worst,38,length,7.119613770799944,0.012759435921907425
detached,He_worst,38,height,2.50932792484009,-0.010681336745619774
detached,He_worst,38,orientation,37.26769083226332,-0.0018320033559575677
detached,He_worst,38,wwr,0.1147432344506626,-0.1648271679878235
detached,He_worst,38,wallInsulationThickness,0.223351927646772,-0.006441142410039902
detached,He_worst,38,roofInsulationThickness,0.1720902617128024,-0.010592261329293251
detached,He_worst,38,slabInsulationThickness,0.1083991301560626,-0.0011265809880569577
detached,He_worst,38,u_windows,4.440071240832185,-0.003263516817241907
detached,He_worst,38,g_value,0.2866523990376013,-0.10084690898656845
detached,He_worst,38,roofAbsorptance,0.739276862706256,0.008861012756824493
detached,He_worst,38,flowCoefficient,0.0086448654182477,-0.0006115063442848623
detached,He_worst,38,wof,0.7526003007662156,-0.011433875188231468
detached,He_worst,38,fixedShadingDepth,0.0046741490490835,0.03349894657731056
detached,He_worst,39,width,9.84300344168258,-0.012087869457900524
detached,He_worst,39,length,9.138222473463369,-0.001885297242552042
detached,He_worst,39,height,2.723813192596693,0.0017694812268018723
detached,He_worst,39,orientation,245.24742252003935,-0.0003890244697686285
detached,He_worst,39,wwr,0.3136433395969034,0.058888208121061325
detached,He_worst,39,wallInsulationThickness,0.2702019297201576,-0.003078352427110076
detached,He_worst,39,roofInsulationThickness,0.3118280177180568,-0.008046375587582588
detached,He_worst,39,slabInsulationThickness,0.1446924776337157,0.003608740633353591
detached,He_worst,39,u_windows,3.5804559677641343,-0.005665330681949854
detached,He_worst,39,g_value,0.2105469523620372,-0.18941940367221832
detached,He_worst,39,roofAbsorptance,0.8004417799914405,0.013591174967586994
detached,He_worst,39,flowCoefficient,0.0029498440069219,0.0008136052056215703
detached,He_worst,39,wof,0.558556979457732,-0.018764464184641838
detached,He_worst,39,fixedShadingDepth,0.8408466129582114,-0.05633464828133583
detached,He_worst,40,width,9.534228589658284,-0.019064469262957573
detached,He_worst,40,length,6.854352225628706,0.02030748501420021
detached,He_worst,40,height,2.6152406121735545,-0.0017039800295606256
detached,He_worst,40,orientation,74.19973141015655,-0.003796062432229519
detached,He_worst,40,wwr,0.2274631450385507,-0.04438392445445061
detached,He_worst,40,wallInsulationThickness,0.0989965417857362,0.0026443018577992916
detached,He_worst,40,roofInsulationThickness,0.3434955829033067,0.002192615531384945
detached,He_worst,40,slabInsulationThickness,0.0274839410470723,-0.00186840386595577
detached,He_worst,40,u_windows,4.803208964551885,-0.010306121781468391
detached,He_worst,40,g_value,0.5638411099114974,0.10189729183912277
detached,He_worst,40,roofAbsorptance,0.4371768015831915,-0.014188225381076336
detached,He_worst,40,flowCoefficient,0.0083010761289471,-9.985653014155105e-05
detached,He_worst,40,wof,0.6076833531626185,-0.03613824024796486
detached,He_worst,40,fixedShadingDepth,0.6557752338794383,-0.03777571767568588
detached,He_worst,41,width,7.333036551558784,0.008746946230530739
detached,He_worst,41,length,8.75514446256654,0.002456387970596552
detached,He_worst,41,height,2.971792259216863,0.022647127509117126
detached,He_worst,41,orientation,63.67227974871041,-0.006197843700647354
detached,He_worst,41,wwr,0.2990263394057433,0.07440537959337234
detached,He_worst,41,wallInsulationThickness,0.2538300547618573,-0.004950260277837515
detached,He_worst,41,roofInsulationThickness,0.0389923815624819,0.018391896039247513
detached,He_worst,41,slabInsulationThickness,0.1369021447998142,0.0023994704242795706
detached,He_worst,41,u_windows,2.5302509323185545,0.0012703994289040565
detached,He_worst,41,g_value,0.5120557695150676,0.06197619065642357
detached,He_worst,41,roofAbsorptance,0.7647396290941151,0.021195804700255394
detached,He_worst,41,flowCoefficient,0.0084275773284953,-0.001992634730413556
detached,He_worst,41,wof,0.2913182016998633,0.007858828641474247
detached,He_worst,41,fixedShadingDepth,0.8992847325139509,-0.10805915296077728
detached,He_worst,42,width,9.79616218055438,-0.0252403374761343
detached,He_worst,42,length,8.349733885376324,0.008631633594632149
detached,He_worst,42,height,2.479017171189451,-0.015455036424100399
detached,He_worst,42,orientation,128.84900928053708,-0.00010086820839205757
detached,He_worst,42,wwr,0.3186184972873864,0.08502467721700668
detached,He_worst,42,wallInsulationThickness,0.0165590204042528,0.020859060809016228
detached,He_worst,42,roofInsulationThickness,0.0793528607117103,0.014650655910372734
detached,He_worst,42,slabInsulationThickness,0.0246425172828014,-0.002089498331770301
detached,He_worst,42,u_windows,1.7678697226116975,0.0033122054301202297
detached,He_worst,42,g_value,0.3364047649129878,-0.16132187843322754
detached,He_worst,42,roofAbsorptance,0.630748210674422,0.007756053004413843
detached,He_worst,42,flowCoefficient,0.0085876222108727,0.00014081351400818676
detached,He_worst,42,wof,0.3516119947082624,-0.0031668217852711678
detached,He_worst,42,fixedShadingDepth,0.0194232358529776,0.06417213380336761
detached,He_worst,43,width,8.19666307776459,0.00215839222073555
detached,He_worst,43,length,6.477449835806631,0.057328078895807266
detached,He_worst,43,height,2.723065808823888,0.004012096673250198
detached,He_worst,43,orientation,272.17357334040264,-0.003721505170688033
detached,He_worst,43,wwr,0.3932644117101384,0.45043057203292847
detached,He_worst,43,wallInsulationThickness,0.2781747234549451,-0.00018742687825579196
detached,He_worst,43,roofInsulationThickness,0.1453109793863595,0.003940872382372618
detached,He_worst,43,slabInsulationThickness,0.0821797827602308,-0.0030260623898357153
detached,He_worst,43,u_windows,4.969659310380239,-0.019394459202885628
detached,He_worst,43,g_value,0.6626993241597701,0.435967355966568
detached,He_worst,43,roofAbsorptance,0.6143934069963177,-0.004967710003256798
detached,He_worst,43,flowCoefficient,0.0070336050331253,0.002286297967657447
detached,He_worst,43,wof,0.6063592987195014,-0.07501210272312164
detached,He_worst,43,fixedShadingDepth,0.277203445845551,0.09021839499473572
detached,He_worst,44,width,9.22012003883313,-0.012528082355856895
detached,He_worst,44,length,7.883441117482146,0.007022466976195574
detached,He_worst,44,height,2.835866365326649,0.010131988674402237
detached,He_worst,44,orientation,160.281656334784,-0.00037378116394393146
detached,He_worst,44,wwr,0.3766618873994976,0.1514449417591095
detached,He_worst,44,wallInsulationThickness,0.0294884132349184,0.011705427430570126
detached,He_worst,44,roofInsulationThickness,0.1783732722877808,-0.004652038216590881
detached,He_worst,44,slabInsulationThickness,0.1092064912509075,-0.0008912839111872017
detached,He_worst,44,u_windows,1.6058912096313414,0.003990304656326771
detached,He_worst,44,g_value,0.2090129743622633,-0.25826191902160645
detached,He_worst,44,roofAbsorptance,0.6641316128467954,0.003189978888258338
detached,He_worst,44,flowCoefficient,0.0092224047868649,-0.0025199155788868666
detached,He_worst,44,wof,0.519451254182339,-0.015591022558510303
detached,He_worst,44,fixedShadingDepth,0.7758985760634466,-0.053642746061086655
detached,He_worst,45,width,6.325002326812354,0.020389193668961525
detached,He_worst,45,length,10.85050750897916,-0.019745133817195892
detached,He_worst,45,height,2.578563048131835,-0.01049463264644146
detached,He_worst,45,orientation,69.87467195571976,-0.010387743823230267
detached,He_worst,45,wwr,0.1555236785183109,-0.24142783880233765
detached,He_worst,45,wallInsulationThickness,0.2359028126224877,-0.008708827197551727
detached,He_worst,45,roofInsulationThickness,0.0691304706112995,0.0046897088177502155
detached,He_worst,45,slabInsulationThickness,0.1362695428210921,0.0028502577915787697
detached,He_worst,45,u_windows,1.971037239280356,-0.003073016880080104
detached,He_worst,45,g_value,0.6110760449054191,0.14395220577716827
detached,He_worst,45,roofAbsorptance,0.420123226228743,-0.03156829625368118
detached,He_worst,45,flowCoefficient,0.0058215903526081,0.0015045797917991877
detached,He_worst,45,wof,0.6462532583098184,-0.03727017715573311
detached,He_worst,45,fixedShadingDepth,0.2521736284539503,0.03750678151845932
detached,He_worst,46,width,9.3475301436409,-0.02487512305378914
detached,He_worst,46,length,10.64696926391885,-0.03220759332180023
detached,He_worst,46,height,2.5519981614088287,-0.012914967723190784
detached,He_worst,46,orientation,225.13389907181136,0.0062463716603815556
detached,He_worst,46,wwr,0.285164214650955,0.07672194391489029
detached,He_worst,46,wallInsulationThickness,0.2638859662433088,-0.00899969507008791
detached,He_worst,46,roofInsulationThickness,0.0347060405655345,0.01348700001835823
detached,He_worst,46,slabInsulationThickness,0.0143657468984511,-0.002392393071204424
detached,He_worst,46,u_windows,4.8873530224005215,-0.013338220305740833
detached,He_worst,46,g_value,0.5406079526103578,0.13119280338287354
detached,He_worst,46,roofAbsorptance,0.4462987559930776,-0.029016291722655296
detached,He_worst,46,flowCoefficient,0.0047171896596976,0.0018425706075504422
detached,He_worst,46,wof,0.1766647280585309,0.0959249809384346
detached,He_worst,46,fixedShadingDepth,0.1662078037763057,0.06566683948040009
detached,He_worst,47,width,9.826665974675054,-0.021719997748732567
detached,He_worst,47,length,9.409182812782603,-0.006773907691240311
detached,He_worst,47,height,2.6133569785895623,-0.006814761087298393
detached,He_worst,47,orientation,42.03908473099639,0.0028656625654548407
detached,He_worst,47,wwr,0.3414582027200459,0.12097661942243576
detached,He_worst,47,wallInsulationThickness,0.0417787226729108,0.010324819944798946
detached,He_worst,47,roofInsulationThickness,0.3245377129742627,-0.008356302045285702
detached,He_worst,47,slabInsulationThickness,0.0404278626294143,-0.0014690724201500416
detached,He_worst,47,u_windows,2.8967910224000466,-0.008052916266024113
detached,He_worst,47,g_value,0.3470310053462783,-0.1353597790002823
detached,He_worst,47,roofAbsorptance,0.8645316649477586,0.016732363030314445
detached,He_worst,47,flowCoefficient,0.0029062906938605,0.001903616706840694
detached,He_worst,47,wof,0.3097213185999173,0.0067595490254461765
detached,He_worst,47,fixedShadingDepth,0.8849335195490157,-0.09711907058954239
detached,He_worst,48,width,6.740022792202961,0.021379103884100914
detached,He_worst,48,length,10.40454507639389,-0.0219950620085001
detached,He_worst,48,height,2.4609775156101805,-0.025401128455996513
detached,He_worst,48,orientation,185.13562332653748,-0.001444167224690318
detached,He_worst,48,wwr,0.3162770684316811,0.135786771774292
detached,He_worst,48,wallInsulationThickness,0.1960465034505503,-0.0059574563056230545
detached,He_worst,48,roofInsulationThickness,0.0891320246015504,0.0033885622397065163
detached,He_worst,48,slabInsulationThickness,0.1675052398644788,0.0023539087269455194
detached,He_worst,48,u_windows,2.605280952278698,-0.003867322811856866
detached,He_worst,48,g_value,0.444051385742376,-0.024082623422145844
detached,He_worst,48,roofAbsorptance,0.3571131873765035,-0.03391391411423683
detached,He_worst,48,flowCoefficient,0.0108298703877839,-9.375267836730927e-05
detached,He_worst,48,wof,0.2491722276156482,0.02519455924630165
detached,He_worst,48,fixedShadingDepth,0.4703940226944597,0.010171999223530293
detached,He_worst,49,width,6.291189490837044,0.014994030818343163
detached,He_worst,49,length,10.35062056872524,-0.007896333001554012
detached,He_worst,49,height,2.96535312335838,0.01541520282626152
detached,He_worst,49,orientation,6.077684580551916,0.003835129551589489
detached,He_worst,49,wwr,0.1186556629094944,-0.15752653777599335
detached,He_worst,49,wallInsulationThickness,0.0564769791340265,0.0034469496458768845
detached,He_worst,49,roofInsulationThickness,0.2550570886473755,-0.004207317717373371
detached,He_worst,49,slabInsulationThickness,0.0189886594904284,-0.00046162211219780147
detached,He_worst,49,u_windows,1.3183641315909085,0.007315691094845533
detached,He_worst,49,g_value,0.299003238646314,-0.0861254632472992
detached,He_worst,49,roofAbsorptance,0.372107044883766,-0.01480131782591343
detached,He_worst,49,flowCoefficient,0.001989045503341,-0.0014980824198573828
detached,He_worst,49,wof,0.4308323940823392,-0.005434481427073479
detached,He_worst,49,fixedShadingDepth,0.9706990607512598,-0.04873208329081535
detached,He_worst,50,width,8.658437944832826,-0.011850644834339619
detached,He_worst,50,length,9.277452753658228,-0.00793231837451458
detached,He_worst,50,height,2.863760758701896,0.018459497019648552
detached,He_worst,50,orientation,29.14219338899812,0.0015206396346911788
detached,He_worst,50,wwr,0.1957591153888088,-0.10165029019117355
detached,He_worst,50,wallInsulationThickness,0.2612128468968002,-0.006478714756667614
detached,He_worst,50,roofInsulationThickness,0.106423946477781,0.0014496141811832786
detached,He_worst,50,slabInsulationThickness,0.1350357851267528,0.0032186962198466063
detached,He_worst,50,u_windows,2.446980126697527,-0.003962712828069925
detached,He_worst,50,g_value,0.4320044008098631,-0.027545977383852005
detached,He_worst,50,roofAbsorptance,0.512491616794943,-0.010528519749641418
detached,He_worst,50,flowCoefficient,0.0101349920049646,-0.0034297453239560127
detached,He_worst,50,wof,0.1647228529578724,0.05951230973005295
detached,He_worst,50,fixedShadingDepth,0.307592065403295,0.036157961934804916
detached,He_worst,51,width,8.913959114033714,-0.013582350686192513
detached,He_worst,51,length,10.830624458130623,-0.026912497356534004
detached,He_worst,51,height,2.6068646562767968,-0.00857132114470005
detached,He_worst,51,orientation,289.83787952327987,-0.0028049498796463013
detached,He_worst,51,wwr,0.3003989926323755,0.07388944923877716
detached,He_worst,51,wallInsulationThickness,0.0479482111013259,0.006815981585532427
detached,He_worst,51,roofInsulationThickness,0.2164654098864339,-0.005595335271209478
detached,He_worst,51,slabInsulationThickness,0.0547646630250828,-0.001560316188260913
detached,He_worst,51,u_windows,1.4433985993374492,0.007018617819994688
detached,He_worst,51,g_value,0.4071746859526384,-0.050109587609767914
detached,He_worst,51,roofAbsorptance,0.5027068912226137,-0.006590426899492741
detached,He_worst,51,flowCoefficient,0.0058841827981999,0.0004412165726535022
detached,He_worst,51,wof,0.6433962757372681,-0.02553211897611618
detached,He_worst,51,fixedShadingDepth,0.7102764372248781,-0.05636853724718094
detached,He_worst,52,width,9.628114463520074,-0.02067393623292446
detached,He_worst,52,length,9.525880379964944,-0.009252688847482204
detached,He_worst,52,height,2.98395041754949,0.02536304108798504
detached,He_worst,52,orientation,349.7481564049172,0.004714659880846739
detached,He_worst,52,wwr,0.1660429460226518,-0.1714009940624237
detached,He_worst,52,wallInsulationThickness,0.2411889200942927,-0.006246630568057299
detached,He_worst,52,roofInsulationThickness,0.1141784519008468,0.0030665602535009384
detached,He_worst,52,slabInsulationThickness,0.0550067778245722,-0.00123165815602988
detached,He_worst,52,u_windows,4.195885846354261,-0.006344189401715994
detached,He_worst,52,g_value,0.4151962403047013,-0.05402982234954834
detached,He_worst,52,roofAbsorptance,0.6191903081957117,0.006762288045138121
detached,He_worst,52,flowCoefficient,0.0021480357509616,0.00021677708718925714
detached,He_worst,52,wof,0.1306318054981357,0.07390287518501282
detached,He_worst,52,fixedShadingDepth,0.4033090176196339,0.019680820405483246
detached,He_worst,53,width,8.03085230939595,0.007810099050402641
detached,He_worst,53,length,7.436450045514391,0.03563768416643143
detached,He_worst,53,height,2.4844592599689084,-0.026409421116113663
detached,He_worst,53,orientation,103.20285379229207,-0.011147393845021725
detached,He_worst,53,wwr,0.3840807726890226,0.4079347848892212
detached,He_worst,53,wallInsulationThickness,0.1995250638307228,0.00012500229058787227
detached,He_worst,53,roofInsulationThickness,0.1056803197363387,0.002754973014816642
detached,He_worst,53,slabInsulationThickness,0.146817144842671,0.0019337218254804611
detached,He_worst,53,u_windows,4.9104267985956955,-0.02918262407183647
detached,He_worst,53,g_value,0.6235724997646943,0.35793283581733704
detached,He_worst,53,roofAbsorptance,0.8880851607177023,0.05359222739934921
detached,He_worst,53,flowCoefficient,0.0109226869505661,-0.0010269893100485206
detached,He_worst,53,wof,0.7819352380977336,-0.061847638338804245
detached,He_worst,53,fixedShadingDepth,0.1538608914241393,0.1469607800245285
detached,He_worst,54,width,6.42825807182984,0.02077523060142994
detached,He_worst,54,length,7.828009484292842,0.009370732121169567
detached,He_worst,54,height,2.9347691782406264,0.030174726620316505
detached,He_worst,54,orientation,71.52317578696935,-0.005700742360204458
detached,He_worst,54,wwr,0.3266597522764705,0.14109055697917938
detached,He_worst,54,wallInsulationThickness,0.0469605902898418,0.00399962579831481
detached,He_worst,54,roofInsulationThickness,0.317785396958084,0.001511988928541541
detached,He_worst,54,slabInsulationThickness,0.1900382714616703,-0.00029117942904122174
detached,He_worst,54,u_windows,2.299860657374868,0.001209162874147296
detached,He_worst,54,g_value,0.4245014358196106,-0.05553421005606651
detached,He_worst,54,roofAbsorptance,0.5567058273554784,-0.00293752271682024
detached,He_worst,54,flowCoefficient,0.0065883031248157,0.0007738096755929291
detached,He_worst,54,wof,0.7172797089090468,-0.03347129374742508
detached,He_worst,54,fixedShadingDepth,0.7401424534044072,-0.062105365097522736
detached,He_worst,55,width,8.370304063795249,-0.0038026142865419388
detached,He_worst,55,length,9.635416484450335,-0.008050641976296902
detached,He_worst,55,height,2.66156113467683,-0.0038572833873331547
detached,He_worst,55,orientation,252.2293767590124,-0.002096273237839341
detached,He_worst,55,wwr,0.3660809751473102,0.16110874712467194
detached,He_worst,55,wallInsulationThickness,0.1993105036801634,-0.004512819927185774
detached,He_worst,55,roofInsulationThickness,0.0648912299004779,0.004363601561635733
detached,He_worst,55,slabInsulationThickness,0.1087923782170989,-0.0004297962295822799
detached,He_worst,55,u_windows,0.8723328447714561,0.049897436052560806
detached,He_worst,55,g_value,0.2076299589993625,-0.282397985458374
detached,He_worst,55,roofAbsorptance,0.535599475116382,-0.010393998585641384
detached,He_worst,55,flowCoefficient,0.0053987946973851,0.0034048189409077168
detached,He_worst,55,wof,0.6759751797995779,-0.027479548007249832
detached,He_worst,55,fixedShadingDepth,0.61117017233047,-0.03180191293358803
detached,He_worst,56,width,8.337774390103736,-0.005081056617200375
detached,He_worst,56,length,7.539656298941785,0.01120526622980833
detached,He_worst,56,height,2.639085878239776,0.001585164456628263
detached,He_worst,56,orientation,302.6621067998059,0.001925577875226736
detached,He_worst,56,wwr,0.2245656303502686,-0.049769941717386246
detached,He_worst,56,wallInsulationThickness,0.1849227856086564,-0.003536259289830923
detached,He_worst,56,roofInsulationThickness,0.1975237107258076,-0.003164692549034953
detached,He_worst,56,slabInsulationThickness,0.179572757910583,0.0016082368092611432
detached,He_worst,56,u_windows,1.9447331350992303,0.0008695931755937636
detached,He_worst,56,g_value,0.4675176988012928,-0.0017257553990930319
detached,He_worst,56,roofAbsorptance,0.3055554033819287,-0.02059127762913704
detached,He_worst,56,flowCoefficient,0.0094808864780558,-0.0017942734993994236
detached,He_worst,56,wof,0.3748966950939219,-0.007061515934765339
detached,He_worst,56,fixedShadingDepth,0.8683420350741685,-0.07030900567770004
detached,He_worst,57,width,9.31494702124682,-0.016100380569696426
detached,He_worst,57,length,11.25699473432946,-0.0200571957975626
detached,He_worst,57,height,2.5907003290529618,-0.008999839425086975
detached,He_worst,57,orientation,249.10514675481224,-0.0030787980649620295
detached,He_worst,57,wwr,0.2861017087537408,0.03464046120643616
detached,He_worst,57,wallInsulationThickness,0.0245448667748423,0.01611986756324768
detached,He_worst,57,roofInsulationThickness,0.1914035152505663,-0.005638764705508947
detached,He_worst,57,slabInsulationThickness,0.1132469414361353,-0.0016186450375244021
detached,He_worst,57,u_windows,3.920779432929981,-0.007514108903706074
detached,He_worst,57,g_value,0.3271358442720622,-0.11333663761615753
detached,He_worst,57,roofAbsorptance,0.3826010345623648,-0.016871033236384392
detached,He_worst,57,flowCoefficient,0.0103892496558759,-0.0025955517776310444
detached,He_worst,57,wof,0.5954048888553402,-0.021494140848517418
detached,He_worst,57,fixedShadingDepth,0.837469269307985,-0.05348481237888336
detached,He_worst,58,width,7.47956143609766,0.004442092031240463
detached,He_worst,58,length,9.895565285706184,-0.014006153680384159
detached,He_worst,58,height,2.6804311706682973,0.0025089657865464687
detached,He_worst,58,orientation,307.14800350300584,0.0021533069666475058
detached,He_worst,58,wwr,0.2525860166228396,-0.004898273851722479
detached,He_worst,58,wallInsulationThickness,0.0140644329707,0.02912243641912937
detached,He_worst,58,roofInsulationThickness,0.140888082298738,-0.0009898666758090258
detached,He_worst,58,slabInsulationThickness,0.1163918171897433,-0.00023293310368899256
detached,He_worst,58,u_windows,2.7273558019521227,-0.009431794285774231
detached,He_worst,58,g_value,0.2066170770355303,-0.24754048883914948
detached,He_worst,58,roofAbsorptance,0.6614227227017433,0.0058614714071154594
detached,He_worst,58,flowCoefficient,0.005361420991361,0.00276325480081141
detached,He_worst,58,wof,0.1228358231675311,0.10179227590560913
detached,He_worst,58,fixedShadingDepth,0.5168211139962062,0.004661018028855324
detached,He_worst,59,width,7.158366359865042,0.008148491382598877
detached,He_worst,59,length,10.592175943401958,-0.025314901024103165
detached,He_worst,59,height,2.8453352190295194,0.014623314142227173
detached,He_worst,59,orientation,328.5810659140752,0.005026278086006641
detached,He_worst,59,wwr,0.1776096039021511,-0.17929355800151825
detached,He_worst,59,wallInsulationThickness,0.1013419545319539,0.0015661290381103754
detached,He_worst,59,roofInsulationThickness,0.1731725994512023,-0.004637470003217459
detached,He_worst,59,slabInsulationThickness,0.0861746867369222,-0.0002235412539448589
detached,He_worst,59,u_windows,3.042165692355227,-0.011353525333106518
detached,He_worst,59,g_value,0.5857137714607854,0.10016196221113205
detached,He_worst,59,roofAbsorptance,0.5517234236037678,-0.00685987388715148
detached,He_worst,59,flowCoefficient,0.0023446787505221,-0.0002874603378586471
detached,He_worst,59,wof,0.115181748698304,0.1098397970199585
detached,He_worst,59,fixedShadingDepth,0.9703212559123008,-0.09859202057123184
detached,He_worst,60,width,6.136775483733042,0.026132116094231606
detached,He_worst,60,length,7.632948707732988,0.010465448722243309
detached,He_worst,60,height,2.5882393199922507,-0.012010067701339722
detached,He_worst,60,orientation,211.85518405316276,0.004776581656187773
detached,He_worst,60,wwr,0.3657885930223979,0.22608999907970428
detached,He_worst,60,wallInsulationThickness,0.0719188026271163,0.005213764030486345
detached,He_worst,60,roofInsulationThickness,0.2866662367645408,-0.008939026854932308
detached,He_worst,60,slabInsulationThickness,0.0155149165446327,0.0010150428861379623
detached,He_worst,60,u_windows,2.1033869962378615,-0.0014264282071962953
detached,He_worst,60,g_value,0.3291162626454216,-0.21842356026172638
detached,He_worst,60,roofAbsorptance,0.689303414424274,0.00443712342530489
detached,He_worst,60,flowCoefficient,0.0119125008572426,-0.0010664256988093257
detached,He_worst,60,wof,0.4726492933158919,-0.015939146280288696
detached,He_worst,60,fixedShadingDepth,0.1981530943480642,0.06758826225996017
detached,He_worst,61,width,7.8742303748945,-4.3940424802713096e-05
detached,He_worst,61,length,7.480228848448893,0.007121789734810591
detached,He_worst,61,height,2.463575364627363,-0.016526147723197937
detached,He_worst,61,orientation,141.99105775668127,0.0016295916866511106
detached,He_worst,61,wwr,0.1002884688632989,-0.190225288271904
detached,He_worst,61,wallInsulationThickness,0.1805043409983758,-0.006105160340666771
detached,He_worst,61,roofInsulationThickness,0.0748912452391611,0.022434834390878677
detached,He_worst,61,slabInsulationThickness,0.0166298441065744,0.0003125291259493679
detached,He_worst,61,u_windows,2.352549205377085,-0.0008862573304213583
detached,He_worst,61,g_value,0.3628408679355793,-0.059107813984155655
detached,He_worst,61,roofAbsorptance,0.7300106565405442,0.018697764724493027
detached,He_worst,61,flowCoefficient,0.0019778631280022,-0.0017018963117152452
detached,He_worst,61,wof,0.6338972286919654,-0.01563391089439392
detached,He_worst,61,fixedShadingDepth,0.3246872308252075,0.0157320536673069
detached,He_worst,62,width,9.968515755495895,-0.013898658566176891
detached,He_worst,62,length,11.161500947175622,-0.017361298203468323
detached,He_worst,62,height,2.61314274414309,-0.006055931095033884
detached,He_worst,62,orientation,111.05084292476198,-0.0011791515862569213
detached,He_worst,62,wwr,0.1970217428307531,-0.1047990620136261
detached,He_worst,62,wallInsulationThickness,0.0352429039984033,0.012986291199922562
detached,He_worst,62,roofInsulationThickness,0.180786226645274,-0.005651325918734074
detached,He_worst,62,slabInsulationThickness,0.0101525813790415,-0.0013382966862991452
detached,He_worst,62,u_windows,4.483002672609691,-0.007092020008713007
detached,He_worst,62,g_value,0.6845919523044643,0.17460958659648895
detached,He_worst,62,roofAbsorptance,0.767777789737258,0.013514049351215363
detached,He_worst,62,flowCoefficient,0.008881933059872,0.0013195243664085865
detached,He_worst,62,wof,0.669253277735173,-0.03083266317844391
detached,He_worst,62,fixedShadingDepth,0.9688621846595924,-0.11096183210611343
detached,He_worst,63,width,8.144383302981936,0.0006158179603517056
detached,He_worst,63,length,9.968117066722682,-0.04565207287669182
detached,He_worst,63,height,2.6608255333597097,-0.0030840621329844
detached,He_worst,63,orientation,232.1783707639971,0.0017756258603185415
detached,He_worst,63,wwr,0.3638868749902501,0.42754775285720825
detached,He_worst,63,wallInsulationThickness,0.195867722248431,-0.0017826074035838246
detached,He_worst,63,roofInsulationThickness,0.0893716411105748,0.01222706213593483
detached,He_worst,63,slabInsulationThickness,0.0704921470895112,-0.0019247946329414845
detached,He_worst,63,u_windows,3.2293631349947063,-0.028979940339922905
detached,He_worst,63,g_value,0.6577322739090772,0.44700372219085693
detached,He_worst,63,roofAbsorptance,0.7359865904615848,0.021235890686511993
detached,He_worst,63,flowCoefficient,0.011437975879227,-0.008791686035692692
detached,He_worst,63,wof,0.2231308162657784,0.05773629993200302
detached,He_worst,63,fixedShadingDepth,0.2234151516980686,0.11689765006303787
detached,He_worst,64,width,7.631220339493044,-0.0008610843797214329
detached,He_worst,64,length,6.220888035292024,0.022638723254203796
detached,He_worst,64,height,2.94490987402436,0.01652921549975872
detached,He_worst,64,orientation,335.52226279149465,0.004255227744579315
detached,He_worst,64,wwr,0.1408212998201702,-0.22688789665699005
detached,He_worst,64,wallInsulationThickness,0.0178336128473744,0.025570223107933998
detached,He_worst,64,roofInsulationThickness,0.0474329727237955,0.012730303220450878
detached,He_worst,64,slabInsulationThickness,0.190967959289533,-0.000956572825089097
detached,He_worst,64,u_windows,2.6306079104933495,-0.002447178354486823
detached,He_worst,64,g_value,0.6474257531048275,0.13994041085243225
detached,He_worst,64,roofAbsorptance,0.3842786938363576,-0.028427058830857277
detached,He_worst,64,flowCoefficient,0.0108403434218293,0.0014438792131841183
detached,He_worst,64,wof,0.7419366347323383,-0.026059914380311966
detached,He_worst,64,fixedShadingDepth,0.8051975130006648,-0.062489692121744156
detached,He_worst,65,width,7.837437209110411,0.005161026958376169
detached,He_worst,65,length,7.474029419848907,0.016163580119609833
detached,He_worst,65,height,2.6282596192801027,-0.0030041555874049664
detached,He_worst,65,orientation,310.5517518821312,0.0023125838488340378
detached,He_worst,65,wwr,0.2583067920645457,-0.005040300544351339
detached,He_worst,65,wallInsulationThickness,0.0541626943383035,0.011023426428437233
detached,He_worst,65,roofInsulationThickness,0.2815270248040862,-0.010035699233412743
detached,He_worst,65,slabInsulationThickness,0.1145081066919837,-0.00023893047182355076
detached,He_worst,65,u_windows,2.5901383416099906,-0.0038996210787445307
detached,He_worst,65,g_value,0.329777775114231,-0.17023403942584991
detached,He_worst,65,roofAbsorptance,0.6649762673239761,0.006231224630028009
detached,He_worst,65,flowCoefficient,0.0015632294790079,0.0023817983455955982
detached,He_worst,65,wof,0.1371158869543594,0.07512257248163223
detached,He_worst,65,fixedShadingDepth,0.4904379570014711,0.013243600726127625
detached,He_worst,66,width,6.333474958794251,0.03174429014325142
detached,He_worst,66,length,8.63458107450208,0.016693061217665672
detached,He_worst,66,height,2.5029010362798183,-0.03100133314728737
detached,He_worst,66,orientation,224.29618452220075,0.006865873001515865
detached,He_worst,66,wwr,0.3981543892421872,0.4336925446987152
detached,He_worst,66,wallInsulationThickness,0.149222307166002,-0.0027449321933090687
detached,He_worst,66,roofInsulationThickness,0.3212220207175078,0.010491954162716866
detached,He_worst,66,slabInsulationThickness,0.0366306177818367,0.002662148093804717
detached,He_worst,66,u_windows,4.304181492910728,-0.025433382019400597
detached,He_worst,66,g_value,0.642085332477601,0.38919737935066223
detached,He_worst,66,roofAbsorptance,0.3226763252977261,-0.043025992810726166
detached,He_worst,66,flowCoefficient,0.0082764503176759,-0.010406493209302425
detached,He_worst,66,wof,0.3169190532060832,0.030495600774884224
detached,He_worst,66,fixedShadingDepth,0.3454788068835708,0.05320841446518898
detached,He_worst,67,width,9.486496906875717,-0.013158004730939865
detached,He_worst,67,length,9.592390984707356,-0.00923082884401083
detached,He_worst,67,height,2.4037702112042796,-0.020261390134692192
detached,He_worst,67,orientation,278.6704221954215,-0.00455061811953783
detached,He_worst,67,wwr,0.1335751006984639,-0.1639316976070404
detached,He_worst,67,wallInsulationThickness,0.2266463287604642,-0.008535507135093212
detached,He_worst,67,roofInsulationThickness,0.2203170249252025,-0.007625949569046497
detached,He_worst,67,slabInsulationThickness,0.10576727752613,-0.001594149274751544
detached,He_worst,67,u_windows,4.594408498890035,-0.003283726517111063
detached,He_worst,67,g_value,0.4210469752389907,-0.04161568358540535
detached,He_worst,67,roofAbsorptance,0.3500945864764817,-0.01505450252443552
detached,He_worst,67,flowCoefficient,0.0026895170700627,-0.0001706452458165586
detached,He_worst,67,wof,0.5470955752294011,-0.009741457179188728
detached,He_worst,67,fixedShadingDepth,0.5654904828745373,-0.003811096539720893
detached,He_worst,68,width,9.16352800547476,-0.02022465690970421
detached,He_worst,68,length,11.72471053353054,-0.023201610893011093
detached,He_worst,68,height,2.5161209989957936,-0.0230463445186615
detached,He_worst,68,orientation,142.470372266498,0.004529464524239302
detached,He_worst,68,wwr,0.3390035502364989,0.14138101041316986
detached,He_worst,68,wallInsulationThickness,0.229114260019892,-0.005039907991886139
detached,He_worst,68,roofInsulationThickness,0.2104126901839332,-0.00938967615365982
detached,He_worst,68,slabInsulationThickness,0.1741967159339506,0.003664877498522401
detached,He_worst,68,u_windows,3.3349314631202667,-0.011582594364881516
detached,He_worst,68,g_value,0.452772847938361,-0.027317628264427185
detached,He_worst,68,roofAbsorptance,0.8889625645536579,0.01995801366865635
detached,He_worst,68,flowCoefficient,0.003934464877349,0.001353565719909966
detached,He_worst,68,wof,0.5227715960998517,-0.019783010706305504
detached,He_worst,68,fixedShadingDepth,0.7364920972222799,-0.07088121026754379
detached,He_worst,69,width,7.752649974930804,0.004662549123167992
detached,He_worst,69,length,10.389367886188,-0.029002655297517776
detached,He_worst,69,height,2.7877478864903047,0.011717449873685837
detached,He_worst,69,orientation,124.3576514457104,0.0017736617010086775
detached,He_worst,69,wwr,0.2929435663871153,0.08049652725458145
detached,He_worst,69,wallInsulationThickness,0.054717786136252,0.009118624962866306
detached,He_worst,69,roofInsulationThickness,0.2436461306145813,-0.0031882792245596647
detached,He_worst,69,slabInsulationThickness,0.1617838758630258,0.002022305503487587
detached,He_worst,69,u_windows,3.1503531736743957,-0.008524748496711254
detached,He_worst,69,g_value,0.4585448974796458,0.001731876633130014
detached,He_worst,69,roofAbsorptance,0.4510907443117695,-0.015060254372656345
detached,He_worst,69,flowCoefficient,0.0034258972839222,0.0015592294512316585
detached,He_worst,69,wof,0.307420590406971,0.004073378164321184
detached,He_worst,69,fixedShadingDepth,0.5204462187525936,-0.004840417765080929
detached,He_worst,70,width,6.794219900726869,0.022264651954174042
detached,He_worst,70,length,10.7542642961016,-0.02635476365685463
detached,He_worst,70,height,2.942142147360303,0.033797916024923325
detached,He_worst,70,orientation,186.67948359957705,0.0005801233928650618
detached,He_worst,70,wwr,0.2370089676543094,-0.048706673085689545
detached,He_worst,70,wallInsulationThickness,0.2518625842048443,-0.00875615794211626
detached,He_worst,70,roofInsulationThickness,0.1736474964288611,-0.004394110292196274
detached,He_worst,70,slabInsulationThickness,0.0335534474479502,-0.002790198428556323
detached,He_worst,70,u_windows,1.2749287693810447,0.028763672336935997
detached,He_worst,70,g_value,0.4481272673352001,-0.03187185525894165
detached,He_worst,70,roofAbsorptance,0.6274960638362694,0.00549390260130167
detached,He_worst,70,flowCoefficient,0.0043766962194268,0.0018833060748875141
detached,He_worst,70,wof,0.1360273814324126,0.08548430353403091
detached,He_worst,70,fixedShadingDepth,0.3729546417746591,0.04045138508081436
detached,He_worst,71,width,7.92171562797397,0.0031345307361334562
detached,He_worst,71,length,8.952299442314686,4.807118239114061e-05
detached,He_worst,71,height,2.9124346505555687,0.017110783606767654
detached,He_worst,71,orientation,330.8486701592345,0.009363106451928616
detached,He_worst,71,wwr,0.2901358223549007,0.05537751317024231
detached,He_worst,71,wallInsulationThickness,0.0549813111683921,0.010326940566301346
detached,He_worst,71,roofInsulationThickness,0.0814154134330614,0.011439891532063484
detached,He_worst,71,slabInsulationThickness,0.1322350087939453,-0.0003828039043582976
detached,He_worst,71,u_windows,4.399094790806424,-0.0051284427754580975
detached,He_worst,71,g_value,0.2032507434095902,-0.267562597990036
detached,He_worst,71,roofAbsorptance,0.5141909342388746,-0.009648679755628109
detached,He_worst,71,flowCoefficient,0.003867714652447,0.0022452729754149914
detached,He_worst,71,wof,0.2586724257040364,0.026404516771435738
detached,He_worst,71,fixedShadingDepth,0.1871591053290151,0.05295921489596367
detached,He_worst,72,width,6.673467790368744,0.02278923988342285
detached,He_worst,72,length,11.901567796835906,-0.02579134702682495
detached,He_worst,72,height,2.764632228747207,0.006767068989574909
detached,He_worst,72,orientation,220.36948595144904,0.0029857915360480547
detached,He_worst,72,wwr,0.3394090639735171,0.17982697486877441
detached,He_worst,72,wallInsulationThickness,0.2502859528954309,-0.006959975231438875
detached,He_worst,72,roofInsulationThickness,0.2847103701610393,-0.002590436488389969
detached,He_worst,72,slabInsulationThickness,0.084262483368804,-0.0010992035968229175
detached,He_worst,72,u_windows,4.411886425463418,-0.013924201019108295
detached,He_worst,72,g_value,0.4796063388842526,-0.02464282140135765
detached,He_worst,72,roofAbsorptance,0.4760896460840342,-0.01675652526319027
detached,He_worst,72,flowCoefficient,0.0065950719562417,0.0009736359934322536
detached,He_worst,72,wof,0.6779421124150463,-0.03899366781115532
detached,He_worst,72,fixedShadingDepth,0.3892185443693806,0.038430314511060715
detached,He_worst,73,width,9.76744858310788,-0.016532443463802338
detached,He_worst,73,length,7.710338805580094,0.011565512046217918
detached,He_worst,73,height,2.5013901356622177,-0.02236310765147209
detached,He_worst,73,orientation,184.4238953734397,-0.0027453990187495947
detached,He_worst,73,wwr,0.2419933557051502,-0.019022639840841293
detached,He_worst,73,wallInsulationThickness,0.2274223902571438,-0.0064985197968780994
detached,He_worst,73,roofInsulationThickness,0.0671588959094493,0.013709979131817818
detached,He_worst,73,slabInsulationThickness,0.1801235865737498,0.0019452677806839347
detached,He_worst,73,u_windows,3.37837043302415,-0.009715814143419266
detached,He_worst,73,g_value,0.4827991083520519,-0.004094017669558525
detached,He_worst,73,roofAbsorptance,0.6611771409606482,0.009122095070779324
detached,He_worst,73,flowCoefficient,0.0011017869267587,0.0026403653901070356
detached,He_worst,73,wof,0.2336329237576908,0.01676487736403942
detached,He_worst,73,fixedShadingDepth,0.6658402163874395,-0.03800543397665024
detached,He_worst,74,width,6.1308621322603605,0.021276943385601044
detached,He_worst,74,length,7.840456470055845,0.00812732707709074
detached,He_worst,74,height,2.478473008216734,-0.01814020238816738
detached,He_worst,74,orientation,37.00787923982587,-0.00044811973930336535
detached,He_worst,74,wwr,0.3860773050587744,0.1799871176481247
detached,He_worst,74,wallInsulationThickness,0.0103367623768245,0.017442049458622932
detached,He_worst,74,roofInsulationThickness,0.2653742753536924,-0.004799434915184975
detached,He_worst,74,slabInsulationThickness,0.1383999970048369,0.0019223566632717848
detached,He_worst,74,u_windows,2.3282509818281243,0.0005078252870589495
detached,He_worst,74,g_value,0.2939782836953679,-0.1891808658838272
detached,He_worst,74,roofAbsorptance,0.7089670032030049,0.0030050063505768776
detached,He_worst,74,flowCoefficient,0.0092367159796321,-0.003526984015479684
detached,He_worst,74,wof,0.5796717717427662,-0.023857831954956055
detached,He_worst,74,fixedShadingDepth,0.7457653283824014,-0.05211906135082245
detached,He_worst,75,width,8.180667565669388,-0.0022067856043577194
detached,He_worst,75,length,9.615402938893936,-0.009676458314061165
detached,He_worst,75,height,2.668757570613592,0.00048017824883572757
detached,He_worst,75,orientation,13.074100980801038,-0.0009565307409502566
detached,He_worst,75,wwr,0.2087426998817739,-0.09140140563249588
detached,He_worst,75,wallInsulationThickness,0.1364357033765334,-0.0007582712569274008
detached,He_worst,75,roofInsulationThickness,0.0635141804942908,0.00514934491366148
detached,He_worst,75,slabInsulationThickness,0.1865581202067109,0.0020484107080847025
detached,He_worst,75,u_windows,4.9173534100608665,-0.008015947416424751
detached,He_worst,75,g_value,0.5436812807308438,0.08995205163955688
detached,He_worst,75,roofAbsorptance,0.4779059962065165,-0.017081402242183685
detached,He_worst,75,flowCoefficient,0.0077746126206796,-0.0015096673741936684
detached,He_worst,75,wof,0.6250960020614919,-0.04260219633579254
detached,He_worst,75,fixedShadingDepth,0.362358120952097,0.027803899720311165
detached,He_worst,76,width,7.941656750355262,0.0015954511472955346
detached,He_worst,76,length,10.768511556201084,-0.017133304849267006
detached,He_worst,76,height,2.8227122812322856,0.007140291389077902
detached,He_worst,76,orientation,68.30427708761283,-0.005078351125121117
detached,He_worst,76,wwr,0.1904144185787822,-0.07399632781744003
detached,He_worst,76,wallInsulationThickness,0.0501743017071089,0.009017850272357464
detached,He_worst,76,roofInsulationThickness,0.3020228244246362,-0.008587155491113663
detached,He_worst,76,slabInsulationThickness,0.1185136378868905,-0.0001600979594513774
detached,He_worst,76,u_windows,3.601169984353847,-0.0039724125526845455
detached,He_worst,76,g_value,0.2315369775975486,-0.16948458552360535
detached,He_worst,76,roofAbsorptance,0.6878458276237185,0.004731324966996908
detached,He_worst,76,flowCoefficient,0.0032253320129252,0.0022545726969838142
detached,He_worst,76,wof,0.4024120328828883,-0.005699267145246267
detached,He_worst,76,fixedShadingDepth,0.3722103026361469,0.01859012432396412
detached,He_worst,77,width,6.863727311593845,0.012841971591114998
detached,He_worst,77,length,11.682941361359893,-0.014409610070288181
detached,He_worst,77,height,2.7028707602405984,0.002468205289915204
detached,He_worst,77,orientation,190.091769748136,0.0015851161442697048
detached,He_worst,77,wwr,0.2614052354247071,0.0008486985461786389
detached,He_worst,77,wallInsulationThickness,0.0477336920759742,0.006793368607759476
detached,He_worst,77,roofInsulationThickness,0.1543105946008983,-0.007298443932086229
detached,He_worst,77,slabInsulationThickness,0.1519569819303236,0.002451981883496046
detached,He_worst,77,u_windows,1.2829571143229734,0.010942262597382069
detached,He_worst,77,g_value,0.3267933998742979,-0.11347441375255585
detached,He_worst,77,roofAbsorptance,0.814651914429873,0.015476799570024014
detached,He_worst,77,flowCoefficient,0.0033048479319256,-0.001716133556328714
detached,He_worst,77,wof,0.481367783985536,-0.014123951084911823
detached,He_worst,77,fixedShadingDepth,0.971368413197758,-0.07783238589763641
detached,He_worst,78,width,7.075052131571815,0.03066953271627426
detached,He_worst,78,length,10.142348004593526,-0.013342326506972313
detached,He_worst,78,height,2.4398811710166206,-0.04233867675065994
detached,He_worst,78,orientation,199.979329408546,0.005517095327377319
detached,He_worst,78,wwr,0.3845012871825339,0.3201777935028076
detached,He_worst,78,wallInsulationThickness,0.1791295180637921,-0.002153291366994381
detached,He_worst,78,roofInsulationThickness,0.2407260250685066,0.002326941816136241
detached,He_worst,78,slabInsulationThickness,0.1962663319166406,-0.0015370916808024049
detached,He_worst,78,u_windows,1.25991847993537,0.05946240574121475
detached,He_worst,78,g_value,0.5700151187400051,0.17748981714248657
detached,He_worst,78,roofAbsorptance,0.5387623040079488,-0.008601495064795017
detached,He_worst,78,flowCoefficient,0.0018777169091533,-0.0011343731312081218
detached,He_worst,78,wof,0.7892729035731023,-0.05191096290946007
detached,He_worst,78,fixedShadingDepth,0.5966332546012351,-0.017579590901732445
detached,He_worst,79,width,8.774047134963153,-0.009323252364993095
detached,He_worst,79,length,6.042987929285995,0.025269588455557823
detached,He_worst,79,height,2.5553364463201804,-0.014449111185967922
detached,He_worst,79,orientation,351.037554195273,0.005441371817141771
detached,He_worst,79,wwr,0.322915287163066,0.09336040914058685
detached,He_worst,79,wallInsulationThickness,0.237579345680243,-0.006384556647390127
detached,He_worst,79,roofInsulationThickness,0.2180246461563537,-0.009309272281825542
detached,He_worst,79,slabInsulationThickness,0.0403754336628878,-0.0010296613909304142
detached,He_worst,79,u_windows,1.493119460353679,0.005159310065209866
detached,He_worst,79,g_value,0.2664597243007386,-0.20823630690574646
detached,He_worst,79,roofAbsorptance,0.6941064279489144,0.00572128314524889
detached,He_worst,79,flowCoefficient,0.0117186995427895,0.004522888455539942
detached,He_worst,79,wof,0.7726630379310903,-0.02206542156636715
detached,He_worst,79,fixedShadingDepth,0.6182389874707049,-0.031230444088578224
detached,He_worst,80,width,6.0660935889501895,0.031990550458431244
detached,He_worst,80,length,9.27250926936687,-0.007752436213195324
detached,He_worst,80,height,2.558533675034388,-0.020175782963633537
detached,He_worst,80,orientation,230.54261089439672,0.004030462354421616
detached,He_worst,80,wwr,0.395012022309081,0.3441969156265259
detached,He_worst,80,wallInsulationThickness,0.1061306420860796,0.0031370732467621565
detached,He_worst,80,roofInsulationThickness,0.2827056700870047,-0.001053652144037187
detached,He_worst,80,slabInsulationThickness,0.1431978994012752,0.0016618462977930903
detached,He_worst,80,u_windows,4.157224780717887,-0.03265094384551048
detached,He_worst,80,g_value,0.5643479676970213,0.1770380288362503
detached,He_worst,80,roofAbsorptance,0.5635604957604032,-0.012095178477466106
detached,He_worst,80,flowCoefficient,0.0106447975181511,-0.0071601346135139465
detached,He_worst,80,wof,0.2478638398680289,0.04469851776957512
detached,He_worst,80,fixedShadingDepth,0.0754063805276923,0.08747249096632004
detached,He_worst,81,width,9.504361370662975,-0.029981493949890137
detached,He_worst,81,length,8.92014844522366,0.0022235161159187555
detached,He_worst,81,height,2.54774458029138,-0.010561199858784676
detached,He_worst,81,orientation,143.21634589412935,0.0023010841105133295
detached,He_worst,81,wwr,0.2979887416254418,0.06446464359760284
detached,He_worst,81,wallInsulationThickness,0.0262413090620247,0.00773670244961977
detached,He_worst,81,roofInsulationThickness,0.3210465992694071,0.0007867711246944964
detached,He_worst,81,slabInsulationThickness,0.0973757456948772,-0.0008179223514162004
detached,He_worst,81,u_windows,3.0381045768987613,-0.007469790056347847
detached,He_worst,81,g_value,0.5835230146483286,0.10234678536653519
detached,He_worst,81,roofAbsorptance,0.552070893482183,-0.007281342055648565
detached,He_worst,81,flowCoefficient,0.001404484686103,-0.00015101071039680392
detached,He_worst,81,wof,0.3884156019381168,-0.01591416448354721
detached,He_worst,81,fixedShadingDepth,0.9919736083096068,-0.10496547073125839
detached,He_worst,82,width,6.011499382475323,0.029609743505716324
detached,He_worst,82,length,7.758278984095165,0.012245433405041695
detached,He_worst,82,height,2.6876639646273603,0.004735421389341354
detached,He_worst,82,orientation,87.66289165373821,-0.01080812606960535
detached,He_worst,82,wwr,0.2812249976393707,0.05828007683157921
detached,He_worst,82,wallInsulationThickness,0.0579781468324684,0.011845379136502743
detached,He_worst,82,roofInsulationThickness,0.2100735158182923,-0.0049027251079678535
detached,He_worst,82,slabInsulationThickness,0.1430186734676699,0.004236603155732155
detached,He_worst,82,u_windows,4.539936060863892,-0.015457301400601864
detached,He_worst,82,g_value,0.5414344547535812,0.1216319352388382
detached,He_worst,82,roofAbsorptance,0.6468596250572201,0.005247393157333136
detached,He_worst,82,flowCoefficient,0.004696508309932,0.002019831445068121
detached,He_worst,82,wof,0.6548313217796096,-0.05707535520195961
detached,He_worst,82,fixedShadingDepth,0.4345550535896236,0.028156042098999023
detached,He_worst,83,width,8.542016171114803,-0.005196164362132549
detached,He_worst,83,length,7.16896925703497,0.023327449336647987
detached,He_worst,83,height,2.678575809228402,0.0002765490207821131
detached,He_worst,83,orientation,330.4418827143404,0.006790149491280317
detached,He_worst,83,wwr,0.2779854453825491,0.012069621123373508
detached,He_worst,83,wallInsulationThickness,0.1387510092252789,0.0005795890465378761
detached,He_worst,83,roofInsulationThickness,0.0443374093490608,0.010431453585624695
detached,He_worst,83,slabInsulationThickness,0.0140419580197699,-0.0015886822948232293
detached,He_worst,83,u_windows,1.178533349758355,0.026536991819739342
detached,He_worst,83,g_value,0.6453907337083844,0.22745488584041595
detached,He_worst,83,roofAbsorptance,0.616344598380251,-0.0032473423052579165
detached,He_worst,83,flowCoefficient,0.0029170491125743,-0.0010170283494517207
detached,He_worst,83,wof,0.4190156185020276,-0.03995755687355995
detached,He_worst,83,fixedShadingDepth,0.4976121979761251,-0.0015508047072216868
detached,He_worst,84,width,9.090949955070377,-0.01874001882970333
detached,He_worst,84,length,10.6419804520039,-0.018048956990242004
detached,He_worst,84,height,2.9835922192492315,0.021265164017677307
detached,He_worst,84,orientation,358.3509404209519,0.0069090803153812885
detached,He_worst,84,wwr,0.1638712297871717,-0.18384307622909546
detached,He_worst,84,wallInsulationThickness,0.1594648143015963,-0.004959731362760067
detached,He_worst,84,roofInsulationThickness,0.276723413250772,-0.002199390670284629
detached,He_worst,84,slabInsulationThickness,0.1966735198942471,-0.0003267373831477016
detached,He_worst,84,u_windows,1.93286354557668,0.000830362900160253
detached,He_worst,84,g_value,0.5799057055944123,0.10467729717493057
detached,He_worst,84,roofAbsorptance,0.3412021948991509,-0.018905479460954666
detached,He_worst,84,flowCoefficient,0.0084347872930937,-0.001095841871574521
detached,He_worst,84,wof,0.4629635902130964,-0.011268874630331993
detached,He_worst,84,fixedShadingDepth,0.07083439233293,0.06077239662408829
detached,He_worst,85,width,6.493649888850218,0.017872270196676254
detached,He_worst,85,length,7.43068424564677,0.011829813942313194
detached,He_worst,85,height,2.8871533096307083,0.019607560709118843
detached,He_worst,85,orientation,354.8646980520091,0.00490602757781744
detached,He_worst,85,wwr,0.1225233188439236,-0.28001710772514343
detached,He_worst,85,wallInsulationThickness,0.0642301044398499,0.009257440455257893
detached,He_worst,85,roofInsulationThickness,0.0255488140053779,0.028824182227253914
detached,He_worst,85,slabInsulationThickness,0.1959593076644745,-0.002278548665344715
detached,He_worst,85,u_windows,3.364547546560023,-0.008425491861999035
detached,He_worst,85,g_value,0.5952340639493614,0.0901283323764801
detached,He_worst,85,roofAbsorptance,0.5592571808293962,-0.005004449747502804
detached,He_worst,85,flowCoefficient,0.0038008289125245,0.0006567220552824438
detached,He_worst,85,wof,0.6097646604658633,-0.030444743111729622
detached,He_worst,85,fixedShadingDepth,0.1304885065121268,0.05236915498971939
detached,He_worst,86,width,8.989011794567741,-0.014988144859671593
detached,He_worst,86,length,10.227050654717267,-0.014144032262265682
detached,He_worst,86,height,2.8277888128571016,0.010529035702347755
detached,He_worst,86,orientation,115.99377315080056,-0.0027297381311655045
detached,He_worst,86,wwr,0.2217212507767108,-0.06343802809715271
detached,He_worst,86,wallInsulationThickness,0.287671680052405,-0.00596233457326889
detached,He_worst,86,roofInsulationThickness,0.229046416871212,-0.007032295688986778
detached,He_worst,86,slabInsulationThickness,0.1222498218948146,0.00011828987044282258
detached,He_worst,86,u_windows,2.5986620335003474,-0.0020234028343111277
detached,He_worst,86,g_value,0.6084416359785023,0.15313820540905
detached,He_worst,86,roofAbsorptance,0.5969897699340307,-0.006145984400063753
detached,He_worst,86,flowCoefficient,0.0015593838628792,-0.003327601123601198
detached,He_worst,86,wof,0.3954572733551482,-0.01930229738354683
detached,He_worst,86,fixedShadingDepth,0.6760960710618579,-0.05789342522621155
detached,He_worst,87,width,9.232215245792087,-0.015822894871234894
detached,He_worst,87,length,7.353545551474754,0.01657862961292267
detached,He_worst,87,height,2.4730631246565817,-0.016806570813059807
detached,He_worst,87,orientation,154.02970080491048,0.0011391506996005774
detached,He_worst,87,wwr,0.303348561909036,0.10530497133731842
detached,He_worst,87,wallInsulationThickness,0.1657121417150484,-0.004140535369515419
detached,He_worst,87,roofInsulationThickness,0.2749702091670378,-0.011367094703018665
detached,He_worst,87,slabInsulationThickness,0.1301221163636272,-0.0021386274602264166
detached,He_worst,87,u_windows,4.665608382812067,-0.006762908771634102
detached,He_worst,87,g_value,0.2145942486069806,-0.2913859188556671
detached,He_worst,87,roofAbsorptance,0.8151062309357235,0.0259398240596056
detached,He_worst,87,flowCoefficient,0.0095903268267548,-0.0021393001079559326
detached,He_worst,87,wof,0.1187395302462811,0.1111128032207489
detached,He_worst,87,fixedShadingDepth,0.3802529205895389,0.02145390398800373
detached,He_worst,88,width,9.109005818676389,-0.02213914878666401
detached,He_worst,88,length,9.404209351011968,-0.008309691213071346
detached,He_worst,88,height,2.6674971935458864,0.007113233208656311
detached,He_worst,88,orientation,152.52316171214633,0.0035125294234603643
detached,He_worst,88,wwr,0.3210253454305789,0.16189095377922058
detached,He_worst,88,wallInsulationThickness,0.1322214833591632,0.003692236030474305
detached,He_worst,88,roofInsulationThickness,0.1988631307928511,-0.006190613843500614
detached,He_worst,88,slabInsulationThickness,0.1936173625189163,0.004494649823755026
detached,He_worst,88,u_windows,3.3909991411921983,-0.00869657751172781
detached,He_worst,88,g_value,0.3693479248107571,-0.11854644119739532
detached,He_worst,88,roofAbsorptance,0.8942466556607864,0.0374121367931366
detached,He_worst,88,flowCoefficient,0.0086786505431719,-0.0012399567058309913
detached,He_worst,88,wof,0.1335265837687853,0.12020976841449738
detached,He_worst,88,fixedShadingDepth,0.1674544342772868,0.09853648394346237
detached,He_worst,89,width,8.613744601728627,-0.007515501696616411
detached,He_worst,89,length,8.046473601445793,0.0088122533634305
detached,He_worst,89,height,2.6950828372698985,0.004766390193253756
detached,He_worst,89,orientation,58.75527160908637,0.00023512465122621506
detached,He_worst,89,wwr,0.1630214392230813,-0.13280777633190155
detached,He_worst,89,wallInsulationThickness,0.0664378457983125,0.005801816936582327
detached,He_worst,89,roofInsulationThickness,0.334692786328731,-0.005691036581993103
detached,He_worst,89,slabInsulationThickness,0.1703012414202673,0.001234551309607923
detached,He_worst,89,u_windows,1.6725589647125298,0.0003722241090144962
detached,He_worst,89,g_value,0.3859349619621011,-0.05431889742612839
detached,He_worst,89,roofAbsorptance,0.483287742628947,-0.009606448002159595
detached,He_worst,89,flowCoefficient,0.0046375361478058,0.0028404654003679752
detached,He_worst,89,wof,0.186177050779795,0.033738747239112854
detached,He_worst,89,fixedShadingDepth,0.7610291407941484,-0.03647872060537338
detached,He_worst,90,width,8.726392427418762,-0.014705291017889977
detached,He_worst,90,length,11.448485825868865,-0.03291485458612442
detached,He_worst,90,height,2.819036271027579,0.011675091460347176
detached,He_worst,90,orientation,144.27758799785812,0.003785241162404418
detached,He_worst,90,wwr,0.2669753491455695,0.05625941976904869
detached,He_worst,90,wallInsulationThickness,0.1339834275421177,0.0003591258137021214
detached,He_worst,90,roofInsulationThickness,0.0632617652003593,0.007958617992699146
detached,He_worst,90,slabInsulationThickness,0.0684731650020898,-5.46935734746512e-05
detached,He_worst,90,u_windows,2.4342943509805903,0.0017246739007532597
detached,He_worst,90,g_value,0.5932520764215994,0.1543896645307541
detached,He_worst,90,roofAbsorptance,0.6433722203404947,0.008441060781478882
detached,He_worst,90,flowCoefficient,0.0013070919517697,-0.000967674539424479
detached,He_worst,90,wof,0.2358579926196196,0.04790148511528969
detached,He_worst,90,fixedShadingDepth,0.5446447873957599,0.011011496186256409
detached,He_worst,91,width,8.99105229783499,-0.017952214926481247
detached,He_worst,91,length,8.574640748053486,0.011994903907179832
detached,He_worst,91,height,2.661833999581995,-0.0013098594499751925
detached,He_worst,91,orientation,125.0573270485514,0.004994818940758705
detached,He_worst,91,wwr,0.3886659617019409,0.39221879839897156
detached,He_worst,91,wallInsulationThickness,0.2296929762537729,-0.004017559811472893
detached,He_worst,91,roofInsulationThickness,0.2804031057604643,0.006851991172879934
detached,He_worst,91,slabInsulationThickness,0.0294437640015431,0.00024214794393628836
detached,He_worst,91,u_windows,3.8942436805569383,-0.021670332178473473
detached,He_worst,91,g_value,0.640989998607058,0.35287466645240784
detached,He_worst,91,roofAbsorptance,0.5092863713555265,-0.01018062885850668
detached,He_worst,91,flowCoefficient,0.0078554404441069,-0.003299102419987321
detached,He_worst,91,wof,0.7488983106192103,-0.06949329376220703
detached,He_worst,91,fixedShadingDepth,0.517680998241417,-0.0013056170428171754
detached,He_worst,92,width,9.02402674816495,-0.015278246253728867
detached,He_worst,92,length,9.536332553243614,-0.007993311621248722
detached,He_worst,92,height,2.5944555372171942,-0.008297271095216274
detached,He_worst,92,orientation,343.7696439212751,0.007161084096878767
detached,He_worst,92,wwr,0.2241574598275592,-0.05634068325161934
detached,He_worst,92,wallInsulationThickness,0.2986343497887119,-0.009932676330208778
detached,He_worst,92,roofInsulationThickness,0.268859784079577,-0.008413842879235744
detached,He_worst,92,slabInsulationThickness,0.0952341566727878,0.00035901935189031065
detached,He_worst,92,u_windows,3.704388843843168,-0.01040178257972002
detached,He_worst,92,g_value,0.5612811763790873,0.12755905091762543
detached,He_worst,92,roofAbsorptance,0.8603539266399158,0.028687868267297745
detached,He_worst,92,flowCoefficient,0.01069222821228,-0.000746068253647536
detached,He_worst,92,wof,0.3295482185803433,0.002559156622737646
detached,He_worst,92,fixedShadingDepth,0.4765433094467189,0.007781615015119314
detached,He_worst,93,width,9.081098150505367,-0.018300000578165054
detached,He_worst,93,length,6.599377881374282,0.03327208384871483
detached,He_worst,93,height,2.998042865289189,0.032414451241493225
detached,He_worst,93,orientation,135.8495585804165,0.00018246354011353105
detached,He_worst,93,wwr,0.2518209990252906,-0.026020517572760582
detached,He_worst,93,wallInsulationThickness,0.2847175278240754,-0.009694631211459637
detached,He_worst,93,roofInsulationThickness,0.2047837022221875,-0.006848886609077454
detached,He_worst,93,slabInsulationThickness,0.1879113564258259,-0.00039988476783037186
detached,He_worst,93,u_windows,4.313259247083963,-0.010223334655165672
detached,He_worst,93,g_value,0.4263989613660967,-0.0819898247718811
detached,He_worst,93,roofAbsorptance,0.7960390540531326,0.017839740961790085
detached,He_worst,93,flowCoefficient,0.006442472490668,0.0022778180427849293
detached,He_worst,93,wof,0.1192632949726634,0.12139556556940079
detached,He_worst,93,fixedShadingDepth,0.284646580413077,0.04872298613190651
detached,He_worst,94,width,6.091100318059657,0.033473458141088486
detached,He_worst,94,length,9.358047849611788,-0.0063352519646286964
detached,He_worst,94,height,2.7309958689184106,0.008717106655240059
detached,He_worst,94,orientation,309.7840505580388,0.005938299931585789
detached,He_worst,94,wwr,0.3234260528726125,0.1820448338985443
detached,He_worst,94,wallInsulationThickness,0.2200688174491951,-0.007198679260909557
detached,He_worst,94,roofInsulationThickness,0.2084036438256218,-0.0047726817429065704
detached,He_worst,94,slabInsulationThickness,0.1643823679190623,0.0016582140233367682
detached,He_worst,94,u_windows,2.5353713098893893,0.00044119232916273177
detached,He_worst,94,g_value,0.6075339371487081,0.19707846641540527
detached,He_worst,94,roofAbsorptance,0.8586827743228307,0.02760983444750309
detached,He_worst,94,flowCoefficient,0.0072866901330979,0.0005807292181998491
detached,He_worst,94,wof,0.3248745694800836,0.01576486974954605
detached,He_worst,94,fixedShadingDepth,0.8145250473703074,-0.14839637279510498
detached,He_worst,95,width,9.010677186766095,-0.013366654515266418
detached,He_worst,95,length,10.662471211278826,-0.017107412219047546
detached,He_worst,95,height,2.433602926995778,-0.01958658918738365
detached,He_worst,95,orientation,309.15422007839095,0.006007270887494087
detached,He_worst,95,wwr,0.1456450882757912,-0.26282742619514465
detached,He_worst,95,wallInsulationThickness,0.1662070556639232,-0.006532672792673111
detached,He_worst,95,roofInsulationThickness,0.1886627568469798,-0.006123303435742855
detached,He_worst,95,slabInsulationThickness,0.0752157781077232,-0.00202526175417006
detached,He_worst,95,u_windows,1.0979739397448072,0.02345387451350689
detached,He_worst,95,g_value,0.6400051592612276,0.16406607627868652
detached,He_worst,95,roofAbsorptance,0.3479829487966278,-0.02259763889014721
detached,He_worst,95,flowCoefficient,0.0098662069402122,0.0005991188809275627
detached,He_worst,95,wof,0.2217106246210101,0.021893566474318504
detached,He_worst,95,fixedShadingDepth,0.7012537580394936,-0.04932798072695732
detached,He_worst,96,width,7.671132672395061,-0.0006514026899822056
detached,He_worst,96,length,7.902463105895041,0.005884525366127491
detached,He_worst,96,height,2.8748534174287355,0.016115229576826096
detached,He_worst,96,orientation,323.5378203528455,0.00804684404283762
detached,He_worst,96,wwr,0.1429572097633967,-0.24082550406455994
detached,He_worst,96,wallInsulationThickness,0.0594665729103299,0.006513547617942095
detached,He_worst,96,roofInsulationThickness,0.270926004974012,-0.006950438022613525
detached,He_worst,96,slabInsulationThickness,0.0163687980669601,-0.0009149667457677424
detached,He_worst,96,u_windows,4.4983684478042525,-0.005155528429895639
detached,He_worst,96,g_value,0.6759128150129118,0.17017368972301483
detached,He_worst,96,roofAbsorptance,0.6708420280664128,0.00968094915151596
detached,He_worst,96,flowCoefficient,0.0050537283720224,-0.0011937940726056695
detached,He_worst,96,wof,0.6021599809866764,-0.03035322017967701
detached,He_worst,96,fixedShadingDepth,0.7941948955966678,-0.06258410215377808
detached,He_worst,97,width,6.995762838162362,0.013048188760876656
detached,He_worst,97,length,11.932265276138075,-0.02122088149189949
detached,He_worst,97,height,2.8380781810965106,0.016028523445129395
detached,He_worst,97,orientation,272.41944807776133,-0.007716094609349966
detached,He_worst,97,wwr,0.2078494523989815,-0.07983725517988205
detached,He_worst,97,wallInsulationThickness,0.0449040642506912,0.010739373974502087
detached,He_worst,97,roofInsulationThickness,0.2736609808573093,-0.012354264967143536
detached,He_worst,97,slabInsulationThickness,0.0528694579204987,-0.0010309997014701366
detached,He_worst,97,u_windows,1.992778138469663,0.0022879797033965588
detached,He_worst,97,g_value,0.3703824259418099,-0.08491482585668564
detached,He_worst,97,roofAbsorptance,0.794868804548205,0.02127452939748764
detached,He_worst,97,flowCoefficient,0.0111879124524304,-0.0003142822824884206
detached,He_worst,97,wof,0.4853062569859773,-0.011676453985273838
detached,He_worst,97,fixedShadingDepth,0.1591892923835588,0.047772347927093506
detached,He_worst,98,width,8.670404377703917,-0.013633305206894875
detached,He_worst,98,length,10.023768438165751,-0.0153210973367095
detached,He_worst,98,height,2.9409044643048197,0.0485348179936409
detached,He_worst,98,orientation,81.0340441472646,-0.009224792011082172
detached,He_worst,98,wwr,0.3732899800303857,0.2940222918987274
detached,He_worst,98,wallInsulationThickness,0.227676961002146,-0.0015316028147935867
detached,He_worst,98,roofInsulationThickness,0.1854444232267161,0.001031564432196319
detached,He_worst,98,slabInsulationThickness,0.1693064699167284,-9.858838893705979e-05
detached,He_worst,98,u_windows,4.6249284726201125,-0.023522309958934784
detached,He_worst,98,g_value,0.5163122990998581,0.07378324866294861
detached,He_worst,98,roofAbsorptance,0.4607408416460267,-0.020703308284282684
detached,He_worst,98,flowCoefficient,0.0112276079859361,-0.002120483200997114
detached,He_worst,98,wof,0.7354101297991147,-0.04838922992348671
detached,He_worst,98,fixedShadingDepth,0.027793423640702,0.08977941423654556
detached,He_worst,99,width,9.359095589515109,-0.027454685419797897
detached,He_worst,99,length,10.235609970480311,-0.013932288624346256
detached,He_worst,99,height,2.5359870948587035,-0.01185682788491249
detached,He_worst,99,orientation,351.83474250119315,0.006427152082324028
detached,He_worst,99,wwr,0.2801127191579554,0.041897792369127274
detached,He_worst,99,wallInsulationThickness,0.190433873014756,-0.0030963323079049587
detached,He_worst,99,roofInsulationThickness,0.1766199152532748,-0.0029228965286165476
detached,He_worst,99,slabInsulationThickness,0.0723852831587639,-0.0017701422329992056
detached,He_worst,99,u_windows,1.242318230381131,0.02997700311243534
detached,He_worst,99,g_value,0.6503836274906151,0.19630840420722961
detached,He_worst,99,roofAbsorptance,0.3036936016631519,-0.02024424821138382
detached,He_worst,99,flowCoefficient,0.0026258222813107,-0.003977510612457991
detached,He_worst,99,wof,0.2867512185808335,0.0022408219520002604
detached,He_worst,99,fixedShadingDepth,0.8686495473010857,-0.12495067715644836
detached,He_worst,100,width,6.646686158451008,0.016850534826517105
detached,He_worst,100,length,9.165484495137587,-0.016772091388702393
detached,He_worst,100,height,2.885738534455972,0.02147938869893551
detached,He_worst,100,orientation,220.11118930814516,0.008468416519463062
detached,He_worst,100,wwr,0.1990385438580755,-0.14972804486751556
detached,He_worst,100,wallInsulationThickness,0.29708046739324,-0.00922140572220087
detached,He_worst,100,roofInsulationThickness,0.0628017713105913,0.004728069994598627
detached,He_worst,100,slabInsulationThickness,0.1187260240257018,0.0012264790711924434
detached,He_worst,100,u_windows,1.6545961131804172,0.015047312714159489
detached,He_worst,100,g_value,0.6889608090721135,0.25904005765914917
detached,He_worst,100,roofAbsorptance,0.3329186651700029,-0.030076811090111732
detached,He_worst,100,flowCoefficient,0.004651298517187,0.0038455284666270018
detached,He_worst,100,wof,0.1122730663047277,0.1365075409412384
detached,He_worst,100,fixedShadingDepth,0.4683558404059564,0.026477662846446037
detached,He_worst,101,width,8.262704552408513,-0.0007912046858109534
detached,He_worst,101,length,10.71447341215852,-0.02524452656507492
detached,He_worst,101,height,2.4479838080304943,-0.03372232988476753
detached,He_worst,101,orientation,285.85142231717316,-0.004162816796451807
detached,He_worst,101,wwr,0.2661382455575319,0.030735597014427185
detached,He_worst,101,wallInsulationThickness,0.2570148292868285,-0.004817314445972443
detached,He_worst,101,roofInsulationThickness,0.1247008947167604,-0.0031159594655036926
detached,He_worst,101,slabInsulationThickness,0.0683903223439673,0.0008621042361482978
detached,He_worst,101,u_windows,0.8531833653877022,0.05199141055345535
detached,He_worst,101,g_value,0.482496520576044,-0.006208488717675209
detached,He_worst,101,roofAbsorptance,0.8223379475012069,0.03586447238922119
detached,He_worst,101,flowCoefficient,0.007214436585361,0.004277239087969065
detached,He_worst,101,wof,0.4066001002137134,-0.019024217501282692
detached,He_worst,101,fixedShadingDepth,0.1366859586854116,0.07341980934143066
detached,He_worst,102,width,7.812689253099906,0.0022483712527900934
detached,He_worst,102,length,6.828437558080781,0.022647084668278694
detached,He_worst,102,height,2.6646651493338136,-0.0049299681559205055
detached,He_worst,102,orientation,91.8256967077038,-0.014449600130319595
detached,He_worst,102,wwr,0.2342859896843769,-0.09160945564508438
detached,He_worst,102,wallInsulationThickness,0.0739880302874486,0.004847177304327488
detached,He_worst,102,roofInsulationThickness,0.0765108526450146,0.009346593171358109
detached,He_worst,102,slabInsulationThickness,0.1058905202803781,0.0015147235244512558
detached,He_worst,102,u_windows,4.172346988211308,-0.008449920453131199
detached,He_worst,102,g_value,0.6827353332169168,0.23920752108097076
detached,He_worst,102,roofAbsorptance,0.8684530763543683,0.03792766109108925
detached,He_worst,102,flowCoefficient,0.007705471893112,-9.267376299249008e-05
detached,He_worst,102,wof,0.7311396527124151,-0.06370478123426437
detached,He_worst,102,fixedShadingDepth,0.3680256137973974,0.03909073770046234
detached,He_worst,103,width,9.862811869254497,-0.029036609455943108
detached,He_worst,103,length,10.30030726953679,-0.02028658613562584
detached,He_worst,103,height,2.9213389457240897,0.03202219679951668
detached,He_worst,103,orientation,94.59154740219738,-0.01206156425178051
detached,He_worst,103,wwr,0.3524681127961836,0.4075275659561157
detached,He_worst,103,wallInsulationThickness,0.0312163232445179,0.0044082701206207275
detached,He_worst,103,roofInsulationThickness,0.2643636936601464,0.0017433647299185395
detached,He_worst,103,slabInsulationThickness,0.1542304673452053,0.005062131676822901
detached,He_worst,103,u_windows,1.0737487435879638,0.07177955657243729
detached,He_worst,103,g_value,0.6871091994839611,0.4443165957927704
detached,He_worst,103,roofAbsorptance,0.5670187714061914,0.0013513987651094794
detached,He_worst,103,flowCoefficient,0.0050176014260945,0.0024553413968533278
detached,He_worst,103,wof,0.7855090645302775,-0.06939712166786194
detached,He_worst,103,fixedShadingDepth,0.5715827532103155,0.001802976243197918
detached,He_worst,104,width,8.966408949597819,-0.02230163849890232
detached,He_worst,104,length,7.177231125441284,0.02800605818629265
detached,He_worst,104,height,2.4933678450716044,-0.03202288970351219
detached,He_worst,104,orientation,17.389312189459034,-0.0014690050156787038
detached,He_worst,104,wwr,0.33924506984946,0.3339071571826935
detached,He_worst,104,wallInsulationThickness,0.1909431656003543,-0.0027382441330701113
detached,He_worst,104,roofInsulationThickness,0.2552562075773003,-0.02592550963163376
detached,He_worst,104,slabInsulationThickness,0.1590237503532047,0.001406669500283897
detached,He_worst,104,u_windows,0.8661594681833358,0.09103862941265106
detached,He_worst,104,g_value,0.6951609206290856,0.42257362604141235
detached,He_worst,104,roofAbsorptance,0.8620318201574801,0.05182624235749245
detached,He_worst,104,flowCoefficient,0.0106498566496832,-0.0024988995864987373
detached,He_worst,104,wof,0.1330127200193476,0.10190189629793167
detached,He_worst,104,fixedShadingDepth,0.4051665189182183,0.06137640029191971
detached,He_worst,105,width,8.749360673369377,-0.015083370730280876
detached,He_worst,105,length,10.431497294445514,-0.024107065051794052
detached,He_worst,105,height,2.4226033357469645,-0.027774382382631302
detached,He_worst,105,orientation,250.67683884814517,-1.638132175685314e-06
detached,He_worst,105,wwr,0.1538628759608129,-0.224314883351326
detached,He_worst,105,wallInsulationThickness,0.0618377158230579,0.011711670085787773
detached,He_worst,105,roofInsulationThickness,0.2813944053535638,-0.009152966551482677
detached,He_worst,105,slabInsulationThickness,0.1651840939230656,0.0003984758222941309
detached,He_worst,105,u_windows,2.84398313118034,-0.007859455421566963
detached,He_worst,105,g_value,0.5779082218526859,0.09336593747138977
detached,He_worst,105,roofAbsorptance,0.6282468645791174,0.0041138166561722755
detached,He_worst,105,flowCoefficient,0.0042255677081066,-0.0004259351408109069
detached,He_worst,105,wof,0.2352862823270229,0.020672623068094254
detached,He_worst,105,fixedShadingDepth,0.1490706442883681,0.04759883135557175
detached,He_worst,106,width,6.609728458635422,0.01773829013109207
detached,He_worst,106,length,6.526175334307564,0.027174118906259537
detached,He_worst,106,height,2.8461669369952323,0.021952228620648384
detached,He_worst,106,orientation,123.3242070108616,0.00019799063738901168
detached,He_worst,106,wwr,0.3086130647135975,0.10148606449365616
detached,He_worst,106,wallInsulationThickness,0.1999315225396639,-0.0025867673102766275
detached,He_worst,106,roofInsulationThickness,0.1707980728029178,-0.002958407159894705
detached,He_worst,106,slabInsulationThickness,0.0242256279072216,-0.0015732693718746305
detached,He_worst,106,u_windows,3.8050329480955263,-0.008680888451635838
detached,He_worst,106,g_value,0.3787936966090877,-0.10060501098632812
detached,He_worst,106,roofAbsorptance,0.5752482026598568,-0.0016754394164308906
detached,He_worst,106,flowCoefficient,0.0046062035177716,0.003848280990496278
detached,He_worst,106,wof,0.749945999813169,-0.04101515933871269
detached,He_worst,106,fixedShadingDepth,0.281482336277646,0.05213575065135956
detached,He_worst,107,width,7.254169723192509,0.007877729833126068
detached,He_worst,107,length,6.507597861079336,0.01985577493906021
detached,He_worst,107,height,2.6662828660468807,0.00012488066568039358
detached,He_worst,107,orientation,74.07284156742959,-0.007408948615193367
detached,He_worst,107,wwr,0.2713330963682822,0.019523127004504204
detached,He_worst,107,wallInsulationThickness,0.2228175737844718,-0.009049455635249615
detached,He_worst,107,roofInsulationThickness,0.3443443690546998,-0.008819708600640297
detached,He_worst,107,slabInsulationThickness,0.1554138332414567,0.0009708045981824398
detached,He_worst,107,u_windows,1.3590074197769906,0.007535937707871199
detached,He_worst,107,g_value,0.2584782998891623,-0.21766214072704315
detached,He_worst,107,roofAbsorptance,0.7022866808109268,0.003519565099850297
detached,He_worst,107,flowCoefficient,0.0022045127850394,-8.757958858041093e-05
detached,He_worst,107,wof,0.7643456900068678,-0.02905588410794735
detached,He_worst,107,fixedShadingDepth,0.1455585762482669,0.043751511722803116
detached,He_worst,108,width,7.34041645015859,0.007811940275132656
detached,He_worst,108,length,6.99556320708515,0.023372361436486244
detached,He_worst,108,height,2.4186966978801867,-0.030043207108974457
detached,He_worst,108,orientation,239.62733605578137,0.005513607058674097
detached,He_worst,108,wwr,0.2028550050351255,-0.12874528765678406
detached,He_worst,108,wallInsulationThickness,0.0526481862874627,0.008166818879544735
detached,He_worst,108,roofInsulationThickness,0.0550129843644633,0.00874351430684328
detached,He_worst,108,slabInsulationThickness,0.1580818359486592,-0.0007772364770062268
detached,He_worst,108,u_windows,2.908679096687491,-0.008530916646122932
detached,He_worst,108,g_value,0.6844382450404709,0.2388337105512619
detached,He_worst,108,roofAbsorptance,0.5410753492612704,-0.01331495214253664
detached,He_worst,108,flowCoefficient,0.0104909764244347,-0.0010429921094328165
detached,He_worst,108,wof,0.4265856783621047,-0.010859240777790546
detached,He_worst,108,fixedShadingDepth,0.387272382130856,0.03978685662150383
detached,He_worst,109,width,9.24341243941647,-0.014573510736227036
detached,He_worst,109,length,9.111945504381897,-0.0022202266845852137
detached,He_worst,109,height,2.7276821374429727,0.003753242315724492
detached,He_worst,109,orientation,90.38797992191492,-0.009803714230656624
detached,He_worst,109,wwr,0.1553020171613939,-0.20149286091327667
detached,He_worst,109,wallInsulationThickness,0.2391374260563084,-0.009570957161486149
detached,He_worst,109,roofInsulationThickness,0.2376951953916434,-0.008607562631368637
detached,He_worst,109,slabInsulationThickness,0.1275968841357495,-3.542482227203436e-05
detached,He_worst,109,u_windows,3.2519235943156364,-0.008664373308420181
detached,He_worst,109,g_value,0.5489861935559112,0.0850716382265091
detached,He_worst,109,roofAbsorptance,0.6555156905035604,0.005950970109552145
detached,He_worst,109,flowCoefficient,0.0011380395730421,0.00043971993727609515
detached,He_worst,109,wof,0.279182873206566,0.005904395133256912
detached,He_worst,109,fixedShadingDepth,0.6355808441390538,-0.022295495495200157
detached,He_worst,110,width,8.533706835794195,-0.00842401385307312
detached,He_worst,110,length,10.20732254867998,-0.013784805312752724
detached,He_worst,110,height,2.6897450333620805,0.0014504374703392386
detached,He_worst,110,orientation,40.62484285113523,-0.0022840166930109262
detached,He_worst,110,wwr,0.2527089797471555,-0.0223789494484663
detached,He_worst,110,wallInsulationThickness,0.2675390996151004,-0.005701061338186264
detached,He_worst,110,roofInsulationThickness,0.204545957697335,-0.007233280688524246
detached,He_worst,110,slabInsulationThickness,0.0526312933384717,-0.001046829973347485
detached,He_worst,110,u_windows,3.201151534313878,-0.011865896172821522
detached,He_worst,110,g_value,0.5447346618031648,0.11451360583305359
detached,He_worst,110,roofAbsorptance,0.8098349746057947,0.01724088005721569
detached,He_worst,110,flowCoefficient,0.0119362852971031,0.0003858470590785146
detached,He_worst,110,wof,0.6896481614865344,-0.047998614609241486
detached,He_worst,110,fixedShadingDepth,0.4518534385099375,0.012283355928957462
detached,He_worst,111,width,6.528273235527858,0.020060282200574875
detached,He_worst,111,length,7.985358087228393,0.004381819162517786
detached,He_worst,111,height,2.8404236491046295,0.012780511751770973
detached,He_worst,111,orientation,324.6179677270167,0.005140258464962244
detached,He_worst,111,wwr,0.1716415954621297,-0.1597377061843872
detached,He_worst,111,wallInsulationThickness,0.2932456620285861,-0.00855514407157898
detached,He_worst,111,roofInsulationThickness,0.0435600986658965,0.02809525467455387
detached,He_worst,111,slabInsulationThickness,0.0579521884562873,-0.00116259278729558
detached,He_worst,111,u_windows,4.029586052414186,-0.010123957879841328
detached,He_worst,111,g_value,0.5008167199740844,0.04427951201796532
detached,He_worst,111,roofAbsorptance,0.6978142593101002,0.012638653628528118
detached,He_worst,111,flowCoefficient,0.0094279966204941,-0.00019704891019500792
detached,He_worst,111,wof,0.5752500957910684,-0.028713373467326164
detached,He_worst,111,fixedShadingDepth,0.2671783073152715,0.03552975878119469
detached,He_worst,112,width,7.839030271232992,0.006109081674367189
detached,He_worst,112,length,8.519328700260626,0.018991000950336456
detached,He_worst,112,height,2.979705451010235,0.021416058763861656
detached,He_worst,112,orientation,306.34653243395627,0.008114294148981571
detached,He_worst,112,wwr,0.3023344484166371,0.13730309903621674
detached,He_worst,112,wallInsulationThickness,0.0157598445301343,0.014364167116582394
detached,He_worst,112,roofInsulationThickness,0.1971236654745759,-0.00011828288552351296
detached,He_worst,112,slabInsulationThickness,0.193509287493791,0.0039458139799535275
detached,He_worst,112,u_windows,3.881811284757203,-0.015306221321225166
detached,He_worst,112,g_value,0.6155858444884976,0.25146612524986267
detached,He_worst,112,roofAbsorptance,0.3399634380234081,-0.033601097762584686
detached,He_worst,112,flowCoefficient,0.0066963109003832,0.0014134669909253716
detached,He_worst,112,wof,0.2565441607060925,0.0640139952301979
detached,He_worst,112,fixedShadingDepth,0.3063569662978243,0.06703200191259384
detached,He_worst,113,width,8.187783545109577,0.001843437203206122
detached,He_worst,113,length,8.5099346389709,0.01156956423074007
detached,He_worst,113,height,2.7942370187230523,0.01382902730256319
detached,He_worst,113,orientation,281.22252923275465,0.003363768570125103
detached,He_worst,113,wwr,0.2841520303132237,0.03901530057191849
detached,He_worst,113,wallInsulationThickness,0.0690192997169516,0.003944436088204384
detached,He_worst,113,roofInsulationThickness,0.1552435714849249,-0.0020142768044024706
detached,He_worst,113,slabInsulationThickness,0.0617742295598923,-0.003118867054581642
detached,He_worst,113,u_windows,1.413187056994082,0.019262848421931267
detached,He_worst,113,g_value,0.6510147476676034,0.26275262236595154
detached,He_worst,113,roofAbsorptance,0.4220156458108572,-0.022088518366217613
detached,He_worst,113,flowCoefficient,0.0031240336426868,-2.540473360568285e-06
detached,He_worst,113,wof,0.6802847539923405,-0.07035648077726364
detached,He_worst,113,fixedShadingDepth,0.1179265414453593,0.10238229483366013
detached,He_worst,114,width,9.64752569236574,-0.03045300766825676
detached,He_worst,114,length,9.338808793537275,-0.010752115398645401
detached,He_worst,114,height,2.965843466567854,0.027644066140055656
detached,He_worst,114,orientation,234.25069289387412,0.005228837486356497
detached,He_worst,114,wwr,0.2916752684348163,0.06768635660409927
detached,He_worst,114,wallInsulationThickness,0.2307917830506574,-0.006478877272456884
detached,He_worst,114,roofInsulationThickness,0.2711891358042042,-0.0031951586715877056
detached,He_worst,114,slabInsulationThickness,0.1261247297549159,0.0012039594585075974
detached,He_worst,114,u_windows,1.617664164503969,0.009385972283780575
detached,He_worst,114,g_value,0.6532319590841977,0.2866583466529846
detached,He_worst,114,roofAbsorptance,0.8316093024797269,0.026141513139009476
detached,He_worst,114,flowCoefficient,0.0068140896941074,0.0031485664658248425
detached,He_worst,114,wof,0.2006082761452079,0.0941162109375
detached,He_worst,114,fixedShadingDepth,0.5543453055417745,0.014127538539469242
detached,He_worst,115,width,9.39266764269577,-0.019385719671845436
detached,He_worst,115,length,6.43738865708716,0.027040934190154076
detached,He_worst,115,height,2.9244260351824476,0.01563403010368347
detached,He_worst,115,orientation,252.94443155657623,0.0025055387523025274
detached,He_worst,115,wwr,0.1485013365514624,-0.30302947759628296
detached,He_worst,115,wallInsulationThickness,0.1602706131311038,-0.0064155845902860165
detached,He_worst,115,roofInsulationThickness,0.217740541873735,-0.004557524807751179
detached,He_worst,115,slabInsulationThickness,0.0370818108223557,-0.000668640190269798
detached,He_worst,115,u_windows,2.6404491614221786,-0.0036616595461964607
detached,He_worst,115,g_value,0.6358958326472592,0.17498457431793213
detached,He_worst,115,roofAbsorptance,0.3160908798061321,-0.026587411761283875
detached,He_worst,115,flowCoefficient,0.009844995066374,-0.004327094182372093
detached,He_worst,115,wof,0.243624388131058,0.024152236059308052
detached,He_worst,115,fixedShadingDepth,0.5439613669848732,0.00011641853780020028
detached,He_worst,116,width,7.96259945705434,0.0019121038494631648
detached,He_worst,116,length,10.523201758429554,-0.018016725778579712
detached,He_worst,116,height,2.4249280461693594,-0.03268745169043541
detached,He_worst,116,orientation,241.4980416783955,-0.0008733602007851005
detached,He_worst,116,wwr,0.2691225683086624,0.025795863941311836
detached,He_worst,116,wallInsulationThickness,0.1891505126873749,-0.004066064488142729
detached,He_worst,116,roofInsulationThickness,0.0623874099830888,0.008394598960876465
detached,He_worst,116,slabInsulationThickness,0.0783747619808569,-0.00047191581688821316
detached,He_worst,116,u_windows,3.2563000558315807,-0.007947991602122784
detached,He_worst,116,g_value,0.5193349599541657,0.05408567190170288
detached,He_worst,116,roofAbsorptance,0.5418340152891259,-0.00786619447171688
detached,He_worst,116,flowCoefficient,0.0044753681375013,0.00022023347264621407
detached,He_worst,116,wof,0.5059265407683832,-0.02959318272769451
detached,He_worst,116,fixedShadingDepth,0.5805259827587579,-0.010479859076440334
detached,He_worst,117,width,6.38642834408164,0.017182573676109314
detached,He_worst,117,length,6.048022581157094,0.02457384578883648
detached,He_worst,117,height,2.486085934253552,-0.015125244855880737
detached,He_worst,117,orientation,23.28938451132423,0.0003409624332562089
detached,He_worst,117,wwr,0.3694424833497192,0.18199865520000458
detached,He_worst,117,wallInsulationThickness,0.1978756388006049,-0.0029780471231788397
detached,He_worst,117,roofInsulationThickness,0.1403924100249503,-0.001198298647068441
detached,He_worst,117,slabInsulationThickness,0.1121765856800622,-0.0024552373215556145
detached,He_worst,117,u_windows,4.405354595229901,-0.011901464313268661
detached,He_worst,117,g_value,0.2225363980459949,-0.3171742558479309
detached,He_worst,117,roofAbsorptance,0.6291171223138726,0.00031313608633354306
detached,He_worst,117,flowCoefficient,0.0032984526679489,0.00436174962669611
detached,He_worst,117,wof,0.6754869116964959,-0.033997610211372375
detached,He_worst,117,fixedShadingDepth,0.1473924928904174,0.05789003148674965
detached,He_worst,118,width,7.148566669259071,0.010965407826006413
detached,He_worst,118,length,11.420139923923628,-0.01910485327243805
detached,He_worst,118,height,2.584572685043756,-0.01441149041056633
detached,He_worst,118,orientation,129.30663820054951,0.00394559558480978
detached,He_worst,118,wwr,0.199181865615619,-0.06652681529521942
detached,He_worst,118,wallInsulationThickness,0.0409936181038131,0.015866201370954514
detached,He_worst,118,roofInsulationThickness,0.2298099579264808,-0.012610034085810184
detached,He_worst,118,slabInsulationThickness,0.1456453951484485,0.00246838154271245
detached,He_worst,118,u_windows,2.4372360263374544,-0.0007643649587407708
detached,He_worst,118,g_value,0.3683189099762892,-0.07334265112876892
detached,He_worst,118,roofAbsorptance,0.6817104994843259,0.003550544148311019
detached,He_worst,118,flowCoefficient,0.0074724667660106,-0.0016353613464161754
detached,He_worst,118,wof,0.5830495800647677,-0.024968914687633514
detached,He_worst,118,fixedShadingDepth,0.5959733245088275,-0.005827419459819794
detached,He_worst,119,width,8.971819616959113,-0.008134064264595509
detached,He_worst,119,length,9.13115290132134,-0.0006018661078996956
detached,He_worst,119,height,2.641078898067003,-0.0005333518492989242
detached,He_worst,119,orientation,272.13170083942134,-0.004603749606758356
detached,He_worst,119,wwr,0.3176943779967853,0.10878944396972656
detached,He_worst,119,wallInsulationThickness,0.1111382161070108,0.0036578744184225798
detached,He_worst,119,roofInsulationThickness,0.1015960298283647,0.0055783833377063274
detached,He_worst,119,slabInsulationThickness,0.1998599415447458,0.0045042443089187145
detached,He_worst,119,u_windows,2.239733782766655,-0.0030110033694654703
detached,He_worst,119,g_value,0.2303769027366279,-0.30462050437927246
detached,He_worst,119,roofAbsorptance,0.7302301455695901,0.01566256210207939
detached,He_worst,119,flowCoefficient,0.0113323217864443,-0.0021982048638164997
detached,He_worst,119,wof,0.1389752080911152,0.07324615120887756
detached,He_worst,119,fixedShadingDepth,0.0515830187418926,0.05508008971810341
detached,He_worst,120,width,8.54197402591055,-0.009389827027916908
detached,He_worst,120,length,11.180298510045963,-0.023669445887207985
detached,He_worst,120,height,2.545017105839101,-0.014267672784626484
detached,He_worst,120,orientation,7.369913038172306,0.0014966826420277357
detached,He_worst,120,wwr,0.1954934156877306,-0.08376151323318481
detached,He_worst,120,wallInsulationThickness,0.1470885588910961,-0.006750219967216253
detached,He_worst,120,roofInsulationThickness,0.056081767183356,0.00806978065520525
detached,He_worst,120,slabInsulationThickness,0.077097962674778,-0.0008534372318536043
detached,He_worst,120,u_windows,3.155888820740188,-0.008233636617660522
detached,He_worst,120,g_value,0.5659812074116999,0.08408757299184799
detached,He_worst,120,roofAbsorptance,0.42828709248006,-0.021997757256031036
detached,He_worst,120,flowCoefficient,0.0019391755667771,-0.0009774661157280207
detached,He_worst,120,wof,0.6059930080118141,-0.03583842143416405
detached,He_worst,120,fixedShadingDepth,0.5993287576755683,-0.003613947192206979
detached,He_worst,121,width,9.284757257178343,-0.023199770599603653
detached,He_worst,121,length,8.89298569335893,0.002408738946542144
detached,He_worst,121,height,2.729468104274571,0.003546249121427536
detached,He_worst,121,orientation,13.30791550344285,-0.0022589287254959345
detached,He_worst,121,wwr,0.267605834749144,0.013020307756960392
detached,He_worst,121,wallInsulationThickness,0.013346029099508,0.011886983178555965
detached,He_worst,121,roofInsulationThickness,0.3353821298948565,0.0015620967606082559
detached,He_worst,121,slabInsulationThickness,0.0433480094628196,-0.002619310515001416
detached,He_worst,121,u_windows,3.020443750953538,-0.009638232178986073
detached,He_worst,121,g_value,0.6308416782879687,0.18580083549022675
detached,He_worst,121,roofAbsorptance,0.3970342604799668,-0.019444264471530914
detached,He_worst,121,flowCoefficient,0.0098901584565246,-0.002255819272249937
detached,He_worst,121,wof,0.4144357587243659,-0.03685129061341286
detached,He_worst,121,fixedShadingDepth,0.4984787958657391,0.013369922526180744
detached,He_worst,122,width,6.057296686908006,0.023595813661813736
detached,He_worst,122,length,11.56453100847148,-0.044944074004888535
detached,He_worst,122,height,2.8498219669305573,0.019060246646404266
detached,He_worst,122,orientation,228.9677563704003,0.005944933742284775
detached,He_worst,122,wwr,0.3985875063306485,0.31413763761520386
detached,He_worst,122,wallInsulationThickness,0.2298205501036687,-0.002143765799701214
detached,He_worst,122,roofInsulationThickness,0.0537338326267694,-0.00039054433000274
detached,He_worst,122,slabInsulationThickness,0.160784370551391,0.00023154626251198351
detached,He_worst,122,u_windows,4.44995097266741,-0.023452289402484894
detached,He_worst,122,g_value,0.654827986411834,0.3012281656265259
detached,He_worst,122,roofAbsorptance,0.3974672021132067,-0.02933884784579277
detached,He_worst,122,flowCoefficient,0.0064927040225538,0.00185058219358325
detached,He_worst,122,wof,0.1258700169653879,0.08169667422771454
detached,He_worst,122,fixedShadingDepth,0.8641991259395421,-0.22603191435337067
detached,He_worst,123,width,6.239301356649528,0.018654903396964073
detached,He_worst,123,length,7.318039555931664,0.012929980643093586
detached,He_worst,123,height,2.740115912870521,0.005740451626479626
detached,He_worst,123,orientation,196.45297763307897,0.00036846479633823037
detached,He_worst,123,wwr,0.2168873237289742,-0.0747712254524231
detached,He_worst,123,wallInsulationThickness,0.1086303048425065,0.0018654457526281476
detached,He_worst,123,roofInsulationThickness,0.0559692297682642,0.013728074729442596
detached,He_worst,123,slabInsulationThickness,0.1879816715787959,0.0006558547029271722
detached,He_worst,123,u_windows,3.7035989153125426,-0.007530771195888519
detached,He_worst,123,g_value,0.5082077409133651,0.04527975991368294
detached,He_worst,123,roofAbsorptance,0.6662218447784423,0.010203487239778042
detached,He_worst,123,flowCoefficient,0.011048983246473,-0.00012138199963374063
detached,He_worst,123,wof,0.4257418606601567,-0.010592635720968246
detached,He_worst,123,fixedShadingDepth,0.9495126203332273,-0.097251296043396
detached,He_worst,124,width,9.835774567867343,-0.026458626613020897
detached,He_worst,124,length,9.133121853368264,-0.003846380626782775
detached,He_worst,124,height,2.851837530278833,0.01868646964430809
detached,He_worst,124,orientation,97.85474660127534,-0.009559699334204197
detached,He_worst,124,wwr,0.3380247260921042,0.16110047698020935
detached,He_worst,124,wallInsulationThickness,0.0825869963756112,0.0023216423578560352
detached,He_worst,124,roofInsulationThickness,0.2609847803915143,0.0021671776194125414
detached,He_worst,124,slabInsulationThickness,0.0941138086709624,-0.0003421377914492041
detached,He_worst,124,u_windows,3.888887599252013,-0.017698321491479874
detached,He_worst,124,g_value,0.5273657032114182,0.06567820906639099
detached,He_worst,124,roofAbsorptance,0.4378595743855633,-0.009985866956412792
detached,He_worst,124,flowCoefficient,0.0090392008825918,-0.0018430189229547977
detached,He_worst,124,wof,0.6865614437913814,-0.041860032826662064
detached,He_worst,124,fixedShadingDepth,0.7815094440321899,-0.1025480329990387
detached,He_worst,125,width,9.14982461161564,-0.021544834598898888
detached,He_worst,125,length,8.245537899676576,0.018582621589303017
detached,He_worst,125,height,2.8701459639753004,0.019428370520472527
detached,He_worst,125,orientation,152.9906791467913,0.0005046619335189462
detached,He_worst,125,wwr,0.3133784341034543,0.17207391560077667
detached,He_worst,125,wallInsulationThickness,0.2499933768539711,-0.0029471307061612606
detached,He_worst,125,roofInsulationThickness,0.12724661331146,-0.0055870250798761845
detached,He_worst,125,slabInsulationThickness,0.0416831222519316,-0.004376611206680536
detached,He_worst,125,u_windows,2.7484401762575463,-0.006001881789416075
detached,He_worst,125,g_value,0.6432878684509271,0.31284159421920776
detached,He_worst,125,roofAbsorptance,0.3833540596252936,-0.0266575925052166
detached,He_worst,125,flowCoefficient,0.0102824774860774,-0.004835960455238819
detached,He_worst,125,wof,0.5469065036829918,-0.036736492067575455
detached,He_worst,125,fixedShadingDepth,0.203270495442786,0.10189822316169739
detached,He_worst,126,width,7.769116045723829,0.00367340468801558
detached,He_worst,126,length,6.124583887132407,0.03242615982890129
detached,He_worst,126,height,2.9668877727860226,0.027018265798687935
detached,He_worst,126,orientation,275.2944507456659,-0.0008413675823248923
detached,He_worst,126,wwr,0.2626127736476946,0.018022634088993073
detached,He_worst,126,wallInsulationThickness,0.0328625865784264,0.010396856814622879
detached,He_worst,126,roofInsulationThickness,0.2249433702683354,-0.005704108159989119
detached,He_worst,126,slabInsulationThickness,0.0908566410600543,0.00024227218818850815
detached,He_worst,126,u_windows,3.8832767096702874,-0.011745820753276348
detached,He_worst,126,g_value,0.5124898166837986,0.060098472982645035
detached,He_worst,126,roofAbsorptance,0.5955171627707617,-0.003052598098292947
detached,He_worst,126,flowCoefficient,0.0074402434420265,-0.00072179437847808
detached,He_worst,126,wof,0.245393934533969,0.01664760522544384
detached,He_worst,126,fixedShadingDepth,0.6907123231898424,-0.07030928879976273
detached,He_worst,127,width,6.352130143550364,0.02391941286623478
detached,He_worst,127,length,7.1978210039519155,0.04326975345611572
detached,He_worst,127,height,2.967141695626252,0.047596581280231476
detached,He_worst,127,orientation,75.7427669264996,-0.012366481125354767
detached,He_worst,127,wwr,0.3045026537519896,0.15033787488937378
detached,He_worst,127,wallInsulationThickness,0.1740542005238625,-0.0005011001485399902
detached,He_worst,127,roofInsulationThickness,0.0448764588751726,0.001978004816919565
detached,He_worst,127,slabInsulationThickness,0.1594557931472957,0.0004846999072469771
detached,He_worst,127,u_windows,3.051378395800146,-0.011136557906866074
detached,He_worst,127,g_value,0.6982627358521605,0.37972044944763184
detached,He_worst,127,roofAbsorptance,0.4960109443493623,-0.024747537449002266
detached,He_worst,127,flowCoefficient,0.0082876872418033,0.002022951375693083
detached,He_worst,127,wof,0.3481810021603498,0.002389355096966028
detached,He_worst,127,fixedShadingDepth,0.1159986928214923,0.11937970668077469
detached,He_worst,128,width,8.137798353841092,-0.0003041185555048287
detached,He_worst,128,length,9.079036564472418,-0.0008452325128018856
detached,He_worst,128,height,2.897288774486823,0.013710862956941128
detached,He_worst,128,orientation,113.32329633047776,0.00028935648151673377
detached,He_worst,128,wwr,0.1431494428932777,-0.11899952590465546
detached,He_worst,128,wallInsulationThickness,0.2564324969079315,-0.005325108300894499
detached,He_worst,128,roofInsulationThickness,0.0843704232139069,0.022676486521959305
detached,He_worst,128,slabInsulationThickness,0.102858591779429,-0.00027354108169674873
detached,He_worst,128,u_windows,3.9874550930092822,-0.0062003545463085175
detached,He_worst,128,g_value,0.306877177837014,-0.07664471119642258
detached,He_worst,128,roofAbsorptance,0.8548618160822681,0.025812385603785515
detached,He_worst,128,flowCoefficient,0.0057049984451357,0.0009258572245016694
detached,He_worst,128,wof,0.7124612654891359,-0.013995560817420483
detached,He_worst,128,fixedShadingDepth,0.8324232364384786,-0.03802132606506348
detached,He_worst,129,width,7.956894904120454,0.006387215107679367
detached,He_worst,129,length,7.91387441542378,0.02071763575077057
detached,He_worst,129,height,2.840268155470026,0.03830761834979057
detached,He_worst,129,orientation,271.40151273213735,-0.002448517829179764
detached,He_worst,129,wwr,0.3560624957382873,0.4413452744483948
detached,He_worst,129,wallInsulationThickness,0.1697933959014321,-0.0012800388503819704
detached,He_worst,129,roofInsulationThickness,0.3429638073793428,0.018773935735225677
detached,He_worst,129,slabInsulationThickness,0.0716383573872611,0.0001812657283153385
detached,He_worst,129,u_windows,2.7441390412830087,-0.003618491580709815
detached,He_worst,129,g_value,0.6933805619361617,0.49822553992271423
detached,He_worst,129,roofAbsorptance,0.318337648320266,-0.0312042273581028
detached,He_worst,129,flowCoefficient,0.0063597498008178,0.0067445351742208
detached,He_worst,129,wof,0.4174306127783996,-0.0022437500301748514
detached,He_worst,129,fixedShadingDepth,0.3059800571986434,0.06229901313781738
detached,He_worst,130,width,9.22713496982531,-0.01452095527201891
detached,He_worst,130,length,11.261902485059007,-0.02067628875374794
detached,He_worst,130,height,2.643707105882099,-0.0020481827668845654
detached,He_worst,130,orientation,76.69844675406512,-0.006205533165484667
detached,He_worst,130,wwr,0.2579960272776885,-0.008468765765428543
detached,He_worst,130,wallInsulationThickness,0.1953963987900234,-0.0050593176856637
detached,He_worst,130,roofInsulationThickness,0.2837622538489591,-0.006015248596668243
detached,He_worst,130,slabInsulationThickness,0.0275927691635258,-0.0024797047954052687
detached,He_worst,130,u_windows,4.27599509571715,-0.006204813253134489
detached,He_worst,130,g_value,0.244877205388502,-0.18923713266849518
detached,He_worst,130,roofAbsorptance,0.6154914969165096,-0.0017030754825100303
detached,He_worst,130,flowCoefficient,0.0059203172492384,0.0009078543516807258
detached,He_worst,130,wof,0.5326322317989792,-0.013369230553507805
detached,He_worst,130,fixedShadingDepth,0.2454150731613097,0.02819785848259926
detached,He_worst,131,width,6.1391147333862115,0.02249939553439617
detached,He_worst,131,length,8.612420786434548,0.009357734583318233
detached,He_worst,131,height,2.887590715630631,0.02417905256152153
detached,He_worst,131,orientation,15.630953194345336,0.0007070011924952269
detached,He_worst,131,wwr,0.2170033635673655,-0.09656906872987747
detached,He_worst,131,wallInsulationThickness,0.1581617923258431,-0.003063995623961091
detached,He_worst,131,roofInsulationThickness,0.2557414340200847,0.0004173673805780709
detached,He_worst,131,slabInsulationThickness,0.0565648630442374,-0.002824926981702447
detached,He_worst,131,u_windows,2.15407523029369,0.002293533878400922
detached,He_worst,131,g_value,0.5619939968128768,0.12638306617736816
detached,He_worst,131,roofAbsorptance,0.3229355767386395,-0.022872908040881157
detached,He_worst,131,flowCoefficient,0.009811169214256,-0.00221136468462646
detached,He_worst,131,wof,0.1398063758234266,0.07310499995946884
detached,He_worst,131,fixedShadingDepth,0.6307956385099389,-0.030789315700531006
detached,He_worst,132,width,7.103057030553466,0.021715939044952393
detached,He_worst,132,length,7.154749307530929,0.03354102373123169
detached,He_worst,132,height,2.5316946472958235,-0.02280070073902607
detached,He_worst,132,orientation,87.16945358270742,-0.010264492593705654
detached,He_worst,132,wwr,0.3264742739892925,0.22230735421180725
detached,He_worst,132,wallInsulationThickness,0.1106027672064942,0.0007376543944701552
detached,He_worst,132,roofInsulationThickness,0.3320561313263209,-0.0009509599185548723
detached,He_worst,132,slabInsulationThickness,0.1274899142440304,0.0033168906811624765
detached,He_worst,132,u_windows,0.8995051881325331,0.08160015195608139
detached,He_worst,132,g_value,0.620378576873194,0.2492889165878296
detached,He_worst,132,roofAbsorptance,0.5459665648195569,-0.006155923940241337
detached,He_worst,132,flowCoefficient,0.0018206839253364,-0.002714513335376978
detached,He_worst,132,wof,0.7001009494009551,-0.056970130652189255
detached,He_worst,132,fixedShadingDepth,0.7626945828402054,-0.11404816806316376
detached,He_worst,133,width,6.328081199829457,0.03237301483750343
detached,He_worst,133,length,10.759273181257946,-0.021406641229987144
detached,He_worst,133,height,2.423223252526677,-0.05208767578005791
detached,He_worst,133,orientation,129.2019351959243,0.0005402766400948167
detached,He_worst,133,wwr,0.3047852519231798,0.11887552589178085
detached,He_worst,133,wallInsulationThickness,0.0155480966445866,0.01183241419494152
detached,He_worst,133,roofInsulationThickness,0.1107845368293217,0.0015114012639969587
detached,He_worst,133,slabInsulationThickness,0.0888884755346353,0.0004997979267500341
detached,He_worst,133,u_windows,2.783117793134807,-0.008200820535421371
detached,He_worst,133,g_value,0.5852911079563565,0.1319863498210907
detached,He_worst,133,roofAbsorptance,0.8210381726463247,0.029384320601820946
detached,He_worst,133,flowCoefficient,0.0030411730086175,0.0003955895663239062
detached,He_worst,133,wof,0.5523884816249024,-0.03534914553165436
detached,He_worst,133,fixedShadingDepth,0.2074517381903471,0.08592262119054794
detached,He_worst,134,width,8.47865179162742,-0.004417841322720051
detached,He_worst,134,length,8.370758759733206,0.005288321990519762
detached,He_worst,134,height,2.844581473485829,0.01731858029961586
detached,He_worst,134,orientation,335.7010954418089,0.006625384092330933
detached,He_worst,134,wwr,0.1110918369956935,-0.33151623606681824
detached,He_worst,134,wallInsulationThickness,0.2336152665702413,-0.006611555814743042
detached,He_worst,134,roofInsulationThickness,0.0544547062983094,0.017476655542850494
detached,He_worst,134,slabInsulationThickness,0.0791037826299032,0.0002978594566229731
detached,He_worst,134,u_windows,3.451378399953196,-0.007824725471436977
detached,He_worst,134,g_value,0.6780607169116823,0.20305491983890533
detached,He_worst,134,roofAbsorptance,0.5775780426590194,0.0006670432048849761
detached,He_worst,134,flowCoefficient,0.0057402455191548,0.0046826256439089775
detached,He_worst,134,wof,0.4350225786344637,-0.009528188966214657
detached,He_worst,134,fixedShadingDepth,0.3979607215012825,0.020845802500844002
detached,He_worst,135,width,9.7888220725431,-0.03038782812654972
detached,He_worst,135,length,11.898038116191527,-0.0584712028503418
detached,He_worst,135,height,2.617112949952746,-0.0065418388694524765
detached,He_worst,135,orientation,200.5293111989857,0.00494329584762454
detached,He_worst,135,wwr,0.3701004419320572,0.44668132066726685
detached,He_worst,135,wallInsulationThickness,0.2388529058240376,-0.0030321083031594753
detached,He_worst,135,roofInsulationThickness,0.0637754681668587,-0.0016835150308907032
detached,He_worst,135,slabInsulationThickness,0.1604719200387191,0.0001007177124847658
detached,He_worst,135,u_windows,3.996334002332212,-0.02474885620176792
detached,He_worst,135,g_value,0.6794590180013208,0.4682144820690155
detached,He_worst,135,roofAbsorptance,0.3702165925596007,-0.042273759841918945
detached,He_worst,135,flowCoefficient,0.0030674318124573,0.0029024151153862476
detached,He_worst,135,wof,0.3540065683942652,0.01507408544421196
detached,He_worst,135,fixedShadingDepth,0.1010395382506527,0.1229945495724678
detached,He_worst,136,width,9.0196940970443,-0.0072753881104290485
detached,He_worst,136,length,10.63801216944218,-0.014635446481406689
detached,He_worst,136,height,2.410316024332061,-0.016373703256249428
detached,He_worst,136,orientation,235.81523745640752,-0.0005124375456944108
detached,He_worst,136,wwr,0.2267231746288878,-0.0335225984454155
detached,He_worst,136,wallInsulationThickness,0.1301485788666412,-0.000268429284915328
detached,He_worst,136,roofInsulationThickness,0.3480705967234468,-0.005152314435690641
detached,He_worst,136,slabInsulationThickness,0.1696154754160294,0.0007138529908843338
detached,He_worst,136,u_windows,4.588669112585334,-0.004923210479319096
detached,He_worst,136,g_value,0.2236798852125116,-0.165491983294487
detached,He_worst,136,roofAbsorptance,0.5158147145925258,-0.006875734310597181
detached,He_worst,136,flowCoefficient,0.0100838572080978,-0.000862935499753803
detached,He_worst,136,wof,0.2248377289587885,0.01282409019768238
detached,He_worst,136,fixedShadingDepth,0.8427399361983641,-0.041990526020526886
detached,He_worst,137,width,8.292819132055545,-0.0035279407165944576
detached,He_worst,137,length,9.724406475446775,-0.007273600436747074
detached,He_worst,137,height,2.955932060831273,0.03805740922689438
detached,He_worst,137,orientation,216.24143613533093,0.005603677127510309
detached,He_worst,137,wwr,0.3827816432832135,0.21993255615234375
detached,He_worst,137,wallInsulationThickness,0.0823110003408149,0.0027225397061556578
detached,He_worst,137,roofInsulationThickness,0.3184535081827719,-9.263884567189962e-05
detached,He_worst,137,slabInsulationThickness,0.0441293836500853,0.0005419357330538332
detached,He_worst,137,u_windows,3.08237748414616,-0.007403941825032234
detached,He_worst,137,g_value,0.4000414584490694,-0.08310762047767639
detached,He_worst,137,roofAbsorptance,0.6813170947670412,0.005531057249754667
detached,He_worst,137,flowCoefficient,0.0057229438967735,0.001283034449443221
detached,He_worst,137,wof,0.6667336482369663,-0.031019054353237152
detached,He_worst,137,fixedShadingDepth,0.8197813308407289,-0.0897480845451355
detached,He_worst,138,width,6.954967903983991,0.013978409580886364
detached,He_worst,138,length,11.07010232261223,-0.02069074660539627
detached,He_worst,138,height,2.6930567108938983,0.0012462082086130977
detached,He_worst,138,orientation,327.76787289761535,0.004828347358852625
detached,He_worst,138,wwr,0.3862275750748807,0.18216636776924133
detached,He_worst,138,wallInsulationThickness,0.2324294060264184,-0.003295126138255
detached,He_worst,138,roofInsulationThickness,0.1183462462067112,-0.003169788047671318
detached,He_worst,138,slabInsulationThickness,0.171119865823222,0.0006418569246307015
detached,He_worst,138,u_windows,4.06056868624505,-0.01027174573391676
detached,He_worst,138,g_value,0.3000872783826932,-0.19493801891803741
detached,He_worst,138,roofAbsorptance,0.5005358020898084,-0.008535131812095642
detached,He_worst,138,flowCoefficient,0.0029824207573389,0.002572789089754224
detached,He_worst,138,wof,0.7988949288316107,-0.027266444638371468
detached,He_worst,138,fixedShadingDepth,0.6483526336489506,-0.03950367495417595
detached,He_worst,139,width,9.001958373338578,-0.012045367620885372
detached,He_worst,139,length,11.089574671717385,-0.01672985777258873
detached,He_worst,139,height,2.863306119005324,0.010529405437409878
detached,He_worst,139,orientation,169.13911793463657,0.0005263622151687741
detached,He_worst,139,wwr,0.1169835209557706,-0.17948679625988007
detached,He_worst,139,wallInsulationThickness,0.2295088221800348,-0.0068631782196462154
detached,He_worst,139,roofInsulationThickness,0.1577476650929938,-0.005933025851845741
detached,He_worst,139,slabInsulationThickness,0.0482911900580656,-0.0004038656479679048
detached,He_worst,139,u_windows,2.3457645212498153,-0.0004506426048465073
detached,He_worst,139,g_value,0.4751483639378736,-0.0088208531960845
detached,He_worst,139,roofAbsorptance,0.6913740204335856,0.0062095001339912415
detached,He_worst,139,flowCoefficient,0.0101363193043111,-0.0008776665781624615
detached,He_worst,139,wof,0.658414317608684,-0.012407437898218632
detached,He_worst,139,fixedShadingDepth,0.9834414431058665,-0.05403804033994675
detached,He_worst,140,width,9.949375382005138,-0.014482835307717323
detached,He_worst,140,length,11.038175602013196,-0.018637925386428833
detached,He_worst,140,height,2.6998195214057055,0.0015696563059464097
detached,He_worst,140,orientation,292.2711042420495,-2.6577507014735602e-05
detached,He_worst,140,wwr,0.2522573349179834,-0.015895413234829903
detached,He_worst,140,wallInsulationThickness,0.1324804369010762,-0.000678540556691587
detached,He_worst,140,roofInsulationThickness,0.1379693175916335,-0.005379031877964735
detached,He_worst,140,slabInsulationThickness,0.0198959618828444,-0.002571620512753725
detached,He_worst,140,u_windows,3.771293286460253,-0.004989360459148884
detached,He_worst,140,g_value,0.2959418617719548,-0.13518162071704865
detached,He_worst,140,roofAbsorptance,0.6329354425476149,-0.0007212188211269677
detached,He_worst,140,flowCoefficient,0.0033434419177577,-0.0001610393519513309
detached,He_worst,140,wof,0.2542271132766214,0.009636947885155678
detached,He_worst,140,fixedShadingDepth,0.8580817643333043,-0.05437396839261055
detached,He_worst,141,width,7.702206786175705,0.0011463066330179572
detached,He_worst,141,length,10.83853117806865,-0.01779918000102043
detached,He_worst,141,height,2.4153270619364986,-0.024148045107722282
detached,He_worst,141,orientation,326.1210499244371,0.004354685079306364
detached,He_worst,141,wwr,0.2011008581989126,-0.07191754877567291
detached,He_worst,141,wallInsulationThickness,0.2145073114365721,-0.006742554716765881
detached,He_worst,141,roofInsulationThickness,0.1302862939546537,-0.006765422411262989
detached,He_worst,141,slabInsulationThickness,0.1638937986627245,0.00027849359321407974
detached,He_worst,141,u_windows,3.0111426644378554,-0.007423764560371637
detached,He_worst,141,g_value,0.3376025268131772,-0.11195041984319687
detached,He_worst,141,roofAbsorptance,0.3543571262393017,-0.02448578178882599
detached,He_worst,141,flowCoefficient,0.0070202837049202,0.0001835564326029271
detached,He_worst,141,wof,0.4200943074842513,-0.007697910536080599
detached,He_worst,141,fixedShadingDepth,0.3217053561481677,0.021269243210554123
detached,He_worst,142,width,9.457197505270376,-0.01623772643506527
detached,He_worst,142,length,9.316828169221695,-0.008240885101258755
detached,He_worst,142,height,2.7657009561612305,0.0035253933165222406
detached,He_worst,142,orientation,322.35987887426035,0.005639608483761549
detached,He_worst,142,wwr,0.2282268736543291,-0.04402979463338852
detached,He_worst,142,wallInsulationThickness,0.1403729420364647,-0.00309341331012547
detached,He_worst,142,roofInsulationThickness,0.3485163324804037,-0.0051260138861835
detached,He_worst,142,slabInsulationThickness,0.0893328258309522,-0.0011035220231860876
detached,He_worst,142,u_windows,4.265688882191303,-0.004479070659726858
detached,He_worst,142,g_value,0.320367959273769,-0.12134256958961487
detached,He_worst,142,roofAbsorptance,0.5045164797955412,-0.006208126433193684
detached,He_worst,142,flowCoefficient,0.0016745228958486,0.0013935945462435484
detached,He_worst,142,wof,0.7685609159005303,-0.01832129806280136
detached,He_worst,142,fixedShadingDepth,0.514471247725874,0.005276580341160297
detached,He_worst,143,width,6.561827845305184,0.014993940480053425
detached,He_worst,143,length,6.475052960088975,0.022145980969071388
detached,He_worst,143,height,2.9619884227816304,0.020365213975310326
detached,He_worst,143,orientation,109.95160743474284,-0.001183770247735083
detached,He_worst,143,wwr,0.2082452015191254,-0.08204475045204163
detached,He_worst,143,wallInsulationThickness,0.2026987466478194,-0.0034248752053827047
detached,He_worst,143,roofInsulationThickness,0.0432720511581421,0.013458807952702045
detached,He_worst,143,slabInsulationThickness,0.1901204808764317,0.0005163095775060356
detached,He_worst,143,u_windows,1.5739972415906736,0.004992363974452019
detached,He_worst,143,g_value,0.5270024979449067,0.05187345668673515
detached,He_worst,143,roofAbsorptance,0.3617621323728573,-0.023759750649333
detached,He_worst,143,flowCoefficient,0.009825341501112,-0.00028831546660512686
detached,He_worst,143,wof,0.5501343122604831,-0.018652809783816338
detached,He_worst,143,fixedShadingDepth,0.9430616522591712,-0.09440430998802185
detached,He_worst,144,width,8.59892772050799,-0.005536116659641266
detached,He_worst,144,length,10.32294283803916,-0.007633877452462912
detached,He_worst,144,height,2.8681933695352333,0.009941523894667625
detached,He_worst,144,orientation,243.3196908308491,-0.0006117201992310584
detached,He_worst,144,wwr,0.1281233472928998,-0.14960458874702454
detached,He_worst,144,wallInsulationThickness,0.283516027090556,-0.002100192941725254
detached,He_worst,144,roofInsulationThickness,0.1788237291036211,-0.006387920584529638
detached,He_worst,144,slabInsulationThickness,0.150833950801831,0.002072333823889494
detached,He_worst,144,u_windows,1.9072042933397344,-0.0002754180459305644
detached,He_worst,144,g_value,0.2786884632478817,-0.10130416601896286
detached,He_worst,144,roofAbsorptance,0.3878412096305209,-0.016368597745895386
detached,He_worst,144,flowCoefficient,0.0084205690077924,-0.0017251076642423868
detached,He_worst,144,wof,0.1629870417316557,0.019469663500785828
detached,He_worst,144,fixedShadingDepth,0.9279247017081448,-0.047066085040569305
detached,He_worst,145,width,6.753788757556978,0.013569524511694908
detached,He_worst,145,length,9.71640658663898,-0.007977977395057678
detached,He_worst,145,height,2.8892151747882044,0.01780923269689083
detached,He_worst,145,orientation,298.71064695519726,0.0019023079657927155
detached,He_worst,145,wwr,0.1046876873203383,-0.294945627450943
detached,He_worst,145,wallInsulationThickness,0.2650279247442072,-0.004417227581143379
detached,He_worst,145,roofInsulationThickness,0.2828886940833938,-0.005103125236928463
detached,He_worst,145,slabInsulationThickness,0.1734796554164818,-0.0008725117659196258
detached,He_worst,145,u_windows,1.4497413062677835,0.0063219754956662655
detached,He_worst,145,g_value,0.5645177648910321,0.08205927908420563
detached,He_worst,145,roofAbsorptance,0.3243502477731369,-0.017647232860326767
detached,He_worst,145,flowCoefficient,0.0017004366093908,-9.603070066077635e-05
detached,He_worst,145,wof,0.1504995774511232,0.0457504540681839
detached,He_worst,145,fixedShadingDepth,0.7479328971866473,-0.03789088502526283
detached,He_worst,146,width,8.921076884682876,-0.013301244005560875
detached,He_worst,146,length,9.731677370097374,-0.008600722067058086
detached,He_worst,146,height,2.9933309541314173,0.02281787246465683
detached,He_worst,146,orientation,320.14664681830965,0.004497937858104706
detached,He_worst,146,wwr,0.1362511946840545,-0.2076086401939392
detached,He_worst,146,wallInsulationThickness,0.0129194547533077,0.028731809929013252
detached,He_worst,146,roofInsulationThickness,0.341927220089643,-0.007317396812140942
detached,He_worst,146,slabInsulationThickness,0.0306550606970677,-4.738805000670254e-05
detached,He_worst,146,u_windows,3.363068417942402,-0.00709232222288847
detached,He_worst,146,g_value,0.4591506823454277,-0.02144031412899494
detached,He_worst,146,roofAbsorptance,0.8281163422680504,0.017867717891931534
detached,He_worst,146,flowCoefficient,0.00141181466059,0.0007914220914244652
detached,He_worst,146,wof,0.5216931133841242,-0.01323060691356659
detached,He_worst,146,fixedShadingDepth,0.3128484418233016,0.02331564389169216
detached,He_worst,147,width,6.203174737469927,0.014386393129825592
detached,He_worst,147,length,8.862322707077603,0.0022389430087059736
detached,He_worst,147,height,2.6520125614445376,-0.004868909250944853
detached,He_worst,147,orientation,236.7375021142272,0.0007279000128619373
detached,He_worst,147,wwr,0.2625165040621248,0.008639763109385967
detached,He_worst,147,wallInsulationThickness,0.0997802639617106,0.0018404339207336307
detached,He_worst,147,roofInsulationThickness,0.3303084052350581,-0.0033438634127378464
detached,He_worst,147,slabInsulationThickness,0.1725544667478217,-0.0002933688519988209
detached,He_worst,147,u_windows,2.826500926136778,-0.0031647461000829935
detached,He_worst,147,g_value,0.3350837149583862,-0.11406084895133972
detached,He_worst,147,roofAbsorptance,0.525541233288126,-0.006308082956820726
detached,He_worst,147,flowCoefficient,0.0075937055983579,-0.0007119032088667154
detached,He_worst,147,wof,0.7499642049580398,-0.02300902083516121
detached,He_worst,147,fixedShadingDepth,0.7310643235893158,-0.04537171125411987
detached,He_worst,148,width,9.735856445813878,-0.016178464516997337
detached,He_worst,148,length,9.832568751401258,-0.010114719159901142
detached,He_worst,148,height,2.9146983913099738,0.015057672746479511
detached,He_worst,148,orientation,65.65894570656783,-0.0037680123932659626
detached,He_worst,148,wwr,0.2009216831653204,-0.06395534425973892
detached,He_worst,148,wallInsulationThickness,0.2603043053624088,-0.0049261064268648624
detached,He_worst,148,roofInsulationThickness,0.241457874393613,-0.009196745231747627
detached,He_worst,148,slabInsulationThickness,0.1227516829244906,-0.00021967173961456865
detached,He_worst,148,u_windows,4.052984669439734,-0.006922897882759571
detached,He_worst,148,g_value,0.3406013093741312,-0.09575599431991577
detached,He_worst,148,roofAbsorptance,0.622007501878391,0.000737896014470607
detached,He_worst,148,flowCoefficient,0.0017110954049202,-0.0005573672824539244
detached,He_worst,148,wof,0.538653558388376,-0.011532491073012352
detached,He_worst,148,fixedShadingDepth,0.6855900944459072,-0.025348708033561707
detached,He_worst,149,width,8.432510458144368,-0.005454001948237419
detached,He_worst,149,length,6.639538482168424,0.024876557290554047
detached,He_worst,149,height,2.6337751941414904,0.002799321198835969
detached,He_worst,149,orientation,235.56818612231132,0.004796815104782581
detached,He_worst,149,wwr,0.2141323234148641,-0.10466509312391281
detached,He_worst,149,wallInsulationThickness,0.1968704409132425,-0.00491048488765955
detached,He_worst,149,roofInsulationThickness,0.0951182828227406,0.010010823607444763
detached,He_worst,149,slabInsulationThickness,0.1806669986923821,0.0004580644308589399
detached,He_worst,149,u_windows,4.50317644686644,-0.008886885829269886
detached,He_worst,149,g_value,0.518151224540613,0.0625140517950058
detached,He_worst,149,roofAbsorptance,0.8466639325855652,0.025641310960054398
detached,He_worst,149,flowCoefficient,0.007952477654373,-0.00041054846951738
detached,He_worst,149,wof,0.7467136462312822,-0.04482705146074295
detached,He_worst,149,fixedShadingDepth,0.068631738391149,0.06451724469661713
detached,He_worst,150,width,6.23546844265576,0.020989764481782913
detached,He_worst,150,length,9.02759128281776,-0.0029895768966525793
detached,He_worst,150,height,2.425934132449229,-0.026320049539208412
detached,He_worst,150,orientation,205.50076663306885,0.0025437315925955772
detached,He_worst,150,wwr,0.2059625047411368,-0.08580285310745239
detached,He_worst,150,wallInsulationThickness,0.0610010573346092,0.009176395833492279
detached,He_worst,150,roofInsulationThickness,0.0670483358262768,0.016231002286076546
detached,He_worst,150,slabInsulationThickness,0.1544163026627132,0.002339293947443366
detached,He_worst,150,u_windows,1.5530598580268342,0.007554051000624895
detached,He_worst,150,g_value,0.483681502763317,-0.0003961048787459731
detached,He_worst,150,roofAbsorptance,0.7984772470703796,0.030239637941122055
detached,He_worst,150,flowCoefficient,0.0098279365166907,0.0014583521988242865
detached,He_worst,150,wof,0.3543867239583558,-0.0017868999857455492
detached,He_worst,150,fixedShadingDepth,0.4364073853260748,0.017100781202316284
detached,He_worst,151,width,7.566192132782103,0.0012273088796064258
detached,He_worst,151,length,11.83209839175884,-0.024809610098600388
detached,He_worst,151,height,2.813529651238097,0.01155815739184618
detached,He_worst,151,orientation,211.32005555802576,0.00363316317088902
detached,He_worst,151,wwr,0.2189849005136087,-0.06885465979576111
detached,He_worst,151,wallInsulationThickness,0.2900640468893664,-0.006881861016154289
detached,He_worst,151,roofInsulationThickness,0.2777435717163189,-0.010024059563875198
detached,He_worst,151,slabInsulationThickness,0.0231865442210539,-0.0009614654700271785
detached,He_worst,151,u_windows,4.229276831494976,-0.008135725744068623
detached,He_worst,151,g_value,0.3876858026630981,-0.07489613443613052
detached,He_worst,151,roofAbsorptance,0.8050695087414841,0.02208847552537918
detached,He_worst,151,flowCoefficient,0.0115917457107722,-0.0009536864818073809
detached,He_worst,151,wof,0.4050200874357048,-0.006718596443533897
detached,He_worst,151,fixedShadingDepth,0.2506710279288877,0.039084162563085556
detached,He_worst,152,width,9.362925845288666,-0.017845693975687027
detached,He_worst,152,length,9.746956607656196,-0.01307214517146349
detached,He_worst,152,height,2.6162146249250187,-0.0018871447537094355
detached,He_worst,152,orientation,144.3618698518275,0.0034979262854903936
detached,He_worst,152,wwr,0.2984413901311269,0.06584300845861435
detached,He_worst,152,wallInsulationThickness,0.2283236879442171,-0.00877754669636488
detached,He_worst,152,roofInsulationThickness,0.1287852690103182,-0.003337274072691798
detached,He_worst,152,slabInsulationThickness,0.1583539583375114,0.0030205126386135817
detached,He_worst,152,u_windows,3.0329619600712707,-0.00747622549533844
detached,He_worst,152,g_value,0.3854380640503292,-0.05359581485390663
detached,He_worst,152,roofAbsorptance,0.5533619191967591,-0.004032976925373077
detached,He_worst,152,flowCoefficient,0.0012824532503823,0.0032502098474651575
detached,He_worst,152,wof,0.350837187279585,-0.005771529860794544
detached,He_worst,152,fixedShadingDepth,0.6460256137097484,-0.0342085063457489
detached,He_worst,153,width,9.004901756303617,-0.011090531013906002
detached,He_worst,153,length,9.21100130267831,-0.004745677579194307
detached,He_worst,153,height,2.567067144007881,-0.013914099894464016
detached,He_worst,153,orientation,280.5739924370947,-0.003522146726027131
detached,He_worst,153,wwr,0.2318918223835224,-0.04384132847189903
detached,He_worst,153,wallInsulationThickness,0.2070849294241379,-0.004091834649443626
detached,He_worst,153,roofInsulationThickness,0.1673522966044815,-0.006306739058345556
detached,He_worst,153,slabInsulationThickness,0.0503509437498403,-0.001593071618117392
detached,He_worst,153,u_windows,2.016232977109505,0.001525106723420322
detached,He_worst,153,g_value,0.5187069742587214,0.04477696865797043
detached,He_worst,153,roofAbsorptance,0.4508607364813803,-0.016226492822170258
detached,He_worst,153,flowCoefficient,0.0107474893803035,-0.0008961822604760528
detached,He_worst,153,wof,0.5117939446699957,-0.02122305892407894
detached,He_worst,153,fixedShadingDepth,0.9221030382508264,-0.08720741420984268
detached,He_worst,154,width,6.082933918790427,0.02452503889799118
detached,He_worst,154,length,11.913935814800697,-0.023624815046787262
detached,He_worst,154,height,2.447558464283951,-0.029493357986211777
detached,He_worst,154,orientation,67.37150507668846,-0.006662605330348015
detached,He_worst,154,wwr,0.242500403388618,-0.03756808862090111
detached,He_worst,154,wallInsulationThickness,0.0356142068128739,0.019186807796359062
detached,He_worst,154,roofInsulationThickness,0.2108980149872762,-0.005258093122392893
detached,He_worst,154,slabInsulationThickness,0.1682580656206725,0.0003578749019652605
detached,He_worst,154,u_windows,4.4717376202115275,-0.006255394779145718
detached,He_worst,154,g_value,0.4346639355532138,-0.0404953695833683
detached,He_worst,154,roofAbsorptance,0.5196180052218885,-0.007301031146198511
detached,He_worst,154,flowCoefficient,0.0041260490465044,0.0003463606699369848
detached,He_worst,154,wof,0.3049178756849121,0.0020921104587614536
detached,He_worst,154,fixedShadingDepth,0.0826009802493639,0.05542432516813278
detached,He_worst,155,width,8.361544264426893,-0.005100309383124113
detached,He_worst,155,length,10.734721976699934,-0.03755855932831764
detached,He_worst,155,height,2.901133805662255,0.020456688478589058
detached,He_worst,155,orientation,97.7361919179438,-0.018574045971035957
detached,He_worst,155,wwr,0.3110025457813995,0.12200619280338287
detached,He_worst,155,wallInsulationThickness,0.0115693347953874,0.013710776343941689
detached,He_worst,155,roofInsulationThickness,0.1592809206600902,-0.0008118025143630803
detached,He_worst,155,slabInsulationThickness,0.1633988720511401,0.004325143992900848
detached,He_worst,155,u_windows,1.5642636117636592,0.008800608105957508
detached,He_worst,155,g_value,0.6507362662527005,0.2738378345966339
detached,He_worst,155,roofAbsorptance,0.4495254818106124,-0.02094397321343422
detached,He_worst,155,flowCoefficient,0.0112243805209936,-0.003564009442925453
detached,He_worst,155,wof,0.6177029227604024,-0.06445983052253723
detached,He_worst,155,fixedShadingDepth,0.0324223014403713,0.10393135249614716
detached,He_worst,156,width,7.459759122012377,0.004170069471001625
detached,He_worst,156,length,6.1109160403223735,0.023185066878795624
detached,He_worst,156,height,2.6287956399523216,-0.003356341505423188
detached,He_worst,156,orientation,233.17822157421108,0.0027428832836449146
detached,He_worst,156,wwr,0.1965472836078201,-0.16566090285778046
detached,He_worst,156,wallInsulationThickness,0.0725034001786176,0.006968886591494083
detached,He_worst,156,roofInsulationThickness,0.3267211095877785,-0.005989608820527792
detached,He_worst,156,slabInsulationThickness,0.1830632847276087,-0.0016524530947208405
detached,He_worst,156,u_windows,0.8700668620136559,0.02802608534693718
detached,He_worst,156,g_value,0.6924990340294146,0.20874619483947754
detached,He_worst,156,roofAbsorptance,0.8535817328842936,0.026703791692852974
detached,He_worst,156,flowCoefficient,0.0050899239178429,0.0016066815005615354
detached,He_worst,156,wof,0.4097577882463249,-0.0048116170801222324
detached,He_worst,156,fixedShadingDepth,0.8106542912034852,-0.11303652077913284
detached,He_worst,157,width,7.324648593300516,0.00855240598320961
detached,He_worst,157,length,11.518497601686246,-0.022559044882655144
detached,He_worst,157,height,2.4624143953779507,-0.02014070563018322
detached,He_worst,157,orientation,357.2554525905845,0.0044190711341798306
detached,He_worst,157,wwr,0.2180315115823749,-0.06750375777482986
detached,He_worst,157,wallInsulationThickness,0.1235316496036363,0.0006386250024661422
detached,He_worst,157,roofInsulationThickness,0.0780653098057963,0.005584188736975193
detached,He_worst,157,slabInsulationThickness,0.1320654223958874,0.0011839589569717646
detached,He_worst,157,u_windows,2.2662711487795084,-0.005040280986577272
detached,He_worst,157,g_value,0.4799820035514035,-0.01617167703807354
detached,He_worst,157,roofAbsorptance,0.3804237735568649,-0.03031552955508232
detached,He_worst,157,flowCoefficient,0.0095385253034221,-4.4230248022358865e-05
detached,He_worst,157,wof,0.2226062698178698,0.02344880998134613
detached,He_worst,157,fixedShadingDepth,0.4489345414470976,0.011056979186832905
detached,He_worst,158,width,9.909534974734209,-0.016407441347837448
detached,He_worst,158,length,10.370332964456658,-0.01201790850609541
detached,He_worst,158,height,2.8720855830127894,0.014217071235179901
detached,He_worst,158,orientation,157.19903583962173,0.001052594743669033
detached,He_worst,158,wwr,0.2771967811580356,0.025399023666977882
detached,He_worst,158,wallInsulationThickness,0.2940584630726942,-0.0052437083795666695
detached,He_worst,158,roofInsulationThickness,0.0300046074919877,0.02245543897151947
detached,He_worst,158,slabInsulationThickness,0.1510376783805735,0.004497610032558441
detached,He_worst,158,u_windows,1.129774177254328,0.018729453906416893
detached,He_worst,158,g_value,0.3450774978143336,-0.11452314257621765
detached,He_worst,158,roofAbsorptance,0.4543223164425534,-0.025062937289476395
detached,He_worst,158,flowCoefficient,0.0115020319467172,0.002465486293658614
detached,He_worst,158,wof,0.2602735713669523,0.009142788127064705
detached,He_worst,158,fixedShadingDepth,0.824553313095592,-0.05872553586959839
detached,He_worst,159,width,6.5489544751387605,0.013993018306791782
detached,He_worst,159,length,8.705844637146235,0.0024909598287194967
detached,He_worst,159,height,2.7166783320646237,0.007885619066655636
detached,He_worst,159,orientation,222.09105794341724,0.0021612776909023523
detached,He_worst,159,wwr,0.2551965569707194,-0.010212136432528496
detached,He_worst,159,wallInsulationThickness,0.2994859784857572,-0.005139495711773634
detached,He_worst,159,roofInsulationThickness,0.0553054153347145,0.010189173743128777
detached,He_worst,159,slabInsulationThickness,0.1684134054421334,0.002106923609972
detached,He_worst,159,u_windows,4.296461488210361,-0.005921460222452879
detached,He_worst,159,g_value,0.3973887237804171,-0.05257903039455414
detached,He_worst,159,roofAbsorptance,0.4334913108698121,-0.021187301725149155
detached,He_worst,159,flowCoefficient,0.0116292732657333,0.0017841662047430873
detached,He_worst,159,wof,0.5337735500311845,-0.01573454588651657
detached,He_worst,159,fixedShadingDepth,0.8764370477708967,-0.06240670382976532
detached,He_worst,160,width,7.2390709742625,0.012912903912365437
detached,He_worst,160,length,8.839743371971167,0.0024349759332835674
detached,He_worst,160,height,2.515652627731047,-0.02561015821993351
detached,He_worst,160,orientation,271.63296298799,-0.005388694815337658
detached,He_worst,160,wwr,0.2749782513421249,0.0342240147292614
detached,He_worst,160,wallInsulationThickness,0.117660379182699,0.0025231277104467154
detached,He_worst,160,roofInsulationThickness,0.2903809141577882,-0.005610689986497164
detached,He_worst,160,slabInsulationThickness,0.0111573129905685,-0.00039324615499936044
detached,He_worst,160,u_windows,2.1014965837344266,-0.0007764665642753243
detached,He_worst,160,g_value,0.4852467685111927,0.00574110820889473
detached,He_worst,160,roofAbsorptance,0.8842111501223395,0.03393875062465668
detached,He_worst,160,flowCoefficient,0.0075238533259688,-0.000968053238466382
detached,He_worst,160,wof,0.4841065024605864,-0.023556942120194435
detached,He_worst,160,fixedShadingDepth,0.3618944115399936,0.03055524080991745
detached,He_worst,161,width,8.585407124749674,-0.012236027978360653
detached,He_worst,161,length,11.757163816481246,-0.025986099615693092
detached,He_worst,161,height,2.77514788613611,0.003197388956323266
detached,He_worst,161,orientation,22.974416661600333,0.0025986505206674337
detached,He_worst,161,wwr,0.331839353182658,0.14805831015110016
detached,He_worst,161,wallInsulationThickness,0.2436744857689022,-0.0073333256877958775
detached,He_worst,161,roofInsulationThickness,0.1675339775616064,-0.020265081897377968
detached,He_worst,161,slabInsulationThickness,0.1288485780927603,0.00010587442375253886
detached,He_worst,161,u_windows,1.3316272542565455,0.018608178943395615
detached,He_worst,161,g_value,0.3002895858091453,-0.2343008816242218
detached,He_worst,161,roofAbsorptance,0.8732402954667133,0.03818181902170181
detached,He_worst,161,flowCoefficient,0.0087480222706053,-0.0025671806652098894
detached,He_worst,161,wof,0.3136413827868046,0.012391265481710434
detached,He_worst,161,fixedShadingDepth,0.2991719312932793,0.053209755569696426
detached,He_worst,162,width,8.465284634736948,-0.004999544937163591
detached,He_worst,162,length,9.34356478522174,-0.006280846893787384
detached,He_worst,162,height,2.6177557722139544,-0.0023468579165637493
detached,He_worst,162,orientation,205.33078265361723,0.002779920119792223
detached,He_worst,162,wwr,0.108803750019407,-0.25718769431114197
detached,He_worst,162,wallInsulationThickness,0.1310565449512422,-0.002689352026209235
detached,He_worst,162,roofInsulationThickness,0.0424605860500649,0.021724049001932144
detached,He_worst,162,slabInsulationThickness,0.1549980223213302,0.002711239503696561
detached,He_worst,162,u_windows,1.9359531435738988,-0.0015272038290277123
detached,He_worst,162,g_value,0.6028797192245592,0.0958031639456749
detached,He_worst,162,roofAbsorptance,0.4740653366414197,-0.02133304253220558
detached,He_worst,162,flowCoefficient,0.0070073860542907,0.0006371947820298374
detached,He_worst,162,wof,0.7867647244163235,-0.022729426622390747
detached,He_worst,162,fixedShadingDepth,0.3422758796834147,0.02222340553998947
detached,He_worst,163,width,8.759681626017297,-0.01486978493630886
detached,He_worst,163,length,9.309114409295267,-0.004744543228298426
detached,He_worst,163,height,2.941432822139265,0.02305769734084606
detached,He_worst,163,orientation,5.326900342811859,0.00293143093585968
detached,He_worst,163,wwr,0.165821469285373,-0.16984473168849945
detached,He_worst,163,wallInsulationThickness,0.2198580442864035,-0.00817059725522995
detached,He_worst,163,roofInsulationThickness,0.2152166290787,-0.010354358702898026
detached,He_worst,163,slabInsulationThickness,0.0828257032557932,-0.0003365847223903984
detached,He_worst,163,u_windows,4.116162300740683,-0.00894168484956026
detached,He_worst,163,g_value,0.4985601300375515,0.04071500524878502
detached,He_worst,163,roofAbsorptance,0.8608440374841333,0.027414049953222275
detached,He_worst,163,flowCoefficient,0.0023999227527777,-0.000934721261728555
detached,He_worst,163,wof,0.405564034510771,-0.01316577848047018
detached,He_worst,163,fixedShadingDepth,0.4210217689176543,0.018284792080521584
detached,He_worst,164,width,8.577754585152924,-0.008588987402617931
detached,He_worst,164,length,11.510186340077286,-0.015897884964942932
detached,He_worst,164,height,2.8101650939583696,0.00772690586745739
detached,He_worst,164,orientation,262.13272192513045,-0.006467011291533709
detached,He_worst,164,wwr,0.1386396669450215,-0.16010552644729614
detached,He_worst,164,wallInsulationThickness,0.1444762663855556,-0.0054840026423335075
detached,He_worst,164,roofInsulationThickness,0.2834630207830266,-0.0055012949742376804
detached,He_worst,164,slabInsulationThickness,0.0285349540478709,-0.0010091562289744616
detached,He_worst,164,u_windows,1.7378711494220105,0.0030116131529212
detached,He_worst,164,g_value,0.3735694713798491,-0.05730357766151428
detached,He_worst,164,roofAbsorptance,0.3950344412569874,-0.01694803684949875
detached,He_worst,164,flowCoefficient,0.0068056124658518,-0.0001398515305481851
detached,He_worst,164,wof,0.242964734002316,0.004295314196497202
detached,He_worst,164,fixedShadingDepth,0.8259476766048498,-0.038772646337747574
detached,He_worst,165,width,8.720206288743373,-0.009154276922345161
detached,He_worst,165,length,8.028792383233402,0.004745230544358492
detached,He_worst,165,height,2.923735596816633,0.020112257450819016
detached,He_worst,165,orientation,20.473133567694035,0.0013271388597786427
detached,He_worst,165,wwr,0.1069043323201795,-0.2599124610424042
detached,He_worst,165,wallInsulationThickness,0.2940440047854124,-0.007102477364242077
detached,He_worst,165,roofInsulationThickness,0.2986309735400793,-0.006939462386071682
detached,He_worst,165,slabInsulationThickness,0.053987035875234,-3.57286335201934e-05
detached,He_worst,165,u_windows,3.1587685209742,-0.006861782167106867
detached,He_worst,165,g_value,0.5195634040372349,0.04207032918930054
detached,He_worst,165,roofAbsorptance,0.4925519376716563,-0.008497313596308231
detached,He_worst,165,flowCoefficient,0.0088183108364266,-0.0017954799113795161
detached,He_worst,165,wof,0.1613057330891304,0.03976691886782646
detached,He_worst,165,fixedShadingDepth,0.7743355646493953,-0.04946708679199219
detached,He_worst,166,width,8.6293132916314,-0.00965952593833208
detached,He_worst,166,length,6.6123030258706965,0.029610320925712585
detached,He_worst,166,height,2.776376623395217,0.008999843150377274
detached,He_worst,166,orientation,255.6593034125496,0.0036850201431661844
detached,He_worst,166,wwr,0.3097169085918637,0.09732505679130554
detached,He_worst,166,wallInsulationThickness,0.215193723280386,-0.004856549669057131
detached,He_worst,166,roofInsulationThickness,0.3428485525712537,-0.0006448267376981676
detached,He_worst,166,slabInsulationThickness,0.1147699695488108,-1.17369063445949e-06
detached,He_worst,166,u_windows,1.984570894557815,0.005182771012187004
detached,He_worst,166,g_value,0.6091093960329195,0.16696025431156158
detached,He_worst,166,roofAbsorptance,0.8611559400033362,0.01998155750334263
detached,He_worst,166,flowCoefficient,0.0059276410817795,0.0027922168374061584
detached,He_worst,166,wof,0.642841231715672,-0.05376297980546951
detached,He_worst,166,fixedShadingDepth,0.7730232926314912,-0.1260421872138977
detached,He_worst,167,width,6.156795822240836,0.01839425414800644
detached,He_worst,167,length,7.260071282159948,0.008615175262093544
detached,He_worst,167,height,2.9047363790856684,0.014743014238774776
detached,He_worst,167,orientation,159.41737802392174,0.00043702308903448284
detached,He_worst,167,wwr,0.1153652551223766,-0.24344095587730408
detached,He_worst,167,wallInsulationThickness,0.0964158802958867,-0.00011193960381206125
detached,He_worst,167,roofInsulationThickness,0.3408058695618823,-0.0004636390076484531
detached,He_worst,167,slabInsulationThickness,0.1983942691305211,0.000787231489084661
detached,He_worst,167,u_windows,1.963390906856112,-0.0012474327813833952
detached,He_worst,167,g_value,0.5825386740469554,0.06215481832623482
detached,He_worst,167,roofAbsorptance,0.3093594213317702,-0.018192889168858528
detached,He_worst,167,flowCoefficient,0.0021929164327861,-0.002157278824597597
detached,He_worst,167,wof,0.5827036093274075,-0.020852357149124146
detached,He_worst,167,fixedShadingDepth,0.9631182273671332,-0.07356131821870804
detached,He_worst,168,width,8.394964242848662,-0.004010708536952734
detached,He_worst,168,length,9.70399085673583,-0.007909785024821758
detached,He_worst,168,height,2.9678528923507996,0.021086202934384346
detached,He_worst,168,orientation,66.77787436412778,-0.0036251554265618324
detached,He_worst,168,wwr,0.1017628079512508,-0.1839006096124649
detached,He_worst,168,wallInsulationThickness,0.1827074670908242,-0.0042745317332446575
detached,He_worst,168,roofInsulationThickness,0.2353079448937557,-0.010088356211781502
detached,He_worst,168,slabInsulationThickness,0.1496528695977637,0.0020923169795423746
detached,He_worst,168,u_windows,2.906088400805645,-0.004137213341891766
detached,He_worst,168,g_value,0.3173519553141236,-0.09359397739171982
detached,He_worst,168,roofAbsorptance,0.5852228548577908,-0.0007609626627527177
detached,He_worst,168,flowCoefficient,0.0024325138206182,0.0008240893948823214
detached,He_worst,168,wof,0.3672878407900528,-0.0064987135119736195
detached,He_worst,168,fixedShadingDepth,0.3318582672248783,0.017205921933054924
detached,He_worst,169,width,8.624972864978849,-0.007499256171286106
detached,He_worst,169,length,9.40112480297982,-0.006977709010243416
detached,He_worst,169,height,2.764339796729953,0.00239346525631845
detached,He_worst,169,orientation,75.4002284140659,-0.004972472786903381
detached,He_worst,169,wwr,0.3173773650372647,0.0674995630979538
detached,He_worst,169,wallInsulationThickness,0.1660861680744598,-0.0022012379486113787
detached,He_worst,169,roofInsulationThickness,0.284478202189304,-0.005335703492164612
detached,He_worst,169,slabInsulationThickness,0.0805118799507497,-0.0013067080872133374
detached,He_worst,169,u_windows,2.070420656900529,0.0007937246118672192
detached,He_worst,169,g_value,0.2998517941525961,-0.1553473174571991
detached,He_worst,169,roofAbsorptance,0.5404494715120153,-0.003961967304348946
detached,He_worst,169,flowCoefficient,0.003557281952416,0.0013639620738103986
detached,He_worst,169,wof,0.5741626030843701,-0.02351502887904644
detached,He_worst,169,fixedShadingDepth,0.8049614297795595,-0.05656412988901138
detached,He_worst,170,width,8.676700640047262,-0.004793510772287846
detached,He_worst,170,length,6.0107714470107565,0.01716180332005024
detached,He_worst,170,height,2.6351915037949425,-0.0011810394935309887
detached,He_worst,170,orientation,241.59568019970723,0.0006013211677782238
detached,He_worst,170,wwr,0.134031143919429,-0.11811278015375137
detached,He_worst,170,wallInsulationThickness,0.2239792858147968,-0.0073460983112454414
detached,He_worst,170,roofInsulationThickness,0.3254711477743964,-0.010762287303805351
detached,He_worst,170,slabInsulationThickness,0.1061113232024809,-0.0009073438704945147
detached,He_worst,170,u_windows,3.644964207784171,-0.00422916654497385
detached,He_worst,170,g_value,0.2422566573611554,-0.11734708398580551
detached,He_worst,170,roofAbsorptance,0.8105742203393713,0.012539989314973354
detached,He_worst,170,flowCoefficient,0.0081931162028664,-0.000801672984380275
detached,He_worst,170,wof,0.7917965888697914,-0.0073548234067857265
detached,He_worst,170,fixedShadingDepth,0.9231061634360792,-0.043244369328022
detached,He_worst,171,width,7.038859189366709,0.010435090400278568
detached,He_worst,171,length,7.106441512598173,0.017658105120062828
detached,He_worst,171,height,2.6835830818208777,0.0010859603062272072
detached,He_worst,171,orientation,316.246816230855,0.0063108475878834724
detached,He_worst,171,wwr,0.136511319998227,-0.3326779007911682
detached,He_worst,171,wallInsulationThickness,0.1265167423968018,-0.0017082375707104802
detached,He_worst,171,roofInsulationThickness,0.3229843284286158,-0.006496907211840153
detached,He_worst,171,slabInsulationThickness,0.1327582980460425,0.0014540697447955608
detached,He_worst,171,u_windows,4.352830625609989,-0.006979974918067455
detached,He_worst,171,g_value,0.6682667545600254,0.20722849667072296
detached,He_worst,171,roofAbsorptance,0.5778346304915036,-0.001167684094980359
detached,He_worst,171,flowCoefficient,0.0112830167684906,-0.0009360036929138005
detached,He_worst,171,wof,0.5069431964741995,-0.016086211428046227
detached,He_worst,171,fixedShadingDepth,0.0294312566582905,0.06893765926361084
detached,He_worst,172,width,7.135089909356447,0.014665639959275723
detached,He_worst,172,length,8.647030541894297,0.0018749887822195888
detached,He_worst,172,height,2.9302228653404714,0.03181333467364311
detached,He_worst,172,orientation,68.4963505945286,-0.004037851467728615
detached,He_worst,172,wwr,0.3534881607182135,0.1875375658273697
detached,He_worst,172,wallInsulationThickness,0.2081231823761154,-0.005444561596959829
detached,He_worst,172,roofInsulationThickness,0.3452006416367648,0.00048391689779236913
detached,He_worst,172,slabInsulationThickness,0.0590194599653923,-0.0004734368994832039
detached,He_worst,172,u_windows,1.0620656009414904,0.026108475401997566
detached,He_worst,172,g_value,0.3762346501060013,-0.13958509266376495
detached,He_worst,172,roofAbsorptance,0.6460289297219614,0.003820806508883834
detached,He_worst,172,flowCoefficient,0.0049379166862688,0.005089283920824528
detached,He_worst,172,wof,0.4434051526671216,-0.009091153740882874
detached,He_worst,172,fixedShadingDepth,0.7450262730004985,-0.061772629618644714
detached,He_worst,173,width,8.223559451779726,0.00032446038676425815
detached,He_worst,173,length,9.752752694270477,-0.024213800206780434
detached,He_worst,173,height,2.7986260249724797,0.02175961062312126
detached,He_worst,173,orientation,333.5574333307637,0.012106567621231079
detached,He_worst,173,wwr,0.3327183945369117,0.2657792866230011
detached,He_worst,173,wallInsulationThickness,0.0376252043790362,0.006730425637215376
detached,He_worst,173,roofInsulationThickness,0.325829208112884,-0.005356353707611561
detached,He_worst,173,slabInsulationThickness,0.1964840411715079,0.002435400616377592
detached,He_worst,173,u_windows,1.475951563450736,0.007761812303215265
detached,He_worst,173,g_value,0.6864750993185595,0.3847087323665619
detached,He_worst,173,roofAbsorptance,0.6725634998666776,0.0021725480910390615
detached,He_worst,173,flowCoefficient,0.0102210060229941,-0.0025994982570409775
detached,He_worst,173,wof,0.5990017609799023,-0.07625079154968262
detached,He_worst,173,fixedShadingDepth,0.1451071374961035,0.10466798394918442
detached,He_worst,174,width,6.2778281821901,0.018828781321644783
detached,He_worst,174,length,9.100171533338733,-0.0018669090932235122
detached,He_worst,174,height,2.9636571391144377,0.02007240615785122
detached,He_worst,174,orientation,118.7112223200838,0.0012512734392657876
detached,He_worst,174,wwr,0.1019140471448738,-0.23515307903289795
detached,He_worst,174,wallInsulationThickness,0.2981072916300984,-0.007061192765831947
detached,He_worst,174,roofInsulationThickness,0.2734494968433519,-0.010691443458199501
detached,He_worst,174,slabInsulationThickness,0.0558934651697756,-0.0004451963759493083
detached,He_worst,174,u_windows,0.9643362434751768,0.020371990278363228
detached,He_worst,174,g_value,0.5305170440045567,0.03395586088299751
detached,He_worst,174,roofAbsorptance,0.7645590030203,0.009849761612713337
detached,He_worst,174,flowCoefficient,0.0046607268912557,0.0009200763306580484
detached,He_worst,174,wof,0.7365245574476244,-0.018659213557839394
detached,He_worst,174,fixedShadingDepth,0.8691918464519739,-0.06392287462949753
detached,He_worst,175,width,6.817387774331416,0.012352502904832363
detached,He_worst,175,length,8.607573337517348,0.016105685383081436
detached,He_worst,175,height,2.6602002505643494,0.0038220251444727182
detached,He_worst,175,orientation,23.17705927187933,-0.008672097697854042
detached,He_worst,175,wwr,0.3910421235285145,0.3556096851825714
detached,He_worst,175,wallInsulationThickness,0.0808023659383959,-3.55832016794011e-05
detached,He_worst,175,roofInsulationThickness,0.0996292850284301,0.001645996468141675
detached,He_worst,175,slabInsulationThickness,0.0411086376165719,0.0011913137277588248
detached,He_worst,175,u_windows,3.923080214130547,-0.023503335192799568
detached,He_worst,175,g_value,0.6673396594455108,0.35645362734794617
detached,He_worst,175,roofAbsorptance,0.8774623802370767,0.031680572777986526
detached,He_worst,175,flowCoefficient,0.0079310435920673,-0.0033653576392680407
detached,He_worst,175,wof,0.6574366811632344,-0.06219532713294029
detached,He_worst,175,fixedShadingDepth,0.8326474826409014,-0.17472220957279205
detached,He_worst,176,width,8.78907518771035,-0.013722670264542103
detached,He_worst,176,length,10.622369102117194,-0.04489169269800186
detached,He_worst,176,height,2.622184967735617,-0.00852188654243946
detached,He_worst,176,orientation,130.1511064515268,0.005862169899046421
detached,He_worst,176,wwr,0.3727954668557379,0.4473171532154083
detached,He_worst,176,wallInsulationThickness,0.0935552759731105,0.0015107633080333471
detached,He_worst,176,roofInsulationThickness,0.0987875117929477,0.007695787586271763
detached,He_worst,176,slabInsulationThickness,0.0345128127445262,0.006746293511241674
detached,He_worst,176,u_windows,2.3478098842915616,-0.0010905091185122728
detached,He_worst,176,g_value,0.6866112356005694,0.4528247117996216
detached,He_worst,176,roofAbsorptance,0.7117524359776047,0.020121220499277115
detached,He_worst,176,flowCoefficient,0.0028810679772017,0.002748440718278289
detached,He_worst,176,wof,0.3893736372783969,0.006272804923355579
detached,He_worst,176,fixedShadingDepth,0.4549062348691576,0.020658180117607117
detached,He_worst,177,width,7.624245189824691,0.001362688490189612
detached,He_worst,177,length,9.087625123597464,-0.0010221264092251658
detached,He_worst,177,height,2.987158568440245,0.024560876190662384
detached,He_worst,177,orientation,14.305306193050807,-0.00025548817939125
detached,He_worst,177,wwr,0.3681705478269114,0.1906089186668396
detached,He_worst,177,wallInsulationThickness,0.1254599588362293,-0.0027052457444369793
detached,He_worst,177,roofInsulationThickness,0.3137513002803683,-0.005432129371911287
detached,He_worst,177,slabInsulationThickness,0.0785408303810654,-0.0027709207497537136
detached,He_worst,177,u_windows,4.231288743928889,-0.01253221370279789
detached,He_worst,177,g_value,0.2658678953281607,-0.28589773178100586
detached,He_worst,177,roofAbsorptance,0.7320942233492613,0.004171829205006361
detached,He_worst,177,flowCoefficient,0.0056176944096446,0.00296634528785944
detached,He_worst,177,wof,0.6616040838917061,-0.03371727466583252
detached,He_worst,177,fixedShadingDepth,0.1524386030748629,0.05560024082660675
detached,He_worst,178,width,8.306634055027574,-0.0004199640534352511
detached,He_worst,178,length,6.512262062513712,0.04781157523393631
detached,He_worst,178,height,2.7774090707925887,0.01198186632245779
detached,He_worst,178,orientation,319.7222376566753,0.004126519896090031
detached,He_worst,178,wwr,0.3986989158124624,0.3995007574558258
detached,He_worst,178,wallInsulationThickness,0.0568026778580177,0.0056890458799898624
detached,He_worst,178,roofInsulationThickness,0.2158541230096095,7.308708154596388e-05
detached,He_worst,178,slabInsulationThickness,0.1182218552570767,0.005131521727889776
detached,He_worst,178,u_windows,1.7284934535280625,0.008113552816212177
detached,He_worst,178,g_value,0.6446096424710497,0.34739115834236145
detached,He_worst,178,roofAbsorptance,0.6475431618468843,0.007446841802448034
detached,He_worst,178,flowCoefficient,0.0073871627389443,0.0004605551075655967
detached,He_worst,178,wof,0.6783651129044908,-0.061427801847457886
detached,He_worst,178,fixedShadingDepth,0.6677911594809671,-0.08636800944805145
detached,He_worst,179,width,7.767464599996456,0.0006048011709935963
detached,He_worst,179,length,9.077133336875471,-0.004994370974600315
detached,He_worst,179,height,2.520959522882394,-0.012345436029136181
detached,He_worst,179,orientation,122.4446668910592,0.0009586710948497057
detached,He_worst,179,wwr,0.2194461056182044,-0.07082067430019379
detached,He_worst,179,wallInsulationThickness,0.2775704178342574,-0.006001106463372707
detached,He_worst,179,roofInsulationThickness,0.0458776941862671,0.024445349350571632
detached,He_worst,179,slabInsulationThickness,0.1774516624785937,0.0016129688592627645
detached,He_worst,179,u_windows,1.0714868556144976,0.03235528990626335
detached,He_worst,179,g_value,0.3314709080656162,-0.14041073620319366
detached,He_worst,179,roofAbsorptance,0.368057678848438,-0.03023618459701538
detached,He_worst,179,flowCoefficient,0.0022973055413562,-0.0021273333113640547
detached,He_worst,179,wof,0.2068435486818874,0.031346388161182404
detached,He_worst,179,fixedShadingDepth,0.0592042295578181,0.04617471247911453
detached,He_worst,180,width,9.57407388073215,-0.01651042513549328
detached,He_worst,180,length,11.681357017217827,-0.01874738745391369
detached,He_worst,180,height,2.4746475733911075,-0.015929637476801872
detached,He_worst,180,orientation,69.31001929029136,-0.0056776930578053
detached,He_worst,180,wwr,0.1591075115372784,-0.1631239354610443
detached,He_worst,180,wallInsulationThickness,0.1136533606561076,-0.001787015120498836
detached,He_worst,180,roofInsulationThickness,0.2808124639099979,-0.002248111180961132
detached,He_worst,180,slabInsulationThickness,0.0674341744621023,-0.0011263336054980755
detached,He_worst,180,u_windows,2.14086634699639,0.0004221954441163689
detached,He_worst,180,g_value,0.6368753279633854,0.14314821362495422
detached,He_worst,180,roofAbsorptance,0.4020094885316645,-0.017101960256695747
detached,He_worst,180,flowCoefficient,0.0045629843638716,0.00036201049806550145
detached,He_worst,180,wof,0.7531794276926614,-0.0317835807800293
detached,He_worst,180,fixedShadingDepth,0.7419971629458202,-0.04593290761113167
detached,He_worst,181,width,8.940781628092497,-0.01641307957470417
detached,He_worst,181,length,8.940854789499578,0.004958883859217167
detached,He_worst,181,height,2.71333172432655,0.0053160772658884525
detached,He_worst,181,orientation,21.027453984889203,-0.005815665703266859
detached,He_worst,181,wwr,0.3107729422642821,0.13654391467571259
detached,He_worst,181,wallInsulationThickness,0.2659499439488594,-0.0031321903225034475
detached,He_worst,181,roofInsulationThickness,0.1570556761118805,-0.0021673813462257385
detached,He_worst,181,slabInsulationThickness,0.0362424341838409,-0.0044807144440710545
detached,He_worst,181,u_windows,3.092059615457477,-0.014209332875907421
detached,He_worst,181,g_value,0.5972727377148599,0.16063933074474335
detached,He_worst,181,roofAbsorptance,0.3537591526886088,-0.02390083484351635
detached,He_worst,181,flowCoefficient,0.010305774523266,-0.00479915039613843
detached,He_worst,181,wof,0.4150422534097331,-0.02510981634259224
detached,He_worst,181,fixedShadingDepth,0.1795157167910107,0.08458293229341507
detached,He_worst,182,width,9.04909552552998,-0.014424281194806099
detached,He_worst,182,length,6.332345763749901,0.028950002044439316
detached,He_worst,182,height,2.8160978350274357,0.014120478183031082
detached,He_worst,182,orientation,266.09771331710886,-0.002409408101812005
detached,He_worst,182,wwr,0.3685275766694882,0.20291274785995483
detached,He_worst,182,wallInsulationThickness,0.0711685576072838,0.004980880301445723
detached,He_worst,182,roofInsulationThickness,0.0738208658804422,0.004453781992197037
detached,He_worst,182,slabInsulationThickness,0.0772615214294819,-0.003509078174829483
detached,He_worst,182,u_windows,2.838535613064863,-0.008428019471466541
detached,He_worst,182,g_value,0.34381729631697,-0.15468885004520416
detached,He_worst,182,roofAbsorptance,0.4958513692267159,-0.017420144751667976
detached,He_worst,182,flowCoefficient,0.0049273734886012,0.0020101163536310196
detached,He_worst,182,wof,0.6267498482451851,-0.03417706862092018
detached,He_worst,182,fixedShadingDepth,0.5283526349098853,0.012290896847844124
detached,He_worst,183,width,9.228034782247434,-0.019475912675261497
detached,He_worst,183,length,11.150568311236889,-0.03549513965845108
detached,He_worst,183,height,2.5969524226424032,-0.011477629654109478
detached,He_worst,183,orientation,252.01876065060213,0.0008870447054505348
detached,He_worst,183,wwr,0.2981987262331331,0.05062662437558174
detached,He_worst,183,wallInsulationThickness,0.1547919827385227,-0.0033324372489005327
detached,He_worst,183,roofInsulationThickness,0.139803537185857,-0.006262793205678463
detached,He_worst,183,slabInsulationThickness,0.1727313328475534,0.0034682985860854387
detached,He_worst,183,u_windows,3.1318158139286902,-0.011730952188372612
detached,He_worst,183,g_value,0.6577850711208248,0.221584752202034
detached,He_worst,183,roofAbsorptance,0.3746991619120376,-0.02193515934050083
detached,He_worst,183,flowCoefficient,0.0060261201942729,0.0014571022475138307
detached,He_worst,183,wof,0.7284187034572982,-0.06567703932523727
detached,He_worst,183,fixedShadingDepth,0.4637195178369895,0.002576644765213132
detached,He_worst,184,width,8.304530594175226,-0.0021592772100120783
detached,He_worst,184,length,11.515073475118056,-0.014670361764729023
detached,He_worst,184,height,2.6476499468543166,-0.0015983042540028691
detached,He_worst,184,orientation,203.76224040789063,0.0022237792145460844
detached,He_worst,184,wwr,0.1862561252764,-0.08789316564798355
detached,He_worst,184,wallInsulationThickness,0.0422119163176773,0.013874982483685017
detached,He_worst,184,roofInsulationThickness,0.1080740106277598,0.0016334676183760166
detached,He_worst,184,slabInsulationThickness,0.1775251318427387,0.002375770127400756
detached,He_worst,184,u_windows,4.730654517942895,-0.004446617793291807
detached,He_worst,184,g_value,0.269781140243228,-0.1344943791627884
detached,He_worst,184,roofAbsorptance,0.6800967551595364,0.007608393207192421
detached,He_worst,184,flowCoefficient,0.0029622490801826,0.00012876844266429543
detached,He_worst,184,wof,0.5867086936442205,-0.019121019169688225
detached,He_worst,184,fixedShadingDepth,0.4022069214223829,0.015962954610586166
detached,He_worst,185,width,8.16364069354637,-0.0008047257433645427
detached,He_worst,185,length,10.147400417988289,-0.013689958490431309
detached,He_worst,185,height,2.743883168409611,0.005375852808356285
detached,He_worst,185,orientation,48.583069090372774,-0.0023689933586865664
detached,He_worst,185,wwr,0.2234523366387976,-0.048090990632772446
detached,He_worst,185,wallInsulationThickness,0.1877211784060778,-0.0032326190266758204
detached,He_worst,185,roofInsulationThickness,0.2805081074952595,-0.0033711350988596678
detached,He_worst,185,slabInsulationThickness,0.0302244816134722,-0.002191387815400958
detached,He_worst,185,u_windows,4.055610078583685,-0.01202028151601553
detached,He_worst,185,g_value,0.5792898859132344,0.10149937123060226
detached,He_worst,185,roofAbsorptance,0.5648684144573008,-0.00501745892688632
detached,He_worst,185,flowCoefficient,0.0022423077526509,0.0005653685075230896
detached,He_worst,185,wof,0.4418516334049645,-0.015568221919238567
detached,He_worst,185,fixedShadingDepth,0.7804940320923123,-0.07323813438415527
detached,He_worst,186,width,6.404487090797435,0.0253986194729805
detached,He_worst,186,length,10.898297313701004,-0.025885073468089104
detached,He_worst,186,height,2.781711681992074,0.008741570636630058
detached,He_worst,186,orientation,231.92246515259055,-0.001537982141599059
detached,He_worst,186,wwr,0.357066790226054,0.19956481456756592
detached,He_worst,186,wallInsulationThickness,0.1443743171610021,-0.002583729103207588
detached,He_worst,186,roofInsulationThickness,0.1477876702621572,-0.0014154796954244375
detached,He_worst,186,slabInsulationThickness,0.1219213822925867,-0.0001860848133219406
detached,He_worst,186,u_windows,2.328923257014399,0.0008228616788983345
detached,He_worst,186,g_value,0.4526533111296565,-0.03714757040143013
detached,He_worst,186,roofAbsorptance,0.3734861547101644,-0.020817065611481667
detached,He_worst,186,flowCoefficient,0.007354695058975,0.000131318811327219
detached,He_worst,186,wof,0.1772038484686162,0.0533302016556263
detached,He_worst,186,fixedShadingDepth,0.7892538423509352,-0.08523231744766235
detached,He_worst,187,width,9.85347968937794,-0.01928868144750595
detached,He_worst,187,length,6.03210829490384,0.034046247601509094
detached,He_worst,187,height,2.627124208871888,-0.0021616464946419
detached,He_worst,187,orientation,148.82844425234222,0.003493416588753462
detached,He_worst,187,wwr,0.3816739541553867,0.21422110497951508
detached,He_worst,187,wallInsulationThickness,0.205939707134177,-0.0035132006742060184
detached,He_worst,187,roofInsulationThickness,0.2195202484701124,-0.006100046448409557
detached,He_worst,187,slabInsulationThickness,0.131848017985949,-0.0012759880628436804
detached,He_worst,187,u_windows,2.6316764298220816,-0.0015444998862221837
detached,He_worst,187,g_value,0.4204922410268736,-0.06586819887161255
detached,He_worst,187,roofAbsorptance,0.6423527808843579,0.005108136683702469
detached,He_worst,187,flowCoefficient,0.0020905213170438,0.0014066590229049325
detached,He_worst,187,wof,0.4703361845218506,-0.008729757741093636
detached,He_worst,187,fixedShadingDepth,0.9371812728582308,-0.09921572357416153
detached,He_worst,188,width,8.69182485510264,-0.01143563911318779
detached,He_worst,188,length,10.8210489761128,-0.020240018144249916
detached,He_worst,188,height,2.7704266014389267,0.006125082261860371
detached,He_worst,188,orientation,117.44802629001364,0.0003780178085435182
detached,He_worst,188,wwr,0.2089499067607403,-0.0918213501572609
detached,He_worst,188,wallInsulationThickness,0.2545983120421621,-0.0063204714097082615
detached,He_worst,188,roofInsulationThickness,0.1006048458597476,0.0017112434143200517
detached,He_worst,188,slabInsulationThickness,0.0125034125611652,-0.0010569002479314804
detached,He_worst,188,u_windows,2.915763118915656,-0.008271093480288982
detached,He_worst,188,g_value,0.6251179175020828,0.1595870554447174
detached,He_worst,188,roofAbsorptance,0.715813561491768,0.013141687028110027
detached,He_worst,188,flowCoefficient,0.009393490061895,-0.0008411395247094333
detached,He_worst,188,wof,0.4793608058366451,-0.011974611319601536
detached,He_worst,188,fixedShadingDepth,0.6568156239734666,-0.04217986389994621
detached,He_worst,189,width,7.748252752025235,-0.0006061141029931605
detached,He_worst,189,length,11.240756672612855,-0.016128836199641228
detached,He_worst,189,height,2.4430113512425264,-0.014051703736186028
detached,He_worst,189,orientation,120.3538918554906,0.0015932220267131925
detached,He_worst,189,wwr,0.1610506332522443,-0.09865225851535797
detached,He_worst,189,wallInsulationThickness,0.2082862206195398,-0.00620565889403224
detached,He_worst,189,roofInsulationThickness,0.2922233214706731,-0.008626028895378113
detached,He_worst,189,slabInsulationThickness,0.1762578005654236,0.001244453014805913
detached,He_worst,189,u_windows,2.3981637625031738,-0.0015044722240418196
detached,He_worst,189,g_value,0.2408540908847263,-0.14656804502010345
detached,He_worst,189,roofAbsorptance,0.5481611453775773,-0.005120405461639166
detached,He_worst,189,flowCoefficient,0.0078110087828799,-0.000410178501624614
detached,He_worst,189,wof,0.1775504098376022,0.02320466749370098
detached,He_worst,189,fixedShadingDepth,0.7079713423213626,-0.025400761514902115
detached,He_worst,190,width,8.21007182005068,-0.003057942260056734
detached,He_worst,190,length,9.349222806982525,-0.004741156008094549
detached,He_worst,190,height,2.896197630731004,0.013447828590869904
detached,He_worst,190,orientation,260.9954724103869,-0.0044197384268045425
detached,He_worst,190,wwr,0.1066176675975397,-0.20164577662944794
detached,He_worst,190,wallInsulationThickness,0.2516214341784746,-0.005809371825307608
detached,He_worst,190,roofInsulationThickness,0.0581885007156521,0.019716352224349976
detached,He_worst,190,slabInsulationThickness,0.1095805184799091,-0.001806776039302349
detached,He_worst,190,u_windows,1.0805170344698736,0.018522925674915314
detached,He_worst,190,g_value,0.5100503471884643,0.028308726847171783
detached,He_worst,190,roofAbsorptance,0.4851187402665562,-0.015892954543232918
detached,He_worst,190,flowCoefficient,0.0119715530589072,0.007183253765106201
detached,He_worst,190,wof,0.6898325522601604,-0.020518848672509193
detached,He_worst,190,fixedShadingDepth,0.9828461039961922,-0.06183003634214401
detached,He_worst,191,width,7.473830050493748,0.004113211762160063
detached,He_worst,191,length,9.516491652646224,-0.0057001723907887936
detached,He_worst,191,height,2.933120105992005,0.01869446039199829
detached,He_worst,191,orientation,125.41928599983562,0.0017018936341628432
detached,He_worst,191,wwr,0.1044212783218586,-0.2763194441795349
detached,He_worst,191,wallInsulationThickness,0.2185204605573078,-0.006513414904475212
detached,He_worst,191,roofInsulationThickness,0.319618963274265,-0.005720188375562429
detached,He_worst,191,slabInsulationThickness,0.0128378511734865,0.0032455783803015947
detached,He_worst,191,u_windows,4.188667091126334,-0.011325021274387836
detached,He_worst,191,g_value,0.5513254638397123,0.06980901956558228
detached,He_worst,191,roofAbsorptance,0.8567335324501844,0.02182796783745289
detached,He_worst,191,flowCoefficient,0.0118992137615425,0.003546079620718956
detached,He_worst,191,wof,0.5115918481289984,-0.01569448411464691
detached,He_worst,191,fixedShadingDepth,0.5254232391595345,0.000961337354965508
detached,He_worst,192,width,7.889222157803337,0.001245291787199676
detached,He_worst,192,length,10.97416103693892,-0.02536677196621895
detached,He_worst,192,height,2.763408564236042,0.0032247118651866913
detached,He_worst,192,orientation,233.49953455420973,0.0004884599475190043
detached,He_worst,192,wwr,0.2021444200397376,-0.08229796588420868
detached,He_worst,192,wallInsulationThickness,0.1518313981861894,-0.0066917529329657555
detached,He_worst,192,roofInsulationThickness,0.1401446337766652,-0.004592300858348608
detached,He_worst,192,slabInsulationThickness,0.0302599697643924,-0.00246296264231205
detached,He_worst,192,u_windows,2.190115946838876,-0.0020524433348327875
detached,He_worst,192,g_value,0.3057765317041785,-0.15247616171836853
detached,He_worst,192,roofAbsorptance,0.3889020463231202,-0.02360202930867672
detached,He_worst,192,flowCoefficient,0.0016684837456502,-0.0019488588441163301
detached,He_worst,192,wof,0.1352437546653464,0.04807687923312187
detached,He_worst,192,fixedShadingDepth,0.0618444879287756,0.043181005865335464
detached,He_worst,193,width,9.195671493225491,-0.013702203519642353
detached,He_worst,193,length,8.822602361057175,0.004218367859721184
detached,He_worst,193,height,2.832913767516279,0.008675366640090942
detached,He_worst,193,orientation,226.7487243557201,0.001972162164747715
detached,He_worst,193,wwr,0.1629467193514606,-0.1475074738264084
detached,He_worst,193,wallInsulationThickness,0.204978298312087,-0.004655500408262014
detached,He_worst,193,roofInsulationThickness,0.2533290343026585,-0.008016725070774555
detached,He_worst,193,slabInsulationThickness,0.1585265182384232,0.0019639087840914726
detached,He_worst,193,u_windows,0.90096976421224,0.024728108197450638
detached,He_worst,193,g_value,0.4774250187735429,-0.008405686356127262
detached,He_worst,193,roofAbsorptance,0.5375655495976704,-0.00564772542566061
detached,He_worst,193,flowCoefficient,0.00536394079851,0.00254503870382905
detached,He_worst,193,wof,0.1747790620528735,0.04096395522356033
detached,He_worst,193,fixedShadingDepth,0.9935990465832548,-0.07279945909976959
detached,He_worst,194,width,8.24315923645699,-0.002291107550263405
detached,He_worst,194,length,9.960122372181466,-0.012049861252307892
detached,He_worst,194,height,2.6046744110635274,-0.009267604909837246
detached,He_worst,194,orientation,309.3226458053499,0.004303743131458759
detached,He_worst,194,wwr,0.2118573188687332,-0.07205989956855774
detached,He_worst,194,wallInsulationThickness,0.0980299354641779,0.0013958759373053908
detached,He_worst,194,roofInsulationThickness,0.2214242967185068,-0.006481577642261982
detached,He_worst,194,slabInsulationThickness,0.1143740924406009,1.6593385225860402e-05
detached,He_worst,194,u_windows,4.519290963889712,-0.004766800440847874
detached,He_worst,194,g_value,0.4231176144861787,-0.05273811146616936
detached,He_worst,194,roofAbsorptance,0.4245773046151746,-0.016488512977957726
detached,He_worst,194,flowCoefficient,0.001970250903632,0.0016739373095333576
detached,He_worst,194,wof,0.5771712962768467,-0.02208276465535164
detached,He_worst,194,fixedShadingDepth,0.4818503083542426,0.00520549900829792
detached,He_worst,195,width,8.858092066565707,-0.010256847366690636
detached,He_worst,195,length,7.053401274240727,0.023340066894888878
detached,He_worst,195,height,2.478779543975196,-0.025512482970952988
detached,He_worst,195,orientation,26.890702608062135,-0.0010870909318327904
detached,He_worst,195,wwr,0.3854512344798622,0.24161651730537415
detached,He_worst,195,wallInsulationThickness,0.2248075765753505,-0.0035754861310124397
detached,He_worst,195,roofInsulationThickness,0.301881308014605,-0.003683984512463212
detached,He_worst,195,slabInsulationThickness,0.024625684078296,0.001622785348445177
detached,He_worst,195,u_windows,0.9222403395295375,0.03992140665650368
detached,He_worst,195,g_value,0.4606440929186495,-0.025706851854920387
detached,He_worst,195,roofAbsorptance,0.7403259561328113,0.0074308631010353565
detached,He_worst,195,flowCoefficient,0.0018560878038313,0.00126973248552531
detached,He_worst,195,wof,0.6331349194967087,-0.036630745977163315
detached,He_worst,195,fixedShadingDepth,0.8087673763321831,-0.08040396869182587
detached,He_worst,196,width,7.69155389843572,-0.0008416750351898372
detached,He_worst,196,length,7.681794713782229,0.009513757191598415
detached,He_worst,196,height,2.790403355397937,0.008151765912771225
detached,He_worst,196,orientation,44.8393313912566,0.0013770735822618008
detached,He_worst,196,wwr,0.1534713245784795,-0.1644645482301712
detached,He_worst,196,wallInsulationThickness,0.0674877889875771,0.007760574109852314
detached,He_worst,196,roofInsulationThickness,0.1123731129215831,-0.005216098856180906
detached,He_worst,196,slabInsulationThickness,0.0130589353596909,0.0005885993014089763
detached,He_worst,196,u_windows,3.090867978920953,-0.007233646232634783
detached,He_worst,196,g_value,0.5016747242048354,0.03705452010035515
detached,He_worst,196,roofAbsorptance,0.3701709055758783,-0.020936062559485435
detached,He_worst,196,flowCoefficient,0.0109923220054964,0.0005078356480225921
detached,He_worst,196,wof,0.7035446907309555,-0.022663328796625137
detached,He_worst,196,fixedShadingDepth,0.7034370198060095,-0.03240661695599556
detached,He_worst,197,width,7.444450597482356,0.008367154747247696
detached,He_worst,197,length,9.665320549030518,-0.01392973680049181
detached,He_worst,197,height,2.457917749649986,-0.021964916959404945
detached,He_worst,197,orientation,118.02215880451986,0.001546160550788045
detached,He_worst,197,wwr,0.2165344222568064,-0.07066744565963745
detached,He_worst,197,wallInsulationThickness,0.2524051557412418,-0.007597226649522781
detached,He_worst,197,roofInsulationThickness,0.1241129845990265,-0.004249808844178915
detached,He_worst,197,slabInsulationThickness,0.1699354698205557,0.0008375091128982604
detached,He_worst,197,u_windows,4.516474472436481,-0.006610258016735315
detached,He_worst,197,g_value,0.4765284884888887,-0.004746020771563053
detached,He_worst,197,roofAbsorptance,0.664344861413934,0.006646845489740372
detached,He_worst,197,flowCoefficient,0.0052007164735319,0.00044613442150875926
detached,He_worst,197,wof,0.4764420553845333,-0.013126000761985779
detached,He_worst,197,fixedShadingDepth,0.3479020028639298,0.02275927923619747
detached,He_worst,198,width,9.952044210355162,-0.028043927624821663
detached,He_worst,198,length,8.165160639564968,0.009232919663190842
detached,He_worst,198,height,2.720307892338198,0.0074038938619196415
detached,He_worst,198,orientation,224.61712086052225,0.0036848513409495354
detached,He_worst,198,wwr,0.3226367253693255,0.11339709162712097
detached,He_worst,198,wallInsulationThickness,0.1418159992925228,-0.002983648795634508
detached,He_worst,198,roofInsulationThickness,0.1335841655377266,-0.002431951928883791
detached,He_worst,198,slabInsulationThickness,0.0773918014962037,-0.0017596842953935266
detached,He_worst,198,u_windows,4.643392210877218,-0.009192408062517643
detached,He_worst,198,g_value,0.3938989424417667,-0.07824407517910004
detached,He_worst,198,roofAbsorptance,0.8646421507934758,0.028627069666981697
detached,He_worst,198,flowCoefficient,0.0113961081463269,-2.567616138549056e-05
detached,He_worst,198,wof,0.5010993963745104,-0.03097815439105034
detached,He_worst,198,fixedShadingDepth,0.4162561029325412,0.02756258100271225
detached,He_worst,199,width,9.962457958156762,-0.026865055784583092
detached,He_worst,199,length,6.037560163735284,0.035238116979599
detached,He_worst,199,height,2.9987334407755784,0.04949033632874489
detached,He_worst,199,orientation,355.6075703831717,0.00556675111874938
detached,He_worst,199,wwr,0.386881342473808,0.30887314677238464
detached,He_worst,199,wallInsulationThickness,0.0313867249528452,-0.003596164286136627
detached,He_worst,199,roofInsulationThickness,0.059141645918996,-0.014671440236270428
detached,He_worst,199,slabInsulationThickness,0.0419759393238052,0.004763638600707054
detached,He_worst,199,u_windows,1.803201897284214,0.0005737454630434513
detached,He_worst,199,g_value,0.5217594130105772,0.09919904172420502
detached,He_worst,199,roofAbsorptance,0.5090274155427207,-0.005246111191809177
detached,He_worst,199,flowCoefficient,0.0061259388604009,0.004140754230320454
detached,He_worst,199,wof,0.1721525626436575,0.09740595519542694
detached,He_worst,199,fixedShadingDepth,0.4550227771146159,0.03339819237589836
detached,He_worst,200,width,9.763043570741662,-0.04141737148165703
detached,He_worst,200,length,8.41566330920484,0.01277686282992363
detached,He_worst,200,height,2.735493548847112,0.006024989299476147
detached,He_worst,200,orientation,8.616526964380855,-0.00911822821944952
detached,He_worst,200,wwr,0.3281839805783492,0.20019516348838806
detached,He_worst,200,wallInsulationThickness,0.1607385950643422,-0.0025222485419362783
detached,He_worst,200,roofInsulationThickness,0.2975778643696742,0.0007309807697311044
detached,He_worst,200,slabInsulationThickness,0.1305344255460343,-0.0011555800447240472
detached,He_worst,200,u_windows,4.07721150765601,-0.022539330646395683
detached,He_worst,200,g_value,0.5470457097202737,0.1269168257713318
detached,He_worst,200,roofAbsorptance,0.6117221215888752,-0.0029042065143585205
detached,He_worst,200,flowCoefficient,0.0021718371728667,0.0006210769643075764
detached,He_worst,200,wof,0.7896049689063612,-0.05816411226987839
detached,He_worst,200,fixedShadingDepth,0.2624605448075701,0.07312178611755371
detached,He_worst,201,width,8.095631584571478,-0.0006321038817986846
detached,He_worst,201,length,11.54072558929342,-0.020493650808930397
detached,He_worst,201,height,2.8304491678198365,0.012541351839900017
detached,He_worst,201,orientation,149.79896447551195,0.005511081777513027
detached,He_worst,201,wwr,0.2111629253365761,-0.0728050023317337
detached,He_worst,201,wallInsulationThickness,0.1560258099141829,-0.005048566497862339
detached,He_worst,201,roofInsulationThickness,0.1668140399342272,-0.005133301019668579
detached,He_worst,201,slabInsulationThickness,0.0856351675690887,-0.00030014736694283783
detached,He_worst,201,u_windows,4.1756739053764536,-0.006922632455825806
detached,He_worst,201,g_value,0.4142943020379129,-0.04419785365462303
detached,He_worst,201,roofAbsorptance,0.5944354905472861,-0.0012385172303766012
detached,He_worst,201,flowCoefficient,0.0087156975872912,-0.00019431365944910794
detached,He_worst,201,wof,0.2270222731571244,0.012433715164661407
detached,He_worst,201,fixedShadingDepth,0.7550213904253953,-0.04228183999657631
detached,He_worst,202,width,9.732469357552125,-0.02291753515601158
detached,He_worst,202,length,11.147709196374633,-0.023590639233589172
detached,He_worst,202,height,2.445629916570115,-0.021073486655950546
detached,He_worst,202,orientation,338.44937382526996,0.007082086987793446
detached,He_worst,202,wwr,0.1983897068714337,-0.12435268610715866
detached,He_worst,202,wallInsulationThickness,0.1061796821761135,0.0004190914914943278
detached,He_worst,202,roofInsulationThickness,0.2887973603618971,-0.001957880798727274
detached,He_worst,202,slabInsulationThickness,0.1475830518038897,0.0011951804626733065
detached,He_worst,202,u_windows,3.4568607845097725,-0.00933784618973732
detached,He_worst,202,g_value,0.6550704123592067,0.20973868668079376
detached,He_worst,202,roofAbsorptance,0.4789241471114187,-0.013136682100594044
detached,He_worst,202,flowCoefficient,0.0029782264517478,-8.686516957823187e-05
detached,He_worst,202,wof,0.7959059542183595,-0.040501661598682404
detached,He_worst,202,fixedShadingDepth,0.0230215142076846,0.0733032301068306
detached,He_worst,203,width,9.266969129541714,-0.019843265414237976
detached,He_worst,203,length,8.141323597087073,0.007839243859052658
detached,He_worst,203,height,2.8214603118323263,0.011154437437653542
detached,He_worst,203,orientation,159.6676940912772,0.00029015104519203305
detached,He_worst,203,wwr,0.3300016281192611,0.12519274652004242
detached,He_worst,203,wallInsulationThickness,0.1094976599848818,0.0013481350615620613
detached,He_worst,203,roofInsulationThickness,0.1261242422890293,-0.005576582159847021
detached,He_worst,203,slabInsulationThickness,0.1194562000018067,-0.000663280370645225
detached,He_worst,203,u_windows,3.346958769278527,-0.011464082635939121
detached,He_worst,203,g_value,0.4808757624438632,-0.016883447766304016
detached,He_worst,203,roofAbsorptance,0.4320998625688493,-0.015889249742031097
detached,He_worst,203,flowCoefficient,0.0085014313555505,-0.0034555818419903517
detached,He_worst,203,wof,0.5475975150677351,-0.021295227110385895
detached,He_worst,203,fixedShadingDepth,0.8311830087028745,-0.09219308197498322
detached,He_worst,204,width,9.330961247765618,-0.02256769873201847
detached,He_worst,204,length,8.727278214627454,0.0046381158754229546
detached,He_worst,204,height,2.7151021228929384,0.004021348897367716
detached,He_worst,204,orientation,160.4886935858841,-0.0011659956071525812
detached,He_worst,204,wwr,0.1666879102287736,-0.1958170384168625
detached,He_worst,204,wallInsulationThickness,0.0912572395676814,0.002996795577928424
detached,He_worst,204,roofInsulationThickness,0.2096389552662384,-0.006396790035068989
detached,He_worst,204,slabInsulationThickness,0.0659963864358398,-0.001795802148990333
detached,He_worst,204,u_windows,1.8342316021473395,0.0004965980187989771
detached,He_worst,204,g_value,0.6103182748243364,0.185794860124588
detached,He_worst,204,roofAbsorptance,0.6075884206350279,-0.0009735017083585262
detached,He_worst,204,flowCoefficient,0.0032449330923766,-0.0031002641189843416
detached,He_worst,204,wof,0.509478106874803,-0.017014482989907265
detached,He_worst,204,fixedShadingDepth,0.074622523933959,0.0802372395992279
detached,He_worst,205,width,8.283828884717963,-0.0029432177543640137
detached,He_worst,205,length,6.581066330672387,0.04069527983665466
detached,He_worst,205,height,2.7452962603020485,0.009734800085425377
detached,He_worst,205,orientation,359.74187358916384,0.008153259754180908
detached,He_worst,205,wwr,0.349193847863488,0.22644595801830292
detached,He_worst,205,wallInsulationThickness,0.0742638044049438,0.006671931128948927
detached,He_worst,205,roofInsulationThickness,0.0999768000631326,0.00506531773135066
detached,He_worst,205,slabInsulationThickness,0.0832595469507041,-0.002047175308689475
detached,He_worst,205,u_windows,4.871046345372089,-0.01626734808087349
detached,He_worst,205,g_value,0.4900378069787348,0.022243361920118332
detached,He_worst,205,roofAbsorptance,0.5710480580068505,-0.005838222801685333
detached,He_worst,205,flowCoefficient,0.006575773301296,0.005072822794318199
detached,He_worst,205,wof,0.4129195490236689,-0.017098791897296906
detached,He_worst,205,fixedShadingDepth,0.1998625145630814,0.08852818608283997
detached,He_worst,206,width,9.847867985619766,-0.012211420573294163
detached,He_worst,206,length,10.21516462287155,-0.012800022959709167
detached,He_worst,206,height,2.7136128371381174,0.0010849228128790855
detached,He_worst,206,orientation,270.0227752672569,-0.007025471422821283
detached,He_worst,206,wwr,0.1664063787575417,-0.12795861065387726
detached,He_worst,206,wallInsulationThickness,0.1703296901523661,-0.005959186237305403
detached,He_worst,206,roofInsulationThickness,0.032582935027735,0.03063809685409069
detached,He_worst,206,slabInsulationThickness,0.1838280513682507,0.0032561179250478745
detached,He_worst,206,u_windows,3.0312542615018927,-0.007689592428505421
detached,He_worst,206,g_value,0.4755159396132096,-0.012252780608832836
detached,He_worst,206,roofAbsorptance,0.420637181198511,-0.025459127500653267
detached,He_worst,206,flowCoefficient,0.0088017769475032,0.0004750970983877778
detached,He_worst,206,wof,0.789027933136961,-0.021151700988411903
detached,He_worst,206,fixedShadingDepth,0.4511941560986182,0.005347211845219135
detached,He_worst,207,width,9.105440169535122,-0.013116507790982723
detached,He_worst,207,length,6.455019754057071,0.03206275776028633
detached,He_worst,207,height,2.972499641556604,0.03157724067568779
detached,He_worst,207,orientation,128.61511196027206,0.00044290113146416843
detached,He_worst,207,wwr,0.2610269214510158,0.02339799888432026
detached,He_worst,207,wallInsulationThickness,0.0786130424635587,0.003773599164560437
detached,He_worst,207,roofInsulationThickness,0.2633422572214935,-0.0062720198184251785
detached,He_worst,207,slabInsulationThickness,0.1349561055895503,0.0008021912071853876
detached,He_worst,207,u_windows,1.5720281296598595,0.005700348410755396
detached,He_worst,207,g_value,0.3811454074881133,-0.08828938752412796
detached,He_worst,207,roofAbsorptance,0.835033229276049,0.027705801650881767
detached,He_worst,207,flowCoefficient,0.0038781739425735,-0.0008637840510345995
detached,He_worst,207,wof,0.2767691816586852,0.014346552081406116
detached,He_worst,207,fixedShadingDepth,0.5008654944187209,0.012038632296025753
detached,He_worst,208,width,6.7818301667922265,0.01348936464637518
detached,He_worst,208,length,9.4946801502769,-0.008790907450020313
detached,He_worst,208,height,2.4546654879389966,-0.016828395426273346
detached,He_worst,208,orientation,65.03588609311883,-0.007701538968831301
detached,He_worst,208,wwr,0.1596157145305995,-0.18122097849845886
detached,He_worst,208,wallInsulationThickness,0.284076015147057,-0.005234218668192625
detached,He_worst,208,roofInsulationThickness,0.2273366526170041,-0.010400412604212761
detached,He_worst,208,slabInsulationThickness,0.0650565363357126,0.0002893612254410982
detached,He_worst,208,u_windows,2.969307772757185,-0.00748445326462388
detached,He_worst,208,g_value,0.6711606050150902,0.16973045468330383
detached,He_worst,208,roofAbsorptance,0.7145485476700137,0.010337570682168007
detached,He_worst,208,flowCoefficient,0.0024528471295628,-0.0028013705741614103
detached,He_worst,208,wof,0.7862045504021543,-0.03369507938623428
detached,He_worst,208,fixedShadingDepth,0.7835627501743857,-0.06977523118257523
detached,He_worst,209,width,8.817343277589991,-0.006100462283939123
detached,He_worst,209,length,7.85539369563051,0.006741766352206469
detached,He_worst,209,height,2.609145431853368,-0.003931302111595869
detached,He_worst,209,orientation,18.96253427869918,0.0002737194881774485
detached,He_worst,209,wwr,0.1742793412258079,-0.08481182157993317
detached,He_worst,209,wallInsulationThickness,0.1120027552699704,-0.0004552343743853271
detached,He_worst,209,roofInsulationThickness,0.044072150885244,0.029826940968632698
detached,He_worst,209,slabInsulationThickness,0.1176076252166526,0.0005988773773424327
detached,He_worst,209,u_windows,3.9736567243591487,-0.007625242229551077
detached,He_worst,209,g_value,0.2414493988517185,-0.14875343441963196
detached,He_worst,209,roofAbsorptance,0.6054915605613544,-0.002606454771012068
detached,He_worst,209,flowCoefficient,0.0048067660451242,0.0020850140135735273
detached,He_worst,209,wof,0.6942537640069445,-0.020344171673059464
detached,He_worst,209,fixedShadingDepth,0.341692810129729,0.013442534022033215
detached,He_worst,210,width,6.511229375028324,0.01764804869890213
detached,He_worst,210,length,9.692281264988518,-0.00809355266392231
detached,He_worst,210,height,2.860142433436042,0.015708718448877335
detached,He_worst,210,orientation,229.34503850817447,0.0015492836246266961
detached,He_worst,210,wwr,0.3180113711653916,0.08122774213552475
detached,He_worst,210,wallInsulationThickness,0.2426702780644432,-0.007089643739163876
detached,He_worst,210,roofInsulationThickness,0.2570750606767206,-0.0009579312754794955
detached,He_worst,210,slabInsulationThickness,0.1024516097537624,-0.0013208207674324512
detached,He_worst,210,u_windows,3.9014671371805023,-0.008187301456928253
detached,He_worst,210,g_value,0.2548581785933967,-0.2441510111093521
detached,He_worst,210,roofAbsorptance,0.3908083161249803,-0.017130549997091293
detached,He_worst,210,flowCoefficient,0.0012115254081891,0.009078028611838818
detached,He_worst,210,wof,0.7300987004139997,-0.02368979901075363
detached,He_worst,210,fixedShadingDepth,0.2999957462050175,0.031054718419909477
detached,He_worst,211,width,6.5621292372608675,0.02300354465842247
detached,He_worst,211,length,6.65259707923012,0.02563333325088024
detached,He_worst,211,height,2.866440977345775,0.019565565511584282
detached,He_worst,211,orientation,291.8921029230811,0.0042478465475142
detached,He_worst,211,wwr,0.2605908839526111,-0.020611535757780075
detached,He_worst,211,wallInsulationThickness,0.2904109892395112,-0.007298584096133709
detached,He_worst,211,roofInsulationThickness,0.2396360333811598,-0.0004344091285020113
detached,He_worst,211,slabInsulationThickness,0.1130099666030276,0.002569617936387658
detached,He_worst,211,u_windows,4.144587096716162,-0.009144093841314316
detached,He_worst,211,g_value,0.654011275402036,0.23319488763809204
detached,He_worst,211,roofAbsorptance,0.4712269209763924,-0.012129897251725197
detached,He_worst,211,flowCoefficient,0.0014834559152219,-0.0018409340409561992
detached,He_worst,211,wof,0.54773627340295,-0.048063915222883224
detached,He_worst,211,fixedShadingDepth,0.5710594819740411,-0.009067690931260586
detached,He_worst,212,width,7.87351702078727,0.0014104882720857859
detached,He_worst,212,length,7.808204768134275,0.0047778356820344925
detached,He_worst,212,height,2.7250899827481248,0.00133901322260499
detached,He_worst,212,orientation,78.35084648411839,-0.00763078685849905
detached,He_worst,212,wwr,0.1114075595435648,-0.18469883501529694
detached,He_worst,212,wallInsulationThickness,0.031652989572632,0.013061474077403545
detached,He_worst,212,roofInsulationThickness,0.0715485854809715,0.02016528509557247
detached,He_worst,212,slabInsulationThickness,0.0479573832082383,0.00023289727687370032
detached,He_worst,212,u_windows,2.291360791619221,0.00014288409147411585
detached,He_worst,212,g_value,0.4720375856993885,-0.008943150751292706
detached,He_worst,212,roofAbsorptance,0.7100120886976702,0.014103403314948082
detached,He_worst,212,flowCoefficient,0.0026667561886324,8.46927723614499e-05
detached,He_worst,212,wof,0.4838117096228779,-0.007369380444288254
detached,He_worst,212,fixedShadingDepth,0.9850999609654042,-0.056757230311632156
detached,He_worst,213,width,6.1042244766485725,0.027144121006131172
detached,He_worst,213,length,7.135109544092177,0.03657904639840126
detached,He_worst,213,height,2.9884437073101733,0.02558712847530842
detached,He_worst,213,orientation,213.94285327471488,0.005894497502595186
detached,He_worst,213,wwr,0.2508303397560524,-0.0277347844094038
detached,He_worst,213,wallInsulationThickness,0.154099654784602,-0.00397493178024888
detached,He_worst,213,roofInsulationThickness,0.2234412729199561,-0.0031300170812755823
detached,He_worst,213,slabInsulationThickness,0.0387661536184882,-0.0031980115454643965
detached,He_worst,213,u_windows,4.8850950922108725,-0.013043087907135487
detached,He_worst,213,g_value,0.6470600037471259,0.30740076303482056
detached,He_worst,213,roofAbsorptance,0.5440275392873917,-0.002545673167333007
detached,He_worst,213,flowCoefficient,0.0013802539049377,0.003797718323767185
detached,He_worst,213,wof,0.1597481323766423,0.12520046532154083
detached,He_worst,213,fixedShadingDepth,0.1080591913893785,0.09598433971405029
detached,He_worst,214,width,6.1280661299189845,0.025415780022740364
detached,He_worst,214,length,9.953476556968171,-0.011957409791648388
detached,He_worst,214,height,2.807391998400106,0.007589486427605152
detached,He_worst,214,orientation,59.93904186323272,-0.0035818321630358696
detached,He_worst,214,wwr,0.1908400668437501,-0.16868963837623596
detached,He_worst,214,wallInsulationThickness,0.240131783262006,-0.007148324511945248
detached,He_worst,214,roofInsulationThickness,0.217104288662127,-0.010682960040867329
detached,He_worst,214,slabInsulationThickness,0.0625433556491662,-0.0022806646302342415
detached,He_worst,214,u_windows,0.8891790571294094,0.04098055511713028
detached,He_worst,214,g_value,0.6138878134415311,0.1501433402299881
detached,He_worst,214,roofAbsorptance,0.8056842417071681,0.020975954830646515
detached,He_worst,214,flowCoefficient,0.0024682447005831,-0.004171057138592005
detached,He_worst,214,wof,0.2144816675602932,0.03177902102470398
detached,He_worst,214,fixedShadingDepth,0.9757519119538576,-0.1392027735710144
detached,He_worst,215,width,8.30921771427967,-0.0018353081541135907
detached,He_worst,215,length,6.781138688254559,0.013482267037034035
detached,He_worst,215,height,2.923082263237669,0.018533673137426376
detached,He_worst,215,orientation,176.47962878052076,-0.003267246298491955
detached,He_worst,215,wwr,0.2643407687035176,0.02622341550886631
detached,He_worst,215,wallInsulationThickness,0.1954692437337681,-0.003029897576197982
detached,He_worst,215,roofInsulationThickness,0.2508143199518863,-0.002073796698823571
detached,He_worst,215,slabInsulationThickness,0.0322555614117653,-0.0022664230782538652
detached,He_worst,215,u_windows,4.532511156144178,-0.007024650927633047
detached,He_worst,215,g_value,0.2576536191180145,-0.1852714568376541
detached,He_worst,215,roofAbsorptance,0.4209577106794657,-0.014557285234332085
detached,He_worst,215,flowCoefficient,0.0047348983805682,0.0019858211744576693
detached,He_worst,215,wof,0.7636838304838189,-0.020945804193615913
detached,He_worst,215,fixedShadingDepth,0.5455257059770577,0.007513080723583698
detached,He_worst,216,width,7.465693784095873,0.002926487708464265
detached,He_worst,216,length,11.95230339924398,-0.01326078549027443
detached,He_worst,216,height,2.8325994451629004,0.008276519365608692
detached,He_worst,216,orientation,13.54660456673288,0.0035407899413257837
detached,He_worst,216,wwr,0.1727369157385166,-0.11170455813407898
detached,He_worst,216,wallInsulationThickness,0.1988453906822191,-0.005488333757966757
detached,He_worst,216,roofInsulationThickness,0.063899104253524,0.012068760581314564
detached,He_worst,216,slabInsulationThickness,0.0749930362752983,-0.0015175525331869721
detached,He_worst,216,u_windows,4.273772526355818,-0.006362846586853266
detached,He_worst,216,g_value,0.4068287089142285,-0.037690721452236176
detached,He_worst,216,roofAbsorptance,0.3718858357228737,-0.027368370443582535
detached,He_worst,216,flowCoefficient,0.0020000847683912,-0.002268800511956215
detached,He_worst,216,wof,0.4497775109758652,-0.009336981922388077
detached,He_worst,216,fixedShadingDepth,0.918251515100646,-0.05158276855945587
detached,He_worst,217,width,6.882282653759033,0.018206685781478882
detached,He_worst,217,length,10.211271042414111,-0.01733126863837242
detached,He_worst,217,height,2.7907917291619526,0.009848102927207947
detached,He_worst,217,orientation,212.81136477098775,0.008950821124017239
detached,He_worst,217,wwr,0.3209261877129708,0.19704777002334595
detached,He_worst,217,wallInsulationThickness,0.27054193459555,-0.004567873198539019
detached,He_worst,217,roofInsulationThickness,0.1797834667562191,0.0016598236979916692
detached,He_worst,217,slabInsulationThickness,0.1474418488083478,0.004032277036458254
detached,He_worst,217,u_windows,3.3195051182933053,-0.013433358632028103
detached,He_worst,217,g_value,0.6607476902696453,0.32970017194747925
detached,He_worst,217,roofAbsorptance,0.4963888651226407,-0.011331879533827305
detached,He_worst,217,flowCoefficient,0.0107332496219496,-0.0020667994394898415
detached,He_worst,217,wof,0.4695890954662106,-0.016296017915010452
detached,He_worst,217,fixedShadingDepth,0.5696893834108931,-0.006076623685657978
detached,He_worst,218,width,8.9812675658304,-0.02146153710782528
detached,He_worst,218,length,7.085524758859656,0.0358634851872921
detached,He_worst,218,height,2.7381939827401327,0.006010895129293203
detached,He_worst,218,orientation,242.23532906192096,0.0054883649572730064
detached,He_worst,218,wwr,0.3195211919600722,0.15188884735107422
detached,He_worst,218,wallInsulationThickness,0.0599101846727367,0.009385419078171253
detached,He_worst,218,roofInsulationThickness,0.1888534723678252,-0.0008900548564270139
detached,He_worst,218,slabInsulationThickness,0.1618766544708868,0.003952732775360346
detached,He_worst,218,u_windows,3.4642009798237057,-0.015445049852132797
detached,He_worst,218,g_value,0.6295866589283492,0.23691438138484955
detached,He_worst,218,roofAbsorptance,0.391635159675198,-0.021011393517255783
detached,He_worst,218,flowCoefficient,0.0093869698358189,-0.0035483601968735456
detached,He_worst,218,wof,0.4342941029437542,-0.028528012335300446
detached,He_worst,218,fixedShadingDepth,0.5667436933759732,-0.016375726088881493
detached,He_worst,219,width,7.7856350288463325,0.002610680880025029
detached,He_worst,219,length,10.529493142030857,-0.025730576366186142
detached,He_worst,219,height,2.6540462233679,-0.0011914860224351287
detached,He_worst,219,orientation,187.14044861989572,-0.0035883900709450245
detached,He_worst,219,wwr,0.3533079069676461,0.23355495929718018
detached,He_worst,219,wallInsulationThickness,0.2015687183992943,-0.0039325859397649765
detached,He_worst,219,roofInsulationThickness,0.0273570113600491,-0.0003741970576811582
detached,He_worst,219,slabInsulationThickness,0.0185093734882158,-8.803672244539484e-05
detached,He_worst,219,u_windows,3.43099374953006,-0.017911694943904877
detached,He_worst,219,g_value,0.4935310273017196,0.052595388144254684
detached,He_worst,219,roofAbsorptance,0.3656835533382618,-0.03180796280503273
detached,He_worst,219,flowCoefficient,0.0023021825775261,0.0037784052547067404
detached,He_worst,219,wof,0.2688324847034926,0.028786012902855873
detached,He_worst,219,fixedShadingDepth,0.4911488437859948,0.010568134486675262
detached,He_worst,220,width,6.064217723245194,0.024911830201745033
detached,He_worst,220,length,6.310670480894332,0.02852046862244606
detached,He_worst,220,height,2.735217692006554,0.004342118743807077
detached,He_worst,220,orientation,179.79974467590733,-0.0028528214897960424
detached,He_worst,220,wwr,0.3957838041674973,0.22452637553215027
detached,He_worst,220,wallInsulationThickness,0.2108152335914587,-0.004811463411897421
detached,He_worst,220,roofInsulationThickness,0.2594278062618637,-0.007971431128680706
detached,He_worst,220,slabInsulationThickness,0.0254400757727917,0.0017387584084644914
detached,He_worst,220,u_windows,4.287586385886157,-0.01494467630982399
detached,He_worst,220,g_value,0.2581625806235307,-0.36522847414016724
detached,He_worst,220,roofAbsorptance,0.8528981219897929,0.03604932874441147
detached,He_worst,220,flowCoefficient,0.011068569013441,-0.007777056191116571
detached,He_worst,220,wof,0.1216582900328092,0.0862668976187706
detached,He_worst,220,fixedShadingDepth,0.283435807760813,0.03969213739037514
detached,He_worst,221,width,7.409278869778449,0.003609865205362439
detached,He_worst,221,length,8.190651715955832,0.007617657072842121
detached,He_worst,221,height,2.4680381181289786,-0.01535341888666153
detached,He_worst,221,orientation,240.6264008213348,4.26098849857226e-05
detached,He_worst,221,wwr,0.1369754461230674,-0.18350175023078918
detached,He_worst,221,wallInsulationThickness,0.1361452242778687,-0.002265671966597438
detached,He_worst,221,roofInsulationThickness,0.2393008891824478,-0.0067633274011313915
detached,He_worst,221,slabInsulationThickness,0.0937212188360424,-5.312496796250343e-05
detached,He_worst,221,u_windows,2.285041494695559,-0.0017698397859930992
detached,He_worst,221,g_value,0.3192298036590155,-0.10829025506973267
detached,He_worst,221,roofAbsorptance,0.4569353766871685,-0.015355614013969898
detached,He_worst,221,flowCoefficient,0.0028931136553777,0.0012493940303102136
detached,He_worst,221,wof,0.1339956104965025,0.042744964361190796
detached,He_worst,221,fixedShadingDepth,0.5631507857227106,0.0007037563482299447
detached,He_worst,222,width,8.531480080626551,-0.006527003366500139
detached,He_worst,222,length,11.526480314466436,-0.017498522996902466
detached,He_worst,222,height,2.964719742563563,0.01954929530620575
detached,He_worst,222,orientation,326.5916049142682,0.006876529194414616
detached,He_worst,222,wwr,0.3374056125091893,0.10555646568536758
detached,He_worst,222,wallInsulationThickness,0.1571372749021592,-0.004043519962579012
detached,He_worst,222,roofInsulationThickness,0.181983684830697,-0.008223291486501694
detached,He_worst,222,slabInsulationThickness,0.1263058632485089,8.740405610296875e-05
detached,He_worst,222,u_windows,3.617933581152617,-0.007448710501194
detached,He_worst,222,g_value,0.229015573264464,-0.21333810687065125
detached,He_worst,222,roofAbsorptance,0.7672252889544546,0.010423006489872932
detached,He_worst,222,flowCoefficient,0.0065421665069817,-0.0003969930112361908
detached,He_worst,222,wof,0.5891610011937601,-0.022564353421330452
detached,He_worst,222,fixedShadingDepth,0.8056372977448237,-0.05408048257231712
detached,He_worst,223,width,6.07220199209249,0.01895490288734436
detached,He_worst,223,length,11.346026908576064,-0.020276028662919998
detached,He_worst,223,height,2.4772074469691874,-0.019211115315556526
detached,He_worst,223,orientation,63.9391925074877,-0.007665276061743498
detached,He_worst,223,wwr,0.112145202220933,-0.27481868863105774
detached,He_worst,223,wallInsulationThickness,0.1088280399951147,0.0006910325028002262
detached,He_worst,223,roofInsulationThickness,0.2500156568800554,-0.005563588347285986
detached,He_worst,223,slabInsulationThickness,0.1675267023932702,-0.0006310593453235924
detached,He_worst,223,u_windows,3.00147708617358,-0.008822653442621231
detached,He_worst,223,g_value,0.5415963964444048,0.05882099270820618
detached,He_worst,223,roofAbsorptance,0.4875205323936543,-0.011434379033744335
detached,He_worst,223,flowCoefficient,0.007286011227072,-0.0001658358669374138
detached,He_worst,223,wof,0.648466155554725,-0.0219417791813612
detached,He_worst,223,fixedShadingDepth,0.1424496176464154,0.03953748568892479
detached,He_worst,224,width,6.183853880457327,0.01469483319669962
detached,He_worst,224,length,6.041757376136944,0.018149632960557938
detached,He_worst,224,height,2.996197412195417,0.02454899065196514
detached,He_worst,224,orientation,18.45093673997505,0.0013119581853970885
detached,He_worst,224,wwr,0.1269063653778326,-0.16413211822509766
detached,He_worst,224,wallInsulationThickness,0.2359317992988121,-0.005593626759946346
detached,He_worst,224,roofInsulationThickness,0.2993517751632163,-0.0115208113566041
detached,He_worst,224,slabInsulationThickness,0.0532381299634875,0.00015453039668500423
detached,He_worst,224,u_windows,2.3671403541710943,-0.00029808643739670515
detached,He_worst,224,g_value,0.2805814000617515,-0.10704343020915985
detached,He_worst,224,roofAbsorptance,0.7751595903775934,0.012073779478669167
detached,He_worst,224,flowCoefficient,0.0088623444481291,-0.001882715616375208
detached,He_worst,224,wof,0.6776984175575665,-0.012789849191904068
detached,He_worst,224,fixedShadingDepth,0.513229652325849,0.0018931567901745439
detached,He_worst,225,width,7.6220631919385475,0.003964930772781372
detached,He_worst,225,length,9.217445573976724,-0.0027695081662386656
detached,He_worst,225,height,2.6007765964412095,-0.0064717005006968975
detached,He_worst,225,orientation,131.34272214096214,0.0034175394102931023
detached,He_worst,225,wwr,0.3294505889613454,0.11863596737384796
detached,He_worst,225,wallInsulationThickness,0.1983028580393621,-0.0033182494807988405
detached,He_worst,225,roofInsulationThickness,0.0642684404320393,0.012384356930851936
detached,He_worst,225,slabInsulationThickness,0.1628490621963131,0.0016978663625195622
detached,He_worst,225,u_windows,3.067349893937651,-0.010598870925605297
detached,He_worst,225,g_value,0.469838154819701,-0.013201977126300335
detached,He_worst,225,roofAbsorptance,0.7710294081167741,0.018506387248635292
detached,He_worst,225,flowCoefficient,0.00647227084064,-0.0015968988882377744
detached,He_worst,225,wof,0.7838941800756061,-0.03286672383546829
detached,He_worst,225,fixedShadingDepth,0.8607038004425803,-0.09928956627845764
detached,He_worst,226,width,6.123690970583688,0.01992204785346985
detached,He_worst,226,length,6.82379574498167,0.025096504017710686
detached,He_worst,226,height,2.6168002754598274,-0.004295218735933304
detached,He_worst,226,orientation,332.3033953414457,0.008377326652407646
detached,He_worst,226,wwr,0.3559769920933885,0.17323172092437744
detached,He_worst,226,wallInsulationThickness,0.1072622015945065,-0.001454479992389679
detached,He_worst,226,roofInsulationThickness,0.1726655698266424,-0.00215192255564034
detached,He_worst,226,slabInsulationThickness,0.0535920353343684,-0.0010040858760476112
detached,He_worst,226,u_windows,2.001370970556955,-0.0010216188384220004
detached,He_worst,226,g_value,0.2604874135384409,-0.30201810598373413
detached,He_worst,226,roofAbsorptance,0.5954961461254333,-0.00925025437027216
detached,He_worst,226,flowCoefficient,0.0072634935608656,0.0027686988469213247
detached,He_worst,226,wof,0.5774661940937313,-0.029944555833935738
detached,He_worst,226,fixedShadingDepth,0.1812382666066844,0.06524059921503067
detached,He_worst,227,width,6.815109967890292,0.012520409189164639
detached,He_worst,227,length,6.4708106484878885,0.03310907259583473
detached,He_worst,227,height,2.4375093743035916,-0.024595001712441444
detached,He_worst,227,orientation,217.5640822466854,0.007596629671752453
detached,He_worst,227,wwr,0.3555715954762491,0.1863008439540863
detached,He_worst,227,wallInsulationThickness,0.1719235231412331,-0.00503079267218709
detached,He_worst,227,roofInsulationThickness,0.0644932893558301,0.015479858964681625
detached,He_worst,227,slabInsulationThickness,0.1075560428249186,-0.0011358767515048385
detached,He_worst,227,u_windows,1.4806786636149476,0.0022297254763543606
detached,He_worst,227,g_value,0.2700730390263996,-0.3043200969696045
detached,He_worst,227,roofAbsorptance,0.5829509942462523,-0.006373245734721422
detached,He_worst,227,flowCoefficient,0.0031011325635279,0.004697844386100769
detached,He_worst,227,wof,0.1749552458705691,0.05449476093053818
detached,He_worst,227,fixedShadingDepth,0.172528308824361,0.06897981464862823
detached,He_worst,228,width,8.557966156011522,-0.012848890386521816
detached,He_worst,228,length,10.72956782571606,-0.031139329075813293
detached,He_worst,228,height,2.847222169851954,0.014270488172769547
detached,He_worst,228,orientation,127.75067615605946,0.00117313617374748
detached,He_worst,228,wwr,0.3146095239516513,0.09316843748092651
detached,He_worst,228,wallInsulationThickness,0.0915785495175823,0.0035236049443483353
detached,He_worst,228,roofInsulationThickness,0.295983260499875,-0.0034826169721782207
detached,He_worst,228,slabInsulationThickness,0.1498747661764259,0.00432850094512105
detached,He_worst,228,u_windows,2.876269234440069,-0.013593021780252457
detached,He_worst,228,g_value,0.6119318057134685,0.190455362200737
detached,He_worst,228,roofAbsorptance,0.7990918175392043,0.017113661393523216
detached,He_worst,228,flowCoefficient,0.0106157241702888,-0.0013766211923211813
detached,He_worst,228,wof,0.5147499400885315,-0.047195736318826675
detached,He_worst,228,fixedShadingDepth,0.5831265360213866,-0.022975942119956017
detached,He_worst,229,width,8.931647913360212,-0.01105170976370573
detached,He_worst,229,length,10.097421771327628,-0.011313863098621368
detached,He_worst,229,height,2.6372563251923693,-0.0038453678134828806
detached,He_worst,229,orientation,318.49736525303416,0.0073435078375041485
detached,He_worst,229,wwr,0.3930334495638277,0.1646864116191864
detached,He_worst,229,wallInsulationThickness,0.0396888142086061,0.008258970454335213
detached,He_worst,229,roofInsulationThickness,0.0450802187002589,0.020444355905056
detached,He_worst,229,slabInsulationThickness,0.0849860154241491,-0.001507031498476863
detached,He_worst,229,u_windows,4.421908428883853,-0.009626376442611217
detached,He_worst,229,g_value,0.3277711885559924,-0.15641401708126068
detached,He_worst,229,roofAbsorptance,0.6623080961288468,0.007237373385578394
detached,He_worst,229,flowCoefficient,0.0087649100153304,-0.004697760567069054
detached,He_worst,229,wof,0.3691659012535945,-0.0049367607571184635
detached,He_worst,229,fixedShadingDepth,0.8135947196949409,-0.07591938972473145
detached,He_worst,230,width,9.596521118608909,-0.022667869925498962
detached,He_worst,230,length,10.441315815232384,-0.01898951828479767
detached,He_worst,230,height,2.590901562303779,-0.010411002673208714
detached,He_worst,230,orientation,124.744655412684,0.002009959425777197
detached,He_worst,230,wwr,0.3684921163181995,0.17866705358028412
detached,He_worst,230,wallInsulationThickness,0.0539133765889094,0.003974861465394497
detached,He_worst,230,roofInsulationThickness,0.1236246487196258,-0.005350364372134209
detached,He_worst,230,slabInsulationThickness,0.1469406344888619,0.0034546758979558945
detached,He_worst,230,u_windows,4.567814104788124,-0.010153972543776035
detached,He_worst,230,g_value,0.341736293802258,-0.15014687180519104
detached,He_worst,230,roofAbsorptance,0.4338661779952418,-0.01611301675438881
detached,He_worst,230,flowCoefficient,0.0079661181929711,-0.00310826045460999
detached,He_worst,230,wof,0.4594704999714576,-0.009713164530694485
detached,He_worst,230,fixedShadingDepth,0.7463086519400488,-0.05184900015592575
detached,He_worst,231,width,6.625556095497106,0.018742313608527184
detached,He_worst,231,length,6.0986582782355425,0.029783299192786217
detached,He_worst,231,height,2.961402205741225,0.023837387561798096
detached,He_worst,231,orientation,2.3794345816144595,0.0006261655944399536
detached,He_worst,231,wwr,0.2875358570530725,0.07013510167598724
detached,He_worst,231,wallInsulationThickness,0.2610941400703082,-0.005249391309916973
detached,He_worst,231,roofInsulationThickness,0.1647166452742993,0.00013671783381141722
detached,He_worst,231,slabInsulationThickness,0.0921319066530468,-0.00026259798323735595
detached,He_worst,231,u_windows,3.795551691733495,-0.009072305634617805
detached,He_worst,231,g_value,0.3822702282180078,-0.07912803441286087
detached,He_worst,231,roofAbsorptance,0.3330375530537178,-0.021589290350675583
detached,He_worst,231,flowCoefficient,0.0104274616791778,-0.002828798722475767
detached,He_worst,231,wof,0.6135024081652025,-0.03328853100538254
detached,He_worst,231,fixedShadingDepth,0.1375177093977818,0.06539634615182877
detached,He_worst,232,width,6.80260342022917,0.017880158498883247
detached,He_worst,232,length,11.678529944788158,-0.02851847931742668
detached,He_worst,232,height,2.943586216690802,0.022694479674100876
detached,He_worst,232,orientation,317.73765423604885,0.003786117071285844
detached,He_worst,232,wwr,0.1892174271040588,-0.15660588443279266
detached,He_worst,232,wallInsulationThickness,0.2178842285744359,-0.010237051174044609
detached,He_worst,232,roofInsulationThickness,0.0967509520464085,0.002860217122361064
detached,He_worst,232,slabInsulationThickness,0.1943269508950073,-0.0014738611644133925
detached,He_worst,232,u_windows,4.252056472696862,-0.013883916661143303
detached,He_worst,232,g_value,0.5912743994337539,0.10504680126905441
detached,He_worst,232,roofAbsorptance,0.4154035417997425,-0.02685387432575226
detached,He_worst,232,flowCoefficient,0.0042725953551893,-0.00022970853024162352
detached,He_worst,232,wof,0.227300105602954,0.02944708988070488
detached,He_worst,232,fixedShadingDepth,0.3886371734921242,0.028404930606484413
detached,He_worst,233,width,7.421317417293777,0.007895676419138908
detached,He_worst,233,length,10.6593604485645,-0.03191783279180527
detached,He_worst,233,height,2.9548445771602987,0.02596898004412651
detached,He_worst,233,orientation,261.1277326472027,-0.009193845093250275
detached,He_worst,233,wwr,0.2244213548236318,-0.06552217155694962
detached,He_worst,233,wallInsulationThickness,0.2418386953001862,-0.009410088881850243
detached,He_worst,233,roofInsulationThickness,0.2465311795559595,-0.0015659233322367072
detached,He_worst,233,slabInsulationThickness,0.0147862579323263,0.0009805576410144567
detached,He_worst,233,u_windows,2.8483385115597724,-0.007029470056295395
detached,He_worst,233,g_value,0.4803905389117479,-0.018608171492815018
detached,He_worst,233,roofAbsorptance,0.4721117267540718,-0.013933740556240082
detached,He_worst,233,flowCoefficient,0.0077261404064099,-0.0008829054422676563
detached,He_worst,233,wof,0.4160685386235552,-0.010624771937727928
detached,He_worst,233,fixedShadingDepth,0.2127917230392205,0.04779989272356033
detached,He_worst,234,width,8.288798612210693,-0.00333560723811388
detached,He_worst,234,length,11.210586391151278,-0.021638143807649612
detached,He_worst,234,height,2.6563121949476716,0.0007992774480953813
detached,He_worst,234,orientation,21.096999406108576,0.0011758499313145876
detached,He_worst,234,wwr,0.1165993238249584,-0.2406182736158371
detached,He_worst,234,wallInsulationThickness,0.2559885841954947,-0.006832853425294161
detached,He_worst,234,roofInsulationThickness,0.2917231382474528,-0.007546429522335529
detached,He_worst,234,slabInsulationThickness,0.1126465104120692,-0.00037957835593260825
detached,He_worst,234,u_windows,4.6682018385301145,-0.00020579090050887316
detached,He_worst,234,g_value,0.5468733017882317,0.06592865288257599
detached,He_worst,234,roofAbsorptance,0.5536069881023292,-0.006760262418538332
detached,He_worst,234,flowCoefficient,0.0039051352580989,0.0015614101430401206
detached,He_worst,234,wof,0.2371521958854366,0.010826298035681248
detached,He_worst,234,fixedShadingDepth,0.7154780448400099,-0.03212113678455353
detached,He_worst,235,width,6.389527252929182,0.025243574753403664
detached,He_worst,235,length,7.29449817942568,0.01801619492471218
detached,He_worst,235,height,2.538437828444433,-0.01799953170120716
detached,He_worst,235,orientation,328.40057073792383,0.0051991925574839115
detached,He_worst,235,wwr,0.1856928171852594,-0.21418502926826477
detached,He_worst,235,wallInsulationThickness,0.0987001760193204,-0.0023750520776957273
detached,He_worst,235,roofInsulationThickness,0.1849544531521557,-0.003035181201994419
detached,He_worst,235,slabInsulationThickness,0.0737731169340536,0.0010363340843468904
detached,He_worst,235,u_windows,1.7231363104194963,0.001899188500829041
detached,He_worst,235,g_value,0.6728994577252134,0.2319270372390747
detached,He_worst,235,roofAbsorptance,0.6197463225643032,0.0032262136228382587
detached,He_worst,235,flowCoefficient,0.0050677230694305,-0.0007765190675854683
detached,He_worst,235,wof,0.3216246142979025,0.006530816666781902
detached,He_worst,235,fixedShadingDepth,0.5410455134972251,-0.0018772142939269543
detached,He_worst,236,width,6.518189396154071,0.02360045164823532
detached,He_worst,236,length,9.346526906020882,-0.006826464086771011
detached,He_worst,236,height,2.8456338388219744,0.015711631625890732
detached,He_worst,236,orientation,305.38383592878336,0.00237716780975461
detached,He_worst,236,wwr,0.1826938646260036,-0.12410532683134079
detached,He_worst,236,wallInsulationThickness,0.0594304001269222,0.009860995225608349
detached,He_worst,236,roofInsulationThickness,0.1566171041435368,-0.0035554098431020975
detached,He_worst,236,slabInsulationThickness,0.1925290728449288,-0.00266072666272521
detached,He_worst,236,u_windows,4.3373767550551765,-0.007221227511763573
detached,He_worst,236,g_value,0.4541481604927451,-0.006586231756955385
detached,He_worst,236,roofAbsorptance,0.6079998022074362,0.0005268786917440593
detached,He_worst,236,flowCoefficient,0.0069892150590577,0.0005808035493828356
detached,He_worst,236,wof,0.5365618053431552,-0.01817130669951439
detached,He_worst,236,fixedShadingDepth,0.4092892662320896,0.021020011976361275
detached,He_worst,237,width,8.699773682964919,-0.011556122452020645
detached,He_worst,237,length,9.261077283056832,-0.005194333381950855
detached,He_worst,237,height,2.4540855487635844,-0.01573057472705841
detached,He_worst,237,orientation,134.36929176023386,0.0023479610681533813
detached,He_worst,237,wwr,0.1818855024194013,-0.1143692135810852
detached,He_worst,237,wallInsulationThickness,0.227642361589322,-0.009852012619376183
detached,He_worst,237,roofInsulationThickness,0.2434740135179091,-0.0142483189702034
detached,He_worst,237,slabInsulationThickness,0.1208256842017932,0.0006178315379656851
detached,He_worst,237,u_windows,4.50683040456184,-0.0036953797098249197
detached,He_worst,237,g_value,0.3360894236300766,-0.10434059053659439
detached,He_worst,237,roofAbsorptance,0.7246704310960514,0.008226755075156689
detached,He_worst,237,flowCoefficient,0.0092542569611694,-0.0005021803663112223
detached,He_worst,237,wof,0.2804318522269158,0.0015667142579331994
detached,He_worst,237,fixedShadingDepth,0.3844185028606069,0.01948521099984646
detached,He_worst,238,width,6.798591452142993,0.015519178472459316
detached,He_worst,238,length,8.804244900977647,0.002623395761474967
detached,He_worst,238,height,2.9060129860883444,0.021705619990825653
detached,He_worst,238,orientation,348.3268615031575,0.005099236033856869
detached,He_worst,238,wwr,0.3147402634144521,0.0839288979768753
detached,He_worst,238,wallInsulationThickness,0.1941757470766079,-0.004921378567814827
detached,He_worst,238,roofInsulationThickness,0.1473542780176374,-0.003423321759328246
detached,He_worst,238,slabInsulationThickness,0.0745792659249296,-0.0003417053958401084
detached,He_worst,238,u_windows,1.0516428024131628,0.026841413229703903
detached,He_worst,238,g_value,0.3201182331325743,-0.20753301680088043
detached,He_worst,238,roofAbsorptance,0.387275840835733,-0.021946139633655548
detached,He_worst,238,flowCoefficient,0.0024171087125941,-0.0021024299785494804
detached,He_worst,238,wof,0.6918548142115524,-0.036353547126054764
detached,He_worst,238,fixedShadingDepth,0.2706028914316498,0.0448884479701519
detached,He_worst,239,width,6.952799941116514,0.011260285042226315
detached,He_worst,239,length,8.390543892276916,0.011339416727423668
detached,He_worst,239,height,2.7214035194019472,0.0035687354393303394
detached,He_worst,239,orientation,288.82113085238416,0.0024929300416260958
detached,He_worst,239,wwr,0.2037498415748769,-0.12868133187294006
detached,He_worst,239,wallInsulationThickness,0.1517750658053241,-0.004302491433918476
detached,He_worst,239,roofInsulationThickness,0.2806412088772982,0.0008836591732688248
detached,He_worst,239,slabInsulationThickness,0.185807315974991,-0.00036034060758538544
detached,He_worst,239,u_windows,2.583449193542227,-0.003855637740343809
detached,He_worst,239,g_value,0.6568899112018407,0.22460000216960907
detached,He_worst,239,roofAbsorptance,0.3851724398439339,-0.02021963521838188
detached,He_worst,239,flowCoefficient,0.0086590772171365,-0.0013758448185399175
detached,He_worst,239,wof,0.5086223092770925,-0.01874455064535141
detached,He_worst,239,fixedShadingDepth,0.3637710789032533,0.0432036928832531
detached,He_worst,240,width,8.616988084485921,-0.008888011798262596
detached,He_worst,240,length,11.581245815535562,-0.023719679564237595
detached,He_worst,240,height,2.725437022347002,0.002098275348544121
detached,He_worst,240,orientation,254.84382535693155,-0.0019296043319627643
detached,He_worst,240,wwr,0.1319826950601035,-0.23286081850528717
detached,He_worst,240,wallInsulationThickness,0.0223725814720274,0.026558423414826393
detached,He_worst,240,roofInsulationThickness,0.0378948320252675,0.02022908255457878
detached,He_worst,240,slabInsulationThickness,0.1621646361914916,0.000776538741774857
detached,He_worst,240,u_windows,3.111035784209081,-0.008902795612812042
detached,He_worst,240,g_value,0.5154942325116276,0.03851690515875816
detached,He_worst,240,roofAbsorptance,0.5264610161842199,-0.01275291945785284
detached,He_worst,240,flowCoefficient,0.0095661496202548,-0.0011885688873007894
detached,He_worst,240,wof,0.2255416147035288,0.01846354454755783
detached,He_worst,240,fixedShadingDepth,0.3960171651215517,0.016666458919644356
detached,He_worst,241,width,7.764480815928496,0.005339079536497593
detached,He_worst,241,length,9.83016004806319,-0.014661934226751328
detached,He_worst,241,height,2.609555885772465,-0.002911598654463887
detached,He_worst,241,orientation,251.68694520271663,0.004163880366832018
detached,He_worst,241,wwr,0.2641558511128268,0.02098953351378441
detached,He_worst,241,wallInsulationThickness,0.270697575088432,-0.0028115110471844673
detached,He_worst,241,roofInsulationThickness,0.087977434052506,0.008453277871012688
detached,He_worst,241,slabInsulationThickness,0.071482873721803,0.0011190734803676605
detached,He_worst,241,u_windows,1.7576067935580204,0.0036721143405884504
detached,He_worst,241,g_value,0.6048833005045665,0.1921573430299759
detached,He_worst,241,roofAbsorptance,0.5750742222832335,-0.0075759245082736015
detached,He_worst,241,flowCoefficient,0.0119814859785928,0.00221224594861269
detached,He_worst,241,wof,0.4459785269508239,-0.02832482010126114
detached,He_worst,241,fixedShadingDepth,0.0024632857358513,0.09422969073057175
detached,He_worst,242,width,8.477217441498201,-0.003436989150941372
detached,He_worst,242,length,7.298863372700037,0.007481783162802458
detached,He_worst,242,height,2.8351999094888622,0.006261614151299
detached,He_worst,242,orientation,174.6069240163426,-0.003474560799077153
detached,He_worst,242,wwr,0.1773238743076585,-0.07840712368488312
detached,He_worst,242,wallInsulationThickness,0.0635307165247588,0.007117325905710459
detached,He_worst,242,roofInsulationThickness,0.0873789942837919,0.01554082054644823
detached,He_worst,242,slabInsulationThickness,0.120649532515671,0.0006699688383378088
detached,He_worst,242,u_windows,4.737612252466458,-0.004921258427202702
detached,He_worst,242,g_value,0.2151541120257665,-0.1490623503923416
detached,He_worst,242,roofAbsorptance,0.8974054781614655,0.03651336207985878
detached,He_worst,242,flowCoefficient,0.0087056313027146,0.00017091468907892704
detached,He_worst,242,wof,0.2433072242852842,0.007742977701127529
detached,He_worst,242,fixedShadingDepth,0.9143473270253856,-0.05655933916568756
detached,He_worst,243,width,8.509761355981178,-0.004679263569414616
detached,He_worst,243,length,7.492610149418384,0.008862168528139591
detached,He_worst,243,height,2.728576604829102,0.002690554829314351
detached,He_worst,243,orientation,150.78664001055924,0.00191664753947407
detached,He_worst,243,wwr,0.2757781235843735,0.024007422849535942
detached,He_worst,243,wallInsulationThickness,0.0407920888188823,0.010893392376601696
detached,He_worst,243,roofInsulationThickness,0.3021760582160619,-0.003584269667044282
detached,He_worst,243,slabInsulationThickness,0.0222003588168153,-0.0011253581615164876
detached,He_worst,243,u_windows,4.376439048224687,-0.005384071264415979
detached,He_worst,243,g_value,0.2354271632612683,-0.1769789457321167
detached,He_worst,243,roofAbsorptance,0.5098462525156542,-0.009099112823605537
detached,He_worst,243,flowCoefficient,0.001622562534475,-0.0011731472332030535
detached,He_worst,243,wof,0.6979078986606259,-0.02311660721898079
detached,He_worst,243,fixedShadingDepth,0.6756242609126104,-0.03061409294605255
detached,He_worst,244,width,9.611985320172789,-0.04007434472441673
detached,He_worst,244,length,11.522534979393242,-0.04420576989650726
detached,He_worst,244,height,2.9262063962137788,0.02335416153073311
detached,He_worst,244,orientation,270.6419034098088,-0.001473817159421742
detached,He_worst,244,wwr,0.3144707252961529,0.13987646996974945
detached,He_worst,244,wallInsulationThickness,0.1378949761374402,-0.0010015324223786592
detached,He_worst,244,roofInsulationThickness,0.121195593346444,-0.00661841407418251
detached,He_worst,244,slabInsulationThickness,0.1788640041932692,0.004238431341946125
detached,He_worst,244,u_windows,3.9063103355151823,-0.0155856404453516
detached,He_worst,244,g_value,0.6688067936988465,0.29135650396347046
detached,He_worst,244,roofAbsorptance,0.6785432348203513,0.008546392433345318
detached,He_worst,244,flowCoefficient,0.0061111071567964,0.00334999174810946
detached,He_worst,244,wof,0.7833321989869739,-0.07379017770290375
detached,He_worst,244,fixedShadingDepth,0.2986623618919253,0.05926421657204628
detached,He_worst,245,width,8.661493930500141,-0.00865478627383709
detached,He_worst,245,length,8.469672626740689,0.00844907108694315
detached,He_worst,245,height,2.540168445197031,-0.011016298085451126
detached,He_worst,245,orientation,226.55190275743968,0.003048255806788802
detached,He_worst,245,wwr,0.1250747311313379,-0.2552241086959839
detached,He_worst,245,wallInsulationThickness,0.1352491041345121,-0.003742678789421916
detached,He_worst,245,roofInsulationThickness,0.066761800311454,0.014620558358728886
detached,He_worst,245,slabInsulationThickness,0.1773357391006047,0.0029774648137390614
detached,He_worst,245,u_windows,4.35321243667785,-0.008321543224155903
detached,He_worst,245,g_value,0.5757403389225433,0.07654518634080887
detached,He_worst,245,roofAbsorptance,0.3461376005778874,-0.03008655458688736
detached,He_worst,245,flowCoefficient,0.0109191459694663,0.003617012407630682
detached,He_worst,245,wof,0.4773665207422444,-0.013041521422564983
detached,He_worst,245,fixedShadingDepth,0.1859554789974624,0.040443722158670425
detached,He_worst,246,width,6.216723189396163,0.023487400263547897
detached,He_worst,246,length,10.570820612760446,-0.018556172028183937
detached,He_worst,246,height,2.7692724493697196,0.0050697228871285915
detached,He_worst,246,orientation,10.619326362897173,0.00028205779381096363
detached,He_worst,246,wwr,0.1916381257635428,-0.1476321965456009
detached,He_worst,246,wallInsulationThickness,0.292239203341078,-0.008442625403404236
detached,He_worst,246,roofInsulationThickness,0.0665624798964162,0.012219316326081753
detached,He_worst,246,slabInsulationThickness,0.0411811325472397,-0.001981214387342334
detached,He_worst,246,u_windows,4.67899923187055,-0.011892545968294144
detached,He_worst,246,g_value,0.5539637917455711,0.08027160167694092
detached,He_worst,246,roofAbsorptance,0.8617988940387797,0.03392437472939491
detached,He_worst,246,flowCoefficient,0.0013016938423099,0.0010489873820915818
detached,He_worst,246,wof,0.5783496575537463,-0.03906653821468353
detached,He_worst,246,fixedShadingDepth,0.1078803977906247,0.05457354709506035
detached,He_worst,247,width,8.108644133918602,0.0030161344911903143
detached,He_worst,247,length,6.078781280302988,0.026637138798832893
detached,He_worst,247,height,2.907806083423971,0.023124268278479576
detached,He_worst,247,orientation,26.150005075735297,-0.0029583072755485773
detached,He_worst,247,wwr,0.2218428540145556,-0.04453102871775627
detached,He_worst,247,wallInsulationThickness,0.0962266751349628,0.0034214891493320465
detached,He_worst,247,roofInsulationThickness,0.0568060502415793,0.011741877533495426
detached,He_worst,247,slabInsulationThickness,0.1650940174889458,0.0007886663661338389
detached,He_worst,247,u_windows,4.964847906376329,-0.014153625816106796
detached,He_worst,247,g_value,0.5509516031307922,0.1217237114906311
detached,He_worst,247,roofAbsorptance,0.8355377212794495,0.02877523936331272
detached,He_worst,247,flowCoefficient,0.0049530959818785,0.0020124821458011866
detached,He_worst,247,wof,0.571856128204777,-0.03959636762738228
detached,He_worst,247,fixedShadingDepth,0.1104220952203519,0.07799158245325089
detached,He_worst,248,width,7.414878241359279,0.010308422148227692
detached,He_worst,248,length,10.262472552520844,-0.030590182170271873
detached,He_worst,248,height,2.625568560540056,0.002638715086504817
detached,He_worst,248,orientation,55.75998079303465,-0.002232736675068736
detached,He_worst,248,wwr,0.3279476936816655,0.18310701847076416
detached,He_worst,248,wallInsulationThickness,0.1172979622152515,0.005152967292815447
detached,He_worst,248,roofInsulationThickness,0.0422749759291606,0.012919250875711441
detached,He_worst,248,slabInsulationThickness,0.0119714658936049,0.005812511779367924
detached,He_worst,248,u_windows,3.598562050683249,-0.01916375569999218
detached,He_worst,248,g_value,0.520666274577354,0.11229130625724792
detached,He_worst,248,roofAbsorptance,0.7975464510597365,0.025089727714657784
detached,He_worst,248,flowCoefficient,0.0053842711015284,0.004809558391571045
detached,He_worst,248,wof,0.114647713516273,0.19765333831310272
detached,He_worst,248,fixedShadingDepth,0.8613296364433844,-0.13265827298164368
detached,He_worst,249,width,8.039266144885188,-0.002297928323969245
detached,He_worst,249,length,9.123765746042809,-0.0046720984391868114
detached,He_worst,249,height,2.8469425634867807,0.012941831722855568
detached,He_worst,249,orientation,24.912096059121815,-0.0006112996488809586
detached,He_worst,249,wwr,0.161839956330959,-0.19536185264587402
detached,He_worst,249,wallInsulationThickness,0.27531095590635,-0.0031212330795824528
detached,He_worst,249,roofInsulationThickness,0.0486184488572314,0.009301485493779182
detached,He_worst,249,slabInsulationThickness,0.1444501535162167,0.0029980726540088654
detached,He_worst,249,u_windows,2.7359534250780837,-0.002807617885991931
detached,He_worst,249,g_value,0.6824190231289151,0.1757374405860901
detached,He_worst,249,roofAbsorptance,0.3580781081856197,-0.03008817881345749
detached,He_worst,249,flowCoefficient,0.0013917322343161,-0.005918568000197411
detached,He_worst,249,wof,0.5208513732034806,-0.013006116263568401
detached,He_worst,249,fixedShadingDepth,0.7752752192634315,-0.07120360434055328
detached,He_worst,250,width,9.96496483431198,-0.012048058211803436
detached,He_worst,250,length,8.65687085247341,0.004707341082394123
detached,He_worst,250,height,2.4779631082838467,-0.01054538507014513
detached,He_worst,250,orientation,121.48094639764994,0.00015805238217581064
detached,He_worst,250,wwr,0.2273270444674516,-0.04039127752184868
detached,He_worst,250,wallInsulationThickness,0.2534251555673592,-0.004828957840800285
detached,He_worst,250,roofInsulationThickness,0.0276400097084781,0.053916849195957184
detached,He_worst,250,slabInsulationThickness,0.1362187381703024,0.0026103884447366
detached,He_worst,250,u_windows,1.02588242992659,0.018615154549479485
detached,He_worst,250,g_value,0.3093504046662542,-0.09767754375934601
detached,He_worst,250,roofAbsorptance,0.8712119599567705,0.02522667683660984
detached,He_worst,250,flowCoefficient,0.003591839420231,-0.001743597211316228
detached,He_worst,250,wof,0.6695740005851416,-0.018295282498002052
detached,He_worst,250,fixedShadingDepth,0.719128083933196,-0.03325770050287247
detached,He_worst,251,width,6.654003488097569,0.026394981890916824
detached,He_worst,251,length,6.337564462617176,0.043535057455301285
detached,He_worst,251,height,2.838957923106654,0.01864485628902912
detached,He_worst,251,orientation,43.764753893942974,-0.004356444347649813
detached,He_worst,251,wwr,0.325418259612782,0.2105189561843872
detached,He_worst,251,wallInsulationThickness,0.0813339003659023,0.0034058350138366222
detached,He_worst,251,roofInsulationThickness,0.0845717283846443,0.0012043375754728913
detached,He_worst,251,slabInsulationThickness,0.1596386100149785,0.0028003996703773737
detached,He_worst,251,u_windows,2.968692883109491,-0.026432868093252182
detached,He_worst,251,g_value,0.6140749974614831,0.24688078463077545
detached,He_worst,251,roofAbsorptance,0.3869977955582807,-0.024592824280261993
detached,He_worst,251,flowCoefficient,0.0096990454956222,-0.006315648555755615
detached,He_worst,251,wof,0.2940345691568347,0.01439804770052433
detached,He_worst,251,fixedShadingDepth,0.6129351214049639,-0.07109289616346359
detached,He_worst,252,width,7.475414713755906,0.0035396807361394167
detached,He_worst,252,length,6.3408421099370855,0.03130839392542839
detached,He_worst,252,height,2.7242505584338637,-0.0010476566385477781
detached,He_worst,252,orientation,50.6363370950317,-0.0025795986875891685
detached,He_worst,252,wwr,0.3756163994011259,0.18041136860847473
detached,He_worst,252,wallInsulationThickness,0.1682103029401749,-0.004885428585112095
detached,He_worst,252,roofInsulationThickness,0.2802483577758324,-0.006688868161290884
detached,He_worst,252,slabInsulationThickness,0.072873828065773,-0.0029173879884183407
detached,He_worst,252,u_windows,3.233146890875373,-0.00858276430517435
detached,He_worst,252,g_value,0.256713472829123,-0.32248029112815857
detached,He_worst,252,roofAbsorptance,0.70381615469155,0.002288936171680689
detached,He_worst,252,flowCoefficient,0.0108740540431672,-0.005563280079513788
detached,He_worst,252,wof,0.4945213329208728,-0.01410302147269249
detached,He_worst,252,fixedShadingDepth,0.2761259781883139,0.04188156872987747
detached,He_worst,253,width,9.409666405572352,-0.012443434447050095
detached,He_worst,253,length,8.665405259367008,0.011733443476259708
detached,He_worst,253,height,2.9227182068224353,0.014995248056948185
detached,He_worst,253,orientation,107.25167798301268,-0.006517672911286354
detached,He_worst,253,wwr,0.2649767914151487,0.06098269298672676
detached,He_worst,253,wallInsulationThickness,0.072660829436233,0.007947695441544056
detached,He_worst,253,roofInsulationThickness,0.0507868995415411,0.0153385354205966
detached,He_worst,253,slabInsulationThickness,0.0867951183282275,7.519879000028595e-05
detached,He_worst,253,u_windows,4.786583776541082,-0.006256896071135998
detached,He_worst,253,g_value,0.2252902072811043,-0.24761131405830383
detached,He_worst,253,roofAbsorptance,0.4665780316106305,-0.017527339980006218
detached,He_worst,253,flowCoefficient,0.010834876829616,-0.002937670098617673
detached,He_worst,253,wof,0.1183311748236222,0.12876708805561066
detached,He_worst,253,fixedShadingDepth,0.584275271419743,0.0038519890513271093
detached,He_worst,254,width,8.5663373359247,-0.00809729378670454
detached,He_worst,254,length,10.11421672848718,-0.017772695049643517
detached,He_worst,254,height,2.57458920417478,-0.0067571052350103855
detached,He_worst,254,orientation,4.5681942947814695,-0.002157792914658785
detached,He_worst,254,wwr,0.331957323036876,0.18028447031974792
detached,He_worst,254,wallInsulationThickness,0.2142242063661283,-0.004653047304600477
detached,He_worst,254,roofInsulationThickness,0.0851848770946399,0.0013087295228615403
detached,He_worst,254,slabInsulationThickness,0.0731780297966916,-0.0018780686659738421
detached,He_worst,254,u_windows,3.5867094347799213,-0.020037788897752762
detached,He_worst,254,g_value,0.5781198760483385,0.14888648688793182
detached,He_worst,254,roofAbsorptance,0.3014724598127132,-0.02668524906039238
detached,He_worst,254,flowCoefficient,0.0081657631702599,-0.000826609437353909
detached,He_worst,254,wof,0.185147877192231,0.07736639678478241
detached,He_worst,254,fixedShadingDepth,0.8075090182063884,-0.11665444076061249
detached,He_worst,255,width,9.738303451352085,-0.018276354297995567
detached,He_worst,255,length,10.530460514814912,-0.016480468213558197
detached,He_worst,255,height,2.6335448452411727,-0.001689220080152154
detached,He_worst,255,orientation,146.23842615802442,0.0029094447381794453
detached,He_worst,255,wwr,0.1600212129858879,-0.13186809420585632
detached,He_worst,255,wallInsulationThickness,0.1670539042899927,-0.006889336742460728
detached,He_worst,255,roofInsulationThickness,0.2036196303831107,-0.011274793185293674
detached,He_worst,255,slabInsulationThickness,0.0108722357288574,-0.0016106299590319395
detached,He_worst,255,u_windows,2.4781527772960983,-0.0021637326572090387
detached,He_worst,255,g_value,0.316721554517227,-0.11993822455406189
detached,He_worst,255,roofAbsorptance,0.5708122081869286,-0.0045052035711705685
detached,He_worst,255,flowCoefficient,0.0112576313755632,-0.0005664341151714325
detached,He_worst,255,wof,0.2965093283440126,0.0002047824818873778
detached,He_worst,255,fixedShadingDepth,0.1754117680699791,0.03191043809056282
detached,He_worst,256,width,9.713203303583112,-0.013954845257103443
detached,He_worst,256,length,7.0773114489960856,0.01598663441836834
detached,He_worst,256,height,2.667921918361393,0.00606597401201725
detached,He_worst,256,orientation,331.02488952930275,0.0032857879996299744
detached,He_worst,256,wwr,0.2587347524147736,0.0018895900575444102
detached,He_worst,256,wallInsulationThickness,0.1501857116196585,-0.0028614045586436987
detached,He_worst,256,roofInsulationThickness,0.286796444952882,-0.009877854026854038
detached,He_worst,256,slabInsulationThickness,0.1672300215606524,0.001529067987576127
detached,He_worst,256,u_windows,3.276601124135783,-0.007363957352936268
detached,He_worst,256,g_value,0.3637856799334126,-0.06699426472187042
detached,He_worst,256,roofAbsorptance,0.7945316470736509,0.01683356799185276
detached,He_worst,256,flowCoefficient,0.0099873073018002,-0.000823045673314482
detached,He_worst,256,wof,0.3656171222611928,-0.006784841883927584
detached,He_worst,256,fixedShadingDepth,0.8935680181517577,-0.06081192195415497
detached,He_worst,257,width,6.484040654730115,0.018855325877666473
detached,He_worst,257,length,8.690640979296937,0.00956589076668024
detached,He_worst,257,height,2.90959685403468,0.026691094040870667
detached,He_worst,257,orientation,318.20256502743484,0.0032392952125519514
detached,He_worst,257,wwr,0.2268719815606664,-0.061020705848932266
detached,He_worst,257,wallInsulationThickness,0.295288807923441,-0.006820384878665209
detached,He_worst,257,roofInsulationThickness,0.3032708780949281,-0.006143676117062569
detached,He_worst,257,slabInsulationThickness,0.0105295630561432,-0.0003069247177336365
detached,He_worst,257,u_windows,1.0115276347664957,0.023489682003855705
detached,He_worst,257,g_value,0.3856803446064366,-0.070609912276268
detached,He_worst,257,roofAbsorptance,0.6147023615530978,0.0012526013888418674
detached,He_worst,257,flowCoefficient,0.007198919774443,0.0012584333308041096
detached,He_worst,257,wof,0.6753734354056538,-0.032316967844963074
detached,He_worst,257,fixedShadingDepth,0.5291717246740019,0.0034766742028295994
detached,He_worst,258,width,7.944279601073409,6.134768045740202e-05
detached,He_worst,258,length,11.853862140690907,-0.027555301785469055
detached,He_worst,258,height,2.9511085635878818,0.048056650906801224
detached,He_worst,258,orientation,278.95154495779616,-0.0035913591273128986
detached,He_worst,258,wwr,0.3834641206659863,0.2811550199985504
detached,He_worst,258,wallInsulationThickness,0.2954627634124854,-0.004911487922072411
detached,He_worst,258,roofInsulationThickness,0.1025659775654852,-0.002900106832385063
detached,He_worst,258,slabInsulationThickness,0.1548529086035442,0.0022629862651228905
detached,He_worst,258,u_windows,1.7217143234093526,0.009260007180273533
detached,He_worst,258,g_value,0.470005569454102,-0.0330018475651741
detached,He_worst,258,roofAbsorptance,0.3830056167710999,-0.03045637533068657
detached,He_worst,258,flowCoefficient,0.0037487768292821,0.0029921692330390215
detached,He_worst,258,wof,0.6441244378492176,-0.039887458086013794
detached,He_worst,258,fixedShadingDepth,0.1944207874284713,0.07395143061876297
detached,He_worst,259,width,8.14009326674361,0.004204788710922003
detached,He_worst,259,length,6.730574244385201,0.04807610064744949
detached,He_worst,259,height,2.516407030496172,-0.031044870615005493
detached,He_worst,259,orientation,165.5080460292647,0.0022762154694646597
detached,He_worst,259,wwr,0.3847567866863706,0.4462924301624298
detached,He_worst,259,wallInsulationThickness,0.1985472515212258,-0.0016287302132695913
detached,He_worst,259,roofInsulationThickness,0.3094579121384455,0.005242164246737957
detached,He_worst,259,slabInsulationThickness,0.144276535881858,0.0033187917433679104
detached,He_worst,259,u_windows,3.225031055164127,-0.0152127118781209
detached,He_worst,259,g_value,0.6514094092354668,0.4255606234073639
detached,He_worst,259,roofAbsorptance,0.3387894020264723,-0.03728092089295387
detached,He_worst,259,flowCoefficient,0.0045582855607199,0.004314364865422249
detached,He_worst,259,wof,0.6674548554080114,-0.07635612785816193
detached,He_worst,259,fixedShadingDepth,0.2573481121777287,0.09696667641401291
detached,He_worst,260,width,8.669421359727796,-0.01345562469214201
detached,He_worst,260,length,8.969226574770893,0.003883375320583582
detached,He_worst,260,height,2.6653242115877713,0.0033788050059229136
detached,He_worst,260,orientation,355.0662031701195,0.0033808189909905195
detached,He_worst,260,wwr,0.3836171715086809,0.299052894115448
detached,He_worst,260,wallInsulationThickness,0.1456016718775708,-0.0030068932101130486
detached,He_worst,260,roofInsulationThickness,0.0952226573881146,0.014350209385156631
detached,He_worst,260,slabInsulationThickness,0.1666390685456306,-0.0007723837625235319
detached,He_worst,260,u_windows,1.51608423523112,0.01122866291552782
detached,He_worst,260,g_value,0.4914159675078676,0.03352491930127144
detached,He_worst,260,roofAbsorptance,0.7044607467492958,0.015986481681466103
detached,He_worst,260,flowCoefficient,0.0032338845437357,0.005255513824522495
detached,He_worst,260,wof,0.2462515848254594,0.04022369161248207
detached,He_worst,260,fixedShadingDepth,0.3151128320494085,0.06427685171365738
detached,He_worst,261,width,9.625788696509844,-0.010634544305503368
detached,He_worst,261,length,8.99756568811846,-0.00044569664169102907
detached,He_worst,261,height,2.6870274763916577,0.0010723537998273969
detached,He_worst,261,orientation,51.13562564563569,-0.0001715552352834493
detached,He_worst,261,wwr,0.1036336243021498,-0.14332430064678192
detached,He_worst,261,wallInsulationThickness,0.2691032643035131,-0.004121026955544949
detached,He_worst,261,roofInsulationThickness,0.2909092323704428,-0.009908615611493587
detached,He_worst,261,slabInsulationThickness,0.0553225405296898,-0.0016783287283033133
detached,He_worst,261,u_windows,0.9451537467761352,0.014940579421818256
detached,He_worst,261,g_value,0.213096661780196,-0.1227792277932167
detached,He_worst,261,roofAbsorptance,0.6746484122958563,0.0031299300026148558
detached,He_worst,261,flowCoefficient,0.0027892586699717,-0.00028709371690638363
detached,He_worst,261,wof,0.3857168502796336,-0.005107870791107416
detached,He_worst,261,fixedShadingDepth,0.6987056326408935,-0.018896883353590965
detached,He_worst,262,width,7.101890999370017,0.019380003213882446
detached,He_worst,262,length,9.067151073090216,0.001500739250332117
detached,He_worst,262,height,2.792387294834526,0.02212578058242798
detached,He_worst,262,orientation,7.400853771953972,0.0009139884496107697
detached,He_worst,262,wwr,0.3913435632572349,0.48026999831199646
detached,He_worst,262,wallInsulationThickness,0.1578748964622687,-0.00035298243165016174
detached,He_worst,262,roofInsulationThickness,0.2971725953365535,0.0010282655712217093
detached,He_worst,262,slabInsulationThickness,0.0706875643432563,0.0021320204250514507
detached,He_worst,262,u_windows,0.9344419429229364,0.08234037458896637
detached,He_worst,262,g_value,0.6833853598393853,0.4592600166797638
detached,He_worst,262,roofAbsorptance,0.6243647757154975,0.0031096653547137976
detached,He_worst,262,flowCoefficient,0.0106709997541184,0.0033407271839678288
detached,He_worst,262,wof,0.6342496553975144,-0.06604355573654175
detached,He_worst,262,fixedShadingDepth,0.5509274348726675,0.008743589743971825
detached,He_worst,263,width,7.281429314083354,0.011365579441189766
detached,He_worst,263,length,10.611342415697791,-0.04186205938458443
detached,He_worst,263,height,2.8980325521050005,0.04489840194582939
detached,He_worst,263,orientation,63.00931652536387,-0.0025648893788456917
detached,He_worst,263,wwr,0.3715813533508767,0.44216862320899963
detached,He_worst,263,wallInsulationThickness,0.2170618249229987,-0.001493047340773046
detached,He_worst,263,roofInsulationThickness,0.3185099519087507,0.016322225332260132
detached,He_worst,263,slabInsulationThickness,0.0954379471986897,-0.0021054367534816265
detached,He_worst,263,u_windows,3.344292258262362,-0.0173628032207489
detached,He_worst,263,g_value,0.685789392194798,0.45502769947052
detached,He_worst,263,roofAbsorptance,0.3351707587335075,-0.03490234911441803
detached,He_worst,263,flowCoefficient,0.0065132794295411,0.0074448599480092525
detached,He_worst,263,wof,0.4713509989395477,-0.005089058540761471
detached,He_worst,263,fixedShadingDepth,0.4668752693172029,0.03135601058602333
detached,He_worst,264,width,6.998685776333794,0.00835826713591814
detached,He_worst,264,length,7.868243047149573,0.011544150300323963
detached,He_worst,264,height,2.531769788587253,-0.017260340973734856
detached,He_worst,264,orientation,84.12047360086163,-0.007961532101035118
detached,He_worst,264,wwr,0.2193804025581053,-0.06072751432657242
detached,He_worst,264,wallInsulationThickness,0.1110359749364006,0.0026935080531984568
detached,He_worst,264,roofInsulationThickness,0.2123135931637252,-0.007804964669048786
detached,He_worst,264,slabInsulationThickness,0.1756860760567553,0.0013150726445019245
detached,He_worst,264,u_windows,2.573814665286431,-0.006604297552257776
detached,He_worst,264,g_value,0.3222450302293336,-0.15140703320503235
detached,He_worst,264,roofAbsorptance,0.4685575122787023,-0.012480475939810276
detached,He_worst,264,flowCoefficient,0.0059443230549699,0.0018253350863233209
detached,He_worst,264,wof,0.1467590062645498,0.051029399037361145
detached,He_worst,264,fixedShadingDepth,0.4871014232995151,0.008079322054982185
detached,He_worst,265,width,6.1093901867299465,0.020583132281899452
detached,He_worst,265,length,9.919503865440843,-0.011160945519804955
detached,He_worst,265,height,2.730660241830114,0.003944535739719868
detached,He_worst,265,orientation,66.43171614244096,-0.005831598304212093
detached,He_worst,265,wwr,0.1332471759256169,-0.2034045308828354
detached,He_worst,265,wallInsulationThickness,0.0235154511863341,0.019601361826062202
detached,He_worst,265,roofInsulationThickness,0.2458058990993221,-0.007476619444787502
detached,He_worst,265,slabInsulationThickness,0.0284391636867772,0.0005755721940658987
detached,He_worst,265,u_windows,4.322358874978581,-0.007242117542773485
detached,He_worst,265,g_value,0.4849618151699824,-0.004531430546194315
detached,He_worst,265,roofAbsorptance,0.7023780513235172,0.004993849899619818
detached,He_worst,265,flowCoefficient,0.004230017682808,0.000923459418118
detached,He_worst,265,wof,0.590440195890079,-0.021114319562911987
detached,He_worst,265,fixedShadingDepth,0.3928275612912876,0.01870773546397686
detached,He_worst,266,width,8.919352040906496,-0.007536737713962793
detached,He_worst,266,length,6.348555293222844,0.017614131793379784
detached,He_worst,266,height,2.4240753518998592,-0.016837317496538162
detached,He_worst,266,orientation,194.6397737033895,-0.001525691244751215
detached,He_worst,266,wwr,0.223311939929056,-0.04813544452190399
detached,He_worst,266,wallInsulationThickness,0.0153058509338147,0.026732975617051125
detached,He_worst,266,roofInsulationThickness,0.0548366784322777,0.01098897960036993
detached,He_worst,266,slabInsulationThickness,0.1930497099947597,0.0010601432295516133
detached,He_worst,266,u_windows,1.1963208996414605,0.016867920756340027
detached,He_worst,266,g_value,0.2652800558859848,-0.16252119839191437
detached,He_worst,266,roofAbsorptance,0.3190576853601266,-0.024209393188357353
detached,He_worst,266,flowCoefficient,0.0105406225567279,-0.000513350241817534
detached,He_worst,266,wof,0.4618243607807212,-0.014389059506356716
detached,He_worst,266,fixedShadingDepth,0.4242575198748782,0.013653391972184181
detached,He_worst,267,width,6.69332195274816,0.012107005342841148
detached,He_worst,267,length,8.082888666916379,0.008220170624554157
detached,He_worst,267,height,2.7773386921364365,0.009905909188091755
detached,He_worst,267,orientation,43.723155069839095,-0.004311725962907076
detached,He_worst,267,wwr,0.1295667956862659,-0.3085481524467468
detached,He_worst,267,wallInsulationThickness,0.0182991894993108,0.023288071155548096
detached,He_worst,267,roofInsulationThickness,0.102805033323768,0.004591412842273712
detached,He_worst,267,slabInsulationThickness,0.1213122304033741,0.0008073842036537826
detached,He_worst,267,u_windows,2.261658652628025,-0.003367339028045535
detached,He_worst,267,g_value,0.6795729538783102,0.1999366283416748
detached,He_worst,267,roofAbsorptance,0.5188168433987359,-0.013481421396136284
detached,He_worst,267,flowCoefficient,0.0076368080433301,0.0024424127768725157
detached,He_worst,267,wof,0.5930453061995418,-0.03516979515552521
detached,He_worst,267,fixedShadingDepth,0.1199802381906548,0.06119688227772713
detached,He_worst,268,width,7.977123523285825,5.0882812502095476e-05
detached,He_worst,268,length,8.285263931205199,0.005755264777690172
detached,He_worst,268,height,2.712837171815562,0.0037623231764882803
detached,He_worst,268,orientation,89.35419205267758,-0.009857386350631714
detached,He_worst,268,wwr,0.1358151170477194,-0.21874161064624786
detached,He_worst,268,wallInsulationThickness,0.188340689716523,-0.0070890747010707855
detached,He_worst,268,roofInsulationThickness,0.0697252800449031,0.010810033418238163
detached,He_worst,268,slabInsulationThickness,0.1120892354037314,-0.0008410735754296184
detached,He_worst,268,u_windows,1.7190015052738117,0.001043187570758164
detached,He_worst,268,g_value,0.5071421704296211,0.0350574254989624
detached,He_worst,268,roofAbsorptance,0.5490554865529775,-0.009392449632287025
detached,He_worst,268,flowCoefficient,0.0022577353970723,-0.000638102472294122
detached,He_worst,268,wof,0.6310346873260598,-0.02399863861501217
detached,He_worst,268,fixedShadingDepth,0.5050302275796102,0.0012218845076858997
detached,He_worst,269,width,8.340453785806499,-0.006859131157398224
detached,He_worst,269,length,7.702365514920582,0.014560658484697342
detached,He_worst,269,height,2.65891843967012,0.0001178430684376508
detached,He_worst,269,orientation,75.09274997529825,-0.0058258273638784885
detached,He_worst,269,wwr,0.1828962718640889,-0.18254676461219788
detached,He_worst,269,wallInsulationThickness,0.1510175867086708,-0.007963701151311398
detached,He_worst,269,roofInsulationThickness,0.1788944333763369,-0.007385757751762867
detached,He_worst,269,slabInsulationThickness,0.0556099555824945,-0.0011994706001132727
detached,He_worst,269,u_windows,2.130998510370968,0.0007750461809337139
detached,He_worst,269,g_value,0.5731814240417941,0.09796787053346634
detached,He_worst,269,roofAbsorptance,0.7192906738441914,0.010538483038544655
detached,He_worst,269,flowCoefficient,0.0101801608303012,-0.0019148513674736023
detached,He_worst,269,wof,0.2631254039408366,0.015881897881627083
detached,He_worst,269,fixedShadingDepth,0.5085988298795987,-0.003271238412708044
detached,He_worst,270,width,8.597062922238585,-0.00831673201173544
detached,He_worst,270,length,9.307540539214347,-0.006333021447062492
detached,He_worst,270,height,2.913890695798102,0.015972338616847992
detached,He_worst,270,orientation,22.630970066543743,-0.0002646773646119982
detached,He_worst,270,wwr,0.1011923896790921,-0.32775819301605225
detached,He_worst,270,wallInsulationThickness,0.20757483127812,-0.004436856135725975
detached,He_worst,270,roofInsulationThickness,0.2072240327818159,-0.0061167385429143906
detached,He_worst,270,slabInsulationThickness,0.0980978629580576,5.312112079991493e-06
detached,He_worst,270,u_windows,2.431564449192315,-0.0008613711106590927
detached,He_worst,270,g_value,0.6487202777237587,0.151452898979187
detached,He_worst,270,roofAbsorptance,0.4576015479664011,-0.017666464671492577
detached,He_worst,270,flowCoefficient,0.0117495784679274,0.0027785087004303932
detached,He_worst,270,wof,0.33945830579712,-0.001851078704930842
detached,He_worst,270,fixedShadingDepth,0.4868974289163928,0.002639012411236763
detached,He_worst,271,width,7.534037364461152,-0.0007669070037081838
detached,He_worst,271,length,6.702776923922683,0.016692450270056725
detached,He_worst,271,height,2.4562425752836767,-0.01731891930103302
detached,He_worst,271,orientation,263.9047860762686,-0.002621766645461321
detached,He_worst,271,wwr,0.1356965416251085,-0.2655778229236603
detached,He_worst,271,wallInsulationThickness,0.1758861444879527,-0.006619640160351992
detached,He_worst,271,roofInsulationThickness,0.2603488038313312,-0.009974384680390358
detached,He_worst,271,slabInsulationThickness,0.1822337351560094,-0.0008822231902740896
detached,He_worst,271,u_windows,1.040018383201732,0.01763015240430832
detached,He_worst,271,g_value,0.6704792180376578,0.17802374064922333
detached,He_worst,271,roofAbsorptance,0.7225081208191937,0.011116700246930122
detached,He_worst,271,flowCoefficient,0.0073838451289818,-0.0002492397907190025
detached,He_worst,271,wof,0.2378257677160642,0.019951796159148216
detached,He_worst,271,fixedShadingDepth,0.8826859592614812,-0.09679283946752548
detached,He_worst,272,width,9.027517043829569,-0.011988618411123753
detached,He_worst,272,length,7.314830786737557,0.01708478480577469
detached,He_worst,272,height,2.420227829011929,-0.039134036749601364
detached,He_worst,272,orientation,275.45456339108557,-0.0019043132197111845
detached,He_worst,272,wwr,0.3523534063080087,0.17475612461566925
detached,He_worst,272,wallInsulationThickness,0.1199525214553783,-0.0001641544367885217
detached,He_worst,272,roofInsulationThickness,0.1072403486046292,0.0014212436508387327
detached,He_worst,272,slabInsulationThickness,0.182561470397874,0.0042604198679327965
detached,He_worst,272,u_windows,2.4609575175559018,-0.0008600519504398108
detached,He_worst,272,g_value,0.3696822936413882,-0.1400976926088333
detached,He_worst,272,roofAbsorptance,0.5922875343058773,-0.003332005348056555
detached,He_worst,272,flowCoefficient,0.0017507825895461,0.0018932727398350835
detached,He_worst,272,wof,0.4141080068060832,-0.016048366203904152
detached,He_worst,272,fixedShadingDepth,0.4942017097723098,-0.001275890041142702
detached,He_worst,273,width,7.79947200812815,0.0008451584144495428
detached,He_worst,273,length,6.710998118493114,0.010905926115810871
detached,He_worst,273,height,2.5190979632329857,-0.010641373693943024
detached,He_worst,273,orientation,207.31057421759624,-0.00011329996050335467
detached,He_worst,273,wwr,0.1648709717810483,-0.11359439045190811
detached,He_worst,273,wallInsulationThickness,0.2761496907660463,-0.004029728472232819
detached,He_worst,273,roofInsulationThickness,0.031025194234916,0.02825981378555298
detached,He_worst,273,slabInsulationThickness,0.06692741105909,-0.0010430467082187533
detached,He_worst,273,u_windows,1.6947580551645385,0.0018659095512703061
detached,He_worst,273,g_value,0.23562205545292,-0.15983490645885468
detached,He_worst,273,roofAbsorptance,0.3346660000763564,-0.030063655227422714
detached,He_worst,273,flowCoefficient,0.0045113865143658,0.0022435442078858614
detached,He_worst,273,wof,0.2584197488693015,0.009106977842748165
detached,He_worst,273,fixedShadingDepth,0.4603945942543314,0.004327127244323492
detached,He_worst,274,width,7.194175629827203,0.010574014857411385
detached,He_worst,274,length,11.416022410545004,-0.018334876745939255
detached,He_worst,274,height,2.7648271576162515,0.0029998801182955503
detached,He_worst,274,orientation,82.86884595808795,-0.0082353251054883
detached,He_worst,274,wwr,0.3882318278589197,0.17487384378910065
detached,He_worst,274,wallInsulationThickness,0.1175704628259388,-0.001181484665721655
detached,He_worst,274,roofInsulationThickness,0.2189603729720084,-0.004142737481743097
detached,He_worst,274,slabInsulationThickness,0.1667882324184561,-0.00017978322284761816
detached,He_worst,274,u_windows,2.587245395035887,-0.0020215807016938925
detached,He_worst,274,g_value,0.2760426731036504,-0.19961203634738922
detached,He_worst,274,roofAbsorptance,0.4102460574994848,-0.015179029665887356
detached,He_worst,274,flowCoefficient,0.0118820360500093,0.0016715789679437876
detached,He_worst,274,wof,0.393638354317753,-0.0050418018363416195
detached,He_worst,274,fixedShadingDepth,0.9663244057948532,-0.07993374764919281
detached,He_worst,275,width,6.933065270603267,0.011577134020626545
detached,He_worst,275,length,7.081027006391996,0.01884480006992817
detached,He_worst,275,height,2.6807535370030684,-0.0008483226993121207
detached,He_worst,275,orientation,220.85405371917213,0.0041929688304662704
detached,He_worst,275,wwr,0.3787405796075368,0.19645048677921295
detached,He_worst,275,wallInsulationThickness,0.2164588109303076,-0.006496472749859095
detached,He_worst,275,roofInsulationThickness,0.3418037957525985,-0.006364152766764164
detached,He_worst,275,slabInsulationThickness,0.1645902570651716,-0.0015398546820506454
detached,He_worst,275,u_windows,1.0370368805366783,0.04288344830274582
detached,He_worst,275,g_value,0.2163893117087851,-0.33544450998306274
detached,He_worst,275,roofAbsorptance,0.8720665634617184,0.029683196917176247
detached,He_worst,275,flowCoefficient,0.0052055887055186,0.006151176057755947
detached,He_worst,275,wof,0.3950806483465918,-0.00906649325042963
detached,He_worst,275,fixedShadingDepth,0.5901569333899401,-0.013977162539958954
detached,He_worst,276,width,6.319634732014001,0.02697349339723587
detached,He_worst,276,length,9.521977608538766,-0.010187114588916302
detached,He_worst,276,height,2.63780575956777,-0.005004929378628731
detached,He_worst,276,orientation,53.464647803112214,-0.00037592594162561
detached,He_worst,276,wwr,0.3246487145041286,0.18715520203113556
detached,He_worst,276,wallInsulationThickness,0.1446318757924771,-0.002284895395860076
detached,He_worst,276,roofInsulationThickness,0.3415912854351127,0.0035320536699146032
detached,He_worst,276,slabInsulationThickness,0.1034276473903024,-0.0005746898241341114
detached,He_worst,276,u_windows,1.352838457834434,0.018975941464304924
detached,He_worst,276,g_value,0.4460845910329524,-0.018435917794704437
detached,He_worst,276,roofAbsorptance,0.3274174310931003,-0.023887554183602333
detached,He_worst,276,flowCoefficient,0.0047254269310103,0.005724077112972736
detached,He_worst,276,wof,0.7475702924732727,-0.04421515017747879
detached,He_worst,276,fixedShadingDepth,0.1551449043025994,0.08122332394123077
detached,He_worst,277,width,9.467467676363272,-0.01953679323196411
detached,He_worst,277,length,8.602493601634096,0.005267242901027203
detached,He_worst,277,height,2.7847704455996594,0.006475328933447599
detached,He_worst,277,orientation,267.56189374576627,-0.004397019278258085
detached,He_worst,277,wwr,0.3595226401527044,0.17898441851139069
detached,He_worst,277,wallInsulationThickness,0.1206023398661085,0.002393231960013509
detached,He_worst,277,roofInsulationThickness,0.2234080045706026,-0.009746897034347057
detached,He_worst,277,slabInsulationThickness,0.1547763685826981,0.00285930372774601
detached,He_worst,277,u_windows,4.562918245508856,-0.010942062363028526
detached,He_worst,277,g_value,0.4006073792537988,-0.08814156800508499
detached,He_worst,277,roofAbsorptance,0.8421575445569887,0.017554303631186485
detached,He_worst,277,flowCoefficient,0.0038936225673339,0.002427907893434167
detached,He_worst,277,wof,0.2201777103793087,0.027789348736405373
detached,He_worst,277,fixedShadingDepth,0.8867984283737745,-0.11093226820230484
detached,He_worst,278,width,6.720880709597359,0.013806909322738647
detached,He_worst,278,length,10.3397980324608,-0.016711950302124023
detached,He_worst,278,height,2.9844309476045163,0.021116003394126892
detached,He_worst,278,orientation,240.3129745328016,-0.0015260162763297558
detached,He_worst,278,wwr,0.203393040811296,-0.06498214602470398
detached,He_worst,278,wallInsulationThickness,0.2550187243340777,-0.006152015179395676
detached,He_worst,278,roofInsulationThickness,0.1918104914859705,-0.003949228208512068
detached,He_worst,278,slabInsulationThickness,0.0588959847991311,-0.0015980267198756337
detached,He_worst,278,u_windows,4.523723617314869,-0.005377732217311859
detached,He_worst,278,g_value,0.2484927064727115,-0.1838693618774414
detached,He_worst,278,roofAbsorptance,0.5449012524916966,-0.004500501789152622
detached,He_worst,278,flowCoefficient,0.0022302222524562,-0.000671627523843199
detached,He_worst,278,wof,0.3392316483961431,-0.0001063936942955479
detached,He_worst,278,fixedShadingDepth,0.2913385025143554,0.02886488102376461
detached,He_worst,279,width,8.214703103658824,-0.0025627983268350363
detached,He_worst,279,length,7.002651485534832,0.023105399683117867
detached,He_worst,279,height,2.8162156181342244,0.010760126635432243
detached,He_worst,279,orientation,26.55080373525254,-0.0037904223427176476
detached,He_worst,279,wwr,0.3804073979350112,0.2293682098388672
detached,He_worst,279,wallInsulationThickness,0.2166030087622269,-0.004093321505934
detached,He_worst,279,roofInsulationThickness,0.0587649697595713,0.011799943633377552
detached,He_worst,279,slabInsulationThickness,0.0269793595623241,-0.0010852868435904384
detached,He_worst,279,u_windows,1.523244663384677,0.006347552873194218
detached,He_worst,279,g_value,0.3448895247315637,-0.19541431963443756
detached,He_worst,279,roofAbsorptance,0.5933266572472543,-0.0007653650245629251
detached,He_worst,279,flowCoefficient,0.0104166445486732,-0.007274372037500143
detached,He_worst,279,wof,0.3634191273558974,-0.006813474465161562
detached,He_worst,279,fixedShadingDepth,0.037776984140385,0.08130738884210587
detached,He_worst,280,width,8.79317247904763,-0.017078951001167297
detached,He_worst,280,length,10.176197494466344,-0.02833186648786068
detached,He_worst,280,height,2.9361295664387503,0.03140697628259659
detached,He_worst,280,orientation,34.59087442926452,0.0005976416287012398
detached,He_worst,280,wwr,0.3485663309307033,0.34333527088165283
detached,He_worst,280,wallInsulationThickness,0.2536120914338214,-0.003344590775668621
detached,He_worst,280,roofInsulationThickness,0.3037287169443194,-0.005507870577275753
detached,He_worst,280,slabInsulationThickness,0.1579909680618761,0.007207606919109821
detached,He_worst,280,u_windows,2.4032690507284777,-0.0008185442420653999
detached,He_worst,280,g_value,0.6208460015078024,0.31461137533187866
detached,He_worst,280,roofAbsorptance,0.7293679879641296,0.005886953789740801
detached,He_worst,280,flowCoefficient,0.0018332766902369,0.0009416748653165996
detached,He_worst,280,wof,0.6045204951006915,-0.05554435774683952
detached,He_worst,280,fixedShadingDepth,0.1890022174929576,0.10630647838115692
detached,He_worst,281,width,7.351614469735171,0.004805639386177063
detached,He_worst,281,length,7.994967164046695,0.010843629948794842
detached,He_worst,281,height,2.9959132372545416,0.02749875746667385
detached,He_worst,281,orientation,150.42711414414927,0.002307766815647483
detached,He_worst,281,wwr,0.3905704491359683,0.20729157328605652
detached,He_worst,281,wallInsulationThickness,0.1398788898774198,-0.00277528865262866
detached,He_worst,281,roofInsulationThickness,0.11305036893052,0.005851412191987038
detached,He_worst,281,slabInsulationThickness,0.1637137574863596,-0.0024156966246664524
detached,He_worst,281,u_windows,1.8311739682742656,0.002365171443670988
detached,He_worst,281,g_value,0.2420787440429118,-0.35827159881591797
detached,He_worst,281,roofAbsorptance,0.8751214842892212,0.02877962216734886
detached,He_worst,281,flowCoefficient,0.0073791099153031,-0.0002458819653838873
detached,He_worst,281,wof,0.1173388806990104,0.09863867610692978
detached,He_worst,281,fixedShadingDepth,0.5248979205545179,0.011231617070734501
detached,He_worst,282,width,9.92323161998016,-0.022957783192396164
detached,He_worst,282,length,6.754799835102338,0.02526414394378662
detached,He_worst,282,height,2.9170079843072387,0.02691633068025112
detached,He_worst,282,orientation,102.46719518319344,-0.008132776245474815
detached,He_worst,282,wwr,0.1838680394346014,-0.17744746804237366
detached,He_worst,282,wallInsulationThickness,0.1355880024285044,-0.0007999100489541888
detached,He_worst,282,roofInsulationThickness,0.3389952823110372,-7.486268441425636e-05
detached,He_worst,282,slabInsulationThickness,0.0859090951861069,-0.000583939254283905
detached,He_worst,282,u_windows,4.3759248799002135,-0.009017120115458965
detached,He_worst,282,g_value,0.534762415038205,0.07490716129541397
detached,He_worst,282,roofAbsorptance,0.51568074255539,-0.007679797243326902
detached,He_worst,282,flowCoefficient,0.0056829440796534,0.0030167854856699705
detached,He_worst,282,wof,0.1601684310650471,0.07077305763959885
detached,He_worst,282,fixedShadingDepth,0.3597159995124009,0.03669513389468193
detached,He_worst,283,width,9.376431580537348,-0.015804266557097435
detached,He_worst,283,length,6.806535395901245,0.014374435879290104
detached,He_worst,283,height,2.681461832283781,0.0010154652409255505
detached,He_worst,283,orientation,7.030885197616003,0.0021189535036683083
detached,He_worst,283,wwr,0.3476713469724241,0.15641972422599792
detached,He_worst,283,wallInsulationThickness,0.165477749161771,-0.0035012629814445972
detached,He_worst,283,roofInsulationThickness,0.0885941511866112,0.012832509353756905
detached,He_worst,283,slabInsulationThickness,0.0822454962442944,-0.000612545118201524
detached,He_worst,283,u_windows,0.904170031112974,0.059470951557159424
detached,He_worst,283,g_value,0.213533586602285,-0.2774391174316406
detached,He_worst,283,roofAbsorptance,0.7822057624276056,0.033048368990421295
detached,He_worst,283,flowCoefficient,0.0109581080482734,0.002166998339816928
detached,He_worst,283,wof,0.76122532289866,-0.030662531033158302
detached,He_worst,283,fixedShadingDepth,0.5849729481229808,-0.004020077642053366
detached,He_worst,284,width,6.142222114604217,0.021524809300899506
detached,He_worst,284,length,11.007375152883723,-0.014577752910554409
detached,He_worst,284,height,2.895098913234174,0.024060022085905075
detached,He_worst,284,orientation,38.85047751951333,0.0021986730862408876
detached,He_worst,284,wwr,0.3676928276215523,0.19143156707286835
detached,He_worst,284,wallInsulationThickness,0.1481507542761069,-0.00403456948697567
detached,He_worst,284,roofInsulationThickness,0.2385783250929504,-0.0037652631290256977
detached,He_worst,284,slabInsulationThickness,0.1510959065498528,0.001271106069907546
detached,He_worst,284,u_windows,0.8459015191837632,0.0513489730656147
detached,He_worst,284,g_value,0.2035255110417732,-0.33392268419265747
detached,He_worst,284,roofAbsorptance,0.3991611522278449,-0.028285399079322815
detached,He_worst,284,flowCoefficient,0.0056926274678002,0.003039067378267646
detached,He_worst,284,wof,0.6918319268370103,-0.03285350650548935
detached,He_worst,284,fixedShadingDepth,0.3848197094064903,0.021680457517504692
detached,He_worst,285,width,6.630808572450628,0.022533301264047623
detached,He_worst,285,length,7.64930615838094,0.008876973763108253
detached,He_worst,285,height,2.427937833450629,-0.028754688799381256
detached,He_worst,285,orientation,162.85434038881888,0.0012341637630015612
detached,He_worst,285,wwr,0.1344083844800147,-0.27462324500083923
detached,He_worst,285,wallInsulationThickness,0.155209736578187,-0.006673604249954224
detached,He_worst,285,roofInsulationThickness,0.0515856229437403,0.023417770862579346
detached,He_worst,285,slabInsulationThickness,0.198700626027458,-0.0016281417338177562
detached,He_worst,285,u_windows,2.923675883767098,-0.008141390979290009
detached,He_worst,285,g_value,0.5228582655511702,0.045310039073228836
detached,He_worst,285,roofAbsorptance,0.8067724733288446,0.03265441209077835
detached,He_worst,285,flowCoefficient,0.007292091206082,0.002023594919592142
detached,He_worst,285,wof,0.1369532546642347,0.06610416620969772
detached,He_worst,285,fixedShadingDepth,0.3627427084740572,0.02543978951871395
detached,He_worst,286,width,8.332008660398749,-0.00614234758540988
detached,He_worst,286,length,7.514114819729058,0.015398578718304634
detached,He_worst,286,height,2.5770632840161176,-0.021648187190294266
detached,He_worst,286,orientation,32.65999947584161,0.0032628141343593597
detached,He_worst,286,wwr,0.3675082359468328,0.2374977171421051
detached,He_worst,286,wallInsulationThickness,0.2612870512859359,-0.00546590331941843
detached,He_worst,286,roofInsulationThickness,0.1947062270800404,-0.0014165599131956697
detached,He_worst,286,slabInsulationThickness,0.092184612395228,-0.002323271706700325
detached,He_worst,286,u_windows,2.2327759245070897,-3.10770956275519e-05
detached,He_worst,286,g_value,0.4154681534695688,-0.12089677155017853
detached,He_worst,286,roofAbsorptance,0.4491901728869033,-0.023300236091017723
detached,He_worst,286,flowCoefficient,0.0031863362642622,0.005337434355169535
detached,He_worst,286,wof,0.2918284207024562,0.01684744842350483
detached,He_worst,286,fixedShadingDepth,0.3945965827764047,0.028190094977617264
detached,He_worst,287,width,6.29482902103743,0.023682693019509315
detached,He_worst,287,length,7.437487131846284,0.017306683585047722
detached,He_worst,287,height,2.7359930385241205,0.004666263237595558
detached,He_worst,287,orientation,131.17673879186688,0.00410350551828742
detached,He_worst,287,wwr,0.3778658248490185,0.22993704676628113
detached,He_worst,287,wallInsulationThickness,0.1100346151461787,0.0011041411198675632
detached,He_worst,287,roofInsulationThickness,0.1756040897181612,0.001037580776028335
detached,He_worst,287,slabInsulationThickness,0.053723836500969,0.0009689621510915458
detached,He_worst,287,u_windows,0.9154457716055372,0.04993395507335663
detached,He_worst,287,g_value,0.4453474908100805,-0.038952186703681946
detached,He_worst,287,roofAbsorptance,0.5846897528836641,-0.003944381605833769
detached,He_worst,287,flowCoefficient,0.0079403624196666,-0.0014410963049158454
detached,He_worst,287,wof,0.624163380723733,-0.03354790061712265
detached,He_worst,287,fixedShadingDepth,0.9740176156544856,-0.12403995543718338
detached,He_worst,288,width,8.996016384567005,-0.016886232420802116
detached,He_worst,288,length,9.997405758565208,-0.013616301119327545
detached,He_worst,288,height,2.89930200128436,0.025382541120052338
detached,He_worst,288,orientation,262.7455535493952,-0.006366068497300148
detached,He_worst,288,wwr,0.2332078696600501,-0.04521341249346733
detached,He_worst,288,wallInsulationThickness,0.1701718813541592,-0.004598828498274088
detached,He_worst,288,roofInsulationThickness,0.1566674920091884,-0.004820139147341251
detached,He_worst,288,slabInsulationThickness,0.0438767016806086,-0.0014216013951227069
detached,He_worst,288,u_windows,3.0227201802468677,-0.009651913307607174
detached,He_worst,288,g_value,0.4638200543662445,-0.02725127711892128
detached,He_worst,288,roofAbsorptance,0.7654473197544747,0.01676117070019245
detached,He_worst,288,flowCoefficient,0.0100920110252019,-0.0013195369392633438
detached,He_worst,288,wof,0.1642532446542252,0.060669999569654465
detached,He_worst,288,fixedShadingDepth,0.6231764641009283,-0.03001062199473381
detached,He_worst,289,width,8.888553137263246,-0.016108958050608635
detached,He_worst,289,length,6.153391914519364,0.03960003703832626
detached,He_worst,289,height,2.9926113155948513,0.028182953596115112
detached,He_worst,289,orientation,36.249760920734424,-0.0007906382088549435
detached,He_worst,289,wwr,0.232786814455684,-0.049104880541563034
detached,He_worst,289,wallInsulationThickness,0.2310028440247893,-0.0070368447341024876
detached,He_worst,289,roofInsulationThickness,0.28502127875973,-0.005261523183435202
detached,He_worst,289,slabInsulationThickness,0.0901765391314101,-0.0005244453786872327
detached,He_worst,289,u_windows,1.8194320003767248,0.0036557503044605255
detached,He_worst,289,g_value,0.4759459326725506,-0.013629245571792126
detached,He_worst,289,roofAbsorptance,0.6360418962327655,0.005042809993028641
detached,He_worst,289,flowCoefficient,0.0118589338127313,-0.0005260106991045177
detached,He_worst,289,wof,0.3945529221323387,-0.00902873557060957
detached,He_worst,289,fixedShadingDepth,0.1639059478859393,0.05854354798793793
detached,He_worst,290,width,6.241960005906613,0.029902387410402298
detached,He_worst,290,length,10.399629191334888,-0.015101187862455845
detached,He_worst,290,height,2.8831521889224567,0.03667985275387764
detached,He_worst,290,orientation,182.0303542420824,0.0036182452458888292
detached,He_worst,290,wwr,0.3893387920102038,0.24635130167007446
detached,He_worst,290,wallInsulationThickness,0.2765961269867158,-0.0030964615289121866
detached,He_worst,290,roofInsulationThickness,0.2263723592999344,-0.006811847444623709
detached,He_worst,290,slabInsulationThickness,0.0811994462666564,-0.0009759299573488533
detached,He_worst,290,u_windows,1.6006253230049623,0.009158219210803509
detached,He_worst,290,g_value,0.428158997554932,-0.07657746970653534
detached,He_worst,290,roofAbsorptance,0.6483239736954343,0.003995012491941452
detached,He_worst,290,flowCoefficient,0.0098985746010797,-0.0018097063293680549
detached,He_worst,290,wof,0.660318092457969,-0.032687216997146606
detached,He_worst,290,fixedShadingDepth,0.5707357570475454,-0.010222656652331352
detached,He_worst,291,width,6.327766206322929,0.013646038249135017
detached,He_worst,291,length,9.709561255740937,-0.008600711822509766
detached,He_worst,291,height,2.8062629566931663,0.007222867105156183
detached,He_worst,291,orientation,76.97952428740471,-0.0056927097029984
detached,He_worst,291,wwr,0.1142395852135764,-0.19485020637512207
detached,He_worst,291,wallInsulationThickness,0.204739659205655,-0.004952125251293182
detached,He_worst,291,roofInsulationThickness,0.1420099269101332,-0.0027781163807958364
detached,He_worst,291,slabInsulationThickness,0.1512980693654506,0.0016052012797445059
detached,He_worst,291,u_windows,4.878868059532465,0.000518381129950285
detached,He_worst,291,g_value,0.3477665761621619,-0.07913141697645187
detached,He_worst,291,roofAbsorptance,0.4732068409755798,-0.01213947031646967
detached,He_worst,291,flowCoefficient,0.0045266637316387,0.0004121449892409146
detached,He_worst,291,wof,0.5184377694459708,-0.00990478228777647
detached,He_worst,291,fixedShadingDepth,0.0088859987009255,0.037210024893283844
detached,He_worst,292,width,6.829992378111595,0.009293090552091599
detached,He_worst,292,length,7.769937604531734,0.006174987182021141
detached,He_worst,292,height,2.692364427912024,0.002686199499294162
detached,He_worst,292,orientation,330.7277911299988,0.0066834380850195885
detached,He_worst,292,wwr,0.1315777792265949,-0.23350733518600464
detached,He_worst,292,wallInsulationThickness,0.1753468161027569,-0.005176518578082323
detached,He_worst,292,roofInsulationThickness,0.1115394395719566,0.0021532161626964808
detached,He_worst,292,slabInsulationThickness,0.1658909564387045,-0.0011900626122951508
detached,He_worst,292,u_windows,3.682825049919813,-0.0069831605069339275
detached,He_worst,292,g_value,0.6612518439408488,0.15575148165225983
detached,He_worst,292,roofAbsorptance,0.8968962408486905,0.03872598335146904
detached,He_worst,292,flowCoefficient,0.0047052137884424,0.001860136864706874
detached,He_worst,292,wof,0.7015965227828433,-0.028469135984778404
detached,He_worst,292,fixedShadingDepth,0.8380064281389404,-0.07245541363954544
detached,He_worst,293,width,9.17608742780659,-0.013933108188211918
detached,He_worst,293,length,7.522910208133216,0.008287082426249981
detached,He_worst,293,height,2.890053223881666,0.012916497886180878
detached,He_worst,293,orientation,341.93241124172545,0.004050639923661947
detached,He_worst,293,wwr,0.1764794185296866,-0.1053183451294899
detached,He_worst,293,wallInsulationThickness,0.2438338756033352,-0.007512915413826704
detached,He_worst,293,roofInsulationThickness,0.2754484126886325,-0.00640081986784935
detached,He_worst,293,slabInsulationThickness,0.0938259864107937,-0.0010529009159654379
detached,He_worst,293,u_windows,4.138081428493858,-0.005441468209028244
detached,He_worst,293,g_value,0.2530448573325724,-0.16351227462291718
detached,He_worst,293,roofAbsorptance,0.3659987553754386,-0.02019580826163292
detached,He_worst,293,flowCoefficient,0.0069629536955982,0.0008670152747072279
detached,He_worst,293,wof,0.3586291625460833,-0.0031961810309439898
detached,He_worst,293,fixedShadingDepth,0.2730648640455445,0.02579607628285885
detached,He_worst,294,width,6.539466183380738,0.012589841149747372
detached,He_worst,294,length,8.995885584929496,-0.0012432057410478592
detached,He_worst,294,height,2.5891732551219513,-0.007973752915859222
detached,He_worst,294,orientation,272.74544392965413,-0.006678072270005941
detached,He_worst,294,wwr,0.1703611454099846,-0.09351876378059387
detached,He_worst,294,wallInsulationThickness,0.2355733911807172,-0.008372435346245766
detached,He_worst,294,roofInsulationThickness,0.2899607187356544,-0.007642823737114668
detached,He_worst,294,slabInsulationThickness,0.1296436452805807,0.0008634584373794496
detached,He_worst,294,u_windows,4.34397397761596,-0.004420879762619734
detached,He_worst,294,g_value,0.2678739546691586,-0.1309911161661148
detached,He_worst,294,roofAbsorptance,0.581668287711294,-3.373336585354991e-05
detached,He_worst,294,flowCoefficient,0.0057455777908675,0.0008171905647031963
detached,He_worst,294,wof,0.5513596145599731,-0.012092133052647114
detached,He_worst,294,fixedShadingDepth,0.6730425304941148,-0.017759425565600395
detached,He_worst,295,width,8.03281558570063,-0.00040427519707009196
detached,He_worst,295,length,11.69286220214824,-0.024477897211909294
detached,He_worst,295,height,2.779143976134699,0.007910612970590591
detached,He_worst,295,orientation,106.71514114718364,-0.006688909605145454
detached,He_worst,295,wwr,0.351964470909531,0.1911407858133316
detached,He_worst,295,wallInsulationThickness,0.2044406743443381,-0.00722555723041296
detached,He_worst,295,roofInsulationThickness,0.1583624293686691,0.00022653558698948473
detached,He_worst,295,slabInsulationThickness,0.0958893143044327,-0.0006758694653399289
detached,He_worst,295,u_windows,1.0523541395356455,0.03522263094782829
detached,He_worst,295,g_value,0.38465699906082,-0.12751366198062897
detached,He_worst,295,roofAbsorptance,0.4000272499144254,-0.033025968819856644
detached,He_worst,295,flowCoefficient,0.0062163795169254,0.0026435726322233677
detached,He_worst,295,wof,0.6702099418612822,-0.0411224290728569
detached,He_worst,295,fixedShadingDepth,0.4188818549492415,0.030223006382584572
detached,He_worst,296,width,8.86615059666556,-0.010621171444654465
detached,He_worst,296,length,10.011532250728148,-0.015400178730487823
detached,He_worst,296,height,2.7476889087818397,0.0033625317737460136
detached,He_worst,296,orientation,157.79291357856476,0.0009181696805171669
detached,He_worst,296,wwr,0.1307426952291529,-0.26593324542045593
detached,He_worst,296,wallInsulationThickness,0.2569191540677883,-0.006997900083661079
detached,He_worst,296,roofInsulationThickness,0.0557652628353415,0.01587224192917347
detached,He_worst,296,slabInsulationThickness,0.1207022404713503,0.00045114997192285955
detached,He_worst,296,u_windows,3.7677751865662215,-0.009228970855474472
detached,He_worst,296,g_value,0.6100336358629861,0.1344938725233078
detached,He_worst,296,roofAbsorptance,0.5916781705594572,-0.0025156759656965733
detached,He_worst,296,flowCoefficient,0.0017930952062434,-0.003474159399047494
detached,He_worst,296,wof,0.7481828627015619,-0.030015626922249794
detached,He_worst,296,fixedShadingDepth,0.1713827324247793,0.05131160095334053
detached,He_worst,297,width,6.992881969489604,0.014667446725070477
detached,He_worst,297,length,11.822393233695,-0.016993282362818718
detached,He_worst,297,height,2.48729810755761,-0.01765945367515087
detached,He_worst,297,orientation,197.14728999726387,0.0037126666866242886
detached,He_worst,297,wwr,0.1461100578258411,-0.2862122058868408
detached,He_worst,297,wallInsulationThickness,0.15682373079605,-0.006713483016937971
detached,He_worst,297,roofInsulationThickness,0.3389152929328336,-0.0049684615805745125
detached,He_worst,297,slabInsulationThickness,0.0716776162325283,0.0014940385008230805
detached,He_worst,297,u_windows,1.232451119933613,0.02012799307703972
detached,He_worst,297,g_value,0.672089324398697,0.20129285752773285
detached,He_worst,297,roofAbsorptance,0.6165934804748312,0.0012186443200334907
detached,He_worst,297,flowCoefficient,0.0031987720849056,-0.0012513708788901567
detached,He_worst,297,wof,0.6713808362803562,-0.03774229809641838
detached,He_worst,297,fixedShadingDepth,0.2587399003153002,0.044150594621896744
detached,He_worst,298,width,6.402552359471962,0.022580021992325783
detached,He_worst,298,length,7.344366494622126,0.010655677877366543
detached,He_worst,298,height,2.694744942031535,0.00344765093177557
detached,He_worst,298,orientation,161.37249965906793,-0.0009413987281732261
detached,He_worst,298,wwr,0.3149443854201452,0.08533293753862381
detached,He_worst,298,wallInsulationThickness,0.2664275969572821,-0.0038372729904949665
detached,He_worst,298,roofInsulationThickness,0.1931026788402849,-0.006282268092036247
detached,He_worst,298,slabInsulationThickness,0.0865123924956575,0.0006890074000693858
detached,He_worst,298,u_windows,1.612424854558664,0.004104959778487682
detached,He_worst,298,g_value,0.2936150080225762,-0.2252194881439209
detached,He_worst,298,roofAbsorptance,0.825163790308578,0.030188072472810745
detached,He_worst,298,flowCoefficient,0.0021682221320481,0.000349029345670715
detached,He_worst,298,wof,0.5026188074709245,-0.02483978122472763
detached,He_worst,298,fixedShadingDepth,0.3018192882955841,0.036388106644153595
detached,He_worst,299,width,9.399679455039632,-0.024834757670760155
detached,He_worst,299,length,6.7150022558981926,0.022233430296182632
detached,He_worst,299,height,2.833349739381142,0.012916099280118942
detached,He_worst,299,orientation,137.422938499622,0.001437211176380515
detached,He_worst,299,wwr,0.2920258911006647,0.09248477965593338
detached,He_worst,299,wallInsulationThickness,0.2042512011669963,-0.0029315040446817875
detached,He_worst,299,roofInsulationThickness,0.1266165971015722,-0.001820645877160132
detached,He_worst,299,slabInsulationThickness,0.1180752118106385,-3.984015620517312e-06
detached,He_worst,299,u_windows,4.882310279817181,-0.01082439161837101
detached,He_worst,299,g_value,0.5861554962231659,0.14090463519096375
detached,He_worst,299,roofAbsorptance,0.6333149896610388,0.003384081646800041
detached,He_worst,299,flowCoefficient,0.0060903420563485,0.002282828325405717
detached,He_worst,299,wof,0.1521121193471071,0.10081955045461655
detached,He_worst,299,fixedShadingDepth,0.8316560865853119,-0.1121373325586319
