run_id,width,length,height,orientation,wwr,wallInsulationThickness,roofInsulationThickness,slabInsulationThickness,u_windows,g_value,roofAbsorptance,flowCoefficient,wof,fixedShadingDepth
run_0000,8.290452087902889,9.418683364680744,2.7012424206240264,22.194473754769316,0.17963587339781686,0.07815353475901266,0.028126314798426567,0.1023603238909987,3.7187309613713815,0.2848874035155261,0.8851887605927302,0.004179402792561333,0.4679746472079719,0.7780886191933646
run_0001,9.687113171602345,11.273318283834646,2.4313336245638952,45.528512893901244,0.3817258553242011,0.22146340866212733,0.28308931074223614,0.022126320033027662,1.4972615341487707,0.35827671971966946,0.7071664849508779,0.008137929487106815,0.2506866476486955,0.5649780981171063
run_0002,8.979691421015865,8.964950853140273,2.7807765713532278,348.12584824816184,0.1899511261962793,0.019661283342624944,0.12291119718066768,0.08645700022088698,4.953527164838795,0.4316310737684435,0.7427319271952848,0.007216816023029245,0.2286469968283947,0.2640836609019711
run_0003,7.676599469795995,7.232062900075854,2.5506503220595813,86.97514241565057,0.19684187824314547,0.0753531924249301,0.18966409448060403,0.13519672351405712,1.5093801927748025,0.24724815943256226,0.4107639226867493,0.008971343320288743,0.18410319211748077,0.9316096354844889
run_0004,6.967082168448924,9.65529377641214,2.9666580609005617,293.91938458676356,0.26459973955573146,0.03458169105010925,0.1259831491326968,0.1743723251085455,2.048167091527999,0.5878616051498354,0.8092322378517764,0.011266828274460655,0.6354892137579014,0.9212816413053838
run_0005,8.763570830654361,11.950774414068826,2.4951439790780197,172.39789089254424,0.2802912545887467,0.09579919933565681,0.026414791014362914,0.15034711793110095,3.608630232480084,0.5715540254477234,0.8134007059379018,0.005353764872262079,0.4511150928653669,0.6529165135400461
run_0006,8.951954575853733,7.490729856417673,2.757683292194821,328.9568620985548,0.35722580923314506,0.19248234850761,0.1692752492833091,0.17599384956436764,3.1909630718212947,0.3294047446934759,0.4391095463732556,0.007602033445737845,0.5044733655863063,0.015456175040341951
run_0007,7.119763988195759,7.458114307006351,2.781327425792788,263.7540527159141,0.2556601195057811,0.01275946942528458,0.3159109529781055,0.07804689543202989,1.592856340845498,0.6129319396095386,0.40797108271135396,0.0017155356868190088,0.25384047829855827,0.13939881831760237
run_0008,6.413388086751699,7.798262341293174,2.585346968165118,108.38580942886335,0.3466362220705248,0.2202906778713871,0.09772978488103654,0.15510040566013328,4.024373394265283,0.4433375383496113,0.48717466670365805,0.0022737130592880616,0.7100354350391483,0.3717530045903777
run_0009,9.053340277575334,6.722566427433402,2.548768979109683,206.89422397700804,0.3860244110547195,0.21504085758283537,0.22608057756479866,0.01547704736856919,1.2103590774678892,0.5607442990322425,0.8178124322360276,0.0074268473310968135,0.6089760426704625,0.1924586350000388
run_0010,9.471026683338323,11.662527879016936,2.9532186520635073,266.4770889505723,0.32162897658984146,0.2832862885288517,0.2683711200379318,0.1465605361217652,2.1598782859333596,0.2984945969800299,0.7443521124227418,0.01004807111575488,0.7040509128188506,0.8542229819282305
run_0011,9.50978284851773,11.01698327972088,2.8940156298648483,327.12130392575546,0.369590950807857,0.23130354611367193,0.33503249209628216,0.18195797887471193,0.9759165506191207,0.6642406468609559,0.8431335442591825,0.006525459927438756,0.3198595735899037,0.5600958742639679
run_0012,7.065365722214354,7.329141301814791,2.717912724648558,56.60728971673829,0.1751116052364149,0.0791742736823429,0.09436075122964291,0.09663573349115773,4.345986296173994,0.5097519061089859,0.4407324968201235,0.011792382655892986,0.40908822262819255,0.24205327668015106
run_0013,7.638962283279227,6.629052212844508,2.9298683962703667,57.3009009726298,0.17389395134066896,0.11018130233313107,0.16007864668815575,0.08920506625098733,3.822032692383879,0.4084397573562486,0.8657631726202766,0.010961428880303312,0.3442463504891814,0.719910365845921
run_0014,8.12680123441696,6.279376313877488,2.5985410696002855,64.92414173887798,0.15463338927426384,0.26969908516822116,0.3049061295572421,0.16493132973725766,4.319570733795813,0.36819258599250027,0.697160453334664,0.01191927287729513,0.37050735862338,0.6897468350341897
run_0015,7.108611475128714,6.493256650172337,2.557740067304502,196.7752575852872,0.3508426889305577,0.06919784731943224,0.1775662031153719,0.15049324338865322,1.1382521186428864,0.36340060545154373,0.3251097153924657,0.005342312787750566,0.7756179975255327,0.22152218837147652
run_0016,7.113427107546236,10.092225574712064,2.798092542152584,352.52006435238116,0.2542549037332479,0.21399964487645612,0.24808969481547705,0.06363518413966494,2.2280709129844993,0.6001009893616913,0.75482009303352,0.005874076014964129,0.27553641643945564,0.8751076182753739
run_0017,9.245964326432047,6.926672568009703,2.4603511714155353,103.89657292410146,0.14286510388870505,0.07227303840936312,0.3265015224291362,0.12515256479939127,1.0780334749695888,0.45114685710768154,0.6739877447869779,0.0019106576485249456,0.10677182414104702,0.7530662546841238
run_0018,9.521092206235847,7.046256481311146,2.7872290012911005,246.64571742955619,0.12012751468548642,0.28200473467842113,0.10298918418574476,0.19747352880194316,0.9340930361871954,0.3587938339523859,0.7607068995978229,0.0044917087043686585,0.4783776603346295,0.7174172341386323
run_0019,8.857430559835324,7.745539159814424,2.5220653529809005,290.6961933570594,0.2094916906886254,0.17962467698671433,0.14881632543594808,0.020488841337469456,2.342070499493721,0.41790159238579194,0.7760046026709144,0.010501225105696378,0.32649374827021793,0.8710744341865888
run_0020,9.279913049875974,7.0224555047712105,2.4449289765386686,316.3951102363502,0.3783143151022387,0.237009641948273,0.16084199620551176,0.02687450665684634,3.6906001188076933,0.2707245820242741,0.6414499624338634,0.003590214209734442,0.10772630534584368,0.4964504434292101
run_0021,9.150312850096805,10.059292040568216,2.804706128795824,35.49563534155076,0.2636830783688843,0.19188183992498065,0.05298591309238105,0.11239721754020074,4.67127425712451,0.5558714442824524,0.7779427283567633,0.006183954603489235,0.780615218676365,0.30418021836438147
run_0022,7.357467073364998,7.583580694767138,2.5777566368177927,283.96495991365293,0.12951511450892067,0.0775167107875333,0.24675296122690318,0.10078888792138081,0.8286031254325735,0.634078564163636,0.8570109370576287,0.010372281281403065,0.12942927819316163,0.35075954478585
run_0023,8.817343277589991,7.85539369563051,2.609145431853368,18.96253427869918,0.17427934122580796,0.11200275526997046,0.04407215088524401,0.11760762521665266,3.9736567243591487,0.24144939885171857,0.6054915605613544,0.004806766045124207,0.6942537640069445,0.341692810129729
run_0024,9.74180980850354,7.926822853115185,2.999674652034353,18.551530831913887,0.17002938881049434,0.15544096236434318,0.30095735632138615,0.07577860020957569,4.826156489380278,0.6280512212902541,0.5115161918811548,0.008687606391553884,0.7220934734366247,0.2064524754012178
run_0025,9.930767668599952,7.4004861260877215,2.9593305148165583,359.5369625074739,0.2814301022270529,0.10141921839255058,0.1753508624491239,0.017524071751931353,4.299666478247292,0.5628501016396193,0.31862062912929295,0.010008341465263242,0.344609013751935,0.2304561454940446
run_0026,9.03068427342992,11.91174417509763,2.8644677035751576,2.219178345604453,0.32899995433625084,0.22896473685063257,0.184288588526101,0.026694299180613536,1.212935196762679,0.21942139000494895,0.6176527165054124,0.003452187191451018,0.1021223553878185,0.11378104798140062
run_0027,7.055233360354445,10.224810942873969,2.687834102080424,3.971494802369077,0.2413329547759136,0.22641549141320194,0.10700134158555935,0.01323127000323219,2.6023927035043926,0.553262201334999,0.752664456426835,0.011566322064764451,0.40742702414060306,0.17043903916083245
run_0028,8.860823484000061,6.141941710904684,2.7740963091942334,319.4182227668685,0.12147619007332056,0.26240217294132506,0.1666254859367077,0.19112298015792856,1.7989659524779706,0.2767703895261211,0.46776561178937054,0.005982391763739521,0.3639010378697569,0.6030603999878461
run_0029,8.203432183124272,6.408489310261017,2.8640680741404387,300.7801611485146,0.15060014728958404,0.017010731872743975,0.04529780338186508,0.014094781827104821,0.8776391010432707,0.6886897929854896,0.5132570934374501,0.006105227776326193,0.10448062852047549,0.48804468088643455
run_0030,9.668687461921344,10.901891511868516,2.8763983710497616,2.690701574937408,0.3841591112233529,0.23332878513742536,0.33419873516664805,0.1568843061599223,2.8326798129256785,0.4407997590365896,0.7809216613709484,0.002827253403804926,0.1855056577256075,0.30858100989067233
run_0031,9.537919697400906,10.136394653667843,2.459962522896208,328.76918442176526,0.2426882217807507,0.11445364828253642,0.05622419119628868,0.1973252547657181,4.009357295706937,0.6594517396272828,0.32691877237460465,0.0012435955241649529,0.4325069283252855,0.8266942281970115
run_0032,7.101890999370017,9.067151073090217,2.792387294834526,7.400853771953972,0.39134356325723496,0.15787489646226874,0.29717259533655355,0.07068756434325638,0.9344419429229363,0.6833853598393853,0.6243647757154975,0.010670999754118407,0.6342496553975144,0.5509274348726675
run_0033,6.426107951092884,8.399095972102456,2.890326594835258,76.37404032997397,0.3856526150267132,0.16878361381059415,0.26710087866413795,0.17335170648984755,2.5316515277794442,0.6051314578176292,0.37166423474214066,0.009876262479645698,0.6217526735589766,0.8808476476981195
run_0034,7.737144193572638,7.87316703735889,2.5900096112647746,21.7058740386146,0.3039386825335857,0.05056844386362894,0.2251044002346335,0.14581988111342487,2.6836242743480176,0.39964539998896076,0.8170577601974731,0.006487759239224876,0.6373996397234072,0.815217114049784
run_0035,8.61459599563778,8.302056154553396,2.6755042700830436,4.263081452671672,0.18898188516670214,0.05719037406437804,0.34034239454328324,0.08670052881431059,2.8866426195976542,0.3393718151888483,0.8820789882934554,0.009492624784123018,0.7202276299809467,0.3267481835374085
run_0036,7.970959449770519,9.32460038876771,2.8781056647924768,130.70927117477788,0.2974758787530224,0.28867320077497133,0.09470079038860063,0.12762501064495127,2.1354833073744954,0.42267984714096657,0.6262997609878496,0.008935548530551445,0.3630901373205693,0.23612865371663744
run_0037,9.99797063431288,8.784518479726438,2.9685430355929276,53.21299291682552,0.20017695806514094,0.09937787814084796,0.34868055320967195,0.17944533266069757,0.846287298720108,0.41900113388185406,0.5415683685325936,0.004083789711695436,0.3472093172327919,0.6106472968172579
run_0038,7.4432243166096725,11.548077334096241,2.914196781706507,123.8023696214516,0.20192123675455492,0.24154125606088253,0.23346054013397002,0.02284055109239773,4.405722820694365,0.4048610076429929,0.7074482790807356,0.010399553230846206,0.625650441439001,0.4482758771933728
run_0039,6.117214854568316,8.36975985214906,2.4861734009481613,184.78191977508192,0.29852960095987147,0.23356815241879708,0.11012059941901248,0.09740882515589515,2.918806236913154,0.6534417869287641,0.7667123822009057,0.002119303913516791,0.6993447441894448,0.6957533550120746
run_0040,9.719831769330886,10.427268997637833,2.7105469234845714,69.00523403391388,0.3462026276424799,0.10589282052797404,0.322413528259406,0.18403447969423645,2.2209301223916413,0.42886511814118455,0.8518984630550108,0.005582355366196921,0.23983109962199448,0.8521156862052703
run_0041,8.964295968966237,8.27248562555129,2.4921271343268385,147.49431769070333,0.16122245885517497,0.12392061433463922,0.1578439422442386,0.048899515951104575,1.3394795425966182,0.45090036187332455,0.46382479869823456,0.0025310304226779943,0.728187872696147,0.0853305721821952
run_0042,6.171616793980674,8.114925530604605,2.9232217618624485,85.77932268091375,0.2421538697391369,0.18724822080722411,0.25981131140085234,0.18667358789987296,3.049723629722033,0.5380915575567327,0.7521054582157373,0.011815088032596881,0.5936828729442304,0.587119283718408
run_0043,8.882193344256072,10.962837912159845,2.7183110366329353,163.65923906926713,0.3592199797842608,0.03274845490967837,0.1439934828057635,0.0527081915735449,2.898838482014936,0.5460864743976294,0.6720090554649883,0.0035575848205521257,0.7785491201140792,0.7546331232512811
run_0044,6.030500032924129,7.408960521416061,2.7665628390675407,74.51262954714856,0.17818339853087065,0.23844899353743657,0.23202734972245703,0.1662308275216616,3.706446374343945,0.2801471059994515,0.6879618953548321,0.007786533494002285,0.7588555884014518,0.4235989701065071
run_0045,8.86615059666556,10.011532250728148,2.7476889087818397,157.79291357856476,0.13074269522915294,0.25691915406778837,0.055765262835341535,0.12070224047135038,3.7677751865662215,0.6100336358629861,0.5916781705594572,0.0017930952062434136,0.7481828627015619,0.17138273242477936
run_0046,9.23475620445325,8.418425624086126,2.508898649962518,160.10736671841906,0.2554484068900954,0.05436570694307635,0.11528477972189755,0.15051491468626854,2.3231896131014027,0.6301905854091598,0.8817441656611105,0.005013085827171247,0.7258513293650997,0.6038505281744405
run_0047,6.820819359498234,10.267809179796757,2.7896175524847733,47.00041963880906,0.15787186094770908,0.1939927023192708,0.2340819368724863,0.05581682428097405,2.54760439362745,0.6967503141574833,0.5003110913828966,0.010474256319268776,0.30715211255268965,0.9297125640351885
run_0048,8.104004839925475,6.9038973569696385,2.442121436147876,172.18937356327407,0.3539627051859572,0.28687794709356107,0.041065665376586624,0.12320528904599609,3.95405894999542,0.5761995052405777,0.6185946993657001,0.0052875069604592494,0.33847791090726687,0.21832835376881055
run_0049,8.24315923645699,9.960122372181466,2.6046744110635274,309.3226458053499,0.21185731886873327,0.0980299354641779,0.22142429671850686,0.1143740924406009,4.519290963889712,0.4231176144861787,0.4245773046151746,0.0019702509036320995,0.5771712962768467,0.4818503083542426
run_0050,7.659517255876747,6.671032522958494,2.600353367530775,238.1626234142477,0.1584575129600125,0.16303858403780994,0.1893213041559145,0.18168553670960932,2.1178793888569736,0.5758809356728533,0.7329015894753195,0.0025362897138766155,0.5445648765449088,0.8115487230153904
run_0051,8.924424820327541,10.787444461965139,2.5726313487798786,50.201659051683386,0.12135206168101541,0.24954647433291274,0.29954168103955126,0.16813386761317758,3.7777247302220225,0.6730100563694177,0.46286909919476094,0.007445774064986823,0.6368138766859733,0.8634672347830408
run_0052,7.453089764315177,11.443451736596229,2.4503062290152915,196.1908271131365,0.3683332599447626,0.08418424686519146,0.09275266412674069,0.042043671976067065,1.3476652568627978,0.472424482107804,0.5275817622668466,0.00902220864701812,0.4184994187523139,0.7474439648145006
run_0053,7.288274470872518,8.693996300812465,2.719047549793256,296.3718896388287,0.29660003587584843,0.27702745758207875,0.09182315556515191,0.1439650856479096,4.125853268058829,0.3831693773897581,0.3449272551440915,0.0030048607512969693,0.14386085957481942,0.5813858735622683
run_0054,9.99533852851589,8.487208846147233,2.8787854292130457,243.09706147105686,0.1736932662937605,0.07334318416832415,0.1645798017217491,0.18925187048969436,3.9081704712935856,0.5992476850545447,0.6998435034075566,0.01054782794067904,0.5308112796863532,0.4576899253566859
run_0055,9.383516722182522,6.214292363848708,2.42952294138517,106.40710164004383,0.2949992887910633,0.04235626142839536,0.05723689314845561,0.01273953936882003,4.727476831484916,0.6637861271145523,0.36442372095487374,0.0066544466347550355,0.5870409398993955,0.35769828777283336
run_0056,7.5920307009327646,8.620915391764083,2.762756052196254,40.80268815879088,0.28393011797166384,0.1665128935817649,0.19851484219952584,0.036180667521090025,2.2735329651678367,0.6057304729017299,0.4043910495689701,0.0021805943673952606,0.2417433380482639,0.2204172561212091
run_0057,8.352549633358297,7.73487572629295,2.8557784258840626,199.3829124291966,0.10346649708143235,0.2278488945705359,0.15952952071946613,0.11002134672716173,2.6906444996034478,0.3799567640158895,0.5824478121895253,0.010592045240382392,0.3278485973383434,0.4009917100990512
run_0058,8.150013830836139,8.050246083497598,2.9675619270073446,78.85848560404426,0.3502179429549809,0.08793225094009884,0.19698645879514762,0.19607904721680744,1.8393939086376188,0.6861013580977773,0.8726115734420392,0.0014913500842433682,0.45600731418810514,0.2714909197280428
run_0059,6.630808572450628,7.64930615838094,2.427937833450629,162.85434038881888,0.1344083844800147,0.155209736578187,0.051585622943740375,0.19870062602745803,2.923675883767098,0.5228582655511702,0.8067724733288446,0.007292091206082038,0.13695325466423472,0.3627427084740572
run_0060,8.331975060244117,10.161611914331068,2.753543930979886,183.88656694253507,0.18683588920553662,0.22461599981885705,0.03436081132349341,0.14208015474817012,2.080686314271627,0.25775961259261476,0.7211464674714535,0.008440402519039054,0.7716993559988048,0.537043708627929
run_0061,7.483575705184953,9.859590597335476,2.5437799515286312,300.261894167914,0.16774314209574442,0.054875032174406826,0.1834794710832905,0.07196554208221798,2.3628557837269453,0.3371075165453396,0.6833686154709586,0.0017595281469001706,0.33104704961123765,0.7631009512820908
run_0062,6.395800275045678,10.346386807898757,2.7345769198904675,168.11583478297527,0.326203116304944,0.2803703140213484,0.3066581117132752,0.19060568074659362,2.985271277234885,0.49892021687785004,0.32051737766133054,0.007074304558444385,0.5258068010078314,0.9106991126220662
run_0063,6.5621292372608675,6.65259707923012,2.866440977345775,291.8921029230811,0.2605908839526111,0.2904109892395112,0.23963603338115988,0.1130099666030276,4.144587096716162,0.654011275402036,0.4712269209763924,0.0014834559152219235,0.54773627340295,0.5710594819740411
run_0064,6.645443773286257,7.598393735695064,2.5739442701595387,174.14603778575403,0.34517973750381303,0.09522238122322109,0.2754051593684892,0.183329258322669,2.0453854020699653,0.20033687019981183,0.5431513480330115,0.010024891193592837,0.22416164729830765,0.05585261302521272
run_0065,8.416470392894785,11.013369867608207,2.81102950744393,72.54277765051486,0.38290264499753435,0.2820268151257486,0.2937633289021682,0.10973690961408684,3.6280606202944004,0.3626117754364839,0.8063709066333884,0.007551348116732087,0.707034135337323,0.1877288177988489
run_0066,7.807669377353266,11.8702402335768,2.9543519063925054,265.52665203159694,0.2577123658209909,0.26538340623300966,0.10051439465977713,0.19188973099947662,4.159149804574704,0.5940599962570638,0.6093682941036976,0.004364862525598673,0.7821704614001417,0.6939396723312782
run_0067,9.522207755835153,10.055698813063051,2.5841206380566546,189.7476338635078,0.27472307618914815,0.22178503264996005,0.09317689786375907,0.0582367003975628,3.5432084850771943,0.6285371663376494,0.5961376274580434,0.004540133728198449,0.5485142023619992,0.4403757967980672
run_0068,8.7435104069969,10.925516237811443,2.4798179942967575,137.720162010851,0.11818339619300086,0.03515493907941328,0.04555777621372932,0.18047467416171267,2.4326732071714883,0.5631413592288255,0.49226047355013236,0.007351808848809224,0.314566712599454,0.48875898462020684
run_0069,6.0660935889501895,9.27250926936687,2.558533675034388,230.54261089439672,0.39501202230908106,0.10613064208607961,0.2827056700870047,0.14319789940127525,4.157224780717887,0.5643479676970213,0.5635604957604032,0.010644797518151151,0.2478638398680289,0.07540638052769233
run_0070,6.740022792202961,10.40454507639389,2.4609775156101805,185.13562332653748,0.31627706843168113,0.19604650345055033,0.08913202460155045,0.1675052398644788,2.605280952278698,0.444051385742376,0.35711318737650355,0.010829870387783904,0.2491722276156482,0.47039402269445973
run_0071,7.378152433367814,7.285686031191239,2.4175082959052205,354.41958442093437,0.3697009947252383,0.08158927002403518,0.1637649147451872,0.16946146510605403,2.4692290368799177,0.41371191832246057,0.821510315156091,0.007482338899346363,0.15287735164244576,0.785840421752696
run_0072,8.152547639743233,6.592616701709535,2.7367020146096612,279.79205483579113,0.28592908240408615,0.10034224114127946,0.2126318090330523,0.11495816262738132,4.981776002472152,0.442538498109673,0.8243879238780181,0.0017565270202136753,0.21518762930860946,0.6516251906905386
run_0073,8.996016384567005,9.997405758565208,2.8993020012843598,262.7455535493952,0.23320786966005014,0.17017188135415928,0.1566674920091884,0.04387670168060869,3.0227201802468677,0.46382005436624457,0.7654473197544747,0.010092011025201995,0.16425324465422528,0.6231764641009283
run_0074,7.9913152751334,10.594775529995307,2.5288679849675297,47.85735473670379,0.14528624144814117,0.07471821396114371,0.32373097836751924,0.18160202357715005,0.8314584904647804,0.25991836328933204,0.7766406570458224,0.011060720167176009,0.3285987793595114,0.05987665981138693
run_0075,9.652664301682304,7.970611911589625,2.8118174542423193,353.49504219067796,0.12800747188501013,0.17259216320063436,0.04841457187709489,0.13813576037124722,2.676261634026604,0.28532465222468917,0.6750141232594543,0.01094064466734412,0.6508107125741405,0.47418726092154306
run_0076,6.6993590176766435,8.004071614827925,2.9707800971594507,294.17662301026303,0.36249651586264797,0.19902199109031046,0.19109529501283506,0.17894702839277885,2.733167719938568,0.3050160156251411,0.4248438046871558,0.0025217278137939737,0.2835594080592856,0.13825508787195379
run_0077,9.89273559499977,10.414997666199124,2.90422673849977,188.83571906965403,0.3103114188250753,0.1657527181815645,0.13452854178000076,0.03557922580505093,1.8063941988200198,0.5688093524770093,0.6988558177107174,0.004594489512930171,0.46601592080334786,0.9541775904028204
run_0078,8.669421359727796,8.969226574770893,2.6653242115877713,355.0662031701195,0.3836171715086809,0.14560167187757084,0.09522265738811464,0.16663906854563063,1.5160842352311201,0.49141596750786765,0.7044607467492958,0.003233884543735711,0.2462515848254594,0.3151128320494085
run_0079,8.733768591665381,6.61982981222953,2.4156004171454963,277.7053336518185,0.11437690546261337,0.2677486939517807,0.33267430386452984,0.16932137442567075,4.603140275594381,0.6332325898408522,0.6608586007447956,0.0056101509411435714,0.5850052787467053,0.5190575754702468
run_0080,7.848673093485542,8.960664465592858,2.536250241214523,122.18825585159854,0.3055864756907981,0.15201993318535892,0.3104311255007744,0.1747598145230166,1.6575293578567747,0.495751989498618,0.5412001734272327,0.005562159473285504,0.1461666803195637,0.46913607835051563
run_0081,6.044046671843567,6.023045020837113,2.4343616373342485,61.66354015353322,0.2064922871268165,0.17969752165747258,0.16501758262455135,0.04745019093191001,4.891152547841908,0.2940446923033505,0.39377500020058803,0.005293731498747675,0.11548791272711653,0.24159930528307866
run_0082,8.969017485107218,8.334320906941391,2.8568568273911765,247.70176761966135,0.39398558571505427,0.010557738799302082,0.16287575099784296,0.039823585744382196,1.7112891050870598,0.5562498703139586,0.7027691050020917,0.011555739568652891,0.3061378065774021,0.7081738711967671
run_0083,9.800353745365168,11.981495997454267,2.4578559408795533,306.0250558247483,0.2747765313085075,0.18711185344389172,0.07589188001961472,0.16398618817264468,1.2464715888123288,0.2590655506109734,0.6203227644122028,0.007672862190970615,0.5527235374884633,0.4071248670060259
run_0084,6.801070640724285,11.767896286979333,2.5070342432350565,163.9424917185417,0.1372372763784143,0.29476275799953505,0.03246102786810697,0.1620782523203229,1.7551317723259467,0.3192942230942983,0.8347804480129577,0.010262052863484517,0.2032019760597733,0.10667323008715317
run_0085,7.979102540985597,11.45282124546991,2.523637474740284,42.84439278375089,0.2584190711561839,0.20528711640153993,0.22467662033780353,0.031027672981485968,3.5482929244785604,0.35781631871730485,0.3076300738047571,0.011826470001773302,0.6016100085763065,0.0036447336141286614
run_0086,8.645946844470005,9.191851622588562,2.7925195324642633,245.97248542638798,0.3113109723016986,0.09374929486733934,0.30957683957320586,0.0550464719089575,1.636721431557431,0.6344036576297857,0.34551879097155147,0.01187612944841077,0.6140398376335024,0.8792179524314764
run_0087,7.004646695234981,8.198801762367243,2.958899679760493,195.26179011500864,0.1442658232753422,0.17462628783933185,0.2729470564428102,0.05646542492362676,4.0330130925253975,0.5591309770608304,0.5304193374168472,0.01170267282319299,0.30922468760388,0.7877071143374227
run_0088,6.837609026980836,11.583961418972374,2.881435772313199,262.4221517452922,0.23586895222605392,0.27108370356503053,0.3483463775263843,0.012172204257632283,1.0438934080389402,0.39716990069910063,0.6520917723940446,0.0065051960127477425,0.6014249206317743,0.1528675964113392
run_0089,7.088779029865316,9.734383829106982,2.8284334903640813,28.452660008234478,0.19748502534142348,0.020134426571338154,0.16586875945380694,0.08803114092065051,2.44614386517516,0.4487869044205174,0.4305737185455186,0.0036244910512796906,0.6447658788155899,0.5260016613942404
run_0090,6.069911649794111,11.182796205107442,2.784502818999319,60.30924381023171,0.21331347085622537,0.10369810231001052,0.16992231955603046,0.11355202975632946,2.5545528569515596,0.26937658198093234,0.7803087345814363,0.007575905972013306,0.7050108662414057,0.2627076236485975
run_0091,6.025743894778905,7.847036743120764,2.9123420375032665,39.76140897376073,0.22302007830905038,0.0869095469809115,0.2347292156713767,0.11417617640915015,4.795393810092257,0.6868417127044637,0.5064219691825533,0.011406369712091885,0.4701629778071643,0.14833536877020112
run_0092,9.93309790699963,8.182296197308714,2.457461454626565,111.12142438623299,0.21541684014649304,0.16147849624572935,0.2067813187440635,0.10458403368518182,2.5155012564866768,0.5247084843418965,0.6042830658593564,0.009110359968086627,0.403724911359604,0.9002186637947126
run_0093,9.304488920915054,11.675227732912964,2.997351963035423,319.51304912526746,0.12931039082063894,0.14373800258944622,0.15287895640157248,0.14015517561035296,4.530875782058044,0.5295190248998636,0.8332263067425749,0.011119974596606363,0.6494865103002369,0.09415979059716505
run_0094,8.300874663972337,11.345920402688382,2.519476962011633,137.54661383932756,0.3117255373776342,0.1861074651711482,0.038649110619814374,0.05068026827731311,3.6553054962598335,0.39828030909505435,0.6454880818237326,0.0025863920714915313,0.5962053803741303,0.8479197058437076
run_0095,6.3624501841932375,11.842510228563462,2.491939053622874,295.7462251283733,0.21985546301316672,0.040035931892353153,0.14944451348992566,0.18502854409404138,4.185455890408224,0.5956563840158877,0.8831696681502195,0.00617103970403768,0.4456313827570233,0.3457178036598204
run_0096,7.640035711407364,10.540178365708517,2.6863725061843002,192.17340281378753,0.2961373571061019,0.21776783213293907,0.09035835303425716,0.14330041689847223,4.925902766017396,0.3874240508453975,0.4062376997230996,0.0012033681630445963,0.1806678398946815,0.5877681621426593
run_0097,6.248619746460843,8.117509824899551,2.4462995007777613,9.112187878582523,0.24285719278327458,0.11700418622356844,0.2220374693304575,0.017740386165071675,4.8126499145540045,0.45321509408645516,0.6122434577090963,0.011596607224070653,0.17381611644774328,0.3105263401021352
run_0098,6.5131900118770085,11.71557309119248,2.5812076748630672,338.2054676495995,0.38910224957980977,0.2430336456824225,0.1256469369044804,0.08158924251847104,1.4479947396489603,0.37074102527849817,0.6883396197746132,0.009519535513517672,0.5669144523659099,0.8944798003855788
run_0099,9.156588405992741,7.553094705399909,2.5008291032539782,258.1118793457723,0.2894596188846984,0.2299885660171508,0.12491840553788394,0.18479431668795487,2.887747113904914,0.3502110605822564,0.6016395305541073,0.005587463403281667,0.3521513931602578,0.4288013833492636
run_0100,6.815109967890292,6.4708106484878885,2.4375093743035916,217.5640822466854,0.35557159547624917,0.17192352314123313,0.06449328935583012,0.10755604282491862,1.4806786636149476,0.2700730390263996,0.5829509942462523,0.0031011325635279764,0.1749552458705691,0.17252830882436107
run_0101,9.807746129486418,10.284612634304498,2.4898362972917756,216.44217079288563,0.11711516176355193,0.2098140884462962,0.08094796377250547,0.01983412085300018,4.104441551898406,0.42715341463569423,0.6061915202911283,0.0031538467123707354,0.1367185863676621,0.3184612819573698
run_0102,6.658440260312256,7.6036617813212395,2.9817207946534365,8.169800218453087,0.3002447236026724,0.045212159115508965,0.29552905428363535,0.170742305077683,4.646740721125082,0.6753710610809279,0.648019146920508,0.007979625439985469,0.2749172738476158,0.406475441178125
run_0103,8.091692796334925,8.594810014563892,2.7800414627276724,54.97765745135332,0.32321313268055574,0.1251971032618643,0.17634827669703637,0.055770822611097094,1.9386187743965853,0.5923455527728736,0.4215407589512422,0.010273281362911467,0.2314782347284852,0.49895471047073225
run_0104,6.1535481420841665,11.485686475302973,2.9004162919044525,286.31190423197273,0.3490343840179503,0.08720663087963523,0.08688279357480497,0.06953453025869943,2.789428297041452,0.6230817866513287,0.3865695720759573,0.010915242449185358,0.48544733262717055,0.7224155634791937
run_0105,9.83212666061627,7.931436289262891,2.43866780629115,108.09042341357423,0.24752206756028355,0.2967363120273572,0.3392040415329824,0.18147549258518117,1.4352788107133918,0.6738805133548149,0.38447347018118566,0.01124063245834914,0.27829246517909767,0.8103860161138885
run_0106,7.644724782039542,9.158847499614154,2.772605583869624,286.4755790857777,0.18401548669426143,0.20278104362988122,0.2677651962419817,0.02768688971312109,3.209438814167699,0.48555456073810643,0.3391715490409473,0.008349991347906642,0.39090031984867124,0.23718446727856407
run_0107,8.251304652730328,9.772012411216902,2.7348984437434156,30.247094346748806,0.18814436315176877,0.23657336314371047,0.11245553001880709,0.18104695258009945,4.740153196504457,0.6616350726338865,0.5300353514574563,0.008871901378864705,0.5532040956907853,0.8909007081682344
run_0108,7.172746350034432,11.817758190599424,2.8206315936339394,166.45093443046514,0.30173339136120997,0.20662637323436922,0.19901240624819636,0.17214622163668583,3.865388208147527,0.24461765216149345,0.6534351523301898,0.007414316996874986,0.6968521448561551,0.446412409716072
run_0109,8.465284634736948,9.34356478522174,2.6177557722139544,205.33078265361723,0.10880375001940708,0.13105654495124228,0.042460586050064905,0.15499802232133023,1.9359531435738988,0.6028797192245592,0.4740653366414197,0.007007386054290761,0.7867647244163235,0.3422758796834147
run_0110,7.0083588858347206,8.264277740786357,2.7700917568315746,264.7482559962448,0.15032987731908573,0.16190315129674973,0.18421084934358264,0.10331358083262307,3.7120409217785655,0.5091817989174635,0.7292607329007449,0.006162086480640088,0.668643962379907,0.9523153635793296
run_0111,9.16352800547476,11.72471053353054,2.5161209989957936,142.470372266498,0.3390035502364989,0.22911426001989202,0.21041269018393324,0.17419671593395067,3.3349314631202667,0.45277284793836103,0.8889625645536579,0.003934464877349097,0.5227715960998517,0.7364920972222799
run_0112,7.6890455987334345,11.806517056399397,2.566077791283641,190.87772987676757,0.21751717559450434,0.19997369110905025,0.10980734322071986,0.07970860812171997,3.7341346895441845,0.24628804078319408,0.5625015527359138,0.0022106989839098708,0.7293385353475247,0.012842826028685047
run_0113,8.175196676731982,9.587195744685538,2.7334181101805424,324.37101503624274,0.32599830386702333,0.1644892347416272,0.26918935131005134,0.11049386900249158,4.140690110387381,0.6517355136638654,0.7251152119430972,0.003357284162153208,0.40875805768779927,0.21065933526365516
run_0114,6.893616157677178,7.448473613260263,2.868956403539547,210.91235189208845,0.11516300722244471,0.17890469196632003,0.08192737235015114,0.05751762498177706,4.485005961584328,0.4649309481591358,0.6504106443341583,0.003633044713170596,0.437599515032535,0.7432837422033788
run_0115,8.661493930500141,8.469672626740689,2.540168445197031,226.55190275743968,0.1250747311313379,0.13524910413451216,0.066761800311454,0.1773357391006047,4.35321243667785,0.5757403389225433,0.34613760057788745,0.010919145969466321,0.4773665207422444,0.18595547899746248
run_0116,7.721209530692482,9.97575877259811,2.620988537037478,340.1660094443144,0.33157067562589054,0.13188554292589733,0.22755959472534398,0.15374812763030749,1.8927512699210074,0.28082739951137115,0.4479051038485392,0.009440234861078343,0.11910882595886281,0.09953832651613709
run_0117,7.31550824882599,9.054810554261092,2.7741736280585343,153.7023981604598,0.15797976528914598,0.12872591844165837,0.33599487651816956,0.10647593632950604,4.894392197614233,0.5213009848880934,0.839127718532583,0.011946085036670911,0.12860688919458244,0.8743629328031557
run_0118,6.175490543299765,7.496594885711831,2.612116860489569,16.307631396331725,0.20526629657881812,0.15429723269767628,0.2410601307633181,0.10281166390294458,1.295259922702476,0.49809018741491096,0.4053651284177485,0.007208339860863311,0.3418789115437569,0.4325745014399739
run_0119,6.726303238491878,10.526317016559602,2.5724848392034048,357.6838637628931,0.28310412996568923,0.12214025712472981,0.04193900538139863,0.15723781214044147,1.50396023945551,0.5927653721352597,0.8184814875102762,0.011623573274883354,0.335943162651437,0.9862362711849637
run_0120,8.432510458144368,6.639538482168424,2.6337751941414904,235.56818612231132,0.21413232341486416,0.19687044091324252,0.09511828282274068,0.18066699869238217,4.50317644686644,0.518151224540613,0.8466639325855652,0.00795247765437309,0.7467136462312822,0.06863173839114906
run_0121,7.13264405629491,8.707430728502162,2.8838434409298377,130.8968581934551,0.38110590605715566,0.040345333731826125,0.2580383477505483,0.08429150239982994,3.4221606935840976,0.3780904441117684,0.7507578201787086,0.005603573541892252,0.1279671672615973,0.2637938125428514
run_0122,8.100248921910946,8.10514784606842,2.4213636621448082,204.05109903069956,0.23065300321901652,0.010161888173718563,0.21377603544187979,0.14140683165421394,3.1365926012579504,0.3528484092899461,0.8401024557694821,0.0022879372252500286,0.5822914422056913,0.7883899210544238
run_0123,6.700576164378822,11.125309430289091,2.98575131847654,354.5900622077926,0.36694775861748086,0.07338456046637294,0.24908247991398164,0.14315233855764037,1.8690151885958914,0.5387372798163637,0.41317508827468663,0.011124083130610998,0.4829466869087463,0.5556269660105203
run_0124,9.534228589658284,6.854352225628706,2.6152406121735545,74.19973141015655,0.22746314503855078,0.09899654178573625,0.3434955829033067,0.02748394104707233,4.803208964551885,0.5638411099114974,0.4371768015831915,0.008301076128947175,0.6076833531626185,0.6557752338794383
run_0125,6.3367191215757925,9.440395395073823,2.5137335823914952,195.51388457318055,0.2029975654582822,0.26830610165196217,0.2303770830637581,0.18119262710644632,2.247103925355977,0.2405195256233752,0.779900351085689,0.005096569759109394,0.3666258797427868,0.35295499930447743
run_0126,9.635759778739796,10.649786086397445,2.8860030530792384,140.74666961699356,0.3858801186878573,0.25087004808363933,0.29985571096477925,0.02636143036556591,1.7772750847836774,0.5040294562324177,0.3508084597416706,0.0012061283119890326,0.17045053760718354,0.6497763036241039
run_0127,7.3713078723541905,10.129597042642649,2.9039490857684704,63.21661708863552,0.11046089443279962,0.14917773792578112,0.08394746776071021,0.17778500333558164,4.505806577279245,0.5373284875326234,0.3666430771108033,0.0025835724043319123,0.7052322414581877,0.8508461672668105
run_0128,8.595566755271632,11.19093329564264,2.79482706101318,303.78689654243175,0.14341467492919235,0.18526297405349182,0.18285992859231942,0.14493592310708783,4.366618295683541,0.5898441134075892,0.6374594760623348,0.004972685527417273,0.24116383737526695,0.32065870593889156
run_0129,7.329851858894522,6.610659483472758,2.6353772894603864,117.70439193294423,0.3611166448108155,0.27340106041838924,0.21142927772464806,0.03391747910268646,3.4589575251887377,0.24361355042856514,0.6894718734944446,0.010198900942091648,0.39067528202110224,0.5236901403053101
run_0130,7.4181440587836684,8.92952456225576,2.4394414027385674,264.8516405465651,0.12703937272940535,0.19747458170135448,0.026541200791240182,0.09754424879902543,4.349164461533101,0.27987662335489094,0.7387595038395918,0.007545207900063059,0.2772922982377397,0.550409557784839
run_0131,9.44556616775439,8.30671443738499,2.5115998295612223,167.68224978101992,0.3338846136128053,0.20361364736579401,0.03555727577323203,0.18541085162415857,0.8227760054366318,0.6422647309288088,0.7334497905001067,0.010044053484302665,0.5877858165732426,0.8776792193370178
run_0132,9.299175482807073,9.44472107084308,2.6246307962624016,120.97695746647544,0.35972496855260305,0.13734536649358164,0.025024418843897302,0.10908511128195927,4.432529714102253,0.6489282768966091,0.8546248700739805,0.01007355420767312,0.23804614434046123,0.20550323873842707
run_0133,9.182019443825816,6.190419680305913,2.5240082918369207,98.6652053021337,0.37106005998123204,0.2542954402090372,0.14028911196904684,0.15650588047980718,3.915763275639068,0.5398900477393799,0.35760431366954637,0.003821582243168035,0.7247828626162323,0.755600775827586
run_0134,7.665461738998554,8.054037449777798,2.6533358151476385,47.419060072578844,0.37907417457709647,0.2755476828094121,0.06539614750882214,0.06968382845505502,1.4166995451543953,0.6274173307507633,0.32966183221143247,0.005998462082844841,0.5519023176923776,0.9617768588307097
run_0135,8.361544264426893,10.734721976699934,2.901133805662255,97.73619191794381,0.3110025457813995,0.011569334795387406,0.15928092066009025,0.16339887205114015,1.5642636117636592,0.6507362662527005,0.4495254818106124,0.011224380520993626,0.6177029227604024,0.032422301440371365
run_0136,7.632786867329609,6.151665935915967,2.77246714454363,145.4270765143752,0.11112958716246818,0.05293550738971078,0.18831070979155004,0.1519130326033088,3.1207018012035297,0.44911262659679996,0.3863549881265256,0.006878384652510649,0.754619004814517,0.34963759158887653
run_0137,8.52880114638284,11.121140554860261,2.7652517809189012,127.20595105581434,0.28292841506350364,0.042572848387418344,0.11693853241744034,0.012465633491312687,3.2415603537635134,0.5843221476630724,0.5687944686591375,0.005430584518177367,0.29787459670949257,0.05519479794541284
run_0138,6.940446703128223,6.912568440853021,2.691086488253724,139.48149641469396,0.10097874663339935,0.034417506136164296,0.28203509551869343,0.16560595757732355,4.09863046032616,0.6181362763995668,0.6682758209042837,0.0022640283316027006,0.6922614545600608,0.6615371566656316
run_0139,6.777597303361895,11.1392112812533,2.4407946417122472,29.53350675491275,0.3781072106814879,0.11091825247986267,0.21321350936427377,0.08600283085060587,1.6905976053404825,0.6007573224597009,0.3409349029482907,0.00557557014123063,0.5792025737807683,0.7321930858720955
run_0140,9.154770526511623,8.077748239170424,2.882828447407044,88.5323556397645,0.1825390344960151,0.098439122490434,0.11100641062535535,0.022744347049850636,2.987207815777115,0.4576225424084857,0.5408063357181234,0.005372667977789509,0.3352934064339042,0.2038155057233498
run_0141,6.867650385227534,8.060341261223394,2.523160823314167,18.73033768794342,0.2098398780481359,0.28503378965651405,0.09132282131581942,0.01908407095031408,4.8281113834162195,0.20193957510050473,0.3235144018164191,0.008194403312315551,0.48245973709679835,0.41165353670470706
run_0142,8.960025374760086,11.075548205138272,2.48217347931279,348.8986448653599,0.12769903960783766,0.05928966955078184,0.3365977628370939,0.024938391785433823,0.9737012429591281,0.5746662382806236,0.4290462901798059,0.0022841396044825614,0.13750504381091774,0.25477680525392815
run_0143,9.28609404967688,8.659047616230847,2.642065230340404,206.12068326211917,0.22262661022137542,0.09784946234964392,0.050162687853250766,0.06389468427616457,4.090600517735869,0.29142835155877156,0.8834580637228591,0.009946074074137105,0.749454976179802,0.5267390617826555
run_0144,7.5334407273417945,6.539903869231866,2.9689156841680395,336.5327307594812,0.20490229975018903,0.12699924328923337,0.14264776117976471,0.0240364120464509,1.1161412506217125,0.4764014820064579,0.862556909233418,0.00955592189295694,0.544314345587139,0.33220324220377895
run_0145,7.117956337216708,8.404454599869462,2.93869655062218,145.904169577017,0.27668495689022576,0.09413149101798093,0.3231968593092436,0.1137378844620402,1.4056371171980961,0.5013090389831778,0.650914557723405,0.0037071684442832524,0.7945286757322317,0.8770354186838645
run_0146,6.638037990377293,7.694872961658004,2.442766518671692,153.4415421982359,0.14917798851501887,0.22701623855458802,0.03296450728973958,0.09312345810664746,3.405149733343799,0.4207893363445704,0.6566028296211842,0.005171861108234846,0.16230768398897422,0.40976256158176216
run_0147,6.463738157375707,10.688844835525002,2.909116375028268,12.552154305610488,0.2821743904140153,0.048701848243916955,0.2111561560429105,0.12163163997567122,2.880044932713375,0.4412572162120494,0.4163223493088288,0.011271225001181627,0.7391491642228668,0.8967758738227232
run_0148,7.701441025252859,11.844433573909747,2.850483033159338,184.58446980760914,0.24505352094003774,0.1751279599222604,0.24091352239653294,0.19429704838799336,0.9671771408091889,0.5019499541423538,0.5754959895193776,0.008077502731976789,0.288763815536658,0.7513682622859053
run_0149,9.857289564331758,11.56695341804386,2.901984974474951,239.3160283326351,0.24469580516517211,0.04061636970573927,0.0835695580233333,0.1368046860719786,1.2769098083158983,0.6256643374259916,0.3497883061867388,0.0013107796987681406,0.1048566216809457,0.013880766778142128
run_0150,6.192505778254625,10.802607744559872,2.6757579167326937,65.17135668813643,0.15420902018493882,0.2534969979171567,0.13684654217589,0.0979706832440593,1.3158827696493767,0.3507092858621893,0.7582442498295258,0.009153567126045925,0.4306877306290964,0.03069344529050293
run_0151,7.521971750533046,11.784216994792637,2.8097206277166538,314.99287916248977,0.3420837625837788,0.29590516390249944,0.0754929902476015,0.1488868830500477,4.938513354894393,0.40320176456587664,0.8116864137217696,0.007080881577444542,0.29903134729078906,0.12083603805823465
run_0152,8.285820537444518,8.681924385158622,2.7686393657099533,135.04380310306502,0.19780137853516733,0.18212536370461668,0.1360680643547251,0.0677094767337011,4.342039378705024,0.5520565151403405,0.7536705729936203,0.009289356502033295,0.5543365733979811,0.31378282537588736
run_0153,7.546466248863785,9.930580803813612,2.4086074621132507,273.4327363960789,0.3404358487746041,0.14485083096902132,0.07232486025829918,0.12161613926399419,1.8969219177389798,0.38424145514726793,0.44166894391516676,0.003564104273930875,0.180989156411418,0.4645715698040417
run_0154,6.62180423343957,11.957172228473876,2.497375746743522,22.132357568490942,0.15933276758686435,0.10972154404886368,0.31093618056053346,0.03741461524996073,2.973753235359676,0.637432414757368,0.5361318770613851,0.009913157159693528,0.7358352672977572,0.27224874397533244
run_0155,7.165164513427275,8.087227883060834,2.631149196202561,151.8926756880458,0.28069721050854657,0.25076296041819074,0.19815782116028663,0.06217172832570018,3.941060884300777,0.22275755710529224,0.6312645833937446,0.0074021782383570135,0.7563066522058094,0.9324289480370742
run_0156,8.41294707981873,6.3774900644364125,2.9025545317942116,253.514850813147,0.3446104826028465,0.17661520814905896,0.2404562822663364,0.15985643307167025,4.7359858148352005,0.6179852878656669,0.31542064319003815,0.001386012543314953,0.6424763654399537,0.1357438785144467
run_0157,8.401482885643702,11.155011226645389,2.9603643967898763,236.35133074247935,0.2893157907127428,0.05347303370911802,0.23717246929379063,0.13059417467740794,2.236992069093068,0.6163893359962098,0.4688531126034117,0.0051189271667840845,0.71845008213208,0.6167723239392783
run_0158,8.358254936501703,6.9525528719861125,2.401223292708436,265.8442033111011,0.19418289712129982,0.07642020333277998,0.23544603238018016,0.1791651018424908,2.036154153737313,0.5616368874412913,0.8416751514959799,0.008269954751312222,0.5686855686156214,0.8283733461996471
run_0159,6.844589455181045,9.803798532966795,2.6180883746005414,322.80232851493616,0.14959914762136403,0.22856495838805557,0.09209722155464756,0.153359764118908,2.8060281196195245,0.22153093319174355,0.8933590588337867,0.011090739114671087,0.5296710795425279,0.11873141367583659
run_0160,7.087406263028985,11.288818107773432,2.866089336485779,107.95418112336708,0.13879211180628054,0.2788014408663201,0.11059494183913321,0.17514543952765893,2.1830848769473863,0.6699136541517077,0.47263982831018325,0.010505254767025358,0.17791739621527822,0.09270624025372208
run_0161,6.006067594749264,10.516434059657646,2.7261270607270447,160.95713892763385,0.37104119219775256,0.07562278066363695,0.07721152325872135,0.16238126236831743,4.467737409788561,0.3049768036364683,0.46453139724758613,0.009172303899143319,0.19913696815390225,0.4392461615012691
run_0162,8.888553137263246,6.153391914519364,2.9926113155948513,36.249760920734424,0.23278681445568408,0.23100284402478938,0.28502127875973,0.09017653913141012,1.8194320003767246,0.4759459326725506,0.6360418962327655,0.01185893381273138,0.3945529221323387,0.16390594788593932
run_0163,6.69332195274816,8.082888666916379,2.7773386921364365,43.723155069839095,0.1295667956862659,0.018299189499310885,0.10280503332376803,0.12131223040337415,2.261658652628025,0.6795729538783102,0.5188168433987359,0.007636808043330167,0.5930453061995418,0.11998023819065488
run_0164,7.3005430362661965,9.434870474324828,2.875498542798667,345.1086908841851,0.23995766893642764,0.17722030705807953,0.07172335846902353,0.07341382570129171,2.4412841135124372,0.3431688390832224,0.8959434857357444,0.009781128669735722,0.6650406412419857,0.17605093995974946
run_0165,9.514009981165351,9.839763770130352,2.6329845949582014,184.28747288476197,0.33094718192891126,0.05403831641231047,0.03845913771611065,0.13893741277492497,2.8044577936400588,0.34752018860444567,0.4070902222670259,0.011840131620927771,0.3700588542459744,0.866959861339798
run_0166,6.97347454080717,8.604041910770771,2.6102373121177544,25.344338806545824,0.3901639538996807,0.29760779024783496,0.16936817877670451,0.1294742101485702,2.610563799044221,0.43446535486213933,0.5530714822062476,0.0077392063098335575,0.7646961172459009,0.7438152141968216
run_0167,8.106864508801813,9.21579258016498,2.5838489042735664,161.9875551307561,0.19094081786620026,0.09115823130453528,0.09849489139034381,0.12285369216349086,2.1547886496191424,0.4147911174504722,0.42627332137708496,0.004508869339214485,0.5861302989154563,0.9995731849134266
run_0168,9.209530593021896,7.270355180046425,2.457172126739046,179.85680540527883,0.13367666525477942,0.14550240417810412,0.2380392725598312,0.10365573769210883,4.330455521728633,0.534737062563599,0.8662567053691281,0.0033271251584683684,0.13476717511203856,0.8576573926903169
run_0169,7.695473365435487,11.227744275625916,2.4943900256809504,33.74614022217156,0.15723066581047845,0.04214259973897783,0.16193785940048966,0.013396168975292763,3.577533400781542,0.39196251463051646,0.533438368709399,0.010891188343344915,0.10660317475104215,0.8986530703328954
run_0170,8.800304667064005,9.497287392983843,2.592854819821699,164.5184488937159,0.3171929124491716,0.23942447355449595,0.11323958222104322,0.024340736369364756,2.6779290509859326,0.5847320344585397,0.44502236015252894,0.0034983415859466444,0.2251742784609563,0.20249453263944467
run_0171,7.494809621295749,11.22002626611558,2.7470227147731485,103.10589157010631,0.254781411116087,0.10199448793511448,0.3370655776713539,0.04450473427046882,4.389418546125397,0.6060268646263012,0.3276582681904973,0.005932140031043062,0.3357054429082935,0.5638512940204532
run_0172,9.655340429240898,7.24820416689231,2.42469543122848,172.6245737256148,0.1639874631194922,0.11968707155186367,0.3172583437442636,0.15780980772953526,0.9402029258114942,0.4028680909098489,0.8765797877084602,0.0023588769593888012,0.20600665471131985,0.34090100962679154
run_0173,9.732469357552123,11.147709196374631,2.445629916570115,338.44937382526996,0.1983897068714337,0.10617968217611357,0.2887973603618971,0.14758305180388973,3.4568607845097725,0.6550704123592067,0.47892414711141873,0.0029782264517478002,0.7959059542183595,0.02302151420768461
run_0174,9.132824956438942,11.596006965394697,2.62636886158734,5.083898254246247,0.16585034989114922,0.29780174354801014,0.29162960914208064,0.012893753412926883,4.442489111665751,0.37310710755387333,0.7280852777856828,0.006189776479490183,0.5509459576082771,0.11820740432434752
run_0175,9.428685332076462,11.712839351912994,2.4364075358389976,323.67775623202994,0.36270628590479737,0.010647061388932106,0.3487639930803057,0.06642038663015844,1.3622263712644767,0.34986815005483546,0.48033810383537945,0.008943765216440417,0.37786835717253486,0.7682038625247778
run_0176,6.177556524024726,9.567797950320633,2.9379517677442473,321.0131778709338,0.13111129560853726,0.13088090424073442,0.20643998437156122,0.06900790970638754,1.140781027304969,0.5588700615850759,0.6538895302841256,0.008463222911439413,0.2112499474095358,0.21140348740523032
run_0177,7.781253232913483,10.44616756905877,2.8177484539815425,316.03772877061334,0.11273413747938078,0.11261094569893254,0.3344299437717229,0.04758358243462601,1.7517777378073531,0.5620493237559683,0.5813667537690904,0.0057486523713605525,0.48676431637782014,0.7522989309625482
run_0178,6.689898111821994,8.229230091929226,2.8965349001155283,177.20601453950238,0.15886716203194842,0.07188429754009745,0.09864183925222397,0.11682763299635274,1.3270288566302006,0.4198292462608877,0.4827148511190592,0.004399939672303097,0.6518529806509265,0.8574733374575334
run_0179,7.206119297174924,9.93918881182536,2.734040275404086,281.04438286589914,0.1305306099908934,0.26180413402177066,0.09631808962916158,0.12541580847465572,1.24891126249198,0.4780408398133983,0.5855562503097793,0.005497753157414469,0.7627079850792372,0.8723924343909608
run_0180,9.929673586630564,6.826310051274906,2.4244895720187007,51.90729132854872,0.2663631691989387,0.017518105995941915,0.19255156703028034,0.08002426345309482,1.957458916074995,0.3510921785206735,0.5338139560027604,0.004752984330370349,0.29820832655707374,0.21399175889970193
run_0181,8.634083814841679,10.705243188715603,2.980265560248179,192.53208926896895,0.30189814041791263,0.08590608847431791,0.07578008160561117,0.12585848601761043,1.1982865941862597,0.33393754347804755,0.7825417365376508,0.002614935970231686,0.15741052384093257,0.5944135363461165
run_0182,9.303360668864746,11.921118118587227,2.897837007247129,260.19012955374467,0.3799534389301864,0.19836224974326672,0.07224115157360725,0.07310918670092077,3.897447415573689,0.5651844028818165,0.657160884081601,0.006224829528663353,0.4501338156888063,0.09766084469579914
run_0183,6.580506536570324,9.376450276485471,2.4568188166005065,193.78870825476986,0.25104381204512405,0.2124055069809127,0.2285060631623172,0.041350422246539356,2.385466813197757,0.4416106041257934,0.5838746973741353,0.0020404527384459237,0.6839591782845721,0.773690042009908
run_0184,9.322606550109452,7.0144231012509195,2.456063313138839,57.79328720467052,0.15624609738946726,0.19475375103611112,0.15645002968068403,0.15495151031989757,4.2943918222926,0.49638868582361595,0.49849969223198476,0.010569087038986819,0.39384211844371864,0.10329881455841392
run_0185,9.374464677934602,6.58532060908179,2.75980422982447,269.2576061300292,0.19385569138079356,0.2920375688469593,0.1943105806448862,0.10933134869525787,1.37552074029961,0.3460123337896326,0.40367663904688533,0.011545329317115455,0.3315401390405761,0.13612326973028183
run_0186,7.147936837338614,6.2755675285532355,2.6425157403589368,161.59814059276025,0.26025009215510964,0.09723907267551811,0.14673092009680422,0.022652170358371804,1.5423650406198557,0.49905677622822625,0.8501186586341296,0.006117781571227534,0.23678088128184785,0.6335695569157396
run_0187,6.112353864766863,8.949293550994772,2.5869367569056325,342.7272726728293,0.10236574956525521,0.13949488547783467,0.18090717785640528,0.17677986296702777,3.302023214818467,0.5884143494108374,0.8909134340979117,0.004942172771141124,0.7320711502036901,0.05425171755142641
run_0188,6.1042244766485725,7.135109544092177,2.9884437073101733,213.94285327471488,0.2508303397560524,0.15409965478460208,0.2234412729199561,0.03876615361848826,4.8850950922108725,0.6470600037471259,0.5440275392873917,0.0013802539049377486,0.1597481323766423,0.10805919138937857
run_0189,8.854541179080801,10.452603750516715,2.9188006260871417,67.8876582569418,0.36415103517059233,0.08925407638609392,0.30973023870139715,0.1440692649228458,2.707948972652005,0.2832682627500669,0.6646816722211282,0.01033038993746048,0.12901292017505317,0.09488711240296686
run_0190,7.220318607658933,11.137810341831514,2.8933817747731756,24.795723416725686,0.2761762584498554,0.11515315654060414,0.26600453583086175,0.1536333391289558,3.085692876464396,0.4396331816580269,0.3880157154448585,0.007889039983722004,0.2724104743127013,0.5172640596437852
run_0191,7.152836001742488,7.6784970503669046,2.8810583566646937,148.35278964420755,0.3506881528013144,0.2824055001183437,0.13910740621840376,0.16011390318644458,4.142877666368714,0.38435432938456726,0.35331440640192024,0.004037434552229402,0.6466164251347245,0.9161642982379135
run_0192,8.385489750687885,7.67246656870971,2.598015406059625,190.73136464307785,0.33806863922710556,0.08482189303572542,0.26714533673706914,0.033354242727176284,1.8944787177389761,0.32424196265122485,0.8572820094348903,0.01178621096644675,0.379408936725534,0.35373362978633105
run_0193,6.473224271949835,10.989563109160589,2.9553871324788155,80.91568704246919,0.14921612734941855,0.09247165753741628,0.1481473113797617,0.1292589336423883,2.0642588118803262,0.4599381858566733,0.6782250988863199,0.002511732756336208,0.25089880275565424,0.20488680122979436
run_0194,9.98899364294655,11.499027382565993,2.4026963577297233,41.11983250370806,0.3921231566435943,0.23245792013042052,0.21636726674982265,0.08406101757090459,3.0634473302407423,0.5455647961920911,0.5979645873272437,0.0017417483517357163,0.1789622900241041,0.8535535475023187
run_0195,6.199994585452648,7.184103722788132,2.880733487314484,145.19986310526122,0.10205919322162335,0.163488294564689,0.08038300249493217,0.12898468560210888,4.9292159385652425,0.4801061762618428,0.7289720672007425,0.0014628557526220893,0.6123387577568794,0.5316175939996944
run_0196,7.409278869778449,8.190651715955832,2.4680381181289786,240.6264008213348,0.1369754461230674,0.13614522427786874,0.23930088918244782,0.09372121883604248,2.285041494695559,0.31922980365901554,0.45693537668716855,0.0028931136553777075,0.13399561049650258,0.5631507857227106
run_0197,8.028651693865411,9.868424720299966,2.5966041638326525,29.174560260378012,0.35528492169978754,0.1259542141507123,0.18537572606679065,0.09892524350866531,4.734464942521401,0.4073311638823309,0.3510476639806487,0.003612549498635579,0.3494933761397727,0.7656002436971409
run_0198,9.084225154203727,8.813853373869447,2.9643737728319444,144.83614944218465,0.21150271048127944,0.19378546301157437,0.3023452918840359,0.06252215397060962,4.514654410810513,0.5367241692855729,0.34690866298795964,0.0014600672403173025,0.3942741782966279,0.42065405745364703
run_0199,6.100626300868467,6.238382495122929,2.53081951265494,103.43062543834053,0.26982462055430967,0.2950591047858498,0.05234227744721874,0.19411109749568597,3.3581221437457955,0.6148550838201724,0.31151197018070187,0.0013170569074780968,0.3125621801736097,0.7206148023084094
run_0200,6.556003543037765,8.506522611248998,2.5829816087802677,310.9327455688684,0.2123321463775027,0.12030950906868436,0.3410090732644128,0.11281555216205089,2.847114002939855,0.4439585617632894,0.5660865107272504,0.009514697180350053,0.19145727310147542,0.7339800267671911
run_0201,9.773943415388723,10.708323977110574,2.540915239679614,276.01258925692224,0.21588480937364787,0.13065111967846502,0.19541573103506876,0.14255548118999833,2.647886485945601,0.4787610348664527,0.7275057727596275,0.011374435089540409,0.7683371756349529,0.6248900032803364
run_0202,8.814374967319504,6.567790937708559,2.4965334137881317,202.41878124705173,0.1729805801593275,0.18649017047025396,0.2564513752387957,0.16564389908336372,3.5832353624126174,0.28268238248015437,0.3334884866220511,0.009090248857430098,0.36677457060246577,0.3397835008924151
run_0203,7.977123523285825,8.285263931205199,2.712837171815562,89.35419205267758,0.13581511704771945,0.188340689716523,0.06972528004490311,0.1120892354037314,1.7190015052738115,0.5071421704296211,0.5490554865529775,0.002257735397072331,0.6310346873260598,0.5050302275796102
run_0204,8.51867826360815,11.72870495675647,2.8011756630830558,191.61757847344475,0.3268878359093338,0.13462383394128194,0.14763587012059348,0.08399509622945339,4.501428810788395,0.6527190357797177,0.49037686755793336,0.007717936864533326,0.25472425108657804,0.7019818888344773
run_0205,6.714757083186996,9.03162679444005,2.500793921661539,80.05508132833103,0.2265822272121468,0.17323856484886893,0.28625538233543757,0.027441875898138693,3.2978890172736737,0.3797497525015184,0.8312514391918115,0.002550485384879151,0.6745076143102581,0.04883546256479936
run_0206,8.17890320452793,8.447334530093476,2.8850927311937737,8.290553957771355,0.3416337537818217,0.21153160548154554,0.2232261861406921,0.18822177873022064,2.564802913495643,0.496097427512074,0.30630399053954444,0.01066301358676899,0.1857589246876102,0.42989799342672297
run_0207,9.604753856992875,9.640739749304092,2.737384814455957,282.0723762008737,0.10522761584073397,0.08293542499339394,0.2794133921775726,0.13087336638413058,1.711467395863885,0.5612355997374052,0.8127231406911226,0.00699737703738055,0.6048034610923579,0.9754254079080569
run_0208,7.080933225138338,8.151979458855823,2.6146631258077835,109.77210266794093,0.13506338213873717,0.28262111304530596,0.3158693984636647,0.10103765810254811,1.0331012809233195,0.4004981292509733,0.7085516862951541,0.001430792206345088,0.6109790032078951,0.40120510500807205
run_0209,6.8126319997928775,11.668235560955658,2.9377904445890937,182.57448918672242,0.296260855835798,0.2918498926100464,0.1748959904741674,0.019701218814371802,2.9300996501000505,0.6648820521231515,0.5120035247691392,0.011460527625848094,0.7558143805035343,0.8344944066234566
run_0210,9.02402674816495,9.536332553243614,2.5944555372171942,343.7696439212751,0.2241574598275592,0.2986343497887119,0.268859784079577,0.09523415667278781,3.7043888438431676,0.5612811763790873,0.8603539266399158,0.010692228212280077,0.32954821858034333,0.4765433094467189
run_0211,8.394964242848662,9.70399085673583,2.9678528923507996,66.77787436412778,0.10176280795125087,0.18270746709082422,0.23530794489375575,0.1496528695977637,2.906088400805645,0.3173519553141236,0.5852228548577908,0.002432513820618252,0.36728784079005283,0.3318582672248783
run_0212,8.03085230939595,7.436450045514391,2.4844592599689084,103.20285379229209,0.38408077268902263,0.19952506383072283,0.10568031973633871,0.146817144842671,4.9104267985956955,0.6235724997646943,0.8880851607177023,0.010922686950566161,0.7819352380977336,0.1538608914241393
run_0213,8.64380098071427,7.37518124814165,2.822680094158869,56.83656717869588,0.38544089392230974,0.21683541129959402,0.23622394505469677,0.04993701130465382,3.979839183225187,0.21379452981980704,0.7262071369475587,0.0010354807500701803,0.6710029462339698,0.5762635564089229
run_0214,9.41068977221715,6.062369738628529,2.823606227028124,350.9823456311236,0.14217561682881955,0.12576885608189206,0.346060211103581,0.06702416087493727,0.8187225901190782,0.6618063955413878,0.3442230044333271,0.0029133908732488197,0.5966221730529178,0.5471245818332818
run_0215,7.613414128186992,8.358332094447698,2.775671378093691,20.21432575595081,0.36020820909210505,0.27263720304474187,0.3215709260012663,0.0446663018157348,2.5234150584517927,0.3779413319336346,0.6958820249596799,0.006176917170398303,0.4277840150965011,0.09571463469693989
run_0216,8.695371690223844,6.920576132198739,2.5811199199053187,80.30525754577644,0.309909637455677,0.2471651916423864,0.11180914027796796,0.06927387654391678,0.992666828715363,0.32069247421148567,0.5832043906313495,0.006226616457796839,0.733283774922264,0.6384975075173528
run_0217,6.62363137999582,11.99809337612108,2.8252860842020553,59.95362953093777,0.3089852913671288,0.033715129309443405,0.09085320381615003,0.1316023365892365,4.091831940268127,0.22083936852802788,0.6765244006154816,0.0079231322893588,0.27643970473021684,0.8019512276466134
run_0218,8.214703103658824,7.002651485534832,2.8162156181342244,26.55080373525254,0.3804073979350112,0.21660300876222696,0.05876496975957134,0.026979359562324147,1.523244663384677,0.34488952473156376,0.5933266572472543,0.010416644548673203,0.36341912735589743,0.03777698414038505
run_0219,7.857180597846902,6.70145417113417,2.915180511895371,95.4992775127916,0.16359756143351611,0.2621602180131578,0.08921743841311575,0.06446126186136128,4.7923749070719115,0.4100232981865986,0.45529875308808465,0.006909139727268708,0.4469869172667781,0.4128663501655947
run_0220,6.625556095497106,6.0986582782355425,2.961402205741225,2.3794345816144595,0.2875358570530725,0.2610941400703082,0.16471664527429938,0.09213190665304681,3.795551691733495,0.3822702282180078,0.3330375530537178,0.010427461679177838,0.6135024081652025,0.13751770939778185
run_0221,7.171069000005662,11.4718575795077,2.9330749313903555,271.549750294481,0.20691134693630908,0.17716035861425267,0.04905760438664235,0.09453143513910099,4.905585303528138,0.4388097902899197,0.4573077162983624,0.0016122818957195082,0.7004839839867193,0.22567678648097086
run_0222,9.371626615763438,10.731186883702392,2.756609461998012,107.05406642778716,0.33419332558027093,0.2398748149358804,0.34651416392576917,0.10731491760770437,2.695965064549302,0.48658166792314944,0.4145188167914414,0.010524499402128278,0.4611432370227697,0.9883338114324819
run_0223,7.217337497879377,8.923637462964892,2.9552428741486,182.3052586434914,0.17146873921425054,0.1918113127763228,0.2988630542362018,0.015800325023043054,1.744103729194505,0.6070247236717123,0.7565705050226623,0.009717263733049434,0.7713975208928702,0.7701194892135093
run_0224,8.72231388351807,9.8128295469648,2.588466927883513,95.6922230280966,0.37190449935509773,0.055359911531405216,0.20196314743979582,0.16892895195901472,1.5857632831693231,0.23784012639112737,0.6573794758667215,0.00879508555584043,0.6348495479302244,0.36740810396507195
run_0225,8.62799835076633,8.49420441453287,2.691493842408203,186.0977182803989,0.2783220791868844,0.030106896349693414,0.0589510870772309,0.11905459324579779,3.3516763448648526,0.6449219743126615,0.8628053307907579,0.001484195981454183,0.7401001000511855,0.3226425378485519
run_0226,6.364798390221746,8.031928058780684,2.699071142699996,245.4860591858458,0.3207885042007824,0.035867400540243524,0.26046467895017456,0.14008616146892253,4.078707400776454,0.2960038537396142,0.8439965965337486,0.010586279001350542,0.3345465480397002,0.3388176608548106
run_0227,8.917991272756971,7.615478297467318,2.449518895499737,84.7336804763049,0.11552627302404209,0.23385480235127154,0.31277812494085416,0.05473734823006225,4.339073277097481,0.3502839813823144,0.5390570103482243,0.008951414247877043,0.3029317396863243,0.49998657211153674
run_0228,9.812893137260225,9.036900233489586,2.8336056367557347,106.1301503614856,0.14146674846310903,0.012596355600537748,0.07404992564570756,0.02777147951114247,3.3226008337295783,0.6655193152260437,0.6465249959146502,0.009339928340605905,0.6705251164731607,0.8622916479484587
run_0229,9.93999276751043,6.647812286652462,2.52986715380229,345.5828363784271,0.18559724464137248,0.02280331573296914,0.2024840195689274,0.07758392973893725,2.7295924840334305,0.3623130245994629,0.5674935594242587,0.004860928536582305,0.42925179398281355,0.27933469972292946
run_0230,9.559451508929563,10.584564389540438,2.920272022080722,307.4948006345257,0.3459791492382232,0.2877028640830926,0.19518995890622967,0.05425149041978427,2.867139002746409,0.39637912208974907,0.8824681949814432,0.0080888833226009,0.6111685935034542,0.8629500340955139
run_0231,9.195671493225491,8.822602361057175,2.832913767516279,226.7487243557201,0.1629467193514606,0.20497829831208708,0.2533290343026585,0.1585265182384232,0.9009697642122401,0.47742501877354293,0.5375655495976704,0.005363940798510017,0.17477906205287352,0.9935990465832547
run_0232,7.020241153182177,6.814582279467279,2.4075085922927744,94.76045765885802,0.34415936194099206,0.1397040985502751,0.3457689370774845,0.162493619889775,3.878386986393206,0.43617281287787424,0.6409304050358986,0.003672763636808942,0.5042222390852865,0.7001519418211936
run_0233,9.735856445813878,9.832568751401258,2.9146983913099738,65.65894570656783,0.20092168316532047,0.2603043053624088,0.24145787439361305,0.12275168292449068,4.052984669439734,0.34060130937413124,0.622007501878391,0.001711095404920216,0.538653558388376,0.6855900944459072
run_0234,7.355033062697305,9.913399924237456,2.4059028518992607,345.041053633119,0.19305030397136108,0.266790126554468,0.3324052093041989,0.02253104816287762,2.0763994729696225,0.30059031727177565,0.4723114570109386,0.010413684197978522,0.3274684398082287,0.2307833130417703
run_0235,9.911294510256283,7.659838622541432,2.48682629201754,109.53151816187933,0.15302695268765426,0.2837648869513472,0.15568960218897315,0.14836778694175629,3.354693632512933,0.4127433802246737,0.7041172472210041,0.0036657445431552793,0.4957604213213418,0.9040002955373062
run_0236,8.16456262065699,10.205857908680102,2.6738814343568924,44.27540971848716,0.37021005716507316,0.252284623147491,0.12543582439201267,0.14129599387869785,3.738853286459829,0.5750958402671509,0.6719124316795424,0.007044148151016754,0.6079418888441829,0.8804491070056255
run_0237,8.283828884717963,6.581066330672387,2.7452962603020485,359.74187358916384,0.349193847863488,0.0742638044049438,0.09997680006313267,0.08325954695070417,4.871046345372089,0.49003780697873484,0.5710480580068505,0.00657577330129601,0.4129195490236689,0.19986251456308143
run_0238,8.549947597031625,6.404271977871135,2.5321899937316226,294.59675705700795,0.2740712998735835,0.29102694660210476,0.09336499503809467,0.029045526792243877,2.5086857081972544,0.4825445567351566,0.7154527195460135,0.006944930693524295,0.5159739516613668,0.9386640562071172
run_0239,8.966408949597819,7.177231125441284,2.4933678450716044,17.389312189459034,0.33924506984946,0.1909431656003543,0.2552562075773003,0.15902375035320473,0.8661594681833358,0.6951609206290856,0.8620318201574801,0.010649856649683289,0.13301272001934764,0.4051665189182183
run_0240,8.381363871705783,7.645961356633917,2.6542244556535075,290.05264215577967,0.25355279501295447,0.2808121039065625,0.1786122176853572,0.18321849597182677,2.7632163933101728,0.33988973953008117,0.6393321881763869,0.002011800318781425,0.5333506926187306,0.764918410921468
run_0241,8.986985502735077,6.370726990713231,2.8262969611987976,288.55522855132386,0.3577817612158999,0.18574663109986972,0.19005340411609084,0.11831270380152549,1.180262981894609,0.5586107918959073,0.4841391966636397,0.0026352311391234185,0.7606078576767147,0.3295277351670737
run_0242,8.715121455876378,7.595194459057081,2.4932585138995518,186.3542459576364,0.20950388355715294,0.12512589015326714,0.22540467762984853,0.07470194161555682,4.850742958778122,0.22947245748872347,0.5760924128704651,0.002849936201432573,0.4244259104046393,0.7260827886239244
run_0243,9.10695315230431,10.677278407879989,2.8068366027357023,359.13374860157097,0.13292261516556336,0.2518235019569463,0.24413027898061443,0.01474042291910883,4.633216423088206,0.21971650569519274,0.5500466481112498,0.005278700899142082,0.644495170628404,0.2293839597696651
run_0244,7.908759936914577,11.946639639863932,2.909082809113638,33.14694893667203,0.3671708848457569,0.025610370984228234,0.07266791183927981,0.030576751761988173,1.1734761991474019,0.49761783439535917,0.8021740920976497,0.011379168403145321,0.7734264985842066,0.9960891934314943
run_0245,9.906874943758488,10.657327204226624,2.8677046177870196,36.135377695830385,0.3993886077451143,0.27164351856607777,0.19833407234035583,0.19246437781658324,1.6693851207562431,0.507350940147613,0.8081207898893175,0.01040946677798494,0.6974358488240124,0.2483178192117622
run_0246,8.116242062255228,11.143989987577207,2.982696277736964,281.7438215465877,0.33260078487862155,0.07962586209342323,0.2704250695553041,0.09364187198827341,4.1347979158254935,0.2324912273085193,0.7173027402467682,0.007447197438420729,0.3912218521594295,0.08754884839754098
run_0247,8.913959114033714,10.830624458130625,2.6068646562767968,289.83787952327987,0.3003989926323755,0.04794821110132592,0.2164654098864339,0.05476466302508285,1.4433985993374492,0.4071746859526384,0.5027068912226137,0.005884182798199969,0.6433962757372681,0.7102764372248781
run_0248,8.018895334499518,10.150771492989406,2.4415341985306207,141.22217962390184,0.2797259927620597,0.22301818760212924,0.32953603208278,0.08347639186044621,2.8633714880293244,0.5003236899853021,0.49414850292261125,0.007838903597668635,0.5015550066423623,0.1821251353246394
run_0249,7.150647212446565,6.2587615993328125,2.637537406400233,74.79029258153608,0.3573117597168093,0.06886964070002573,0.17289840609231774,0.15975704767169774,1.2575288137034337,0.610795910731856,0.5151848829100678,0.0054563293525109495,0.34696278513834844,0.7495728987466526
run_0250,7.899171944835736,7.324288472541163,2.75099980730889,35.703922839357986,0.10619227363118082,0.04631276914200412,0.17685680919223037,0.04953805603499739,2.686469117293953,0.37243048149006996,0.7902122779985761,0.0015296100304319257,0.7142542213748807,0.44251436934186555
run_0251,9.79616218055438,8.349733885376324,2.479017171189451,128.84900928053708,0.31861849728738645,0.016559020404252823,0.07935286071171034,0.024642517282801462,1.7678697226116975,0.3364047649129878,0.630748210674422,0.00858762221087272,0.35161199470826243,0.019423235852977682
run_0252,7.728324765414289,7.900546847222396,2.450985383271974,36.89703157338402,0.32987897868970084,0.08392616508474095,0.2427979170337751,0.016764444271059865,1.7067205769122402,0.44010195576377953,0.7808536666069544,0.00828033029541623,0.7244389215770365,0.5427279509542589
run_0253,6.564228222609712,10.96132425658746,2.4758009926970255,141.03522861507778,0.36467798798872086,0.15036034104475834,0.05553140263566719,0.07299906332161785,2.6230862677172144,0.4376117003421155,0.7498967888495223,0.009060144256426414,0.3308976363033177,0.18960044627578004
run_0254,9.84300344168258,9.138222473463369,2.723813192596693,245.24742252003938,0.3136433395969034,0.2702019297201576,0.3118280177180568,0.14469247763371576,3.5804559677641343,0.21054695236203722,0.8004417799914405,0.0029498440069219587,0.558556979457732,0.8408466129582114
run_0255,7.934476103642872,6.008578649524833,2.8910078844252114,345.87976812059526,0.1212516520422785,0.10027888251823448,0.17014173297897262,0.0603256157902465,0.8257349095384754,0.2829815719827221,0.7509702782677455,0.007892643872164436,0.6164594054285741,0.5776387610884163
run_0256,7.2541697231925095,6.507597861079336,2.6662828660468807,74.07284156742959,0.2713330963682822,0.22281757378447187,0.3443443690546998,0.15541383324145672,1.3590074197769906,0.2584782998891623,0.7022866808109268,0.0022045127850394658,0.7643456900068678,0.1455585762482669
run_0257,8.268097440104787,9.481685051071757,2.434713949333596,100.23659550089677,0.17987481862996924,0.2718380929935309,0.16476047298577984,0.19914461969956795,3.8908992868507397,0.4631883810367291,0.8405403129865221,0.006845258218598811,0.5411203833382286,0.03533624396084343
run_0258,9.204769951236193,8.64332922619906,2.6125192329703424,319.91498409756844,0.29569517450526683,0.0742118379221947,0.26024790508985185,0.1886983931483731,4.941994196092648,0.6074306222201415,0.32416472541985136,0.0042184046782941294,0.10886604475025298,0.44221967357963543
run_0259,7.124229674246733,6.38498268128335,2.8726071810807627,244.40584173530203,0.13553404169754815,0.030885054393026676,0.3001776855148587,0.1581605100761311,2.501863056276089,0.40673454700973205,0.30515336181782876,0.0010263084495543962,0.5179684088977888,0.1167328107783682
run_0260,9.193446855972686,10.184909370155275,2.771755249993402,49.288237174535524,0.39249222923265403,0.22449039772903023,0.3476681179763644,0.12016301326946878,4.193081158066711,0.5200352053803257,0.4580108011421681,0.002846843940866369,0.6052917625957823,0.0243984252124163
run_0261,9.61736468955839,11.129751191331394,2.690652440991264,8.744930480988694,0.24776807997166156,0.02695669284172527,0.21509044036015149,0.12913870716082357,4.095130969184265,0.5673301372916759,0.6947278579337715,0.004523191041914194,0.7750760726519468,0.9809357057454374
run_0262,8.185240003210971,8.887272535184788,2.6842920201973604,92.77005158091612,0.3116055617896931,0.2839998516734747,0.3298840155413577,0.1546015601005651,2.607423728428785,0.38210712104966366,0.6953165513148324,0.006048706659470608,0.597791749986524,0.533914498258382
run_0263,9.557148574952507,9.175538863519863,2.504644658524746,42.64298003688059,0.13684779804779934,0.27448691854340523,0.23176254046662687,0.05119376602830173,4.766818287276375,0.6873499316796522,0.3404723227077194,0.0013490160076092385,0.3219868173221049,0.2692882073258526
run_0264,7.157401177010367,6.467857847298547,2.6621925666374513,308.8025952174638,0.3172174982093946,0.132344610897075,0.2501317159803104,0.054109990947130426,4.668072257278247,0.39421172490604917,0.5552006169619741,0.006903314487542182,0.10614633771072017,0.06763290246589088
run_0265,7.496264804268853,8.259724883170204,2.964002325837806,306.5842150076283,0.1448721731207489,0.15531430687802258,0.23678133181362945,0.10378382882741768,0.8820371652214785,0.6883811981553685,0.7738085138928262,0.00395616783153135,0.5088521370544828,0.3877843201985643
run_0266,7.466360546457711,7.266601936274829,2.8500114341695895,244.57519427413365,0.3640435570735171,0.07992524667284111,0.1446103547449192,0.09465384427028471,1.5484955956904123,0.39310521170353396,0.7319498126314787,0.00722063770513667,0.6088107438880538,0.6271376318907744
run_0267,7.032408409990389,8.143676353486166,2.4671366418839913,201.92598713084047,0.3431715255998648,0.09605594030942145,0.3384478527404188,0.19822188315008754,2.3933746407891094,0.6217809013123122,0.6479071284641911,0.007395398510434505,0.2119702995447558,0.11274423443168118
run_0268,7.191098524824364,8.043746063566191,2.791960619223842,179.0381131255936,0.15021075176265508,0.04446966872190685,0.051661724715952984,0.011694317532801658,2.8496248295084303,0.35566827013620195,0.4436734829293748,0.010178132202905667,0.40132955496715594,0.34410498511541804
run_0269,9.464974894174917,10.465989040143398,2.7301013851186102,347.1064836253289,0.22495901918661587,0.2093806172250715,0.20867688888645433,0.19650230748691183,0.8634359072892962,0.20812717411682502,0.46028866251359,0.0017805695754577406,0.3758846926208974,0.38051908349640384
run_0270,7.473830050493748,9.516491652646225,2.933120105992005,125.41928599983562,0.10442127832185863,0.21852046055730787,0.319618963274265,0.01283785117348653,4.188667091126334,0.5513254638397123,0.8567335324501844,0.011899213761542508,0.5115918481289984,0.5254232391595345
run_0271,8.356875341011165,6.595040729801087,2.7046053264506713,53.85989511525992,0.2505377077879392,0.045340343846145034,0.08983496813624309,0.04247037016652502,2.890943985594376,0.29970544828587986,0.618293956658551,0.0033806340381523415,0.7812168651562513,0.39868520729176365
run_0272,7.578128632721204,8.313605495125808,2.742429673164948,181.59523985745125,0.24796538922716124,0.17355106871616743,0.2522674812041707,0.19511792543025003,3.6467015910003377,0.6259300435204012,0.8196942508657128,0.011164874805429856,0.5760810190525903,0.6061861239521046
run_0273,9.472923310401335,11.591906747459976,2.5020831198003926,188.7219030708759,0.17945938884240042,0.03822746290436625,0.14916046389719864,0.06665568558671386,3.3505005838872197,0.4423447695650729,0.6139758773025044,0.007558913997497384,0.7809983917601524,0.9717800733497042
run_0274,6.220628815535124,8.39388017422474,2.416261491777811,105.06906368264495,0.3703476160309852,0.2754018048293714,0.23061894794201448,0.10598722775295569,3.815685886140054,0.544872913959326,0.8334803042653454,0.0018376200286782099,0.5780173063479527,0.6193583470804066
run_0275,6.283151965803686,7.64316690620861,2.638089977070321,309.7096270894929,0.36330942031585933,0.012143115943803417,0.20735680257179503,0.15682843404610672,3.1778168873654655,0.41897963937968974,0.6664590103817627,0.006609844792573025,0.33286343150286457,0.2893281449615015
run_0276,8.862101494371789,10.583027627356195,2.4124308582305947,301.273670236375,0.25500698310565795,0.04603727885923068,0.10228977290750532,0.03990564951183738,2.02826580517766,0.5552200302165108,0.8352002879947484,0.009709732291002287,0.7901993246022444,0.097023535604687
run_0277,8.79796004015154,11.629744241623335,2.787384756724209,54.375372136013084,0.1754930670562852,0.08837777426553949,0.12201665316866508,0.13463626465861184,1.0037275263746703,0.6962876521120729,0.6852213209948621,0.005261098751667463,0.2063501396747005,0.06516834236031364
run_0278,6.190968281124028,10.819430496117768,2.516722614246455,64.14838543680241,0.10325334042473432,0.0851969903493194,0.16830330692679757,0.1452617301661738,3.79849896485256,0.5910474271646972,0.47708853795960837,0.00661808310240314,0.2717189712582304,0.3391657528548378
run_0279,8.022374189304609,9.291356300352984,2.992935895131538,147.63242067807246,0.28427330410698815,0.13579119313706775,0.05134686732346141,0.12329829447605486,3.5648685833740146,0.30267377216367874,0.8140443894815117,0.007646503324814708,0.49666883859914146,0.11228474884494521
run_0280,9.499564325416234,8.586399473812758,2.9008961997398286,206.6538701844288,0.30471889700004606,0.13548879166594574,0.25826280004730146,0.04906127845444694,3.552808412087824,0.5342725157067706,0.7816405715483484,0.001007776398388471,0.45892144179734584,0.7054819875465819
run_0281,9.109005818676387,9.404209351011968,2.6674971935458864,152.52316171214633,0.3210253454305789,0.13222148335916323,0.19886313079285117,0.19361736251891634,3.3909991411921983,0.3693479248107571,0.8942466556607864,0.00867865054317199,0.13352658376878532,0.16745443427728682
run_0282,6.5662485079672805,7.190114017271769,2.8105723732110497,217.08737525087773,0.39775834461712634,0.21840633705105658,0.27117629742034344,0.14531863268808592,1.3943229363364114,0.326263270942894,0.510268199252244,0.001509322179833003,0.31058956213893407,0.9444351359465476
run_0283,6.186610403377503,8.34217845490692,2.5663965402590625,309.0437354021937,0.35267530486618326,0.05072206565977045,0.05970478530616833,0.1359563824889002,4.212596915231105,0.6647137543667007,0.44864343385384486,0.0010429166109607456,0.1139732733687846,0.8298988456905789
run_0284,8.23589045178522,10.568581807850638,2.5621519547526708,128.04267320620963,0.34808689902773926,0.09200605229953387,0.08161804735878632,0.15912774856075995,3.4536186353358165,0.2682320412825666,0.6422339606759301,0.007756932858907445,0.6169533452373762,0.6375018674685304
run_0285,6.058040756637752,10.0007307408411,2.7656757958864757,70.50175678129513,0.3606643428436944,0.18414295164663808,0.08023452453832813,0.19558694676617036,1.204586708826011,0.44470491156959135,0.5919851700088024,0.0013390358642225686,0.5071018462504887,0.6473795114198684
run_0286,7.498923213019827,7.949447582348553,2.5735514098150842,341.2525560283839,0.1964257632063443,0.0603712276103289,0.14228213476814644,0.1849736251134764,3.0555474866747163,0.504489249187315,0.6268304555661912,0.010148984548869918,0.23396228689395895,0.7387736141274436
run_0287,8.983824524433835,9.153836189562229,2.933633490855487,112.82519063523121,0.2091527682282584,0.041479156361561846,0.1642955741696539,0.14291004523234233,1.9158308790733305,0.34833426962224195,0.8575559907001722,0.00852452147522148,0.1817211929977554,0.2818224699646025
run_0288,8.334719249980164,6.448361581519797,2.805562794055407,353.26930942549575,0.12005300118833584,0.10702720910262338,0.10375093808449187,0.028731952252899304,3.3169709818528084,0.36906162485913857,0.35755941542144665,0.009745414423791877,0.2135818040382204,0.19387010087718684
run_0289,7.87351702078727,7.808204768134275,2.7250899827481248,78.35084648411839,0.11140755954356489,0.03165298957263207,0.07154858548097158,0.04795738320823837,2.291360791619221,0.4720375856993885,0.7100120886976702,0.002666756188632406,0.4838117096228779,0.9850999609654042
run_0290,7.362066360243835,8.199889025697434,2.6555515347820644,38.59449534806869,0.10568218343153567,0.013800574404219005,0.34784178628424545,0.19337895459180932,2.4822888116843265,0.6334547475373324,0.5287821426484197,0.0033009408466655953,0.45160311949251675,0.8639125905291877
run_0291,9.667941856771662,9.697780205568893,2.611005237292025,51.55668284253255,0.23872656381403592,0.12622464945063921,0.2979399609549956,0.04436395077178213,2.457468530387893,0.6989225869924931,0.7528379574143002,0.0046689222705560175,0.44246125340621123,0.9291914885449197
run_0292,8.287853508027665,7.784465597568774,2.6570697146402105,235.12233366929593,0.2843746118378625,0.012002963982486787,0.345901868340475,0.1981642953074982,1.296458737004397,0.33109455095154994,0.6375939738124377,0.005367521439840826,0.39634673595082626,0.2226706205053966
run_0293,7.462880554308445,11.645082488278764,2.940627775444022,31.302812985847343,0.1603431998459752,0.20143945831161172,0.22683875943925033,0.08234073484372662,1.6624245930897397,0.3890430648325349,0.8706687569154503,0.001332748264120693,0.28488124991852815,0.20536606219896136
run_0294,9.898820987339192,10.242404449635636,2.489004604648615,28.892961003162466,0.13705734327187408,0.1951942592829141,0.16996835615919625,0.037038401529215406,2.2637073389547675,0.590461858598829,0.3163443688250351,0.0038133639963973706,0.6355705487332199,0.4620456911137425
run_0295,9.888537721246184,6.094119551291609,2.8927717712427454,144.08814133492638,0.2955236049530163,0.09699704657131575,0.23486825505671544,0.18367368277398347,1.3634105245766013,0.6183010728444687,0.5176828545030694,0.0062825906471969785,0.7877382807508511,0.7278085010289154
run_0296,6.833051167910215,7.058234373301203,2.5835906277063025,315.7757265404198,0.26328473683737275,0.12173472666199871,0.11433437715247033,0.041583906112095184,3.747480143759332,0.2718815038817427,0.4411257385954691,0.006747465214440181,0.3880823064337616,0.3864644563015274
run_0297,9.081098150505367,6.599377881374282,2.998042865289189,135.8495585804165,0.25182099902529065,0.28471752782407544,0.20478370222218759,0.18791135642582596,4.313259247083963,0.4263989613660967,0.7960390540531326,0.00644247249066806,0.11926329497266341,0.284646580413077
run_0298,8.332008660398749,7.514114819729058,2.5770632840161176,32.65999947584161,0.3675082359468328,0.2612870512859359,0.1947062270800404,0.092184612395228,2.2327759245070897,0.4154681534695688,0.4491901728869033,0.00318633626426223,0.2918284207024562,0.39459658277640475
run_0299,9.915791730624786,6.842598253069039,2.8964791166994606,214.11121592254597,0.1980878842361189,0.02787506664119667,0.0457102417305143,0.03747059092333245,3.806612428843791,0.6908702148039596,0.49106475609422684,0.005136634644985423,0.4236887482631986,0.0414488188743248
run_0300,8.073589898802954,10.605581305533832,2.8652682556416944,282.4894030509291,0.21208807280490777,0.03787609323172998,0.14993161510592617,0.17662414572015414,4.522357506594078,0.29719937866368884,0.3090902187572958,0.011525038189601895,0.6381427261206384,0.24344325753344914
run_0301,8.708864899426903,8.282443427431105,2.4984963043017254,173.32718961194138,0.15145361581115782,0.12793074358810505,0.30869546894523053,0.05968366100868112,2.9202976279263693,0.5257117966839869,0.7997344766000642,0.0038386998735785915,0.4980888783689823,0.8504117711734855
run_0302,6.464886681198625,6.461232658039725,2.5956071397406926,200.15410369855252,0.10484015223667484,0.050052915431202244,0.24647658605085684,0.13870867241039805,1.0994929560158817,0.5957829612933677,0.6712389000184744,0.011418895812324959,0.5764259455075901,0.8590859386058312
run_0303,6.361047430913833,10.14447362058368,2.5173845982428737,135.4925983754276,0.14172182653954518,0.12367698591045098,0.18925568711464089,0.10197898100541153,2.7921854577550254,0.35321254179182693,0.7385439735732866,0.01086408083978935,0.6670538364647294,0.7284646746421145
run_0304,7.1619390381817505,6.18160449559249,2.854813143775484,55.569778235385456,0.23170612441913999,0.07236628622939445,0.297791490550087,0.1869073899338957,2.4638596786646056,0.4858720444027738,0.5827731251570871,0.00169401473484241,0.41927242219855676,0.06262153183202872
run_0305,6.654003488097569,6.337564462617176,2.838957923106654,43.764753893942974,0.325418259612782,0.0813339003659023,0.08457172838464436,0.15963861001497853,2.968692883109491,0.6140749974614831,0.38699779555828073,0.009699045495622238,0.2940345691568347,0.6129351214049639
run_0306,7.702206786175705,10.83853117806865,2.4153270619364986,326.1210499244371,0.20110085819891266,0.21450731143657215,0.13028629395465377,0.16389379866272455,3.0111426644378554,0.33760252681317726,0.35435712623930177,0.0070202837049202615,0.42009430748425136,0.3217053561481677
run_0307,6.082933918790427,11.913935814800697,2.447558464283951,67.37150507668846,0.24250040338861803,0.03561420681287392,0.21089801498727623,0.16825806562067258,4.4717376202115275,0.4346639355532138,0.5196180052218885,0.004126049046504409,0.30491787568491213,0.08260098024936399
run_0308,7.017482820257902,11.298540784379153,2.6462990816685408,339.5484580748156,0.10135978642734314,0.1505357603069551,0.13259878444377604,0.1936922893039587,1.89866909821319,0.4608622920837424,0.8953144379290492,0.005025675965633653,0.49122945690598896,0.3482245177922432
run_0309,6.591882397884353,10.878775659580237,2.6421479828974435,86.77433477496693,0.26633473473112307,0.19111374056403668,0.06626401174876023,0.19216496465948688,2.114935472856682,0.6222324222153588,0.8828945306781033,0.010261862787547111,0.5572710554161974,0.9570942016277016
run_0310,7.667745146657855,8.71762616923776,2.598729435943485,159.25782679185383,0.1445904679397283,0.04698230286871437,0.2218255195714274,0.061501668340194014,3.7641088692790996,0.5175419201739456,0.412145129044804,0.003887124086602824,0.3755704164114564,0.417974023748121
run_0311,7.0582150371617205,9.765925337558677,2.695514339782377,351.30350040186363,0.2619270762536198,0.13198245489706847,0.1328605484148626,0.058303524362089396,1.5945151187224886,0.20450529783638824,0.6657765890117273,0.009161350280323464,0.6307836332920159,0.17570561460850523
run_0312,8.445706753714271,11.650704101829056,2.930614798255099,156.03861104239283,0.3952731937099805,0.06217598320325321,0.08665403767110481,0.05102387879143702,1.877880450660434,0.26720118959424255,0.3003311144697671,0.003837855848538981,0.403267300914534,0.5418399476170568
run_0313,7.2855498469484505,6.712585191662504,2.669747394139103,294.85525010300523,0.27005451270727787,0.020272634674796217,0.050232977177270474,0.03597471012108168,4.5816778660877775,0.30455992605297816,0.4765443208694274,0.00600690632640271,0.14817423133811283,0.8887804512193488
run_0314,7.90563931580325,7.089730452397064,2.5754528966027546,204.15990553294483,0.3557802988217673,0.083696742860212,0.28645934379694044,0.043224052344802366,1.3429164907401372,0.2773511139053208,0.5244242333701893,0.007339434167153292,0.7769437418384292,0.5824182853559317
run_0315,8.461257439024983,11.483843153967536,2.719877253212683,341.0728825036621,0.22551144699765274,0.17605759117843198,0.1146131085334188,0.16959867259165526,2.7256953060700306,0.20537233484206505,0.46370851334587526,0.004321008287047027,0.22823524212179935,0.012385781764141287
run_0316,8.03281558570063,11.692862202148241,2.779143976134699,106.71514114718363,0.351964470909531,0.20444067434433813,0.1583624293686691,0.09588931430443272,1.0523541395356457,0.38465699906082007,0.40002724991442545,0.006216379516925422,0.6702099418612822,0.4188818549492415
run_0317,8.505407225022413,10.691094643698763,2.8451877390030686,71.22335618460795,0.23741831293351182,0.10527776179110213,0.2997696842563126,0.04624648443854625,0.986099167306666,0.29637766020084416,0.3298335841427824,0.006065388576819901,0.6299552152132276,0.04451316796341333
run_0318,8.422693190375993,9.604018643284519,2.4832416060426508,14.159830785891412,0.12637765332637307,0.12562531081530906,0.2524926970219297,0.08088667225606927,1.3703160854311118,0.4171463114439595,0.43820184874245727,0.007820168553612157,0.7663387790665304,0.8204243460892624
run_0319,9.08766893699691,11.551024417551448,2.995202431404381,299.4776144693277,0.36311415739043995,0.2447146005989148,0.1862572162629796,0.19211115259956635,3.1341591266533895,0.3805863575084303,0.5872391040668332,0.01053569190538315,0.15361002606810625,0.6620149317443809
run_0320,7.525081607808616,7.630092242204432,2.8887628760194963,266.89653196908813,0.1243203324427107,0.03301437086873005,0.11863642749442876,0.1764293505729195,2.2588943879228305,0.6808665950165149,0.6625425233712887,0.006561322628485325,0.2813013554598265,0.26344639457707
run_0321,6.00345722373435,10.246927205369332,2.9239563244776567,203.67109624623222,0.2728215707405278,0.11646326890109615,0.1949719366184063,0.1428617729327446,1.6513020449396876,0.5428849011032267,0.8249608064231924,0.010628313892539702,0.38125592050670465,0.006906142038775121
run_0322,6.546487385771059,7.133035797959573,2.6935233038128295,234.62716856742742,0.23621838593811756,0.17557230783487987,0.17285643226115877,0.018426469631433313,3.1825944485669355,0.395175364437812,0.7965710438752815,0.0100186510378629,0.26412032884002973,0.678793100095058
run_0323,6.304453241423723,6.84944831416924,2.607079996545491,115.81958039787004,0.2657913712447377,0.14765119851738093,0.14131191542221955,0.1451326779052407,1.7265817204014593,0.3131707198345312,0.6343038080559849,0.0035163518576486466,0.33887389440216925,0.651454972481109
run_0324,8.180667565669388,9.615402938893936,2.668757570613592,13.074100980801038,0.2087426998817739,0.13643570337653343,0.06351418049429083,0.18655812020671092,4.9173534100608665,0.5436812807308438,0.4779059962065165,0.007774612620679631,0.6250960020614919,0.362358120952097
run_0325,9.937859020989286,10.422950170156446,2.5337995107457107,228.11836526791907,0.32001244351015157,0.19056181488634963,0.2778874155978055,0.12336120981231233,4.863448584772918,0.26282406584508905,0.8040029563157833,0.007730665560473109,0.6480040164997212,0.9395932367252098
run_0326,8.015679206389887,8.974018248973486,2.93887349208675,62.09331108087251,0.20716693568586023,0.016151497797512297,0.1140006905291738,0.09579674725640723,3.9559582255894705,0.40215895132262347,0.5382453993938559,0.0040954514648386675,0.2904625190522853,0.9569604654113161
run_0327,7.86302154186562,7.115774008012663,2.4255966289244815,293.43769173196995,0.142622521217763,0.26810271697364213,0.032853297445126314,0.12174193911818519,3.071137907615525,0.20777181577470472,0.5080068724853402,0.008541140467265618,0.4873675917940452,0.9402516311096409
run_0328,8.078540362157872,10.565391834736312,2.9681365980620216,36.543952306726986,0.23643480844588946,0.2763386367593261,0.058096137119178,0.11693224926591474,1.5168915209593128,0.29876924633523805,0.5340040229772234,0.005148915656825988,0.7994050271737209,0.3933390854151517
run_0329,7.018285682809102,9.848346604994338,2.574868085805207,126.18481392178244,0.37122037919847695,0.05635597145549196,0.09704028475858806,0.18941063325604574,2.0383214307670947,0.5276783064473098,0.7676591917664337,0.0014204787505474829,0.2734436911584589,0.72974390678985
run_0330,6.957569285665041,11.74218416798768,2.998308422641101,1.9980718816709993,0.2258336093250951,0.014694686609950856,0.07133696245447033,0.13413356252591763,2.0595901993448145,0.5269337446735485,0.34731811988197503,0.0035770404056929203,0.6245359127390272,0.562364362963646
run_0331,6.09470297540319,10.958840902884985,2.842097890866558,303.5358446461307,0.3275236225376079,0.2470429654599791,0.3059298916733704,0.07982491201986051,4.986405087721154,0.224740260302646,0.48951811805646755,0.009723028581164743,0.4402285613260134,0.9093924620959218
run_0332,6.481379995136172,9.721608886253193,2.8608466759360023,196.9555237305492,0.10643106378451507,0.09437195491698946,0.1742697810087422,0.042122340937986696,4.874247621501899,0.45522315853757833,0.36042771081361036,0.0015436437864158117,0.17920985474149903,0.07204178337603555
run_0333,7.1410904614150486,11.543750751675924,2.9479262237412316,313.84646699937554,0.2099783651871499,0.04504065005273067,0.1663953292049232,0.08445399846127469,1.330969212964634,0.3381733799056703,0.5510895252624533,0.0034789531471821917,0.3409189588281413,0.9429288585107217
run_0334,9.717777270054427,7.838602844126237,2.9207767344977213,357.32256562586826,0.3995583827326755,0.030728248632999326,0.03218898833549918,0.07177497058406186,3.194006490208319,0.2666630323345697,0.6035143473024929,0.0077350080483355454,0.13610019868799778,0.6301357031787311
run_0335,9.569056752372065,9.620266311470143,2.8266818952776194,335.9061851637524,0.13174000731533989,0.014833055110355957,0.28834746554655877,0.031519543123376556,1.0235976882020947,0.4348060685464944,0.3924067482047613,0.011975555986105488,0.5076301897478134,0.1978132044967638
run_0336,9.08373222186125,9.986109183786546,2.6690740657760195,280.90297903262774,0.13987489640960335,0.19438977102183372,0.3123335436157238,0.010071636873194033,3.3481150212951816,0.5790247046451877,0.6715299212438912,0.004144934140629751,0.28327933183211196,0.40020481539640795
run_0337,8.006986777720481,9.85755414049117,2.6218659610965926,27.08224799491616,0.36230990009283137,0.0813961954002757,0.2931135989838336,0.19493302233181128,3.7992110186511674,0.4734351787997729,0.6847184469449992,0.009605244836574593,0.5419392389501547,0.800041934156045
run_0338,6.215313476563839,8.003289972295539,2.4990272096053077,58.185730015931554,0.1943977300429453,0.1757278174334003,0.23785367919388364,0.1419893577034381,3.138960191043295,0.22969359050359242,0.560766258445397,0.0020654274127813966,0.6750249444442469,0.26848178402634504
run_0339,6.0491136440255096,11.200148614266945,2.4252393344299823,262.06005520889414,0.3741704990760568,0.23612317891141843,0.07011583239113567,0.04310915894213168,2.4486593382371336,0.4086137770865338,0.6067754638168164,0.0021605580805131516,0.19972717451553518,0.4850339432758144
run_0340,7.484996676315869,8.251488730986699,2.568323410699739,339.92868168367323,0.2259342389364205,0.259505489154143,0.24491794227539213,0.05934588371635693,1.0662498745824096,0.4625726467712346,0.7441067739427991,0.004171314663636864,0.4636484596773338,0.873276709424912
run_0341,6.155987883765739,9.902775004532103,2.4019708170292557,276.82525442084665,0.30080865018493197,0.09965995375155895,0.05761235000682597,0.08818522338355846,2.3856757657287786,0.5713536725238535,0.32160991585840953,0.00711672590488062,0.12543838551840583,0.32562520187700733
run_0342,7.437726336431992,11.961946345726863,2.5390526754520515,349.5569713309345,0.25970886552664146,0.24911146957847638,0.2162111773836731,0.11153776182674636,3.2545061839621985,0.25088019668383954,0.7719472052277989,0.003778830990291766,0.2779971017973618,0.3708956365582815
run_0343,9.093907870199796,6.523612109041552,2.8533555673954445,6.528657241153025,0.10278870988485592,0.051818768112571946,0.3188916099403462,0.07919999346956993,1.5507132389867735,0.45182975834996864,0.73124768734694,0.008892826639510076,0.16355019013644642,0.9179920418484802
run_0344,6.389527252929182,7.2944981794256805,2.538437828444433,328.40057073792383,0.18569281718525948,0.09870017601932045,0.18495445315215572,0.07377311693405367,1.7231363104194963,0.6728994577252134,0.6197463225643032,0.0050677230694305955,0.32162461429790257,0.5410455134972251
run_0345,9.818812773617363,8.411101888969938,2.724395313084402,143.32677368243472,0.3065001680831829,0.24231515056008399,0.30822552442727746,0.198858978396828,1.9652417613774729,0.21096099791304312,0.7221363212901157,0.002680662600637783,0.7453037739078104,0.06328546244200658
run_0346,6.259210318214599,11.771095614996035,2.6624586301252764,98.8819352168447,0.20272950933958306,0.16634256345436244,0.29114222569784187,0.19850551972582237,4.68540826917804,0.48921866849755635,0.3725739762695136,0.004740277349761405,0.16773793361763661,0.5611848822525135
run_0347,9.783953479119756,11.627163869458332,2.7883483807036322,73.28048070358992,0.22790928408736535,0.29089759725862047,0.20705489039915792,0.19694904927705847,4.1509839121371375,0.26244053399089035,0.7651672417237281,0.011578505661663237,0.725648303085572,0.2393777317121241
run_0348,7.8286082424635435,10.111246586715865,2.671344205827775,342.6202044724597,0.17136671490305594,0.2063763374961416,0.25129953116297493,0.19084547055712567,4.640585558162639,0.3643507906663624,0.590519200676836,0.003489628346459834,0.3971990524800971,0.5045772710506423
run_0349,9.421781891387035,10.70191488483657,2.7496818495731445,255.7800513268087,0.39186624645554735,0.05621432399021489,0.2885031577271347,0.1348044720608753,3.381546813930589,0.25112977297195466,0.8381337363495451,0.010033714942617823,0.5210889242817722,0.6401038021765749
run_0350,7.867002342151146,8.819134522190573,2.801946034060589,54.56189108210636,0.3713934749589253,0.2829520363210436,0.1909320918700325,0.10099843942269945,2.7935667724993953,0.3441958219218967,0.6254638267676953,0.009610439153194962,0.17406441247458249,0.28652941319533737
run_0351,8.919352040906496,6.348555293222844,2.4240753518998592,194.63977370338947,0.223311939929056,0.015305850933814705,0.05483667843227778,0.19304970999475976,1.1963208996414605,0.2652800558859848,0.3190576853601266,0.010540622556727948,0.4618243607807212,0.4242575198748782
run_0352,7.148566669259071,11.420139923923628,2.584572685043756,129.30663820054951,0.19918186561561907,0.040993618103813134,0.22980995792648082,0.14564539514844857,2.4372360263374544,0.36831890997628924,0.6817104994843259,0.0074724667660106435,0.5830495800647677,0.5959733245088275
run_0353,8.110809568622967,11.529048538499305,2.409140548580447,99.75587907240731,0.23026072285402166,0.02714145219433616,0.2762809659530048,0.13400434245861895,1.7865215965827188,0.33581454477160677,0.6632286270340008,0.0027106064784867155,0.2556702744831636,0.2093816579982012
run_0354,6.882282653759033,10.211271042414111,2.7907917291619526,212.81136477098778,0.3209261877129708,0.27054193459555,0.17978346675621915,0.14744184880834788,3.3195051182933053,0.6607476902696453,0.4963888651226407,0.0107332496219496,0.46958909546621064,0.5696893834108931
run_0355,8.546746689635993,9.59678759858468,2.503404887531127,71.66289500424082,0.18586267493976333,0.02139526366501826,0.2678619209366246,0.1067852134005286,2.633695048848513,0.20402149882363727,0.881126800787325,0.008836268360845691,0.7921912409062782,0.8844196886125952
run_0356,6.887385597732735,8.111001583883631,2.7736100682788805,188.42586365132135,0.3203620904613449,0.20559005057683763,0.34268638232320686,0.0767987802127801,2.2412220834036916,0.211411160032411,0.8956213500882271,0.010574270507445385,0.4128410636229741,0.41526442543243064
run_0357,8.535293624340557,11.893154309848395,2.6120345552446316,175.74067301389908,0.3535349707719546,0.24212083775926088,0.06740537302894459,0.11246323919934638,1.249874549419416,0.3993373050411064,0.49988943548387565,0.0012177843836300366,0.18916776905916144,0.9902341105783576
run_0358,6.611591268612502,8.637821313909045,2.8883409100632123,112.62757261199141,0.3114240182832516,0.2629544270595492,0.08128986197633384,0.11075344276295251,4.806969106052129,0.2762900164764507,0.721236265964629,0.00891653765885728,0.5680777472294488,0.10869540065814202
run_0359,6.103130231691157,8.600033681996798,2.9623223991337655,7.915404269315078,0.17919888153528646,0.141681511935187,0.29912995609272364,0.17249514446071834,3.824808525697806,0.5287004571925944,0.6531312807485206,0.008016954473255383,0.4475904197544217,0.8386185048653335
run_0360,6.935518514092951,7.961547767501171,2.518705130186944,64.72836889807135,0.17061313229852518,0.12832016072543062,0.3252626814953611,0.10501608969143661,1.45906585273111,0.5000049388436809,0.6761323429625151,0.00780668071294869,0.7112545025766313,0.08943985714242196
run_0361,7.158366359865042,10.592175943401958,2.8453352190295194,328.5810659140752,0.17760960390215114,0.10134195453195395,0.17317259945120234,0.08617468673692227,3.042165692355227,0.5857137714607854,0.5517234236037678,0.002344678750522188,0.11518174869830407,0.9703212559123009
run_0362,7.6694475077179325,9.628490468489304,2.7914117031075496,178.13814373336865,0.15948208736885938,0.24105666861535824,0.10072754897308545,0.0632737843541246,4.209375250053746,0.5939626220651276,0.4297950002301876,0.009367054791047113,0.3624389382496839,0.11120932434622498
run_0363,8.899166597952863,11.168845261366787,2.8305200774275563,138.70555143474726,0.33478241101963735,0.011244634544133889,0.2835476789477434,0.015387405318229255,2.485434315635656,0.6600602839399352,0.5599968998054157,0.0067674960361076555,0.300901811889305,0.31972219273715485
run_0364,7.814621239092659,11.74906961329754,2.898351622755853,283.16487148210047,0.34786551158012946,0.13117728936912987,0.2786587949597691,0.1899666316911489,1.7348665154501424,0.5776373650486221,0.7658505881578528,0.007229915548598854,0.5341715038746709,0.47458165939051117
run_0365,8.933656493707863,9.943163550372871,2.855173989415815,25.031511446339735,0.3687824944462482,0.20300567321304613,0.23842726152553412,0.13105216334919392,0.9447870731099061,0.41587346296108985,0.8686132110977758,0.002840812413880699,0.38264892242716464,0.5727228509323602
run_0366,7.956894904120454,7.91387441542378,2.840268155470026,271.40151273213735,0.3560624957382873,0.1697933959014321,0.3429638073793428,0.07163835738726114,2.7441390412830087,0.6933805619361617,0.318337648320266,0.006359749800817843,0.41743061277839966,0.3059800571986434
run_0367,6.545545218108755,8.292471686167172,2.6464135558327393,50.29866758631846,0.3662021545611127,0.12151523331626828,0.028846183535193654,0.12021568028079797,0.9409186026122507,0.6313791662466959,0.8481317132191557,0.01124497758191935,0.7073695483008359,0.16945601812573782
run_0368,7.075052131571815,10.142348004593526,2.4398811710166206,199.97932940854602,0.38450128718253396,0.17912951806379218,0.24072602506850665,0.19626633191664064,1.25991847993537,0.5700151187400051,0.5387623040079488,0.0018777169091533231,0.7892729035731023,0.5966332546012351
run_0369,7.759267255690181,7.989761154561794,2.582662754996127,36.480273727453614,0.20399253502363662,0.1805742759954123,0.13325145334008495,0.17225554858284664,3.920233777392572,0.5319878763544319,0.7166423657327252,0.006884976444541518,0.47607352639441247,0.22823584280221587
run_0370,7.136684216437188,9.583845262658397,2.539799037692794,342.95869959220664,0.20544185633683784,0.15791940528753143,0.03198381872699746,0.052984604863290624,3.425220672446991,0.4893568776060528,0.39851747497603685,0.0033667511403341443,0.6554071569032944,0.6536625364495948
run_0371,7.504239290235974,7.392077337501494,2.4196670844001926,344.45798912669807,0.3401870035576606,0.13810128322822618,0.332895687993651,0.06622364500092787,4.703542516368755,0.5178852057408484,0.5327489626783153,0.010718391545807938,0.5322317689287607,0.4145350577280235
run_0372,7.01585407731768,8.774780457928257,2.77666464346634,15.435881949179693,0.23650559592217416,0.06975290705327282,0.041834229222090916,0.10220237050565545,4.5771122613285415,0.3144905334708392,0.5330121459482237,0.004117825295917134,0.46011417038449476,0.8837195692135318
run_0373,6.415802470284573,9.422691206028613,2.5249558458855543,12.160389174277926,0.3528793547822302,0.20618435489140272,0.25328114165321275,0.1253075902358527,2.3082194782684216,0.2175211404123682,0.49007821668075363,0.004424272353004244,0.6268506315506841,0.8011865389921476
run_0374,8.403631719626613,10.007676932633112,2.8027687164328032,94.39833089463072,0.3497291938595263,0.030257475343455777,0.06947528426308003,0.1191301766709027,1.5319324013407871,0.42933673410392004,0.7483471830349153,0.004898391988907639,0.3190639713335335,0.7845890647685506
run_0375,8.415041390634563,8.993813582447599,2.448822563550105,282.81527391989084,0.321437241051284,0.07700800658822987,0.11801466072827471,0.142294823936236,1.5068040665051359,0.3729514999888768,0.47560476031154464,0.0059467821218414894,0.5083957974559999,0.6465571685399772
run_0376,7.267263063593379,11.648850783703438,2.501601635723766,314.4834257913519,0.34436245651212083,0.11461889222949734,0.30824459475973803,0.09152185202812486,2.5412670154940917,0.6917850724838294,0.8896854373763494,0.0029868394208258445,0.29229793134892335,0.3731401579991298
run_0377,7.435644427784839,7.467805818264675,2.918412722269742,110.64552060197133,0.11350207580140667,0.29878513547785324,0.15058004493173405,0.08978933280816898,1.312851579982095,0.6961112936499059,0.7298078606119014,0.010726153522966134,0.2692837645842557,0.8422758211213357
run_0378,6.530274671748494,11.214995500569422,2.8521712794480885,171.79497116073546,0.37705129029266715,0.18294999554038782,0.22483237768638314,0.18564620690081987,2.2835365590456513,0.3098466601908979,0.5160822115281304,0.011668155047407279,0.5357457101193472,0.8096838852314558
run_0379,7.51600260901496,7.21711635193863,2.4134448196642593,78.78928194759126,0.12753618767878344,0.07782361762530188,0.33873111899587777,0.17960937035983499,1.0596754412276306,0.4644009852638041,0.5903879906211602,0.010482451316241072,0.21780758991402982,0.30033592824198263
run_0380,7.661827031607509,7.978097450353815,2.576740852514921,68.93259242399056,0.19432820912989512,0.1774537734748115,0.04895213033600598,0.18433248310224176,3.688680686429163,0.5664140483879515,0.573070247794321,0.006204415870160344,0.42156363535125296,0.615419586818846
run_0381,7.105284379935169,11.22967318982332,2.7075914809830257,150.90014633285588,0.33987558571597554,0.2790798161047105,0.10716980139461119,0.05873097775219213,1.6087756338708128,0.35810439256626947,0.869010563312435,0.008452118209077028,0.5228968066738932,0.24762563124022546
run_0382,9.39266764269577,6.43738865708716,2.9244260351824476,252.94443155657626,0.14850133655146242,0.1602706131311038,0.21774054187373507,0.037081810822355774,2.6404491614221786,0.6358958326472592,0.31609087980613215,0.009844995066374054,0.243624388131058,0.5439613669848732
run_0383,7.92171562797397,8.952299442314686,2.9124346505555687,330.8486701592345,0.29013582235490076,0.0549813111683921,0.08141541343306141,0.13223500879394537,4.399094790806424,0.2032507434095902,0.5141909342388746,0.0038677146524470868,0.2586724257040364,0.18715910532901517
run_0384,9.427488744512061,8.826835262267103,2.9618350801310154,349.05077311396474,0.1622171324988873,0.24885897762578396,0.09068519530855199,0.14554705015370611,4.041900228375972,0.6425552240653163,0.3788742003085095,0.005321950814761433,0.20799056418283357,0.9865349090356276
run_0385,7.514876244330214,7.396836966455375,2.834106488933333,240.21653196488015,0.2424349397539469,0.15566531157405128,0.23278677073820134,0.14942905899307496,4.712955542174148,0.34448979110066447,0.5784954549823061,0.007087393375260307,0.47576552719887844,0.7119267305137198
run_0386,7.2748944979118555,7.599811948665144,2.834893603327183,281.49058501604276,0.34731602416271035,0.19156637362681375,0.27081900708055273,0.18444140325366395,3.665804481245707,0.2642028168614143,0.6615818074321118,0.010781923002337886,0.7712890529620539,0.1905200287903278
run_0387,7.727704493109856,6.7609397790706405,2.7001845616095013,219.6919026181335,0.17863218339664988,0.0746691169094471,0.10869847329165788,0.1112086310012807,2.9526036373537874,0.22729565261564588,0.45152164853457505,0.006150194496969854,0.7008249418559931,0.6647785429684432
run_0388,7.844683935379232,11.317719204420701,2.9589804981649594,221.02346735710557,0.37437550200265235,0.1129203926472519,0.044346608513452235,0.08883522314900595,3.6116287551881845,0.639047030972353,0.6885543894516891,0.006143936823190653,0.7275638143376334,0.5163647301856573
run_0389,6.140346702522019,8.13494387840987,2.9851387804123295,114.39979199465375,0.25179912249659897,0.08821670298193682,0.08955353029323834,0.18525841752356037,1.0311435226900247,0.4173674001151454,0.43044652619905466,0.003999447288359957,0.20388282705201966,0.7449682333258524
run_0390,8.900629369515162,11.987667915350084,2.609968134765487,238.00681015862725,0.3075917196650188,0.23202258346903806,0.2578956258267197,0.013596567624332612,2.1261114006407182,0.2649758436272578,0.6052102286340643,0.004200653884928662,0.6145194317002871,0.8708961346323152
run_0391,9.838634210688102,6.950615125726869,2.580237121065502,82.718829063201,0.2791640355787988,0.2989851648301432,0.2225957869879352,0.1659899701301338,1.4250642291010989,0.29815846090804937,0.5994348488291704,0.001847480795987665,0.6204918162582743,0.03292841062475698
run_0392,9.247175790329639,6.165762344513115,2.802206216679665,123.0006171548681,0.32961442857052137,0.1762681042075957,0.29509768018198085,0.19294620164157156,2.427574919417542,0.29542343510976576,0.578992941567053,0.008473098045029086,0.6287900782702148,0.8617465865168912
run_0393,9.835774567867343,9.133121853368264,2.851837530278833,97.85474660127534,0.3380247260921042,0.08258699637561125,0.2609847803915143,0.09411380867096243,3.888887599252013,0.5273657032114182,0.43785957438556333,0.009039200882591882,0.6865614437913814,0.7815094440321899
run_0394,8.931647913360212,10.097421771327628,2.6372563251923693,318.49736525303416,0.3930334495638277,0.03968881420860615,0.045080218700258995,0.08498601542414913,4.421908428883853,0.3277711885559924,0.6623080961288468,0.008764910015330474,0.3691659012535945,0.8135947196949409
run_0395,9.067313724750313,11.001475704446568,2.5084443557252536,24.41758455031301,0.19707405826156915,0.05571093606530466,0.31615159533807047,0.034452365541050495,2.0130242805306087,0.3329997370068599,0.3675114552775799,0.004588477040081598,0.20444054858941701,0.5352000542871613
run_0396,7.366898717078361,6.473129856465679,2.7585085271625274,24.54809968574725,0.24329936179591694,0.216124055050189,0.2472532225224202,0.07354888684669338,1.3095645165872076,0.6159559756426829,0.5332013735195229,0.0065556654786335855,0.15274403579961404,0.469833558687293
run_0397,8.902659270992341,11.291552185697277,2.806521168771997,189.47450757941542,0.20003482008311102,0.10813967081928649,0.22114842876264873,0.13395152366760493,0.9624092355119543,0.42371095869411546,0.8489417694922954,0.00521916418979605,0.38624818837296415,0.5384906247066318
run_0398,9.890997533620947,10.50341181956021,2.5919022026863754,258.27693079128375,0.2729526653755652,0.21493187289872404,0.09359926277230843,0.08374354686412876,2.260133691224623,0.37140385898321726,0.5291026980020389,0.00776655672772258,0.42524915044713807,0.18452470580797548
run_0399,6.996862680364304,6.572116136682637,2.8525531413602008,28.149531512989334,0.1531859905300635,0.13995028569711285,0.1833425003530149,0.06243910360587538,3.512003336234713,0.6538415990535145,0.7956254216245369,0.004748724530794847,0.5316989363192551,0.5462625012746428
run_0400,7.372936687143062,7.589798087787993,2.65713081489974,39.79612577883031,0.3774177910585237,0.06298929945022046,0.0448156471441591,0.12992819470125364,2.9116987812412543,0.2625727390924414,0.6935858625250213,0.0049945901177449875,0.2682495871616587,0.13367414733477342
run_0401,7.432745748049376,6.1343194755461035,2.618267864296435,183.62958601337039,0.23460916125346082,0.0855350329462131,0.05905302731491036,0.1012653817114161,4.278352544074286,0.5635963590146762,0.854096880569547,0.0016896576746981984,0.2561928026211053,0.16461563498379922
run_0402,6.25588204845922,8.49808902474867,2.5192736179318347,181.0476410925969,0.33318688991932527,0.19457468621730528,0.3480316021915113,0.08204147399752988,3.945248597831564,0.42007214853813013,0.341685567441595,0.006232905133208261,0.17091299296774462,0.9031015143040422
run_0403,7.692432096839589,10.318873321072626,2.4694131857957737,255.5590412036125,0.38461293897457294,0.06479821661937761,0.1614293768038307,0.06384764087025387,2.221944899517608,0.39038877479550826,0.45942276787540876,0.004798517899768185,0.5377489406376661,0.10389854010846923
run_0404,6.496176256834666,8.22360160265272,2.6588600216566705,68.08558952226748,0.34548722038344454,0.23735776748503074,0.3343141403104388,0.14631264558819193,4.959659137942503,0.40982598975964396,0.7574228573888577,0.00143509461488987,0.5855699905845516,0.0880838582575446
run_0405,8.49676962092334,9.789393451226934,2.5102914945974932,194.12115469616063,0.17927261643993336,0.03799895034732869,0.2757107012461011,0.03198508422749727,2.7157156944921237,0.4051574875598666,0.5694397255426152,0.00968794841878107,0.7568893419340365,0.8562079758222975
run_0406,9.249158863979925,11.795954429685954,2.5466790484222517,281.6648501075628,0.13528460050607227,0.2212806542701751,0.2701238333579727,0.08085997128106115,4.347877720200292,0.5352860986348507,0.8484751567112634,0.011035898960099662,0.44400663828674913,0.34004965915011887
run_0407,9.512291822506736,7.9468388539045645,2.5266528976530527,329.3825017251987,0.29109050745498977,0.2964100028699138,0.3325253495239372,0.18419061793771144,2.0875018893884505,0.6497901741069829,0.6860827129585358,0.009433611520169322,0.48262970640887737,0.7672247547101125
run_0408,9.714033989001848,11.004941857486056,2.7710687570961907,79.16430635784,0.29772606315682015,0.011595470282394077,0.3000965198691332,0.03193546871480472,3.7089968871862995,0.30673391142957085,0.6125794319651806,0.010757611509343446,0.20086984256568857,0.7235592184000679
run_0409,6.6866989731957345,10.100032390734183,2.6871281060429,217.92622976550464,0.2513086733740818,0.21345147193921704,0.12791436632871983,0.12229991115195261,2.2906726072925667,0.5732619258005585,0.7315161773529899,0.004010325807257485,0.18823007879688575,0.4923096235126527
run_0410,8.324560850010608,6.706078978136627,2.5143636741843403,331.21855029747,0.3991479908716855,0.18544019226459704,0.1377452396937994,0.03536937207268463,2.194465834005908,0.6135081466715753,0.78208896017988,0.003406896535076278,0.23063411455360422,0.2886235570981711
run_0411,6.2778281821901,9.100171533338731,2.9636571391144377,118.7112223200838,0.10191404714487384,0.29810729163009847,0.2734494968433519,0.05589346516977567,0.9643362434751768,0.5305170440045567,0.7645590030203,0.004660726891255759,0.7365245574476244,0.8691918464519739
run_0412,8.753296881226056,9.741761180298054,2.6856596048021353,111.4423479731827,0.23256357986046322,0.2712135818028526,0.033738690249781406,0.05692643219677507,4.087113566861244,0.5698627546815161,0.6441828218161341,0.004838518073987264,0.24070156583732835,0.48200282571652653
run_0413,8.133070000348994,10.269401823854448,2.7788269294332584,207.40723809097983,0.11921811612147798,0.1435718733914183,0.2889305867122858,0.18646601246995156,1.3106780211096647,0.5963273237967446,0.43256026458055674,0.004139871985777645,0.4441298272524229,0.5361872679556134
run_0414,9.330961247765618,8.727278214627454,2.7151021228929384,160.4886935858841,0.1666879102287736,0.09125723956768143,0.20963895526623846,0.06599638643583984,1.8342316021473397,0.6103182748243364,0.6075884206350279,0.003244933092376625,0.509478106874803,0.07462252393395902
run_0415,7.698972479098097,8.0277759206399,2.886396296991549,194.81102276507966,0.20252145592456833,0.1793898991482408,0.09645120968234772,0.05064081881423951,3.9492634587013393,0.314897487371676,0.8949912199192793,0.01168184964034167,0.5879976786334725,0.7424130062204651
run_0416,8.9812675658304,7.085524758859656,2.7381939827401327,242.23532906192096,0.3195211919600722,0.05991018467273676,0.1888534723678252,0.16187665447088684,3.4642009798237057,0.6295866589283492,0.391635159675198,0.009386969835818913,0.43429410294375426,0.5667436933759732
run_0417,7.953053277973605,11.099404681990103,2.997786901854309,93.18009152478328,0.29915938964757566,0.017747726046676217,0.036299880253954454,0.16153552621989511,1.682123177648201,0.530945131642693,0.48836996837136987,0.007628680643466817,0.5949017985087266,0.8225681999650729
run_0418,6.055952605195762,7.664246209347881,2.8670869973168873,185.79225971213256,0.28036278895355615,0.019350510811530778,0.13232240189417555,0.07904101713042382,2.9596365594248084,0.225242333255384,0.4936061964828088,0.003014460613934016,0.38536444080770094,0.1373339412408439
run_0419,7.260347474169745,11.475853368008647,2.4620615108031227,242.0648740403031,0.12735443373802327,0.026053034660634376,0.12979309214701498,0.14441027794565078,1.4863522039208652,0.5603805522732954,0.43691778436397116,0.0011090297874883008,0.2649506261863729,0.9138594936962493
run_0420,7.205376883723212,8.762329504136778,2.948764438159217,205.5672335100714,0.25952612502269834,0.18790890555699238,0.043807657486080856,0.044469985222343716,4.945730199201811,0.4359787865031417,0.8058100571277935,0.0019042631742285645,0.3518187910745241,0.9250763246887903
run_0421,7.259944904757417,9.95766854175178,2.9168650187863294,194.2486599421907,0.33122062356711435,0.09467113623665778,0.2923395976811948,0.042867405158878234,2.175209421544923,0.36605054386904334,0.3166605386628426,0.005912152362126047,0.7213775997545232,0.40768823562281475
run_0422,6.197415529787736,10.337598958429345,2.744711648282731,89.8011364159542,0.20582064840998898,0.046500477554328956,0.11953207714216801,0.07881851430916623,2.438424338353925,0.5330557051292921,0.30723935949324194,0.002659389034941482,0.23003698701639974,0.93799533271339
run_0423,7.506506284753727,8.618092970663573,2.499431551940019,96.8095259492365,0.39117709007392987,0.16271149552820466,0.1943449139013526,0.011610635985274861,4.399415836709473,0.6021880551463901,0.4058071698941858,0.008698628653489452,0.38690636355557173,0.6052236693219482
run_0424,7.913520378911393,9.4848186860658,2.941903318025267,208.469515283356,0.28829608877496,0.27395882318750586,0.04983849410858708,0.1714224690178536,4.775221722735215,0.44968395208419115,0.7535828823249204,0.006386329140634285,0.5653710701210923,0.31417397575839756
run_0425,7.249305938081393,8.092632777807601,2.85556261169695,83.87179548233983,0.28233546602104814,0.1763670456673483,0.2160112665100127,0.14346784804220358,1.581897082430058,0.31017278431127115,0.5807956695591663,0.007258144224436036,0.3185758541199393,0.261344799170485
run_0426,8.276611233972492,6.626278039573303,2.6313681611494575,116.94843410734909,0.15330687044386235,0.18982911362486357,0.2846123471290954,0.18394055353052755,2.5922755644057762,0.28675114773461385,0.696609302440087,0.001961284377933307,0.46898550622170154,0.25432752408409
run_0427,9.399679455039633,6.7150022558981926,2.833349739381142,137.422938499622,0.2920258911006647,0.20425120116699633,0.1266165971015722,0.11807521181063854,4.882310279817181,0.5861554962231659,0.6333149896610388,0.006090342056348513,0.1521121193471071,0.8316560865853119
run_0428,7.816073241300563,11.640276164260367,2.9128284117486576,88.67226946601727,0.18001289834972364,0.1879416899959811,0.093760048931922,0.15612720983093048,3.4996434996052725,0.43247028550260747,0.3379292479719784,0.0030946396414458163,0.7653286645831359,0.5722506660832856
run_0429,7.812689253099906,6.828437558080781,2.6646651493338136,91.82569670770381,0.2342859896843769,0.0739880302874486,0.07651085264501463,0.10589052028037811,4.172346988211308,0.6827353332169168,0.8684530763543683,0.00770547189311207,0.7311396527124151,0.3680256137973974
run_0430,9.902042047482698,9.648320148040877,2.4566601221847066,242.6618911066335,0.15042420442978172,0.08106869255032034,0.24305035108721854,0.19333890477636154,4.496160001352874,0.3327065433377163,0.3859894134806872,0.0068934920833277815,0.10415644511525966,0.9264896828559837
run_0431,8.322011819060465,6.603370028265495,2.4828262986211946,319.268778647531,0.1608669847640882,0.2892082493490646,0.026063835602541077,0.1027194680533079,4.026063568463624,0.5280008332404644,0.7429413927389694,0.007944364577177431,0.49431253683737264,0.5004519614339139
run_0432,9.467467676363272,8.602493601634096,2.7847704455996594,267.56189374576627,0.3595226401527044,0.12060233986610855,0.22340800457060267,0.15477636858269816,4.562918245508856,0.40060737925379886,0.8421575445569887,0.003893622567333956,0.22017771037930878,0.8867984283737745
run_0433,6.123690970583688,6.82379574498167,2.6168002754598274,332.3033953414457,0.3559769920933885,0.10726220159450658,0.1726655698266424,0.053592035334368446,2.001370970556955,0.2604874135384409,0.5954961461254333,0.007263493560865602,0.5774661940937313,0.18123826660668446
run_0434,9.850748313425246,8.176926804973753,2.473779396604335,214.5858915307514,0.24067121585918122,0.07843520641592094,0.09169443557791085,0.07668208752406346,3.1685989001110944,0.44779990574212936,0.3901525171232046,0.0011691717035126406,0.12717798075182418,0.5221353795105784
run_0435,9.111867291710487,8.2136505581522,2.545315121389503,19.51074508779592,0.3634041306723197,0.04126569032521796,0.12086442488558366,0.10979393394368929,2.7138594716953,0.5007150993035534,0.8194341414079394,0.004771912280830879,0.5837543444797416,0.9155824192521081
run_0436,9.573140741808004,8.310099770428462,2.537406067837665,176.19673480398944,0.18604484292927514,0.09647795338684323,0.06008621385594301,0.18818364772713764,3.077951538623565,0.6812619874447583,0.32897652425315055,0.002772305310277989,0.3063646531227707,0.5034340939647906
run_0437,7.790273696939678,6.065998749249291,2.8418832177378075,40.97441080693853,0.2491469652616722,0.20512045287718284,0.20097672416713658,0.07466480519679526,0.8603855401961207,0.39099864505004545,0.8308395594260458,0.001736358447468907,0.7375993762989211,0.7861794050848888
run_0438,6.342549768622354,11.783209633119432,2.6801012418986803,83.47555633713706,0.18955646670995258,0.21297237463958685,0.2875702331519095,0.17183772164689604,0.9256024566456789,0.2102108228859286,0.5618712361386897,0.011600479058135403,0.7304857712107843,0.06667491855406102
run_0439,9.982453399983982,6.263020925961622,2.8041244728799164,300.10802317000764,0.3730292937117129,0.16098546048624512,0.10131675095761719,0.18705311191363405,2.613512714153884,0.4819757424098666,0.4708646158495302,0.002567262724592976,0.5644486189139906,0.12153425053026265
run_0440,7.536621326278825,9.379314459158802,2.440397669388173,139.7573031573567,0.3361162636335493,0.23045040488057814,0.19455209667533252,0.04225628057221769,3.6804740362356334,0.38832536322151956,0.36330570571769527,0.0018941638326856367,0.581112728178595,0.10478594326381747
run_0441,8.1551489120639,11.763028125679893,2.696787966522747,147.1753467991421,0.262844274643926,0.28021753444591213,0.16279403426951816,0.02600485744180798,1.5101961000018023,0.5028348580516981,0.6281404737459716,0.0036799958116724187,0.2390481894877838,0.9468687303921756
run_0442,6.550754250686286,11.524167152900635,2.630448063712843,81.51550698386997,0.3923207742243233,0.27194453442195365,0.340730326413305,0.12776051855122786,2.738744740011801,0.586712821401504,0.7087620153789191,0.0037720562692163963,0.3644229279953013,0.9677508380879389
run_0443,6.628882412832551,7.502441986889002,2.489355850835194,70.07807616675929,0.24184063497851416,0.25848796353890874,0.24258239886176297,0.09180962520276804,2.528232109381726,0.40356250421897916,0.7714854034323004,0.009763707217042224,0.11636331269975844,0.912422300166884
run_0444,6.50093322399833,8.007913146915138,2.6891413520115166,322.48145538946216,0.2667333017544563,0.12466368302338347,0.13134567946498402,0.03658613610975574,1.137029526736031,0.5557216421221585,0.38745433727734346,0.010975286205198182,0.13099171379777147,0.5852831253202784
run_0445,7.390184133754363,6.1455301932001305,2.807754450328837,163.2193825692759,0.14599718758080488,0.07813911203980818,0.054019128483341505,0.052781473510727886,3.2363398492283704,0.3141085212720502,0.5809079781991221,0.0012300250310731068,0.7432869778866182,0.8351041559274114
run_0446,6.773665923585117,6.272726491393402,2.471718731303728,77.40656615446935,0.17835756140625963,0.27921009759546034,0.14592709857459332,0.05444055160386314,4.696698276112397,0.6799107456752498,0.5061261900027775,0.009651941224215508,0.36262218992578676,0.2679446299298637
run_0447,9.275035614420684,9.251264014901327,2.7867345253010445,17.795087496177082,0.1241418534586209,0.03860785779013524,0.20286384101281763,0.15603035533567772,2.5050432777745444,0.28204973096684804,0.39838879957414675,0.009964845614934471,0.4529885394868941,0.12938935435515966
run_0448,9.870812562585987,9.137922549017365,2.961289383137291,221.80911327068904,0.21261847522562619,0.1820198195170692,0.040640637648756125,0.07630436353925611,3.568283516695625,0.5669328946955097,0.5479831362125401,0.0071320234844423755,0.48470647950582235,0.3542196356068371
run_0449,8.314990669444306,6.159094335567292,2.406199648272018,136.6396597284342,0.27224204681784037,0.24752036342030143,0.2663274821664261,0.08248585216852251,4.8254234788207215,0.4498009959019771,0.5895586516935158,0.0016179559455950184,0.7978023986646167,0.4725174258641858
run_0450,6.02359115572422,9.364501273864924,2.779343553866154,62.43087071792951,0.25859162067665004,0.16745711426119386,0.2897623716109374,0.04573438152785239,1.996266267507327,0.4193226447978502,0.8087529677975558,0.011692847280492007,0.1917167889055064,0.3469236531532501
run_0451,9.116616281052055,8.56648250671033,2.9251405502004504,170.51283185065188,0.27017668892509955,0.11213795267315742,0.2186624785843456,0.17545404187333358,4.697882995264851,0.39122252437208793,0.69042072742172,0.006680486421157708,0.3170537111407268,0.9812104780230733
run_0452,6.911193902434659,9.539250525979044,2.685468946590243,267.30762978133413,0.16937361860653846,0.01645692401790352,0.2626162305053062,0.138878990528271,1.5551024097052504,0.47866576306710706,0.5942547240734013,0.0015515740493218853,0.16374443918014076,0.06604720367537861
run_0453,6.1502383941239245,11.608644648592685,2.929414780142339,300.66517372507184,0.2261567942632141,0.14720957765601556,0.2343820871087416,0.018579563185421224,2.451077670383846,0.302770182684668,0.4392710352738084,0.003918117451944003,0.49925423771853716,0.1562500591676352
run_0454,6.515343644110789,10.602171706221936,2.946147610246965,95.31502985952648,0.18469777056727682,0.20217728598640775,0.1840029916672241,0.060907740352324664,4.647474663597256,0.612160246791964,0.8740702264710127,0.00912236883118835,0.35250631062733384,0.3551489724687857
run_0455,6.236237669358748,10.292845177005084,2.7612080004270902,56.03331280643633,0.1878573551973383,0.18324535116052296,0.23733938571321858,0.1318968060535917,2.4982880806362884,0.2631342947163607,0.4221882785837273,0.006198204055749518,0.599919500093179,0.04912344540173279
run_0456,7.235653346407408,11.709367776516928,2.5247172842449146,164.85689193046983,0.316903563356449,0.27242076221080913,0.02757779405486233,0.13068552801449035,4.841830387386058,0.36071666269870484,0.7357196636648353,0.008739825581250277,0.7615723805690275,0.6784222436994939
run_0457,6.41888626586412,7.818558964887956,2.624051673896573,265.1026171946813,0.21279963829038526,0.03674892804732268,0.039918364224259935,0.19632119695530595,4.460379350903203,0.6134478111277502,0.718005270896471,0.002318834910461978,0.4555936975993572,0.49062072290289266
run_0458,9.859131990646699,10.623159639415455,2.665039714235357,158.91165308358438,0.10308253383373041,0.15845058068975312,0.1282073202431884,0.061044364197815684,1.6980833985102253,0.3053680449192982,0.8775991559435361,0.010620694282558449,0.12237194847654531,0.33848874057900236
run_0459,6.85777109460566,11.134815011069483,2.8051599880169755,177.45543690656152,0.36483832702931507,0.013995964695977536,0.14961977288090242,0.0633029173037814,1.002441793552066,0.4521528661173859,0.36224792784495835,0.0054532719138244215,0.6317009841389245,0.16971249247921574
run_0460,9.181010208371212,11.556267343790713,2.97004860609053,66.99369565954335,0.26871615861936526,0.22022779714883706,0.046012859315546675,0.1784854789856476,3.1925642033027906,0.6268098431919722,0.6452114059477967,0.005810934422617825,0.40152820895180963,0.7938632253432367
run_0461,8.434665409447968,7.173759808662358,2.940458388316184,159.52971604219223,0.3498234343646394,0.2126066336003148,0.043163442659733195,0.10169980991063635,1.6342982395507404,0.4121833485732377,0.5773332087026879,0.002469295785826691,0.4779126670735597,0.35613201010799267
run_0462,8.858092066565707,7.053401274240727,2.478779543975196,26.890702608062135,0.3854512344798622,0.22480757657535053,0.30188130801460505,0.024625684078296017,0.9222403395295375,0.4606440929186495,0.7403259561328113,0.0018560878038313645,0.6331349194967087,0.8087673763321831
run_0463,7.402263001014948,10.587795223233666,2.644207795754866,250.22006932197783,0.3129618179182321,0.2864194364112436,0.11550916175688916,0.07716584486117918,3.791951887171515,0.39433380122659406,0.35134525391364013,0.009265617444354998,0.20470324223001635,0.5759938771671046
run_0464,7.769116045723829,6.124583887132407,2.9668877727860226,275.2944507456659,0.26261277364769464,0.03286258657842646,0.2249433702683354,0.09085664106005438,3.8832767096702874,0.5124898166837986,0.5955171627707617,0.007440243442026578,0.245393934533969,0.6907123231898424
run_0465,6.974427219538596,8.186554670844453,2.9357461888823813,139.0046207521071,0.17362757428713826,0.061261930456575485,0.07021860718534073,0.029128132016765645,2.5194577312091626,0.5211740099353284,0.6741093075290276,0.001322032311589148,0.7635844398832472,0.7428902075502668
run_0466,9.387315129820676,8.481001531787117,2.580509192535757,332.6352487472191,0.1468730617633667,0.14280787721917876,0.2282429640152119,0.056645723598271074,1.6217202591102469,0.5342373333426793,0.7240653939844226,0.011350055993680542,0.3904569693702593,0.7302064672933255
run_0467,8.79098868822072,8.385771400247053,2.8242323081315304,177.6155972656623,0.3509615512020017,0.21466489119297966,0.2397829393257949,0.11175965034538025,3.374525387172139,0.3901101226556317,0.370883513539491,0.011030460122720642,0.1679477778288529,0.28987985771832103
run_0468,6.572320251434537,11.657764365108502,2.9597520217224393,308.45142277489765,0.12447189167308029,0.2651790351220566,0.33637024128603343,0.10450317550497178,4.656749732362952,0.4274118163989349,0.47036456213201566,0.011290806296432643,0.10369663759823673,0.8981548343693219
run_0469,7.072849464646672,6.2564948522494435,2.561215026712933,102.07829838488357,0.1784951031436459,0.11229279038847899,0.2517451572813918,0.18132239254335167,2.212390445464279,0.40334380899746736,0.7363669290599508,0.006924833120921704,0.5914108806307673,0.5485200673212515
run_0470,7.38235852842715,8.308194723308821,2.512275200403579,44.60795130685364,0.26747814723140295,0.018807690809076252,0.13728693206556972,0.11716315993040613,1.0816859180201113,0.29487157534538255,0.4169237543135643,0.011215188636343906,0.20554781962040755,0.4505983252332887
run_0471,7.342000963779638,9.304952752177531,2.4812266790869564,299.29187115201694,0.34433599806314796,0.26586786330150747,0.0594471684289335,0.13776413242204688,3.7226294389307277,0.5842100343060226,0.3690803522701498,0.004904419173650226,0.7674969020632415,0.7983894427481446
run_0472,7.717782818766057,6.014969680066706,2.4987854384987034,240.79380898573106,0.3975235752092293,0.28229381567323253,0.2768773894124741,0.03288308844978836,2.3132349555540523,0.3150370876244164,0.3341265339154559,0.0061575316551805955,0.13856702516943825,0.23286333017140398
run_0473,9.601994257377811,11.341716258838531,2.5898962394370963,118.27623738891072,0.37920372801637314,0.2013154629313979,0.3496422417044849,0.08754850511238428,1.9262777652482754,0.43398488410651864,0.8715357460407569,0.010858313226503886,0.1266726365916365,0.9303685429639357
run_0474,8.587755904400492,11.88689265128044,2.7810618351941234,128.99051396394853,0.10134644615870256,0.03105135316642519,0.2703415097402213,0.15018779196551976,3.719780714883668,0.6609750113201971,0.6194784012701584,0.002528858629256336,0.2064291760489162,0.5738443086278656
run_0475,6.536678682369766,11.874032294252945,2.5764991647619313,296.5454829367459,0.23267186200997245,0.13624034701347396,0.3385275358059073,0.04553391481799316,3.0999451075292344,0.36589394334574166,0.7532002665512902,0.004542640576587072,0.5896024749610308,0.14657520737151786
run_0476,6.445489846477315,6.345853112292672,2.8767581338257675,32.134140626892574,0.13822115740357865,0.27218250867719795,0.09400277989392883,0.06782453537525417,2.371828966017058,0.583891228439724,0.8100950843348884,0.00392524541205395,0.3616475086210833,0.7440541490943874
run_0477,9.417927874581121,7.684627985000541,2.7850018404100845,181.28021200433244,0.3070609320659601,0.2240454497806703,0.03747631270941912,0.09622648310355836,4.676721522224751,0.5762785062217268,0.6265326141051935,0.009511384814142126,0.7847921264129909,0.7574706051692165
run_0478,9.232215245792087,7.353545551474754,2.4730631246565817,154.02970080491048,0.30334856190903603,0.16571214171504844,0.2749702091670378,0.13012211636362728,4.665608382812067,0.2145942486069806,0.8151062309357235,0.00959032682675488,0.11873953024628114,0.3802529205895389
run_0479,9.409666405572352,8.665405259367008,2.9227182068224353,107.25167798301268,0.26497679141514874,0.07266082943623309,0.050786899541541114,0.08679511832822753,4.786583776541082,0.22529020728110435,0.46657803161063055,0.010834876829616091,0.11833117482362228,0.584275271419743
run_0480,8.523212866957374,11.719862910700016,2.9359744820706273,254.13672433461232,0.22083640624434953,0.14609853048845564,0.3369943821047108,0.060513862578244,3.2470209953530453,0.2746055136071476,0.8286581497509733,0.007531015215755905,0.3212510706820837,0.39810196645019913
run_0481,8.365803430859716,6.423068980895952,2.7323955757659295,121.93256915317266,0.30208112327360254,0.01082187534972162,0.2636152324087517,0.1728905983595695,1.7931727085524845,0.44749788462022766,0.45417154139096666,0.00430495874723234,0.47428618857791216,0.6292370673845187
run_0482,7.9150890733996535,11.658924235573192,2.657694952158896,208.2112229733452,0.12103339109030686,0.07120305331955501,0.3190537703031114,0.012367259021886845,1.4388226696476203,0.47477870739168176,0.3838759019187919,0.005789161546103439,0.439834609916122,0.7272044585890526
run_0483,6.648180261018875,6.411966335923439,2.5529048254206317,81.60428010162781,0.19962518973888282,0.16058600464139436,0.15080429087037533,0.1081927685807167,1.817768138074949,0.6171042528435303,0.5611605940746917,0.008111625884437463,0.3549692637017652,0.18530741398554199
run_0484,8.493210132913743,7.11735618014816,2.5933935263885974,158.6298768116463,0.35419290056084485,0.27210429906395384,0.20494974184697626,0.10413921954709388,4.557623754671958,0.4216237569457103,0.7693640921657141,0.005214544108551106,0.31078461047629835,0.34457686956829375
run_0485,6.831250393758365,8.831018886923239,2.5434856973695514,332.7152751253547,0.14070522976804722,0.22625944917846966,0.16543693738372936,0.12141694611559323,2.951333004521243,0.39921047455276404,0.3814778244182127,0.004802348033971212,0.17192742493709007,0.3998102042316639
run_0486,7.596230059997168,8.535681522856507,2.4391421127645,340.5689904319784,0.21963634520658476,0.040480729425499726,0.11483521036103225,0.11143284971467449,1.0701900202791987,0.5814735448118238,0.8383494585554774,0.007538442569262304,0.7168280349386927,0.9169049538202134
run_0487,6.0277529874853215,9.024092739817203,2.539302527908257,225.73143883535244,0.17597651683120102,0.12440015664285581,0.25484416468480486,0.016691958755750608,4.3636685512275335,0.42203468948889955,0.36491400879581504,0.006567404198568431,0.43862712761284495,0.4396907987810459
run_0488,9.951485060213543,8.943078726696694,2.9275797839977358,286.89078120815924,0.1230916126872438,0.03310775506970262,0.08529020077418382,0.0368948995227996,3.7658255804082783,0.5595023505177517,0.5358831515213874,0.003940634118821292,0.480939573653429,0.2909601166787572
run_0489,9.661556635019554,8.356747379292214,2.927939454451931,114.12836981733093,0.1255006603709883,0.08476621429158236,0.17730975028976245,0.163006261780587,3.643107030670789,0.6469157682880744,0.8429299884903854,0.006789695569787759,0.6599247424090608,0.7949438274404709
run_0490,9.693565143141274,10.83928272890451,2.698474433497267,201.00154380412403,0.22022073251582464,0.07722859566485413,0.24559088884705943,0.10993587509427773,4.620638003769935,0.642859130299611,0.6546957101202435,0.00809738008201295,0.3413467337461511,0.940824929228853
run_0491,7.127547129619801,9.66149979681958,2.5091921842642866,136.02091665094213,0.32234831915596535,0.24082423602924546,0.2728022801731231,0.06655804303249732,3.6635646730856015,0.26854954374086265,0.46291880660880863,0.00762223627750447,0.20135104250113706,0.2838678363878625
run_0492,8.550782772522515,11.776115421222215,2.699213296519177,334.2020798495306,0.3999904372395374,0.020699549298370288,0.06072490684294638,0.06822322946715058,1.1214548050257498,0.6419965380885064,0.7204194426782291,0.007308788894123429,0.24722398140537707,0.2972364509554138
run_0493,7.60860843267305,9.296048490916025,2.7445567044036876,165.9929214869401,0.21853819665020796,0.29843277483533354,0.33602705722341053,0.10258981888988106,3.528431108347835,0.4075993038582245,0.30610001856983365,0.006286930693523419,0.29363759403906886,0.7830571274253526
run_0494,6.239301356649528,7.318039555931664,2.740115912870521,196.45297763307894,0.21688732372897424,0.10863030484250655,0.05596922976826427,0.1879816715787959,3.7035989153125426,0.5082077409133651,0.6662218447784423,0.011048983246473052,0.42574186066015673,0.9495126203332273
run_0495,9.027517043829569,7.314830786737557,2.4202278290119286,275.45456339108557,0.3523534063080087,0.11995252145537834,0.10724034860462922,0.18256147039787407,2.4609575175559018,0.36968229364138827,0.5922875343058773,0.001750782589546134,0.4141080068060832,0.49420170977230987
run_0496,9.84923474145403,9.819678313424737,2.536582939534831,256.0114261058052,0.10289270347389476,0.2668108980897601,0.13036574867334044,0.1778681281410478,4.48734969536278,0.2860920102558515,0.35288492203621924,0.006662375287739752,0.2993991270647401,0.8727249812736444
run_0497,6.211270504639419,8.904272627786796,2.90569296227624,123.98837274131361,0.39736354162897525,0.07098758107424984,0.34559691655146985,0.0218213399766552,1.4036705225365522,0.4334567007283417,0.8980207085493122,0.0012883795256437838,0.6415292355819355,0.4168192150350787
run_0498,8.779502480952672,9.477146340339088,2.462231634743165,25.555114807400845,0.17712689324738323,0.07159647008116675,0.2016722690983825,0.1356180095694202,2.3876654911790474,0.28300860517460136,0.6728176768126033,0.003806284527303271,0.589889100719977,0.016185401030585203
run_0499,7.858804507830091,10.349836369453136,2.532898445475049,95.20960247737294,0.21053080869287027,0.2661776403887546,0.20295261977622303,0.042630729895842066,4.479626527348435,0.5735404220619731,0.7008795170704228,0.0036983473818156865,0.15674764921215567,0.6596289751233395
run_0500,9.82451369711319,10.845295277018504,2.7073204009582628,108.98485660260681,0.24041647561636048,0.21916910304941617,0.31704311976189525,0.11012488459575773,4.246097291116642,0.31461792687759893,0.8846779164318552,0.0029526290134260077,0.39854807458908614,0.6671409251817507
run_0501,7.529513230608428,9.612097343984184,2.8531855375048116,155.8750889832725,0.1113959596351887,0.1789897608610999,0.1915646593034074,0.021306921514170657,2.6535917267581928,0.30212932408770277,0.49886986325826066,0.004005628027292046,0.1452901044403331,0.8998744691671943
run_0502,7.68077577112817,6.561300921744912,2.739299713399973,57.558791920624564,0.28686851206550146,0.0462320365005601,0.24987300855293015,0.05136053830819029,3.3953843417806837,0.5033153670977448,0.39333389322283246,0.004674403767517019,0.6303689384649882,0.7344013017946831
run_0503,8.19382940684892,6.068303925138579,2.8968114128442646,23.946777863684876,0.3052927121674123,0.059687760226540855,0.2529046232803829,0.09167228963131059,3.2066427088515237,0.5404446946524939,0.8461892571953453,0.00887913846018365,0.4394562275919216,0.894808587586615
run_0504,7.652286538559796,8.45657891699563,2.7283247934147523,270.4668053151492,0.2292744194910824,0.14542821125615488,0.06769308171318289,0.1719691262487337,2.775308786210277,0.6440474475360751,0.4650840944217367,0.008326289389585639,0.21010054460393204,0.28264609930070406
run_0505,7.460669316555796,10.259348861090526,2.5262089252484303,217.34463068398838,0.23803050140214913,0.2844180371535029,0.03942549200037147,0.05987562075942337,1.7468572845066574,0.6442610277731271,0.5937572861134709,0.008046386085643805,0.13227177884591798,0.4173959145293477
run_0506,9.35673483524521,10.542729750562646,2.8257762942623694,54.85111823330207,0.11512283209183545,0.21701242216733238,0.14159702527193865,0.060105490829028954,0.8843424042391298,0.37655774144307386,0.8856971548423,0.0033965508088888144,0.2604823918253728,0.273832282062936
run_0507,9.347530143640899,10.64696926391885,2.5519981614088287,225.13389907181138,0.285164214650955,0.26388596624330884,0.03470604056553459,0.0143657468984511,4.8873530224005215,0.5406079526103578,0.44629875599307767,0.004717189659697604,0.17666472805853095,0.1662078037763057
run_0508,7.740641773266856,10.993405953740192,2.630758040025706,28.638651591081338,0.3613925934184604,0.19462994632972655,0.16260014328376118,0.1487330737705196,4.9907617731770495,0.4312483046001496,0.3150133416394732,0.009806223571499538,0.7788982072073789,0.6965011213428836
run_0509,6.455365744650887,7.144623467440622,2.559944622292148,46.38517265676096,0.3925824189573419,0.2730784898607671,0.19592879902234947,0.10324987671497429,1.4314502391315407,0.3315808064235338,0.517159209182982,0.011564219976864944,0.2730010183286866,0.13992188781513795
run_0510,8.21715596147552,10.812861357833722,2.513170359484671,3.4029213878391,0.2087722006585871,0.20289002401633613,0.16176986462933732,0.03073243872902863,3.814070572382785,0.5968497771933728,0.8623324556479783,0.006264959130811052,0.7422502590344031,0.4137107238753421
run_0511,7.598382564256475,9.231767178848052,2.75314325747939,8.828185524950856,0.13237103751888088,0.1686060083527227,0.07105471782788257,0.08795231696902578,4.62290148234487,0.5358004893163786,0.5574204856559852,0.0027577042129614078,0.34509872357405974,0.4899016004060793
run_0512,8.544930896101292,6.650934585666659,2.73614887482986,355.2218394373574,0.30193968319963327,0.11865582470541998,0.24626676053067525,0.14774945556443225,3.447857479665392,0.35350673483662065,0.8136233000525055,0.0015152119876030538,0.23185940147102665,0.978281791853155
run_0513,9.134620119940775,10.681929516982025,2.7110798118456807,245.08749688336,0.19521091165082782,0.09028288514837436,0.18129851944755954,0.057057410193402665,2.491494075040185,0.6991822842206761,0.3202338412556081,0.0050727901068405796,0.37097140880020196,0.046022007865329895
run_0514,6.041738658982043,7.110348259563276,2.6115885609185145,52.07534036184637,0.37939385486542865,0.23035013331165757,0.11827408358371633,0.049806690536909455,4.992426337752017,0.667649417844019,0.7195368693534324,0.009942777101312472,0.664139222165648,0.0611883200375183
run_0515,9.340971476540632,8.724638775531217,2.4439023771928663,48.31174157832372,0.2825777101443542,0.11801510184969496,0.3198252308955799,0.039382018882237545,3.264822156545672,0.22145108759087817,0.3176358442573632,0.009837410225251125,0.4081666762331838,0.6604321868443171
run_0516,6.8546814282771615,8.543684765223153,2.4638919331079068,218.46252775635972,0.16717122104144005,0.12281164400196554,0.20906326310114967,0.09443390391182757,3.495986783370652,0.31190653677379915,0.7417182453314006,0.0010286993009872454,0.19122239831328997,0.6206870145099785
run_0517,8.12303588020344,6.74746051396124,2.9200292874668525,79.32781949906176,0.3947944619114233,0.18083609064923664,0.18807436589327584,0.13910621626230618,2.9359538965536984,0.40620076133258365,0.7149639732383533,0.0010791947681560764,0.6689128160457672,0.5477430307067103
run_0518,9.612293177714434,10.633167381633289,2.587938688204484,82.25120521678355,0.3094827545695362,0.1711083339735034,0.2783843427814815,0.057495159372084666,3.553343616207483,0.6805433331946558,0.8218359947365292,0.005487876769941498,0.5607531496336882,0.10547270547503679
run_0519,6.431359242080725,11.93511327114329,2.6340261260748354,35.93559678529329,0.3275709964325675,0.20866183765349194,0.3129465803694257,0.058807254355413514,0.8195092891716222,0.3615607892392301,0.6652822749449349,0.0032788878496297492,0.5663357444839233,0.2566301125191995
run_0520,7.23256268314451,11.945742387606028,2.706552524945718,79.71610911349332,0.15896012798952358,0.03640253631598881,0.3469454205061905,0.025188911736735785,1.989494029913169,0.2922031923434775,0.5542894848187324,0.004293030997978495,0.5463098741564795,0.36142777430024037
run_0521,6.14470764166278,7.848048316008672,2.5098938836250237,118.60573797197875,0.20441382257470564,0.208846753446735,0.2553508494658141,0.1702023292145386,4.7566540069060075,0.43988071819302116,0.8176406035551564,0.0037145115393043015,0.45347459300078674,0.34860646493653635
run_0522,7.885747176512716,11.494816289969135,2.7676839531463178,88.14959265742438,0.14838962393111585,0.26076038867899454,0.03014939956176625,0.13338861136591865,2.0833743282279347,0.6570072918375357,0.45226242485283713,0.008324201391582103,0.6421333812727776,0.10748157422969497
run_0523,7.627214236008709,6.819209273945097,2.9391807874369795,207.83713150460324,0.3838047930362227,0.2673128301040279,0.1673050211791041,0.12937449644175117,2.781955759223334,0.5607785903074498,0.6298916480068748,0.002734381170695281,0.35116383348041047,0.13254913429101803
run_0524,9.502715238496569,8.287535244329156,2.8577603571092456,117.7376550006866,0.2568179774697593,0.2033886673189206,0.31524483688007976,0.19286982815939754,1.502840438473608,0.4138657928996995,0.359298055699187,0.007360877961595416,0.7446074893116842,0.11543495845453355
run_0525,8.953926291722766,8.234527060305265,2.9097141160457927,170.89642743599939,0.10787665598120831,0.06997427304330066,0.24052238172627768,0.15600158034978892,2.2505201272779294,0.641086024470084,0.6232562806906244,0.0066442644910357255,0.39578601155461524,0.8190883137043147
run_0526,8.095631584571478,11.54072558929342,2.8304491678198365,149.79896447551195,0.2111629253365761,0.15602580991418297,0.16681403993422728,0.0856351675690887,4.1756739053764536,0.41429430203791295,0.5944354905472861,0.008715697587291214,0.22702227315712442,0.7550213904253953
run_0527,9.119148394887137,10.429948438065308,2.9287931090745696,192.7117918059344,0.10240825047581585,0.22618590783482653,0.046918152540800374,0.05048998310602922,2.648946240068186,0.24421786581050978,0.5015896619589666,0.004188766711084464,0.4177087162418015,0.38599289348521265
run_0528,7.155567818923325,10.806785043189143,2.743543369893109,339.1383175506415,0.2809915128951035,0.18873868500974397,0.2364125226121662,0.040706912657162454,4.1147715606300945,0.32193630714182764,0.7814036083641345,0.01101816549608144,0.3252102709780732,0.14349316067786316
run_0529,6.328081199829457,10.759273181257946,2.423223252526677,129.2019351959243,0.30478525192317985,0.015548096644586683,0.11078453682932171,0.0888884755346353,2.7831177931348074,0.5852911079563565,0.8210381726463247,0.0030411730086175644,0.5523884816249024,0.20745173819034718
run_0530,6.753788757556978,9.71640658663898,2.8892151747882044,298.71064695519726,0.10468768732033833,0.2650279247442072,0.28288869408339384,0.17347965541648183,1.4497413062677835,0.5645177648910321,0.3243502477731369,0.0017004366093908525,0.1504995774511232,0.7479328971866473
run_0531,6.60198067389248,6.481697553646919,2.6762731443220984,225.6556045388557,0.38226643858096454,0.26390712972525476,0.2947694909001612,0.04592720042938956,0.9833007169733307,0.287211482017724,0.7952854897721404,0.0112099036167818,0.25762520965198876,0.7643152878576227
run_0532,9.867054626667128,11.860532551835286,2.944128021560176,107.40345000985664,0.3025872415668005,0.24655253904066282,0.036382179379022175,0.029613843962095696,4.18996455578996,0.3245482497244011,0.39236594756360743,0.008767907814328452,0.639181261247911,0.38221378452887605
run_0533,8.803923166128463,8.040281352790357,2.9427141647551274,221.3993732537368,0.14631808126119378,0.1525088718448122,0.203460538015942,0.1715381823943844,3.3847275993070776,0.26729650726117027,0.6838939575384584,0.005001465287180388,0.22796444268813779,0.3752393098967794
run_0534,6.377039715062343,9.590176247992012,2.6278726331887516,49.87649931302624,0.14777456587952814,0.2573821239704887,0.26118560435472954,0.02949696235713991,1.0303834582497147,0.6995523966274888,0.6944207035161045,0.003056892475155964,0.7932937448698879,0.964989173562484
run_0535,7.486105874716217,8.148000068938746,2.785271330920914,237.0405369305247,0.18686515818095012,0.041647152453426414,0.2592710102662471,0.04358228359837815,1.80031030538335,0.37949398738108164,0.7171495377263701,0.0011114718251170976,0.2812341211198363,0.8972781047132603
run_0536,8.05093493974163,6.090793303884122,2.7141106638867623,341.6673104013592,0.3040567722369656,0.22654537210214892,0.34713948216237567,0.08452320802894732,3.9792753379514565,0.30557542590135295,0.32708509895996113,0.01077068135800753,0.12909536433810911,0.5366637815986216
run_0537,8.887274670684286,6.632940916939204,2.789382251506051,246.89667631290448,0.2680806842012202,0.052025803687671276,0.2085942341502063,0.12654312992091596,3.0600609219868895,0.380307178039762,0.4129851183043759,0.0033145519959012857,0.7093111820652278,0.4794564353439764
run_0538,8.477217441498201,7.298863372700037,2.8351999094888622,174.6069240163426,0.1773238743076585,0.06353071652475889,0.08737899428379199,0.12064953251567108,4.737612252466458,0.2151541120257665,0.8974054781614655,0.008705631302714605,0.24330722428528426,0.9143473270253857
run_0539,8.948936103088096,11.804836088402007,2.874566289037772,342.1787092010906,0.25061736849376526,0.12952766433780954,0.10538902141316592,0.0869289896651753,4.219465539137569,0.6167701169838036,0.8903102582726843,0.010590231424898372,0.7573510157461822,0.46555331209205814
run_0540,9.87417192686634,8.93312053737598,2.795963906229721,330.0408004370403,0.3359056352702289,0.21301683933331228,0.1532065468219569,0.10313478135538455,0.833797019131929,0.3272558324082985,0.5191049608202106,0.009992775423736378,0.23052351918808126,0.8493203608270019
run_0541,6.685982570605346,7.332056448683428,2.86832918205637,294.11495053987534,0.31359728010243104,0.14131678942335457,0.21882048758039643,0.10634454143366195,4.382262982753129,0.2120523376343248,0.5578336620900028,0.01031492434525727,0.5699989980833934,0.4445011543470202
run_0542,6.764764027758157,10.192681853302297,2.571788661733034,147.79696891848644,0.1520768212287714,0.2295573780606866,0.19406236774814356,0.0802156441246439,4.413471515418544,0.46507407346620916,0.3106786656772824,0.0010847000065529217,0.5357506464497857,0.7005077376096623
run_0543,7.932974761967065,11.104278409643506,2.556630803469259,80.6425855717475,0.1690332088296061,0.293465548253596,0.062160071043169125,0.1923148265777076,4.254986459737714,0.6130644417322438,0.7350996230308595,0.004567216048827021,0.6280088655378794,0.4040955337562046
run_0544,9.24341243941647,9.111945504381897,2.7276821374429727,90.38797992191493,0.15530201716139397,0.23913742605630847,0.2376951953916434,0.12759688413574957,3.2519235943156364,0.5489861935559112,0.6555156905035604,0.0011380395730421985,0.279182873206566,0.6355808441390538
run_0545,8.39098225165182,7.83089411133488,2.7417339206492106,107.71614459232603,0.11453255093495732,0.10453962610147943,0.3261942502510091,0.09939982294744817,4.963097494069612,0.6906567652154779,0.5108907233948757,0.0012754676132049698,0.6591854951686997,0.4231476112993424
run_0546,6.898611525595777,9.302238350515893,2.614180866748062,233.0306999318391,0.18740243034792445,0.2914884628221635,0.34612928534445525,0.1475388676853478,1.5191907147534696,0.36673984791315295,0.39773572325311995,0.0018153103111707286,0.24462231058782882,0.699111797768274
run_0547,6.927715224150024,7.420346895817595,2.451173187475667,209.70153246657688,0.3283518895196413,0.09033939569674761,0.1858513805754361,0.06515216703905548,1.4703796240397777,0.5744080355679924,0.3124102474511539,0.002801185638051945,0.27080282470677375,0.20041306372996726
run_0548,7.00212930260934,8.278795287138589,2.835459602110087,144.6248516609358,0.249360195017585,0.041905269670821435,0.2963893833291493,0.18584757401547994,2.4233064688983603,0.3700825499762047,0.4537644943512583,0.00425132096354177,0.11329166829275729,0.6630827979776432
run_0549,7.337005427951578,10.04198033991875,2.5429877861815973,69.59364783230397,0.2184952424270784,0.1816185505325878,0.1927961424432443,0.10146364484532253,3.0065806211255666,0.5943539651048892,0.8039046685672382,0.005312933614500405,0.7761610152126001,0.5297111775267125
run_0550,8.821679910545722,7.7324152781192375,2.4136342362339147,114.90438641642538,0.1686358862579091,0.10084112617065624,0.17154559519988677,0.13925101354177508,2.5464166361829017,0.2708334672238364,0.40186955348295106,0.006396713620919609,0.36900090276549924,0.925882114413513
run_0551,8.939452622562083,7.301864144324725,2.9800380243568196,162.39044144089794,0.11383463324397737,0.16407152052738094,0.343143130442289,0.13541296897788677,1.5222807598285053,0.34890019431869934,0.5049430154572848,0.009671337528219276,0.10940874358523507,0.691867025249827
run_0552,6.952799941116514,8.390543892276916,2.7214035194019472,288.82113085238416,0.20374984157487697,0.15177506580532416,0.28064120887729826,0.185807315974991,2.583449193542227,0.6568899112018407,0.38517243984393396,0.00865907721713658,0.5086223092770925,0.36377107890325333
run_0553,6.896367516576504,10.45826744595287,2.6529639663974365,195.91509925760204,0.20971878250591677,0.14867153067563207,0.3351657275768286,0.054857874549615875,0.8612006188270324,0.27543319570920455,0.31112915453755796,0.010526831970018045,0.2629514296313812,0.6775454998989536
run_0554,7.459759122012377,6.1109160403223735,2.6287956399523216,233.17822157421108,0.1965472836078201,0.07250340017861764,0.3267211095877785,0.18306328472760872,0.8700668620136559,0.6924990340294146,0.8535817328842936,0.005089923917842988,0.4097577882463249,0.8106542912034852
run_0555,9.533895570089836,9.203722116573774,2.5382735495679225,272.88852799321944,0.13079739226881737,0.10491299712894311,0.08704242156289449,0.1193570042240886,2.0952767325518904,0.482073330195881,0.4422710026915364,0.007713879391511295,0.5817732798419903,0.0983885053588408
run_0556,6.959242140685089,9.36910459680516,2.5581920585896034,223.94760944288572,0.38731891006428,0.14626533923738805,0.06745915702329157,0.1385824460437249,3.6052286173769756,0.41064689252759545,0.7906095479342952,0.011440455674788248,0.5031148727214384,0.07906200133032533
run_0557,7.955240897785851,9.413186589846323,2.531341463983364,305.85524915980744,0.3030468753137551,0.22438490714095624,0.17040129177867086,0.06560482134823895,2.7492598298441404,0.5116651436877616,0.42991647618438855,0.0016543316416474186,0.6400034699138542,0.9922056064842197
run_0558,8.156597186275903,10.865247951031474,2.5000337786709323,112.08269047553229,0.2322168866131568,0.1625893974867242,0.18587941869129498,0.138016708798298,2.3148387463154303,0.53635549018802,0.47840473353183377,0.006410608147275662,0.5490542452473894,0.5073965738191493
run_0559,7.604419449465851,7.613560237826938,2.931358694619192,345.74656888026186,0.25630492650339765,0.24784553178979668,0.32756035578540266,0.020289148173651395,4.950432396398159,0.43641561343832647,0.561521779200673,0.002811046815700385,0.4707405235194676,0.6838363970755237
run_0560,7.646247545778321,11.984193518343336,2.8223790406722076,72.43202378793103,0.17783393941407527,0.05258988371068136,0.2901175822111296,0.019282795835876054,3.960048507680918,0.49282420364627355,0.39103590019757933,0.007490881313134624,0.35634656614187055,0.512258276394113
run_0561,8.467477487296778,6.672623802374726,2.480940938697431,343.9363988860248,0.24147376171048707,0.09848752708376926,0.13166290805804082,0.08305130254957527,1.3856327590016022,0.2338750106349531,0.4431760983229551,0.005897947445246945,0.5815939474414549,0.6179078650006665
run_0562,9.63882246660076,8.502917348820937,2.498389971506186,32.93220028437711,0.16686080348268156,0.09350789225416895,0.20122443373726853,0.025663248311714112,1.111538739396707,0.47930569367017306,0.6426088450008745,0.0037942837617109927,0.5601543221974177,0.3279852951986884
run_0563,8.647341175567776,11.409874559643862,2.604582059637218,286.67525172161913,0.201055294817868,0.13858319488280627,0.2525477537523563,0.06304238578452269,2.375975462402528,0.45827230634007954,0.829769058344181,0.0019341767092653703,0.7778157926122733,0.6221720589740686
run_0564,8.678831841415509,10.355777871937596,2.553912472558876,116.22508833303695,0.30739615410793253,0.2878745736791387,0.17385891060341277,0.07434704461728518,1.5980949760079497,0.5504531022202948,0.44141435702130816,0.00949844116609468,0.17857184143611082,0.02231891316208533
run_0565,6.690030482939936,8.696577037978809,2.8816767211417416,9.74279272453908,0.33326492788802414,0.23214284459527382,0.273156212266257,0.1403351590825882,4.029947490350782,0.48414295820214825,0.33850451424376304,0.01140383148271958,0.3181152161731853,0.9972120403618386
run_0566,9.360308910714892,7.9644186855854375,2.9771445050715735,213.22073217571474,0.23694928726825565,0.12488453632154004,0.0889768912692312,0.16451205656210965,4.019152992523033,0.5357073389101543,0.7000131422489935,0.003638318855550889,0.6546748473200951,0.6713855767495961
run_0567,7.4135703612705495,11.686131447151709,2.496849692635659,208.3747128553476,0.36089681697016096,0.20074551769668458,0.036927941858498986,0.12910616383695095,1.1550412987663532,0.5038965301879208,0.6938139108190163,0.010455026205987678,0.22332064863465748,0.11319302706843078
run_0568,9.152226530695668,7.166824379141186,2.468448696146398,140.27798441442508,0.3751960010807831,0.04664782905533404,0.18618296904126924,0.19440059795382658,4.195401984583008,0.42618514036606725,0.8922926678461294,0.001122594161591627,0.3809937309533892,0.05059293441961719
run_0569,9.146979425461648,9.777454629965655,2.6321738143830458,282.05229060016313,0.3328544514427759,0.2306682465494191,0.07073969578006833,0.041823659667867975,3.851762148552849,0.2810251174574554,0.6888483351714108,0.002056229059527673,0.26208391648586943,0.8027779909908549
run_0570,9.713203303583112,7.0773114489960856,2.667921918361393,331.02488952930275,0.2587347524147736,0.15018571161965852,0.286796444952882,0.16723002156065248,3.276601124135783,0.3637856799334126,0.7945316470736509,0.009987307301800235,0.3656171222611928,0.8935680181517577
run_0571,8.329888992741926,9.427982678843346,2.7458594023072154,333.4537556833567,0.23151516307630116,0.15326694950499656,0.32195911028328134,0.08410971558005115,2.7692160772149927,0.5919935056100133,0.4227673034988948,0.0027176369228701543,0.7595590779240141,0.6945923286351353
run_0572,7.310319831254704,8.650236290075945,2.4651102216624436,255.2904518494289,0.34559846869357563,0.058667593840078996,0.18863713298097748,0.15333211044598005,4.17939576693569,0.5748225321863907,0.35630069335655096,0.006436059293640038,0.6854816493821845,0.7923681861403654
run_0573,8.604105183812194,9.256760458281194,2.9024265037217103,216.812320515569,0.2557919476180319,0.2632092182895844,0.10983115613269523,0.09829378494467651,3.1024585909074327,0.30390879153531913,0.7399306107204076,0.00867074369123487,0.1304496177739907,0.2750669519135608
run_0574,7.189141111828956,10.417523734544838,2.6042749497253723,294.68932010758704,0.2357244494394434,0.23817045993197625,0.12138845684860211,0.020786510620679717,4.78804458009552,0.3744476714241448,0.8001854301510136,0.010905621008120408,0.555857635226973,0.5156539080506779
run_0575,8.131213546680797,7.302745987980824,2.729127337783043,146.3934499979309,0.11290961069329286,0.1669496453654611,0.042131215165926716,0.15864606039812965,3.6671097822685566,0.43052951186956095,0.5620061051321614,0.010145218284286706,0.7935095618098474,0.8881220312915243
run_0576,6.582121273370254,10.637530211851438,2.96516175087271,155.26567016455806,0.19133115832458064,0.09207283780768676,0.2748560505403166,0.13781930700068856,3.5925231156592856,0.3103877184691158,0.41100459181954163,0.004165312220667482,0.4048469116259684,0.9943787362348747
run_0577,8.158043090339042,6.969032797459768,2.8730368520730685,154.32925246418813,0.1068884637504242,0.25859127096184553,0.19674203788600844,0.17161222715525395,1.9782268925260356,0.23420675329798762,0.32626118634942153,0.0043984387635083895,0.2664813009975245,0.39046745112261977
run_0578,7.273470906943965,11.463029328998733,2.4914866190198035,321.5053857006686,0.2298883821133369,0.08024829544498797,0.14241403053373053,0.06092650230729804,3.9915819952892013,0.6599550794961551,0.8598753857734298,0.0035040085428979482,0.7343052863803275,0.9239869364419139
run_0579,8.531480080626551,11.526480314466436,2.964719742563563,326.5916049142682,0.3374056125091893,0.15713727490215926,0.18198368483069702,0.12630586324850895,3.6179335811526165,0.22901557326446406,0.7672252889544546,0.006542166506981736,0.5891610011937601,0.8056372977448237
run_0580,6.051247454696628,9.091263765602644,2.8431868501510054,271.044832500485,0.3629583637770637,0.10390835494814185,0.250969351601975,0.05952364113505256,1.6261215513122858,0.6901399700407651,0.5053050773879098,0.006506034444308353,0.3559199007341741,0.5080878704950226
run_0581,7.0434831831828655,6.112741789952107,2.875033854257504,315.71204565255096,0.3374845311729434,0.1420480978034598,0.3441040781373183,0.062130367259111176,2.8238049035426176,0.5691654962919606,0.6127185526325771,0.0035707903907295497,0.46076050088623943,0.4618967878617134
run_0582,8.682347283619857,9.386721829986971,2.5888461531476397,257.48629904264595,0.2898138794789783,0.1743015807331935,0.1370236139847346,0.12248250479220643,1.7683701585249678,0.6299463149351281,0.3182276450069324,0.0017241037422524664,0.30321296995472197,0.18622350243984614
run_0583,9.909534974734207,10.370332964456658,2.8720855830127894,157.19903583962173,0.2771967811580356,0.2940584630726942,0.030004607491987707,0.15103767838057358,1.129774177254328,0.3450774978143336,0.4543223164425534,0.01150203194671729,0.2602735713669523,0.824553313095592
run_0584,9.67274898956917,9.229284997776215,2.6062381498970035,303.2294554426822,0.3009618002962959,0.1557604783121265,0.3489421952783637,0.10689677574443252,2.380461901550478,0.45876784909044427,0.33138783163153773,0.0016357272184564092,0.6002816136069308,0.04409916259809206
run_0585,8.19666307776459,6.477449835806631,2.723065808823888,272.17357334040264,0.3932644117101384,0.2781747234549451,0.14531097938635956,0.08217978276023087,4.969659310380239,0.6626993241597701,0.6143934069963177,0.007033605033125301,0.6063592987195014,0.27720344584555107
run_0586,9.659399499232924,10.492888135139369,2.5333806715324254,88.85969158836154,0.167554390036099,0.16008066424077913,0.10861784686937398,0.016462533961214845,3.8456976258015763,0.4903482159512447,0.7016288688444603,0.0034031539361175536,0.5190018228303979,0.30271300946802787
run_0587,7.63717117227515,7.380564098033735,2.8202068258852266,154.4789488939264,0.17690080542468914,0.2231614722279714,0.3064064553829008,0.011316932358830415,2.543633996912466,0.27795928818673377,0.6045151910849134,0.0023273944468818614,0.10341919876855042,0.5113955905328573
run_0588,8.102152249921758,11.06517642626145,2.7858318791979984,219.04015946312774,0.3628111911706632,0.026599592849760857,0.14172888143859613,0.1326095768302036,3.7944758053237884,0.3782605068896645,0.5946016205012674,0.0029284949923318176,0.3502696462245869,0.4529161368545192
run_0589,9.919690631100682,7.997780664479973,2.5594826191777247,234.89058559496732,0.1914408014215581,0.26851493338784577,0.07866878923321939,0.12392083054831306,3.2156555876016277,0.43569987646189096,0.7614699455421277,0.010519127748916317,0.486484178991061,0.5797163012125518
run_0590,6.633266574967418,7.7007495228659515,2.5971517471470578,59.05086247425632,0.34740011233299994,0.13891014147282946,0.2193607068944055,0.09880651220192364,1.810664454067944,0.5311626737951405,0.6388537447918303,0.011768136690128682,0.3194588272001798,0.43863693130846176
run_0591,6.539466183380738,8.995885584929496,2.5891732551219513,272.74544392965413,0.1703611454099846,0.2355733911807172,0.28996071873565443,0.1296436452805807,4.34397397761596,0.2678739546691586,0.581668287711294,0.005745577790867539,0.5513596145599731,0.6730425304941148
run_0592,9.45930128390851,8.855250621574186,2.911577141333745,187.9291565701062,0.3378311314574405,0.14905375228144274,0.1670756757336352,0.18742056922384648,2.722185344373106,0.2559305708710427,0.7142992775568551,0.006426605270796899,0.2642533226800855,0.7588034433584955
run_0593,9.757561651720694,7.336607979407598,2.6832742954430104,115.71850204437737,0.397196237194953,0.03629323511654843,0.06475225509455118,0.17292781806181895,2.131621118871091,0.4319209596297995,0.6869906726719819,0.004831804323562902,0.16607834732011062,0.8162263740429762
run_0594,9.966162511157636,10.323388987469887,2.8487082512533006,151.66285244396,0.20184451867013808,0.04588109629139087,0.2242147027032417,0.013710832414208236,3.0955794389468103,0.3396964530933906,0.3342901893960414,0.005781875887896616,0.6541195248006193,0.3047621739466242
run_0595,9.385616456058669,7.939080469799632,2.697575915901901,187.45477416158965,0.35841809427918037,0.21754068421661707,0.3084279429862192,0.032219595150718205,3.5396594360404885,0.4563166196030559,0.47395088908154437,0.004346384119814803,0.6454148563563435,0.5453226031963804
run_0596,9.730336035451595,7.66946802544486,2.4631119015480176,251.07464289659316,0.2181965259738201,0.22386764145723037,0.28696561297591777,0.08981114897349642,2.9655040579777605,0.34195009697719125,0.5881423624044151,0.008959621355946985,0.6828638657865606,0.011442239403162031
run_0597,9.642208917600374,6.122517952821666,2.684048461291976,227.35781844674926,0.3670773074591358,0.10854593068523631,0.09836003077937655,0.18907676725338096,2.204648776043994,0.224310762787802,0.8233997022413269,0.008847856229010336,0.32840232332562647,0.5012256235611373
run_0598,9.289588076724543,10.60978419162271,2.5504092971923584,43.99623935645036,0.12569152591089178,0.2700087213427241,0.061496014696087474,0.010434818108831088,2.170256946517644,0.5076084116554046,0.6629675031977287,0.005733780505551928,0.21613983787161806,0.14980707361882792
run_0599,6.846053291854852,10.387251807129957,2.9071711855440237,129.85813135885974,0.12674963851668594,0.07910193174782289,0.034189747156808906,0.11595336689270871,1.5705721885752681,0.4691149798579278,0.5251358016563348,0.005852337862563794,0.7345560743366822,0.5616021226066066
run_0600,8.754992422774698,8.771491640461178,2.56962352170851,176.78982620039173,0.33971013789045323,0.028875329994973352,0.33404429260146606,0.048502305292886815,1.94895167461028,0.6663297457583433,0.5019942743877215,0.010363749107425619,0.5197770583222562,0.5643528096403885
run_0601,9.895822379826429,11.052516855285765,2.5989170567077826,236.00577197963213,0.33229991296693295,0.2937514381280603,0.31436697751200987,0.09845993063929805,3.30392278953397,0.4917583264389742,0.32839719569446885,0.009147966903338394,0.23622348662242665,0.8958830040286341
run_0602,8.21007182005068,9.349222806982525,2.8961976307310042,260.9954724103869,0.10661766759753977,0.2516214341784746,0.05818850071565212,0.1095805184799091,1.0805170344698736,0.5100503471884643,0.4851187402665562,0.011971553058907267,0.6898325522601604,0.9828461039961922
run_0603,8.489357013993892,8.203761735446891,2.8776408841440277,223.55602990788418,0.2167849110689785,0.24799139309081245,0.19658205748802907,0.017334735908283345,1.5876220045444156,0.6554772662947308,0.8477541155586508,0.009591142465262794,0.165030750525725,0.8359605301621484
run_0604,7.344095614927208,9.198322131870572,2.57560328235818,18.08074243308824,0.3707621150955547,0.19564994958910886,0.10175551054286128,0.017994849871400813,4.801228184077686,0.3936240807782405,0.48798308355063047,0.009197732763589647,0.12501713247281948,0.8278195840594409
run_0605,7.99310376318204,10.08059438420141,2.9341750459893974,201.77539924200562,0.37655754710173395,0.2783613974297067,0.2335210429230773,0.049287317159445176,3.602911347859626,0.6035473237790395,0.377694234958633,0.009804541620364978,0.6933105658132115,0.37672467413616983
run_0606,7.530452700450841,7.650485471955713,2.439917410953423,188.6285835721254,0.29218011478850525,0.17084722890850812,0.05567885833989006,0.021596488284697686,4.448951176051357,0.4937780973681362,0.31721846588860053,0.005034102886294025,0.25604416662313645,0.08704283618785634
run_0607,7.8208866761852756,6.743981722783509,2.850894514637679,235.30002613109679,0.24697570954699327,0.24002818292683392,0.3078018241811857,0.19978346026866992,0.8135044410023361,0.2519399353135027,0.5982161053717896,0.00751276906414008,0.765599185022976,0.4102355927545248
run_0608,6.636998734285692,10.27511993022615,2.9662817913659447,96.55879904016811,0.28166069401076693,0.2927263923975794,0.29872304608946726,0.18041996107256564,3.833203252243181,0.4906585791991532,0.4194097091780461,0.011194715249503683,0.1171023343268604,0.8110830000195358
run_0609,6.986358266617154,6.8439154211413715,2.728875356459435,94.0923512608159,0.23850369197493662,0.04566448711867522,0.18568050535161784,0.04544143345248246,1.1428476058761265,0.2369423318647527,0.7244665850731443,0.005620280943053223,0.274260734316879,0.6508714649759764
run_0610,6.319634732014001,9.521977608538766,2.6378057595677706,53.464647803112214,0.32464871450412863,0.14463187579247716,0.3415912854351127,0.10342764739030247,1.3528384578344341,0.4460845910329524,0.3274174310931003,0.004725426931010335,0.7475702924732727,0.15514490430259945
run_0611,7.34041645015859,6.99556320708515,2.4186966978801867,239.62733605578137,0.2028550050351255,0.05264818628746273,0.05501298436446331,0.15808183594865924,2.908679096687491,0.6844382450404709,0.5410753492612704,0.010490976424434795,0.4265856783621047,0.387272382130856
run_0612,9.632611382133408,6.6846178832860685,2.839311628925776,122.77013499030151,0.16557962387061162,0.08055697003898714,0.08204549307547063,0.07360016539083922,4.899152587621815,0.3656849966800868,0.47921348112388884,0.011845137518037216,0.1662955761842874,0.13531920098884623
run_0613,7.582931229039883,9.647994375456381,2.5263454735935995,293.1548534122004,0.3680289762348583,0.03328150220073427,0.305720996189808,0.13571944674250286,1.1096984188752603,0.6019891191044832,0.8385385463033768,0.0026089892008751715,0.2830230542796135,0.4356135858817354
run_0614,8.910679691162434,7.384051686681692,2.734371925799479,181.18611052872822,0.1444695492045419,0.03739766381012963,0.2719514193633146,0.12618615005351158,4.960809395772831,0.6941452664586456,0.6356332910691178,0.01155040134850955,0.7271088983916029,0.3559188149480768
run_0615,6.965690970199532,10.872812210162506,2.9179071569237136,94.30743490211319,0.11948274357769567,0.11923809220423372,0.24948219363344576,0.1588948300892647,2.326326118292437,0.6690683530234456,0.5370191710598009,0.002052694223270055,0.22383135449312505,0.691160228072358
run_0616,8.799313836632908,6.8008521367608425,2.571509298391394,297.556994681649,0.3000383291019736,0.18880462352598548,0.1697048428566775,0.08471588709104882,2.6815890457257634,0.5995907239816777,0.6503676558464909,0.0015913668837192487,0.19405888910051966,0.9763038085170854
run_0617,9.362925845288666,9.746956607656195,2.6162146249250187,144.3618698518275,0.2984413901311269,0.22832368794421717,0.12878526901031823,0.15835395833751142,3.0329619600712707,0.3854380640503292,0.5533619191967591,0.0012824532503823115,0.350837187279585,0.6460256137097484
run_0618,6.484040654730115,8.690640979296937,2.90959685403468,318.20256502743484,0.22687198156066646,0.295288807923441,0.3032708780949281,0.010529563056143228,1.0115276347664957,0.3856803446064366,0.6147023615530978,0.007198919774443053,0.6753734354056538,0.5291717246740019
run_0619,7.74308624478503,10.467933557708403,2.477520911788338,177.85993456798516,0.36788995175285666,0.2663093083027516,0.04986485720456147,0.06137768289184589,0.9698325997770361,0.38481775699849985,0.7263667694519949,0.00817380249548779,0.34052833145993405,0.031153139213953414
run_0620,6.609728458635422,6.526175334307564,2.8461669369952323,123.3242070108616,0.3086130647135975,0.1999315225396639,0.1707980728029178,0.02422562790722161,3.8050329480955263,0.3787936966090877,0.5752482026598568,0.004606203517771643,0.749945999813169,0.281482336277646
run_0621,9.814414753458879,8.122530882345105,2.406555083385211,238.79546898709518,0.39202520422786946,0.06841863217478884,0.03568009997914045,0.14589279668799107,3.5904589861235943,0.4486640822296788,0.5650566207348131,0.010347689836434491,0.4251049802703075,0.5734805671822321
run_0622,9.755929082546102,11.491949462945916,2.7972843593764387,347.9163740462287,0.10258195298254534,0.1709912272251495,0.3264368591827311,0.023867458952066725,2.9142904302473704,0.42498596977223735,0.6919405970684189,0.0012692820500619787,0.10111907395670161,0.11625351896552709
run_0623,9.580544091266654,6.771747892347193,2.544147970818099,73.63343468227437,0.1616514638839217,0.10332791387052788,0.2641795470772095,0.03485549237302846,2.59713095681627,0.3758672485832345,0.6211864837196244,0.011507857528221421,0.2957328843483734,0.8263629895127291
run_0624,9.190925050550721,11.722994516252015,2.9874645117407637,276.3648834061666,0.22134872429042343,0.2942492925555397,0.16212234867368916,0.0878311749899307,3.713608588799625,0.46289962933056916,0.43749178007123785,0.004960788736927721,0.6842274397001483,0.303727310361714
run_0625,9.95455461135948,10.31275825633682,2.826963292163531,223.77077065950792,0.35902940592446864,0.2737204854528589,0.11758112683018074,0.0564392222366967,2.842475676485516,0.38870174169713756,0.8878213382067222,0.004057441115064063,0.6627055282964407,0.7106672396770268
run_0626,9.785202909753734,8.74073561177444,2.7861606224241124,0.5427879204076224,0.2398652398325119,0.08741853526013776,0.33308327826668865,0.010287992431407206,3.593673606683229,0.5430618827204166,0.44679727087269433,0.0016315121031906766,0.2611930732437113,0.2781009597811903
run_0627,9.886267274074116,10.33128799345576,2.92242121146275,293.37172165750707,0.32350625846903175,0.13712843037809608,0.15910692179160185,0.14905804427029845,0.9583062867199551,0.5420851839232443,0.6368014715689636,0.005098496413740157,0.1098401201856134,0.322072465034873
run_0628,9.72733840356107,7.8427669792229615,2.5924321527735392,359.8933269015914,0.35297838623721123,0.0761779621335445,0.32739045619931917,0.08244615951285385,3.4708268892998255,0.32517997361725715,0.35036165563922333,0.001521331274171279,0.7206263247604744,0.7182250817689112
run_0629,7.229952713762976,8.376634426548593,2.705427159481221,142.04152273035913,0.101526547467569,0.10280112861579387,0.2540297096822251,0.014183554175291085,0.915607427111747,0.32817169031737414,0.38194096987318327,0.009295141400339428,0.17637847042790963,0.658551859614354
run_0630,9.92323161998016,6.754799835102338,2.9170079843072387,102.46719518319343,0.1838680394346014,0.1355880024285044,0.3389952823110372,0.08590909518610695,4.3759248799002135,0.534762415038205,0.51568074255539,0.005682944079653444,0.16016843106504716,0.3597159995124009
run_0631,7.649219780575089,11.372755171705492,2.956305564958493,178.2483843600679,0.13807387218795703,0.030489306675700226,0.16390840477326346,0.08019194733731505,3.5611905371402983,0.22560023038276142,0.785166362757562,0.0050832170846418934,0.7223667269914436,0.5187042613294648
run_0632,8.406405357505303,6.5820704324966,2.6818827120576096,340.3530104081532,0.22567969047824427,0.0551533657484848,0.2112985957517985,0.1907674976390385,1.6465475795783981,0.39276081290788645,0.6347240353070691,0.006355862143880044,0.7925751273516924,0.49580628923515435
run_0633,7.882293545649402,11.866212118170177,2.73267973397048,177.75486376466904,0.2055864502475458,0.016321098953468775,0.19344692797687568,0.1977534064967576,4.3730461466693775,0.6815313113044152,0.8066951174452004,0.009933243006478479,0.4149920695806655,0.000847855085761817
run_0634,7.544240673723641,9.396928757484968,2.76114840099649,259.8316587820599,0.23789171437285334,0.18139908521840578,0.24930942280512702,0.17016765583591387,2.082050626094638,0.2504617595902073,0.5294856661348575,0.01196370819150925,0.11267807733412136,0.0014819697222517977
run_0635,9.02043282145807,6.975880836360566,2.497874403933549,173.83594889291118,0.17029096068167598,0.10553763613005494,0.3181111802205869,0.19028123498120966,3.075729183056973,0.45070624002797577,0.39894338646057864,0.009212041912801144,0.7745256372348146,0.5858277611482542
run_0636,6.668104712921038,6.029283231861623,2.546277953863965,204.51356544394176,0.10653356704446947,0.2557409793281783,0.03339011298651151,0.1312674314981244,4.3875966467943135,0.2456485983751046,0.5680706087006641,0.011179048310129593,0.5061626284455539,0.48489027188311523
run_0637,6.398264947563784,11.571757898789201,2.8363769163034758,329.0854989875341,0.3281489506087286,0.03257004906271685,0.026878451063426147,0.12604536914178316,4.700227663896809,0.6610092981431095,0.37848600086086714,0.008654071700827597,0.6835863196706969,0.30735937319290424
run_0638,9.637717299332369,7.404115377388523,2.671857141012957,269.46747008045566,0.16431732506819743,0.03914241766382939,0.2659164449939425,0.1586813071485158,1.5263095167883693,0.6947207036192913,0.38847931416472625,0.0064792924010058746,0.3898749257131583,0.3546523119721683
run_0639,6.535893416309755,11.511830134992554,2.8630654113574616,124.7115790040514,0.14390573109842733,0.26657733370820974,0.17590893163575616,0.01693787382345955,1.380703042342415,0.34590696237243695,0.5913980503713097,0.005440422002187292,0.5626991462518581,0.9416907631508497
run_0640,7.855512462050462,11.611874299075236,2.6535880953327795,287.53967048021804,0.3588447017283768,0.0933507254989836,0.07090535914457224,0.03552466022776681,4.943482851602343,0.6628664133399278,0.3195402108017489,0.0025763540043433402,0.31636039699267426,0.5549717315489139
run_0641,6.977403761948864,8.789765472200866,2.7932905049457855,306.7346047958418,0.19559246968834007,0.11329435904065206,0.21016346991847054,0.1471258923665594,1.9368587501990884,0.5392933550513149,0.41742093343326137,0.00767838280580289,0.30255165768185965,0.4450116191310918
run_0642,8.005936205583126,8.074840270214168,2.5107353851345486,93.38750586671648,0.27337879928606,0.08998701253879951,0.094967918361166,0.027201327564237134,3.740344148977112,0.5516339775905774,0.6948081074697355,0.006413967468777125,0.7100942194438064,0.4523769715097566
run_0643,6.1590220718514,11.75691084835993,2.64029733594202,151.2530184202309,0.14408225595663018,0.14158056780561892,0.30731189878414084,0.03925693771430819,2.071657643061794,0.5678289620157535,0.5445330807036436,0.002747354234446691,0.3835090242146105,0.8650777292501701
run_0644,6.888698729855836,8.560824223478262,2.96318666688714,259.41308521156736,0.316704505018767,0.25012103964058846,0.34465234935241484,0.048618877363167425,3.971582057176872,0.48711899777634526,0.589271720834341,0.0074634515978786705,0.19589187210569506,0.018460433985149675
run_0645,7.733327065168247,9.711247159102104,2.976780517925057,356.06024780126364,0.3265806349131053,0.0975381163265548,0.10496614515775232,0.03094173627695273,3.1638429829804373,0.28423889824909304,0.5693667200602657,0.00849023379319797,0.2440723072983563,0.3031963335221278
run_0646,8.553384819771157,6.893803417098706,2.4323205573788047,282.34643730283807,0.17200115951069916,0.09389801689881111,0.14003550574445353,0.10294979409262496,3.809468755847485,0.5563033260752845,0.7308491345072439,0.002276394725121437,0.15787720977381509,0.5910025386346732
run_0647,8.085933436860241,10.008495480971568,2.545542896799143,156.79499392966284,0.18542827458135464,0.19650077539107502,0.12425579943514281,0.1652677026286081,3.573346845180037,0.4238509565873345,0.8649973318478525,0.005860091122332896,0.389724316595244,0.6068391560455704
run_0648,7.656672085509785,11.27796937729898,2.455577604919193,37.23722341045691,0.39672722239146185,0.04818021856877656,0.1301325429250378,0.10050311820430366,2.3194199063625964,0.22215984562740332,0.7103647749335376,0.004892859595435223,0.5451914035117815,0.7024534614193237
run_0649,8.075467399764552,6.354540089203093,2.8855420087470187,193.6035903796756,0.21615067555840625,0.13679648096875288,0.09599112898690221,0.0702088507804367,4.585832703041921,0.6786000118718469,0.5497615126901433,0.005078868282155915,0.7410051762894914,0.051014942107108725
run_0650,9.74737161308789,8.9174394136991,2.8789558889953066,26.69100425428575,0.21599045645980258,0.13343428474539512,0.18389225306825993,0.01565733615204569,4.8554965331488384,0.5289046174573648,0.8814047234648132,0.004484993672920143,0.24192581661043033,0.4677627372025987
run_0651,7.6711326723950615,7.902463105895041,2.8748534174287355,323.5378203528455,0.1429572097633967,0.05946657291032994,0.270926004974012,0.016368798066960163,4.4983684478042525,0.6759128150129118,0.6708420280664128,0.005053728372022485,0.6021599809866764,0.7941948955966678
run_0652,8.631436392175315,10.039051298162754,2.960971907158636,334.84784615606355,0.15108702702571072,0.15650984045909191,0.08284579735958991,0.15433393306175502,1.2840584181563162,0.629343687248078,0.41810529960828713,0.0017746979890461822,0.14884759987030136,0.7540280104393567
run_0653,8.809544411946693,9.081972482963895,2.9693850469367895,247.37074203865194,0.2678142344219798,0.2207645300262667,0.3154902401211533,0.11258928016738484,4.182374277899726,0.3366624687604267,0.4024433683082911,0.01144465206656883,0.5222854938671213,0.8815427869221837
run_0654,8.921076884682876,9.731677370097374,2.9933309541314173,320.14664681830965,0.1362511946840545,0.012919454753307788,0.341927220089643,0.030655060697067728,3.3630684179424026,0.4591506823454277,0.8281163422680504,0.001411814660590056,0.5216931133841242,0.3128484418233016
run_0655,7.675657630767078,11.115968703842926,2.751592569503578,350.0711680515,0.1475646087835752,0.27984535624350776,0.11445826654735292,0.025247939843062936,2.7513758625993017,0.39224095260559483,0.3430718935554297,0.004024450946650018,0.17440967576607025,0.9010080890794355
run_0656,6.458492733438393,10.287044862372944,2.452576185412299,201.1305401870748,0.22003686687506094,0.2553894317074192,0.3357870892701409,0.11893720809826949,4.709107626075398,0.4656853766315246,0.8872539970960673,0.008759696255267433,0.1589521117153605,0.8068773581545939
run_0657,6.345412783792117,7.051502915574653,2.6978512421240937,112.86677162094554,0.16098295835269108,0.07026891951170412,0.025807755551672456,0.13902489083550434,4.465285748777856,0.3851458987112897,0.6515263401601985,0.008206401744197286,0.28901908389849046,0.614809595147174
run_0658,6.2897302478632415,6.962672415758182,2.7602980914082997,27.76608802066109,0.34885279069211483,0.23402604142585073,0.26066006794616925,0.12474459254106186,3.3998468101425825,0.2726680466392495,0.37609991411715227,0.010208719646759092,0.267632832784524,0.12658711513504622
run_0659,7.3520054054470245,9.20767479066573,2.484665497052638,287.029743539298,0.3257401117916477,0.288430063222036,0.3131779618108779,0.028058612824533403,0.9383564779096497,0.4846737192342265,0.354191803153883,0.007453241961603004,0.49627428919291394,0.6665194897957079
run_0660,6.085409185683352,10.057519090774306,2.5691913117209757,268.1544621819404,0.18109389947378207,0.0789338981000538,0.21066098760729007,0.016045374869321186,1.2291894362702884,0.4242928460807207,0.8840274956601046,0.005568614182664067,0.7689532767226096,0.05211102970062073
run_0661,7.580349206256531,10.12437200634331,2.9746382199116264,51.67799800226545,0.3012412074317363,0.06721266695191787,0.03020246627161614,0.040104259998626914,3.3206182358221303,0.27653745396823975,0.4826547619450098,0.0044335705072019605,0.6909855916222964,0.9500735545576626
run_0662,7.084185095366328,10.482382545290536,2.9504806844587264,79.42376605017331,0.12986177086375214,0.11416490447610271,0.26150235764017227,0.16332572448819718,2.5937023306533673,0.5427383991097927,0.7373059471180847,0.00582940775314092,0.6817175892000447,0.9045040497297621
run_0663,6.195047195428774,10.016467711360857,2.8624536166539514,123.28158367348504,0.17186911958365453,0.024998722101176353,0.18710926779138537,0.19391244458326434,4.1990489945786855,0.2260334520979025,0.8187889782202569,0.0022700464946536895,0.3270940324800959,0.5443038457546462
run_0664,6.757797249834628,10.57819787642402,2.998904312386611,16.002931859765287,0.26383179138064294,0.09230658114035706,0.1547977085202601,0.08860585143051573,0.816771918520447,0.20063365058497395,0.49774685850207145,0.008216395683222077,0.7603301058534543,0.39417878170591747
run_0665,6.865546353123262,9.574319360787047,2.786623791682154,358.637155828447,0.14947424168240603,0.2427335212792697,0.09115587591008381,0.14619799276630235,3.635469007933258,0.23772612396731696,0.6363778917273883,0.01087094647478713,0.6029025253809634,0.7036609043910482
run_0666,6.265060386364361,7.1024095811948085,2.4586438410647586,113.20929936322092,0.3218422929626361,0.010057830711927526,0.16107362199561723,0.041345518417131064,1.6287052774030357,0.6630967871801099,0.6844029958032741,0.0023924444833239786,0.7417527437007412,0.7827258711094265
run_0667,6.850842879248782,9.1700638641501,2.9108838523792677,294.47923933328303,0.3566745811875822,0.2801059663857342,0.30244758361707413,0.09677518048952881,2.932760770538845,0.4555416266728248,0.36369047952129196,0.0025618749219510845,0.5368781570743252,0.1442465005909991
run_0668,9.707305961421834,8.805819346030464,2.837794180311106,319.0840941171836,0.18745254416927531,0.1276459372694268,0.04537656079672624,0.07677836136546923,4.2896134305612765,0.6878882564994184,0.3316108122887071,0.0020476798000309826,0.26073293847328505,0.588868716143766
run_0669,8.016595686009435,7.092550208859326,2.694370485007325,297.40124761477415,0.3830667239414107,0.04116279411134033,0.13067420636965169,0.06225297557089393,1.7815953336352637,0.44319567092200385,0.6576003738582678,0.0027645392748894817,0.5594325548059188,0.7319139689057914
run_0670,7.2390709742625,8.839743371971167,2.515652627731047,271.63296298799,0.27497825134212495,0.11766037918269902,0.2903809141577882,0.011157312990568592,2.1014965837344266,0.48524676851119275,0.8842111501223395,0.007523853325968895,0.4841065024605864,0.3618944115399936
run_0671,9.33251728981865,6.399991382152166,2.9395304902387775,140.42459948867622,0.12523236364705914,0.27583314694674366,0.10597947671628372,0.028177090749741666,1.5611971540356753,0.448384019588839,0.8613871198621506,0.008702142280351915,0.6577285068031948,0.8064366693230445
run_0672,8.936596142422694,8.080062004288266,2.739497325472208,73.19586183008128,0.24081299164237974,0.19343052228782706,0.12804771727853384,0.048136700342205845,0.8411565283922272,0.40956579368407586,0.5476416815471623,0.005279132819313467,0.25258070708512725,0.9779828571329732
run_0673,8.344862777964053,10.310390162331935,2.455318708750935,138.09934385486153,0.33457928353582234,0.1536311118074925,0.25726309159893945,0.1335157829607861,4.534857677410924,0.6769484616032735,0.6271242602233242,0.006453500156122013,0.7237798261005485,0.49922221196789857
run_0674,6.479441154310059,8.010736821240837,2.5942446758961113,261.6880416205899,0.30346553915152874,0.20691749359132233,0.3420853536075976,0.19056661368066152,4.7171071663318855,0.3686793484222495,0.3661371933487376,0.006475103723299168,0.11041341319238088,0.7823260594000601
run_0675,6.228115637090428,7.676248204390754,2.5071596918869106,60.719873295597814,0.14327010563012116,0.2609750603439276,0.3473667572526852,0.17366799712575895,2.5123677320561555,0.5727566542008203,0.7971368282211675,0.007616361114643888,0.47195419568143815,0.08142137127053149
run_0676,7.226048644316204,11.270293169296206,2.7272396060444883,157.3882424471552,0.2838165720124638,0.2625572515348517,0.32697856570951267,0.105750784314927,4.264959324961335,0.4449793963023234,0.7669905395322074,0.0031066374101966884,0.6272584635504167,0.40662263694849227
run_0677,8.485357008495537,11.37684198280355,2.6739101456405634,71.39560303974922,0.28915014108478976,0.2166774305571004,0.12189085389547447,0.12483104411230941,4.364449509384728,0.35612224843713436,0.5346130792063568,0.008414524287237157,0.14221116459037622,0.6005265651242309
run_0678,7.8742303748945,7.480228848448893,2.463575364627363,141.99105775668127,0.10028846886329894,0.18050434099837587,0.07489124523916113,0.016629844106574466,2.352549205377085,0.3628408679355793,0.7300106565405442,0.0019778631280022215,0.6338972286919654,0.3246872308252075
run_0679,7.038859189366709,7.106441512598173,2.6835830818208777,316.246816230855,0.13651131999822708,0.1265167423968018,0.32298432842861585,0.13275829804604253,4.352830625609989,0.6682667545600254,0.5778346304915036,0.011283016768490608,0.5069431964741995,0.02943125665829055
run_0680,6.224167344368132,9.373117404423532,2.7221904649253568,11.24802010537891,0.3423871301578256,0.05776680615068183,0.13671729372077285,0.06300212962567724,3.248986692754455,0.3839344207057084,0.8122375546907501,0.01032448528617853,0.6474131934132487,0.8797530941535601
run_0681,8.034165368455424,7.687935427975956,2.467242768839505,337.81755127914874,0.28109387803563474,0.26562215126090555,0.2226022668170389,0.059404376042013075,2.3446713513591133,0.41161901619550245,0.5425206675413046,0.008824987293421706,0.38151393499767816,0.26065071902669773
run_0682,6.432949847015349,10.598556777922544,2.6658242442168323,158.1992918851778,0.38985562417469344,0.14831505215349158,0.0704762586347659,0.14423304886016727,3.3087369354239007,0.27559010435889447,0.8695435367340802,0.006303790034668133,0.6804137433986952,0.06592991312800288
run_0683,8.149885325193157,9.553123925578696,2.6158040327085073,66.31979332767449,0.30966313563005143,0.13327743904353756,0.12963770102248184,0.09534493038001447,0.9089471357746534,0.37208638807089167,0.885474682263653,0.0030365504331950925,0.3299317327291331,0.21422245850575983
run_0684,6.8597102442022395,11.18795285510517,2.4545640133106064,99.70675500186866,0.3304430315802725,0.2994107878694876,0.3311135137420861,0.06198165015627307,2.9381996545536024,0.6062864685605547,0.5975021700331234,0.006244095735841873,0.6985793284265879,0.3309315072424944
run_0685,7.564551218241569,6.8847075409518155,2.758826024817412,134.5252841671479,0.20357600420309657,0.02326971425807326,0.0339080286672252,0.04948713784961681,2.820773040302834,0.3356147640947864,0.60854120813877,0.006097426147579999,0.6681583731908162,0.6828039830494693
run_0686,6.439634493323123,11.39716864574521,2.8642479603759403,70.82495340344778,0.19810279421346783,0.27036687111011026,0.15322175913875857,0.05980898209069214,3.9045704991712364,0.5191913954245143,0.7874844732982837,0.010930592188889431,0.27044644016330155,0.22696449874461483
run_0687,6.440809346488611,9.89782658450078,2.647149615500423,284.80814992571874,0.29350754112601085,0.2272472394682947,0.24164748377681905,0.1243134323048745,4.692928051375046,0.396159777514461,0.615915219911169,0.006930863341815664,0.2999238413431231,0.9950156526905777
run_0688,8.343537126158974,10.51103493999802,2.9719065595041494,228.41561565471886,0.1977143171384,0.1425577401849704,0.21275080295175353,0.18866693763802989,1.1344793814249943,0.32321349209383,0.6402315679592165,0.004656944967329277,0.46474777810318313,0.4112510952861319
run_0689,7.291142705993025,7.624498014718274,2.915639938109072,214.29761659567941,0.2533225420276152,0.23738886148987826,0.03976100461314516,0.08109102500707772,4.168700641743573,0.2387950581028453,0.643972310267011,0.007049735489378097,0.17597409070195918,0.12630205744207595
run_0690,8.431278046725488,11.244721455166564,2.715520808335352,213.50974537382987,0.29948859226587715,0.11182759687589613,0.26973055920780326,0.021400401964296954,3.294960010843865,0.47678230939864835,0.7745163359326628,0.0023201834340055363,0.612425236192165,0.0717328137464874
run_0691,6.791195844691213,9.965672198239325,2.8897228097766523,115.43390172926601,0.33213940051252283,0.17654612571370856,0.32910683689900894,0.19268236051088883,3.471288481617588,0.5726775235732258,0.8669577327414695,0.00821596981382126,0.182300087960515,0.31756839631210015
run_0692,6.751809386790964,8.891543276091333,2.6797656293306225,150.62657324884808,0.2227396268294745,0.26751158423687266,0.20788567223348725,0.09346863480131418,1.2526236123842462,0.673643810720576,0.5735540522452396,0.0017852884518308027,0.6162273173053814,0.5989423572123505
run_0693,9.952044210355162,8.165160639564968,2.720307892338198,224.61712086052225,0.3226367253693255,0.14181599929252284,0.13358416553772667,0.07739180149620374,4.643392210877218,0.39389894244176676,0.8646421507934758,0.01139610814632699,0.5010993963745104,0.4162561029325412
run_0694,8.993470766847842,8.783741301250897,2.960446141187176,314.81856905682577,0.2731404754746917,0.1265817121424554,0.05855917178791023,0.026304732149655563,3.213727750795604,0.43904882554308805,0.7202279244018674,0.010189121142139657,0.4445374876950696,0.6000300600895729
run_0695,9.407403120048482,9.127869736010313,2.714702000009562,13.468280010262829,0.39323845477474373,0.13664448549036232,0.34382105661438145,0.11999285884302889,4.06419336072055,0.34558512189982715,0.5689468724251058,0.010677889385745737,0.10854833084545236,0.5581783071234834
run_0696,8.362393035907417,11.925621747515372,2.7802005597703454,151.03903813501887,0.32862429621196076,0.1467156793288084,0.1954695395907849,0.056275284481279796,2.0110260529230333,0.5507449538953482,0.8512188072159725,0.0010745887033272348,0.7083876516680949,0.9287377001177457
run_0697,7.079847019129498,8.333265937739236,2.857835242873162,124.1932158547713,0.25903949954959027,0.14089266819134705,0.11121394603200557,0.1495045544839684,4.039774829149655,0.6980870098892505,0.30999196733457063,0.00899653217286181,0.231119125523452,0.17862781134939687
run_0698,9.916556724880317,10.693366189968284,2.5080666975660395,259.3606239192528,0.17573226830982336,0.22885466405145702,0.027812333246467043,0.07262261994874449,4.371719822556677,0.6653708070851422,0.7366017506108594,0.00742276965234394,0.5313690752470421,0.7726807774878047
run_0699,7.491571100977044,10.30387330976925,2.435035098356959,37.99747027720286,0.16056448016771052,0.17789247897923208,0.3423567872618768,0.03868572942012092,2.71899766890657,0.48109794787217325,0.37709470503764664,0.008736922908413835,0.11992964158803686,0.7722981706148504
run_0700,6.92590284652434,10.126177374670139,2.7546934727203443,269.3283592410641,0.15276634849020307,0.08092406747651554,0.05657532817280872,0.14603461822916652,4.654674389911728,0.5350580608766569,0.5114067318219839,0.00149840142674351,0.6867296386604462,0.13447225955994205
run_0701,6.1280661299189845,9.953476556968171,2.807391998400106,59.939041863232724,0.1908400668437501,0.24013178326200607,0.21710428866212703,0.06254335564916629,0.8891790571294094,0.6138878134415311,0.8056842417071681,0.0024682447005831476,0.21448166756029322,0.9757519119538577
run_0702,9.415089865137897,9.505454497538956,2.9754617536445656,132.25959520452312,0.3220435148981508,0.07688693838757615,0.14738694767288302,0.18460917505814592,2.922742169359206,0.49663223828698877,0.30814483788376157,0.006835691857261046,0.3720917959848623,0.5273939330122884
run_0703,7.05363083060835,7.222081668138041,2.428736979255882,312.3804442636942,0.22062477821062842,0.10187347615097299,0.26186349826916694,0.08780156666799534,4.453466422385309,0.47107545213509516,0.6493918826264604,0.006851129355954905,0.593462981293184,0.06945247331092465
run_0704,7.000681733133764,8.632162135563618,2.4865444436983193,85.40994123933136,0.17632702947209683,0.14637241238740978,0.2706902601113024,0.18775204344643273,4.380378142136594,0.5203941174512765,0.45329982868307905,0.00790367617258669,0.5332418404340126,0.5960375419910892
run_0705,6.063912044504279,6.162537637996307,2.8045030086561553,5.53504757060054,0.2903196370586154,0.28109813669966033,0.293802884531484,0.06862811412790813,3.832031900702999,0.5061616379900788,0.7916287525848293,0.010228325464337992,0.44102374271436495,0.27182706448838223
run_0706,8.653549231910446,6.138402006679494,2.763975504620729,269.8607229932346,0.23964412061632254,0.0681573060848615,0.33771910501357916,0.03408213873355497,2.4169777707733417,0.6172755844473914,0.7933368328588541,0.005708961655957127,0.7535705711637417,0.39560165319324453
run_0707,6.516614136502884,10.788237108292993,2.612932354744098,198.32362198114808,0.37844311876570824,0.15449229775391538,0.3013151363098206,0.06930768846542683,2.8547504007863003,0.4365530766380834,0.5657043397932193,0.006038775552560201,0.6116623132764761,0.7226829980115195
run_0708,8.812219734984946,9.443241917616295,2.769501949597523,125.5850204798713,0.16696536044323376,0.19974513358674306,0.22664495661618828,0.04345032771393314,2.107870179078767,0.6573664799972528,0.6208215585312189,0.0049927758648599385,0.701266500685321,0.3190141551447852
run_0709,9.674670975319701,8.58589930446886,2.904961740233804,325.16846229433,0.27533872006418825,0.053111290945783075,0.07773135533154638,0.03772053261889446,2.1106568252286135,0.4996771550354249,0.326614633009364,0.005909999745300142,0.6821313904780189,0.7356469406648098
run_0710,9.218193708629059,10.253311982341247,2.9382640906213373,196.27685179622495,0.13940369805855213,0.11990485915080087,0.18460442102314917,0.039997098219706234,4.129273339623949,0.480612783015985,0.677398665138406,0.007946531110035331,0.6296149847254701,0.7467567643646816
run_0711,9.170639317259516,8.752570217290227,2.420476624118616,252.8758208617526,0.2710830473507149,0.23180134710932443,0.3070253060229322,0.17611220509797829,3.8425995027054647,0.4945058778573227,0.5012953523571636,0.0021164445988035045,0.24756929553851326,0.04068981182532659
run_0712,8.16364069354637,10.147400417988287,2.743883168409611,48.583069090372774,0.22345233663879766,0.1877211784060778,0.28050810749525956,0.030224481613472277,4.055610078583685,0.5792898859132344,0.5648684144573008,0.002242307752650965,0.4418516334049645,0.7804940320923123
run_0713,8.810027897411326,6.655204847775142,2.809017723165011,16.027386809462705,0.32712519561185216,0.2740719347750096,0.16956983086489097,0.06858318797762086,3.8989873502843935,0.545413326059556,0.8083891473715921,0.007302229979710606,0.5139254182480543,0.7502766264823777
run_0714,6.135381305322507,10.952503959095527,2.7745879768805466,131.67343660082105,0.24989189074199997,0.22043687052458616,0.18649206205744895,0.066806517737459,3.6196620210042054,0.4614607159237852,0.3628812634562353,0.0032166135963446604,0.5902866250201831,0.9698405630282886
run_0715,6.860549771367361,6.130472451651414,2.936986821556928,39.39089579673096,0.17605971256678404,0.2825850410760528,0.06129679742207842,0.16220972906336012,4.606742577968278,0.26056873049921536,0.8078490314462909,0.004694433873488415,0.6766908622891905,0.8960017825047178
run_0716,8.245570855409564,11.5076123776061,2.4492222925687557,87.63085247511233,0.1574681080120556,0.24553068378899123,0.1848062600065635,0.12107862282240307,0.8971754021899891,0.32347236845264543,0.846300160166878,0.002859319606504532,0.7265361928129984,0.9546888554330288
run_0717,8.354954417337336,6.577391164248355,2.5550955189167315,52.29009548964982,0.10860643456485101,0.20797448759972761,0.26934602733692914,0.0806352281767221,3.0456637477260085,0.6831429236224311,0.46081135944030494,0.008564120068395815,0.5462495541888122,0.32048836025925886
run_0718,9.252619399593064,10.333762064707365,2.4273481587152363,226.2288572262925,0.33609792596289223,0.2615187280592335,0.11994288958305002,0.16361768586532915,1.216044326853363,0.2873789813470157,0.4140561548150411,0.010580613182481727,0.5873497046783454,0.5780378507934928
run_0719,9.379207229705019,6.450119698111011,2.797733794470981,96.10098591428398,0.30797128564958776,0.10832344920356271,0.11936191712695396,0.0539089847696571,3.760644685741652,0.6085636074009997,0.49453289191758376,0.004073537406635332,0.4406486694626969,0.9666431219432718
run_0720,9.266969129541714,8.141323597087073,2.8214603118323263,159.6676940912772,0.33000162811926115,0.10949765998488185,0.12612424228902933,0.11945620000180672,3.346958769278527,0.4808757624438632,0.43209986256884936,0.008501431355550575,0.5475975150677351,0.8311830087028745
run_0721,9.128262588391493,6.304018751463175,2.645089138555963,311.76532207492374,0.12367907396486408,0.023741278476134886,0.2854915678166905,0.06939675186531793,4.118133188971205,0.28629834507679797,0.37960447965749905,0.008027434958506253,0.3364855914954052,0.9190263644634777
run_0722,8.942278748767688,6.991921528654673,2.8108880197747137,235.02641500975034,0.39515108047860625,0.08353520321738812,0.2063482926358041,0.16290857500099462,3.305420036675091,0.38886434091120425,0.4534648662629568,0.0013557819660741522,0.13462413057954833,0.21188775676098623
run_0723,8.877819083180126,7.4516199017108535,2.679550945036762,119.28563470222483,0.3807983474980007,0.145002229136589,0.05715487939743999,0.13735860085712584,2.8183529921245993,0.2847233580074523,0.5515549187244737,0.011104353690213523,0.19640506308158806,0.9308948282022886
run_0724,7.386528980937175,7.257955976811397,2.483591344228036,222.83166687091534,0.18834882029651562,0.2685603180319465,0.2742227469287466,0.17044191185963245,2.4012110424250577,0.6997697916760687,0.5591974557406433,0.0031611912105262794,0.4505540342735953,0.6196620170466225
run_0725,6.421047799082466,11.274307354684604,2.891686774633339,158.33877464346412,0.33664729781659175,0.08622068155223198,0.12030825103927995,0.08259989518070651,0.9064324465055541,0.35581387919834195,0.6590560603586164,0.006419916013294014,0.5170687191910172,0.4382303945988522
run_0726,9.437784500499255,8.700139611459718,2.6640281357649593,251.49124866522766,0.21911608257649182,0.062323730258823686,0.30994314521188426,0.11646479862991814,2.3395364895232618,0.45595264057937507,0.46223401639345746,0.010230723070490045,0.6249688851193194,0.04963381641154168
run_0727,6.755463745423372,6.847017193904199,2.984138088664092,243.97026995281772,0.2309180974400071,0.23778787099879684,0.2433927502295995,0.1438465628712087,1.3510823823838138,0.3749129455364898,0.3740270679067812,0.007582293813932116,0.1262679964638339,0.35194059171205394
run_0728,7.439390371178455,10.906585568213943,2.9339998651421775,98.29422842625436,0.39773513521138604,0.2796010417629005,0.3027728093599611,0.19802313893376505,3.4656320857658196,0.26130765314569604,0.6082736254173635,0.011155812125279965,0.3129044182642425,0.3332157866394725
run_0729,8.600976922899466,6.638383324781836,2.924922567521758,335.2754704966093,0.1973486073421865,0.29892448229981083,0.2040745501226883,0.10029132353358747,4.784321539585158,0.25710946284209624,0.44739194400803856,0.011059499927572939,0.7194791953093506,0.07665076877956223
run_0730,7.334394199704087,8.529846895287331,2.6230010963272337,223.2526711205139,0.10723906151113058,0.0370099652627367,0.3168925736223756,0.030037968127795557,3.928867129741862,0.27490972001419267,0.3487417209856354,0.0016448055952034304,0.3770828522634232,0.6773624414616831
run_0731,7.938437103383762,6.089251989445638,2.7030537475869556,138.5681159610504,0.32779607897156915,0.16248184403663316,0.3114388295523125,0.15943468109318074,3.3993054305585755,0.5681655866102802,0.8699059125316422,0.006737679444769375,0.47378342128311224,0.3068055256501724
run_0732,8.47192496908884,8.526208057301613,2.972162937168891,114.48321091213715,0.20561347592024565,0.039389207148043164,0.2881376176954963,0.05557087736168956,3.0346347565053486,0.6213973117825081,0.6826872337374288,0.0017264726219067168,0.20015714089933306,0.581516793223318
run_0733,7.8978670238288515,9.983269983365883,2.6000097426756397,19.183616629028144,0.21317903049310774,0.13059773649793033,0.07833405180623892,0.07115879180627392,4.446237313642071,0.6910370579211019,0.43871889052825214,0.005640052125907589,0.30363423806523115,0.7144328269027982
run_0734,7.218511650521702,11.29359260400725,2.81428610413465,285.3029088887503,0.15644930452255168,0.2392675935300431,0.08765379434091097,0.04838423333102324,4.83158099745606,0.2639537159692653,0.4050328995795689,0.004058595556147968,0.14567534318007536,0.707437106822323
run_0735,8.693389567083594,8.238737542985897,2.8710462024276,232.49742214540595,0.2238908149477275,0.2738034696311719,0.32712983173076626,0.08747971860579294,4.610275495015602,0.487503157125619,0.8702265004201921,0.009692348622684102,0.7367861638552531,0.28422544640198777
run_0736,7.1762617408841125,9.979184977404234,2.9524476329932825,101.317857295201,0.16919451862010598,0.19601584443258327,0.3356956823923283,0.11160358953950897,2.64469786492849,0.20425023648465654,0.7887863019616634,0.009454332753238748,0.16567876418633926,0.15324554265871002
run_0737,8.786051462018676,7.810747834343571,2.6883578128725594,61.825321958806,0.25941640572227054,0.2268358392976044,0.3463895649203898,0.1931597124359618,2.779804618367506,0.49120171404191115,0.31368872364684014,0.004102612717029048,0.3326142514242405,0.5520774061862546
run_0738,9.896888773959738,11.546977155887333,2.518143378986129,93.61236995186255,0.16230937398307035,0.256075215705507,0.08637460549670067,0.18957692657406314,4.859778747164215,0.5377560750993159,0.6386945470550494,0.005834762695316823,0.35746294342383855,0.48058100379712754
run_0739,9.684910574163558,6.6673060513709,2.8582921866335442,5.610874933731925,0.3051603979643744,0.0515436249990041,0.08600897164395027,0.01781446049612439,1.7650095657922127,0.3753299292752901,0.3961544117710956,0.010478373736496727,0.6149640497833272,0.7771452792197353
run_0740,9.29235340041228,8.10137783231712,2.437442016550839,76.55766464850858,0.1797884322874762,0.07956825152174311,0.323058774401592,0.18295366833628868,3.3420541072479324,0.5055031507703791,0.7685294482542454,0.0018633924598775524,0.3082110195866688,0.10287774907016958
run_0741,7.620548159951207,8.571672533904046,2.7607303533137957,298.57409164823434,0.233721738715821,0.28738283115438956,0.12173920734680446,0.09040664173223613,4.002454227267299,0.5600457470915918,0.6396709720394513,0.003687804769399374,0.1582276181722787,0.2016992535182675
run_0742,9.439713639441546,10.154420222096658,2.7129950381591317,225.37196070367142,0.37501355735189523,0.19769266709389385,0.1631824142246106,0.07655314506148307,3.6537862387086477,0.21490087403831884,0.7542299243369647,0.005676072792597846,0.2550754017509981,0.6894235842074338
run_0743,8.616988084485921,11.581245815535562,2.725437022347002,254.84382535693157,0.13198269506010357,0.02237258147202743,0.037894832025267534,0.1621646361914916,3.111035784209081,0.5154942325116276,0.5264610161842199,0.009566149620254816,0.22554161470352885,0.3960171651215517
run_0744,7.103057030553466,7.154749307530929,2.5316946472958235,87.16945358270742,0.3264742739892925,0.11060276720649426,0.3320561313263209,0.12748991424403042,0.8995051881325331,0.620378576873194,0.5459665648195569,0.001820683925336498,0.7001009494009551,0.7626945828402054
run_0745,9.403992115334935,8.48512079989969,2.7038151450428907,145.5310132662222,0.25670534190942684,0.2898505421920269,0.04884998812385936,0.10149327833785851,1.1571722700731573,0.48339474983676634,0.8213087990653432,0.008725404304492056,0.7657037313194129,0.8876906018863312
run_0746,9.75291043952436,11.423892246355983,2.4837456470908807,105.6449150179547,0.18729295414494485,0.18178514557751288,0.07692268435167815,0.1417749475487996,1.6866408345219261,0.3497005919638735,0.3955883761414718,0.008778208678544596,0.3591655176433859,0.907912754028988
run_0747,6.923207889594643,8.45812219258647,2.6829080322975574,2.9408738301258466,0.38274757072566534,0.038752773799888285,0.21768423446878818,0.1332280949031497,1.7420938311927252,0.3482000962405614,0.33075961584404695,0.007279596411141268,0.16536746247902578,0.46121336909961325
run_0748,8.0764653074583,10.22149513687752,2.770680699038859,85.30797532255254,0.2109274037502302,0.1260821016858309,0.08086799092090888,0.1307548662343913,1.7156542886686565,0.24273706320299174,0.5232612760860428,0.003911448558931321,0.286458497309642,0.8391824219408586
run_0749,6.895742713616633,11.666791780475108,2.7558019532774845,228.66545342547744,0.31596201660632006,0.20974474507639393,0.1337206106703766,0.12823332111850327,3.983809066482795,0.5707827977005053,0.6151967531051727,0.009422171950477575,0.3416188255236761,0.2861143940646901
run_0750,8.923268141671464,6.770843290504506,2.6822486882276664,292.5690203362187,0.39538373497196544,0.12966037294799235,0.17473015174241877,0.014931947976157087,4.98106369388291,0.3105544645606695,0.5977351870697432,0.007177695083434977,0.1261930240384822,0.4257962884146144
run_0751,6.080161661425844,7.706485206026258,2.9870815419288563,0.42237587091928525,0.12496081954890675,0.11266695557665062,0.18719019888157856,0.14919880411292907,3.7588597698004556,0.5131299032578983,0.6591311694190389,0.00233411491901537,0.7520632489981355,0.314673756009678
run_0752,9.325781085744914,11.38347218377444,2.4261913148593064,152.26823358499686,0.3183483025701894,0.24943602324585717,0.0696619759036251,0.1782119077096643,3.9947511883228186,0.281806114774534,0.4699444464618524,0.00170423728359765,0.3117761341994204,0.7407632814730462
run_0753,7.697679451179777,6.657681205308348,2.471627058127382,278.4882921642002,0.29986192834882675,0.03995785651407232,0.06813458770423034,0.0478543831669965,4.75235806102361,0.4634464092375596,0.3489215524642345,0.009959327624271971,0.7234307788514636,0.2980401659346442
run_0754,8.483211895618027,8.714780798439014,2.9733585997405516,329.4282843259755,0.23779956139180175,0.027034803973575543,0.16900596127644832,0.17813175591716124,2.4702791509115785,0.24914234233512106,0.5507476752743238,0.00890442707886012,0.13173636170873004,0.18353278694217248
run_0755,6.1308621322603605,7.8404564700558455,2.478473008216734,37.00787923982587,0.38607730505877447,0.010336762376824512,0.2653742753536924,0.13839999700483693,2.3282509818281243,0.29397828369536794,0.7089670032030049,0.009236715979632153,0.5796717717427662,0.7457653283824014
run_0756,8.279137724287262,8.670948301268796,2.4904173797652724,343.98503031624404,0.19177916441385262,0.11344683969958125,0.035227223473447124,0.12971824775022273,1.2061057462001727,0.4883929052960018,0.6756593293036068,0.011364997485653294,0.1055202748666403,0.14776374961944483
run_0757,6.477858336406725,9.513306416671082,2.7969807124875796,324.2231431584813,0.36431882600439724,0.2978552219746218,0.10666732395408379,0.042953729541855085,2.56951593396204,0.651766478821405,0.8964152728526307,0.008464776710239619,0.23957844929592503,0.7919027750707679
run_0758,9.518240456978239,7.7515742522309665,2.6083247587568,217.73191469718978,0.21395469834880587,0.14837677960627685,0.30531907002504405,0.06911112479486718,3.537379058554487,0.24938982212294947,0.7248277007435033,0.0051933204109583945,0.4365261763419268,0.8586585820652344
run_0759,9.64752569236574,9.338808793537275,2.965843466567854,234.25069289387412,0.2916752684348163,0.2307917830506574,0.2711891358042042,0.12612472975491595,1.617664164503969,0.6532319590841977,0.8316093024797269,0.006814089694107427,0.2006082761452079,0.5543453055417745
run_0760,6.110603889543228,8.325499876816584,2.515864163577053,167.22413147303138,0.3880544716902,0.16089842231242396,0.027194086762876366,0.0853524498690447,3.1703427805668474,0.416192147936264,0.5085825496259021,0.007993555649154164,0.6376642003616836,0.1964281582069205
run_0761,7.819328607073701,9.098195700280229,2.74839063955558,324.76332074160115,0.19488159959561702,0.08576568574042215,0.08884104481904675,0.18986332633108777,2.816016132969442,0.451305519539792,0.3641330663030437,0.011540072824932232,0.5506967651162675,0.07998491172354186
run_0762,6.341640354288688,8.978692219283209,2.6633412202339297,101.7367912041392,0.15740607517989544,0.278865229207113,0.13827080983483803,0.06067544405406857,0.857780641221779,0.2978124682061024,0.6383708729580322,0.009583144833518832,0.2825254113917738,0.7675844743448008
run_0763,7.044371564679538,6.933455203920451,2.84949063812164,299.0644999547068,0.1358758181017985,0.12891837404978798,0.10893442125369293,0.12561636211875057,1.890162881937544,0.20312238258364465,0.811479213721396,0.005992765293720205,0.6184282604972183,0.17844442287150064
run_0764,8.06306039986736,11.497185443423685,2.6154364959514886,127.82751950467916,0.15373535831184104,0.026180884334821374,0.07128938449616937,0.05772138331559201,4.779119293892775,0.4183596713791478,0.48450579654526105,0.010368973296233059,0.516274055096459,0.16416121226404193
run_0765,7.312339223284649,6.367695057965679,2.586750747029684,317.4883250374936,0.11985779801683938,0.15278211508908296,0.06830501097830557,0.09333717706661655,3.130963103200168,0.2513590211183539,0.6257479664948069,0.003979463391631188,0.3232878503519696,0.567415268619907
run_0766,8.784026741213426,6.810004431716402,2.417184045624033,227.76986576614118,0.23488344895703514,0.26564999963053315,0.18319061292782057,0.023676648020055317,2.873310268776782,0.4885038493744818,0.3857225841132084,0.011172450939389962,0.5800735539596321,0.8143047662528851
run_0767,7.930557200012249,9.994864786830732,2.8803176747623622,274.17786147832254,0.16884585294623689,0.2154913104121051,0.1924119106688537,0.10115093309580378,4.616756683466833,0.36754111827413327,0.6106725644132511,0.007802622957111886,0.3021904854085029,0.019867398798321254
run_0768,6.634637881940697,11.603463379949877,2.9452065682690702,7.656125949492523,0.3673240508605883,0.07039467518223347,0.08822390686063247,0.07213945543285087,0.8794108960838816,0.6853284584119119,0.8495356125752638,0.010933971826315732,0.2996274968959122,0.04835294115285917
run_0769,7.231501752743233,6.046711267034864,2.799959783108562,55.8366909103729,0.11859499356616676,0.0731761683537567,0.09480628671843616,0.11377936970872278,3.2272859932814892,0.33341617924486777,0.6981343208938297,0.002124878988676225,0.2260895498708848,0.15775761074675182
run_0770,7.145070034847199,11.605134223424749,2.622522190646343,75.91503562212488,0.31045159692176627,0.1732889961586487,0.05981761482932693,0.17433697126878975,3.9772365281065127,0.4057061468739507,0.8721186807106478,0.008926510406263629,0.15511692339562902,0.2195156097043158
run_0771,8.533706835794195,10.207322548679981,2.6897450333620805,40.62484285113523,0.25270897974715556,0.2675390996151004,0.20454595769733502,0.05263129333847171,3.201151534313878,0.5447346618031648,0.8098349746057947,0.011936285297103132,0.6896481614865344,0.4518534385099375
run_0772,7.169541841462459,8.835192970889413,2.47488333865779,308.5946515686395,0.3758047638138621,0.10632311371935982,0.09908351579345295,0.11591819405340599,2.5582370041027778,0.2703183330104212,0.8597204995991579,0.004881047243080014,0.3422149588245335,0.17694783485250234
run_0773,9.511633705866906,9.82370988490508,2.4269153703281834,226.8631784612462,0.132596409741558,0.06574867372783592,0.19048818043852203,0.03142882502095807,1.4074031867671772,0.6957394753755384,0.7457061325990033,0.011710235634772328,0.4925846242122436,0.9659607323597785
run_0774,8.393309973143067,10.002865515684634,2.983163404540424,330.1695663544419,0.20218368164254638,0.1285178813920587,0.2563603119671093,0.12734349694106648,1.4904496707462653,0.5847735447619571,0.6288880062902574,0.001368199040403441,0.3436702495084685,0.64474678322982
run_0775,6.437094702207374,8.434738466421905,2.6032180109800676,116.68957586985907,0.15191560350764133,0.09768542300212263,0.08550999885565205,0.04584479745191053,3.1127829260064477,0.4371267498380542,0.646382693235539,0.002997806916506131,0.5706449965685857,0.3798959734188009
run_0776,9.05890834161248,10.445197167427013,2.9813900300511706,50.93071636619118,0.35819574842104207,0.07670389385233115,0.33075111313766076,0.027371029193069447,4.9541820252578885,0.42868464102575654,0.7620013120615189,0.006392402047087951,0.666568578608004,0.11475199761523783
run_0777,7.2233292374563405,6.282661584046119,2.9033682552342577,193.34573951093415,0.2335348994658604,0.16749010224843427,0.08611706351626822,0.18183317110682043,2.31090588780482,0.3630375194449584,0.3457867836083652,0.008397167758327623,0.12439792797521153,0.08037903984426259
run_0778,6.206259874762622,11.614608460951773,2.922094936728766,204.84681855305553,0.14195512182214223,0.08325962606415852,0.12932130083025317,0.0661351089633454,1.1503600833109933,0.6189218954157818,0.6472791038354613,0.005474376412600973,0.5482641340288008,0.523466892340195
run_0779,7.456644953816319,9.020929015939398,2.7453571588095422,234.01275213147278,0.30104344466295113,0.18028858572499518,0.3235682344889841,0.17172303890557133,3.477643419214261,0.2240089235322015,0.35957198650742755,0.004615606064531184,0.7937690175311931,0.765499480921414
run_0780,9.662945968166344,10.087041370980547,2.6295848383650786,267.7736179063087,0.21425565333690827,0.14424358932784767,0.14580935497327893,0.18841766617393607,4.92671844588348,0.2009100085182106,0.45202264345801857,0.008371161633975308,0.3041462569936145,0.9392473300844313
run_0781,7.111221939480922,10.256628606288764,2.892064458423272,35.34885640015529,0.1189934677480393,0.12412677574347031,0.22704280318520803,0.053801722307649846,1.912003733833287,0.6381363455439839,0.7464188282129058,0.0011157211471446607,0.16161373143839242,0.8660905513030462
run_0782,8.78907518771035,10.622369102117194,2.622184967735617,130.1511064515268,0.37279546685573794,0.09355527597311057,0.0987875117929477,0.034512812744526264,2.3478098842915616,0.6866112356005694,0.7117524359776047,0.0028810679772017763,0.3893736372783969,0.45490623486915766
run_0783,7.242073635404508,11.964932415534527,2.5516391087970605,249.81623103728856,0.24707301396264758,0.25476808793273936,0.08340203015995583,0.07209156028086824,3.562442683696923,0.4252784637282455,0.5835261454016594,0.002900799515088909,0.649987178649148,0.4663603986936586
run_0784,6.843097829407683,11.045340352089651,2.4517405583214402,306.9759167757063,0.2934493244895804,0.1716355428464074,0.07063795833892239,0.11933174335171041,2.209705931657001,0.5999445904991068,0.6437646068936681,0.008062006205706296,0.6564090292243389,0.8465519758422859
run_0785,8.940781628092497,8.940854789499578,2.71333172432655,21.027453984889203,0.31077294226428215,0.2659499439488594,0.15705567611188057,0.03624243418384091,3.092059615457477,0.5972727377148599,0.3537591526886088,0.010305774523266087,0.4150422534097331,0.17951571679101075
run_0786,8.58051568759475,7.952640259407459,2.500257787233049,210.12345197232776,0.2514491760523717,0.11891181557007705,0.21194559541312633,0.09646397184655316,2.9825927611279734,0.6904278709740737,0.4164074943912417,0.0035818594694863324,0.6132691356653608,0.9087982451858734
run_0787,6.863727311593845,11.682941361359891,2.7028707602405984,190.091769748136,0.26140523542470717,0.047733692075974256,0.1543105946008983,0.15195698193032364,1.2829571143229734,0.3267933998742979,0.814651914429873,0.0033048479319256314,0.48136778398553604,0.971368413197758
run_0788,8.782009887322488,9.886407966385462,2.689241045237277,165.79600971047623,0.18062222969308278,0.03501892148079972,0.26248515603234945,0.07613446474722627,0.8504742135136384,0.5569179194726575,0.8553784108853641,0.009275930440374905,0.5281861664355341,0.21009760520589085
run_0789,8.804227027350677,6.073653851447162,2.81568907329523,307.39437870983807,0.10087998742443728,0.11710208695254666,0.18183330360672845,0.09327521309595999,3.340333684351797,0.46656521693885333,0.46943532465851223,0.011481590422586316,0.14307243197308162,0.34745920515369144
run_0790,6.189170737639513,7.7772697464228155,2.873330921785316,201.54941775283777,0.27201672319528775,0.060554948092051204,0.17240399281479973,0.1300389992020757,1.2590225590653008,0.3636533547799564,0.7479107652819188,0.01131735485310079,0.33419484360267127,0.8823364194661361
run_0791,6.936086976816589,9.173054318261268,2.656775137691023,54.26639246081655,0.31581582016310356,0.07369081647675635,0.3107306878370217,0.1616497854299974,1.4694936720739178,0.49257284243377863,0.8972066006919059,0.010157507292845668,0.12039388131792411,0.3167047942462958
run_0792,9.054265764441569,9.883232064900842,2.6701341750399674,190.03728319149502,0.3124482832007012,0.24542567655790382,0.07293049907298052,0.15527247412934486,1.4886910663500377,0.43283192496928985,0.3647529837325545,0.00973712086765886,0.35344931791950873,0.15145279022544292
run_0793,7.448665698642895,7.531162143772542,2.777739741076093,175.28890772316166,0.13018003187430463,0.0650347324264725,0.32441784536421986,0.07779563048667021,4.896290294292989,0.6701200100933937,0.611067960053123,0.009924162137715697,0.5722718065747292,0.25825090382328086
run_0794,7.417668341062301,9.682910844894625,2.8057671114976723,12.299602533366066,0.3470648850516194,0.019055195550674767,0.02846509017918093,0.06376266698558325,4.14749561923837,0.5261711978274111,0.6073937124750937,0.0010152743647064717,0.5731703654748821,0.5311049766049291
run_0795,8.043519019836587,6.797151936793965,2.9471454611170183,197.6445206495462,0.22048284478040814,0.1431201645507528,0.1083849699528538,0.1687539018040432,4.864594028491117,0.5452073646406607,0.8561019358996929,0.009182391516656601,0.4318990031568395,0.5664871636568463
run_0796,8.481715915570165,7.122951344639235,2.85956296729386,164.69130746686133,0.22478361772530836,0.14213985224780876,0.3316148596453467,0.03136110108569203,1.906216369586806,0.21906227232395087,0.6278398941263218,0.0071048054353180165,0.6229329478255484,0.6210618407878545
run_0797,8.869630361998208,9.19720397223068,2.7722434327285668,11.39048378298689,0.3875124986673717,0.2862349397851801,0.041278008333537675,0.04499910189288088,1.0162812297281012,0.6475290826483958,0.7002816715060403,0.010736166509319023,0.7796748611783998,0.03164571991489073
run_0798,6.606390821052751,8.733130093931528,2.708825858858165,105.92855246664014,0.35943619048150277,0.14692331328626013,0.033137866537983875,0.170493023270372,3.871822704352833,0.5657456065124227,0.5560142660645198,0.0066107447116158955,0.29177690865284933,0.12530121439551933
run_0799,6.348119906147838,11.113494969012429,2.9495338025310636,342.2963418458816,0.1507887790650708,0.12018299302040955,0.06438012126037462,0.016308744388736217,3.413139781956483,0.4953473021078299,0.3569949983795135,0.009419540454327385,0.15104204979931896,0.245951024256851
run_0800,9.566529048453603,7.547639588356565,2.8539995417779647,2.8478897442623388,0.30443225347326286,0.16121143314295067,0.15117988443831254,0.1324886791615635,1.428294957793879,0.5384678594486338,0.5842151439757843,0.0021947438822032383,0.7389906581899722,0.011960142210316282
run_0801,8.935688108073867,6.878725324057319,2.9028338364206934,27.292193699695158,0.28277149770922966,0.019748540217988372,0.23326463150640533,0.07187833524781037,2.7129389723082413,0.49162977358810783,0.3743710443101489,0.005580134437226259,0.6959473307103416,0.8696412080980565
run_0802,8.47865179162742,8.370758759733206,2.844581473485829,335.7010954418089,0.11109183699569354,0.23361526657024131,0.05445470629830941,0.07910378262990327,3.451378399953196,0.6780607169116823,0.5775780426590194,0.005740245519154806,0.4350225786344637,0.39796072150128253
run_0803,7.024998907715743,6.5020647545202985,2.7264534933427873,149.13664016074324,0.33306447128836525,0.07851385435575878,0.07890934118205396,0.020019771088761663,2.7373287328154765,0.40805487387906236,0.6569279729659674,0.007686900081486953,0.28813403513115154,0.06997474781740458
run_0804,7.063541318743129,8.626938885257436,2.9740537110862317,313.51150139197944,0.2943159045257938,0.09658262987336542,0.061961644287529385,0.06830275024543504,1.0644698399587953,0.3554658334238129,0.5548316347894359,0.008019739601390425,0.7793326162197561,0.36590722508514323
run_0805,7.513361837458647,7.220040680673359,2.5560124778957465,225.3233212923704,0.34494062194757813,0.1637938128497497,0.21997815317970765,0.0804779747133121,3.6761443536116545,0.22692340221518753,0.6851724819671534,0.009103676331138146,0.45647440508189285,0.25996145016552435
run_0806,9.256274511051972,11.000145860825363,2.8278115857645156,6.672323046139862,0.2283348855060672,0.13452185779363643,0.3011143364342138,0.13422567784504588,1.7614565435411902,0.32136209807104527,0.8653531792671896,0.004245824901666523,0.16904475151705622,0.3050619302565816
run_0807,8.304530594175226,11.515073475118056,2.6476499468543166,203.76224040789063,0.1862561252764,0.04221191631767732,0.10807401062775984,0.17752513184273874,4.730654517942895,0.269781140243228,0.6800967551595364,0.0029622490801826332,0.5867086936442205,0.40220692142238296
run_0808,7.414878241359279,10.262472552520844,2.625568560540056,55.75998079303465,0.32794769368166554,0.11729796221525157,0.04227497592916065,0.011971465893604939,3.598562050683249,0.520666274577354,0.7975464510597365,0.005384271101528479,0.11464771351627306,0.8613296364433844
run_0809,6.730615942384537,11.390867305760159,2.5293510064094513,221.58687147471045,0.21765885441961275,0.14935130628620055,0.2477203774527173,0.09023557198558775,1.087476877290232,0.58949113826625,0.7493266487045598,0.009489370292385942,0.36617231116319804,0.7638912123091293
run_0810,6.8407743886506776,6.434456382375485,2.404702136657919,52.70477228726592,0.2923455004600015,0.2929650969863078,0.22296788357140065,0.05682956142388879,4.081406739631507,0.6387582603552546,0.4568839141455881,0.010897698917206673,0.46783586062340055,0.3304266733395146
run_0811,6.321074947096854,10.175527459806947,2.575944373372511,206.2939082971014,0.1935699388662704,0.24531945795609172,0.03916589255867777,0.04054627436449569,4.844846516692427,0.44642346917633363,0.5137117403984439,0.006934921775451341,0.5111899064701932,0.0600996357203473
run_0812,6.29673696650031,10.55156115976612,2.615048791996514,239.50186443533934,0.3908306744157285,0.22112578809434214,0.08657731259501897,0.09482877907719053,1.8838138719964186,0.4611748094629655,0.30462089399014586,0.0033359188845910096,0.7980229345685305,0.37940376531536496
run_0813,7.327082261083897,6.676399523475659,2.8798999071329137,287.77469388997156,0.3396789689998494,0.23276260907123533,0.2547476540586509,0.13765224799283715,3.029492491594305,0.518886408300755,0.873689229390135,0.004875146301759404,0.5403451172324977,0.93116010717669
run_0814,8.928323026567739,6.306850938116007,2.6513554104600487,108.54397308566446,0.29533201206013476,0.21088695534354807,0.12507314997213007,0.074963595338385,1.6849099045327938,0.43739595071674947,0.5628972421498455,0.006052451647513051,0.3490205041899902,0.14140602098101804
run_0815,7.6156895977114125,8.237773065708904,2.4690541082085304,103.76003047471566,0.24415792884401402,0.1035613244892029,0.24831257598645942,0.10799163944875129,1.0544875467332961,0.6745144841386714,0.7218834779242995,0.0042664192608251215,0.4767221430492614,0.45043978339387947
run_0816,9.729845555155162,7.206921298784652,2.884249564370423,212.5514085316687,0.3191388777088051,0.23433145418034215,0.330478515982739,0.05863666682109434,4.320185785825591,0.23653807111147618,0.7987456579975607,0.011672530411157483,0.4225820988205454,0.1428807684005669
run_0817,6.366489535859649,8.034452146775637,2.7062036265725506,37.75071254672238,0.10550983124206825,0.12338266366438676,0.13204182530846345,0.07792256316288794,3.356144343992816,0.6804360182927423,0.34359295344319457,0.005529012463879527,0.740206887729508,0.0895198106362215
run_0818,7.027265416771741,8.32473497754033,2.5914751062706842,321.29616558128413,0.14661655549982708,0.2807072786530714,0.15014155088961176,0.12684949677723834,1.867865241453468,0.37914400021821026,0.3517041766006356,0.006762406407512869,0.2851942066098357,0.1281328271292093
run_0819,6.929135411148016,9.361925921251462,2.4432552335257505,307.84372914626357,0.1378901499912964,0.061715501079921534,0.12720618070167983,0.06499723781168319,1.5789867712433363,0.5917438961284129,0.5570541382853578,0.004608785720002757,0.7902706442412355,0.4735772130760859
run_0820,8.25875239927715,6.775127810696278,2.9132628204760342,298.1341862363444,0.30875799603836945,0.21118470826718103,0.10771985757688235,0.08363729153753975,2.1792102936346787,0.4950658373460749,0.33596877277501225,0.007869352916328409,0.30194013900382644,0.311914876757891
run_0821,8.168610103195812,6.295910082319626,2.44919521726831,83.16215592635217,0.16336999323951523,0.27935288736880887,0.3075031868920546,0.10713560276356343,4.694512503188105,0.31959676277388377,0.46623431201403953,0.0025933405746935757,0.4004795609820039,0.9249981780019015
run_0822,8.086280371437363,8.876082288333262,2.7962186109305014,26.280443309542015,0.28081234105918823,0.16527715872930954,0.25684435219239227,0.1021164434741147,1.2326292738994717,0.5971423445805213,0.4337309598035122,0.0025423664796792294,0.5576583341196801,0.44447251980592906
run_0823,7.138278160775091,7.172952937418151,2.4411304549092763,3.0974654333516756,0.11318862651847865,0.25407507639371707,0.2832497219766524,0.10437278082802427,3.6862868913196722,0.49723757824343795,0.5456821510884532,0.011181999912425904,0.1430130521873784,0.8513790779496467
run_0824,6.325002326812354,10.850507508979161,2.578563048131835,69.87467195571976,0.1555236785183109,0.2359028126224877,0.06913047061129954,0.13626954282109216,1.9710372392803561,0.6110760449054191,0.420123226228743,0.00582159035260811,0.6462532583098184,0.2521736284539503
run_0825,7.2957327517259944,11.838419632442736,2.472127066967676,138.03992936907736,0.228894470853221,0.047202488680267045,0.2516543367700035,0.08923369841717213,1.0567887396514697,0.677101751594168,0.7107453398456822,0.003131008716155648,0.40084548528568353,0.4534052765700696
run_0826,9.841693219149764,8.746704092050884,2.572963207626292,241.78800374905845,0.3355836872484945,0.087488991915918,0.3222397157398376,0.1734956332039265,3.0841226968381825,0.25927451138406793,0.7050581847384441,0.005465625963203242,0.6679330443742012,0.9008904785200827
run_0827,8.582671231455155,7.147334102591347,2.5666515446842233,199.48255852251464,0.27875000369562825,0.27949950091714476,0.18654683448341336,0.0925576401916203,4.107969649584388,0.6791957322563056,0.815066204510351,0.005250349371687287,0.471202033522242,0.14888165148612617
run_0828,6.990197917703856,7.149987831294697,2.704974981226565,110.11071388808492,0.2911929008492289,0.037770972663671826,0.2856965038677714,0.09235651255196826,3.912517450826443,0.5302181099922174,0.42052126497540826,0.01195603525557325,0.3743334269780846,0.7564494289061069
run_0829,6.216723189396163,10.570820612760446,2.7692724493697196,10.619326362897173,0.1916381257635428,0.29223920334107806,0.06656247989641621,0.0411811325472397,4.67899923187055,0.5539637917455711,0.8617988940387797,0.001301693842309925,0.5783496575537463,0.10788039779062471
run_0830,6.330426270198125,6.187963560965958,2.9446513305603768,143.69869888101488,0.3493266615026272,0.24862632468190324,0.17121600164149808,0.06956704692949318,3.9388276901562405,0.28133223297520477,0.30969664768779664,0.005408172838049202,0.5381200433940805,0.6489292712895229
run_0831,9.901025967710172,6.9404672113898656,2.8674679899729676,163.3122299800886,0.21071319380817463,0.2449042252185263,0.19794422415949256,0.13757773143136115,4.478349251550644,0.21834779940753984,0.804722941478565,0.006240502059177931,0.5232959693446922,0.09082515974605929
run_0832,8.397322146310312,10.665497978984096,2.9002734200523994,90.8050687282684,0.18316556907084483,0.16724336546692153,0.1936403677540102,0.14664805193050084,3.4389972904212174,0.5978362449263509,0.6341562907203103,0.011884532364229514,0.6068797848479913,0.4377913742832578
run_0833,6.881397296298271,10.882836593895547,2.866583637518168,115.0820265960748,0.21014468612319992,0.15719109511665955,0.09918835202572454,0.10389139549089747,2.054872833294584,0.31784047548047,0.36195755290891113,0.010087228350049642,0.3785981589568508,0.1448921445221051
run_0834,8.585407124749674,11.757163816481246,2.77514788613611,22.974416661600333,0.331839353182658,0.24367448576890227,0.16753397756160643,0.12884857809276037,1.3316272542565457,0.3002895858091453,0.8732402954667133,0.008748022270605307,0.31364138278680465,0.29917193129327935
run_0835,7.179594589253108,8.32876115438176,2.8673400109341243,129.5526580836139,0.24485398066930278,0.19866733124460892,0.29430603636675845,0.0456695848836062,1.1321785264739168,0.598046767938166,0.31398305007121535,0.003058202094918819,0.5738278150297995,0.041748385575022244
run_0836,9.175763516539222,9.457719616543226,2.7562438902690696,58.1256146955751,0.24108060808574028,0.10270550777127077,0.24590021066185397,0.19942483638065037,3.481499786659593,0.6151621609385112,0.4362471942831252,0.005983716341707579,0.7127416354956023,0.49264055395737927
run_0837,7.684845218815297,11.457049733223721,2.6900716068263133,87.92138146639675,0.11671111935266931,0.12131538805721208,0.19025487009728262,0.06129505006910966,4.0204474020861785,0.47782688155263897,0.8673899472642592,0.00476100466582653,0.629249709750648,0.19281141878701513
run_0838,6.300071264196055,10.979645521096723,2.4324490635904095,178.3964991324158,0.25812659867107846,0.02815271803452605,0.3281662871224967,0.1418872324048615,3.7492833722113765,0.5231438802171422,0.692702066491184,0.0054809024990502015,0.6878553995922343,0.6410485694813309
run_0839,6.775421983441808,10.577541956573615,2.672307000075099,133.7833238981217,0.22137102189854468,0.15889840547679476,0.23094897168932532,0.1509261077439685,0.960295524650422,0.2563322359072183,0.76381215975892,0.008318594089353652,0.6595450815773926,0.2012093873570891
run_0840,7.841141163081523,7.762578737183063,2.5850792169019488,133.53331640814835,0.10735969375951107,0.16470509773950784,0.13637910134118938,0.1723783153722433,4.067575086590274,0.29869431296301663,0.8884868783907454,0.006013212504041122,0.7641804416468355,0.7786755003709254
run_0841,8.367547204965499,7.256923551190713,2.9918995286847547,209.09780783784907,0.24124575058012088,0.23852745240297896,0.09990522313421546,0.03274964381928716,4.272186592040046,0.5573251812470255,0.5047083796199578,0.003463955232784518,0.6468288498143069,0.6883388060301502
run_0842,8.666454262077306,6.809434903841593,2.670985138304407,91.14741083993597,0.32415215636720096,0.07797948758537229,0.12336625922478348,0.16468498705117904,0.8325722384514006,0.48691490857925307,0.5219500335452136,0.0018729052171118908,0.49873266007314165,0.0017952996377268722
run_0843,8.776594573516014,11.403779726025004,2.931997748932763,136.13876308373705,0.2721083787693511,0.15086482881308652,0.30528035478838356,0.09237993367824242,1.419575045237776,0.4523833789835999,0.7119200283732345,0.008353511030042522,0.43792983143059494,0.9356378223131251
run_0844,8.746712419323499,8.255288205551997,2.8301858731668736,119.6183960439886,0.19948191925039055,0.27254785547391,0.04112252870780611,0.16098779384021353,1.483139363161183,0.30442856477790564,0.8800589857851471,0.006466000629099861,0.7491636968151721,0.9819550749784538
run_0845,9.549746453187407,10.274368459562112,2.949725929736587,198.4605819984814,0.2355599590731152,0.07353013869519982,0.1541021635001569,0.1554523046000046,2.1216665735792173,0.6564960531008678,0.4590259572926953,0.009619283951653755,0.5981776550720267,0.8417326132221346
run_0846,8.487094147853362,9.1065534754627,2.476269233807747,193.94763451157544,0.21787359629519465,0.2553315642527599,0.11614199473010342,0.011401113094660449,3.556527758344977,0.5702768959969562,0.7802282738303401,0.008984242207930985,0.20877194491116563,0.685227129090647
run_0847,6.884765826607411,10.18940361740431,2.8149144430046347,14.76083195682226,0.20697439060152917,0.2034582320589909,0.14567801642377817,0.1257499205669146,2.6934619079202076,0.20280391103845657,0.8936484506582725,0.0019228083055713794,0.5252364570751954,0.633195530163331
run_0848,6.358622923482422,6.197989913141306,2.585846764270802,164.09216258307185,0.34648114288272724,0.24851936084183018,0.319442108075567,0.05250108013562104,1.8655575584053825,0.32529222749425046,0.5986223199332528,0.0011432784604427468,0.505189965375218,0.9553010392967977
run_0849,7.6000446506669945,11.186677427269885,2.771461228544041,326.87791763136113,0.22217702301258951,0.20384275666108154,0.2619901849731442,0.14482417385287777,1.1926306111650637,0.6877090568183519,0.7939972168856515,0.010117593105687793,0.25736587303856784,0.6045240658500912
run_0850,6.09979758774512,11.335730153674003,2.4109628725885175,302.34953843067075,0.18860822401634686,0.29975136093654636,0.3182121003755692,0.028257780958125353,4.0436493462327965,0.2715983222432551,0.8910319235577953,0.00654481769340556,0.15462799181262502,0.713865512488736
run_0851,8.058029157630937,8.553550830253586,2.823961557658188,110.39983585182743,0.1523525098039942,0.03922597333193326,0.0746044998629761,0.1967986129276411,1.2205626132964613,0.5390621337964576,0.4775427732326637,0.006382580216916636,0.41346271110146093,0.12412600009301002
run_0852,7.348567504048561,11.430499901384293,2.654763444252633,20.052713901709904,0.1848790077270269,0.26713785898741127,0.1525808528664089,0.10056889843547798,2.278619184499987,0.5360002367454657,0.547392239330093,0.004098021906681086,0.5107110144785899,0.23827251409964592
run_0853,9.845520265842616,10.496262256212013,2.5118445083139718,238.92633296883022,0.20812869203550355,0.26020744896187653,0.29141495834861825,0.02534836772466705,1.1069046480217049,0.3168892076600515,0.5990751503721108,0.00606554290252355,0.39685425574312894,0.154669978257297
run_0854,8.772487352758382,10.412615427900736,2.856070225561769,197.60260519049186,0.27032665358056396,0.292579192495548,0.100115009943296,0.17879163628135133,1.1249682623211674,0.2644726944126649,0.6030838180629108,0.004419372854530705,0.4788686019953793,0.9578338782213165
run_0855,7.444450597482356,9.665320549030518,2.457917749649986,118.02215880451986,0.2165344222568064,0.25240515574124184,0.12411298459902659,0.1699354698205557,4.516474472436481,0.47652848848888874,0.664344861413934,0.005200716473531989,0.4764420553845333,0.3479020028639298
run_0856,8.71964254124815,11.4290980305896,2.7887675095605693,320.90604344335605,0.1300092929690507,0.049198313617968864,0.27981282081718817,0.02983059954056056,1.999400271994818,0.5336594317982865,0.6323567415056632,0.008899074110949978,0.3320291224538481,0.6752975735805326
run_0857,9.504361370662977,8.92014844522366,2.54774458029138,143.21634589412935,0.2979887416254418,0.026241309062024792,0.32104659926940715,0.09737574569487728,3.0381045768987613,0.5835230146483286,0.552070893482183,0.0014044846861030837,0.38841560193811686,0.9919736083096068
run_0858,9.328212659237558,7.508818717992936,2.8339826607912197,156.23027912189224,0.20725015465123636,0.08497741352213739,0.25386747016977246,0.043704304765470166,3.245918766777085,0.5118876141584857,0.35210316594525226,0.0016653827735201077,0.4165203103971591,0.03569328604795335
run_0859,6.256191378593562,10.279569437879683,2.6269965873114605,74.9679269070748,0.12337079575136564,0.1376542966489854,0.24749986965654655,0.19580542113722932,2.288231395242966,0.47453304975515836,0.6178483404754099,0.004621574898443274,0.7290471571310314,0.0042110535923893366
run_0860,8.195860840463853,6.357588114864411,2.6076231491888255,1.6104100980616538,0.1401818125365314,0.0806582135956799,0.25207677298596637,0.1643386608850977,4.211367577837225,0.23282416535799974,0.4252486570614357,0.004046228964214504,0.15246869738980337,0.04028057063240581
run_0861,6.092154230484303,7.942326662475875,2.5405925339792947,304.75643288948623,0.33709170517657316,0.24569617376026454,0.26661856885877283,0.07101494691017565,1.4411293637899982,0.24580143900178517,0.7475024426059718,0.004462601707295136,0.3739910804009655,0.9475177475619517
run_0862,6.561827845305184,6.475052960088975,2.9619884227816304,109.95160743474284,0.20824520151912546,0.20269874664781945,0.04327205115814217,0.19012048087643174,1.5739972415906736,0.5270024979449067,0.3617621323728573,0.009825341501112025,0.5501343122604831,0.9430616522591713
run_0863,8.28135281684426,11.454964168248694,2.907934151948533,73.48196205609241,0.2136057285704601,0.19079287653588878,0.26240063706245725,0.08765161089291741,3.8586494211020534,0.3384404908350671,0.5663121690615123,0.005491343520525392,0.42217656770175715,0.6803048705154559
run_0864,8.267225416655828,10.619652801566065,2.9886403228745233,314.1703522652799,0.3440280846723097,0.0940385382115827,0.2902947836642952,0.11054794101654354,4.261621373802517,0.669338694465755,0.37359062908279683,0.01029443155274629,0.2570432772297995,0.5514913260904136
run_0865,9.035090716975839,11.08071170976651,2.4750797019209463,163.5899189496106,0.11565527583143118,0.2653005293413001,0.19328793857284338,0.09030166774807472,3.634849749097996,0.2199143042777672,0.8887826030309582,0.0020300633787848155,0.21438027145472527,0.6960262935031548
run_0866,9.650004476094411,10.314543269577541,2.793810086249561,96.36050400226688,0.2655875277952453,0.24477366449922255,0.026216151158420208,0.12550323827919962,1.3558124252249204,0.22004981431387802,0.7395389319697719,0.00527064157637186,0.6083818909748913,0.9116246326267233
run_0867,9.448347620754962,10.887705459562813,2.6191846715849296,236.2244533629103,0.39972139601375944,0.18455799470806314,0.2360244277886688,0.18279962120603188,2.7311413577000567,0.3948069294790203,0.43674089146697237,0.004033019620668816,0.13568719499330237,0.6260511750046341
run_0868,8.4943599906102,11.407426772424639,2.7963882639012083,215.2612950903236,0.34572321857554045,0.28902128707799457,0.11045550529803216,0.16257183451791374,2.6437526860671667,0.48784287228435175,0.40674847350097776,0.008245044082929292,0.2977253578111109,0.03945944955857844
run_0869,8.527067416518873,10.932017971603795,2.6396170451280687,87.36974493106382,0.1740222101388439,0.10151789265660066,0.20532810418874786,0.04604728028383241,2.7699036906182792,0.208666853547916,0.5302681783256069,0.011687111526770228,0.6497336253999679,0.568309663117683
run_0870,8.199391762382245,6.615571405874025,2.6211208839088687,178.62640220147998,0.22860645548031108,0.29994344947514157,0.2658229713906946,0.10906847592811177,2.1205903794553604,0.22847102949929676,0.6136037858051839,0.005245250080761943,0.6739700281166122,0.6708087092467191
run_0871,6.915501954674064,8.207562418363093,2.6888561616373323,344.83388297277907,0.14056947253549362,0.19636007613798676,0.2094614237954715,0.15404361530427482,4.820180752154621,0.68552309385562,0.7414440789591797,0.011892016537375306,0.12400593280738385,0.7608363078995597
run_0872,9.365336576441077,9.194555048154863,2.496061020704798,255.05003374481996,0.3649487972134353,0.18546965327203863,0.2566441678936149,0.01873333092572505,2.8403003233305624,0.6289141933492793,0.4038043382042102,0.008718198041391095,0.28069752406830994,0.856742086540519
run_0873,8.096581171491115,8.364832287069834,2.8775800923357764,34.51993082559409,0.2600480548666857,0.09315607792614035,0.040782682523589145,0.17837709231920396,2.092549564191604,0.5522685085380974,0.8000483344466935,0.0016045896763051326,0.3320789429922566,0.1115486091225406
run_0874,8.306634055027574,6.512262062513712,2.7774090707925887,319.7222376566753,0.3986989158124624,0.05680267785801776,0.21585412300960957,0.11822185525707679,1.7284934535280623,0.6446096424710497,0.6475431618468843,0.007387162738944308,0.6783651129044908,0.6677911594809671
run_0875,6.709829161977151,6.485621850972853,2.71567191735954,338.39556046836765,0.23169215424613038,0.061343826681177466,0.3199856004690636,0.023774599791418154,3.5755447089138546,0.20480917038485114,0.5557747197600069,0.010165921611974282,0.636389420328634,0.6423989327983705
run_0876,6.334557217124203,11.078690981008435,2.680947824668336,357.98940795105733,0.23409302007856347,0.21906922963675515,0.14185873307284932,0.06755326597184586,3.613415424661074,0.5492154763029449,0.5241793364695027,0.008384050029580089,0.27956972773647426,0.445667837708876
run_0877,8.426937221559026,9.016030107205115,2.9483878723850374,85.86888115317683,0.32365653555843743,0.22064495971905945,0.2886354019840542,0.03791081805180672,2.6741503092313392,0.49430730269021883,0.6915180534825585,0.01143163430692204,0.39480727315793507,0.4271417864428264
run_0878,6.017557702397671,8.53911290360552,2.7187033736132435,90.94246630085772,0.2681500079113819,0.22169416630643313,0.13189212543040238,0.17709121754896764,3.311275688489917,0.23088643783484453,0.7035364390330161,0.006827532022020126,0.265316031860758,0.0783117504287349
run_0879,8.749360673369377,10.431497294445514,2.4226033357469645,250.67683884814517,0.15386287596081294,0.061837715823057936,0.28139440535356386,0.1651840939230656,2.84398313118034,0.5779082218526859,0.6282468645791174,0.004225567708106667,0.23528628232702298,0.14907064428836814
run_0880,6.173074164387067,9.850756769574447,2.7995688850814,252.47475146180577,0.36379044275491557,0.21137880976371246,0.33316697872972156,0.07639133500329771,4.222530251443932,0.6881097270035686,0.7925193049305826,0.011083481824294295,0.7024583204034778,0.08884935479469667
run_0881,9.343825224637007,11.440531644498513,2.8370721304739726,280.3472575773257,0.15854106732368067,0.2948350521802367,0.33806465650830303,0.17226514343794974,3.731386330810527,0.23352999962327203,0.3258599613382076,0.009528191437807997,0.2952464964898348,0.33142206660711115
run_0882,7.842156388478514,7.100298886007165,2.8893377652876038,180.62940686041256,0.1324807398044909,0.03209517086620035,0.2027400561490298,0.01812930478596433,4.14542918267851,0.41119043576775527,0.896123524932336,0.00896403184666865,0.44928183248417364,0.8932343104387044
run_0883,9.765656361400612,11.58713485723213,2.6052031372070354,125.11856143882471,0.30611127273075905,0.12118406427706974,0.04928687306518049,0.17280769105344249,4.0027112081140865,0.5479522115017315,0.5147538123262773,0.0027269331055255726,0.6907363182489697,0.5399051185765728
run_0884,8.065845019624948,6.54939677668976,2.418966000657391,64.3941933304775,0.12343251134450334,0.13289878614071446,0.1599114779497309,0.11703431427307565,2.413714226124376,0.26015459736451146,0.693243697254893,0.011985779019137988,0.5634872092200078,0.7286234464377029
run_0885,7.879287421163362,10.771443864694783,2.8080708664204246,233.4501904329859,0.25703921675000485,0.07940044770270403,0.14797618586483277,0.02240940862814273,3.966603118532295,0.22335199799233119,0.7863984778482017,0.0026181448772065836,0.24047231697167365,0.663801809302497
run_0886,6.352130143550364,7.1978210039519155,2.967141695626252,75.7427669264996,0.3045026537519896,0.17405420052386253,0.04487645887517265,0.15945579314729572,3.051378395800146,0.6982627358521605,0.4960109443493623,0.008287687241803355,0.34818100216034986,0.11599869282149239
run_0887,9.484724765067508,11.174464591770498,2.414911442203662,229.80644996404757,0.2796275305540545,0.07582842440419095,0.28967418308369597,0.17510723350908883,1.6995338270119897,0.31077767810532675,0.4257006634020504,0.011497032937095197,0.49190895061139706,0.9890734482016346
run_0888,8.699773682964919,9.261077283056832,2.4540855487635844,134.36929176023386,0.18188550241940138,0.22764236158932208,0.24347401351790915,0.1208256842017932,4.50683040456184,0.33608942363007666,0.7246704310960514,0.009254256961169445,0.2804318522269158,0.3844185028606069
run_0889,9.826665974675054,9.409182812782603,2.6133569785895623,42.03908473099639,0.3414582027200459,0.041778722672910815,0.3245377129742627,0.04042786262941436,2.8967910224000466,0.3470310053462783,0.8645316649477586,0.002906290693860559,0.30972131859991736,0.8849335195490157
run_0890,6.070383781013968,10.375942214337808,2.643562348890291,279.3457530926037,0.15822354569218694,0.15256710074588428,0.18176569328137418,0.07895894559202243,1.3076808077053208,0.2794467530910766,0.7017800833044924,0.007884814403036036,0.4362743655173813,0.052983865933750575
run_0891,6.804806280623381,11.994933061355232,2.8282039528593157,291.6776521518919,0.11020508875767387,0.2599114529157343,0.23936022781743027,0.06722362905851414,4.241723259924555,0.5625474778847559,0.7696246834374931,0.00486840560887371,0.5846869203975317,0.22628125495292883
run_0892,8.232238835051252,10.82935370642074,2.489699962528039,1.0336484318188546,0.18212686863262356,0.1541559146837212,0.1514829652286568,0.10063768897044907,4.270343314693582,0.6201522961942607,0.6518305745350212,0.008665800656335036,0.4535923615360472,0.7714598204384773
run_0893,7.973514572830334,7.965342314221379,2.6995269237545703,62.991614230367695,0.31814436174275057,0.26483653105667576,0.19954864021928154,0.1749501687821086,3.3136906621652464,0.35669856522820625,0.7259226108898306,0.011798137722409612,0.5054717400378155,0.7231262762514544
run_0894,6.274974265602433,8.91201784616791,2.9897689018059874,312.8035280222396,0.18333988298794815,0.14390003912531366,0.04662247142198152,0.011497226583178682,0.849001221627162,0.4314618635221267,0.7266858740634234,0.004019437625175708,0.5278204280175247,0.9929183911716427
run_0895,6.035639351107238,6.334323277100056,2.5423873765362273,291.15516507290084,0.2529536666676166,0.2193867472778184,0.18680276838373666,0.13316350549465011,4.135105853333364,0.2498339547969348,0.5183031669159055,0.008333961598241481,0.39677095310581856,0.38672715679864617
run_0896,6.725137221823293,9.18072619887878,2.54194562914706,83.66406902610346,0.1224877696141809,0.07388836923771949,0.2774382005586674,0.02839420381491007,3.127580021540904,0.24287358718007024,0.3564190121896005,0.006717748348821742,0.7149211270394681,0.4783490324894292
run_0897,7.8907882122752735,7.565231924704179,2.5844193034644585,179.57887695287596,0.3494880787330137,0.23301868068102738,0.03453056379699974,0.06802642863622275,1.6433166624004492,0.47166204007675505,0.7449029925257631,0.01025394872457815,0.5414622508265159,0.5105431059666775
run_0898,9.268741876845272,11.08425186457524,2.4316177769714,148.24766225950827,0.2712366475195842,0.05727299793570129,0.2033797289602908,0.02107045116108456,4.327664279204032,0.5237053639503286,0.6457189546727743,0.00389986941360516,0.6202272390442342,0.7218353580010485
run_0899,8.22788076365487,9.148589208413554,2.999248719104072,186.16128271056724,0.31380395656565624,0.08976866749899784,0.03673526528221205,0.06649024161053796,1.8570723350105982,0.20631317836763624,0.7791129358892482,0.005183177063105578,0.19707310130269112,0.08380366808235919
run_0900,6.01252434364226,11.895264020486069,2.829324232195284,136.95172424687024,0.37731938551035693,0.23391553522963546,0.22915996089353433,0.06995401480774878,3.4159410188252277,0.5067879947972134,0.41049486724290485,0.002439924990294139,0.7163057269708516,0.23514863819899567
run_0901,8.83568307697455,7.30561701288077,2.522532871487962,339.0341639287567,0.3837586706446119,0.2766573423887359,0.32973264784447703,0.17380108395351937,2.6547857070519028,0.6811039961057058,0.6324180903474124,0.003169288981731395,0.20201798404521357,0.5998631447787885
run_0902,9.327436528160316,9.576789348282054,2.571199569773508,350.1488320658736,0.11050709398617778,0.11854130042166706,0.27767168458303204,0.1996516780842737,3.2443800016334396,0.44680324911968194,0.8329423040648885,0.008130806472877951,0.15545069524379782,0.6867417957280327
run_0903,8.069352445456408,6.8331554732709625,2.647375410761813,60.85891632925521,0.29137969443103184,0.19366790913348042,0.25068125118045814,0.18893942198720998,4.999719653319842,0.5665598010965244,0.7580689597822247,0.006325841058485105,0.5262063013862959,0.7412639050015711
run_0904,8.651600024076565,11.760809328961573,2.5623155172032193,207.14008584826922,0.35155702701884317,0.04373783529885334,0.16612184983535405,0.06588834895464687,4.165881535906263,0.5058888090156418,0.847479651755801,0.006754666204231845,0.7456041843580964,0.4410541777336802
run_0905,8.563452016222854,11.304229196027027,2.6669576880465953,4.930746036117501,0.1718038287730192,0.16976364166641178,0.04724723520959563,0.051452713956911277,2.5530103473401558,0.5103567963969822,0.40920617438314943,0.005541262209988462,0.6659377695027991,0.2449285886928018
run_0906,8.509761355981178,7.492610149418384,2.728576604829102,150.78664001055924,0.2757781235843735,0.0407920888188823,0.30217605821606197,0.02220035881681534,4.376439048224687,0.23542716326126836,0.5098462525156542,0.0016225625344750282,0.6979078986606259,0.6756242609126104
run_0907,6.656454861250288,10.051380251938998,2.610739181367629,57.650599875519276,0.18344535275948298,0.15823784163871568,0.1482754031125268,0.050011288448667535,1.5387039739323212,0.46471106700841175,0.5545964513342654,0.008869103928177774,0.35701788612072893,0.09138449107442502
run_0908,9.670687020323298,8.017460331615478,2.488154264979577,205.15348867245822,0.18707174098235452,0.062383699730931066,0.2098602841078216,0.05044788089899309,4.438680335760903,0.4772262207026816,0.3695924551496729,0.010102647788784017,0.293516256522972,0.5609375563274447
run_0909,6.42825807182984,7.828009484292842,2.9347691782406264,71.52317578696935,0.3266597522764705,0.04696059028984182,0.317785396958084,0.1900382714616703,2.299860657374868,0.42450143581961064,0.5567058273554784,0.006588303124815738,0.7172797089090468,0.7401424534044072
run_0910,8.766234514104756,6.056487653714225,2.5208383084034893,207.6154274433542,0.35127342628449465,0.1696335523173928,0.1912617318684146,0.15569740354969322,3.3884469241106583,0.46616503472607806,0.45452655602861775,0.007109780631203794,0.46694900393158834,0.3244259459596871
run_0911,8.76414281073981,10.755606206059394,2.7044298542177216,86.70639991174413,0.3244927727008057,0.19757121443708217,0.2720296817854723,0.09630136933124563,2.2775013064387273,0.4738201388357659,0.5719626405370969,0.003523794679907134,0.1895623787855057,0.09933702166010241
run_0912,8.62079425952477,6.6835954760170555,2.6593349597487905,156.37147026393444,0.2612956879876588,0.21966590190832944,0.3248987836923844,0.15287503490584367,4.3945059336719225,0.5442461062139282,0.8746592703718268,0.007788281412723371,0.48916492298678893,0.609132388654003
run_0913,8.734831609465814,7.573486184180592,2.788920155021316,171.11953851628874,0.3349434490669348,0.09065194845292149,0.26521103862184214,0.0968994013200076,1.5273267952796514,0.2734629760685637,0.6862513741159211,0.008958485539069673,0.7593322446343471,0.9671841329420837
run_0914,8.884251276989595,9.452852915104241,2.8099324341623477,165.1253804963811,0.1489101413528226,0.19275000414977647,0.17659575718584847,0.1436510592969583,1.2921648953293374,0.4266960950808092,0.35342150835753683,0.009789436220395676,0.214817970448945,0.3738535236960939
run_0915,7.802566100184079,6.898010958279196,2.609089318865599,224.95219828625767,0.10761898499054809,0.10506623275274793,0.1902701287710614,0.010964667844298958,4.316883808358127,0.5418674921172252,0.47064232016352403,0.010243974113042374,0.5959272488628449,0.1841786967495416
run_0916,6.646686158451008,9.165484495137589,2.885738534455972,220.11118930814516,0.19903854385807557,0.29708046739324,0.06280177131059131,0.11872602402570186,1.6545961131804172,0.6889608090721135,0.33291866517000296,0.004651298517187012,0.11227306630472779,0.4683558404059564
run_0917,6.3549976566709825,8.346010397286223,2.5216300071969204,31.605930760501423,0.11741053113911137,0.13394273782547184,0.11320833112961368,0.05155914038494113,1.193902666350554,0.511300753480671,0.4346873969876087,0.0019481025079657382,0.28735126229998575,0.729014041619588
run_0918,7.08370847359952,7.544261270343871,2.5860202670305292,3.4864868078130056,0.25929429264508974,0.1196087851196729,0.303397365908898,0.16612608992264666,3.043712627488601,0.6210300335891721,0.42802767062418867,0.008941117629599978,0.7511351679183323,0.9785587884511731
run_0919,8.437469498710664,7.914956116905626,2.7197542862904425,338.00905643475073,0.2723647734913206,0.13047789507573856,0.2492460438502935,0.03415138065742948,1.4922387299480973,0.36040083536194945,0.5208600427365275,0.008583510353146324,0.6128723855704676,0.021843235835581183
run_0920,9.539791463078707,7.716937511853089,2.599704400759635,40.34401126122959,0.34286214465246523,0.17517688749452145,0.2046726178410417,0.16701252465068583,2.4949251186509436,0.6851367632540308,0.3834876780829326,0.006533950596892241,0.22065280967079628,0.8484404512860326
run_0921,9.136750344873313,6.73622942323271,2.4803189399782024,41.65475279015064,0.32578144641182827,0.1465392484075601,0.20224812337067458,0.07823612488470709,2.2746496687649684,0.5930114276405327,0.4226557242531248,0.007342109047439615,0.26773221541608355,0.4856490500460346
run_0922,6.503373892741619,6.287933421146436,2.8912477348517642,266.34856151223255,0.23510652684716102,0.21808556490630707,0.15075014255504135,0.13445624792393887,1.5339420059089774,0.39579043018098475,0.7433149237285674,0.007371013436347533,0.4071051940614968,0.22753791695529108
run_0923,9.121641403146315,8.777386290330773,2.8590153106801637,113.5623663682585,0.11625479762964341,0.23720621820358379,0.09941248899368038,0.17828327086942436,1.6493421272794766,0.6116067434503116,0.766357904371035,0.006649917023626801,0.1164527340122723,0.33736210937680483
run_0924,9.321353120665371,6.8390308513729705,2.4915710193161082,109.37735720979772,0.23009848943986264,0.09302034630423325,0.03140123174160876,0.16999624353958354,2.109320476756136,0.3833812066997883,0.7454199076249184,0.01146916252479999,0.34875815570448165,0.8915782148971411
run_0925,7.783222271946277,7.835612677104495,2.955828009741622,342.4437753358559,0.28346255687262556,0.12943641858270666,0.14861953724183385,0.037986376815693036,1.7303677155955866,0.6037886950813847,0.8369550996146777,0.006447124356920949,0.5767728475288296,0.8921159948293149
run_0926,7.167022309016491,11.445804505842979,2.720824924016822,45.143739903086605,0.28794159195390456,0.0438764225463927,0.2942524349121835,0.1976824737266275,3.419059354096701,0.5692889264628991,0.538189777823598,0.0012416175549286978,0.4508155465193431,0.10925000065252889
run_0927,6.527701283214539,10.083583411146805,2.951635051151188,246.40593313415476,0.23833757392928503,0.19493182173367837,0.19783590305495613,0.1682991910106406,3.8535861005537484,0.32374145438930835,0.7156116961686974,0.005558300079866413,0.7966840517840206,0.06228800943555832
run_0928,7.471220040664331,10.781428931699256,2.7630592050190663,276.95168629471306,0.2744669205608596,0.19699857310042274,0.15486354658148963,0.16774327569850517,0.9965901870067945,0.3078239919463505,0.687064003612619,0.0042808452006534905,0.7879511028500658,0.6017112905148139
run_0929,8.984829673242988,11.707723562352436,2.597772701136467,315.46805013940434,0.3961820502485677,0.029342228857479474,0.11616463705343627,0.15665523481945368,4.5186128991201855,0.5809557781833717,0.8088931667357075,0.005414029979494198,0.679813987780974,0.024897954812925567
run_0930,6.064217723245194,6.310670480894332,2.735217692006554,179.79974467590733,0.39578380416749737,0.21081523359145873,0.25942780626186374,0.025440075772791768,4.287586385886157,0.2581625806235307,0.8528981219897929,0.011068569013441061,0.12165829003280922,0.28343580776081306
run_0931,9.57999098780488,9.162910858301805,2.512820614867785,232.2681217990466,0.14258556969221084,0.07075650082983807,0.08171646740973257,0.14162551771911255,3.361773474641347,0.5648198151725882,0.667511559538655,0.011412717152177235,0.4959815290009002,0.3436945840488145
run_0932,9.940044163771589,6.96578064198954,2.7545551331941227,12.810453939946857,0.27952823303795205,0.03415942200939529,0.1322042563708911,0.016911872751938162,3.624445983902673,0.3176084371841163,0.50297962814375,0.009450466253830496,0.3788434221277259,0.27552926957247287
run_0933,9.816817305615517,10.104116378860404,2.7259949982137224,27.71958788327766,0.26038281016525566,0.19794503006608868,0.05424046069795495,0.02115058992329608,3.186311862479216,0.2327135665332381,0.8254342426341443,0.00602016240615626,0.6193942419038785,0.007066544454811942
run_0934,7.887016609657547,9.084654902697268,2.407283132090331,170.64113305301737,0.29958430698941485,0.04140300516202021,0.3091667147203542,0.08138061101472668,2.8254791637488346,0.5025678097194646,0.5641930464904676,0.007269280353921148,0.5032481475917583,0.22058597652901768
run_0935,6.043297999625769,7.986928944847464,2.4142522791281174,195.34302502251643,0.35629148014470036,0.049942332310868275,0.15824060488308947,0.14459838355174914,4.889158292223673,0.30865460862945676,0.6836894683727311,0.011586578000428584,0.2535059406887701,0.8676410434464916
run_0936,8.275273029916384,6.606764442736863,2.7279425818238114,237.898595409443,0.3077799436643719,0.2255966023034401,0.3206825164271758,0.03972573157235325,1.255589691223531,0.5109838681556286,0.8291685743918755,0.00806840350742121,0.32240971300672827,0.2650263059061115
run_0937,7.128923999397375,6.514113866003068,2.7569446548116576,287.1826954162859,0.3426422046176796,0.15761994187538964,0.14607323780243545,0.15789614263181231,2.7600977251857293,0.4443404560492572,0.8755312394761627,0.009931316186606025,0.7045710946384057,0.3271004573575379
run_0938,7.163309547932293,11.488456344894168,2.5379651016160953,356.5924760319324,0.15593356932202418,0.2856147853195331,0.20613899724768248,0.11983654992727771,3.7868286225669454,0.3129982463904992,0.38124493153585215,0.008310874168514445,0.33680865792814974,0.29798689323376637
run_0939,7.55807216624336,10.916546301261178,2.754146860007986,253.93530310242392,0.1822393796019662,0.10312237471563812,0.2789229516844272,0.1949974472859614,3.5343909454724525,0.23704629772037686,0.8173755306847066,0.01177207188170357,0.4111895926040906,0.6259828135997868
run_0940,7.099954376855372,6.932382613975305,2.5806517135065943,168.9924216262289,0.15695720810725777,0.11677378503992965,0.17967006054336498,0.04939620394758186,4.988519483273041,0.676192972679058,0.44820227589480666,0.007698101046904732,0.14170252201327793,0.17726495008425064
run_0941,8.96374175264056,8.066644541528513,2.4646499111831845,67.25636636913553,0.19986480965513306,0.23475595382511097,0.23422470079214708,0.12486176295676962,3.876155600575264,0.3034541334831925,0.4426211916927173,0.009463015683965608,0.7253852717505361,0.5659526573072933
run_0942,9.571847458659386,7.23674049484376,2.963915351056089,25.563884552404627,0.10417253183087814,0.13508360523574656,0.2631640773493341,0.08994248548469,3.859971664675143,0.546541307447509,0.31589701310074086,0.0014267490971317295,0.6005602221441358,0.9959999010960867
run_0943,9.032932720855564,11.570221573136,2.761676169435227,260.0243451540218,0.2163412368338924,0.05598066723227937,0.11087532466354244,0.05779414406123635,3.2743738409446257,0.5401622199822564,0.6637519308955353,0.00732835577803987,0.46230999900263003,0.12490620109401453
run_0944,8.246127175435477,11.251258726517245,2.4361164726138096,254.60697574795464,0.39046682552844336,0.1856431870646187,0.12255605677104611,0.08512465602655735,2.226776875662167,0.2466613433898279,0.3256088909082591,0.0017999869098085264,0.14368711202320064,0.6831326330412305
run_0945,8.22108597310504,11.350345675343142,2.6643982071405223,149.46248308069494,0.3883376606769866,0.07449502099934674,0.14084456142451765,0.07995142794040594,4.608904431612002,0.29472134878286255,0.4091606287521572,0.0069712795993185535,0.36950287453318276,0.6219213698366565
run_0946,6.339402926875403,6.855237797544354,2.5854110075810577,130.63880819499272,0.13511793209544243,0.07073485689804415,0.29690125033316367,0.1947737642247385,3.1742460987785934,0.2879381661983207,0.6111887975957523,0.008188411691277547,0.634637284402882,0.23965163548762755
run_0947,8.6379065902535,8.84130779945361,2.796791640777781,44.790252150196395,0.20241618032559544,0.2764608586403268,0.11678026404595385,0.06885149501837806,4.036870843353351,0.3031416424727792,0.31307189035503147,0.002381700652643472,0.5993446441504648,0.24018861558304638
run_0948,7.330214156829913,7.142335456904712,2.8528140297809927,55.08936507959014,0.3556705307117567,0.2156133498300639,0.3203746175178199,0.09145639208019671,3.743546824922478,0.5254990701437331,0.3552008075698663,0.009127679669625795,0.4356594143051672,0.12117348358667644
run_0949,7.566192132782103,11.83209839175884,2.813529651238097,211.32005555802576,0.21898490051360872,0.29006404688936643,0.27774357171631897,0.02318654422105397,4.229276831494976,0.38768580266309816,0.8050695087414841,0.011591745710772258,0.40502008743570483,0.2506710279288877
run_0950,7.5606884123018,11.559318706708401,2.829610104271055,69.67967489759522,0.19530697375609796,0.2743051641975843,0.11909668918663488,0.0993783882624971,3.449882002496728,0.41967060766802367,0.8659279183315987,0.010703751900524076,0.23859534756292905,0.7306109888641401
run_0951,7.731649960901826,10.784110545445461,2.9210033739822614,16.680159720198226,0.22483594485966862,0.02391406306748068,0.24320556585451122,0.10670787967304052,0.9495655711409053,0.2645040694154087,0.48910213585222007,0.0012717542345049467,0.33313217682531404,0.8043725230068183
run_0952,7.519867075389724,8.935470090285083,2.5634218953890477,297.0988053093575,0.22773155502241274,0.18395376938551014,0.33529597225549274,0.10724388557134776,1.223962575392758,0.6775333185731485,0.49928961788567094,0.0103992728012425,0.17275947475115505,0.5704517427646439
run_0953,7.787876512905982,7.772822829672478,2.682852866300119,301.88738350646463,0.3820257650055703,0.22869144376108466,0.21242511019268745,0.13466626811244473,2.1487491894572353,0.461777671782423,0.7485802970911093,0.010631949473805885,0.6320685715895503,0.8497218225720362
run_0954,9.943573942419915,11.207746372567293,2.9956742869318855,328.30349657909653,0.22642460439526688,0.2531615431982944,0.2207637164777065,0.1407228502068718,4.4553042443274045,0.20268977684848724,0.40607896515685854,0.011519842638138864,0.5036641431119752,0.13318276661942044
run_0955,6.749945314184459,11.04746603053258,2.4140891400936972,146.57807461204544,0.274309628750406,0.11905341425758449,0.08752907178178523,0.12098444871096647,2.9445345614608147,0.6450339081167227,0.74482212039876,0.003973020408347153,0.2721224734498372,0.8334878452713943
run_0956,9.74868197474427,8.44970560914632,2.757225564935831,200.36752128948606,0.21167564790400312,0.18617577463680415,0.3059960793531224,0.06055242493602509,3.5577760022775253,0.49422351877526227,0.713980491299804,0.011301967066750622,0.44155163098418604,0.39230438692466285
run_0957,6.584780177976888,6.692364304950294,2.5172324144868874,292.77607655838756,0.29719586573628104,0.10110689652828211,0.06171280011822789,0.1324085679263996,2.996234054172798,0.22184831874774982,0.832165136012472,0.0068674130247340865,0.5235686388560049,0.540382416504981
run_0958,7.8265258693224125,9.002180811900935,2.88022949174843,210.7261521390814,0.3619178602023366,0.23802741097939617,0.14066038891389385,0.049754019249998796,2.7458901530352513,0.691302450620057,0.6240028663145061,0.008977603840565337,0.3871918878858216,0.06482848230084307
run_0959,8.83805332253546,10.117550150171986,2.525946600942019,4.325541137030759,0.38080586768110014,0.2040918198674114,0.31646841977288215,0.04632035844256458,4.08475925932535,0.27712536696692913,0.7643007561026842,0.010320842332940252,0.661985690445475,0.5744409835299388
run_0960,9.12644275912729,8.900685120409442,2.7760805056515196,187.22971019931464,0.18513938411564623,0.10681725953930073,0.27802090876988195,0.14099297834341437,4.762941806804153,0.6079844808003158,0.47987594117614424,0.01002752553419476,0.5968704865655504,0.7112326967895193
run_0961,6.409591996666825,8.0892928964476,2.85745963238493,65.91670266310388,0.1723624315129837,0.03661011984335127,0.1961036166456771,0.19710252143808793,4.280616504196241,0.4704335831216482,0.7353967228977276,0.010888577791682074,0.7211769588214931,0.7251312257413378
run_0962,8.795705555562147,10.307263353541131,2.6509047433956288,295.06880849331395,0.3864922766118065,0.05855664453507843,0.26672750582405047,0.03378868448024094,2.021247059407874,0.356838232501797,0.4689732021280434,0.008034777508838707,0.2328775417504047,0.5389184476157478
run_0963,7.451471831991424,8.297555506664844,2.877181726307408,213.68293789213772,0.3585479410154584,0.21384842070817775,0.18790257215667122,0.11336076533741728,2.4901048194407958,0.4025555312620608,0.5070529923169278,0.008153292639110745,0.6188331569964675,0.0637838132746244
run_0964,6.46947534612692,7.696721643599783,2.528371412959011,113.81274789954104,0.22152562104525564,0.20469042700966128,0.17993294751603822,0.041042945889456256,4.201732333054637,0.5150840953587219,0.8786597677210477,0.011528199115119365,0.2700048859079372,0.4535907433034987
run_0965,6.879262990851219,11.059893472222072,2.845874828171798,78.20815216056562,0.18171985338603852,0.07483669076053225,0.04460722510349918,0.12798023620772037,1.460626397805662,0.5858565095592074,0.6754170343998183,0.003338404156850829,0.5646105076116723,0.5953881447584662
run_0966,6.695476667338529,6.149697478235117,2.490979222713229,296.98093052163006,0.1290091281051588,0.12446344262786323,0.2210098556719915,0.15173291017852988,2.6013738861786266,0.2552726094057442,0.7627283289511615,0.004786982703827895,0.3916383133070882,0.6200487347744554
run_0967,6.797473980726101,7.953295573113566,2.705967391612188,308.1640170514086,0.3306752722262351,0.12639639572655267,0.18780930348473507,0.13133365073184577,3.966833112669713,0.24017575587285755,0.5018023164118794,0.01185546561053141,0.7911958101649248,0.25610627789163065
run_0968,8.349878560319983,7.161096677608577,2.742921805342647,231.81868096464882,0.16742057142231845,0.09729103655299658,0.2006864493720296,0.08517206229603393,2.360252832014574,0.3752329056386579,0.7281617948704673,0.0020264295533019496,0.4042660488428894,0.17913040918647843
run_0969,8.05315563164495,9.461569854747896,2.870583991649076,152.66321128038265,0.20075033713314522,0.1687659158308238,0.2612816411447075,0.013925335693647484,2.4200642008209314,0.2330427231633297,0.6697766517965709,0.0065165818631329414,0.3705998494257108,0.988859727629172
run_0970,9.971257904025645,6.329172771107404,2.7946021977471456,330.54492025240785,0.17882162411897312,0.05538995314568693,0.11381075526567111,0.17484554637255134,3.9255180002539296,0.26362045376496385,0.5468873714678366,0.0032293837773689892,0.5435750917205033,0.08443756300270372
run_0971,8.298408170049278,11.704599017749665,2.4230027561956784,271.1116873105477,0.10429849435607533,0.07008483163526384,0.3141495888447633,0.031844983431655545,1.6937120493757931,0.256944305312517,0.7055401288014298,0.00262989770961255,0.40554600650165007,0.25551546051089274
run_0972,8.13920921798799,9.770103589414665,2.6517240076800186,324.99239901442076,0.1924578512122772,0.10414910164144763,0.10578339566805878,0.16854267451096738,4.178728528323907,0.3402515723039163,0.8444973348595122,0.009317604928855118,0.39763612712331453,0.7527237244891454
run_0973,6.38642834408164,6.048022581157094,2.486085934253552,23.28938451132423,0.3694424833497192,0.1978756388006049,0.14039241002495031,0.11217658568006228,4.405354595229901,0.22253639804599493,0.6291171223138726,0.0032984526679489716,0.6754869116964959,0.1473924928904174
run_0974,8.183986555564662,8.432218158531343,2.817043527049434,304.17458690217893,0.3894803996675503,0.28930783808260097,0.2935464665587332,0.12037589382310922,3.300616999209388,0.40380134951875357,0.3664130193629826,0.008536314891750885,0.4646657793663542,0.3157709478585751
run_0975,9.760405787498438,10.172202621747395,2.891949243309487,102.3512788991129,0.1876999930039242,0.2645931064470621,0.0978074839496296,0.028859105651567234,3.1486230396521693,0.3549697232728126,0.7882169894735606,0.009334945725187352,0.44302382473527946,0.14379384159946398
run_0976,9.694435875799048,6.767087457064614,2.5078263178931017,268.21314532849607,0.32550623930338624,0.08935688199085386,0.2991576525146546,0.17929708468548566,2.8785626227620735,0.2539510404920927,0.4498348571619274,0.011868024659930313,0.7973784466868413,0.6768345475184483
run_0977,8.638925477450133,9.653806812677654,2.778546837968907,151.53319432487763,0.23004581266823937,0.10400027921605844,0.08490961038629745,0.16787398905043202,3.4113242880818966,0.202419138898507,0.45858209466876054,0.00248876457500616,0.7544986057699744,0.09665583556779053
run_0978,9.855778619042532,8.738342572808811,2.6780429048869308,182.46035388681022,0.3405759703480756,0.12145469194199272,0.07533546954380624,0.06537918456424861,4.586571817747943,0.44067360472322525,0.8978714153560872,0.007498131604915763,0.22770685356857093,0.6491134533992715
run_0979,9.45187684411352,9.103606092150166,2.5227168521009653,185.5513855703415,0.2945197946984642,0.0842979325878477,0.06286577371336576,0.19549834560391288,3.6777378453051677,0.6322119207343045,0.8200075808600209,0.003413110358642748,0.28213534933737805,0.005455669395958196
run_0980,8.64895006195659,8.64228778501598,2.6259954873890012,104.44541943832772,0.2963727786204161,0.27781610267150675,0.13396285484830633,0.0907812935303653,2.1880613101958706,0.38177372824167344,0.8272152770563415,0.005232682602613997,0.3206979905400338,0.7156210021768199
run_0981,7.292333059992928,7.365576288971056,2.727446824604086,252.65319360523776,0.13450816909578767,0.09270304106890831,0.07366165632103844,0.0926881597014573,4.122977280332809,0.31232173177897327,0.8791340445914877,0.004388685545550483,0.46964910002500426,0.6362788711276736
run_0982,8.04966292777575,8.320270032858687,2.8738137781433606,56.96579167668833,0.389516413328009,0.23676651206273147,0.07516579449296427,0.14804774996459938,3.838827232042653,0.3826435187313243,0.8498422068054479,0.007058688187769194,0.6510903417441015,0.4952402153109187
run_0983,6.393451293839634,9.38306211777865,2.470903323710596,285.1880770528206,0.2634006846227327,0.22367529367743635,0.12374532576374375,0.09195160382606755,2.8329025293804717,0.5889011887242139,0.4816181602810986,0.001057624362470584,0.4167933223644019,0.40881544159961025
run_0984,8.757131711111288,6.444471617133654,2.930951712715791,346.75302698138245,0.16069001376885345,0.13919706022395584,0.29804527508101986,0.03726399715503342,4.5656371048090625,0.25882420508595466,0.3280317117253252,0.005596701293382636,0.15944773917235733,0.02818580021857079
run_0985,9.615120119454373,7.971415139063307,2.4929212879289167,321.36524640344766,0.13281267354450116,0.15215273402353147,0.05326714399563995,0.16348278779445263,3.510737360206682,0.4695985165009441,0.36080498158404667,0.007969756570602778,0.1300598919738495,0.6227218934665404
run_0986,7.338812644274117,11.32793368770084,2.7983892042867446,89.94451676898096,0.14535863868408821,0.06771541865070148,0.08511024767962683,0.151388199536545,1.4537452961435422,0.6828326314391241,0.7591451557975404,0.0044101824572716445,0.263624378701529,0.5240808514604004
run_0987,6.333474958794251,8.63458107450208,2.5029010362798183,224.29618452220075,0.39815438924218727,0.149222307166002,0.32122202071750783,0.03663061778183676,4.304181492910728,0.642085332477601,0.32267632529772616,0.00827645031767596,0.31691905320608327,0.3454788068835708
run_0988,9.3511454601544,9.063479786139816,2.8245786009723073,282.6379958064761,0.1556789200526793,0.2096110687307337,0.3135177708189573,0.13041169713884188,4.852762262114434,0.5411004644694679,0.5214839460662999,0.004494639676994877,0.5582389119228517,0.5379405543659376
run_0989,7.7064771821073315,11.621375579689895,2.968236951953148,24.25591236377686,0.3706762011424465,0.2883293463869848,0.15251881182293625,0.07608563758948014,1.6459102468269413,0.31260747482563533,0.8529260915924,0.00924825865835201,0.52542217808658,0.5980690596940457
run_0990,6.471095001906109,8.937506219014626,2.815366082800449,321.940756355992,0.3656264140056732,0.15309687807045813,0.06633813177905214,0.052006403315155526,1.2806156463776146,0.6165224765134731,0.31189233605944067,0.005513161085364135,0.2704869413092936,0.1255518517748393
run_0991,8.040950282246177,11.73816970516664,2.7422484181582987,184.0911155914625,0.29518290589035623,0.15292293433367904,0.14383713376258211,0.10887645592188344,4.3332951423713535,0.4861619734459852,0.7690489163030039,0.001568865300899939,0.643553172762378,0.45405005247640545
run_0992,8.724608267044951,8.579538769588408,2.5467242914330983,304.39933450727256,0.2849669944854889,0.1022955425546688,0.11792226015945256,0.06426833169457796,2.0234841184181205,0.30816385792757695,0.6130827653962322,0.003466425111933938,0.46283326840923955,0.3111550396945009
run_0993,8.262704552408513,10.714473412158519,2.4479838080304943,285.85142231717316,0.26613824555753196,0.2570148292868285,0.12470089471676049,0.06839032234396734,0.8531833653877022,0.482496520576044,0.8223379475012069,0.007214436585361017,0.4066001002137134,0.13668595868541164
run_0994,6.579867507051791,11.119312688821719,2.77970060766226,356.7684522198373,0.24613667934928277,0.24642148287304597,0.33628016117258,0.13578039245775,1.8254984934215825,0.2776215175644022,0.7516806167647739,0.010788214794284077,0.26565310320166946,0.24270605724254699
run_0995,8.320303630329391,7.36333931783009,2.9353253005829605,25.834075830928224,0.2950356068580564,0.2235248261344657,0.2820990598142314,0.0920489307476903,2.8838454874026,0.31602675727522506,0.7230692778408913,0.0061021156552161625,0.5001527813489672,0.586896507592695
run_0996,8.995883669841096,7.740625854781065,2.9322575972654303,167.2158724309952,0.16510783074791952,0.16798534452509875,0.08286539327604175,0.10758512342006372,0.9787086275916017,0.33304165609172076,0.40950780138912396,0.003724539944492983,0.4383704594035316,0.9628052184346335
run_0997,9.602496241502761,9.680529092163592,2.6049210472991464,259.1630497955468,0.32906860378927305,0.2354048600279984,0.22798839922588965,0.05227896190873962,4.650513490350641,0.6463258488647705,0.7007319847189772,0.0044495956785582675,0.695413026022751,0.3643523771479836
run_0998,6.6759517184750585,11.89070638424466,2.7554489998397265,203.4326608055516,0.21486083540829745,0.24418316454508077,0.22049208104382498,0.1154586605872133,3.442640809596817,0.6316831429990035,0.8160578224755501,0.001447141225403356,0.5452079910785325,0.3353113739963419
run_0999,7.347882464001665,9.120004841013483,2.579748520908168,226.40013185610624,0.21734115582011507,0.0777148999246156,0.3115593560280939,0.029250530367104843,1.0196992006134011,0.502438870048457,0.40041754643531,0.00587049932234879,0.7190631492375829,0.8207667800265652
run_1000,7.864845304558859,9.921866665731443,2.7747968563047953,152.4164419308412,0.31524412156143583,0.1880842611294165,0.30435824916301824,0.12181700549562534,3.5174846057298037,0.4730915464933267,0.6228317184888176,0.002499035953693732,0.5655744325260963,0.6975223327288717
run_1001,8.368407442885584,11.434752703902145,2.9086866722258797,228.9075223042463,0.24859494047135294,0.11834101638404013,0.08403600619780197,0.12416626147794352,4.492405776229976,0.6254051511334899,0.49813266824788904,0.0019824629689997684,0.54221742972649,0.6081350980524537
run_1002,8.59253773869876,11.361740452262097,2.4823826883613527,186.8957108202756,0.18021419325528293,0.28572077287903913,0.11558024512601944,0.15585478419220916,4.748184808417316,0.5234238078408651,0.3198464142256065,0.0032752888166139487,0.5124568317033377,0.24408595007628758
run_1003,7.906553700789461,7.209411390993368,2.8230555356422453,156.73025749285176,0.3944510594992433,0.055829135227329976,0.10358009662404877,0.027095515099809557,1.017762656986303,0.4997909618673509,0.6525147388741503,0.0031734258042515704,0.12331113986718839,0.6434717317501568
run_1004,9.964964834311981,8.65687085247341,2.4779631082838467,121.48094639764994,0.2273270444674516,0.25342515556735923,0.027640009708478113,0.13621873817030244,1.02588242992659,0.3093504046662542,0.8712119599567705,0.003591839420231048,0.6695740005851416,0.719128083933196
run_1005,9.590561414957763,6.393929252217017,2.52735107786415,122.2979675255748,0.17283077628003268,0.2576027310179282,0.2503435001883396,0.11921625474588007,3.0881000878036504,0.22785515514875387,0.6028500374708392,0.006136406280751475,0.61753100922059,0.025811903265699186
run_1006,9.516586148069774,11.087001323746932,2.8037976132553246,137.3248194078006,0.36152545023730454,0.2225426681518805,0.2319446238581671,0.11017045048965181,2.786739780404605,0.33033610501891275,0.84149068778321,0.0011574059821494334,0.41367229006022643,0.8038697187720051
run_1007,9.088150053857,9.06141296787431,2.712572265692453,130.09649930276757,0.27626405512013674,0.16152623833607968,0.13958475991745778,0.11665453571495805,1.0062854800737289,0.545944443089101,0.5122846433137656,0.011644165575292697,0.3800108845312854,0.5517804008616093
run_1008,6.939008327157933,11.849339494413147,2.7019790331771754,255.2286566506148,0.330271212115656,0.20937161648456393,0.3130014272550036,0.04901904393836185,4.383700170192731,0.32267961038997506,0.4747799787995919,0.006991992721624696,0.46377568730599883,0.08202985692845044
run_1009,6.767335598196449,9.748245427461079,2.5353294833558375,302.16775827456894,0.22422024250283118,0.02117115451102347,0.2495997822728356,0.11292586325237255,3.7825835573660145,0.29087973353286223,0.5965208232586651,0.011252140392631619,0.17831210780534557,0.5431037264387297
run_1010,9.44098753370049,8.195469380239704,2.6767069393857885,278.1373631568237,0.39151468662710154,0.0636735722438562,0.055165546350210856,0.08458319201159618,4.101938527790029,0.24029921016876712,0.5717181044625426,0.001377046294284534,0.511981633905891,0.699974552224749
run_1011,6.971192036572874,6.363659044025838,2.6256768555929466,33.86670789046151,0.18973909144979823,0.2192426716383705,0.3333440328222556,0.020200692465498937,0.9515198179070236,0.4368245772625359,0.5228693829843379,0.0038194815195107287,0.27130659322058387,0.23212264122806922
run_1012,9.212912864862362,11.478667352275849,2.974248717157061,274.8122769113468,0.27345758527402575,0.06400421899526527,0.34021306094644355,0.1493184615815225,0.9815480066024057,0.6670456650311984,0.8692617031876073,0.004459054962096382,0.7942294464146188,0.7575810245278118
run_1013,7.422857489095344,6.869043404316893,2.6964237087156047,270.8719827507673,0.20765096835212604,0.1836466154698587,0.200055078593212,0.020370604054748054,0.8082770229998851,0.554051991044884,0.3765838414754248,0.010169079412323534,0.45178484495321114,0.7491112372206697
run_1014,8.327619594631472,8.222058385480032,2.5041191040903454,222.19232880602632,0.36586918588984163,0.2747822221311936,0.2859954427317088,0.09172588786543494,4.0342472701612655,0.4882215412557011,0.65587273681002,0.005466188978887917,0.21408285812270153,0.6543884771741046
run_1015,9.33641206322227,7.411439858506708,2.4437740144936377,150.25176755475192,0.3963513910600116,0.16495844590533232,0.0784823781782113,0.184262106536551,2.1718566737154252,0.4897466074777778,0.33617174639911185,0.0032147519865456395,0.12805182610921595,0.5895230651730401
run_1016,8.999153318300825,10.365080818156287,2.799295692238787,355.9813705072424,0.10048376032331051,0.2451377855535811,0.22618784362131356,0.01890924583521268,3.2217290998726114,0.21044957443689938,0.36534086852469816,0.004314048378528891,0.7426192707940844,0.9352072725190489
run_1017,6.448729934210252,11.816970801982595,2.7068830154386103,334.607951875381,0.16437705367380084,0.12089065644234502,0.035346563794996205,0.13999705448603025,1.876073695932928,0.6756473676256078,0.7541987099381895,0.011491527185837219,0.513441391084498,0.3668823803423373
run_1018,6.746583283979453,9.54295454154055,2.9016275976587056,77.04899294262195,0.24639963077748633,0.25962361632999803,0.08782025393471121,0.17683502108118765,2.5754644846582213,0.229847158632516,0.5960392481990742,0.009288076144326016,0.7952076841159861,0.16318966200401527
run_1019,8.036335342532034,7.9204659496576735,2.885210689417808,176.66309495106896,0.39836289875964825,0.2565288167003014,0.11731910593831776,0.18071539511466397,1.6244526378456903,0.3648207663344273,0.6198935796554306,0.0037600422150766695,0.13267720799010746,0.09228595536206055
run_1020,8.909098728819773,10.886459586030437,2.825476578196159,196.6143706218579,0.1734201564791497,0.23980227571727225,0.24509700947237945,0.10708048732489603,3.2121873187451015,0.4186569105393018,0.49473497238223785,0.008004714408585056,0.35984053554598106,0.867062610506048
run_1021,6.569148481122489,7.536348889439788,2.681359061606242,323.3943282317112,0.2889857909126401,0.02427366520375421,0.13095694166518373,0.08270758957564449,4.555585241203568,0.2396804603419392,0.48602066797241306,0.005864906558683733,0.19090654928143397,0.2220061500097835
run_1022,8.88115375213241,10.327885503052771,2.4200895116198105,44.42790690483396,0.12477862129673917,0.24410500920983272,0.18685733285687464,0.030892030848693762,4.414906518770963,0.4340700039631141,0.7066136450620607,0.006431085673419307,0.6223475955878814,0.9131552252043118
run_1023,7.982273472912725,7.861990966067146,2.7211621037758675,322.0855362744089,0.271702867607151,0.06637907648443772,0.14265549757702353,0.10621650075556434,2.2023112604996555,0.23184532847487935,0.30597678950702356,0.0010548127379040163,0.2686775952386682,0.9024383681771071
run_1024,6.383141606275732,7.251512218069607,2.7112974084320713,222.9430443453635,0.3178599623360746,0.05766118905828455,0.2352047125947002,0.04473330038974788,2.407882044562535,0.5499029017076295,0.7847966646868765,0.003761625566325331,0.448257928620893,0.512568751904292
run_1025,6.001988515451892,8.013747343359917,2.712128069948224,187.7230485160186,0.3988100711297681,0.014382448516262717,0.2716513893534522,0.05921341606417913,2.773734982619098,0.40088633003037266,0.4244523072802022,0.008693673950627182,0.2466612679915689,0.5322139386093038
run_1026,8.313481650164615,11.1936708018874,2.996437426680209,246.43483129137817,0.257360052254355,0.1558836906346855,0.06097117348566193,0.15959246566826835,2.0055563078773786,0.3072193758679999,0.7439493600554847,0.004330613948527273,0.1800507172702254,0.026192133592888064
run_1027,6.518189396154071,9.346526906020882,2.8456338388219744,305.38383592878336,0.18269386462600362,0.05943040012692229,0.15661710414353688,0.19252907284492884,4.3373767550551765,0.4541481604927451,0.6079998022074362,0.006989215059057763,0.5365618053431552,0.4092892662320896
run_1028,6.079109463920961,11.751319665445765,2.405478735635243,93.56050023323522,0.34365142502552176,0.15933082297881695,0.09549346462147401,0.11557215582213042,2.0429356301216757,0.6066799515121573,0.8028305819196051,0.004130939264869452,0.12242468916882565,0.7705590833290193
run_1029,6.0373748411560495,10.774102867696557,2.9584863912965633,256.9145212203073,0.3336477314467524,0.2174948089810774,0.28173473504003455,0.11224175382900885,4.7604235889859785,0.3036001443291899,0.4833426664462922,0.0012489239431973684,0.7067552964218132,0.7978956978923534
run_1030,7.306154925024517,9.880300800954645,2.93267837398222,206.47042961417583,0.10821774733841921,0.05140586912849422,0.1122448450722609,0.14849813637521456,3.5165629478624068,0.3180750849110037,0.7870983318167537,0.005445707211150683,0.44866818333576175,0.6295612110426734
run_1031,9.173910560991892,6.6426788050350805,2.8124558573633327,242.8743127872061,0.11614425063016001,0.05455736997183424,0.04966525356026745,0.050123725881704405,4.83593642041717,0.6337075636130858,0.6259156614224507,0.011288647756795923,0.5985036776744103,0.013157420282298656
run_1032,9.09875673201949,10.722808378376296,2.782261819427801,157.5159438091551,0.27683792262557777,0.06284212539285712,0.10824082376453667,0.09671439056161635,1.3349463955997485,0.4534332589139161,0.4231283001085577,0.0056289860618734385,0.3496668668409575,0.9766948801590161
run_1033,6.998685776333794,7.868243047149573,2.531769788587253,84.12047360086163,0.21938040255810531,0.11103597493640067,0.2123135931637252,0.17568607605675532,2.573814665286431,0.32224503022933365,0.46855751227870235,0.00594432305496992,0.14675900626454988,0.48710142329951517
run_1034,8.021099128438822,9.75948301759562,2.8937857412035917,195.03544988445395,0.26653193869418057,0.12981716527844017,0.32841141585021466,0.0701089857012286,0.8682482133277951,0.5183307803554145,0.8435494530131524,0.006528513063069276,0.12089098548222317,0.32945334634804213
run_1035,6.268468597418636,11.283884946060804,2.9805348960740146,133.57942654582132,0.34010822113231276,0.04021200239759341,0.32871264251312204,0.0580468383778962,1.783906958996027,0.27227245840883985,0.775469076107542,0.00789739462556344,0.20412914554190342,0.6185534796057139
run_1036,9.284757257178345,8.89298569335893,2.7294681042745714,13.30791550344285,0.26760583474914407,0.01334602909950808,0.3353821298948565,0.04334800946281968,3.020443750953538,0.6308416782879687,0.3970342604799668,0.009890158456524665,0.4144357587243659,0.4984787958657391
run_1037,9.201822257428134,6.1361417502847075,2.441005735070988,251.9457434126982,0.23302098390410278,0.13371384485443205,0.12088079661814541,0.07938536298969631,2.580914618219227,0.4385290289608724,0.4403346219064701,0.006141655607543527,0.144375944625065,0.9614518953080673
run_1038,8.204834241666026,8.138152049871488,2.4126261249915744,46.149586600819106,0.33874605841663474,0.20198222710836516,0.31442010589441755,0.18235103155264565,3.891637464281577,0.35975568246711886,0.8359198631332081,0.009223159890828676,0.7397773102971951,0.9967229687402728
run_1039,8.554994967321063,6.302886828413337,2.9732739144044027,220.67606899367695,0.27380589774932707,0.27505224087172014,0.16094373655122635,0.02968278909091957,4.5430109574022834,0.4923315525219258,0.5039905479938671,0.0035418826050185926,0.13389883336721597,0.16784867456198377
run_1040,6.876966412210133,11.33721001970696,2.8626005552494878,242.49912107694817,0.3463406028664409,0.06270348606204675,0.043904335557575135,0.16065627970333432,1.4000346881467927,0.21675383928412573,0.39660611549305635,0.0056457236518293544,0.6816156329996,0.9383852409625913
run_1041,7.839030271232992,8.519328700260626,2.979705451010235,306.34653243395627,0.30233444841663715,0.01575984453013431,0.19712366547457597,0.193509287493791,3.8818112847572035,0.6155858444884976,0.3399634380234081,0.006696310900383263,0.25654416070609254,0.30635696629782433
run_1042,7.114711067583267,7.714647359577616,2.4006220116541948,132.8432231904802,0.3902838815338465,0.0607622576713317,0.21494031806067107,0.09762282592403294,2.3220834273226982,0.5239307578737569,0.8260431530276353,0.010340419070020257,0.5676974770740316,0.3745652703290215
run_1043,7.3608814502957465,10.797220972039831,2.913333633421294,216.02716965189353,0.38766557198382945,0.19711794004098787,0.03950536155298042,0.12001227026175475,4.762675540725152,0.6264182213665137,0.8938972949242243,0.0021534130598661995,0.315313901495083,0.8854774642816783
run_1044,8.537281130499984,8.877864946175173,2.6746779780842678,38.494068554935396,0.10905837212908615,0.16130422151572293,0.30255295118913117,0.048783890009183484,1.238929030425524,0.631203411839721,0.6960715214972166,0.0026854659897916503,0.6727006216752797,0.5117662242687461
run_1045,8.231575218360573,7.388862790009605,2.828748513522802,279.0333344972544,0.38782561903993207,0.17071144876956615,0.28943011827366355,0.01764202562543879,3.115633819303498,0.25002976352445355,0.4030072678087376,0.003988038803683923,0.7199717599146742,0.05313935566420746
run_1046,8.78170986571013,6.801232216805066,2.6249142567606123,141.68942077985463,0.31631599236938546,0.12474557257703427,0.03156527612616058,0.033074640419938704,3.728583935425233,0.21709708890383797,0.6692754392182553,0.005883386958936873,0.7968522815607125,0.7393338829245186
run_1047,7.279300535025418,7.0312454125482,2.782006194069152,31.954846340374772,0.195881435356394,0.2842656882493809,0.2697224949032039,0.16641914469791896,2.068284106689751,0.6642933034048796,0.6158659025745046,0.008286306752917688,0.5187890121650218,0.2594024079722998
run_1048,7.522921560079606,10.69961790472666,2.928314243216725,118.24409275860158,0.1939634901927597,0.10342054205660162,0.1068792606110284,0.18283953609786305,4.069985097986244,0.20830311108914296,0.4125194487928713,0.005671036778667924,0.4040121046096147,0.2960397743077046
run_1049,7.89554928646477,10.711248893164425,2.4483703026164716,208.6429893899408,0.27881251868033596,0.044787678530825055,0.33720701538496367,0.16720561009212312,2.719863849172878,0.45782482756701653,0.4265455942924199,0.0022329194340516925,0.7700883739185935,0.5017280719240494
run_1050,9.972057192492914,6.115030123237442,2.5903234310564924,86.57698270097451,0.11092011777473591,0.2589611480139477,0.07434583673082112,0.0999322717064624,3.5204863068521774,0.6405775578882518,0.6731461964484311,0.011732690900685544,0.22567905830391488,0.49390749607192036
run_1051,7.642681823939469,9.872863232576243,2.539940655709713,58.54652293372096,0.3317448937328215,0.09260161851828433,0.0791323319898738,0.19959857941939899,4.706581963435769,0.6265969404315181,0.6791508937002122,0.0018814206086730997,0.29861377165243874,0.38344398709963684
run_1052,6.14610125719347,6.520524113912569,2.524276475749559,244.22081395220536,0.26572942251858933,0.05078251051746116,0.27465300357098427,0.04027895976966813,3.6397328047854165,0.34262375193474537,0.7705954208230058,0.003740172095003862,0.45503412603836024,0.962246365817014
run_1053,8.340453785806499,7.702365514920582,2.6589184396701198,75.09274997529825,0.18289627186408897,0.1510175867086708,0.17889443337633698,0.05560995558249458,2.130998510370968,0.5731814240417941,0.7192906738441914,0.010180160830301207,0.26312540394083667,0.5085988298795987
run_1054,9.76744858310788,7.710338805580094,2.5013901356622177,184.4238953734397,0.24199335570515026,0.22742239025714386,0.06715889590944935,0.18012358657374988,3.37837043302415,0.4827991083520519,0.6611771409606482,0.0011017869267587587,0.23363292375769082,0.6658402163874395
run_1055,9.313445411161656,7.3208744333221585,2.4211631938190115,210.3661004697997,0.16362529720030297,0.16948755970451282,0.04340046639511053,0.09566641028799948,3.2676721596324834,0.5892486102286576,0.6778330009987922,0.0015795775425878483,0.41094794488357367,0.5305924923539005
run_1056,8.001775671983832,8.743753331987122,2.9064408789680938,111.62002764806479,0.2764752483395142,0.056609094800388844,0.16771336487842037,0.06417093701254162,4.468935029271038,0.5170390356502041,0.6022756730061407,0.009092426356704406,0.5429308676597485,0.4499410192667899
run_1057,8.72835663815999,8.461194709410899,2.6363825984388582,287.3381637097784,0.29690753484461546,0.021589956544736083,0.2792139293013639,0.18805544017785772,3.6717137029819247,0.32874858793160744,0.3133269351789172,0.00730846365008575,0.16302575709454603,0.6808663474211375
run_1058,6.322257986793006,9.55196367213415,2.982570835046852,142.65874650517154,0.3716862088931422,0.1081733285534274,0.1268028220925351,0.1627262312322017,1.8310064354661741,0.20560407263206534,0.32208598687065043,0.008364999765834286,0.374581979272006,0.1626172765084351
run_1059,8.490303578943571,8.453705167164966,2.551067746107673,82.4591308624178,0.21378633170525208,0.01890805262983973,0.2271706206085639,0.1447829036092645,3.4336213785080716,0.46540074289470257,0.5278220900014023,0.009561695782848639,0.6741655083311842,0.9654753570984888
run_1060,7.297869480049522,11.164755831714187,2.4112995144229696,108.24915747415046,0.18204431347494343,0.05130068804288815,0.07972844131720455,0.11189315328198965,2.1980816469990043,0.20596558432854808,0.46242072789786526,0.009795908704122083,0.676210156176621,0.5498619099523863
run_1061,9.036291110327266,11.242164533461718,2.8219155999896977,13.821687278691037,0.2918136680668996,0.09011616121847146,0.2574988540824559,0.020859632615033888,3.4936520355242635,0.2507120209615097,0.46975451584386796,0.006691800247217089,0.2902460874723618,0.1834984799818262
run_1062,9.720915255423396,6.320105091231241,2.977634256350712,291.9716234255805,0.2938196428584725,0.14070641767320893,0.059544563574196206,0.17409365554624717,2.3940614074014888,0.4141276132330151,0.4583702076827744,0.010444786514897667,0.21234633229613697,0.49161768076017964
run_1063,6.7818301667922265,9.494680150276901,2.4546654879389966,65.03588609311883,0.15961571453059953,0.284076015147057,0.22733665261700411,0.06505653633571265,2.969307772757185,0.6711606050150902,0.7145485476700137,0.0024528471295628407,0.7862045504021543,0.7835627501743857
run_1064,7.377877667311019,8.43866684366548,2.872487918201633,314.35163802714555,0.31197522037283254,0.2468716141863767,0.13451026198942845,0.18618952046139406,3.2898691031220864,0.44708913201880895,0.4885043545113611,0.008204433369555118,0.5349029381278662,0.9461787427365906
run_1065,8.22548227758162,8.521778759140414,2.9281158915205063,325.3674832737759,0.2453453708542652,0.14119272068066271,0.25611138685139934,0.09519139211251874,0.8948828059632643,0.24888327304357455,0.783158123658841,0.004812762160815677,0.18806584727044445,0.8188807597039238
run_1066,9.699789935246566,6.0579842703714935,2.548959017238062,246.99430676147398,0.34878134879371386,0.22714985245210834,0.031776436536337854,0.10013605435207067,2.0498560824162384,0.5137261971572633,0.3321293616829945,0.004712351999668195,0.31016721168266875,0.5919708357189245
run_1067,6.278440785757381,9.926365510427821,2.906230223227129,265.3350397015336,0.2524526111596581,0.10784914360507879,0.3410955398625773,0.14067805943735323,1.2892723288494803,0.38937830875747304,0.8562562545968211,0.0014761352330304152,0.677234550182332,0.4056472370577328
run_1068,9.309086175365323,11.021030152244924,2.4939820379995314,337.43359468480713,0.28852448693399074,0.06853347485607844,0.08985751363114919,0.14126307803434696,1.8516065828768262,0.31596664498231736,0.4136834466466297,0.0086066281920519,0.7882621281104588,0.7146351777696897
run_1069,8.640454053106263,6.1939430490158385,2.5050603282269517,336.24693283600436,0.22288873572246393,0.23522679869663388,0.2043297620096804,0.19564507458804817,3.8679134415122407,0.5803125790719394,0.4657914019373572,0.002349887143463112,0.31773746268053604,0.4141974902200228
run_1070,7.7779488369392755,9.45383218546343,2.8884212926481387,131.4644378498441,0.11337078698838107,0.13690033211547542,0.17614754000401509,0.17317731046174425,1.968704256593072,0.25278799162374255,0.6735268804275206,0.01139419237175407,0.49718646366714303,0.41332658519997256
run_1071,6.662459404343641,9.141375056528226,2.603825927957579,240.99961172842924,0.21500443776550496,0.22201073166406074,0.1596560223160311,0.19932523331190652,4.243365656221163,0.510548323411925,0.6040519561400943,0.007153556349734474,0.663740578669597,0.8515232093601631
run_1072,6.703136085023803,10.231675202235582,2.7491540791193865,213.06518022516943,0.37227779708005904,0.12226100114871151,0.2535667314451717,0.014475103035095074,4.226401456274168,0.23978391760504453,0.7409905303348246,0.008593590233403735,0.18300072603269307,0.6980493452192629
run_1073,7.388487151917559,6.5559904025493125,2.619655348527161,72.23263952612001,0.17811186685683025,0.11781239564939923,0.29740513543784347,0.09553915873807375,4.109841295025042,0.582881538839903,0.5891466037865931,0.005794819798794229,0.21695388020439926,0.7624956395228885
run_1074,8.248261739276007,9.014833235743188,2.9044825024595733,9.215968279059785,0.10953885769347664,0.22564075951287713,0.34673370143938953,0.15292640348848865,1.512776804562202,0.2347772828506907,0.7340719135780982,0.004683137696230943,0.5131192281667861,0.37801003495907
run_1075,9.738303451352085,10.530460514814912,2.6335448452411727,146.23842615802442,0.16002121298588792,0.16705390428999278,0.20361963038311076,0.010872235728857465,2.4781527772960983,0.316721554517227,0.5708122081869286,0.011257631375563255,0.2965093283440126,0.17541176806997916
run_1076,8.446993888733601,6.958062647474089,2.8464515334048186,292.35380818931577,0.12924261377600016,0.18335423887688904,0.1356591575283696,0.08126062516825171,1.944134797241411,0.3955937813262081,0.8278288144886159,0.005963059588109464,0.48585280418200905,0.010142205661316695
run_1077,7.772747780067954,6.956729099259688,2.4079899696146976,141.56161318153175,0.3554012203861153,0.024824752021703,0.2314858416213035,0.05124627500344121,0.8878918591859389,0.3318076518587535,0.4967449603677645,0.007091095915957734,0.17023781646946262,0.5256813327820115
run_1078,9.481574519180317,7.119613770799944,2.50932792484009,37.26769083226332,0.11474323445066265,0.22335192764677203,0.17209026171280245,0.10839913015606263,4.440071240832185,0.2866523990376013,0.739276862706256,0.008644865418247796,0.7526003007662156,0.004674149049083541
run_1079,7.277078721327116,11.096286085212858,2.684560695224496,21.807045985411886,0.34311897414740533,0.0676567600362737,0.2076515704777562,0.15393328236895543,3.0091286664815344,0.34461741700809945,0.7136803760919457,0.0020344185229198824,0.17159545928056025,0.356790781498036
run_1080,9.39545410793632,11.923293543058824,2.504056500383102,116.3161880999036,0.15257631844827302,0.2606228628807594,0.16347586922850613,0.07486741086648092,1.0390321155459816,0.2543947995817825,0.5886641615276417,0.0048881779994556385,0.3461216904286355,0.058749621703204094
run_1081,9.452876473100103,6.517306842185162,2.4452831497833127,210.55504125641073,0.1436867053822728,0.10071022112267403,0.13865891599038405,0.14167523748090752,1.9192028292865335,0.6841375799085815,0.30169161776014564,0.003875914528155929,0.4524672219779341,0.7325192702051257
run_1082,9.231377023691621,8.880159850167932,2.7668894479179826,257.04343872173945,0.1057246101975387,0.029833922117982373,0.23696507358748561,0.0972291615605749,4.417629472175584,0.5519115620519768,0.6214113081673222,0.003243190982719866,0.28720862628659716,0.9873750973609403
run_1083,8.454517480509306,7.606900202320765,2.5501477925335045,241.34481889977462,0.2891208841498976,0.15157068456741096,0.16050738902157136,0.16070155513091447,1.1015585261100673,0.2140821822715956,0.8767854811568954,0.011780846712989925,0.4181305553407746,0.9795533513440939
run_1084,8.439462677645524,9.509872373370104,2.534231278673435,133.3396162385314,0.12063111953152239,0.049758664440121,0.2925088736513784,0.015167963366453076,1.629546468991819,0.2211340622261885,0.7274881834828937,0.0028159931616760425,0.1688725471454801,0.4334118805955015
run_1085,6.033859980156067,8.816016300169084,2.6528021523098837,332.94550112424605,0.23236102105903472,0.08398602638544742,0.14997261290821978,0.01616606524252539,1.725784198151775,0.31160253937236887,0.3209705593218368,0.006459460796434594,0.7308314067193089,0.20260972748398057
run_1086,9.641564801425083,7.311996043307709,2.446606239100246,47.54526909727351,0.2114029378756354,0.26915123667959123,0.2299528000220282,0.17128727651851083,3.417395568540708,0.45483120947808287,0.8867176714762135,0.008180515100025494,0.6503974777954603,0.49661324521581446
run_1087,8.833998617488172,10.21349692016563,2.6546446977559306,39.12356844575002,0.2434479446705544,0.20582233665623942,0.06846192019946003,0.14240006947203976,2.993842022373469,0.3155637207350374,0.7199604805897721,0.008030256731769186,0.4571207453864393,0.25155776265767227
run_1088,7.833479710615601,7.432481462844551,2.9528883031465414,161.11574881649014,0.29729869128089814,0.1768046830888846,0.08581843800483967,0.11770298875860785,1.4371318934356205,0.3807997695223987,0.7922729116665889,0.009129226507108904,0.4297378396191246,0.16201849058304688
run_1089,8.144383302981936,9.968117066722682,2.6608255333597097,232.1783707639971,0.3638868749902501,0.19586772224843102,0.0893716411105748,0.07049214708951128,3.2293631349947063,0.6577322739090772,0.7359865904615848,0.01143797587922702,0.22313081626577844,0.2234151516980686
run_1090,6.907388409755063,10.371176365697615,2.5369540134966226,220.27304197092494,0.2774244413860444,0.12933225929414272,0.33385318869485137,0.017209544159948523,3.1981432748090945,0.699474255073516,0.47180444354508233,0.005973370249642089,0.711076554812091,0.1816606630381217
run_1091,9.690758914942398,7.5573540293836,2.789944803897458,168.33703181297778,0.26847027021744285,0.06858340980091049,0.32500611072932184,0.031173242020922177,1.5582110290786568,0.619796251986799,0.8606363024446637,0.005393591414296995,0.2263722550473599,0.5079221506869471
run_1092,9.768445793229182,10.96678422223721,2.937382858420352,129.76346675157,0.23939124125683925,0.2713607728502887,0.07994118851238244,0.09719210215036181,4.867470352236253,0.49320094492537875,0.4514764273898252,0.0047731091720252606,0.18990700018093107,0.017399574527202654
run_1093,8.002380628505447,10.166259736812894,2.8796333119979427,171.23898423952662,0.10009018521543403,0.05439385552269896,0.02700878123132983,0.07552261960187698,1.8235443611211988,0.386033384594613,0.8407906551118343,0.0050274494110316165,0.35465445845686805,0.9837284633011107
run_1094,9.390532599944404,10.520818417886069,2.9476635151432973,80.26286156712133,0.2128412491683292,0.08632686809154816,0.32264687393018676,0.1623727532562277,3.6288558148297376,0.5084212490698631,0.36981738696678096,0.007236444472659954,0.2082979263768162,0.9053671732723052
run_1095,7.900314293835576,9.258951699649119,2.957998825528257,219.1381785699001,0.27606522479847706,0.08191777176759596,0.15392435283601452,0.08721553313578048,4.918310764799099,0.4641066548147616,0.677037244467084,0.011334614799081717,0.3434087454516862,0.5829172639139368
run_1096,7.374965515659662,8.92512195282533,2.541172736930747,291.52343780785895,0.3460808309916663,0.19323938498508259,0.3041487101628804,0.18550500186818,3.0472221795868935,0.23631606756452464,0.887671143777709,0.002202295330631695,0.33834814644203315,0.7958460298070564
run_1097,8.974661246814772,11.813129297149526,2.6751478325042712,237.51407084156267,0.15809962477557402,0.09281183954262417,0.04016404332484447,0.14642975401059288,4.204503062752558,0.21610823393865142,0.8927108300699949,0.0037043602167744177,0.14134363411854958,0.21697305788513074
run_1098,8.024117126303807,8.402018820599423,2.430378338682056,254.46059464452526,0.13135700479161505,0.19037471126562724,0.20190508568254592,0.1282875912005324,4.474424481267812,0.3454310951308517,0.7878303744551796,0.00829393179760755,0.4272129800816463,0.9507099100450652
run_1099,9.60955320962332,8.258354585184705,2.519815378803929,216.69770409045032,0.3127795331498496,0.048967905848531876,0.21563623759820616,0.03502732304792503,2.5257482714543507,0.37151838358681954,0.802553131040878,0.006344540892732987,0.4654136321822686,0.375866130541429
run_1100,7.475414713755906,6.3408421099370855,2.7242505584338637,50.6363370950317,0.3756163994011259,0.16821030294017494,0.28024835777583246,0.07287382806577308,3.233146890875373,0.256713472829123,0.70381615469155,0.010874054043167217,0.49452133292087286,0.27612597818831397
run_1101,6.947514361650454,7.61957803008594,2.9455711699250973,279.5707765580806,0.10070042270070989,0.1731236133733769,0.2117677401359052,0.18611099400826894,4.599860046158978,0.3014962799874936,0.6562473450433136,0.010980335153328281,0.19979185580455605,0.272639093100278
run_1102,6.619927943690194,8.673631432810083,2.555462631763687,65.40058628130004,0.3941606054896145,0.2127385282384884,0.33127692896700217,0.18837375314092272,1.6749651612328837,0.6113737730458901,0.3048138859139407,0.005435114208973537,0.5097404713292031,0.029529241130807283
run_1103,7.96259945705434,10.523201758429554,2.4249280461693594,241.4980416783955,0.2691225683086624,0.18915051268737498,0.06238740998308888,0.07837476198085691,3.2563000558315807,0.5193349599541657,0.5418340152891259,0.0044753681375013215,0.5059265407683832,0.5805259827587579
run_1104,8.212445405791192,7.279961790697536,2.520492709557576,261.2754839032801,0.17459893007503713,0.18072864903982555,0.24229888050771897,0.034979854154780894,4.130980014440718,0.5594854871620618,0.7326357078224934,0.005702262100605589,0.2518552586490174,0.4039099078140915
run_1105,7.69155389843572,7.681794713782229,2.790403355397937,44.8393313912566,0.15347132457847956,0.06748778898757715,0.11237311292158317,0.013058935359690944,3.0908679789209526,0.5016747242048354,0.3701709055758783,0.010992322005496456,0.7035446907309555,0.7034370198060095
run_1106,7.793798764409473,8.850522267565681,2.5307645102615717,317.0505503970158,0.13849719832256588,0.28334002676734243,0.06583502311901866,0.16037935412800627,4.83641951696793,0.550146525276366,0.3560105317653048,0.005297299698881404,0.40774870912756855,0.5803483746115646
run_1107,6.057296686908006,11.56453100847148,2.8498219669305573,228.9677563704003,0.39858750633064854,0.22982055010366878,0.05373383262676942,0.16078437055139103,4.44995097266741,0.654827986411834,0.39746720211320674,0.006492704022553888,0.12587001696538797,0.8641991259395421
run_1108,6.4000037023816825,10.342875736160295,2.951051116487242,23.71164476495993,0.17896437970461848,0.12910750054090903,0.10215015411464784,0.023038683049648907,2.078715174187864,0.398094239929309,0.5032722903153148,0.0023798005373908623,0.5824279653367666,0.09616347529090254
run_1109,9.199119959408737,10.512606021541604,2.7679472050246767,178.86856419862227,0.22240695980830932,0.08526311361452625,0.03408446152335827,0.1507001222781579,1.9218714870004494,0.41347333895936067,0.5224442024184444,0.010668807767794573,0.43334390002530376,0.021033406179065905
run_1110,7.213263580525029,8.719474124477847,2.514831731902229,71.90262967681281,0.32277961379968856,0.0428837875502791,0.06309755840118077,0.0250713088886738,2.333529468636045,0.5783244903345106,0.5721903631031657,0.003351922082764516,0.23734025224396035,0.22117445740815678
run_1111,8.01263837205526,7.357274230937888,2.641539958575953,89.5952162557314,0.1887916289815958,0.2208354369991883,0.2144651307694236,0.07764921921269977,3.988614201632396,0.4290203149036713,0.49513051382083123,0.0028324844520097895,0.13194754840786793,0.4707374439331697
run_1112,7.555273352820093,11.789991422937934,2.428424728417629,132.3086819744747,0.14120868072282025,0.10660598139581398,0.23047986913763865,0.04018069113345779,3.475418703757179,0.5707382564056187,0.4648253768680578,0.0026529616498119466,0.4741232157566043,0.046892951897092326
run_1113,8.264611516052645,10.67367501411062,2.488259692466835,346.38748902108864,0.2501348713607675,0.06694341187882932,0.11175270859736863,0.18016422787692202,1.9937807847872364,0.5199992925158208,0.36883712890583153,0.008059344579736543,0.37907492325895265,0.41248257797225646
run_1114,9.007929148416133,9.841951895684714,2.6403934385711514,181.68001954333405,0.31115826046311845,0.03186367020603838,0.2694514920904255,0.1834674242900673,3.1067307550034418,0.5851439753394889,0.7757282739546194,0.0020806383605086716,0.3606739913201821,0.009717839197225379
run_1115,8.973702052327548,7.864782921263726,2.4082468720994084,257.39429381495205,0.16845839241392957,0.15112120428244286,0.24860713804604315,0.04494070299651588,4.356961739728776,0.3421737922939428,0.714632770788763,0.007916762285599689,0.6042443721654235,0.3006294096090603
run_1116,8.011924019644844,10.021353556466075,2.819864943002677,202.02752552206633,0.27254033504897646,0.09999787668409593,0.1579840822072712,0.11065018877321871,1.5914186675981805,0.32877956844799755,0.8229736229496507,0.009343930902261738,0.3828978583929876,0.23387759671976446
run_1117,9.039138947549727,7.369839394723665,2.75278925342021,280.0061013324638,0.35119816458190034,0.14412443105100087,0.14137484247039764,0.11781133192962424,3.0942480004484905,0.5653038305442164,0.58181865558927,0.009975068568260397,0.6807836261060173,0.26612120155277563
run_1118,9.096290470967713,7.919044038720787,2.5214898235798393,335.05056932284026,0.32316613472347844,0.287996770214278,0.095577019222228,0.032631547248805785,4.216768184479325,0.4308538631512129,0.33242870593487694,0.010054969586396394,0.18148638947883047,0.9981003459102455
run_1119,7.650612602751572,8.361066180666976,2.8511269704033175,229.6200374070689,0.2831767763460097,0.28969588100828514,0.15164710503825005,0.030469129774990375,3.6493454740682383,0.35745871957268494,0.8592569407136239,0.009084915051645093,0.15328860549589154,0.5091336663864977
run_1120,8.676700640047262,6.0107714470107565,2.6351915037949425,241.59568019970723,0.13403114391942905,0.22397928581479684,0.3254711477743964,0.10611132320248096,3.644964207784171,0.2422566573611554,0.8105742203393713,0.008193116202866453,0.7917965888697914,0.9231061634360792
run_1121,7.036231282122113,10.902733092831951,2.7579071474905192,165.77696769433075,0.2958070740167513,0.10481312980072667,0.0578395660546517,0.07869114581530086,3.5860636407428226,0.29929307286620427,0.7189109173273839,0.003325947311685332,0.22228903114423507,0.31301197148032117
run_1122,9.389383811901988,8.513996577671563,2.787906962496839,27.46548298485891,0.2455853600848235,0.24160667124302138,0.255489287374589,0.05918131127183036,3.5423900464548232,0.5092931593700132,0.7843549868470961,0.002426301391384943,0.34014882335495833,0.44349113881035734
run_1123,9.554281229446115,11.622744614220728,2.657715953475004,269.77795365505165,0.31310163664942037,0.015414085582321185,0.04776205863934255,0.0744106964106623,2.42662485093377,0.22636519258106982,0.3932488346977159,0.010852183135480187,0.7948069203519875,0.1866006753437778
run_1124,6.541308313910488,8.955110207952858,2.5067638960238887,46.53108539728268,0.24601681043047108,0.02833720549072722,0.13618934274830216,0.18265208731291468,3.970838028190083,0.3322050370866408,0.7636403282938036,0.009548679988194152,0.6157200389137263,0.9493222461082798
run_1125,7.959897730876508,9.834642357301995,2.4121508417280304,126.62301795650153,0.16622965627895983,0.27748652491471687,0.14455508931197908,0.13938396742521125,4.444114042065976,0.6944320317817165,0.3080104315955477,0.006027035749334484,0.10301496560546154,0.343244651396123
run_1126,8.573227053798478,10.265129426660266,2.5793982447785258,120.08612045740045,0.30677902694868403,0.2462456159059621,0.10544421828761019,0.11335973102270439,3.6314824168256274,0.5797203398239915,0.6865626104826953,0.011423342698555095,0.15177497645285545,0.3630051932575607
run_1127,7.076838328343763,9.99181501962325,2.7332941469203993,37.51437184593095,0.12392576643039888,0.16047877903468497,0.22398280227579198,0.11801378501991781,3.5258010970105396,0.6741669713897085,0.5821559333555817,0.0029701837200757225,0.1424505275797423,0.3645557204796489
run_1128,7.910117348526267,8.000432466507101,2.446082880046132,183.47637294144678,0.3185432463586855,0.15866604298860398,0.23023670644099975,0.013428161594754585,2.659091844155543,0.6031086252068837,0.4795713297083096,0.004630065863772995,0.2838422208933242,0.473096353521243
run_1129,6.54234923001953,10.133934375200138,2.741383594684481,283.64429430257036,0.17655171736058695,0.022234527366551085,0.12228466092234441,0.08695256511749841,3.332404476051531,0.694805819969307,0.6172557368640945,0.007669196411900152,0.6057410522523818,0.3696361001791899
run_1130,9.188456848978467,11.639043127509634,2.559744911138821,29.410840417817724,0.11179485321357047,0.28584574060910684,0.25957945435284474,0.19991658336372795,1.1743911222239498,0.471472375004214,0.5367601190449024,0.011761643719027326,0.2970725510522888,0.433698314360111
run_1131,8.745944844078718,6.588796911884697,2.4224607796893087,146.9020918530677,0.2102577504538664,0.08645918790131073,0.25858840817378365,0.14370280401425586,1.7083994041404886,0.28997910430449636,0.8781213469503497,0.0019001894740588504,0.2962405032792049,0.9084043376120836
run_1132,9.186015183502331,7.464172306688159,2.991195170289044,358.5131990314299,0.12642919457054766,0.14232372154272155,0.11649273444186065,0.09854938441068711,1.7329051521812537,0.4299775189274714,0.7722893616790334,0.008089570100872264,0.6385193476134557,0.6385592154984754
run_1133,6.107183716321307,9.486086027997873,2.541703922588524,96.28262991307551,0.31877814313918085,0.14962778933075732,0.050935800194901,0.0196030387846566,3.2313123753915898,0.6195123580554796,0.47367002308660944,0.008503843536491092,0.5938620100553473,0.2576729232131334
run_1134,6.07220199209249,11.346026908576063,2.4772074469691874,63.9391925074877,0.11214520222093305,0.10882803999511473,0.25001565688005545,0.16752670239327028,3.00147708617358,0.5415963964444048,0.48752053239365434,0.0072860112270720515,0.648466155554725,0.1424496176464154
run_1135,6.149305964906235,7.738109179005608,2.8165975571388397,104.27714346990702,0.12538368720712068,0.0303248666546585,0.0976083566486031,0.04541770271386206,3.185490140541349,0.2451272870402733,0.6296587399143463,0.002785747716547371,0.11755584798825086,0.9525256705286411
run_1136,9.294355848105306,10.616998054850512,2.4184295927275983,17.97000117667795,0.35224363796331903,0.25295795175309893,0.2577092721268555,0.19518979482047039,3.4979379243908415,0.4623393012898416,0.3996144403567338,0.0033866746248174934,0.5141144043162551,0.15839155122214293
run_1137,7.465693784095873,11.95230339924398,2.8325994451629004,13.54660456673288,0.1727369157385166,0.19884539068221913,0.06389910425352402,0.07499303627529831,4.273772526355818,0.4068287089142285,0.3718858357228737,0.0020000847683912383,0.44977751097586527,0.9182515151006461
run_1138,8.067844115475438,7.074133314328593,2.9774056741440265,217.07961466230137,0.2483647464544244,0.2768613276224187,0.14496837764054807,0.06404049670717193,2.6576503280845456,0.23808873469254657,0.42352471058755103,0.006331141755801487,0.7064682347770641,0.79639543608643
run_1139,6.039976750699479,9.95015427976394,2.419425978962391,243.58241581979755,0.29926454351407483,0.18600421544985885,0.18740767928597077,0.0321135828588954,1.3934064452118862,0.35077794798457007,0.7632842231341451,0.003608918949908143,0.45445148079273723,0.6819377091675517
run_1140,8.3104941020314,11.158296328846356,2.530313171949053,72.72447960251175,0.3165477518619749,0.10456889160826538,0.2668716695133582,0.16359265030513695,4.403488934502828,0.21434599727700276,0.31461071515908673,0.0056491748690943545,0.6471547454933917,0.9412722697660902
run_1141,9.50692720576632,9.046120359426997,2.74605941851686,265.1620732909292,0.10613860981371254,0.2934779263668825,0.1891195642268961,0.14155523084618984,1.1891125535052258,0.6162287599351646,0.32392134817405493,0.003375153128265231,0.7738467499526643,0.9187105333043449
run_1142,6.853871042776416,6.289619597293795,2.861937449121595,327.96581425236315,0.16478381230790368,0.0867632819995722,0.31010919982417484,0.09839008197278515,3.2381913650135177,0.5476646795305458,0.5451753700880366,0.007031038934375533,0.715768733434846,0.5933171712268477
run_1143,6.779545755589496,9.407749150921866,2.549669474624604,125.64730254262255,0.34333173150704877,0.2490694809087542,0.18253901357401386,0.17532714789118675,3.004259670405795,0.68489000298546,0.5652844854241282,0.0024507490012688577,0.32276577947453666,0.9773949559141568
run_1144,7.503993844797969,9.288929208793306,2.7522878205421137,333.18076991425255,0.11782284768334078,0.12879276085286545,0.17694595529354104,0.19784876486800299,1.8584774048230128,0.6302513897536806,0.6090595126794686,0.0037170039275021176,0.37663096143924235,0.23875147215369316
run_1145,7.1821647274912594,9.057507132475699,2.603066966377997,230.34550992357626,0.21561090323193552,0.07512598705939022,0.07614959762992514,0.03343611574661496,2.621710543825979,0.27373097012832154,0.8130116311072086,0.0056007991547290525,0.5174833481965898,0.7813645896310881
run_1146,9.630403832505825,11.992097980559464,2.698660612192733,285.6003117538702,0.2918648973455487,0.2804579781416576,0.1584583067939306,0.18409262995206138,3.3263395636834048,0.3468224824258034,0.5464729125825041,0.008634216963759477,0.2750364962512142,0.6921300174032279
run_1147,8.498466007756761,9.988729117500919,2.9908477948489107,177.08552147897336,0.16531069056316994,0.29690136210048795,0.3241060412720948,0.1534549183208919,0.9550539547903136,0.2432925066039766,0.6974155594286976,0.00100534239404039,0.29458583792205995,0.4802854112537071
run_1148,9.277091078187704,10.922039246614666,2.465799366118331,287.9126382998713,0.19373888304005032,0.11434952967673757,0.2927834310557494,0.13368402300908044,2.991962556087505,0.5095748561347095,0.7131911995062823,0.011648762359800929,0.44518525324762837,0.13173225215636944
run_1149,7.0233747758239815,10.121982565514497,2.5678058587556136,15.787851626229326,0.28716248498474084,0.08337365029658773,0.12165918596873398,0.10518691869971432,1.3440062801700967,0.2951734983194859,0.4183819739848138,0.004239054858028311,0.5629085771749414,0.025013889354615723
run_1150,7.264611960564324,7.240578525465501,2.718207758506196,127.55411208732941,0.24495831577750599,0.12103310474092221,0.166025308527107,0.11386385827597537,4.55927411346805,0.4707746152728947,0.6003475744404365,0.009142581701750651,0.2166239091608486,0.24353682213411632
run_1151,7.323953274820786,11.800763705346874,2.7095387623561287,352.08058161862357,0.18236056509855503,0.153723683037094,0.24887691953166696,0.019409550284868213,4.817238574075869,0.2739529900733706,0.7033149378737308,0.005208638463083679,0.6936407292014095,0.8758497456946495
run_1152,7.309218390797861,7.264635517794138,2.4161919078544396,213.32448553445062,0.1551493077376921,0.2708261046242055,0.07758350547724625,0.1739974964793846,3.9607710772832734,0.637946155883446,0.6236482161098895,0.010801309193676986,0.32345718744329277,0.822317113990504
run_1153,7.541601361089872,6.885014256533404,2.4480842447138724,204.44078064452813,0.20168631108327595,0.28489110406012463,0.13318474182686502,0.15001944686332014,4.768517732121501,0.6467208050737667,0.8164866804897342,0.008411325926074565,0.5299906502595967,0.9145853949658255
run_1154,9.455492009227331,7.905338718528335,2.432727563154441,302.94723605183935,0.2571728525149173,0.09449936608379586,0.11768612725492941,0.03174161529484552,3.1203201952062933,0.30773157569699217,0.8929181551096002,0.001089074270218945,0.3774593900180693,0.2880332330564371
run_1155,7.754416128984202,8.582767618783905,2.9296778090614426,43.18775732411383,0.3499127208763311,0.06948729368905146,0.26490093641631735,0.05211514332457166,4.457601116746019,0.22801661521119984,0.3612231670025339,0.00976843281154844,0.7385858744275249,0.0004764421346046424
run_1156,6.219943377299726,11.324585597001228,2.409721270591892,248.25634211174318,0.307607730135959,0.20862457249850497,0.06899272671937062,0.13434986047272984,4.53592300094955,0.5168047712301972,0.42705578576124303,0.009257834390545838,0.6983032389560335,0.6748728196234284
run_1157,7.397629218611413,9.626109072850134,2.464125853935061,81.25964494382441,0.21350376957912404,0.010909303005215728,0.17717020979341072,0.19462943494228568,1.9551022830891125,0.4079193976161549,0.461809419041028,0.011026499721551349,0.24814207672345298,0.9062487280354916
run_1158,9.805583230085432,7.235995468330714,2.5095879168107986,34.8007138733609,0.36510018893252816,0.02806156905064753,0.15359611418456237,0.13297072319493994,4.392598320406316,0.3663703079896329,0.6406456221616144,0.0037839700741147163,0.4995482788420652,0.4417819572821169
run_1159,6.98003119105745,9.630316608381424,2.901527314202987,197.29614724295962,0.28462930500154815,0.18126625829648269,0.04658270995128137,0.14979956768185465,4.252433764574337,0.576975737765862,0.44584806365400964,0.0059582789632775975,0.31241115302197875,0.4555237543104475
run_1160,8.142901537263722,8.667358076934226,2.5119392679174037,327.9573657750707,0.14826027389446514,0.015896146370956092,0.15897558459259947,0.09121817272906509,2.1914831695135075,0.5215463404690941,0.6359480426654979,0.00900414297938983,0.6195888847067146,0.06746464744055176
run_1161,9.545645251868741,11.312576907804798,2.8009140846461045,145.78428160820107,0.2855765429828834,0.21012803442601416,0.14897448992546786,0.13142062126621562,3.70018576226608,0.6709891329754547,0.41551490112955897,0.009633462958068356,0.7693173333207189,0.5594125921268814
run_1162,9.54036508830079,8.382474259975318,2.993706497578441,284.40134397680924,0.21443862134383362,0.09487459527781467,0.09158062999621275,0.19143807011036507,2.6665875296206987,0.35326589069026787,0.45549490522849645,0.0014562224647696703,0.509855519472649,0.5770960938818197
run_1163,9.501381641388699,11.437587399919183,2.9901820272062394,169.7983142245489,0.16203053786517788,0.14796570346439863,0.2146304787519323,0.07987243984177374,4.29788548152738,0.20892873719988128,0.4199191132725696,0.00713443079206454,0.6199497598327476,0.34628709879578606
run_1164,8.759681626017297,9.309114409295269,2.941432822139265,5.326900342811859,0.16582146928537306,0.21985804428640357,0.21521662907870007,0.08282570325579328,4.116162300740683,0.49856013003755156,0.8608440374841333,0.002399922752777774,0.40556403451077105,0.42102176891765436
run_1165,9.35459045826418,7.88471955622054,2.8191302721275537,244.62642442394326,0.3734376587850594,0.06930538586929176,0.14107325889006744,0.0452836892388518,2.8361323490368138,0.2904159025265785,0.7113587369374428,0.002074400607188993,0.2955797531909125,0.36519504448143303
run_1166,9.577717667796557,6.019509375520482,2.4217249627086495,34.985576867266076,0.3806282106715415,0.09147613821334563,0.285445459923029,0.15576733216594532,3.2928434660906616,0.25230521911727494,0.5991762868424484,0.005904183722104932,0.48636090241707863,0.2460540302969399
run_1167,9.594998292989967,8.501698467461388,2.7247395093809645,326.3984261563202,0.25370201499555967,0.03493865890490587,0.256948988868651,0.0832411909257492,4.583291134089171,0.3987938061929682,0.43170034571029725,0.0077464633339730865,0.3999429555757249,0.2082535484490306
run_1168,6.697447449205136,8.676321674959233,2.4288865490549014,265.96722181161493,0.39688569576536237,0.21976552514900616,0.277115213417419,0.023212335398419076,1.4736796697409023,0.23017173549952333,0.3405343219762419,0.004731959669018293,0.4246887389099643,0.368981350664908
run_1169,9.877162093924827,11.320498196665893,2.894878100139804,343.5700573379213,0.37639463047396693,0.1514268455042097,0.08319266704550601,0.010793280796855138,4.635343058884455,0.3770457812845048,0.7910504571666801,0.010469343963037978,0.4097322931559588,0.2538251811015634
run_1170,8.826002352435466,7.859012062813903,2.790942068101192,356.5645600114925,0.3823810431454997,0.14885903788451965,0.3277047427847249,0.1030646119055796,0.9267323159660308,0.6546274229812776,0.6318466997906375,0.002942022793662334,0.42393133750909073,0.7990091368429245
run_1171,8.241855958472927,9.560170982335991,2.6860749866188773,285.7351137281355,0.11191811053880302,0.2349576433692516,0.3061418592575761,0.12387863130676444,1.655084607134264,0.4978604998614681,0.6703528528551232,0.009446353226159058,0.672493575919034,0.8123057600642776
run_1172,6.252472979023801,11.062569801337222,2.561653849894423,81.76322462807829,0.15360049300181264,0.0843923603785818,0.29125147020848685,0.04375782989646651,4.232493406427202,0.4728298049479304,0.58036916488104,0.011075241789366953,0.5151046608672953,0.7966398181486021
run_1173,9.13878274834954,8.722555737749444,2.8083865712993434,182.85718051401568,0.39470108299027884,0.20689191859413936,0.18845452092188403,0.15126297198323668,2.6254126238282027,0.3689431728438437,0.6804503976842792,0.011659525610172097,0.7817410018791219,0.34114556797883205
run_1174,7.95107938854302,10.908243116527782,2.4514546748418593,143.03180270044032,0.2210058152321455,0.2852239748911669,0.0768007458631961,0.0631213670947971,3.785792206360087,0.4570891507864366,0.6544646803080828,0.0026439246522874083,0.6624059234484891,0.7028592454250422
run_1175,9.884466696630092,9.570813179993202,2.5253384639245775,63.81428360497795,0.3060854519555985,0.19810618778850345,0.20589608841930965,0.1569751163599965,2.2072399334705812,0.3016655269232135,0.494023639849968,0.0027935687584388948,0.2738988975588132,0.3704703279641537
run_1176,7.75137151404395,9.555719099868256,2.9655917400623535,200.16233004977514,0.21304606996433384,0.11552000213934574,0.26007604126349765,0.08630568565516411,3.462349970102646,0.33851306300393835,0.5539462352002411,0.011247692702523241,0.20891045836143066,0.7397605924413312
run_1177,6.652517257239195,7.039905917028194,2.430056721595718,320.6116974584489,0.25201506912708427,0.2814083685666984,0.21545483873403318,0.16704003691233338,1.1871983768563834,0.3550040297498047,0.5281491611110827,0.009308434835937907,0.7585388239444807,0.5569770464909073
run_1178,9.004901756303617,9.21100130267831,2.567067144007881,280.5739924370947,0.2318918223835224,0.20708492942413795,0.1673522966044815,0.05035094374984038,2.016232977109505,0.5187069742587214,0.45086073648138036,0.010747489380303534,0.5117939446699957,0.9221030382508264
run_1179,7.3194348704093315,9.644360418368702,2.620335360376853,191.85924411455923,0.2900081876179013,0.03839589563333855,0.29193549231476196,0.1647772776229441,4.073646441091864,0.590597032770207,0.7519245701788551,0.00739904028153958,0.43548051333878424,0.9066680696979058
run_1180,6.166296378689088,10.049513890084954,2.4087557606032886,325.9689343840181,0.1272276813325236,0.24439083749947083,0.23670539230236265,0.16151648105499114,1.67134268695153,0.5267406915037391,0.6994279220927644,0.0038481448896419495,0.21626695333769952,0.8910505236394833
run_1181,7.4294151836796,6.665506600710064,2.494977116437314,297.7413173637688,0.3409900271224988,0.11597929123707801,0.050352491434926094,0.10628253083023417,2.422581019910499,0.6242765948025389,0.5484217789518382,0.006260767575434202,0.6094926492621724,0.32525868309021894
run_1182,7.47956143609766,9.895565285706184,2.6804311706682973,307.14800350300584,0.2525860166228396,0.014064432970700045,0.14088808229873803,0.11639181718974337,2.7273558019521227,0.20661707703553034,0.6614227227017433,0.005361420991361041,0.12283582316753115,0.5168211139962062
run_1183,6.613867799935161,9.388473490750432,2.4030068373860556,135.2378630472439,0.17317618508301363,0.11128042714004016,0.21839097010107977,0.05625984685163955,2.2959604242783938,0.3670696817525547,0.32228879649020564,0.00792917406269799,0.4913324525138997,0.10183886433364346
run_1184,8.609896515953217,9.794750337196552,2.56306272678546,352.79280323962575,0.3767830671223348,0.10165945559163429,0.03816032685905904,0.1975480487171839,2.4737394664148913,0.23124240795972356,0.6963825098266141,0.002353004982566613,0.7405710084947972,0.23424732149848243
run_1185,8.170230354055853,7.533876202725292,2.6939122645048617,273.7396224392261,0.1864731183410943,0.03604591637401686,0.11025896145149369,0.12873309714241096,1.4555248993933394,0.34082374637483875,0.7556006035591025,0.00862169283105128,0.147905151730447,0.36094374352266384
run_1186,6.520749043629566,9.0236735484658,2.676311936212807,65.82975568170983,0.12219612927091272,0.16169097719004272,0.19394026704817433,0.07532741824111737,1.8560508967151859,0.43358489448544524,0.37789236198852316,0.005323973530087383,0.7983792835937294,0.687060043823703
run_1187,8.450754877684023,8.42766216531084,2.5491910382145284,92.07673336356468,0.16154669890120593,0.280908775532454,0.08853641066176202,0.13979862939582086,4.361049465046172,0.5148645442944999,0.5318666002834768,0.008243373376241352,0.14759470810192857,0.24992090274381354
run_1188,9.02396021498678,6.875602807737447,2.767332247918392,264.1679508903169,0.22315288778161144,0.2172327393177685,0.2714886489398956,0.06287540500762119,3.482894961327217,0.6436594708052621,0.8410513230657974,0.00481881569000005,0.4844256885995192,0.7763214504179332
run_1189,7.850589908753703,10.37913154380401,2.473849359646732,101.34641303221248,0.11015578950183268,0.1799712201598483,0.08109281830687311,0.07094337747941919,4.107315730645529,0.4593034545274752,0.6511777565285304,0.00285785560798474,0.6902306724186038,0.2287815309471596
run_1190,8.69182485510264,10.821048976112799,2.7704266014389267,117.44802629001364,0.20894990676074038,0.25459831204216216,0.1006048458597476,0.012503412561165283,2.915763118915656,0.6251179175020828,0.715813561491768,0.009393490061895021,0.4793608058366451,0.6568156239734666
run_1191,6.930966457136461,9.606240072462295,2.638255031001164,10.370433113461004,0.15866706843917341,0.2694951671196333,0.0327559311479318,0.08100206020047702,1.9752526063148892,0.6228443981100193,0.8053770947774865,0.005549623269732053,0.20501599115931912,0.07786484541056428
run_1192,6.574979979831511,11.394826702694093,2.6678524442714378,83.01673689334608,0.3565625542057532,0.24676328762403277,0.05183391269214433,0.08728946338034504,1.2028290993735582,0.47845115090891527,0.6693643480800702,0.006401353561116783,0.4547676125272111,0.8704605859623464
run_1193,8.137798353841092,9.079036564472418,2.897288774486823,113.32329633047777,0.14314944289327775,0.2564324969079315,0.08437042321390699,0.10285859177942905,3.9874550930092827,0.30687717783701407,0.8548618160822681,0.0057049984451357045,0.7124612654891359,0.8324232364384786
run_1194,7.682939511643784,11.132173694872352,2.4178112904933866,192.89290475111775,0.1410668897878502,0.058769822755692536,0.1030984900036831,0.18193502681530158,4.681201501143533,0.6093920603220149,0.3705254788980832,0.009677936294893167,0.7527932774178878,0.6475920450146505
run_1195,6.315792168351823,8.97140495605305,2.400403895141956,135.63081320494908,0.1767414605373721,0.16356314289153226,0.07656111661029188,0.17197824236163137,1.5395229163472084,0.522545717150446,0.8394823103129101,0.008613946564168199,0.2179895982681107,0.21919329511366845
run_1196,9.01784942319815,9.499252309443019,2.884169149454524,3.6091258073779633,0.18435299965358481,0.07052943128890506,0.12701785406593086,0.19586600213026192,3.1575806848919585,0.32483115345799785,0.8452186770607624,0.002141253811004961,0.4614615406494945,0.37873712843479945
run_1197,9.55307660622851,10.935446202367613,2.651431698797591,89.14333515226049,0.2043520540065082,0.2592494770209894,0.057674632906622864,0.07811575883609242,2.1857332563991227,0.2060785959940542,0.5149724560393532,0.007665183137773385,0.6733006645411621,0.47203338557276914
run_1198,9.228034782247434,11.150568311236889,2.5969524226424032,252.01876065060213,0.29819872623313315,0.1547919827385227,0.13980353718585706,0.17273133284755343,3.1318158139286902,0.6577850711208248,0.3746991619120376,0.006026120194272937,0.7284187034572982,0.46371951783698956
run_1199,8.893313295309667,6.752916196560016,2.775376919971335,90.13627347871588,0.10830331340471488,0.17855392372254372,0.06019248881160026,0.08869892249718857,1.0127404186376616,0.4736069389205135,0.8365327423703692,0.005254601572392286,0.7998494879171348,0.7537545170074853
run_1200,9.975095844175687,11.69568292624708,2.8424368889786367,333.04952917421,0.19058005712966358,0.2636182369887131,0.1908109624907495,0.10547035443548329,2.9406161027305284,0.33790962143462355,0.6597210705466858,0.010707851584824304,0.10705392506635152,0.17321607554901303
run_1201,6.87416164461739,6.157050575432781,2.7915374612833586,107.6111904241312,0.27836437295298533,0.20536406934928797,0.16421321798748995,0.011805207714917814,2.0396575436685556,0.5370228959854948,0.4286983243437069,0.007640962138747479,0.23485061358174955,0.7874931315554407
run_1202,7.250474881549755,11.578045655420498,2.921617572103922,254.21598990965742,0.2928803648441505,0.12399551460617853,0.20929673841844548,0.10229387969162353,2.3172343714473085,0.6338994864097833,0.5143963998044389,0.005175199059466306,0.20734329438847438,0.5277985749940729
run_1203,6.705400167407111,10.195029861717622,2.7084557345006663,345.39041955115005,0.12831178862261572,0.12757990438226333,0.2297239701069831,0.0960313462456767,4.75477065979161,0.31836459551625773,0.654284017116634,0.007112562022876738,0.29677164354088914,0.17480326609921173
run_1204,7.4555099747972555,10.842708186815408,2.7080928281283114,229.1731936156052,0.38187936106276843,0.19503624204004935,0.11289795950964865,0.07420976294421905,3.1438672190697527,0.6836311843082095,0.8458822984477767,0.009648346885391783,0.7509794959254453,0.02867814191505196
run_1205,8.844109833692821,8.865972840317498,2.570860639466307,346.8670414220499,0.23819672253791452,0.13280674073682203,0.32015361743858034,0.07696932889303847,4.008154817246141,0.3985960791298993,0.506035315195144,0.00781978995948473,0.39203371620892713,0.6548570713585585
run_1206,6.046934071551322,6.383216563263286,2.4129940713459215,329.77877374959127,0.29063701527958063,0.23565098379060906,0.1793496345535429,0.06544870607021797,3.4074495328787675,0.6604484225027454,0.6911774296977411,0.006633273324358555,0.5344222303612544,0.645501583354811
run_1207,9.168130791502008,9.004696072729846,2.8115599835956373,142.9180739985565,0.12842027236922543,0.18677521787042922,0.33484396564231816,0.13177110057004113,2.4118781979192816,0.4565266167997619,0.610364497850469,0.004851525079017012,0.19783811582643887,0.9603135205592785
run_1208,7.903118175891008,7.755694798401979,2.8716736781832366,35.202283527849225,0.3927598573861858,0.1812248265793329,0.332287277424664,0.05349924052960804,4.224754223943097,0.3835775155522547,0.8262546252369214,0.00953194679883573,0.5620968685314792,0.323002839692638
run_1209,8.118074804521358,11.978193458414612,2.9036564697751355,244.9524063171716,0.37541565899939333,0.12207015970704639,0.14324472657255677,0.0531746170798,1.5295117539422654,0.5948510668405462,0.606964077683358,0.0056553556870505145,0.480152133711234,0.6399576848879639
run_1210,9.238282069092879,9.472229990517668,2.747933120230245,19.264006226034383,0.38515903985894073,0.0716473697558573,0.0687268656279628,0.1422036965365007,4.592121609767856,0.5464542740345851,0.43473787200944675,0.005004953527581044,0.5802066715658328,0.4025758739492729
run_1211,8.926735268172148,8.750573154747386,2.7389505457384935,43.47473408517666,0.3758848306703284,0.16004987506842425,0.19970122840496152,0.04651003988060375,4.526844150910063,0.24152856010195986,0.43992041088954575,0.011319467628348862,0.5716650952278106,0.28230322473034336
run_1212,9.981974764859036,11.929386293931735,2.93437176095825,29.885611587554408,0.3310161659744938,0.06450738629175384,0.276390665480442,0.1108757993345449,1.8058136599733767,0.5718127675411329,0.7788282340649013,0.005724776194016861,0.45391125836228186,0.8378975468921444
run_1213,8.591691994171011,9.392823094567285,2.8426254092760317,215.55230018829064,0.2870336074587346,0.028782600067792624,0.21698280991653812,0.022281319308866503,2.46653018510293,0.6319204118882303,0.6169002962405539,0.011633236769963251,0.25285535000516557,0.12399008845888143
run_1214,7.588108618860515,7.752734140780623,2.826539668699661,130.3981801828211,0.34846075787039865,0.13424673164836062,0.1687813557233073,0.16114911288093595,1.000533177193956,0.6979521394451516,0.30426072757377176,0.007184911846836066,0.7742265557708546,0.5938512492331808
run_1215,8.399884191803487,10.988505167329308,2.988008088929056,80.52775408155092,0.10707533722021384,0.05364187966410105,0.2141881123435624,0.14817892955367853,2.6088028534585703,0.5146604487399147,0.8206137393519544,0.0012583040912771673,0.3652840439506122,0.04360058179504742
run_1216,7.871751069464399,7.526958048196241,2.691626263053109,30.552204282706164,0.18421264267550558,0.1680733570392719,0.13814129009959333,0.03811557035702296,3.820722007728196,0.6206145505332261,0.5236949759465369,0.010653855403602475,0.2442125980197086,0.435426406673032
run_1217,7.881709551992511,7.1797957919416175,2.86216367507695,179.31686059249563,0.21832883835855296,0.2888292206560994,0.20818658571283655,0.15668050244996937,2.908200923758379,0.6837839155276373,0.625084413077768,0.002391407657500888,0.6024214923724601,0.05036057289643759
run_1218,9.04061319371696,7.244136508132694,2.52555548996297,289.76389825475803,0.13332578473629347,0.1705258124380291,0.3405094579399398,0.19672735639690606,2.637536364286256,0.5922144711308188,0.8862574141456232,0.010599879967667824,0.7863917429526835,0.5103537857275866
run_1219,7.321407684067559,9.674022540155834,2.927395010675303,159.98941927816594,0.11155081200383203,0.2689339024568013,0.0745592634716139,0.015008538670166344,1.1456423806472325,0.3433630531801794,0.45897943019404036,0.0049776526409416235,0.431511074556131,0.33789341971056414
run_1220,7.0304031636235305,6.985915719277676,2.992373066946635,56.351450114223475,0.35471621434135603,0.09825060894658738,0.09690818207532007,0.09955778024013687,4.051817588057468,0.2185795230242913,0.3008721996908173,0.0061649408738060334,0.14944839411114935,0.6369516236584192
run_1221,6.9602620220160425,9.597768951401271,2.5643060619549503,263.24614204410636,0.28542098040112157,0.2257646217846519,0.23311682492315847,0.1280231969726789,2.8078934814596153,0.3697529582877892,0.4529787844534061,0.0067997300791879855,0.6180442169833562,0.09049842093785024
run_1222,9.77112552956079,10.21924740382764,2.603542052907433,166.90810091645983,0.396540171686957,0.048311114575080055,0.03714148478787831,0.09903169820828021,1.8827190753537635,0.5047392703520492,0.7470108255702986,0.0036412069789022662,0.44497826438870114,0.8748649863158908
run_1223,9.7888220725431,11.898038116191527,2.617112949952746,200.5293111989857,0.37010044193205727,0.23885290582403762,0.06377546816685879,0.16047192003871918,3.996334002332212,0.6794590180013208,0.3702165925596007,0.003067431812457391,0.35400656839426525,0.10103953825065272
run_1224,6.944682918274185,11.699431549692473,2.7379223720065635,105.80752958255361,0.15131883368984947,0.013617774851935913,0.04165141112411115,0.06993897006254621,4.2026404522227585,0.4122660506912016,0.5397506800650985,0.010881455496961658,0.7768170832830821,0.46443948625380654
run_1225,7.748252752025235,11.240756672612857,2.4430113512425264,120.35389185549059,0.16105063325224436,0.20828622061953983,0.29222332147067315,0.1762578005654236,2.3981637625031738,0.24085409088472637,0.5481611453775773,0.007811008782879904,0.17755040983760223,0.7079713423213626
run_1226,7.380564512252916,9.318899211682918,2.471364989307993,318.7385876025079,0.1375401807719688,0.24777829176324878,0.22671272305690465,0.07747679216683552,2.3364579779025263,0.6536854545375551,0.749588088176669,0.002186024418582339,0.2898375430680034,0.6276280758501406
run_1227,7.538276494730299,7.187910023147994,2.731882034532789,173.46344651670796,0.2755242036983935,0.14788402104083756,0.06504793414209686,0.16736287600897337,2.5864143259294323,0.6725074233506616,0.4970679230546494,0.0052397498152155575,0.7581245091406342,0.9592428503876781
run_1228,9.255471065742896,10.031087184610628,2.7488528930073874,296.1238024549958,0.3168145721690291,0.2045544989864577,0.26299856912687225,0.18480886491984105,2.007737633560529,0.6014827233272217,0.576403769958516,0.011740658658559666,0.35577619082205814,0.3340678962038768
run_1229,6.160209619365048,10.181751924252318,2.8536378230011565,101.02887116048821,0.3665836434455101,0.14981018677749136,0.19505507459334254,0.09104004377391611,1.874779244831641,0.3926237587231206,0.36740443422603347,0.011005476628164586,0.30157105475075496,0.6252831607565379
run_1230,9.87845304468751,9.041062977265327,2.7989278571147187,315.13274115213693,0.28739296148388904,0.09478341651200335,0.30150956392386224,0.11625316153169328,3.0177244038342117,0.49330141311002823,0.7505444155007328,0.00996564303672106,0.39230433139838516,0.7581273877402226
run_1231,8.294966188050456,9.46779055513423,2.975786548427583,106.28669840932389,0.31265353376112737,0.08293355898999734,0.31388745454062383,0.09962245943312995,3.3722641561687032,0.33533614532334705,0.8106540983733534,0.0030882500191259502,0.7621713050611908,0.9599301506047869
run_1232,7.2412841821349305,10.716559697241724,2.9506097163840863,16.943780223342685,0.3106008359331054,0.2780756279005796,0.20753709151661148,0.175920680913494,3.367263696072012,0.5166686046491098,0.6013972463355002,0.0071727804492838125,0.5747327189789815,0.3013407482146863
run_1233,6.995762838162362,11.932265276138075,2.8380781810965106,272.41944807776133,0.20784945239898153,0.044904064250691295,0.2736609808573093,0.052869457920498714,1.992778138469663,0.3703824259418099,0.794868804548205,0.0111879124524304,0.4853062569859773,0.15918929238355886
run_1234,8.828106163959678,8.683884751396153,2.842998793074702,91.79491076741304,0.3770413907411567,0.18241492199519518,0.20375398094993744,0.040684464038458525,1.2181085726586796,0.43045650999232976,0.5623315923844031,0.003267770224920592,0.35957432945130385,0.8857355059541147
run_1235,7.142744915623689,11.636418221101845,2.8695017230135242,66.2033012695946,0.15609844923029703,0.11237807873414479,0.23634276674860955,0.152747131126702,2.7650210902312207,0.2537435420183022,0.7829206295419859,0.010237836848115887,0.7130178847628966,0.6327711778899391
run_1236,9.432241927584592,6.86126601041421,2.427204853523455,45.907280173102414,0.15117025987418198,0.10904549295160243,0.16301022123161196,0.06413116417488408,4.940790021635419,0.278272837109229,0.8632478863620197,0.010125102429810653,0.25934780824228376,0.12239374384783247
run_1237,9.621230480359873,7.8870965243549325,2.836194125171567,351.5913749046433,0.14995318304543873,0.14686489869284108,0.23831830116107108,0.05079803375353529,4.626528093651732,0.36137337203254055,0.8324821211859017,0.01011280048622168,0.6927684198209086,0.7093387296631197
run_1238,8.121560642737641,11.028479613791443,2.520291935494875,189.21071803540013,0.17486174797395315,0.2859886339014401,0.22428588056022947,0.1355758433172664,0.9941065327497574,0.2454062064015155,0.49313128507154397,0.009983791687442796,0.2389495833365282,0.6608617936042289
run_1239,9.864687915951423,9.007634878168478,2.7176563078378484,159.119762739885,0.21455943410288952,0.018185386400636508,0.28735063634566904,0.16987254816955968,3.4909112359996657,0.2972502689054437,0.6097245399281217,0.0084055979900336,0.6951320784067425,0.9790601645548697
run_1240,8.082108001310608,8.897876899452742,2.5271385018591253,52.53916246847892,0.12658414693214462,0.17224839338545198,0.30679082182111395,0.12361804724033419,1.300634651692807,0.5824311059515048,0.8236588309425177,0.006338069627472973,0.5753878873552466,0.05725167894947004
run_1241,8.739157558339747,11.295809168692248,2.8086222579242084,232.59709396772578,0.20038949244527465,0.026459280298235327,0.05215371493277928,0.09431380022154494,1.6023463998508374,0.36179926943439455,0.8363549219293169,0.010514741543049998,0.3874407005095969,0.7126570804191998
run_1242,6.156795822240836,7.260071282159948,2.9047363790856684,159.41737802392174,0.11536525512237662,0.0964158802958867,0.3408058695618823,0.1983942691305211,1.963390906856112,0.5825386740469554,0.30935942133177025,0.0021929164327861217,0.5827036093274075,0.9631182273671333
run_1243,8.13501790708488,7.2022643581848005,2.963013569875246,132.00979051341503,0.3123630544000937,0.12044282342702725,0.24259873875493804,0.0931507137814319,2.9572542444955943,0.38776101589446954,0.7421982617940591,0.01024965532786145,0.6832197091129639,0.2527808642330314
run_1244,8.337774390103736,7.539656298941785,2.639085878239776,302.6621067998059,0.22456563035026866,0.18492278560865644,0.19752371072580768,0.179572757910583,1.9447331350992305,0.46751769880129285,0.30555540338192877,0.009480886478055853,0.3748966950939219,0.8683420350741685
run_1245,7.7856350288463325,10.529493142030855,2.6540462233679,187.14044861989572,0.35330790696764613,0.2015687183992943,0.027357011360049123,0.01850937348821582,3.43099374953006,0.49353102730171966,0.36568355333826186,0.0023021825775261903,0.26883248470349264,0.4911488437859948
run_1246,9.644397686850361,7.498769126095589,2.7829959779740077,349.32806070876666,0.2785647857993384,0.2074394478358039,0.17233418468589015,0.14641839536892365,3.103808536426162,0.44573485143891983,0.48681873854450675,0.004025432192049626,0.2155926281316582,0.8927109300979063
run_1247,9.810678372173609,10.037708819841562,2.7624574057969036,331.69498078287916,0.10450656790331818,0.17932645068244987,0.13507337828236232,0.09250319417325883,0.8038994835026658,0.5724092682080457,0.30276561217357834,0.0019173307655930049,0.18331299993980532,0.9203522581806762
run_1248,9.06874655668104,6.39714339888123,2.4388587665273502,227.04203511645014,0.300438463458426,0.18260524456915556,0.31253400087435823,0.017922370396233088,1.828155892567156,0.634732281708217,0.5900520904862452,0.008647163127763282,0.744025489137654,0.08598712972571441
run_1249,8.890911929605876,10.034243815700972,2.4937314780283546,253.66506167560792,0.3131896820301746,0.23783489155931636,0.2530234249367848,0.063478101984752,1.0467298865487724,0.3711845553786569,0.39422361883169926,0.007832194164278891,0.25221235930342456,0.7488783769354849
run_1250,9.009089559489004,7.4821112741345805,2.817567098044764,218.59776497366244,0.21979880687302383,0.24219628065044876,0.12385708515685881,0.131577143808765,3.9168498002593575,0.38672718438216624,0.8904545583386738,0.0013288341822778127,0.16839364724552794,0.7798263451365487
run_1251,8.372780440346755,10.946197746455177,2.9485293108984147,75.59852431316155,0.31894383183135744,0.05555517354003599,0.3133622614296928,0.18750757019559597,1.7016946886403808,0.6743914476002915,0.560439876981683,0.007097281714315834,0.692920106648015,0.9800615309883378
run_1252,8.879157824434682,7.471902597376204,2.85639701159433,346.54404478523867,0.31012212076340134,0.21108004844553796,0.2420762339660446,0.0970427342715721,2.0290997560835438,0.29770273654642043,0.6010389375641536,0.00935029668352438,0.5672685399680398,0.8414107386729345
run_1253,9.27339134044022,9.547954980649083,2.64521250679226,174.39544460696237,0.23887098563961234,0.24739683665857817,0.2645994162792984,0.027179763308004798,3.9302842912291824,0.598716376451167,0.33979119299962895,0.004517798903876335,0.24976076135593112,0.909970083286907
run_1254,6.504236796219485,6.417337055731079,2.984999226337436,262.5045832626436,0.32528594814886924,0.27349252946139796,0.32206957111127504,0.11520142156023983,4.7908123735398735,0.6894071296227365,0.8294251593091913,0.004913254010439657,0.32640319897178327,0.8766638875525696
run_1255,7.107059826209241,10.559467195481908,2.6716235057241633,191.19684098941457,0.12046168008074995,0.0254381990953098,0.08043724590980374,0.13292897823842492,2.350604829981547,0.5531475769542014,0.4118419301554027,0.006054612321824526,0.5240586651597986,0.038832368593778886
run_1256,6.913661983120519,11.040006702146263,2.560843184593191,115.3674049646385,0.16726513691858094,0.29736862682442305,0.22573368552006037,0.10856401207422024,4.063168183175182,0.6011107402771839,0.43952679730466915,0.0010696234292471678,0.6389822180348333,0.3815273964443677
run_1257,6.667716401623981,10.894574843997356,2.4319365968616453,187.87732425662736,0.2487733872951943,0.16223359486231087,0.15466363226661747,0.12214672797797035,1.9826317563686482,0.30971831030715835,0.4989898142914664,0.010903230585762671,0.3372876715163603,0.4017320138449976
run_1258,8.737495983467735,9.69418423772088,2.5762952030967483,72.96003858271267,0.15626222449556038,0.02765454103849819,0.30873477592378945,0.17100559065827622,4.630251540747332,0.639451824753153,0.30695552499014533,0.009229773440651044,0.4339102080463585,0.07414508634478753
run_1259,6.203174737469927,8.862322707077603,2.6520125614445376,236.7375021142272,0.2625165040621248,0.09978026396171068,0.33030840523505817,0.1725544667478217,2.826500926136778,0.3350837149583862,0.525541233288126,0.007593705598357925,0.7499642049580398,0.7310643235893158
run_1260,8.17250264229687,8.157152642239154,2.4145489788741394,144.92020564745957,0.36457557695290177,0.04854349259087443,0.3071792442550802,0.09005341158221977,3.432491709537169,0.24680045075342488,0.5870839777587173,0.011721035358911457,0.5518191197560414,0.28007624947485976
run_1261,7.097596200386929,6.972795183238956,2.8687224361803034,264.3505880207269,0.2981098695624372,0.15354166839914135,0.3117550757163766,0.1780359497681229,3.699814583741701,0.4920653754693527,0.41243624550269603,0.002021772630737561,0.2762808314918861,0.6692686734201891
run_1262,6.370972574511421,6.001006361193479,2.6971234433856486,198.0932969016492,0.26974090896780445,0.11378146099927025,0.33087213432527646,0.11465983737456258,1.4639158790735958,0.257353459386028,0.30100981671644156,0.004792201653730172,0.1560250053773718,0.006289202215691128
run_1263,6.391146063093163,11.466320956512684,2.821018527923712,70.65915323116965,0.35211067733282253,0.21339946855546746,0.21743226692401474,0.020138450722625746,3.7630879508503625,0.5487451348401753,0.350406479216521,0.009978420891348573,0.21287884137884922,0.15154106196544584
run_1264,7.723296625202019,11.730615007321035,2.6184834570561657,353.79412263318204,0.1549338052153812,0.06539496213379906,0.24401740130143457,0.1745383366056224,2.014174945746845,0.43539910323178876,0.8503366792519456,0.004309776457235971,0.7727553739333515,0.9016393968754636
run_1265,8.14009326674361,6.730574244385201,2.516407030496172,165.5080460292647,0.3847567866863706,0.19854725152122585,0.3094579121384455,0.144276535881858,3.225031055164127,0.6514094092354668,0.33878940202647234,0.0045582855607199015,0.6674548554080114,0.25734811217772874
run_1266,6.559456328327252,11.034919534606942,2.6696355164511836,99.36689698153994,0.35170139814494306,0.24062857544086153,0.30427226952042563,0.17329749144164214,1.2855657407640322,0.24320931900086346,0.4818200856418572,0.010009051739935746,0.7992571565769715,0.09865849705895365
run_1267,9.589068016016864,10.942376562437369,2.7194461275961035,175.3697662380999,0.27397500809185527,0.13152663150322713,0.06051372912516923,0.08812468753056009,1.0416642386751986,0.3073155151237994,0.588437745634965,0.00860428527293686,0.6031382527073023,0.5928291634701948
run_1268,8.672107632349496,6.077241426467557,2.800377196115221,248.79991969356283,0.3247953487491061,0.02190644142001647,0.08264800069597611,0.15629702224003764,2.814679622664271,0.6718729366355661,0.6906200825760328,0.0011846727722075723,0.12200254340971464,0.21483512723137682
run_1269,6.963213576380079,6.025250604558523,2.441917649852673,262.88094360236875,0.1570137931201651,0.029223559099279206,0.03610661995723514,0.045223254634223053,4.6413172132054035,0.6971825823424099,0.7849260591619485,0.011992848638916469,0.2186264091774784,0.5788401686297195
run_1270,6.599575938678577,8.685321978694791,2.7464201513656086,310.14460382728157,0.2904261481282413,0.2103579455798477,0.32344890657836056,0.07515257404383772,2.5790492651669243,0.6224700076826734,0.6990379416745515,0.011911747456233513,0.11809513722396474,0.6904300566398786
run_1271,9.58262946890816,11.824463034807021,2.6733181981281455,33.05408746300549,0.16974388763597495,0.2592895594358367,0.22884333114442768,0.02350639364600178,1.8869051089986455,0.5545654547096608,0.8192486802881551,0.0035080026039484248,0.5104892235587959,0.26458509968617056
run_1272,8.261575123662075,6.387652476046218,2.972741624274892,52.94220463688224,0.12602864223296303,0.01921782211889809,0.15193950894135372,0.08546994852381967,4.236395318653874,0.6801909832196977,0.3601661528957392,0.0045344680311156325,0.3762671374543193,0.6664017583599904
run_1273,6.209188496146555,9.339453803823005,2.9695360662968735,59.23871208408153,0.1040151208834065,0.28152121401619323,0.15751868236373076,0.07123694609630592,4.04516256351907,0.3787128200471016,0.5878441798829485,0.0075992367520723815,0.42947978087892436,0.3365848759333627
run_1274,6.241960005906613,10.399629191334888,2.8831521889224567,182.0303542420824,0.3893387920102038,0.2765961269867158,0.22637235929993443,0.08119944626665647,1.6006253230049623,0.42815899755493203,0.6483239736954343,0.00989857460107979,0.660318092457969,0.5707357570475454
run_1275,8.771058352301928,7.4260845974176055,2.6612312831595784,114.79931490762417,0.19258763356483458,0.2597926940458978,0.22930681509303646,0.02475913283641744,4.409725012978009,0.504822217590066,0.5442361453876182,0.009388508445584587,0.43704689834693855,0.01873014304693069
run_1276,6.770173325576453,7.096203822977403,2.7518129021788043,237.74498196444003,0.11684725787059677,0.17170816817946663,0.2962267049757009,0.11089895692456435,3.3381875116511575,0.27884903076712353,0.8795695442442424,0.004156480455974099,0.44822498600161986,0.552536427876956
run_1277,8.443695135147545,11.224553021404535,2.9785700782905615,158.5215412002672,0.1486693404021473,0.2634595953208813,0.14648822573252304,0.036744462314255384,3.8433130607889687,0.6193247591426745,0.4749450714587946,0.007845430359706043,0.7121006830652709,0.34929947176803344
run_1278,9.57407388073215,11.681357017217827,2.4746475733911075,69.31001929029136,0.15910751153727848,0.11365336065610766,0.2808124639099979,0.06743417446210234,2.14086634699639,0.6368753279633854,0.4020094885316645,0.004562984363871625,0.7531794276926614,0.7419971629458202
run_1279,7.946742779786183,9.070041966069903,2.644573888137165,318.7933267746949,0.3088369247341517,0.11661383912205327,0.25879625952859786,0.02064068022762871,3.6970163414970605,0.3061456374744302,0.5725494367280168,0.0019438326894933547,0.1403922268500709,0.4948251877051075
run_1280,8.52552011030211,6.678216015294613,2.6457216514560087,60.570675825699475,0.2501556778984084,0.10984472101182255,0.33791205093387416,0.07242289391710716,4.301470874293652,0.46705937065750075,0.7381761768505308,0.011777761490845383,0.15037084370329268,0.9635166280576931
run_1281,7.093544082066316,8.119517198809099,2.9546656169184464,211.20354834959622,0.38014136868246295,0.029028689028256595,0.1347641384686457,0.054352699465057434,1.4236774449319505,0.6349468878294249,0.4836826960515539,0.0032504431722981952,0.19053053273751916,0.05473203746438357
run_1282,7.629519973419082,10.47335867027724,2.464810437856227,347.44447079572916,0.10538666699191124,0.2641216178058102,0.32270154282671565,0.12464320844121524,1.2143920094926315,0.2257653591296431,0.6006680389835211,0.010825151269143844,0.3532226531943866,0.2695355928188315
run_1283,6.819210533265784,9.813296193000348,2.6200706841212975,339.3438218957234,0.1894126429151099,0.2439501567782489,0.12781214452464568,0.03260515626163243,1.26870055407664,0.6125944975198265,0.4421210863056524,0.003750674235907611,0.5616778940326785,0.9535564169602436
run_1284,6.442796964203287,10.071070255178492,2.4021375583106392,318.04123312710976,0.3725528341036062,0.050955423075962875,0.03037549416567183,0.1016027675636909,2.869240109981754,0.6351683319045859,0.4355918909929247,0.010689477950611568,0.7350099628869943,0.4625684425465642
run_1285,9.743995306805768,11.26437607867864,2.6706980796853794,248.70894568122233,0.10342874457189197,0.2862131192657576,0.19942134466301598,0.17695348831738233,1.4764969114984856,0.6581712905831887,0.40135898441449935,0.004240604647012204,0.7849541349263017,0.766819805229691
run_1286,7.50826930077152,7.7857123635877175,2.6907265244115726,251.20361295421546,0.31973480477427646,0.023177838350077085,0.31672598025667553,0.06786798347524765,3.6151402648440323,0.49573510727769066,0.7862799881878921,0.010968207698074654,0.32577848147742483,0.44380020824314703
run_1287,6.918698760369602,9.67637397669313,2.4207330726466645,149.25017022990437,0.1523200977159746,0.28540175625070885,0.13926228073230593,0.034611626308727814,4.662761153004897,0.6752060221912097,0.6529325303747747,0.002250337995435879,0.25005462882846796,0.009013499258937156
run_1288,9.723541347497385,7.8782659424348065,2.4532724457727424,316.7999002503301,0.23206850663899753,0.21798389854944197,0.18232122845510362,0.17135364649234533,4.2480023282974795,0.5327682966101734,0.4858303935627224,0.010040506578444151,0.47978539948422905,0.8899395432638165
run_1289,9.419805034321973,6.004394972718599,2.587312534731658,41.48802734986954,0.3578606511929332,0.09565689097896471,0.21805158680017012,0.08856316181322763,4.155551078611214,0.29570358092349314,0.7061761272818836,0.007245589801734639,0.3446971197385008,0.07708962033655993
run_1290,6.416510486287905,7.910977771794194,2.919340288191973,23.50863016344806,0.2531902543368214,0.20027959679075277,0.23752115283307695,0.12205103748947949,4.741855019986214,0.5484342378424796,0.4596854916455996,0.003766730719283883,0.11352377908852972,0.7098061831636542
run_1291,7.407094874981583,9.774572882274992,2.427768214583479,128.43247572791867,0.2862666523765345,0.2562116899655239,0.25576749244997987,0.19158297584026232,3.280182823849935,0.20957825055831317,0.36691226831024426,0.004150611552732932,0.49227108990758395,0.16855740876818082
run_1292,9.311160251216748,9.010886526887692,2.8059736993930846,250.08654138116952,0.1966983892600349,0.20235731021480485,0.1784961376392762,0.10555799852383344,3.073817936748112,0.35711561742959935,0.7773654518543165,0.0077956952344356385,0.3648158265201449,0.32817474192323476
run_1293,7.571685492272239,11.101857749026749,2.832237559129141,51.002703677820975,0.2046831453977626,0.03893506569115764,0.16400312041572246,0.12287580083292655,2.2810784423195054,0.28226428421974653,0.3480960364778241,0.00988057945700805,0.78311889664112,0.4779717087981706
run_1294,6.55344482476658,7.85358945393346,2.8075892325666776,88.25353593493453,0.10379619489636803,0.07665386586774223,0.22381736023977486,0.15760940670086884,1.3743437488910786,0.5316224795309424,0.47630961094832447,0.001928072927120677,0.28445714893760643,0.16523143824445063
run_1295,9.700875846736846,11.393976617728896,2.625245447765509,15.055808046872396,0.1106551028886222,0.10523958994852836,0.04282571542190938,0.03394093508559043,4.282889671851096,0.2731703980561324,0.697609692323854,0.00714627033743516,0.7016648928179255,0.864958402476004
run_1296,7.712418904158965,6.314162740864611,2.8311579992007028,172.46741033869506,0.1136726165712965,0.14965432912366117,0.11507080428014774,0.01711147160606209,3.0405910045536526,0.6216648086890547,0.8398514790424167,0.00940233558504593,0.5309402275731261,0.664138778261116
run_1297,7.678056150997772,11.863798280728503,2.476564281701757,77.62658400526675,0.25975168757241374,0.053677825788574635,0.17185391913876089,0.18641354912208286,3.5132668510755947,0.3188209827390388,0.8010562180116192,0.0032011371571506416,0.1445424836185024,0.8546242627657079
run_1298,6.374141083630453,7.7732576661542145,2.8414862319762477,191.51442692574608,0.34284419776097563,0.20844023743714407,0.3165518158263912,0.19478947693347154,2.852950781879417,0.46642459709366296,0.5008480195666706,0.005109421012362216,0.520127226358113,0.3854300970931702
run_1299,9.787275532112684,8.545333722254426,2.602338521270614,260.310485876384,0.34526017423542393,0.2528604328513446,0.17348853376656878,0.038842745093489256,3.6070775640289527,0.2616479273762604,0.7736877836314155,0.003540636927014104,0.3149565734827221,0.7934487091079441
run_1300,6.55435184977601,6.269080463994591,2.7365072329890334,100.78186553493718,0.38139801049277755,0.13783848315177544,0.1706267545027272,0.04401760423086889,4.691170670332127,0.2154922729840486,0.40855235981396093,0.006583785406052228,0.7057782910318918,0.5063845948128027
run_1301,6.142222114604217,11.007375152883725,2.895098913234174,38.85047751951333,0.3676928276215523,0.14815075427610694,0.23857832509295046,0.15109590654985283,0.8459015191837632,0.20352551104177324,0.3991611522278449,0.005692627467800277,0.6918319268370103,0.3848197094064903
run_1302,9.057970438104606,8.847844545805692,2.7161761647089304,110.27910855761523,0.30838273769790425,0.12299139986062722,0.1014334529366894,0.14084406803931007,4.6731324142172825,0.2650896810102483,0.8491951036079877,0.007863845088627577,0.36794536095256447,0.8904772701742049
run_1303,9.317062265209753,8.290607763069811,2.8031463835388206,219.27883290653355,0.3053943685987135,0.26163886676659837,0.2672995398557302,0.16007271722424504,0.9485497323349236,0.3517041410461119,0.8917366680636656,0.0018128705354951578,0.6225958865475595,0.6443478451147581
run_1304,7.739018137979528,6.103411467705209,2.528007706035769,10.847084468207456,0.33014618905956494,0.01728468240090792,0.04033903792365896,0.03513128268223531,1.8637572740972608,0.3258208663595954,0.7513868894276834,0.011134095071203883,0.7754427151082723,0.2666601847718393
run_1305,8.09384615050153,9.609028463517358,2.876656878726849,46.73106388869869,0.3867643329050653,0.2558778545717323,0.341335101346988,0.08165675801928983,3.109628826526376,0.48318403586445513,0.31796963817291884,0.011046676970007073,0.2645205653898238,0.9563099455086583
run_1306,6.7224453233919075,6.457614888186,2.700465120094706,230.0716852300794,0.267995977081964,0.17865459145761464,0.24462115362661493,0.042741642917407514,1.4511956466029865,0.2781650351620566,0.7686066907934742,0.010421850039253944,0.7218562268757241,0.9423296986400882
run_1307,6.356375664907966,11.975413169753207,2.4792804145307783,67.65675279353846,0.3587191591709882,0.21002742665760962,0.29495379421939233,0.12240975427886264,3.7555212632282826,0.567681971831526,0.399475386640757,0.009683145821533786,0.3501530439012358,0.6173383879896508
run_1308,6.178802304577933,6.416377215334347,2.5694872291442445,1.3153581626761508,0.13614672903990915,0.09540923620141042,0.19296807860458487,0.012659374769629677,4.02164237084603,0.5258500488666658,0.5205547823115477,0.009330107364064002,0.7827260363409451,0.546672405278476
run_1309,9.461187998250217,11.056331374205937,2.8169166531365657,267.06012382678847,0.17228767138551676,0.03540670106192584,0.12049331174061673,0.057217375081184046,4.069154506469351,0.32288123682993264,0.3557083403398385,0.008773183410437965,0.7843170719281329,0.9437564946347411
run_1310,8.039266144885188,9.123765746042809,2.8469425634867807,24.912096059121815,0.16183995633095907,0.27531095590635,0.048618448857231475,0.14445015351621676,2.7359534250780837,0.6824190231289151,0.35807810818561975,0.0013917322343161705,0.5208513732034806,0.7752752192634315
run_1311,9.165362455102658,7.340987815898325,2.8133939339727108,305.0567196793675,0.18893249640912474,0.03231265994343097,0.15880205481108917,0.026092481744294085,1.1716059785701818,0.6238515161870499,0.5930562544217899,0.009484425258458558,0.5560536106491164,0.7347389973183898
run_1312,9.525931623973275,8.662957025394963,2.450498730552349,336.73957238076565,0.14875533261445623,0.2923983324138058,0.15190907331265427,0.03778364621436177,3.9359800017888604,0.645636002205737,0.8388215487480679,0.004427039373078939,0.5591513639743966,0.9859600259163278
run_1313,9.949375382005138,11.038175602013197,2.6998195214057055,292.2711042420495,0.25225733491798347,0.13248043690107625,0.13796931759163356,0.019895961882844454,3.771293286460253,0.2959418617719548,0.6329354425476149,0.0033434419177577387,0.2542271132766214,0.8580817643333043
run_1314,7.061043963995646,9.889628342867418,2.755528973592722,248.140637746705,0.3785882722124154,0.09925846526224039,0.23509594616780627,0.18089995599452277,1.788662695628345,0.3135694329909432,0.79128790508397,0.006195002408302368,0.31591434326051887,0.987688481200106
run_1315,9.490393103579196,7.576125950267987,2.4423046157754524,334.7970585495277,0.25659764952591246,0.1843624991875483,0.13155670869043248,0.17903478151149166,4.922734258677538,0.5742243910228042,0.8031247985391763,0.008518335423842067,0.500509058625272,0.11930774961687136
run_1316,9.07866512157438,7.0707070910351675,2.7471188759041683,298.2712664988288,0.1554220898778736,0.26933111024256057,0.13572184366948026,0.04233989344969799,1.8425585522096624,0.5111027022127785,0.5229424109483465,0.007827639132712304,0.6067314579758212,0.7120430439798103
run_1317,7.987568078762834,9.533504514915627,2.918100882651281,322.7015849949985,0.2439849859962011,0.04399350895442395,0.0900280810166528,0.178714228681613,3.2622707812320417,0.21673287441488576,0.34187139266463323,0.007504608219291764,0.30960200470365346,0.6570344894882849
run_1318,8.448730226041095,7.086470831098265,2.4534282166412456,4.692566640422072,0.28198778280754466,0.252540492494291,0.060290298449436,0.1640405826234092,2.7419295267641637,0.4279035565475015,0.4256096329407681,0.003857435877779983,0.3989765327016578,0.16125756632907876
run_1319,7.2634642828438185,10.079737790775962,2.667043273173861,97.30487365078027,0.3916837116181938,0.13429926037231626,0.03818691944442197,0.1303164412337424,4.173372027549003,0.6896902108248653,0.3903194796163302,0.0027678764330256603,0.7482981382883267,0.3919428934728237
run_1320,9.680726158095284,9.24789315065279,2.9575649811074465,248.4572108341784,0.17518055086851875,0.20656934204044142,0.18947059901151184,0.1478241959211018,3.165517913710149,0.2387121836299163,0.5351132250682817,0.009030575236918314,0.7915959551283738,0.7850421944056772
run_1321,6.6433431959321725,6.726912613740369,2.43087248451167,325.6845711367794,0.30356358080803525,0.25511449572081696,0.03582865525652894,0.023889610126090862,3.6377032766088195,0.6959705768597695,0.577000289538937,0.0036033443928465327,0.19283682759142412,0.29234184656742984
run_1322,7.965197444036718,9.564119885830394,2.9833279629237666,358.8284691041223,0.3368519725461697,0.02272671414337507,0.12438533525211545,0.1049278110616484,3.0980024887793,0.6245083248392309,0.4912037098977591,0.0015482779776471323,0.3256108218115309,0.8309551435379916
run_1323,6.076152559483356,10.50261399593176,2.595436288882777,78.04774887756886,0.1809798664580451,0.0917375161232244,0.24215954503491555,0.19382203110834448,4.857271421979962,0.5292727260955075,0.776974619566102,0.010983224055484051,0.7673350000735082,0.8179662477757371
run_1324,6.817387774331416,8.607573337517348,2.6602002505643494,23.17705927187933,0.39104212352851453,0.08080236593839596,0.0996292850284301,0.04110863761657195,3.9230802141305468,0.6673396594455108,0.8774623802370767,0.007931043592067345,0.6574366811632344,0.8326474826409014
run_1325,7.046649736587816,7.04899226243689,2.4596514949024533,90.59490754417075,0.1246226464970381,0.2776934564590445,0.1365356929631967,0.0561483963093752,1.809435959068664,0.6920613430797651,0.518576743821088,0.006578471264198424,0.7165916925025925,0.4269968408767317
run_1326,7.586793019870687,11.365197250934683,2.629911733595166,236.65172658556168,0.21567833935745329,0.21176931730836956,0.2478261119647899,0.10655694612088425,1.7504262512889153,0.4635800932883398,0.3394275067931964,0.006084691088766311,0.3115230038159283,0.034957030511816534
run_1327,7.384179477821289,10.561994753861754,2.8823325921109237,231.16107665561833,0.23916531671693614,0.18733561340463584,0.22236916996199593,0.164156820681177,3.8574696633474854,0.22323954895565906,0.3026714578316579,0.011488472319441532,0.1541355185072079,0.6343447727999496
run_1328,6.917139816509123,8.981301231230276,2.7329811776526167,348.1071907449684,0.3798726780437043,0.02445409451860398,0.17918845129183997,0.17650031380675665,2.3961633376779394,0.2479345992476176,0.7070494802048962,0.0022228437306084877,0.5667281916367138,0.10597637299209538
run_1329,7.744424385337667,9.909853971084438,2.553006810491478,316.45110480847876,0.1383123627559562,0.014540526912430811,0.09610845514110214,0.07955059561727974,4.163039101467081,0.6566686121684162,0.6734971525524271,0.0035982745262926265,0.24891609813831983,0.8365940614110684
run_1330,7.225625990747387,11.826553796196457,2.4734954149169233,92.41428359201404,0.21199047213981329,0.07636192952440535,0.048004589405335404,0.01387375880881109,1.1692148061284902,0.48379872327899964,0.7169316725099308,0.00563244665403027,0.5533510238094451,0.0704832997921465
run_1331,7.028237855159625,11.10663193460972,2.894461179825173,9.394345610600574,0.17791261701563876,0.07597595977430127,0.09955838777717241,0.15648312808656056,4.853621248308004,0.531426515690651,0.637917530032821,0.0066848456411288375,0.6483332665445247,0.23655337568770254
run_1332,6.943715913082777,6.185433043036819,2.535099647744139,331.95913181770226,0.3662751678262023,0.26270148329113036,0.13421915656952796,0.06627709268763966,4.550971241320281,0.28948286951494917,0.7609929316992045,0.0058261132480853005,0.10259806503859621,0.4844504642229632
run_1333,7.852922683510796,11.701003540700722,2.7832915214742706,34.10986693602949,0.1577061150367534,0.06105877746057856,0.17196512892641286,0.1285076289798671,2.5389168494056573,0.30183376711908494,0.5489160529675382,0.011820470358053434,0.6785634317901714,0.5689882208720364
run_1334,9.802746817985978,8.885529495117341,2.63315506214668,274.02467678466456,0.14230945157605457,0.1962279112099959,0.030847201929861883,0.03436651638478193,1.9804022970664061,0.580191924248957,0.518075131078746,0.00885004061671928,0.5166741220015714,0.21247620236930265
run_1335,9.105440169535122,6.455019754057071,2.972499641556604,128.61511196027206,0.2610269214510158,0.07861304246355877,0.2633422572214935,0.13495610558955035,1.5720281296598597,0.3811454074881133,0.835033229276049,0.003878173942573587,0.27676918165868525,0.5008654944187209
run_1336,8.703792509560715,7.726713624231982,2.4817359852003547,329.71895935127293,0.3775164256339053,0.018004167182697463,0.1801072796140656,0.10372224392636162,4.42661444336092,0.5526157775668059,0.7081212758713729,0.003283096025202011,0.7298246156769888,0.18842131128866094
run_1337,6.769639886197553,8.318520397744429,2.803818439537783,202.17718993367515,0.23517628508105204,0.2797231371397725,0.2617469593705791,0.19527829319866274,3.3794208929037035,0.6529437945730172,0.7963528002689283,0.003438356630137348,0.4328859322470806,0.08094478724453501
run_1338,9.076215613691986,8.247232755100217,2.752822917049553,59.57912971942107,0.3386168501840868,0.03353476944077632,0.14909771728558938,0.187169197087306,2.537197821630847,0.46699285195188367,0.8680661936016205,0.010636288331500845,0.5012959185107726,0.28054405635729857
run_1339,8.421181991508142,10.486959941672694,2.8514677851592203,30.175543636375103,0.17419945202649675,0.08759725007803333,0.0640130137841899,0.015317916641853434,2.964893661537851,0.5833391928832274,0.5314545771335728,0.011926867167507241,0.1902090325290993,0.5493876627052408
run_1340,7.960949098261484,8.423947560190538,2.404278334687059,137.10593015857967,0.26838597528231467,0.1064935774313129,0.15512815406455674,0.08553604824849476,2.0312676041641256,0.5805324259144826,0.40455736481842075,0.003483621467481058,0.7327170001010218,0.08622757981939627
run_1341,6.312813672853364,8.614740229868875,2.8793563852319064,309.5508411967868,0.23619786227357242,0.1678587248786664,0.17944312666629855,0.08837920744570547,3.3700264167275824,0.20748613386736814,0.7229111066136387,0.011201637612660072,0.49000656835108714,0.5694971254177367
run_1342,9.488038265815455,9.738432999974211,2.4901527988223773,221.0542304004348,0.15990579110010142,0.12803090409288007,0.08719227524227097,0.04325029391645134,2.561521480686544,0.5881616454080902,0.6300194027758981,0.008857462017431105,0.20772655726802558,0.22397025644726337
run_1343,9.003702083580556,9.448934329679037,2.8708736303842595,126.08235879580435,0.3211279618008209,0.02087305484677633,0.202313318628675,0.1521601613124128,4.714911396077603,0.4718107551948231,0.8769290391962079,0.0034359864088514113,0.4557499696490753,0.3325454852358026
run_1344,7.926561587371923,7.93471024526551,2.5993158107067362,305.4960214363438,0.3983087707320542,0.15896828848092256,0.2684509330140234,0.06552523263918872,3.445592206878225,0.4276125794694708,0.7207235988200535,0.01035328430975271,0.5701621341814154,0.022783333552655806
run_1345,7.624245189824691,9.087625123597464,2.987158568440245,14.305306193050809,0.3681705478269114,0.1254599588362293,0.31375130028036835,0.07854083038106546,4.231288743928889,0.26586789532816074,0.7320942233492613,0.0056176944096446935,0.6616040838917061,0.15243860307486293
run_1346,8.055396300789404,10.363667178838245,2.639140931358411,337.518363617579,0.11785696298469887,0.16513546176391666,0.2908018657431688,0.05242102327271843,1.544152337968781,0.5495743003776001,0.8727641951134144,0.001585772694044669,0.6790551955066806,0.1565197146554742
run_1347,7.937519943440421,6.0815887207713475,2.487386454589693,288.51478382938893,0.3776610262460923,0.08774097335736165,0.03592333049390428,0.11676795650954341,2.366306691884705,0.4973292003854503,0.33836781899544627,0.0018298767641675344,0.4197599021865661,0.6014973110556121
run_1348,6.262557033194368,9.469379379020475,2.971476547755236,38.24215510527678,0.14169188681906847,0.21632474906463026,0.11722111174410038,0.14057751679120103,3.5229881109769243,0.47409455713542203,0.6490837924792036,0.006700271716815428,0.38792757527191013,0.3771425165176705
run_1349,7.756841427765081,6.344519869359473,2.4381941193434464,277.238891533944,0.1932901188898066,0.10894655571368139,0.19630905518089786,0.16607410797471103,2.570506529918557,0.5876463003034368,0.4350786480536704,0.003074055225842439,0.1490036269971954,0.047208037467984354
run_1350,6.798591452142993,8.804244900977647,2.9060129860883444,348.3268615031575,0.31474026341445216,0.19417574707660792,0.14735427801763748,0.07457926592492967,1.0516428024131628,0.32011823313257437,0.387275840835733,0.0024171087125941827,0.6918548142115524,0.27060289143164984
run_1351,6.76247881717416,8.024594655901678,2.740390632268025,106.79749416516829,0.36369675621441355,0.020377073408808462,0.1031741041592513,0.11534717771834453,2.6628968553887176,0.4777013695938697,0.5438432678329969,0.0093754251022268,0.4118740603711939,0.24869812750280318
run_1352,7.492498422109406,6.169900777181746,2.608538024719208,249.9152513155353,0.31936002476001907,0.01714091344744867,0.20053678307370737,0.1555702229606993,0.9887502891394487,0.3912833183518167,0.49732173026517446,0.005713520932129113,0.36096507222388097,0.6534400013512005
run_1353,8.731367826994822,9.280279397269197,2.737682566128539,238.35083729598554,0.33539766905568696,0.13176904966798741,0.3110749363379434,0.044220184459981174,1.7473284091217396,0.213401263916273,0.6309226605839546,0.001868802167972093,0.1512131580792371,0.6611090076275788
run_1354,7.949149717238716,8.063967076572244,2.596293889451919,184.9783384363432,0.1920772280567961,0.016067219227405206,0.1340750108409274,0.06897719800469981,1.9098833935739015,0.38625740266008585,0.3369723543906395,0.00853199043493207,0.3843651036265816,0.4764163362792267
run_1355,7.78910715284997,9.668565301038281,2.8181749253654305,238.66035529752733,0.22230900832650224,0.05231193481749954,0.3335632313538139,0.1846226225586008,4.659543772777208,0.3740735912215228,0.8581748999213559,0.008009315061442293,0.6582418256049261,0.07899999038024172
run_1356,9.166365502911962,8.14657367652447,2.601878607919065,134.0381779014257,0.3739740468345625,0.11177035344585716,0.31741122008316114,0.07293476868161546,4.463234046150677,0.6397974345486861,0.867776166355984,0.0028706129198434694,0.46873386418648155,0.6792714255178928
run_1357,7.824688628603192,11.791147436354025,2.678996569518372,215.28316249375965,0.17065859596207836,0.296334213538338,0.11363423020722305,0.09390680390850897,3.6939670175693937,0.21885352333996888,0.45029431796011854,0.006347756271288545,0.6634674226758853,0.12316441111323119
run_1358,7.576825144795938,8.218077991116257,2.7770432226903043,52.83115022469385,0.29415730648083005,0.24833645752784494,0.2956954862200187,0.026793845329805804,1.9195981649948695,0.2883838641199262,0.7324016779869071,0.0011346681112471804,0.5127080554618441,0.18024575256642636
run_1359,9.401813349374157,6.545406045919401,2.5571960203754482,323.13032562904925,0.2847005090750039,0.24609491572187236,0.07249630921186186,0.03642667442957002,1.1276273640434538,0.39983663216752235,0.5927243203191119,0.007164942354767845,0.7962935882250619,0.9911146214693596
run_1360,9.344876856571597,11.219089335695834,2.670384079545628,168.21936495070747,0.16550701163480616,0.1850380427492365,0.31789381569806824,0.0299230724402008,4.31050993089793,0.2858570837211538,0.7594731229218024,0.0063671171448502605,0.5708863355236629,0.8596554449669739
run_1361,8.453999782407433,11.53338939205172,2.751126851556035,343.38022847023876,0.2464991903111443,0.11739893946206224,0.32799013418889666,0.12696286571150836,3.142615045259105,0.5375015878233297,0.8302871523975701,0.00847615405759108,0.3280078620150133,0.8156188556894388
run_1362,8.65422327086198,10.93946495012064,2.672551656237246,275.59031057461914,0.30055995106410555,0.25316543547420894,0.12328707266376573,0.03374966097125465,1.0846816483656465,0.6650666649591599,0.30417814319696135,0.004066945191023046,0.3377964891831243,0.4933937262874744
run_1363,9.028537716004443,10.202311387035074,2.9919477983954357,62.21731079921798,0.3691602027328904,0.1653610976689705,0.11595182740857238,0.044823288195738116,3.2195234565070265,0.5548629139285934,0.8558833239117518,0.011275578322399931,0.4936861416257714,0.33625696861824655
run_1364,8.597062922238585,9.307540539214349,2.913890695798102,22.630970066543746,0.10119238967909217,0.20757483127812,0.20722403278181598,0.09809786295805761,2.431564449192315,0.6487202777237587,0.4576015479664011,0.011749578467927454,0.33945830579712,0.4868974289163928
run_1365,8.071759315424847,11.779913927561587,2.8987088798595018,97.11252589655605,0.17093521101008533,0.05334466264710567,0.14692737478558668,0.019376788019915412,1.739394086810864,0.6624262712792308,0.644605561736447,0.008401846018977225,0.4335556990634669,0.31749196485495323
run_1366,6.381745495132277,11.592491129457176,2.558958551479782,336.1894745594506,0.3747605822547584,0.1830289370905726,0.2865581798085685,0.09048014415685005,4.660330402888949,0.23136722466719806,0.34252528146731426,0.01028514169654755,0.45774690330606693,0.1950818587444457
run_1367,6.385896572464777,6.246906123951434,2.4945888184091154,166.15024640281868,0.36126047824499063,0.18635097970972106,0.3016255218187236,0.08962152093773705,2.997244053136341,0.23928688636581663,0.7585921273958889,0.007588133065685973,0.614372826787874,0.5570924741555774
run_1368,8.915736700044643,9.049086164462114,2.7039037331834446,79.7588973223568,0.3031493225007507,0.04265506860260991,0.07909357257621433,0.1642326107925612,1.1537829839111269,0.6783043260600934,0.5678152219962866,0.00855091433092457,0.5243056601550945,0.27425370293521434
run_1369,6.180315411880563,9.184555530919384,2.5911461187662432,208.8885896996727,0.30808259522352655,0.033385491949056635,0.03893176158718823,0.09784560715911672,3.65621168940271,0.6081922482180925,0.6984907498331216,0.0027537018392740148,0.7020856945700629,0.24938835507521034
run_1370,9.862811869254497,10.30030726953679,2.9213389457240897,94.59154740219738,0.3524681127961836,0.03121632324451795,0.2643636936601464,0.15423046734520537,1.0737487435879638,0.6871091994839611,0.5670187714061914,0.005017601426094561,0.7855090645302775,0.5715827532103155
run_1371,7.20011951116216,8.299563249324299,2.5184588284429164,326.9504928927218,0.2881388676607107,0.06461082276793839,0.11132846968564575,0.07929955012244898,2.2147671521261394,0.46834261969288926,0.6316833157303451,0.007155672459728246,0.2116489219902291,0.32359091094202336
run_1372,6.7193868494449385,10.017121120309561,2.9709722505397127,311.71661274874214,0.3887531801261903,0.09185256081416046,0.28589002488294446,0.10861859577726109,1.1844713535582883,0.33907577937394584,0.7839064651081313,0.011706691213297267,0.5556186821954593,0.7484853716392764
run_1373,7.617307310123044,7.870192099970064,2.793508386285025,92.23566835371622,0.2709927421371755,0.2902336567956263,0.31055344920269684,0.19457508894828188,2.7052988413431236,0.3323091722217476,0.842529371547265,0.010697126518458108,0.6810159027707211,0.08198266125852313
run_1374,9.836641833951859,7.0282884764925795,2.4601775450072987,99.96783222914824,0.2480931591594512,0.2995881723151875,0.2543353746257789,0.16895614709558301,0.8932419504813452,0.5642207352290696,0.39149357090553444,0.007520086193230931,0.7227495606332169,0.7809455672057793
run_1375,8.53914140810425,8.276231467809733,2.7427298720849587,339.7697095045637,0.2948197798749349,0.22938436305650775,0.3093227521720006,0.0418709645960648,4.832148660925693,0.25469313099627844,0.709646323480211,0.009884884269060392,0.38397277032009935,0.26883571682456275
run_1376,6.31780103636102,9.414235931279453,2.708114173371344,54.10111839511555,0.13666291375571232,0.2960807911729745,0.10429232745831876,0.10195271659549647,2.684248632738817,0.5241931913772276,0.7955446658331078,0.008512954155669838,0.7341919858595043,0.3122973081238325
run_1377,6.204916644138645,8.464262822454696,2.6143626266456454,26.01727897101429,0.2347370286722101,0.08463301233048297,0.33143637085457356,0.10083383920213697,1.7036525460037963,0.5133807833877293,0.3086173785523398,0.005228748799992317,0.1878369025811375,0.033573817321004375
run_1378,8.128813228997206,7.061862511521264,2.6015524237806313,224.22967843173242,0.23766053926184294,0.24815548330656292,0.17102259041123213,0.051051189422595115,4.574289237528724,0.5337723168576725,0.6618411544124522,0.0026999324697657857,0.7548569959923991,0.37634415178097025
run_1379,9.015580638792294,9.044504542913351,2.468811573460495,230.81742599432823,0.32888682437586847,0.06527094461847377,0.037547751688640496,0.10484529497634545,1.2652852137931139,0.506461585677906,0.7600483223187204,0.006004124568874522,0.682538257425219,0.4278450176348385
run_1380,7.095505387475392,6.205676845860135,2.8930257861599222,283.79385646819713,0.31750545948982933,0.11947414484279086,0.2323641600845022,0.06471993501529914,3.4035449049288067,0.2632509121937864,0.4086815713872859,0.001397955258955573,0.3142958674917007,0.2247958519064903
run_1381,9.376431580537348,6.806535395901245,2.681461832283781,7.030885197616003,0.3476713469724241,0.165477749161771,0.08859415118661124,0.08224549624429443,0.904170031112974,0.21353358660228505,0.7822057624276056,0.010958108048273466,0.76122532289866,0.5849729481229808
run_1382,6.592373761498134,8.442567893481767,2.8250314411760034,261.53321911381585,0.14204294380667054,0.2567610186138777,0.28223814645900785,0.07402912766770194,0.8058174368393771,0.27973948440068186,0.756665203279365,0.007272317174793044,0.5022030479129089,0.034018693314663534
run_1383,7.618779770279249,10.856304739489147,2.8475722051677606,221.42407301190372,0.2696132330117472,0.07207543985741877,0.12739477826506268,0.13657535812483435,3.3964316087767923,0.6762622933828683,0.8589731954694646,0.004582241950258506,0.7630974907367936,0.5392580007771316
run_1384,7.889222157803337,10.97416103693892,2.763408564236042,233.49953455420973,0.20214442003973765,0.15183139818618943,0.14014463377666525,0.030259969764392464,2.1901159468388762,0.3057765317041785,0.38890204632312025,0.0016684837456502077,0.13524375466534647,0.06184448792877564
run_1385,8.297393203751048,10.160606922441765,2.748160857138591,10.178372456255868,0.38898820950110646,0.1798380513355647,0.2782692800848148,0.17624154464690084,1.0481106747931412,0.4011437247837132,0.8506034143037142,0.0031453855700492033,0.304481404713997,0.23473060056441092
run_1386,8.57890995548565,8.859451406888725,2.6730529103120726,73.94784250821706,0.3450060248377723,0.0909294712295269,0.221656962543111,0.04741815197845033,2.256485045073093,0.5031204417238476,0.6500226571336343,0.006721762753379473,0.7361333207276035,0.42285124564567356
run_1387,8.517326270948733,8.42442999493498,2.6430401400583547,295.9537723816657,0.2150629196768226,0.27854691555624117,0.27517007796449827,0.06480581315587679,4.61821985088465,0.2790916420178983,0.8044858448429313,0.005103134567660568,0.19473146017905374,0.706546183010667
run_1388,9.678814831103882,8.915890074047772,2.800541899467576,218.74280184445405,0.10980362686805059,0.2727958848646888,0.3439519392324434,0.13642462381772608,2.406438737900367,0.2924614656342366,0.35839905562071106,0.01079802601307012,0.43140421700487586,0.6522212139098633
run_1389,6.411473359757577,8.408238116625173,2.4681156167377782,271.80137798210905,0.14787828421050986,0.08611711316279365,0.03495659734703664,0.15153304955547917,3.524604635241186,0.5752765715926977,0.48018594131047676,0.010845391370732128,0.4893020697239313,0.6098494940933211
run_1390,8.50781016560224,10.185553946145696,2.878362582177452,312.64691517213123,0.3944345316464297,0.02203979059962516,0.34541051218239444,0.15725317383810355,1.8359695648826344,0.3609248772245428,0.8779848816377269,0.003415726288557406,0.5726976047573762,0.8814626246111679
run_1391,9.657540371740861,7.371418965081008,2.4723911477589064,245.60981709998856,0.1947631756497077,0.20394118436081196,0.10742181202811113,0.016262253396271496,4.722810987580656,0.4500350593640352,0.41510461026514556,0.008387211828073646,0.11481139991453385,0.11066682278645033
run_1392,9.373720580462113,9.522282316077884,2.7415648974609237,83.91541900349883,0.3761050714314461,0.21252033946848764,0.07326823800825294,0.18095281730715698,2.620574229501896,0.604041073338242,0.7982318309932952,0.00550516685435955,0.42062924604270924,0.326463616993381
run_1393,9.130835141544852,10.54505542768327,2.8146207241156063,299.96545620850964,0.19499792602070964,0.08313738200490192,0.07355447133123605,0.14113296523042046,1.2676004035146484,0.27416550701770104,0.3550740035517178,0.010752313027141643,0.3529665789609834,0.6593746041666273
run_1394,9.611985320172787,11.522534979393242,2.9262063962137788,270.6419034098088,0.31447072529615294,0.13789497613744026,0.121195593346444,0.17886400419326923,3.9063103355151823,0.6688067936988465,0.6785432348203513,0.006111107156796422,0.7833321989869739,0.29866236189192535
run_1395,6.673467790368744,11.901567796835906,2.764632228747207,220.36948595144904,0.3394090639735171,0.2502859528954309,0.28471037016103934,0.08426248336880401,4.411886425463418,0.4796063388842526,0.4760896460840342,0.006595071956241796,0.6779421124150463,0.38921854436938064
run_1396,7.663663696174917,6.324372835696295,2.4292212236303983,155.42731944898665,0.30241486123606875,0.14295298137241202,0.30389217897860493,0.13121422631953053,1.0087853848671167,0.47270768572823235,0.5174376894183101,0.008110217101621107,0.661394993026529,0.12755408058444315
run_1397,8.66439152945702,10.805906140657001,2.4029829041736,49.53908216745419,0.3576989795068646,0.2913769951575123,0.21689506419617713,0.17723879493843325,2.1503034851224427,0.3547069946211146,0.6447129948457921,0.0076502398680083515,0.1381549507611497,0.41961690568319876
run_1398,9.618286011497094,9.253216207081273,2.700939814775648,50.55992779394171,0.3346387518543448,0.07501383507988482,0.26402777494655505,0.06526229891472188,3.0696461757192175,0.6501487061373002,0.31704049399754286,0.001097488436957164,0.6654963894526651,0.8557000945524377
run_1399,6.16973025247986,10.871276696295833,2.7467048555817057,313.1191677711103,0.24309428670507552,0.17124011433944944,0.2560261862995853,0.1467727022382301,0.9710347717681586,0.6067864919551694,0.39796295718958175,0.0017686313843953815,0.6535019435738817,0.21525852872498713
run_1400,6.8351538503459555,10.890048351147648,2.721601214920659,284.29885011087765,0.33353979941093925,0.04457279695082998,0.30060772327588775,0.082872059209584,2.689547448216194,0.6329524701294924,0.38095432324349654,0.005048991186078232,0.7438284807300537,0.08483097671467037
run_1401,8.38935038566232,11.333173760271137,2.9163352140677654,19.90625761930552,0.24021339733965374,0.2751019913031205,0.21030923863450504,0.17086204027231355,4.313673892159487,0.31647469157135777,0.511199403377565,0.004382221885673641,0.639452622359298,0.9580327517298751
run_1402,6.213337789235967,8.019656417500816,2.7297812446467393,212.22394891572856,0.29402938103777654,0.1723759194197434,0.2536756498974045,0.03956221220791796,2.12781466984102,0.28803420458168005,0.5971886452250041,0.00799770326748227,0.7460076529762929,0.5862767799270301
run_1403,9.987515015661689,7.976536398982056,2.9318892140255994,175.55914363352537,0.3788687090367584,0.06606940918202486,0.15980524925018974,0.12599466303991128,1.3409330049776842,0.6634296694712294,0.7129277399909627,0.00811750315549432,0.45752284660080755,0.6236622336700485
run_1404,6.2465890343203885,10.931542704263476,2.7223960288176565,185.73963380077228,0.27708388800943173,0.28160134357616656,0.07562184816800516,0.04776666546659421,2.85966042055383,0.6666724456799782,0.33541902012823954,0.0011633335257165587,0.6891440146950575,0.2514789291675428
run_1405,9.207743372079811,8.099065566251085,2.847629573741592,256.82052750212176,0.25754098830848726,0.11495570895229955,0.0426129131675058,0.11738925131807862,0.9204939094076068,0.3544284308695843,0.5573513691009142,0.006291624328379746,0.6524506946218745,0.5923939784151395
run_1406,7.049173341893609,6.860798725521224,2.7034573871650194,40.06369966028707,0.23063009106439403,0.19307056601139852,0.037246075994816184,0.1343617934077503,2.3042233110926853,0.3211243911784076,0.6216689846646417,0.00875346035595257,0.5267659264405444,0.25349746891660074
run_1407,6.681854897739101,6.895127203090615,2.5445422351276834,33.356028674472356,0.3600044870103245,0.06683076832133585,0.07986121929167836,0.16137176479116086,0.838401688573675,0.6927959789598683,0.4928008671295005,0.011610398061767599,0.48207601095089814,0.48149650657939996
run_1408,7.574779988200326,8.174274994208526,2.935162685609402,344.6534955941991,0.16497581290028812,0.13529246981030227,0.24698122429862107,0.13271123111551497,4.726042549712803,0.5142993684742979,0.680904629193448,0.011359881712475279,0.5909669539287697,0.5752138163403241
run_1409,9.62268146660235,11.42604468163474,2.9822927308450464,258.3475365935934,0.23415751040659805,0.2709682451760878,0.33678636975278553,0.03850407420901938,3.3249765725554807,0.4476011305609021,0.8203080927787609,0.006978750555058634,0.7330310493242775,0.9473595420119474
run_1410,9.075246515039462,7.689597152717768,2.6960637123376827,123.62277155436851,0.1985157631731283,0.050362725278277884,0.06080824275849775,0.04682467079357789,1.6814199962276424,0.60981133701717,0.8018904820299151,0.006726936942590885,0.2514764041019702,0.5835486114715261
run_1411,8.907172613508555,6.988073109289973,2.6981637092070696,284.71430080647895,0.2431449087108467,0.06342519845970182,0.2328747974255932,0.10827147677772272,2.5775044045204627,0.5925354352545675,0.8182725930248083,0.009311077254041882,0.2503697246631843,0.733335702896615
run_1412,6.37844115744652,9.758965360801511,2.7314483423640485,323.08708216683823,0.26087318423604866,0.21537392970480734,0.2892233139087973,0.1278796609628887,3.455864663146949,0.6234264434161928,0.48117086018493166,0.0042110493389917215,0.49485353188365966,0.042649709429192995
run_1413,9.065407811234673,11.504209777607052,2.597675940239354,258.59719693126834,0.2931402895728059,0.2679688936598238,0.2484792436964725,0.07645448039143685,4.436916799735541,0.3238359595877479,0.7434191963061687,0.011372570753313958,0.6313529872812486,0.03690994272239042
run_1414,9.626597438131371,8.79844843188827,2.9530199959335337,249.43722757483874,0.131268745290677,0.012232977108973878,0.14336199044717007,0.13096513410660834,4.712155037891692,0.6003241531490404,0.8672536206827295,0.002409776321507747,0.40655658683501694,0.20976029264472412
run_1415,7.877226463148037,9.42909796093007,2.5618107572502766,353.14412293561475,0.2038448670307843,0.21891684993210456,0.34150350056605905,0.1940740479111578,2.0856699265753527,0.39526397976530336,0.5664226994469457,0.009210561240025134,0.711778855282912,0.5595857334903602
run_1416,7.611423563474337,8.698251521688531,2.426406411760429,121.28644403903303,0.2515937716162215,0.0800541981528088,0.2307818781610998,0.03470593246435848,3.835273389438587,0.5544241075079898,0.5745584674183433,0.005890824049347934,0.1000232333706224,0.4592619165338935
run_1417,8.51099432142573,7.790028530698915,2.567619372499648,92.52062499255457,0.22930341167256343,0.029643201262864828,0.29199479859286587,0.03837116523247739,4.901615011919443,0.6033412829605387,0.3792848801657581,0.011341549883871777,0.4301774599724978,0.6055738359943399
run_1418,6.8712159734986855,7.87545243314711,2.575144975450824,301.644007304364,0.3467923985169412,0.0615112311659025,0.20539087607533396,0.16577390512404355,3.809182254149989,0.3726231320686483,0.528337397860387,0.006830156937804942,0.2855497607966784,0.5972550217751637
run_1419,6.528273235527858,7.985358087228393,2.8404236491046295,324.6179677270167,0.1716415954621297,0.29324566202858615,0.04356009866589658,0.05795218845628735,4.029586052414186,0.5008167199740844,0.6978142593101002,0.00942799662049414,0.5752500957910684,0.2671783073152715
run_1420,8.257766735807639,11.36008942574094,2.50649052068964,259.65224970766417,0.28670179687217384,0.06015585932597242,0.040549783063379065,0.10949848083865546,4.720092928733449,0.5994642319706518,0.3790365607604923,0.009135857250011776,0.6660094505253278,0.18876395144344343
run_1421,6.124577855158153,9.204500016754668,2.7225981332308287,100.345091147085,0.2271910090949289,0.1253779450156836,0.24432303003691505,0.12643247393116128,1.675803125323061,0.48544778116441173,0.899537533526698,0.011351048300413183,0.1673334219037268,0.3883955446381609
run_1422,7.056079618136444,6.9439911219928385,2.8820856387871205,183.34235488185726,0.31926390164557383,0.09528626475290115,0.26627675717693483,0.05523711386788741,3.2716240408652775,0.5242677106705202,0.4745873419419645,0.01180783803085807,0.158774208053459,0.8735637081987208
run_1423,8.5663373359247,10.114216728487179,2.57458920417478,4.5681942947814695,0.331957323036876,0.2142242063661283,0.0851848770946399,0.07317802979669169,3.5867094347799213,0.5781198760483385,0.3014724598127132,0.008165763170259951,0.18514787719223103,0.8075090182063884
run_1424,8.807127889552536,6.998705883762265,2.4220940866342486,40.2506981501183,0.24655051069991724,0.16911044541377235,0.2718183467610135,0.12862297771189046,4.2858980267037525,0.3610867348729721,0.4080981782193369,0.011906183767902093,0.35538256802054546,0.4200485808165315
run_1425,9.270346367939851,8.209277362290566,2.4472546129918573,180.18128665582793,0.31499167066607214,0.0870018678943766,0.18765086740266756,0.16976984564014597,3.5719346668249363,0.3010330205963277,0.7341917305676504,0.003963522915909368,0.7664090332873953,0.7515221013886927
run_1426,6.873550804390151,6.694058970740872,2.7315995691249793,350.6392769840961,0.30719668303115977,0.09957790567175805,0.22001603570302716,0.014575341822406846,2.566298883472191,0.5173106115094138,0.6059505283684357,0.0029395169512785625,0.6566018739842447,0.528838337478371
run_1427,8.956579934132765,11.032991523825082,2.663046681163695,283.40673051268993,0.2296470658360745,0.24337500662534398,0.21664569656402632,0.14105838515328012,2.251565504209135,0.24108750839433885,0.8641276180097746,0.004286605455564885,0.3847124953553517,0.6324744951391542
run_1428,6.488666560646633,7.667386764812203,2.9457419553118824,42.15377812172581,0.13637080680006902,0.1271821659950947,0.3450159944728799,0.15714158029573533,4.750644377215279,0.235751048383582,0.5603877068073727,0.003209652943109362,0.26184079073806577,0.8832924027733373
run_1429,9.430724887586907,11.989240787000584,2.57736360315963,341.6272374743747,0.16248390758951076,0.20084029220049499,0.1919910511903811,0.11967714006349932,4.336354684884784,0.4949439565262289,0.6019609034635254,0.003984305675305546,0.27859987079308146,0.8786940600092042
run_1430,8.16623943495567,11.553435687894908,2.74432763404777,313.73682502877386,0.19272182938454446,0.24992727747470475,0.025918594672248402,0.04769995249417115,3.011944684741091,0.6696799727704097,0.44484697706968135,0.009544231350924161,0.6859873544329276,0.7898652007012376
run_1431,6.306555921998022,7.156614074670987,2.487778868183028,310.0752862437355,0.12187816285520209,0.25471176810380686,0.272507121626273,0.19201029414217516,2.372987569968286,0.37647312586812803,0.8521913905073102,0.008520665316044097,0.5547067555087373,0.250428208590963
run_1432,6.021717795551883,7.204114865626015,2.843912176010279,316.8639896225368,0.3058269125195606,0.02999885377590681,0.13243776970499985,0.11411642939114632,2.4760124650108937,0.42225609546459997,0.4293997634392618,0.001682086595822807,0.744762302855255,0.0539778172499331
run_1433,6.829992378111595,7.769937604531734,2.692364427912024,330.7277911299988,0.13157777922659492,0.1753468161027569,0.11153943957195664,0.16589095643870452,3.6828250499198125,0.6612518439408488,0.8968962408486905,0.004705213788442404,0.7015965227828433,0.8380064281389404
run_1434,9.159539081356815,6.688059520298238,2.9750873857625546,146.8680349805886,0.109342487245402,0.2408929006163872,0.32567697361071163,0.12511805781132113,1.4006317331367033,0.40936040620946046,0.6924091355483194,0.005806097061958635,0.7515582151715556,0.06083215724050577
run_1435,6.310489850146588,9.561757285691685,2.470654036862004,233.9970933592409,0.20677371914362302,0.0529127114782691,0.07621236013249699,0.06583247170110672,4.9724523624625085,0.3464114569086796,0.8759768132051502,0.0020121162857580557,0.6073897472345282,0.2850334666505551
run_1436,8.71063454261828,6.208301679037728,2.475457350900863,241.0762715807754,0.11219705869996809,0.1884934744461897,0.10090248514135164,0.15265504347505843,3.5019581264447597,0.4813983523640292,0.37119441515840734,0.007014931902451726,0.11596915912832548,0.05796826756018578
run_1437,8.657166716671146,10.985551564568869,2.435743323223782,183.17978800502448,0.10795586989029075,0.18462574343962776,0.19988962537559052,0.15991496363776675,2.004898236991785,0.5773581772575769,0.8456877822586517,0.0034744458272162435,0.19332169457801096,0.10215874907468754
run_1438,6.848336612795189,9.91723078739258,2.5536752768359086,276.25962759165935,0.3810990916590826,0.0697321101113814,0.05269234672379407,0.09060777098312103,4.1531321070213485,0.3064983630353493,0.8578295968952241,0.002491503163497437,0.5598760092927269,0.8291317627713031
run_1439,9.776730914796072,11.248561935683398,2.921985497593507,188.11375714504936,0.277528383851661,0.21410205699067225,0.28242251024716075,0.11479967006824654,0.8740727519986999,0.6247926600042749,0.5024627014557052,0.009410814964447057,0.19683518807095557,0.42606625260326586
run_1440,8.239259537068026,9.638837088143639,2.926675685928969,41.263780133686254,0.2946248601908531,0.2115842730827877,0.10039426801710924,0.023473169400657905,4.87281642334481,0.456153671561538,0.593495947276899,0.007957705951717837,0.6104190483137548,0.5587913185525587
run_1441,7.808915271963113,6.864261520554911,2.686598103226001,19.655427690404185,0.2715547722386348,0.15503707343225845,0.20697734240248222,0.056953771316441505,1.812448726955115,0.5685249418832365,0.5504650229816843,0.008260935648710842,0.2627115222170312,0.6102608015233586
run_1442,7.548634956940628,6.7635472526654645,2.8543980271193368,124.43691219165075,0.315450868183734,0.205665480565001,0.28930163034197376,0.033587954709583374,1.3871536221809277,0.4229828079380644,0.6187387636469426,0.004846020994462658,0.5275952940323344,0.682429624430932
run_1443,6.570176317611676,9.84340875100576,2.7169144697342125,243.39841071233326,0.39085467920278383,0.2572874574477946,0.09451032047625244,0.1094043128608994,2.96107935328019,0.6620774629496504,0.7838921278826552,0.001412955770678756,0.7857362136606612,0.6697990844933013
run_1444,6.2260250162213016,7.290834962001494,2.5221523676754494,17.11023001933503,0.36894406323029194,0.06788770912261467,0.13949971870425432,0.030342437873774615,4.720954318702541,0.5155428453823743,0.7467662398243042,0.0063746314444095625,0.11109620662474745,0.5767967358969368
run_1445,8.521769890218593,7.032508225434415,2.6467061980572524,231.549710991279,0.3384630882941341,0.2772908197678125,0.30296363534465803,0.04800044946336677,3.7234875566272523,0.39686850427952336,0.5799574633298105,0.001296095222495279,0.48356450982530574,0.6736846746001623
run_1446,8.818546428344122,7.562840830682042,2.5652397109946405,251.36329176415396,0.26454057751006166,0.19220351233873886,0.26867166203583803,0.11165742807544685,2.935037079357569,0.35220783288164126,0.7703977475223844,0.00593833115541676,0.18863719690041258,0.844777539058767
run_1447,9.585602549914526,10.488200916917034,2.5329637385044683,242.439414355557,0.16790965639676603,0.25811683098503363,0.07948747985398291,0.11840017320464506,0.8565398761800538,0.46855614719427024,0.7970770765752471,0.0049086483593536925,0.19248726593113863,0.3906444950128737
run_1448,8.51599576435372,8.909394171201448,2.802366427897034,334.4172934477293,0.29765104316410607,0.29576833602150004,0.10639438863799577,0.1353205205541943,3.622271182335811,0.26111598751291926,0.4047921988464872,0.0014726832537974009,0.44942830063027317,0.14033296724237942
run_1449,7.556332909552452,11.049607021133346,2.749261828488835,257.6882405728508,0.15672661777153746,0.11604865260941839,0.18987596392063846,0.16636233635423173,2.269859680283375,0.5831871495913903,0.3686101246066486,0.00916239859439704,0.5833500216811459,0.1719281630762749
run_1450,9.628114463520074,9.525880379964944,2.98395041754949,349.7481564049172,0.16604294602265182,0.24118892009429274,0.1141784519008468,0.05500677782457228,4.195885846354261,0.41519624030470137,0.6191903081957117,0.002148035750961635,0.13063180549813572,0.40330901761963395
run_1451,7.86812839400278,7.159744277866679,2.6163332841937006,211.93296067188197,0.34832138129913826,0.2928717716332651,0.0824809573140107,0.1394026191562022,4.307462089855886,0.5623881441588876,0.7011272933537196,0.005186494517133022,0.27776077048340486,0.07569703475309884
run_1452,6.266402313586519,10.725574967616197,2.773472597646627,1.759569989484535,0.2548880441024787,0.26878851349130606,0.14425729755116157,0.06684526395918221,2.1450343057517705,0.2907112525614254,0.4213240854011169,0.005421658917756264,0.33506593562925435,0.5326037410182298
run_1453,6.794219900726869,10.754264296101601,2.942142147360303,186.67948359957703,0.23700896765430945,0.25186258420484436,0.17364749642886115,0.03355344744795028,1.2749287693810447,0.44812726733520014,0.6274960638362694,0.0043766962194268,0.13602738143241264,0.3729546417746591
run_1454,7.811632714958889,9.52808879722733,2.5559155787573813,100.83293148591859,0.26229708793294015,0.29618333681614073,0.23366524372963976,0.07040242112562625,2.8112035506071322,0.29004337127957175,0.6956635824940643,0.006037707492450752,0.44196190813575453,0.9127976041206564
run_1455,6.904684257460444,7.766618652265796,2.7596339467806397,102.69720346353122,0.1837487270173857,0.14524247905288662,0.13340624701545598,0.05087079131965579,1.567441728429197,0.2461351972041401,0.49181413723717726,0.005302475852584541,0.3729527673966483,0.21607367931871957
run_1456,6.711021194432685,6.927193968030571,2.7840133372811655,275.21447097221676,0.3027423278536347,0.03689369760507929,0.0923498157331793,0.024361872630149536,1.4633036816263996,0.5720943793275762,0.6795172209036464,0.0022155181984340766,0.6606964700606571,0.12851371635855077
run_1457,9.66575557994444,7.378389148386842,2.723326089057215,247.57084961326905,0.17334444601124493,0.21209544176130243,0.22840115645960513,0.12087301731770243,2.2540743779516186,0.67057294756941,0.5712971954450049,0.004968842414148704,0.3341450926260033,0.09194648961836689
run_1458,6.451082383031193,10.599176115663397,2.60212537265777,355.7343026304687,0.35637601062353486,0.10759851613379348,0.16161480845804874,0.058456528098416734,1.6786232372528698,0.6458728983039705,0.8268664822104419,0.011657687080626512,0.7041655969189607,0.4221750186527792
run_1459,7.236401267742309,10.761432833414851,2.595114795767093,173.1533876805585,0.2538553378509803,0.29073768713698056,0.26426061956696884,0.17920544464555105,1.7714924901456965,0.37187381813604814,0.45994122226734874,0.006919308827532329,0.4876678746040495,0.6814886848569792
run_1460,9.792239320873684,6.8346409294605515,2.841165251750785,6.381676712314766,0.22536935319742993,0.0395202453419738,0.09663598074311064,0.053109995890508875,4.015422624064021,0.32765938190555544,0.7377555830031222,0.006629393550747736,0.209875227778433,0.6973192364056968
run_1461,9.251683453090777,9.54391927075612,2.6604265817859547,256.1826463984596,0.3424332343587031,0.07875002935072939,0.09409879199424792,0.08955598554102136,3.9632000197921347,0.30414601131152597,0.4661787636072304,0.005533619311125604,0.7797974186625685,0.3083881387047855
run_1462,9.214092116872349,6.746842465702081,2.6742792122855166,349.5656738900471,0.34820362753334505,0.08164269251437428,0.26374070410885003,0.16534930960079924,2.2427970377076036,0.5323364857312979,0.8023515358042903,0.0028772837543800884,0.5079558616725979,0.19583755641329356
run_1463,9.799835508749936,6.784865974264768,2.400059041482454,179.10982155811382,0.25030372724236405,0.2368950537487108,0.18155714233867887,0.11131030392495508,2.456530300156434,0.4331045929493076,0.3952911711479047,0.011846316764602186,0.22906067922992102,0.37758251940224585
run_1464,8.720206288743373,8.028792383233402,2.923735596816633,20.473133567694035,0.10690433232017954,0.2940440047854124,0.2986309735400793,0.05398703587523409,3.1587685209742,0.5195634040372349,0.4925519376716563,0.008818310836426604,0.1613057330891304,0.7743355646493953
run_1465,7.351614469735171,7.994967164046695,2.9959132372545416,150.42711414414927,0.3905704491359683,0.13987888987741987,0.11305036893052,0.1637137574863596,1.8311739682742656,0.24207874404291183,0.8751214842892212,0.007379109915303131,0.11733888069901041,0.5248979205545179
run_1466,8.11304243348361,11.253626466003759,2.4180465216458997,325.6192504090318,0.26509157449049503,0.13310586004036867,0.04147923631870506,0.09974686138667868,3.779083112053913,0.46891935906334153,0.770865720470991,0.010611555323515248,0.526472597843181,0.31876774699640387
run_1467,6.738967772630087,7.781916033149025,2.435383671931057,215.93319408482256,0.35981725876536375,0.04671532931600677,0.12914460003318937,0.046907991058919386,1.861330366730946,0.6438797026892912,0.7629907300089063,0.003926015052630508,0.420566234054522,0.2747422329842715
run_1468,7.066975257074075,10.534312863606807,2.758449909763205,169.26509559762195,0.2048433488616117,0.10254753709439489,0.23890473657708344,0.18115860975150083,3.0155231223416896,0.6270428054043322,0.6856381393094868,0.002820552192745354,0.1462594682746951,0.9694310113599317
run_1469,7.9188178787916215,9.90725742708995,2.445404116448484,45.55066381351606,0.18932619521300414,0.2907087796877658,0.18140960865391462,0.04821015953324306,4.012246921572934,0.38699322377351975,0.8987090270334281,0.0034547481753041333,0.57456989670017,0.8173120175956553
run_1470,6.2617337383299985,11.836572214224807,2.7839575459524686,39.580373344498256,0.39554533018121074,0.25444708976964764,0.1837373456833801,0.17058871067833073,2.4736084529957116,0.5897417518427999,0.898370566119316,0.007509991974842264,0.7781093832092421,0.3660032576913549
run_1471,8.853130587007948,9.331271824867628,2.557224226912146,301.0530277614561,0.1664828319211642,0.0728504453822883,0.31755895382222865,0.1631464122681737,2.379198522086533,0.31127476502768703,0.5758506923941029,0.009917662795969173,0.5289424797098132,0.5138695406853239
run_1472,9.847867985619766,10.21516462287155,2.7136128371381174,270.0227752672569,0.16640637875754177,0.17032969015236618,0.032582935027735065,0.18382805136825076,3.0312542615018927,0.47551593961320965,0.420637181198511,0.008801776947503209,0.789027933136961,0.45119415609861824
run_1473,6.136775483733042,7.632948707732988,2.5882393199922507,211.85518405316276,0.36578859302239797,0.0719188026271163,0.28666623676454084,0.015514916544632789,2.1033869962378615,0.32911626264542165,0.689303414424274,0.011912500857242696,0.4726492933158919,0.19815309434806425
run_1474,6.493649888850218,7.43068424564677,2.8871533096307083,354.8646980520091,0.12252331884392363,0.06423010443984992,0.025548814005377986,0.19595930766447453,3.364547546560023,0.5952340639493614,0.5592571808293962,0.003800828912524545,0.6097646604658633,0.13048850651212682
run_1475,6.61759560603895,10.744890862201787,2.5275176333322213,49.38507201164579,0.3549234861080127,0.015149178169041155,0.11977325394361188,0.13232925512729837,4.705801497912051,0.6973307391730525,0.8036012951976288,0.0111457092393966,0.6731408496673671,0.9488786329891323
run_1476,8.896156594940386,11.970459088733483,2.620502673500708,170.28638121673248,0.26900283169821804,0.10738481329599127,0.22216153307657618,0.08580849463925745,2.270012833340684,0.6822472892294835,0.5392405542224693,0.009466322148283284,0.45213004879221574,0.05817793183961094
run_1477,9.468806062400594,9.47609892210255,2.9311227235815114,180.04505372766138,0.12377266124815674,0.11501195288174836,0.12590118787988291,0.08178813914215503,3.6602843907384663,0.4674191388967336,0.6763134434094553,0.007124140633832831,0.723022181595337,0.553918614061797
run_1478,8.31940122380098,7.191412868083708,2.994100139236568,59.66225111507957,0.18154076494120136,0.29515535926221204,0.33814807506405076,0.032451247817569286,3.752748893388529,0.35125695347280295,0.585735897598169,0.004439645610801228,0.5362202722748252,0.7595804154985601
run_1479,9.992681856574787,10.283656057733452,2.953517270967134,296.70103181547836,0.3224695124092316,0.03980841302686162,0.28719785859184277,0.04641455864649136,3.265869551628703,0.5037303853225045,0.7942777971499423,0.007320765789908384,0.1049027174244488,0.32899417877440185
run_1480,7.175470383545116,7.477605454254288,2.6483331174894693,116.63515400425963,0.21106906854638424,0.18187583720168923,0.17816988991508778,0.12348986158242961,3.078530217823623,0.21113061786919496,0.43596057916402753,0.007658920542052922,0.7955094341114248,0.23108815015540005
run_1481,7.573464595757114,7.510032435143575,2.553395395506994,22.780329204790128,0.32503393299056843,0.08042550163712643,0.16532130582614338,0.1867959355879462,0.8101247810895288,0.2839630543194957,0.3764573403937809,0.00200101039900491,0.5944940303531923,0.07390488038158403
run_1482,8.500610426829185,9.159721510125586,2.57954188160836,336.78311955854986,0.3122441636679518,0.08661498097398791,0.2795389487355972,0.1853394817452078,4.126611175012837,0.5126117795734737,0.35242609791955254,0.011807014028160895,0.5497125083872616,0.6925513353768651
run_1483,6.011499382475323,7.758278984095165,2.6876639646273603,87.66289165373821,0.2812249976393707,0.057978146832468436,0.21007351581829234,0.14301867346766997,4.539936060863892,0.5414344547535812,0.6468596250572201,0.004696508309932084,0.6548313217796096,0.4345550535896236
run_1484,6.018880223373925,8.037661166513852,2.495896744101453,170.13866146758073,0.3062980388638864,0.22234164964076944,0.32042625103538913,0.11863537094513689,2.025099580801102,0.602372523578284,0.7178218465981272,0.006712682989854682,0.27990742498121546,0.6408039447709927
run_1485,6.824641187465127,6.661298708208994,2.925633058418457,111.82361578594868,0.19238790228910002,0.18699346092864141,0.25985931404930185,0.1501096711032389,4.4886427777187246,0.5789205577379177,0.6065805737310619,0.006621015696516888,0.36567472239017185,0.020126236922845837
run_1486,8.463597948329493,7.389034421419232,2.76881076231511,205.74610642118387,0.2751936131639062,0.29663984674598637,0.03203994738115312,0.10529381792744115,1.633330857353135,0.2886707254400937,0.49752354680054744,0.010212501864389139,0.7195701172196259,0.4685382186105086
run_1487,7.752649974930804,10.389367886188001,2.7877478864903047,124.35765144571039,0.2929435663871153,0.05471778613625201,0.24364613061458132,0.16178387586302584,3.1503531736743957,0.45854489747964583,0.4510907443117695,0.00342589728392223,0.307420590406971,0.5204462187525936
run_1488,9.115666943264978,9.235516453588772,2.6189760411019947,139.5506857420776,0.34063073562170537,0.24032532709175916,0.10431733087639072,0.028624342785659104,3.054460079715808,0.20697771820794422,0.7625306207671074,0.010076883111759576,0.26960797546593257,0.7566574953029253
run_1489,9.296666529627695,7.804183895590166,2.5580526502299303,102.9085352467097,0.21724332075601815,0.29915545939145993,0.3492391387890259,0.05905373124472974,2.0333885115761072,0.23837419947963714,0.4172881104853596,0.0068893938362187546,0.3456508942454699,0.6044680016678031
run_1490,9.751361046704034,10.401636809424911,2.741065460458907,153.33994394692527,0.2793813603971213,0.2579108758547678,0.3065796413400672,0.094643673693935,1.303419345141473,0.6395009263838359,0.4033990540671432,0.010123338075324145,0.12117650012467775,0.2953853157678753
run_1491,6.720880709597359,10.339798032460799,2.9844309476045163,240.3129745328016,0.20339304081129603,0.2550187243340777,0.19181049148597054,0.058895984799131135,4.523723617314869,0.24849270647271157,0.5449012524916966,0.0022302222524562074,0.3392316483961431,0.29133850251435545
run_1492,6.407270419945483,8.832976912083621,2.844721351699971,269.05606393577494,0.24549345435577788,0.0346708768375713,0.17523250016423614,0.03910622062869633,3.3147741515278257,0.46584526494826667,0.5377119082584605,0.0024244172770478507,0.38891335930919013,0.27774894601554795
run_1493,9.561808364967423,8.523762354417011,2.8571292421891368,100.6101854374043,0.2203295261538875,0.10093455589605972,0.22954838710209877,0.1872046831758897,2.563989603584469,0.24956971251040444,0.3589605538669678,0.009702141342914423,0.324562438109567,0.6503244621362396
run_1494,6.114318430249725,9.974884059906255,2.947443850503937,84.52581680360024,0.3411105492757913,0.051179258685598035,0.30505653849961656,0.1255790432087348,3.8793769957082302,0.6930232565401027,0.7885677383965121,0.0040769498174618515,0.7105880235285276,0.7269407389983942
run_1495,6.908413774024506,9.114344412838278,2.695256560025615,297.1894326166166,0.14027979572233046,0.1414204133454521,0.2656351444891894,0.12115220322848787,2.8000808364952645,0.4601845842229747,0.6486583877164893,0.005061274298855353,0.5245676137563109,0.12011501131047568
run_1496,9.998245470353577,9.274360049973374,2.976144807472396,55.303681235182076,0.23123424790367572,0.17485716541923488,0.037677648385013404,0.1973479519247729,4.357493112023386,0.20223440898412592,0.891519209576427,0.011863041516914433,0.3579186821480934,0.2767742827439458
run_1497,7.421317417293777,10.659360448564499,2.9548445771602987,261.1277326472027,0.22442135482363185,0.24183869530018623,0.24653117955595955,0.014786257932326309,2.8483385115597724,0.4803905389117479,0.4721117267540718,0.00772614040640996,0.4160685386235552,0.21279172303922056
run_1498,9.781008156592103,10.91287269973562,2.674803636794798,11.916689038088633,0.2988856359662828,0.12315681461561745,0.056933746881781475,0.13646463155665414,4.907605636374471,0.4063139233148494,0.5865405213537586,0.004500735504737043,0.47821924070337374,0.15567836015924733
run_1499,7.010501163172528,8.189317398200387,2.564848983756042,59.019517622377634,0.20316754707800813,0.13471713046092923,0.02676398105282251,0.09865292191607879,4.050017548939169,0.526334119656114,0.7410269020885073,0.010378705057259543,0.5841109206080706,0.4773694254649483
run_1500,6.627276650792746,9.735801623938382,2.6439668296240137,299.73779059183187,0.16138898380278938,0.22543641472136983,0.13496552342097465,0.19535050610428142,4.994636893198335,0.3153113873996807,0.5164202412961322,0.008672915239741142,0.6323959263636663,0.7928693126043223
run_1501,8.954230581056088,9.68609988192366,2.4955677058645707,303.3267779559386,0.10595139713869915,0.2757428380718628,0.08566634326197316,0.17520503074557067,1.547324780339708,0.58707473483837,0.8899419133836286,0.005777241603803302,0.3191875494376023,0.9737225818352951
run_1502,8.670404377703917,10.023768438165753,2.9409044643048197,81.0340441472646,0.3732899800303857,0.22767696100214607,0.18544442322671617,0.16930646991672846,4.6249284726201125,0.5163122990998581,0.4607408416460267,0.011227607985936142,0.7354101297991147,0.02779342364070208
run_1503,6.588247990394097,9.935493290383729,2.864768533334233,27.93994358534315,0.25533279550586613,0.17145177569117437,0.14522504610198664,0.12721146003064854,1.7144835038945856,0.2759438298042666,0.6048580603846114,0.0023716108005413985,0.3782301974625585,0.7903210616658308
run_1504,6.200283148137263,7.3431676678559,2.503584084633375,48.04311597516072,0.1340604199519076,0.1500048448762066,0.1554076205842163,0.04718586613753323,3.6741367920868395,0.6588186786746996,0.7235956249302882,0.008732107876527954,0.4107339126788365,0.042182329908033604
run_1505,7.804218798370849,7.637809080775556,2.5431442624200082,301.7124875527645,0.16838850615067572,0.04738923187855206,0.31923061763481253,0.15391410638663627,2.1760075991162893,0.23437398267155887,0.6583767706175141,0.004257512788061071,0.6458974866194276,0.11706423429244266
run_1506,6.2866920665226385,7.327960484063865,2.5822380381929033,189.673299274303,0.3538022528888858,0.28746683737263684,0.19677927420018862,0.1471820880565589,0.8240748358340548,0.6355675011074757,0.8989283259639178,0.006961496378019707,0.553966653681584,0.1297716817744924
run_1507,6.5962118737528765,6.697033183962184,2.85866844273269,117.28493046522605,0.3357706227767957,0.2590853703196493,0.034796298079151446,0.10138714810120446,0.8357711048053227,0.48163751915601344,0.3247530726956824,0.010452853141072159,0.4979200343745157,0.05620587866081925
run_1508,6.087310491002989,6.250127782151867,2.7637332690576577,277.5209560475743,0.35373075191163894,0.028660330863638506,0.34752354483680076,0.010211878085866795,4.598874996156802,0.21793277928534371,0.7390406742948985,0.006079381197063632,0.4769709421355782,0.5040781712593714
run_1509,7.710496794745623,11.302457765600188,2.4907713279802848,295.3734174776558,0.14727674976255417,0.025887546628896495,0.24188534279884505,0.1805623697339053,1.2352163105803107,0.25211923716986684,0.6875551250473575,0.010680430944411127,0.5294105026785259,0.9455152141842516
run_1510,7.365115045796139,6.966160130417321,2.6490256050720786,206.02687189221174,0.1883799962064212,0.11815698298288511,0.3156990556812433,0.18210618412264648,2.7664194512897,0.4284976697325451,0.5296454474624971,0.006274633942029382,0.21064954409998995,0.2878837646901239
run_1511,7.72494386247614,11.30948577369265,2.485121021955791,340.3938598490741,0.13945033327978584,0.10754982865672291,0.32786553897063625,0.05223853336418755,1.1665637015130608,0.5209776878330923,0.7619556874008189,0.006272163450029169,0.3085176028011768,0.5055775326152608
run_1512,9.486496906875715,9.592390984707357,2.4037702112042796,278.6704221954215,0.1335751006984639,0.22664632876046423,0.22031702492520258,0.10576727752613005,4.594408498890035,0.4210469752389907,0.35009458647648173,0.0026895170700627536,0.5470955752294011,0.5654904828745373
run_1513,7.1924515804809515,10.451695328096857,2.8204380283722292,174.0002392907213,0.3434861247608053,0.2865362828721075,0.05254955503608703,0.10787299567971208,3.504975087641882,0.3295776998656314,0.4505034028541718,0.0039509517835624435,0.1545195007909531,0.44777079583019536
run_1514,8.847508219041885,10.065578250825428,2.936517024771821,198.6060157225705,0.3213834605067294,0.06901478825540544,0.25415925717182913,0.025908480890505813,1.659043737912833,0.2516156901902526,0.7124355964427056,0.00280565837878109,0.4280546559568905,0.023967233697919723
run_1515,8.686612698205359,9.512362415332426,2.417023643815264,195.83434535467396,0.2083558941665841,0.2210138992379475,0.241250045104738,0.02578970880144546,3.801399734299105,0.6558975584479576,0.6350795324513383,0.0021039589806989,0.3995420997978749,0.8470205908814364
run_1516,7.186364511471641,11.357764870585727,2.973745961991227,169.69196046067637,0.31434518230352393,0.021698266315721068,0.29472926738975525,0.1867738404580069,2.77751426502995,0.410397777387463,0.418659467264042,0.006854638915007484,0.7463204997324449,0.6847508252045205
run_1517,9.791164283081162,7.7071066830672095,2.6825797077388214,353.9545287587193,0.26407095292429295,0.10245556151127806,0.33187369930589333,0.11651781810249484,1.1129467646652438,0.4466265945842115,0.6353229062652087,0.0048401463363002654,0.22137244964255343,0.8872460796638911
run_1518,9.042306577404702,9.928788604473118,2.95693290667001,190.41848099656673,0.2907916048339791,0.026676989041743683,0.1907209294500324,0.15769312284148926,3.0585401617369348,0.28365638209795063,0.6671707982819928,0.003968916972318559,0.3612772933162339,0.21328059921209397
run_1519,6.736403612312449,9.82706463612824,2.858717905463932,133.14909413571297,0.23720030520133434,0.0523473495672588,0.054600921451130005,0.05366988804324109,4.997069902148688,0.6365394349311702,0.49347417316973585,0.003071879280289186,0.7763639553657482,0.0025855479115538503
run_1520,7.79687076665196,11.575530663458258,2.515211364729404,307.77904612905286,0.2647329901111477,0.049711579945658835,0.1285559155410481,0.08832340648623654,3.8696442429573823,0.5438641657281895,0.5562361751738841,0.005160902989803687,0.5693476975019481,0.4719716971959669
run_1521,9.012734726045107,9.282966205314239,2.915879467533671,0.13629953031485703,0.38249260501176463,0.1021758966296917,0.2940879731173014,0.19046108699874714,1.664067808950167,0.45725859280066683,0.8515223334861499,0.006251354239196285,0.5638087322452537,0.6878542590040975
run_1522,6.18408144363285,11.369024063199976,2.6493271446133626,218.18178828572835,0.2672704010878676,0.14759928913434792,0.053299396130127234,0.1142414764886996,3.441097973619561,0.656127475393361,0.8635080254879468,0.009657310546619592,0.7381269704292922,0.11428574962885242
run_1523,6.902709158587131,11.204442387373668,2.70977281728128,288.93756576000555,0.37365901154282566,0.04802142887358768,0.05741715478048576,0.09498888637374199,4.782140665206016,0.42072656128538,0.6579064179497311,0.008375783944242977,0.733541870987829,0.9070578609505752
run_1524,7.5509778877589975,8.857506162838638,2.859653975348555,312.2490138278039,0.15972251293308912,0.16439587236927397,0.2453696450684498,0.14503859690412038,4.838629256841918,0.4693767143041077,0.5740174703441816,0.0010444026762840427,0.5853036257116921,0.7888898568059797
run_1525,6.457818039323073,8.809230062809032,2.562716674463898,49.7482730803186,0.2403944250818863,0.2846260247543987,0.3217419947342414,0.1387539273115936,1.7741620338632282,0.2609813408015647,0.5792514428957727,0.002458561945609665,0.24219691989028977,0.8231806734055043
run_1526,9.944718418425786,6.390423378400254,2.750599962378491,99.12199859625954,0.36183618597554923,0.19400649697824654,0.0731723289218271,0.15064304439217055,4.328399853048558,0.3369554838751466,0.826678379697545,0.01147397250676594,0.47940419413105295,0.7059227652016509
run_1527,6.509095946439547,8.265283254593685,2.6583823406794815,310.7495195573049,0.19881143374554758,0.17208285444354213,0.21912669050230107,0.16653576474889592,4.120502200612395,0.49931982414305165,0.7992494405637348,0.009667059047291125,0.5923415107245706,0.8126157242685126
run_1528,8.191672903166879,6.218563184828634,2.511185082335839,183.0264413601688,0.39713816460129414,0.08810964769393952,0.195645215078806,0.02937462937177924,4.780411179246482,0.4016092490290214,0.5950407478317624,0.002779219702023417,0.7887939672355841,0.39147627440532684
run_1529,7.040977585974689,9.489095072181861,2.608077607265848,66.87498118275118,0.20320269053269951,0.2429020285562118,0.32826235714984336,0.11815705013253122,1.4659143834282835,0.4233547059236517,0.3304029908022287,0.0025961684446383928,0.21745769529196324,0.1680233648577284
run_1530,8.228023985534302,6.085238586503834,2.5688333833838226,181.84051763688143,0.362151679209478,0.07589131999226961,0.2326609106779255,0.055428297883022136,4.563285917386372,0.2307264446188416,0.579680520281866,0.009047265386250395,0.19761167282320458,0.42837660176521825
run_1531,6.3092162575038895,7.62048971900488,2.837251970620349,175.1153466055425,0.30666154434114445,0.17581223021307385,0.19383111955999976,0.17856505527844793,1.5013468240175292,0.4568047821639318,0.8550798447187484,0.005378740080044151,0.28439480054082394,0.22419870739452125
run_1532,8.658437944832826,9.277452753658228,2.863760758701896,29.14219338899812,0.19575911538880883,0.26121284689680024,0.106423946477781,0.13503578512675282,2.446980126697527,0.43200440080986313,0.512491616794943,0.010134992004964656,0.16472285295787242,0.30759206540329503
run_1533,6.243278592832794,6.198227148640313,2.9255645257694844,320.54421833785165,0.1231340248751035,0.24187711620594943,0.26893408059405355,0.1135405817698011,2.019298215164774,0.5633384034117241,0.7236243613149955,0.00714218541732927,0.48968987999078195,0.4194282403522757
run_1534,8.946505442577156,11.093617426629992,2.730300005253467,160.72339195805625,0.2251471994265943,0.2241973293690461,0.2849580766601883,0.03847579127641496,4.51154809119164,0.59834238135378,0.7545838422071502,0.010099308383067749,0.36033893662911043,0.6450379282626728
run_1535,9.125666776848574,8.353304284444885,2.9103239991466014,219.79566547353875,0.19297481402877842,0.130025402609119,0.3247146992812278,0.14610296938835757,2.1655651451970956,0.2013693989197665,0.6392201729832168,0.006673739291453132,0.4592081111251227,0.3711074293204046
run_1536,8.255260878019712,9.335685043849907,2.458994016897829,288.0665152704741,0.18358602517587308,0.047572449410397774,0.14964368444413298,0.12404471040342303,2.389951564369383,0.3651844804955936,0.8374321044856725,0.011298533382907747,0.1819809570505879,0.03311343857524887
run_1537,7.281429314083354,10.611342415697791,2.8980325521050005,63.00931652536387,0.3715813533508767,0.21706182492299875,0.31850995190875075,0.09543794719868973,3.344292258262362,0.685789392194798,0.33517075873350755,0.006513279429541177,0.4713509989395477,0.46687526931720297
run_1538,7.654716491817426,11.282036618503344,2.4094626470278975,320.3389896310541,0.372199816719212,0.14581036021427135,0.1379282895688236,0.17396621319708197,1.8148776632494341,0.2891722728617591,0.43319363561675295,0.0021105518536388276,0.6886314527655674,0.35347589387187495
run_1539,7.988107705591201,7.276294917359522,2.4499817926890652,120.68411179790652,0.2618330769848711,0.033968232390898426,0.3305049415446872,0.07373258757211998,2.0911795397425594,0.6935928341537911,0.3365544210217941,0.002478806709664626,0.12741533066385047,0.5906906712663077
run_1540,6.4915645259783865,10.926530463153519,2.632768424746404,274.4401365181345,0.2188391698534295,0.2600359843245192,0.15603998847011255,0.12421980395775001,4.528242428277839,0.32653143231505244,0.8095293697957291,0.0015972929353470114,0.5389818687354815,0.5748703801527525
run_1541,7.764480815928496,9.83016004806319,2.6095558857724646,251.68694520271666,0.2641558511128268,0.27069757508843206,0.08797743405250602,0.07148287372180302,1.7576067935580204,0.6048833005045665,0.5750742222832335,0.011981485978592828,0.44597852695082396,0.0024632857358513165
run_1542,6.120271482033486,10.24038362668528,2.9464751653207677,170.02850678917002,0.3803457537194733,0.275999763034897,0.26753521888673165,0.04711214090058113,3.9570167776869978,0.268897241938708,0.3286284707988484,0.010554132266663654,0.6945226396546788,0.8488010380801557
run_1543,8.904268192057467,9.874925718209287,2.9143681911302792,273.8158537999755,0.1879612199646413,0.02291458655192831,0.294511017272222,0.1885544924912039,4.250209850421496,0.22770067420908455,0.6247380002051846,0.0010209708914966588,0.2244412458115112,0.6628583414099362
run_1544,9.001958373338578,11.089574671717383,2.863306119005324,169.13911793463657,0.11698352095577062,0.2295088221800348,0.15774766509299387,0.048291190058065626,2.3457645212498153,0.47514836393787363,0.6913740204335856,0.010136319304311116,0.658414317608684,0.9834414431058663
run_1545,7.199770253114564,10.877606607785072,2.701565770438699,176.29165867219317,0.3995050350713337,0.25879649935404153,0.04642993717789698,0.1666795681866655,4.546639688603821,0.2206172304033322,0.4470681869708445,0.005403942793772546,0.7059950176722911,0.6687809805760775
run_1546,9.149824611615639,8.245537899676576,2.8701459639753004,152.9906791467913,0.31337843410345434,0.24999337685397116,0.12724661331146003,0.04168312225193167,2.7484401762575463,0.6432878684509271,0.3833540596252936,0.010282477486077416,0.5469065036829918,0.20327049544278605
run_1547,8.848741604144054,6.033518645067042,2.466461598717485,53.28527035111467,0.17446062145188174,0.1628873605448851,0.2469465156951857,0.1518169389767206,2.1931890850701246,0.4680697801490611,0.39413858799370566,0.0013713379027726906,0.6371253299785422,0.6562806181219591
run_1548,8.831555738123969,10.868577831407903,2.5706038496912837,118.82359499996895,0.25302921613607376,0.04942526015061166,0.24484823111675438,0.1990031696332622,3.9935174973755077,0.39329414355124714,0.4906541456461262,0.0036903101074275144,0.6610121304134752,0.9725149614616357
run_1549,6.920465797315845,9.621804370310802,2.7537179351516303,74.61534550675947,0.12277766666289074,0.06328794939185303,0.11570502612609576,0.06435334341889826,1.5360740540181816,0.4218169244449564,0.47872591418992827,0.0030337319912694958,0.14109480915666595,0.7867891244156212
run_1550,9.307677895181156,8.214715912521514,2.623640355765682,202.766329384665,0.36082160357204807,0.23167003460774144,0.0781874349687878,0.017234069207162372,1.15242785449169,0.5065469135697014,0.8469635714499322,0.007876017984997834,0.45819638966513787,0.35032407899065465
run_1551,9.962457958156762,6.037560163735284,2.9987334407755784,355.6075703831717,0.386881342473808,0.0313867249528452,0.05914164591899607,0.04197593932380526,1.8032018972842139,0.5217594130105772,0.5090274155427207,0.006125938860400918,0.17215256264365758,0.4550227771146159
run_1552,7.590635736105054,7.591777051037424,2.7385368735944415,3.810239717202602,0.23306719895050804,0.1116301337464269,0.1434839505334483,0.10560635176745943,1.9738322150405145,0.2897228785743574,0.5084863397358859,0.00718778292785078,0.39875071873406664,0.5196421921845711
run_1553,9.927996565317304,10.074620484100274,2.899655389383806,20.713751519442717,0.3285218653763118,0.13821062397836253,0.12938521166265393,0.16499054884509926,1.9866086872033761,0.4053761001944686,0.6819322834905078,0.009013301573034257,0.37346990340416286,0.8210441692103829
run_1554,9.648201449341027,11.884544839108484,2.979158370850209,302.7941075817678,0.2187497476172341,0.2279441115933523,0.028371763830409933,0.16056793220640528,3.7152789596995133,0.23739881893612194,0.48739326678943096,0.009176734995248712,0.41220684521803497,0.8242141616734634
run_1555,8.542016171114803,7.16896925703497,2.678575809228402,330.4418827143404,0.2779854453825491,0.13875100922527897,0.044337409349060886,0.014041958019769991,1.178533349758355,0.6453907337083844,0.616344598380251,0.0029170491125743896,0.4190156185020276,0.49761219797612516
run_1556,8.726392427418762,11.448485825868863,2.819036271027579,144.27758799785812,0.2669753491455695,0.13398342754211778,0.06326176520035932,0.06847316500208983,2.4342943509805903,0.5932520764215994,0.6433722203404947,0.0013070919517697084,0.2358579926196196,0.5446447873957599
run_1557,9.70370984845601,6.431029472109786,2.830934032982331,229.9083361991412,0.20413290301246675,0.17817741895137465,0.2812272780160328,0.16544430836112964,1.2386561640171745,0.6191254599402688,0.3946362023536825,0.003649133549990809,0.4227712823250557,0.589472292094627
run_1558,7.552445111010439,10.138061901755055,2.655147834727298,337.16297291445386,0.252219663034295,0.282773887764907,0.3122694866371262,0.10414590762076381,3.6706311939832315,0.5396117006852055,0.4310495949557336,0.008081756137134397,0.5759482186654389,0.19490308727410474
run_1559,7.447878038982547,6.740975989364179,2.979384208234168,231.3983771041057,0.1397431611722233,0.022478849376261836,0.27969183835136235,0.12055489405245683,2.9767787401910475,0.37337768332927357,0.5269290216555688,0.0033162840234728175,0.5568935349010431,0.9975106369254776
run_1560,8.618546381821407,6.051034448405187,2.563634775254617,139.91787914607664,0.37288931521419033,0.057015561679987496,0.21544603018539532,0.14792788993953018,4.058721782989339,0.6659321263772808,0.7110283895432115,0.007315525682270902,0.18394985143631298,0.16178682248345946
run_1561,8.457513756909742,11.772510409060288,2.854524660904194,104.19042777537354,0.35313751438270347,0.19198183863713827,0.2842432229655626,0.04079253079750742,1.9521488431648915,0.5511975744084407,0.6225926088813063,0.008127244155158173,0.6275060343361458,0.2946225814215723
run_1562,6.1093901867299465,9.919503865440843,2.730660241830114,66.43171614244096,0.1332471759256169,0.023515451186334135,0.24580589909932216,0.028439163686777277,4.322358874978581,0.48496181516998244,0.7023780513235172,0.0042300176828080245,0.590440195890079,0.39282756129128765
run_1563,6.6145203995001465,10.94752028982957,2.767095861327138,127.40256762001542,0.10916681801177607,0.17694999936057776,0.09805018708503019,0.05808142432893571,4.806514388148486,0.2525473538485348,0.435752753617235,0.00849626611656165,0.5910595855600126,0.5151109666286255
run_1564,9.071570488352291,7.023228913259996,2.8194193963324032,280.6559161919826,0.33533092443502877,0.14250297470668116,0.04730246964807806,0.10842818845180603,2.332548461910422,0.3088847930411941,0.5999535618120952,0.007487370956864431,0.12007511480448785,0.1974907225557953
run_1565,9.044714145616611,7.516080750216942,2.98906349745394,61.03882759273304,0.320179777147372,0.2073375597845842,0.1732819274365041,0.025529361720592197,2.219039952708888,0.45950959307333655,0.620623881828005,0.008577514109941967,0.2726161547408126,0.3580385881620856
run_1566,8.59892772050799,10.322942838039161,2.8681933695352333,243.31969083084914,0.12812334729289981,0.283516027090556,0.17882372910362118,0.15083395080183104,1.9072042933397344,0.2786884632478817,0.3878412096305209,0.00842056900779245,0.16298704173165574,0.9279247017081448
run_1567,8.851975286509076,6.172333845619632,2.6692199742804577,60.204414475013486,0.12978785964560346,0.2732432907771043,0.21736848510725362,0.057611506941140575,1.4783403766922167,0.4163648442793385,0.45498769333850453,0.008442645195058922,0.7554824248241205,0.8438396132169521
run_1568,9.22012003883313,7.883441117482146,2.835866365326649,160.281656334784,0.3766618873994976,0.029488413234918416,0.17837327228778083,0.10920649125090758,1.6058912096313414,0.2090129743622633,0.6641316128467954,0.009222404786864945,0.519451254182339,0.7758985760634466
run_1569,7.070742852349305,11.012312359918287,2.9809715746907433,191.12768740785816,0.1962356782964384,0.024770204550885105,0.07207007937811954,0.031641101496402306,2.532886186067156,0.2855676614791014,0.44424995418055085,0.005663544024961097,0.32049098938789544,0.10438666410193279
run_1570,7.735039645268007,9.463800350409407,2.6499085502904713,351.3973957838654,0.24413827199758784,0.12249695480453267,0.22048317765407033,0.033261868495663365,0.9563882239874648,0.47073081549116863,0.34408203961580697,0.002247850111726372,0.44661570522422445,0.6934903209375459
run_1571,6.284060747799612,9.601857641209456,2.650699023791693,48.87453368988579,0.3037723207308075,0.08968909805860023,0.2576209720443676,0.06715772527942881,4.207623784416481,0.21299317118372119,0.5247984598397769,0.004214105004112391,0.3087159128679198,0.8300294724729675
run_1572,7.917053830520662,8.709354688697093,2.6488668170259424,258.7540294750569,0.1933550571223428,0.04346369429708909,0.038777179630084466,0.11511656597479913,3.9120559193827873,0.39244083548764397,0.6600619763539258,0.008482949466149706,0.18679068232325782,0.6744696292908189
run_1573,6.422160969242855,9.954129844654979,2.4298076688486536,232.8867098804625,0.24829478706888214,0.25065570727680436,0.3393099120978665,0.06162897647991305,3.5787627212479096,0.36740987234744626,0.8157391465609571,0.009863639606938989,0.2598039190760666,0.6267554507809888
run_1574,9.04681638849259,6.315317664440526,2.629062673336561,250.7525754773015,0.36994094974969505,0.01850793695929145,0.20516455508881068,0.11981799055955351,1.243416797724711,0.39673019156555933,0.38239970059422385,0.004326122487674871,0.4101894471430324,0.5355337064121645
run_1575,9.140366580432142,10.064040005010728,2.4727632727969406,333.8555333586418,0.23966140297130184,0.27446278203668445,0.3119828074009577,0.08582770260139547,4.572205686803694,0.3493065015858374,0.7576981959579294,0.010205372624209258,0.5972165026970514,0.43240919337578965
run_1576,9.462507279829609,6.178574868488982,2.970334257012504,249.50189132833017,0.36907662191821267,0.2019482713510423,0.32149577096333004,0.08313871262633633,3.1883521888420034,0.4410656010861659,0.5364835948923612,0.010336413843272902,0.19840487432234644,0.7601970771266306
run_1577,9.820012776447626,6.978553685345672,2.906783322355265,233.79780549554687,0.18132510999435525,0.1314656920287296,0.13543192642697396,0.11274603777296108,3.4096042478891446,0.3642228902999676,0.8447401908456336,0.0015345809345006225,0.597471705453719,0.9335285792545169
run_1578,6.060357863292697,7.309793339321855,2.532364138154872,125.89624274535663,0.2636070548375763,0.11019861204956631,0.3467616202135799,0.03012934114688972,4.475337214888507,0.42423057832005995,0.3450213542418684,0.010154067086764525,0.4887916962144435,0.6115913687820961
run_1579,9.990968436318473,9.07482135037596,2.6478604717845626,277.0580991259819,0.19937769100797248,0.2619039890983583,0.08073097589653538,0.1298597798733026,3.234586232996622,0.27119234856861885,0.6337648765860986,0.009739874292826661,0.5788606368774996,0.48922100172616867
run_1580,9.708846567338272,9.18633898194809,2.405141082269369,273.2241065878111,0.3960301633929253,0.13757232622023213,0.2739364767894732,0.16805222242667564,3.8626176480087757,0.31980140741978585,0.3300262570891423,0.008631673741258665,0.14710218692434113,0.9559233737260754
run_1581,8.571610317432347,9.764692515327898,2.8833072298361033,41.91703246144522,0.18043650363241243,0.17844392417792582,0.290600213482586,0.1574520925298501,4.489834048351905,0.3871899424202835,0.642926619178992,0.0013451137116108043,0.2425183209790795,0.6314923748115708
run_1582,7.928929537047462,8.622822561940014,2.5134483183093304,282.98859680044893,0.14750516982498701,0.023941293306625255,0.07418490735799005,0.16112279210005573,1.8478969061335877,0.5299410711862167,0.8705644683528633,0.0016067878486857056,0.3799493243302837,0.9367073082411278
run_1583,7.401747064480549,8.595886744401415,2.700814336349506,202.98443465022962,0.2653539422027328,0.15384885292806202,0.17775136482938195,0.1776410599569012,1.2978127141962446,0.4753469196329244,0.7368280594271808,0.009722846813185113,0.3057883895018533,0.7844627130111479
run_1584,9.334391213996133,6.488586130566106,2.725747024496508,134.1746280176425,0.3323563831206897,0.058927768689373335,0.051205953182358724,0.022997165244968434,2.709080234488388,0.6242360308378584,0.7349151542975068,0.006211504516947687,0.6235208397458389,0.5331681195929435
run_1585,9.808642415133592,6.242364425944154,2.4926974226193805,215.0866228953617,0.24744993581724592,0.012623717911252883,0.17602397932452638,0.14545684864883984,2.0451057228633833,0.22704560128388038,0.5193566881212671,0.006296899411978821,0.578744254281561,0.2967388626199202
run_1586,7.747757047886595,11.109613081305676,2.9866762545648577,108.77475139981601,0.1181454529476654,0.1724322000054217,0.293250208478728,0.07385493358600836,1.3729096971837715,0.6260524756906012,0.790159768280496,0.003674851205189256,0.44272725944617675,0.8603068835744438
run_1587,8.56951133477219,10.96996641721607,2.4857110225023042,299.58604800653615,0.24099331573832802,0.1394789917241109,0.23165323695577367,0.05842368753063909,4.291928152499834,0.22857079626335283,0.7058928711228694,0.005768916708768353,0.16938487961073795,0.7047985211489434
run_1588,8.41028213116013,10.480145539447818,2.80152893113152,136.5636567850297,0.13920053429895723,0.20181474426689272,0.07187720386466352,0.11448896954422974,3.4891651914233677,0.6490959321975744,0.6674533489687383,0.009842778342133571,0.694715359796209,0.7043721435663829
run_1589,7.425808887883863,9.503007929636187,2.482519458017908,234.4151191389175,0.30571368485196243,0.1896781391548828,0.3268177195718698,0.17465294118236346,4.675219970295394,0.6722839355449572,0.8479127975473455,0.0025165431882185263,0.2546856086500021,0.36044733987653993
run_1590,7.984975108428764,7.272084694858215,2.9967721614941327,16.420420319362826,0.374850431931708,0.23824399422076736,0.1776304878605744,0.11609045547596722,4.877151087201141,0.6916489142509208,0.5069503827545674,0.001191276926143926,0.3291501951241186,0.26041317816750387
run_1591,6.869565383201529,11.856250819916928,2.8825970282375373,121.71104699587498,0.3422403415083509,0.25200763763850903,0.24132572134204042,0.09693386197362801,3.199195586119683,0.22034136552044992,0.7126917542911984,0.009572123828284644,0.439937240014985,0.4759750156800005
run_1592,8.685926897329201,8.394375236856813,2.884766997707985,86.09021460911882,0.35437006858040543,0.23295689971146932,0.030639798154340866,0.1545434181284623,3.736164010878168,0.28503111647728807,0.7718333866424418,0.002505142933254623,0.49065707909928413,0.29045518249903224
run_1593,6.327766206322929,9.709561255740935,2.8062629566931663,76.97952428740471,0.11423958521357647,0.20473965920565507,0.1420099269101332,0.15129806936545068,4.878868059532465,0.34776657616216194,0.4732068409755798,0.0045266637316387776,0.5184377694459708,0.008885998700925588
run_1594,7.762334935696421,7.890946854211566,2.969913131348612,352.8678104007911,0.33432752740267835,0.17497079994218104,0.20021267528233264,0.14916812737804577,4.975587607469303,0.5127502665936989,0.5238400875787803,0.0027386838807124054,0.7679118749965067,0.803269406436202
run_1595,7.202645568936081,9.785036422988664,2.9161341694387746,239.12285761611915,0.33646844044736157,0.1523302617993845,0.05386766970256629,0.1939836163211364,3.334228065197613,0.6058903631887655,0.5201646763039094,0.010059041345517234,0.6571756106701003,0.6700812906426258
run_1596,8.057517503183272,11.022440342461566,2.587583920141576,162.19422447817286,0.12026946505387848,0.28974834230908253,0.17415035219124755,0.18769284069461856,2.617886361087387,0.28027855609108987,0.46713833145178363,0.007196772794011807,0.6856649051472528,0.41583085758647137
run_1597,7.8306436190092175,6.118158386866819,2.517746715614264,101.54188691746782,0.36531309246014765,0.06309936733367666,0.18511295499501698,0.09613827955237178,3.7748144599153166,0.5424827464573692,0.8542207270026891,0.0038276165997971345,0.3715587635518107,0.295934000769997
run_1598,7.603050866295085,6.734156309687826,2.8955169213265757,312.005039375859,0.32403846154338034,0.271457526103961,0.20319280275537915,0.1489265488292441,2.462364428104377,0.6276859941257076,0.830558600368063,0.0061275373576565,0.5711165168007637,0.1724789165870472
run_1599,9.526936346104637,9.688092101972442,2.4035742838419782,10.650749215693976,0.1680586072002013,0.2301281377678361,0.19927270136871558,0.07800555250187022,1.9303476361305398,0.291960692874345,0.7680838864683457,0.009201554909793356,0.2758485647992052,0.3693644537770034
run_1600,8.633125324472708,10.471415938635086,2.792800265670083,180.42589340311196,0.2671899363505956,0.16997006587671823,0.12838714484069796,0.15632884853608714,3.1472284751211657,0.4983826509283213,0.375170172899357,0.003888507642702303,0.402817137006673,0.35906695954768714
run_1601,8.061537648437254,7.566754636299038,2.4519388802373974,289.23003166660857,0.2511940094409063,0.2342997012604739,0.21307649211378588,0.010719943452306719,1.1628903921357514,0.45811792410706076,0.3102643432457176,0.011148293002756167,0.4927868976560217,0.9640572443025989
run_1602,6.452791629202563,10.47648877895765,2.535774843872291,68.60655384882162,0.3704656280216775,0.01309047083119583,0.07302995497549447,0.0206132409782687,1.82201712310681,0.6307169112244816,0.8810858514584219,0.00775172070074646,0.48078506596005477,0.8090597059866509
run_1603,6.782700083819555,7.548468998261319,2.995066675001775,148.9996884701384,0.3419064581756598,0.11137606369750948,0.0618676923500452,0.19223866474575216,2.872226050490603,0.4146617075299588,0.5639990859741089,0.004825365011768685,0.498605076514001,0.7615701762959081
run_1604,9.563804544161986,8.654248894387933,2.4335955604782344,266.5812820719199,0.2824537843408068,0.26786168136095445,0.17799068511211066,0.11783753472757535,1.3288972050218268,0.5770517870358834,0.5523578629572145,0.00438780129403111,0.6263535630677758,0.005726425549563692
run_1605,8.971819616959113,9.13115290132134,2.641078898067003,272.13170083942134,0.31769437799678535,0.11113821610701084,0.10159602982836471,0.19985994154474584,2.239733782766655,0.23037690273662798,0.7302301455695901,0.011332321786444388,0.13897520809111522,0.051583018741892674
run_1606,7.778757824699542,8.15632180685798,2.5415634120952477,274.5736421166633,0.3616408907062637,0.19664853311322164,0.16886225714291114,0.05341467184863857,3.8181749353808216,0.4428488443276425,0.8508035455852707,0.00411979476995817,0.13939942749373027,0.19866192502041605
run_1607,7.892768128530166,10.669987819565428,2.4550399412566692,176.00321142369322,0.2909368254742026,0.1348837114557035,0.3497750790871834,0.15223820723437845,4.234574492263879,0.48429755265631325,0.4914781173535013,0.0018867972796665308,0.5579997339792218,0.49701941037012665
run_1608,6.291189490837044,10.350620568725239,2.96535312335838,6.077684580551916,0.11865566290949442,0.056476979134026564,0.2550570886473755,0.018988659490428432,1.3183641315909085,0.29900323864631406,0.37210704488376606,0.001989045503341064,0.4308323940823392,0.9706990607512598
run_1609,7.594554897588814,6.916246540879761,2.711681859834184,171.5034168482639,0.11458468835025304,0.16475061920184486,0.19225249525866125,0.09796855460184443,2.354409183338147,0.5408902179513044,0.5643919015645971,0.009754503561769493,0.16973066497711303,0.15700885911559473
run_1610,8.6074929224986,10.43764740707875,2.5672185148640914,237.1908427529534,0.23600584644342543,0.1153089125375857,0.08475379377847811,0.056070459611117195,1.4260646833703148,0.21260276268657302,0.49537245791012824,0.004296682269437625,0.6888692398975118,0.43661500880940657
run_1611,7.431935687341194,8.846064340537515,2.565711759382337,38.890084554932905,0.23389095239153218,0.22286358281873686,0.04291476669741909,0.19102393483732152,1.9771987673475917,0.5159676393702659,0.48131544175781527,0.009018712054828619,0.31334982398610356,0.4293811456186371
run_1612,9.17608742780659,7.522910208133216,2.890053223881666,341.93241124172545,0.17647941852968668,0.24383387560333528,0.27544841268863257,0.09382598641079373,4.138081428493858,0.2530448573325724,0.3659987553754386,0.006962953695598277,0.35862916254608335,0.2730648640455445
run_1613,9.396104855906277,6.5285424915025825,2.714094121868831,209.6052825663902,0.25602568055758734,0.19015597262749623,0.34945401028526757,0.19862528393446033,4.932630542787143,0.5053759215887885,0.6587916459516291,0.004686957365036932,0.2451133417114218,0.09540432850973875
run_1614,6.533965234197805,10.719233642957311,2.978833104291875,161.70354839058325,0.24958309634282205,0.23190414438878393,0.16842037059455411,0.06485037912071187,0.8813697151825985,0.5333596620915365,0.5633383238096095,0.008568454174571737,0.10822165131240521,0.7188830798595868
run_1615,8.188720734948264,10.463729041189527,2.952169794294417,228.44412636859025,0.28153482122455764,0.24247800126874852,0.09723602695682035,0.10780754648379988,2.759276249782099,0.5945999905132917,0.3421268975006126,0.005548470965384744,0.5049020347613038,0.5949937819220609
run_1616,9.425493642108083,11.26798844063406,2.4235747892225312,267.9342492381601,0.38853443775090113,0.02853108856518303,0.1921274216251469,0.1249676610109432,0.9904884479738187,0.5079218561414192,0.7345371522472408,0.0038532143508414,0.3039317747853759,0.5482737813879055
run_1617,8.623227395195446,10.155545303088655,2.7021453019318242,140.14748187451553,0.30423283201751994,0.06612125035170074,0.3213182482793128,0.038215661955119884,1.5648981141773561,0.20118394194478378,0.3728312722004061,0.0023136251453159326,0.1557178489958289,0.6578465689789121
run_1618,7.584648414979565,6.793379591551373,2.873452200809128,249.1648528619446,0.11499043766134605,0.24050092799663622,0.27240298395927715,0.19830865430333583,2.060600542170434,0.3346126490123329,0.5427574873978435,0.011453107893381397,0.446480519149126,0.7695647321356924
run_1619,7.268946813296207,7.065574790737908,2.7574823754846136,335.4140605946617,0.3990503360491806,0.26354561162870543,0.1390510477889765,0.08478954766114351,4.631911402957404,0.29117456721388735,0.7771937433112327,0.006860623306359815,0.7031983426307925,0.42165859668415223
run_1620,6.292648620982751,9.658728957252215,2.4010554327997258,347.73474230676794,0.22112177408759529,0.03147782677818549,0.304587676894295,0.19696588870865558,4.615372854566147,0.26831577263521567,0.7857876033268862,0.0019642515907553337,0.6716679999802239,0.9899888458632117
run_1621,9.968515755495897,11.161500947175622,2.61314274414309,111.05084292476198,0.19702174283075313,0.035242903998403345,0.18078622664527405,0.010152581379041535,4.483002672609691,0.6845919523044643,0.767777789737258,0.008881933059872057,0.669253277735173,0.9688621846595923
run_1622,8.561858073370297,9.809201671685912,2.9197144906373103,91.44466135764881,0.32438812032733466,0.0988286868664774,0.029279074197220173,0.10428041576030052,3.942331445533286,0.24438419788207746,0.5258198889883686,0.00208634486254683,0.2209664623545221,0.17414535123428573
run_1623,7.941656750355262,10.768511556201084,2.8227122812322856,68.30427708761283,0.19041441857878225,0.0501743017071089,0.3020228244246362,0.11851363788689058,3.601169984353847,0.23153697759754865,0.6878458276237185,0.0032253320129252577,0.4024120328828883,0.37221030263614696
run_1624,7.79947200812815,6.710998118493114,2.5190979632329857,207.31057421759624,0.16487097178104831,0.2761496907660463,0.031025194234916023,0.06692741105909007,1.6947580551645385,0.23562205545292003,0.33466600007635644,0.004511386514365838,0.2584197488693015,0.46039459425433144
run_1625,7.2443266788830645,10.683958405249317,2.991502302572332,82.35966937699793,0.3501661828247844,0.03384338833678428,0.20141676680173276,0.13712182034484052,4.769990437825042,0.6361470673405742,0.499575114070838,0.0035470219429024163,0.209263903315831,0.737752541452402
run_1626,9.529287113325939,10.954013611970577,2.6010549395869527,30.78384487607943,0.1228814123146062,0.01367310517916535,0.3150148707213534,0.036876690986836935,2.506768578771588,0.6354963774664513,0.5701471717203339,0.004666447641380635,0.23556260381654817,0.8861923429828413
run_1627,7.253664267131112,11.739978535216554,2.871543779932604,172.07892843403516,0.1543044711005561,0.1268660871681782,0.20109446577503517,0.0414794364321097,2.6514222134719674,0.38140469771131463,0.4071831817378634,0.002729188153360456,0.2793685678938032,0.808056841633058
run_1628,7.607783772707926,6.889590697373658,2.9261282799772435,104.93337458732987,0.11830314494467267,0.03425356611004742,0.20810236985365135,0.04729676874576029,4.006225349088116,0.474328786178504,0.6811948658785684,0.006896440755799736,0.3431773556732972,0.4608250869078373
run_1629,9.196136371027913,10.995345957737694,2.437112048956205,291.3330476380163,0.15086744425248205,0.1598327579887022,0.29610894205178334,0.06807724693584112,3.826265939618132,0.6291207065398224,0.6899454660418315,0.011111900019353669,0.6912448890943671,0.0682539328429811
run_1630,9.369373474551281,9.35200101026414,2.622764931074148,315.186692352962,0.18304717891736233,0.2729259643960738,0.23112230080163798,0.060817631346527054,1.227413508373281,0.5962427090644586,0.5907630504890681,0.00682046008453125,0.14513232085672106,0.6077501526432021
run_1631,7.298076921074886,6.428146083659319,2.9862287090108017,208.0528033212419,0.2925990096319331,0.05168307439914223,0.22093612296245593,0.1187864737008048,3.4235847637906236,0.2070782774115479,0.6633980158791635,0.005308265732811505,0.29293850980023994,0.037165056173342176
run_1632,9.710331449448855,8.479325633588926,2.9467947935328414,167.85596750909684,0.2074839647451952,0.15495178658579994,0.18044498643009338,0.09574842625858096,4.653266605410489,0.3737923619247351,0.4383730602806305,0.004177143536973278,0.25891920378632804,0.6715253187296683
run_1633,6.372286560550961,9.797911881483419,2.4367886346017484,211.05767941798106,0.2836421925576292,0.13910295221150676,0.03350226347529173,0.09295711472568885,1.199108285598955,0.3243621229081875,0.758728787260653,0.011159518496132094,0.21048172651309066,0.4825931647664053
run_1634,8.177765309456053,7.724523721128273,2.823302286454352,154.72283605177927,0.1389309072963996,0.09077210052419363,0.12130370103474844,0.09775748817324727,1.7805365743513817,0.3596193450494489,0.48444009325708814,0.0019951435668090524,0.3240654256891919,0.2253357015418292
run_1635,9.210841219635943,8.732686063080656,2.663848325210085,62.52626877974475,0.10848252045835838,0.2091810651366196,0.2933994698069101,0.1574296085434741,2.0975570484595703,0.25412607595927494,0.44665835122383457,0.002071271020369164,0.3834423138146513,0.798598757819333
run_1636,7.215100565864656,11.170342231405803,2.5864251125555797,0.8286507228929824,0.31565523534240353,0.25107954540105903,0.17051309123041924,0.18600093516024555,3.162213106558802,0.35752157826446407,0.7833802781274319,0.0016816355157674412,0.7517330050174512,0.44941476740499076
run_1637,8.611804539633017,11.879480349306792,2.569820089828302,256.46016703006734,0.30493195121114475,0.21218175945734474,0.06115328874976553,0.1835302686044695,4.216504838377621,0.2560723363055496,0.5344815655575538,0.004599557576229069,0.3113818833644134,0.9196120310850758
run_1638,6.822615456974215,6.29841209889026,2.9779511077716276,14.699334462915706,0.2616486394156899,0.2488050724417963,0.10483840904101466,0.1089857275699757,4.901297020563392,0.20524225470356866,0.31433896575846987,0.009279863923568547,0.6527615942796741,0.926789630808692
run_1639,7.8231827226018895,7.462269642334905,2.52912095172961,148.52790043494065,0.11322713677523008,0.1405255887003366,0.3030628219203672,0.15203641610373297,4.419233834745326,0.6583512082090177,0.6369818322008375,0.005849905458444101,0.34662383863947543,0.9840436735096904
run_1640,6.5489544751387605,8.705844637146235,2.7166783320646237,222.09105794341724,0.2551965569707194,0.2994859784857572,0.05530541533471452,0.16841340544213343,4.296461488210361,0.3973887237804171,0.4334913108698121,0.011629273265733344,0.5337735500311845,0.8764370477708967
run_1641,6.838166454518552,6.505108465530122,2.668434720409323,290.44906421979954,0.3668354639105036,0.025221800823288495,0.33993867250946047,0.05192585751518128,1.34856274318689,0.33884445678804,0.4863279703417175,0.00918457244648458,0.7317296445066218,0.1099052650082109
run_1642,7.303208420211576,11.881976731336154,2.869342328240513,263.65202427569045,0.13468038113230651,0.09801391339201997,0.06777137912409702,0.09280262982372477,3.2611892164816263,0.6747882339327648,0.45646597365086017,0.004356514003463671,0.7132425429464248,0.8254828436284385
run_1643,6.089475675896608,7.03764332522917,2.7620705969518813,300.4297846034758,0.22362916459311022,0.2119321148517993,0.23223831488054436,0.09636265269899043,3.9033362916628658,0.46224646231560623,0.774652767497638,0.008454025159189797,0.5402439099536024,0.17075517707725746
run_1644,6.39767913222991,11.797192158414513,2.8741057290164034,172.93019711264748,0.24433287443096247,0.252661328529406,0.21354771683941445,0.1397092179377648,1.0930534062425679,0.5224268206844807,0.6239387086788434,0.0026953973078216505,0.5019253197830181,0.9038595290358233
run_1645,8.474065801654394,10.629568983207848,2.593761959321725,91.41073858559484,0.31186839282836903,0.13309015496517998,0.328555795074155,0.09505938777651403,1.091761034522866,0.3538891285674094,0.46133340945639467,0.01193130252095198,0.5220135410750869,0.4750841019228463
run_1646,7.704557801580717,7.128280265544657,2.985540612715578,90.2906293972771,0.21057918001794743,0.02053079224290496,0.23391339813774276,0.08894632634787795,3.2049811873074887,0.2345347956220673,0.7570779081491665,0.009026777448123663,0.16074230625030692,0.6682748532100452
run_1647,8.613744601728627,8.046473601445793,2.6950828372698985,58.755271609086364,0.16302143922308132,0.06643784579831256,0.33469278632873106,0.17030124142026737,1.6725589647125298,0.3859349619621011,0.483287742628947,0.0046375361478058754,0.186177050779795,0.7610291407941484
run_1648,9.145290032482501,8.569802348545394,2.8874510983108723,312.8427691158001,0.181172561950554,0.23504614745929892,0.24819450609005458,0.1530500707685022,4.637596312437167,0.6384069770210478,0.4237956406707569,0.009002046996437873,0.2333243977748543,0.5678106007235073
run_1649,9.736147602912038,10.293830928868562,2.662571832425947,261.8578276782381,0.35683982055833763,0.1736460837266733,0.029215349025798105,0.1395424927110858,3.0278243670463922,0.3485365751342671,0.5736479117806575,0.009303418920894351,0.18028582719402855,0.24131812014082138
run_1650,6.009691547651313,10.825051778065774,2.665571968007007,258.88054990660817,0.37207761691211605,0.2851356761148182,0.20667111635445504,0.08532643389772529,4.325729792578521,0.42598570230161237,0.8371998691952827,0.006371532762195307,0.5064557453802755,0.8978350601393181
run_1651,8.875719208391644,11.21115937310703,2.8395373570788043,43.35763936402732,0.37954558319500464,0.22225562772560717,0.09098164439304213,0.15161118212875008,1.3982939534034724,0.3400682890029175,0.6828864847451445,0.005970674310493519,0.707837488352178,0.9227924905512541
run_1652,7.767464599996456,9.077133336875471,2.520959522882394,122.44466689105921,0.21944610561820443,0.27757041783425745,0.04587769418626712,0.1774516624785937,1.0714868556144976,0.33147090806561624,0.368057678848438,0.0022973055413562987,0.2068435486818874,0.05920422955781814
run_1653,6.245099679241262,8.344571305975713,2.9268517322018486,284.19809763978606,0.2389925133579482,0.10051477590020239,0.06340560110228219,0.0676236610614596,2.901628883459775,0.34726338969667375,0.44297762419114306,0.011093171907478529,0.5155277593319884,0.8430692349834948
run_1654,8.557966156011522,10.72956782571606,2.8472221698519546,127.75067615605946,0.31460952395165137,0.09157854951758233,0.29598326049987506,0.14987476617642592,2.876269234440069,0.6119318057134685,0.7990918175392043,0.010615724170288856,0.5147499400885315,0.5831265360213866
run_1655,9.823322062496015,9.328271280680248,2.4105715433123285,61.288049669826016,0.18030292731272038,0.22258160859413073,0.15385764673073585,0.13707679476056348,4.569653606265471,0.3592906425425739,0.6604149516055946,0.011465238833767311,0.7274343134367253,0.9240710218118666
run_1656,9.724603457085436,8.825143049311016,2.8613603263494585,164.91946133986124,0.17251356629804193,0.10425530146246333,0.23992144518371628,0.12301684243844317,2.926689412099784,0.38987952996570185,0.4670031811072586,0.003023597451701171,0.5303907548297375,0.06439055703334848
run_1657,7.996369230007443,9.581293222400625,2.9371623385286942,222.35890711637472,0.3851276159690902,0.2974579640397568,0.030874832120358728,0.07254951232858221,4.549586988478165,0.3490402802763236,0.5322158244217864,0.002964484580303281,0.7540070566929898,0.43119415345566536
run_1658,9.92494671660994,8.492090074131948,2.5720694039613123,200.73073197970004,0.14975492802356996,0.24448101422671822,0.03995139273562867,0.12150085710690514,1.165142250085285,0.5050107064127862,0.5213486804520973,0.0063087569490508505,0.6452863102824731,0.015882217450764922
run_1659,9.85347968937794,6.03210829490384,2.627124208871888,148.82844425234222,0.38167395415538674,0.205939707134177,0.21952024847011248,0.131848017985949,2.6316764298220816,0.4204922410268736,0.6423527808843579,0.0020905213170438267,0.47033618452185066,0.9371812728582308
run_1660,6.132117326711679,11.872830427771515,2.6004802405665837,7.969398442522031,0.3966597088208973,0.20112151596683123,0.14544838377142924,0.011057696580565166,1.3053385588983233,0.2887896863041261,0.5744055070618111,0.008144695794224997,0.220041618502272,0.8401904062263238
run_1661,9.959775520977306,10.107843800480017,2.696290893508898,169.40328469318294,0.17696909462336421,0.18960162696834196,0.34418087796124375,0.15234029199666987,4.818504209449827,0.4421641908890115,0.4190369085205592,0.007781152353509288,0.6720689242209892,0.21722997973146224
run_1662,6.603111962683079,11.06714820846086,2.780695892964821,350.66694510720424,0.37617987678294507,0.23144998090283317,0.29531470126173814,0.16027191623907028,1.3210879533255757,0.20931385133635919,0.8847501536356861,0.006075203168346997,0.7175559687524137,0.5212920203805225
run_1663,8.378720657129524,6.546742176919392,2.6849478853894664,272.6686731182193,0.39804345896860927,0.22501220816944198,0.15041097185018515,0.026238110734985554,1.0764530489946993,0.2438312084261886,0.3747620780616768,0.004958098010554279,0.3337706612857132,0.6721203138369208
run_1664,9.90521763262326,11.330245717214837,2.505458792707366,153.72542443030667,0.3544941040245029,0.14471087930421395,0.153008860011552,0.015974973247798202,2.616169924513695,0.5320565545650394,0.8920387160650654,0.009950799427622892,0.26696130206110175,0.4047475813147405
run_1665,9.35376595822211,11.85084445429692,2.832837644590779,45.79532315733557,0.3937218431851808,0.10577582324406226,0.14844892867110349,0.06020032307421533,2.6687334022883076,0.6686731089859306,0.8344487571639418,0.007169602168600084,0.42618625965746726,0.9327074295102891
run_1666,9.457197505270377,9.316828169221695,2.7657009561612305,322.35987887426035,0.2282268736543291,0.14037294203646475,0.3485163324804037,0.08933282583095228,4.265688882191303,0.32036795927376904,0.5045164797955412,0.0016745228958486074,0.7685609159005303,0.514471247725874
run_1667,9.912462902785988,8.79351653794393,2.706988209927335,210.05018916034678,0.1187886017619453,0.0442601412346296,0.15564787224514462,0.14044523308029766,1.790922388766814,0.4402598044569945,0.7979787688256719,0.009507190728141292,0.30065841523303816,0.29293137934276153
run_1668,9.831630064886038,6.017966485069029,2.505652055977259,199.25322888586877,0.12090511404764089,0.03239056543740681,0.04766692345766001,0.14277436001614072,3.9346709186146436,0.6122607631188097,0.6654643925173807,0.011037924970707338,0.1728931357165342,0.766085495539406
run_1669,8.458071649156262,10.40863906633016,2.5344279311179734,245.87224665071582,0.31538381917971314,0.17044389572140392,0.3396887293467892,0.021738369757396275,2.105071897531272,0.6326154068017902,0.3021388305785092,0.005046097479530267,0.6220893156655073,0.7951490523803524
run_1670,6.25070304612468,11.23251045904793,2.9432072165619165,114.11884904107434,0.15475839044738712,0.2459085873179079,0.05348949789670392,0.18571942596078037,2.7983105805836797,0.34229049180564763,0.38477412615367845,0.004205705956595432,0.6166859477202726,0.01698989424146998
run_1671,8.503450534023132,6.442385779164325,2.4841686708913455,76.20835889897764,0.13489279784609293,0.19148336521671705,0.13739334319523308,0.14728570930545137,3.2191636773267023,0.4502650895081645,0.4768925334974395,0.010815493144843702,0.6642959375031826,0.01430586163063707
run_1672,8.872766710355798,9.786289107962741,2.5233461405857422,47.24723399803035,0.30284250218081316,0.15465309696195972,0.09019889282451499,0.11619383257350879,2.5576041732589854,0.4108648168310203,0.4016353983945581,0.007364992007314252,0.7436145367719567,0.0714957524309157
run_1673,7.324648593300516,11.518497601686246,2.4624143953779507,357.2554525905845,0.2180315115823749,0.12353164960363633,0.07806530980579637,0.1320654223958874,2.2662711487795084,0.4799820035514035,0.3804237735568649,0.009538525303422168,0.2226062698178698,0.4489345414470976
run_1674,8.12582098934843,6.634938948670449,2.8990438696382186,324.07640964876066,0.17105053173125656,0.23456546396719827,0.14622802078687225,0.03932909711760532,4.0841103576926026,0.32166013508390334,0.5168088386056857,0.0026641804563944677,0.7469317001922696,0.13069842603337534
run_1675,6.80260342022917,11.678529944788158,2.943586216690802,317.73765423604885,0.18921742710405887,0.21788422857443596,0.09675095204640852,0.19432695089500732,4.252056472696862,0.5912743994337539,0.41540354179974254,0.0042725953551893845,0.22730010560295402,0.3886371734921242
run_1676,6.281246661775995,10.833490236792379,2.829161278022273,70.22330426052959,0.1540369092062243,0.281790025853608,0.25115937663643056,0.14041031256668923,4.16001801360778,0.29251865300075836,0.31285847448307286,0.0023078776451615646,0.7243626149648157,0.9058993311007406
run_1677,7.801419524843562,7.071487119204674,2.888071445324702,165.26121829811953,0.313904210480286,0.25399414769008005,0.3055633620000669,0.19614971380450572,1.7634680524009996,0.4175671059052658,0.8836260003601233,0.006752383024547448,0.6411364061905791,0.38384890365395535
run_1678,6.951687505366457,6.999054436795078,2.7338691273008964,211.66925459676511,0.28806436704897553,0.06490870658697746,0.2958170070667505,0.09068490882928482,1.4145320018931173,0.33011016659732423,0.668698256572311,0.003390383051749813,0.6586192609636018,0.8526125766471675
run_1679,9.442518398861766,9.224086452070512,2.5741535471480477,290.72798576958814,0.1373679766495361,0.07732197126075278,0.029800812017451245,0.10480304932070172,1.5851493580520404,0.40249992676954377,0.3598922400691491,0.006642871388200753,0.12364774237324563,0.2617012291883913
run_1680,9.476808239719244,9.151334107445397,2.5514321487417533,212.66654599769598,0.16945302461043746,0.19002553042088127,0.14299539510096893,0.17716376648308962,2.942791606680589,0.4113795402733551,0.7761934132570916,0.009113064421882151,0.7263456847377777,0.26562130027087016
run_1681,9.318234920700263,10.69563136636137,2.875792633200337,32.39996586236671,0.32921755604850284,0.28118924955520896,0.1533818035447723,0.07571221417256667,4.956345266669299,0.5872996194807205,0.8313428020530758,0.01194119384647464,0.43245159220265394,0.17365952863023787
run_1682,9.258791032610326,10.069998983722453,2.7953374159524795,359.3006820100236,0.257328708025756,0.25556878130497934,0.11849879524006032,0.03631767933901553,4.843190949659936,0.2966737804502696,0.5912818014197002,0.010436252632824342,0.5286475247042403,0.5880904602590931
run_1683,8.761246830890963,9.356704655001348,2.7099390067611924,256.67675023197904,0.24579954859067077,0.13651616077969517,0.11647625170287645,0.06004817531987777,1.0205309023775442,0.6480389087492517,0.8325707886972205,0.006705310638207415,0.2298332645928432,0.8440820456440865
run_1684,7.775057623341106,10.655705040078315,2.623409774696655,143.90964573843877,0.33519794581038687,0.16206839917640756,0.26512041241033024,0.13744593982274422,4.369995838628295,0.35635863934495465,0.4076407098867394,0.008141215122080882,0.7929162973925086,0.7777986407792096
run_1685,9.072752739601508,8.269030282180678,2.894390821292064,167.48368658134572,0.26067750374960114,0.2160150686583946,0.33951355184636633,0.18314247660897326,4.385015136693396,0.3816403092313401,0.6522168478468618,0.004087411643629273,0.34795351587251677,0.6348540402295114
run_1686,8.842806948771033,6.9836062607325955,2.62667512677136,346.2688029697587,0.37799945852447936,0.16315422058267828,0.0461365978110974,0.1157139004267758,1.9972420235336386,0.2532885121287027,0.37804127052751413,0.0055224273827615585,0.538456297494748,0.6285610639124938
run_1687,8.404800903075895,8.46677816488847,2.897638422793202,98.61166610360748,0.3141584722547388,0.15971085123736753,0.24528229842188048,0.08354067723657632,3.4291726611433795,0.22247998790176352,0.6842023770419108,0.008831077472721546,0.5205576372843336,0.6941412034497574
run_1688,7.120013164256398,10.793393775758325,2.5526202076096256,131.8016270430812,0.347009192543905,0.19259795625395304,0.31123018302965405,0.05171878506061108,4.922229992772718,0.4435050632600095,0.6705107247991288,0.0038653768671292653,0.7774251717024128,0.6282992869475154
run_1689,8.161491673697594,10.434066522236492,2.592247619859956,190.57256019138575,0.16899876655395843,0.20900086764642106,0.05281012022117333,0.01830091827111292,2.480731624825413,0.6892334199076064,0.4455855578342668,0.004341750475696636,0.6997342006379946,0.5217074922152963
run_1690,7.47604927127232,9.264755450232848,2.8182948218730495,286.1222592537386,0.3654948324225207,0.014271890722507001,0.2590551068000637,0.14245810197995273,2.056623449725122,0.2361749082437245,0.8228336905794948,0.00924400448288066,0.10045400901949043,0.6350146070293782
run_1691,9.090949955070377,10.6419804520039,2.9835922192492315,358.3509404209519,0.16387122978717175,0.1594648143015963,0.276723413250772,0.19667351989424717,1.93286354557668,0.5799057055944123,0.34120219489915093,0.008434787293093769,0.4629635902130964,0.07083439233293005
run_1692,8.662148146436767,7.720232398929097,2.9581756616703085,185.2679006058117,0.12166704029886015,0.15077490553373418,0.06924802050505402,0.1237549480783309,4.305812145530104,0.5863154635549086,0.39280395594372514,0.01038648566590089,0.2878385289306214,0.19337459057189296
run_1693,9.934849709139112,7.196100336722581,2.6429638745124606,113.61911445141106,0.25596863016367266,0.05913109283618254,0.2647120373419158,0.054488297839177136,2.1801910703720075,0.5581624098634703,0.7729147691376834,0.011202872931623795,0.6011010559581444,0.2274655189522028
run_1694,8.351658243881815,7.125307601152968,2.886815540675342,34.29157447677939,0.29971981465989006,0.18226579802437246,0.31956350966001296,0.10694546782735595,0.8000879389100216,0.6681996637949843,0.8110206344094579,0.002160150162841802,0.3459579586874697,0.486465392530208
run_1695,6.507339694504677,10.91938069857661,2.9763604752831534,126.8165888191591,0.22953924996793684,0.24595961314651418,0.12234608011127174,0.1383163533776686,2.2005598228005754,0.21822255495818646,0.33184283549285376,0.010999847797548111,0.10158362210758022,0.530426178518347
run_1696,9.31494702124682,11.25699473432946,2.5907003290529618,249.10514675481224,0.2861017087537408,0.024544866774842394,0.1914035152505663,0.11324694143613538,3.920779432929981,0.3271358442720622,0.3826010345623648,0.010389249655875978,0.5954048888553402,0.837469269307985
run_1697,6.23546844265576,9.02759128281776,2.425934132449229,205.50076663306885,0.2059625047411368,0.06100105733460926,0.06704833582627687,0.15441630266271328,1.5530598580268342,0.48368150276331706,0.7984772470703796,0.00982793651669071,0.3543867239583558,0.4364073853260748
run_1698,7.44129247026755,7.445818683645065,2.911177523632192,45.35802385486667,0.2987280719375649,0.02571214383000675,0.0511305807529621,0.16908910995337292,1.9661182707937537,0.388242044209559,0.761337282325536,0.0026720226148258105,0.32379106336973645,0.5531700101749177
run_1699,6.954967903983991,11.07010232261223,2.6930567108938983,327.76787289761535,0.3862275750748807,0.23242940602641846,0.11834624620671125,0.171119865823222,4.06056868624505,0.3000872783826932,0.5005358020898084,0.0029824207573389354,0.7988949288316107,0.6483526336489506
run_1700,7.924579941773198,10.457930108510377,2.8186214150095807,225.98692818986459,0.2818984064177287,0.15031145758010334,0.27219517107710794,0.06876871029803823,4.26063229465126,0.6142594901402598,0.8072608892213049,0.011077114003934622,0.33764511983320683,0.8398178007891011
run_1701,6.988969638906701,9.425910652547673,2.4150797740117804,104.71309533158347,0.2334188247317469,0.15909011249330463,0.10111644400458344,0.19891171673890057,1.9248941640397688,0.6017387236927695,0.7461260936991698,0.005143744376958422,0.5946789625563874,0.5792797437611521
run_1702,9.829254575688015,6.227860035777604,2.9861493025114934,295.66340126908295,0.13911374430439039,0.04363355590764392,0.10762377271843349,0.18969590919808152,3.5081151166888516,0.40905394264565054,0.6901201416463785,0.01006949221668419,0.4672333315354966,0.8072587062148052
run_1703,9.956966372053287,7.791331281699643,2.865867234104055,70.99210730768795,0.24890767604035416,0.2946296768599121,0.10341642548679505,0.08198305676205875,1.0960968647822604,0.6591267637520903,0.33770666297423774,0.00975911232196082,0.5885958940991529,0.043299108996707886
run_1704,8.575059190928133,7.018601936558343,2.4795849221419712,214.74156841641255,0.19614582064723957,0.011392576150182899,0.22148578341704486,0.13524555880768455,4.577934436870125,0.320821646014072,0.8868827258030128,0.009579581535077798,0.1611536608374117,0.05670809514542451
run_1705,8.588955214645473,8.106712225720742,2.5818019026922854,112.28277523238745,0.20148574013170067,0.08889930820356132,0.1092013007531038,0.19716736662394474,4.267897173399859,0.40175170162546037,0.39589262896522587,0.0053388603783572535,0.15000360403214338,0.19178215403704812
run_1706,9.598390100030404,7.348641461252727,2.8093165850451878,338.69555611012726,0.35804277531937345,0.16773779445935855,0.27727798121201613,0.1480174126949315,3.153115956512921,0.42139237649390604,0.34931863135799046,0.010721197501202078,0.203258490604954,0.8235498442024339
run_1707,9.423411844024134,11.027636469582223,2.64568057447479,180.86436111621674,0.1400166838886055,0.1728511412014724,0.30044971335702525,0.09918310532219632,4.80940666468863,0.2617910590103573,0.343386746825441,0.0031402062324094033,0.7559039717037482,0.278516102407558
run_1708,9.404516186342466,8.551885011687043,2.9627318983538466,6.12128338769987,0.32495857382080573,0.1837914345089714,0.2287320797627967,0.07597786870834668,1.6166681997852028,0.4450477358640278,0.5470484678637217,0.009407192737108997,0.6770228993899812,0.5407101078429024
run_1709,9.586440223879428,10.737292317103801,2.7939475444993676,350.3798076303505,0.3218749011905282,0.1834883507678808,0.06519629604930122,0.16687591676167293,4.747160668148498,0.2656284867186896,0.6087922233012151,0.009044806394652827,0.18688858034790026,0.35882294842838
run_1710,6.29482902103743,7.437487131846284,2.7359930385241205,131.17673879186688,0.37786582484901854,0.11003461514617875,0.17560408971816127,0.05372383650096907,0.9154457716055373,0.4453474908100805,0.5846897528836641,0.007940362419666641,0.624163380723733,0.9740176156544855
run_1711,7.718908304900507,7.6100633274825995,2.739776602093135,247.21762100297272,0.24975708752201484,0.06419115402322711,0.274080439653832,0.19035794561428068,1.8801458123745163,0.37729585500159657,0.4267221614051919,0.010357191612536294,0.42638060725861004,0.7717166403711038
run_1712,6.728729104868507,9.035291006267709,2.6358197777531007,138.35783899984295,0.24360929677970303,0.10561866163973059,0.3162238313603231,0.02157920758436832,2.5495431148646217,0.35196574623731636,0.6116566408868458,0.011571757598418733,0.6557100143327618,0.7161941067644715
run_1713,8.347072778524087,9.804197201242376,2.999765374803578,227.9997011199983,0.12417798388801357,0.2621222606690899,0.05642496965533907,0.08032359954168615,1.1261233671989026,0.532585829499234,0.38855100935079573,0.007024940853565391,0.3723250782328966,0.24692759511417905
run_1714,6.523288582813224,9.717651023964653,2.648607583287649,103.60026916068938,0.2687840680663409,0.14346690737134588,0.06689451214224154,0.06280339033927405,3.0001674121829875,0.32567424685735513,0.7877589976361756,0.004762909366357837,0.7138010806802463,0.310098876748703
run_1715,8.958053099635801,10.169004115781384,2.59590893070186,20.665583856173754,0.1945528820038464,0.21314627887837284,0.10449363956388771,0.06118317842525849,2.2463596014306297,0.6479343923483323,0.344417102208726,0.011388150236367047,0.11207163464006496,0.39732505535246826
run_1716,6.677277461199491,10.747775346375612,2.692096486516738,1.1520130393973136,0.27588617926103853,0.2905110533229295,0.08813027597844181,0.05737116304023487,3.1798154248767787,0.6283741294113416,0.46154723666041325,0.006795845851712227,0.5325892071349406,0.29309536244195744
run_1717,8.750289036305588,6.725276259610036,2.95399199030955,162.11555677496108,0.2620473681497152,0.13597785079151978,0.27866595907536706,0.1992341231598533,2.946255088262631,0.5977328044780184,0.6794047457921637,0.009056121187122623,0.5566591280018525,0.8165026652566866
run_1718,8.147083296496382,7.937641468305411,2.61030531601051,203.3563201968026,0.10508911794371617,0.2944864938087141,0.34326222500120357,0.08382275842502107,1.6210643830040374,0.40881870589224273,0.35482187345047483,0.0043702951674396496,0.5918536735751206,0.9731260633677433
run_1719,6.992881969489604,11.822393233695,2.48729810755761,197.14728999726387,0.14611005782584113,0.15682373079605003,0.3389152929328336,0.07167761623252836,1.232451119933613,0.672089324398697,0.6165934804748312,0.0031987720849056523,0.6713808362803562,0.25873990031530025
run_1720,9.112817436152818,11.400296436096864,2.838736075469997,11.14788267737026,0.28534825421422483,0.1741938926072062,0.2766583646301678,0.19166204567832895,3.533801198647202,0.6147142487213949,0.6146306901990822,0.01076318153247086,0.6513616728546308,0.3742399756742406
run_1721,9.475399325428906,6.252244227480169,2.716233367079003,119.80810791815986,0.2539370914243494,0.17444253323220993,0.27909908007078216,0.0727637717573554,2.052553806785215,0.4863979083527812,0.4008715561272892,0.0031365468835323996,0.4880758505894829,0.9173218063664097
run_1722,7.122657521895153,7.043839697268538,2.6599973498474565,57.23710269991314,0.15657686995655185,0.11829800745989653,0.10916245423286164,0.0997952736634167,0.9321120355885214,0.5818289343643147,0.3214860409272722,0.0011769806529759459,0.3620860020609298,0.9284577914632213
run_1723,8.339543185095511,11.688203594895569,2.5140512637080508,353.648558284662,0.12201908287882131,0.011137257926257721,0.13855155444652026,0.02261552082537479,4.256834805476164,0.681995003522909,0.5400359632471169,0.004580272164104146,0.3979106078093203,0.4672871263817792
run_1724,9.413845588890766,8.337602984378423,2.4071230680874205,293.60195495052824,0.19183716135186887,0.2412776432814197,0.11261482065527248,0.03315710866667254,2.9495406480792434,0.5085758424246246,0.5423051805131176,0.004335494230097433,0.17551682350841247,0.9821685245694567
run_1725,7.563315732037455,9.878834465884989,2.461209667781296,117.02809735760128,0.1287544424841087,0.26706620440397244,0.12059302574684438,0.013019036085731149,3.503528546445162,0.34355523021791423,0.346718272840985,0.005348934498506812,0.6963784355673671,0.13134007592123362
run_1726,7.714805097863071,11.31553260952178,2.771114075161711,344.20996516799624,0.21246941486690957,0.047478060582493806,0.27583639085633654,0.1822936764500766,3.1172240247806595,0.6462229623352529,0.7604354059122447,0.0023411767583243343,0.24028910728197506,0.9151723912759773
run_1727,6.498007670224484,8.071046681654124,2.638504582943383,119.05613867599384,0.1404575037070615,0.10687851579958661,0.28531408144703313,0.17462526934585068,2.2974099887413586,0.5953374537001616,0.3066213113928297,0.00697776912413939,0.5613811086662548,0.45638259477470666
run_1728,8.6293132916314,6.6123030258706965,2.776376623395217,255.65930341254958,0.30971690859186374,0.21519372328038608,0.3428485525712537,0.11476996954881082,1.984570894557815,0.6091093960329195,0.8611559400033362,0.005927641081779513,0.642841231715672,0.7730232926314912
run_1729,8.99105229783499,8.574640748053486,2.661833999581995,125.05732704855141,0.3886659617019409,0.22969297625377297,0.2804031057604643,0.029443764001543193,3.8942436805569383,0.640989998607058,0.5092863713555265,0.00785544044410697,0.7488983106192103,0.517680998241417
run_1730,6.49589807804369,10.749840123240805,2.4780594964617237,86.24901694359468,0.34754899178397636,0.05211357226233619,0.2982750212571907,0.13307966169673618,2.064017182280237,0.3185732246106507,0.8735925946895897,0.009357726096035045,0.3819228262544143,0.9101749552409983
run_1731,6.761313602217187,6.2356716365013325,2.6926237871964176,279.37382853764973,0.1625992041803244,0.07144310701162729,0.2518748196616526,0.07848976887517876,1.8452281719698322,0.2752229620539953,0.649665888407871,0.004158996900450856,0.3931141516375546,0.790594368898931
run_1732,9.224865023671326,6.536301999161229,2.6635390734416493,257.80761188612416,0.3205745569953612,0.19916091441548442,0.0655390216800725,0.06571293447362585,0.9190478300251949,0.4897864434122354,0.5597376950955669,0.0011978194233306044,0.5648904777244499,0.18257884311450054
run_1733,6.4827145274540605,8.557593164571262,2.908207438366127,17.573263157332136,0.19758911532200585,0.20247428865164707,0.197342555631447,0.0626722466542146,1.88787021620368,0.5161906253269373,0.4562554311222617,0.01151367046821633,0.10087360050287872,0.20414340170781256
run_1734,9.676089653638737,6.222933988988792,2.9148038474533156,197.95565903519812,0.2544686664866979,0.20019555246111967,0.21158459236257626,0.18003228110136404,4.239388000895696,0.31389706605984635,0.5768047367137812,0.004983944370509709,0.7181384415385045,0.09393066971407904
run_1735,6.298906490146101,6.233734797846861,2.900033551976981,359.04436172164884,0.33136313455813804,0.2919445425461233,0.239070501734102,0.09352220389036336,1.0684068172559325,0.3755641543806348,0.34629989371351666,0.01199956158930791,0.47297935663798163,0.7694861503255591
run_1736,7.761819631236518,9.39514863959983,2.9906270651506697,84.97796872150103,0.3416659317155688,0.06023120920995138,0.08419305672164851,0.1619050378752524,2.5106385953346253,0.2728693936434843,0.8008046550182866,0.0076994369298316965,0.40842104420724656,0.01096778911123663
run_1737,8.04457409943176,11.153244193409233,2.5301235294910374,141.38149711589054,0.18524555487231542,0.10944691196573628,0.18306139188434334,0.026556968504596247,4.949280795814259,0.24728757288091258,0.5056631871617513,0.003290277053623853,0.18502186056056857,0.3990227493778493
run_1738,7.980184935490057,7.556429763851639,2.7205010693170415,48.997238900628176,0.30698170488972465,0.2514862692338856,0.1051368012363525,0.12442686216074314,2.167260050786158,0.6494880495257698,0.5859242367951079,0.001638125300737498,0.2668954202646594,0.19678452490169546
run_1739,7.0067584701546775,7.8963202851351335,2.607552142148133,280.19987496754726,0.14503031052824486,0.16233554933840677,0.04700169668534915,0.048706799475294424,4.395256339439079,0.3917146171940208,0.46531546783137373,0.0018438971710637167,0.28168354670968065,0.9364410289315754
run_1740,9.178716993972241,7.569479669890967,2.997063935549576,186.6582111019438,0.2865321691800682,0.29128327472496657,0.1569251659199861,0.03567790266755182,2.8559911829879843,0.5575914756397041,0.4682692868817586,0.0012241580187447967,0.18456739396090166,0.5229373212244119
run_1741,8.370304063795249,9.635416484450337,2.66156113467683,252.22937675901238,0.3660809751473102,0.19931050368016343,0.06489122990047794,0.10879237821709897,0.8723328447714561,0.2076299589993625,0.535599475116382,0.005398794697385145,0.6759751797995779,0.61117017233047
run_1742,6.665928806755518,11.177652615171619,2.9900149344506053,22.480855852696706,0.17589407312964922,0.2431618295487161,0.19912593900289538,0.06039430001951553,1.6898646997175977,0.30099807818951985,0.5076747827443776,0.009785019358597744,0.6869596107399888,0.4569894489587976
run_1743,7.211725958531218,9.267863576853706,2.452400977908797,348.6485208363281,0.20615485627957247,0.07306228104580331,0.3300388890647132,0.14263169135023657,2.5164625311638273,0.23515360068599067,0.7284693632262791,0.0030480262535516347,0.11057280630728204,0.07324454632266507
run_1744,9.758083310191019,10.574129898916535,2.7118187445217647,122.61455053194406,0.10211591907716755,0.15123772149796588,0.18272331071694506,0.1485385624407288,4.822990586043842,0.43833765517309636,0.8222447321084583,0.0019546820184836973,0.23442791702351135,0.07609454684142507
run_1745,6.671006987702272,7.418559464021854,2.5654804285198907,240.09503778385402,0.3665397208542772,0.09701355584940044,0.27452014238579364,0.17567150807227905,3.7804949959580707,0.5572314546247201,0.899281150374857,0.00881423340201453,0.6490923794008807,0.1667332253959975
run_1746,6.23256062077348,7.414538430795666,2.655653759263532,340.754870353403,0.13092892283432,0.29826630871000415,0.16053653165463352,0.054570910900313886,2.521385471538734,0.5672064169838165,0.8340818965891381,0.0087833495903115,0.36746190676847756,0.3091781887796459
run_1747,6.586340263670497,9.936878501416754,2.911900390241609,89.09161623042164,0.3091809288208087,0.14107509231352952,0.06235998986720816,0.07863360455795235,2.7004002940288223,0.30827169490432105,0.8998648977128503,0.01175415018342657,0.460448271686138,0.19907620237494753
run_1748,8.865043866167335,9.322323672241161,2.4118054547460406,285.0228183144822,0.26011552193166176,0.024102044117301383,0.32598144840224547,0.01063591422397524,1.871163696480397,0.666161525830226,0.7796183023181407,0.010496787132678306,0.4218745196949143,0.1008415346970952
run_1749,8.82231249964623,10.537316541958447,2.655909706385419,0.3448879964323692,0.2541079029738926,0.1668760764768867,0.3374129368612394,0.07408864017285932,3.123270372678265,0.39456363879667966,0.7187285719043803,0.0028689345685094046,0.4061031713486155,0.5553790063497486
run_1750,9.280646751985758,10.498446907050711,2.4759519068946205,311.2233710323898,0.333793283820322,0.082367760475966,0.22442370951146237,0.143935833275907,2.1422445505548966,0.40437962317192433,0.63038725173864,0.009818135636176242,0.6407899120386044,0.735119417648275
run_1751,7.304350752523764,10.676037264182588,2.4444080587422112,348.7209134108352,0.10768394625332821,0.15632546221360066,0.28010488522684573,0.0940430409669235,2.2304445344598784,0.4492695045022169,0.32317317197338413,0.0057658473008764715,0.6238621072077378,0.7372374862550366
run_1752,6.165205399550497,7.245343107611123,2.5645298204972575,28.36942805666595,0.31982522801192415,0.1273146327061601,0.22558784549723862,0.18981324695698903,2.8128498370840163,0.38963358544075144,0.512906878717468,0.00892145035268526,0.6329560995676922,0.8347537255025189
run_1753,6.759117906594129,8.986599411998263,2.812029967332758,270.23700649210963,0.11242855002359714,0.18758319286025296,0.2699244140253252,0.13483876419152327,2.2174062203293214,0.5787316586062248,0.814219851095741,0.006785186325079775,0.428657248804312,0.471085888934103
run_1754,8.047758591147105,7.65569242484033,2.6316068109210407,341.4141318960572,0.39406919991975164,0.05984574582304034,0.12646489039161624,0.08734519728832844,2.8944204907085647,0.5817383458352638,0.6667214431969098,0.0049233644085096995,0.3211296856995516,0.3676189410496296
run_1755,8.218746213260742,8.630971358468898,2.594714833478094,9.999795673735312,0.3900651431562976,0.18949750132742207,0.30362665529731475,0.0988907619344501,3.258474298402861,0.21555169971466873,0.4444062236533496,0.011102768208439879,0.1484021740637067,0.030138258997293374
run_1756,7.034971462739478,10.548012698953938,2.8925149562180614,155.6894779851095,0.24729567906847763,0.05823852053160278,0.11884408832953638,0.17586256804938627,3.7514118229207316,0.5565247823586883,0.8118609411555784,0.00240430142289841,0.6874183939069096,0.5346348497170836
run_1757,8.689011587231436,9.670794600545737,2.8367080033490657,223.1820686943364,0.27901567561824736,0.233231484877794,0.22290567827950744,0.021944514373886923,2.4426468738886213,0.695436098987765,0.4138722842570862,0.0021376128078927836,0.7624905536858017,0.38262182714067866
run_1758,9.96186665159771,10.028144921568213,2.5680057466530024,147.3343392755,0.38655906799858986,0.11387208550788884,0.21476812746461274,0.08491991250107302,2.357358516060699,0.26769232919977537,0.5309298048564182,0.008234656718814239,0.6361620335431459,0.9029354272767504
run_1759,7.770853395902289,11.734651985798617,2.640716419960252,358.1951472874119,0.23924426264090856,0.061931766001933626,0.2680148272014561,0.0713851201696387,3.6929607084292684,0.309230268935296,0.8284867367488444,0.004270044973864231,0.19419706180429658,0.3098326417434174
run_1760,8.387369798349342,10.383335947696546,2.94262471019902,143.52435962359183,0.15290100494306183,0.13717203889599575,0.05210668594950657,0.1174712258630319,1.9034448653705416,0.2815053230450647,0.6747017830686602,0.0037346346604476685,0.34286379037703535,0.14076549652783663
run_1761,6.786290974053787,10.237084550126726,2.7171363091819547,21.456114082200813,0.13385305592790472,0.01997671551999112,0.09823508336635628,0.17304888522584994,4.423589763550101,0.5902390379489144,0.7269772569054342,0.0012362541672344873,0.5926567435084232,0.9932688578129393
run_1762,9.10299394629691,6.779582727335279,2.9892756629456074,119.36711299854213,0.2896453149172316,0.2698470947551495,0.13123315614610082,0.11201473064108075,3.947758679951738,0.32606962006602147,0.871151367818841,0.0024798400021639215,0.4952905773332156,0.7995979321668514
run_1763,9.447130603173893,8.901795462408383,2.480566904660583,332.18302251459346,0.3869839627400472,0.19948046773444633,0.13519376720411935,0.1359969516112479,0.8425322657173485,0.6524404592483244,0.5396729617849964,0.009601599289518092,0.30767354420405896,0.008424998808783652
run_1764,8.376001617099211,9.23711685701688,2.570391246972915,146.02948963408093,0.2927108841919427,0.11638056953118794,0.2134609495539809,0.04697109816580466,3.2845231201159155,0.5304898996108112,0.746018988566047,0.01160703215845725,0.2188173622889456,0.6164561765609282
run_1765,7.184339943614049,8.241198060301334,2.47007914047511,12.625697865642117,0.2422485467664905,0.021804197176393317,0.08304190435063478,0.04672006218637621,1.9538497962614403,0.26918133353509766,0.6594863445720838,0.009271125157890383,0.4019648934523443,0.8287600395228933
run_1766,6.511229375028324,9.692281264988518,2.860142433436042,229.34503850817447,0.31801137116539163,0.24267027806444325,0.25707506067672065,0.1024516097537624,3.9014671371805028,0.2548581785933967,0.3908083161249803,0.0012115254081891999,0.7300987004139997,0.29999574620501757
run_1767,8.624972864978849,9.40112480297982,2.764339796729953,75.4002284140659,0.31737736503726477,0.16608616807445986,0.28447820218930403,0.08051187995074975,2.070420656900529,0.2998517941525961,0.5404494715120153,0.0035572819524160694,0.5741626030843701,0.8049614297795595
run_1768,6.466535226134991,7.893882687090138,2.4584732106095855,311.20034270676143,0.17471795766796644,0.2647358771207646,0.02868815507592713,0.19271499338438258,3.387072481232563,0.43501308587206045,0.7727930972978716,0.009899829716188038,0.18737368288020473,0.7204249800388364
run_1769,7.569245017841859,9.297081475351543,2.7103413066644166,352.42932956642,0.11245876872016441,0.15700918357457827,0.32951611326331,0.07545068453872598,2.627364696714773,0.46796174519765216,0.8450463051315844,0.008986307365572065,0.545685936099112,0.13485729041938244
run_1770,7.282827090510465,8.870270722444472,2.714551720446629,331.499767958265,0.2313066060194365,0.18925497274275302,0.1252058675282193,0.06356632826237436,1.3683529447291485,0.5885604612790503,0.7161638754838029,0.002920679469734926,0.16685889965553133,0.6155876085923071
run_1771,6.118062853938819,6.229119622847552,2.8442311954894324,318.31052466703596,0.24457032489165043,0.2785276276932544,0.10197603476758699,0.18514553632219083,4.933411335333063,0.6416592308221847,0.5036990554796412,0.01019095682284632,0.17959370853318554,0.45889462096229916
run_1772,9.869495424748944,6.380627579290207,2.5059280359755336,105.43856245415184,0.28630890292967015,0.13364667485305484,0.14479512168057668,0.09131900704552041,2.865385125450044,0.35265769636674876,0.48559962427231984,0.0067750431403847036,0.5424976966510202,0.7133721110404501
run_1773,6.434495116490319,9.245611293683272,2.751922221463758,138.88325047955956,0.13042140056320628,0.17801544102979816,0.2193247883135161,0.04658159699050864,1.2907576234136842,0.36221428727820665,0.8274561297675413,0.008841827074830777,0.5553170473774857,0.5146658025441754
run_1774,8.707985188630072,8.178502738218974,2.848331187130497,194.53557268411564,0.2629789609364164,0.26284194983223447,0.3253759107177604,0.04509569380848561,0.9096794674641461,0.37763347814498105,0.5847640086564176,0.006670119159823924,0.4115275299738669,0.6124072456385037
run_1775,8.870326845320786,7.747516104648826,2.5460685847781415,305.215235566634,0.1175622504078236,0.04873896647646703,0.03658262368561138,0.07076391464130627,2.0734635392916374,0.21744196950726577,0.6688056469460109,0.011954564828209235,0.1074098476131656,0.026647750887601098
run_1776,9.97922782076498,7.504021554204693,2.466202459153894,166.83198246911533,0.19071472240771709,0.09913560523506763,0.11710067479997399,0.09486555617999094,2.4532467111466985,0.527885715199081,0.7740036618344259,0.002645099386670968,0.2326195324352456,0.09326977467184593
run_1777,9.49618304658294,7.658339207374846,2.7997864811923403,6.849549457895796,0.33628359064379665,0.09673431287487606,0.34238208388617275,0.12455373831112078,2.1572315245636364,0.658549299677471,0.36113205615049143,0.009068261520783938,0.212637575465002,0.4571292985643959
run_1778,6.968611418725386,7.8213248215564,2.981604914093601,48.12808606897772,0.11589598098920229,0.2250444127757412,0.2983973949514931,0.13846390339196865,0.891803986499044,0.26622951140672046,0.3020811533823757,0.00695201936783942,0.21929681891700759,0.6390879990742818
run_1779,8.273469468671326,6.490376183853759,2.542721425022149,84.41098491354914,0.10966865816391519,0.2513717675404578,0.1656542946277919,0.07701285190412231,2.4184413125145285,0.47610904864181813,0.532002668044071,0.010465007502863343,0.5352774662015666,0.7594550263509133
run_1780,6.273986132824705,7.214846309541885,2.89062233556324,140.92482505129806,0.1288197247612728,0.17272488060834426,0.1822985670309762,0.07331054170635591,1.8415784709836511,0.2669727012966054,0.3852035252170407,0.00964348637243137,0.37194047607940517,0.9605748427407039
run_1781,7.358165310339252,6.75735484968058,2.8398882173693307,142.23957819536383,0.3752897992348637,0.2916632942923907,0.12528968877861815,0.1157799037905227,4.915455043138908,0.5249989832212878,0.3730924230226563,0.0012635457788070807,0.5490278532534777,0.6137653878842481
run_1782,8.088112651166307,7.010683456715837,2.750017875000001,298.830585931188,0.22203972555304746,0.09500497345897059,0.14369937067125269,0.10038262652527946,2.754761598936139,0.21591192944852572,0.33101347336792936,0.003122852774918872,0.28858408571984057,0.32130675269563613
run_1783,8.114650810822443,6.292471233641873,2.6580843803601777,168.52916483183319,0.3413453417892409,0.08265925170007668,0.27430356503777675,0.17071424850966269,2.124082497667583,0.2744229625121152,0.552628007352258,0.01044139449554653,0.569561381403525,0.2915440439812598
run_1784,8.288798612210693,11.210586391151278,2.6563121949476716,21.096999406108576,0.11659932382495843,0.25598858419549475,0.2917231382474528,0.11264651041206929,4.6682018385301145,0.5468733017882317,0.5536069881023292,0.00390513525809891,0.23715219588543665,0.7154780448400099
run_1785,6.230054020282486,8.373803222550745,2.4814820154073427,298.076819616766,0.11917504004485635,0.057558586570060966,0.1669605756942333,0.16764728874316615,2.704362775277701,0.23334003567257255,0.8946137276242423,0.003524552522459095,0.26595839174897523,0.40827805804585443
run_1786,9.260905181243855,8.380490079070984,2.950153299982368,149.60620544921542,0.11954863135946095,0.13257749933565258,0.2760266961851453,0.07031044986661704,1.7746666443982275,0.24820514651284445,0.6038778844596429,0.005688059171393787,0.7322034798599417,0.8894401887948443
run_1787,8.375586281189362,6.360633708614816,2.5284211244400794,193.05423203093287,0.28873119925407215,0.18018368698290754,0.2504357244846307,0.026477064056354957,2.4992292570814856,0.35405602472603714,0.5273147592354643,0.0030836779962847794,0.18266732012959896,0.8534836037145024
run_1788,6.784641922375187,9.727572257267589,2.554477410208312,37.85605898000881,0.23447756888698024,0.2576802853071145,0.1375785973115195,0.10404978154067569,3.2042259776824897,0.6766825974917945,0.7597043266894754,0.010744005462248664,0.47515861358034317,0.7765092132684152
run_1789,8.187783545109577,8.5099346389709,2.7942370187230523,281.22252923275465,0.2841520303132237,0.06901929971695166,0.15524357148492496,0.06177422955989239,1.413187056994082,0.6510147476676034,0.42201564581085727,0.0031240336426868014,0.6802847539923405,0.11792654144535937
run_1790,7.96628644098032,8.226017726049477,2.831984423120553,356.36982534479364,0.38789156321637974,0.08198822207133888,0.12454653051750639,0.012071525583894547,1.9593145857468959,0.2419569328618833,0.5783204251302585,0.010953216360316848,0.46430149588125336,0.9532318834718829
run_1791,9.883317349848546,9.286176457498392,2.6791896425736943,264.5790437647749,0.35501911039343037,0.027761100449395816,0.2474101992953776,0.18736344534853394,2.9722445224111453,0.23205437391750522,0.44380498162493487,0.004191167543768421,0.7372957549567283,0.6415141485106922
run_1792,8.303577333423874,9.90519966120128,2.848046301131175,304.3790648051447,0.3382836327267823,0.2219616198350941,0.18104078455575667,0.012208013428502737,3.024706956826255,0.5908945787061699,0.8258069297949213,0.00410844895913833,0.30037251723327524,0.5027517666070271
run_1793,6.447773134222235,7.817344850856433,2.4340918532124243,214.4342064882989,0.18447320935132056,0.013191035259859657,0.31873054228351394,0.08624194558701298,2.755591272863644,0.43791969325589375,0.4114378446071958,0.007909776404722752,0.5808173126012535,0.33586020502530733
run_1794,9.479287618725621,7.486266945494911,2.919218875363951,201.38252979914853,0.2778775737676341,0.019452650064811252,0.28176852963169463,0.11393905141515566,3.9818745692917163,0.25971567769420595,0.7406706744176086,0.0039452545961892686,0.5684675005664296,0.19013358840376998
run_1795,8.317554238492688,6.321207150990427,2.8385070210621013,357.5559943888356,0.24897036795888675,0.043274100024269346,0.21402754691521453,0.0981838425109613,1.1763409553823292,0.5987972379337382,0.4006822611158044,0.008043500440665555,0.11126877566494221,0.2332101448035837
run_1796,7.130784573432331,11.617764248247617,2.678339515602398,202.59775249753383,0.36925455303013466,0.19106282430250904,0.0584307986607767,0.11714757550330952,2.6721895210738795,0.26967786740102645,0.41919386288070104,0.008253756814800822,0.4663634406310565,0.9454690744752602
run_1797,6.717917058190681,6.2015575695824925,2.605828236568612,11.742500009633618,0.3388202254794662,0.021007443558607133,0.09245405317930833,0.03294572621553528,3.7887858479718455,0.6938460606778956,0.7855950390551766,0.005954043605320042,0.5633586544431973,0.5422936744492595
run_1798,8.989011794567741,10.227050654717267,2.8277888128571016,115.99377315080056,0.2217212507767108,0.287671680052405,0.22904641687121208,0.1222498218948146,2.5986620335003474,0.6084416359785023,0.5969897699340307,0.0015593838628792712,0.39545727335514824,0.6760960710618579
run_1799,7.501638498450997,8.167061099503027,2.409922905787568,237.38902061562928,0.12623069854896884,0.2312667887913203,0.12994698313698685,0.017427674505106572,4.4291906215456605,0.29686488698074276,0.3034999306569198,0.002568562707695489,0.4933317446647906,0.02093007300495098
run_1800,7.369821579564134,6.498446022160433,2.556385547105934,209.22757446891072,0.2969908798806684,0.015054195589630674,0.21977497177328265,0.05970265905320565,2.88127479243009,0.4128717260915194,0.3194633815661751,0.00293061815467173,0.4568617400105133,0.6728405026679563
run_1801,6.00576001816857,7.013962111137016,2.7433188979982543,109.1497624166458,0.1602648638294917,0.12278651192035865,0.3499141985699189,0.12956363634876944,1.1038623265201388,0.6054454417845063,0.4641422082425226,0.011675588946224918,0.6213755463936661,0.027150934606950915
run_1802,9.592268905571343,8.765919189657554,2.624127580535851,326.25015318128345,0.11971648761093966,0.16391171836865112,0.208910524331071,0.1862456870631059,4.183662089417675,0.29297605191274545,0.37573116252764954,0.004465236355890622,0.4937950948948009,0.04768704781432563
run_1803,7.411602613312478,8.80095833060992,2.9783548925791616,290.91205248930186,0.15448319937530913,0.21040299804543633,0.23883969822353596,0.0352733522192433,4.976970502593177,0.6508313975516123,0.314735475525108,0.0034945885916974955,0.19614030849464809,0.9209228157719975
run_1804,9.48393684106017,7.640874007941826,2.9565925299877187,278.0394165602081,0.13224189074881643,0.12264873066511,0.26084189138819336,0.0372708253795463,4.459443245796133,0.5388055856081263,0.7659079254569658,0.0025526043538560816,0.3730969477483329,0.6796920496029092
run_1805,6.424044646970623,8.096100581896934,2.851565103464712,304.6652859488018,0.1331266870536864,0.05832279100566393,0.12301522218885944,0.04611295808365272,4.09296405516061,0.6678137721016921,0.5704417144334578,0.0030078371751548023,0.7841766520133469,0.036461345118287795
run_1806,7.197136748559248,6.871253344237363,2.6112960031845103,171.57322404567375,0.11649598650325652,0.025253703280553444,0.32926497908958424,0.1754944699684584,2.1621694154117623,0.41684575538513285,0.38977003547811484,0.007003159825185856,0.3823954323493207,0.94847510011399
run_1807,8.565777198677322,11.905515286252957,2.548008117367948,63.43730620815308,0.24164306257872367,0.0169543457766817,0.1120778446327515,0.16867269168964988,3.8475595170261974,0.4165744265414205,0.3366763709870204,0.007759701079524238,0.5994695234641865,0.7256777590796746
run_1808,8.841361330842524,6.212957670327373,2.4166105175637274,267.2223653075693,0.3222779458822303,0.06593878762653932,0.1572853139861646,0.18935370885863767,3.9504463113712127,0.6370244876672134,0.4752934957425965,0.010553162620972764,0.25300395147701404,0.3896733555294695
run_1809,8.559445934201257,9.220111033851431,2.6174590371645094,260.51262344046665,0.17741455065727624,0.12374935621663033,0.3444827827829553,0.039503380978057064,2.6965991092332593,0.3413065878960307,0.312273471145697,0.009624480410821371,0.5147813503211555,0.6028242920670521
run_1810,6.474413122236649,8.564326087665044,2.6903908820742277,314.062571316399,0.14357740182412845,0.11410162371199485,0.2810739989952444,0.08904470839062874,4.6839629340865505,0.5220442248675545,0.8750380131752273,0.0033645131306880003,0.17112680818039627,0.15432558308570057
run_1811,8.469080391129285,6.906023612923633,2.5790050408272225,62.7348337573884,0.25620477830024235,0.12714708502679442,0.1750335797832601,0.13374208555307388,2.4880324695971794,0.5936423645350748,0.4288617996457196,0.005154475946638004,0.34747200316426474,0.8336174672055691
run_1812,6.661235099919179,9.945091055354172,2.677562750648303,95.03496867490693,0.22913251203791202,0.1890433883815035,0.12638643066776137,0.06182388441417439,1.9290844921113963,0.4542567686340671,0.41595817917082467,0.0015763331482690334,0.1311602442045156,0.42524305910428795
run_1813,6.183853880457327,6.041757376136944,2.996197412195417,18.45093673997505,0.12690636537783268,0.23593179929881214,0.29935177516321637,0.053238129963487583,2.3671403541710943,0.28058140006175153,0.7751595903775934,0.008862344448129188,0.6776984175575665,0.513229652325849
run_1814,8.30921771427967,6.781138688254559,2.923082263237669,176.47962878052076,0.26434076870351764,0.19546924373376814,0.2508143199518863,0.032255561411765395,4.532511156144178,0.25765361911801454,0.42095771067946575,0.004734898380568252,0.7636838304838189,0.5455257059770577
run_1815,6.59512738661627,11.373258779830056,2.5590371331087134,48.64277028324056,0.13767471989572694,0.06064413062225651,0.1737667498748781,0.12043252018064152,1.1477228577669056,0.6635839268278777,0.3965025630366649,0.0023654318728739644,0.36827320962380206,0.7178234060423471
run_1816,9.97770554416359,7.826233422273006,2.8144079398911206,32.513427125000106,0.3161450246310713,0.04576718798569176,0.04817796687391583,0.01368274141632683,3.999798738439651,0.6278237681429428,0.4476761200638359,0.008557226055687045,0.6211086691070854,0.9723441374978156
run_1817,7.013845910948039,8.590160088798296,2.7407950835120087,56.30303585855818,0.2776619529932934,0.25122798289613346,0.30798653885789773,0.015734177436695897,2.6357382258574975,0.6364017811946707,0.8240163309256086,0.007239536571765685,0.415675611542314,0.42497904288861915
run_1818,9.04909552552998,6.332345763749901,2.8160978350274357,266.09771331710886,0.3685275766694882,0.07116855760728388,0.07382086588044226,0.07726152142948198,2.838535613064863,0.34381729631697,0.49585136922671597,0.004927373488601293,0.6267498482451851,0.5283526349098853
run_1819,8.774047134963153,6.042987929285995,2.5553364463201804,351.037554195273,0.322915287163066,0.23757934568024308,0.21802464615635372,0.040375433662887886,1.493119460353679,0.2664597243007386,0.6941064279489144,0.011718699542789583,0.7726630379310903,0.6182389874707049
run_1820,6.827206581417411,6.947861494689527,2.578456441536988,93.05322149167426,0.2631963115075543,0.06260912183639797,0.20574165698999297,0.15373359685302015,3.392860597407794,0.4516088029822405,0.8298768889294694,0.007068271594555725,0.3635540514453698,0.01786218636878921
run_1821,8.697999722543994,9.314885342172364,2.4677707443868737,274.86445721605486,0.26596449275585476,0.06382409156258118,0.2877649246598999,0.03813479455093554,4.495144006659633,0.39778102964111967,0.5554698747250482,0.005041873175755396,0.6258581540271586,0.716542126329606
run_1822,9.69643092340074,6.922794218494957,2.6502435401147486,239.85644715093707,0.21524731379096235,0.26312169540052954,0.06803085897390129,0.18249022031164028,3.8284621563739147,0.5527525572538035,0.4343208249508661,0.007571590501229254,0.2459251210448414,0.13862309022188057
run_1823,8.252943999489077,11.413331699397189,2.560786438084067,69.28540974153152,0.15161280655155346,0.28947637403045273,0.16633937891429948,0.16796529117682985,4.545894103309093,0.4302340605272619,0.449085071024512,0.007986540080577056,0.35820768511494316,0.9218077675023657
run_1824,8.424925274149626,8.87303980771671,2.994456364076026,323.84429808224485,0.3447633850777818,0.11878026734739724,0.09304460834360595,0.07562723997725543,3.8742474166262584,0.43807894961968974,0.32537650985765876,0.0036577626519734433,0.30540356510413846,0.65819832472337
run_1825,8.54197402591055,11.180298510045963,2.545017105839101,7.369913038172306,0.19549341568773068,0.14708855889109615,0.05608176718335607,0.077097962674778,3.155888820740188,0.5659812074116999,0.42828709248006,0.0019391755667771938,0.6059930080118141,0.5993287576755683
run_1826,7.257205644385398,8.767444198750805,2.438097208879882,174.90635957439918,0.2285103449290196,0.283725747660279,0.28795934938034456,0.08664112669031802,4.913582974253783,0.6772870434984657,0.7336851175510704,0.004573987813015573,0.19808707725051924,0.631671412835764
run_1827,8.080109400465963,6.243366613261292,2.9112917053914162,67.83102159740572,0.33677752281423434,0.1929727756399195,0.16791072277939886,0.1796779055620901,3.1729919718111796,0.2915309963009338,0.3427382045777223,0.008792668127640596,0.7570004469904126,0.21873155182618745
run_1828,7.427103668595768,10.360500845492428,2.6729557885272905,289.41970712848945,0.20790076653059297,0.06729234027898844,0.3490746504594446,0.1272451254069557,4.771425979555588,0.5967419898565516,0.6549687135302985,0.00907525349086211,0.7081775080618983,0.8362950754949967
run_1829,8.836509019999749,9.366040335777388,2.917503652451568,134.91470828494576,0.1441315673889319,0.18480242108356856,0.1715967816383841,0.17979827587220323,4.7985330551790595,0.22375068995966246,0.7478009437018972,0.011637113719026784,0.29260762046160926,0.045380956899885486
run_1830,7.18199377610016,11.967948484522939,2.949233286095832,51.43835184821162,0.14641717479027222,0.04320051574135444,0.21099483999603158,0.05713905952014568,4.968442753498501,0.40459401460523836,0.4406524861025155,0.006599754383440888,0.6990632595748847,0.22959393883549126
run_1831,6.402552359471962,7.344366494622126,2.694744942031535,161.37249965906793,0.31494438542014525,0.2664275969572821,0.1931026788402849,0.0865123924956575,1.6124248545586641,0.29361500802257623,0.825163790308578,0.0021682221320481437,0.5026188074709245,0.30181928829558413
run_1832,6.014991893871167,8.1618147065421,2.5521703530199638,31.716643734280012,0.20660605879043653,0.283142365838955,0.10402727249525218,0.08944146846049485,3.4375771824676855,0.6788931410046319,0.7502076807364761,0.008228284137503409,0.3806497607463828,0.2936108767484996
run_1833,9.010677186766097,10.662471211278826,2.433602926995778,309.15422007839095,0.14564508827579123,0.16620705566392321,0.18866275684697983,0.07521577810772322,1.0979739397448072,0.6400051592612276,0.34798294879662783,0.009866206940212209,0.22171062462101015,0.7012537580394936
run_1834,6.096098676992512,6.6219700183796055,2.6413243315964383,306.481339285401,0.14990613909330636,0.11483024723870655,0.2967672210131204,0.19121914037976978,1.6143289674864039,0.2556539464689032,0.4452177173375637,0.009190333799348561,0.2947993574453318,0.6370100234867155
run_1835,8.701075764454067,10.741952574365355,2.8435836238171355,235.64256899642805,0.26240983678741137,0.04418779509937118,0.12266891105982514,0.12260024445374003,1.940796060288991,0.6045649274002864,0.5586951277911365,0.0015274981361783407,0.22188621240347212,0.9748755390499321
run_1836,7.511735189471583,7.4400509910245525,2.5547916408649773,276.65430550315676,0.33770351312013375,0.06802259070083215,0.23560358408028356,0.09102373986632616,2.796269576348921,0.5578164245428701,0.5311063415256604,0.009072716428265962,0.2321847779209731,0.20670281267407006
run_1837,7.393929186885771,6.564725313067935,2.7731173785242174,153.0308976868219,0.2372974496737269,0.23625141489447435,0.09215030381784656,0.18887786222044642,2.8931540614630507,0.6413695656330898,0.42726685309990414,0.007474330193360379,0.6882162637208427,0.8716031761744458
run_1838,8.223559451779726,9.752752694270477,2.7986260249724797,333.5574333307637,0.33271839453691177,0.03762520437903622,0.325829208112884,0.19648404117150797,1.475951563450736,0.6864750993185595,0.6725634998666776,0.010221006022994156,0.5990017609799023,0.14510713749610354
run_1839,7.246321921764485,8.472225181958361,2.5940411812802395,215.72948669680954,0.28869269532712866,0.15859021332185555,0.05057504992728956,0.03902987273004481,3.4676495315810065,0.4790401931548614,0.6101821394673348,0.006868837628674118,0.5178851588349668,0.33350916563872224
run_1840,9.222724736549816,7.586870099942138,2.636881911354547,253.21352247770085,0.29323021414785744,0.06666230900045271,0.03120324046656387,0.19797532756695854,4.046622798290399,0.4969323977232286,0.8583945117590326,0.010604098934337572,0.544074239204781,0.9449621221275064
run_1841,9.24089750503686,8.547968762810878,2.709054817144824,268.8709024896814,0.33071915711614636,0.2981272138359087,0.2972233821160916,0.15924427829926968,1.5978168455643669,0.3827505656615461,0.8244798153917055,0.00805305264599708,0.4272845232971615,0.6554801792673793
run_1842,8.008485244275176,8.056035967290242,2.4528455337505664,338.79997723794617,0.18617726037164262,0.03753970957433018,0.28273972224967314,0.032347467286638724,1.0890515682640356,0.6520040179381914,0.8378066675339393,0.006811461916632563,0.44720886350539135,0.7911659444614701
run_1843,8.704241610187527,7.062336737559795,2.834539065499224,192.37194597247583,0.1412728831209092,0.2062572263027727,0.16335829295653082,0.12689357004347862,1.0288798650731403,0.2552385327237715,0.5221150847022227,0.004444130594527182,0.5863400364955462,0.21790479585115854
run_1844,7.8351867291875985,7.4556950293448,2.4068674135838264,155.0591642004141,0.23099466808053984,0.15319970422344942,0.3375522949055484,0.06454106969014703,0.9780530922134147,0.29321622921086143,0.5267817455096457,0.0028880058280961935,0.6537348142086458,0.7971548031868465
run_1845,7.708047094261726,8.946875667791616,2.659713451569062,222.61399391180404,0.3590999995949322,0.030782007306809786,0.09056488049611158,0.04253494553720611,3.283425052991281,0.4889125197426745,0.6223097842464884,0.00961438865487177,0.7668153079932377,0.43434608159008037
run_1846,6.36828453152743,10.811091773367139,2.635708536535325,193.17491958678772,0.21655459368481567,0.2641948272742303,0.158719449608441,0.08711259472163604,3.013904217295692,0.4872984391010393,0.5353487200412859,0.007621911434720776,0.7704243533493389,0.5579844265384654
run_1847,7.837437209110411,7.474029419848907,2.6282596192801027,310.5517518821312,0.2583067920645457,0.054162694338303535,0.2815270248040862,0.11450810669198377,2.5901383416099906,0.329777775114231,0.6649762673239761,0.0015632294790079771,0.13711588695435944,0.4904379570014711
run_1848,7.847474438668571,7.287249918170529,2.5831733986763368,189.13103363009535,0.16810039904326446,0.038550179650325825,0.26215062426077634,0.06189013291907051,1.1826478481042466,0.5711395394951897,0.6026868116897386,0.007606374351002031,0.3065690418840106,0.17788130962382445
run_1849,6.809318945152615,11.938462223006656,2.7902657568877007,53.6722983851221,0.13421168500433392,0.1131953118219485,0.11487484521188293,0.1914689173963433,1.2730715665675925,0.22650771157149835,0.4316026049514951,0.007061463964615488,0.6102655587408369,0.16576099292484237
run_1850,9.530895977480908,11.387631568148803,2.8653787937981803,13.954467786510227,0.28488166893407374,0.035725691248452776,0.2515031093519313,0.12711599760977133,4.688820562703674,0.3110120168506356,0.7560680430351553,0.004946089416635688,0.7472691907040195,0.27967501094692987
run_1851,9.203475309979774,8.126740176489259,2.515033518371454,173.65265235192354,0.3260689792526782,0.08855577230858999,0.2437944100102807,0.07427509117431959,4.731739904063382,0.5087623134456867,0.4327765286791063,0.00834225605009874,0.7721184990131026,0.13243540756335878
run_1852,9.543790996991548,7.813015325591019,2.469869156299358,82.05682011628366,0.35463413789045195,0.16841941271749605,0.2120515214252858,0.011778767249765443,1.8491580362737758,0.4458231197434107,0.4176518940191357,0.005519079837976848,0.7871791229029937,0.12718790705633634
run_1853,6.743393584755485,9.227644136415314,2.51259524487483,97.51174774777968,0.10040225764557227,0.08952200849980847,0.07746136854736674,0.145732057661621,1.433263234484413,0.6322803791802291,0.8742683231626016,0.004551253217305033,0.5433442758896472,0.9845063275439538
run_1854,6.126693231453229,9.108943397902703,2.485483462702384,337.1211049439282,0.2805558319547495,0.15618290838726032,0.33977701623393614,0.10004185221213498,3.595700186788826,0.3132814655922177,0.5874363297286558,0.0010634765600426495,0.4684594275289443,0.7210218580251885
run_1855,9.775446833723095,6.266241914816709,2.589538295135819,132.56414361708977,0.19028392234729524,0.12823725028786795,0.04938415049026977,0.028002027924376803,3.063872770074311,0.5695235741385478,0.5073623094999986,0.008361155685129386,0.3863417627462554,0.5182225081039096
run_1856,7.923585597372802,8.475224461575456,2.5780493430359974,96.85660534660572,0.3603410281200562,0.1030413199742344,0.11896302640991063,0.03577972768155143,4.553876577636547,0.6985303527314509,0.3484450270159507,0.0017479296487978276,0.3752073786501444,0.3024684216643013
run_1857,9.10103779541809,7.925423761416321,2.4617274049504507,317.16363326402006,0.2468329781030567,0.2504451324552999,0.2358214151668783,0.10811647094366322,1.3566357903422421,0.3646996458872106,0.30014532458953824,0.005131652129328934,0.4157827500969906,0.6843401459973895
run_1858,7.634321455267196,6.531113710139957,2.755057794052664,42.722583246064275,0.24949532288836848,0.2077286579894996,0.2761486711718043,0.19323627235589846,3.812052256804283,0.5444586062388121,0.7787984456993674,0.010820582881429154,0.4734232529015405,0.48321878061833223
run_1859,6.706959261892711,6.881588206806476,2.6195262009335947,313.3755986006869,0.16411090703455522,0.21063753440177604,0.18055913998800105,0.12660016654143244,1.410315466059775,0.4297445692063673,0.5585039506685021,0.003533713249235546,0.1936835532240455,0.4795232782810219
run_1860,7.395670880739692,6.4401898212373325,2.5371502803141794,166.5134716456484,0.25787975715952327,0.22597169292608363,0.31521641051267046,0.158408236349237,1.575751423223808,0.23913024748515704,0.6332092273253748,0.001129559259582131,0.7906426407888418,0.5039596129258469
run_1861,6.744986371610071,11.354896085805056,2.813768324116468,302.54201678003545,0.38486449184697946,0.08214096628618893,0.16857569464445452,0.18362576656451682,0.9984156421085043,0.33066549302336384,0.8533920226109721,0.006322924129959131,0.3686791749425845,0.24059414245033753
run_1862,8.769508618337667,11.535536195655606,2.4768416061839127,160.80005980886258,0.14679539741127984,0.2472836501415424,0.06256461330329693,0.15826025058242194,1.6079060731848838,0.6376696557987593,0.7927730770808401,0.006499614069535066,0.2196168102152436,0.039676532474222585
run_1863,9.705055031516025,6.497257975972497,2.6940207362527357,331.8668023706497,0.3833306023190711,0.13032109448689969,0.3242768049689254,0.15520535688817996,2.956560726572076,0.30228626448112406,0.36813675700669074,0.0051672490717436705,0.13997864065118582,0.10020015363380805
run_1864,6.678309111984476,9.701169101100144,2.688116929277827,134.80691493465332,0.26529858219204916,0.20779816880664,0.23457713598569205,0.18950768597790485,3.2922132632933643,0.42678079813593794,0.7891846397409084,0.007054514846850744,0.4021872024899956,0.3813972683369584
run_1865,8.82547862022751,9.753981614836256,2.7591122341658165,157.9041342237432,0.34388137864297996,0.2158546792043205,0.21385809069549283,0.09927386100076144,2.306245853937516,0.6386320518895993,0.8154346774417618,0.009363524679974408,0.21307289999016338,0.43729628265944803
run_1866,6.074547528578014,10.39441441632774,2.9074407631648413,29.824175697411274,0.37359809101758246,0.05691659530546202,0.2253344693331766,0.02786393440155341,3.486301963586633,0.5140651187186196,0.6700640003904912,0.0067350749234670595,0.6647864729323955,0.2008978179182478
run_1867,9.564896222678723,6.1055661708012945,2.63454377673689,293.0391814590836,0.16988115902249845,0.14739316483834813,0.1306219781448662,0.13384168955163286,1.1189665680442658,0.5012230583952764,0.33728621669494074,0.01055900276534854,0.16678193143345088,0.8008852054414268
run_1868,8.603407163532273,8.412644671974604,2.750248231870648,303.9172781376989,0.20506802392743761,0.22837908115378344,0.16815683639241788,0.024519998017503757,2.7857975627375797,0.2586279922576348,0.3350658189270367,0.0020950875668736086,0.1921627493811302,0.007533878321070185
run_1869,6.4601183975200875,7.453462400836793,2.6931440975284113,333.9473841735042,0.27814592377423625,0.0905246843544295,0.13583267854453387,0.12364241914142945,4.8830102345508095,0.2119445321266449,0.48065066145272956,0.0011518568438587114,0.7801815727287493,0.5561611364487423
run_1870,7.398969517146655,9.70750324424954,2.827290763124088,199.03549638167544,0.3936601953153286,0.08871661523316182,0.13296175938169294,0.11040384645457295,4.100475044667911,0.6095276194504466,0.7936640801910961,0.00932208022405899,0.539427549061934,0.08341058309582229
run_1871,6.302482168606425,7.402939657684134,2.459110076818503,23.892816739419537,0.37377667788661184,0.13883339024916677,0.2379006535067691,0.11106261155807086,1.6386692961859333,0.536971703585241,0.8013583452461328,0.0063172039050597446,0.49745034858264914,0.44067201227180397
run_1872,9.763043570741662,8.41566330920484,2.735493548847112,8.616526964380855,0.3281839805783492,0.1607385950643422,0.2975778643696742,0.1305344255460343,4.07721150765601,0.5470457097202737,0.6117221215888752,0.002171837172866797,0.7896049689063612,0.2624605448075701
run_1873,6.1391147333862115,8.612420786434548,2.887590715630631,15.630953194345336,0.2170033635673655,0.15816179232584315,0.2557414340200847,0.056564863044237454,2.15407523029369,0.5619939968128768,0.32293557673863954,0.009811169214256083,0.13980637582342664,0.6307956385099389
run_1874,9.161525666188588,10.396326045125729,2.470403163248833,99.25355456565192,0.23537829686003606,0.2251903072856216,0.24020362215676067,0.17770515356458463,1.1055784197578222,0.41817421372960856,0.7898058110308148,0.011727728046733648,0.11428283108731421,0.8134337866053747
run_1875,7.5272552698340505,9.146608573620615,2.4443307715246743,18.263695719380458,0.3340314857788327,0.1278524081198833,0.31460885452145176,0.022063523546559792,4.433006252263001,0.2476207652622647,0.4729572337945428,0.010791921942811322,0.4284836884301817,0.5207959888568744
run_1876,8.099258033416177,8.988066500968033,2.502341550984503,310.4095660950754,0.2692245321069606,0.24357338203996948,0.2444514651929771,0.14960723373300985,2.3617177475267175,0.5597703900138462,0.41465025202099903,0.003189511027264448,0.2614776740741653,0.7248118893984109
run_1877,9.546486374860374,7.007674299074424,2.8605440761260343,126.53481972313952,0.1258272681423419,0.23870792862687226,0.1713981251811067,0.06736603520444635,4.509749977946639,0.5661750312766015,0.7215398122028812,0.008258939415201224,0.3851040220136188,0.6888697644856239
run_1878,8.681745635673055,11.198220775745572,2.4741420038710302,154.8512099746657,0.29141286399844957,0.2364312344973165,0.24011093293830119,0.16864749983406263,3.549960168347658,0.553740067914101,0.6803987175038407,0.005330674105228334,0.48844231091088075,0.4652201105737425
run_1879,6.984852954595398,6.17482848251849,2.9290850614043267,14.453072008909649,0.2769451051804841,0.249815820870909,0.06866212661067905,0.051704281103713216,2.9893288312875184,0.29331492220811445,0.40266457573306785,0.009380723468040784,0.5273130249058737,0.6244072849640199
run_1880,9.290032574039458,6.575063691722552,2.66657121466347,327.58638721821217,0.2705816004545126,0.11070996889917467,0.3290232978422475,0.13611507051736516,1.2248021232938653,0.3746317405274733,0.7551094101720665,0.003442705849361362,0.258019817553367,0.14602974614573583
run_1881,6.5763772244047605,7.579895189967476,2.504768577048921,230.6689465798798,0.25891913324128646,0.10794450995206833,0.025356902237185133,0.18024773542813188,2.2063290128588093,0.5553395197314165,0.7063114773403822,0.00834311876508348,0.47224347590959037,0.9514049197340356
run_1882,8.271593828241913,11.942846170535294,2.5499697814515514,278.4057804770653,0.14708461556134417,0.1737236917429201,0.1603036719865325,0.16129999560413533,1.665709236616184,0.5251746655936502,0.6417854453170253,0.0015014766734694806,0.23427393768654892,0.46326109403190946
run_1883,7.943355542092738,6.7187305073661285,2.7835257758552987,157.07706485123083,0.392880380051716,0.04907804756383201,0.15239601813405607,0.10355945334808654,4.973663113844147,0.4257493373338771,0.773188741907391,0.005752519942559224,0.6334859008069224,0.487842924398196
run_1884,6.091100318059657,9.358047849611788,2.7309958689184106,309.7840505580388,0.3234260528726125,0.22006881744919513,0.20840364382562182,0.16438236791906238,2.5353713098893893,0.6075339371487081,0.8586827743228307,0.007286690133097926,0.3248745694800836,0.8145250473703074
run_1885,6.792228219565123,11.907470716600994,2.5338182720271347,275.84540322448095,0.2707385756321467,0.21480447631339175,0.20914885759429627,0.03519744351290737,4.612007351196885,0.3223928877157814,0.5862611136377023,0.008304679308645124,0.2894773107414733,0.6072726735325926
run_1886,7.068293503488765,10.980664649041284,2.778159119971667,31.035623570373218,0.3505471262120401,0.2871401933704941,0.16518695646521306,0.13727219429146403,1.365136571518212,0.3652657472149965,0.3799793804619395,0.002127976427082778,0.7088352577095145,0.6144163988100811
run_1887,6.682534239106427,6.818862344732945,2.4656658250889065,21.250618995762316,0.34082235673927097,0.04302137542637488,0.3239219334595449,0.12812507312486984,1.7940582774680738,0.5494129444199467,0.7423837791119787,0.006947976302204815,0.3304306674078161,0.8550393217708427
run_1888,7.209215447714892,6.276375938334696,2.7621020345577136,31.438979371605086,0.22404590733048527,0.25829736617279564,0.1623281572542554,0.17671992804735395,3.126385985328847,0.46158096239252056,0.7305571041326404,0.0056690234787675035,0.40017269174889025,0.15038063073305225
run_1889,8.740070247114062,8.130952593514534,2.8957573084497668,218.00477658790476,0.3102193506514156,0.23084785655358636,0.10946119363764012,0.1302674028521929,3.272899649194172,0.6976989306891901,0.6285492806789559,0.008807068920211016,0.7151989677306578,0.3521132130528821
run_1890,7.860946229233933,9.09449161591385,2.951945763065557,42.3008612577821,0.22755114728933598,0.1666210505924643,0.14658904349455523,0.07056222128302017,4.428779563667516,0.2720833324495478,0.3212697767060995,0.011307211942307237,0.4212127572627308,0.7508163335197394
run_1891,6.5248968811212,11.830492156600958,2.677003455617396,111.27897942855137,0.14803635340540078,0.04945332758789992,0.258436138572565,0.1531142535987979,1.318964437869851,0.3121794172195598,0.4634262239447532,0.0031009498207102233,0.20264153181688843,0.9681562071703166
run_1892,7.091446559361105,6.554610253585555,2.9444872407226548,277.83218468018043,0.27277097765672104,0.2395649574172512,0.13079561951902907,0.191756198353929,1.159411649673842,0.42500230192279675,0.5682777568655997,0.0054243797198300445,0.49976649606962265,0.8462180741669871
run_1893,9.22713496982531,11.261902485059009,2.643707105882099,76.69844675406512,0.25799602727768856,0.19539639879002346,0.28376225384895915,0.0275927691635258,4.27599509571715,0.24487720538850205,0.6154914969165096,0.005920317249238443,0.5326322317989792,0.2454150731613097
run_1894,7.316274040815561,7.424414148853575,2.76030573307505,357.0392982716036,0.26113998543163386,0.16924924070670633,0.32078696370387966,0.189000007393463,2.225817943062407,0.34668166640916875,0.7784310871537172,0.0044061577372453585,0.1757108388907408,0.7368514832579132
run_1895,9.060412916133183,8.780065138275434,2.4886971194338523,354.70820684524523,0.20848831154359707,0.13136329219994236,0.26811519939667117,0.11110925478106222,4.16716814340243,0.5821906670892243,0.7047643460046003,0.010306699665192404,0.7707744586479685,0.9518537695878735
run_1896,6.053238893267961,11.671751246962181,2.939908225385726,121.55180606696044,0.35749867385381207,0.12066092350467934,0.27354965020601213,0.16916024878286995,2.902209300131764,0.3411384865821696,0.8798488961377828,0.0037304754272405685,0.11172616356579343,0.6426087083496554
run_1897,7.944279601073409,11.853862140690909,2.9511085635878818,278.95154495779616,0.38346412066598634,0.2954627634124854,0.10256597756548522,0.15485290860354423,1.7217143234093526,0.47000556945410205,0.38300561677109995,0.0037487768292821322,0.6441244378492176,0.1944207874284713
run_1898,6.7139284643718415,10.250083849297273,2.84929864111927,343.114017077171,0.27423465448512657,0.25798817091994997,0.07476794670097595,0.10739504575254614,4.074071131342745,0.6403753421663991,0.6680688140105595,0.004629787353814695,0.6522345816618821,0.2870853941765768
run_1899,7.270851301001937,9.119579645267054,2.6852602091286166,105.13952947117168,0.3796719954460418,0.18673007483966553,0.12885427851258385,0.1150015309184408,1.263096685708326,0.3428837336408209,0.3087982044622698,0.011833139299425106,0.4619000314427072,0.045607722712630944
run_1900,9.492718080289887,9.051937642678524,2.6397011748377794,127.07805930399405,0.1455965762996481,0.1458961709588374,0.1471659738064574,0.09134990917629728,3.7452429850735456,0.24867033246860873,0.33383059799548226,0.00909722789758453,0.15664015632984174,0.8024206394943697
run_1901,6.891116134780062,8.069642169610711,2.5471075464440727,230.94144525967903,0.16453781300636053,0.07980253093160843,0.07791087124475371,0.1813811409824656,2.1127521191731566,0.6005448523012706,0.6401309979960972,0.007874320306184898,0.561237720624885,0.7243706554527919
run_1902,9.861836602345788,9.177334733012497,2.4977444396755137,174.55921027412353,0.28571677624663794,0.2930460692358651,0.29666396056707606,0.03590705251116589,3.3750197839158043,0.6595074340281089,0.7078050971708139,0.009473065784237292,0.7178638971602158,0.4181098582445915
run_1903,8.383774688192632,11.917694104934842,2.649642809380929,93.83302355865908,0.12862693385364812,0.19723049408712298,0.15212904081895767,0.10022485836697596,1.3368775939471547,0.6026713983762689,0.30300202543880894,0.00859998953243846,0.6401097046447303,0.5977346822901629
run_1904,7.998238956630384,10.851054416594275,2.4048116750721196,139.16623445094805,0.32028796416795535,0.1401706655687926,0.10392308167368774,0.10465295188701804,3.485182092831879,0.41189127783903456,0.3755760790820192,0.003619259436075478,0.35686098572437497,0.3573314867238298
run_1905,8.292819132055545,9.724406475446777,2.955932060831273,216.24143613533093,0.3827816432832135,0.08231100034081497,0.3184535081827719,0.04412938365008537,3.0823774841461598,0.40004145844906946,0.6813170947670412,0.0057229438967735975,0.6667336482369663,0.8197813308407289
run_1906,9.283402005308519,11.63270656999986,2.4667059698148774,77.76214771082124,0.2736549934399487,0.2571226382367463,0.10619558360823639,0.03125611756288833,3.658873131502311,0.6543096779868308,0.7488847841904842,0.009904815778767735,0.7698624207902278,0.19122966816796638
run_1907,7.489418312413287,6.372549128764135,2.9417813920344766,168.80835537864678,0.372434195715738,0.018648577008533194,0.10467670748166838,0.07944514196061787,2.829734316883558,0.33486675393990795,0.7029074015810367,0.0013588948358112798,0.48178113505088416,0.45959784989208885
run_1908,8.026968283176645,7.626637891761408,2.5387204342425385,132.7990803384867,0.1985778340630875,0.08916970615260912,0.31475569508919143,0.07081723212355592,2.700562706017278,0.3172411155648228,0.7105687096491355,0.004354069776516849,0.6976691036624689,0.994820104295085
run_1909,9.68880487787526,10.420687710018655,2.4537103280359336,98.23000072124564,0.3843371874310405,0.14300840505395346,0.23133006170547676,0.1102512379460379,1.7960117037645584,0.3335719404443963,0.8166974770722852,0.010268503968047186,0.42305177390619675,0.44747233177236695
run_1910,8.419005706716248,10.044560757209942,2.5106999858370513,301.40187241598915,0.20625103026765934,0.10016219731233404,0.28769736666821083,0.15252000213661224,3.6852599662858196,0.27146628331671663,0.5511545791585071,0.005263549369726055,0.7378433588226931,0.5022919066738908
run_1911,9.625788696509845,8.99756568811846,2.6870274763916577,51.13562564563569,0.1036336243021498,0.2691032643035131,0.29090923237044286,0.055322540529689816,0.9451537467761353,0.21309666178019607,0.6746484122958563,0.0027892586699717293,0.38571685027963365,0.6987056326408935
run_1912,9.795468514293713,10.81529910953157,2.4628492269292153,352.02651925956735,0.2937617166889084,0.15756925241455497,0.30767507220147905,0.03762306910784016,1.580113429413203,0.6107019941275242,0.38031871441718124,0.0034248418400042754,0.27452491186905387,0.2157970151644311
run_1913,6.983192564806528,10.794825337502015,2.8375549916477305,355.37525904486154,0.12789502898492944,0.11042169464599609,0.048385407857981094,0.040926100309584525,1.3783080810287647,0.3523008151543868,0.32923493426614664,0.00822491273749638,0.3302074381476712,0.6020212785883746
run_1914,9.985603429064826,6.542872750924239,2.994862236182293,295.3804490821282,0.28331408199553554,0.16901856260849185,0.11356187450871738,0.1541371154274476,3.5461688738596706,0.6044944626666833,0.4777630186229448,0.010298167142243141,0.19542338449548796,0.33467331630110386
run_1915,6.162547971301276,7.225322448684745,2.627695803967957,317.6959651225088,0.19106773843454997,0.01185796581582054,0.15136031453966337,0.09425516490753405,3.6513184679523656,0.6778786615853134,0.8861293360294791,0.009856875045418299,0.162171442059175,0.99860576661663
run_1916,9.778796099095185,10.862238104829189,2.9052574851101824,209.35222432734855,0.12233199335514759,0.29381289879540595,0.22785999573288884,0.034256377290208154,2.339234509923957,0.4419929685346517,0.5204115565499826,0.00797905871808417,0.39282187270785585,0.1585637896495854
run_1917,9.301291127437574,11.653821461256772,2.9879197433897327,11.62411142214657,0.1988803731803055,0.2004095207565081,0.09350657791790593,0.10771729824661362,2.3829903625107383,0.5737560995877637,0.489806701404646,0.008626615465493249,0.46524955024429104,0.9274597832449032
run_1918,8.675342924746346,10.506208245886892,2.435677670467006,288.3167126538878,0.25461733734986725,0.15960591491845363,0.12006987493744803,0.12668768722883297,3.286568437338988,0.26203559735365645,0.8803125761721278,0.007849921052421095,0.7413718150339219,0.6131552334360062
run_1919,7.99459635040124,9.241201627491822,2.460765317575759,268.43843456250596,0.15187649737466072,0.01760502761553716,0.16222811377305255,0.11957920588846843,2.2353272806728626,0.6898124341608487,0.5094727521325033,0.009638687294850762,0.19507723651235187,0.2704917569800218
run_1920,6.811773407800048,6.902213024770545,2.4309702868984315,16.776379917603233,0.32706279773013147,0.04539888548721926,0.30898894908002705,0.12876918506462234,2.369819607088387,0.6175718498604115,0.4849931060791778,0.003997111663926066,0.24656108196239598,0.038151455459360634
run_1921,6.948164086009475,11.959115125308424,2.91006931395086,347.3974577863538,0.3392859905441342,0.26957384706228904,0.2041704441714207,0.021258080322319062,1.3836900165230994,0.39070634108592095,0.5462830568513048,0.009999477474159909,0.5886700475845585,0.8274456665738084
run_1922,8.200156807953967,9.816481420015894,2.959927114508198,46.80390814108178,0.11726762985375211,0.17831271694141437,0.06595746920087203,0.049667918856620336,2.3032747815849373,0.6496999775608867,0.7893947416416113,0.00676956842872766,0.19889415490695095,0.2857134326340716
run_1923,8.977399520822246,6.126463627446195,2.8700654532130976,327.3151954764376,0.24586206692735077,0.03203983473797694,0.26274715861213715,0.08144243747338918,1.7566183057761307,0.32831858960433924,0.7929453864174962,0.01094885812260904,0.10977038338562375,0.6951553450900445
run_1924,7.468881015375487,9.852961818974402,2.5348284010476836,9.589249480915642,0.11602676361125128,0.06521373536983145,0.22597398373552,0.1366904305906238,4.868204923288488,0.4155421507971637,0.3772796110185459,0.0032626887262116938,0.3588966875598375,0.9907621115472829
run_1925,9.264118178942487,10.199192142280415,2.9241636168992535,163.07240504134265,0.27184821355623123,0.09588947671546837,0.19761139984422998,0.08071874240484761,3.885174633516656,0.5682948035435291,0.7375147484899257,0.0014435853235095827,0.3140727013186829,0.7381924515419398
run_1926,8.208686896610715,9.970816239712725,2.423880744781975,246.20817964992284,0.3746499568715821,0.2032180837291674,0.0289274882966561,0.19128217858112032,3.1751127252900107,0.330832648555161,0.8894298261041884,0.00977427458158996,0.4346600324225911,0.608679501494826
run_1927,7.333036551558784,8.75514446256654,2.971792259216863,63.67227974871041,0.29902633940574336,0.2538300547618573,0.038992381562481915,0.1369021447998142,2.5302509323185545,0.5120557695150676,0.7647396290941151,0.008427577328495322,0.29131820169986333,0.8992847325139509
run_1928,9.050682016572487,10.971506245552401,2.5019431678711648,224.6575934995151,0.3238513914885912,0.06702294787067195,0.1746483767564415,0.1592527572541362,2.163890791367078,0.37690947322207485,0.43128031879605877,0.0085553883128291,0.6795429596507229,0.39398267055876407
run_1929,9.367471183669878,10.765510164873184,2.4969999718143763,136.30799762922794,0.2269606593878952,0.13845317098728377,0.15590487335704345,0.019531596467879643,3.5305393310361097,0.49091887329291833,0.6774214675954593,0.007430625401566781,0.6152518941742073,0.3161667275044149
run_1930,8.79317247904763,10.176197494466344,2.9361295664387503,34.59087442926452,0.3485663309307033,0.25361209143382146,0.3037287169443194,0.15799096806187612,2.4032690507284777,0.6208460015078024,0.7293679879641296,0.0018332766902369162,0.6045204951006915,0.18900221749295762
run_1931,9.359095589515107,10.235609970480311,2.5359870948587035,351.83474250119315,0.28011271915795544,0.190433873014756,0.1766199152532748,0.07238528315876398,1.242318230381131,0.6503836274906151,0.30369360166315196,0.0026258222813107628,0.2867512185808335,0.8686495473010857
run_1932,9.94602972982585,6.101050487791409,2.404024401757255,5.797007246062725,0.3959181808090205,0.26044134372407807,0.2730798237723333,0.15885445282165905,1.9024477042451866,0.5139917282887778,0.8787607072855517,0.0030257878375608534,0.2484722784553732,0.8451235260914048
run_1933,8.42923804932602,6.786200944362279,2.769636616326984,308.09729670655724,0.3625340588484499,0.23463114956329756,0.3003581245359069,0.04399856020292574,3.474698480678443,0.529002797180175,0.7917852193874162,0.008888239090165753,0.5396308264909582,0.43089861856215633
run_1934,7.6220631919385475,9.217445573976725,2.6007765964412095,131.34272214096214,0.3294505889613454,0.19830285803936218,0.06426844043203934,0.1628490621963131,3.067349893937651,0.469838154819701,0.7710294081167741,0.006472270840640091,0.7838941800756061,0.8607038004425803
run_1935,7.686600651411191,8.791175284386755,2.8032080869969778,150.07880371165524,0.3742778132826443,0.05800719421007824,0.09282465669264972,0.1502601734133207,3.731741032524612,0.33441527429732065,0.3632528472502936,0.008913789230106106,0.6289123446967849,0.9330715258052296
run_1936,7.9755322433148335,10.38162878596535,2.547424544479342,260.79497386212864,0.3604226784071004,0.11578926265293457,0.15713468551498674,0.061417792717755694,3.932580596022449,0.401320856445918,0.8124777884896834,0.003792288053080047,0.28611119254347495,0.10608828610622276
run_1937,8.108644133918602,6.078781280302988,2.907806083423971,26.150005075735294,0.22184285401455567,0.09622667513496283,0.056806050241579364,0.1650940174889458,4.964847906376329,0.5509516031307922,0.8355377212794495,0.004953095981878551,0.571856128204777,0.11042209522035198
run_1938,9.596521118608907,10.441315815232384,2.590901562303779,124.744655412684,0.36849211631819956,0.05391337658890944,0.12362464871962589,0.14694063448886197,4.567814104788124,0.341736293802258,0.4338661779952418,0.007966118192971192,0.4594704999714576,0.7463086519400488
run_1939,9.744030804103513,6.601330435362858,2.782503002046828,154.1462605286689,0.20929804963238635,0.23260350574066593,0.10958336897925539,0.025740663240222797,1.391195495651631,0.5432820218515301,0.5103803077843166,0.00464554427150818,0.653056490756987,0.16078429071296227
run_1940,7.673834263010573,6.353558483683389,2.4017801508819057,204.71821419536414,0.30141136528980916,0.24938102939460535,0.0280280786809473,0.16087263821757797,1.4454796710816762,0.4553784431401713,0.6822800416017976,0.002446082577283416,0.4185410299019038,0.08691113190434128
run_1941,8.513957236747029,6.406912918790103,2.9573824657987817,227.30992581477113,0.3814391502066491,0.11303631370320058,0.3436613789388585,0.03606384306213945,3.8372150666790352,0.6925245091293201,0.8339536192169092,0.005758285588442698,0.5537019522177968,0.4107181886048088
run_1942,9.551476460033175,9.862626471801098,2.507640518838542,61.43081500752515,0.26684446153010516,0.23907222816296222,0.10247144978671444,0.13787939437617744,2.409709461793985,0.586862220701825,0.40981241240945154,0.007543861369038735,0.49038050442357817,0.0146129925224802
run_1943,7.969361120656064,9.800073549593947,2.831430954207343,1.9621069295356757,0.269476396652905,0.18104041149724978,0.19614526146789066,0.020976775797991044,1.389531811522407,0.4546449262409779,0.5434663618674052,0.0029925013613468832,0.6845459374716325,0.003339374467745554
run_1944,9.380582920782139,11.808895834814505,2.861469915733363,212.11645308531743,0.23679779522525374,0.18419489923631746,0.13881300164363267,0.18759190565165926,1.6415092729835978,0.359225528641949,0.7868431942230929,0.0051293108719909905,0.437339236672345,0.12287773154240289
run_1945,6.735862616641294,11.474192022535364,2.433000634431933,164.24795137977986,0.21469833657092544,0.21434552935269302,0.05433621267592405,0.01921219769353705,3.850150481606585,0.4131739833565361,0.38952864483016414,0.010778047300926314,0.7287811075499999,0.3514031798989689
run_1946,9.217402369179933,8.757938505767989,2.8760317041722003,162.64491527242737,0.11408902921263735,0.027300361474233516,0.029462421732063905,0.024837689908929296,3.1403763415539805,0.2037514465603415,0.5042276604365494,0.0017879184143475733,0.20169868567090418,0.458312017741193
run_1947,8.894536941349656,7.281133328886542,2.4468733269422516,253.38057790525744,0.29672351625240706,0.012433514702896171,0.06568671119327472,0.13346175422544942,2.9793209205175835,0.6154947268239497,0.863722402707316,0.00973356648542106,0.5408847417056095,0.2379047731643559
run_1948,6.223011745447767,7.520415165463786,2.581579136689079,243.85953249487704,0.20032218149967582,0.06564855164341998,0.2841391459617073,0.10180402601832873,3.56735978039827,0.581075787427894,0.5794709487346763,0.0036554164528205956,0.7096159844197671,0.9587363330918987
run_1949,6.78924274223228,7.360458829978019,2.4642562261232546,354.2317503521216,0.1866409584053854,0.021104760795601037,0.24612172596157403,0.1532180214757255,2.8022100705115465,0.6186037604480381,0.42399905000368954,0.011141577771217711,0.4753889973571831,0.1506211937176394
run_1950,7.135089909356447,8.647030541894297,2.9302228653404714,68.4963505945286,0.35348816071821354,0.20812318237611546,0.3452006416367648,0.059019459965392394,1.0620656009414904,0.3762346501060013,0.6460289297219614,0.004937916686268845,0.44340515266712166,0.7450262730004985
run_1951,8.944048842009291,8.171320246618308,2.975251457743374,156.43958962052443,0.24374689974647004,0.26443168182197174,0.17436448281885886,0.09288047606196131,1.9471670324854677,0.6482576476433366,0.4713007471955689,0.0032577234803042626,0.6284451856183051,0.3426902203987497
run_1952,6.90071229300299,6.937283565323205,2.560373385344838,346.0353191567952,0.2877198939545087,0.28884301956876257,0.12756388992968726,0.07133259953350736,4.595601180263259,0.2098584867753312,0.45254678454500363,0.005124680639488386,0.2908505919263405,0.91113436469536
run_1953,9.921031630367231,7.980295281100862,2.7681048233497183,289.47367569614266,0.22871082054054515,0.1659493121115949,0.15095143579077677,0.13816117245371282,2.0985905090843247,0.40421231971865873,0.880754307697581,0.0016574023178741598,0.5732925468223379,0.1807493028957101
run_1954,8.206400300355211,8.12769063470635,2.677438917563337,76.11610239475257,0.131844124820391,0.20106354483465255,0.07701114800470026,0.17113249176409212,2.86125240009126,0.6733548735438857,0.5667458688168542,0.011126207469420828,0.7732050589836548,0.23551404342337767
run_1955,9.094958062683524,7.109876677016501,2.6302311914500405,250.42013875799555,0.29590225972705,0.19239472155622714,0.1544409127055367,0.11729426826170071,1.2706489264498768,0.45382102750386993,0.7778306261198642,0.008101273359487314,0.642967514849215,0.24705242154170848
run_1956,9.682331252249583,8.516612212552523,2.6055118588088892,263.4382266435012,0.12070261712478517,0.0755128839649048,0.1612085858175553,0.10525603529792849,2.1481059088629753,0.3975014898936977,0.31100893940386887,0.0018080571440988492,0.13784882598481085,0.9347839898508097
run_1957,9.872847095144921,10.776045468920554,2.6347557872780945,199.78792226767177,0.24764632208065265,0.1633069630734343,0.31405594116160573,0.013178185867734976,3.6258246360333857,0.21173751960406548,0.8762065192721724,0.007688497570662009,0.7155449134291328,0.20888846843225406
run_1958,9.49411817430316,8.440853019537332,2.723417832283317,58.341557814029336,0.32972943032498137,0.2971891805590161,0.20047762083264073,0.014446891435145517,4.984811869317923,0.4603824115265356,0.807488365968775,0.00584109788621298,0.7141461634139528,0.5067877401496832
run_1959,8.577754585152924,11.510186340077286,2.8101650939583696,262.13272192513045,0.13863966694502156,0.14447626638555566,0.28346302078302665,0.028534954047870938,1.7378711494220105,0.37356947137984914,0.39503444125698745,0.00680561246585187,0.24296473400231602,0.8259476766048498
run_1960,6.732825163048462,11.236276005032014,2.737152374132396,305.6402430878553,0.1712361260067537,0.10919518099416542,0.21293262870741758,0.02897884302868909,4.113563122663079,0.28757514497174735,0.8523736648754243,0.0011722960762455695,0.6700030451947311,0.7749137131504831
run_1961,9.262420924194148,8.53238630858681,2.812982438728228,85.52858083948345,0.30930465996472484,0.08880358814393816,0.20153827663942428,0.1284547636625542,2.6624366620603475,0.622568324033391,0.3816090158731489,0.005798707077222299,0.17348109975334944,0.7089659633221438
run_1962,6.933065270603267,7.081027006391996,2.6807535370030684,220.85405371917213,0.3787405796075368,0.21645881093030764,0.3418037957525985,0.16459025706517164,1.0370368805366785,0.2163893117087851,0.8720665634617184,0.005205588705518681,0.39508064834659185,0.5901569333899401
run_1963,6.641953813714984,7.352596569572591,2.8409118538294895,311.418801144284,0.17008793704911707,0.15665046352139617,0.02530020334525897,0.13208175690471988,2.13600292879164,0.2001901435777298,0.3586787022330703,0.01101314388910788,0.5603943727692544,0.2553125948042875
run_1964,8.237579946957135,6.462999031441228,2.9934967334878593,290.26037060341565,0.16322700212812344,0.12193265282434956,0.2928883839386485,0.049158962165929056,2.4934578867766497,0.5765198252427595,0.34748504599051355,0.006550722996231816,0.1572395545141675,0.999413275302456
run_1965,7.194175629827203,11.416022410545004,2.7648271576162515,82.86884595808795,0.38823182785891974,0.11757046282593886,0.21896037297200846,0.16678823241845617,2.587245395035887,0.27604267310365044,0.41024605749948484,0.011882036050009311,0.39363835431775307,0.9663244057948531
run_1966,7.5340373644611525,6.702776923922683,2.4562425752836767,263.9047860762686,0.13569654162510858,0.17588614448795276,0.2603488038313312,0.18223373515600946,1.040018383201732,0.6704792180376578,0.7225081208191937,0.007383845128981821,0.23782576771606426,0.8826859592614812
run_1967,9.185131918453134,9.893806430945009,2.8125532971375398,98.05209790738874,0.35040726846052594,0.2187116427053658,0.3337408738120369,0.050185254927727546,4.744959912859939,0.2944486608402439,0.6412689756934731,0.011617183159294997,0.7579989360767958,0.8218499332209326
run_1968,6.604927339498085,9.864916569059927,2.5484060082118463,78.58729626243853,0.3083168157356192,0.14857750915273457,0.20558830441806256,0.1524679601234765,1.8536127988035105,0.38017536001871866,0.5260162070873946,0.004478415507635833,0.6560075845129942,0.9341838418529719
run_1969,9.348714411424016,8.98496067130882,2.702598282146095,128.29602800187038,0.23037563176219922,0.2882150617665292,0.08377343938506879,0.14864891019244889,3.7724504614722143,0.6965472566228683,0.4888836215158864,0.004864953596668306,0.5372871148372652,0.39663585947947655
run_1970,9.06201480498487,7.957145103541011,2.621552779927625,15.276047757993112,0.20125196153727778,0.14025567618680368,0.3103231846666208,0.018791330657394183,0.9290233650952615,0.3586957806732444,0.35258025557010303,0.010808423143440406,0.6035681884259559,0.6860051218146573
run_1971,6.650102662958056,6.791203436671103,2.766167456353617,268.5789381705154,0.17538905562351093,0.16414155102504832,0.21834243377533896,0.08184621788286515,1.4182410372590533,0.5481634537658672,0.843684662233954,0.004723366842197657,0.458669195552728,0.4788693522357219
run_1972,6.029765059186621,10.652898116686691,2.9401941157479063,198.8607105612021,0.14483006995756745,0.11568218994206589,0.10790323169879384,0.16313098422720565,2.9803778040249203,0.4059865113949529,0.5135878103965461,0.011326567663314663,0.466666351444866,0.6437271257406743
run_1973,9.434594713847627,9.782070567851651,2.59314167779534,151.95201897399255,0.387225203959524,0.11616922435307525,0.2589045886327027,0.12311750985158783,2.928740055965572,0.22490734263468132,0.5581226760816609,0.008166612052705687,0.16043860444334382,0.706029066044146
run_1974,8.473589706295401,7.80266112564799,2.7268403658654057,219.42423344327244,0.14717727043077522,0.19330901231627273,0.22772321122104724,0.11536924982776106,3.328793244404584,0.5020784518750434,0.6922153768212169,0.006255150214450672,0.696415134383218,0.6652213100792526
run_1975,9.881325723876524,10.101353348741085,2.821601989538811,101.9595288590437,0.2798976744136923,0.17394441354322693,0.3047566113892428,0.08341641849780392,4.81340445629746,0.43933360198157423,0.36245272147938495,0.007411254351870578,0.5658515969415463,0.16032139491293346
run_1976,7.795292573944734,7.527118093621627,2.8603034805353427,120.79198038088754,0.301506528717055,0.08565426115317881,0.1196740053175109,0.1130884033244503,2.1387721299485962,0.4535727550942672,0.5699500413702052,0.00581580127265545,0.7503561899855952,0.8455294948311406
run_1977,7.481351398671476,9.437482281544902,2.917492973748382,223.71707079796786,0.109924649815758,0.21829892582700752,0.26350261150998594,0.1398863122941458,1.3233337635660556,0.28440945988419203,0.8943295897067831,0.010996452882167707,0.31760856908667595,0.48355012205432296
run_1978,9.019694097044301,10.63801216944218,2.410316024332061,235.81523745640752,0.22672317462888786,0.13014857886664127,0.3480705967234468,0.16961547541602948,4.588669112585334,0.2236798852125116,0.5158147145925258,0.01008385720809788,0.22483772895878856,0.8427399361983641
run_1979,8.440569894105078,11.746444446507613,2.5733308506276025,191.9146513259474,0.190003331698081,0.03619238259974142,0.09733699641691923,0.03889293303668142,4.7978529053948,0.5283236732180532,0.6786184748394867,0.0047799307923226605,0.3400894923827448,0.1596977403840489
run_1980,9.1424430971657,10.555145590253334,2.5640913780466255,33.638369564980394,0.1921297566568614,0.2136542322626618,0.17564432875774136,0.018225576749020457,1.9133744126439372,0.3602411268647923,0.5493476955809281,0.00815627518260777,0.5499732734597755,0.5628452739792683
run_1981,8.716180182444965,10.089666885826997,2.411520615381296,84.88145791235053,0.1807131870072468,0.20056665279580757,0.1802822641645471,0.1737328115873617,1.5578932935237724,0.37079731375023856,0.4821474893174633,0.0027085439676747636,0.7599916211931286,0.20787388292285935
run_1982,6.351653082562894,11.379156644648138,2.8488722899538867,112.42198700983135,0.20063347442363186,0.27474978162218777,0.25270965938223355,0.015110707301245634,4.014369464671658,0.6087607477183847,0.6001256406288881,0.011533554089982904,0.4748136415314883,0.3953348069038361
run_1983,6.270208785894651,7.227568610747222,2.6025829650047934,72.07426712366004,0.3515096589904241,0.28672010531992703,0.18456675150673624,0.0698307820515899,4.904411642952762,0.6669995056672462,0.7700303319494259,0.004920662635842285,0.10582907052669814,0.5340708233944934
run_1984,9.606105161798403,10.358504824770062,2.9438306776165915,203.06756209259075,0.14587409857089872,0.191287509115604,0.3449486097504641,0.02333341101542704,1.2089420297426283,0.5583126096913452,0.4276441880310395,0.004051516077395923,0.6850592198334066,0.7687428235820385
run_1985,6.8060080464623685,7.795558912816712,2.6294546280957745,273.3200589976105,0.2754669681149895,0.18851246298473365,0.2544769639228808,0.0518827785234772,4.847564411876044,0.22882587319190098,0.7184245006546117,0.005501054936765257,0.7609880589878685,0.43175896065232583
run_1986,8.408897418894126,6.42128958765258,2.499687060582333,321.75856298494347,0.16274160465868232,0.22815453934241087,0.0699047923321841,0.19950000455839975,1.4960624270498726,0.6556330010619398,0.46760934111214525,0.00260565728399899,0.6405714330109524,0.8954951224693959
run_1987,7.631220339493044,6.220888035292024,2.94490987402436,335.52226279149465,0.14082129982017025,0.017833612847374426,0.047432972723795506,0.190967959289533,2.6306079104933495,0.6474257531048275,0.38427869383635765,0.010840343421829341,0.7419366347323383,0.8051975130006648
run_1988,7.286218018146112,10.626856892508426,2.6137678338170565,120.03302440872855,0.389656225500167,0.023384619588423056,0.19865494511479379,0.13966278297474602,1.1196221634955883,0.6712994962555767,0.39193709724534653,0.0031615002359979597,0.6119147528933815,0.2315289675251724
run_1989,7.542739475863091,6.069790732837993,2.606424876884677,263.01039275222155,0.22610669981468867,0.1432742509643356,0.1443497973290375,0.14708074125912077,4.540784982316327,0.20162507558814477,0.4558390128629165,0.007460236610636206,0.140927570171764,0.4304098933242645
run_1990,6.404487090797435,10.898297313701004,2.781711681992074,231.92246515259058,0.35706679022605403,0.14437431716100213,0.14778767026215725,0.12192138229258677,2.328923257014399,0.4526533111296565,0.3734861547101644,0.007354695058975012,0.17720384846861623,0.7892538423509352
run_1991,6.347116099150602,11.599036279330353,2.6285086679646397,64.45932635038545,0.27048681259807644,0.15741545909409782,0.029562521439828647,0.02412097642374314,2.67092554670211,0.3679611659841317,0.5727857115011971,0.01123240720967902,0.6038128840007913,0.2944590044480734
run_1992,7.051671847589304,10.297811356619555,2.7856655982940204,110.81221521008804,0.28727458836258934,0.0274386354863976,0.14287169804547814,0.04300192788303117,0.9122286644837516,0.43269976793360665,0.8665186090526615,0.006917128491549558,0.12460047979897791,0.07277385624189335
run_1993,9.338837078769432,6.5584116162284545,2.5447880708124146,227.6820427554679,0.33716629044908025,0.037207077350782394,0.09578393992762879,0.14354187777025695,3.7265176440691716,0.6716197573095211,0.6552470066133301,0.007332039118429069,0.20237035168094208,0.7791180765945954
run_1994,6.978304416961142,7.139825554240934,2.705222331348014,77.39221173236145,0.11285378267481222,0.2869844496409699,0.3007964161337152,0.07584603641494814,2.294153700360724,0.6432289656206125,0.7256619644316176,0.007252156297892605,0.10196973605111807,0.5097367195871971
run_1995,9.236708125276511,7.730512489480658,2.5028433094350775,30.748861834352667,0.10888675944219633,0.1777211972620687,0.2237104093949542,0.17991401930644144,0.8120802155569757,0.36690767523335777,0.38915279579334316,0.007565163568417991,0.316238799211055,0.446883773662724
run_1996,7.405931285432063,10.857296612011103,2.6322909096957057,148.0565950210098,0.3934658702766777,0.2771981568077484,0.08229690069005109,0.13698461561633338,4.775668458883535,0.547314143658414,0.7094148358528328,0.011742807636946486,0.4391171232344352,0.1418987152083317
run_1997,8.713787241418107,11.462285261019264,2.7956321418375105,120.43790018251974,0.18500089156925742,0.17756849339382522,0.28400879052339817,0.14831373166760323,3.27963928613811,0.3374663634653692,0.7558966170070057,0.0031824767560037163,0.7029876400359112,0.8656762316586012
run_1998,9.122115788135257,6.911962554965341,2.6523883331760274,95.82134441900368,0.3273122418318519,0.01671461677117743,0.15621733633219387,0.07223194281532495,4.602767727725119,0.33413161213498727,0.6133040884851242,0.009850002156877622,0.6629793975550975,0.8780115018733061
run_1999,6.4866870342667,8.961902362385153,2.636454537833379,247.9078947052681,0.2280216059617296,0.2955379705245775,0.33179419339523464,0.05513138710741062,4.935271385284518,0.21234058470621192,0.8420793736583907,0.003115877918834318,0.22941123013430287,0.8183714875088374
