weather,archetype,run_id,cohort,width,length,height,orientation,wwr,wallInsulationThickness,roofInsulationThickness,slabInsulationThickness,u_windows,g_value,roofAbsorptance,flowCoefficient,wof,fixedShadingDepth,variant,status,idf_sha256,weather_sha256,severe_errors,warnings,occupancy_minimum,summer_hours,annual_night_hours,summer_night_hours,He_all_101,He_occupied_101,He_offset_101,We_101,We_halfup_101,C3_hours_101,two_of_three_proxy_101,He_all_102,He_occupied_102,He_offset_102,We_102,We_halfup_102,C3_hours_102,two_of_three_proxy_102,hours_gt26_night,hours_gt26_night_annual,night_outside_summer,He_worst,We_max_worst,T_op_peak,hours_C3_worst,two_of_three_proxy_dwelling,heat_kWh_m2,cooling_kWh,csv_sha256,sim_sec
DSY1,semi,run_0000,stress16,8.290452087902889,9.418683364680744,2.7012424206240264,22.194473754769316,0.1796358733978168,0.0781535347590126,0.0281263147984265,0.1023603238909987,3.7187309613713815,0.2848874035155261,0.8851887605927302,0.0041794027925613,0.4679746472079719,0.7780886191933646,attic_party,ok,f79ba77aa97756d502a9eb4dba07c4435525560ab5b5f8f05508816a33607a0c,f31a17333556b5e7ac80078ae88c99f08af5269d75a4603c4f0b36336349361c,0,9,0.3,3672,3285,1377,1.0620915032679739,1.0620915032679739,0.0,30.0,30.0,2,True,1.4705882352941175,1.4705882352941175,0.0,45.0,45.0,6,True,17,17,0,1.4706,45.0,34.481,6,True,49.9892,0.0,7281ec7eb64de00c2d2316488f7de836f1de12b56a45543aa3251b9a8ed0ebda,3.272
DSY1,semi,run_0015,random64,7.108611475128714,6.493256650172337,2.557740067304502,196.7752575852872,0.3508426889305577,0.0691978473194322,0.1775662031153719,0.1504932433886532,1.1382521186428864,0.3634006054515437,0.3251097153924657,0.0053423127877505,0.7756179975255327,0.2215221883714765,attic_party,ok,963fe809a65c98e5873ac26b733cc3fc29ec31572413aec80a3cf1f4704b33ea,f31a17333556b5e7ac80078ae88c99f08af5269d75a4603c4f0b36336349361c,0,9,0.3,3672,3285,1377,1.5522875816993464,1.5522875816993464,0.0,44.0,44.0,5,True,1.6884531590413945,1.6884531590413945,0.0,49.0,49.0,9,True,13,13,0,1.6885,49.0,34.957,9,True,235.0852,0.0,85421e9458a78ac7b62d69f5766d1d54fe5c69372944da18bdff6a075d95381f,2.957
DSY1,semi,run_0023,random64,8.817343277589991,7.85539369563051,2.609145431853368,18.96253427869918,0.1742793412258079,0.1120027552699704,0.044072150885244,0.1176076252166526,3.9736567243591487,0.2414493988517185,0.6054915605613544,0.0048067660451242,0.6942537640069445,0.341692810129729,attic_party,ok,17990450f8d56c03f878d169091d45d4aec7fda994849157c7c1aea4f773c9ef,f31a17333556b5e7ac80078ae88c99f08af5269d75a4603c4f0b36336349361c,0,9,0.3,3672,3285,1377,1.0893246187363834,1.0893246187363834,0.0,31.0,31.0,2,True,1.3888888888888888,1.3888888888888888,0.0,41.0,41.0,5,True,11,11,0,1.3889,41.0,34.255,5,True,48.7723,0.0,8273bea5ba236a37fbf1ecd03a253d43929be85ba94c0942eee7d3086c305144,3.153
DSY1,semi,run_0029,stress16,8.203432183124272,6.408489310261017,2.8640680741404387,300.7801611485146,0.150600147289584,0.0170107318727439,0.045297803381865,0.0140947818271048,0.8776391010432707,0.6886897929854896,0.5132570934374501,0.0061052277763261,0.1044806285204754,0.4880446808864345,attic_party,ok,8771bf7142221ffe954cd3c5edb7b087e542ad958888d5aec059e7ea01e7fc8b,f31a17333556b5e7ac80078ae88c99f08af5269d75a4603c4f0b36336349361c,0,9,0.3,3672,3285,1377,1.6067538126361656,1.6067538126361656,0.0,39.0,39.0,2,True,1.9335511982570806,1.9335511982570806,0.0,54.0,54.0,8,True,45,45,0,1.9336,54.0,34.466,8,True,42.1963,0.0,fb88e0d87e732bd4ce1e91f0920923309fe8a46b92180fd84a2377fd48e7e0d3,3.193
DSY1,semi,run_0044,random64,6.030500032924129,7.408960521416061,2.7665628390675407,74.51262954714856,0.1781833985308706,0.2384489935374365,0.232027349722457,0.1662308275216616,3.706446374343945,0.2801471059994515,0.6879618953548321,0.0077865334940022,0.7588555884014518,0.4235989701065071,attic_party,ok,f6218e5b9b2563150efd9b87be26140953628f28da23afeb946ea4e93f8732a0,f31a17333556b5e7ac80078ae88c99f08af5269d75a4603c4f0b36336349361c,0,9,0.3,3672,3285,1377,1.1437908496732025,1.1437908496732025,0.0,36.0,36.0,3,True,1.3888888888888888,1.3888888888888888,0.0,40.0,40.0,5,True,10,10,0,1.3889,40.0,34.328,5,True,54.5241,0.0,72ec821b1eea29adf3233a2bfcd39fea995a7dcdb940c6f76935fec7c725486c,3.248
DSY1,semi,run_0063,random64,6.5621292372608675,6.65259707923012,2.866440977345775,291.8921029230811,0.2605908839526111,0.2904109892395112,0.2396360333811598,0.1130099666030276,4.144587096716162,0.654011275402036,0.4712269209763924,0.0014834559152219,0.54773627340295,0.5710594819740411,attic_party,ok,990d369523f52869615842e49bb457a28b9f3bc76330d39eb12097bd77c86a95,f31a17333556b5e7ac80078ae88c99f08af5269d75a4603c4f0b36336349361c,0,9,0.3,3672,3285,1377,1.6339869281045754,1.6339869281045754,0.0,45.0,45.0,7,True,1.7973856209150325,1.7973856209150325,0.0,52.0,52.0,17,True,12,12,0,1.7974,52.0,35.222,17,True,163.0291,0.0,fa1cc6f6c729f1b40b354c953496758a284719a24766160a74015a4922353cd6,3.317
DSY1,semi,run_0092,random64,9.93309790699963,8.182296197308714,2.457461454626565,111.121424386233,0.215416840146493,0.1614784962457293,0.2067813187440635,0.1045840336851818,2.5155012564866768,0.5247084843418965,0.6042830658593564,0.0091103599680866,0.403724911359604,0.9002186637947126,attic_party,ok,5aff92d2be036ad0b1c08c177c33100be5d2193e9ca65b3f4a878ed5aee3a368,f31a17333556b5e7ac80078ae88c99f08af5269d75a4603c4f0b36336349361c,0,9,0.3,3672,3285,1377,1.1437908496732025,1.1437908496732025,0.0,35.0,35.0,2,True,1.4978213507625273,1.4978213507625273,0.0,42.0,42.0,5,True,12,12,0,1.4978,42.0,34.363,5,True,38.1952,0.0,4b080cd799fcd00b9a575dd912a27a656a60997a840c2749f7c68b84921fd5c5,3.245
DSY1,semi,run_0095,random64,6.3624501841932375,11.842510228563462,2.491939053622874,295.7462251283733,0.2198554630131667,0.0400359318923531,0.1494445134899256,0.1850285440940413,4.185455890408224,0.5956563840158877,0.8831696681502195,0.0061710397040376,0.4456313827570233,0.3457178036598204,attic_party,ok,59a4aa908dadba45d1faa491a3ea87f6e96d7fad2654429670c895dd0e0cab4b,f31a17333556b5e7ac80078ae88c99f08af5269d75a4603c4f0b36336349361c,0,9,0.3,3672,3285,1377,1.4705882352941175,1.4705882352941175,0.0,38.0,38.0,4,True,1.715686274509804,1.715686274509804,0.0,50.0,50.0,8,True,17,17,0,1.7157,50.0,34.696,8,True,53.129,0.0,b443c82534bf50bc4632e76e6b8cf91bb2e152d01c2e0600cb63fd1fe847cc25,3.313
DSY1,semi,run_0132,stress16,9.299175482807073,9.44472107084308,2.6246307962624016,120.97695746647544,0.359724968552603,0.1373453664935816,0.0250244188438973,0.1090851112819592,4.432529714102253,0.6489282768966091,0.8546248700739805,0.0100735542076731,0.2380461443404612,0.205503238738427,attic_party,ok,4e32e61c1adedbd5a6fd8e5c84c1b227d8e0697b025e913ece9cf70a2fb241f0,f31a17333556b5e7ac80078ae88c99f08af5269d75a4603c4f0b36336349361c,0,9,0.3,3672,3285,1377,1.7429193899782136,1.7429193899782136,0.0,48.0,48.0,7,True,1.9607843137254901,1.9607843137254901,0.0,61.0,61.0,23,True,28,28,0,1.9608,61.0,35.49,23,True,69.7295,0.0,d0bb779d6a2128ddc91c581550e4305b10f126c2b6da89c235f7eb1d1677b6d4,3.276
DSY1,semi,run_0169,random64,7.695473365435487,11.227744275625916,2.4943900256809504,33.74614022217156,0.1572306658104784,0.0421425997389778,0.1619378594004896,0.0133961689752927,3.577533400781542,0.3919625146305164,0.533438368709399,0.0108911883433449,0.1066031747510421,0.8986530703328954,attic_party,ok,05c26613a2172ae76fd5578ed22100667eac445ddb606f5001278b6cc8e65c94,f31a17333556b5e7ac80078ae88c99f08af5269d75a4603c4f0b36336349361c,0,9,0.3,3672,3285,1377,0.2178649237472767,0.2178649237472767,0.0,15.0,15.0,0,False,1.1437908496732025,1.1437908496732025,0.0,33.0,33.0,0,False,23,23,0,1.1438,33.0,32.875,0,False,33.3647,0.0,764b046c08ae2f27e07427427d0f7e330ee6b13be8313c3ee625161bdd07c226,3.134
DSY1,semi,run_0171,random64,7.494809621295749,11.22002626611558,2.7470227147731485,103.10589157010632,0.254781411116087,0.1019944879351144,0.3370655776713539,0.0445047342704688,4.389418546125397,0.6060268646263012,0.3276582681904973,0.005932140031043,0.3357054429082935,0.5638512940204532,attic_party,ok,5ec3d29a440359f89cd68f59ae43d0005fd5141887f1cd39d0283ae04e0d3108,f31a17333556b5e7ac80078ae88c99f08af5269d75a4603c4f0b36336349361c,0,9,0.3,3672,3285,1377,1.1982570806100217,1.1982570806100217,0.0,36.0,36.0,3,True,1.5250544662309369,1.5250544662309369,0.0,48.0,48.0,7,True,12,12,0,1.5251,48.0,34.554,7,True,46.8104,0.0,cae9057a7e0ca187d7e7fc3ebc813cc5bcaf2648a743f4860e2fad11f2d652aa,3.168
DSY1,semi,run_0172,random64,9.655340429240898,7.24820416689231,2.42469543122848,172.6245737256148,0.1639874631194922,0.1196870715518636,0.3172583437442636,0.1578098077295352,0.9402029258114942,0.4028680909098489,0.8765797877084602,0.0023588769593888,0.2060066547113198,0.3409010096267915,attic_party,ok,54e120f320290e42c3440b1e785a9c068dc25751c39ebc73dbb582048ab4a87c,f31a17333556b5e7ac80078ae88c99f08af5269d75a4603c4f0b36336349361c,0,9,0.3,3672,3285,1377,0.9803921568627451,0.9803921568627451,0.0,30.0,30.0,0,False,1.4161220043572984,1.4161220043572984,0.0,42.0,42.0,5,True,17,17,0,1.4161,42.0,33.941,5,True,15.2029,0.0,0583132717ac133991d8fd8392d8248f197043d8fcd0d07ce7945cc1769f2944,3.353
DSY1,semi,run_0189,random64,8.854541179080801,10.452603750516715,2.9188006260871417,67.8876582569418,0.3641510351705923,0.0892540763860939,0.3097302387013971,0.1440692649228458,2.707948972652005,0.2832682627500669,0.6646816722211282,0.0103303899374604,0.1290129201750531,0.0948871124029668,attic_party,ok,f57ab24bffea2f0a5fcd3532e70ac7af500141fe4cc0f226c474730c5c012d8b,f31a17333556b5e7ac80078ae88c99f08af5269d75a4603c4f0b36336349361c,0,9,0.3,3672,3285,1377,1.2254901960784315,1.2254901960784315,0.0,34.0,34.0,2,True,1.5522875816993464,1.5522875816993464,0.0,45.0,45.0,7,True,14,14,0,1.5523,45.0,34.355,7,True,38.5532,0.0,b4a35b08b6138d108ca9c995f89fb0abeedd7341c24b993646786767ea1465c2,3.254
DSY1,semi,run_0203,random64,7.977123523285825,8.285263931205199,2.712837171815562,89.35419205267758,0.1358151170477194,0.188340689716523,0.0697252800449031,0.1120892354037314,1.7190015052738117,0.5071421704296211,0.5490554865529775,0.0022577353970723,0.6310346873260598,0.5050302275796102,attic_party,ok,0a1d77408c57ded2aaf37cec87206d9ed30821ccfae4c2d9ec274344a95914aa,f31a17333556b5e7ac80078ae88c99f08af5269d75a4603c4f0b36336349361c,0,9,0.3,3672,3285,1377,1.1437908496732025,1.1437908496732025,0.0,35.0,35.0,2,True,1.4161220043572984,1.4161220043572984,0.0,42.0,42.0,5,True,14,14,0,1.4161,42.0,34.319,5,True,39.1529,0.0,3c3673f084d81b5093cb3f55ab114b259c307d7c5a0faf66180e512287446e29,3.224
DSY1,semi,run_0208,random64,7.080933225138338,8.151979458855823,2.6146631258077835,109.77210266794091,0.1350633821387371,0.2826211130453059,0.3158693984636647,0.1010376581025481,1.0331012809233195,0.4004981292509733,0.7085516862951541,0.001430792206345,0.6109790032078951,0.401205105008072,attic_party,ok,7cf2393d0237edb917b8bebc49194f494edc78e38ea97528398f1800e9d781ef,f31a17333556b5e7ac80078ae88c99f08af5269d75a4603c4f0b36336349361c,0,9,0.3,3672,3285,1377,1.0893246187363834,1.0893246187363834,0.0,31.0,31.0,2,True,1.3616557734204793,1.3616557734204793,0.0,40.0,40.0,5,True,11,11,0,1.3617,40.0,34.162,5,True,48.309,0.0,a47efd89baf5ab5e57d495f5173bc599f26603f377ca200e826fc9523972fa0e,3.378
DSY1,semi,run_0239,stress16,8.966408949597819,7.177231125441284,2.4933678450716044,17.389312189459034,0.33924506984946,0.1909431656003543,0.2552562075773003,0.1590237503532047,0.8661594681833358,0.6951609206290856,0.8620318201574801,0.0106498566496832,0.1330127200193476,0.4051665189182183,attic_party,ok,c649a858fce9a5355875652be7a642ca1d6fa5653b351629a0972bf41f4913b2,f31a17333556b5e7ac80078ae88c99f08af5269d75a4603c4f0b36336349361c,0,9,0.3,3672,3285,1377,2.2058823529411766,2.2058823529411766,0.0,45.0,45.0,6,True,3.540305010893246,3.540305010893246,0.0,57.0,57.0,26,True,65,145,80,3.5403,57.0,35.26,26,True,47.8682,0.0,15c6db44563cebd2c935f780f4e152b69c717243a6201f27499ea7d0b43f4d70,3.562
DSY1,semi,run_0241,stress16,8.986985502735077,6.370726990713231,2.8262969611987976,288.55522855132386,0.3577817612158999,0.1857466310998697,0.1900534041160908,0.1183127038015254,1.180262981894609,0.5586107918959073,0.4841391966636397,0.0026352311391234,0.7606078576767147,0.3295277351670737,attic_party,ok,5f37f8946a506147a7cac08d67fae25d6f1c3af46422e35157e3bd28c38fe269,f31a17333556b5e7ac80078ae88c99f08af5269d75a4603c4f0b36336349361c,0,9,0.3,3672,3285,1377,2.587145969498911,2.587145969498911,0.0,50.0,50.0,14,True,3.2407407407407405,3.2407407407407405,0.0,58.0,58.0,29,True,38,69,31,3.2407,58.0,35.627,29,True,522.4423,0.0,4a25a5cdeb0f43115d027d48437f10fc9d96fd785a461083563243ea3c65287a,3.526
DSY1,semi,run_0298,random64,8.332008660398749,7.514114819729058,2.5770632840161176,32.65999947584161,0.3675082359468328,0.2612870512859359,0.1947062270800404,0.092184612395228,2.2327759245070897,0.4154681534695688,0.4491901728869033,0.0031863362642622,0.2918284207024562,0.3945965827764047,attic_party,ok,40a0d260bae5d91cf8f1d317a65473c3429ddeaded49fd08b395190a711675fe,f31a17333556b5e7ac80078ae88c99f08af5269d75a4603c4f0b36336349361c,0,9,0.3,3672,3285,1377,1.3888888888888888,1.3888888888888888,0.0,38.0,38.0,4,True,1.661220043572985,1.661220043572985,0.0,48.0,48.0,9,True,11,11,0,1.6612,48.0,34.844,9,True,62.6588,0.0,f52092bac54f261aa29800f4b35cf80ce51285de36af8ed07fe61c4be93cfbce,3.359
DSY1,semi,run_0302,random64,6.464886681198625,6.461232658039725,2.595607139740693,200.15410369855252,0.1048401522366748,0.0500529154312022,0.2464765860508568,0.138708672410398,1.0994929560158817,0.5957829612933677,0.6712389000184744,0.0114188958123249,0.5764259455075901,0.8590859386058312,attic_party,ok,fbf57d408f1a817de7c8da371221a4970225b2774503f632b46fb7e47f85c453,f31a17333556b5e7ac80078ae88c99f08af5269d75a4603c4f0b36336349361c,0,9,0.3,3672,3285,1377,1.171023965141612,1.171023965141612,0.0,36.0,36.0,3,True,1.3888888888888888,1.3888888888888888,0.0,42.0,42.0,5,True,14,14,0,1.3889,42.0,34.288,5,True,39.3467,0.0,48ce8d2d30063e96372bedb4c20cace2896dee3dbd173a6cfab60ec0bde7f48a,3.327
DSY1,semi,run_0421,random64,7.259944904757417,9.95766854175178,2.9168650187863294,194.2486599421907,0.3312206235671143,0.0946711362366577,0.2923395976811948,0.0428674051588782,2.175209421544923,0.3660505438690433,0.3166605386628426,0.005912152362126,0.7213775997545232,0.4076882356228147,attic_party,ok,5de90f85e3ff6bddf286f10dfb6b6cf939c3b3dac208f7699e76a35a34f4295c,f31a17333556b5e7ac80078ae88c99f08af5269d75a4603c4f0b36336349361c,0,9,0.3,3672,3285,1377,1.3344226579520697,1.3344226579520697,0.0,37.0,37.0,4,True,1.6067538126361656,1.6067538126361656,0.0,49.0,49.0,8,True,12,12,0,1.6068,49.0,34.762,8,True,108.5413,0.0,ee32ce64d4da2f51a1d71f12223b7103a49b9968cd32f3617b884a32fdaf3b22,3.236
DSY1,semi,run_0456,random64,7.235653346407408,11.709367776516928,2.5247172842449146,164.85689193046983,0.316903563356449,0.2724207622108091,0.0275777940548623,0.1306855280144903,4.841830387386058,0.3607166626987048,0.7357196636648353,0.0087398255812502,0.7615723805690275,0.6784222436994939,attic_party,ok,c073561a97168195363ca975255344e51e22d1e76666d1187b29229fbc1fc3bc,f31a17333556b5e7ac80078ae88c99f08af5269d75a4603c4f0b36336349361c,0,9,0.3,3672,3285,1377,1.1982570806100217,1.1982570806100217,0.0,36.0,36.0,3,True,1.579520697167756,1.579520697167756,0.0,48.0,48.0,7,True,11,11,0,1.5795,48.0,34.663,7,True,78.167,0.0,2ffd3dfe9b35dcd7652313db2db874cbad9d92548949f15784d33cba9f62ad38,3.262
DSY1,semi,run_0492,stress16,8.550782772522515,11.776115421222215,2.699213296519177,334.2020798495306,0.3999904372395374,0.0206995492983702,0.0607249068429463,0.0682232294671505,1.1214548050257498,0.6419965380885064,0.7204194426782291,0.0073087888941234,0.247223981405377,0.2972364509554138,attic_party,ok,9e9bf465798f376b4a44004e1bec8c0f222e75ed52706fc864b6ae0e243b8e70,f31a17333556b5e7ac80078ae88c99f08af5269d75a4603c4f0b36336349361c,0,9,0.3,3672,3285,1377,1.824618736383442,1.824618736383442,0.0,48.0,48.0,7,True,2.1514161220043575,2.1514161220043575,0.0,59.0,59.0,26,True,25,28,3,2.1514,59.0,35.376,26,True,74.0371,0.0,7dc0050b7abacf17df64dc5527766bc0d254b96f919b061560bf5ff9a5fa9222,3.39
DSY1,semi,run_0499,random64,7.858804507830091,10.349836369453136,2.532898445475049,95.20960247737294,0.2105308086928702,0.2661776403887546,0.202952619776223,0.042630729895842,4.479626527348435,0.5735404220619731,0.7008795170704228,0.0036983473818156,0.1567476492121556,0.6596289751233395,attic_party,ok,b41f7f7ca623fa1501b7823647bdd1645b7c95dfb9cac05009a1794cc1ec37b4,f31a17333556b5e7ac80078ae88c99f08af5269d75a4603c4f0b36336349361c,0,9,0.3,3672,3285,1377,1.0620915032679739,1.0620915032679739,0.0,28.0,28.0,0,False,1.4705882352941175,1.4705882352941175,0.0,44.0,44.0,5,True,17,17,0,1.4706,44.0,33.981,5,True,24.8652,0.0,e9caa672a7f2a17cad037d3181d75534216ffca9dc1dd51c5f1637ae9fb40852,3.363
DSY1,semi,run_0500,random64,9.82451369711319,10.845295277018504,2.7073204009582628,108.9848566026068,0.2404164756163604,0.2191691030494161,0.3170431197618952,0.1101248845957577,4.246097291116642,0.3146179268775989,0.8846779164318552,0.002952629013426,0.3985480745890861,0.6671409251817507,attic_party,ok,72335f127ca7ab94e52963c520439c9df2c3a250d57b93147d7314bfb2afda68,f31a17333556b5e7ac80078ae88c99f08af5269d75a4603c4f0b36336349361c,0,9,0.3,3672,3285,1377,1.0620915032679739,1.0620915032679739,0.0,31.0,31.0,1,True,1.3616557734204793,1.3616557734204793,0.0,40.0,40.0,5,True,10,10,0,1.3617,40.0,34.175,5,True,34.2093,0.0,5d51eb1361eae2e861a9c510494c3ff91b60c1fb90a120e86b2224315bc7eea5,3.26
DSY1,semi,run_0628,stress16,9.72733840356107,7.8427669792229615,2.5924321527735392,359.8933269015914,0.3529783862372112,0.0761779621335445,0.3273904561993191,0.0824461595128538,3.4708268892998255,0.3251799736172571,0.3503616556392233,0.0015213312741712,0.7206263247604744,0.7182250817689112,attic_party,ok,92709a7eaf89e6e85585737eee865f5e560389d5b20253ffd7ffcbf70fada85c,f31a17333556b5e7ac80078ae88c99f08af5269d75a4603c4f0b36336349361c,0,9,0.3,3672,3285,1377,1.171023965141612,1.171023965141612,0.0,36.0,36.0,3,True,1.4978213507625273,1.4978213507625273,0.0,43.0,43.0,6,True,7,7,0,1.4978,43.0,34.468,6,True,62.1185,0.0,d713c34162f39319a7621769e720a28e8988236252204ebf2ddd0d47fce1c66b,3.207
DSY1,semi,run_0745,random64,9.403992115334937,8.48512079989969,2.7038151450428907,145.5310132662222,0.2567053419094268,0.2898505421920269,0.0488499881238593,0.1014932783378585,1.1571722700731573,0.4833947498367663,0.8213087990653432,0.008725404304492,0.7657037313194129,0.8876906018863312,attic_party,ok,a36c5747d799be797cc590e4a73da24e95944205056e901b8420fa9c0ceb2ebf,f31a17333556b5e7ac80078ae88c99f08af5269d75a4603c4f0b36336349361c,0,9,0.3,3672,3285,1377,1.2254901960784315,1.2254901960784315,0.0,37.0,37.0,3,True,1.6067538126361656,1.6067538126361656,0.0,49.0,49.0,7,True,14,14,0,1.6068,49.0,34.784,7,True,100.5882,0.0,b05760d5a23d17dc1f1ae868a084186087d5c0cc8c9fde2afd19b44dddd6fcef,3.315
DSY1,semi,run_0768,stress16,6.634637881940697,11.603463379949876,2.9452065682690702,7.656125949492523,0.3673240508605883,0.0703946751822334,0.0882239068606324,0.0721394554328508,0.8794108960838816,0.6853284584119119,0.8495356125752638,0.0109339718263157,0.2996274968959122,0.0483529411528591,attic_party,ok,3480178bcbe84a0670dd2a638941ccc39934ba3b9860a357816aa49be4ec9e80,f31a17333556b5e7ac80078ae88c99f08af5269d75a4603c4f0b36336349361c,0,9,0.3,3672,3285,1377,1.8518518518518516,1.8518518518518516,0.0,44.0,44.0,7,True,2.559912854030501,2.559912854030501,0.0,59.0,59.0,27,True,38,51,13,2.5599,59.0,35.567,27,True,123.0471,0.0,ece9f3c6e9ba483e1730952f0cb8721d9c438b797531989b6db169fd5dc1fa59,3.453
DSY1,semi,run_0785,random64,8.940781628092497,8.940854789499578,2.71333172432655,21.027453984889203,0.3107729422642821,0.2659499439488594,0.1570556761118805,0.0362424341838409,3.092059615457477,0.5972727377148599,0.3537591526886088,0.010305774523266,0.4150422534097331,0.1795157167910107,attic_party,ok,53985a1d6e3380d8cdc950abaa93be0c54bec4a3aa8f4111a9fc88d97acafe63,f31a17333556b5e7ac80078ae88c99f08af5269d75a4603c4f0b36336349361c,0,9,0.3,3672,3285,1377,1.3888888888888888,1.3888888888888888,0.0,37.0,37.0,4,True,1.6884531590413945,1.6884531590413945,0.0,49.0,49.0,12,True,11,11,0,1.6885,49.0,34.89,12,True,68.737,0.0,ff26e00ee6f994bd4df1e6149dd3a72bd7b46433ea8ee6ef1431231b151ee73b,3.289
DSY1,semi,run_0788,random64,8.782009887322488,9.886407966385462,2.689241045237277,165.79600971047623,0.1806222296930827,0.0350189214807997,0.2624851560323494,0.0761344647472262,0.8504742135136384,0.5569179194726575,0.8553784108853641,0.0092759304403749,0.5281861664355341,0.2100976052058908,attic_party,ok,835cd8188757c43903f963069c690a970fe806933fd41d8ec21aef8c68710f23,f31a17333556b5e7ac80078ae88c99f08af5269d75a4603c4f0b36336349361c,0,9,0.3,3672,3285,1377,1.2799564270152506,1.2799564270152506,0.0,36.0,36.0,3,True,1.5522875816993464,1.5522875816993464,0.0,50.0,50.0,6,True,16,16,0,1.5523,50.0,34.512,6,True,46.3275,0.0,a5e608355edddfac322715e29a2b1e9b521b9fc5eebc92f15731612c5667541b,3.271
DSY1,semi,run_0821,random64,8.168610103195812,6.295910082319626,2.44919521726831,83.16215592635217,0.1633699932395152,0.2793528873688088,0.3075031868920546,0.1071356027635634,4.694512503188105,0.3195967627738837,0.4662343120140395,0.0025933405746935,0.4004795609820039,0.9249981780019016,attic_party,ok,2cae23e4c36a0e6ca8ae99a115c2eda782263e9b2f6fd06dc94b231d6749270f,f31a17333556b5e7ac80078ae88c99f08af5269d75a4603c4f0b36336349361c,0,9,0.3,3672,3285,1377,1.0893246187363834,1.0893246187363834,0.0,31.0,31.0,2,True,1.252723311546841,1.252723311546841,0.0,40.0,40.0,5,True,9,9,0,1.2527,40.0,34.076,5,True,35.6143,0.0,0f879bf2e14cc768357c0529fe1b24cb875d22334f0b138af61af768d5a0148b,3.215
DSY1,semi,run_0833,random64,6.881397296298271,10.882836593895547,2.866583637518168,115.0820265960748,0.2101446861231999,0.1571910951166595,0.0991883520257245,0.1038913954908974,2.054872833294584,0.31784047548047,0.3619575529089111,0.0100872283500496,0.3785981589568508,0.1448921445221051,attic_party,ok,d1abb3b057cb8152986f1b52e1fb30fd1e08fd17e2419935b429258f9a1e746a,f31a17333556b5e7ac80078ae88c99f08af5269d75a4603c4f0b36336349361c,0,9,0.3,3672,3285,1377,1.1165577342047932,1.1165577342047932,0.0,32.0,32.0,2,True,1.3344226579520697,1.3344226579520697,0.0,40.0,40.0,5,True,11,11,0,1.3344,40.0,34.152,5,True,36.3365,0.0,c3b9b6aa3354aff84626d27b4151e89cefca95107bdba604b1e8efa9c25af03c,3.146
DSY1,semi,run_0841,random64,8.367547204965499,7.256923551190713,2.9918995286847547,209.09780783784907,0.2412457505801208,0.2385274524029789,0.0999052231342154,0.0327496438192871,4.272186592040046,0.5573251812470255,0.5047083796199578,0.0034639552327845,0.6468288498143069,0.6883388060301502,attic_party,ok,983117d4b0fad2e3bdeb6629bc933686cedfe0cc096216708bf0e5dedaa190c5,f31a17333556b5e7ac80078ae88c99f08af5269d75a4603c4f0b36336349361c,0,9,0.3,3672,3285,1377,1.4161220043572984,1.4161220043572984,0.0,38.0,38.0,4,True,1.661220043572985,1.661220043572985,0.0,50.0,50.0,9,True,10,10,0,1.6612,50.0,34.889,9,True,86.5706,0.0,9b2f0707f776212a5f7aebfefd699f057456097ea0970860e04fc00cce6f05a5,3.26
DSY1,semi,run_0844,random64,8.746712419323499,8.255288205551997,2.8301858731668736,119.6183960439886,0.1994819192503905,0.27254785547391,0.0411225287078061,0.1609877938402135,1.483139363161183,0.3044285647779056,0.8800589857851471,0.0064660006290998,0.7491636968151721,0.9819550749784538,attic_party,ok,6b2b5ec2b240ae301516b97c567132d9803683fd4ae88d9d67517f4718afa961,f31a17333556b5e7ac80078ae88c99f08af5269d75a4603c4f0b36336349361c,0,9,0.3,3672,3285,1377,1.1437908496732025,1.1437908496732025,0.0,36.0,36.0,2,True,1.4978213507625273,1.4978213507625273,0.0,47.0,47.0,7,True,13,13,0,1.4978,47.0,34.599,7,True,57.2334,0.0,5137cc4cef7536aaca38b7e072b2f9e60e0ec4685f2770253148388d6484000e,3.297
DSY1,semi,run_0887,random64,9.484724765067508,11.174464591770498,2.414911442203662,229.80644996404757,0.2796275305540545,0.0758284244041909,0.2896741830836959,0.1751072335090888,1.6995338270119895,0.3107776781053267,0.4257006634020504,0.0114970329370951,0.491908950611397,0.9890734482016346,attic_party,ok,0472251ea56ef8c6b1f0e2062159f4341bfaeb8f437952bb14951f094bac0e2c,f31a17333556b5e7ac80078ae88c99f08af5269d75a4603c4f0b36336349361c,0,9,0.3,3672,3285,1377,1.1165577342047932,1.1165577342047932,0.0,34.0,34.0,2,True,1.3888888888888888,1.3888888888888888,0.0,40.0,40.0,5,True,11,11,0,1.3889,40.0,34.217,5,True,35.5648,0.0,a032af1892480d2e4e03d6136602b897ca4bad7f6a2ad27fe06fe5e682f94d1a,3.25
DSY1,semi,run_1025,stress16,6.001988515451892,8.013747343359917,2.712128069948224,187.7230485160186,0.3988100711297681,0.0143824485162627,0.2716513893534522,0.0592134160641791,2.773734982619098,0.4008863300303726,0.4244523072802022,0.0086936739506271,0.2466612679915689,0.5322139386093038,attic_party,ok,6b5e83e2df233657055f6fee06419f173124d88ff4d972ade31e629f801ad567,f31a17333556b5e7ac80078ae88c99f08af5269d75a4603c4f0b36336349361c,0,9,0.3,3672,3285,1377,1.5250544662309369,1.5250544662309369,0.0,43.0,43.0,5,True,1.715686274509804,1.715686274509804,0.0,50.0,50.0,9,True,13,13,0,1.7157,50.0,34.894,9,True,76.5961,0.0,78e24970fb9dd1fee8384eda8a8ca5092ec39d9f634cf62deea2e7ed59be8221,3.223
DSY1,semi,run_1083,random64,8.454517480509306,7.606900202320765,2.5501477925335045,241.34481889977465,0.2891208841498976,0.1515706845674109,0.1605073890215713,0.1607015551309144,1.101558526110067,0.2140821822715956,0.8767854811568954,0.0117808467129899,0.4181305553407746,0.979553351344094,attic_party,ok,d98675d846d308fb9550feb772e72397a9b45185436b06edac6988c6a66b86aa,f31a17333556b5e7ac80078ae88c99f08af5269d75a4603c4f0b36336349361c,0,9,0.3,3672,3285,1377,1.1165577342047932,1.1165577342047932,0.0,36.0,36.0,2,True,1.443355119825708,1.443355119825708,0.0,42.0,42.0,5,True,11,11,0,1.4434,42.0,34.394,5,True,45.6529,0.0,dd9bec4cfa406d7f43fdcb9f600e239218f0a183032db79b41afd7704dc5855c,3.305
DSY1,semi,run_1093,random64,8.002380628505447,10.166259736812894,2.8796333119979427,171.23898423952662,0.100090185215434,0.0543938555226989,0.0270087812313298,0.0755226196018769,1.8235443611211988,0.386033384594613,0.8407906551118343,0.0050274494110316,0.354654458456868,0.9837284633011107,attic_party,ok,8feac13e45d6a8dd7d790c85943faf37853259e5f2d77d65184c862ae717560a,f31a17333556b5e7ac80078ae88c99f08af5269d75a4603c4f0b36336349361c,0,9,0.3,3672,3285,1377,0.8442265795206972,0.8442265795206972,0.0,28.0,28.0,0,False,1.4705882352941175,1.4705882352941175,0.0,43.0,43.0,6,True,22,22,0,1.4706,43.0,34.111,6,True,39.7781,0.0,077fc2908b31fb3ea83054781d46a6e49fa2860cc0d66cea13032763baa1db16,3.188
DSY1,semi,run_1130,random64,9.188456848978468,11.639043127509634,2.559744911138821,29.410840417817724,0.1117948532135704,0.2858457406091068,0.2595794543528447,0.1999165833637279,1.1743911222239498,0.471472375004214,0.5367601190449024,0.0117616437190273,0.2970725510522888,0.433698314360111,attic_party,ok,e75f15430d42878640afcb9dac4fa3d6f3c2e9de87668c7ceb8cbfe58de336cc,f31a17333556b5e7ac80078ae88c99f08af5269d75a4603c4f0b36336349361c,0,9,0.3,3672,3285,1377,0.789760348583878,0.789760348583878,0.0,25.0,25.0,0,False,1.2254901960784315,1.2254901960784315,0.0,35.0,35.0,2,True,16,16,0,1.2255,35.0,33.373,2,True,8.7062,0.0,899afa57bacc7e4e938bff8f4a91ad652791544df0f945e9b7c484caffec9840,3.309
DSY1,semi,run_1192,random64,6.574979979831511,11.394826702694091,2.6678524442714378,83.01673689334608,0.3565625542057532,0.2467632876240327,0.0518339126921443,0.087289463380345,1.2028290993735582,0.4784511509089152,0.6693643480800702,0.0064013535611167,0.4547676125272111,0.8704605859623464,attic_party,ok,4ca3e98fb07785846d20360e4c326924b33de5147ebce7713e1a47071a58f775,f31a17333556b5e7ac80078ae88c99f08af5269d75a4603c4f0b36336349361c,0,9,0.3,3672,3285,1377,1.3344226579520697,1.3344226579520697,0.0,39.0,39.0,4,True,1.6339869281045754,1.6339869281045754,0.0,49.0,49.0,10,True,13,13,0,1.634,49.0,34.852,10,True,88.2504,0.0,177350647b5035c169cc625ab9f92e342589cdf0cc1844c19215544edda5f02c,3.268
DSY1,semi,run_1197,random64,9.55307660622851,10.935446202367611,2.651431698797591,89.14333515226049,0.2043520540065082,0.2592494770209894,0.0576746329066228,0.0781157588360924,2.1857332563991227,0.2060785959940542,0.5149724560393532,0.0076651831377733,0.6733006645411621,0.4720333855727691,attic_party,ok,6149e2cc8fb6b72bb1dc9e10d38a096b2bcb66a53e689ab0621529ad264c8db1,f31a17333556b5e7ac80078ae88c99f08af5269d75a4603c4f0b36336349361c,0,9,0.3,3672,3285,1377,0.8986928104575163,0.8986928104575163,0.0,29.0,29.0,1,True,1.2799564270152506,1.2799564270152506,0.0,39.0,39.0,5,True,11,11,0,1.28,39.0,34.095,5,True,34.702,0.0,8b1b7e9476538bab0e78ea2a12bfe1e8208db96f27d60993abce2706879f4c53,3.388
DSY1,semi,run_1199,stress16,8.893313295309667,6.752916196560016,2.775376919971335,90.13627347871588,0.1083033134047148,0.1785539237225437,0.0601924888116002,0.0886989224971885,1.0127404186376616,0.4736069389205135,0.8365327423703692,0.0052546015723922,0.7998494879171348,0.7537545170074853,attic_party,ok,77e9a6e1922106c765e9c384e1540ccc0c68aac7a4d680d9adf2271fc20dc046,f31a17333556b5e7ac80078ae88c99f08af5269d75a4603c4f0b36336349361c,0,9,0.3,3672,3285,1377,1.1437908496732025,1.1437908496732025,0.0,35.0,35.0,2,True,1.443355119825708,1.443355119825708,0.0,44.0,44.0,6,True,15,15,0,1.4434,44.0,34.471,6,True,43.7841,0.0,64ce173d1245029d7ff747ca9e7c008ea8655c35a2bd6ad69c211b5854a17743,3.388
DSY1,semi,run_1207,random64,9.168130791502008,9.004696072729846,2.8115599835956373,142.9180739985565,0.1284202723692254,0.1867752178704292,0.3348439656423181,0.1317711005700411,2.4118781979192816,0.4565266167997619,0.610364497850469,0.004851525079017,0.1978381158264388,0.9603135205592784,attic_party,ok,79db5c6a60847de0abd892657a810fa4b756a8957c2f07704fbb6f22858a4ee0,f31a17333556b5e7ac80078ae88c99f08af5269d75a4603c4f0b36336349361c,0,9,0.3,3672,3285,1377,0.8169934640522877,0.8169934640522877,0.0,25.0,25.0,0,False,1.2799564270152506,1.2799564270152506,0.0,38.0,38.0,3,True,17,17,0,1.28,38.0,33.543,3,True,12.8838,0.0,567d60d9610bc00df72b6f31d1ca489f7064f72b5b7c8ae6045f053026a30c6d,3.251
DSY1,semi,run_1209,random64,8.118074804521358,11.978193458414612,2.9036564697751355,244.9524063171716,0.3754156589993933,0.1220701597070463,0.1432447265725567,0.0531746170798,1.5295117539422654,0.5948510668405462,0.606964077683358,0.0056553556870505,0.480152133711234,0.6399576848879639,attic_party,ok,35b0818e4836ead4ae4741a750617c19a044178e2485cc320bf589d40cb79474,f31a17333556b5e7ac80078ae88c99f08af5269d75a4603c4f0b36336349361c,0,9,0.3,3672,3285,1377,1.7429193899782136,1.7429193899782136,0.0,45.0,45.0,5,True,2.342047930283224,2.342047930283224,0.0,57.0,57.0,19,True,29,32,3,2.342,57.0,35.26,19,True,170.6073,0.0,9c73cac03fb22a81ee4eb8be022e1dff1808f01f0e114b1d362668e4161e2d71,3.3
DSY1,semi,run_1214,stress16,7.588108618860515,7.752734140780623,2.826539668699661,130.3981801828211,0.3484607578703986,0.1342467316483606,0.1687813557233073,0.1611491128809359,1.000533177193956,0.6979521394451516,0.3042607275737717,0.007184911846836,0.7742265557708546,0.5938512492331808,attic_party,ok,2de23e61222cedf5fcb0d6d636e55dc28031bfd02c58702240f52feed63fefd1,f31a17333556b5e7ac80078ae88c99f08af5269d75a4603c4f0b36336349361c,0,9,0.3,3672,3285,1377,2.4782135076252723,2.4782135076252723,0.0,49.0,49.0,10,True,2.9956427015250546,2.9956427015250546,0.0,58.0,58.0,20,True,40,46,6,2.9956,58.0,35.367,20,True,397.3583,0.0,120eff2c04b28d9454b3afa4b99b2eb1bb6735624fe15412e699b743e66497eb,3.441
DSY1,semi,run_1248,random64,9.06874655668104,6.39714339888123,2.4388587665273502,227.04203511645017,0.300438463458426,0.1826052445691555,0.3125340008743582,0.017922370396233,1.828155892567156,0.634732281708217,0.5900520904862452,0.0086471631277632,0.744025489137654,0.0859871297257144,attic_party,ok,d98b1d896a2616073af3917821ac18f3fa25bede3b93674596127dcdfef1a65e,f31a17333556b5e7ac80078ae88c99f08af5269d75a4603c4f0b36336349361c,0,9,0.3,3672,3285,1377,1.6884531590413945,1.6884531590413945,0.0,44.0,44.0,7,True,2.6688453159041394,2.6688453159041394,0.0,56.0,56.0,22,True,32,35,3,2.6688,56.0,35.368,22,True,291.6866,0.0,6aabeec34bebf58e55413aab0bff225c365a8f179a49725a2095d09cb67a11e3,3.344
DSY1,semi,run_1268,random64,8.672107632349496,6.077241426467557,2.800377196115221,248.79991969356283,0.3247953487491061,0.0219064414200164,0.0826480006959761,0.1562970222400376,2.814679622664271,0.6718729366355661,0.6906200825760328,0.0011846727722075,0.1220025434097146,0.2148351272313768,attic_party,ok,e54d4d5b309641e6560458cb233228a0859e5ead7e9523452d5036ebef8f0ae6,f31a17333556b5e7ac80078ae88c99f08af5269d75a4603c4f0b36336349361c,0,9,0.3,3672,3285,1377,2.2331154684095864,2.2331154684095864,0.0,61.0,61.0,24,True,2.696078431372549,2.696078431372549,0.0,67.0,67.0,36,True,45,48,3,2.6961,67.0,35.838,36,True,58.2702,0.0,13d044eb72a725b900d9dc3da7337dfe53d5caa8b6b6d46f630fb68f1fd92080,3.339
DSY1,semi,run_1274,random64,6.241960005906613,10.399629191334888,2.8831521889224567,182.0303542420824,0.3893387920102038,0.2765961269867158,0.2263723592999344,0.0811994462666564,1.6006253230049623,0.428158997554932,0.6483239736954343,0.0098985746010797,0.660318092457969,0.5707357570475454,attic_party,ok,2609e6e508f1b4307f53660de86610aa6a30e76880e0db93508cb895d13fa37b,f31a17333556b5e7ac80078ae88c99f08af5269d75a4603c4f0b36336349361c,0,9,0.3,3672,3285,1377,1.4978213507625273,1.4978213507625273,0.0,42.0,42.0,5,True,2.0152505446623095,2.0152505446623095,0.0,49.0,49.0,9,True,20,22,2,2.0153,49.0,34.931,9,True,192.8414,0.0,34b0651dad59b3132561e079eeb2d2ec0f724a1b2c6cfd8965454d852d5aa876,3.435
DSY1,semi,run_1295,random64,9.700875846736846,11.393976617728896,2.625245447765509,15.055808046872396,0.1106551028886222,0.1052395899485283,0.0428257154219093,0.0339409350855904,4.282889671851096,0.2731703980561324,0.697609692323854,0.0071462703374351,0.7016648928179255,0.864958402476004,attic_party,ok,07fe1402d1c90bf3aaecaa5f5f9aefae3c0492b975f0c6b697157088cb4d8955,f31a17333556b5e7ac80078ae88c99f08af5269d75a4603c4f0b36336349361c,0,9,0.3,3672,3285,1377,0.7080610021786492,0.7080610021786492,0.0,26.0,26.0,0,False,1.3344226579520697,1.3344226579520697,0.0,42.0,42.0,4,True,15,15,0,1.3344,42.0,33.988,4,True,34.4486,0.0,3734f48fefca49aefd27e50a1317abe505796bb1fe114cef53fcecd8c7f92e56,3.197
DSY1,semi,run_1311,random64,9.165362455102658,7.340987815898325,2.8133939339727108,305.0567196793675,0.1889324964091247,0.0323126599434309,0.1588020548110891,0.026092481744294,1.1716059785701818,0.6238515161870499,0.5930562544217899,0.0094844252584585,0.5560536106491164,0.7347389973183898,attic_party,ok,bca09cb64844e78913a7b850ec00c9bf3411966b2ab902022961020144b8562a,f31a17333556b5e7ac80078ae88c99f08af5269d75a4603c4f0b36336349361c,0,9,0.3,3672,3285,1377,1.4161220043572984,1.4161220043572984,0.0,38.0,38.0,4,True,1.6884531590413945,1.6884531590413945,0.0,51.0,51.0,9,True,17,18,1,1.6885,51.0,34.783,9,True,69.6443,0.0,35a9667e57c553b8202129843245cdc92d600e73601f807bb101a9833a156c1c,3.303
DSY1,semi,run_1388,random64,9.678814831103882,8.915890074047772,2.800541899467576,218.74280184445405,0.1098036268680505,0.2727958848646888,0.3439519392324434,0.136424623817726,2.406438737900367,0.2924614656342366,0.358399055620711,0.0107980260130701,0.4314042170048758,0.6522212139098633,attic_party,ok,e498eca7d9c7f7c9168229e5c13d8ac5a7bd6937c081315984b8c21f92e032c7,f31a17333556b5e7ac80078ae88c99f08af5269d75a4603c4f0b36336349361c,0,9,0.3,3672,3285,1377,0.8714596949891068,0.8714596949891068,0.0,28.0,28.0,0,False,1.1982570806100217,1.1982570806100217,0.0,38.0,38.0,3,True,10,10,0,1.1983,38.0,33.736,3,True,14.7963,0.0,c78aceda9147fe64d9321595ded2025bbea3790284adc9bab6a8f7e64a1d4ba7,3.301
DSY1,semi,run_1391,random64,9.65754037174086,7.371418965081008,2.4723911477589064,245.60981709998856,0.1947631756497077,0.2039411843608119,0.1074218120281111,0.0162622533962714,4.722810987580656,0.4500350593640352,0.4151046102651455,0.0083872118280736,0.1148113999145338,0.1106668227864503,attic_party,ok,d318ff81dd3adbc08c2832289b099df8f9688a3a61ad3c396395ede9915b8c68,f31a17333556b5e7ac80078ae88c99f08af5269d75a4603c4f0b36336349361c,0,9,0.3,3672,3285,1377,1.1437908496732025,1.1437908496732025,0.0,29.0,29.0,0,False,1.6067538126361656,1.6067538126361656,0.0,44.0,44.0,5,True,21,21,0,1.6068,44.0,34.002,5,True,28.277,0.0,03b351b0776b86213e70328b9651e517e5499e0cbebb594679d1d247ca05e230,3.209
DSY1,semi,run_1416,stress16,7.611423563474337,8.698251521688531,2.426406411760429,121.28644403903304,0.2515937716162215,0.0800541981528088,0.2307818781610998,0.0347059324643584,3.835273389438587,0.5544241075079898,0.5745584674183433,0.0058908240493479,0.1000232333706224,0.4592619165338935,attic_party,ok,8ce3e6115f30aee036ed9a54c07f05c9b384da34e794c76d4bd23b0cb464c7e9,f31a17333556b5e7ac80078ae88c99f08af5269d75a4603c4f0b36336349361c,0,9,0.3,3672,3285,1377,1.252723311546841,1.252723311546841,0.0,32.0,32.0,0,False,1.6339869281045754,1.6339869281045754,0.0,47.0,47.0,6,True,23,23,0,1.634,47.0,34.177,6,True,32.6583,0.0,93ff7faa291382224a8cedd050e30067fbba5d7032b7f7cfda14f1f2f09cbfd9,3.27
DSY1,semi,run_1434,random64,9.159539081356815,6.688059520298238,2.9750873857625546,146.8680349805886,0.109342487245402,0.2408929006163872,0.3256769736107116,0.1251180578113211,1.4006317331367033,0.4093604062094604,0.6924091355483194,0.0058060970619586,0.7515582151715556,0.0608321572405057,attic_party,ok,e5a005ddb9d963baa8bb0fddf0e7dd67fcde6fe43f508cd961d5dcfbb1f7be65,f31a17333556b5e7ac80078ae88c99f08af5269d75a4603c4f0b36336349361c,0,9,0.3,3672,3285,1377,1.1165577342047932,1.1165577342047932,0.0,35.0,35.0,2,True,1.3616557734204793,1.3616557734204793,0.0,40.0,40.0,5,True,10,10,0,1.3617,40.0,34.252,5,True,43.5243,0.0,da4e5c6b93b8516b6557e9338ecc7be160753a341b7b999a762032776d4d2994,3.321
DSY1,semi,run_1476,random64,8.896156594940386,11.970459088733485,2.620502673500708,170.28638121673248,0.269002831698218,0.1073848132959912,0.2221615330765761,0.0858084946392574,2.270012833340684,0.6822472892294835,0.5392405542224693,0.0094663221482832,0.4521300487922157,0.0581779318396109,attic_party,ok,26603286f001a886381b8568b6f73aeb7c4553f29f419fea01f55c1624f2a408,f31a17333556b5e7ac80078ae88c99f08af5269d75a4603c4f0b36336349361c,0,9,0.3,3672,3285,1377,1.4705882352941175,1.4705882352941175,0.0,40.0,40.0,4,True,1.824618736383442,1.824618736383442,0.0,51.0,51.0,8,True,23,25,2,1.8246,51.0,34.77,8,True,64.2908,0.0,b1c0fb84a492f34f1fde02d13b1bb7172f1d2e23db6550de4e59e6c09b419468,3.331
DSY1,semi,run_1497,random64,7.421317417293777,10.6593604485645,2.9548445771602987,261.1277326472027,0.2244213548236318,0.2418386953001862,0.2465311795559595,0.0147862579323263,2.8483385115597724,0.4803905389117479,0.4721117267540718,0.0077261404064099,0.4160685386235552,0.2127917230392205,attic_party,ok,e418ea584ca37ad1e48c05790c4fc7b2335ca82ad497a837096daa5ed7df8c0f,f31a17333556b5e7ac80078ae88c99f08af5269d75a4603c4f0b36336349361c,0,9,0.3,3672,3285,1377,1.252723311546841,1.252723311546841,0.0,36.0,36.0,3,True,1.6339869281045754,1.6339869281045754,0.0,48.0,48.0,8,True,11,11,0,1.634,48.0,34.63,8,True,48.8429,0.0,d5bf2244cb365ea6576cd3ff3cd55ab1f6ccda2b9a08637a368feccac4dbad46,3.255
DSY1,semi,run_1506,stress16,6.2866920665226385,7.327960484063865,2.5822380381929033,189.673299274303,0.3538022528888858,0.2874668373726368,0.1967792742001886,0.1471820880565589,0.8240748358340548,0.6355675011074757,0.8989283259639178,0.0069614963780197,0.553966653681584,0.1297716817744924,attic_party,ok,7e0c068e615ab888c5eb3294ddac0ddfdd680e10da5b0fc10ba8b488cf83b233,f31a17333556b5e7ac80078ae88c99f08af5269d75a4603c4f0b36336349361c,0,9,0.3,3672,3285,1377,2.6688453159041394,2.6688453159041394,0.0,50.0,50.0,9,True,3.7309368191721135,3.7309368191721135,0.0,60.0,60.0,30,True,68,172,104,3.7309,60.0,35.583,30,True,429.1702,0.0,d2d77091bb78a1a43589b3da38ec5e82c4821ff2c1b0f504b5a915f3f1a63dff,3.602
DSY1,semi,run_1521,stress16,9.012734726045109,9.28296620531424,2.915879467533671,0.136299530314857,0.3824926050117646,0.1021758966296917,0.2940879731173014,0.1904610869987471,1.664067808950167,0.4572585928006668,0.8515223334861499,0.0062513542391962,0.5638087322452537,0.6878542590040975,attic_party,ok,bb13397e4af3f3245426f21d78ef0425c22f694f713efaf363a135f3560298ae,f31a17333556b5e7ac80078ae88c99f08af5269d75a4603c4f0b36336349361c,0,9,0.3,3672,3285,1377,1.443355119825708,1.443355119825708,0.0,39.0,39.0,4,True,1.661220043572985,1.661220043572985,0.0,48.0,48.0,12,True,11,11,0,1.6612,48.0,34.872,12,True,145.9184,0.0,6476fde08935dd017c33009477542ae4e552ad9adb29fd552b0ff13d4ddccff4,3.368
DSY1,semi,run_1525,random64,6.457818039323073,8.809230062809032,2.562716674463898,49.7482730803186,0.2403944250818863,0.2846260247543987,0.3217419947342414,0.1387539273115936,1.7741620338632282,0.2609813408015647,0.5792514428957727,0.0024585619456096,0.2421969198902897,0.8231806734055043,attic_party,ok,761fe377ede09e56a5c23c4c8a70a2f5899490e4101325ac7f50f63057538a15,f31a17333556b5e7ac80078ae88c99f08af5269d75a4603c4f0b36336349361c,0,9,0.3,3672,3285,1377,1.0620915032679739,1.0620915032679739,0.0,30.0,30.0,1,True,1.3616557734204793,1.3616557734204793,0.0,40.0,40.0,5,True,10,10,0,1.3617,40.0,34.001,5,True,25.7082,0.0,0bedfebff0f626e99943e59944c73b9e71e575855c59a3d99338d2895e571a8a,3.34
DSY1,semi,run_1560,random64,8.618546381821407,6.051034448405187,2.563634775254617,139.91787914607664,0.3728893152141903,0.0570155616799874,0.2154460301853953,0.1479278899395301,4.058721782989339,0.6659321263772808,0.7110283895432115,0.0073155256822709,0.1839498514363129,0.1617868224834594,attic_party,ok,40d8918c3706185ac6beb475734c1afc8c45999b71c54e44743f0dd695f90fbd,f31a17333556b5e7ac80078ae88c99f08af5269d75a4603c4f0b36336349361c,0,9,0.3,3672,3285,1377,1.906318082788671,1.906318082788671,0.0,54.0,54.0,10,True,2.2058823529411766,2.2058823529411766,0.0,62.0,62.0,23,True,24,25,1,2.2059,62.0,35.526,23,True,77.4029,0.0,124020cf869ae189f5e6d420b6fcdff57c33345e120f3170c36293ca5d91a21f,3.318
DSY1,semi,run_1586,random64,7.747757047886595,11.109613081305676,2.9866762545648577,108.774751399816,0.1181454529476654,0.1724322000054217,0.293250208478728,0.0738549335860083,1.3729096971837715,0.6260524756906012,0.790159768280496,0.0036748512051892,0.4427272594461767,0.8603068835744438,attic_party,ok,5d5933215751938adac39cf60b30ff0ce9090a0d6b92f0e1b16e44f7c64cd03f,f31a17333556b5e7ac80078ae88c99f08af5269d75a4603c4f0b36336349361c,0,9,0.3,3672,3285,1377,0.9803921568627451,0.9803921568627451,0.0,29.0,29.0,0,False,1.3888888888888888,1.3888888888888888,0.0,40.0,40.0,5,True,15,15,0,1.3889,40.0,34.027,5,True,23.1769,0.0,7de481a8f17402a25270db80ba50fdd9891184a8c480be81d262a702b9404312,3.325
DSY1,semi,run_1590,random64,7.984975108428764,7.272084694858215,2.9967721614941327,16.420420319362826,0.374850431931708,0.2382439942207673,0.1776304878605744,0.1160904554759672,4.877151087201141,0.6916489142509208,0.5069503827545674,0.0011912769261439,0.3291501951241186,0.2604131781675038,attic_party,ok,dc2e159ff7506bfb4c51c9a68a5c5b84c0f36332a806bf84e4dc6497727e351a,f31a17333556b5e7ac80078ae88c99f08af5269d75a4603c4f0b36336349361c,0,9,0.3,3672,3285,1377,1.770152505446623,1.770152505446623,0.0,46.0,46.0,10,True,2.1241830065359477,2.1241830065359477,0.0,56.0,56.0,27,True,12,12,0,2.1242,56.0,35.552,27,True,116.7572,0.0,47f8ad64cdb89984e23de0cf55490c4cfe7d46a92bd8117a3e41c98746e0632a,3.336
DSY1,semi,run_1644,random64,6.39767913222991,11.797192158414513,2.8741057290164034,172.93019711264748,0.2443328744309624,0.252661328529406,0.2135477168394144,0.1397092179377648,1.093053406242568,0.5224268206844807,0.6239387086788434,0.0026953973078216,0.5019253197830181,0.9038595290358232,attic_party,ok,9043a41e83c1dc29411271de24e167dcc027620e3809565cf2cb2fb454604b09,f31a17333556b5e7ac80078ae88c99f08af5269d75a4603c4f0b36336349361c,0,9,0.3,3672,3285,1377,1.252723311546841,1.252723311546841,0.0,37.0,37.0,3,True,1.8790849673202614,1.8790849673202614,0.0,47.0,47.0,5,True,18,19,1,1.8791,47.0,34.53,5,True,90.612,0.0,a47d0baa3566790638e34fbbfdeb2e5ea0e2e659a18c71345f6a7bdae4484f81,3.452
DSY1,semi,run_1646,random64,7.704557801580717,7.128280265544657,2.985540612715578,90.2906293972771,0.2105791800179474,0.0205307922429049,0.2339133981377427,0.0889463263478779,3.2049811873074887,0.2345347956220673,0.7570779081491665,0.0090267774481236,0.1607423062503069,0.6682748532100452,attic_party,ok,b03f79f044e08beb0652f2eb485269c5bcaff2b5fa8669476e54dacc9682c6d7,f31a17333556b5e7ac80078ae88c99f08af5269d75a4603c4f0b36336349361c,0,9,0.3,3672,3285,1377,1.0620915032679739,1.0620915032679739,0.0,31.0,31.0,2,True,1.3616557734204793,1.3616557734204793,0.0,43.0,43.0,5,True,15,15,0,1.3617,43.0,34.105,5,True,70.9231,0.0,bfe0431f1038f681442a0522d64d54452376bf5959605fe851d76d8eff12e3bb,3.247
DSY1,semi,run_1649,random64,9.736147602912038,10.293830928868562,2.662571832425947,261.8578276782381,0.3568398205583376,0.1736460837266733,0.0292153490257981,0.1395424927110858,3.027824367046392,0.3485365751342671,0.5736479117806575,0.0093034189208943,0.1802858271940285,0.2413181201408213,attic_party,ok,09b4231c35e45263eb42b47809cfd64f28c6c98102a6e43058d7f2a41381a210,f31a17333556b5e7ac80078ae88c99f08af5269d75a4603c4f0b36336349361c,0,9,0.3,3672,3285,1377,1.4161220043572984,1.4161220043572984,0.0,38.0,38.0,3,True,1.6884531590413945,1.6884531590413945,0.0,51.0,51.0,10,True,17,17,0,1.6885,51.0,34.72,10,True,43.6321,0.0,0bfdabf8be1a4b8b07894d35fc1c85140cafaa21005d91a9bdcfdfd1f9083fd3,3.253
DSY1,semi,run_1739,random64,7.0067584701546775,7.896320285135133,2.607552142148133,280.19987496754726,0.1450303105282448,0.1623355493384067,0.0470016966853491,0.0487067994752944,4.395256339439079,0.3917146171940208,0.4653154678313737,0.0018438971710637,0.2816835467096806,0.9364410289315754,attic_party,ok,8f596d2313988454bbbcc8727053a2062ad7412a18542038cee897db3ba093a8,f31a17333556b5e7ac80078ae88c99f08af5269d75a4603c4f0b36336349361c,0,9,0.3,3672,3285,1377,0.9803921568627451,0.9803921568627451,0.0,28.0,28.0,0,False,1.3616557734204793,1.3616557734204793,0.0,41.0,41.0,4,True,16,16,0,1.3617,41.0,33.946,4,True,35.569,0.0,4f9d6047cf9f66f6ec74654cb3bcb603acd26a3ae333c8e2e15f3d27df39beda,3.122
DSY1,semi,run_1746,random64,6.23256062077348,7.414538430795666,2.655653759263532,340.754870353403,0.13092892283432,0.2982663087100041,0.1605365316546335,0.0545709109003138,2.521385471538734,0.5672064169838165,0.8340818965891381,0.0087833495903115,0.3674619067684775,0.3091781887796459,attic_party,ok,0040a7fa1b483aafe8df98d6c86baef4f5b2ce567657f21d1a2b33fc185549e9,f31a17333556b5e7ac80078ae88c99f08af5269d75a4603c4f0b36336349361c,0,9,0.3,3672,3285,1377,1.1982570806100217,1.1982570806100217,0.0,31.0,31.0,2,True,1.5522875816993464,1.5522875816993464,0.0,43.0,43.0,5,True,16,16,0,1.5523,43.0,34.219,5,True,29.3656,0.0,866bf51ff4f36fd9b25d4ca28915b541dac2e13f0298e1465cab8c05489bfaea,3.317
DSY1,semi,run_1748,random64,8.865043866167335,9.32232367224116,2.411805454746041,285.0228183144822,0.2601155219316617,0.0241020441173013,0.3259814484022454,0.0106359142239752,1.871163696480397,0.666161525830226,0.7796183023181407,0.0104967871326783,0.4218745196949143,0.1008415346970952,attic_party,ok,949fc5856a15ea945382a4fc39e0ac5199e581654c70d1eb70e41c1c19b9c7e4,f31a17333556b5e7ac80078ae88c99f08af5269d75a4603c4f0b36336349361c,0,9,0.3,3672,3285,1377,1.5522875816993464,1.5522875816993464,0.0,38.0,38.0,4,True,1.9880174291938997,1.9880174291938997,0.0,53.0,53.0,14,True,25,28,3,1.988,53.0,35.017,14,True,73.2883,0.0,327d260a7d3b81765292529201a7c159eee8f94b941160349bac300bbd5f9e71,3.475
DSY1,semi,run_1757,random64,8.689011587231436,9.670794600545737,2.8367080033490657,223.1820686943364,0.2790156756182473,0.233231484877794,0.2229056782795074,0.0219445143738869,2.4426468738886213,0.695436098987765,0.4138722842570862,0.0021376128078927,0.7624905536858017,0.3826218271406786,attic_party,ok,fa828d9fe7ab8d6850865e730e7adb371493a24130b4baa438ea0e22ed2dde3b,f31a17333556b5e7ac80078ae88c99f08af5269d75a4603c4f0b36336349361c,0,9,0.3,3672,3285,1377,1.661220043572985,1.661220043572985,0.0,43.0,43.0,5,True,2.287581699346405,2.287581699346405,0.0,53.0,53.0,13,True,22,25,3,2.2876,53.0,35.157,13,True,203.0356,0.0,01a0aa27b91e882c561b0626b14ce991dec3a7d4cc1b1542263d40659e6af69e,3.376
DSY1,semi,run_1759,random64,7.770853395902289,11.734651985798616,2.640716419960252,358.1951472874119,0.2392442626409085,0.0619317660019336,0.2680148272014561,0.0713851201696387,3.692960708429269,0.309230268935296,0.8284867367488444,0.0042700449738642,0.1941970618042965,0.3098326417434174,attic_party,ok,b17732a7f32a396a8b869d8174b02cad6c7bc48e16ec8e6dfaae1bed2281b0a8,f31a17333556b5e7ac80078ae88c99f08af5269d75a4603c4f0b36336349361c,0,9,0.3,3672,3285,1377,0.9803921568627451,0.9803921568627451,0.0,28.0,28.0,0,False,1.4161220043572984,1.4161220043572984,0.0,41.0,41.0,5,True,15,15,0,1.4161,41.0,33.96,5,True,30.7176,0.0,a851db96432fe66e23ce493e1280c6b41f0e81d894db11bda6b852e41230529c,3.242
DSY1,semi,run_1762,random64,9.10299394629691,6.779582727335279,2.989275662945607,119.36711299854213,0.2896453149172316,0.2698470947551495,0.1312331561461008,0.1120147306410807,3.947758679951738,0.3260696200660214,0.871151367818841,0.0024798400021639,0.4952905773332156,0.7995979321668514,attic_party,ok,faa8c86d669937dffeb20e3a7e3590ea01495d9dd0a3a5c33bd84cbf737d8881,f31a17333556b5e7ac80078ae88c99f08af5269d75a4603c4f0b36336349361c,0,9,0.3,3672,3285,1377,1.2254901960784315,1.2254901960784315,0.0,37.0,37.0,3,True,1.5250544662309369,1.5250544662309369,0.0,48.0,48.0,8,True,10,10,0,1.5251,48.0,34.69,8,True,72.8343,0.0,baadd0fc209214cd042ee19cd98f2f5b0c4c9e0389dd7a1cf6cd2ca61170059d,3.371
DSY1,semi,run_1801,stress16,6.00576001816857,7.013962111137016,2.7433188979982543,109.1497624166458,0.1602648638294917,0.1227865119203586,0.3499141985699189,0.1295636363487694,1.1038623265201388,0.6054454417845063,0.4641422082425226,0.0116755889462249,0.6213755463936661,0.0271509346069509,attic_party,ok,c0107da7bb3a21dfd3f4165a22e11c83ff2344264969e470aa832607f9d73747,f31a17333556b5e7ac80078ae88c99f08af5269d75a4603c4f0b36336349361c,0,9,0.3,3672,3285,1377,1.3616557734204793,1.3616557734204793,0.0,39.0,39.0,4,True,1.579520697167756,1.579520697167756,0.0,48.0,48.0,7,True,15,15,0,1.5795,48.0,34.634,7,True,84.535,0.0,20a0b392029f61ae25ec8939cea1f91f35d5ab20bf2fdc7a929da885f2f6bb2c,3.334
DSY1,semi,run_1809,random64,8.559445934201257,9.220111033851431,2.6174590371645094,260.51262344046665,0.1774145506572762,0.1237493562166303,0.3444827827829553,0.039503380978057,2.6965991092332593,0.3413065878960307,0.312273471145697,0.0096244804108213,0.5147813503211555,0.6028242920670521,attic_party,ok,a6eebf3c35d5506c1fcdce40f92e29f463557944f577a9d29ffa54171e737441,f31a17333556b5e7ac80078ae88c99f08af5269d75a4603c4f0b36336349361c,0,9,0.3,3672,3285,1377,1.0620915032679739,1.0620915032679739,0.0,30.0,30.0,1,True,1.3888888888888888,1.3888888888888888,0.0,40.0,40.0,5,True,11,11,0,1.3889,40.0,34.175,5,True,30.5296,0.0,c3e6139db1116d1d1d977aff99884c8a440bc27cd2404b867b6c13c445955cbf,3.232
DSY1,semi,run_1813,random64,6.183853880457327,6.041757376136944,2.996197412195417,18.45093673997505,0.1269063653778326,0.2359317992988121,0.2993517751632163,0.0532381299634875,2.3671403541710943,0.2805814000617515,0.7751595903775934,0.0088623444481291,0.6776984175575665,0.513229652325849,attic_party,ok,d5ca144902805f5241bf76f050c8b7225a01d1275d05d2aeaea9d8ed0bcf857f,f31a17333556b5e7ac80078ae88c99f08af5269d75a4603c4f0b36336349361c,0,9,0.3,3672,3285,1377,1.1165577342047932,1.1165577342047932,0.0,32.0,32.0,2,True,1.3616557734204793,1.3616557734204793,0.0,40.0,40.0,5,True,10,10,0,1.3617,40.0,34.223,5,True,41.2228,0.0,61e433941557f2907646295dbdc8f56b8955b1adffb2e0ebd532219e48f0265a,3.253
DSY1,semi,run_1851,random64,9.203475309979774,8.126740176489259,2.515033518371454,173.65265235192354,0.3260689792526782,0.0885557723085899,0.2437944100102807,0.0742750911743195,4.731739904063382,0.5087623134456867,0.4327765286791063,0.0083422560500987,0.7721184990131026,0.1324354075633587,attic_party,ok,def5ffb68f6a678e7e12b16c5b04faf9e38313cedee129612a2381ac9687f53a,f31a17333556b5e7ac80078ae88c99f08af5269d75a4603c4f0b36336349361c,0,9,0.3,3672,3285,1377,1.4161220043572984,1.4161220043572984,0.0,40.0,40.0,4,True,1.6067538126361656,1.6067538126361656,0.0,49.0,49.0,9,True,11,11,0,1.6068,49.0,34.81,9,True,106.9524,0.0,d1ae0f7069fc452e181cbbc757166469d569d567d888ef885093210ae390c04e,3.299
DSY1,semi,run_1864,random64,6.678309111984476,9.701169101100144,2.688116929277827,134.80691493465332,0.2652985821920491,0.20779816880664,0.234577135985692,0.1895076859779048,3.2922132632933643,0.4267807981359379,0.7891846397409084,0.0070545148468507,0.4021872024899956,0.3813972683369584,attic_party,ok,de0de6902fbd93548f4bf9ffa7be9755974addc58c37360c815ef2ccbde3b204,f31a17333556b5e7ac80078ae88c99f08af5269d75a4603c4f0b36336349361c,0,9,0.3,3672,3285,1377,1.252723311546841,1.252723311546841,0.0,37.0,37.0,3,True,1.5250544662309369,1.5250544662309369,0.0,48.0,48.0,6,True,11,11,0,1.5251,48.0,34.556,6,True,54.3657,0.0,ea26fcd275462d3d54cf9aeabab53e2c31cde298de44931cf90c5ff8d2e8e177,3.409
DSY1,semi,run_1865,random64,8.82547862022751,9.753981614836256,2.7591122341658165,157.9041342237432,0.3438813786429799,0.2158546792043205,0.2138580906954928,0.0992738610007614,2.306245853937516,0.6386320518895993,0.8154346774417618,0.0093635246799744,0.2130728999901633,0.437296282659448,attic_party,ok,7f5614e670f4100660a154a8f77024c5ee114d7dc4a9497b878545594870b954,f31a17333556b5e7ac80078ae88c99f08af5269d75a4603c4f0b36336349361c,0,9,0.3,3672,3285,1377,1.6339869281045754,1.6339869281045754,0.0,44.0,44.0,5,True,2.2331154684095864,2.2331154684095864,0.0,58.0,58.0,11,True,29,32,3,2.2331,58.0,35.033,11,True,48.8519,0.0,50fea50e89e63f0cb88eea7a0774c030009c8df722a5464c6c25f21a575ea704,3.408
DSY1,semi,run_1866,random64,6.074547528578014,10.39441441632774,2.9074407631648413,29.82417569741127,0.3735980910175824,0.056916595305462,0.2253344693331766,0.0278639344015534,3.486301963586633,0.5140651187186196,0.6700640003904912,0.006735074923467,0.6647864729323955,0.2008978179182478,attic_party,ok,b59fd66315926ef38499551fa12a80483dd0c495ff9b6e3bf189517cabf3e333,f31a17333556b5e7ac80078ae88c99f08af5269d75a4603c4f0b36336349361c,0,9,0.3,3672,3285,1377,1.443355119825708,1.443355119825708,0.0,39.0,39.0,5,True,1.6884531590413945,1.6884531590413945,0.0,49.0,49.0,15,True,11,11,0,1.6885,49.0,35.055,15,True,128.0108,0.0,6f7c7f842af5f960588a887600f5f2cd4b55c004c7ca89290fbb7c9af1ec4ab8,3.26
DSY1,semi,run_1911,random64,9.625788696509844,8.99756568811846,2.6870274763916577,51.13562564563569,0.1036336243021498,0.2691032643035131,0.2909092323704428,0.0553225405296898,0.9451537467761352,0.213096661780196,0.6746484122958563,0.0027892586699717,0.3857168502796336,0.6987056326408935,attic_party,ok,841cfb32ae0acc290406ee0cc1f8bbd5ef4f59e578a7e78f6cd3d6e8f3d85ef1,f31a17333556b5e7ac80078ae88c99f08af5269d75a4603c4f0b36336349361c,0,9,0.3,3672,3285,1377,0.6535947712418301,0.6535947712418301,0.0,24.0,24.0,0,False,1.171023965141612,1.171023965141612,0.0,36.0,36.0,3,True,11,11,0,1.171,36.0,33.541,3,True,11.5081,0.0,c97f0015fb05587ae988a7177215670bd21be8be47d254fbd5e8aa84802ab937,3.303
DSY1,semi,run_1941,stress16,8.513957236747029,6.406912918790103,2.9573824657987817,227.30992581477113,0.3814391502066491,0.1130363137032005,0.3436613789388585,0.0360638430621394,3.8372150666790352,0.6925245091293201,0.8339536192169092,0.0057582855884426,0.5537019522177968,0.4107181886048088,attic_party,ok,7a707fa0be0da2b4843ded4cc4918ca935db546047a9218ecdf76b3642896dbd,f31a17333556b5e7ac80078ae88c99f08af5269d75a4603c4f0b36336349361c,0,9,0.3,3672,3285,1377,1.9607843137254901,1.9607843137254901,0.0,52.0,52.0,18,True,2.805010893246187,2.805010893246187,0.0,62.0,62.0,33,True,27,30,3,2.805,62.0,36.006,33,True,268.0058,0.0,bab5638cd8c66eb690509341371d8efd047e0c32072e492f30a0b4f6dbc48c77,3.291
DSY1,semi,run_1952,random64,6.90071229300299,6.937283565323205,2.560373385344838,346.0353191567952,0.2877198939545087,0.2888430195687625,0.1275638899296872,0.0713325995335073,4.595601180263259,0.2098584867753312,0.4525467845450036,0.0051246806394883,0.2908505919263405,0.91113436469536,attic_party,ok,cf2191d440283adcf9df4d13f227a53560cdd7c209ef211f0cbd256cc9533cdd,f31a17333556b5e7ac80078ae88c99f08af5269d75a4603c4f0b36336349361c,0,9,0.3,3672,3285,1377,1.0893246187363834,1.0893246187363834,0.0,30.0,30.0,2,True,1.3071895424836601,1.3071895424836601,0.0,40.0,40.0,5,True,8,8,0,1.3072,40.0,34.111,5,True,54.3128,0.0,a3a921b0ba888c1a0598ffae458de8b157f70edb1a05d802ad233b39cdd26642,3.235
DSY1,detached,run_0000,stress16,8.290452087902889,9.418683364680744,2.7012424206240264,22.194473754769316,0.1796358733978168,0.0781535347590126,0.0281263147984265,0.1023603238909987,3.7187309613713815,0.2848874035155261,0.8851887605927302,0.0041794027925613,0.4679746472079719,0.7780886191933646,combined,ok,1b43650cb95183181500a2afc61f87312d1d509a504ce855987d306320a6cf80,f31a17333556b5e7ac80078ae88c99f08af5269d75a4603c4f0b36336349361c,0,9,0.3,3672,3285,1377,1.2254901960784315,1.2254901960784315,0.0,38.0,38.0,3,True,1.4705882352941175,1.4705882352941175,0.0,43.0,43.0,6,True,18,18,0,1.4706,43.0,34.144,6,True,63.5616,0.0,3160575e9001511c63d80f714bf90187a82438aff4887318465e656949fe1f1e,3.211
DSY1,detached,run_0015,random64,7.108611475128714,6.493256650172337,2.557740067304502,196.7752575852872,0.3508426889305577,0.0691978473194322,0.1775662031153719,0.1504932433886532,1.1382521186428864,0.3634006054515437,0.3251097153924657,0.0053423127877505,0.7756179975255327,0.2215221883714765,combined,ok,0840e49c16ae7b1bb535995346e7f03796f309b8557a1f1ede6a1b09bb5d435d,f31a17333556b5e7ac80078ae88c99f08af5269d75a4603c4f0b36336349361c,0,9,0.3,3672,3285,1377,1.6884531590413945,1.6884531590413945,0.0,48.0,48.0,8,True,1.6884531590413945,1.6884531590413945,0.0,49.0,49.0,8,True,16,16,0,1.6885,49.0,34.71,8,True,333.9863,0.0,ac053d07cf0185492b38909392a3f9f5a420801aa25fbbab93c64b8ab019b467,3.115
DSY1,detached,run_0023,random64,8.817343277589991,7.85539369563051,2.609145431853368,18.96253427869918,0.1742793412258079,0.1120027552699704,0.044072150885244,0.1176076252166526,3.9736567243591487,0.2414493988517185,0.6054915605613544,0.0048067660451242,0.6942537640069445,0.341692810129729,combined,ok,352bd18461cf2a38fe6e74c7804f096024090f63b02ea6f023c4af74d46ca0e7,f31a17333556b5e7ac80078ae88c99f08af5269d75a4603c4f0b36336349361c,0,9,0.3,3672,3285,1377,1.1982570806100217,1.1982570806100217,0.0,38.0,38.0,3,True,1.2799564270152506,1.2799564270152506,0.0,39.0,39.0,4,True,14,14,0,1.28,39.0,33.914,4,True,61.6996,0.0,025c53db55032ad157b031af8e14b52599913035dd0e4bc9ff35d6874fcc006c,2.986
DSY1,detached,run_0029,stress16,8.203432183124272,6.408489310261017,2.8640680741404387,300.7801611485146,0.150600147289584,0.0170107318727439,0.045297803381865,0.0140947818271048,0.8776391010432707,0.6886897929854896,0.5132570934374501,0.0061052277763261,0.1044806285204754,0.4880446808864345,combined,ok,2c2325ea815343e1ae9b2653c43cfaa746a709f403a252bfcb8bdf50da186453,f31a17333556b5e7ac80078ae88c99f08af5269d75a4603c4f0b36336349361c,0,9,0.3,3672,3285,1377,1.7973856209150325,1.7973856209150325,0.0,46.0,46.0,5,True,1.8518518518518516,1.8518518518518516,0.0,51.0,51.0,7,True,49,49,0,1.8519,51.0,34.129,7,True,57.5544,0.0,e9470fdd37d8876c18d53bcf0c3c68acb5410a7263040246f1bacbdab4fef612,3.215
DSY1,detached,run_0044,random64,6.030500032924129,7.408960521416061,2.7665628390675407,74.51262954714856,0.1781833985308706,0.2384489935374365,0.232027349722457,0.1662308275216616,3.706446374343945,0.2801471059994515,0.6879618953548321,0.0077865334940022,0.7588555884014518,0.4235989701065071,combined,ok,850063d2fdbe78fa7ff69756c1fa902b0598dec0016b6f0ffc82fff6373f8380,f31a17333556b5e7ac80078ae88c99f08af5269d75a4603c4f0b36336349361c,0,9,0.3,3672,3285,1377,1.2799564270152506,1.2799564270152506,0.0,39.0,39.0,5,True,1.3344226579520697,1.3344226579520697,0.0,39.0,39.0,5,True,10,10,0,1.3344,39.0,34.014,5,True,71.0826,0.0,04ef879e106186e87368bf2fd17ea54168eaf4ad9c66d461dabce9b42a161b92,2.97
DSY1,detached,run_0063,random64,6.5621292372608675,6.65259707923012,2.866440977345775,291.8921029230811,0.2605908839526111,0.2904109892395112,0.2396360333811598,0.1130099666030276,4.144587096716162,0.654011275402036,0.4712269209763924,0.0014834559152219,0.54773627340295,0.5710594819740411,combined,ok,75011004ce82b4aa7734161dbb75bd44bd8e4bbdd045e1af1d23eab1f5c1ba65,f31a17333556b5e7ac80078ae88c99f08af5269d75a4603c4f0b36336349361c,0,9,0.3,3672,3285,1377,1.7973856209150325,1.7973856209150325,0.0,50.0,50.0,14,True,1.770152505446623,1.770152505446623,0.0,50.0,50.0,11,True,16,16,0,1.7974,50.0,34.921,14,True,189.8332,0.0,facdc593b70807d75933daf0169618dd7180d393bceba98b0ebc6af06e2636a8,3.101
DSY1,detached,run_0092,random64,9.93309790699963,8.182296197308714,2.457461454626565,111.121424386233,0.215416840146493,0.1614784962457293,0.2067813187440635,0.1045840336851818,2.5155012564866768,0.5247084843418965,0.6042830658593564,0.0091103599680866,0.403724911359604,0.9002186637947126,combined,ok,c72bcced0a9fffa50935e122cbff057d315cb08b6272a99b2226a73d76df9e30,f31a17333556b5e7ac80078ae88c99f08af5269d75a4603c4f0b36336349361c,0,9,0.3,3672,3285,1377,1.4161220043572984,1.4161220043572984,0.0,39.0,39.0,3,True,1.4161220043572984,1.4161220043572984,0.0,39.0,39.0,5,True,16,16,0,1.4161,39.0,33.932,5,True,47.6454,0.0,0145816f0c83f4ec4de1b2ea6bb08476365e4aaa16880e59185d8d95856b4170,3.013
DSY1,detached,run_0095,random64,6.3624501841932375,11.842510228563462,2.491939053622874,295.7462251283733,0.2198554630131667,0.0400359318923531,0.1494445134899256,0.1850285440940413,4.185455890408224,0.5956563840158877,0.8831696681502195,0.0061710397040376,0.4456313827570233,0.3457178036598204,combined,ok,55beda71574db18ff1ff839bad653b822a21862c12ca4cd394223e13f40d7797,f31a17333556b5e7ac80078ae88c99f08af5269d75a4603c4f0b36336349361c,0,9,0.3,3672,3285,1377,1.6067538126361656,1.6067538126361656,0.0,46.0,46.0,5,True,1.661220043572985,1.661220043572985,0.0,49.0,49.0,6,True,21,21,0,1.6612,49.0,34.488,6,True,76.378,0.0,1d9f5d9be377386b373b1d2b576aded5436577be2a02e33ca840408208cebd0d,3.027
DSY1,detached,run_0132,stress16,9.299175482807073,9.44472107084308,2.6246307962624016,120.97695746647544,0.359724968552603,0.1373453664935816,0.0250244188438973,0.1090851112819592,4.432529714102253,0.6489282768966091,0.8546248700739805,0.0100735542076731,0.2380461443404612,0.205503238738427,combined,ok,ef788104f72d22d8960f91dd85b75fbc329eb3f100bfd0f84cb6b34a52e698c3,f31a17333556b5e7ac80078ae88c99f08af5269d75a4603c4f0b36336349361c,0,9,0.3,3672,3285,1377,1.9880174291938997,1.9880174291938997,0.0,55.0,55.0,19,True,2.178649237472767,2.178649237472767,0.0,60.0,60.0,26,True,30,30,0,2.1786,60.0,35.442,26,True,88.9773,0.0,bcd608829d5efb4a93c68610d2947be443efbc6141ec63bd39860dd3482fff5f,3.456
DSY1,detached,run_0169,random64,7.695473365435487,11.227744275625916,2.4943900256809504,33.74614022217156,0.1572306658104784,0.0421425997389778,0.1619378594004896,0.0133961689752927,3.577533400781542,0.3919625146305164,0.533438368709399,0.0108911883433449,0.1066031747510421,0.8986530703328954,combined,ok,5d36539f5ac7c2486f31910c411e01ecb5e547dcd4f4d25fe6ee36b57cb7a8c0,f31a17333556b5e7ac80078ae88c99f08af5269d75a4603c4f0b36336349361c,0,9,0.3,3672,3285,1377,1.0348583877995643,1.0348583877995643,0.0,26.0,26.0,0,False,1.171023965141612,1.171023965141612,0.0,34.0,34.0,0,False,25,25,0,1.171,34.0,32.772,0,False,44.5243,0.0,0491c3a39c43ab17febe98c1f49bfb3c26abad506710a288ad4cc7a2f7139e67,3.229
DSY1,detached,run_0171,random64,7.494809621295749,11.22002626611558,2.7470227147731485,103.10589157010632,0.254781411116087,0.1019944879351144,0.3370655776713539,0.0445047342704688,4.389418546125397,0.6060268646263012,0.3276582681904973,0.005932140031043,0.3357054429082935,0.5638512940204532,combined,ok,c90d463f3539ec23ff5aa87f6fea441e6f6c009d7e85e76d9f7bc02b3963f940,f31a17333556b5e7ac80078ae88c99f08af5269d75a4603c4f0b36336349361c,0,9,0.3,3672,3285,1377,1.6339869281045754,1.6339869281045754,0.0,41.0,41.0,5,True,1.6339869281045754,1.6339869281045754,0.0,46.0,46.0,6,True,18,18,0,1.634,46.0,34.398,6,True,61.452,0.0,628641d12154acfd434214578ef73b1cdb3351df66f07d311d1bb9dcbd0c5b1c,3.026
DSY1,detached,run_0172,random64,9.655340429240898,7.24820416689231,2.42469543122848,172.6245737256148,0.1639874631194922,0.1196870715518636,0.3172583437442636,0.1578098077295352,0.9402029258114942,0.4028680909098489,0.8765797877084602,0.0023588769593888,0.2060066547113198,0.3409010096267915,combined,ok,8e921b0a838e479793cd0aec7226f0524fbce3f485b6b2f9ca1e54cdfa5526b7,f31a17333556b5e7ac80078ae88c99f08af5269d75a4603c4f0b36336349361c,0,9,0.3,3672,3285,1377,1.3344226579520697,1.3344226579520697,0.0,37.0,37.0,2,True,1.3616557734204793,1.3616557734204793,0.0,41.0,41.0,3,True,23,23,0,1.3617,41.0,33.562,3,True,21.383,0.0,59db543600b20f7a0b7beb5d0f17bdd3c445d0033627f9c4a9c332f7342d3592,3.129
DSY1,detached,run_0189,random64,8.854541179080801,10.452603750516715,2.9188006260871417,67.8876582569418,0.3641510351705923,0.0892540763860939,0.3097302387013971,0.1440692649228458,2.707948972652005,0.2832682627500669,0.6646816722211282,0.0103303899374604,0.1290129201750531,0.0948871124029668,combined,ok,62ec6967198930139512ea16c8ef5eb3b60f2ae3ef5337746c32927263958573,f31a17333556b5e7ac80078ae88c99f08af5269d75a4603c4f0b36336349361c,0,9,0.3,3672,3285,1377,1.5522875816993464,1.5522875816993464,0.0,43.0,43.0,5,True,1.5522875816993464,1.5522875816993464,0.0,45.0,45.0,5,True,18,18,0,1.5523,45.0,34.153,5,True,48.6911,0.0,e236bf3242d0d7715fa78b790137c5f89df88e1ac0f797379badfc9bb3b20ea9,3.145
DSY1,detached,run_0203,random64,7.977123523285825,8.285263931205199,2.712837171815562,89.35419205267758,0.1358151170477194,0.188340689716523,0.0697252800449031,0.1120892354037314,1.7190015052738117,0.5071421704296211,0.5490554865529775,0.0022577353970723,0.6310346873260598,0.5050302275796102,combined,ok,af28f3c676693d05cce01e02de97439ab2de42d9b698aa06da71cb346869d2aa,f31a17333556b5e7ac80078ae88c99f08af5269d75a4603c4f0b36336349361c,0,9,0.3,3672,3285,1377,1.3344226579520697,1.3344226579520697,0.0,39.0,39.0,3,True,1.3888888888888888,1.3888888888888888,0.0,39.0,39.0,5,True,17,17,0,1.3889,39.0,33.946,5,True,52.5814,0.0,033ac302d3863e7cf28e8525caf8812225d4c251b1f3d05dbdb6a67ca057c667,3.079
DSY1,detached,run_0208,random64,7.080933225138338,8.151979458855823,2.6146631258077835,109.77210266794091,0.1350633821387371,0.2826211130453059,0.3158693984636647,0.1010376581025481,1.0331012809233195,0.4004981292509733,0.7085516862951541,0.001430792206345,0.6109790032078951,0.401205105008072,combined,ok,d0b3bede524d0ffa63215b7f4c2c141e9a64026f392f1fa9bc654781a4eadb9b,f31a17333556b5e7ac80078ae88c99f08af5269d75a4603c4f0b36336349361c,0,9,0.3,3672,3285,1377,1.252723311546841,1.252723311546841,0.0,38.0,38.0,3,True,1.3344226579520697,1.3344226579520697,0.0,39.0,39.0,3,True,14,14,0,1.3344,39.0,33.832,3,True,66.6382,0.0,513c971a6393fcd6f739f48e07f3bb22256bf26feb6db6c35ebfbe90afbd2e3c,3.202
DSY1,detached,run_0239,stress16,8.966408949597819,7.177231125441284,2.4933678450716044,17.389312189459034,0.33924506984946,0.1909431656003543,0.2552562075773003,0.1590237503532047,0.8661594681833358,0.6951609206290856,0.8620318201574801,0.0106498566496832,0.1330127200193476,0.4051665189182183,combined,ok,b42daaccb4b098d08ab28d6b87ce4a18387ffb1412a35d68f41a2bbf03d8eee6,f31a17333556b5e7ac80078ae88c99f08af5269d75a4603c4f0b36336349361c,0,9,0.3,3672,3285,1377,4.030501089324619,4.030501089324619,0.0,59.0,59.0,26,True,4.466230936819173,4.466230936819173,0.0,63.0,63.0,27,True,138,269,131,4.4662,63.0,35.284,27,True,71.0165,0.0,525f2bdbcf543365ef12952bb405aa270693a55019d1fa51e3c2191cf5ad08e2,3.488
DSY1,detached,run_0241,stress16,8.986985502735077,6.370726990713231,2.8262969611987976,288.55522855132386,0.3577817612158999,0.1857466310998697,0.1900534041160908,0.1183127038015254,1.180262981894609,0.5586107918959073,0.4841391966636397,0.0026352311391234,0.7606078576767147,0.3295277351670737,combined,ok,9d9c3892992313c44fa9c23b262e07bee9acb2aa7389d9a1a7b2b76bff4d7b8b,f31a17333556b5e7ac80078ae88c99f08af5269d75a4603c4f0b36336349361c,0,9,0.3,3672,3285,1377,2.886710239651416,2.886710239651416,0.0,55.0,55.0,24,True,3.022875816993464,3.022875816993464,0.0,56.0,56.0,23,True,41,62,21,3.0229,56.0,35.286,24,True,649.4069,0.0,c036887aa7e043fce3637c2659ac09bbd88b73e755ec92d1d9c5ca7304edb008,3.463
DSY1,detached,run_0298,random64,8.332008660398749,7.514114819729058,2.5770632840161176,32.65999947584161,0.3675082359468328,0.2612870512859359,0.1947062270800404,0.092184612395228,2.2327759245070897,0.4154681534695688,0.4491901728869033,0.0031863362642622,0.2918284207024562,0.3945965827764047,combined,ok,44f3198530afd93ae2309a210feeea38e8f2c0943f504d335f6e08e96de1c6a3,f31a17333556b5e7ac80078ae88c99f08af5269d75a4603c4f0b36336349361c,0,9,0.3,3672,3285,1377,1.6884531590413945,1.6884531590413945,0.0,48.0,48.0,9,True,1.6884531590413945,1.6884531590413945,0.0,49.0,49.0,8,True,18,18,0,1.6885,49.0,34.65,9,True,97.3081,0.0,e6c628bdeafafc9bddee43a38cf4b273b16ef7f8cfa87235e62a7894ab0d91dd,3.202
DSY1,detached,run_0302,random64,6.464886681198625,6.461232658039725,2.595607139740693,200.15410369855252,0.1048401522366748,0.0500529154312022,0.2464765860508568,0.138708672410398,1.0994929560158817,0.5957829612933677,0.6712389000184744,0.0114188958123249,0.5764259455075901,0.8590859386058312,combined,ok,359a1e4a19e0e318e9bcb926c951a94c86ccd3ef5b8e1bddd95042c5645c7a9a,f31a17333556b5e7ac80078ae88c99f08af5269d75a4603c4f0b36336349361c,0,9,0.3,3672,3285,1377,1.3888888888888888,1.3888888888888888,0.0,39.0,39.0,4,True,1.3888888888888888,1.3888888888888888,0.0,41.0,41.0,5,True,19,19,0,1.3889,41.0,33.955,5,True,56.8154,0.0,a12aa0d7abcf3632bd125f9f158eecd830a31377c480ca09bb2f32284c687998,3.2
DSY1,detached,run_0421,random64,7.259944904757417,9.95766854175178,2.9168650187863294,194.2486599421907,0.3312206235671143,0.0946711362366577,0.2923395976811948,0.0428674051588782,2.175209421544923,0.3660505438690433,0.3166605386628426,0.005912152362126,0.7213775997545232,0.4076882356228147,combined,ok,113324161af21a64d6c48acc4866ef623bb7f2ea6b1e1aca96c5d9fb7607ac72,f31a17333556b5e7ac80078ae88c99f08af5269d75a4603c4f0b36336349361c,0,9,0.3,3672,3285,1377,1.6067538126361656,1.6067538126361656,0.0,45.0,45.0,7,True,1.6067538126361656,1.6067538126361656,0.0,47.0,47.0,8,True,12,12,0,1.6068,47.0,34.561,8,True,151.2296,0.0,ded884774211c07f9add5113779901018caf2a932c859c8fba33b0a4f62e03a0,3.164
DSY1,detached,run_0456,random64,7.235653346407408,11.709367776516928,2.5247172842449146,164.85689193046983,0.316903563356449,0.2724207622108091,0.0275777940548623,0.1306855280144903,4.841830387386058,0.3607166626987048,0.7357196636648353,0.0087398255812502,0.7615723805690275,0.6784222436994939,combined,ok,8fdbe79c466b734de003923ce086f3064e5ada83fc3ee41c12018caa4979e7db,f31a17333556b5e7ac80078ae88c99f08af5269d75a4603c4f0b36336349361c,0,9,0.3,3672,3285,1377,1.443355119825708,1.443355119825708,0.0,40.0,40.0,5,True,1.579520697167756,1.579520697167756,0.0,44.0,44.0,7,True,13,13,0,1.5795,44.0,34.452,7,True,102.4332,0.0,be05d962d54dddb96369594d789548afc538237f2d20eb0d855ebdf54e915d2c,3.167
DSY1,detached,run_0492,stress16,8.550782772522515,11.776115421222215,2.699213296519177,334.2020798495306,0.3999904372395374,0.0206995492983702,0.0607249068429463,0.0682232294671505,1.1214548050257498,0.6419965380885064,0.7204194426782291,0.0073087888941234,0.247223981405377,0.2972364509554138,combined,ok,8106a057810dee7b8211761cda2a41f59780ff31d12adf1ade797819fcf6fef0,f31a17333556b5e7ac80078ae88c99f08af5269d75a4603c4f0b36336349361c,0,9,0.3,3672,3285,1377,2.696078431372549,2.696078431372549,0.0,58.0,58.0,26,True,2.4782135076252723,2.4782135076252723,0.0,62.0,62.0,27,True,54,63,9,2.6961,62.0,35.462,27,True,113.9374,0.0,31c57fde4c475f9dcba038dfb5e239eeffd4d23bca78382f5f00d91c14425c0c,3.38
DSY1,detached,run_0499,random64,7.858804507830091,10.349836369453136,2.532898445475049,95.20960247737294,0.2105308086928702,0.2661776403887546,0.202952619776223,0.042630729895842,4.479626527348435,0.5735404220619731,0.7008795170704228,0.0036983473818156,0.1567476492121556,0.6596289751233395,combined,ok,e8b0316b2018a42d5a9bd714546690c480ed1e2ff11fc93a33785f7b4714bcc8,f31a17333556b5e7ac80078ae88c99f08af5269d75a4603c4f0b36336349361c,0,9,0.3,3672,3285,1377,1.443355119825708,1.443355119825708,0.0,37.0,37.0,3,True,1.5250544662309369,1.5250544662309369,0.0,41.0,41.0,3,True,21,21,0,1.5251,41.0,33.736,3,True,29.5683,0.0,111b2da3e17eb7a52526cf04c0375d02d4d7a0cfcc5ea9f38e8cac1e2e992934,3.202
DSY1,detached,run_0500,random64,9.82451369711319,10.845295277018504,2.7073204009582628,108.9848566026068,0.2404164756163604,0.2191691030494161,0.3170431197618952,0.1101248845957577,4.246097291116642,0.3146179268775989,0.8846779164318552,0.002952629013426,0.3985480745890861,0.6671409251817507,combined,ok,045a5fec2807834bc727f7b580d872dcf7844e8420863c93d39b82543508ab45,f31a17333556b5e7ac80078ae88c99f08af5269d75a4603c4f0b36336349361c,0,9,0.3,3672,3285,1377,1.252723311546841,1.252723311546841,0.0,37.0,37.0,3,True,1.3071895424836601,1.3071895424836601,0.0,38.0,38.0,3,True,12,12,0,1.3072,38.0,33.768,3,True,43.0634,0.0,9c525d0bf1674d64d4650dd7ab86c3b221622328baec1be03acd7e962956669b,3.223
DSY1,detached,run_0628,stress16,9.72733840356107,7.8427669792229615,2.5924321527735392,359.8933269015914,0.3529783862372112,0.0761779621335445,0.3273904561993191,0.0824461595128538,3.4708268892998255,0.3251799736172571,0.3503616556392233,0.0015213312741712,0.7206263247604744,0.7182250817689112,combined,ok,06365f21bce9be41c285ac6ab9f6807d033fd81cd4c29e2687e1ed80fb0a6bf7,f31a17333556b5e7ac80078ae88c99f08af5269d75a4603c4f0b36336349361c,0,9,0.3,3672,3285,1377,1.4705882352941175,1.4705882352941175,0.0,40.0,40.0,5,True,1.4705882352941175,1.4705882352941175,0.0,40.0,40.0,5,True,11,11,0,1.4706,40.0,34.224,5,True,89.9739,0.0,7ed02508f6c52c6fec813d2ee36403ad0ab3142c32a365279e979462293f8e4c,3.215
DSY1,detached,run_0745,random64,9.403992115334937,8.48512079989969,2.7038151450428907,145.5310132662222,0.2567053419094268,0.2898505421920269,0.0488499881238593,0.1014932783378585,1.1571722700731573,0.4833947498367663,0.8213087990653432,0.008725404304492,0.7657037313194129,0.8876906018863312,combined,ok,ded547310871d4cc3b113323491f50e5a7ff8a41c1b342c1ed38c1e1a75a9aeb,f31a17333556b5e7ac80078ae88c99f08af5269d75a4603c4f0b36336349361c,0,9,0.3,3672,3285,1377,1.4978213507625273,1.4978213507625273,0.0,41.0,41.0,5,True,1.6067538126361656,1.6067538126361656,0.0,46.0,46.0,7,True,17,17,0,1.6068,46.0,34.488,7,True,153.8068,0.0,ff9f363aa1b3e3dc776a4c3ac68f2697c6ca46930e083073a13b7b4b31a72a4a,3.22
DSY1,detached,run_0768,stress16,6.634637881940697,11.603463379949876,2.9452065682690702,7.656125949492523,0.3673240508605883,0.0703946751822334,0.0882239068606324,0.0721394554328508,0.8794108960838816,0.6853284584119119,0.8495356125752638,0.0109339718263157,0.2996274968959122,0.0483529411528591,combined,ok,b4622e0a5a4d81f028331fe562b901c3c40e7d35eef90c89b4ac5dbcf1496522,f31a17333556b5e7ac80078ae88c99f08af5269d75a4603c4f0b36336349361c,0,9,0.3,3672,3285,1377,4.112200435729847,4.112200435729847,0.0,62.0,62.0,39,True,4.221132897603486,4.221132897603486,0.0,65.0,65.0,36,True,102,162,60,4.2211,65.0,35.835,39,True,221.2305,0.0,959a5a22d04ee869ca02ab0135f08f35005746cda5ff5e9c541febce1cb83235,3.697
DSY1,detached,run_0785,random64,8.940781628092497,8.940854789499578,2.71333172432655,21.027453984889203,0.3107729422642821,0.2659499439488594,0.1570556761118805,0.0362424341838409,3.092059615457477,0.5972727377148599,0.3537591526886088,0.010305774523266,0.4150422534097331,0.1795157167910107,combined,ok,b746e91bab4f7530282bdc31935dfa92586f426f269c275764794a446498fd19,f31a17333556b5e7ac80078ae88c99f08af5269d75a4603c4f0b36336349361c,0,9,0.3,3672,3285,1377,1.7429193899782136,1.7429193899782136,0.0,49.0,49.0,9,True,1.7429193899782136,1.7429193899782136,0.0,51.0,51.0,10,True,18,18,0,1.7429,51.0,34.773,10,True,114.2275,0.0,ab19c1a522fbedca795777eb9acfcbce5570aaeada832c15179384652749b853,3.211
DSY1,detached,run_0788,random64,8.782009887322488,9.886407966385462,2.689241045237277,165.79600971047623,0.1806222296930827,0.0350189214807997,0.2624851560323494,0.0761344647472262,0.8504742135136384,0.5569179194726575,0.8553784108853641,0.0092759304403749,0.5281861664355341,0.2100976052058908,combined,ok,cbcdd043b987342572cbe4b9553908286bc5b14d64cf0e7ce7ff268a1345b644,f31a17333556b5e7ac80078ae88c99f08af5269d75a4603c4f0b36336349361c,0,9,0.3,3672,3285,1377,1.5250544662309369,1.5250544662309369,0.0,43.0,43.0,5,True,1.5522875816993464,1.5522875816993464,0.0,46.0,46.0,6,True,22,22,0,1.5523,46.0,34.271,6,True,68.1704,0.0,df2aeea225a864f27df75818a073bcaeffb541b828cf5efb287a0789d2f88d2d,3.232
DSY1,detached,run_0821,random64,8.168610103195812,6.295910082319626,2.44919521726831,83.16215592635217,0.1633699932395152,0.2793528873688088,0.3075031868920546,0.1071356027635634,4.694512503188105,0.3195967627738837,0.4662343120140395,0.0025933405746935,0.4004795609820039,0.9249981780019016,combined,ok,4f904a9628096a3767619dd63ae95f60712a207264b9abddf489ff7f22f0ac58,f31a17333556b5e7ac80078ae88c99f08af5269d75a4603c4f0b36336349361c,0,9,0.3,3672,3285,1377,1.1437908496732025,1.1437908496732025,0.0,35.0,35.0,2,True,1.171023965141612,1.171023965141612,0.0,37.0,37.0,3,True,12,12,0,1.171,37.0,33.571,3,True,43.4052,0.0,5ee9904485c0bb88533a221afd28e135c52c0350ae000ba577efd16d4dbd71c3,3.112
DSY1,detached,run_0833,random64,6.881397296298271,10.882836593895547,2.866583637518168,115.0820265960748,0.2101446861231999,0.1571910951166595,0.0991883520257245,0.1038913954908974,2.054872833294584,0.31784047548047,0.3619575529089111,0.0100872283500496,0.3785981589568508,0.1448921445221051,combined,ok,2c20b0d27e120ae2f1b400ed1b818b82d066a5c18e44804524d6f49fd833dc60,f31a17333556b5e7ac80078ae88c99f08af5269d75a4603c4f0b36336349361c,0,9,0.3,3672,3285,1377,1.3071895424836601,1.3071895424836601,0.0,39.0,39.0,3,True,1.3888888888888888,1.3888888888888888,0.0,39.0,39.0,5,True,15,15,0,1.3889,39.0,33.98,5,True,47.253,0.0,7bc84a1ab9f11adccefe7655338f6d6bb11e02b4e023fdd5bc0acd81377021ec,3.127
DSY1,detached,run_0841,random64,8.367547204965499,7.256923551190713,2.9918995286847547,209.09780783784907,0.2412457505801208,0.2385274524029789,0.0999052231342154,0.0327496438192871,4.272186592040046,0.5573251812470255,0.5047083796199578,0.0034639552327845,0.6468288498143069,0.6883388060301502,combined,ok,6036ae412fa26c6624c12f883d7b5de4af1f1cd1a742e06fed6d69633a45c5fa,f31a17333556b5e7ac80078ae88c99f08af5269d75a4603c4f0b36336349361c,0,9,0.3,3672,3285,1377,1.6067538126361656,1.6067538126361656,0.0,43.0,43.0,7,True,1.661220043572985,1.661220043572985,0.0,48.0,48.0,8,True,14,14,0,1.6612,48.0,34.533,8,True,116.0323,0.0,6d710dde20ced779808a11e23ca3825800aae94bff7c228103a0aa2acdf84923,3.079
DSY1,detached,run_0844,random64,8.746712419323499,8.255288205551997,2.8301858731668736,119.6183960439886,0.1994819192503905,0.27254785547391,0.0411225287078061,0.1609877938402135,1.483139363161183,0.3044285647779056,0.8800589857851471,0.0064660006290998,0.7491636968151721,0.9819550749784538,combined,ok,13783ddae9e184d0d47c3fae4f856d0c1bd696365108bbfe57235f22f49c0fa0,f31a17333556b5e7ac80078ae88c99f08af5269d75a4603c4f0b36336349361c,0,9,0.3,3672,3285,1377,1.252723311546841,1.252723311546841,0.0,39.0,39.0,3,True,1.4161220043572984,1.4161220043572984,0.0,42.0,42.0,5,True,16,16,0,1.4161,42.0,34.187,5,True,71.2918,0.0,b13cbbcd4051650d25130a3bef8db2066ba4b55fa78cd0b6e83fa3fb82285ad5,3.233
DSY1,detached,run_0887,random64,9.484724765067508,11.174464591770498,2.414911442203662,229.80644996404757,0.2796275305540545,0.0758284244041909,0.2896741830836959,0.1751072335090888,1.6995338270119895,0.3107776781053267,0.4257006634020504,0.0114970329370951,0.491908950611397,0.9890734482016346,combined,ok,93d8e7e2f96ef9b3a08e73055b8fb741705664eb6995f24ebff4479219463a03,f31a17333556b5e7ac80078ae88c99f08af5269d75a4603c4f0b36336349361c,0,9,0.3,3672,3285,1377,1.252723311546841,1.252723311546841,0.0,38.0,38.0,3,True,1.3071895424836601,1.3071895424836601,0.0,39.0,39.0,3,True,13,13,0,1.3072,39.0,33.803,3,True,47.8757,0.0,793f1aae31beacd04bf647a674f1e2aacbf8140379b079e8d068efdd6ec2a580,3.189
DSY1,detached,run_1025,stress16,6.001988515451892,8.013747343359917,2.712128069948224,187.7230485160186,0.3988100711297681,0.0143824485162627,0.2716513893534522,0.0592134160641791,2.773734982619098,0.4008863300303726,0.4244523072802022,0.0086936739506271,0.2466612679915689,0.5322139386093038,combined,ok,df17d4ea6cb7040602c2ee183423eb2e7b57a4c5f257e4e165cc98e9d7aec6eb,f31a17333556b5e7ac80078ae88c99f08af5269d75a4603c4f0b36336349361c,0,9,0.3,3672,3285,1377,1.7429193899782136,1.7429193899782136,0.0,51.0,51.0,9,True,1.7429193899782136,1.7429193899782136,0.0,51.0,51.0,11,True,18,18,0,1.7429,51.0,34.855,11,True,113.732,0.0,f05e53264dc5045bf11a42abbd892ff402fabf09e925af75711fd2fd581b7db5,3.144
DSY1,detached,run_1083,random64,8.454517480509306,7.606900202320765,2.5501477925335045,241.34481889977465,0.2891208841498976,0.1515706845674109,0.1605073890215713,0.1607015551309144,1.101558526110067,0.2140821822715956,0.8767854811568954,0.0117808467129899,0.4181305553407746,0.979553351344094,combined,ok,a4c5e3e5e355afc8fd7fbd017b138d55fd90010256dbb5f3519c012adadfee37,f31a17333556b5e7ac80078ae88c99f08af5269d75a4603c4f0b36336349361c,0,9,0.3,3672,3285,1377,1.252723311546841,1.252723311546841,0.0,39.0,39.0,3,True,1.3071895424836601,1.3071895424836601,0.0,39.0,39.0,5,True,13,13,0,1.3072,39.0,33.912,5,True,57.5165,0.0,e480a0581168454a7c1d4d8bbb9db8d9e4c074c421821ae45db61e7d4eee2b32,3.195
DSY1,detached,run_1093,random64,8.002380628505447,10.166259736812894,2.8796333119979427,171.23898423952662,0.100090185215434,0.0543938555226989,0.0270087812313298,0.0755226196018769,1.8235443611211988,0.386033384594613,0.8407906551118343,0.0050274494110316,0.354654458456868,0.9837284633011107,combined,ok,bed230c8dc3ca3b1aeaa4988e07f5b786f403556de18449ecd3a26e7c91e0eed,f31a17333556b5e7ac80078ae88c99f08af5269d75a4603c4f0b36336349361c,0,9,0.3,3672,3285,1377,1.1437908496732025,1.1437908496732025,0.0,34.0,34.0,2,True,1.4161220043572984,1.4161220043572984,0.0,42.0,42.0,4,True,28,28,0,1.4161,42.0,33.773,4,True,50.4849,0.0,823e0b84c69e99e089f8a1300caa1fe7fd0480fd9a575143ac4462ba548ab948,3.144
DSY1,detached,run_1130,random64,9.188456848978468,11.639043127509634,2.559744911138821,29.410840417817724,0.1117948532135704,0.2858457406091068,0.2595794543528447,0.1999165833637279,1.1743911222239498,0.471472375004214,0.5367601190449024,0.0117616437190273,0.2970725510522888,0.433698314360111,combined,ok,dad39ab6947f659edb307674c59b1a513deffd1bb98462f131cd9dd3e825c050,f31a17333556b5e7ac80078ae88c99f08af5269d75a4603c4f0b36336349361c,0,9,0.3,3672,3285,1377,1.171023965141612,1.171023965141612,0.0,31.0,31.0,0,False,1.1982570806100217,1.1982570806100217,0.0,33.0,33.0,2,True,20,20,0,1.1983,33.0,33.072,2,True,13.7093,0.0,d31ef677bd3d71ec26ede5367f0ce56f4063dccab863e1ce277f0ef617cb159c,3.275
DSY1,detached,run_1192,random64,6.574979979831511,11.394826702694091,2.6678524442714378,83.01673689334608,0.3565625542057532,0.2467632876240327,0.0518339126921443,0.087289463380345,1.2028290993735582,0.4784511509089152,0.6693643480800702,0.0064013535611167,0.4547676125272111,0.8704605859623464,combined,ok,6691fb45405ae0e6e98ec364e69b6c2f5d8cbdcb2e323766ceec3b2b4aff6359,f31a17333556b5e7ac80078ae88c99f08af5269d75a4603c4f0b36336349361c,0,9,0.3,3672,3285,1377,1.661220043572985,1.661220043572985,0.0,45.0,45.0,7,True,1.6884531590413945,1.6884531590413945,0.0,50.0,50.0,8,True,17,17,0,1.6885,50.0,34.645,8,True,158.3067,0.0,6aa93d16252427857c7ec4c86e58b78215fcc610cabd7782b471ebeed1581424,3.248
DSY1,detached,run_1197,random64,9.55307660622851,10.935446202367611,2.651431698797591,89.14333515226049,0.2043520540065082,0.2592494770209894,0.0576746329066228,0.0781157588360924,2.1857332563991227,0.2060785959940542,0.5149724560393532,0.0076651831377733,0.6733006645411621,0.4720333855727691,combined,ok,7394fcc1ec2d69f95c431fbc62578aa504c1d44647b99c4e43a96bd692da522a,f31a17333556b5e7ac80078ae88c99f08af5269d75a4603c4f0b36336349361c,0,9,0.3,3672,3285,1377,1.1437908496732025,1.1437908496732025,0.0,34.0,34.0,2,True,1.1982570806100217,1.1982570806100217,0.0,38.0,38.0,3,True,12,12,0,1.1983,38.0,33.683,3,True,41.9128,0.0,64bf5817200c016cfc5a7c33f8193e61c648bbc2523ba47f3ac093f3483e5a79,3.158
DSY1,detached,run_1199,stress16,8.893313295309667,6.752916196560016,2.775376919971335,90.13627347871588,0.1083033134047148,0.1785539237225437,0.0601924888116002,0.0886989224971885,1.0127404186376616,0.4736069389205135,0.8365327423703692,0.0052546015723922,0.7998494879171348,0.7537545170074853,combined,ok,be5716d0c3b4c64c8611e237595adbc1f04900bca326455274b3d822b6989bd1,f31a17333556b5e7ac80078ae88c99f08af5269d75a4603c4f0b36336349361c,0,9,0.3,3672,3285,1377,1.252723311546841,1.252723311546841,0.0,38.0,38.0,3,True,1.3616557734204793,1.3616557734204793,0.0,41.0,41.0,4,True,18,18,0,1.3617,41.0,33.935,4,True,55.8538,0.0,f7eb9c11ee3fdfb89027bef4f70b0edadd8586b5bd9606293397a26ccea5e650,3.309
DSY1,detached,run_1207,random64,9.168130791502008,9.004696072729846,2.8115599835956373,142.9180739985565,0.1284202723692254,0.1867752178704292,0.3348439656423181,0.1317711005700411,2.4118781979192816,0.4565266167997619,0.610364497850469,0.004851525079017,0.1978381158264388,0.9603135205592784,combined,ok,76cfd539927689fb5836af41c4257a2f77772d784c20c3f120020b7b26bc5533,f31a17333556b5e7ac80078ae88c99f08af5269d75a4603c4f0b36336349361c,0,9,0.3,3672,3285,1377,1.1437908496732025,1.1437908496732025,0.0,31.0,31.0,0,False,1.1982570806100217,1.1982570806100217,0.0,35.0,35.0,2,True,20,20,0,1.1983,35.0,33.137,2,True,17.6345,0.0,5f72467e66b4b9a09af674154ac17c2f6969878ac964761d8bb9b290c227055e,3.199
DSY1,detached,run_1209,random64,8.118074804521358,11.978193458414612,2.9036564697751355,244.9524063171716,0.3754156589993933,0.1220701597070463,0.1432447265725567,0.0531746170798,1.5295117539422654,0.5948510668405462,0.606964077683358,0.0056553556870505,0.480152133711234,0.6399576848879639,combined,ok,74b637b48aadd04a74a4c9e08d3590aed3d1576f40fff903d29145fdacceb3c3,f31a17333556b5e7ac80078ae88c99f08af5269d75a4603c4f0b36336349361c,0,9,0.3,3672,3285,1377,2.042483660130719,2.042483660130719,0.0,50.0,50.0,10,True,1.9607843137254901,1.9607843137254901,0.0,53.0,53.0,11,True,21,22,1,2.0425,53.0,34.933,11,True,222.3452,0.0,77bafe0c49a3efa4554bb1547ceaef64a6fce41eba03dbca8d5d101a7be7ee2d,3.259
DSY1,detached,run_1214,stress16,7.588108618860515,7.752734140780623,2.826539668699661,130.3981801828211,0.3484607578703986,0.1342467316483606,0.1687813557233073,0.1611491128809359,1.000533177193956,0.6979521394451516,0.3042607275737717,0.007184911846836,0.7742265557708546,0.5938512492331808,combined,ok,1ebeed23d510983a0c3770c63936811c87cc7dab6ad90c075377c44af3326dd6,f31a17333556b5e7ac80078ae88c99f08af5269d75a4603c4f0b36336349361c,0,9,0.3,3672,3285,1377,3.2679738562091507,3.2679738562091507,0.0,58.0,58.0,26,True,3.32244008714597,3.32244008714597,0.0,58.0,58.0,25,True,63,118,55,3.3224,58.0,35.359,26,True,696.1334,0.0,a519c6218fc1d14bfcfe09bbb92e4617f6b0609af09c277e539e658a8353dbe7,3.506
DSY1,detached,run_1248,random64,9.06874655668104,6.39714339888123,2.4388587665273502,227.04203511645017,0.300438463458426,0.1826052445691555,0.3125340008743582,0.017922370396233,1.828155892567156,0.634732281708217,0.5900520904862452,0.0086471631277632,0.744025489137654,0.0859871297257144,combined,ok,9c697b3dc58aa67859733aa5af66ab87df6fc1637c2b5716f60f6884770c6937,f31a17333556b5e7ac80078ae88c99f08af5269d75a4603c4f0b36336349361c,0,9,0.3,3672,3285,1377,1.9880174291938997,1.9880174291938997,0.0,50.0,50.0,14,True,2.0969498910675384,2.0969498910675384,0.0,50.0,50.0,15,True,22,23,1,2.0969,50.0,34.963,15,True,363.9863,0.0,c32999365293d869c590d8ebcb5db765faae791faab82ed854ed851923b9f78f,3.269
DSY1,detached,run_1268,random64,8.672107632349496,6.077241426467557,2.800377196115221,248.79991969356283,0.3247953487491061,0.0219064414200164,0.0826480006959761,0.1562970222400376,2.814679622664271,0.6718729366355661,0.6906200825760328,0.0011846727722075,0.1220025434097146,0.2148351272313768,combined,ok,1786e80818c6057fe94a0f6d0188f5e5ac5a9ace452dce60670a09483ea975ea,f31a17333556b5e7ac80078ae88c99f08af5269d75a4603c4f0b36336349361c,0,9,0.3,3672,3285,1377,2.5326797385620914,2.5326797385620914,0.0,63.0,63.0,31,True,2.314814814814815,2.314814814814815,0.0,65.0,65.0,31,True,45,45,0,2.5327,65.0,35.48,31,True,78.9051,0.0,a2598b1dba62b3f78c382dceda601f72001aab736ad36f82a842ca0ed428f374,3.246
DSY1,detached,run_1274,random64,6.241960005906613,10.399629191334888,2.8831521889224567,182.0303542420824,0.3893387920102038,0.2765961269867158,0.2263723592999344,0.0811994462666564,1.6006253230049623,0.428158997554932,0.6483239736954343,0.0098985746010797,0.660318092457969,0.5707357570475454,combined,ok,c88aece4bd79823d1dbb4fa9a93024cdefee1fb706b5ba0c15d04648a4f1d328,f31a17333556b5e7ac80078ae88c99f08af5269d75a4603c4f0b36336349361c,0,9,0.3,3672,3285,1377,1.770152505446623,1.770152505446623,0.0,50.0,50.0,10,True,1.7429193899782136,1.7429193899782136,0.0,50.0,50.0,10,True,17,17,0,1.7702,50.0,34.915,10,True,344.8424,0.0,f994354e75a091050ac2ec587ddee7150a8e8c11dda4b46300ad844679db5b21,3.3
DSY1,detached,run_1295,random64,9.700875846736846,11.393976617728896,2.625245447765509,15.055808046872396,0.1106551028886222,0.1052395899485283,0.0428257154219093,0.0339409350855904,4.282889671851096,0.2731703980561324,0.697609692323854,0.0071462703374351,0.7016648928179255,0.864958402476004,combined,ok,2ca293c1befdc5c1a89475a396157f149b1889ff4703134dc80826d693ec2a6d,f31a17333556b5e7ac80078ae88c99f08af5269d75a4603c4f0b36336349361c,0,9,0.3,3672,3285,1377,0.9803921568627451,0.9803921568627451,0.0,30.0,30.0,2,True,1.1982570806100217,1.1982570806100217,0.0,39.0,39.0,2,True,15,15,0,1.1983,39.0,33.536,2,True,43.8535,0.0,baef4904e20acd2e6ed70542bbde9fd04e40cd11bf05dbb8d52125515ac7ccf1,3.098
DSY1,detached,run_1311,random64,9.165362455102658,7.340987815898325,2.8133939339727108,305.0567196793675,0.1889324964091247,0.0323126599434309,0.1588020548110891,0.026092481744294,1.1716059785701818,0.6238515161870499,0.5930562544217899,0.0094844252584585,0.5560536106491164,0.7347389973183898,combined,ok,98d5f5ed83d384e2d3881f523497e5a082ded29a1fd2dfcded993df135e22dbe,f31a17333556b5e7ac80078ae88c99f08af5269d75a4603c4f0b36336349361c,0,9,0.3,3672,3285,1377,1.5250544662309369,1.5250544662309369,0.0,43.0,43.0,5,True,1.6067538126361656,1.6067538126361656,0.0,48.0,48.0,6,True,21,21,0,1.6068,48.0,34.427,6,True,86.6011,0.0,0ab7796a5ad42ec0d0441d0d70362db2b0af6133901442436f787d65008ed79f,3.14
DSY1,detached,run_1388,random64,9.678814831103882,8.915890074047772,2.800541899467576,218.74280184445405,0.1098036268680505,0.2727958848646888,0.3439519392324434,0.136424623817726,2.406438737900367,0.2924614656342366,0.358399055620711,0.0107980260130701,0.4314042170048758,0.6522212139098633,combined,ok,44199b70a8493a7ba0d2dec6e03cb70b0d5fbbae8e1e25b8654f550dfc83f089,f31a17333556b5e7ac80078ae88c99f08af5269d75a4603c4f0b36336349361c,0,9,0.3,3672,3285,1377,1.0348583877995643,1.0348583877995643,0.0,30.0,30.0,2,True,1.171023965141612,1.171023965141612,0.0,33.0,33.0,2,True,13,13,0,1.171,33.0,33.257,2,True,21.3039,0.0,75830e830574af5437adf7539681309fdcb66affd19acbe92f11c44ecb1ff175,3.238
DSY1,detached,run_1391,random64,9.65754037174086,7.371418965081008,2.4723911477589064,245.60981709998856,0.1947631756497077,0.2039411843608119,0.1074218120281111,0.0162622533962714,4.722810987580656,0.4500350593640352,0.4151046102651455,0.0083872118280736,0.1148113999145338,0.1106668227864503,combined,ok,5d736601f3ad74e3a8d280faac78db180e78bddbef54d238b931975ae82aacd8,f31a17333556b5e7ac80078ae88c99f08af5269d75a4603c4f0b36336349361c,0,9,0.3,3672,3285,1377,1.3344226579520697,1.3344226579520697,0.0,33.0,33.0,1,True,1.4161220043572984,1.4161220043572984,0.0,38.0,38.0,2,True,22,22,0,1.4161,38.0,33.352,2,True,39.3367,0.0,01f90ca7ebf90019ad485efe1ed83b5576394695f20d7390267ed2e1f35e9885,3.154
DSY1,detached,run_1416,stress16,7.611423563474337,8.698251521688531,2.426406411760429,121.28644403903304,0.2515937716162215,0.0800541981528088,0.2307818781610998,0.0347059324643584,3.835273389438587,0.5544241075079898,0.5745584674183433,0.0058908240493479,0.1000232333706224,0.4592619165338935,combined,ok,be92d63e64c6c4c4111641287e3302892fed5428d0250cd258f753ab21a1e947,f31a17333556b5e7ac80078ae88c99f08af5269d75a4603c4f0b36336349361c,0,9,0.3,3672,3285,1377,1.715686274509804,1.715686274509804,0.0,42.0,42.0,5,True,1.7973856209150325,1.7973856209150325,0.0,46.0,46.0,5,True,31,31,0,1.7974,46.0,34.015,5,True,39.3041,0.0,1722f43ee0512be685de46d3c2b696387ed9e5ae21b3b0ec9223373663dd636f,3.243
DSY1,detached,run_1434,random64,9.159539081356815,6.688059520298238,2.9750873857625546,146.8680349805886,0.109342487245402,0.2408929006163872,0.3256769736107116,0.1251180578113211,1.4006317331367033,0.4093604062094604,0.6924091355483194,0.0058060970619586,0.7515582151715556,0.0608321572405057,combined,ok,2982fed8555e5020b7f846464c0fc2026f112cc72ecd65b9d3571d7ca08ec4c7,f31a17333556b5e7ac80078ae88c99f08af5269d75a4603c4f0b36336349361c,0,9,0.3,3672,3285,1377,1.252723311546841,1.252723311546841,0.0,39.0,39.0,3,True,1.3344226579520697,1.3344226579520697,0.0,39.0,39.0,5,True,13,13,0,1.3344,39.0,33.882,5,True,55.3117,0.0,382705c21f899bb28ac4513b5d7b42b9b02ac936866ab564be074363cccb96c3,3.242
DSY1,detached,run_1476,random64,8.896156594940386,11.970459088733485,2.620502673500708,170.28638121673248,0.269002831698218,0.1073848132959912,0.2221615330765761,0.0858084946392574,2.270012833340684,0.6822472892294835,0.5392405542224693,0.0094663221482832,0.4521300487922157,0.0581779318396109,combined,ok,75cf44e8052f5f3e316a7a8f315dee793b7bb4a6faf1224cea78696cd21674b4,f31a17333556b5e7ac80078ae88c99f08af5269d75a4603c4f0b36336349361c,0,9,0.3,3672,3285,1377,1.770152505446623,1.770152505446623,0.0,50.0,50.0,8,True,1.7973856209150325,1.7973856209150325,0.0,50.0,50.0,8,True,25,25,0,1.7974,50.0,34.617,8,True,112.1809,0.0,393e7b1a607ee8bc48e37998e318bd3821b57a074b5598d102186d6aa270c376,3.292
DSY1,detached,run_1497,random64,7.421317417293777,10.6593604485645,2.9548445771602987,261.1277326472027,0.2244213548236318,0.2418386953001862,0.2465311795559595,0.0147862579323263,2.8483385115597724,0.4803905389117479,0.4721117267540718,0.0077261404064099,0.4160685386235552,0.2127917230392205,combined,ok,791b8e6519dcc61e1793d5a46b701888e249f21a1a00ff0562bc5a98bf6c48ed,f31a17333556b5e7ac80078ae88c99f08af5269d75a4603c4f0b36336349361c,0,9,0.3,3672,3285,1377,1.4978213507625273,1.4978213507625273,0.0,40.0,40.0,5,True,1.5250544662309369,1.5250544662309369,0.0,43.0,43.0,5,True,14,14,0,1.5251,43.0,34.254,5,True,59.529,0.0,92efec312331c2871e779381294b7df0f6f5c28bedd6e179fc4949710c43eba2,3.183
DSY1,detached,run_1506,stress16,6.2866920665226385,7.327960484063865,2.5822380381929033,189.673299274303,0.3538022528888858,0.2874668373726368,0.1967792742001886,0.1471820880565589,0.8240748358340548,0.6355675011074757,0.8989283259639178,0.0069614963780197,0.553966653681584,0.1297716817744924,combined,ok,8b0cee648e75dbef504a1ddce0d32b67399c05951185441fc6f8908e1aa76eba,f31a17333556b5e7ac80078ae88c99f08af5269d75a4603c4f0b36336349361c,0,9,0.3,3672,3285,1377,3.9215686274509802,3.9215686274509802,0.0,59.0,59.0,32,True,4.357298474945534,4.357298474945534,0.0,60.0,60.0,34,True,102,259,157,4.3573,60.0,35.578,34,True,625.2402,0.0,a4631aad09fccc1839a9a88d7a70141c2ea1cd761d90624c21624d596ad9c947,3.754
DSY1,detached,run_1521,stress16,9.012734726045109,9.28296620531424,2.915879467533671,0.136299530314857,0.3824926050117646,0.1021758966296917,0.2940879731173014,0.1904610869987471,1.664067808950167,0.4572585928006668,0.8515223334861499,0.0062513542391962,0.5638087322452537,0.6878542590040975,combined,ok,e4cf5c68d845a6cc2eb6721416bf9c6fde05702fdc4f932174582231cba6cbfd,f31a17333556b5e7ac80078ae88c99f08af5269d75a4603c4f0b36336349361c,0,9,0.3,3672,3285,1377,1.6884531590413945,1.6884531590413945,0.0,49.0,49.0,9,True,1.6884531590413945,1.6884531590413945,0.0,50.0,50.0,9,True,16,16,0,1.6885,50.0,34.77,9,True,222.8749,0.0,eadf6a914abf1c2d7a5edb7122a132606a713651b482ddf347d2b066737c757b,3.438
DSY1,detached,run_1525,random64,6.457818039323073,8.809230062809032,2.562716674463898,49.7482730803186,0.2403944250818863,0.2846260247543987,0.3217419947342414,0.1387539273115936,1.7741620338632282,0.2609813408015647,0.5792514428957727,0.0024585619456096,0.2421969198902897,0.8231806734055043,combined,ok,03db2350bb86a05d83b2430fc7ac6f4810bcf74d79fe3949aa32529214e29619,f31a17333556b5e7ac80078ae88c99f08af5269d75a4603c4f0b36336349361c,0,9,0.3,3672,3285,1377,1.2799564270152506,1.2799564270152506,0.0,38.0,38.0,3,True,1.3616557734204793,1.3616557734204793,0.0,39.0,39.0,3,True,13,13,0,1.3617,39.0,33.766,3,True,34.7253,0.0,9ecaec26130719903ef17b1cbbec686c70c066d7f656917154be590d0793980f,3.268
DSY1,detached,run_1560,random64,8.618546381821407,6.051034448405187,2.563634775254617,139.91787914607664,0.3728893152141903,0.0570155616799874,0.2154460301853953,0.1479278899395301,4.058721782989339,0.6659321263772808,0.7110283895432115,0.0073155256822709,0.1839498514363129,0.1617868224834594,combined,ok,1de43a0e2c65b03ca2124a41a57ea0f805f72cd58e4bfe0e202b38b9681e21aa,f31a17333556b5e7ac80078ae88c99f08af5269d75a4603c4f0b36336349361c,0,9,0.3,3672,3285,1377,2.4782135076252723,2.4782135076252723,0.0,61.0,61.0,30,True,2.342047930283224,2.342047930283224,0.0,61.0,61.0,27,True,29,29,0,2.4782,61.0,35.523,30,True,104.0487,0.0,d4d8f5a67878a5827a4cf500edf84a32533403471ff94f1d2bdc304597c8811e,3.315
DSY1,detached,run_1586,random64,7.747757047886595,11.109613081305676,2.9866762545648577,108.774751399816,0.1181454529476654,0.1724322000054217,0.293250208478728,0.0738549335860083,1.3729096971837715,0.6260524756906012,0.790159768280496,0.0036748512051892,0.4427272594461767,0.8603068835744438,combined,ok,03b078ec9ee86a850bc64c3aec6852e03e019312889da17af04dc3aed89c8dc8,f31a17333556b5e7ac80078ae88c99f08af5269d75a4603c4f0b36336349361c,0,9,0.3,3672,3285,1377,1.2799564270152506,1.2799564270152506,0.0,37.0,37.0,3,True,1.3616557734204793,1.3616557734204793,0.0,39.0,39.0,3,True,19,19,0,1.3617,39.0,33.761,3,True,33.1159,0.0,642ae865801a54d4d6219d7357788fd57bcbe707602a0f4a49c89504668f4a70,3.266
DSY1,detached,run_1590,random64,7.984975108428764,7.272084694858215,2.9967721614941327,16.420420319362826,0.374850431931708,0.2382439942207673,0.1776304878605744,0.1160904554759672,4.877151087201141,0.6916489142509208,0.5069503827545674,0.0011912769261439,0.3291501951241186,0.2604131781675038,combined,ok,a79c0b0f53805b74f31cb90a2b139f116e75b8dfe34e5747d84aa2163af20a5e,f31a17333556b5e7ac80078ae88c99f08af5269d75a4603c4f0b36336349361c,0,9,0.3,3672,3285,1377,2.423747276688453,2.423747276688453,0.0,59.0,59.0,30,True,2.314814814814815,2.314814814814815,0.0,59.0,59.0,28,True,18,18,0,2.4237,59.0,35.601,30,True,177.383,0.0,098a91973a6bf0c8927216d4040ae5fcab71cb020ff8bede108761186994bd78,3.568
DSY1,detached,run_1644,random64,6.39767913222991,11.797192158414513,2.8741057290164034,172.93019711264748,0.2443328744309624,0.252661328529406,0.2135477168394144,0.1397092179377648,1.093053406242568,0.5224268206844807,0.6239387086788434,0.0026953973078216,0.5019253197830181,0.9038595290358232,combined,ok,c2cc187da7630bef7e85c428ed193481406ac987b7ae698f89d4d0946de3dc51,f31a17333556b5e7ac80078ae88c99f08af5269d75a4603c4f0b36336349361c,0,9,0.3,3672,3285,1377,1.661220043572985,1.661220043572985,0.0,43.0,43.0,6,True,1.715686274509804,1.715686274509804,0.0,46.0,46.0,6,True,20,20,0,1.7157,46.0,34.38,6,True,160.1408,0.0,53420b8aa7b7179925d80d81784d5124d8ffc934d2dde119883ceb24cbed5530,3.425
DSY1,detached,run_1646,random64,7.704557801580717,7.128280265544657,2.985540612715578,90.2906293972771,0.2105791800179474,0.0205307922429049,0.2339133981377427,0.0889463263478779,3.2049811873074887,0.2345347956220673,0.7570779081491665,0.0090267774481236,0.1607423062503069,0.6682748532100452,combined,ok,85065238e26bfcd996d72af915f12ab76c43a937f0feea96505dd883d84f42a8,f31a17333556b5e7ac80078ae88c99f08af5269d75a4603c4f0b36336349361c,0,9,0.3,3672,3285,1377,1.3071895424836601,1.3071895424836601,0.0,41.0,41.0,3,True,1.3616557734204793,1.3616557734204793,0.0,41.0,41.0,4,True,20,20,0,1.3617,41.0,33.781,4,True,85.0111,0.0,15a20ab9c1053b833cb5404a79bf37c3c6f0a28b65b594fa5f21c3e16a52a004,3.215
DSY1,detached,run_1649,random64,9.736147602912038,10.293830928868562,2.662571832425947,261.8578276782381,0.3568398205583376,0.1736460837266733,0.0292153490257981,0.1395424927110858,3.027824367046392,0.3485365751342671,0.5736479117806575,0.0093034189208943,0.1802858271940285,0.2413181201408213,combined,ok,fe60a23ff15b5671157babc8e654f1993fa823405cddb9bbdb22a24e5cd138da,f31a17333556b5e7ac80078ae88c99f08af5269d75a4603c4f0b36336349361c,0,9,0.3,3672,3285,1377,1.5250544662309369,1.5250544662309369,0.0,42.0,42.0,5,True,1.6067538126361656,1.6067538126361656,0.0,46.0,46.0,6,True,20,20,0,1.6068,46.0,34.349,6,True,57.2186,0.0,7108390996a55525ef5edb2cd322fb501dd655eb40204967d39783b9765dbfdf,3.273
DSY1,detached,run_1739,random64,7.0067584701546775,7.896320285135133,2.607552142148133,280.19987496754726,0.1450303105282448,0.1623355493384067,0.0470016966853491,0.0487067994752944,4.395256339439079,0.3917146171940208,0.4653154678313737,0.0018438971710637,0.2816835467096806,0.9364410289315754,combined,ok,a918637b140e5e7c8a2c5ac4b907d676764191c9fb4db9ca8a22ea7df7fd967f,f31a17333556b5e7ac80078ae88c99f08af5269d75a4603c4f0b36336349361c,0,9,0.3,3672,3285,1377,1.171023965141612,1.171023965141612,0.0,33.0,33.0,2,True,1.252723311546841,1.252723311546841,0.0,39.0,39.0,3,True,15,15,0,1.2527,39.0,33.568,3,True,48.8971,0.0,6163d5ad87d2f1ceee2651912e2caa74e39cd8a87b86ef1726d7f2ef0a75f244,3.178
DSY1,detached,run_1746,random64,6.23256062077348,7.414538430795666,2.655653759263532,340.754870353403,0.13092892283432,0.2982663087100041,0.1605365316546335,0.0545709109003138,2.521385471538734,0.5672064169838165,0.8340818965891381,0.0087833495903115,0.3674619067684775,0.3091781887796459,combined,ok,70f587642c4b982ed99720cef2f7f5be84349d8947516da342d1bad23ddcc165,f31a17333556b5e7ac80078ae88c99f08af5269d75a4603c4f0b36336349361c,0,9,0.3,3672,3285,1377,1.4161220043572984,1.4161220043572984,0.0,39.0,39.0,3,True,1.4161220043572984,1.4161220043572984,0.0,41.0,41.0,5,True,18,18,0,1.4161,41.0,33.956,5,True,44.5021,0.0,aaabd124b89c67a99229c88caaad10c1a57a8cecd6f94adddcad8f6112e58152,3.322
DSY1,detached,run_1748,random64,8.865043866167335,9.32232367224116,2.411805454746041,285.0228183144822,0.2601155219316617,0.0241020441173013,0.3259814484022454,0.0106359142239752,1.871163696480397,0.666161525830226,0.7796183023181407,0.0104967871326783,0.4218745196949143,0.1008415346970952,combined,ok,d89d6859ad733bf292a8967b07e29bcc0a56c311b64e57931cbfe7bf1d2b1e35,f31a17333556b5e7ac80078ae88c99f08af5269d75a4603c4f0b36336349361c,0,9,0.3,3672,3285,1377,1.6884531590413945,1.6884531590413945,0.0,46.0,46.0,7,True,1.770152505446623,1.770152505446623,0.0,50.0,50.0,8,True,25,25,0,1.7702,50.0,34.623,8,True,90.8355,0.0,7f549cdf287eca1ff0471dfca7b0d8364653a142251f2faa942372d28b01e056,3.352
DSY1,detached,run_1757,random64,8.689011587231436,9.670794600545737,2.8367080033490657,223.1820686943364,0.2790156756182473,0.233231484877794,0.2229056782795074,0.0219445143738869,2.4426468738886213,0.695436098987765,0.4138722842570862,0.0021376128078927,0.7624905536858017,0.3826218271406786,combined,ok,5b36c860af7d038bfa601f28b3e5cc780b54aa9fe9b70b6e0c6dd8bda9b5ad34,f31a17333556b5e7ac80078ae88c99f08af5269d75a4603c4f0b36336349361c,0,9,0.3,3672,3285,1377,1.824618736383442,1.824618736383442,0.0,49.0,49.0,9,True,1.8790849673202614,1.8790849673202614,0.0,50.0,50.0,10,True,19,19,0,1.8791,50.0,34.83,10,True,269.0677,0.0,7a677aade76934454addf61bc5e08f618e0a429f373b076174b68f7f618c7884,3.368
DSY1,detached,run_1759,random64,7.770853395902289,11.734651985798616,2.640716419960252,358.1951472874119,0.2392442626409085,0.0619317660019336,0.2680148272014561,0.0713851201696387,3.692960708429269,0.309230268935296,0.8284867367488444,0.0042700449738642,0.1941970618042965,0.3098326417434174,combined,ok,b49f1583edb6d2e057afd9d7bbcbe3b665f217fb87d289ff3f1ac6c7ff853cff,f31a17333556b5e7ac80078ae88c99f08af5269d75a4603c4f0b36336349361c,0,9,0.3,3672,3285,1377,1.3616557734204793,1.3616557734204793,0.0,36.0,36.0,3,True,1.3616557734204793,1.3616557734204793,0.0,40.0,40.0,3,True,17,17,0,1.3617,40.0,33.7,3,True,48.018,0.0,e46988d9e726509c2d9c122adf6298c3cf0f26d1cb0101656c8be41abdb19c28,3.25
DSY1,detached,run_1762,random64,9.10299394629691,6.779582727335279,2.989275662945607,119.36711299854213,0.2896453149172316,0.2698470947551495,0.1312331561461008,0.1120147306410807,3.947758679951738,0.3260696200660214,0.871151367818841,0.0024798400021639,0.4952905773332156,0.7995979321668514,combined,ok,7231668d2bb5ed6e3760f2a1e9878bfa6b83a32da3b54f1d112bd216e55853c6,f31a17333556b5e7ac80078ae88c99f08af5269d75a4603c4f0b36336349361c,0,9,0.3,3672,3285,1377,1.4978213507625273,1.4978213507625273,0.0,40.0,40.0,5,True,1.4978213507625273,1.4978213507625273,0.0,42.0,42.0,5,True,12,12,0,1.4978,42.0,34.324,5,True,86.0678,0.0,1e5b0edaa7663e332446c025714e920770f71d62ad994aab075483b39bebf570,3.322
DSY1,detached,run_1801,stress16,6.00576001816857,7.013962111137016,2.7433188979982543,109.1497624166458,0.1602648638294917,0.1227865119203586,0.3499141985699189,0.1295636363487694,1.1038623265201388,0.6054454417845063,0.4641422082425226,0.0116755889462249,0.6213755463936661,0.0271509346069509,combined,ok,475cae3e021b9ee7751034d1dfab812cfc190a8bba9ee9f6cb6a63b671cc3a4a,f31a17333556b5e7ac80078ae88c99f08af5269d75a4603c4f0b36336349361c,0,9,0.3,3672,3285,1377,1.661220043572985,1.661220043572985,0.0,46.0,46.0,7,True,1.661220043572985,1.661220043572985,0.0,48.0,48.0,7,True,18,18,0,1.6612,48.0,34.478,7,True,139.3168,0.0,bc9494e3a556d151c643117a2e5840b8985cfb5c27ad1aa7b82d9445dd99f9ab,3.422
DSY1,detached,run_1809,random64,8.559445934201257,9.220111033851431,2.6174590371645094,260.51262344046665,0.1774145506572762,0.1237493562166303,0.3444827827829553,0.039503380978057,2.6965991092332593,0.3413065878960307,0.312273471145697,0.0096244804108213,0.5147813503211555,0.6028242920670521,combined,ok,3e47412f9efd7d50b1883f726a216cf01953062932277e663ae22d7bac38b018,f31a17333556b5e7ac80078ae88c99f08af5269d75a4603c4f0b36336349361c,0,9,0.3,3672,3285,1377,1.171023965141612,1.171023965141612,0.0,36.0,36.0,2,True,1.252723311546841,1.252723311546841,0.0,38.0,38.0,3,True,12,12,0,1.2527,38.0,33.706,3,True,40.9156,0.0,58d1b4b6010df3f38a796af22c9809a08a0100ea08f90dab95b0e567e491f9a6,3.184
DSY1,detached,run_1813,random64,6.183853880457327,6.041757376136944,2.996197412195417,18.45093673997505,0.1269063653778326,0.2359317992988121,0.2993517751632163,0.0532381299634875,2.3671403541710943,0.2805814000617515,0.7751595903775934,0.0088623444481291,0.6776984175575665,0.513229652325849,combined,ok,4a42e6d213837cc4360160f786e6734298b9a2915efb4a197f3ad150c3140f01,f31a17333556b5e7ac80078ae88c99f08af5269d75a4603c4f0b36336349361c,0,9,0.3,3672,3285,1377,1.2254901960784315,1.2254901960784315,0.0,38.0,38.0,3,True,1.252723311546841,1.252723311546841,0.0,39.0,39.0,4,True,12,12,0,1.2527,39.0,33.915,4,True,56.6853,0.0,e6651bd4912703cff7cf556b45a2f7ae0967b8aaca767bb1efa6b84cdb0d49f2,3.332
DSY1,detached,run_1851,random64,9.203475309979774,8.126740176489259,2.515033518371454,173.65265235192354,0.3260689792526782,0.0885557723085899,0.2437944100102807,0.0742750911743195,4.731739904063382,0.5087623134456867,0.4327765286791063,0.0083422560500987,0.7721184990131026,0.1324354075633587,combined,ok,6f3275f3daad75d79cfadfb26aa5abee3322a32ce2c288577931d0258f058232,f31a17333556b5e7ac80078ae88c99f08af5269d75a4603c4f0b36336349361c,0,9,0.3,3672,3285,1377,1.6884531590413945,1.6884531590413945,0.0,46.0,46.0,8,True,1.6884531590413945,1.6884531590413945,0.0,48.0,48.0,8,True,13,13,0,1.6885,48.0,34.607,8,True,150.5645,0.0,41cf250f4ed9d02108dbc5dc5cd2c25326a5d50bd40dd4e4b203019229a28595,3.247
DSY1,detached,run_1864,random64,6.678309111984476,9.701169101100144,2.688116929277827,134.80691493465332,0.2652985821920491,0.20779816880664,0.234577135985692,0.1895076859779048,3.2922132632933643,0.4267807981359379,0.7891846397409084,0.0070545148468507,0.4021872024899956,0.3813972683369584,combined,ok,b9d5f0a69f5e8e225df3b2777ed5a2b928de87b4b37499d0366d0ad62bd7d89e,f31a17333556b5e7ac80078ae88c99f08af5269d75a4603c4f0b36336349361c,0,9,0.3,3672,3285,1377,1.5522875816993464,1.5522875816993464,0.0,42.0,42.0,6,True,1.5522875816993464,1.5522875816993464,0.0,46.0,46.0,7,True,16,16,0,1.5523,46.0,34.398,7,True,77.3344,0.0,2ab93dcee475fdd36b6cc4078d23ef2d6ea8e58f6823b29a0558b1bc1db9e4a8,3.418
DSY1,detached,run_1865,random64,8.82547862022751,9.753981614836256,2.7591122341658165,157.9041342237432,0.3438813786429799,0.2158546792043205,0.2138580906954928,0.0992738610007614,2.306245853937516,0.6386320518895993,0.8154346774417618,0.0093635246799744,0.2130728999901633,0.437296282659448,combined,ok,3bb3e2ef8c4924f81cc74caf885750680f1ce18ff3282153cd20a2449e91aa8c,f31a17333556b5e7ac80078ae88c99f08af5269d75a4603c4f0b36336349361c,0,9,0.3,3672,3285,1377,2.0969498910675384,2.0969498910675384,0.0,53.0,53.0,19,True,2.0697167755991286,2.0697167755991286,0.0,56.0,56.0,17,True,34,35,1,2.0969,56.0,35.024,19,True,83.207,0.0,f2ade8de3a3a77860ef54a49f196551175b552cefda9927761b7a9d12f0c194d,3.426
DSY1,detached,run_1866,random64,6.074547528578014,10.39441441632774,2.9074407631648413,29.82417569741127,0.3735980910175824,0.056916595305462,0.2253344693331766,0.0278639344015534,3.486301963586633,0.5140651187186196,0.6700640003904912,0.006735074923467,0.6647864729323955,0.2008978179182478,combined,ok,11deb0e7863f7b5c32a0c5f9f90c1a8e96dc63179a140a1e7d5932bbd5d36581,f31a17333556b5e7ac80078ae88c99f08af5269d75a4603c4f0b36336349361c,0,9,0.3,3672,3285,1377,1.8518518518518516,1.8518518518518516,0.0,53.0,53.0,18,True,1.8790849673202614,1.8790849673202614,0.0,55.0,55.0,18,True,16,16,0,1.8791,55.0,35.212,18,True,228.7918,0.0,7678bcc28cfd328290ff711afca773c345080723f7b2a320da873b4d77eb7529,3.335
DSY1,detached,run_1911,random64,9.625788696509844,8.99756568811846,2.6870274763916577,51.13562564563569,0.1036336243021498,0.2691032643035131,0.2909092323704428,0.0553225405296898,0.9451537467761352,0.213096661780196,0.6746484122958563,0.0027892586699717,0.3857168502796336,0.6987056326408935,combined,ok,73489494ccd1cccb3c6fc7fd1ce14fe700afdd3bf3b02264479531c30a019941,f31a17333556b5e7ac80078ae88c99f08af5269d75a4603c4f0b36336349361c,0,9,0.3,3672,3285,1377,0.9259259259259258,0.9259259259259258,0.0,28.0,28.0,0,False,1.0348583877995643,1.0348583877995643,0.0,32.0,32.0,1,True,13,13,0,1.0349,32.0,33.015,1,True,15.2653,0.0,ea7ed242134511cde1f9f290f5f5f3164577a61d4782a2b04119cdd45b494a99,3.389
DSY1,detached,run_1941,stress16,8.513957236747029,6.406912918790103,2.9573824657987817,227.30992581477113,0.3814391502066491,0.1130363137032005,0.3436613789388585,0.0360638430621394,3.8372150666790352,0.6925245091293201,0.8339536192169092,0.0057582855884426,0.5537019522177968,0.4107181886048088,combined,ok,a17ea3af6bc79103ae968b472c4017e0d24b1fbfc130c6bf7662be8733013baf,f31a17333556b5e7ac80078ae88c99f08af5269d75a4603c4f0b36336349361c,0,9,0.3,3672,3285,1377,2.369281045751634,2.369281045751634,0.0,59.0,59.0,27,True,2.287581699346405,2.287581699346405,0.0,60.0,60.0,28,True,19,19,0,2.3693,60.0,35.664,28,True,325.7183,0.0,343e905eed4c9f34d7a24bd3a628e170929575f79d9b29c01a012f2a7d01d1c4,3.559
DSY1,detached,run_1952,random64,6.90071229300299,6.937283565323205,2.560373385344838,346.0353191567952,0.2877198939545087,0.2888430195687625,0.1275638899296872,0.0713325995335073,4.595601180263259,0.2098584867753312,0.4525467845450036,0.0051246806394883,0.2908505919263405,0.91113436469536,combined,ok,68b3139eaebbbfb8175c31916627ec600c275b22eac4a41c05cbecd0e3894089,f31a17333556b5e7ac80078ae88c99f08af5269d75a4603c4f0b36336349361c,0,9,0.3,3672,3285,1377,1.171023965141612,1.171023965141612,0.0,37.0,37.0,3,True,1.252723311546841,1.252723311546841,0.0,39.0,39.0,3,True,10,10,0,1.2527,39.0,33.778,3,True,73.3701,0.0,fd6b2f3ecb13ab46057eead48ad44b84a1d447ac40eb05f91eb3e5d71fd32214,3.179
DSY1,semi,run_0000,stress16,8.290452087902889,9.418683364680744,2.7012424206240264,22.194473754769316,0.1796358733978168,0.0781535347590126,0.0281263147984265,0.1023603238909987,3.7187309613713815,0.2848874035155261,0.8851887605927302,0.0041794027925613,0.4679746472079719,0.7780886191933646,combined,ok,13f3813340826b9ac355e61fc32465edc2014b070dada062e5dd4bf2497b8e6c,f31a17333556b5e7ac80078ae88c99f08af5269d75a4603c4f0b36336349361c,0,9,0.3,3672,3285,1377,1.1165577342047932,1.1165577342047932,0.0,30.0,30.0,2,True,1.3344226579520697,1.3344226579520697,0.0,42.0,42.0,4,True,18,18,0,1.3344,42.0,33.805,4,True,50.2062,0.0,f364c3be3ab8c9f17bc4a8f22865256ad71b09ce034444da775fb82ceaf946fc,3.25
DSY1,semi,run_0015,random64,7.108611475128714,6.493256650172337,2.557740067304502,196.7752575852872,0.3508426889305577,0.0691978473194322,0.1775662031153719,0.1504932433886532,1.1382521186428864,0.3634006054515437,0.3251097153924657,0.0053423127877505,0.7756179975255327,0.2215221883714765,combined,ok,b65901d15ecde4e7f7fe8af0db62f05dffc08bd8694bcf2ab59252800f017dd7,f31a17333556b5e7ac80078ae88c99f08af5269d75a4603c4f0b36336349361c,0,9,0.3,3672,3285,1377,1.579520697167756,1.579520697167756,0.0,45.0,45.0,5,True,1.5522875816993464,1.5522875816993464,0.0,46.0,46.0,5,True,13,13,0,1.5795,46.0,34.458,5,True,204.4004,0.0,4c3cf033248aae785ad1687f6c3bc5f2f8674258ed66390bc5f3d7b16b1e82bc,2.58
DSY1,semi,run_0023,random64,8.817343277589991,7.85539369563051,2.609145431853368,18.96253427869918,0.1742793412258079,0.1120027552699704,0.044072150885244,0.1176076252166526,3.9736567243591487,0.2414493988517185,0.6054915605613544,0.0048067660451242,0.6942537640069445,0.341692810129729,combined,ok,0bbbc8fa9287b29b40d2d3094c84a021d06597d175c6931f62d65628d09dbf28,f31a17333556b5e7ac80078ae88c99f08af5269d75a4603c4f0b36336349361c,0,9,0.3,3672,3285,1377,1.1437908496732025,1.1437908496732025,0.0,31.0,31.0,2,True,1.1982570806100217,1.1982570806100217,0.0,37.0,37.0,3,True,12,12,0,1.1983,37.0,33.669,3,True,48.6994,0.0,6abe99f994c346fd2c93d38995bbf774bc191e2e56337873b3176cd17dda2263,3.11
DSY1,semi,run_0029,stress16,8.203432183124272,6.408489310261017,2.8640680741404387,300.7801611485146,0.150600147289584,0.0170107318727439,0.045297803381865,0.0140947818271048,0.8776391010432707,0.6886897929854896,0.5132570934374501,0.0061052277763261,0.1044806285204754,0.4880446808864345,combined,ok,0c3b08a73ce7706f5234ae6aafb809f64a08a1e43bb4e58156c4668b513cc55c,f31a17333556b5e7ac80078ae88c99f08af5269d75a4603c4f0b36336349361c,0,9,0.3,3672,3285,1377,1.715686274509804,1.715686274509804,0.0,41.0,41.0,3,True,1.7973856209150325,1.7973856209150325,0.0,47.0,47.0,6,True,51,51,0,1.7974,47.0,33.867,6,True,42.0742,0.0,00f75e70f633f68faafac782bc359906fd94df121142b9331672616b215300fa,3.199
DSY1,semi,run_0044,random64,6.030500032924129,7.408960521416061,2.7665628390675407,74.51262954714856,0.1781833985308706,0.2384489935374365,0.232027349722457,0.1662308275216616,3.706446374343945,0.2801471059994515,0.6879618953548321,0.0077865334940022,0.7588555884014518,0.4235989701065071,combined,ok,46cbfe469923bb36b9cc96f91aedb9481d28e65e3d41643be59c19047ed3d18d,f31a17333556b5e7ac80078ae88c99f08af5269d75a4603c4f0b36336349361c,0,9,0.3,3672,3285,1377,1.1165577342047932,1.1165577342047932,0.0,32.0,32.0,2,True,1.171023965141612,1.171023965141612,0.0,33.0,33.0,2,True,10,10,0,1.171,33.0,33.347,2,True,52.9937,0.0,008077c7405ea2ceaa22a578023929968c0bd25a9ce3312d89c0ba6d15f2827b,3.246
DSY1,semi,run_0063,random64,6.5621292372608675,6.65259707923012,2.866440977345775,291.8921029230811,0.2605908839526111,0.2904109892395112,0.2396360333811598,0.1130099666030276,4.144587096716162,0.654011275402036,0.4712269209763924,0.0014834559152219,0.54773627340295,0.5710594819740411,combined,ok,906fc5db3757f30442034af063e4944e45c005980fda95842a9b4c673a1f8f94,f31a17333556b5e7ac80078ae88c99f08af5269d75a4603c4f0b36336349361c,0,9,0.3,3672,3285,1377,1.715686274509804,1.715686274509804,0.0,49.0,49.0,9,True,1.715686274509804,1.715686274509804,0.0,51.0,51.0,9,True,17,17,0,1.7157,51.0,34.727,9,True,150.4041,0.0,5029684f2fdfd1fbf3c511671625dd57aadbfd4e80d8a8596423b45cfbd4733b,3.303
DSY1,semi,run_0092,random64,9.93309790699963,8.182296197308714,2.457461454626565,111.121424386233,0.215416840146493,0.1614784962457293,0.2067813187440635,0.1045840336851818,2.5155012564866768,0.5247084843418965,0.6042830658593564,0.0091103599680866,0.403724911359604,0.9002186637947126,combined,ok,4e94d59e626679af2d73021a77622ae7e3c4561c021b0e393361aa19a700b5d8,f31a17333556b5e7ac80078ae88c99f08af5269d75a4603c4f0b36336349361c,0,9,0.3,3672,3285,1377,1.2799564270152506,1.2799564270152506,0.0,35.0,35.0,2,True,1.3071895424836601,1.3071895424836601,0.0,36.0,36.0,2,True,16,16,0,1.3072,36.0,33.348,2,True,35.4067,0.0,8d5fc1c329b4072e82d34ed824c6692aaba4521bffe223608e76559fa4d3bed9,3.232
DSY1,semi,run_0095,random64,6.3624501841932375,11.842510228563462,2.491939053622874,295.7462251283733,0.2198554630131667,0.0400359318923531,0.1494445134899256,0.1850285440940413,4.185455890408224,0.5956563840158877,0.8831696681502195,0.0061710397040376,0.4456313827570233,0.3457178036598204,combined,ok,9ecd4684ba41c3c656841057d94b842a8c4473bbc21f17c033930255823fb120,f31a17333556b5e7ac80078ae88c99f08af5269d75a4603c4f0b36336349361c,0,9,0.3,3672,3285,1377,1.5250544662309369,1.5250544662309369,0.0,41.0,41.0,5,True,1.5522875816993464,1.5522875816993464,0.0,44.0,44.0,5,True,24,24,0,1.5523,44.0,34.24,5,True,48.7976,0.0,be8c663a624ed1f74d47347708b79dbb9792ebe8f7d8f0699003e83a43ea3dd8,3.324
DSY1,semi,run_0132,stress16,9.299175482807073,9.44472107084308,2.6246307962624016,120.97695746647544,0.359724968552603,0.1373453664935816,0.0250244188438973,0.1090851112819592,4.432529714102253,0.6489282768966091,0.8546248700739805,0.0100735542076731,0.2380461443404612,0.205503238738427,combined,ok,a16990ccf1eb7bc28d82ca6f412e723791539d8dfeb7ca1b8527b038c268f477,f31a17333556b5e7ac80078ae88c99f08af5269d75a4603c4f0b36336349361c,0,9,0.3,3672,3285,1377,1.7429193899782136,1.7429193899782136,0.0,49.0,49.0,9,True,1.8518518518518516,1.8518518518518516,0.0,54.0,54.0,13,True,30,30,0,1.8519,54.0,34.769,13,True,66.6797,0.0,8fb8348518407bda40e58979c0c6804641b5e680cbfc260d7ec1d7a5383f0e82,3.317
DSY1,semi,run_0169,random64,7.695473365435487,11.227744275625916,2.4943900256809504,33.74614022217156,0.1572306658104784,0.0421425997389778,0.1619378594004896,0.0133961689752927,3.577533400781542,0.3919625146305164,0.533438368709399,0.0108911883433449,0.1066031747510421,0.8986530703328954,combined,ok,41f96f7d63cd84d17cc8d7f2da965e22f19108edf62355220d6ec10f08eab5c8,f31a17333556b5e7ac80078ae88c99f08af5269d75a4603c4f0b36336349361c,0,9,0.3,3672,3285,1377,0.32679738562091504,0.32679738562091504,0.0,15.0,15.0,0,False,0.6808278867102396,0.6808278867102396,0.0,20.0,20.0,0,False,22,22,0,0.6808,20.0,31.674,0,False,33.3977,0.0,cb3fdcc19309a563d9869c6b0e5b202fb8596397e4d1eab27c9beb7d31a5dc81,3.259
DSY1,semi,run_0171,random64,7.494809621295749,11.22002626611558,2.7470227147731485,103.10589157010632,0.254781411116087,0.1019944879351144,0.3370655776713539,0.0445047342704688,4.389418546125397,0.6060268646263012,0.3276582681904973,0.005932140031043,0.3357054429082935,0.5638512940204532,combined,ok,cb5cc708dde195831dc0c5d34c47655118e21a2adbb6fbd73a995927b3ba3ecc,f31a17333556b5e7ac80078ae88c99f08af5269d75a4603c4f0b36336349361c,0,9,0.3,3672,3285,1377,1.3071895424836601,1.3071895424836601,0.0,35.0,35.0,2,True,1.3071895424836601,1.3071895424836601,0.0,36.0,36.0,2,True,14,14,0,1.3072,36.0,33.357,2,True,43.4888,0.0,38ce48f73327f6df99cbe59c163734f94e0cbbda5604d3e8f591c46264955d28,3.209
DSY1,semi,run_0172,random64,9.655340429240898,7.24820416689231,2.42469543122848,172.6245737256148,0.1639874631194922,0.1196870715518636,0.3172583437442636,0.1578098077295352,0.9402029258114942,0.4028680909098489,0.8765797877084602,0.0023588769593888,0.2060066547113198,0.3409010096267915,combined,ok,2aadd9657c18df040f4ee5887a6314209b716dc38ea0ee040707c7c81e399e5e,f31a17333556b5e7ac80078ae88c99f08af5269d75a4603c4f0b36336349361c,0,9,0.3,3672,3285,1377,1.171023965141612,1.171023965141612,0.0,34.0,34.0,2,True,1.252723311546841,1.252723311546841,0.0,38.0,38.0,2,True,22,22,0,1.2527,38.0,33.301,2,True,12.6884,0.0,753c07975076ebfe255b28ac5c4c616d791c124f4c67206fac1ef61291fa9293,3.293
DSY1,semi,run_0189,random64,8.854541179080801,10.452603750516715,2.9188006260871417,67.8876582569418,0.3641510351705923,0.0892540763860939,0.3097302387013971,0.1440692649228458,2.707948972652005,0.2832682627500669,0.6646816722211282,0.0103303899374604,0.1290129201750531,0.0948871124029668,combined,ok,e935f0f9d468b423625b7144b74363a4a320797ff8a923d72761850f64a7400a,f31a17333556b5e7ac80078ae88c99f08af5269d75a4603c4f0b36336349361c,0,9,0.3,3672,3285,1377,1.2254901960784315,1.2254901960784315,0.0,30.0,30.0,0,False,1.252723311546841,1.252723311546841,0.0,33.0,33.0,1,True,16,16,0,1.2527,33.0,33.067,1,True,38.5799,0.0,ffcdbbc01899f4871dff9bc6dca43442448dd16e3d93e2e473208eae6035f24f,3.265
DSY1,semi,run_0203,random64,7.977123523285825,8.285263931205199,2.712837171815562,89.35419205267758,0.1358151170477194,0.188340689716523,0.0697252800449031,0.1120892354037314,1.7190015052738117,0.5071421704296211,0.5490554865529775,0.0022577353970723,0.6310346873260598,0.5050302275796102,combined,ok,b17163c6716450b20d2a384a3b17b0e649508f94fe4f81567fe9cd441f49e032,f31a17333556b5e7ac80078ae88c99f08af5269d75a4603c4f0b36336349361c,0,9,0.3,3672,3285,1377,1.1165577342047932,1.1165577342047932,0.0,31.0,31.0,0,False,1.2254901960784315,1.2254901960784315,0.0,33.0,33.0,1,True,14,14,0,1.2255,33.0,32.983,1,True,37.8535,0.0,85a76153ae3989c1a7b0e9f4d4b5b0458d3c9d3ecfc35926635a450d80ac03d1,3.273
DSY1,semi,run_0208,random64,7.080933225138338,8.151979458855823,2.6146631258077835,109.77210266794091,0.1350633821387371,0.2826211130453059,0.3158693984636647,0.1010376581025481,1.0331012809233195,0.4004981292509733,0.7085516862951541,0.001430792206345,0.6109790032078951,0.401205105008072,combined,ok,e12be8f03a44a4ded77affc6baed422052b72cd9b2358dbd01218e26968ebef4,f31a17333556b5e7ac80078ae88c99f08af5269d75a4603c4f0b36336349361c,0,9,0.3,3672,3285,1377,1.0893246187363834,1.0893246187363834,0.0,31.0,31.0,0,False,1.171023965141612,1.171023965141612,0.0,34.0,34.0,2,True,13,13,0,1.171,34.0,33.114,2,True,40.3782,0.0,597a34ed951c436ab886a741322a5173d81658cf77f3e50fb3f167089e15cf9e,3.26
DSY1,semi,run_0239,stress16,8.966408949597819,7.177231125441284,2.4933678450716044,17.389312189459034,0.33924506984946,0.1909431656003543,0.2552562075773003,0.1590237503532047,0.8661594681833358,0.6951609206290856,0.8620318201574801,0.0106498566496832,0.1330127200193476,0.4051665189182183,combined,ok,5476ef5193f9350c719c088636d6787aabd0290ef23ebd7c591f8e439d0351c7,f31a17333556b5e7ac80078ae88c99f08af5269d75a4603c4f0b36336349361c,0,9,0.3,3672,3285,1377,2.696078431372549,2.696078431372549,0.0,47.0,47.0,10,True,3.1318082788671022,3.1318082788671022,0.0,50.0,50.0,11,True,85,200,115,3.1318,50.0,34.527,11,True,49.7101,0.0,9a68e27dc9ef4a8b90ae3960f8134ed876414e984aaf684de7fac1ef91d101bb,3.515
DSY1,semi,run_0241,stress16,8.986985502735077,6.370726990713231,2.8262969611987976,288.55522855132386,0.3577817612158999,0.1857466310998697,0.1900534041160908,0.1183127038015254,1.180262981894609,0.5586107918959073,0.4841391966636397,0.0026352311391234,0.7606078576767147,0.3295277351670737,combined,ok,974bb0dbe7d352819ea716b8cb2bce3e7eeef6b33581d96935f349219acfcaf1,f31a17333556b5e7ac80078ae88c99f08af5269d75a4603c4f0b36336349361c,0,9,0.3,3672,3285,1377,2.750544662309368,2.750544662309368,0.0,53.0,53.0,21,True,2.805010893246187,2.805010893246187,0.0,54.0,54.0,18,True,41,89,48,2.805,54.0,35.087,21,True,525.1031,0.0,d18100646e7f44aeb9d4a1349a4ea4cdd50694e3186a34bd6daae87bb5f040ca,3.502
DSY1,semi,run_0298,random64,8.332008660398749,7.514114819729058,2.5770632840161176,32.65999947584161,0.3675082359468328,0.2612870512859359,0.1947062270800404,0.092184612395228,2.2327759245070897,0.4154681534695688,0.4491901728869033,0.0031863362642622,0.2918284207024562,0.3945965827764047,combined,ok,b00381a7574649d8c5576862389bf71af5c03d6a4c54161ca1deb509054780c6,f31a17333556b5e7ac80078ae88c99f08af5269d75a4603c4f0b36336349361c,0,9,0.3,3672,3285,1377,1.4705882352941175,1.4705882352941175,0.0,39.0,39.0,5,True,1.4978213507625273,1.4978213507625273,0.0,40.0,40.0,5,True,15,15,0,1.4978,40.0,34.142,5,True,61.5346,0.0,4b1f77d7250d744b5a78975fb6853865a28bb0d0cc9f42d4b557821e305b9154,3.356
DSY1,semi,run_0302,random64,6.464886681198625,6.461232658039725,2.595607139740693,200.15410369855252,0.1048401522366748,0.0500529154312022,0.2464765860508568,0.138708672410398,1.0994929560158817,0.5957829612933677,0.6712389000184744,0.0114188958123249,0.5764259455075901,0.8590859386058312,combined,ok,d486c3714605f2981d5dae202a3174aa92dea0e825b4ebf7cb40486676415ba5,f31a17333556b5e7ac80078ae88c99f08af5269d75a4603c4f0b36336349361c,0,9,0.3,3672,3285,1377,1.252723311546841,1.252723311546841,0.0,38.0,38.0,3,True,1.3616557734204793,1.3616557734204793,0.0,41.0,41.0,4,True,19,19,0,1.3617,41.0,33.808,4,True,36.2093,0.0,ebb95683e829e393bff40b3c26b87c2824c609c3620a0a93c0715c170f97aa93,3.331
DSY1,semi,run_0421,random64,7.259944904757417,9.95766854175178,2.9168650187863294,194.2486599421907,0.3312206235671143,0.0946711362366577,0.2923395976811948,0.0428674051588782,2.175209421544923,0.3660505438690433,0.3166605386628426,0.005912152362126,0.7213775997545232,0.4076882356228147,combined,ok,27ab0476400e98048297f1e566c7c223e74ceb30b67d8b400b9dc00ad4d9e73a,f31a17333556b5e7ac80078ae88c99f08af5269d75a4603c4f0b36336349361c,0,9,0.3,3672,3285,1377,1.4978213507625273,1.4978213507625273,0.0,41.0,41.0,5,True,1.4978213507625273,1.4978213507625273,0.0,44.0,44.0,5,True,12,12,0,1.4978,44.0,34.313,5,True,86.2153,0.0,99d7516c2113a586a1020eb65e903a690b23adc072e432a649be6c896f826d68,3.218
DSY1,semi,run_0456,random64,7.235653346407408,11.709367776516928,2.5247172842449146,164.85689193046983,0.316903563356449,0.2724207622108091,0.0275777940548623,0.1306855280144903,4.841830387386058,0.3607166626987048,0.7357196636648353,0.0087398255812502,0.7615723805690275,0.6784222436994939,combined,ok,c540e9e6d72498d61888aacd3e51d85796be403b5223a411d0d8fcd619b2cd54,f31a17333556b5e7ac80078ae88c99f08af5269d75a4603c4f0b36336349361c,0,9,0.3,3672,3285,1377,1.252723311546841,1.252723311546841,0.0,38.0,38.0,3,True,1.3888888888888888,1.3888888888888888,0.0,42.0,42.0,5,True,13,13,0,1.3889,42.0,34.17,5,True,69.1566,0.0,50724f004a3031b6cfa27d716e37741642a306f50cd59892025cb52f07888626,3.225
DSY1,semi,run_0492,stress16,8.550782772522515,11.776115421222215,2.699213296519177,334.2020798495306,0.3999904372395374,0.0206995492983702,0.0607249068429463,0.0682232294671505,1.1214548050257498,0.6419965380885064,0.7204194426782291,0.0073087888941234,0.247223981405377,0.2972364509554138,combined,ok,9c4931b6222d41b9615bbde4706b92889fa43bf27317892c13200404b5741e2d,f31a17333556b5e7ac80078ae88c99f08af5269d75a4603c4f0b36336349361c,0,9,0.3,3672,3285,1377,1.9335511982570806,1.9335511982570806,0.0,50.0,50.0,9,True,1.9607843137254901,1.9607843137254901,0.0,53.0,53.0,13,True,38,47,9,1.9608,53.0,34.794,13,True,70.6097,0.0,534e27397f22ecc6df4b2bd6edbaa0e5ce5e62d27fcefb83af68bcd5f6e7d4f3,3.39
DSY1,semi,run_0499,random64,7.858804507830091,10.349836369453136,2.532898445475049,95.20960247737294,0.2105308086928702,0.2661776403887546,0.202952619776223,0.042630729895842,4.479626527348435,0.5735404220619731,0.7008795170704228,0.0036983473818156,0.1567476492121556,0.6596289751233395,combined,ok,340918f592b7c028c40a5673327047721a6ec8f199743c38020ec1f8b710a374,f31a17333556b5e7ac80078ae88c99f08af5269d75a4603c4f0b36336349361c,0,9,0.3,3672,3285,1377,1.1165577342047932,1.1165577342047932,0.0,26.0,26.0,0,False,1.252723311546841,1.252723311546841,0.0,29.0,29.0,0,False,17,17,0,1.2527,29.0,32.321,0,False,24.2749,0.0,bc39a0a5bf111eb533f16cbd7b4cc084d15f78210d7165e1966ecf53280b2505,3.355
DSY1,semi,run_0500,random64,9.82451369711319,10.845295277018504,2.7073204009582628,108.9848566026068,0.2404164756163604,0.2191691030494161,0.3170431197618952,0.1101248845957577,4.246097291116642,0.3146179268775989,0.8846779164318552,0.002952629013426,0.3985480745890861,0.6671409251817507,combined,ok,77f863fd384f01aceb8e4c6a4553375aa9b6e9b89e0c09dbae2065aa79c3cb46,f31a17333556b5e7ac80078ae88c99f08af5269d75a4603c4f0b36336349361c,0,9,0.3,3672,3285,1377,1.0348583877995643,1.0348583877995643,0.0,31.0,31.0,0,False,1.1437908496732025,1.1437908496732025,0.0,33.0,33.0,2,True,12,12,0,1.1438,33.0,33.078,2,True,32.4719,0.0,28bc60ddbbe0dd72296bf3c285c28eed67454dc71f31bd7005049403f5745e27,3.216
DSY1,semi,run_0628,stress16,9.72733840356107,7.8427669792229615,2.5924321527735392,359.8933269015914,0.3529783862372112,0.0761779621335445,0.3273904561993191,0.0824461595128538,3.4708268892998255,0.3251799736172571,0.3503616556392233,0.0015213312741712,0.7206263247604744,0.7182250817689112,combined,ok,4d8d7fa4f025b1bf734766bf2c330a08e43f34b7a5a8673de514e62644f07f20,f31a17333556b5e7ac80078ae88c99f08af5269d75a4603c4f0b36336349361c,0,9,0.3,3672,3285,1377,1.252723311546841,1.252723311546841,0.0,36.0,36.0,3,True,1.3071895424836601,1.3071895424836601,0.0,39.0,39.0,3,True,11,11,0,1.3072,39.0,33.895,3,True,61.8192,0.0,6f5130251325a4f6430c13dbb7eee655d8eb2f69cea9bc7a7ffce3d4d3eddd67,3.242
DSY1,semi,run_0745,random64,9.403992115334937,8.48512079989969,2.7038151450428907,145.5310132662222,0.2567053419094268,0.2898505421920269,0.0488499881238593,0.1014932783378585,1.1571722700731573,0.4833947498367663,0.8213087990653432,0.008725404304492,0.7657037313194129,0.8876906018863312,combined,ok,802919e9a252eef6a1ee5c5a7a8b1b70c9fb7765bf032241d8e372f8c96c1fd8,f31a17333556b5e7ac80078ae88c99f08af5269d75a4603c4f0b36336349361c,0,9,0.3,3672,3285,1377,1.3344226579520697,1.3344226579520697,0.0,39.0,39.0,5,True,1.443355119825708,1.443355119825708,0.0,43.0,43.0,6,True,17,17,0,1.4434,43.0,34.214,6,True,87.5384,0.0,aec13e6b5ffc2f3d769d376a7d4d0b31757f40d4687fa3aa985030b40ae7b0d6,3.31
DSY1,semi,run_0768,stress16,6.634637881940697,11.603463379949876,2.9452065682690702,7.656125949492523,0.3673240508605883,0.0703946751822334,0.0882239068606324,0.0721394554328508,0.8794108960838816,0.6853284584119119,0.8495356125752638,0.0109339718263157,0.2996274968959122,0.0483529411528591,combined,ok,ccd1d09d6dcb635a76babce35c9bb5b4024d11a79c1ff4ed9eb26ee335f13742,f31a17333556b5e7ac80078ae88c99f08af5269d75a4603c4f0b36336349361c,0,9,0.3,3672,3285,1377,2.1514161220043575,2.1514161220043575,0.0,48.0,48.0,11,True,2.369281045751634,2.369281045751634,0.0,53.0,53.0,17,True,53,90,37,2.3693,53.0,34.866,17,True,121.4444,0.0,982d41713937964b414a0aae829109041be8da242d0e74156903579d3e0f8f76,3.413
DSY1,semi,run_0785,random64,8.940781628092497,8.940854789499578,2.71333172432655,21.027453984889203,0.3107729422642821,0.2659499439488594,0.1570556761118805,0.0362424341838409,3.092059615457477,0.5972727377148599,0.3537591526886088,0.010305774523266,0.4150422534097331,0.1795157167910107,combined,ok,99829a6bac77df356ef347e18c005348b2f9d74cdc92f28ff311a54812e1be4c,f31a17333556b5e7ac80078ae88c99f08af5269d75a4603c4f0b36336349361c,0,9,0.3,3672,3285,1377,1.5250544662309369,1.5250544662309369,0.0,39.0,39.0,5,True,1.5522875816993464,1.5522875816993464,0.0,40.0,40.0,5,True,16,16,0,1.5523,40.0,34.182,5,True,67.4901,0.0,e3ed9f99ab80942431a3c92a0ff8c542f9374451a78c1840baac76728b688ba6,3.305
DSY1,semi,run_0788,random64,8.782009887322488,9.886407966385462,2.689241045237277,165.79600971047623,0.1806222296930827,0.0350189214807997,0.2624851560323494,0.0761344647472262,0.8504742135136384,0.5569179194726575,0.8553784108853641,0.0092759304403749,0.5281861664355341,0.2100976052058908,combined,ok,7e7124111c8d56256b95560dfaac20d3518fcc38f3e03dba92556013f812e403,f31a17333556b5e7ac80078ae88c99f08af5269d75a4603c4f0b36336349361c,0,9,0.3,3672,3285,1377,1.3616557734204793,1.3616557734204793,0.0,39.0,39.0,3,True,1.3616557734204793,1.3616557734204793,0.0,42.0,42.0,5,True,21,21,0,1.3617,42.0,33.92,5,True,38.6343,0.0,68d75745c660ea92097b15abdee59994bf9413b43a87b5c103a72638748da47b,3.28
DSY1,semi,run_0821,random64,8.168610103195812,6.295910082319626,2.44919521726831,83.16215592635217,0.1633699932395152,0.2793528873688088,0.3075031868920546,0.1071356027635634,4.694512503188105,0.3195967627738837,0.4662343120140395,0.0025933405746935,0.4004795609820039,0.9249981780019016,combined,ok,dbb30cf2db627c631836516b8dda563a35a8e8d10785e0d9bd7fa9f3b582daf3,f31a17333556b5e7ac80078ae88c99f08af5269d75a4603c4f0b36336349361c,0,9,0.3,3672,3285,1377,1.0620915032679739,1.0620915032679739,0.0,27.0,27.0,0,False,1.0893246187363834,1.0893246187363834,0.0,30.0,30.0,0,False,11,11,0,1.0893,30.0,32.621,0,False,35.4489,0.0,ca050bf800639b194fcc13906bff066e9b96625a535f869934d5cca0b86240f6,3.208
DSY1,semi,run_0833,random64,6.881397296298271,10.882836593895547,2.866583637518168,115.0820265960748,0.2101446861231999,0.1571910951166595,0.0991883520257245,0.1038913954908974,2.054872833294584,0.31784047548047,0.3619575529089111,0.0100872283500496,0.3785981589568508,0.1448921445221051,combined,ok,6bda909f17cc949132df99eaa012223ebbd9e802a1346ddcf8bf200c97316d43,f31a17333556b5e7ac80078ae88c99f08af5269d75a4603c4f0b36336349361c,0,9,0.3,3672,3285,1377,1.1165577342047932,1.1165577342047932,0.0,31.0,31.0,0,False,1.1437908496732025,1.1437908496732025,0.0,34.0,34.0,2,True,14,14,0,1.1438,34.0,33.165,2,True,34.0478,0.0,3eda39cb3e665088877f9809b298c41cd224c1443a5d4e5684714d20a1a1d955,3.139
DSY1,semi,run_0841,random64,8.367547204965499,7.256923551190713,2.9918995286847547,209.09780783784907,0.2412457505801208,0.2385274524029789,0.0999052231342154,0.0327496438192871,4.272186592040046,0.5573251812470255,0.5047083796199578,0.0034639552327845,0.6468288498143069,0.6883388060301502,combined,ok,bd7ee80dc0bea240360008b8804d60635c254564025cc774980b96eda07a5428,f31a17333556b5e7ac80078ae88c99f08af5269d75a4603c4f0b36336349361c,0,9,0.3,3672,3285,1377,1.4978213507625273,1.4978213507625273,0.0,40.0,40.0,5,True,1.5250544662309369,1.5250544662309369,0.0,43.0,43.0,5,True,14,14,0,1.5251,43.0,34.344,5,True,76.0063,0.0,fe7cea076653103eddafc282e417c24b608c04dc40fc531fadf5b0a57ed668e8,3.219
DSY1,semi,run_0844,random64,8.746712419323499,8.255288205551997,2.8301858731668736,119.6183960439886,0.1994819192503905,0.27254785547391,0.0411225287078061,0.1609877938402135,1.483139363161183,0.3044285647779056,0.8800589857851471,0.0064660006290998,0.7491636968151721,0.9819550749784538,combined,ok,9550cca16febbbf8175b88dc3e4c4e69aed560b0fdda5874f594fe96587c813c,f31a17333556b5e7ac80078ae88c99f08af5269d75a4603c4f0b36336349361c,0,9,0.3,3672,3285,1377,1.171023965141612,1.171023965141612,0.0,36.0,36.0,2,True,1.3071895424836601,1.3071895424836601,0.0,40.0,40.0,4,True,16,16,0,1.3072,40.0,33.816,4,True,52.9364,0.0,fdf31fc88480089133a5df79dd8dff83b3195122e0b1001b5ab425052812a7bc,3.294
DSY1,semi,run_0887,random64,9.484724765067508,11.174464591770498,2.414911442203662,229.80644996404757,0.2796275305540545,0.0758284244041909,0.2896741830836959,0.1751072335090888,1.6995338270119895,0.3107776781053267,0.4257006634020504,0.0114970329370951,0.491908950611397,0.9890734482016346,combined,ok,e3bd64af875345780ec302567633a5acd11f9da7c2b59f30a7ac72e3e99a012d,f31a17333556b5e7ac80078ae88c99f08af5269d75a4603c4f0b36336349361c,0,9,0.3,3672,3285,1377,1.171023965141612,1.171023965141612,0.0,37.0,37.0,3,True,1.1982570806100217,1.1982570806100217,0.0,38.0,38.0,3,True,14,14,0,1.1983,38.0,33.697,3,True,31.6436,0.0,067a55a81afe597962c0a96a40733afabf36efa1cd467765c69173e7668cb81d,3.257
DSY1,semi,run_1025,stress16,6.001988515451892,8.013747343359917,2.712128069948224,187.7230485160186,0.3988100711297681,0.0143824485162627,0.2716513893534522,0.0592134160641791,2.773734982619098,0.4008863300303726,0.4244523072802022,0.0086936739506271,0.2466612679915689,0.5322139386093038,combined,ok,f8a4a27b8217da4cf30d99643f2616ac583e6c5a25203400985383528ca23c12,f31a17333556b5e7ac80078ae88c99f08af5269d75a4603c4f0b36336349361c,0,9,0.3,3672,3285,1377,1.6067538126361656,1.6067538126361656,0.0,47.0,47.0,5,True,1.579520697167756,1.579520697167756,0.0,48.0,48.0,6,True,17,17,0,1.6068,48.0,34.454,6,True,68.8626,0.0,b5e25685c820afac4ad198fb598c5e041eaa2e967ccbd0aaf9da5be938fadf43,3.206
DSY1,semi,run_1083,random64,8.454517480509306,7.606900202320765,2.5501477925335045,241.34481889977465,0.2891208841498976,0.1515706845674109,0.1605073890215713,0.1607015551309144,1.101558526110067,0.2140821822715956,0.8767854811568954,0.0117808467129899,0.4181305553407746,0.979553351344094,combined,ok,0058cc5c75fb001d695d4c0b3c93fe46141776d9be886a0411a0021418db3cd1,f31a17333556b5e7ac80078ae88c99f08af5269d75a4603c4f0b36336349361c,0,9,0.3,3672,3285,1377,1.1982570806100217,1.1982570806100217,0.0,38.0,38.0,3,True,1.3071895424836601,1.3071895424836601,0.0,39.0,39.0,4,True,15,15,0,1.3072,39.0,33.857,4,True,41.7225,0.0,de8d31d52fe711e176f3c281615b157ecc9a9ba4fbd30c11eff0455e30a595e4,3.298
DSY1,semi,run_1093,random64,8.002380628505447,10.166259736812894,2.8796333119979427,171.23898423952662,0.100090185215434,0.0543938555226989,0.0270087812313298,0.0755226196018769,1.8235443611211988,0.386033384594613,0.8407906551118343,0.0050274494110316,0.354654458456868,0.9837284633011107,combined,ok,dc179be44778cb5c39888fcd3001df5fea7b025b681d024b62bb5cde7209f37a,f31a17333556b5e7ac80078ae88c99f08af5269d75a4603c4f0b36336349361c,0,9,0.3,3672,3285,1377,0.9531590413943355,0.9531590413943355,0.0,29.0,29.0,0,False,1.3071895424836601,1.3071895424836601,0.0,42.0,42.0,3,True,27,27,0,1.3072,42.0,33.562,3,True,39.4543,0.0,4bd3f794366655c14a1bfcec029d0a718cd91882d8e4d0b61a25413299ed1540,3.194
DSY1,semi,run_1130,random64,9.188456848978468,11.639043127509634,2.559744911138821,29.410840417817724,0.1117948532135704,0.2858457406091068,0.2595794543528447,0.1999165833637279,1.1743911222239498,0.471472375004214,0.5367601190449024,0.0117616437190273,0.2970725510522888,0.433698314360111,combined,ok,1d418c9088927d17a113ffeb02fc2ea41289bcabfacc1031c3191828af53902f,f31a17333556b5e7ac80078ae88c99f08af5269d75a4603c4f0b36336349361c,0,9,0.3,3672,3285,1377,0.8442265795206972,0.8442265795206972,0.0,23.0,23.0,0,False,0.8986928104575163,0.8986928104575163,0.0,26.0,26.0,0,False,18,18,0,0.8987,26.0,32.416,0,False,8.4576,0.0,122c2d79f9c0293bae44c5ac0e264a61da5e83b6341f60469d09044918f50bb2,3.318
DSY1,semi,run_1192,random64,6.574979979831511,11.394826702694091,2.6678524442714378,83.01673689334608,0.3565625542057532,0.2467632876240327,0.0518339126921443,0.087289463380345,1.2028290993735582,0.4784511509089152,0.6693643480800702,0.0064013535611167,0.4547676125272111,0.8704605859623464,combined,ok,61aeabad89f1aed1f839bdaeebc498fb9b0de1b222fc42c40c204a375d3a4de9,f31a17333556b5e7ac80078ae88c99f08af5269d75a4603c4f0b36336349361c,0,9,0.3,3672,3285,1377,1.3344226579520697,1.3344226579520697,0.0,38.0,38.0,2,True,1.4705882352941175,1.4705882352941175,0.0,41.0,41.0,4,True,17,17,0,1.4706,41.0,33.786,4,True,84.4052,0.0,7c49a9abec595b8c1d1d7b774813b6cbc533af911d3798d584f005ec32b907bc,3.274
DSY1,semi,run_1197,random64,9.55307660622851,10.935446202367611,2.651431698797591,89.14333515226049,0.2043520540065082,0.2592494770209894,0.0576746329066228,0.0781157588360924,2.1857332563991227,0.2060785959940542,0.5149724560393532,0.0076651831377733,0.6733006645411621,0.4720333855727691,combined,ok,2d5fed0adcd3d6bb26cd445658d58863fe4c44aa40e0e2a0be5f9b412853e753,f31a17333556b5e7ac80078ae88c99f08af5269d75a4603c4f0b36336349361c,0,9,0.3,3672,3285,1377,0.9531590413943355,0.9531590413943355,0.0,26.0,26.0,0,False,1.0893246187363834,1.0893246187363834,0.0,30.0,30.0,0,False,12,12,0,1.0893,30.0,32.783,0,False,33.8329,0.0,17517d2601a76f70188c34e1a5bb65d05f8a52701a68fdb717593ebf2784a7ad,3.387
DSY1,semi,run_1199,stress16,8.893313295309667,6.752916196560016,2.775376919971335,90.13627347871588,0.1083033134047148,0.1785539237225437,0.0601924888116002,0.0886989224971885,1.0127404186376616,0.4736069389205135,0.8365327423703692,0.0052546015723922,0.7998494879171348,0.7537545170074853,combined,ok,f193afb4a2128a117bac4557ee8e0fca3ac5c9e9bed87f472022622649903251,f31a17333556b5e7ac80078ae88c99f08af5269d75a4603c4f0b36336349361c,0,9,0.3,3672,3285,1377,1.1165577342047932,1.1165577342047932,0.0,31.0,31.0,0,False,1.252723311546841,1.252723311546841,0.0,33.0,33.0,2,True,16,16,0,1.2527,33.0,33.215,2,True,43.4393,0.0,7d129f2ae4e945b72b0579d19b2069b58b52b28fb79f16bbec064d433b5036aa,3.344
DSY1,semi,run_1207,random64,9.168130791502008,9.004696072729846,2.8115599835956373,142.9180739985565,0.1284202723692254,0.1867752178704292,0.3348439656423181,0.1317711005700411,2.4118781979192816,0.4565266167997619,0.610364497850469,0.004851525079017,0.1978381158264388,0.9603135205592784,combined,ok,2fbc7c0aabf003e70b2987da505b3fa015df0647450385dad2347aeb890aed1b,f31a17333556b5e7ac80078ae88c99f08af5269d75a4603c4f0b36336349361c,0,9,0.3,3672,3285,1377,0.8986928104575163,0.8986928104575163,0.0,26.0,26.0,0,False,1.0076252723311547,1.0076252723311547,0.0,30.0,30.0,0,False,19,19,0,1.0076,30.0,32.611,0,False,12.2026,0.0,ffb34380c5b05cdb435df0252ee71b3cb14d5b2d3d1931de8deb12c8df6f2e6b,3.263
DSY1,semi,run_1209,random64,8.118074804521358,11.978193458414612,2.9036564697751355,244.9524063171716,0.3754156589993933,0.1220701597070463,0.1432447265725567,0.0531746170798,1.5295117539422654,0.5948510668405462,0.606964077683358,0.0056553556870505,0.480152133711234,0.6399576848879639,combined,ok,778c7f2c492eb0c007374095d5eea77b6e92695013c7461cbbc08ccdadc91ff2,f31a17333556b5e7ac80078ae88c99f08af5269d75a4603c4f0b36336349361c,0,9,0.3,3672,3285,1377,1.8790849673202614,1.8790849673202614,0.0,50.0,50.0,8,True,1.9607843137254901,1.9607843137254901,0.0,51.0,51.0,8,True,27,29,2,1.9608,51.0,34.729,8,True,150.6658,0.0,6037af19f97d8e941250f0b8f70e290ed5edc9b4eea044c2c805ebdbde2dd838,3.299
DSY1,semi,run_1214,stress16,7.588108618860515,7.752734140780623,2.826539668699661,130.3981801828211,0.3484607578703986,0.1342467316483606,0.1687813557233073,0.1611491128809359,1.000533177193956,0.6979521394451516,0.3042607275737717,0.007184911846836,0.7742265557708546,0.5938512492331808,combined,ok,4a60fedb7bd451bef2d3485b49cafd8b95676b13d9557366a025587c1c0ef36e,f31a17333556b5e7ac80078ae88c99f08af5269d75a4603c4f0b36336349361c,0,9,0.3,3672,3285,1377,2.64161220043573,2.64161220043573,0.0,50.0,50.0,12,True,2.559912854030501,2.559912854030501,0.0,50.0,50.0,11,True,35,38,3,2.6416,50.0,34.832,12,True,369.5521,0.0,57d2c30967cb886d6285fc2bcc599d6d2ad41485e511afa57427bee4fdf64807,3.426
DSY1,semi,run_1248,random64,9.06874655668104,6.39714339888123,2.4388587665273502,227.04203511645017,0.300438463458426,0.1826052445691555,0.3125340008743582,0.017922370396233,1.828155892567156,0.634732281708217,0.5900520904862452,0.0086471631277632,0.744025489137654,0.0859871297257144,combined,ok,6ef6ad64afaf9eb433c25522e48dd46458f36539af474c7e91b7a9940bcc5342,f31a17333556b5e7ac80078ae88c99f08af5269d75a4603c4f0b36336349361c,0,9,0.3,3672,3285,1377,1.9335511982570806,1.9335511982570806,0.0,48.0,48.0,8,True,2.1514161220043575,2.1514161220043575,0.0,50.0,50.0,9,True,25,26,1,2.1514,50.0,34.788,9,True,276.9161,0.0,f5b9300d6d6b4d5d3c7b46ada1bd4085c7d1bc06454826da51c84409b89005ff,3.345
DSY1,semi,run_1268,random64,8.672107632349496,6.077241426467557,2.800377196115221,248.79991969356283,0.3247953487491061,0.0219064414200164,0.0826480006959761,0.1562970222400376,2.814679622664271,0.6718729366355661,0.6906200825760328,0.0011846727722075,0.1220025434097146,0.2148351272313768,combined,ok,36b93efd4a735c7d7c93cca83fb658846eb6a0da2f4398da91e997763406a85c,f31a17333556b5e7ac80078ae88c99f08af5269d75a4603c4f0b36336349361c,0,9,0.3,3672,3285,1377,2.5326797385620914,2.5326797385620914,0.0,63.0,63.0,29,True,2.342047930283224,2.342047930283224,0.0,63.0,63.0,28,True,54,56,2,2.5327,63.0,35.303,29,True,57.2056,0.0,77b2884f35f2a13b2c03624d4665fae1e29a1ee2243497005c38f94f642ed050,3.282
DSY1,semi,run_1274,random64,6.241960005906613,10.399629191334888,2.8831521889224567,182.0303542420824,0.3893387920102038,0.2765961269867158,0.2263723592999344,0.0811994462666564,1.6006253230049623,0.428158997554932,0.6483239736954343,0.0098985746010797,0.660318092457969,0.5707357570475454,combined,ok,fecce5c390fa63c9d48260f4df75698441233206f3fb08e4f23865726554c2d8,f31a17333556b5e7ac80078ae88c99f08af5269d75a4603c4f0b36336349361c,0,9,0.3,3672,3285,1377,1.6067538126361656,1.6067538126361656,0.0,45.0,45.0,5,True,1.6339869281045754,1.6339869281045754,0.0,48.0,48.0,6,True,15,15,0,1.634,48.0,34.49,6,True,158.1148,0.0,b42d16abd9c1434e88fb6fd14d723c82e4d4bac8a0f21104a1f6791be9c1c7bf,3.438
DSY1,semi,run_1295,random64,9.700875846736846,11.393976617728896,2.625245447765509,15.055808046872396,0.1106551028886222,0.1052395899485283,0.0428257154219093,0.0339409350855904,4.282889671851096,0.2731703980561324,0.697609692323854,0.0071462703374351,0.7016648928179255,0.864958402476004,combined,ok,68497fc9b500ebefe12fea27cc3f4b9ba9d265050b5119d6d5f3f84ddbaa73c4,f31a17333556b5e7ac80078ae88c99f08af5269d75a4603c4f0b36336349361c,0,9,0.3,3672,3285,1377,0.7625272331154684,0.7625272331154684,0.0,28.0,28.0,0,False,1.0893246187363834,1.0893246187363834,0.0,32.0,32.0,2,True,16,16,0,1.0893,32.0,33.253,2,True,34.1287,0.0,dee57a9783f266d803f3be752d8c3211ca7b4c4714a6f2967dbd6bd1d477e8b2,3.133
DSY1,semi,run_1311,random64,9.165362455102658,7.340987815898325,2.8133939339727108,305.0567196793675,0.1889324964091247,0.0323126599434309,0.1588020548110891,0.026092481744294,1.1716059785701818,0.6238515161870499,0.5930562544217899,0.0094844252584585,0.5560536106491164,0.7347389973183898,combined,ok,9168bd5b4101815a42fe8ce2f699c662459bb3099f078dc39d01102d924a3ac6,f31a17333556b5e7ac80078ae88c99f08af5269d75a4603c4f0b36336349361c,0,9,0.3,3672,3285,1377,1.4705882352941175,1.4705882352941175,0.0,39.0,39.0,5,True,1.4978213507625273,1.4978213507625273,0.0,44.0,44.0,5,True,21,21,0,1.4978,44.0,34.223,5,True,63.3305,0.0,6497a5aa6e6628e5ec6901d48a5d7348b43e2a3726fbfc354bb7aff2385fde71,3.246
DSY1,semi,run_1388,random64,9.678814831103882,8.915890074047772,2.800541899467576,218.74280184445405,0.1098036268680505,0.2727958848646888,0.3439519392324434,0.136424623817726,2.406438737900367,0.2924614656342366,0.358399055620711,0.0107980260130701,0.4314042170048758,0.6522212139098633,combined,ok,7d4001240677426d618f8d4530c0d5033a42bdc2a02731df41448bc876dfbebb,f31a17333556b5e7ac80078ae88c99f08af5269d75a4603c4f0b36336349361c,0,9,0.3,3672,3285,1377,1.0076252723311547,1.0076252723311547,0.0,29.0,29.0,1,True,1.0348583877995643,1.0348583877995643,0.0,32.0,32.0,2,True,14,14,0,1.0349,32.0,33.186,2,True,14.0757,0.0,21cc21ca51e3023a4e5b98dfd5066fce6820dea7ecd637a875b625b353f54e09,3.295
DSY1,semi,run_1391,random64,9.65754037174086,7.371418965081008,2.4723911477589064,245.60981709998856,0.1947631756497077,0.2039411843608119,0.1074218120281111,0.0162622533962714,4.722810987580656,0.4500350593640352,0.4151046102651455,0.0083872118280736,0.1148113999145338,0.1106668227864503,combined,ok,7d88114f875f35c137433ec6fad7ea0372129a65f66948e943f1d589de6c5eb1,f31a17333556b5e7ac80078ae88c99f08af5269d75a4603c4f0b36336349361c,0,9,0.3,3672,3285,1377,1.2799564270152506,1.2799564270152506,0.0,32.0,32.0,0,False,1.3888888888888888,1.3888888888888888,0.0,38.0,38.0,2,True,25,25,0,1.3889,38.0,33.222,2,True,28.2185,0.0,2c6f226b9174c9198086b5a9b577223c4178ec2934e16e7f33255a245a8a3555,3.195
DSY1,semi,run_1416,stress16,7.611423563474337,8.698251521688531,2.426406411760429,121.28644403903304,0.2515937716162215,0.0800541981528088,0.2307818781610998,0.0347059324643584,3.835273389438587,0.5544241075079898,0.5745584674183433,0.0058908240493479,0.1000232333706224,0.4592619165338935,combined,ok,baa5912c06e26c2a872c0dc1d3767ff2cf22da352243a37492f9d041d871af80,f31a17333556b5e7ac80078ae88c99f08af5269d75a4603c4f0b36336349361c,0,9,0.3,3672,3285,1377,1.3616557734204793,1.3616557734204793,0.0,34.0,34.0,0,False,1.4161220043572984,1.4161220043572984,0.0,39.0,39.0,1,True,27,27,0,1.4161,39.0,33.013,1,True,32.2181,0.0,9b847f7a607ec80cdbee95d168de427b27d347bfb6e44211a3a0fc610f8ba224,3.287
DSY1,semi,run_1434,random64,9.159539081356815,6.688059520298238,2.9750873857625546,146.8680349805886,0.109342487245402,0.2408929006163872,0.3256769736107116,0.1251180578113211,1.4006317331367033,0.4093604062094604,0.6924091355483194,0.0058060970619586,0.7515582151715556,0.0608321572405057,combined,ok,99b3b4bfa6e01fa98afa67f23a78622cdc9c1451d561ec564545ef77e02a8afa,f31a17333556b5e7ac80078ae88c99f08af5269d75a4603c4f0b36336349361c,0,9,0.3,3672,3285,1377,1.171023965141612,1.171023965141612,0.0,36.0,36.0,2,True,1.1982570806100217,1.1982570806100217,0.0,38.0,38.0,3,True,13,13,0,1.1983,38.0,33.607,3,True,35.1637,0.0,f87a86c0117ce1a09a51cc9981d6ae7951bb1f7e7a759990d26affeda431024a,3.315
DSY1,semi,run_1476,random64,8.896156594940386,11.970459088733485,2.620502673500708,170.28638121673248,0.269002831698218,0.1073848132959912,0.2221615330765761,0.0858084946392574,2.270012833340684,0.6822472892294835,0.5392405542224693,0.0094663221482832,0.4521300487922157,0.0581779318396109,combined,ok,747f72cf65f9d9b7a48e2a6dda2451dcd11a0eff968197bb6cca975f042a9065,f31a17333556b5e7ac80078ae88c99f08af5269d75a4603c4f0b36336349361c,0,9,0.3,3672,3285,1377,1.579520697167756,1.579520697167756,0.0,44.0,44.0,5,True,1.5522875816993464,1.5522875816993464,0.0,48.0,48.0,5,True,22,22,0,1.5795,48.0,34.222,5,True,54.3717,0.0,694082fd26a5fc828a1818ce1b12705fd6ed1de6076cd719f47e591430dae45f,3.333
DSY1,semi,run_1497,random64,7.421317417293777,10.6593604485645,2.9548445771602987,261.1277326472027,0.2244213548236318,0.2418386953001862,0.2465311795559595,0.0147862579323263,2.8483385115597724,0.4803905389117479,0.4721117267540718,0.0077261404064099,0.4160685386235552,0.2127917230392205,combined,ok,1042d5dad2bb0a31a6b7a56eb8f6b7a46bf8a98af05ad05c21cebd9b8a8438a5,f31a17333556b5e7ac80078ae88c99f08af5269d75a4603c4f0b36336349361c,0,9,0.3,3672,3285,1377,1.4705882352941175,1.4705882352941175,0.0,39.0,39.0,5,True,1.4705882352941175,1.4705882352941175,0.0,42.0,42.0,5,True,17,17,0,1.4706,42.0,34.144,5,True,40.8016,0.0,6678e3d9e2daad31b3c69051d624b15c302ec02e5588a5fb963cbcb19f789c11,3.288
DSY1,semi,run_1506,stress16,6.2866920665226385,7.327960484063865,2.5822380381929033,189.673299274303,0.3538022528888858,0.2874668373726368,0.1967792742001886,0.1471820880565589,0.8240748358340548,0.6355675011074757,0.8989283259639178,0.0069614963780197,0.553966653681584,0.1297716817744924,combined,ok,35b1b6a6c1cf2e5458a2ee9e3ccd152f9926d08dcc802070467d1421fc3e1499,f31a17333556b5e7ac80078ae88c99f08af5269d75a4603c4f0b36336349361c,0,9,0.3,3672,3285,1377,2.968409586056645,2.968409586056645,0.0,53.0,53.0,13,True,3.213507625272331,3.213507625272331,0.0,57.0,57.0,14,True,57,152,95,3.2135,57.0,35.124,14,True,370.2329,0.0,e18ef1231de7014d9ae2ff8e15696f30f07863e1bfcbdbaaaf873b3363eda7e4,3.546
DSY1,semi,run_1521,stress16,9.012734726045109,9.28296620531424,2.915879467533671,0.136299530314857,0.3824926050117646,0.1021758966296917,0.2940879731173014,0.1904610869987471,1.664067808950167,0.4572585928006668,0.8515223334861499,0.0062513542391962,0.5638087322452537,0.6878542590040975,combined,ok,2d1be3798b41b74a2396a6d14ce16b97e72272be485344cf3f5b8753ed7ca929,f31a17333556b5e7ac80078ae88c99f08af5269d75a4603c4f0b36336349361c,0,9,0.3,3672,3285,1377,1.4978213507625273,1.4978213507625273,0.0,40.0,40.0,5,True,1.579520697167756,1.579520697167756,0.0,42.0,42.0,5,True,15,15,0,1.5795,42.0,34.302,5,True,139.3663,0.0,016d8906861832717e5b32beab5f2d0bb48b07b5825f6e2d20a8142d2e9ac7d7,3.413
DSY1,semi,run_1525,random64,6.457818039323073,8.809230062809032,2.562716674463898,49.7482730803186,0.2403944250818863,0.2846260247543987,0.3217419947342414,0.1387539273115936,1.7741620338632282,0.2609813408015647,0.5792514428957727,0.0024585619456096,0.2421969198902897,0.8231806734055043,combined,ok,4ba33d1221d0e76852edca357542bf1e5856147af7cb94d9c85c89028806bc6d,f31a17333556b5e7ac80078ae88c99f08af5269d75a4603c4f0b36336349361c,0,9,0.3,3672,3285,1377,1.1165577342047932,1.1165577342047932,0.0,29.0,29.0,0,False,1.1437908496732025,1.1437908496732025,0.0,31.0,31.0,1,True,14,14,0,1.1438,31.0,32.989,1,True,24.3003,0.0,bd91d6e44952e6861ea9043beb5128401d104af1bda80941dc999ec666c716f6,3.3
DSY1,semi,run_1560,random64,8.618546381821407,6.051034448405187,2.563634775254617,139.91787914607664,0.3728893152141903,0.0570155616799874,0.2154460301853953,0.1479278899395301,4.058721782989339,0.6659321263772808,0.7110283895432115,0.0073155256822709,0.1839498514363129,0.1617868224834594,combined,ok,bce9fc23cae590cd996a639f8520f13d44e8ef54979c74d9be6303d137ec6bfb,f31a17333556b5e7ac80078ae88c99f08af5269d75a4603c4f0b36336349361c,0,9,0.3,3672,3285,1377,2.0969498910675384,2.0969498910675384,0.0,58.0,58.0,16,True,1.9880174291938997,1.9880174291938997,0.0,58.0,58.0,13,True,32,32,0,2.0969,58.0,35.029,16,True,73.1066,0.0,95533b357e26ced209285b933fc60b21fc2a52ae608c5eb19ec84a3a62c0416e,3.308
DSY1,semi,run_1586,random64,7.747757047886595,11.109613081305676,2.9866762545648577,108.774751399816,0.1181454529476654,0.1724322000054217,0.293250208478728,0.0738549335860083,1.3729096971837715,0.6260524756906012,0.790159768280496,0.0036748512051892,0.4427272594461767,0.8603068835744438,combined,ok,4bf67a2e739190f9851e657a1e849c7051f6d7e72d7af6ab0f59e5b2acb52480,f31a17333556b5e7ac80078ae88c99f08af5269d75a4603c4f0b36336349361c,0,9,0.3,3672,3285,1377,1.0348583877995643,1.0348583877995643,0.0,29.0,29.0,0,False,1.171023965141612,1.171023965141612,0.0,31.0,31.0,0,False,16,16,0,1.171,31.0,32.796,0,False,19.6471,0.0,89a811e9a025817e3b4707884b31b2e696f8c65091d59735c2b9917b20f0d4f1,3.328
DSY1,semi,run_1590,random64,7.984975108428764,7.272084694858215,2.9967721614941327,16.420420319362826,0.374850431931708,0.2382439942207673,0.1776304878605744,0.1160904554759672,4.877151087201141,0.6916489142509208,0.5069503827545674,0.0011912769261439,0.3291501951241186,0.2604131781675038,combined,ok,920dacdba3ef6ff1e3f303423777f1958b91252f5f4cd7c6bbb88ccc0b996b23,f31a17333556b5e7ac80078ae88c99f08af5269d75a4603c4f0b36336349361c,0,9,0.3,3672,3285,1377,1.8790849673202614,1.8790849673202614,0.0,48.0,48.0,13,True,1.8790849673202614,1.8790849673202614,0.0,50.0,50.0,13,True,17,17,0,1.8791,50.0,34.877,13,True,112.2231,0.0,7e4c73d47d516047dfee72c3a4c34b57f25f3ec94c67ebdda7eb7604516b33e7,3.316
DSY1,semi,run_1644,random64,6.39767913222991,11.797192158414513,2.8741057290164034,172.93019711264748,0.2443328744309624,0.252661328529406,0.2135477168394144,0.1397092179377648,1.093053406242568,0.5224268206844807,0.6239387086788434,0.0026953973078216,0.5019253197830181,0.9038595290358232,combined,ok,3094fc789dbd886e0e5e9e917d862a19aa4231ebceda7f365e5f9bdbd90be582,f31a17333556b5e7ac80078ae88c99f08af5269d75a4603c4f0b36336349361c,0,9,0.3,3672,3285,1377,1.3888888888888888,1.3888888888888888,0.0,39.0,39.0,5,True,1.443355119825708,1.443355119825708,0.0,41.0,41.0,5,True,16,16,0,1.4434,41.0,33.989,5,True,73.0605,0.0,df3fe3fd6a9516759662cad150c07bec720cbd4c7b1671a350eb1bdf28adfd28,3.394
DSY1,semi,run_1646,random64,7.704557801580717,7.128280265544657,2.985540612715578,90.2906293972771,0.2105791800179474,0.0205307922429049,0.2339133981377427,0.0889463263478779,3.2049811873074887,0.2345347956220673,0.7570779081491665,0.0090267774481236,0.1607423062503069,0.6682748532100452,combined,ok,d085d4aac9538a8f438fb769087f78785b7b0042fe9ad79cf66e98854cdc58f5,f31a17333556b5e7ac80078ae88c99f08af5269d75a4603c4f0b36336349361c,0,9,0.3,3672,3285,1377,1.0893246187363834,1.0893246187363834,0.0,27.0,27.0,0,False,1.1982570806100217,1.1982570806100217,0.0,31.0,31.0,0,False,16,16,0,1.1983,31.0,32.51,0,False,70.8862,0.0,c4bb8d9e42b91703a134cb1219e20b85d326c2386aac7397f5d661e1621c9baf,3.239
DSY1,semi,run_1649,random64,9.736147602912038,10.293830928868562,2.662571832425947,261.8578276782381,0.3568398205583376,0.1736460837266733,0.0292153490257981,0.1395424927110858,3.027824367046392,0.3485365751342671,0.5736479117806575,0.0093034189208943,0.1802858271940285,0.2413181201408213,combined,ok,5172079c75357a2ef6e4b52a6e8f8dcd651f02ff53b47ad7b77366a3c2f8bf44,f31a17333556b5e7ac80078ae88c99f08af5269d75a4603c4f0b36336349361c,0,9,0.3,3672,3285,1377,1.4978213507625273,1.4978213507625273,0.0,41.0,41.0,5,True,1.6067538126361656,1.6067538126361656,0.0,44.0,44.0,6,True,24,24,0,1.6068,44.0,34.219,6,True,42.6967,0.0,6c8de9107aa2c2fd65b43553b2a1268126ffa5bc87146a418e578b62deb1244f,3.26
DSY1,semi,run_1739,random64,7.0067584701546775,7.896320285135133,2.607552142148133,280.19987496754726,0.1450303105282448,0.1623355493384067,0.0470016966853491,0.0487067994752944,4.395256339439079,0.3917146171940208,0.4653154678313737,0.0018438971710637,0.2816835467096806,0.9364410289315754,combined,ok,92a95f079a11ec66b15f57ba7fdaddf03f4fead756cd3835cb0eff75388cc17b,f31a17333556b5e7ac80078ae88c99f08af5269d75a4603c4f0b36336349361c,0,9,0.3,3672,3285,1377,1.0620915032679739,1.0620915032679739,0.0,31.0,31.0,2,True,1.1437908496732025,1.1437908496732025,0.0,34.0,34.0,2,True,17,17,0,1.1438,34.0,33.436,2,True,35.1856,0.0,8f223a57f3bc9b0910caaf6d3b242b49ab0529472e41befb501b37648bd53e88,3.116
DSY1,semi,run_1746,random64,6.23256062077348,7.414538430795666,2.655653759263532,340.754870353403,0.13092892283432,0.2982663087100041,0.1605365316546335,0.0545709109003138,2.521385471538734,0.5672064169838165,0.8340818965891381,0.0087833495903115,0.3674619067684775,0.3091781887796459,combined,ok,edde2636f072acd073bfef14c0f765f77facef50bc5fdcec282cb51c993e2013,f31a17333556b5e7ac80078ae88c99f08af5269d75a4603c4f0b36336349361c,0,9,0.3,3672,3285,1377,1.3071895424836601,1.3071895424836601,0.0,35.0,35.0,2,True,1.3344226579520697,1.3344226579520697,0.0,40.0,40.0,3,True,18,18,0,1.3344,40.0,33.686,3,True,27.6552,0.0,8d1e9b07224976bb190c4ab31ca23f102c675148eac10cd2fc58ea4f591b58cf,3.372
DSY1,semi,run_1748,random64,8.865043866167335,9.32232367224116,2.411805454746041,285.0228183144822,0.2601155219316617,0.0241020441173013,0.3259814484022454,0.0106359142239752,1.871163696480397,0.666161525830226,0.7796183023181407,0.0104967871326783,0.4218745196949143,0.1008415346970952,combined,ok,0e9fc08037d66072f42be015974c1f3c416c52997be2f7c3b83ca5821c7d6adb,f31a17333556b5e7ac80078ae88c99f08af5269d75a4603c4f0b36336349361c,0,9,0.3,3672,3285,1377,1.6339869281045754,1.6339869281045754,0.0,42.0,42.0,5,True,1.6884531590413945,1.6884531590413945,0.0,49.0,49.0,6,True,28,28,0,1.6885,49.0,34.458,6,True,67.4052,0.0,e0be20155fba2cb0536e02f1902947f86bae0a0ef096e34a899423e0835cfd73,3.464
DSY1,semi,run_1757,random64,8.689011587231436,9.670794600545737,2.8367080033490657,223.1820686943364,0.2790156756182473,0.233231484877794,0.2229056782795074,0.0219445143738869,2.4426468738886213,0.695436098987765,0.4138722842570862,0.0021376128078927,0.7624905536858017,0.3826218271406786,combined,ok,cb5994181d060c30b15cc4d1d4a77937b05c01e2f3d94ee7409359c68635786d,f31a17333556b5e7ac80078ae88c99f08af5269d75a4603c4f0b36336349361c,0,9,0.3,3672,3285,1377,1.7973856209150325,1.7973856209150325,0.0,47.0,47.0,7,True,1.7973856209150325,1.7973856209150325,0.0,49.0,49.0,8,True,20,20,0,1.7974,49.0,34.638,8,True,180.2476,0.0,92840c76f36c4c35bb69f8c766d485ac906d13fa15792e5c246e9e16bf233add,3.332
DSY1,semi,run_1759,random64,7.770853395902289,11.734651985798616,2.640716419960252,358.1951472874119,0.2392442626409085,0.0619317660019336,0.2680148272014561,0.0713851201696387,3.692960708429269,0.309230268935296,0.8284867367488444,0.0042700449738642,0.1941970618042965,0.3098326417434174,combined,ok,bf0608ca0e6be1e2cbcb14c1886fa5a9a4c1edbcdf0567ecd7591a92a6365fc4,f31a17333556b5e7ac80078ae88c99f08af5269d75a4603c4f0b36336349361c,0,9,0.3,3672,3285,1377,1.1437908496732025,1.1437908496732025,0.0,30.0,30.0,1,True,1.2254901960784315,1.2254901960784315,0.0,32.0,32.0,2,True,17,17,0,1.2255,32.0,33.264,2,True,30.683,0.0,6e6edaaba20fcce8553b04441a3fea52d106276126b9ac1a9a093417d5fbf2d2,3.224
DSY1,semi,run_1762,random64,9.10299394629691,6.779582727335279,2.989275662945607,119.36711299854213,0.2896453149172316,0.2698470947551495,0.1312331561461008,0.1120147306410807,3.947758679951738,0.3260696200660214,0.871151367818841,0.0024798400021639,0.4952905773332156,0.7995979321668514,combined,ok,5163123ca45a2c24269241a82766d1c2568cc60fcf96d1aac8e2c8c836a86aed,f31a17333556b5e7ac80078ae88c99f08af5269d75a4603c4f0b36336349361c,0,9,0.3,3672,3285,1377,1.3071895424836601,1.3071895424836601,0.0,39.0,39.0,4,True,1.3888888888888888,1.3888888888888888,0.0,39.0,39.0,5,True,12,12,0,1.3889,39.0,33.97,5,True,70.1339,0.0,564797a083405bbe544edebfb79282a8922fb8d73a1ba4bf23b2be082b602845,3.31
DSY1,semi,run_1801,stress16,6.00576001816857,7.013962111137016,2.7433188979982543,109.1497624166458,0.1602648638294917,0.1227865119203586,0.3499141985699189,0.1295636363487694,1.1038623265201388,0.6054454417845063,0.4641422082425226,0.0116755889462249,0.6213755463936661,0.0271509346069509,combined,ok,8289931ab6b4cd81474c428c181c1918bd14b1f7b71209484a1480c04a7e3013,f31a17333556b5e7ac80078ae88c99f08af5269d75a4603c4f0b36336349361c,0,9,0.3,3672,3285,1377,1.3616557734204793,1.3616557734204793,0.0,39.0,39.0,4,True,1.4161220043572984,1.4161220043572984,0.0,39.0,39.0,4,True,16,16,0,1.4161,39.0,33.71,4,True,73.9687,0.0,3e05e10ce21d2b1dea0d5e10f8e99fa827acc135976832f97b89487700657f1a,3.293
DSY1,semi,run_1809,random64,8.559445934201257,9.220111033851431,2.6174590371645094,260.51262344046665,0.1774145506572762,0.1237493562166303,0.3444827827829553,0.039503380978057,2.6965991092332593,0.3413065878960307,0.312273471145697,0.0096244804108213,0.5147813503211555,0.6028242920670521,combined,ok,95853a3f351added970e9103b1779a0839024a7f0de54606a363433be55312fb,f31a17333556b5e7ac80078ae88c99f08af5269d75a4603c4f0b36336349361c,0,9,0.3,3672,3285,1377,1.0893246187363834,1.0893246187363834,0.0,35.0,35.0,2,True,1.1165577342047932,1.1165577342047932,0.0,38.0,38.0,3,True,14,14,0,1.1166,38.0,33.641,3,True,28.0258,0.0,1a73198aba69b4bb3ba6b16231a3662824a1f20ae47fef6ec3c321689e26caf7,3.267
DSY1,semi,run_1813,random64,6.183853880457327,6.041757376136944,2.996197412195417,18.45093673997505,0.1269063653778326,0.2359317992988121,0.2993517751632163,0.0532381299634875,2.3671403541710943,0.2805814000617515,0.7751595903775934,0.0088623444481291,0.6776984175575665,0.513229652325849,combined,ok,2a480dc5c8cac562686fd35df8a7de9422905155fc50a6775c68961a00ec7307,f31a17333556b5e7ac80078ae88c99f08af5269d75a4603c4f0b36336349361c,0,9,0.3,3672,3285,1377,1.1437908496732025,1.1437908496732025,0.0,33.0,33.0,2,True,1.171023965141612,1.171023965141612,0.0,38.0,38.0,3,True,12,12,0,1.171,38.0,33.667,3,True,40.0073,0.0,77ad76979d8bf41f92de713ff481ba0ade35abecd389f7f60a77f5b18ea53503,3.258
DSY1,semi,run_1851,random64,9.203475309979774,8.126740176489259,2.515033518371454,173.65265235192354,0.3260689792526782,0.0885557723085899,0.2437944100102807,0.0742750911743195,4.731739904063382,0.5087623134456867,0.4327765286791063,0.0083422560500987,0.7721184990131026,0.1324354075633587,combined,ok,d1b711ec228d33c64d89523281a8a02514a842b9077eafa3e001b1e1cccd12a6,f31a17333556b5e7ac80078ae88c99f08af5269d75a4603c4f0b36336349361c,0,9,0.3,3672,3285,1377,1.579520697167756,1.579520697167756,0.0,43.0,43.0,5,True,1.5522875816993464,1.5522875816993464,0.0,45.0,45.0,5,True,12,12,0,1.5795,45.0,34.324,5,True,90.5157,0.0,37673557f54ce8c26ac7fc9300f2db1ae318a149768697e1df496781c2b4f35e,3.308
DSY1,semi,run_1864,random64,6.678309111984476,9.701169101100144,2.688116929277827,134.80691493465332,0.2652985821920491,0.20779816880664,0.234577135985692,0.1895076859779048,3.2922132632933643,0.4267807981359379,0.7891846397409084,0.0070545148468507,0.4021872024899956,0.3813972683369584,combined,ok,babb4d0fee848d31782f64e8e48bc1ec85ec84f1c11428590e273e218abd7df4,f31a17333556b5e7ac80078ae88c99f08af5269d75a4603c4f0b36336349361c,0,9,0.3,3672,3285,1377,1.3071895424836601,1.3071895424836601,0.0,39.0,39.0,4,True,1.3071895424836601,1.3071895424836601,0.0,39.0,39.0,5,True,14,14,0,1.3072,39.0,33.827,5,True,47.0932,0.0,227944c6c516e928909d2a70d793a1d563d0fcd68482410764624a4f7702c362,3.463
DSY1,semi,run_1865,random64,8.82547862022751,9.753981614836256,2.7591122341658165,157.9041342237432,0.3438813786429799,0.2158546792043205,0.2138580906954928,0.0992738610007614,2.306245853937516,0.6386320518895993,0.8154346774417618,0.0093635246799744,0.2130728999901633,0.437296282659448,combined,ok,a8cfafcf2d1f6869f8dc24575aa47de1f0698ffffeff1a1a79d666443ddd2b33,f31a17333556b5e7ac80078ae88c99f08af5269d75a4603c4f0b36336349361c,0,9,0.3,3672,3285,1377,1.8518518518518516,1.8518518518518516,0.0,49.0,49.0,6,True,1.906318082788671,1.906318082788671,0.0,49.0,49.0,6,True,30,30,0,1.9063,49.0,34.464,6,True,43.4552,0.0,c8a7b8efdce949e6cede0de12a7975a3047685143bdef7571f4cee21e9ec690b,3.343
DSY1,semi,run_1866,random64,6.074547528578014,10.39441441632774,2.9074407631648413,29.82417569741127,0.3735980910175824,0.056916595305462,0.2253344693331766,0.0278639344015534,3.486301963586633,0.5140651187186196,0.6700640003904912,0.006735074923467,0.6647864729323955,0.2008978179182478,combined,ok,9de285b92cb2bf6a1f394c0191f00b03020c2ff2e3b2c9f334bf02ecc93d4bd9,f31a17333556b5e7ac80078ae88c99f08af5269d75a4603c4f0b36336349361c,0,9,0.3,3672,3285,1377,1.5250544662309369,1.5250544662309369,0.0,40.0,40.0,7,True,1.6339869281045754,1.6339869281045754,0.0,41.0,41.0,8,True,13,13,0,1.634,41.0,34.405,8,True,122.4255,0.0,5d3970d026dfe0c07317fbc547718c14b0db9b99353c2c258d8bdd7fbdc6c65f,3.273
DSY1,semi,run_1911,random64,9.625788696509844,8.99756568811846,2.6870274763916577,51.13562564563569,0.1036336243021498,0.2691032643035131,0.2909092323704428,0.0553225405296898,0.9451537467761352,0.213096661780196,0.6746484122958563,0.0027892586699717,0.3857168502796336,0.6987056326408935,combined,ok,83eab930e3ae47b495e5e1c5608f0893f44bee6f14bc0e195ec395fc8645a2cc,f31a17333556b5e7ac80078ae88c99f08af5269d75a4603c4f0b36336349361c,0,9,0.3,3672,3285,1377,0.6535947712418301,0.6535947712418301,0.0,21.0,21.0,0,False,0.789760348583878,0.789760348583878,0.0,25.0,25.0,0,False,12,12,0,0.7898,25.0,32.346,0,False,10.8839,0.0,5921c9d67c368efe647933b601ebf7665bd3588f113530d611ede3123d48407f,3.245
DSY1,semi,run_1941,stress16,8.513957236747029,6.406912918790103,2.9573824657987817,227.30992581477113,0.3814391502066491,0.1130363137032005,0.3436613789388585,0.0360638430621394,3.8372150666790352,0.6925245091293201,0.8339536192169092,0.0057582855884426,0.5537019522177968,0.4107181886048088,combined,ok,2129ac30393ecd1f74e6b747253705c1cdf14ac1acbd90ad3119ff896260c185,f31a17333556b5e7ac80078ae88c99f08af5269d75a4603c4f0b36336349361c,0,9,0.3,3672,3285,1377,2.2603485838779953,2.2603485838779953,0.0,58.0,58.0,25,True,2.0969498910675384,2.0969498910675384,0.0,58.0,58.0,25,True,21,21,0,2.2603,58.0,35.467,25,True,256.7019,0.0,0a59312c3ee26cfea2d7bbf3c484335a2ce085edfe19ecf87a036deef35f0e59,2.971
DSY1,semi,run_1952,random64,6.90071229300299,6.937283565323205,2.560373385344838,346.0353191567952,0.2877198939545087,0.2888430195687625,0.1275638899296872,0.0713325995335073,4.595601180263259,0.2098584867753312,0.4525467845450036,0.0051246806394883,0.2908505919263405,0.91113436469536,combined,ok,f56b0651e23f2a1c1a66a881d0e5d8d9479031d64c83c5264c35d61dc19503e1,f31a17333556b5e7ac80078ae88c99f08af5269d75a4603c4f0b36336349361c,0,9,0.3,3672,3285,1377,1.1437908496732025,1.1437908496732025,0.0,32.0,32.0,2,True,1.171023965141612,1.171023965141612,0.0,37.0,37.0,3,True,11,11,0,1.171,37.0,33.596,3,True,54.24,0.0,02ab2e330cda1aad8c34d784f36b35fdb0fe5937e421312183081ef7adffe378,3.262
DSY1,detached,run_0000,stress16,8.290452087902889,9.418683364680744,2.7012424206240264,22.194473754769316,0.1796358733978168,0.0781535347590126,0.0281263147984265,0.1023603238909987,3.7187309613713815,0.2848874035155261,0.8851887605927302,0.0041794027925613,0.4679746472079719,0.7780886191933646,interfloor,ok,ab29b5f0cc03404ab4c890fda33f4a9ec164e01160b543fc17d3ac4178e1c220,f31a17333556b5e7ac80078ae88c99f08af5269d75a4603c4f0b36336349361c,0,9,0.3,3672,3285,1377,1.2254901960784315,1.2254901960784315,0.0,38.0,38.0,3,True,1.4705882352941175,1.4705882352941175,0.0,43.0,43.0,6,True,18,18,0,1.4706,43.0,34.141,6,True,63.633,0.0,76205cdc7e5d7cbbaaf3047e8d7939ca5a0f72c097d3748023176f7c051d7fda,3.213
DSY1,detached,run_0015,random64,7.108611475128714,6.493256650172337,2.557740067304502,196.7752575852872,0.3508426889305577,0.0691978473194322,0.1775662031153719,0.1504932433886532,1.1382521186428864,0.3634006054515437,0.3251097153924657,0.0053423127877505,0.7756179975255327,0.2215221883714765,interfloor,ok,81097300d963b5e06c7ce68f88e342135b94ec99c2d62da71d3cb49dbd127024,f31a17333556b5e7ac80078ae88c99f08af5269d75a4603c4f0b36336349361c,0,9,0.3,3672,3285,1377,1.6884531590413945,1.6884531590413945,0.0,48.0,48.0,8,True,1.6884531590413945,1.6884531590413945,0.0,49.0,49.0,8,True,16,16,0,1.6885,49.0,34.716,8,True,334.5492,0.0,dbe18431b40665eb5c94b9c583373a7e238246dd10d49e3e8b20473482fa1166,3.112
DSY1,detached,run_0023,random64,8.817343277589991,7.85539369563051,2.609145431853368,18.96253427869918,0.1742793412258079,0.1120027552699704,0.044072150885244,0.1176076252166526,3.9736567243591487,0.2414493988517185,0.6054915605613544,0.0048067660451242,0.6942537640069445,0.341692810129729,interfloor,ok,93d8a2a4d8ae375f955615c01ee75b59ca70c5016058f02bb0b070c7d9266bb7,f31a17333556b5e7ac80078ae88c99f08af5269d75a4603c4f0b36336349361c,0,9,0.3,3672,3285,1377,1.1982570806100217,1.1982570806100217,0.0,38.0,38.0,3,True,1.2799564270152506,1.2799564270152506,0.0,39.0,39.0,4,True,13,13,0,1.28,39.0,33.927,4,True,61.9996,0.0,b54976bd45c512502d2fa97f6b5bffee0224817d7e93e08b98b133e2776000cb,2.982
DSY1,detached,run_0029,stress16,8.203432183124272,6.408489310261017,2.8640680741404387,300.7801611485146,0.150600147289584,0.0170107318727439,0.045297803381865,0.0140947818271048,0.8776391010432707,0.6886897929854896,0.5132570934374501,0.0061052277763261,0.1044806285204754,0.4880446808864345,interfloor,ok,be5e188d62bda80d26a0da4f8c2d9b95442240463127ec2489034df84f44f7c3,f31a17333556b5e7ac80078ae88c99f08af5269d75a4603c4f0b36336349361c,0,9,0.3,3672,3285,1377,1.824618736383442,1.824618736383442,0.0,46.0,46.0,5,True,1.824618736383442,1.824618736383442,0.0,51.0,51.0,7,True,47,47,0,1.8246,51.0,34.205,7,True,57.5866,0.0,e8df9411dadc4566e6034a2e39a8dcc3ec2699f891adf53698733f31fd2ed219,3.195
DSY1,detached,run_0044,random64,6.030500032924129,7.408960521416061,2.7665628390675407,74.51262954714856,0.1781833985308706,0.2384489935374365,0.232027349722457,0.1662308275216616,3.706446374343945,0.2801471059994515,0.6879618953548321,0.0077865334940022,0.7588555884014518,0.4235989701065071,interfloor,ok,e5227fb6ebdbe0e2a1041d4142648a4f719bd3b4b757a309d50b38ef4367baee,f31a17333556b5e7ac80078ae88c99f08af5269d75a4603c4f0b36336349361c,0,9,0.3,3672,3285,1377,1.252723311546841,1.252723311546841,0.0,39.0,39.0,4,True,1.3071895424836601,1.3071895424836601,0.0,39.0,39.0,5,True,10,10,0,1.3072,39.0,33.997,5,True,71.2228,0.0,527c4fd582978aefc8416ca6042582f06da51e1be10c0975dd4b3736aa24ae07,3.027
DSY1,detached,run_0063,random64,6.5621292372608675,6.65259707923012,2.866440977345775,291.8921029230811,0.2605908839526111,0.2904109892395112,0.2396360333811598,0.1130099666030276,4.144587096716162,0.654011275402036,0.4712269209763924,0.0014834559152219,0.54773627340295,0.5710594819740411,interfloor,ok,e68211cc3d4e0fc43d4034ac6cb3de51e17d15ae8994a3329649fba8b8440899,f31a17333556b5e7ac80078ae88c99f08af5269d75a4603c4f0b36336349361c,0,9,0.3,3672,3285,1377,1.770152505446623,1.770152505446623,0.0,50.0,50.0,13,True,1.770152505446623,1.770152505446623,0.0,50.0,50.0,12,True,16,16,0,1.7702,50.0,34.941,13,True,192.4052,0.0,c8dd6fa09da96023d61db643ce1d8b75085b22a641ee71bd7375c3860cb1c166,3.125
DSY1,detached,run_0092,random64,9.93309790699963,8.182296197308714,2.457461454626565,111.121424386233,0.215416840146493,0.1614784962457293,0.2067813187440635,0.1045840336851818,2.5155012564866768,0.5247084843418965,0.6042830658593564,0.0091103599680866,0.403724911359604,0.9002186637947126,interfloor,ok,b400dfbaee39758d4af7f373782f3b520bc240db6cf8fa71da0c72e4b4d90d44,f31a17333556b5e7ac80078ae88c99f08af5269d75a4603c4f0b36336349361c,0,9,0.3,3672,3285,1377,1.4161220043572984,1.4161220043572984,0.0,39.0,39.0,3,True,1.4161220043572984,1.4161220043572984,0.0,39.0,39.0,5,True,18,18,0,1.4161,39.0,33.978,5,True,47.4901,0.0,42ac808bba8c9d00537bd92bfdd1339a16db1c354281295aa332c87a013fe0ea,3.03
DSY1,detached,run_0095,random64,6.3624501841932375,11.842510228563462,2.491939053622874,295.7462251283733,0.2198554630131667,0.0400359318923531,0.1494445134899256,0.1850285440940413,4.185455890408224,0.5956563840158877,0.8831696681502195,0.0061710397040376,0.4456313827570233,0.3457178036598204,interfloor,ok,d22551e78bf48cdf4639d50b46dc64929c8471f34d774216fdb8ea6049cf1c40,f31a17333556b5e7ac80078ae88c99f08af5269d75a4603c4f0b36336349361c,0,9,0.3,3672,3285,1377,1.6067538126361656,1.6067538126361656,0.0,45.0,45.0,5,True,1.661220043572985,1.661220043572985,0.0,48.0,48.0,6,True,21,21,0,1.6612,48.0,34.435,6,True,77.9713,0.0,5d6db32280d023e2e469e3b8267c4fcafb64cb00f00a7178ad80a6026034cebc,3.04
DSY1,detached,run_0132,stress16,9.299175482807073,9.44472107084308,2.6246307962624016,120.97695746647544,0.359724968552603,0.1373453664935816,0.0250244188438973,0.1090851112819592,4.432529714102253,0.6489282768966091,0.8546248700739805,0.0100735542076731,0.2380461443404612,0.205503238738427,interfloor,ok,bfed1ee102a2b18194feb85b947cae781f82b59b2c7dee9d0c75376013c69a82,f31a17333556b5e7ac80078ae88c99f08af5269d75a4603c4f0b36336349361c,0,9,0.3,3672,3285,1377,2.0152505446623095,2.0152505446623095,0.0,55.0,55.0,20,True,2.178649237472767,2.178649237472767,0.0,60.0,60.0,26,True,30,30,0,2.1786,60.0,35.439,26,True,89.1424,0.0,803b14e92454e6a3767447001f2f765611b58cc01a53e2d5cc84ea3d331cb0c8,3.419
DSY1,detached,run_0169,random64,7.695473365435487,11.227744275625916,2.4943900256809504,33.74614022217156,0.1572306658104784,0.0421425997389778,0.1619378594004896,0.0133961689752927,3.577533400781542,0.3919625146305164,0.533438368709399,0.0108911883433449,0.1066031747510421,0.8986530703328954,interfloor,ok,a3568182c514f8b34faf9d141cb00b5ac094bc5b1f788a941e43a2c9271b9a8f,f31a17333556b5e7ac80078ae88c99f08af5269d75a4603c4f0b36336349361c,0,9,0.3,3672,3285,1377,1.0348583877995643,1.0348583877995643,0.0,26.0,26.0,0,False,1.171023965141612,1.171023965141612,0.0,34.0,34.0,0,False,25,25,0,1.171,34.0,32.706,0,False,44.6001,0.0,6486a6b4310f6ac2fee94783de408ba4730d7c3722756dc0eb67e968e1763dc5,3.202
DSY1,detached,run_0171,random64,7.494809621295749,11.22002626611558,2.7470227147731485,103.10589157010632,0.254781411116087,0.1019944879351144,0.3370655776713539,0.0445047342704688,4.389418546125397,0.6060268646263012,0.3276582681904973,0.005932140031043,0.3357054429082935,0.5638512940204532,interfloor,ok,d9dd58ac0079741d8a673a1eb2e2ff2b0da575cd88966c57d3a6053f3f510417,f31a17333556b5e7ac80078ae88c99f08af5269d75a4603c4f0b36336349361c,0,9,0.3,3672,3285,1377,1.6339869281045754,1.6339869281045754,0.0,41.0,41.0,5,True,1.6339869281045754,1.6339869281045754,0.0,46.0,46.0,6,True,17,17,0,1.634,46.0,34.353,6,True,63.1415,0.0,b3cfc1e11b7c08cb444c211c8b52f54b060b50f1d237ce4301ccb51184819b44,2.97
DSY1,detached,run_0172,random64,9.655340429240898,7.24820416689231,2.42469543122848,172.6245737256148,0.1639874631194922,0.1196870715518636,0.3172583437442636,0.1578098077295352,0.9402029258114942,0.4028680909098489,0.8765797877084602,0.0023588769593888,0.2060066547113198,0.3409010096267915,interfloor,ok,7ddd3113d2b348621de596776d529c39bf4210b7fc2e22251ea263685f3bb623,f31a17333556b5e7ac80078ae88c99f08af5269d75a4603c4f0b36336349361c,0,9,0.3,3672,3285,1377,1.3344226579520697,1.3344226579520697,0.0,37.0,37.0,2,True,1.3616557734204793,1.3616557734204793,0.0,40.0,40.0,3,True,23,23,0,1.3617,40.0,33.587,3,True,21.7341,0.0,8d8dc02b2f43c51e429c39fbd4f5ee11df65564f7f1594b47c866b9207c85d4a,3.093
DSY1,detached,run_0189,random64,8.854541179080801,10.452603750516715,2.9188006260871417,67.8876582569418,0.3641510351705923,0.0892540763860939,0.3097302387013971,0.1440692649228458,2.707948972652005,0.2832682627500669,0.6646816722211282,0.0103303899374604,0.1290129201750531,0.0948871124029668,interfloor,ok,d5f184c670e180aab94ca7bc394c396676544d370363b5ac5b6ecb59f12946a3,f31a17333556b5e7ac80078ae88c99f08af5269d75a4603c4f0b36336349361c,0,9,0.3,3672,3285,1377,1.5522875816993464,1.5522875816993464,0.0,42.0,42.0,5,True,1.5522875816993464,1.5522875816993464,0.0,45.0,45.0,5,True,18,18,0,1.5523,45.0,34.134,5,True,48.6863,0.0,009a1273f136a32e3f443cc97bc59094f2200394580156871b099f07164c0313,3.128
DSY1,detached,run_0203,random64,7.977123523285825,8.285263931205199,2.712837171815562,89.35419205267758,0.1358151170477194,0.188340689716523,0.0697252800449031,0.1120892354037314,1.7190015052738117,0.5071421704296211,0.5490554865529775,0.0022577353970723,0.6310346873260598,0.5050302275796102,interfloor,ok,f028b2ea871182ae31377ac63d8ee1e5b91dafc3211392c228a5b42c0cf3983f,f31a17333556b5e7ac80078ae88c99f08af5269d75a4603c4f0b36336349361c,0,9,0.3,3672,3285,1377,1.2799564270152506,1.2799564270152506,0.0,39.0,39.0,3,True,1.3616557734204793,1.3616557734204793,0.0,39.0,39.0,5,True,17,17,0,1.3617,39.0,33.952,5,True,52.4199,0.0,067b9ada085dda425daa88a5d297dfcd9a38eaf51b2e093ec4497bef9bbcf4d4,3.07
DSY1,detached,run_0208,random64,7.080933225138338,8.151979458855823,2.6146631258077835,109.77210266794091,0.1350633821387371,0.2826211130453059,0.3158693984636647,0.1010376581025481,1.0331012809233195,0.4004981292509733,0.7085516862951541,0.001430792206345,0.6109790032078951,0.401205105008072,interfloor,ok,9ed1197cb88a1f0e4c7fa09acd35fc271f8d90597fa99e7532bcdb86aff9e69c,f31a17333556b5e7ac80078ae88c99f08af5269d75a4603c4f0b36336349361c,0,9,0.3,3672,3285,1377,1.252723311546841,1.252723311546841,0.0,38.0,38.0,3,True,1.3071895424836601,1.3071895424836601,0.0,39.0,39.0,3,True,13,13,0,1.3072,39.0,33.83,3,True,66.8402,0.0,7029248de8e0912d571eb687998317afa60f7f163c72da94e3515f78b811a7a9,3.2
DSY1,detached,run_0239,stress16,8.966408949597819,7.177231125441284,2.4933678450716044,17.389312189459034,0.33924506984946,0.1909431656003543,0.2552562075773003,0.1590237503532047,0.8661594681833358,0.6951609206290856,0.8620318201574801,0.0106498566496832,0.1330127200193476,0.4051665189182183,interfloor,ok,5283d59b4807f7a2e0508cf246e5f78a4df5e816e1d170a50424f29ce30d29f6,f31a17333556b5e7ac80078ae88c99f08af5269d75a4603c4f0b36336349361c,0,9,0.3,3672,3285,1377,4.057734204793028,4.057734204793028,0.0,61.0,61.0,27,True,4.438997821350762,4.438997821350762,0.0,63.0,63.0,27,True,134,269,135,4.439,63.0,35.291,27,True,70.2266,0.0,90a3b43fedde97bf9a54f7176aa919705fb359e8e38282218ad30cf265ffb23b,3.495
DSY1,detached,run_0241,stress16,8.986985502735077,6.370726990713231,2.8262969611987976,288.55522855132386,0.3577817612158999,0.1857466310998697,0.1900534041160908,0.1183127038015254,1.180262981894609,0.5586107918959073,0.4841391966636397,0.0026352311391234,0.7606078576767147,0.3295277351670737,interfloor,ok,6f3cbd11c7c68848a0b2400200e93a6e26970ea5a78df9bb08492e1f2218ef2f,f31a17333556b5e7ac80078ae88c99f08af5269d75a4603c4f0b36336349361c,0,9,0.3,3672,3285,1377,2.8594771241830066,2.8594771241830066,0.0,57.0,57.0,25,True,2.9956427015250546,2.9956427015250546,0.0,57.0,57.0,23,True,39,58,19,2.9956,57.0,35.307,25,True,644.6599,0.0,383977d091538d409080337a476951c6135b48fa57887f91c05971c1f9e6226a,3.444
DSY1,detached,run_0298,random64,8.332008660398749,7.514114819729058,2.5770632840161176,32.65999947584161,0.3675082359468328,0.2612870512859359,0.1947062270800404,0.092184612395228,2.2327759245070897,0.4154681534695688,0.4491901728869033,0.0031863362642622,0.2918284207024562,0.3945965827764047,interfloor,ok,d77274c252738ebd5f9445199b952f446c60e20915f223142542d5d9e1347282,f31a17333556b5e7ac80078ae88c99f08af5269d75a4603c4f0b36336349361c,0,9,0.3,3672,3285,1377,1.6884531590413945,1.6884531590413945,0.0,48.0,48.0,8,True,1.6884531590413945,1.6884531590413945,0.0,49.0,49.0,8,True,18,18,0,1.6885,49.0,34.655,8,True,97.6252,0.0,1c6ca64bf3b105181a0f1195b257662e5bcd78c86e2092d34b5a90e38b01a83e,3.255
DSY1,detached,run_0302,random64,6.464886681198625,6.461232658039725,2.595607139740693,200.15410369855252,0.1048401522366748,0.0500529154312022,0.2464765860508568,0.138708672410398,1.0994929560158817,0.5957829612933677,0.6712389000184744,0.0114188958123249,0.5764259455075901,0.8590859386058312,interfloor,ok,6ca4d544f358480cc3edeb2ab8a63c71fa96d1d2c397a54a9955881043ae2af5,f31a17333556b5e7ac80078ae88c99f08af5269d75a4603c4f0b36336349361c,0,9,0.3,3672,3285,1377,1.3616557734204793,1.3616557734204793,0.0,39.0,39.0,4,True,1.3616557734204793,1.3616557734204793,0.0,41.0,41.0,5,True,19,19,0,1.3617,41.0,33.967,5,True,56.4733,0.0,44f75bc90a37f80efe44dc79d48bf9c469ef7deaa116cec97d7d847da4cbac19,3.148
DSY1,detached,run_0421,random64,7.259944904757417,9.95766854175178,2.9168650187863294,194.2486599421907,0.3312206235671143,0.0946711362366577,0.2923395976811948,0.0428674051588782,2.175209421544923,0.3660505438690433,0.3166605386628426,0.005912152362126,0.7213775997545232,0.4076882356228147,interfloor,ok,2e69ab1bff35afb1abad2c584f7eb013ea942f8f78ba52a7bec89d1ae261eef4,f31a17333556b5e7ac80078ae88c99f08af5269d75a4603c4f0b36336349361c,0,9,0.3,3672,3285,1377,1.6339869281045754,1.6339869281045754,0.0,45.0,45.0,7,True,1.6339869281045754,1.6339869281045754,0.0,47.0,47.0,8,True,12,12,0,1.634,47.0,34.572,8,True,154.6606,0.0,bb01b167449b22dc9b4f4075d269ac1caa31c942e84c07b21b7c8595d0fc216b,3.115
DSY1,detached,run_0456,random64,7.235653346407408,11.709367776516928,2.5247172842449146,164.85689193046983,0.316903563356449,0.2724207622108091,0.0275777940548623,0.1306855280144903,4.841830387386058,0.3607166626987048,0.7357196636648353,0.0087398255812502,0.7615723805690275,0.6784222436994939,interfloor,ok,3a43b1c9b7f39ca29cd7148839b3977d78a4e65796c61bf53224952e0f83fd53,f31a17333556b5e7ac80078ae88c99f08af5269d75a4603c4f0b36336349361c,0,9,0.3,3672,3285,1377,1.4705882352941175,1.4705882352941175,0.0,40.0,40.0,5,True,1.579520697167756,1.579520697167756,0.0,44.0,44.0,7,True,12,12,0,1.5795,44.0,34.462,7,True,102.9127,0.0,e3e3f7f595eaf417ad29b4626fa121fc966835b739d8f9d891e52eb019c91be3,3.172
DSY1,detached,run_0492,stress16,8.550782772522515,11.776115421222215,2.699213296519177,334.2020798495306,0.3999904372395374,0.0206995492983702,0.0607249068429463,0.0682232294671505,1.1214548050257498,0.6419965380885064,0.7204194426782291,0.0073087888941234,0.247223981405377,0.2972364509554138,interfloor,ok,a0366c5b6695b67df089fd3fac3e500240ec31b632a4b297621ccd75ed4c2472,f31a17333556b5e7ac80078ae88c99f08af5269d75a4603c4f0b36336349361c,0,9,0.3,3672,3285,1377,2.7233115468409586,2.7233115468409586,0.0,58.0,58.0,26,True,2.450980392156863,2.450980392156863,0.0,62.0,62.0,27,True,51,60,9,2.7233,62.0,35.467,27,True,114.2198,0.0,96ebba3771f872596381ea694f781ef9881e7d6f04dd75cb12439d0e6718465f,3.449
DSY1,detached,run_0499,random64,7.858804507830091,10.349836369453136,2.532898445475049,95.20960247737294,0.2105308086928702,0.2661776403887546,0.202952619776223,0.042630729895842,4.479626527348435,0.5735404220619731,0.7008795170704228,0.0036983473818156,0.1567476492121556,0.6596289751233395,interfloor,ok,9610b4949ecf676a7da924e4a8b80a5054819dfad1426a58f916146572e17b7e,f31a17333556b5e7ac80078ae88c99f08af5269d75a4603c4f0b36336349361c,0,9,0.3,3672,3285,1377,1.443355119825708,1.443355119825708,0.0,36.0,36.0,3,True,1.4978213507625273,1.4978213507625273,0.0,41.0,41.0,3,True,22,22,0,1.4978,41.0,33.669,3,True,29.7939,0.0,797dda7d3ea03b903fd3f05305863da7f7af697ebada6aa2721394d9dc67bbb0,3.157
DSY1,detached,run_0500,random64,9.82451369711319,10.845295277018504,2.7073204009582628,108.9848566026068,0.2404164756163604,0.2191691030494161,0.3170431197618952,0.1101248845957577,4.246097291116642,0.3146179268775989,0.8846779164318552,0.002952629013426,0.3985480745890861,0.6671409251817507,interfloor,ok,44a73dda6f1173725a63555cdeeb88dae3f6f9de006ae71f69025c0ee0b0070f,f31a17333556b5e7ac80078ae88c99f08af5269d75a4603c4f0b36336349361c,0,9,0.3,3672,3285,1377,1.252723311546841,1.252723311546841,0.0,37.0,37.0,3,True,1.3071895424836601,1.3071895424836601,0.0,38.0,38.0,3,True,12,12,0,1.3072,38.0,33.773,3,True,43.3309,0.0,19a22a7dcc55e44fc876ccf135a2d6a7223b635206cf4de83bd181cb7457ac81,3.224
DSY1,detached,run_0628,stress16,9.72733840356107,7.8427669792229615,2.5924321527735392,359.8933269015914,0.3529783862372112,0.0761779621335445,0.3273904561993191,0.0824461595128538,3.4708268892998255,0.3251799736172571,0.3503616556392233,0.0015213312741712,0.7206263247604744,0.7182250817689112,interfloor,ok,bae173a9ae58967cfefa1b566acab7a59d7ab2c5d6a0f931ae63b4423b3daad1,f31a17333556b5e7ac80078ae88c99f08af5269d75a4603c4f0b36336349361c,0,9,0.3,3672,3285,1377,1.443355119825708,1.443355119825708,0.0,40.0,40.0,5,True,1.4705882352941175,1.4705882352941175,0.0,40.0,40.0,5,True,11,11,0,1.4706,40.0,34.228,5,True,89.655,0.0,ca3c31eca513dc6b5d76c6aa6737a83df6ce5b85d4f5f5ce086f7d4249c10e35,3.207
DSY1,detached,run_0745,random64,9.403992115334937,8.48512079989969,2.7038151450428907,145.5310132662222,0.2567053419094268,0.2898505421920269,0.0488499881238593,0.1014932783378585,1.1571722700731573,0.4833947498367663,0.8213087990653432,0.008725404304492,0.7657037313194129,0.8876906018863312,interfloor,ok,43a7675f2075029e0d8ff1cd19d4e8e1719f79aa6017285b5dff56a8010497ab,f31a17333556b5e7ac80078ae88c99f08af5269d75a4603c4f0b36336349361c,0,9,0.3,3672,3285,1377,1.4978213507625273,1.4978213507625273,0.0,41.0,41.0,5,True,1.6067538126361656,1.6067538126361656,0.0,46.0,46.0,7,True,17,17,0,1.6068,46.0,34.497,7,True,156.3339,0.0,c6a52cb128d7ce5f20626b20812334a5403b1ce69f056d984edf43780436dfcc,3.214
DSY1,detached,run_0768,stress16,6.634637881940697,11.603463379949876,2.9452065682690702,7.656125949492523,0.3673240508605883,0.0703946751822334,0.0882239068606324,0.0721394554328508,0.8794108960838816,0.6853284584119119,0.8495356125752638,0.0109339718263157,0.2996274968959122,0.0483529411528591,interfloor,ok,1867718c416301e60883e9320e0b172a6db66cf8d9f376a9648edda5a784d38f,f31a17333556b5e7ac80078ae88c99f08af5269d75a4603c4f0b36336349361c,0,9,0.3,3672,3285,1377,4.003267973856209,4.003267973856209,0.0,62.0,62.0,39,True,4.221132897603486,4.221132897603486,0.0,65.0,65.0,36,True,96,150,54,4.2211,65.0,35.85,39,True,220.0276,0.0,6076291a4eaf739ac7b6b980e34507be00341a30570999bac35926bc41be355f,3.7
DSY1,detached,run_0785,random64,8.940781628092497,8.940854789499578,2.71333172432655,21.027453984889203,0.3107729422642821,0.2659499439488594,0.1570556761118805,0.0362424341838409,3.092059615457477,0.5972727377148599,0.3537591526886088,0.010305774523266,0.4150422534097331,0.1795157167910107,interfloor,ok,1a1b12853c95b523d5c18e7c9a6ef40bb4d9f052d868f27ea7dd9c4d1e0b82bf,f31a17333556b5e7ac80078ae88c99f08af5269d75a4603c4f0b36336349361c,0,9,0.3,3672,3285,1377,1.7429193899782136,1.7429193899782136,0.0,49.0,49.0,9,True,1.7429193899782136,1.7429193899782136,0.0,51.0,51.0,9,True,17,17,0,1.7429,51.0,34.768,9,True,116.5016,0.0,3c57d1cfd13f2409fdc746fec72895e250fe52da0dbc03f231c9888935de192b,3.215
DSY1,detached,run_0788,random64,8.782009887322488,9.886407966385462,2.689241045237277,165.79600971047623,0.1806222296930827,0.0350189214807997,0.2624851560323494,0.0761344647472262,0.8504742135136384,0.5569179194726575,0.8553784108853641,0.0092759304403749,0.5281861664355341,0.2100976052058908,interfloor,ok,b4b9c83f8e9f19b77f8e83e3bf21b156f2bb69af10563a5d9a75675421c793c2,f31a17333556b5e7ac80078ae88c99f08af5269d75a4603c4f0b36336349361c,0,9,0.3,3672,3285,1377,1.5250544662309369,1.5250544662309369,0.0,43.0,43.0,5,True,1.5522875816993464,1.5522875816993464,0.0,46.0,46.0,6,True,23,23,0,1.5523,46.0,34.282,6,True,69.1057,0.0,8d8e8ffbdd5f1f46ef0644cd34eca5bc90287d7b14ce2b9e4deaed845d0bdaa0,3.212
DSY1,detached,run_0821,random64,8.168610103195812,6.295910082319626,2.44919521726831,83.16215592635217,0.1633699932395152,0.2793528873688088,0.3075031868920546,0.1071356027635634,4.694512503188105,0.3195967627738837,0.4662343120140395,0.0025933405746935,0.4004795609820039,0.9249981780019016,interfloor,ok,14449062aa6e088b1814485d888d9ccb94f8de71f525ce17b25a9334b97296c7,f31a17333556b5e7ac80078ae88c99f08af5269d75a4603c4f0b36336349361c,0,9,0.3,3672,3285,1377,1.1982570806100217,1.1982570806100217,0.0,36.0,36.0,2,True,1.1982570806100217,1.1982570806100217,0.0,38.0,38.0,3,True,12,12,0,1.1983,38.0,33.66,3,True,43.2594,0.0,b8041f69f7514e8b0a1406629961df513adfac0a867db9724fa5d7264cb2323b,3.121
DSY1,detached,run_0833,random64,6.881397296298271,10.882836593895547,2.866583637518168,115.0820265960748,0.2101446861231999,0.1571910951166595,0.0991883520257245,0.1038913954908974,2.054872833294584,0.31784047548047,0.3619575529089111,0.0100872283500496,0.3785981589568508,0.1448921445221051,interfloor,ok,e74757d3c6d1affee5491519604dd9ffce1932a9301f02dd334f2f6f556f866a,f31a17333556b5e7ac80078ae88c99f08af5269d75a4603c4f0b36336349361c,0,9,0.3,3672,3285,1377,1.3344226579520697,1.3344226579520697,0.0,39.0,39.0,3,True,1.3616557734204793,1.3616557734204793,0.0,39.0,39.0,5,True,14,14,0,1.3617,39.0,33.924,5,True,47.6717,0.0,e88cb35193803a6fdcebe93e66dfca6f99365fd4b48e5749babfcb84ac6eeb16,3.138
DSY1,detached,run_0841,random64,8.367547204965499,7.256923551190713,2.9918995286847547,209.09780783784907,0.2412457505801208,0.2385274524029789,0.0999052231342154,0.0327496438192871,4.272186592040046,0.5573251812470255,0.5047083796199578,0.0034639552327845,0.6468288498143069,0.6883388060301502,interfloor,ok,15ff0bb74fe4fa9e99498265ea4e78e113083dd5094cc3d7a88e0908173fae5a,f31a17333556b5e7ac80078ae88c99f08af5269d75a4603c4f0b36336349361c,0,9,0.3,3672,3285,1377,1.6339869281045754,1.6339869281045754,0.0,43.0,43.0,7,True,1.661220043572985,1.661220043572985,0.0,48.0,48.0,8,True,14,14,0,1.6612,48.0,34.558,8,True,114.8747,0.0,e4c566ab89fa0390c823a8e7e27b179141a0360a7005195a9825de2c1ebffc44,3.112
DSY1,detached,run_0844,random64,8.746712419323499,8.255288205551997,2.8301858731668736,119.6183960439886,0.1994819192503905,0.27254785547391,0.0411225287078061,0.1609877938402135,1.483139363161183,0.3044285647779056,0.8800589857851471,0.0064660006290998,0.7491636968151721,0.9819550749784538,interfloor,ok,50c48cec4086c4a5de552645c91729341bf9a4a542d7288c4526810d77291891,f31a17333556b5e7ac80078ae88c99f08af5269d75a4603c4f0b36336349361c,0,9,0.3,3672,3285,1377,1.252723311546841,1.252723311546841,0.0,39.0,39.0,3,True,1.4161220043572984,1.4161220043572984,0.0,42.0,42.0,5,True,16,16,0,1.4161,42.0,34.19,5,True,71.4972,0.0,58dbddd310de5b1f898ea0da74f715a5368db5cf2a974ebdac211c83995cc5a2,3.244
DSY1,detached,run_0887,random64,9.484724765067508,11.174464591770498,2.414911442203662,229.80644996404757,0.2796275305540545,0.0758284244041909,0.2896741830836959,0.1751072335090888,1.6995338270119895,0.3107776781053267,0.4257006634020504,0.0114970329370951,0.491908950611397,0.9890734482016346,interfloor,ok,47c7f3cb9be8a9bc726cc75c51ee6aa2a955aecbb5b0e8e289f542d417b21ad3,f31a17333556b5e7ac80078ae88c99f08af5269d75a4603c4f0b36336349361c,0,9,0.3,3672,3285,1377,1.252723311546841,1.252723311546841,0.0,38.0,38.0,3,True,1.3071895424836601,1.3071895424836601,0.0,39.0,39.0,3,True,13,13,0,1.3072,39.0,33.803,3,True,48.4926,0.0,4c98089e44143dcf07486b9f7577e57a0a33c0db73584bf731a893af6a801c09,3.185
DSY1,detached,run_1025,stress16,6.001988515451892,8.013747343359917,2.712128069948224,187.7230485160186,0.3988100711297681,0.0143824485162627,0.2716513893534522,0.0592134160641791,2.773734982619098,0.4008863300303726,0.4244523072802022,0.0086936739506271,0.2466612679915689,0.5322139386093038,interfloor,ok,d7ee8c45f3203c3269156e9e09b9ce7f6205be03a6ec1455b4792b3466cdd2b0,f31a17333556b5e7ac80078ae88c99f08af5269d75a4603c4f0b36336349361c,0,9,0.3,3672,3285,1377,1.7429193899782136,1.7429193899782136,0.0,51.0,51.0,9,True,1.7429193899782136,1.7429193899782136,0.0,51.0,51.0,10,True,18,18,0,1.7429,51.0,34.853,10,True,113.2052,0.0,6b4c301248a3aa3190e6f41dcaf217e96f7756618ccc669d8138ac474d0c4d42,3.145
DSY1,detached,run_1083,random64,8.454517480509306,7.606900202320765,2.5501477925335045,241.34481889977465,0.2891208841498976,0.1515706845674109,0.1605073890215713,0.1607015551309144,1.101558526110067,0.2140821822715956,0.8767854811568954,0.0117808467129899,0.4181305553407746,0.979553351344094,interfloor,ok,901f5f41ece65bf71737ba0f0b664f36ba9bc74633a09839c0a8eca994ac34bc,f31a17333556b5e7ac80078ae88c99f08af5269d75a4603c4f0b36336349361c,0,9,0.3,3672,3285,1377,1.252723311546841,1.252723311546841,0.0,39.0,39.0,3,True,1.3071895424836601,1.3071895424836601,0.0,39.0,39.0,5,True,13,13,0,1.3072,39.0,33.925,5,True,58.1382,0.0,e8118a3f9b9afccc0640652a9e8cd7741fccfca4951dba60139e6cef07d3519f,3.191
DSY1,detached,run_1093,random64,8.002380628505447,10.166259736812894,2.8796333119979427,171.23898423952662,0.100090185215434,0.0543938555226989,0.0270087812313298,0.0755226196018769,1.8235443611211988,0.386033384594613,0.8407906551118343,0.0050274494110316,0.354654458456868,0.9837284633011107,interfloor,ok,3f634dd6af2db9c46d8ac31cbe6253ffbacfdb55dc577905b88a1055d423a44d,f31a17333556b5e7ac80078ae88c99f08af5269d75a4603c4f0b36336349361c,0,9,0.3,3672,3285,1377,1.1437908496732025,1.1437908496732025,0.0,34.0,34.0,2,True,1.3888888888888888,1.3888888888888888,0.0,42.0,42.0,4,True,28,28,0,1.3889,42.0,33.781,4,True,50.4987,0.0,c81a856561e3f0200c693f135d2f72cea4b79177976ce4b7ca3700fd8bc6879a,3.162
DSY1,detached,run_1130,random64,9.188456848978468,11.639043127509634,2.559744911138821,29.410840417817724,0.1117948532135704,0.2858457406091068,0.2595794543528447,0.1999165833637279,1.1743911222239498,0.471472375004214,0.5367601190449024,0.0117616437190273,0.2970725510522888,0.433698314360111,interfloor,ok,30f84b116ed11da7830ac0b08538e9078d2bc8fb018ae2f58117159c1baa709f,f31a17333556b5e7ac80078ae88c99f08af5269d75a4603c4f0b36336349361c,0,9,0.3,3672,3285,1377,1.171023965141612,1.171023965141612,0.0,31.0,31.0,0,False,1.171023965141612,1.171023965141612,0.0,33.0,33.0,2,True,20,20,0,1.171,33.0,33.075,2,True,13.8021,0.0,54109cf3840e4dadaf56ef4aad59969472968eb11a4ba680a9791ff3a5f43a6c,3.249
DSY1,detached,run_1192,random64,6.574979979831511,11.394826702694091,2.6678524442714378,83.01673689334608,0.3565625542057532,0.2467632876240327,0.0518339126921443,0.087289463380345,1.2028290993735582,0.4784511509089152,0.6693643480800702,0.0064013535611167,0.4547676125272111,0.8704605859623464,interfloor,ok,95a1d602a6e5c926fefe3ab9ab4020232cb6ecdc6bc90c3bb3cbf6a80196f86e,f31a17333556b5e7ac80078ae88c99f08af5269d75a4603c4f0b36336349361c,0,9,0.3,3672,3285,1377,1.661220043572985,1.661220043572985,0.0,45.0,45.0,7,True,1.6884531590413945,1.6884531590413945,0.0,49.0,49.0,7,True,17,17,0,1.6885,49.0,34.597,7,True,161.9597,0.0,798d5814d01ff5fcc6bd1ab44c187f985cc7c11e369e08b2fd3bbc45e823f5f2,3.19
DSY1,detached,run_1197,random64,9.55307660622851,10.935446202367611,2.651431698797591,89.14333515226049,0.2043520540065082,0.2592494770209894,0.0576746329066228,0.0781157588360924,2.1857332563991227,0.2060785959940542,0.5149724560393532,0.0076651831377733,0.6733006645411621,0.4720333855727691,interfloor,ok,d08bdae026b083fa03779e5e7af1b1e9ba854c05ce2c944d1ee069c4d3c5bd36,f31a17333556b5e7ac80078ae88c99f08af5269d75a4603c4f0b36336349361c,0,9,0.3,3672,3285,1377,1.1437908496732025,1.1437908496732025,0.0,33.0,33.0,2,True,1.171023965141612,1.171023965141612,0.0,38.0,38.0,3,True,12,12,0,1.171,38.0,33.68,3,True,41.7633,0.0,f2fc2f66cf942444fa37f14f11439fde929ab10af0d7db04ec386f93fe7edbd1,3.166
DSY1,detached,run_1199,stress16,8.893313295309667,6.752916196560016,2.775376919971335,90.13627347871588,0.1083033134047148,0.1785539237225437,0.0601924888116002,0.0886989224971885,1.0127404186376616,0.4736069389205135,0.8365327423703692,0.0052546015723922,0.7998494879171348,0.7537545170074853,interfloor,ok,8a577e655a2c3eb44cabe5bb4e9c380e40d7ebf6a63915897f27843227703af4,f31a17333556b5e7ac80078ae88c99f08af5269d75a4603c4f0b36336349361c,0,9,0.3,3672,3285,1377,1.252723311546841,1.252723311546841,0.0,38.0,38.0,3,True,1.3888888888888888,1.3888888888888888,0.0,41.0,41.0,5,True,18,18,0,1.3889,41.0,34.044,5,True,55.5123,0.0,5ea49840096df78186b036b2bbf7fc94ceb8ba3d701b92ea59d653782a1a99dd,3.313
DSY1,detached,run_1207,random64,9.168130791502008,9.004696072729846,2.8115599835956373,142.9180739985565,0.1284202723692254,0.1867752178704292,0.3348439656423181,0.1317711005700411,2.4118781979192816,0.4565266167997619,0.610364497850469,0.004851525079017,0.1978381158264388,0.9603135205592784,interfloor,ok,08e2c7dd2fed2fece9b0b158cf253cb2a2f64cbf97fcf809508f0c1e29746142,f31a17333556b5e7ac80078ae88c99f08af5269d75a4603c4f0b36336349361c,0,9,0.3,3672,3285,1377,1.171023965141612,1.171023965141612,0.0,32.0,32.0,0,False,1.1982570806100217,1.1982570806100217,0.0,35.0,35.0,2,True,19,19,0,1.1983,35.0,33.175,2,True,17.5975,0.0,aa87f608aaeed410f00c34cf8f9a29d01c86aca35f3d391d4fabb3f2d50f0a44,3.208
DSY1,detached,run_1209,random64,8.118074804521358,11.978193458414612,2.9036564697751355,244.9524063171716,0.3754156589993933,0.1220701597070463,0.1432447265725567,0.0531746170798,1.5295117539422654,0.5948510668405462,0.606964077683358,0.0056553556870505,0.480152133711234,0.6399576848879639,interfloor,ok,666b2c97589711e703660061e2eed8dad3bb5b9583097a04c5d8f00be8381cd0,f31a17333556b5e7ac80078ae88c99f08af5269d75a4603c4f0b36336349361c,0,9,0.3,3672,3285,1377,2.042483660130719,2.042483660130719,0.0,50.0,50.0,10,True,1.9880174291938997,1.9880174291938997,0.0,53.0,53.0,11,True,24,24,0,2.0425,53.0,34.925,11,True,228.6158,0.0,c3ae2c76fd18816ecbf7089341ee5a50d4ad73dda09a45ca9aa11cfa93066216,3.249
DSY1,detached,run_1214,stress16,7.588108618860515,7.752734140780623,2.826539668699661,130.3981801828211,0.3484607578703986,0.1342467316483606,0.1687813557233073,0.1611491128809359,1.000533177193956,0.6979521394451516,0.3042607275737717,0.007184911846836,0.7742265557708546,0.5938512492331808,interfloor,ok,356724d58de7688ca4b7d3ed4cdd693ea496c14757051a9d92f74acc56703817,f31a17333556b5e7ac80078ae88c99f08af5269d75a4603c4f0b36336349361c,0,9,0.3,3672,3285,1377,3.2679738562091507,3.2679738562091507,0.0,58.0,58.0,26,True,3.2407407407407405,3.2407407407407405,0.0,58.0,58.0,24,True,57,111,54,3.268,58.0,35.371,26,True,697.5625,0.0,4ee88db9cdf883d1fd57926f5b705d52958096423f99159c8dd5c5efd40e472d,3.507
DSY1,detached,run_1248,random64,9.06874655668104,6.39714339888123,2.4388587665273502,227.04203511645017,0.300438463458426,0.1826052445691555,0.3125340008743582,0.017922370396233,1.828155892567156,0.634732281708217,0.5900520904862452,0.0086471631277632,0.744025489137654,0.0859871297257144,interfloor,ok,2c89789ccbb8577ab9cf52f2c1080c99e30c08c9bfb119b9a8f081b46774e90c,f31a17333556b5e7ac80078ae88c99f08af5269d75a4603c4f0b36336349361c,0,9,0.3,3672,3285,1377,1.9880174291938997,1.9880174291938997,0.0,50.0,50.0,14,True,2.0969498910675384,2.0969498910675384,0.0,50.0,50.0,14,True,21,22,1,2.0969,50.0,34.973,14,True,358.6084,0.0,e67a6cae20674d2f6da1707f31f7eeb537f24e6159c89999c40d0dea4885c309,3.28
DSY1,detached,run_1268,random64,8.672107632349496,6.077241426467557,2.800377196115221,248.79991969356283,0.3247953487491061,0.0219064414200164,0.0826480006959761,0.1562970222400376,2.814679622664271,0.6718729366355661,0.6906200825760328,0.0011846727722075,0.1220025434097146,0.2148351272313768,interfloor,ok,71d40a4d01f76625cb4dc6a20114f5727428fa22151cd4d8f6d64bc719cec8a0,f31a17333556b5e7ac80078ae88c99f08af5269d75a4603c4f0b36336349361c,0,9,0.3,3672,3285,1377,2.4782135076252723,2.4782135076252723,0.0,63.0,63.0,30,True,2.2603485838779953,2.2603485838779953,0.0,65.0,65.0,31,True,45,45,0,2.4782,65.0,35.503,31,True,78.2874,0.0,ccc63deab90ca2aa8dcb819be319c49d3592d40545271fc1920229db0d83a727,3.237
DSY1,detached,run_1274,random64,6.241960005906613,10.399629191334888,2.8831521889224567,182.0303542420824,0.3893387920102038,0.2765961269867158,0.2263723592999344,0.0811994462666564,1.6006253230049623,0.428158997554932,0.6483239736954343,0.0098985746010797,0.660318092457969,0.5707357570475454,interfloor,ok,da81a54b33a07abd1672d74d65676f47a3e4f3c58d16f0b9cfa47808cda06469,f31a17333556b5e7ac80078ae88c99f08af5269d75a4603c4f0b36336349361c,0,9,0.3,3672,3285,1377,1.715686274509804,1.715686274509804,0.0,50.0,50.0,10,True,1.7429193899782136,1.7429193899782136,0.0,50.0,50.0,10,True,18,18,0,1.7429,50.0,34.919,10,True,343.0003,0.0,e0068eb1ecdc014a5c3beb38a12817025a1cde1d2e8673ed029e7ceed7bcd836,3.298
DSY1,detached,run_1295,random64,9.700875846736846,11.393976617728896,2.625245447765509,15.055808046872396,0.1106551028886222,0.1052395899485283,0.0428257154219093,0.0339409350855904,4.282889671851096,0.2731703980561324,0.697609692323854,0.0071462703374351,0.7016648928179255,0.864958402476004,interfloor,ok,08fb73f2d29f3f9c24c6dcba75e10e501296efc2ad2f8510358fbd8b7673b72c,f31a17333556b5e7ac80078ae88c99f08af5269d75a4603c4f0b36336349361c,0,9,0.3,3672,3285,1377,0.9803921568627451,0.9803921568627451,0.0,30.0,30.0,2,True,1.1982570806100217,1.1982570806100217,0.0,39.0,39.0,2,True,15,15,0,1.1983,39.0,33.556,2,True,43.9021,0.0,f460c25febe6a52c166688655dd763aef46aa2893e892d4d4492cf747decbe58,3.095
DSY1,detached,run_1311,random64,9.165362455102658,7.340987815898325,2.8133939339727108,305.0567196793675,0.1889324964091247,0.0323126599434309,0.1588020548110891,0.026092481744294,1.1716059785701818,0.6238515161870499,0.5930562544217899,0.0094844252584585,0.5560536106491164,0.7347389973183898,interfloor,ok,6415f88c7219368cc0e54c487387f4e9a9a16e5d5cbcbfe7cdfb1fab4e00b76d,f31a17333556b5e7ac80078ae88c99f08af5269d75a4603c4f0b36336349361c,0,9,0.3,3672,3285,1377,1.5522875816993464,1.5522875816993464,0.0,43.0,43.0,5,True,1.6067538126361656,1.6067538126361656,0.0,48.0,48.0,6,True,21,21,0,1.6068,48.0,34.451,6,True,86.1251,0.0,dbe0160762360a2fbbe016206e24040d7f972a6763e4d155920e64673303bdc2,3.199
DSY1,detached,run_1388,random64,9.678814831103882,8.915890074047772,2.800541899467576,218.74280184445405,0.1098036268680505,0.2727958848646888,0.3439519392324434,0.136424623817726,2.406438737900367,0.2924614656342366,0.358399055620711,0.0107980260130701,0.4314042170048758,0.6522212139098633,interfloor,ok,5da385661ed087482855d83a17bec04c749eebec3e451554c6cdd75c99e8de46,f31a17333556b5e7ac80078ae88c99f08af5269d75a4603c4f0b36336349361c,0,9,0.3,3672,3285,1377,1.0076252723311547,1.0076252723311547,0.0,30.0,30.0,2,True,1.1437908496732025,1.1437908496732025,0.0,33.0,33.0,2,True,13,13,0,1.1438,33.0,33.296,2,True,21.4868,0.0,cdcd11a9e7b1bda1d9b5016ce9acfe40b12def192b7de0492f63c47e5780a539,3.24
DSY1,detached,run_1391,random64,9.65754037174086,7.371418965081008,2.4723911477589064,245.60981709998856,0.1947631756497077,0.2039411843608119,0.1074218120281111,0.0162622533962714,4.722810987580656,0.4500350593640352,0.4151046102651455,0.0083872118280736,0.1148113999145338,0.1106668227864503,interfloor,ok,a6074ba7c8c7a9e03a67e0b0e77c7a97949c6913cb673cf386a5b966a259f968,f31a17333556b5e7ac80078ae88c99f08af5269d75a4603c4f0b36336349361c,0,9,0.3,3672,3285,1377,1.3344226579520697,1.3344226579520697,0.0,33.0,33.0,2,True,1.443355119825708,1.443355119825708,0.0,39.0,39.0,3,True,21,21,0,1.4434,39.0,33.469,3,True,39.2598,0.0,5bca0f5573dde7dff307d6a10b31595609cd1203c023b0c1e10433c96dcdfe84,3.148
DSY1,detached,run_1416,stress16,7.611423563474337,8.698251521688531,2.426406411760429,121.28644403903304,0.2515937716162215,0.0800541981528088,0.2307818781610998,0.0347059324643584,3.835273389438587,0.5544241075079898,0.5745584674183433,0.0058908240493479,0.1000232333706224,0.4592619165338935,interfloor,ok,8499bf2d02e4877cde1315884da8402f449ca2a8c221c5a559018899ace3672c,f31a17333556b5e7ac80078ae88c99f08af5269d75a4603c4f0b36336349361c,0,9,0.3,3672,3285,1377,1.715686274509804,1.715686274509804,0.0,42.0,42.0,5,True,1.7973856209150325,1.7973856209150325,0.0,46.0,46.0,5,True,31,31,0,1.7974,46.0,34.002,5,True,39.438,0.0,8f5bd2c195b6fc58dc21b43febd518ed328d5e452e0497c3904c0caac6841413,3.238
DSY1,detached,run_1434,random64,9.159539081356815,6.688059520298238,2.9750873857625546,146.8680349805886,0.109342487245402,0.2408929006163872,0.3256769736107116,0.1251180578113211,1.4006317331367033,0.4093604062094604,0.6924091355483194,0.0058060970619586,0.7515582151715556,0.0608321572405057,interfloor,ok,5df6971a7698612daa76ebb5ee460e446c8b8a609cf68d52e88066158a121f55,f31a17333556b5e7ac80078ae88c99f08af5269d75a4603c4f0b36336349361c,0,9,0.3,3672,3285,1377,1.252723311546841,1.252723311546841,0.0,39.0,39.0,3,True,1.3344226579520697,1.3344226579520697,0.0,39.0,39.0,5,True,13,13,0,1.3344,39.0,33.9,5,True,57.0395,0.0,56acce22ee4a108b3267e1787b8b42247003fd097c1bfb104ae6224cd14d8ecd,3.25
DSY1,detached,run_1476,random64,8.896156594940386,11.970459088733485,2.620502673500708,170.28638121673248,0.269002831698218,0.1073848132959912,0.2221615330765761,0.0858084946392574,2.270012833340684,0.6822472892294835,0.5392405542224693,0.0094663221482832,0.4521300487922157,0.0581779318396109,interfloor,ok,daf2a0ceb4b8c58eaf28415eafa8185a30e56ea67c842e42ee9f4caa7f4c4a08,f31a17333556b5e7ac80078ae88c99f08af5269d75a4603c4f0b36336349361c,0,9,0.3,3672,3285,1377,1.7429193899782136,1.7429193899782136,0.0,50.0,50.0,9,True,1.770152505446623,1.770152505446623,0.0,50.0,50.0,8,True,22,22,0,1.7702,50.0,34.639,9,True,112.1409,0.0,72aa4c627a38d012fa32eb9fcfb0d514d71bf0544d759d9c493b939a882e29ba,3.293
DSY1,detached,run_1497,random64,7.421317417293777,10.6593604485645,2.9548445771602987,261.1277326472027,0.2244213548236318,0.2418386953001862,0.2465311795559595,0.0147862579323263,2.8483385115597724,0.4803905389117479,0.4721117267540718,0.0077261404064099,0.4160685386235552,0.2127917230392205,interfloor,ok,ee4a7b075dc66a03c2673e5479618d52e89655e94fa9f02e400813771d0feb6b,f31a17333556b5e7ac80078ae88c99f08af5269d75a4603c4f0b36336349361c,0,9,0.3,3672,3285,1377,1.4978213507625273,1.4978213507625273,0.0,40.0,40.0,5,True,1.5250544662309369,1.5250544662309369,0.0,43.0,43.0,5,True,14,14,0,1.5251,43.0,34.209,5,True,61.2082,0.0,ee43b0d1f08fc2ac0ec37d041277315e23b71400c2a3781422583097860014f4,3.178
DSY1,detached,run_1506,stress16,6.2866920665226385,7.327960484063865,2.5822380381929033,189.673299274303,0.3538022528888858,0.2874668373726368,0.1967792742001886,0.1471820880565589,0.8240748358340548,0.6355675011074757,0.8989283259639178,0.0069614963780197,0.553966653681584,0.1297716817744924,interfloor,ok,dda040e26af01953fefd85e695b8fc96938831c307a5b4f539a5a3fcfb5f3bcb,f31a17333556b5e7ac80078ae88c99f08af5269d75a4603c4f0b36336349361c,0,9,0.3,3672,3285,1377,3.894335511982571,3.894335511982571,0.0,59.0,59.0,33,True,4.466230936819173,4.466230936819173,0.0,60.0,60.0,34,True,101,256,155,4.4662,60.0,35.569,34,True,632.7387,0.0,03405ce95176decc6160cbeca9f2db19214d612fa29bb8c738d88bf036ee45aa,3.752
DSY1,detached,run_1521,stress16,9.012734726045109,9.28296620531424,2.915879467533671,0.136299530314857,0.3824926050117646,0.1021758966296917,0.2940879731173014,0.1904610869987471,1.664067808950167,0.4572585928006668,0.8515223334861499,0.0062513542391962,0.5638087322452537,0.6878542590040975,interfloor,ok,21bdddb65046df298ea9853cffec767dc40f120c6aeae9c552146c0070222cc0,f31a17333556b5e7ac80078ae88c99f08af5269d75a4603c4f0b36336349361c,0,9,0.3,3672,3285,1377,1.6884531590413945,1.6884531590413945,0.0,49.0,49.0,9,True,1.6884531590413945,1.6884531590413945,0.0,50.0,50.0,9,True,16,16,0,1.6885,50.0,34.779,9,True,223.3251,0.0,5a6d80f80556f3f600f933c7b850be474091ea5f2962540eec04001f5bd666a6,3.419
DSY1,detached,run_1525,random64,6.457818039323073,8.809230062809032,2.562716674463898,49.7482730803186,0.2403944250818863,0.2846260247543987,0.3217419947342414,0.1387539273115936,1.7741620338632282,0.2609813408015647,0.5792514428957727,0.0024585619456096,0.2421969198902897,0.8231806734055043,interfloor,ok,44258ccadda9c7421a8aeba0d84ce8f998a8af164957ffcc57c98289f413c42a,f31a17333556b5e7ac80078ae88c99f08af5269d75a4603c4f0b36336349361c,0,9,0.3,3672,3285,1377,1.2799564270152506,1.2799564270152506,0.0,37.0,37.0,3,True,1.3616557734204793,1.3616557734204793,0.0,39.0,39.0,3,True,13,13,0,1.3617,39.0,33.722,3,True,35.4351,0.0,8cb756f38ace86c18506ed0298fa6a8f0efcc5efdc68112632aec6ff50419774,3.271
DSY1,detached,run_1560,random64,8.618546381821407,6.051034448405187,2.563634775254617,139.91787914607664,0.3728893152141903,0.0570155616799874,0.2154460301853953,0.1479278899395301,4.058721782989339,0.6659321263772808,0.7110283895432115,0.0073155256822709,0.1839498514363129,0.1617868224834594,interfloor,ok,de220d27ad39c3b0b3761b929c9d6e91b71762af8b0d5b30a4bb7ff1be1ed5b5,f31a17333556b5e7ac80078ae88c99f08af5269d75a4603c4f0b36336349361c,0,9,0.3,3672,3285,1377,2.4782135076252723,2.4782135076252723,0.0,61.0,61.0,31,True,2.342047930283224,2.342047930283224,0.0,61.0,61.0,27,True,29,29,0,2.4782,61.0,35.552,31,True,103.9938,0.0,ede073b312c79df6a1b93e969d244c5601ab715ca61bdbdcada70f4ed83a2ca2,3.311
DSY1,detached,run_1586,random64,7.747757047886595,11.109613081305676,2.9866762545648577,108.774751399816,0.1181454529476654,0.1724322000054217,0.293250208478728,0.0738549335860083,1.3729096971837715,0.6260524756906012,0.790159768280496,0.0036748512051892,0.4427272594461767,0.8603068835744438,interfloor,ok,b66ff1f47c43a3f76aedf4c4d9d6fd509235f4a07e8420320eedb8dda4801975,f31a17333556b5e7ac80078ae88c99f08af5269d75a4603c4f0b36336349361c,0,9,0.3,3672,3285,1377,1.2799564270152506,1.2799564270152506,0.0,37.0,37.0,2,True,1.3616557734204793,1.3616557734204793,0.0,39.0,39.0,3,True,17,17,0,1.3617,39.0,33.692,3,True,32.9339,0.0,c9447a332ce217351241fe7d735a3d31992d24d0a7a7b910e3619ae9530c7ae7,3.257
DSY1,detached,run_1590,random64,7.984975108428764,7.272084694858215,2.9967721614941327,16.420420319362826,0.374850431931708,0.2382439942207673,0.1776304878605744,0.1160904554759672,4.877151087201141,0.6916489142509208,0.5069503827545674,0.0011912769261439,0.3291501951241186,0.2604131781675038,interfloor,ok,24f9e714d3dc3d53b54a1ff18d64abbd99c18127c6cfcfb7db75f1c8ff5b6842,f31a17333556b5e7ac80078ae88c99f08af5269d75a4603c4f0b36336349361c,0,9,0.3,3672,3285,1377,2.450980392156863,2.450980392156863,0.0,59.0,59.0,29,True,2.369281045751634,2.369281045751634,0.0,59.0,59.0,28,True,18,18,0,2.451,59.0,35.602,29,True,177.7139,0.0,910c86745857896fd686f2c16e647b92e41a1ac85debffd1b68d480daf7e0971,3.502
DSY1,detached,run_1644,random64,6.39767913222991,11.797192158414513,2.8741057290164034,172.93019711264748,0.2443328744309624,0.252661328529406,0.2135477168394144,0.1397092179377648,1.093053406242568,0.5224268206844807,0.6239387086788434,0.0026953973078216,0.5019253197830181,0.9038595290358232,interfloor,ok,29bf8fc50febc979b00b0df8caed9317d132ac659c8711d3b448097508777917,f31a17333556b5e7ac80078ae88c99f08af5269d75a4603c4f0b36336349361c,0,9,0.3,3672,3285,1377,1.661220043572985,1.661220043572985,0.0,43.0,43.0,6,True,1.7429193899782136,1.7429193899782136,0.0,46.0,46.0,7,True,20,20,0,1.7429,46.0,34.391,7,True,159.3733,0.0,95884b66e74e367a24f83864995cea0e75b9222a16782d92ef06a0b410cafa3d,3.434
DSY1,detached,run_1646,random64,7.704557801580717,7.128280265544657,2.985540612715578,90.2906293972771,0.2105791800179474,0.0205307922429049,0.2339133981377427,0.0889463263478779,3.2049811873074887,0.2345347956220673,0.7570779081491665,0.0090267774481236,0.1607423062503069,0.6682748532100452,interfloor,ok,fe357c83329b700ec293f576da644206e5bceeb044e89b4556ae79d31a0964c3,f31a17333556b5e7ac80078ae88c99f08af5269d75a4603c4f0b36336349361c,0,9,0.3,3672,3285,1377,1.3071895424836601,1.3071895424836601,0.0,41.0,41.0,3,True,1.3888888888888888,1.3888888888888888,0.0,41.0,41.0,4,True,20,20,0,1.3889,41.0,33.816,4,True,84.9309,0.0,2743f59c80670cde15072093e654475087d27b698f5837e28b512816d310c5c9,3.209
DSY1,detached,run_1649,random64,9.736147602912038,10.293830928868562,2.662571832425947,261.8578276782381,0.3568398205583376,0.1736460837266733,0.0292153490257981,0.1395424927110858,3.027824367046392,0.3485365751342671,0.5736479117806575,0.0093034189208943,0.1802858271940285,0.2413181201408213,interfloor,ok,15901a7f7d55c7dca3f444e4d567807f9794b3a3d1af1b186cc2903d4ab11d5b,f31a17333556b5e7ac80078ae88c99f08af5269d75a4603c4f0b36336349361c,0,9,0.3,3672,3285,1377,1.5250544662309369,1.5250544662309369,0.0,42.0,42.0,5,True,1.579520697167756,1.579520697167756,0.0,46.0,46.0,6,True,21,21,0,1.5795,46.0,34.349,6,True,57.4198,0.0,226819bdc20e34e85d09ab5e8e865799d1b7dddd8ae71a1abe6b4ff21c5a6ff7,3.279
DSY1,detached,run_1739,random64,7.0067584701546775,7.896320285135133,2.607552142148133,280.19987496754726,0.1450303105282448,0.1623355493384067,0.0470016966853491,0.0487067994752944,4.395256339439079,0.3917146171940208,0.4653154678313737,0.0018438971710637,0.2816835467096806,0.9364410289315754,interfloor,ok,26101339b9b1cde01d13f0f5978a48454c2d611017581a24d8b3220d674c2956,f31a17333556b5e7ac80078ae88c99f08af5269d75a4603c4f0b36336349361c,0,9,0.3,3672,3285,1377,1.171023965141612,1.171023965141612,0.0,33.0,33.0,2,True,1.252723311546841,1.252723311546841,0.0,38.0,38.0,3,True,15,15,0,1.2527,38.0,33.542,3,True,48.9694,0.0,6922f966dc106cd212d08232329a3e4a23199c948f2d9b58f31ce0c20e0436d6,3.182
DSY1,detached,run_1746,random64,6.23256062077348,7.414538430795666,2.655653759263532,340.754870353403,0.13092892283432,0.2982663087100041,0.1605365316546335,0.0545709109003138,2.521385471538734,0.5672064169838165,0.8340818965891381,0.0087833495903115,0.3674619067684775,0.3091781887796459,interfloor,ok,5205b76e3d5e74f27d1f5cf3c65c6431f8e4136ad2cd14e518b0fc1c32ce2ae3,f31a17333556b5e7ac80078ae88c99f08af5269d75a4603c4f0b36336349361c,0,9,0.3,3672,3285,1377,1.4161220043572984,1.4161220043572984,0.0,39.0,39.0,3,True,1.4161220043572984,1.4161220043572984,0.0,41.0,41.0,5,True,18,18,0,1.4161,41.0,33.986,5,True,44.4656,0.0,c9c17dcaac5fe8948f09c68037bf3b77b331c2200062c9f68b8730a5555537c5,3.318
DSY1,detached,run_1748,random64,8.865043866167335,9.32232367224116,2.411805454746041,285.0228183144822,0.2601155219316617,0.0241020441173013,0.3259814484022454,0.0106359142239752,1.871163696480397,0.666161525830226,0.7796183023181407,0.0104967871326783,0.4218745196949143,0.1008415346970952,interfloor,ok,3cd6b18e8de673c2a3d3cb533651e1bc67d1145c6d11aaee87339be08a2744f3,f31a17333556b5e7ac80078ae88c99f08af5269d75a4603c4f0b36336349361c,0,9,0.3,3672,3285,1377,1.661220043572985,1.661220043572985,0.0,46.0,46.0,6,True,1.770152505446623,1.770152505446623,0.0,50.0,50.0,7,True,24,24,0,1.7702,50.0,34.636,7,True,92.1288,0.0,5a74c3e1a437680a1b04d60f325bbda404c11e6689662b09eab4398a9f36be2e,3.34
DSY1,detached,run_1757,random64,8.689011587231436,9.670794600545737,2.8367080033490657,223.1820686943364,0.2790156756182473,0.233231484877794,0.2229056782795074,0.0219445143738869,2.4426468738886213,0.695436098987765,0.4138722842570862,0.0021376128078927,0.7624905536858017,0.3826218271406786,interfloor,ok,4ab79f07de68f0fa470be2c39fe0ffc7a2001af999a94979fa636b94fe9af223,f31a17333556b5e7ac80078ae88c99f08af5269d75a4603c4f0b36336349361c,0,9,0.3,3672,3285,1377,1.824618736383442,1.824618736383442,0.0,49.0,49.0,9,True,1.8518518518518516,1.8518518518518516,0.0,50.0,50.0,10,True,19,19,0,1.8519,50.0,34.831,10,True,272.4529,0.0,f49a6d4bf98dfa3dd4275d5a0b29ec01376ea8d402c8526063d721b1e36d760c,3.373
DSY1,detached,run_1759,random64,7.770853395902289,11.734651985798616,2.640716419960252,358.1951472874119,0.2392442626409085,0.0619317660019336,0.2680148272014561,0.0713851201696387,3.692960708429269,0.309230268935296,0.8284867367488444,0.0042700449738642,0.1941970618042965,0.3098326417434174,interfloor,ok,01efcd268736849f788b33ac48807bbd94077f5a6f77d20f92a61905c7d7f392,f31a17333556b5e7ac80078ae88c99f08af5269d75a4603c4f0b36336349361c,0,9,0.3,3672,3285,1377,1.3616557734204793,1.3616557734204793,0.0,37.0,37.0,3,True,1.3616557734204793,1.3616557734204793,0.0,41.0,41.0,4,True,17,17,0,1.3617,41.0,33.742,4,True,47.9444,0.0,abed5ad5197bca2702c2f0301c578fa0bea20dce5c50603e4381287fa4084e3a,3.256
DSY1,detached,run_1762,random64,9.10299394629691,6.779582727335279,2.989275662945607,119.36711299854213,0.2896453149172316,0.2698470947551495,0.1312331561461008,0.1120147306410807,3.947758679951738,0.3260696200660214,0.871151367818841,0.0024798400021639,0.4952905773332156,0.7995979321668514,interfloor,ok,0b4646df68e563e855f25b4d08e71d01772363aae4a9f37140c2afa75f588de6,f31a17333556b5e7ac80078ae88c99f08af5269d75a4603c4f0b36336349361c,0,9,0.3,3672,3285,1377,1.4978213507625273,1.4978213507625273,0.0,40.0,40.0,5,True,1.4978213507625273,1.4978213507625273,0.0,42.0,42.0,5,True,12,12,0,1.4978,42.0,34.343,5,True,86.0318,0.0,117bd84c5f4810b6f89d0a829a52c3856fed86032ac5a24eb312ced5d980c80b,3.316
DSY1,detached,run_1801,stress16,6.00576001816857,7.013962111137016,2.7433188979982543,109.1497624166458,0.1602648638294917,0.1227865119203586,0.3499141985699189,0.1295636363487694,1.1038623265201388,0.6054454417845063,0.4641422082425226,0.0116755889462249,0.6213755463936661,0.0271509346069509,interfloor,ok,47f2f93ba22a29f34ee044572cc2a847535eb3cf3a2d9fd2c924f9162065f980,f31a17333556b5e7ac80078ae88c99f08af5269d75a4603c4f0b36336349361c,0,9,0.3,3672,3285,1377,1.661220043572985,1.661220043572985,0.0,46.0,46.0,7,True,1.6339869281045754,1.6339869281045754,0.0,47.0,47.0,7,True,19,19,0,1.6612,47.0,34.469,7,True,141.4072,0.0,083a140a087fe4c249317292abc36c218bab45df91ebf07600d2967f11e3a262,3.43
DSY1,detached,run_1809,random64,8.559445934201257,9.220111033851431,2.6174590371645094,260.51262344046665,0.1774145506572762,0.1237493562166303,0.3444827827829553,0.039503380978057,2.6965991092332593,0.3413065878960307,0.312273471145697,0.0096244804108213,0.5147813503211555,0.6028242920670521,interfloor,ok,482f8a6111852cd6828b14aac23ebcf2f87c388ff902275158e42b6bbdad2295,f31a17333556b5e7ac80078ae88c99f08af5269d75a4603c4f0b36336349361c,0,9,0.3,3672,3285,1377,1.1437908496732025,1.1437908496732025,0.0,36.0,36.0,2,True,1.252723311546841,1.252723311546841,0.0,38.0,38.0,3,True,12,12,0,1.2527,38.0,33.707,3,True,41.3378,0.0,78bec681a2d0bbf729460e11704c594450a25b1fec5ae3b606b31dc9570ce3af,3.187
DSY1,detached,run_1813,random64,6.183853880457327,6.041757376136944,2.996197412195417,18.45093673997505,0.1269063653778326,0.2359317992988121,0.2993517751632163,0.0532381299634875,2.3671403541710943,0.2805814000617515,0.7751595903775934,0.0088623444481291,0.6776984175575665,0.513229652325849,interfloor,ok,ab2a88d4d7e9641dd6ed41689642a312f07d7bb73634ba54e4a7217626b9ac18,f31a17333556b5e7ac80078ae88c99f08af5269d75a4603c4f0b36336349361c,0,9,0.3,3672,3285,1377,1.1982570806100217,1.1982570806100217,0.0,38.0,38.0,3,True,1.252723311546841,1.252723311546841,0.0,39.0,39.0,5,True,12,12,0,1.2527,39.0,33.934,5,True,57.2813,0.0,70d601c643913f4e78060678c73edb15e359739ddbdc0f351a518acb9f74b048,3.331
DSY1,detached,run_1851,random64,9.203475309979774,8.126740176489259,2.515033518371454,173.65265235192354,0.3260689792526782,0.0885557723085899,0.2437944100102807,0.0742750911743195,4.731739904063382,0.5087623134456867,0.4327765286791063,0.0083422560500987,0.7721184990131026,0.1324354075633587,interfloor,ok,f10a8620664d92acadc35562248f7ecacfc8200cbcd37102bce6890b3435f6c7,f31a17333556b5e7ac80078ae88c99f08af5269d75a4603c4f0b36336349361c,0,9,0.3,3672,3285,1377,1.6884531590413945,1.6884531590413945,0.0,46.0,46.0,8,True,1.6884531590413945,1.6884531590413945,0.0,47.0,47.0,8,True,12,12,0,1.6885,47.0,34.592,8,True,151.6124,0.0,d0128188ef69fab72e830b5510434e4cad76b0f6d1588adf2f5c62e74779851a,3.243
DSY1,detached,run_1864,random64,6.678309111984476,9.701169101100144,2.688116929277827,134.80691493465332,0.2652985821920491,0.20779816880664,0.234577135985692,0.1895076859779048,3.2922132632933643,0.4267807981359379,0.7891846397409084,0.0070545148468507,0.4021872024899956,0.3813972683369584,interfloor,ok,728ed6b9b8c71f9a3bdd54bba0cc18d0eaf870c7b1a562625a19a7d82732792e,f31a17333556b5e7ac80078ae88c99f08af5269d75a4603c4f0b36336349361c,0,9,0.3,3672,3285,1377,1.5522875816993464,1.5522875816993464,0.0,42.0,42.0,6,True,1.5522875816993464,1.5522875816993464,0.0,46.0,46.0,6,True,13,13,0,1.5523,46.0,34.376,6,True,77.1237,0.0,28bb4778b0ce3478ab414c12745289d71916cf61e1d9603b04575f83850c8c01,3.412
DSY1,detached,run_1865,random64,8.82547862022751,9.753981614836256,2.7591122341658165,157.9041342237432,0.3438813786429799,0.2158546792043205,0.2138580906954928,0.0992738610007614,2.306245853937516,0.6386320518895993,0.8154346774417618,0.0093635246799744,0.2130728999901633,0.437296282659448,interfloor,ok,a1df4d1e2ccaa60b8518cd677c83f9c8da897e5d0a3ed6889cf31a61eda770f7,f31a17333556b5e7ac80078ae88c99f08af5269d75a4603c4f0b36336349361c,0,9,0.3,3672,3285,1377,2.0697167755991286,2.0697167755991286,0.0,53.0,53.0,17,True,2.0697167755991286,2.0697167755991286,0.0,56.0,56.0,16,True,34,35,1,2.0697,56.0,35.042,17,True,83.6011,0.0,503f3806dfcfa24aa055ce86a78d2b06174073e316e3645ac380116ec90dd8a0,3.429
DSY1,detached,run_1866,random64,6.074547528578014,10.39441441632774,2.9074407631648413,29.82417569741127,0.3735980910175824,0.056916595305462,0.2253344693331766,0.0278639344015534,3.486301963586633,0.5140651187186196,0.6700640003904912,0.006735074923467,0.6647864729323955,0.2008978179182478,interfloor,ok,950d86159202c08429e624f15c3caa477fb0b0c8d45ac1ceb41daa86b6ac81a0,f31a17333556b5e7ac80078ae88c99f08af5269d75a4603c4f0b36336349361c,0,9,0.3,3672,3285,1377,1.8518518518518516,1.8518518518518516,0.0,53.0,53.0,18,True,1.8790849673202614,1.8790849673202614,0.0,55.0,55.0,18,True,17,17,0,1.8791,55.0,35.206,18,True,236.2881,0.0,a805b826e80db6de51e5d8b144055eb5d9c6a34907853673abd90034fc78175e,3.344
DSY1,detached,run_1911,random64,9.625788696509844,8.99756568811846,2.6870274763916577,51.13562564563569,0.1036336243021498,0.2691032643035131,0.2909092323704428,0.0553225405296898,0.9451537467761352,0.213096661780196,0.6746484122958563,0.0027892586699717,0.3857168502796336,0.6987056326408935,interfloor,ok,cfe0c75e9c2a29421612e1b812f31e4adad1b843a1cd4a0f3d10c15a96084aaf,f31a17333556b5e7ac80078ae88c99f08af5269d75a4603c4f0b36336349361c,0,9,0.3,3672,3285,1377,0.9259259259259258,0.9259259259259258,0.0,29.0,29.0,0,False,1.0620915032679739,1.0620915032679739,0.0,32.0,32.0,2,True,13,13,0,1.0621,32.0,33.065,2,True,15.347,0.0,1a444bb49bd53ecd1b953b0b20c5ccb824363e2f6da26517698199d9658e939b,3.384
DSY1,detached,run_1941,stress16,8.513957236747029,6.406912918790103,2.9573824657987817,227.30992581477113,0.3814391502066491,0.1130363137032005,0.3436613789388585,0.0360638430621394,3.8372150666790352,0.6925245091293201,0.8339536192169092,0.0057582855884426,0.5537019522177968,0.4107181886048088,interfloor,ok,9e92a8ac27c46045a9152b19a1790d8401ca5989264aa9dd6ff5048f71201307,f31a17333556b5e7ac80078ae88c99f08af5269d75a4603c4f0b36336349361c,0,9,0.3,3672,3285,1377,2.342047930283224,2.342047930283224,0.0,59.0,59.0,27,True,2.2603485838779953,2.2603485838779953,0.0,60.0,60.0,28,True,18,18,0,2.342,60.0,35.671,28,True,325.5187,0.0,57a0f5086f9ddbe4fea6c5c1c1b7817065869fa64ad7864c9ebbeaa22773ef88,3.575
DSY1,detached,run_1952,random64,6.90071229300299,6.937283565323205,2.560373385344838,346.0353191567952,0.2877198939545087,0.2888430195687625,0.1275638899296872,0.0713325995335073,4.595601180263259,0.2098584867753312,0.4525467845450036,0.0051246806394883,0.2908505919263405,0.91113436469536,interfloor,ok,1f6501520749e292009e377f2dae95ae2aff27e44ca1ec2d7db254c690b2fdc9,f31a17333556b5e7ac80078ae88c99f08af5269d75a4603c4f0b36336349361c,0,9,0.3,3672,3285,1377,1.171023965141612,1.171023965141612,0.0,37.0,37.0,3,True,1.252723311546841,1.252723311546841,0.0,39.0,39.0,3,True,10,10,0,1.2527,39.0,33.805,3,True,73.4321,0.0,0466051b33f6b62e3436324fd502cb8691d8ce48a1b7b7360e4a7c4f180a7009,3.178
DSY1,semi,run_0000,stress16,8.290452087902889,9.418683364680744,2.7012424206240264,22.194473754769316,0.1796358733978168,0.0781535347590126,0.0281263147984265,0.1023603238909987,3.7187309613713815,0.2848874035155261,0.8851887605927302,0.0041794027925613,0.4679746472079719,0.7780886191933646,interfloor,ok,e52b926b4841eeff2e985b0e06463353d1249fc1f14f1b4729827ff8a566175e,f31a17333556b5e7ac80078ae88c99f08af5269d75a4603c4f0b36336349361c,0,9,0.3,3672,3285,1377,1.1437908496732025,1.1437908496732025,0.0,31.0,31.0,2,True,1.3344226579520697,1.3344226579520697,0.0,42.0,42.0,4,True,18,18,0,1.3344,42.0,33.916,4,True,49.8492,0.0,6ade4a61e28ff6b33ca175170b063e038fe0ed5eb571bceb5680becee1850960,3.219
DSY1,semi,run_0015,random64,7.108611475128714,6.493256650172337,2.557740067304502,196.7752575852872,0.3508426889305577,0.0691978473194322,0.1775662031153719,0.1504932433886532,1.1382521186428864,0.3634006054515437,0.3251097153924657,0.0053423127877505,0.7756179975255327,0.2215221883714765,interfloor,ok,6784ed03b25f591dd7947741d768b3b75153b749d51d79a062d8445ead47f771,f31a17333556b5e7ac80078ae88c99f08af5269d75a4603c4f0b36336349361c,0,9,0.3,3672,3285,1377,1.579520697167756,1.579520697167756,0.0,45.0,45.0,5,True,1.5522875816993464,1.5522875816993464,0.0,45.0,45.0,5,True,13,13,0,1.5795,45.0,34.464,5,True,226.9846,0.0,eb9b75c6262ff73c3468692f6b9c24cef775f8bfa1a43092f5653186fb7b858f,2.964
DSY1,semi,run_0023,random64,8.817343277589991,7.85539369563051,2.609145431853368,18.96253427869918,0.1742793412258079,0.1120027552699704,0.044072150885244,0.1176076252166526,3.9736567243591487,0.2414493988517185,0.6054915605613544,0.0048067660451242,0.6942537640069445,0.341692810129729,interfloor,ok,69bbcdf81740fbb4b274f721c347bec062b628abd8893129c795e04db659fedc,f31a17333556b5e7ac80078ae88c99f08af5269d75a4603c4f0b36336349361c,0,9,0.3,3672,3285,1377,1.1437908496732025,1.1437908496732025,0.0,33.0,33.0,2,True,1.1982570806100217,1.1982570806100217,0.0,38.0,38.0,3,True,12,12,0,1.1983,38.0,33.758,3,True,48.4408,0.0,bffcec6cf9b0dd8712afff4ac6e10c1c7c6497f514266e4ce3d2c64f0eab2c8c,3.147
DSY1,semi,run_0029,stress16,8.203432183124272,6.408489310261017,2.8640680741404387,300.7801611485146,0.150600147289584,0.0170107318727439,0.045297803381865,0.0140947818271048,0.8776391010432707,0.6886897929854896,0.5132570934374501,0.0061052277763261,0.1044806285204754,0.4880446808864345,interfloor,ok,68c92413f6298b3c17c76e1c5563c9834e3b21da29dc8af631420a1f590bce46,f31a17333556b5e7ac80078ae88c99f08af5269d75a4603c4f0b36336349361c,0,9,0.3,3672,3285,1377,1.715686274509804,1.715686274509804,0.0,42.0,42.0,3,True,1.824618736383442,1.824618736383442,0.0,47.0,47.0,6,True,50,50,0,1.8246,47.0,33.926,6,True,42.209,0.0,d5f049e83f4121765cb039a6b6488b31d6f59e2285c11b9075e83b7be01dae8a,3.219
DSY1,semi,run_0044,random64,6.030500032924129,7.408960521416061,2.7665628390675407,74.51262954714856,0.1781833985308706,0.2384489935374365,0.232027349722457,0.1662308275216616,3.706446374343945,0.2801471059994515,0.6879618953548321,0.0077865334940022,0.7588555884014518,0.4235989701065071,interfloor,ok,b130fcb5035c0a45917b4a46c2609e68300e8912d9643b2a1fe5f165615c2e83,f31a17333556b5e7ac80078ae88c99f08af5269d75a4603c4f0b36336349361c,0,9,0.3,3672,3285,1377,1.171023965141612,1.171023965141612,0.0,37.0,37.0,3,True,1.1982570806100217,1.1982570806100217,0.0,39.0,39.0,3,True,11,11,0,1.1983,39.0,33.813,3,True,53.6701,0.0,d9913572ecb50b39aaf28c7cdaf2637c6774377c47726060cd9beb4985cad6c2,3.247
DSY1,semi,run_0063,random64,6.5621292372608675,6.65259707923012,2.866440977345775,291.8921029230811,0.2605908839526111,0.2904109892395112,0.2396360333811598,0.1130099666030276,4.144587096716162,0.654011275402036,0.4712269209763924,0.0014834559152219,0.54773627340295,0.5710594819740411,interfloor,ok,5bcdbd80edcba272d62f2484b198540c631bac9c20180a799bd5742f6d2f3fb1,f31a17333556b5e7ac80078ae88c99f08af5269d75a4603c4f0b36336349361c,0,9,0.3,3672,3285,1377,1.715686274509804,1.715686274509804,0.0,49.0,49.0,9,True,1.6884531590413945,1.6884531590413945,0.0,50.0,50.0,9,True,17,17,0,1.7157,50.0,34.722,9,True,159.4993,0.0,cb4ddf74632a40be9e90399dfa9c7983a6eba04e5d209ec97e7d657467d48c60,3.322
DSY1,semi,run_0092,random64,9.93309790699963,8.182296197308714,2.457461454626565,111.121424386233,0.215416840146493,0.1614784962457293,0.2067813187440635,0.1045840336851818,2.5155012564866768,0.5247084843418965,0.6042830658593564,0.0091103599680866,0.403724911359604,0.9002186637947126,interfloor,ok,f1227f53ac524b4192043541b625caf3e2f88ecb5ed71831afa99344c0f5e0de,f31a17333556b5e7ac80078ae88c99f08af5269d75a4603c4f0b36336349361c,0,9,0.3,3672,3285,1377,1.2799564270152506,1.2799564270152506,0.0,38.0,38.0,3,True,1.3616557734204793,1.3616557734204793,0.0,39.0,39.0,3,True,16,16,0,1.3617,39.0,33.814,3,True,36.9415,0.0,92f40accc7a8d9e4257ce856fc608566453973577dee09cce52961bf20306dc1,3.248
DSY1,semi,run_0095,random64,6.3624501841932375,11.842510228563462,2.491939053622874,295.7462251283733,0.2198554630131667,0.0400359318923531,0.1494445134899256,0.1850285440940413,4.185455890408224,0.5956563840158877,0.8831696681502195,0.0061710397040376,0.4456313827570233,0.3457178036598204,interfloor,ok,d253170d16fa0d7ed31dbe2f4508a68d11997275c9c46f7b2204f87021bfa7f9,f31a17333556b5e7ac80078ae88c99f08af5269d75a4603c4f0b36336349361c,0,9,0.3,3672,3285,1377,1.5250544662309369,1.5250544662309369,0.0,39.0,39.0,5,True,1.5522875816993464,1.5522875816993464,0.0,43.0,43.0,5,True,22,22,0,1.5523,43.0,34.11,5,True,51.0278,0.0,e9723ce916a0c25d512fc4167e5b75e114c2d25832d30d5182277acb3e1e047d,3.312
DSY1,semi,run_0132,stress16,9.299175482807073,9.44472107084308,2.6246307962624016,120.97695746647544,0.359724968552603,0.1373453664935816,0.0250244188438973,0.1090851112819592,4.432529714102253,0.6489282768966091,0.8546248700739805,0.0100735542076731,0.2380461443404612,0.205503238738427,interfloor,ok,0f33d231506ab74108a547d12be8f6614890234f618fec4bdb45006a58c96ca0,f31a17333556b5e7ac80078ae88c99f08af5269d75a4603c4f0b36336349361c,0,9,0.3,3672,3285,1377,1.770152505446623,1.770152505446623,0.0,50.0,50.0,9,True,1.8518518518518516,1.8518518518518516,0.0,53.0,53.0,13,True,30,30,0,1.8519,53.0,34.987,13,True,69.3026,0.0,46d97879cefefaa56c86603a049e17a17b44ca738def27d85b896d607258243f,3.293
DSY1,semi,run_0169,random64,7.695473365435487,11.227744275625916,2.4943900256809504,33.74614022217156,0.1572306658104784,0.0421425997389778,0.1619378594004896,0.0133961689752927,3.577533400781542,0.3919625146305164,0.533438368709399,0.0108911883433449,0.1066031747510421,0.8986530703328954,interfloor,ok,74c1e2dad2d6ae5df8614cd5433dd54e051208672e3165cecf83d9c1033bc296,f31a17333556b5e7ac80078ae88c99f08af5269d75a4603c4f0b36336349361c,0,9,0.3,3672,3285,1377,0.4357298474945534,0.4357298474945534,0.0,20.0,20.0,0,False,0.789760348583878,0.789760348583878,0.0,24.0,24.0,0,False,23,23,0,0.7898,24.0,32.122,0,False,33.3471,0.0,212bffb8d7db7b7fb6255ebe35a2377862c24c334f1735bb5f920c1fa386c63c,3.105
DSY1,semi,run_0171,random64,7.494809621295749,11.22002626611558,2.7470227147731485,103.10589157010632,0.254781411116087,0.1019944879351144,0.3370655776713539,0.0445047342704688,4.389418546125397,0.6060268646263012,0.3276582681904973,0.005932140031043,0.3357054429082935,0.5638512940204532,interfloor,ok,b3015fc029ad9f069a9c8006d488b5cab75c08877aaaec58ee4850aa8cd25a97,f31a17333556b5e7ac80078ae88c99f08af5269d75a4603c4f0b36336349361c,0,9,0.3,3672,3285,1377,1.3344226579520697,1.3344226579520697,0.0,39.0,39.0,3,True,1.3888888888888888,1.3888888888888888,0.0,39.0,39.0,5,True,15,15,0,1.3889,39.0,33.969,5,True,44.9302,0.0,3fae887f9fac535b6eebe759a1bc4f996af7ac1a2de31d20347f822c34bd526e,3.171
DSY1,semi,run_0172,random64,9.655340429240898,7.24820416689231,2.42469543122848,172.6245737256148,0.1639874631194922,0.1196870715518636,0.3172583437442636,0.1578098077295352,0.9402029258114942,0.4028680909098489,0.8765797877084602,0.0023588769593888,0.2060066547113198,0.3409010096267915,interfloor,ok,0ae670c670ce2a591d37fb4d665632b715c13350bcd178f0ed5c74a38df6ebe9,f31a17333556b5e7ac80078ae88c99f08af5269d75a4603c4f0b36336349361c,0,9,0.3,3672,3285,1377,1.1982570806100217,1.1982570806100217,0.0,34.0,34.0,2,True,1.2799564270152506,1.2799564270152506,0.0,37.0,37.0,2,True,22,22,0,1.28,37.0,33.354,2,True,14.2524,0.0,601fae501a3df9922ee6fb4bd6b2b085d6371c9360af9179fad7eb0e7e984393,3.315
DSY1,semi,run_0189,random64,8.854541179080801,10.452603750516715,2.9188006260871417,67.8876582569418,0.3641510351705923,0.0892540763860939,0.3097302387013971,0.1440692649228458,2.707948972652005,0.2832682627500669,0.6646816722211282,0.0103303899374604,0.1290129201750531,0.0948871124029668,interfloor,ok,242eb1d51a534c9323f8e21489e650d599a841c87aaa6cf652e401f7292ef6e0,f31a17333556b5e7ac80078ae88c99f08af5269d75a4603c4f0b36336349361c,0,9,0.3,3672,3285,1377,1.2799564270152506,1.2799564270152506,0.0,37.0,37.0,3,True,1.3344226579520697,1.3344226579520697,0.0,40.0,40.0,3,True,17,17,0,1.3344,40.0,33.734,3,True,38.6454,0.0,ed8af2baab009d110b2990b993c41a3fa17c50b4d97697bbb2e70bafe5ea88ec,3.259
DSY1,semi,run_0203,random64,7.977123523285825,8.285263931205199,2.712837171815562,89.35419205267758,0.1358151170477194,0.188340689716523,0.0697252800449031,0.1120892354037314,1.7190015052738117,0.5071421704296211,0.5490554865529775,0.0022577353970723,0.6310346873260598,0.5050302275796102,interfloor,ok,cfb3a5decc2ccd3d29ced5ab34c695148d293025d7c5777a551e6ed8cfd2d2a4,f31a17333556b5e7ac80078ae88c99f08af5269d75a4603c4f0b36336349361c,0,9,0.3,3672,3285,1377,1.1982570806100217,1.1982570806100217,0.0,37.0,37.0,3,True,1.252723311546841,1.252723311546841,0.0,39.0,39.0,3,True,16,16,0,1.2527,39.0,33.791,3,True,38.4688,0.0,2d4fe4b875dac48fc30d51101fb26cf8671502fc8ad370afbe467ea31bcdaae8,3.168
DSY1,semi,run_0208,random64,7.080933225138338,8.151979458855823,2.6146631258077835,109.77210266794091,0.1350633821387371,0.2826211130453059,0.3158693984636647,0.1010376581025481,1.0331012809233195,0.4004981292509733,0.7085516862951541,0.001430792206345,0.6109790032078951,0.401205105008072,interfloor,ok,491df09664c2e980c780c44a0aecbcbce60cb4a9ceab8da84ea855c6364f080e,f31a17333556b5e7ac80078ae88c99f08af5269d75a4603c4f0b36336349361c,0,9,0.3,3672,3285,1377,1.171023965141612,1.171023965141612,0.0,35.0,35.0,2,True,1.1982570806100217,1.1982570806100217,0.0,38.0,38.0,3,True,12,12,0,1.1983,38.0,33.641,3,True,43.2636,0.0,5d9556f95e0d1b0d1185e4f1501d39822314671beba040689f0c6ccbc190e0c6,3.374
DSY1,semi,run_0239,stress16,8.966408949597819,7.177231125441284,2.4933678450716044,17.389312189459034,0.33924506984946,0.1909431656003543,0.2552562075773003,0.1590237503532047,0.8661594681833358,0.6951609206290856,0.8620318201574801,0.0106498566496832,0.1330127200193476,0.4051665189182183,interfloor,ok,bf6ba9d7f82a01ebc5a44310791aa9df81847e4df0ff0b2d4ca6939a0d0ba0ab,f31a17333556b5e7ac80078ae88c99f08af5269d75a4603c4f0b36336349361c,0,9,0.3,3672,3285,1377,2.7233115468409586,2.7233115468409586,0.0,47.0,47.0,11,True,3.077342047930283,3.077342047930283,0.0,50.0,50.0,11,True,88,197,109,3.0773,50.0,34.601,11,True,47.8869,0.0,cb85c4ab2125f246f654c8ee2297123e68e7d0a821b4ca3e9c06ceb56b01a702,3.514
DSY1,semi,run_0241,stress16,8.986985502735077,6.370726990713231,2.8262969611987976,288.55522855132386,0.3577817612158999,0.1857466310998697,0.1900534041160908,0.1183127038015254,1.180262981894609,0.5586107918959073,0.4841391966636397,0.0026352311391234,0.7606078576767147,0.3295277351670737,interfloor,ok,ea186b886ecdd5ae406df8d6ae965b58ce6bbdd5f4d3afa815b9601c75066d9c,f31a17333556b5e7ac80078ae88c99f08af5269d75a4603c4f0b36336349361c,0,9,0.3,3672,3285,1377,2.805010893246187,2.805010893246187,0.0,52.0,52.0,21,True,2.832244008714597,2.832244008714597,0.0,54.0,54.0,18,True,39,84,45,2.8322,54.0,35.087,21,True,539.6149,0.0,51a466b4cddcf70b2ab4eeb40a9defa801597474ef7478bbb00bf1b43a36a197,3.511
DSY1,semi,run_0298,random64,8.332008660398749,7.514114819729058,2.5770632840161176,32.65999947584161,0.3675082359468328,0.2612870512859359,0.1947062270800404,0.092184612395228,2.2327759245070897,0.4154681534695688,0.4491901728869033,0.0031863362642622,0.2918284207024562,0.3945965827764047,interfloor,ok,00054698a39dd1a4e32b38b458a9f8dd42acee131d8927f715f8306b33035736,f31a17333556b5e7ac80078ae88c99f08af5269d75a4603c4f0b36336349361c,0,9,0.3,3672,3285,1377,1.443355119825708,1.443355119825708,0.0,40.0,40.0,5,True,1.4705882352941175,1.4705882352941175,0.0,41.0,41.0,5,True,17,17,0,1.4706,41.0,34.248,5,True,60.9341,0.0,68a40f14a3e9b7a5aee7aac3c1bff8da0f555461ff27d1d704f6849de72bbc23,3.294
DSY1,semi,run_0302,random64,6.464886681198625,6.461232658039725,2.595607139740693,200.15410369855252,0.1048401522366748,0.0500529154312022,0.2464765860508568,0.138708672410398,1.0994929560158817,0.5957829612933677,0.6712389000184744,0.0114188958123249,0.5764259455075901,0.8590859386058312,interfloor,ok,a927ed68ef61faa027178883d947924a1c9f25ad3b5e81267387f31046cdc7e8,f31a17333556b5e7ac80078ae88c99f08af5269d75a4603c4f0b36336349361c,0,9,0.3,3672,3285,1377,1.2799564270152506,1.2799564270152506,0.0,38.0,38.0,3,True,1.3344226579520697,1.3344226579520697,0.0,40.0,40.0,3,True,18,18,0,1.3344,40.0,33.789,3,True,38.7526,0.0,a7b87f17a9588bdaf18301b5cfdd0f6bd82063422cf59b2559b6f39cdc8bce3f,3.325
DSY1,semi,run_0421,random64,7.259944904757417,9.95766854175178,2.9168650187863294,194.2486599421907,0.3312206235671143,0.0946711362366577,0.2923395976811948,0.0428674051588782,2.175209421544923,0.3660505438690433,0.3166605386628426,0.005912152362126,0.7213775997545232,0.4076882356228147,interfloor,ok,acc46c8900ac82307ec55b85f140b82e46de2aa235f399c0a0d2bd44be38f467,f31a17333556b5e7ac80078ae88c99f08af5269d75a4603c4f0b36336349361c,0,9,0.3,3672,3285,1377,1.4705882352941175,1.4705882352941175,0.0,40.0,40.0,5,True,1.4978213507625273,1.4978213507625273,0.0,41.0,41.0,5,True,12,12,0,1.4978,41.0,34.289,5,True,102.7896,0.0,bf7c51ae4d4aa4098874664b375e1dffb8914fcde520acf58bb68703a7ff05b5,3.19
DSY1,semi,run_0456,random64,7.235653346407408,11.709367776516928,2.5247172842449146,164.85689193046983,0.316903563356449,0.2724207622108091,0.0275777940548623,0.1306855280144903,4.841830387386058,0.3607166626987048,0.7357196636648353,0.0087398255812502,0.7615723805690275,0.6784222436994939,interfloor,ok,17fce657290b2bc85dd47951e6d93934bd417e58b6ad0aae719a441297c0fc61,f31a17333556b5e7ac80078ae88c99f08af5269d75a4603c4f0b36336349361c,0,9,0.3,3672,3285,1377,1.2254901960784315,1.2254901960784315,0.0,38.0,38.0,3,True,1.3888888888888888,1.3888888888888888,0.0,41.0,41.0,5,True,13,13,0,1.3889,41.0,34.205,5,True,76.4719,0.0,367fbe098a9f025773c7294cd262613668196f7e3857a12d23a0c7f913714538,3.259
DSY1,semi,run_0492,stress16,8.550782772522515,11.776115421222215,2.699213296519177,334.2020798495306,0.3999904372395374,0.0206995492983702,0.0607249068429463,0.0682232294671505,1.1214548050257498,0.6419965380885064,0.7204194426782291,0.0073087888941234,0.247223981405377,0.2972364509554138,interfloor,ok,e2d6e373c2990898b59dfb073c557fbdfbe212207e99b44f82ec1fc2d5cb0953,f31a17333556b5e7ac80078ae88c99f08af5269d75a4603c4f0b36336349361c,0,9,0.3,3672,3285,1377,1.906318082788671,1.906318082788671,0.0,49.0,49.0,9,True,1.9335511982570806,1.9335511982570806,0.0,53.0,53.0,13,True,40,49,9,1.9336,53.0,34.782,13,True,72.6883,0.0,89ec3a24a6ee7867012bedac4552059fc8001b8fcd7f09d50247e3142f0c4912,3.334
DSY1,semi,run_0499,random64,7.858804507830091,10.349836369453136,2.532898445475049,95.20960247737294,0.2105308086928702,0.2661776403887546,0.202952619776223,0.042630729895842,4.479626527348435,0.5735404220619731,0.7008795170704228,0.0036983473818156,0.1567476492121556,0.6596289751233395,interfloor,ok,92ef8117aebae1f5bdec0c71ef37e5e29eb8c5f2caa25c18ab9a26b9c8f6c580,f31a17333556b5e7ac80078ae88c99f08af5269d75a4603c4f0b36336349361c,0,9,0.3,3672,3285,1377,1.2254901960784315,1.2254901960784315,0.0,31.0,31.0,1,True,1.2799564270152506,1.2799564270152506,0.0,36.0,36.0,2,True,19,19,0,1.28,36.0,33.315,2,True,24.7392,0.0,b8eca5e7b25eaac3b377ddbfda34304da44cf6971c450d88129273fe802a5c3f,3.263
DSY1,semi,run_0500,random64,9.82451369711319,10.845295277018504,2.7073204009582628,108.9848566026068,0.2404164756163604,0.2191691030494161,0.3170431197618952,0.1101248845957577,4.246097291116642,0.3146179268775989,0.8846779164318552,0.002952629013426,0.3985480745890861,0.6671409251817507,interfloor,ok,ab321e9f2430d767bc3652367ccc9ec6dae4656b513acd4c7bf3e08e86b60331,f31a17333556b5e7ac80078ae88c99f08af5269d75a4603c4f0b36336349361c,0,9,0.3,3672,3285,1377,1.1437908496732025,1.1437908496732025,0.0,32.0,32.0,2,True,1.171023965141612,1.171023965141612,0.0,37.0,37.0,3,True,13,13,0,1.171,37.0,33.583,3,True,33.7458,0.0,0a9e3ea836d2bd1208bdcdcb1cdd1d2608ef5892f0c4df0b7032b74761ff83d0,3.256
DSY1,semi,run_0628,stress16,9.72733840356107,7.8427669792229615,2.5924321527735392,359.8933269015914,0.3529783862372112,0.0761779621335445,0.3273904561993191,0.0824461595128538,3.4708268892998255,0.3251799736172571,0.3503616556392233,0.0015213312741712,0.7206263247604744,0.7182250817689112,interfloor,ok,be42ccb9bb3c925768aaad6f1087fde7765fa72c6568f07598327cf1689b0842,f31a17333556b5e7ac80078ae88c99f08af5269d75a4603c4f0b36336349361c,0,9,0.3,3672,3285,1377,1.252723311546841,1.252723311546841,0.0,36.0,36.0,3,True,1.3071895424836601,1.3071895424836601,0.0,39.0,39.0,3,True,11,11,0,1.3072,39.0,33.895,3,True,61.6541,0.0,caaa64bacea31be9156897d1e10530862f0103b491d654cef9d959c1aa413fc8,3.231
DSY1,semi,run_0745,random64,9.403992115334937,8.48512079989969,2.7038151450428907,145.5310132662222,0.2567053419094268,0.2898505421920269,0.0488499881238593,0.1014932783378585,1.1571722700731573,0.4833947498367663,0.8213087990653432,0.008725404304492,0.7657037313194129,0.8876906018863312,interfloor,ok,938193cbb28588e22bd2d5c5e02a2aeeb6caf281e9e06559e0a372e4f5070ec7,f31a17333556b5e7ac80078ae88c99f08af5269d75a4603c4f0b36336349361c,0,9,0.3,3672,3285,1377,1.3344226579520697,1.3344226579520697,0.0,39.0,39.0,5,True,1.4161220043572984,1.4161220043572984,0.0,42.0,42.0,5,True,16,16,0,1.4161,42.0,34.254,5,True,100.0585,0.0,33486b0e9163b04f2d288a6470fba94cace3432460cfaafbc59e5d725b250880,3.315
DSY1,semi,run_0768,stress16,6.634637881940697,11.603463379949876,2.9452065682690702,7.656125949492523,0.3673240508605883,0.0703946751822334,0.0882239068606324,0.0721394554328508,0.8794108960838816,0.6853284584119119,0.8495356125752638,0.0109339718263157,0.2996274968959122,0.0483529411528591,interfloor,ok,4bdc042995672d9fe69dd974c5d5777b4b56dd885fbe71ce9a0edb15192b8c62,f31a17333556b5e7ac80078ae88c99f08af5269d75a4603c4f0b36336349361c,0,9,0.3,3672,3285,1377,2.178649237472767,2.178649237472767,0.0,48.0,48.0,10,True,2.369281045751634,2.369281045751634,0.0,53.0,53.0,17,True,51,86,35,2.3693,53.0,34.897,17,True,122.012,0.0,32db45e388eaca5653c70fb6f5cd70f6949be0494a9ecda277eeea6e2427e9c1,3.453
DSY1,semi,run_0785,random64,8.940781628092497,8.940854789499578,2.71333172432655,21.027453984889203,0.3107729422642821,0.2659499439488594,0.1570556761118805,0.0362424341838409,3.092059615457477,0.5972727377148599,0.3537591526886088,0.010305774523266,0.4150422534097331,0.1795157167910107,interfloor,ok,d82123d01cffa5ff91daf86f696a755f0f2e192df462ff9d999ca571a3d90229,f31a17333556b5e7ac80078ae88c99f08af5269d75a4603c4f0b36336349361c,0,9,0.3,3672,3285,1377,1.5250544662309369,1.5250544662309369,0.0,40.0,40.0,5,True,1.579520697167756,1.579520697167756,0.0,41.0,41.0,6,True,16,16,0,1.5795,41.0,34.254,6,True,66.8182,0.0,928c87997983bdfe4815f0b840277fd7903397c226912e627e8e45aa8b1e73a4,3.293
DSY1,semi,run_0788,random64,8.782009887322488,9.886407966385462,2.689241045237277,165.79600971047623,0.1806222296930827,0.0350189214807997,0.2624851560323494,0.0761344647472262,0.8504742135136384,0.5569179194726575,0.8553784108853641,0.0092759304403749,0.5281861664355341,0.2100976052058908,interfloor,ok,2016d13ad78ec804f7683d582fec36a192384233f876066d0512380c9de384ed,f31a17333556b5e7ac80078ae88c99f08af5269d75a4603c4f0b36336349361c,0,9,0.3,3672,3285,1377,1.3616557734204793,1.3616557734204793,0.0,39.0,39.0,3,True,1.3616557734204793,1.3616557734204793,0.0,41.0,41.0,5,True,20,20,0,1.3617,41.0,33.981,5,True,44.528,0.0,a9a0fd2299d981bb68696c658fd77c2be92c5b5db691d3a53f57d8b7953b9ab9,3.264
DSY1,semi,run_0821,random64,8.168610103195812,6.295910082319626,2.44919521726831,83.16215592635217,0.1633699932395152,0.2793528873688088,0.3075031868920546,0.1071356027635634,4.694512503188105,0.3195967627738837,0.4662343120140395,0.0025933405746935,0.4004795609820039,0.9249981780019016,interfloor,ok,3f6a99112d15016d2564865c3730c24db1d8c4acc5869820f8398f1388c48142,f31a17333556b5e7ac80078ae88c99f08af5269d75a4603c4f0b36336349361c,0,9,0.3,3672,3285,1377,1.1165577342047932,1.1165577342047932,0.0,32.0,32.0,2,True,1.171023965141612,1.171023965141612,0.0,37.0,37.0,2,True,12,12,0,1.171,37.0,33.55,2,True,35.1106,0.0,b4b10930766ce7277651445f3c433afd1b75e3a27b193f6c64a7348fd719eee1,3.211
DSY1,semi,run_0833,random64,6.881397296298271,10.882836593895547,2.866583637518168,115.0820265960748,0.2101446861231999,0.1571910951166595,0.0991883520257245,0.1038913954908974,2.054872833294584,0.31784047548047,0.3619575529089111,0.0100872283500496,0.3785981589568508,0.1448921445221051,interfloor,ok,2bede113c82c0ff650d6242eba2ba5798d58babec44acded165db398d5e54916,f31a17333556b5e7ac80078ae88c99f08af5269d75a4603c4f0b36336349361c,0,9,0.3,3672,3285,1377,1.171023965141612,1.171023965141612,0.0,36.0,36.0,2,True,1.1982570806100217,1.1982570806100217,0.0,38.0,38.0,3,True,13,13,0,1.1983,38.0,33.628,3,True,36.1846,0.0,18ff4353e4d63324fe197908ea75786349e091b8472f43e3f43c71b1c49d808d,3.156
DSY1,semi,run_0841,random64,8.367547204965499,7.256923551190713,2.9918995286847547,209.09780783784907,0.2412457505801208,0.2385274524029789,0.0999052231342154,0.0327496438192871,4.272186592040046,0.5573251812470255,0.5047083796199578,0.0034639552327845,0.6468288498143069,0.6883388060301502,interfloor,ok,d8f8eed21789d224d89929e203a5ceb8e39294a93956610c50963f76a09be331,f31a17333556b5e7ac80078ae88c99f08af5269d75a4603c4f0b36336349361c,0,9,0.3,3672,3285,1377,1.4978213507625273,1.4978213507625273,0.0,40.0,40.0,5,True,1.5250544662309369,1.5250544662309369,0.0,43.0,43.0,5,True,13,13,0,1.5251,43.0,34.377,5,True,83.3879,0.0,5934ad86f99517310193f9e8a199f10691a4807b1e812066bfa8bd8fb41037b2,3.199
DSY1,semi,run_0844,random64,8.746712419323499,8.255288205551997,2.8301858731668736,119.6183960439886,0.1994819192503905,0.27254785547391,0.0411225287078061,0.1609877938402135,1.483139363161183,0.3044285647779056,0.8800589857851471,0.0064660006290998,0.7491636968151721,0.9819550749784538,interfloor,ok,883b813666894f352b4fc0dd8720f9b2014b9f929d75e12b9d9b27e9dd399555,f31a17333556b5e7ac80078ae88c99f08af5269d75a4603c4f0b36336349361c,0,9,0.3,3672,3285,1377,1.171023965141612,1.171023965141612,0.0,38.0,38.0,3,True,1.3344226579520697,1.3344226579520697,0.0,40.0,40.0,5,True,15,15,0,1.3344,40.0,34.058,5,True,55.9105,0.0,0185ee5ffde531a05acd9bc653ebb75c07693b3bd69ed9896e0d685588e44042,3.318
DSY1,semi,run_0887,random64,9.484724765067508,11.174464591770498,2.414911442203662,229.80644996404757,0.2796275305540545,0.0758284244041909,0.2896741830836959,0.1751072335090888,1.6995338270119895,0.3107776781053267,0.4257006634020504,0.0114970329370951,0.491908950611397,0.9890734482016346,interfloor,ok,ef778e8096cbc0e497fa7f5eeddfabd5e1213647416dc210a3784678930090de,f31a17333556b5e7ac80078ae88c99f08af5269d75a4603c4f0b36336349361c,0,9,0.3,3672,3285,1377,1.171023965141612,1.171023965141612,0.0,37.0,37.0,2,True,1.1982570806100217,1.1982570806100217,0.0,38.0,38.0,3,True,13,13,0,1.1983,38.0,33.666,3,True,34.7868,0.0,671fab46185eab1b43b3dc63cabb58d282b24517c9f1228006f2455c618c3113,3.249
DSY1,semi,run_1025,stress16,6.001988515451892,8.013747343359917,2.712128069948224,187.7230485160186,0.3988100711297681,0.0143824485162627,0.2716513893534522,0.0592134160641791,2.773734982619098,0.4008863300303726,0.4244523072802022,0.0086936739506271,0.2466612679915689,0.5322139386093038,interfloor,ok,b6d713a6f7a5bb9a8c27aab46ff68bb2fda842a51c027fc00e8a2b89c37b447d,f31a17333556b5e7ac80078ae88c99f08af5269d75a4603c4f0b36336349361c,0,9,0.3,3672,3285,1377,1.579520697167756,1.579520697167756,0.0,46.0,46.0,5,True,1.5522875816993464,1.5522875816993464,0.0,48.0,48.0,5,True,18,18,0,1.5795,48.0,34.437,5,True,74.6356,0.0,a245b754dc04bcb91ceb9e467c9495c09ab0e6e358f278f0bb8b5e865859c0ff,3.24
DSY1,semi,run_1083,random64,8.454517480509306,7.606900202320765,2.5501477925335045,241.34481889977465,0.2891208841498976,0.1515706845674109,0.1605073890215713,0.1607015551309144,1.101558526110067,0.2140821822715956,0.8767854811568954,0.0117808467129899,0.4181305553407746,0.979553351344094,interfloor,ok,68da9cfc2033be5e6b3f296e8da3b07b8c9673da0744397ef2d4d5cf7376fcdf,f31a17333556b5e7ac80078ae88c99f08af5269d75a4603c4f0b36336349361c,0,9,0.3,3672,3285,1377,1.1982570806100217,1.1982570806100217,0.0,38.0,38.0,3,True,1.252723311546841,1.252723311546841,0.0,39.0,39.0,3,True,14,14,0,1.2527,39.0,33.849,3,True,44.3351,0.0,b817f39b981c241dc9b14720ca62b9f3abebf864fc26dd891fa4e24a516d4282,3.317
DSY1,semi,run_1093,random64,8.002380628505447,10.166259736812894,2.8796333119979427,171.23898423952662,0.100090185215434,0.0543938555226989,0.0270087812313298,0.0755226196018769,1.8235443611211988,0.386033384594613,0.8407906551118343,0.0050274494110316,0.354654458456868,0.9837284633011107,interfloor,ok,b48721f79a49bfe1a6db75d62a9deb36fe8a2dcd1dd72d5082c32bdfdcf00c9f,f31a17333556b5e7ac80078ae88c99f08af5269d75a4603c4f0b36336349361c,0,9,0.3,3672,3285,1377,0.9803921568627451,0.9803921568627451,0.0,29.0,29.0,0,False,1.3344226579520697,1.3344226579520697,0.0,38.0,38.0,2,True,25,25,0,1.3344,38.0,33.53,2,True,40.0467,0.0,51a496f0af29a6a84754984c88adeb444d6de874af23b47e10450e59aa2509c4,3.125
DSY1,semi,run_1130,random64,9.188456848978468,11.639043127509634,2.559744911138821,29.410840417817724,0.1117948532135704,0.2858457406091068,0.2595794543528447,0.1999165833637279,1.1743911222239498,0.471472375004214,0.5367601190449024,0.0117616437190273,0.2970725510522888,0.433698314360111,interfloor,ok,8abac346fdebc532f03462d19b479ce4416401129eb14cff4af4608416515ebe,f31a17333556b5e7ac80078ae88c99f08af5269d75a4603c4f0b36336349361c,0,9,0.3,3672,3285,1377,0.8714596949891068,0.8714596949891068,0.0,27.0,27.0,0,False,0.9803921568627451,0.9803921568627451,0.0,29.0,29.0,0,False,19,19,0,0.9804,29.0,32.731,0,False,8.4855,0.0,cb487ba1a43d14b805b6fc33d05b8b1bb462fb551f4fe801b1d263582a76b1f3,3.32
DSY1,semi,run_1192,random64,6.574979979831511,11.394826702694091,2.6678524442714378,83.01673689334608,0.3565625542057532,0.2467632876240327,0.0518339126921443,0.087289463380345,1.2028290993735582,0.4784511509089152,0.6693643480800702,0.0064013535611167,0.4547676125272111,0.8704605859623464,interfloor,ok,d48cfcc5aeb150d10213919f84fd31722080a0b8f1d32a5fe903c133105b5fb6,f31a17333556b5e7ac80078ae88c99f08af5269d75a4603c4f0b36336349361c,0,9,0.3,3672,3285,1377,1.3888888888888888,1.3888888888888888,0.0,39.0,39.0,5,True,1.5250544662309369,1.5250544662309369,0.0,42.0,42.0,6,True,16,16,0,1.5251,42.0,34.261,6,True,86.0951,0.0,17d55e4b9a7d617935d7f567f9142e0d80f76e6eb74ff7dd074d4a5e93e1e178,3.259
DSY1,semi,run_1197,random64,9.55307660622851,10.935446202367611,2.651431698797591,89.14333515226049,0.2043520540065082,0.2592494770209894,0.0576746329066228,0.0781157588360924,2.1857332563991227,0.2060785959940542,0.5149724560393532,0.0076651831377733,0.6733006645411621,0.4720333855727691,interfloor,ok,39850261b76c89d7becbf7901effd1db77c7b1cebe3b3bb3d793c7af93755cb8,f31a17333556b5e7ac80078ae88c99f08af5269d75a4603c4f0b36336349361c,0,9,0.3,3672,3285,1377,1.0348583877995643,1.0348583877995643,0.0,30.0,30.0,2,True,1.171023965141612,1.171023965141612,0.0,34.0,34.0,2,True,12,12,0,1.171,34.0,33.497,2,True,34.2386,0.0,adb530013ff687d3e71c2277029371c2511e910f9adb5fe08165b36ca02681ef,3.388
DSY1,semi,run_1199,stress16,8.893313295309667,6.752916196560016,2.775376919971335,90.13627347871588,0.1083033134047148,0.1785539237225437,0.0601924888116002,0.0886989224971885,1.0127404186376616,0.4736069389205135,0.8365327423703692,0.0052546015723922,0.7998494879171348,0.7537545170074853,interfloor,ok,9b83ace49e7092d403b4d93a9b9f545fbf0fa5faa05830f09f357333eb0439a2,f31a17333556b5e7ac80078ae88c99f08af5269d75a4603c4f0b36336349361c,0,9,0.3,3672,3285,1377,1.171023965141612,1.171023965141612,0.0,38.0,38.0,3,True,1.3344226579520697,1.3344226579520697,0.0,41.0,41.0,4,True,18,18,0,1.3344,41.0,33.932,4,True,43.8014,0.0,796e1a6fc2f4dd6539a58046274313cc966ce8dcfbd13f477558522df7af27d6,3.391
DSY1,semi,run_1207,random64,9.168130791502008,9.004696072729846,2.8115599835956373,142.9180739985565,0.1284202723692254,0.1867752178704292,0.3348439656423181,0.1317711005700411,2.4118781979192816,0.4565266167997619,0.610364497850469,0.004851525079017,0.1978381158264388,0.9603135205592784,interfloor,ok,d3a2482c97fb5960307f864925d43b2658ff974d1a8aafba90e8e10a1bae0af6,f31a17333556b5e7ac80078ae88c99f08af5269d75a4603c4f0b36336349361c,0,9,0.3,3672,3285,1377,0.9803921568627451,0.9803921568627451,0.0,29.0,29.0,0,False,1.0348583877995643,1.0348583877995643,0.0,31.0,31.0,0,False,19,19,0,1.0349,31.0,32.918,0,False,12.6096,0.0,f6913929073a90e1c705b3e6806ca4a184ddb395fff7b424dfbcab87caf4bd64,3.257
DSY1,semi,run_1209,random64,8.118074804521358,11.978193458414612,2.9036564697751355,244.9524063171716,0.3754156589993933,0.1220701597070463,0.1432447265725567,0.0531746170798,1.5295117539422654,0.5948510668405462,0.606964077683358,0.0056553556870505,0.480152133711234,0.6399576848879639,interfloor,ok,1ced20cc4c650a9a2a935ca16b3bd914dd743506e8f388c871b7c09f3add17d4,f31a17333556b5e7ac80078ae88c99f08af5269d75a4603c4f0b36336349361c,0,9,0.3,3672,3285,1377,1.824618736383442,1.824618736383442,0.0,49.0,49.0,8,True,1.824618736383442,1.824618736383442,0.0,50.0,50.0,8,True,25,26,1,1.8246,50.0,34.679,8,True,171.1719,0.0,26885394a6e57c33c41b44f7523406f8b329881e766c0ddbb009f9c7f477cfc9,3.326
DSY1,semi,run_1214,stress16,7.588108618860515,7.752734140780623,2.826539668699661,130.3981801828211,0.3484607578703986,0.1342467316483606,0.1687813557233073,0.1611491128809359,1.000533177193956,0.6979521394451516,0.3042607275737717,0.007184911846836,0.7742265557708546,0.5938512492331808,interfloor,ok,f13bf0bf2734cf85060ccb4e85e1ff15bf4137b4bfc856f09959955921466bf6,f31a17333556b5e7ac80078ae88c99f08af5269d75a4603c4f0b36336349361c,0,9,0.3,3672,3285,1377,2.696078431372549,2.696078431372549,0.0,51.0,51.0,11,True,2.64161220043573,2.64161220043573,0.0,51.0,51.0,11,True,36,40,4,2.6961,51.0,34.909,11,True,405.5758,0.0,a01be4b18411c5bd015613d1f7be531a114da75649cbbf25210ece6312cec673,3.402
DSY1,semi,run_1248,random64,9.06874655668104,6.39714339888123,2.4388587665273502,227.04203511645017,0.300438463458426,0.1826052445691555,0.3125340008743582,0.017922370396233,1.828155892567156,0.634732281708217,0.5900520904862452,0.0086471631277632,0.744025489137654,0.0859871297257144,interfloor,ok,936d54a8af6c63a74871ca7199ba015e0e6b8abea5ebcd4b2d51380f5322c745,f31a17333556b5e7ac80078ae88c99f08af5269d75a4603c4f0b36336349361c,0,9,0.3,3672,3285,1377,1.9607843137254901,1.9607843137254901,0.0,48.0,48.0,8,True,2.0969498910675384,2.0969498910675384,0.0,50.0,50.0,10,True,23,24,1,2.0969,50.0,34.808,10,True,290.5785,0.0,ce6d3d8471fdddfcd5851a067a44bd5ce4b887ed959adb1202f9d375db415299,3.328
DSY1,semi,run_1268,random64,8.672107632349496,6.077241426467557,2.800377196115221,248.79991969356283,0.3247953487491061,0.0219064414200164,0.0826480006959761,0.1562970222400376,2.814679622664271,0.6718729366355661,0.6906200825760328,0.0011846727722075,0.1220025434097146,0.2148351272313768,interfloor,ok,c1671f0c4c5c90f8b36e4d83338a4ce969cfb5fecce28379fae4a3c68d96c9d3,f31a17333556b5e7ac80078ae88c99f08af5269d75a4603c4f0b36336349361c,0,9,0.3,3672,3285,1377,2.559912854030501,2.559912854030501,0.0,64.0,64.0,27,True,2.369281045751634,2.369281045751634,0.0,64.0,64.0,27,True,51,52,1,2.5599,64.0,35.368,27,True,58.2319,0.0,c2834e4eed501cb6839741053c300e249651fba2d6e5428a70b190d29c95a029,3.288
DSY1,semi,run_1274,random64,6.241960005906613,10.399629191334888,2.8831521889224567,182.0303542420824,0.3893387920102038,0.2765961269867158,0.2263723592999344,0.0811994462666564,1.6006253230049623,0.428158997554932,0.6483239736954343,0.0098985746010797,0.660318092457969,0.5707357570475454,interfloor,ok,d4044cebb430678d54f80620e8db41ae25e3d4f77f5dd73568a6ff7ceb1d7424,f31a17333556b5e7ac80078ae88c99f08af5269d75a4603c4f0b36336349361c,0,9,0.3,3672,3285,1377,1.6067538126361656,1.6067538126361656,0.0,45.0,45.0,5,True,1.579520697167756,1.579520697167756,0.0,47.0,47.0,5,True,15,15,0,1.6068,47.0,34.487,5,True,190.854,0.0,a07304057c6fb19a942b748efb958283f143b97ac7c0aad81679eff92dfd34c6,3.432
DSY1,semi,run_1295,random64,9.700875846736846,11.393976617728896,2.625245447765509,15.055808046872396,0.1106551028886222,0.1052395899485283,0.0428257154219093,0.0339409350855904,4.282889671851096,0.2731703980561324,0.697609692323854,0.0071462703374351,0.7016648928179255,0.864958402476004,interfloor,ok,e40914c6ab5af40f2ff49518d7eaf3b002fbe15d8c5fd53302171b1eb1bf60f2,f31a17333556b5e7ac80078ae88c99f08af5269d75a4603c4f0b36336349361c,0,9,0.3,3672,3285,1377,0.8169934640522877,0.8169934640522877,0.0,28.0,28.0,0,False,1.0620915032679739,1.0620915032679739,0.0,32.0,32.0,2,True,16,16,0,1.0621,32.0,33.359,2,True,34.1862,0.0,6869007917bb5a2fd522b8968300b64437329c36b53b9b7fa2d0fb54e611098f,3.146
DSY1,semi,run_1311,random64,9.165362455102658,7.340987815898325,2.8133939339727108,305.0567196793675,0.1889324964091247,0.0323126599434309,0.1588020548110891,0.026092481744294,1.1716059785701818,0.6238515161870499,0.5930562544217899,0.0094844252584585,0.5560536106491164,0.7347389973183898,interfloor,ok,efe20f6b0466cffb7677e2f3cbd13e86a6f0cc1c92c01415e7e85d61043a4661,f31a17333556b5e7ac80078ae88c99f08af5269d75a4603c4f0b36336349361c,0,9,0.3,3672,3285,1377,1.4705882352941175,1.4705882352941175,0.0,39.0,39.0,5,True,1.5250544662309369,1.5250544662309369,0.0,44.0,44.0,5,True,22,22,0,1.5251,44.0,34.225,5,True,65.3856,0.0,ee6827650392eb222385470123cc4e6840416de4467f2ce68fa5585111c94d27,3.244
DSY1,semi,run_1388,random64,9.678814831103882,8.915890074047772,2.800541899467576,218.74280184445405,0.1098036268680505,0.2727958848646888,0.3439519392324434,0.136424623817726,2.406438737900367,0.2924614656342366,0.358399055620711,0.0107980260130701,0.4314042170048758,0.6522212139098633,interfloor,ok,e7a6f64b15ef4443b74b6beb161f7b09b2b2b505f13939d5d4e18068c77713f6,f31a17333556b5e7ac80078ae88c99f08af5269d75a4603c4f0b36336349361c,0,9,0.3,3672,3285,1377,0.9259259259259258,0.9259259259259258,0.0,29.0,29.0,0,False,1.0348583877995643,1.0348583877995643,0.0,30.0,30.0,2,True,12,12,0,1.0349,30.0,33.157,2,True,14.6992,0.0,48595c4da0b0d1f12df427393c20112675d7602f2749f8adbb024f53b4f12bc3,3.303
DSY1,semi,run_1391,random64,9.65754037174086,7.371418965081008,2.4723911477589064,245.60981709998856,0.1947631756497077,0.2039411843608119,0.1074218120281111,0.0162622533962714,4.722810987580656,0.4500350593640352,0.4151046102651455,0.0083872118280736,0.1148113999145338,0.1106668227864503,interfloor,ok,9c46957d010c158c49f7ec7d5dac99037b54b1b8931b65f526a4ead07b8cc980,f31a17333556b5e7ac80078ae88c99f08af5269d75a4603c4f0b36336349361c,0,9,0.3,3672,3285,1377,1.3071895424836601,1.3071895424836601,0.0,32.0,32.0,1,True,1.3616557734204793,1.3616557734204793,0.0,38.0,38.0,2,True,26,26,0,1.3617,38.0,33.339,2,True,28.1395,0.0,3f1894240ac20d4de33e65af3597109bb6cfb86c6b885a7b385f62cf3e88db0a,3.219
DSY1,semi,run_1416,stress16,7.611423563474337,8.698251521688531,2.426406411760429,121.28644403903304,0.2515937716162215,0.0800541981528088,0.2307818781610998,0.0347059324643584,3.835273389438587,0.5544241075079898,0.5745584674183433,0.0058908240493479,0.1000232333706224,0.4592619165338935,interfloor,ok,170a3bf6a861781430fdeaf4ed0f2ed90bb48c0bd0f166a93f14085cf9cac8cd,f31a17333556b5e7ac80078ae88c99f08af5269d75a4603c4f0b36336349361c,0,9,0.3,3672,3285,1377,1.3888888888888888,1.3888888888888888,0.0,36.0,36.0,2,True,1.4705882352941175,1.4705882352941175,0.0,41.0,41.0,3,True,29,29,0,1.4706,41.0,33.537,3,True,32.5318,0.0,b6d1a1cc55ff1fad1b335c8208393ed8401247f50a7634528a56722bdac7c31e,3.26
DSY1,semi,run_1434,random64,9.159539081356815,6.688059520298238,2.9750873857625546,146.8680349805886,0.109342487245402,0.2408929006163872,0.3256769736107116,0.1251180578113211,1.4006317331367033,0.4093604062094604,0.6924091355483194,0.0058060970619586,0.7515582151715556,0.0608321572405057,interfloor,ok,43102b2932f907938ec49a9e3cedf3417ed9ddff2436089da3d865262d7cd67c,f31a17333556b5e7ac80078ae88c99f08af5269d75a4603c4f0b36336349361c,0,9,0.3,3672,3285,1377,1.171023965141612,1.171023965141612,0.0,38.0,38.0,3,True,1.1982570806100217,1.1982570806100217,0.0,38.0,38.0,3,True,13,13,0,1.1983,38.0,33.75,3,True,41.5131,0.0,062afd383dfbea4194cb8917aadd88e78596692c82589af9c4988f057407b56d,3.327
DSY1,semi,run_1476,random64,8.896156594940386,11.970459088733485,2.620502673500708,170.28638121673248,0.269002831698218,0.1073848132959912,0.2221615330765761,0.0858084946392574,2.270012833340684,0.6822472892294835,0.5392405542224693,0.0094663221482832,0.4521300487922157,0.0581779318396109,interfloor,ok,7e53dd0bc9d1928d534b7bc901ec16f2012269435209a2f469176a6d03a8e408,f31a17333556b5e7ac80078ae88c99f08af5269d75a4603c4f0b36336349361c,0,9,0.3,3672,3285,1377,1.579520697167756,1.579520697167756,0.0,42.0,42.0,5,True,1.5522875816993464,1.5522875816993464,0.0,47.0,47.0,5,True,18,18,0,1.5795,47.0,34.242,5,True,63.2385,0.0,0d721419ff31d9ffd10a9798609ededf8eec35e0fc55478e471c6ddcce780b1e,3.326
DSY1,semi,run_1497,random64,7.421317417293777,10.6593604485645,2.9548445771602987,261.1277326472027,0.2244213548236318,0.2418386953001862,0.2465311795559595,0.0147862579323263,2.8483385115597724,0.4803905389117479,0.4721117267540718,0.0077261404064099,0.4160685386235552,0.2127917230392205,interfloor,ok,c5ba63d986c09d9c7c08ebf65cda0f86bf94509d27d295c39a390b21e9de9ba9,f31a17333556b5e7ac80078ae88c99f08af5269d75a4603c4f0b36336349361c,0,9,0.3,3672,3285,1377,1.4161220043572984,1.4161220043572984,0.0,38.0,38.0,4,True,1.4705882352941175,1.4705882352941175,0.0,40.0,40.0,5,True,16,16,0,1.4706,40.0,34.037,5,True,45.8963,0.0,88b393b3f3b3603b9bc876c8c39ff9725cb8ec64c5e42f17e02e57d64c47b807,3.322
DSY1,semi,run_1506,stress16,6.2866920665226385,7.327960484063865,2.5822380381929033,189.673299274303,0.3538022528888858,0.2874668373726368,0.1967792742001886,0.1471820880565589,0.8240748358340548,0.6355675011074757,0.8989283259639178,0.0069614963780197,0.553966653681584,0.1297716817744924,interfloor,ok,1c0487264e457bade85792e2fb7224665cf523a7ced59305e8daf57e23162a07,f31a17333556b5e7ac80078ae88c99f08af5269d75a4603c4f0b36336349361c,0,9,0.3,3672,3285,1377,2.805010893246187,2.805010893246187,0.0,54.0,54.0,13,True,3.1862745098039214,3.1862745098039214,0.0,56.0,56.0,13,True,56,154,98,3.1863,56.0,35.117,13,True,438.1705,0.0,a156467f4bd46eea40adb6a93d13d4951fe262bd5f3ee7c103e3d324363d1e13,3.547
DSY1,semi,run_1521,stress16,9.012734726045109,9.28296620531424,2.915879467533671,0.136299530314857,0.3824926050117646,0.1021758966296917,0.2940879731173014,0.1904610869987471,1.664067808950167,0.4572585928006668,0.8515223334861499,0.0062513542391962,0.5638087322452537,0.6878542590040975,interfloor,ok,65d05c037c7dda3ad035a2681955cec6454139131723bfd4f58ead0af24419b0,f31a17333556b5e7ac80078ae88c99f08af5269d75a4603c4f0b36336349361c,0,9,0.3,3672,3285,1377,1.4978213507625273,1.4978213507625273,0.0,40.0,40.0,5,True,1.5250544662309369,1.5250544662309369,0.0,42.0,42.0,5,True,15,15,0,1.5251,42.0,34.327,5,True,140.5862,0.0,e77ac8353d54a79e096c38d386f97a4f0650da914a3685de52a6de38d08c0a9d,3.383
DSY1,semi,run_1525,random64,6.457818039323073,8.809230062809032,2.562716674463898,49.7482730803186,0.2403944250818863,0.2846260247543987,0.3217419947342414,0.1387539273115936,1.7741620338632282,0.2609813408015647,0.5792514428957727,0.0024585619456096,0.2421969198902897,0.8231806734055043,interfloor,ok,8f51e35568f014ae038e1f1a95cd274542491edbb7acfeec5d112deeeccf0866,f31a17333556b5e7ac80078ae88c99f08af5269d75a4603c4f0b36336349361c,0,9,0.3,3672,3285,1377,1.1437908496732025,1.1437908496732025,0.0,30.0,30.0,2,True,1.1982570806100217,1.1982570806100217,0.0,35.0,35.0,2,True,14,14,0,1.1983,35.0,33.443,2,True,24.46,0.0,5d3499c3af98924004c5bc60bfc680a67ad2c9dfd996788689a7f2ac733573d3,3.285
DSY1,semi,run_1560,random64,8.618546381821407,6.051034448405187,2.563634775254617,139.91787914607664,0.3728893152141903,0.0570155616799874,0.2154460301853953,0.1479278899395301,4.058721782989339,0.6659321263772808,0.7110283895432115,0.0073155256822709,0.1839498514363129,0.1617868224834594,interfloor,ok,b3490e96ea17dd2579d8f8fa71a6260f8e4d14aa3f7b3cb1a91b31c0e9caad96,f31a17333556b5e7ac80078ae88c99f08af5269d75a4603c4f0b36336349361c,0,9,0.3,3672,3285,1377,2.042483660130719,2.042483660130719,0.0,58.0,58.0,13,True,1.9880174291938997,1.9880174291938997,0.0,58.0,58.0,13,True,31,31,0,2.0425,58.0,35.125,13,True,77.9368,0.0,6bec843942a6d1671c49e9f0c6adcbfcde48353d68ef5d66a27addd3e2fc647d,3.397
DSY1,semi,run_1586,random64,7.747757047886595,11.109613081305676,2.9866762545648577,108.774751399816,0.1181454529476654,0.1724322000054217,0.293250208478728,0.0738549335860083,1.3729096971837715,0.6260524756906012,0.790159768280496,0.0036748512051892,0.4427272594461767,0.8603068835744438,interfloor,ok,81275aca6117bd892ecf49b98110791bde29636bcfe6ec1b5483e04647e183b3,f31a17333556b5e7ac80078ae88c99f08af5269d75a4603c4f0b36336349361c,0,9,0.3,3672,3285,1377,1.1437908496732025,1.1437908496732025,0.0,30.0,30.0,2,True,1.2254901960784315,1.2254901960784315,0.0,36.0,36.0,2,True,17,17,0,1.2255,36.0,33.43,2,True,21.9274,0.0,6d7ca253acb540b4ae7e12202d1497e2ae90ebbfe931bde4f1bddee4446940a9,3.318
DSY1,semi,run_1590,random64,7.984975108428764,7.272084694858215,2.9967721614941327,16.420420319362826,0.374850431931708,0.2382439942207673,0.1776304878605744,0.1160904554759672,4.877151087201141,0.6916489142509208,0.5069503827545674,0.0011912769261439,0.3291501951241186,0.2604131781675038,interfloor,ok,15b34e83b47ce11160bd9c0262fb2a1c130d56ebf141abd46de59ba66ce02c0d,f31a17333556b5e7ac80078ae88c99f08af5269d75a4603c4f0b36336349361c,0,9,0.3,3672,3285,1377,1.8790849673202614,1.8790849673202614,0.0,48.0,48.0,13,True,1.8790849673202614,1.8790849673202614,0.0,50.0,50.0,14,True,17,17,0,1.8791,50.0,34.906,14,True,113.2648,0.0,6ab146e488a3737dcbf6d5d034a88a2a0b651c1813e0ba961dce8c28ba71b87a,3.344
DSY1,semi,run_1644,random64,6.39767913222991,11.797192158414513,2.8741057290164034,172.93019711264748,0.2443328744309624,0.252661328529406,0.2135477168394144,0.1397092179377648,1.093053406242568,0.5224268206844807,0.6239387086788434,0.0026953973078216,0.5019253197830181,0.9038595290358232,interfloor,ok,bd84dab399159de63a8a66d378a07c64f105b9b05f577dde61cde83ead3c57db,f31a17333556b5e7ac80078ae88c99f08af5269d75a4603c4f0b36336349361c,0,9,0.3,3672,3285,1377,1.3888888888888888,1.3888888888888888,0.0,39.0,39.0,5,True,1.4161220043572984,1.4161220043572984,0.0,39.0,39.0,5,True,15,15,0,1.4161,39.0,34.031,5,True,85.5015,0.0,9a509c7406a82e1240aa57eb40d41c93190f988c9dc708b9c53d7d327561a939,3.452
DSY1,semi,run_1646,random64,7.704557801580717,7.128280265544657,2.985540612715578,90.2906293972771,0.2105791800179474,0.0205307922429049,0.2339133981377427,0.0889463263478779,3.2049811873074887,0.2345347956220673,0.7570779081491665,0.0090267774481236,0.1607423062503069,0.6682748532100452,interfloor,ok,0f8026fe52f0a19243509b7ac05c57738c123fd0369049fe636af8f01a6cc345,f31a17333556b5e7ac80078ae88c99f08af5269d75a4603c4f0b36336349361c,0,9,0.3,3672,3285,1377,1.1982570806100217,1.1982570806100217,0.0,33.0,33.0,2,True,1.252723311546841,1.252723311546841,0.0,38.0,38.0,3,True,19,19,0,1.2527,38.0,33.552,3,True,70.8537,0.0,978d4c0a3cbca52adf6222677c9bfb92a9370b0369da43214acf0ff1c29874b6,3.187
DSY1,semi,run_1649,random64,9.736147602912038,10.293830928868562,2.662571832425947,261.8578276782381,0.3568398205583376,0.1736460837266733,0.0292153490257981,0.1395424927110858,3.027824367046392,0.3485365751342671,0.5736479117806575,0.0093034189208943,0.1802858271940285,0.2413181201408213,interfloor,ok,96b2016a691c668e4b5645ae3e3f2ef5e84c06bde5b5628fe3369841a3805fcd,f31a17333556b5e7ac80078ae88c99f08af5269d75a4603c4f0b36336349361c,0,9,0.3,3672,3285,1377,1.4978213507625273,1.4978213507625273,0.0,40.0,40.0,5,True,1.5250544662309369,1.5250544662309369,0.0,43.0,43.0,6,True,23,23,0,1.5251,43.0,34.2,6,True,43.1298,0.0,6784dba72fd664fb67a442534a4aca50d863bc9785e4737d9e7dc5f625c97bbb,3.315
DSY1,semi,run_1739,random64,7.0067584701546775,7.896320285135133,2.607552142148133,280.19987496754726,0.1450303105282448,0.1623355493384067,0.0470016966853491,0.0487067994752944,4.395256339439079,0.3917146171940208,0.4653154678313737,0.0018438971710637,0.2816835467096806,0.9364410289315754,interfloor,ok,acd291f851ce6f88ba2dcecbbfbb9b2193ab956c40229943267559a1df423358,f31a17333556b5e7ac80078ae88c99f08af5269d75a4603c4f0b36336349361c,0,9,0.3,3672,3285,1377,1.0620915032679739,1.0620915032679739,0.0,30.0,30.0,1,True,1.1982570806100217,1.1982570806100217,0.0,34.0,34.0,2,True,18,18,0,1.1983,34.0,33.4,2,True,35.4952,0.0,227a94299248f7f445249e4e5732e7114f7ad07cda7d83635c6df2bb2e367a4c,3.092
DSY1,semi,run_1746,random64,6.23256062077348,7.414538430795666,2.655653759263532,340.754870353403,0.13092892283432,0.2982663087100041,0.1605365316546335,0.0545709109003138,2.521385471538734,0.5672064169838165,0.8340818965891381,0.0087833495903115,0.3674619067684775,0.3091781887796459,interfloor,ok,ff4046bcfffc9c508d9272be8c80f78a1f0956f98d4632518ca1768a35a3299f,f31a17333556b5e7ac80078ae88c99f08af5269d75a4603c4f0b36336349361c,0,9,0.3,3672,3285,1377,1.2799564270152506,1.2799564270152506,0.0,34.0,34.0,2,True,1.3616557734204793,1.3616557734204793,0.0,40.0,40.0,3,True,19,19,0,1.3617,40.0,33.669,3,True,28.5604,0.0,d53d1da869a686a9f82842f8ec393fc0732c37528215c905c9332f0fb5175b6e,3.313
DSY1,semi,run_1748,random64,8.865043866167335,9.32232367224116,2.411805454746041,285.0228183144822,0.2601155219316617,0.0241020441173013,0.3259814484022454,0.0106359142239752,1.871163696480397,0.666161525830226,0.7796183023181407,0.0104967871326783,0.4218745196949143,0.1008415346970952,interfloor,ok,998e42c4320d27636faedf9141f5bd3dbea32161d2e175922a7ab8764d258aec,f31a17333556b5e7ac80078ae88c99f08af5269d75a4603c4f0b36336349361c,0,9,0.3,3672,3285,1377,1.6339869281045754,1.6339869281045754,0.0,41.0,41.0,5,True,1.6884531590413945,1.6884531590413945,0.0,48.0,48.0,6,True,25,25,0,1.6885,48.0,34.421,6,True,71.3802,0.0,d869c6ce9556ca178d3b0b7b2370a071265dc596bb846f8f8d93746bc033b7fd,3.416
DSY1,semi,run_1757,random64,8.689011587231436,9.670794600545737,2.8367080033490657,223.1820686943364,0.2790156756182473,0.233231484877794,0.2229056782795074,0.0219445143738869,2.4426468738886213,0.695436098987765,0.4138722842570862,0.0021376128078927,0.7624905536858017,0.3826218271406786,interfloor,ok,be958d63195061e01ab8770b5a8d1dfdfdff2527148deec892aa522bf3a1ad22,f31a17333556b5e7ac80078ae88c99f08af5269d75a4603c4f0b36336349361c,0,9,0.3,3672,3285,1377,1.770152505446623,1.770152505446623,0.0,45.0,45.0,7,True,1.7973856209150325,1.7973856209150325,0.0,49.0,49.0,8,True,20,20,0,1.7974,49.0,34.599,8,True,197.1205,0.0,e62a24fe85eebcea6be79622e3bfdbf387607c9fe5e06758e8e2d10cee80ba1f,3.322
DSY1,semi,run_1759,random64,7.770853395902289,11.734651985798616,2.640716419960252,358.1951472874119,0.2392442626409085,0.0619317660019336,0.2680148272014561,0.0713851201696387,3.692960708429269,0.309230268935296,0.8284867367488444,0.0042700449738642,0.1941970618042965,0.3098326417434174,interfloor,ok,5b4d31c1582733392a496958376e33e1547ae6aae34718b396e37bca9b7c26cc,f31a17333556b5e7ac80078ae88c99f08af5269d75a4603c4f0b36336349361c,0,9,0.3,3672,3285,1377,1.1437908496732025,1.1437908496732025,0.0,30.0,30.0,1,True,1.2254901960784315,1.2254901960784315,0.0,32.0,32.0,2,True,17,17,0,1.2255,32.0,33.265,2,True,30.6525,0.0,2bd0c69427440a6aa21b7078f8946c2ccd0c70dcc85fe69c2455f9d6e9f60893,3.271
DSY1,semi,run_1762,random64,9.10299394629691,6.779582727335279,2.989275662945607,119.36711299854213,0.2896453149172316,0.2698470947551495,0.1312331561461008,0.1120147306410807,3.947758679951738,0.3260696200660214,0.871151367818841,0.0024798400021639,0.4952905773332156,0.7995979321668514,interfloor,ok,262b4173ea4ad3fd9bb795177ca40a5230ba5b6b6f40cfc3005fca8fcc3c11c8,f31a17333556b5e7ac80078ae88c99f08af5269d75a4603c4f0b36336349361c,0,9,0.3,3672,3285,1377,1.3344226579520697,1.3344226579520697,0.0,39.0,39.0,5,True,1.4161220043572984,1.4161220043572984,0.0,41.0,41.0,5,True,12,12,0,1.4161,41.0,34.203,5,True,71.14,0.0,d322c8ef434a48b7fe87a7a5751f6d18277a6a5f0765940b1f80da68dad6f9d3,3.362
DSY1,semi,run_1801,stress16,6.00576001816857,7.013962111137016,2.7433188979982543,109.1497624166458,0.1602648638294917,0.1227865119203586,0.3499141985699189,0.1295636363487694,1.1038623265201388,0.6054454417845063,0.4641422082425226,0.0116755889462249,0.6213755463936661,0.0271509346069509,interfloor,ok,4251d222837a38945b5e1511f3936b702a7c6d87cab73a500c522d8d0f9db9f2,f31a17333556b5e7ac80078ae88c99f08af5269d75a4603c4f0b36336349361c,0,9,0.3,3672,3285,1377,1.4161220043572984,1.4161220043572984,0.0,39.0,39.0,5,True,1.4161220043572984,1.4161220043572984,0.0,40.0,40.0,5,True,15,15,0,1.4161,40.0,34.136,5,True,79.1563,0.0,fbde7846dfcf93461dec8265c1cc86380eb736a22dcc8426d04e9a703e989e59,3.342
DSY1,semi,run_1809,random64,8.559445934201257,9.220111033851431,2.6174590371645094,260.51262344046665,0.1774145506572762,0.1237493562166303,0.3444827827829553,0.039503380978057,2.6965991092332593,0.3413065878960307,0.312273471145697,0.0096244804108213,0.5147813503211555,0.6028242920670521,interfloor,ok,1074472e62cee46e32488c72469e84629fd9f6f8e266b2b421da6de4604476d5,f31a17333556b5e7ac80078ae88c99f08af5269d75a4603c4f0b36336349361c,0,9,0.3,3672,3285,1377,1.1437908496732025,1.1437908496732025,0.0,32.0,32.0,2,True,1.171023965141612,1.171023965141612,0.0,37.0,37.0,3,True,13,13,0,1.171,37.0,33.589,3,True,29.6345,0.0,9be6ffdd1f0d290b2d0fd8255d9f510973d629d5fbe795725a9d5a8796b268ba,3.231
DSY1,semi,run_1813,random64,6.183853880457327,6.041757376136944,2.996197412195417,18.45093673997505,0.1269063653778326,0.2359317992988121,0.2993517751632163,0.0532381299634875,2.3671403541710943,0.2805814000617515,0.7751595903775934,0.0088623444481291,0.6776984175575665,0.513229652325849,interfloor,ok,b4931626cb236ab2e28e1c5f168c8b380a985f107c1281eb6447cad4d808974c,f31a17333556b5e7ac80078ae88c99f08af5269d75a4603c4f0b36336349361c,0,9,0.3,3672,3285,1377,1.1437908496732025,1.1437908496732025,0.0,35.0,35.0,3,True,1.171023965141612,1.171023965141612,0.0,38.0,38.0,3,True,11,11,0,1.171,38.0,33.757,3,True,39.835,0.0,34b99fd2fff811ec43a09bf5b796d0ee41bfbde885d5978194b294a879bff500,3.21
DSY1,semi,run_1851,random64,9.203475309979774,8.126740176489259,2.515033518371454,173.65265235192354,0.3260689792526782,0.0885557723085899,0.2437944100102807,0.0742750911743195,4.731739904063382,0.5087623134456867,0.4327765286791063,0.0083422560500987,0.7721184990131026,0.1324354075633587,interfloor,ok,4d547aece4e026704576e43e0a3497d56defc2019d547ebe48baf7bc11299333,f31a17333556b5e7ac80078ae88c99f08af5269d75a4603c4f0b36336349361c,0,9,0.3,3672,3285,1377,1.579520697167756,1.579520697167756,0.0,43.0,43.0,5,True,1.579520697167756,1.579520697167756,0.0,45.0,45.0,5,True,12,12,0,1.5795,45.0,34.333,5,True,102.6489,0.0,d405894cb1a7dafde555eb7a718ed9eda5d7d32aa9c713a7a0614620eec3694e,3.297
DSY1,semi,run_1864,random64,6.678309111984476,9.701169101100144,2.688116929277827,134.80691493465332,0.2652985821920491,0.20779816880664,0.234577135985692,0.1895076859779048,3.2922132632933643,0.4267807981359379,0.7891846397409084,0.0070545148468507,0.4021872024899956,0.3813972683369584,interfloor,ok,55eeda5699b059f78009ad989554a7e3eaf10d1062492782669f70878a5a88fd,f31a17333556b5e7ac80078ae88c99f08af5269d75a4603c4f0b36336349361c,0,9,0.3,3672,3285,1377,1.3071895424836601,1.3071895424836601,0.0,39.0,39.0,5,True,1.3344226579520697,1.3344226579520697,0.0,39.0,39.0,5,True,15,15,0,1.3344,39.0,34.042,5,True,52.5584,0.0,75ffd20a2a59b2ed76c9f2f73fece7c7f65cbad85870f439c7e0cc3e53779590,3.401
DSY1,semi,run_1865,random64,8.82547862022751,9.753981614836256,2.7591122341658165,157.9041342237432,0.3438813786429799,0.2158546792043205,0.2138580906954928,0.0992738610007614,2.306245853937516,0.6386320518895993,0.8154346774417618,0.0093635246799744,0.2130728999901633,0.437296282659448,interfloor,ok,aa659cb4aaa6cf29a35856abbd080ecd717c1759246c9b4dadb5dff04d39306e,f31a17333556b5e7ac80078ae88c99f08af5269d75a4603c4f0b36336349361c,0,9,0.3,3672,3285,1377,1.8518518518518516,1.8518518518518516,0.0,48.0,48.0,6,True,1.906318082788671,1.906318082788671,0.0,50.0,50.0,6,True,30,30,0,1.9063,50.0,34.544,6,True,48.8825,0.0,a26f5b8e66844b03d655af251bea722e2466f01c640748dbd2003e5f00f6bbf1,3.432
DSY1,semi,run_1866,random64,6.074547528578014,10.39441441632774,2.9074407631648413,29.82417569741127,0.3735980910175824,0.056916595305462,0.2253344693331766,0.0278639344015534,3.486301963586633,0.5140651187186196,0.6700640003904912,0.006735074923467,0.6647864729323955,0.2008978179182478,interfloor,ok,89f7ab4f164997240156f810c6a933516961873190fcc10909ff882478e4b33f,f31a17333556b5e7ac80078ae88c99f08af5269d75a4603c4f0b36336349361c,0,9,0.3,3672,3285,1377,1.5250544662309369,1.5250544662309369,0.0,40.0,40.0,7,True,1.6339869281045754,1.6339869281045754,0.0,43.0,43.0,9,True,13,13,0,1.634,43.0,34.458,9,True,122.757,0.0,8c1c476dad3f71cb61111b1929d9e84ea7c74f32fce48305e6b5d4e3751c0011,3.256
DSY1,semi,run_1911,random64,9.625788696509844,8.99756568811846,2.6870274763916577,51.13562564563569,0.1036336243021498,0.2691032643035131,0.2909092323704428,0.0553225405296898,0.9451537467761352,0.213096661780196,0.6746484122958563,0.0027892586699717,0.3857168502796336,0.6987056326408935,interfloor,ok,f89b911b7f416030b090a0616e7627b83c42ec6d2e1cc6fe87cde8c3695cdc76,f31a17333556b5e7ac80078ae88c99f08af5269d75a4603c4f0b36336349361c,0,9,0.3,3672,3285,1377,0.7625272331154684,0.7625272331154684,0.0,28.0,28.0,0,False,0.9259259259259258,0.9259259259259258,0.0,29.0,29.0,0,False,13,13,0,0.9259,29.0,32.907,0,False,10.8696,0.0,8d0fedf5e7721805a5a844681d280faa8dc27317674bcfc5dd9d9e31a0d15b57,3.311
DSY1,semi,run_1941,stress16,8.513957236747029,6.406912918790103,2.9573824657987817,227.30992581477113,0.3814391502066491,0.1130363137032005,0.3436613789388585,0.0360638430621394,3.8372150666790352,0.6925245091293201,0.8339536192169092,0.0057582855884426,0.5537019522177968,0.4107181886048088,interfloor,ok,9a7dccd599a0f7a9b66950f2e601884507396aaa8339beea0bdd7682a9116487,f31a17333556b5e7ac80078ae88c99f08af5269d75a4603c4f0b36336349361c,0,9,0.3,3672,3285,1377,2.2058823529411766,2.2058823529411766,0.0,58.0,58.0,24,True,2.0969498910675384,2.0969498910675384,0.0,58.0,58.0,25,True,20,20,0,2.2059,58.0,35.442,25,True,271.5724,0.0,0f7a2b53e2af2feaf11a4f0abac02dec8a5e0f732ea1f4af6cd896a12a72619c,3.278
DSY1,semi,run_1952,random64,6.90071229300299,6.937283565323205,2.560373385344838,346.0353191567952,0.2877198939545087,0.2888430195687625,0.1275638899296872,0.0713325995335073,4.595601180263259,0.2098584867753312,0.4525467845450036,0.0051246806394883,0.2908505919263405,0.91113436469536,interfloor,ok,6c276d8d69d64f2a79e0ebc7fbd28b8f8844f924f3b6184afa0ca907e4f57a99,f31a17333556b5e7ac80078ae88c99f08af5269d75a4603c4f0b36336349361c,0,9,0.3,3672,3285,1377,1.1437908496732025,1.1437908496732025,0.0,31.0,31.0,2,True,1.171023965141612,1.171023965141612,0.0,36.0,36.0,3,True,11,11,0,1.171,36.0,33.602,3,True,54.2702,0.0,2ed6461e74eab944e08da126811c30286af5429a7914ef3cfd2a68dc2dfdbda8,3.235
DSY1,detached,run_0000,stress16,8.290452087902889,9.418683364680744,2.7012424206240264,22.194473754769316,0.1796358733978168,0.0781535347590126,0.0281263147984265,0.1023603238909987,3.7187309613713815,0.2848874035155261,0.8851887605927302,0.0041794027925613,0.4679746472079719,0.7780886191933646,shade_off,ok,e7bed168c8ec16f34f13627e510eae04e5fe3295afc54d5df7ef4ca0e138533b,f31a17333556b5e7ac80078ae88c99f08af5269d75a4603c4f0b36336349361c,0,9,0.3,3672,3285,1377,1.252723311546841,1.252723311546841,0.0,38.0,38.0,3,True,1.661220043572985,1.661220043572985,0.0,52.0,52.0,10,True,17,17,0,1.6612,52.0,34.874,10,True,63.8305,0.0,92047ed631eaab7e09f847695007197109eb9b4beacf8dc6b55652c1015c14ef,3.209
DSY1,detached,run_0015,random64,7.108611475128714,6.493256650172337,2.557740067304502,196.7752575852872,0.3508426889305577,0.0691978473194322,0.1775662031153719,0.1504932433886532,1.1382521186428864,0.3634006054515437,0.3251097153924657,0.0053423127877505,0.7756179975255327,0.2215221883714765,shade_off,ok,a89f31338dbe0def1a240a8c2e403752fdf0f642ae8ca0a354aae3b36e4899c6,f31a17333556b5e7ac80078ae88c99f08af5269d75a4603c4f0b36336349361c,0,9,0.3,3672,3285,1377,1.6884531590413945,1.6884531590413945,0.0,49.0,49.0,10,True,2.0152505446623095,2.0152505446623095,0.0,58.0,58.0,28,True,15,15,0,2.0153,58.0,35.664,28,True,338.6841,0.0,da3dbe7b06f7a9c92f65ef6d6ce096195abbae73720e480ef29b6af2d22bc7aa,3.163
DSY1,detached,run_0023,random64,8.817343277589991,7.85539369563051,2.609145431853368,18.96253427869918,0.1742793412258079,0.1120027552699704,0.044072150885244,0.1176076252166526,3.9736567243591487,0.2414493988517185,0.6054915605613544,0.0048067660451242,0.6942537640069445,0.341692810129729,shade_off,ok,20b4bb8d202f77a2a386605fb54fe674cc9bfbf8e4f3da77ecc7fb85a5ae185c,f31a17333556b5e7ac80078ae88c99f08af5269d75a4603c4f0b36336349361c,0,9,0.3,3672,3285,1377,1.1982570806100217,1.1982570806100217,0.0,37.0,37.0,3,True,1.5250544662309369,1.5250544662309369,0.0,48.0,48.0,7,True,11,11,0,1.5251,48.0,34.661,7,True,62.6751,0.0,ecb9f0d96f89953d8d8fadd3c6da26493b1a756e03cf9e560e142ba831215c69,2.984
DSY1,detached,run_0029,stress16,8.203432183124272,6.408489310261017,2.8640680741404387,300.7801611485146,0.150600147289584,0.0170107318727439,0.045297803381865,0.0140947818271048,0.8776391010432707,0.6886897929854896,0.5132570934374501,0.0061052277763261,0.1044806285204754,0.4880446808864345,shade_off,ok,5a13f0a732206d468ffd482441589b65838f7d150fa11f37b3311d3d18f050df,f31a17333556b5e7ac80078ae88c99f08af5269d75a4603c4f0b36336349361c,0,9,0.3,3672,3285,1377,1.9335511982570806,1.9335511982570806,0.0,49.0,49.0,6,True,2.2331154684095864,2.2331154684095864,0.0,63.0,63.0,28,True,45,45,0,2.2331,63.0,35.272,28,True,57.6151,0.0,1c1d62c1d2f2e3191968e94e4a1d3d2bed444eba1fc4d16c7f4459be211d9cca,3.215
DSY1,detached,run_0044,random64,6.030500032924129,7.408960521416061,2.7665628390675407,74.51262954714856,0.1781833985308706,0.2384489935374365,0.232027349722457,0.1662308275216616,3.706446374343945,0.2801471059994515,0.6879618953548321,0.0077865334940022,0.7588555884014518,0.4235989701065071,shade_off,ok,ca2d8c1b084db67c8d6c73baca6a928acf1429e0530ffff7b0efa0a7d46cb80d,f31a17333556b5e7ac80078ae88c99f08af5269d75a4603c4f0b36336349361c,0,9,0.3,3672,3285,1377,1.3616557734204793,1.3616557734204793,0.0,39.0,39.0,4,True,1.6067538126361656,1.6067538126361656,0.0,48.0,48.0,8,True,9,9,0,1.6068,48.0,34.705,8,True,73.3071,0.0,4d8009777bc582e00aae41dc794cbb6b64f43a09e21744922d75076865fa61b3,3.065
DSY1,detached,run_0063,random64,6.5621292372608675,6.65259707923012,2.866440977345775,291.8921029230811,0.2605908839526111,0.2904109892395112,0.2396360333811598,0.1130099666030276,4.144587096716162,0.654011275402036,0.4712269209763924,0.0014834559152219,0.54773627340295,0.5710594819740411,shade_off,ok,2ef6febe86c1311a3a97c02d4a669f3ee8655a13a11ec2d62de1663d3f5ff67d,f31a17333556b5e7ac80078ae88c99f08af5269d75a4603c4f0b36336349361c,0,9,0.3,3672,3285,1377,1.9335511982570806,1.9335511982570806,0.0,58.0,58.0,24,True,2.2603485838779953,2.2603485838779953,0.0,66.0,66.0,36,True,16,16,0,2.2603,66.0,36.289,36,True,195.0538,0.0,d33bd12a87a3a02d7c41b76af72fb4e5cc84bc2a8ac7ee05e0fa0003e6b4431c,3.132
DSY1,detached,run_0092,random64,9.93309790699963,8.182296197308714,2.457461454626565,111.121424386233,0.215416840146493,0.1614784962457293,0.2067813187440635,0.1045840336851818,2.5155012564866768,0.5247084843418965,0.6042830658593564,0.0091103599680866,0.403724911359604,0.9002186637947126,shade_off,ok,eede2b64051bbf5b3b7c565f7f15cbcdec04751b459bdb911ed0cb9795d10326,f31a17333556b5e7ac80078ae88c99f08af5269d75a4603c4f0b36336349361c,0,9,0.3,3672,3285,1377,1.3888888888888888,1.3888888888888888,0.0,39.0,39.0,4,True,1.661220043572985,1.661220043572985,0.0,50.0,50.0,11,True,14,14,0,1.6612,50.0,34.866,11,True,49.5597,0.0,3e968b952401a6a143bf81cecdfd6f589d39a2ce342ed786dac706e72825f0fc,3.025
DSY1,detached,run_0095,random64,6.3624501841932375,11.842510228563462,2.491939053622874,295.7462251283733,0.2198554630131667,0.0400359318923531,0.1494445134899256,0.1850285440940413,4.185455890408224,0.5956563840158877,0.8831696681502195,0.0061710397040376,0.4456313827570233,0.3457178036598204,shade_off,ok,07d5e8cf84f5b093e2fcf4b19b8c5314021f310bb1f383aaa717dcb9fd199ec8,f31a17333556b5e7ac80078ae88c99f08af5269d75a4603c4f0b36336349361c,0,9,0.3,3672,3285,1377,1.715686274509804,1.715686274509804,0.0,50.0,50.0,8,True,1.906318082788671,1.906318082788671,0.0,59.0,59.0,27,True,19,19,0,1.9063,59.0,35.6,27,True,79.6223,0.0,51246336620b9d2e6e54d807ac480c0e82f78be8e5298e7f89cf5f55e9c0be86,3.056
DSY1,detached,run_0132,stress16,9.299175482807073,9.44472107084308,2.6246307962624016,120.97695746647544,0.359724968552603,0.1373453664935816,0.0250244188438973,0.1090851112819592,4.432529714102253,0.6489282768966091,0.8546248700739805,0.0100735542076731,0.2380461443404612,0.205503238738427,shade_off,ok,9c3600d680fa33a234ca80cac01d515684566353871856b62da638a20637ac0c,f31a17333556b5e7ac80078ae88c99f08af5269d75a4603c4f0b36336349361c,0,9,0.3,3672,3285,1377,2.2603485838779953,2.2603485838779953,0.0,63.0,63.0,34,True,2.696078431372549,2.696078431372549,0.0,75.0,75.0,48,True,32,32,0,2.6961,75.0,36.908,48,True,90.6879,0.0,4ee21798445c14ec61cdf9ef41f560efec0f42b33a6fd097a02907dd62d6da58,3.454
DSY1,detached,run_0169,random64,7.695473365435487,11.227744275625916,2.4943900256809504,33.74614022217156,0.1572306658104784,0.0421425997389778,0.1619378594004896,0.0133961689752927,3.577533400781542,0.3919625146305164,0.533438368709399,0.0108911883433449,0.1066031747510421,0.8986530703328954,shade_off,ok,523503b02755a4d728586a252354e9b22cc65108facc34b7556ce122ec09b776,f31a17333556b5e7ac80078ae88c99f08af5269d75a4603c4f0b36336349361c,0,9,0.3,3672,3285,1377,0.9259259259259258,0.9259259259259258,0.0,25.0,25.0,0,False,1.5522875816993464,1.5522875816993464,0.0,44.0,44.0,4,True,24,24,0,1.5523,44.0,33.714,4,True,44.5209,0.0,b138ab046282c93d12ff04cfe1e8651138ac75ab4ccba3800e3e9e1b8f227892,3.143
DSY1,detached,run_0171,random64,7.494809621295749,11.22002626611558,2.7470227147731485,103.10589157010632,0.254781411116087,0.1019944879351144,0.3370655776713539,0.0445047342704688,4.389418546125397,0.6060268646263012,0.3276582681904973,0.005932140031043,0.3357054429082935,0.5638512940204532,shade_off,ok,92ce33bfa104d7b49255acf6687f5b51c7209fb1313242769ef9ed67e85216e2,f31a17333556b5e7ac80078ae88c99f08af5269d75a4603c4f0b36336349361c,0,9,0.3,3672,3285,1377,1.6339869281045754,1.6339869281045754,0.0,47.0,47.0,7,True,1.9607843137254901,1.9607843137254901,0.0,59.0,59.0,29,True,16,16,0,1.9608,59.0,35.668,29,True,66.4851,0.0,0e7bf16a897039363ca35f6f1291e114b480a7c49f028999c1a482327fc96f14,3.036
DSY1,detached,run_0172,random64,9.655340429240898,7.24820416689231,2.42469543122848,172.6245737256148,0.1639874631194922,0.1196870715518636,0.3172583437442636,0.1578098077295352,0.9402029258114942,0.4028680909098489,0.8765797877084602,0.0023588769593888,0.2060066547113198,0.3409010096267915,shade_off,ok,69feb5d14aba351c898bfb967fe2d7dd29bb5044d4acf624d8475146b18c5563,f31a17333556b5e7ac80078ae88c99f08af5269d75a4603c4f0b36336349361c,0,9,0.3,3672,3285,1377,1.3616557734204793,1.3616557734204793,0.0,36.0,36.0,2,True,1.6339869281045754,1.6339869281045754,0.0,49.0,49.0,6,True,21,21,0,1.634,49.0,34.431,6,True,23.0249,0.0,ff9adeac15e8c085948d254d7c233256bad59eece0aee2566b81ff9f2349a359,3.167
DSY1,detached,run_0189,random64,8.854541179080801,10.452603750516715,2.9188006260871417,67.8876582569418,0.3641510351705923,0.0892540763860939,0.3097302387013971,0.1440692649228458,2.707948972652005,0.2832682627500669,0.6646816722211282,0.0103303899374604,0.1290129201750531,0.0948871124029668,shade_off,ok,62aa8e9e0f53df0aaa3354c9b62cf5f3169621c3c598693fbc6979362c8b8ba9,f31a17333556b5e7ac80078ae88c99f08af5269d75a4603c4f0b36336349361c,0,9,0.3,3672,3285,1377,1.579520697167756,1.579520697167756,0.0,44.0,44.0,5,True,1.8790849673202614,1.8790849673202614,0.0,57.0,57.0,20,True,15,15,0,1.8791,57.0,35.17,20,True,49.2552,0.0,5aeaa92b36007ef85f2e4325c11000d4471b651f63a42a1d43694c315950d993,3.143
DSY1,detached,run_0203,random64,7.977123523285825,8.285263931205199,2.712837171815562,89.35419205267758,0.1358151170477194,0.188340689716523,0.0697252800449031,0.1120892354037314,1.7190015052738117,0.5071421704296211,0.5490554865529775,0.0022577353970723,0.6310346873260598,0.5050302275796102,shade_off,ok,a17ed598eb51348e06f51c47d6e3388d37ba3de6c8b172f7f842263cca301b8e,f31a17333556b5e7ac80078ae88c99f08af5269d75a4603c4f0b36336349361c,0,9,0.3,3672,3285,1377,1.3888888888888888,1.3888888888888888,0.0,39.0,39.0,4,True,1.661220043572985,1.661220043572985,0.0,49.0,49.0,8,True,15,15,0,1.6612,49.0,34.755,8,True,53.5956,0.0,1f8b507e34295b553fe3a2151a69d0a367ca222c7ba7ea5d29f8615aefd4f657,3.133
DSY1,detached,run_0208,random64,7.080933225138338,8.151979458855823,2.6146631258077835,109.77210266794091,0.1350633821387371,0.2826211130453059,0.3158693984636647,0.1010376581025481,1.0331012809233195,0.4004981292509733,0.7085516862951541,0.001430792206345,0.6109790032078951,0.401205105008072,shade_off,ok,8ce7b65c299cfa6e454f056dd2c97a4378be630c7d8d3c7f9c4aa88c8893b5bd,f31a17333556b5e7ac80078ae88c99f08af5269d75a4603c4f0b36336349361c,0,9,0.3,3672,3285,1377,1.252723311546841,1.252723311546841,0.0,36.0,36.0,3,True,1.579520697167756,1.579520697167756,0.0,47.0,47.0,7,True,12,12,0,1.5795,47.0,34.573,7,True,75.5037,0.0,76b6e9658a145a0a1f7e2d7d43a5cee34baaadc75b91ea715cca62490310a651,3.174
DSY1,detached,run_0239,stress16,8.966408949597819,7.177231125441284,2.4933678450716044,17.389312189459034,0.33924506984946,0.1909431656003543,0.2552562075773003,0.1590237503532047,0.8661594681833358,0.6951609206290856,0.8620318201574801,0.0106498566496832,0.1330127200193476,0.4051665189182183,shade_off,ok,7dea67ce78d570995b4fcb2816ef51454bc5dd22ba3584eae958f066b6086422,f31a17333556b5e7ac80078ae88c99f08af5269d75a4603c4f0b36336349361c,0,9,0.3,3672,3285,1377,4.411764705882353,4.411764705882353,0.0,66.0,66.0,38,True,6.481481481481481,6.481481481481481,0.0,82.0,82.0,79,True,130,315,185,6.4815,82.0,36.984,79,True,68.6464,0.0,532d0bc06e3480105e219644767b9e681e04c77916acdd173edb7309bba44a01,3.486
DSY1,detached,run_0241,stress16,8.986985502735077,6.370726990713231,2.8262969611987976,288.55522855132386,0.3577817612158999,0.1857466310998697,0.1900534041160908,0.1183127038015254,1.180262981894609,0.5586107918959073,0.4841391966636397,0.0026352311391234,0.7606078576767147,0.3295277351670737,shade_off,ok,2ba32b1aa1bd10322c0b4ec8c0d879875fe097e6d9b3eef17ac9e63248ab054d,f31a17333556b5e7ac80078ae88c99f08af5269d75a4603c4f0b36336349361c,0,9,0.3,3672,3285,1377,3.0501089324618738,3.0501089324618738,0.0,59.0,59.0,30,True,4.057734204793028,4.057734204793028,0.0,70.0,70.0,63,True,54,99,45,4.0577,70.0,36.653,63,True,626.7833,0.0,8670fbc2f10fe9fea03b9e51b6b8930c6b5a1e60fbda89b4dc078ffe159ad6e8,3.468
DSY1,detached,run_0298,random64,8.332008660398749,7.514114819729058,2.5770632840161176,32.65999947584161,0.3675082359468328,0.2612870512859359,0.1947062270800404,0.092184612395228,2.2327759245070897,0.4154681534695688,0.4491901728869033,0.0031863362642622,0.2918284207024562,0.3945965827764047,shade_off,ok,9f88fef81e2fd0ce4661aa601cae781292bbb72ae85c15d0be30459d7be76b8c,f31a17333556b5e7ac80078ae88c99f08af5269d75a4603c4f0b36336349361c,0,9,0.3,3672,3285,1377,1.7973856209150325,1.7973856209150325,0.0,50.0,50.0,12,True,2.042483660130719,2.042483660130719,0.0,59.0,59.0,30,True,18,18,0,2.0425,59.0,35.778,30,True,101.2027,0.0,bab81ba2fa0b9d09f6abffd182dde1ec28b03f492fc29e3f964b86d1216d21e3,3.183
DSY1,detached,run_0302,random64,6.464886681198625,6.461232658039725,2.595607139740693,200.15410369855252,0.1048401522366748,0.0500529154312022,0.2464765860508568,0.138708672410398,1.0994929560158817,0.5957829612933677,0.6712389000184744,0.0114188958123249,0.5764259455075901,0.8590859386058312,shade_off,ok,eca081f6468f20bb5e8ec558e9158774151447946986cd2d1ec2e5fecd0bdf9d,f31a17333556b5e7ac80078ae88c99f08af5269d75a4603c4f0b36336349361c,0,9,0.3,3672,3285,1377,1.3888888888888888,1.3888888888888888,0.0,39.0,39.0,4,True,1.6067538126361656,1.6067538126361656,0.0,51.0,51.0,7,True,18,18,0,1.6068,51.0,34.685,7,True,57.2861,0.0,b33b03309a6cb449e1bb1322004a40426256c2ceeac32a78814990c486d71c76,3.159
DSY1,detached,run_0421,random64,7.259944904757417,9.95766854175178,2.9168650187863294,194.2486599421907,0.3312206235671143,0.0946711362366577,0.2923395976811948,0.0428674051588782,2.175209421544923,0.3660505438690433,0.3166605386628426,0.005912152362126,0.7213775997545232,0.4076882356228147,shade_off,ok,9dcd8b0fe03abbaf1f62b6e82cc656bebb6fec20c365c9184a04498940ee26e4,f31a17333556b5e7ac80078ae88c99f08af5269d75a4603c4f0b36336349361c,0,9,0.3,3672,3285,1377,1.6339869281045754,1.6339869281045754,0.0,45.0,45.0,7,True,1.8518518518518516,1.8518518518518516,0.0,57.0,57.0,25,True,12,12,0,1.8519,57.0,35.533,25,True,166.3089,0.0,f5ef635ccee5b2f0a04b5b749841b435d147538d0bc96400d07271b0c4ceacd2,3.081
DSY1,detached,run_0456,random64,7.235653346407408,11.709367776516928,2.5247172842449146,164.85689193046983,0.316903563356449,0.2724207622108091,0.0275777940548623,0.1306855280144903,4.841830387386058,0.3607166626987048,0.7357196636648353,0.0087398255812502,0.7615723805690275,0.6784222436994939,shade_off,ok,5d636a1309c94a137c111e995426ab366e2fc06b884b1f54d44b24cb790ea3e2,f31a17333556b5e7ac80078ae88c99f08af5269d75a4603c4f0b36336349361c,0,9,0.3,3672,3285,1377,1.579520697167756,1.579520697167756,0.0,44.0,44.0,6,True,1.7429193899782136,1.7429193899782136,0.0,53.0,53.0,24,True,12,12,0,1.7429,53.0,35.381,24,True,105.6643,0.0,0fc7b26b8bd2abb230dcf9dadd479dceeb23b4530e65df0d6094f4dc4e392568,3.172
DSY1,detached,run_0492,stress16,8.550782772522515,11.776115421222215,2.699213296519177,334.2020798495306,0.3999904372395374,0.0206995492983702,0.0607249068429463,0.0682232294671505,1.1214548050257498,0.6419965380885064,0.7204194426782291,0.0073087888941234,0.247223981405377,0.2972364509554138,shade_off,ok,01d4d33ab6bd562eaa2a9340bd6d1a53c78ab6c0c7e4a4f1e53f341ead3f6688,f31a17333556b5e7ac80078ae88c99f08af5269d75a4603c4f0b36336349361c,0,9,0.3,3672,3285,1377,2.6688453159041394,2.6688453159041394,0.0,65.0,65.0,36,True,3.7037037037037033,3.7037037037037033,0.0,79.0,79.0,51,True,54,57,3,3.7037,79.0,36.881,51,True,116.7275,0.0,0d3fe67e0b475c2ff895b7fc2b1f7177212f87afcec69cbc84329cd2403f9046,3.383
DSY1,detached,run_0499,random64,7.858804507830091,10.349836369453136,2.532898445475049,95.20960247737294,0.2105308086928702,0.2661776403887546,0.202952619776223,0.042630729895842,4.479626527348435,0.5735404220619731,0.7008795170704228,0.0036983473818156,0.1567476492121556,0.6596289751233395,shade_off,ok,73a9d00003311b73dd77d6640224690f161a8cf32ab12003f934e3c58d301c48,f31a17333556b5e7ac80078ae88c99f08af5269d75a4603c4f0b36336349361c,0,9,0.3,3672,3285,1377,1.5250544662309369,1.5250544662309369,0.0,37.0,37.0,3,True,1.8790849673202614,1.8790849673202614,0.0,55.0,55.0,18,True,22,22,0,1.8791,55.0,34.944,18,True,30.5566,0.0,30cdd88cd814aacaf0c6dffb687c6d77f0d6c8cbc7b457c00a26702e8e1d535a,3.23
DSY1,detached,run_0500,random64,9.82451369711319,10.845295277018504,2.7073204009582628,108.9848566026068,0.2404164756163604,0.2191691030494161,0.3170431197618952,0.1101248845957577,4.246097291116642,0.3146179268775989,0.8846779164318552,0.002952629013426,0.3985480745890861,0.6671409251817507,shade_off,ok,087260b1f94259b4130c13ef14749ab0d17225b4d528775e4951ee1f5ccc91c5,f31a17333556b5e7ac80078ae88c99f08af5269d75a4603c4f0b36336349361c,0,9,0.3,3672,3285,1377,1.2254901960784315,1.2254901960784315,0.0,36.0,36.0,3,True,1.6339869281045754,1.6339869281045754,0.0,47.0,47.0,8,True,11,11,0,1.634,47.0,34.67,8,True,43.9476,0.0,fb71d8558902ef5bbba2d4b0440301056b6f75704d92a7e9ef877c6ebf937372,3.238
DSY1,detached,run_0628,stress16,9.72733840356107,7.8427669792229615,2.5924321527735392,359.8933269015914,0.3529783862372112,0.0761779621335445,0.3273904561993191,0.0824461595128538,3.4708268892998255,0.3251799736172571,0.3503616556392233,0.0015213312741712,0.7206263247604744,0.7182250817689112,shade_off,ok,6efee0727a46f12ef6d59be370309a62850f811ff9ef2bd5a0b5a95134fb75ed,f31a17333556b5e7ac80078ae88c99f08af5269d75a4603c4f0b36336349361c,0,9,0.3,3672,3285,1377,1.4161220043572984,1.4161220043572984,0.0,41.0,41.0,5,True,1.6339869281045754,1.6339869281045754,0.0,50.0,50.0,14,True,11,11,0,1.634,50.0,35.075,14,True,92.967,0.0,6d452be9dd1b7eb8c58bc88ebea4d5311730fac59a40bde2b7d49323cc949f9e,3.208
DSY1,detached,run_0745,random64,9.403992115334937,8.48512079989969,2.7038151450428907,145.5310132662222,0.2567053419094268,0.2898505421920269,0.0488499881238593,0.1014932783378585,1.1571722700731573,0.4833947498367663,0.8213087990653432,0.008725404304492,0.7657037313194129,0.8876906018863312,shade_off,ok,4965b6afe405cc2ee230425f4b7b3756f0bbc4d583e2b784007a416b012bf72d,f31a17333556b5e7ac80078ae88c99f08af5269d75a4603c4f0b36336349361c,0,9,0.3,3672,3285,1377,1.579520697167756,1.579520697167756,0.0,42.0,42.0,5,True,1.7973856209150325,1.7973856209150325,0.0,53.0,53.0,21,True,18,18,0,1.7974,53.0,35.304,21,True,160.4242,0.0,3acc9eea3c4e6b92dd3b036c5bda5c7992e9b2240731edb1ee77fa7493f53d08,3.224
DSY1,detached,run_0768,stress16,6.634637881940697,11.603463379949876,2.9452065682690702,7.656125949492523,0.3673240508605883,0.0703946751822334,0.0882239068606324,0.0721394554328508,0.8794108960838816,0.6853284584119119,0.8495356125752638,0.0109339718263157,0.2996274968959122,0.0483529411528591,shade_off,ok,0deb3d9b49c6d6fa3a5d75e9b80f278d1b2a3122973d1085b096e69791f1d37e,f31a17333556b5e7ac80078ae88c99f08af5269d75a4603c4f0b36336349361c,0,9,0.3,3672,3285,1377,4.711328976034858,4.711328976034858,0.0,74.0,74.0,47,True,5.88235294117647,5.88235294117647,0.0,87.0,87.0,83,True,91,158,67,5.8824,87.0,37.52,83,True,215.0359,0.0,6bee52a1c927ea442bfa464a8a72b7d793039862df8193f62f8b35ff78d0ce2f,3.684
DSY1,detached,run_0785,random64,8.940781628092497,8.940854789499578,2.71333172432655,21.027453984889203,0.3107729422642821,0.2659499439488594,0.1570556761118805,0.0362424341838409,3.092059615457477,0.5972727377148599,0.3537591526886088,0.010305774523266,0.4150422534097331,0.1795157167910107,shade_off,ok,37dd0cfb4b33945f67fe2ba80fac03a52dbc5d70a804c029e375a69ac5ce3c19,f31a17333556b5e7ac80078ae88c99f08af5269d75a4603c4f0b36336349361c,0,9,0.3,3672,3285,1377,1.8518518518518516,1.8518518518518516,0.0,52.0,52.0,15,True,2.2603485838779953,2.2603485838779953,0.0,68.0,68.0,36,True,21,21,0,2.2603,68.0,36.134,36,True,119.4651,0.0,7b06995323895c2fda99ffa8c64f52de115bf5eb1905eb287f01442a462754e6,3.21
DSY1,detached,run_0788,random64,8.782009887322488,9.886407966385462,2.689241045237277,165.79600971047623,0.1806222296930827,0.0350189214807997,0.2624851560323494,0.0761344647472262,0.8504742135136384,0.5569179194726575,0.8553784108853641,0.0092759304403749,0.5281861664355341,0.2100976052058908,shade_off,ok,7c409c46dd5a4b0f2c0df5be0337070dc66afe5d12fbb5517a5b2e0f6bcf8441,f31a17333556b5e7ac80078ae88c99f08af5269d75a4603c4f0b36336349361c,0,9,0.3,3672,3285,1377,1.5250544662309369,1.5250544662309369,0.0,42.0,42.0,5,True,1.9335511982570806,1.9335511982570806,0.0,58.0,58.0,18,True,24,26,2,1.9336,58.0,35.2,18,True,72.0183,0.0,9d599254dc389c8306dd95db3d9b953f0011486cff1e68984cf0949f66259976,3.233
DSY1,detached,run_0821,random64,8.168610103195812,6.295910082319626,2.44919521726831,83.16215592635217,0.1633699932395152,0.2793528873688088,0.3075031868920546,0.1071356027635634,4.694512503188105,0.3195967627738837,0.4662343120140395,0.0025933405746935,0.4004795609820039,0.9249981780019016,shade_off,ok,bca58431de3e36ff14dd1b07af8e92ac394b323121994e0b56685c9ff5523f31,f31a17333556b5e7ac80078ae88c99f08af5269d75a4603c4f0b36336349361c,0,9,0.3,3672,3285,1377,1.171023965141612,1.171023965141612,0.0,36.0,36.0,3,True,1.4705882352941175,1.4705882352941175,0.0,43.0,43.0,5,True,10,10,0,1.4706,43.0,34.438,5,True,43.4218,0.0,edee2550fb8eeca4f5a407e57112a80e8ec3e54fda65b0abfded59924df23926,3.119
DSY1,detached,run_0833,random64,6.881397296298271,10.882836593895547,2.866583637518168,115.0820265960748,0.2101446861231999,0.1571910951166595,0.0991883520257245,0.1038913954908974,2.054872833294584,0.31784047548047,0.3619575529089111,0.0100872283500496,0.3785981589568508,0.1448921445221051,shade_off,ok,63d1a36a0ce1b3246599f0a3494c0426209083ab7a3fe95c363738871c250ad3,f31a17333556b5e7ac80078ae88c99f08af5269d75a4603c4f0b36336349361c,0,9,0.3,3672,3285,1377,1.4161220043572984,1.4161220043572984,0.0,38.0,38.0,4,True,1.6339869281045754,1.6339869281045754,0.0,49.0,49.0,8,True,12,12,0,1.634,49.0,34.736,8,True,48.3839,0.0,fb1774f49d876d58bb94055741eff0da2b9fe16ca17666121da4ddd0b8395da4,3.136
DSY1,detached,run_0841,random64,8.367547204965499,7.256923551190713,2.9918995286847547,209.09780783784907,0.2412457505801208,0.2385274524029789,0.0999052231342154,0.0327496438192871,4.272186592040046,0.5573251812470255,0.5047083796199578,0.0034639552327845,0.6468288498143069,0.6883388060301502,shade_off,ok,43dfce0599da6ba286068f15af2fb84926684701f430a3c4565acddb35653e0e,f31a17333556b5e7ac80078ae88c99f08af5269d75a4603c4f0b36336349361c,0,9,0.3,3672,3285,1377,1.661220043572985,1.661220043572985,0.0,48.0,48.0,8,True,1.9335511982570806,1.9335511982570806,0.0,58.0,58.0,27,True,13,13,0,1.9336,58.0,35.696,27,True,121.0617,0.0,b58502886a7f38d7f86b39f6ca7e8c8d022d77e9ce18a0c1182a2408c8a69e85,3.131
DSY1,detached,run_0844,random64,8.746712419323499,8.255288205551997,2.8301858731668736,119.6183960439886,0.1994819192503905,0.27254785547391,0.0411225287078061,0.1609877938402135,1.483139363161183,0.3044285647779056,0.8800589857851471,0.0064660006290998,0.7491636968151721,0.9819550749784538,shade_off,ok,90f92d270c75d22d7b0c80962fdc6c4129170b15aa9c577bb0c3a5d39bb83cd4,f31a17333556b5e7ac80078ae88c99f08af5269d75a4603c4f0b36336349361c,0,9,0.3,3672,3285,1377,1.252723311546841,1.252723311546841,0.0,38.0,38.0,3,True,1.6339869281045754,1.6339869281045754,0.0,49.0,49.0,10,True,14,14,0,1.634,49.0,34.852,10,True,72.2232,0.0,3c5ad910b2fcb3083f53cb4d3b05f7e8d0c9e84e2acdefa08157a751fae2e1e7,3.23
DSY1,detached,run_0887,random64,9.484724765067508,11.174464591770498,2.414911442203662,229.80644996404757,0.2796275305540545,0.0758284244041909,0.2896741830836959,0.1751072335090888,1.6995338270119895,0.3107776781053267,0.4257006634020504,0.0114970329370951,0.491908950611397,0.9890734482016346,shade_off,ok,c711429b1590314bcd39455c3eb39bd32bb6d356c49c0b17b6a618054877906f,f31a17333556b5e7ac80078ae88c99f08af5269d75a4603c4f0b36336349361c,0,9,0.3,3672,3285,1377,1.2254901960784315,1.2254901960784315,0.0,36.0,36.0,3,True,1.5250544662309369,1.5250544662309369,0.0,46.0,46.0,7,True,11,11,0,1.5251,46.0,34.512,7,True,49.3444,0.0,88813d18859971747799d40cb30867fe1514cdda69aeaa0f0db0e95eac156bab,3.174
DSY1,detached,run_1025,stress16,6.001988515451892,8.013747343359917,2.712128069948224,187.7230485160186,0.3988100711297681,0.0143824485162627,0.2716513893534522,0.0592134160641791,2.773734982619098,0.4008863300303726,0.4244523072802022,0.0086936739506271,0.2466612679915689,0.5322139386093038,shade_off,ok,76273853b4e0f0e00d8a0e74f2a722b7a6e5619deb28fee75e49133a42c51fa6,f31a17333556b5e7ac80078ae88c99f08af5269d75a4603c4f0b36336349361c,0,9,0.3,3672,3285,1377,1.8790849673202614,1.8790849673202614,0.0,51.0,51.0,13,True,1.9880174291938997,1.9880174291938997,0.0,62.0,62.0,32,True,19,19,0,1.988,62.0,35.933,32,True,115.9227,0.0,6bb23d3eb252f5261cc177aeaf47853a730bbe39884a38b48f855f8483d89358,3.148
DSY1,detached,run_1083,random64,8.454517480509306,7.606900202320765,2.5501477925335045,241.34481889977465,0.2891208841498976,0.1515706845674109,0.1605073890215713,0.1607015551309144,1.101558526110067,0.2140821822715956,0.8767854811568954,0.0117808467129899,0.4181305553407746,0.979553351344094,shade_off,ok,fe3d9e299859f4847f770e668131e9e17c6a1cc0ecbc21036549b006342e37af,f31a17333556b5e7ac80078ae88c99f08af5269d75a4603c4f0b36336349361c,0,9,0.3,3672,3285,1377,1.2254901960784315,1.2254901960784315,0.0,37.0,37.0,3,True,1.5250544662309369,1.5250544662309369,0.0,47.0,47.0,7,True,11,11,0,1.5251,47.0,34.593,7,True,59.1932,0.0,645f6dd12b5c7f0c054f199f009daa1fb5e0d12eb2e8d90adeb4f6961ef85027,3.21
DSY1,detached,run_1093,random64,8.002380628505447,10.166259736812894,2.8796333119979427,171.23898423952662,0.100090185215434,0.0543938555226989,0.0270087812313298,0.0755226196018769,1.8235443611211988,0.386033384594613,0.8407906551118343,0.0050274494110316,0.354654458456868,0.9837284633011107,shade_off,ok,2f7241bcf83629a8ab880c0be49734cf4c916d79112f538207ec27dc0dcaac92,f31a17333556b5e7ac80078ae88c99f08af5269d75a4603c4f0b36336349361c,0,9,0.3,3672,3285,1377,1.0893246187363834,1.0893246187363834,0.0,32.0,32.0,2,True,1.6339869281045754,1.6339869281045754,0.0,45.0,45.0,7,True,24,24,0,1.634,45.0,34.45,7,True,50.6719,0.0,8cc91212e979673b8878386c9570433f10c0d1b3df98a1038f59beaf76aa2239,3.076
DSY1,detached,run_1130,random64,9.188456848978468,11.639043127509634,2.559744911138821,29.410840417817724,0.1117948532135704,0.2858457406091068,0.2595794543528447,0.1999165833637279,1.1743911222239498,0.471472375004214,0.5367601190449024,0.0117616437190273,0.2970725510522888,0.433698314360111,shade_off,ok,1a179c0c4d81bf935e08f58fd1100eca3b94c6edc462af500fb268e85d230e65,f31a17333556b5e7ac80078ae88c99f08af5269d75a4603c4f0b36336349361c,0,9,0.3,3672,3285,1377,1.0620915032679739,1.0620915032679739,0.0,31.0,31.0,0,False,1.443355119825708,1.443355119825708,0.0,41.0,41.0,5,True,17,17,0,1.4434,41.0,33.896,5,True,14.3457,0.0,391882011276150ec576cd03c44369dab92d9abcf8397fc175d5e48d698d90a6,3.283
DSY1,detached,run_1192,random64,6.574979979831511,11.394826702694091,2.6678524442714378,83.01673689334608,0.3565625542057532,0.2467632876240327,0.0518339126921443,0.087289463380345,1.2028290993735582,0.4784511509089152,0.6693643480800702,0.0064013535611167,0.4547676125272111,0.8704605859623464,shade_off,ok,15f1b06ba910000e0ca95e50c0a310c9644900597d8ef24e234144ae779bc1f8,f31a17333556b5e7ac80078ae88c99f08af5269d75a4603c4f0b36336349361c,0,9,0.3,3672,3285,1377,1.661220043572985,1.661220043572985,0.0,46.0,46.0,7,True,1.906318082788671,1.906318082788671,0.0,59.0,59.0,26,True,18,18,0,1.9063,59.0,35.537,26,True,169.5081,0.0,39381df15408f82921a07ad406bfc68137eab1cdd9adfe2a173d0597e0176478,3.246
DSY1,detached,run_1197,random64,9.55307660622851,10.935446202367611,2.651431698797591,89.14333515226049,0.2043520540065082,0.2592494770209894,0.0576746329066228,0.0781157588360924,2.1857332563991227,0.2060785959940542,0.5149724560393532,0.0076651831377733,0.6733006645411621,0.4720333855727691,shade_off,ok,44b97cd3754381dcb27e666bc1b5e053f6e8798a0a171ce7c046d629d150bad0,f31a17333556b5e7ac80078ae88c99f08af5269d75a4603c4f0b36336349361c,0,9,0.3,3672,3285,1377,1.1165577342047932,1.1165577342047932,0.0,32.0,32.0,2,True,1.4705882352941175,1.4705882352941175,0.0,40.0,40.0,5,True,11,11,0,1.4706,40.0,34.28,5,True,43.0012,0.0,61e8ab5051371af519fb624a8ae5c587bcc4605af2da60bff5c9942549adacfa,3.154
DSY1,detached,run_1199,stress16,8.893313295309667,6.752916196560016,2.775376919971335,90.13627347871588,0.1083033134047148,0.1785539237225437,0.0601924888116002,0.0886989224971885,1.0127404186376616,0.4736069389205135,0.8365327423703692,0.0052546015723922,0.7998494879171348,0.7537545170074853,shade_off,ok,b80bfdcd75fd94d6a67a00cc2c20be15079e236f4b2364bce67a40509a1be559,f31a17333556b5e7ac80078ae88c99f08af5269d75a4603c4f0b36336349361c,0,9,0.3,3672,3285,1377,1.252723311546841,1.252723311546841,0.0,38.0,38.0,3,True,1.6067538126361656,1.6067538126361656,0.0,50.0,50.0,8,True,16,16,0,1.6068,50.0,34.727,8,True,56.4106,0.0,6103cfd64c2f4f745436dc1d2b9e713d955306b1427ae432831a5b295332d36a,3.317
DSY1,detached,run_1207,random64,9.168130791502008,9.004696072729846,2.8115599835956373,142.9180739985565,0.1284202723692254,0.1867752178704292,0.3348439656423181,0.1317711005700411,2.4118781979192816,0.4565266167997619,0.610364497850469,0.004851525079017,0.1978381158264388,0.9603135205592784,shade_off,ok,5aa95b5c00fc83c19e79127f434a64f2641ac34a90a2bf06531dcf59a7587d17,f31a17333556b5e7ac80078ae88c99f08af5269d75a4603c4f0b36336349361c,0,9,0.3,3672,3285,1377,1.1165577342047932,1.1165577342047932,0.0,32.0,32.0,0,False,1.4705882352941175,1.4705882352941175,0.0,43.0,43.0,5,True,17,17,0,1.4706,43.0,34.022,5,True,17.9805,0.0,049a05f15a288731fc3772d37795a8d1f14f321507a32c3228ed24e1aca8ede9,3.195
DSY1,detached,run_1209,random64,8.118074804521358,11.978193458414612,2.9036564697751355,244.9524063171716,0.3754156589993933,0.1220701597070463,0.1432447265725567,0.0531746170798,1.5295117539422654,0.5948510668405462,0.606964077683358,0.0056553556870505,0.480152133711234,0.6399576848879639,shade_off,ok,dda4e565cdf9614307a99766c11dcf597530b389b6328fb924f7591a97cc3457,f31a17333556b5e7ac80078ae88c99f08af5269d75a4603c4f0b36336349361c,0,9,0.3,3672,3285,1377,1.9607843137254901,1.9607843137254901,0.0,55.0,55.0,16,True,2.9956427015250546,2.9956427015250546,0.0,69.0,69.0,37,True,26,29,3,2.9956,69.0,36.212,37,True,230.3128,0.0,18cd539e053a97a8d6033ab86d29d4b42ddfc1194b502355fb1d6c757bfd1d72,3.266
DSY1,detached,run_1214,stress16,7.588108618860515,7.752734140780623,2.826539668699661,130.3981801828211,0.3484607578703986,0.1342467316483606,0.1687813557233073,0.1611491128809359,1.000533177193956,0.6979521394451516,0.3042607275737717,0.007184911846836,0.7742265557708546,0.5938512492331808,shade_off,ok,1029b3bcba2ec25c30e526a5c90f3e5d67e0457b49ce36204f786234c22d6e97,f31a17333556b5e7ac80078ae88c99f08af5269d75a4603c4f0b36336349361c,0,9,0.3,3672,3285,1377,3.649237472766884,3.649237472766884,0.0,63.0,63.0,40,True,4.520697167755991,4.520697167755991,0.0,72.0,72.0,70,True,65,135,70,4.5207,72.0,36.797,70,True,677.9337,0.0,74c1eca4894fb316bd1dee7e4a92a347304b6b2b76b247f2fc1261cd66ef8d43,3.507
DSY1,detached,run_1248,random64,9.06874655668104,6.39714339888123,2.4388587665273502,227.04203511645017,0.300438463458426,0.1826052445691555,0.3125340008743582,0.017922370396233,1.828155892567156,0.634732281708217,0.5900520904862452,0.0086471631277632,0.744025489137654,0.0859871297257144,shade_off,ok,16e05a0481088fd68a99b2d2d71bfb9bd846440d047b1cdb14d898223afa0bbd,f31a17333556b5e7ac80078ae88c99f08af5269d75a4603c4f0b36336349361c,0,9,0.3,3672,3285,1377,1.906318082788671,1.906318082788671,0.0,52.0,52.0,20,True,3.376906318082789,3.376906318082789,0.0,68.0,68.0,41,True,37,43,6,3.3769,68.0,36.34,41,True,362.0455,0.0,33d5f80114b324902e7e63b915ee1c31580f3d10fdd5d896c90bf92cc2b33ee0,3.271
DSY1,detached,run_1268,random64,8.672107632349496,6.077241426467557,2.800377196115221,248.79991969356283,0.3247953487491061,0.0219064414200164,0.0826480006959761,0.1562970222400376,2.814679622664271,0.6718729366355661,0.6906200825760328,0.0011846727722075,0.1220025434097146,0.2148351272313768,shade_off,ok,9fd120bdfdd5fb1490ebe862e549bdeed5eeb263a42111aaabd1478eb7c761ab,f31a17333556b5e7ac80078ae88c99f08af5269d75a4603c4f0b36336349361c,0,9,0.3,3672,3285,1377,2.6143790849673203,2.6143790849673203,0.0,72.0,72.0,41,True,3.2952069716775596,3.2952069716775596,0.0,84.0,84.0,52,True,45,46,1,3.2952,84.0,36.983,52,True,78.7295,0.0,ede2c0558ff45526b3b467cbec82506fad9fd5faa83c4085c13c564f0e041453,3.247
DSY1,detached,run_1274,random64,6.241960005906613,10.399629191334888,2.8831521889224567,182.0303542420824,0.3893387920102038,0.2765961269867158,0.2263723592999344,0.0811994462666564,1.6006253230049623,0.428158997554932,0.6483239736954343,0.0098985746010797,0.660318092457969,0.5707357570475454,shade_off,ok,2a048e25c65878ab7df7f39c529d3e24fe5b428db5f2a5bb11e8e39376ed411c,f31a17333556b5e7ac80078ae88c99f08af5269d75a4603c4f0b36336349361c,0,9,0.3,3672,3285,1377,1.7973856209150325,1.7973856209150325,0.0,50.0,50.0,15,True,2.5326797385620914,2.5326797385620914,0.0,63.0,63.0,34,True,24,26,2,2.5327,63.0,36.058,34,True,345.9198,0.0,bad3aebd771c6f5ca597bc780e18be3e56c3ba11361d23ea85e16073ffb6d9ba,3.298
DSY1,detached,run_1295,random64,9.700875846736846,11.393976617728896,2.625245447765509,15.055808046872396,0.1106551028886222,0.1052395899485283,0.0428257154219093,0.0339409350855904,4.282889671851096,0.2731703980561324,0.697609692323854,0.0071462703374351,0.7016648928179255,0.864958402476004,shade_off,ok,09dafad3e2958ae32352d8cada95f67b6cd4ef7011dfab05a9ecc7f8a51dd0bf,f31a17333556b5e7ac80078ae88c99f08af5269d75a4603c4f0b36336349361c,0,9,0.3,3672,3285,1377,0.9531590413943355,0.9531590413943355,0.0,28.0,28.0,0,False,1.3888888888888888,1.3888888888888888,0.0,42.0,42.0,6,True,13,13,0,1.3889,42.0,34.274,6,True,44.1278,0.0,bba2875da357ebd240d2d25cc5454f211db1b8c2d26800365f86a2484ea02766,3.098
DSY1,detached,run_1311,random64,9.165362455102658,7.340987815898325,2.8133939339727108,305.0567196793675,0.1889324964091247,0.0323126599434309,0.1588020548110891,0.026092481744294,1.1716059785701818,0.6238515161870499,0.5930562544217899,0.0094844252584585,0.5560536106491164,0.7347389973183898,shade_off,ok,06dec61253cd0f816dad2f6bce31c1733a466232f63801c9135c991addf6748d,f31a17333556b5e7ac80078ae88c99f08af5269d75a4603c4f0b36336349361c,0,9,0.3,3672,3285,1377,1.579520697167756,1.579520697167756,0.0,45.0,45.0,5,True,1.9607843137254901,1.9607843137254901,0.0,58.0,58.0,23,True,21,22,1,1.9608,58.0,35.33,23,True,90.8035,0.0,58917528a7934857e382808743b15e3bbbefe4cfcf4b362f940a322ac75a4fb0,3.194
DSY1,detached,run_1388,random64,9.678814831103882,8.915890074047772,2.800541899467576,218.74280184445405,0.1098036268680505,0.2727958848646888,0.3439519392324434,0.136424623817726,2.406438737900367,0.2924614656342366,0.358399055620711,0.0107980260130701,0.4314042170048758,0.6522212139098633,shade_off,ok,8308bec77e0a752534b5bd1cfd2e9354582a77648e42b99fa34c21ce0f38eede,f31a17333556b5e7ac80078ae88c99f08af5269d75a4603c4f0b36336349361c,0,9,0.3,3672,3285,1377,1.0348583877995643,1.0348583877995643,0.0,31.0,31.0,1,True,1.3344226579520697,1.3344226579520697,0.0,39.0,39.0,5,True,11,11,0,1.3344,39.0,33.944,5,True,21.8507,0.0,b813e8871ade60e93513ba81342fc07d6e64d3f8f96fc913bd68212b94aab6c5,3.192
DSY1,detached,run_1391,random64,9.65754037174086,7.371418965081008,2.4723911477589064,245.60981709998856,0.1947631756497077,0.2039411843608119,0.1074218120281111,0.0162622533962714,4.722810987580656,0.4500350593640352,0.4151046102651455,0.0083872118280736,0.1148113999145338,0.1106668227864503,shade_off,ok,7a876089af538b08b827e0a7533e54772dd04375d794e21e8ef39e04fc07876b,f31a17333556b5e7ac80078ae88c99f08af5269d75a4603c4f0b36336349361c,0,9,0.3,3672,3285,1377,1.4705882352941175,1.4705882352941175,0.0,35.0,35.0,3,True,1.906318082788671,1.906318082788671,0.0,51.0,51.0,12,True,22,22,0,1.9063,51.0,34.711,12,True,39.376,0.0,027342c97eff49c24366b591812149e345a34dce0b007a7055174a76c62cbb1d,3.138
DSY1,detached,run_1416,stress16,7.611423563474337,8.698251521688531,2.426406411760429,121.28644403903304,0.2515937716162215,0.0800541981528088,0.2307818781610998,0.0347059324643584,3.835273389438587,0.5544241075079898,0.5745584674183433,0.0058908240493479,0.1000232333706224,0.4592619165338935,shade_off,ok,c8c49de5431005b974c4f9e0ed5338cb1c587567783ae76ef6e677c7c53a47c2,f31a17333556b5e7ac80078ae88c99f08af5269d75a4603c4f0b36336349361c,0,9,0.3,3672,3285,1377,1.770152505446623,1.770152505446623,0.0,47.0,47.0,5,True,2.1514161220043575,2.1514161220043575,0.0,61.0,61.0,32,True,30,30,0,2.1514,61.0,35.44,32,True,39.9015,0.0,2fb55f996bcd8e9b278fa0a4e0e0bb1fec9ac15ef36787d879b2e733d46a0f46,3.234
DSY1,detached,run_1434,random64,9.159539081356815,6.688059520298238,2.9750873857625546,146.8680349805886,0.109342487245402,0.2408929006163872,0.3256769736107116,0.1251180578113211,1.4006317331367033,0.4093604062094604,0.6924091355483194,0.0058060970619586,0.7515582151715556,0.0608321572405057,shade_off,ok,c1a4b6702784c9d9aca1de5747b627a9d5e109d1f9270c3bcec0e1bd7c9413e2,f31a17333556b5e7ac80078ae88c99f08af5269d75a4603c4f0b36336349361c,0,9,0.3,3672,3285,1377,1.252723311546841,1.252723311546841,0.0,38.0,38.0,3,True,1.5522875816993464,1.5522875816993464,0.0,47.0,47.0,7,True,11,11,0,1.5523,47.0,34.597,7,True,60.1796,0.0,4b82c37d9a4a5b1cc5874b65140d3583d4c87a8915791ac8d4f7082fe13a35d0,3.24
DSY1,detached,run_1476,random64,8.896156594940386,11.970459088733485,2.620502673500708,170.28638121673248,0.269002831698218,0.1073848132959912,0.2221615330765761,0.0858084946392574,2.270012833340684,0.6822472892294835,0.5392405542224693,0.0094663221482832,0.4521300487922157,0.0581779318396109,shade_off,ok,e8870efe86e8cafad093bfa9cd72060e902b6d2fc94ecc4bb1f9e0d8a9a37ceb,f31a17333556b5e7ac80078ae88c99f08af5269d75a4603c4f0b36336349361c,0,9,0.3,3672,3285,1377,1.8790849673202614,1.8790849673202614,0.0,51.0,51.0,11,True,2.696078431372549,2.696078431372549,0.0,64.0,64.0,35,True,31,34,3,2.6961,64.0,35.956,35,True,112.398,0.0,7591907eb0bbca560726ee47ea8b1728191c720cbe88fedb4562f0c70a58b75e,3.29
DSY1,detached,run_1497,random64,7.421317417293777,10.6593604485645,2.9548445771602987,261.1277326472027,0.2244213548236318,0.2418386953001862,0.2465311795559595,0.0147862579323263,2.8483385115597724,0.4803905389117479,0.4721117267540718,0.0077261404064099,0.4160685386235552,0.2127917230392205,shade_off,ok,d234329f5151b81a729d7a1f542fd6c7d62036551f28ab5f6178479bfa9747ba,f31a17333556b5e7ac80078ae88c99f08af5269d75a4603c4f0b36336349361c,0,9,0.3,3672,3285,1377,1.579520697167756,1.579520697167756,0.0,43.0,43.0,5,True,1.8518518518518516,1.8518518518518516,0.0,56.0,56.0,19,True,14,14,0,1.8519,56.0,35.265,19,True,66.0498,0.0,277097cca03135f5bfa8c0815c4c29725ea7a93d4d72516f0caa5f10ea5eebd5,3.194
DSY1,detached,run_1506,stress16,6.2866920665226385,7.327960484063865,2.5822380381929033,189.673299274303,0.3538022528888858,0.2874668373726368,0.1967792742001886,0.1471820880565589,0.8240748358340548,0.6355675011074757,0.8989283259639178,0.0069614963780197,0.553966653681584,0.1297716817744924,shade_off,ok,040a84400704d9c80f79eddecbe3ac791b9d613e2057e6668893daad0308d64d,f31a17333556b5e7ac80078ae88c99f08af5269d75a4603c4f0b36336349361c,0,9,0.3,3672,3285,1377,4.166666666666666,4.166666666666666,0.0,66.0,66.0,46,True,6.045751633986928,6.045751633986928,0.0,85.0,85.0,86,True,104,300,196,6.0458,85.0,37.036,86,True,611.7501,0.0,035266f5ea93656553ea6e44ef081ae9d402fbf5432055e8c545f5c168ba97f8,3.753
DSY1,detached,run_1521,stress16,9.012734726045109,9.28296620531424,2.915879467533671,0.136299530314857,0.3824926050117646,0.1021758966296917,0.2940879731173014,0.1904610869987471,1.664067808950167,0.4572585928006668,0.8515223334861499,0.0062513542391962,0.5638087322452537,0.6878542590040975,shade_off,ok,882253a92408fd5f9f72e3a8e5eadc14dca60ae6ee872c73a348630b8687e80e,f31a17333556b5e7ac80078ae88c99f08af5269d75a4603c4f0b36336349361c,0,9,0.3,3672,3285,1377,1.824618736383442,1.824618736383442,0.0,50.0,50.0,12,True,2.287581699346405,2.287581699346405,0.0,60.0,60.0,31,True,19,20,1,2.2876,60.0,35.888,31,True,229.5775,0.0,d2049dc2c04f32daced6eb5b0bfce20b98881deccd5a4769b82bdab50f57a6fa,3.443
DSY1,detached,run_1525,random64,6.457818039323073,8.809230062809032,2.562716674463898,49.7482730803186,0.2403944250818863,0.2846260247543987,0.3217419947342414,0.1387539273115936,1.7741620338632282,0.2609813408015647,0.5792514428957727,0.0024585619456096,0.2421969198902897,0.8231806734055043,shade_off,ok,5342471dd7dcee9e0df79f9d006a25d107cc115c0754aa5f73771aa8e8f22124,f31a17333556b5e7ac80078ae88c99f08af5269d75a4603c4f0b36336349361c,0,9,0.3,3672,3285,1377,1.2799564270152506,1.2799564270152506,0.0,36.0,36.0,3,True,1.5522875816993464,1.5522875816993464,0.0,45.0,45.0,7,True,12,12,0,1.5523,45.0,34.452,7,True,37.0683,0.0,f4fdfc90d346e8d6c3bdbb95590019107e9675418d9493ee836245eab34858a6,3.261
DSY1,detached,run_1560,random64,8.618546381821407,6.051034448405187,2.563634775254617,139.91787914607664,0.3728893152141903,0.0570155616799874,0.2154460301853953,0.1479278899395301,4.058721782989339,0.6659321263772808,0.7110283895432115,0.0073155256822709,0.1839498514363129,0.1617868224834594,shade_off,ok,5ac460cfd1f0954c3ac98916b5249b66a116d930f7aeee012db0adb0ec212f7c,f31a17333556b5e7ac80078ae88c99f08af5269d75a4603c4f0b36336349361c,0,9,0.3,3672,3285,1377,2.4782135076252723,2.4782135076252723,0.0,73.0,73.0,43,True,3.2679738562091507,3.2679738562091507,0.0,81.0,81.0,53,True,32,33,1,3.268,81.0,37.116,53,True,105.6541,0.0,d94fa551ac2e6950e4996b169bf75a874502abfd3bfb1d12fcbcbe8cf3d593ce,3.32
DSY1,detached,run_1586,random64,7.747757047886595,11.109613081305676,2.9866762545648577,108.774751399816,0.1181454529476654,0.1724322000054217,0.293250208478728,0.0738549335860083,1.3729096971837715,0.6260524756906012,0.790159768280496,0.0036748512051892,0.4427272594461767,0.8603068835744438,shade_off,ok,86a25377ab9c05bc7d7d2655a440173cdd452fa9de23dd5ee0d037d8f187b440,f31a17333556b5e7ac80078ae88c99f08af5269d75a4603c4f0b36336349361c,0,9,0.3,3672,3285,1377,1.3344226579520697,1.3344226579520697,0.0,35.0,35.0,2,True,1.6067538126361656,1.6067538126361656,0.0,50.0,50.0,7,True,17,17,0,1.6068,50.0,34.561,7,True,36.1857,0.0,2122fea2d82196afee395d50b93a912e1021e68d5aa938c079ff988df8770182,3.259
DSY1,detached,run_1590,random64,7.984975108428764,7.272084694858215,2.9967721614941327,16.420420319362826,0.374850431931708,0.2382439942207673,0.1776304878605744,0.1160904554759672,4.877151087201141,0.6916489142509208,0.5069503827545674,0.0011912769261439,0.3291501951241186,0.2604131781675038,shade_off,ok,f52417c4a0213cc0554b3a52e64c31109cad0f0f96283cfd5afb2e22ee0b9807,f31a17333556b5e7ac80078ae88c99f08af5269d75a4603c4f0b36336349361c,0,9,0.3,3672,3285,1377,2.559912854030501,2.559912854030501,0.0,70.0,70.0,42,True,3.213507625272331,3.213507625272331,0.0,79.0,79.0,53,True,23,23,0,3.2135,79.0,37.389,53,True,180.138,0.0,00ab09fa7e8ddae9a342cd6d4d574a71d2c2623313cd83abcae1bcbb7b419fc1,3.572
DSY1,detached,run_1644,random64,6.39767913222991,11.797192158414513,2.8741057290164034,172.93019711264748,0.2443328744309624,0.252661328529406,0.2135477168394144,0.1397092179377648,1.093053406242568,0.5224268206844807,0.6239387086788434,0.0026953973078216,0.5019253197830181,0.9038595290358232,shade_off,ok,1a33ea826e72e4992c6a2e27346a0c554eaf870ca35879df183d8465fcbd521c,f31a17333556b5e7ac80078ae88c99f08af5269d75a4603c4f0b36336349361c,0,9,0.3,3672,3285,1377,1.6067538126361656,1.6067538126361656,0.0,45.0,45.0,6,True,2.587145969498911,2.587145969498911,0.0,55.0,55.0,26,True,29,34,5,2.5871,55.0,35.34,26,True,164.8712,0.0,c14201bd5a323b72bce6d8bdd6f005db2b6833b43feda3f58fa1a95726d5d426,3.422
DSY1,detached,run_1646,random64,7.704557801580717,7.128280265544657,2.985540612715578,90.2906293972771,0.2105791800179474,0.0205307922429049,0.2339133981377427,0.0889463263478779,3.2049811873074887,0.2345347956220673,0.7570779081491665,0.0090267774481236,0.1607423062503069,0.6682748532100452,shade_off,ok,53f645ee6d56caa9b4606bb4bdc7612d840f9f28cff9e832a1f764840d751861,f31a17333556b5e7ac80078ae88c99f08af5269d75a4603c4f0b36336349361c,0,9,0.3,3672,3285,1377,1.3616557734204793,1.3616557734204793,0.0,37.0,37.0,3,True,1.5522875816993464,1.5522875816993464,0.0,50.0,50.0,6,True,16,16,0,1.5523,50.0,34.551,6,True,84.9413,0.0,ab36bacc95d3d576795fb2cebbb944d13d945fc377493ece3438d155dbf631b8,3.209
DSY1,detached,run_1649,random64,9.736147602912038,10.293830928868562,2.662571832425947,261.8578276782381,0.3568398205583376,0.1736460837266733,0.0292153490257981,0.1395424927110858,3.027824367046392,0.3485365751342671,0.5736479117806575,0.0093034189208943,0.1802858271940285,0.2413181201408213,shade_off,ok,a51dfbb0a2c22fe2deed0ce453a4e7e5491653f20a89f08d20c8c1d5a704b1f3,f31a17333556b5e7ac80078ae88c99f08af5269d75a4603c4f0b36336349361c,0,9,0.3,3672,3285,1377,1.6339869281045754,1.6339869281045754,0.0,48.0,48.0,5,True,1.8518518518518516,1.8518518518518516,0.0,57.0,57.0,22,True,17,17,0,1.8519,57.0,35.278,22,True,58.2182,0.0,154173c1ddb0e5b4d6d9d5a2607e81eab8a5df92f2953f4abacceecf1db69618,3.279
DSY1,detached,run_1739,random64,7.0067584701546775,7.896320285135133,2.607552142148133,280.19987496754726,0.1450303105282448,0.1623355493384067,0.0470016966853491,0.0487067994752944,4.395256339439079,0.3917146171940208,0.4653154678313737,0.0018438971710637,0.2816835467096806,0.9364410289315754,shade_off,ok,11da1744a3cec8b2eea5659b57444f679b533181e35490bcaa9c669fef40e518,f31a17333556b5e7ac80078ae88c99f08af5269d75a4603c4f0b36336349361c,0,9,0.3,3672,3285,1377,1.1437908496732025,1.1437908496732025,0.0,35.0,35.0,2,True,1.4705882352941175,1.4705882352941175,0.0,43.0,43.0,6,True,14,14,0,1.4706,43.0,34.332,6,True,49.0189,0.0,c95b2b8829684b3bff2d23f23e485441ad4f1fb790dc9ef3cc55b4c349e8f1f0,3.177
DSY1,detached,run_1746,random64,6.23256062077348,7.414538430795666,2.655653759263532,340.754870353403,0.13092892283432,0.2982663087100041,0.1605365316546335,0.0545709109003138,2.521385471538734,0.5672064169838165,0.8340818965891381,0.0087833495903115,0.3674619067684775,0.3091781887796459,shade_off,ok,e6e58c4b302c9d50be5c972e8081da91f185a365c68e83f4eb68acb62f5c3d40,f31a17333556b5e7ac80078ae88c99f08af5269d75a4603c4f0b36336349361c,0,9,0.3,3672,3285,1377,1.443355119825708,1.443355119825708,0.0,39.0,39.0,4,True,1.770152505446623,1.770152505446623,0.0,52.0,52.0,11,True,18,18,0,1.7702,52.0,34.909,11,True,46.6528,0.0,46cc45146f3e445ada34e1f61d321aaff84dcf025fe9eebf5ca76bc681122676,3.327
DSY1,detached,run_1748,random64,8.865043866167335,9.32232367224116,2.411805454746041,285.0228183144822,0.2601155219316617,0.0241020441173013,0.3259814484022454,0.0106359142239752,1.871163696480397,0.666161525830226,0.7796183023181407,0.0104967871326783,0.4218745196949143,0.1008415346970952,shade_off,ok,969e32367faeaba1cc1198ee8a5668a96949297286ba2e977748ac3ef5bc646a,f31a17333556b5e7ac80078ae88c99f08af5269d75a4603c4f0b36336349361c,0,9,0.3,3672,3285,1377,1.7429193899782136,1.7429193899782136,0.0,48.0,48.0,7,True,2.2058823529411766,2.2058823529411766,0.0,65.0,65.0,34,True,30,32,2,2.2059,65.0,35.953,34,True,97.1846,0.0,1b1368fc3a884a2d0bcc64e6039aeb04159a437cecb35b5ba675a32501aeca5a,3.347
DSY1,detached,run_1757,random64,8.689011587231436,9.670794600545737,2.8367080033490657,223.1820686943364,0.2790156756182473,0.233231484877794,0.2229056782795074,0.0219445143738869,2.4426468738886213,0.695436098987765,0.4138722842570862,0.0021376128078927,0.7624905536858017,0.3826218271406786,shade_off,ok,16019d0eede394a6d28427ab2e5e95d55910489b9d1f49b1dd334e3ff673cf5e,f31a17333556b5e7ac80078ae88c99f08af5269d75a4603c4f0b36336349361c,0,9,0.3,3672,3285,1377,1.8790849673202614,1.8790849673202614,0.0,52.0,52.0,15,True,2.9139433551198257,2.9139433551198257,0.0,68.0,68.0,37,True,28,31,3,2.9139,68.0,36.199,37,True,270.67,0.0,f3467066cdf54989c9b115c58b0898893ceaed72faf000a52af0b28641d1d1ee,3.37
DSY1,detached,run_1759,random64,7.770853395902289,11.734651985798616,2.640716419960252,358.1951472874119,0.2392442626409085,0.0619317660019336,0.2680148272014561,0.0713851201696387,3.692960708429269,0.309230268935296,0.8284867367488444,0.0042700449738642,0.1941970618042965,0.3098326417434174,shade_off,ok,f70df2cac892583c8f15c1529bb1aaa4f1f38b393477c1467564d0197f1e5d74,f31a17333556b5e7ac80078ae88c99f08af5269d75a4603c4f0b36336349361c,0,9,0.3,3672,3285,1377,1.3616557734204793,1.3616557734204793,0.0,37.0,37.0,3,True,1.661220043572985,1.661220043572985,0.0,50.0,50.0,8,True,16,16,0,1.6612,50.0,34.704,8,True,48.2681,0.0,eaabb0327b430016903971626a7651d000f8ebbd99934167b265759aaed31eba,3.247
DSY1,detached,run_1762,random64,9.10299394629691,6.779582727335279,2.989275662945607,119.36711299854213,0.2896453149172316,0.2698470947551495,0.1312331561461008,0.1120147306410807,3.947758679951738,0.3260696200660214,0.871151367818841,0.0024798400021639,0.4952905773332156,0.7995979321668514,shade_off,ok,666cf9034f47bd2a120f11b9ffc41eddfcd5bfb910b103c752e1e8137e5703ba,f31a17333556b5e7ac80078ae88c99f08af5269d75a4603c4f0b36336349361c,0,9,0.3,3672,3285,1377,1.5522875816993464,1.5522875816993464,0.0,44.0,44.0,6,True,1.7429193899782136,1.7429193899782136,0.0,52.0,52.0,18,True,11,11,0,1.7429,52.0,35.253,18,True,88.1671,0.0,6f4b75b45645dda0799c1c82d5338bd4c4e05f47e7d320b22f145d066c5bae11,3.32
DSY1,detached,run_1801,stress16,6.00576001816857,7.013962111137016,2.7433188979982543,109.1497624166458,0.1602648638294917,0.1227865119203586,0.3499141985699189,0.1295636363487694,1.1038623265201388,0.6054454417845063,0.4641422082425226,0.0116755889462249,0.6213755463936661,0.0271509346069509,shade_off,ok,5aa6d94e10aa91f02f9de8e1cf702617835890d15a7f6fda39a002a0b2ee1ca5,f31a17333556b5e7ac80078ae88c99f08af5269d75a4603c4f0b36336349361c,0,9,0.3,3672,3285,1377,1.661220043572985,1.661220043572985,0.0,48.0,48.0,8,True,2.1241830065359477,2.1241830065359477,0.0,59.0,59.0,24,True,21,22,1,2.1242,59.0,35.485,24,True,148.0835,0.0,7c5372db6c29010401cc3b9df4ec403420abc08a2adfc5eb729a22b66b95ed69,3.418
DSY1,detached,run_1809,random64,8.559445934201257,9.220111033851431,2.6174590371645094,260.51262344046665,0.1774145506572762,0.1237493562166303,0.3444827827829553,0.039503380978057,2.6965991092332593,0.3413065878960307,0.312273471145697,0.0096244804108213,0.5147813503211555,0.6028242920670521,shade_off,ok,d353590ba129ccd225dde3465cbe1e675a1378e6e2fef7cded43ad653add68f4,f31a17333556b5e7ac80078ae88c99f08af5269d75a4603c4f0b36336349361c,0,9,0.3,3672,3285,1377,1.1437908496732025,1.1437908496732025,0.0,35.0,35.0,2,True,1.5250544662309369,1.5250544662309369,0.0,45.0,45.0,5,True,11,11,0,1.5251,45.0,34.453,5,True,42.8254,0.0,4d2d26840261c09adf48b5bb88d0a10f479ca61ca184c74dc3c44a1140e6ddb3,3.186
DSY1,detached,run_1813,random64,6.183853880457327,6.041757376136944,2.996197412195417,18.45093673997505,0.1269063653778326,0.2359317992988121,0.2993517751632163,0.0532381299634875,2.3671403541710943,0.2805814000617515,0.7751595903775934,0.0088623444481291,0.6776984175575665,0.513229652325849,shade_off,ok,6d454f025b090a5c3ecb5bea1ea4604803dcdf1048e389585ab34e4256cf4f06,f31a17333556b5e7ac80078ae88c99f08af5269d75a4603c4f0b36336349361c,0,9,0.3,3672,3285,1377,1.1982570806100217,1.1982570806100217,0.0,37.0,37.0,3,True,1.4978213507625273,1.4978213507625273,0.0,46.0,46.0,6,True,9,9,0,1.4978,46.0,34.57,6,True,58.9025,0.0,998fc21a2b70bdab4371368432d12a598029646e67f39e3a8f4a84a3ac6ca912,3.386
DSY1,detached,run_1851,random64,9.203475309979774,8.126740176489259,2.515033518371454,173.65265235192354,0.3260689792526782,0.0885557723085899,0.2437944100102807,0.0742750911743195,4.731739904063382,0.5087623134456867,0.4327765286791063,0.0083422560500987,0.7721184990131026,0.1324354075633587,shade_off,ok,0b57ebc446c9a68576d33ba09a93f826b1e3e04c6c777e92a8cd4626ac24f9c6,f31a17333556b5e7ac80078ae88c99f08af5269d75a4603c4f0b36336349361c,0,9,0.3,3672,3285,1377,1.7429193899782136,1.7429193899782136,0.0,49.0,49.0,11,True,2.0697167755991286,2.0697167755991286,0.0,60.0,60.0,33,True,11,11,0,2.0697,60.0,35.879,33,True,157.4804,0.0,21a0c151aef8f2fcc0e436c1afb06e4579c46e28b5a2c0c4c4e6baa4448de5bc,3.195
DSY1,detached,run_1864,random64,6.678309111984476,9.701169101100144,2.688116929277827,134.80691493465332,0.2652985821920491,0.20779816880664,0.234577135985692,0.1895076859779048,3.2922132632933643,0.4267807981359379,0.7891846397409084,0.0070545148468507,0.4021872024899956,0.3813972683369584,shade_off,ok,155fcbbd8dbbe721d66138a79029c0ad3d1dfadf947f0185e9a9fa8e32f32ad7,f31a17333556b5e7ac80078ae88c99f08af5269d75a4603c4f0b36336349361c,0,9,0.3,3672,3285,1377,1.6067538126361656,1.6067538126361656,0.0,45.0,45.0,6,True,1.8790849673202614,1.8790849673202614,0.0,56.0,56.0,24,True,13,13,0,1.8791,56.0,35.429,24,True,82.1873,0.0,8b3ba3d5ff26266ab8b79d47e144fa276ec01ddd6cc533b5c6d4d90c88965046,3.427
DSY1,detached,run_1865,random64,8.82547862022751,9.753981614836256,2.7591122341658165,157.9041342237432,0.3438813786429799,0.2158546792043205,0.2138580906954928,0.0992738610007614,2.306245853937516,0.6386320518895993,0.8154346774417618,0.0093635246799744,0.2130728999901633,0.437296282659448,shade_off,ok,acf858a31ebba59ddb5f4c4b76f6fdfff1c1855acf88f941ba616b078a5e953d,f31a17333556b5e7ac80078ae88c99f08af5269d75a4603c4f0b36336349361c,0,9,0.3,3672,3285,1377,2.0152505446623095,2.0152505446623095,0.0,59.0,59.0,25,True,3.349673202614379,3.349673202614379,0.0,73.0,73.0,45,True,41,44,3,3.3497,73.0,36.519,45,True,84.0282,0.0,feb1185b01734d50aa69cb4c032904efff8fb0497a13a9ec5ed16f5532bfc4ff,3.414
DSY1,detached,run_1866,random64,6.074547528578014,10.39441441632774,2.9074407631648413,29.82417569741127,0.3735980910175824,0.056916595305462,0.2253344693331766,0.0278639344015534,3.486301963586633,0.5140651187186196,0.6700640003904912,0.006735074923467,0.6647864729323955,0.2008978179182478,shade_off,ok,e11806dd718633bba897fa9bf215e94a9bd8a67ee6674e2a3b4a4abc84fa3637,f31a17333556b5e7ac80078ae88c99f08af5269d75a4603c4f0b36336349361c,0,9,0.3,3672,3285,1377,1.9335511982570806,1.9335511982570806,0.0,56.0,56.0,27,True,2.423747276688453,2.423747276688453,0.0,69.0,69.0,41,True,17,17,0,2.4237,69.0,36.535,41,True,249.3258,0.0,82ba1e91ac7c7905ae324e5a1c8d573f0aa200b1bbabf98fe538f3e6f6d74cef,3.331
DSY1,detached,run_1911,random64,9.625788696509844,8.99756568811846,2.6870274763916577,51.13562564563569,0.1036336243021498,0.2691032643035131,0.2909092323704428,0.0553225405296898,0.9451537467761352,0.213096661780196,0.6746484122958563,0.0027892586699717,0.3857168502796336,0.6987056326408935,shade_off,ok,f559833cd5418baa9e5a97000d08a54f4d00009f6d4b4b48f90399aa82c7232d,f31a17333556b5e7ac80078ae88c99f08af5269d75a4603c4f0b36336349361c,0,9,0.3,3672,3285,1377,0.8442265795206972,0.8442265795206972,0.0,26.0,26.0,0,False,1.252723311546841,1.252723311546841,0.0,38.0,38.0,3,True,12,12,0,1.2527,38.0,33.738,3,True,16.8505,0.0,d11d30175bc2acad81bc03cd5b0fbfcf7d469c498f3b105ce4de5b0132d208e0,3.386
DSY1,detached,run_1941,stress16,8.513957236747029,6.406912918790103,2.9573824657987817,227.30992581477113,0.3814391502066491,0.1130363137032005,0.3436613789388585,0.0360638430621394,3.8372150666790352,0.6925245091293201,0.8339536192169092,0.0057582855884426,0.5537019522177968,0.4107181886048088,shade_off,ok,af6287caee63b9fbdd48a1ae9332082d54a5712b4cd25fbaf47277004240a240,f31a17333556b5e7ac80078ae88c99f08af5269d75a4603c4f0b36336349361c,0,9,0.3,3672,3285,1377,2.3965141612200433,2.3965141612200433,0.0,65.0,65.0,39,True,3.431372549019608,3.431372549019608,0.0,79.0,79.0,53,True,26,28,2,3.4314,79.0,37.315,53,True,325.6694,0.0,8489c552a2ae591e5b0d4a7c48f74d33ecf2d981813727ef5c08659590614359,3.556
DSY1,detached,run_1952,random64,6.90071229300299,6.937283565323205,2.560373385344838,346.0353191567952,0.2877198939545087,0.2888430195687625,0.1275638899296872,0.0713325995335073,4.595601180263259,0.2098584867753312,0.4525467845450036,0.0051246806394883,0.2908505919263405,0.91113436469536,shade_off,ok,95ee81e16847af61e67a1b6990800883da93f6537feee1b0069533738e796a1d,f31a17333556b5e7ac80078ae88c99f08af5269d75a4603c4f0b36336349361c,0,9,0.3,3672,3285,1377,1.2254901960784315,1.2254901960784315,0.0,37.0,37.0,3,True,1.4978213507625273,1.4978213507625273,0.0,47.0,47.0,7,True,8,8,0,1.4978,47.0,34.609,7,True,73.782,0.0,9a0cf389c242e14b4c842f7b6d7f25bb735675e1815f3cc468504f6d22b898ef,3.184
DSY1,semi,run_0000,stress16,8.290452087902889,9.418683364680744,2.7012424206240264,22.194473754769316,0.1796358733978168,0.0781535347590126,0.0281263147984265,0.1023603238909987,3.7187309613713815,0.2848874035155261,0.8851887605927302,0.0041794027925613,0.4679746472079719,0.7780886191933646,shade_off,ok,38b1629baa31fb1dfdfc4d95da410ad72d37f48ba4dded95224746bcd09fc229,f31a17333556b5e7ac80078ae88c99f08af5269d75a4603c4f0b36336349361c,0,9,0.3,3672,3285,1377,1.1165577342047932,1.1165577342047932,0.0,31.0,31.0,2,True,1.5250544662309369,1.5250544662309369,0.0,47.0,47.0,7,True,17,17,0,1.5251,47.0,34.615,7,True,50.1082,0.0,0531a5ac43fb52fb3c4454fbcba74d7b4608dda97d6ac1acdd7f4c44d9d49feb,3.255
DSY1,semi,run_0015,random64,7.108611475128714,6.493256650172337,2.557740067304502,196.7752575852872,0.3508426889305577,0.0691978473194322,0.1775662031153719,0.1504932433886532,1.1382521186428864,0.3634006054515437,0.3251097153924657,0.0053423127877505,0.7756179975255327,0.2215221883714765,shade_off,ok,b5658103633dc62ae4fd36db01445206d7051ac5fbaa897fd85485a72fd5ec84,f31a17333556b5e7ac80078ae88c99f08af5269d75a4603c4f0b36336349361c,0,9,0.3,3672,3285,1377,1.6067538126361656,1.6067538126361656,0.0,45.0,45.0,5,True,1.8518518518518516,1.8518518518518516,0.0,55.0,55.0,15,True,13,14,1,1.8519,55.0,35.257,15,True,235.9328,0.0,3a3572be3682922c732cd1ec3c51ac170bc7458bf670d356146f300472519e43,2.59
DSY1,semi,run_0023,random64,8.817343277589991,7.85539369563051,2.609145431853368,18.96253427869918,0.1742793412258079,0.1120027552699704,0.044072150885244,0.1176076252166526,3.9736567243591487,0.2414493988517185,0.6054915605613544,0.0048067660451242,0.6942537640069445,0.341692810129729,shade_off,ok,08634fbb863f5d210c41b9bc14ec2c5ccccd160e12e5f890fd689d6ec0956712,f31a17333556b5e7ac80078ae88c99f08af5269d75a4603c4f0b36336349361c,0,9,0.3,3672,3285,1377,1.1165577342047932,1.1165577342047932,0.0,33.0,33.0,2,True,1.4161220043572984,1.4161220043572984,0.0,41.0,41.0,5,True,11,11,0,1.4161,41.0,34.419,5,True,48.8788,0.0,c85d372df45923aec82e6df11059240cfc46f3adfff322d227ab65885ba59ad1,3.166
DSY1,semi,run_0029,stress16,8.203432183124272,6.408489310261017,2.8640680741404387,300.7801611485146,0.150600147289584,0.0170107318727439,0.045297803381865,0.0140947818271048,0.8776391010432707,0.6886897929854896,0.5132570934374501,0.0061052277763261,0.1044806285204754,0.4880446808864345,shade_off,ok,0cb3b2d554db6b186b7aed15293980fe36c97152f05e1d54d3962ae0be21be1c,f31a17333556b5e7ac80078ae88c99f08af5269d75a4603c4f0b36336349361c,0,9,0.3,3672,3285,1377,1.770152505446623,1.770152505446623,0.0,46.0,46.0,5,True,2.2603485838779953,2.2603485838779953,0.0,62.0,62.0,25,True,48,48,0,2.2603,62.0,34.994,25,True,42.2154,0.0,1d36b6d6672d3e3dae3134049443c3c3c2da9640fe3e872ae0be8f562f6563e0,3.208
DSY1,semi,run_0044,random64,6.030500032924129,7.408960521416061,2.7665628390675407,74.51262954714856,0.1781833985308706,0.2384489935374365,0.232027349722457,0.1662308275216616,3.706446374343945,0.2801471059994515,0.6879618953548321,0.0077865334940022,0.7588555884014518,0.4235989701065071,shade_off,ok,7df32c8b9ebc2d9cae53f3edf3aa17d274f81536a94b39260927a3c4eaf696a7,f31a17333556b5e7ac80078ae88c99f08af5269d75a4603c4f0b36336349361c,0,9,0.3,3672,3285,1377,1.1982570806100217,1.1982570806100217,0.0,37.0,37.0,3,True,1.443355119825708,1.443355119825708,0.0,43.0,43.0,6,True,10,10,0,1.4434,43.0,34.493,6,True,54.0894,0.0,8c3a57b02f1e67024b242e3d105e1288d09569b04e4b3eeacdf56e9c3a079baa,3.251
DSY1,semi,run_0063,random64,6.5621292372608675,6.65259707923012,2.866440977345775,291.8921029230811,0.2605908839526111,0.2904109892395112,0.2396360333811598,0.1130099666030276,4.144587096716162,0.654011275402036,0.4712269209763924,0.0014834559152219,0.54773627340295,0.5710594819740411,shade_off,ok,428d11d27f9421cb75e26e5f7b745d7378b6f272428afdda766a8aecaefaeae5,f31a17333556b5e7ac80078ae88c99f08af5269d75a4603c4f0b36336349361c,0,9,0.3,3672,3285,1377,1.8518518518518516,1.8518518518518516,0.0,53.0,53.0,19,True,2.0969498910675384,2.0969498910675384,0.0,63.0,63.0,35,True,17,17,0,2.0969,63.0,35.992,35,True,163.0625,0.0,b4034f16bf2b7b8c1cc7abc88fb6861cdbbc8c04d1e85437c0c67198a23b3da5,2.571
DSY1,semi,run_0092,random64,9.93309790699963,8.182296197308714,2.457461454626565,111.121424386233,0.215416840146493,0.1614784962457293,0.2067813187440635,0.1045840336851818,2.5155012564866768,0.5247084843418965,0.6042830658593564,0.0091103599680866,0.403724911359604,0.9002186637947126,shade_off,ok,5e5eb395024a66ae32c4bc797ab05574873e248bb0d397a337910908e5fffa57,f31a17333556b5e7ac80078ae88c99f08af5269d75a4603c4f0b36336349361c,0,9,0.3,3672,3285,1377,1.3344226579520697,1.3344226579520697,0.0,37.0,37.0,3,True,1.6067538126361656,1.6067538126361656,0.0,49.0,49.0,7,True,15,15,0,1.6068,49.0,34.636,7,True,38.2884,0.0,9c5a121fa5f18c89e826197f1b6305fdbd0fe616178edaeeb9cd1d4b6625ffc8,3.301
DSY1,semi,run_0095,random64,6.3624501841932375,11.842510228563462,2.491939053622874,295.7462251283733,0.2198554630131667,0.0400359318923531,0.1494445134899256,0.1850285440940413,4.185455890408224,0.5956563840158877,0.8831696681502195,0.0061710397040376,0.4456313827570233,0.3457178036598204,shade_off,ok,d79569cf44451e60eea078e770f81f58526685b48ad37e58d5ba299febd6dfda,f31a17333556b5e7ac80078ae88c99f08af5269d75a4603c4f0b36336349361c,0,9,0.3,3672,3285,1377,1.6339869281045754,1.6339869281045754,0.0,44.0,44.0,5,True,1.8790849673202614,1.8790849673202614,0.0,57.0,57.0,24,True,22,22,0,1.8791,57.0,35.262,24,True,52.6972,0.0,ce19d921cebe427956405c41a90fa3bec81623cfc55f2ee508e94c9611e0b820,3.346
DSY1,semi,run_0132,stress16,9.299175482807073,9.44472107084308,2.6246307962624016,120.97695746647544,0.359724968552603,0.1373453664935816,0.0250244188438973,0.1090851112819592,4.432529714102253,0.6489282768966091,0.8546248700739805,0.0100735542076731,0.2380461443404612,0.205503238738427,shade_off,ok,18089cd1e3fc0a36a05eb16f0c9393ebd01a3c099376542525d96d52b0e7c1da,f31a17333556b5e7ac80078ae88c99f08af5269d75a4603c4f0b36336349361c,0,9,0.3,3672,3285,1377,1.8790849673202614,1.8790849673202614,0.0,57.0,57.0,13,True,2.314814814814815,2.314814814814815,0.0,70.0,70.0,35,True,30,30,0,2.3148,70.0,36.15,35,True,69.6815,0.0,db11a49ad2c1d869773f080b321870dbab2f301830868114165267b4420530a6,3.323
DSY1,semi,run_0169,random64,7.695473365435487,11.227744275625916,2.4943900256809504,33.74614022217156,0.1572306658104784,0.0421425997389778,0.1619378594004896,0.0133961689752927,3.577533400781542,0.3919625146305164,0.533438368709399,0.0108911883433449,0.1066031747510421,0.8986530703328954,shade_off,ok,b0483d08d48fa39e585546599ddb071e6c8b052e0d7ea99b8b81b5460ed3dc2e,f31a17333556b5e7ac80078ae88c99f08af5269d75a4603c4f0b36336349361c,0,9,0.3,3672,3285,1377,0.2995642701525054,0.2995642701525054,0.0,16.0,16.0,0,False,1.252723311546841,1.252723311546841,0.0,35.0,35.0,2,True,24,24,0,1.2527,35.0,33.093,2,True,33.3,0.0,0e1ab639a81bff9ca7475da0194dd55ca541947326fe6d7ccf1b1ca87502b105,3.192
DSY1,semi,run_0171,random64,7.494809621295749,11.22002626611558,2.7470227147731485,103.10589157010632,0.254781411116087,0.1019944879351144,0.3370655776713539,0.0445047342704688,4.389418546125397,0.6060268646263012,0.3276582681904973,0.005932140031043,0.3357054429082935,0.5638512940204532,shade_off,ok,5ab7a52dcff88287a05a50160d5be5ba5a084ac77124d82d4b06c7d27a5c0bd5,f31a17333556b5e7ac80078ae88c99f08af5269d75a4603c4f0b36336349361c,0,9,0.3,3672,3285,1377,1.4161220043572984,1.4161220043572984,0.0,39.0,39.0,4,True,1.715686274509804,1.715686274509804,0.0,53.0,53.0,11,True,16,16,0,1.7157,53.0,35.029,11,True,47.2282,0.0,2c226fe1e9be783226f7b6821b24881840a3863e99c71d0c2b9fdc75136d20ea,3.204
DSY1,semi,run_0172,random64,9.655340429240898,7.24820416689231,2.42469543122848,172.6245737256148,0.1639874631194922,0.1196870715518636,0.3172583437442636,0.1578098077295352,0.9402029258114942,0.4028680909098489,0.8765797877084602,0.0023588769593888,0.2060066547113198,0.3409010096267915,shade_off,ok,4e474fd37a273458bd4d513fa932388ddc2f84347470a605e060a7215223b320,f31a17333556b5e7ac80078ae88c99f08af5269d75a4603c4f0b36336349361c,0,9,0.3,3672,3285,1377,1.0893246187363834,1.0893246187363834,0.0,32.0,32.0,1,True,1.4705882352941175,1.4705882352941175,0.0,47.0,47.0,5,True,18,18,0,1.4706,47.0,34.097,5,True,15.3033,0.0,f8658c6f0f8714d8a22730c05be0624a905f3bedc74258b19a8aa39bc12df076,3.296
DSY1,semi,run_0189,random64,8.854541179080801,10.452603750516715,2.9188006260871417,67.8876582569418,0.3641510351705923,0.0892540763860939,0.3097302387013971,0.1440692649228458,2.707948972652005,0.2832682627500669,0.6646816722211282,0.0103303899374604,0.1290129201750531,0.0948871124029668,shade_off,ok,28042b0510f92da1d6a4275a28af6d87941b55214bc405bcc803dcbb08ca8f3d,f31a17333556b5e7ac80078ae88c99f08af5269d75a4603c4f0b36336349361c,0,9,0.3,3672,3285,1377,1.3344226579520697,1.3344226579520697,0.0,37.0,37.0,3,True,1.6339869281045754,1.6339869281045754,0.0,50.0,50.0,9,True,15,15,0,1.634,50.0,34.66,9,True,38.6027,0.0,53a04678937ef33a4e3872fd33d0306cc2da90fe2ad258e404ee76946b915268,3.263
DSY1,semi,run_0203,random64,7.977123523285825,8.285263931205199,2.712837171815562,89.35419205267758,0.1358151170477194,0.188340689716523,0.0697252800449031,0.1120892354037314,1.7190015052738117,0.5071421704296211,0.5490554865529775,0.0022577353970723,0.6310346873260598,0.5050302275796102,shade_off,ok,2db5a1f07b978e729a870d06fca358c4b72224a01867501eb6ca78d9c9e25ae6,f31a17333556b5e7ac80078ae88c99f08af5269d75a4603c4f0b36336349361c,0,9,0.3,3672,3285,1377,1.2254901960784315,1.2254901960784315,0.0,36.0,36.0,3,True,1.4978213507625273,1.4978213507625273,0.0,45.0,45.0,7,True,14,14,0,1.4978,45.0,34.505,7,True,39.0039,0.0,3399fd5ae875b81ff119db5a6a05e9642c7edc1ccbdfd1e88fd4c5fd1f61630b,3.281
DSY1,semi,run_0208,random64,7.080933225138338,8.151979458855823,2.6146631258077835,109.77210266794091,0.1350633821387371,0.2826211130453059,0.3158693984636647,0.1010376581025481,1.0331012809233195,0.4004981292509733,0.7085516862951541,0.001430792206345,0.6109790032078951,0.401205105008072,shade_off,ok,4c063a5dcdfaec7425e5346639a340b5ac309e6421c648878a6f80f23919874a,f31a17333556b5e7ac80078ae88c99f08af5269d75a4603c4f0b36336349361c,0,9,0.3,3672,3285,1377,1.1165577342047932,1.1165577342047932,0.0,33.0,33.0,2,True,1.4161220043572984,1.4161220043572984,0.0,40.0,40.0,5,True,12,12,0,1.4161,40.0,34.275,5,True,48.5437,0.0,5ce882fadab3a1171bba06e11abea1a4f35a6fea14df374bef0b99216b660a2d,3.314
DSY1,semi,run_0239,stress16,8.966408949597819,7.177231125441284,2.4933678450716044,17.389312189459034,0.33924506984946,0.1909431656003543,0.2552562075773003,0.1590237503532047,0.8661594681833358,0.6951609206290856,0.8620318201574801,0.0106498566496832,0.1330127200193476,0.4051665189182183,shade_off,ok,7a27edca38fe478b5f76d92ac58523dbd33e8f4245a1643a353cc5db1c37bd7a,f31a17333556b5e7ac80078ae88c99f08af5269d75a4603c4f0b36336349361c,0,9,0.3,3672,3285,1377,2.5326797385620914,2.5326797385620914,0.0,55.0,55.0,21,True,4.684095860566448,4.684095860566448,0.0,71.0,71.0,45,True,88,225,137,4.6841,71.0,36.224,45,True,48.4961,0.0,977f0a4927891f489f031c68e6b7f6edaf97a72231a2044f8d6a31faa9712d97,3.498
DSY1,semi,run_0241,stress16,8.986985502735077,6.370726990713231,2.8262969611987976,288.55522855132386,0.3577817612158999,0.1857466310998697,0.1900534041160908,0.1183127038015254,1.180262981894609,0.5586107918959073,0.4841391966636397,0.0026352311391234,0.7606078576767147,0.3295277351670737,shade_off,ok,37f76f4e384ef23568740948beffa02c4003770c50e63d3e1aa37181127eccf3,f31a17333556b5e7ac80078ae88c99f08af5269d75a4603c4f0b36336349361c,0,9,0.3,3672,3285,1377,3.022875816993464,3.022875816993464,0.0,58.0,58.0,27,True,4.030501089324619,4.030501089324619,0.0,68.0,68.0,52,True,50,132,82,4.0305,68.0,36.368,52,True,533.0867,0.0,7fb68bf694849b159770a1e588f660be4f1ee4639942427252ecbf73268b6b8e,3.491
DSY1,semi,run_0298,random64,8.332008660398749,7.514114819729058,2.5770632840161176,32.65999947584161,0.3675082359468328,0.2612870512859359,0.1947062270800404,0.092184612395228,2.2327759245070897,0.4154681534695688,0.4491901728869033,0.0031863362642622,0.2918284207024562,0.3945965827764047,shade_off,ok,4a17ccbf819c046996f6407be13c2b3b72597b6e02cfd7ee9e4ca7df139ad818,f31a17333556b5e7ac80078ae88c99f08af5269d75a4603c4f0b36336349361c,0,9,0.3,3672,3285,1377,1.6067538126361656,1.6067538126361656,0.0,41.0,41.0,6,True,1.824618736383442,1.824618736383442,0.0,52.0,52.0,25,True,16,16,0,1.8246,52.0,35.297,25,True,62.8272,0.0,bba8be376e65d8a0cf786a7bb08487f22d7240f362d957f7e7105eba9644227a,3.36
DSY1,semi,run_0302,random64,6.464886681198625,6.461232658039725,2.595607139740693,200.15410369855252,0.1048401522366748,0.0500529154312022,0.2464765860508568,0.138708672410398,1.0994929560158817,0.5957829612933677,0.6712389000184744,0.0114188958123249,0.5764259455075901,0.8590859386058312,shade_off,ok,f961546b5b9d30c53792832d2d0a58848924c63677a89f917a3ea9516f964a92,f31a17333556b5e7ac80078ae88c99f08af5269d75a4603c4f0b36336349361c,0,9,0.3,3672,3285,1377,1.2254901960784315,1.2254901960784315,0.0,37.0,37.0,3,True,1.5250544662309369,1.5250544662309369,0.0,46.0,46.0,5,True,17,17,0,1.5251,46.0,34.443,5,True,39.5656,0.0,30bc35ecc1f6c754988909e18f8c52f296bab41a826b267a3ec0794aec17d40d,3.322
DSY1,semi,run_0421,random64,7.259944904757417,9.95766854175178,2.9168650187863294,194.2486599421907,0.3312206235671143,0.0946711362366577,0.2923395976811948,0.0428674051588782,2.175209421544923,0.3660505438690433,0.3166605386628426,0.005912152362126,0.7213775997545232,0.4076882356228147,shade_off,ok,763dd60c06bc98520ec38de93e3ba8673f37a1eccffcbab8ed38c7f654c576fe,f31a17333556b5e7ac80078ae88c99f08af5269d75a4603c4f0b36336349361c,0,9,0.3,3672,3285,1377,1.443355119825708,1.443355119825708,0.0,41.0,41.0,5,True,1.770152505446623,1.770152505446623,0.0,51.0,51.0,10,True,12,12,0,1.7702,51.0,35.052,10,True,107.9923,0.0,ec4d1b8370532a4c0e6c0591a3d760bc878b0c6751e77aef9cfd6585b50271e7,3.217
DSY1,semi,run_0456,random64,7.235653346407408,11.709367776516928,2.5247172842449146,164.85689193046983,0.316903563356449,0.2724207622108091,0.0275777940548623,0.1306855280144903,4.841830387386058,0.3607166626987048,0.7357196636648353,0.0087398255812502,0.7615723805690275,0.6784222436994939,shade_off,ok,f0ae4c4e375904ee0cdde11d1d500a16df47fe26566e06e551b8062274eff7bb,f31a17333556b5e7ac80078ae88c99f08af5269d75a4603c4f0b36336349361c,0,9,0.3,3672,3285,1377,1.3071895424836601,1.3071895424836601,0.0,38.0,38.0,4,True,1.6339869281045754,1.6339869281045754,0.0,50.0,50.0,10,True,12,12,0,1.634,50.0,34.905,10,True,78.7949,0.0,bd30c5add87a7460be4499d3920e4229477470761b3de71410d6fbcec023bb10,3.237
DSY1,semi,run_0492,stress16,8.550782772522515,11.776115421222215,2.699213296519177,334.2020798495306,0.3999904372395374,0.0206995492983702,0.0607249068429463,0.0682232294671505,1.1214548050257498,0.6419965380885064,0.7204194426782291,0.0073087888941234,0.247223981405377,0.2972364509554138,shade_off,ok,248b3d7bdbfbdc35ae396376f152613a59802b8bbe842f054889d3badf8717ab,f31a17333556b5e7ac80078ae88c99f08af5269d75a4603c4f0b36336349361c,0,9,0.3,3672,3285,1377,2.042483660130719,2.042483660130719,0.0,54.0,54.0,22,True,2.587145969498911,2.587145969498911,0.0,70.0,70.0,43,True,37,40,3,2.5871,70.0,36.176,43,True,74.8799,0.0,8d48b024317a36013fece89421c969c40e88005cbadb75e4b2b7e24048c67db9,3.52
DSY1,semi,run_0499,random64,7.858804507830091,10.349836369453136,2.532898445475049,95.20960247737294,0.2105308086928702,0.2661776403887546,0.202952619776223,0.042630729895842,4.479626527348435,0.5735404220619731,0.7008795170704228,0.0036983473818156,0.1567476492121556,0.6596289751233395,shade_off,ok,e54c28113c6f004cfa397dc56070497c82e087678cccc80aadbd1bf18545bccb,f31a17333556b5e7ac80078ae88c99f08af5269d75a4603c4f0b36336349361c,0,9,0.3,3672,3285,1377,1.252723311546841,1.252723311546841,0.0,32.0,32.0,1,True,1.661220043572985,1.661220043572985,0.0,49.0,49.0,7,True,20,20,0,1.6612,49.0,34.448,7,True,24.8537,0.0,86853e9be8cbbaf83068533179ab2962b1ab57edf66de9ddb6548bf1a203dbca,3.35
DSY1,semi,run_0500,random64,9.82451369711319,10.845295277018504,2.7073204009582628,108.9848566026068,0.2404164756163604,0.2191691030494161,0.3170431197618952,0.1101248845957577,4.246097291116642,0.3146179268775989,0.8846779164318552,0.002952629013426,0.3985480745890861,0.6671409251817507,shade_off,ok,829a713083ec5fa52fb49133deca58159680248e80f01a48785f63c1708aa788,f31a17333556b5e7ac80078ae88c99f08af5269d75a4603c4f0b36336349361c,0,9,0.3,3672,3285,1377,1.1165577342047932,1.1165577342047932,0.0,34.0,34.0,2,True,1.443355119825708,1.443355119825708,0.0,43.0,43.0,5,True,11,11,0,1.4434,43.0,34.4,5,True,34.2966,0.0,6d69a51802f30644fa0815e02f04ca20851d8832fc2ccd764ff60ea8d7cc72d3,3.222
DSY1,semi,run_0628,stress16,9.72733840356107,7.8427669792229615,2.5924321527735392,359.8933269015914,0.3529783862372112,0.0761779621335445,0.3273904561993191,0.0824461595128538,3.4708268892998255,0.3251799736172571,0.3503616556392233,0.0015213312741712,0.7206263247604744,0.7182250817689112,shade_off,ok,c4976962d5bd553223214322eb7b76b88a3e56772904fec26bdd6f76e218609f,f31a17333556b5e7ac80078ae88c99f08af5269d75a4603c4f0b36336349361c,0,9,0.3,3672,3285,1377,1.3616557734204793,1.3616557734204793,0.0,37.0,37.0,3,True,1.6339869281045754,1.6339869281045754,0.0,47.0,47.0,10,True,10,10,0,1.634,47.0,34.744,10,True,62.735,0.0,90a08ef646d94c01bf7b5a33f1741591261ec30669dbc75676109dc56673a272,3.238
DSY1,semi,run_0745,random64,9.403992115334937,8.48512079989969,2.7038151450428907,145.5310132662222,0.2567053419094268,0.2898505421920269,0.0488499881238593,0.1014932783378585,1.1571722700731573,0.4833947498367663,0.8213087990653432,0.008725404304492,0.7657037313194129,0.8876906018863312,shade_off,ok,90a353ff04572ca4f9660553b33ecc3b34f0d1d0d92d868c312385b3960e7597,f31a17333556b5e7ac80078ae88c99f08af5269d75a4603c4f0b36336349361c,0,9,0.3,3672,3285,1377,1.3344226579520697,1.3344226579520697,0.0,39.0,39.0,4,True,1.715686274509804,1.715686274509804,0.0,52.0,52.0,11,True,16,16,0,1.7157,52.0,34.988,11,True,99.8723,0.0,f43f7d7d7f0c818761dcdc92e65a67a4cbbf32bc4c8f4ea92cb93f8d6828639f,3.312
DSY1,semi,run_0768,stress16,6.634637881940697,11.603463379949876,2.9452065682690702,7.656125949492523,0.3673240508605883,0.0703946751822334,0.0882239068606324,0.0721394554328508,0.8794108960838816,0.6853284584119119,0.8495356125752638,0.0109339718263157,0.2996274968959122,0.0483529411528591,shade_off,ok,96ee71971ac72ed433622c5c48866da2e1992930f13b1facb11c355f19c7906d,f31a17333556b5e7ac80078ae88c99f08af5269d75a4603c4f0b36336349361c,0,9,0.3,3672,3285,1377,2.2603485838779953,2.2603485838779953,0.0,54.0,54.0,25,True,3.32244008714597,3.32244008714597,0.0,69.0,69.0,46,True,43,61,18,3.3224,69.0,36.508,46,True,124.2296,0.0,49cb5b52f729dc6f819d9dfd1f89581bb0a18bfd8e08503f926243e3e74e3fca,3.538
DSY1,semi,run_0785,random64,8.940781628092497,8.940854789499578,2.71333172432655,21.027453984889203,0.3107729422642821,0.2659499439488594,0.1570556761118805,0.0362424341838409,3.092059615457477,0.5972727377148599,0.3537591526886088,0.010305774523266,0.4150422534097331,0.1795157167910107,shade_off,ok,85ed866c933cdb57a3d0f3f493b2083970391b1256237b0288a790f714eccf98,f31a17333556b5e7ac80078ae88c99f08af5269d75a4603c4f0b36336349361c,0,9,0.3,3672,3285,1377,1.6339869281045754,1.6339869281045754,0.0,43.0,43.0,6,True,1.906318082788671,1.906318082788671,0.0,57.0,57.0,27,True,16,16,0,1.9063,57.0,35.529,27,True,68.6928,0.0,e80e80935405bf8a262c3863037c60587f8392162050171272968e0929c2f147,3.197
DSY1,semi,run_0788,random64,8.782009887322488,9.886407966385462,2.689241045237277,165.79600971047623,0.1806222296930827,0.0350189214807997,0.2624851560323494,0.0761344647472262,0.8504742135136384,0.5569179194726575,0.8553784108853641,0.0092759304403749,0.5281861664355341,0.2100976052058908,shade_off,ok,5eed579cd9f93e8e8c943431f72d4736f55e168cc4a6ee7214b0ddb83d9afd7f,f31a17333556b5e7ac80078ae88c99f08af5269d75a4603c4f0b36336349361c,0,9,0.3,3672,3285,1377,1.3616557734204793,1.3616557734204793,0.0,38.0,38.0,4,True,1.661220043572985,1.661220043572985,0.0,51.0,51.0,7,True,18,18,0,1.6612,51.0,34.722,7,True,45.9069,0.0,55fac1edaead7745eb7cb901631dcd1ccfd3cfdc5aec265c1441d6d2981ad96f,3.286
DSY1,semi,run_0821,random64,8.168610103195812,6.295910082319626,2.44919521726831,83.16215592635217,0.1633699932395152,0.2793528873688088,0.3075031868920546,0.1071356027635634,4.694512503188105,0.3195967627738837,0.4662343120140395,0.0025933405746935,0.4004795609820039,0.9249981780019016,shade_off,ok,e3bd16a083ef4b206654a7cd27c40a2b1c890e71432d8bbeb08bd23390d859d8,f31a17333556b5e7ac80078ae88c99f08af5269d75a4603c4f0b36336349361c,0,9,0.3,3672,3285,1377,1.1165577342047932,1.1165577342047932,0.0,33.0,33.0,2,True,1.4161220043572984,1.4161220043572984,0.0,40.0,40.0,5,True,10,10,0,1.4161,40.0,34.286,5,True,35.5874,0.0,ea4f3fb412401b734549df8255ceabdef0dc7d6f673122f74a02ec4d37cbd817,3.218
DSY1,semi,run_0833,random64,6.881397296298271,10.882836593895547,2.866583637518168,115.0820265960748,0.2101446861231999,0.1571910951166595,0.0991883520257245,0.1038913954908974,2.054872833294584,0.31784047548047,0.3619575529089111,0.0100872283500496,0.3785981589568508,0.1448921445221051,shade_off,ok,23e2a6591074cf93073a1c7c1766f0866d6afa382f740f5c30b02b343cb0aefb,f31a17333556b5e7ac80078ae88c99f08af5269d75a4603c4f0b36336349361c,0,9,0.3,3672,3285,1377,1.1165577342047932,1.1165577342047932,0.0,35.0,35.0,2,True,1.3888888888888888,1.3888888888888888,0.0,41.0,41.0,5,True,11,11,0,1.3889,41.0,34.311,5,True,36.1113,0.0,a8a4c873c62b1c50570cd9c5b249c7e1e5a7220ab5f867c07334a3d94c967e6d,3.173
DSY1,semi,run_0841,random64,8.367547204965499,7.256923551190713,2.9918995286847547,209.09780783784907,0.2412457505801208,0.2385274524029789,0.0999052231342154,0.0327496438192871,4.272186592040046,0.5573251812470255,0.5047083796199578,0.0034639552327845,0.6468288498143069,0.6883388060301502,shade_off,ok,7e9ada715a6c38201ca05fcb9460bc20051a37d657dc3407a3e81d4484eb8970,f31a17333556b5e7ac80078ae88c99f08af5269d75a4603c4f0b36336349361c,0,9,0.3,3672,3285,1377,1.579520697167756,1.579520697167756,0.0,44.0,44.0,5,True,1.770152505446623,1.770152505446623,0.0,54.0,54.0,19,True,11,11,0,1.7702,54.0,35.343,19,True,87.994,0.0,b09e5eee720252f795e254944ff7b0309315e665c49df4d8331e2d6e658c8522,3.23
DSY1,semi,run_0844,random64,8.746712419323499,8.255288205551997,2.8301858731668736,119.6183960439886,0.1994819192503905,0.27254785547391,0.0411225287078061,0.1609877938402135,1.483139363161183,0.3044285647779056,0.8800589857851471,0.0064660006290998,0.7491636968151721,0.9819550749784538,shade_off,ok,2a67878ce052c96159e49729a976eb3ebf530de8d36b7a8222f17baa5f3e830f,f31a17333556b5e7ac80078ae88c99f08af5269d75a4603c4f0b36336349361c,0,9,0.3,3672,3285,1377,1.1437908496732025,1.1437908496732025,0.0,36.0,36.0,3,True,1.5522875816993464,1.5522875816993464,0.0,48.0,48.0,7,True,14,14,0,1.5523,48.0,34.665,7,True,57.0507,0.0,8301f025ccc4bc2b7419b4efab01c9394747921630f6818dd816bb653f249438,3.296
DSY1,semi,run_0887,random64,9.484724765067508,11.174464591770498,2.414911442203662,229.80644996404757,0.2796275305540545,0.0758284244041909,0.2896741830836959,0.1751072335090888,1.6995338270119895,0.3107776781053267,0.4257006634020504,0.0114970329370951,0.491908950611397,0.9890734482016346,shade_off,ok,169737a24f60b8e4b2b5944d10fd329ec1c938f6eb1b8915a5223c7c6c5862ea,f31a17333556b5e7ac80078ae88c99f08af5269d75a4603c4f0b36336349361c,0,9,0.3,3672,3285,1377,1.1165577342047932,1.1165577342047932,0.0,34.0,34.0,2,True,1.4161220043572984,1.4161220043572984,0.0,41.0,41.0,5,True,11,11,0,1.4161,41.0,34.337,5,True,35.2013,0.0,b89974250eb04ac200cb54c9f7d76186366bec139de115af9dcf160ac4af6a7b,3.268
DSY1,semi,run_1025,stress16,6.001988515451892,8.013747343359917,2.712128069948224,187.7230485160186,0.3988100711297681,0.0143824485162627,0.2716513893534522,0.0592134160641791,2.773734982619098,0.4008863300303726,0.4244523072802022,0.0086936739506271,0.2466612679915689,0.5322139386093038,shade_off,ok,fecb034956ee392687d2e22ba0c709a9ad08744363ee64eef90db9604e3d5472,f31a17333556b5e7ac80078ae88c99f08af5269d75a4603c4f0b36336349361c,0,9,0.3,3672,3285,1377,1.5522875816993464,1.5522875816993464,0.0,45.0,45.0,5,True,1.7973856209150325,1.7973856209150325,0.0,57.0,57.0,12,True,17,17,0,1.7974,57.0,35.233,12,True,77.0095,0.0,c431ea73a4ee8e338e9d1217ffac80f69a1a8b5f13c9abc52eb9635f3a81ee02,3.201
DSY1,semi,run_1083,random64,8.454517480509306,7.606900202320765,2.5501477925335045,241.34481889977465,0.2891208841498976,0.1515706845674109,0.1605073890215713,0.1607015551309144,1.101558526110067,0.2140821822715956,0.8767854811568954,0.0117808467129899,0.4181305553407746,0.979553351344094,shade_off,ok,977276e5fc10114d55ba6c777bb9a187c21cc2963f5c00f6d140e0c143a2fa8f,f31a17333556b5e7ac80078ae88c99f08af5269d75a4603c4f0b36336349361c,0,9,0.3,3672,3285,1377,1.1165577342047932,1.1165577342047932,0.0,36.0,36.0,3,True,1.4705882352941175,1.4705882352941175,0.0,44.0,44.0,5,True,11,11,0,1.4706,44.0,34.477,5,True,45.2086,0.0,598e6819ebc9431e3b20a2c1eb3983a9cc4b63e0d42501f89ce8e31e5a4dcc60,3.3
DSY1,semi,run_1093,random64,8.002380628505447,10.166259736812894,2.8796333119979427,171.23898423952662,0.100090185215434,0.0543938555226989,0.0270087812313298,0.0755226196018769,1.8235443611211988,0.386033384594613,0.8407906551118343,0.0050274494110316,0.354654458456868,0.9837284633011107,shade_off,ok,6028d107523d74cbde3bb546b3a2eb38b8f43df74e0e8338e392ec4cf2869875,f31a17333556b5e7ac80078ae88c99f08af5269d75a4603c4f0b36336349361c,0,9,0.3,3672,3285,1377,0.8714596949891068,0.8714596949891068,0.0,28.0,28.0,0,False,1.4978213507625273,1.4978213507625273,0.0,43.0,43.0,6,True,23,23,0,1.4978,43.0,34.173,6,True,39.8196,0.0,930fce70da4e47cde137d863ce817da0a4426d3e1305641a5ab458b77e4c5c8e,3.203
DSY1,semi,run_1130,random64,9.188456848978468,11.639043127509634,2.559744911138821,29.410840417817724,0.1117948532135704,0.2858457406091068,0.2595794543528447,0.1999165833637279,1.1743911222239498,0.471472375004214,0.5367601190449024,0.0117616437190273,0.2970725510522888,0.433698314360111,shade_off,ok,00980f8c68b0c487e30fa8566c464d134991227af864f9876eed4121447448c1,f31a17333556b5e7ac80078ae88c99f08af5269d75a4603c4f0b36336349361c,0,9,0.3,3672,3285,1377,0.8169934640522877,0.8169934640522877,0.0,25.0,25.0,0,False,1.3071895424836601,1.3071895424836601,0.0,38.0,38.0,3,True,18,18,0,1.3072,38.0,33.524,3,True,8.5366,0.0,3ef3fb4c1850d5b2a1fa1ff2967323c6fc602d14641856561befa725c29f4ba1,3.307
DSY1,semi,run_1192,random64,6.574979979831511,11.394826702694091,2.6678524442714378,83.01673689334608,0.3565625542057532,0.2467632876240327,0.0518339126921443,0.087289463380345,1.2028290993735582,0.4784511509089152,0.6693643480800702,0.0064013535611167,0.4547676125272111,0.8704605859623464,shade_off,ok,4b5b8e6a5884f43040a4a590b0042eeba94ec07e14dd40049b3d4f55315657b9,f31a17333556b5e7ac80078ae88c99f08af5269d75a4603c4f0b36336349361c,0,9,0.3,3672,3285,1377,1.443355119825708,1.443355119825708,0.0,40.0,40.0,5,True,1.715686274509804,1.715686274509804,0.0,54.0,54.0,16,True,16,16,0,1.7157,54.0,35.129,16,True,87.7823,0.0,dc339480313e9d248de0ce01a266a39cda355327da7fbd03e2f33376da25859b,3.281
DSY1,semi,run_1197,random64,9.55307660622851,10.935446202367611,2.651431698797591,89.14333515226049,0.2043520540065082,0.2592494770209894,0.0576746329066228,0.0781157588360924,2.1857332563991227,0.2060785959940542,0.5149724560393532,0.0076651831377733,0.6733006645411621,0.4720333855727691,shade_off,ok,82fdcefd329a63ea2e067344b64734f14ff08bac56ab76785a7a8c8a1865996d,f31a17333556b5e7ac80078ae88c99f08af5269d75a4603c4f0b36336349361c,0,9,0.3,3672,3285,1377,1.0620915032679739,1.0620915032679739,0.0,29.0,29.0,1,True,1.2799564270152506,1.2799564270152506,0.0,40.0,40.0,5,True,11,11,0,1.28,40.0,34.138,5,True,34.9227,0.0,509650c46c148e18b33aa7a6585b8da20349a2002c54f882a6bcb9546d17d5ba,3.396
DSY1,semi,run_1199,stress16,8.893313295309667,6.752916196560016,2.775376919971335,90.13627347871588,0.1083033134047148,0.1785539237225437,0.0601924888116002,0.0886989224971885,1.0127404186376616,0.4736069389205135,0.8365327423703692,0.0052546015723922,0.7998494879171348,0.7537545170074853,shade_off,ok,26f0e34b5c4bcd3ca246868178859e00d2b3a82847d66470bfa7482fe193bc50,f31a17333556b5e7ac80078ae88c99f08af5269d75a4603c4f0b36336349361c,0,9,0.3,3672,3285,1377,1.1437908496732025,1.1437908496732025,0.0,36.0,36.0,2,True,1.4978213507625273,1.4978213507625273,0.0,47.0,47.0,7,True,16,16,0,1.4978,47.0,34.582,7,True,44.3437,0.0,deb6baf542d3405e6dc5049e845c69ca38b09413215dcd8453dce420ccd01d67,3.343
DSY1,semi,run_1207,random64,9.168130791502008,9.004696072729846,2.8115599835956373,142.9180739985565,0.1284202723692254,0.1867752178704292,0.3348439656423181,0.1317711005700411,2.4118781979192816,0.4565266167997619,0.610364497850469,0.004851525079017,0.1978381158264388,0.9603135205592784,shade_off,ok,35a929240e5e48e1c5a3b2242ed2a761682c33584a46f360535ebd6c3938f813,f31a17333556b5e7ac80078ae88c99f08af5269d75a4603c4f0b36336349361c,0,9,0.3,3672,3285,1377,0.8442265795206972,0.8442265795206972,0.0,27.0,27.0,0,False,1.3616557734204793,1.3616557734204793,0.0,41.0,41.0,3,True,17,17,0,1.3617,41.0,33.693,3,True,12.8832,0.0,d0c561a168b2014d0bd31d08076e921067a34a7e1518e18ad0afd672a64082df,3.291
DSY1,semi,run_1209,random64,8.118074804521358,11.978193458414612,2.9036564697751355,244.9524063171716,0.3754156589993933,0.1220701597070463,0.1432447265725567,0.0531746170798,1.5295117539422654,0.5948510668405462,0.606964077683358,0.0056553556870505,0.480152133711234,0.6399576848879639,shade_off,ok,4e3fa13c2796736df0b360166a7a87b877ed929b044fcc26f1d0a4ab04da723f,f31a17333556b5e7ac80078ae88c99f08af5269d75a4603c4f0b36336349361c,0,9,0.3,3672,3285,1377,1.9335511982570806,1.9335511982570806,0.0,50.0,50.0,9,True,2.968409586056645,2.968409586056645,0.0,62.0,62.0,32,True,35,41,6,2.9684,62.0,35.838,32,True,172.0045,0.0,27fc0bde55d674838b025efe822ffe5681d9c3c92560ec536a44049b326312dd,3.344
DSY1,semi,run_1214,stress16,7.588108618860515,7.752734140780623,2.826539668699661,130.3981801828211,0.3484607578703986,0.1342467316483606,0.1687813557233073,0.1611491128809359,1.000533177193956,0.6979521394451516,0.3042607275737717,0.007184911846836,0.7742265557708546,0.5938512492331808,shade_off,ok,c8e5158e50f0394007e4c3d6cc42dc6781ab30c9eb391692ce487c3847c37c50,f31a17333556b5e7ac80078ae88c99f08af5269d75a4603c4f0b36336349361c,0,9,0.3,3672,3285,1377,2.968409586056645,2.968409586056645,0.0,57.0,57.0,14,True,3.649237472766884,3.649237472766884,0.0,66.0,66.0,44,True,52,83,31,3.6492,66.0,35.884,44,True,405.2663,0.0,00c0d62a2cb25d752379102d8767040afd409ae2da798e8f6ba0f87a67956872,3.421
DSY1,semi,run_1248,random64,9.06874655668104,6.39714339888123,2.4388587665273502,227.04203511645017,0.300438463458426,0.1826052445691555,0.3125340008743582,0.017922370396233,1.828155892567156,0.634732281708217,0.5900520904862452,0.0086471631277632,0.744025489137654,0.0859871297257144,shade_off,ok,d3c0dee63ae30d7dcc020a658679c2f92f0dc960635c83ed07a2d2f5f1511378,f31a17333556b5e7ac80078ae88c99f08af5269d75a4603c4f0b36336349361c,0,9,0.3,3672,3285,1377,1.8518518518518516,1.8518518518518516,0.0,49.0,49.0,13,True,3.213507625272331,3.213507625272331,0.0,67.0,67.0,38,True,40,57,17,3.2135,67.0,36.045,38,True,297.116,0.0,f85f3f0e819989a8ccb7c0e083782d87765c0052ccc99a5cbd5bf3ac0f8b8751,3.347
DSY1,semi,run_1268,random64,8.672107632349496,6.077241426467557,2.800377196115221,248.79991969356283,0.3247953487491061,0.0219064414200164,0.0826480006959761,0.1562970222400376,2.814679622664271,0.6718729366355661,0.6906200825760328,0.0011846727722075,0.1220025434097146,0.2148351272313768,shade_off,ok,60038cffca7dad54dfac1cf0af7a82ccfefed46e7420a9fbf42688963a56d4e9,f31a17333556b5e7ac80078ae88c99f08af5269d75a4603c4f0b36336349361c,0,9,0.3,3672,3285,1377,2.696078431372549,2.696078431372549,0.0,72.0,72.0,39,True,3.5675381263616557,3.5675381263616557,0.0,81.0,81.0,49,True,57,60,3,3.5675,81.0,36.829,49,True,58.5304,0.0,da95048e08b6a2289eacd422699e4fbdea1057f86bb4ee168b5afb5f6c73a607,3.283
DSY1,semi,run_1274,random64,6.241960005906613,10.399629191334888,2.8831521889224567,182.0303542420824,0.3893387920102038,0.2765961269867158,0.2263723592999344,0.0811994462666564,1.6006253230049623,0.428158997554932,0.6483239736954343,0.0098985746010797,0.660318092457969,0.5707357570475454,shade_off,ok,0dc0add6db92c14706c3d7ccdbb848035241db866249ee44328ba8006ae8428a,f31a17333556b5e7ac80078ae88c99f08af5269d75a4603c4f0b36336349361c,0,9,0.3,3672,3285,1377,1.6067538126361656,1.6067538126361656,0.0,45.0,45.0,5,True,2.2058823529411766,2.2058823529411766,0.0,56.0,56.0,12,True,19,21,2,2.2059,56.0,35.296,12,True,195.8901,0.0,955da0c79c6317cf1537080d5e8b8e727d87980681d3844a3bbf9db1a6c4272e,3.442
DSY1,semi,run_1295,random64,9.700875846736846,11.393976617728896,2.625245447765509,15.055808046872396,0.1106551028886222,0.1052395899485283,0.0428257154219093,0.0339409350855904,4.282889671851096,0.2731703980561324,0.697609692323854,0.0071462703374351,0.7016648928179255,0.864958402476004,shade_off,ok,98c0478e20a2200eeb785feb0bf8cb9ef0cd7643ae18dd018e699db812d41f0c,f31a17333556b5e7ac80078ae88c99f08af5269d75a4603c4f0b36336349361c,0,9,0.3,3672,3285,1377,0.8714596949891068,0.8714596949891068,0.0,26.0,26.0,0,False,1.3344226579520697,1.3344226579520697,0.0,42.0,42.0,5,True,16,16,0,1.3344,42.0,34.058,5,True,34.4467,0.0,aa42d03099ddf24238ec5757b7fd6b90a7166c33ecdd1a0ffcec0b00473f4d21,3.189
DSY1,semi,run_1311,random64,9.165362455102658,7.340987815898325,2.8133939339727108,305.0567196793675,0.1889324964091247,0.0323126599434309,0.1588020548110891,0.026092481744294,1.1716059785701818,0.6238515161870499,0.5930562544217899,0.0094844252584585,0.5560536106491164,0.7347389973183898,shade_off,ok,4f9dddadccbff09165842e24424a17e55be978af4c9cb287558d9685ad46ae76,f31a17333556b5e7ac80078ae88c99f08af5269d75a4603c4f0b36336349361c,0,9,0.3,3672,3285,1377,1.5250544662309369,1.5250544662309369,0.0,41.0,41.0,5,True,1.824618736383442,1.824618736383442,0.0,54.0,54.0,19,True,20,21,1,1.8246,54.0,35.122,19,True,69.131,0.0,f23723837e2096ec99e0aac774d4cf270b29c2c8fd9ac3169ef503d27b795912,3.308
DSY1,semi,run_1388,random64,9.678814831103882,8.915890074047772,2.800541899467576,218.74280184445405,0.1098036268680505,0.2727958848646888,0.3439519392324434,0.136424623817726,2.406438737900367,0.2924614656342366,0.358399055620711,0.0107980260130701,0.4314042170048758,0.6522212139098633,shade_off,ok,f058c730eeb867ab11d551224ed93b5dffb7a06e0ba9b54601ca90ddf654c930,f31a17333556b5e7ac80078ae88c99f08af5269d75a4603c4f0b36336349361c,0,9,0.3,3672,3285,1377,0.8986928104575163,0.8986928104575163,0.0,28.0,28.0,0,False,1.252723311546841,1.252723311546841,0.0,38.0,38.0,3,True,11,11,0,1.2527,38.0,33.826,3,True,14.95,0.0,8af362d02b8036d2296542eb0c8ca4d0a1f3fa72f553fd2349d93858b594ee76,3.294
DSY1,semi,run_1391,random64,9.65754037174086,7.371418965081008,2.4723911477589064,245.60981709998856,0.1947631756497077,0.2039411843608119,0.1074218120281111,0.0162622533962714,4.722810987580656,0.4500350593640352,0.4151046102651455,0.0083872118280736,0.1148113999145338,0.1106668227864503,shade_off,ok,e4f92ae6c86045bfea2fb02aacdb3e4595bc4ddce50b7f516581dc27f5955fec,f31a17333556b5e7ac80078ae88c99f08af5269d75a4603c4f0b36336349361c,0,9,0.3,3672,3285,1377,1.3344226579520697,1.3344226579520697,0.0,34.0,34.0,1,True,1.8790849673202614,1.8790849673202614,0.0,50.0,50.0,7,True,26,26,0,1.8791,50.0,34.531,7,True,28.226,0.0,f9006be44f875899a889df6e14608b18464d4ceccefae5e393a4a08faa7e5c26,3.202
DSY1,semi,run_1416,stress16,7.611423563474337,8.698251521688531,2.426406411760429,121.28644403903304,0.2515937716162215,0.0800541981528088,0.2307818781610998,0.0347059324643584,3.835273389438587,0.5544241075079898,0.5745584674183433,0.0058908240493479,0.1000232333706224,0.4592619165338935,shade_off,ok,7899384cf2e1efae575ef7d6c52924426a35f23b59d74483c7fee4c32a007409,f31a17333556b5e7ac80078ae88c99f08af5269d75a4603c4f0b36336349361c,0,9,0.3,3672,3285,1377,1.4161220043572984,1.4161220043572984,0.0,38.0,38.0,3,True,1.8790849673202614,1.8790849673202614,0.0,58.0,58.0,11,True,30,30,0,1.8791,58.0,34.708,11,True,32.6027,0.0,3011c655dcb934eb732dbe7a799cb9697b428ff916aefa00c25a76a4c2595783,3.29
DSY1,semi,run_1434,random64,9.159539081356815,6.688059520298238,2.9750873857625546,146.8680349805886,0.109342487245402,0.2408929006163872,0.3256769736107116,0.1251180578113211,1.4006317331367033,0.4093604062094604,0.6924091355483194,0.0058060970619586,0.7515582151715556,0.0608321572405057,shade_off,ok,fed13b9ab1646b6a0ff5a923db2ba324ac49c637a726adeeee2774f902729a88,f31a17333556b5e7ac80078ae88c99f08af5269d75a4603c4f0b36336349361c,0,9,0.3,3672,3285,1377,1.1437908496732025,1.1437908496732025,0.0,36.0,36.0,2,True,1.4705882352941175,1.4705882352941175,0.0,44.0,44.0,5,True,11,11,0,1.4706,44.0,34.371,5,True,43.3375,0.0,d1769b080a73fa9f7db5d8fe327dce5e0624c687846077d0e4c8215f3836f5c2,3.315
DSY1,semi,run_1476,random64,8.896156594940386,11.970459088733485,2.620502673500708,170.28638121673248,0.269002831698218,0.1073848132959912,0.2221615330765761,0.0858084946392574,2.270012833340684,0.6822472892294835,0.5392405542224693,0.0094663221482832,0.4521300487922157,0.0581779318396109,shade_off,ok,56335d2039f6053f7cdce37c8f2b227885d7c4cd3468cd4b62c83e5541e8779b,f31a17333556b5e7ac80078ae88c99f08af5269d75a4603c4f0b36336349361c,0,9,0.3,3672,3285,1377,1.5522875816993464,1.5522875816993464,0.0,46.0,46.0,5,True,2.314814814814815,2.314814814814815,0.0,59.0,59.0,11,True,28,30,2,2.3148,59.0,35.249,11,True,64.4602,0.0,eab5a35ef43d00c260214d90bfea5982c66a57655048f3b12fd3b169cf8d9f2e,3.39
DSY1,semi,run_1497,random64,7.421317417293777,10.6593604485645,2.9548445771602987,261.1277326472027,0.2244213548236318,0.2418386953001862,0.2465311795559595,0.0147862579323263,2.8483385115597724,0.4803905389117479,0.4721117267540718,0.0077261404064099,0.4160685386235552,0.2127917230392205,shade_off,ok,a164799e1cfa6ff16be81fa245bc6525fa1643b745331b8458a19f60a6328619,f31a17333556b5e7ac80078ae88c99f08af5269d75a4603c4f0b36336349361c,0,9,0.3,3672,3285,1377,1.4705882352941175,1.4705882352941175,0.0,37.0,37.0,4,True,1.7973856209150325,1.7973856209150325,0.0,52.0,52.0,14,True,15,15,0,1.7974,52.0,35.039,14,True,48.9583,0.0,4acdebd5506be535999f600b122d7078a7180a30048d684e165f83c68b167e05,3.283
DSY1,semi,run_1506,stress16,6.2866920665226385,7.327960484063865,2.5822380381929033,189.673299274303,0.3538022528888858,0.2874668373726368,0.1967792742001886,0.1471820880565589,0.8240748358340548,0.6355675011074757,0.8989283259639178,0.0069614963780197,0.553966653681584,0.1297716817744924,shade_off,ok,79aebc8372a2c2e0bbf95f2a38b98849de7c9d39a2a21a794487caf5d0e000f4,f31a17333556b5e7ac80078ae88c99f08af5269d75a4603c4f0b36336349361c,0,9,0.3,3672,3285,1377,3.1862745098039214,3.1862745098039214,0.0,59.0,59.0,19,True,4.438997821350762,4.438997821350762,0.0,70.0,70.0,60,True,78,272,194,4.439,70.0,36.241,60,True,440.6181,0.0,dc449a1a9682ee4c15bc7aa0cb036b9cf28503539b992e7d6f43da99642b4d1c,3.57
DSY1,semi,run_1521,stress16,9.012734726045109,9.28296620531424,2.915879467533671,0.136299530314857,0.3824926050117646,0.1021758966296917,0.2940879731173014,0.1904610869987471,1.664067808950167,0.4572585928006668,0.8515223334861499,0.0062513542391962,0.5638087322452537,0.6878542590040975,shade_off,ok,23cf27d81d8b5941e9b4ab0a95902443eda08b35c6f3398aa89cb94b349f7a5c,f31a17333556b5e7ac80078ae88c99f08af5269d75a4603c4f0b36336349361c,0,9,0.3,3672,3285,1377,1.579520697167756,1.579520697167756,0.0,41.0,41.0,5,True,1.8790849673202614,1.8790849673202614,0.0,55.0,55.0,26,True,15,15,0,1.8791,55.0,35.336,26,True,143.8138,0.0,d72e22d446fa0fe9ca2a64a4f4431468a9fe9dabaabbae18e6891b899242bfa8,3.408
DSY1,semi,run_1525,random64,6.457818039323073,8.809230062809032,2.562716674463898,49.7482730803186,0.2403944250818863,0.2846260247543987,0.3217419947342414,0.1387539273115936,1.7741620338632282,0.2609813408015647,0.5792514428957727,0.0024585619456096,0.2421969198902897,0.8231806734055043,shade_off,ok,0fea8247f6432d3a00603befaca3336b8273ca29deb98b3ade749693e042314f,f31a17333556b5e7ac80078ae88c99f08af5269d75a4603c4f0b36336349361c,0,9,0.3,3672,3285,1377,1.1165577342047932,1.1165577342047932,0.0,30.0,30.0,1,True,1.3888888888888888,1.3888888888888888,0.0,40.0,40.0,5,True,12,12,0,1.3889,40.0,34.137,5,True,25.7305,0.0,9050973da9acc60b53e21d98fbe79505e8905696f8a94c5b87b42a1ef92b1ad5,3.342
DSY1,semi,run_1560,random64,8.618546381821407,6.051034448405187,2.563634775254617,139.91787914607664,0.3728893152141903,0.0570155616799874,0.2154460301853953,0.1479278899395301,4.058721782989339,0.6659321263772808,0.7110283895432115,0.0073155256822709,0.1839498514363129,0.1617868224834594,shade_off,ok,691199e52c62ef4a2762a74beeb3105b0829c81d701423c94c8b2715d6fb7a5e,f31a17333556b5e7ac80078ae88c99f08af5269d75a4603c4f0b36336349361c,0,9,0.3,3672,3285,1377,2.0969498910675384,2.0969498910675384,0.0,65.0,65.0,25,True,2.8594771241830066,2.8594771241830066,0.0,75.0,75.0,40,True,29,30,1,2.8595,75.0,36.365,40,True,77.3705,0.0,e6bfbedc69f0a5cf2a6ab4017d5773712907ce4393d4df4ca635ee1e0f9779d5,3.299
DSY1,semi,run_1586,random64,7.747757047886595,11.109613081305676,2.9866762545648577,108.774751399816,0.1181454529476654,0.1724322000054217,0.293250208478728,0.0738549335860083,1.3729096971837715,0.6260524756906012,0.790159768280496,0.0036748512051892,0.4427272594461767,0.8603068835744438,shade_off,ok,d89f3df50ade0f4cf1d2d049ab9d5191152a8b32962c174dd9b1b9863647db30,f31a17333556b5e7ac80078ae88c99f08af5269d75a4603c4f0b36336349361c,0,9,0.3,3672,3285,1377,1.0620915032679739,1.0620915032679739,0.0,31.0,31.0,1,True,1.4161220043572984,1.4161220043572984,0.0,43.0,43.0,5,True,18,18,0,1.4161,43.0,34.208,5,True,22.8597,0.0,766c8273cb9a1711bc292034bda11d355f003656df9271873ef63c284a57f68a,3.324
DSY1,semi,run_1590,random64,7.984975108428764,7.272084694858215,2.9967721614941327,16.420420319362826,0.374850431931708,0.2382439942207673,0.1776304878605744,0.1160904554759672,4.877151087201141,0.6916489142509208,0.5069503827545674,0.0011912769261439,0.3291501951241186,0.2604131781675038,shade_off,ok,9212fee8b641d93a8fb08a5f166c8d11374afccfb95cad0cad9c69b7ca7b94ad,f31a17333556b5e7ac80078ae88c99f08af5269d75a4603c4f0b36336349361c,0,9,0.3,3672,3285,1377,2.0152505446623095,2.0152505446623095,0.0,57.0,57.0,29,True,2.5326797385620914,2.5326797385620914,0.0,68.0,68.0,45,True,17,17,0,2.5327,68.0,36.71,45,True,116.5814,0.0,af94e0e394c584cc399b4559e031245554a48cc7c9f60cda0510f479353de15f,3.371
DSY1,semi,run_1644,random64,6.39767913222991,11.797192158414513,2.8741057290164034,172.93019711264748,0.2443328744309624,0.252661328529406,0.2135477168394144,0.1397092179377648,1.093053406242568,0.5224268206844807,0.6239387086788434,0.0026953973078216,0.5019253197830181,0.9038595290358232,shade_off,ok,aae9350f149da4491ea2770237a8c4f99cd3cb5c8a003038d8de4e62ed736a9e,f31a17333556b5e7ac80078ae88c99f08af5269d75a4603c4f0b36336349361c,0,9,0.3,3672,3285,1377,1.3616557734204793,1.3616557734204793,0.0,38.0,38.0,4,True,1.9880174291938997,1.9880174291938997,0.0,50.0,50.0,7,True,21,23,2,1.988,50.0,34.756,7,True,91.2053,0.0,2ee073e2c59d5fb3071aff396385f1f9e23e386d2549e87f53791ee43c834dfe,3.407
DSY1,semi,run_1646,random64,7.704557801580717,7.128280265544657,2.985540612715578,90.2906293972771,0.2105791800179474,0.0205307922429049,0.2339133981377427,0.0889463263478779,3.2049811873074887,0.2345347956220673,0.7570779081491665,0.0090267774481236,0.1607423062503069,0.6682748532100452,shade_off,ok,03518584a43887eb29acda4c5d91299d3e71e2b87ae7490de3f1b17c80185281,f31a17333556b5e7ac80078ae88c99f08af5269d75a4603c4f0b36336349361c,0,9,0.3,3672,3285,1377,1.1437908496732025,1.1437908496732025,0.0,32.0,32.0,2,True,1.443355119825708,1.443355119825708,0.0,43.0,43.0,5,True,15,15,0,1.4434,43.0,34.256,5,True,70.8655,0.0,a723819194c7da5100ee04baf2cbccaf1434da268e314645b6a73dadcc6297da,3.237
DSY1,semi,run_1649,random64,9.736147602912038,10.293830928868562,2.662571832425947,261.8578276782381,0.3568398205583376,0.1736460837266733,0.0292153490257981,0.1395424927110858,3.027824367046392,0.3485365751342671,0.5736479117806575,0.0093034189208943,0.1802858271940285,0.2413181201408213,shade_off,ok,1dd8500db5e0fc7933fc6f5a3601c41345cb32dea6c2516088b65517dab99fa6,f31a17333556b5e7ac80078ae88c99f08af5269d75a4603c4f0b36336349361c,0,9,0.3,3672,3285,1377,1.579520697167756,1.579520697167756,0.0,45.0,45.0,5,True,1.8518518518518516,1.8518518518518516,0.0,54.0,54.0,17,True,20,20,0,1.8519,54.0,35.079,17,True,43.4061,0.0,d5b8dfe6f8c8d00618c6294368c17360a1ca9e4ba226bc001711e3ccb54f5a1f,3.263
DSY1,semi,run_1739,random64,7.0067584701546775,7.896320285135133,2.607552142148133,280.19987496754726,0.1450303105282448,0.1623355493384067,0.0470016966853491,0.0487067994752944,4.395256339439079,0.3917146171940208,0.4653154678313737,0.0018438971710637,0.2816835467096806,0.9364410289315754,shade_off,ok,8617e2ef6e4f308ce86fc593ec7ca3c108735e505729c6a2dc656f85ab5883eb,f31a17333556b5e7ac80078ae88c99f08af5269d75a4603c4f0b36336349361c,0,9,0.3,3672,3285,1377,1.0893246187363834,1.0893246187363834,0.0,31.0,31.0,1,True,1.4161220043572984,1.4161220043572984,0.0,43.0,43.0,5,True,16,16,0,1.4161,43.0,34.167,5,True,35.5743,0.0,f2f0639438a9960a83636a3b4a39c92471a7dcdf3c4f3e99a5ce05c5e503255f,3.116
DSY1,semi,run_1746,random64,6.23256062077348,7.414538430795666,2.655653759263532,340.754870353403,0.13092892283432,0.2982663087100041,0.1605365316546335,0.0545709109003138,2.521385471538734,0.5672064169838165,0.8340818965891381,0.0087833495903115,0.3674619067684775,0.3091781887796459,shade_off,ok,b35e53a886592edfcb3d6fcb7236da3dca668566d37b4b7e96d91b91313c9d1e,f31a17333556b5e7ac80078ae88c99f08af5269d75a4603c4f0b36336349361c,0,9,0.3,3672,3285,1377,1.3344226579520697,1.3344226579520697,0.0,35.0,35.0,3,True,1.661220043572985,1.661220043572985,0.0,49.0,49.0,9,True,18,18,0,1.6612,49.0,34.555,9,True,29.4624,0.0,f1d343c014a1ac612a1d0335efee6da42775b6954480a6aead6b8ccff6e81647,3.304
DSY1,semi,run_1748,random64,8.865043866167335,9.32232367224116,2.411805454746041,285.0228183144822,0.2601155219316617,0.0241020441173013,0.3259814484022454,0.0106359142239752,1.871163696480397,0.666161525830226,0.7796183023181407,0.0104967871326783,0.4218745196949143,0.1008415346970952,shade_off,ok,c716c63e51262e65906793a39c353cf13b3505fccb1dc024383f10ca9bd7eedd,f31a17333556b5e7ac80078ae88c99f08af5269d75a4603c4f0b36336349361c,0,9,0.3,3672,3285,1377,1.661220043572985,1.661220043572985,0.0,45.0,45.0,5,True,2.2058823529411766,2.2058823529411766,0.0,61.0,61.0,29,True,31,34,3,2.2059,61.0,35.701,29,True,73.2169,0.0,e1412dd021d4710433d65ef27a12c0ed2947ac0554fc3c5a5bf0c86b469b5997,3.463
DSY1,semi,run_1757,random64,8.689011587231436,9.670794600545737,2.8367080033490657,223.1820686943364,0.2790156756182473,0.233231484877794,0.2229056782795074,0.0219445143738869,2.4426468738886213,0.695436098987765,0.4138722842570862,0.0021376128078927,0.7624905536858017,0.3826218271406786,shade_off,ok,5ab7181c8d90bb02ae3e4ba5bde45b0b49882bb9bb0c4ab47f1e667a7046e2da,f31a17333556b5e7ac80078ae88c99f08af5269d75a4603c4f0b36336349361c,0,9,0.3,3672,3285,1377,1.715686274509804,1.715686274509804,0.0,48.0,48.0,9,True,2.805010893246187,2.805010893246187,0.0,60.0,60.0,30,True,35,38,3,2.805,60.0,35.799,30,True,206.0647,0.0,5a4b4fb9cda401fbed2a9e6edeadb16c194533ed0a3dd7623d911c899130ca33,3.402
DSY1,semi,run_1759,random64,7.770853395902289,11.734651985798616,2.640716419960252,358.1951472874119,0.2392442626409085,0.0619317660019336,0.2680148272014561,0.0713851201696387,3.692960708429269,0.309230268935296,0.8284867367488444,0.0042700449738642,0.1941970618042965,0.3098326417434174,shade_off,ok,309b5639c092e539f004c2b46287d4407afbcb3170c044d6dd4149d65c281f83,f31a17333556b5e7ac80078ae88c99f08af5269d75a4603c4f0b36336349361c,0,9,0.3,3672,3285,1377,1.1165577342047932,1.1165577342047932,0.0,29.0,29.0,1,True,1.5250544662309369,1.5250544662309369,0.0,44.0,44.0,5,True,16,16,0,1.5251,44.0,34.241,5,True,30.7474,0.0,ad775e87e4e7249369393e616f9eef184924094a95056515ed582594cf281fbc,3.273
DSY1,semi,run_1762,random64,9.10299394629691,6.779582727335279,2.989275662945607,119.36711299854213,0.2896453149172316,0.2698470947551495,0.1312331561461008,0.1120147306410807,3.947758679951738,0.3260696200660214,0.871151367818841,0.0024798400021639,0.4952905773332156,0.7995979321668514,shade_off,ok,c152814d31d7e905df0c6cc8998524cdbd515f261753ebdef9067042aeb89b69,f31a17333556b5e7ac80078ae88c99f08af5269d75a4603c4f0b36336349361c,0,9,0.3,3672,3285,1377,1.3616557734204793,1.3616557734204793,0.0,41.0,41.0,5,True,1.661220043572985,1.661220043572985,0.0,50.0,50.0,10,True,11,11,0,1.6612,50.0,34.971,10,True,73.009,0.0,42c35d23023b0bb0376f124724abf418e7915560b7c4102ddba3d4381d91d9a1,3.387
DSY1,semi,run_1801,stress16,6.00576001816857,7.013962111137016,2.7433188979982543,109.1497624166458,0.1602648638294917,0.1227865119203586,0.3499141985699189,0.1295636363487694,1.1038623265201388,0.6054454417845063,0.4641422082425226,0.0116755889462249,0.6213755463936661,0.0271509346069509,shade_off,ok,33a270812abd4125a8d93800c502b5f8e675c253e716135762de2d9242141bf7,f31a17333556b5e7ac80078ae88c99f08af5269d75a4603c4f0b36336349361c,0,9,0.3,3672,3285,1377,1.3888888888888888,1.3888888888888888,0.0,41.0,41.0,5,True,1.770152505446623,1.770152505446623,0.0,50.0,50.0,10,True,19,19,0,1.7702,50.0,34.951,10,True,85.0332,0.0,1381f98a5117e50f56716824b6d9cf67b52d0c21f1ab539306fabc1d4742e9a6,3.313
DSY1,semi,run_1809,random64,8.559445934201257,9.220111033851431,2.6174590371645094,260.51262344046665,0.1774145506572762,0.1237493562166303,0.3444827827829553,0.039503380978057,2.6965991092332593,0.3413065878960307,0.312273471145697,0.0096244804108213,0.5147813503211555,0.6028242920670521,shade_off,ok,2d47fc97260fbb4d186c7e129bc3a635e234c66eb2dd95bd039cb9bb4830554a,f31a17333556b5e7ac80078ae88c99f08af5269d75a4603c4f0b36336349361c,0,9,0.3,3672,3285,1377,1.1165577342047932,1.1165577342047932,0.0,33.0,33.0,2,True,1.4705882352941175,1.4705882352941175,0.0,41.0,41.0,5,True,11,11,0,1.4706,41.0,34.347,5,True,31.2411,0.0,9c7a23a3a3477cc3ad2e48c0f110633622351bbd48da3da739955a1f7e83838f,3.217
DSY1,semi,run_1813,random64,6.183853880457327,6.041757376136944,2.996197412195417,18.45093673997505,0.1269063653778326,0.2359317992988121,0.2993517751632163,0.0532381299634875,2.3671403541710943,0.2805814000617515,0.7751595903775934,0.0088623444481291,0.6776984175575665,0.513229652325849,shade_off,ok,e15e6097f2782ac5101fa88d5454a8f473cb35842873211cd8e974a61409d375,f31a17333556b5e7ac80078ae88c99f08af5269d75a4603c4f0b36336349361c,0,9,0.3,3672,3285,1377,1.1437908496732025,1.1437908496732025,0.0,35.0,35.0,2,True,1.443355119825708,1.443355119825708,0.0,40.0,40.0,5,True,10,10,0,1.4434,40.0,34.337,5,True,41.6076,0.0,631f22c11997869b7bdecbdbe5bf06c60b1724838ad4da6c32698fd29a125efb,3.193
DSY1,semi,run_1851,random64,9.203475309979774,8.126740176489259,2.515033518371454,173.65265235192354,0.3260689792526782,0.0885557723085899,0.2437944100102807,0.0742750911743195,4.731739904063382,0.5087623134456867,0.4327765286791063,0.0083422560500987,0.7721184990131026,0.1324354075633587,shade_off,ok,1d782cb08f59e4dbbdd8e22bd2e6095e8975ba9eab83f901f25d08b0108a9c2b,f31a17333556b5e7ac80078ae88c99f08af5269d75a4603c4f0b36336349361c,0,9,0.3,3672,3285,1377,1.6067538126361656,1.6067538126361656,0.0,45.0,45.0,5,True,1.824618736383442,1.824618736383442,0.0,57.0,57.0,16,True,11,11,0,1.8246,57.0,35.344,16,True,106.534,0.0,748174ded93b68d2a7a1ca541a4a60640e33e8157343cc7d865d99e23d5b85d3,3.304
DSY1,semi,run_1864,random64,6.678309111984476,9.701169101100144,2.688116929277827,134.80691493465332,0.2652985821920491,0.20779816880664,0.234577135985692,0.1895076859779048,3.2922132632933643,0.4267807981359379,0.7891846397409084,0.0070545148468507,0.4021872024899956,0.3813972683369584,shade_off,ok,ff574f34bdcfadd45036d5337a8965c51ed791d7b2bd776b70ee9e30ed710375,f31a17333556b5e7ac80078ae88c99f08af5269d75a4603c4f0b36336349361c,0,9,0.3,3672,3285,1377,1.3344226579520697,1.3344226579520697,0.0,40.0,40.0,4,True,1.6339869281045754,1.6339869281045754,0.0,50.0,50.0,9,True,12,12,0,1.634,50.0,34.822,9,True,54.3152,0.0,b2a43c3c8d027aa430131cb7ef3bdcccabc576c2686435912037c7318546b431,3.467
DSY1,semi,run_1865,random64,8.82547862022751,9.753981614836256,2.7591122341658165,157.9041342237432,0.3438813786429799,0.2158546792043205,0.2138580906954928,0.0992738610007614,2.306245853937516,0.6386320518895993,0.8154346774417618,0.0093635246799744,0.2130728999901633,0.437296282659448,shade_off,ok,d71867f8cfeff58a10494e269d942ff101cb2a29f7dcddf6850f38513d04f5b5,f31a17333556b5e7ac80078ae88c99f08af5269d75a4603c4f0b36336349361c,0,9,0.3,3672,3285,1377,1.824618736383442,1.824618736383442,0.0,50.0,50.0,7,True,2.7777777777777777,2.7777777777777777,0.0,65.0,65.0,21,True,34,37,3,2.7778,65.0,35.596,21,True,49.283,0.0,5750ada7560ae68a339c57c07566ec7b5bfa7b6f629975dd6c0f602801939ca4,3.404
DSY1,semi,run_1866,random64,6.074547528578014,10.39441441632774,2.9074407631648413,29.82417569741127,0.3735980910175824,0.056916595305462,0.2253344693331766,0.0278639344015534,3.486301963586633,0.5140651187186196,0.6700640003904912,0.006735074923467,0.6647864729323955,0.2008978179182478,shade_off,ok,acba3f17af23de22076be3864c2590a7d0d8d2340203e2a3b315b8ff3b2262b2,f31a17333556b5e7ac80078ae88c99f08af5269d75a4603c4f0b36336349361c,0,9,0.3,3672,3285,1377,1.6067538126361656,1.6067538126361656,0.0,44.0,44.0,9,True,1.9335511982570806,1.9335511982570806,0.0,57.0,57.0,29,True,14,14,0,1.9336,57.0,35.697,29,True,127.0088,0.0,6e63b379e074c70843afb05fe2b19d070b9fee5bc3310cc5697ebcefd93268a5,3.268
DSY1,semi,run_1911,random64,9.625788696509844,8.99756568811846,2.6870274763916577,51.13562564563569,0.1036336243021498,0.2691032643035131,0.2909092323704428,0.0553225405296898,0.9451537467761352,0.213096661780196,0.6746484122958563,0.0027892586699717,0.3857168502796336,0.6987056326408935,shade_off,ok,95b754793233d9d005cbd31b14945030b4b9e4a63c94ac353dd9cfd9fbf67db9,f31a17333556b5e7ac80078ae88c99f08af5269d75a4603c4f0b36336349361c,0,9,0.3,3672,3285,1377,0.6808278867102396,0.6808278867102396,0.0,24.0,24.0,0,False,1.1982570806100217,1.1982570806100217,0.0,36.0,36.0,3,True,11,11,0,1.1983,36.0,33.587,3,True,11.5257,0.0,428b3feaaee0132b2e8dbbc48df45445dc25629f77ca9a4b1be65d166f0f75bc,3.314
DSY1,semi,run_1941,stress16,8.513957236747029,6.406912918790103,2.9573824657987817,227.30992581477113,0.3814391502066491,0.1130363137032005,0.3436613789388585,0.0360638430621394,3.8372150666790352,0.6925245091293201,0.8339536192169092,0.0057582855884426,0.5537019522177968,0.4107181886048088,shade_off,ok,177eb00212bf8458e39d0b20f04190ed9304304c468339a20cf6829258cb156a,f31a17333556b5e7ac80078ae88c99f08af5269d75a4603c4f0b36336349361c,0,9,0.3,3672,3285,1377,2.2058823529411766,2.2058823529411766,0.0,62.0,62.0,35,True,3.2952069716775596,3.2952069716775596,0.0,76.0,76.0,51,True,31,34,3,3.2952,76.0,37.028,51,True,272.4448,0.0,78b140d7836d921a212d16736334a96ff6518185c695d001922eccc07aebb1ae,2.904
DSY1,semi,run_1952,random64,6.90071229300299,6.937283565323205,2.560373385344838,346.0353191567952,0.2877198939545087,0.2888430195687625,0.1275638899296872,0.0713325995335073,4.595601180263259,0.2098584867753312,0.4525467845450036,0.0051246806394883,0.2908505919263405,0.91113436469536,shade_off,ok,13fe8b6988ee2a54c82c9ae96e4e5a25d001e49320a24717a493a3605148d837,f31a17333556b5e7ac80078ae88c99f08af5269d75a4603c4f0b36336349361c,0,9,0.3,3672,3285,1377,1.1165577342047932,1.1165577342047932,0.0,33.0,33.0,2,True,1.4705882352941175,1.4705882352941175,0.0,40.0,40.0,5,True,9,9,0,1.4706,40.0,34.363,5,True,54.3368,0.0,c2fd7adcca9a959ca2343bc94df69d1568b542bee2013fd89129ca0d8763fe7d,3.264
DSY1,detached,run_0000,stress16,8.290452087902889,9.418683364680744,2.7012424206240264,22.194473754769316,0.1796358733978168,0.0781535347590126,0.0281263147984265,0.1023603238909987,3.7187309613713815,0.2848874035155261,0.8851887605927302,0.0041794027925613,0.4679746472079719,0.7780886191933646,vent_rotation,ok,34e4bb48c189108b000217e46205031db245648fb8d17873cc0a058833ee4c84,f31a17333556b5e7ac80078ae88c99f08af5269d75a4603c4f0b36336349361c,0,9,0.3,3672,3285,1377,1.1165577342047932,1.1165577342047932,0.0,35.0,35.0,2,True,1.5522875816993464,1.5522875816993464,0.0,49.0,49.0,8,True,16,16,0,1.5523,49.0,34.685,8,True,63.8233,0.0,7d4773b4a8d926a928b8c5fba35d9354e156a00a57dd91eaed47c038591fc930,3.213
DSY1,detached,run_0015,random64,7.108611475128714,6.493256650172337,2.557740067304502,196.7752575852872,0.3508426889305577,0.0691978473194322,0.1775662031153719,0.1504932433886532,1.1382521186428864,0.3634006054515437,0.3251097153924657,0.0053423127877505,0.7756179975255327,0.2215221883714765,vent_rotation,ok,c46be19efb76792273d4ac2838162ba393364dcc74cf7aeb9bf227d6769c92f6,f31a17333556b5e7ac80078ae88c99f08af5269d75a4603c4f0b36336349361c,0,9,0.3,3672,3285,1377,1.6339869281045754,1.6339869281045754,0.0,45.0,45.0,7,True,1.7973856209150325,1.7973856209150325,0.0,52.0,52.0,16,True,13,14,1,1.7974,52.0,35.226,16,True,335.0202,0.0,c4d0f2b001006c5ea852755aa583799f06a3fa6aeaeb8fbd57b3027977caab74,3.1
DSY1,detached,run_0023,random64,8.817343277589991,7.85539369563051,2.609145431853368,18.96253427869918,0.1742793412258079,0.1120027552699704,0.044072150885244,0.1176076252166526,3.9736567243591487,0.2414493988517185,0.6054915605613544,0.0048067660451242,0.6942537640069445,0.341692810129729,vent_rotation,ok,5ea2c4c45a095b5f5d1cfb7d8fdf5f0f86ab11376c5078bf848c122a9cee77cc,f31a17333556b5e7ac80078ae88c99f08af5269d75a4603c4f0b36336349361c,0,9,0.3,3672,3285,1377,1.1165577342047932,1.1165577342047932,0.0,36.0,36.0,2,True,1.443355119825708,1.443355119825708,0.0,43.0,43.0,6,True,11,11,0,1.4434,43.0,34.453,6,True,62.0678,0.0,d62df2e49934790d96b39213da6c06e56af8f70ef3a7746ef467846b5dd43d25,2.983
DSY1,detached,run_0029,stress16,8.203432183124272,6.408489310261017,2.8640680741404387,300.7801611485146,0.150600147289584,0.0170107318727439,0.045297803381865,0.0140947818271048,0.8776391010432707,0.6886897929854896,0.5132570934374501,0.0061052277763261,0.1044806285204754,0.4880446808864345,vent_rotation,ok,aad5bdf7e7a321f0b4256b2ae59098a660cfaf698795989a04c8274001f19275,f31a17333556b5e7ac80078ae88c99f08af5269d75a4603c4f0b36336349361c,0,9,0.3,3672,3285,1377,1.661220043572985,1.661220043572985,0.0,43.0,43.0,3,True,2.042483660130719,2.042483660130719,0.0,57.0,57.0,9,True,42,42,0,2.0425,57.0,34.653,9,True,57.6049,0.0,915fc5c2cfc8971cd7c419c2119746fab0bf4f0c80cd522a029319f12b999fc3,3.204
DSY1,detached,run_0044,random64,6.030500032924129,7.408960521416061,2.7665628390675407,74.51262954714856,0.1781833985308706,0.2384489935374365,0.232027349722457,0.1662308275216616,3.706446374343945,0.2801471059994515,0.6879618953548321,0.0077865334940022,0.7588555884014518,0.4235989701065071,vent_rotation,ok,002b8870a4fc54352c6a5690a7e31ae4a38ec69e01ac5906e33eb8eecefaa90d,f31a17333556b5e7ac80078ae88c99f08af5269d75a4603c4f0b36336349361c,0,9,0.3,3672,3285,1377,1.1982570806100217,1.1982570806100217,0.0,37.0,37.0,3,True,1.4978213507625273,1.4978213507625273,0.0,43.0,43.0,6,True,9,9,0,1.4978,43.0,34.447,6,True,72.1109,0.0,736fa252632da305e8b0047528bbdc8e2351b185be809c29ee67e6d522fea6c5,3.081
DSY1,detached,run_0063,random64,6.5621292372608675,6.65259707923012,2.866440977345775,291.8921029230811,0.2605908839526111,0.2904109892395112,0.2396360333811598,0.1130099666030276,4.144587096716162,0.654011275402036,0.4712269209763924,0.0014834559152219,0.54773627340295,0.5710594819740411,vent_rotation,ok,876b6d6880c336b703b447c4b6a1ed2227a5b89cb82a605daecb3e2e51849b0e,f31a17333556b5e7ac80078ae88c99f08af5269d75a4603c4f0b36336349361c,0,9,0.3,3672,3285,1377,1.715686274509804,1.715686274509804,0.0,48.0,48.0,9,True,1.9335511982570806,1.9335511982570806,0.0,56.0,56.0,25,True,13,13,0,1.9336,56.0,35.443,25,True,194.4298,0.0,145899c523a58b7fde06261ef1526495c915aaef1d47bf4f4ec2e93b2612bdbd,3.086
DSY1,detached,run_0092,random64,9.93309790699963,8.182296197308714,2.457461454626565,111.121424386233,0.215416840146493,0.1614784962457293,0.2067813187440635,0.1045840336851818,2.5155012564866768,0.5247084843418965,0.6042830658593564,0.0091103599680866,0.403724911359604,0.9002186637947126,vent_rotation,ok,db1e009cef6f009cb9ed7cb57d6d060f3a86ec12bdaf65138d8809d8628550cd,f31a17333556b5e7ac80078ae88c99f08af5269d75a4603c4f0b36336349361c,0,9,0.3,3672,3285,1377,1.2799564270152506,1.2799564270152506,0.0,36.0,36.0,3,True,1.579520697167756,1.579520697167756,0.0,48.0,48.0,7,True,12,12,0,1.5795,48.0,34.518,7,True,49.5458,0.0,ec6e14146c89165cdbf729a5e4301d1441d5d970e4b9575e9075de5c9651d139,2.995
DSY1,detached,run_0095,random64,6.3624501841932375,11.842510228563462,2.491939053622874,295.7462251283733,0.2198554630131667,0.0400359318923531,0.1494445134899256,0.1850285440940413,4.185455890408224,0.5956563840158877,0.8831696681502195,0.0061710397040376,0.4456313827570233,0.3457178036598204,vent_rotation,ok,34c316ba50441ccbe9e561c8844453bed772d827e18c9081844f93892558bb6e,f31a17333556b5e7ac80078ae88c99f08af5269d75a4603c4f0b36336349361c,0,9,0.3,3672,3285,1377,1.5522875816993464,1.5522875816993464,0.0,42.0,42.0,5,True,1.7429193899782136,1.7429193899782136,0.0,52.0,52.0,12,True,16,16,0,1.7429,52.0,35.006,12,True,78.2433,0.0,d8e2ac34d91c819d874d652a5c6dde868f133b86c098a2b5bb8e611713cc7b5e,3.016
DSY1,detached,run_0132,stress16,9.299175482807073,9.44472107084308,2.6246307962624016,120.97695746647544,0.359724968552603,0.1373453664935816,0.0250244188438973,0.1090851112819592,4.432529714102253,0.6489282768966091,0.8546248700739805,0.0100735542076731,0.2380461443404612,0.205503238738427,vent_rotation,ok,17788ee042d4aadfbc4338dc2b09bbb0f75f6bed38b7779a01a4b9cff49b3340,f31a17333556b5e7ac80078ae88c99f08af5269d75a4603c4f0b36336349361c,0,9,0.3,3672,3285,1377,1.9335511982570806,1.9335511982570806,0.0,52.0,52.0,15,True,2.287581699346405,2.287581699346405,0.0,63.0,63.0,35,True,26,26,0,2.2876,63.0,35.932,35,True,90.1194,0.0,95416cbd5b4f451887bb7fe9b14e0e4715629de7e0a4b5c597f334b6bd84a0b2,3.412
DSY1,detached,run_0169,random64,7.695473365435487,11.227744275625916,2.4943900256809504,33.74614022217156,0.1572306658104784,0.0421425997389778,0.1619378594004896,0.0133961689752927,3.577533400781542,0.3919625146305164,0.533438368709399,0.0108911883433449,0.1066031747510421,0.8986530703328954,vent_rotation,ok,9e6c8dfc314511d2e3d719ab0c36ba52e816ec09ebed604f9a005aec0d513179,f31a17333556b5e7ac80078ae88c99f08af5269d75a4603c4f0b36336349361c,0,9,0.3,3672,3285,1377,0.7625272331154684,0.7625272331154684,0.0,24.0,24.0,0,False,1.4161220043572984,1.4161220043572984,0.0,41.0,41.0,3,True,22,22,0,1.4161,41.0,33.483,3,True,44.4965,0.0,d0e65636d26dcd26b790256179c0bbbeb775756dc768d437371b67e94f39f74c,3.12
DSY1,detached,run_0171,random64,7.494809621295749,11.22002626611558,2.7470227147731485,103.10589157010632,0.254781411116087,0.1019944879351144,0.3370655776713539,0.0445047342704688,4.389418546125397,0.6060268646263012,0.3276582681904973,0.005932140031043,0.3357054429082935,0.5638512940204532,vent_rotation,ok,316518cbb73bb023356c335cc49fb952eedf9e1b09e0223b8ea38e7f07c71bef,f31a17333556b5e7ac80078ae88c99f08af5269d75a4603c4f0b36336349361c,0,9,0.3,3672,3285,1377,1.5522875816993464,1.5522875816993464,0.0,41.0,41.0,4,True,1.7429193899782136,1.7429193899782136,0.0,51.0,51.0,12,True,11,11,0,1.7429,51.0,34.98,12,True,65.6187,0.0,9c11ffee3165d02ec73f1e4ad1a87f7d23e6b13307b340a78759fdd2dbd12c13,2.996
DSY1,detached,run_0172,random64,9.655340429240898,7.24820416689231,2.42469543122848,172.6245737256148,0.1639874631194922,0.1196870715518636,0.3172583437442636,0.1578098077295352,0.9402029258114942,0.4028680909098489,0.8765797877084602,0.0023588769593888,0.2060066547113198,0.3409010096267915,vent_rotation,ok,540b6fd424544cee4a03cb573e52a4ec77b99c4256e3b466f34fe328343eb4d3,f31a17333556b5e7ac80078ae88c99f08af5269d75a4603c4f0b36336349361c,0,9,0.3,3672,3285,1377,1.2254901960784315,1.2254901960784315,0.0,33.0,33.0,2,True,1.5250544662309369,1.5250544662309369,0.0,45.0,45.0,5,True,17,17,0,1.5251,45.0,34.166,5,True,23.1132,0.0,9142424312480e1c65855e988e107f0a83b5afc3f558c8401a1b66d147c7e4e6,3.143
DSY1,detached,run_0189,random64,8.854541179080801,10.452603750516715,2.9188006260871417,67.8876582569418,0.3641510351705923,0.0892540763860939,0.3097302387013971,0.1440692649228458,2.707948972652005,0.2832682627500669,0.6646816722211282,0.0103303899374604,0.1290129201750531,0.0948871124029668,vent_rotation,ok,cf918ee57f0ba71248591b8defb9a1eae382ddad299b787c6a65b437ee776f17,f31a17333556b5e7ac80078ae88c99f08af5269d75a4603c4f0b36336349361c,0,9,0.3,3672,3285,1377,1.4978213507625273,1.4978213507625273,0.0,39.0,39.0,4,True,1.715686274509804,1.715686274509804,0.0,51.0,51.0,10,True,14,14,0,1.7157,51.0,34.755,10,True,49.0348,0.0,92b235ca6f0e7332fc0b54f8dc0752d9ec4a216d4c1a0018925c6c6f3e0f933b,3.132
DSY1,detached,run_0203,random64,7.977123523285825,8.285263931205199,2.712837171815562,89.35419205267758,0.1358151170477194,0.188340689716523,0.0697252800449031,0.1120892354037314,1.7190015052738117,0.5071421704296211,0.5490554865529775,0.0022577353970723,0.6310346873260598,0.5050302275796102,vent_rotation,ok,6e95a4b0bb55458fe5caf4608149fa1d87bed159d4ccb9d7d51bb0bbc094057f,f31a17333556b5e7ac80078ae88c99f08af5269d75a4603c4f0b36336349361c,0,9,0.3,3672,3285,1377,1.252723311546841,1.252723311546841,0.0,37.0,37.0,3,True,1.5522875816993464,1.5522875816993464,0.0,47.0,47.0,6,True,12,12,0,1.5523,47.0,34.513,6,True,53.1825,0.0,629ecbff6f9edfd6fa1f59a45acb5eeafbca472b099a592d77622f5ea7bc068a,3.118
DSY1,detached,run_0208,random64,7.080933225138338,8.151979458855823,2.6146631258077835,109.77210266794091,0.1350633821387371,0.2826211130453059,0.3158693984636647,0.1010376581025481,1.0331012809233195,0.4004981292509733,0.7085516862951541,0.001430792206345,0.6109790032078951,0.401205105008072,vent_rotation,ok,bddbfbf27189c330830cd31539d6779c9c0c52ac3fc3fec33950e9233907534a,f31a17333556b5e7ac80078ae88c99f08af5269d75a4603c4f0b36336349361c,0,9,0.3,3672,3285,1377,1.1437908496732025,1.1437908496732025,0.0,35.0,35.0,2,True,1.4978213507625273,1.4978213507625273,0.0,43.0,43.0,5,True,11,11,0,1.4978,43.0,34.365,5,True,75.2562,0.0,de596d263b85d349d813e94d915f24fbdcef5eea6d4c2357ac2e5e4cd6381650,3.244
DSY1,detached,run_0239,stress16,8.966408949597819,7.177231125441284,2.4933678450716044,17.389312189459034,0.33924506984946,0.1909431656003543,0.2552562075773003,0.1590237503532047,0.8661594681833358,0.6951609206290856,0.8620318201574801,0.0106498566496832,0.1330127200193476,0.4051665189182183,vent_rotation,ok,e5c1f9a4e078d9d60db35d0ef15cb0d42bc1f332bff6988f3f4e49565ebc21b7,f31a17333556b5e7ac80078ae88c99f08af5269d75a4603c4f0b36336349361c,0,9,0.3,3672,3285,1377,3.349673202614379,3.349673202614379,0.0,54.0,54.0,23,True,5.119825708061002,5.119825708061002,0.0,66.0,66.0,47,True,107,226,119,5.1198,66.0,35.86,47,True,68.1804,0.0,d97c758f3fa7ecd9317824cba6f3fd4c99c740659f38823a654966179e15f820,3.503
DSY1,detached,run_0241,stress16,8.986985502735077,6.370726990713231,2.8262969611987976,288.55522855132386,0.3577817612158999,0.1857466310998697,0.1900534041160908,0.1183127038015254,1.180262981894609,0.5586107918959073,0.4841391966636397,0.0026352311391234,0.7606078576767147,0.3295277351670737,vent_rotation,ok,8cc88f01891d8360b8f0dbece6568593abf1b25785d5f313666ee849c77a2a3a,f31a17333556b5e7ac80078ae88c99f08af5269d75a4603c4f0b36336349361c,0,9,0.3,3672,3285,1377,2.559912854030501,2.559912854030501,0.0,52.0,52.0,17,True,3.4041394335511983,3.4041394335511983,0.0,60.0,60.0,31,True,41,49,8,3.4041,60.0,35.859,31,True,624.6312,0.0,eca4b96eada23462bf5e5796c5b60287836877f07515db0099edb8209225e5b7,3.442
DSY1,detached,run_0298,random64,8.332008660398749,7.514114819729058,2.5770632840161176,32.65999947584161,0.3675082359468328,0.2612870512859359,0.1947062270800404,0.092184612395228,2.2327759245070897,0.4154681534695688,0.4491901728869033,0.0031863362642622,0.2918284207024562,0.3945965827764047,vent_rotation,ok,0cf21f315fa4c7d9125c98840bf7e8e775d20353037fb925ebdbc47f49b6ec52,f31a17333556b5e7ac80078ae88c99f08af5269d75a4603c4f0b36336349361c,0,9,0.3,3672,3285,1377,1.6339869281045754,1.6339869281045754,0.0,44.0,44.0,6,True,1.8518518518518516,1.8518518518518516,0.0,55.0,55.0,19,True,14,14,0,1.8519,55.0,35.227,19,True,101.4763,0.0,1aed7d4336b62c657a78b53a4342e7fb54b08223aac99d65308d68afb74ee458,3.261
DSY1,detached,run_0302,random64,6.464886681198625,6.461232658039725,2.595607139740693,200.15410369855252,0.1048401522366748,0.0500529154312022,0.2464765860508568,0.138708672410398,1.0994929560158817,0.5957829612933677,0.6712389000184744,0.0114188958123249,0.5764259455075901,0.8590859386058312,vent_rotation,ok,5607fc377fbb747e593945a2acee661180d96f4e1d08f674721e186c6bb1f5d5,f31a17333556b5e7ac80078ae88c99f08af5269d75a4603c4f0b36336349361c,0,9,0.3,3672,3285,1377,1.3616557734204793,1.3616557734204793,0.0,38.0,38.0,3,True,1.4978213507625273,1.4978213507625273,0.0,47.0,47.0,6,True,14,14,0,1.4978,47.0,34.438,6,True,56.9866,0.0,ab21f9ed07c6a9fcdfd774bd4a6795a3582c31b6fdaecf5f54bca2d22d7edfbb,3.223
DSY1,detached,run_0421,random64,7.259944904757417,9.95766854175178,2.9168650187863294,194.2486599421907,0.3312206235671143,0.0946711362366577,0.2923395976811948,0.0428674051588782,2.175209421544923,0.3660505438690433,0.3166605386628426,0.005912152362126,0.7213775997545232,0.4076882356228147,vent_rotation,ok,4a6a3f29cdfb33112c9253ca89ddf40d262b37038616c4b147e519def504a3d0,f31a17333556b5e7ac80078ae88c99f08af5269d75a4603c4f0b36336349361c,0,9,0.3,3672,3285,1377,1.5522875816993464,1.5522875816993464,0.0,42.0,42.0,5,True,1.661220043572985,1.661220043572985,0.0,50.0,50.0,14,True,12,12,0,1.6612,50.0,35.1,14,True,163.4643,0.0,d913d55cf110a2df28a93315661aad04b16f210ee5eefd5ad744038b696de8c9,3.086
DSY1,detached,run_0456,random64,7.235653346407408,11.709367776516928,2.5247172842449146,164.85689193046983,0.316903563356449,0.2724207622108091,0.0275777940548623,0.1306855280144903,4.841830387386058,0.3607166626987048,0.7357196636648353,0.0087398255812502,0.7615723805690275,0.6784222436994939,vent_rotation,ok,8ffc4efcc52a097c5759317b9b44c7b3aeee435f75d8fec2364a4f137cb93930,f31a17333556b5e7ac80078ae88c99f08af5269d75a4603c4f0b36336349361c,0,9,0.3,3672,3285,1377,1.3888888888888888,1.3888888888888888,0.0,39.0,39.0,4,True,1.6884531590413945,1.6884531590413945,0.0,49.0,49.0,9,True,11,11,0,1.6885,49.0,34.938,9,True,105.0626,0.0,22f798a998f2996460c39da042fc9a33262387fc3f389097ef5171a31423f7cd,3.128
DSY1,detached,run_0492,stress16,8.550782772522515,11.776115421222215,2.699213296519177,334.2020798495306,0.3999904372395374,0.0206995492983702,0.0607249068429463,0.0682232294671505,1.1214548050257498,0.6419965380885064,0.7204194426782291,0.0073087888941234,0.247223981405377,0.2972364509554138,vent_rotation,ok,79ea061eecaaea9d3b5a9ecb14e93dc5df6c9418ce40d5bdb80b8357bcd01c8e,f31a17333556b5e7ac80078ae88c99f08af5269d75a4603c4f0b36336349361c,0,9,0.3,3672,3285,1377,2.314814814814815,2.314814814814815,0.0,57.0,57.0,19,True,2.968409586056645,2.968409586056645,0.0,66.0,66.0,38,True,43,46,3,2.9684,66.0,35.997,38,True,116.2994,0.0,c1398829a5b44b422a781857ec997dae1d1e0ae483ea0eb83fd49a3de3c4b297,3.444
DSY1,detached,run_0499,random64,7.858804507830091,10.349836369453136,2.532898445475049,95.20960247737294,0.2105308086928702,0.2661776403887546,0.202952619776223,0.042630729895842,4.479626527348435,0.5735404220619731,0.7008795170704228,0.0036983473818156,0.1567476492121556,0.6596289751233395,vent_rotation,ok,139062af73c242b6ae832b131de39b299087ec3f47ea7c4a7b753f172d3cc716,f31a17333556b5e7ac80078ae88c99f08af5269d75a4603c4f0b36336349361c,0,9,0.3,3672,3285,1377,1.3071895424836601,1.3071895424836601,0.0,34.0,34.0,2,True,1.661220043572985,1.661220043572985,0.0,48.0,48.0,7,True,16,16,0,1.6612,48.0,34.42,7,True,30.3102,0.0,22d777c8fc523dccac0fa22796a103febe0e01c131adcebef5c82ec936eea33d,3.192
DSY1,detached,run_0500,random64,9.82451369711319,10.845295277018504,2.7073204009582628,108.9848566026068,0.2404164756163604,0.2191691030494161,0.3170431197618952,0.1101248845957577,4.246097291116642,0.3146179268775989,0.8846779164318552,0.002952629013426,0.3985480745890861,0.6671409251817507,vent_rotation,ok,1b4b8d5663f02fa8d5b0127c7d39d752038b6b96ea619d64f5b04095e1a2a650,f31a17333556b5e7ac80078ae88c99f08af5269d75a4603c4f0b36336349361c,0,9,0.3,3672,3285,1377,1.1165577342047932,1.1165577342047932,0.0,34.0,34.0,2,True,1.4978213507625273,1.4978213507625273,0.0,43.0,43.0,5,True,9,9,0,1.4978,43.0,34.356,5,True,43.5832,0.0,8a4a03054fc31637282a50a1a024d25081848575a49047db698b48e1f76b53f9,3.226
DSY1,detached,run_0628,stress16,9.72733840356107,7.8427669792229615,2.5924321527735392,359.8933269015914,0.3529783862372112,0.0761779621335445,0.3273904561993191,0.0824461595128538,3.4708268892998255,0.3251799736172571,0.3503616556392233,0.0015213312741712,0.7206263247604744,0.7182250817689112,vent_rotation,ok,fa7b85ab2737ddccee9f0b624a67c565e78665a98474502fc7fe9dc71e69434a,f31a17333556b5e7ac80078ae88c99f08af5269d75a4603c4f0b36336349361c,0,9,0.3,3672,3285,1377,1.3888888888888888,1.3888888888888888,0.0,38.0,38.0,4,True,1.6067538126361656,1.6067538126361656,0.0,48.0,48.0,8,True,9,9,0,1.6068,48.0,34.724,8,True,93.1958,0.0,56b854a2fdabf151e74b69623947f25222d4257540d9498f7f6a6230bb46f034,3.199
DSY1,detached,run_0745,random64,9.403992115334937,8.48512079989969,2.7038151450428907,145.5310132662222,0.2567053419094268,0.2898505421920269,0.0488499881238593,0.1014932783378585,1.1571722700731573,0.4833947498367663,0.8213087990653432,0.008725404304492,0.7657037313194129,0.8876906018863312,vent_rotation,ok,4e3645eb14e78971779203b1d0078b4280ebdaf3ca865b2208bb06252758bbf2,f31a17333556b5e7ac80078ae88c99f08af5269d75a4603c4f0b36336349361c,0,9,0.3,3672,3285,1377,1.4705882352941175,1.4705882352941175,0.0,39.0,39.0,5,True,1.715686274509804,1.715686274509804,0.0,51.0,51.0,13,True,16,16,0,1.7157,51.0,35.04,13,True,160.042,0.0,501064ada717104fff4145c03ad396f5e48fe5f0d933620bdfac669d6a197ada,3.213
DSY1,detached,run_0768,stress16,6.634637881940697,11.603463379949876,2.9452065682690702,7.656125949492523,0.3673240508605883,0.0703946751822334,0.0882239068606324,0.0721394554328508,0.8794108960838816,0.6853284584119119,0.8495356125752638,0.0109339718263157,0.2996274968959122,0.0483529411528591,vent_rotation,ok,4ba665c0d3482fccff3eefd66c862c4f6f21b88db04f9ad6b394a62f7cbe90f1,f31a17333556b5e7ac80078ae88c99f08af5269d75a4603c4f0b36336349361c,0,9,0.3,3672,3285,1377,3.7309368191721135,3.7309368191721135,0.0,59.0,59.0,30,True,4.765795206971678,4.765795206971678,0.0,71.0,71.0,53,True,78,106,28,4.7658,71.0,36.425,53,True,210.7459,0.0,1bc7fb1f192508d15402629c03789fa2042b02b43cbfc99a0fbf6b1fb385f754,3.705
DSY1,detached,run_0785,random64,8.940781628092497,8.940854789499578,2.71333172432655,21.027453984889203,0.3107729422642821,0.2659499439488594,0.1570556761118805,0.0362424341838409,3.092059615457477,0.5972727377148599,0.3537591526886088,0.010305774523266,0.4150422534097331,0.1795157167910107,vent_rotation,ok,b09e9fb95e8fca5f1094c3c417d2badd1266f1bcd43f3e29c72587810c8ae686,f31a17333556b5e7ac80078ae88c99f08af5269d75a4603c4f0b36336349361c,0,9,0.3,3672,3285,1377,1.661220043572985,1.661220043572985,0.0,44.0,44.0,7,True,1.8790849673202614,1.8790849673202614,0.0,56.0,56.0,21,True,18,18,0,1.8791,56.0,35.344,21,True,119.1761,0.0,82b3272d06b0814589ffdf4d4a27cb532902ccad5f1d994277d6b551a09c0e99,3.199
DSY1,detached,run_0788,random64,8.782009887322488,9.886407966385462,2.689241045237277,165.79600971047623,0.1806222296930827,0.0350189214807997,0.2624851560323494,0.0761344647472262,0.8504742135136384,0.5569179194726575,0.8553784108853641,0.0092759304403749,0.5281861664355341,0.2100976052058908,vent_rotation,ok,df234e0e7c8a4b868fbaa50773a6706d6aae2fcfacfa5340ee1757d112f12824,f31a17333556b5e7ac80078ae88c99f08af5269d75a4603c4f0b36336349361c,0,9,0.3,3672,3285,1377,1.3888888888888888,1.3888888888888888,0.0,39.0,39.0,4,True,1.6884531590413945,1.6884531590413945,0.0,51.0,51.0,9,True,20,21,1,1.6885,51.0,34.833,9,True,72.1308,0.0,26d1c4920038528d668fc43fb9901bc547488e1b6f03dc37fbe90dd466f25386,3.222
DSY1,detached,run_0821,random64,8.168610103195812,6.295910082319626,2.44919521726831,83.16215592635217,0.1633699932395152,0.2793528873688088,0.3075031868920546,0.1071356027635634,4.694512503188105,0.3195967627738837,0.4662343120140395,0.0025933405746935,0.4004795609820039,0.9249981780019016,vent_rotation,ok,c281f7df4ca99b372582bdfd254cc7a6f2a8952b597ecad8cfc6a7015034e80f,f31a17333556b5e7ac80078ae88c99f08af5269d75a4603c4f0b36336349361c,0,9,0.3,3672,3285,1377,1.1165577342047932,1.1165577342047932,0.0,32.0,32.0,2,True,1.3888888888888888,1.3888888888888888,0.0,40.0,40.0,5,True,7,7,0,1.3889,40.0,34.106,5,True,43.6224,0.0,d505abd6902e2d56a673362dff0bdefc59db6c5785a4c6a96457d002929062f8,3.12
DSY1,detached,run_0833,random64,6.881397296298271,10.882836593895547,2.866583637518168,115.0820265960748,0.2101446861231999,0.1571910951166595,0.0991883520257245,0.1038913954908974,2.054872833294584,0.31784047548047,0.3619575529089111,0.0100872283500496,0.3785981589568508,0.1448921445221051,vent_rotation,ok,2358baaf891961a3b4dd26302a147606a5d7d321a2223d0ea3801ebcc58d11df,f31a17333556b5e7ac80078ae88c99f08af5269d75a4603c4f0b36336349361c,0,9,0.3,3672,3285,1377,1.3071895424836601,1.3071895424836601,0.0,37.0,37.0,3,True,1.5250544662309369,1.5250544662309369,0.0,47.0,47.0,7,True,12,12,0,1.5251,47.0,34.528,7,True,47.5504,0.0,4a411de4306675fb0cd0ed431cffa94330bfc564840e63646a48fa0fcbda5c24,3.145
DSY1,detached,run_0841,random64,8.367547204965499,7.256923551190713,2.9918995286847547,209.09780783784907,0.2412457505801208,0.2385274524029789,0.0999052231342154,0.0327496438192871,4.272186592040046,0.5573251812470255,0.5047083796199578,0.0034639552327845,0.6468288498143069,0.6883388060301502,vent_rotation,ok,2bc2f47c3e1b91a0d71f54b2fd2dac703c27aef32eb35905530deb56e160e4b6,f31a17333556b5e7ac80078ae88c99f08af5269d75a4603c4f0b36336349361c,0,9,0.3,3672,3285,1377,1.5250544662309369,1.5250544662309369,0.0,41.0,41.0,5,True,1.6884531590413945,1.6884531590413945,0.0,51.0,51.0,13,True,11,11,0,1.6885,51.0,35.054,13,True,119.8903,0.0,dcb2c5442893180e5cd76877e49d0a16342901162d6b4c602da5f137a419b34e,3.09
DSY1,detached,run_0844,random64,8.746712419323499,8.255288205551997,2.8301858731668736,119.6183960439886,0.1994819192503905,0.27254785547391,0.0411225287078061,0.1609877938402135,1.483139363161183,0.3044285647779056,0.8800589857851471,0.0064660006290998,0.7491636968151721,0.9819550749784538,vent_rotation,ok,2ba15ee74454a2d177928035e2fdce830f0b809c448a4d60df31ab8fafba5093,f31a17333556b5e7ac80078ae88c99f08af5269d75a4603c4f0b36336349361c,0,9,0.3,3672,3285,1377,1.171023965141612,1.171023965141612,0.0,37.0,37.0,3,True,1.6067538126361656,1.6067538126361656,0.0,48.0,48.0,7,True,13,13,0,1.6068,48.0,34.713,7,True,71.6277,0.0,67405c9a2b81595ec51cf15ee2bc6d662deb1ff527396d6d649dd2c9030b5ee9,3.268
DSY1,detached,run_0887,random64,9.484724765067508,11.174464591770498,2.414911442203662,229.80644996404757,0.2796275305540545,0.0758284244041909,0.2896741830836959,0.1751072335090888,1.6995338270119895,0.3107776781053267,0.4257006634020504,0.0114970329370951,0.491908950611397,0.9890734482016346,vent_rotation,ok,b1d245ae2960c35b249604eab2ad3957b435cf99b8b6a99d18db446ee2dacfa0,f31a17333556b5e7ac80078ae88c99f08af5269d75a4603c4f0b36336349361c,0,9,0.3,3672,3285,1377,1.1437908496732025,1.1437908496732025,0.0,36.0,36.0,2,True,1.4705882352941175,1.4705882352941175,0.0,42.0,42.0,5,True,11,11,0,1.4706,42.0,34.359,5,True,48.6841,0.0,da333b82b8f0847e6051625605d43d641dac2f6389e6124af2e7c244dbb87363,3.166
DSY1,detached,run_1025,stress16,6.001988515451892,8.013747343359917,2.712128069948224,187.7230485160186,0.3988100711297681,0.0143824485162627,0.2716513893534522,0.0592134160641791,2.773734982619098,0.4008863300303726,0.4244523072802022,0.0086936739506271,0.2466612679915689,0.5322139386093038,vent_rotation,ok,615477611737f36b7c3bdf41a6400042c4b735962ffb49ba74d3e9a23716d51b,f31a17333556b5e7ac80078ae88c99f08af5269d75a4603c4f0b36336349361c,0,9,0.3,3672,3285,1377,1.6339869281045754,1.6339869281045754,0.0,47.0,47.0,8,True,1.8518518518518516,1.8518518518518516,0.0,56.0,56.0,22,True,12,12,0,1.8519,56.0,35.354,22,True,115.6972,0.0,55d5177982dabc652389f4e7b42f8e5b6cf2490399f059403509361325d20111,3.148
DSY1,detached,run_1083,random64,8.454517480509306,7.606900202320765,2.5501477925335045,241.34481889977465,0.2891208841498976,0.1515706845674109,0.1605073890215713,0.1607015551309144,1.101558526110067,0.2140821822715956,0.8767854811568954,0.0117808467129899,0.4181305553407746,0.979553351344094,vent_rotation,ok,3feae6a5df25e1cd5a5df25858f478667f319e526685d74452ada868291b2841,f31a17333556b5e7ac80078ae88c99f08af5269d75a4603c4f0b36336349361c,0,9,0.3,3672,3285,1377,1.171023965141612,1.171023965141612,0.0,36.0,36.0,3,True,1.4705882352941175,1.4705882352941175,0.0,46.0,46.0,6,True,11,11,0,1.4706,46.0,34.479,6,True,59.7855,0.0,fbfcfab705b267626d9072e047c75ecd09378898e32a354b98ffedf7e0bd0645,3.184
DSY1,detached,run_1093,random64,8.002380628505447,10.166259736812894,2.8796333119979427,171.23898423952662,0.100090185215434,0.0543938555226989,0.0270087812313298,0.0755226196018769,1.8235443611211988,0.386033384594613,0.8407906551118343,0.0050274494110316,0.354654458456868,0.9837284633011107,vent_rotation,ok,00c3011b6f7a1dd09d2d40ca6b1f31f8f6c371db83eba5de017f4dff02201e94,f31a17333556b5e7ac80078ae88c99f08af5269d75a4603c4f0b36336349361c,0,9,0.3,3672,3285,1377,1.0893246187363834,1.0893246187363834,0.0,32.0,32.0,0,False,1.579520697167756,1.579520697167756,0.0,45.0,45.0,7,True,24,24,0,1.5795,45.0,34.332,7,True,50.6163,0.0,5cea9e5b8751e94a3fb1108f4fb9105a142d07f73174b2e0b7dfcdf19263fc5e,3.107
DSY1,detached,run_1130,random64,9.188456848978468,11.639043127509634,2.559744911138821,29.410840417817724,0.1117948532135704,0.2858457406091068,0.2595794543528447,0.1999165833637279,1.1743911222239498,0.471472375004214,0.5367601190449024,0.0117616437190273,0.2970725510522888,0.433698314360111,vent_rotation,ok,d3702c0197794c488f1f373628926ded10b13b014eea756a04e359f2c403cb21,f31a17333556b5e7ac80078ae88c99f08af5269d75a4603c4f0b36336349361c,0,9,0.3,3672,3285,1377,1.0076252723311547,1.0076252723311547,0.0,30.0,30.0,0,False,1.3888888888888888,1.3888888888888888,0.0,40.0,40.0,3,True,17,17,0,1.3889,40.0,33.694,3,True,14.1102,0.0,51a6753134a170a8cf8736b9cca7c0c46862ac48a31863f9f38b27a3fed92c91,3.261
DSY1,detached,run_1192,random64,6.574979979831511,11.394826702694091,2.6678524442714378,83.01673689334608,0.3565625542057532,0.2467632876240327,0.0518339126921443,0.087289463380345,1.2028290993735582,0.4784511509089152,0.6693643480800702,0.0064013535611167,0.4547676125272111,0.8704605859623464,vent_rotation,ok,036b95460f2caca525ef26a76b5569e5f883af99989a5263ca2174140a770962,f31a17333556b5e7ac80078ae88c99f08af5269d75a4603c4f0b36336349361c,0,9,0.3,3672,3285,1377,1.6067538126361656,1.6067538126361656,0.0,43.0,43.0,5,True,1.770152505446623,1.770152505446623,0.0,53.0,53.0,15,True,16,16,0,1.7702,53.0,35.193,15,True,163.2756,0.0,a1327e4e138978f9134dc96185524dcef6fd00d9a6183be25b13f91158bc4080,3.242
DSY1,detached,run_1197,random64,9.55307660622851,10.935446202367611,2.651431698797591,89.14333515226049,0.2043520540065082,0.2592494770209894,0.0576746329066228,0.0781157588360924,2.1857332563991227,0.2060785959940542,0.5149724560393532,0.0076651831377733,0.6733006645411621,0.4720333855727691,vent_rotation,ok,5dccb77c9cdd614f2b839668a564c41e5cc10d7ec93c913144750250018e235e,f31a17333556b5e7ac80078ae88c99f08af5269d75a4603c4f0b36336349361c,0,9,0.3,3672,3285,1377,1.0893246187363834,1.0893246187363834,0.0,31.0,31.0,2,True,1.3616557734204793,1.3616557734204793,0.0,40.0,40.0,5,True,10,10,0,1.3617,40.0,34.196,5,True,42.4325,0.0,d0835337962a6e332e744db8947b9b6330cb14cc31c27d5e04156e3295072d42,3.16
DSY1,detached,run_1199,stress16,8.893313295309667,6.752916196560016,2.775376919971335,90.13627347871588,0.1083033134047148,0.1785539237225437,0.0601924888116002,0.0886989224971885,1.0127404186376616,0.4736069389205135,0.8365327423703692,0.0052546015723922,0.7998494879171348,0.7537545170074853,vent_rotation,ok,c0fd3755a3afcab3c271531652cc6e1d5b373984a5d2086d8c606586d148b9fb,f31a17333556b5e7ac80078ae88c99f08af5269d75a4603c4f0b36336349361c,0,9,0.3,3672,3285,1377,1.1437908496732025,1.1437908496732025,0.0,35.0,35.0,2,True,1.4978213507625273,1.4978213507625273,0.0,46.0,46.0,7,True,14,14,0,1.4978,46.0,34.529,7,True,56.7712,0.0,6eb7a843c5d09b5f98e2905b1a72a15b41f10006afa1fcdf760445025ab3b139,3.308
DSY1,detached,run_1207,random64,9.168130791502008,9.004696072729846,2.8115599835956373,142.9180739985565,0.1284202723692254,0.1867752178704292,0.3348439656423181,0.1317711005700411,2.4118781979192816,0.4565266167997619,0.610364497850469,0.004851525079017,0.1978381158264388,0.9603135205592784,vent_rotation,ok,5da1ba22713f172e5e63baba247a3ecd809c73f094f8a2ddd0e3887e587df1f1,f31a17333556b5e7ac80078ae88c99f08af5269d75a4603c4f0b36336349361c,0,9,0.3,3672,3285,1377,1.0348583877995643,1.0348583877995643,0.0,29.0,29.0,0,False,1.3888888888888888,1.3888888888888888,0.0,41.0,41.0,4,True,16,16,0,1.3889,41.0,33.753,4,True,18.0099,0.0,c3f99977583b7492b78035c167d9691d886e4fffd92cb090f5b3c1f04251200c,3.215
DSY1,detached,run_1209,random64,8.118074804521358,11.978193458414612,2.9036564697751355,244.9524063171716,0.3754156589993933,0.1220701597070463,0.1432447265725567,0.0531746170798,1.5295117539422654,0.5948510668405462,0.606964077683358,0.0056553556870505,0.480152133711234,0.6399576848879639,vent_rotation,ok,d171d2864a9db4a03559928de57443f2c2af2cbcff4e319a4cab9d1ae8171c6b,f31a17333556b5e7ac80078ae88c99f08af5269d75a4603c4f0b36336349361c,0,9,0.3,3672,3285,1377,1.770152505446623,1.770152505446623,0.0,48.0,48.0,8,True,2.342047930283224,2.342047930283224,0.0,58.0,58.0,26,True,24,27,3,2.342,58.0,35.519,26,True,221.2472,0.0,67120c55f8faef4ea184c324ba961f894a2f1e3efeb36808b2575412f15e7db8,3.248
DSY1,detached,run_1214,stress16,7.588108618860515,7.752734140780623,2.826539668699661,130.3981801828211,0.3484607578703986,0.1342467316483606,0.1687813557233073,0.1611491128809359,1.000533177193956,0.6979521394451516,0.3042607275737717,0.007184911846836,0.7742265557708546,0.5938512492331808,vent_rotation,ok,b4da1aefc177985ebb75c82e5c1b8579062dbe65908b8ab2762693fefb344e7d,f31a17333556b5e7ac80078ae88c99f08af5269d75a4603c4f0b36336349361c,0,9,0.3,3672,3285,1377,2.968409586056645,2.968409586056645,0.0,54.0,54.0,22,True,3.7037037037037033,3.7037037037037033,0.0,62.0,62.0,40,True,49,68,19,3.7037,62.0,35.875,40,True,663.4961,0.0,61d76b5e2916586c21a52332e07b19ed357bb28335e2b86a424ee74e999e23e2,3.522
DSY1,detached,run_1248,random64,9.06874655668104,6.39714339888123,2.4388587665273502,227.04203511645017,0.300438463458426,0.1826052445691555,0.3125340008743582,0.017922370396233,1.828155892567156,0.634732281708217,0.5900520904862452,0.0086471631277632,0.744025489137654,0.0859871297257144,vent_rotation,ok,38c4b3873e471cf9e7a20de775c5b5ae688618f7b776ad506094abab9a712b16,f31a17333556b5e7ac80078ae88c99f08af5269d75a4603c4f0b36336349361c,0,9,0.3,3672,3285,1377,1.715686274509804,1.715686274509804,0.0,46.0,46.0,8,True,2.886710239651416,2.886710239651416,0.0,58.0,58.0,26,True,31,34,3,2.8867,58.0,35.554,26,True,365.055,0.0,27bb8de172032901b7f23a1967460188b67792d6ecacdb9bb7c7903e2fdfdb59,3.271
DSY1,detached,run_1268,random64,8.672107632349496,6.077241426467557,2.800377196115221,248.79991969356283,0.3247953487491061,0.0219064414200164,0.0826480006959761,0.1562970222400376,2.814679622664271,0.6718729366355661,0.6906200825760328,0.0011846727722075,0.1220025434097146,0.2148351272313768,vent_rotation,ok,ad10e04a504bacfbcf13cb8d712074d22b4c94ffe5b19966482592036a30b8c3,f31a17333556b5e7ac80078ae88c99f08af5269d75a4603c4f0b36336349361c,0,9,0.3,3672,3285,1377,2.2058823529411766,2.2058823529411766,0.0,60.0,60.0,26,True,2.559912854030501,2.559912854030501,0.0,68.0,68.0,39,True,37,38,1,2.5599,68.0,35.973,39,True,79.4251,0.0,9a980b94d53d3660c83db308065a452c04dd5bfb4b9d010445cf5892eb5f926a,3.237
DSY1,detached,run_1274,random64,6.241960005906613,10.399629191334888,2.8831521889224567,182.0303542420824,0.3893387920102038,0.2765961269867158,0.2263723592999344,0.0811994462666564,1.6006253230049623,0.428158997554932,0.6483239736954343,0.0098985746010797,0.660318092457969,0.5707357570475454,vent_rotation,ok,af878a702cf330af9627a27185c76098d786421033a3493d8b82f360ee15433c,f31a17333556b5e7ac80078ae88c99f08af5269d75a4603c4f0b36336349361c,0,9,0.3,3672,3285,1377,1.6339869281045754,1.6339869281045754,0.0,47.0,47.0,8,True,2.287581699346405,2.287581699346405,0.0,56.0,56.0,24,True,19,21,2,2.2876,56.0,35.475,24,True,343.5938,0.0,b49068ec2df78e2f039bee18afd7ea6daec7a81b0348290e3e9694a84a0edf2e,3.305
DSY1,detached,run_1295,random64,9.700875846736846,11.393976617728896,2.625245447765509,15.055808046872396,0.1106551028886222,0.1052395899485283,0.0428257154219093,0.0339409350855904,4.282889671851096,0.2731703980561324,0.697609692323854,0.0071462703374351,0.7016648928179255,0.864958402476004,vent_rotation,ok,d0a1520bab9299603ee0038d0347d347f01b580445c9de8ac3756303f286ad06,f31a17333556b5e7ac80078ae88c99f08af5269d75a4603c4f0b36336349361c,0,9,0.3,3672,3285,1377,0.8986928104575163,0.8986928104575163,0.0,28.0,28.0,0,False,1.3344226579520697,1.3344226579520697,0.0,42.0,42.0,5,True,13,13,0,1.3344,42.0,34.148,5,True,44.0744,0.0,025c3744f9c5001e84d985a0ba1ce8d01d3b5d4ff83ecdc10073a49c4db63b40,3.094
DSY1,detached,run_1311,random64,9.165362455102658,7.340987815898325,2.8133939339727108,305.0567196793675,0.1889324964091247,0.0323126599434309,0.1588020548110891,0.026092481744294,1.1716059785701818,0.6238515161870499,0.5930562544217899,0.0094844252584585,0.5560536106491164,0.7347389973183898,vent_rotation,ok,5d49b90043075cd948aded1a0b7671459f04b3a7eeb26318af111243fff9f397,f31a17333556b5e7ac80078ae88c99f08af5269d75a4603c4f0b36336349361c,0,9,0.3,3672,3285,1377,1.5250544662309369,1.5250544662309369,0.0,41.0,41.0,5,True,1.770152505446623,1.770152505446623,0.0,51.0,51.0,11,True,18,19,1,1.7702,51.0,34.951,11,True,89.8224,0.0,593cd8618a82ce58a8501095d4950008155084d3922a244c8e47054ae83ca839,3.193
DSY1,detached,run_1388,random64,9.678814831103882,8.915890074047772,2.800541899467576,218.74280184445405,0.1098036268680505,0.2727958848646888,0.3439519392324434,0.136424623817726,2.406438737900367,0.2924614656342366,0.358399055620711,0.0107980260130701,0.4314042170048758,0.6522212139098633,vent_rotation,ok,c237e2a7eb98d9731a9a0e47fc026d9b3a658aea4ec4d6ee9993b598e346c331,f31a17333556b5e7ac80078ae88c99f08af5269d75a4603c4f0b36336349361c,0,9,0.3,3672,3285,1377,0.9531590413943355,0.9531590413943355,0.0,28.0,28.0,0,False,1.252723311546841,1.252723311546841,0.0,38.0,38.0,3,True,9,9,0,1.2527,38.0,33.79,3,True,21.8992,0.0,823b4ef56d1c5f6c7f1648055f58e7d3e6ede0875c2589fe4c6a314e9a3dc144,3.239
DSY1,detached,run_1391,random64,9.65754037174086,7.371418965081008,2.4723911477589064,245.60981709998856,0.1947631756497077,0.2039411843608119,0.1074218120281111,0.0162622533962714,4.722810987580656,0.4500350593640352,0.4151046102651455,0.0083872118280736,0.1148113999145338,0.1106668227864503,vent_rotation,ok,e779f7b822be510b4aca08e11d72da1a929e8ed0b22d8366cd1611f541af12cb,f31a17333556b5e7ac80078ae88c99f08af5269d75a4603c4f0b36336349361c,0,9,0.3,3672,3285,1377,1.1982570806100217,1.1982570806100217,0.0,30.0,30.0,0,False,1.661220043572985,1.661220043572985,0.0,46.0,46.0,6,True,17,17,0,1.6612,46.0,34.032,6,True,39.5411,0.0,fe04779b323337ad2373e4e9d0bf100c37bffa1036ba324be32a4eacc85b20f0,3.143
DSY1,detached,run_1416,stress16,7.611423563474337,8.698251521688531,2.426406411760429,121.28644403903304,0.2515937716162215,0.0800541981528088,0.2307818781610998,0.0347059324643584,3.835273389438587,0.5544241075079898,0.5745584674183433,0.0058908240493479,0.1000232333706224,0.4592619165338935,vent_rotation,ok,539a5b1132380095b81a83307a4166d261291d13edfccc7b990f202dbfd03bde,f31a17333556b5e7ac80078ae88c99f08af5269d75a4603c4f0b36336349361c,0,9,0.3,3672,3285,1377,1.5250544662309369,1.5250544662309369,0.0,37.0,37.0,3,True,1.906318082788671,1.906318082788671,0.0,50.0,50.0,14,True,24,24,0,1.9063,50.0,34.702,14,True,39.7536,0.0,fe3639a9cb9a4931caf18f9643ea94dcf885bfe43a25921b5ff8f3acae058f00,3.218
DSY1,detached,run_1434,random64,9.159539081356815,6.688059520298238,2.9750873857625546,146.8680349805886,0.109342487245402,0.2408929006163872,0.3256769736107116,0.1251180578113211,1.4006317331367033,0.4093604062094604,0.6924091355483194,0.0058060970619586,0.7515582151715556,0.0608321572405057,vent_rotation,ok,e1825f0e4cfe09080d39dc0376b6670a66044a94993a14af09aca722bd188f54,f31a17333556b5e7ac80078ae88c99f08af5269d75a4603c4f0b36336349361c,0,9,0.3,3672,3285,1377,1.171023965141612,1.171023965141612,0.0,36.0,36.0,3,True,1.4978213507625273,1.4978213507625273,0.0,44.0,44.0,5,True,11,11,0,1.4978,44.0,34.385,5,True,58.9609,0.0,c850134776b42da6de75da0b35f0606319b8546094be6ccc04be3d7ff8d90d0a,3.255
DSY1,detached,run_1476,random64,8.896156594940386,11.970459088733485,2.620502673500708,170.28638121673248,0.269002831698218,0.1073848132959912,0.2221615330765761,0.0858084946392574,2.270012833340684,0.6822472892294835,0.5392405542224693,0.0094663221482832,0.4521300487922157,0.0581779318396109,vent_rotation,ok,50c60d3f9359de2f9c1e299148ce5f550f72ff02a283c8c00a18405674b6d749,f31a17333556b5e7ac80078ae88c99f08af5269d75a4603c4f0b36336349361c,0,9,0.3,3672,3285,1377,1.6339869281045754,1.6339869281045754,0.0,45.0,45.0,6,True,2.1514161220043575,2.1514161220043575,0.0,58.0,58.0,19,True,25,28,3,2.1514,58.0,35.198,19,True,112.9385,0.0,7f294d2a782efcbe832c28a996e7ce1ef4fe00ee74f9c6287c3b88e4fca5abd5,3.295
DSY1,detached,run_1497,random64,7.421317417293777,10.6593604485645,2.9548445771602987,261.1277326472027,0.2244213548236318,0.2418386953001862,0.2465311795559595,0.0147862579323263,2.8483385115597724,0.4803905389117479,0.4721117267540718,0.0077261404064099,0.4160685386235552,0.2127917230392205,vent_rotation,ok,06468812b860493a23ab66bcbd01dc6004e7b965031efc0f4e64f68d615be32a,f31a17333556b5e7ac80078ae88c99f08af5269d75a4603c4f0b36336349361c,0,9,0.3,3672,3285,1377,1.4161220043572984,1.4161220043572984,0.0,37.0,37.0,4,True,1.6339869281045754,1.6339869281045754,0.0,50.0,50.0,9,True,11,11,0,1.634,50.0,34.797,9,True,64.1474,0.0,3d2d62b3bd787d415a5024ec6f6f2114a9f3be9784d055672cac2a877717f3b4,3.172
DSY1,detached,run_1506,stress16,6.2866920665226385,7.327960484063865,2.5822380381929033,189.673299274303,0.3538022528888858,0.2874668373726368,0.1967792742001886,0.1471820880565589,0.8240748358340548,0.6355675011074757,0.8989283259639178,0.0069614963780197,0.553966653681584,0.1297716817744924,vent_rotation,ok,07ce5b112574d681d03e41cdea70a6d3a004647fd39bdea9b206a620ca898d1b,f31a17333556b5e7ac80078ae88c99f08af5269d75a4603c4f0b36336349361c,0,9,0.3,3672,3285,1377,3.5130718954248366,3.5130718954248366,0.0,57.0,57.0,25,True,4.9564270152505445,4.9564270152505445,0.0,65.0,65.0,57,True,86,213,127,4.9564,65.0,36.069,57,True,595.7293,0.0,64803f2e69d0bdc1335a3bfffdb9a7f12f205bd6d0084d1f9b665fb3e498cce3,3.754
DSY1,detached,run_1521,stress16,9.012734726045109,9.28296620531424,2.915879467533671,0.136299530314857,0.3824926050117646,0.1021758966296917,0.2940879731173014,0.1904610869987471,1.664067808950167,0.4572585928006668,0.8515223334861499,0.0062513542391962,0.5638087322452537,0.6878542590040975,vent_rotation,ok,abece869275f7045968f6a0b189100eea0e095d232a7d2297c98e3dc2461245c,f31a17333556b5e7ac80078ae88c99f08af5269d75a4603c4f0b36336349361c,0,9,0.3,3672,3285,1377,1.6339869281045754,1.6339869281045754,0.0,47.0,47.0,7,True,1.9607843137254901,1.9607843137254901,0.0,55.0,55.0,20,True,15,16,1,1.9608,55.0,35.334,20,True,225.3926,0.0,876164fd561e1ec6abbb786dadd3e6fc35a481d0be8693de813eaec7a485dc36,3.425
DSY1,detached,run_1525,random64,6.457818039323073,8.809230062809032,2.562716674463898,49.7482730803186,0.2403944250818863,0.2846260247543987,0.3217419947342414,0.1387539273115936,1.7741620338632282,0.2609813408015647,0.5792514428957727,0.0024585619456096,0.2421969198902897,0.8231806734055043,vent_rotation,ok,e2fb07ccc6a5edf28c6e7dbea36efdf31d310d6dedba8e982c2dffb9f4bd0164,f31a17333556b5e7ac80078ae88c99f08af5269d75a4603c4f0b36336349361c,0,9,0.3,3672,3285,1377,1.1982570806100217,1.1982570806100217,0.0,35.0,35.0,2,True,1.4705882352941175,1.4705882352941175,0.0,41.0,41.0,5,True,11,11,0,1.4706,41.0,34.311,5,True,36.3538,0.0,78a9f1663602fa9a55a6438cf63ce1c555b3d9eb9762c2b22666ba527f5eb1b4,3.27
DSY1,detached,run_1560,random64,8.618546381821407,6.051034448405187,2.563634775254617,139.91787914607664,0.3728893152141903,0.0570155616799874,0.2154460301853953,0.1479278899395301,4.058721782989339,0.6659321263772808,0.7110283895432115,0.0073155256822709,0.1839498514363129,0.1617868224834594,vent_rotation,ok,4dbf8ad0b92e92f91e578c186e7373419f1b03e83512a98d6e4123e7838e909e,f31a17333556b5e7ac80078ae88c99f08af5269d75a4603c4f0b36336349361c,0,9,0.3,3672,3285,1377,2.1514161220043575,2.1514161220043575,0.0,59.0,59.0,26,True,2.559912854030501,2.559912854030501,0.0,68.0,68.0,36,True,22,23,1,2.5599,68.0,36.003,36,True,105.0451,0.0,0f16391e5384495cd31d96c16eabc56485e239797b7344ba006c36c9bbd48bb3,3.313
DSY1,detached,run_1586,random64,7.747757047886595,11.109613081305676,2.9866762545648577,108.774751399816,0.1181454529476654,0.1724322000054217,0.293250208478728,0.0738549335860083,1.3729096971837715,0.6260524756906012,0.790159768280496,0.0036748512051892,0.4427272594461767,0.8603068835744438,vent_rotation,ok,ba12e718291e198880e40a8ab64b914ab7fe4f146e3e6f66e629573adab704be,f31a17333556b5e7ac80078ae88c99f08af5269d75a4603c4f0b36336349361c,0,9,0.3,3672,3285,1377,1.1437908496732025,1.1437908496732025,0.0,35.0,35.0,2,True,1.4978213507625273,1.4978213507625273,0.0,46.0,46.0,5,True,15,15,0,1.4978,46.0,34.352,5,True,35.3995,0.0,9c2615a2d5b8e9f5cb0697ce5b6bc1712fc5bfa4dba8ff88f6ae6a77f7dab81e,3.251
DSY1,detached,run_1590,random64,7.984975108428764,7.272084694858215,2.9967721614941327,16.420420319362826,0.374850431931708,0.2382439942207673,0.1776304878605744,0.1160904554759672,4.877151087201141,0.6916489142509208,0.5069503827545674,0.0011912769261439,0.3291501951241186,0.2604131781675038,vent_rotation,ok,480843e473b6f874512d32465912d23892aee450fbc53d54d2fffd3a78ba52d1,f31a17333556b5e7ac80078ae88c99f08af5269d75a4603c4f0b36336349361c,0,9,0.3,3672,3285,1377,2.2331154684095864,2.2331154684095864,0.0,57.0,57.0,24,True,2.696078431372549,2.696078431372549,0.0,66.0,66.0,36,True,19,19,0,2.6961,66.0,36.144,36,True,178.944,0.0,aaae3c6727460208cc7c2b92e1352a4a43653aa821d1bfcd18c397c4d43e04d2,3.68
DSY1,detached,run_1644,random64,6.39767913222991,11.797192158414513,2.8741057290164034,172.93019711264748,0.2443328744309624,0.252661328529406,0.2135477168394144,0.1397092179377648,1.093053406242568,0.5224268206844807,0.6239387086788434,0.0026953973078216,0.5019253197830181,0.9038595290358232,vent_rotation,ok,fac5994810c7f28d7fedcc695a3f9fbd58a66b348b601789fdd77b0b86e3480e,f31a17333556b5e7ac80078ae88c99f08af5269d75a4603c4f0b36336349361c,0,9,0.3,3672,3285,1377,1.5250544662309369,1.5250544662309369,0.0,42.0,42.0,5,True,2.0969498910675384,2.0969498910675384,0.0,50.0,50.0,10,True,23,26,3,2.0969,50.0,34.945,10,True,164.8423,0.0,c6b438bc2c17e985fbee64cbffb2e4c9d9627a17aa6d210ce6249e0a3c461e9f,3.424
DSY1,detached,run_1646,random64,7.704557801580717,7.128280265544657,2.985540612715578,90.2906293972771,0.2105791800179474,0.0205307922429049,0.2339133981377427,0.0889463263478779,3.2049811873074887,0.2345347956220673,0.7570779081491665,0.0090267774481236,0.1607423062503069,0.6682748532100452,vent_rotation,ok,f91b45d8f4d735c065f14ead145d308f89356267b47bacdb52cdb34d29292f8a,f31a17333556b5e7ac80078ae88c99f08af5269d75a4603c4f0b36336349361c,0,9,0.3,3672,3285,1377,1.252723311546841,1.252723311546841,0.0,36.0,36.0,2,True,1.4705882352941175,1.4705882352941175,0.0,45.0,45.0,6,True,15,15,0,1.4706,45.0,34.305,6,True,84.9638,0.0,334071477c4ae6c14b34a4de3022de7bcf0b9af1ba5a5c77676d28d65daae966,3.16
DSY1,detached,run_1649,random64,9.736147602912038,10.293830928868562,2.662571832425947,261.8578276782381,0.3568398205583376,0.1736460837266733,0.0292153490257981,0.1395424927110858,3.027824367046392,0.3485365751342671,0.5736479117806575,0.0093034189208943,0.1802858271940285,0.2413181201408213,vent_rotation,ok,4c3ed123bc46eb69ea7bd7e3269377031b71e3d22b9e5ec912454505fe6f5187,f31a17333556b5e7ac80078ae88c99f08af5269d75a4603c4f0b36336349361c,0,9,0.3,3672,3285,1377,1.5250544662309369,1.5250544662309369,0.0,40.0,40.0,4,True,1.7429193899782136,1.7429193899782136,0.0,52.0,52.0,10,True,15,15,0,1.7429,52.0,34.863,10,True,57.9273,0.0,fc3a4c6d3e686dcc4c838fc84a388ce1c12dbf895e86f7837f47a5b7206986e7,3.283
DSY1,detached,run_1739,random64,7.0067584701546775,7.896320285135133,2.607552142148133,280.19987496754726,0.1450303105282448,0.1623355493384067,0.0470016966853491,0.0487067994752944,4.395256339439079,0.3917146171940208,0.4653154678313737,0.0018438971710637,0.2816835467096806,0.9364410289315754,vent_rotation,ok,8b523ea03f6ba4ff7308828dc70f36730ba0a64d740014d93186863ad2024692,f31a17333556b5e7ac80078ae88c99f08af5269d75a4603c4f0b36336349361c,0,9,0.3,3672,3285,1377,1.1165577342047932,1.1165577342047932,0.0,32.0,32.0,2,True,1.4161220043572984,1.4161220043572984,0.0,42.0,42.0,5,True,14,14,0,1.4161,42.0,34.1,5,True,49.0398,0.0,9ea51762015216b5e8da753de55d01286c30934d4e32fa9aea244f6977ca7ab3,3.183
DSY1,detached,run_1746,random64,6.23256062077348,7.414538430795666,2.655653759263532,340.754870353403,0.13092892283432,0.2982663087100041,0.1605365316546335,0.0545709109003138,2.521385471538734,0.5672064169838165,0.8340818965891381,0.0087833495903115,0.3674619067684775,0.3091781887796459,vent_rotation,ok,ed8aaf637e27ba79e8d32a396bd877c9045a418446483027b641cfe53d72bca1,f31a17333556b5e7ac80078ae88c99f08af5269d75a4603c4f0b36336349361c,0,9,0.3,3672,3285,1377,1.3616557734204793,1.3616557734204793,0.0,36.0,36.0,3,True,1.6339869281045754,1.6339869281045754,0.0,49.0,49.0,7,True,15,15,0,1.634,49.0,34.514,7,True,46.2599,0.0,af20fec4bc8a302c312aa299f04918f997502c82c905a55459ed07f34ee509f4,3.309
DSY1,detached,run_1748,random64,8.865043866167335,9.32232367224116,2.411805454746041,285.0228183144822,0.2601155219316617,0.0241020441173013,0.3259814484022454,0.0106359142239752,1.871163696480397,0.666161525830226,0.7796183023181407,0.0104967871326783,0.4218745196949143,0.1008415346970952,vent_rotation,ok,6d09956b786cc972c05c04d72bd4c2f568d7ff0ddbe9354692d0029c07045261,f31a17333556b5e7ac80078ae88c99f08af5269d75a4603c4f0b36336349361c,0,9,0.3,3672,3285,1377,1.579520697167756,1.579520697167756,0.0,43.0,43.0,5,True,1.9880174291938997,1.9880174291938997,0.0,58.0,58.0,18,True,26,29,3,1.988,58.0,35.226,18,True,95.9748,0.0,382b34647bc1246179238e37003aaff5b549360cba102dcda953e1fcd79b7b58,3.35
DSY1,detached,run_1757,random64,8.689011587231436,9.670794600545737,2.8367080033490657,223.1820686943364,0.2790156756182473,0.233231484877794,0.2229056782795074,0.0219445143738869,2.4426468738886213,0.695436098987765,0.4138722842570862,0.0021376128078927,0.7624905536858017,0.3826218271406786,vent_rotation,ok,e1e51743187539cc4d95788666550b0a4aaa3aa431e7249956bf3f4516775fde,f31a17333556b5e7ac80078ae88c99f08af5269d75a4603c4f0b36336349361c,0,9,0.3,3672,3285,1377,1.6339869281045754,1.6339869281045754,0.0,45.0,45.0,7,True,2.287581699346405,2.287581699346405,0.0,57.0,57.0,24,True,22,25,3,2.2876,57.0,35.422,24,True,267.776,0.0,2bbee4bc5c7eeb476bd222b87aa0e442019f65921627e4f8f1d7f9c01c82a8ff,3.369
DSY1,detached,run_1759,random64,7.770853395902289,11.734651985798616,2.640716419960252,358.1951472874119,0.2392442626409085,0.0619317660019336,0.2680148272014561,0.0713851201696387,3.692960708429269,0.309230268935296,0.8284867367488444,0.0042700449738642,0.1941970618042965,0.3098326417434174,vent_rotation,ok,a7625e9bf15390658798dbee9d9a67f9d3b9c9957f076b09162602add9ca54e2,f31a17333556b5e7ac80078ae88c99f08af5269d75a4603c4f0b36336349361c,0,9,0.3,3672,3285,1377,1.171023965141612,1.171023965141612,0.0,34.0,34.0,2,True,1.5522875816993464,1.5522875816993464,0.0,47.0,47.0,6,True,14,14,0,1.5523,47.0,34.345,6,True,48.1874,0.0,886032fc55f73a86be4c20aedfa8b4e62ed46de42becad6338e0883483706d35,3.255
DSY1,detached,run_1762,random64,9.10299394629691,6.779582727335279,2.989275662945607,119.36711299854213,0.2896453149172316,0.2698470947551495,0.1312331561461008,0.1120147306410807,3.947758679951738,0.3260696200660214,0.871151367818841,0.0024798400021639,0.4952905773332156,0.7995979321668514,vent_rotation,ok,bff1204558ba271fc2586a78b51cff2ea9308dc190fd91a05387854eaa8ffa14,f31a17333556b5e7ac80078ae88c99f08af5269d75a4603c4f0b36336349361c,0,9,0.3,3672,3285,1377,1.3888888888888888,1.3888888888888888,0.0,39.0,39.0,5,True,1.661220043572985,1.661220043572985,0.0,48.0,48.0,9,True,10,10,0,1.6612,48.0,34.874,9,True,88.5118,0.0,870db01897d264ac58d354626ca1d6a5e933ca8f77d8ffb97340c8e025d77879,3.313
DSY1,detached,run_1801,stress16,6.00576001816857,7.013962111137016,2.7433188979982543,109.1497624166458,0.1602648638294917,0.1227865119203586,0.3499141985699189,0.1295636363487694,1.1038623265201388,0.6054454417845063,0.4641422082425226,0.0116755889462249,0.6213755463936661,0.0271509346069509,vent_rotation,ok,cc06eec409a70a2e579e72e1d1b9ad9284759c70f691d6e9bd6badf0f558e3f7,f31a17333556b5e7ac80078ae88c99f08af5269d75a4603c4f0b36336349361c,0,9,0.3,3672,3285,1377,1.579520697167756,1.579520697167756,0.0,42.0,42.0,5,True,1.8790849673202614,1.8790849673202614,0.0,51.0,51.0,10,True,18,19,1,1.8791,51.0,34.984,10,True,145.4489,0.0,00eaa8780721fc4d9101dc41f9e16eb4ef0bf32ebcb4f059fb8ae501c913871d,3.432
DSY1,detached,run_1809,random64,8.559445934201257,9.220111033851431,2.6174590371645094,260.51262344046665,0.1774145506572762,0.1237493562166303,0.3444827827829553,0.039503380978057,2.6965991092332593,0.3413065878960307,0.312273471145697,0.0096244804108213,0.5147813503211555,0.6028242920670521,vent_rotation,ok,dd826a7103ba43eaf2160301faf73c66dcf1c26838d2ccf456fef4c331635c7e,f31a17333556b5e7ac80078ae88c99f08af5269d75a4603c4f0b36336349361c,0,9,0.3,3672,3285,1377,1.1165577342047932,1.1165577342047932,0.0,33.0,33.0,2,True,1.4705882352941175,1.4705882352941175,0.0,41.0,41.0,5,True,10,10,0,1.4706,41.0,34.245,5,True,42.2829,0.0,f9c7f6b1fda657ba7c74ded14e0880c274fb6cf92548c48d42830e5353490f6d,3.191
DSY1,detached,run_1813,random64,6.183853880457327,6.041757376136944,2.996197412195417,18.45093673997505,0.1269063653778326,0.2359317992988121,0.2993517751632163,0.0532381299634875,2.3671403541710943,0.2805814000617515,0.7751595903775934,0.0088623444481291,0.6776984175575665,0.513229652325849,vent_rotation,ok,7147963d002fa4e93384b1b19016686c09205747ac989ff3afe869164cd2e8fb,f31a17333556b5e7ac80078ae88c99f08af5269d75a4603c4f0b36336349361c,0,9,0.3,3672,3285,1377,1.1437908496732025,1.1437908496732025,0.0,36.0,36.0,3,True,1.4705882352941175,1.4705882352941175,0.0,42.0,42.0,5,True,9,9,0,1.4706,42.0,34.417,5,True,59.002,0.0,2c4bbb053f08cfe44b8f8bee887aafe5608283be7796e5586576f2d7d71bf6ee,3.33
DSY1,detached,run_1851,random64,9.203475309979774,8.126740176489259,2.515033518371454,173.65265235192354,0.3260689792526782,0.0885557723085899,0.2437944100102807,0.0742750911743195,4.731739904063382,0.5087623134456867,0.4327765286791063,0.0083422560500987,0.7721184990131026,0.1324354075633587,vent_rotation,ok,83762ac4bd5a6c2d0e195999f12d31f73001f802bc52bede84cbee7e96e6ca97,f31a17333556b5e7ac80078ae88c99f08af5269d75a4603c4f0b36336349361c,0,9,0.3,3672,3285,1377,1.6339869281045754,1.6339869281045754,0.0,44.0,44.0,6,True,1.770152505446623,1.770152505446623,0.0,51.0,51.0,13,True,11,11,0,1.7702,51.0,35.127,13,True,156.5701,0.0,b3ccc3019cf91cc90550559fa6e747f6cb20782135b2daa165a9e61dfe117d71,3.234
DSY1,detached,run_1864,random64,6.678309111984476,9.701169101100144,2.688116929277827,134.80691493465332,0.2652985821920491,0.20779816880664,0.234577135985692,0.1895076859779048,3.2922132632933643,0.4267807981359379,0.7891846397409084,0.0070545148468507,0.4021872024899956,0.3813972683369584,vent_rotation,ok,08509281c6a6b2ed64a6a064935a959942ad0e93f0cce30ea87da95bf27d46af,f31a17333556b5e7ac80078ae88c99f08af5269d75a4603c4f0b36336349361c,0,9,0.3,3672,3285,1377,1.4978213507625273,1.4978213507625273,0.0,41.0,41.0,5,True,1.661220043572985,1.661220043572985,0.0,50.0,50.0,11,True,11,11,0,1.6612,50.0,34.965,11,True,80.6438,0.0,35b462e719eaac33f56670dcfe1279a0090a3d7ef2d2e0f15c7e4515b9f3b783,3.41
DSY1,detached,run_1865,random64,8.82547862022751,9.753981614836256,2.7591122341658165,157.9041342237432,0.3438813786429799,0.2158546792043205,0.2138580906954928,0.0992738610007614,2.306245853937516,0.6386320518895993,0.8154346774417618,0.0093635246799744,0.2130728999901633,0.437296282659448,vent_rotation,ok,d3c4a97364c33e182ad6adace6a50a086399d3aabeae56002f012cb1fe8d99a3,f31a17333556b5e7ac80078ae88c99f08af5269d75a4603c4f0b36336349361c,0,9,0.3,3672,3285,1377,1.906318082788671,1.906318082788671,0.0,50.0,50.0,10,True,2.64161220043573,2.64161220043573,0.0,61.0,61.0,29,True,33,36,3,2.6416,61.0,35.594,29,True,82.8923,0.0,2449208bb4f25282ebe445cb47bc698cc1665b9cd7306b57ed87c5407c3b832e,3.431
DSY1,detached,run_1866,random64,6.074547528578014,10.39441441632774,2.9074407631648413,29.82417569741127,0.3735980910175824,0.056916595305462,0.2253344693331766,0.0278639344015534,3.486301963586633,0.5140651187186196,0.6700640003904912,0.006735074923467,0.6647864729323955,0.2008978179182478,vent_rotation,ok,bb48934cc5bd56642e245aa9d583f5805086541a0feac1409f5325dec085d04b,f31a17333556b5e7ac80078ae88c99f08af5269d75a4603c4f0b36336349361c,0,9,0.3,3672,3285,1377,1.770152505446623,1.770152505446623,0.0,49.0,49.0,12,True,2.0969498910675384,2.0969498910675384,0.0,58.0,58.0,28,True,13,13,0,2.0969,58.0,35.743,28,True,240.9246,0.0,d226010ed34df5c7c595e01c3c0c8eb7c5424a2086722698395367e4203297cf,3.366
DSY1,detached,run_1911,random64,9.625788696509844,8.99756568811846,2.6870274763916577,51.13562564563569,0.1036336243021498,0.2691032643035131,0.2909092323704428,0.0553225405296898,0.9451537467761352,0.213096661780196,0.6746484122958563,0.0027892586699717,0.3857168502796336,0.6987056326408935,vent_rotation,ok,e1dccc2d2618d35b24a8d0595b66eda6add4c5a90f1b90b79ac171772ec9a425,f31a17333556b5e7ac80078ae88c99f08af5269d75a4603c4f0b36336349361c,0,9,0.3,3672,3285,1377,0.789760348583878,0.789760348583878,0.0,25.0,25.0,0,False,1.2254901960784315,1.2254901960784315,0.0,38.0,38.0,3,True,12,12,0,1.2255,38.0,33.628,3,True,16.5791,0.0,2ddd64d1802df78e63e5b57a70a3bbfb89f41e51aa2ee29dbc291e7760aac7ca,3.372
DSY1,detached,run_1941,stress16,8.513957236747029,6.406912918790103,2.9573824657987817,227.30992581477113,0.3814391502066491,0.1130363137032005,0.3436613789388585,0.0360638430621394,3.8372150666790352,0.6925245091293201,0.8339536192169092,0.0057582855884426,0.5537019522177968,0.4107181886048088,vent_rotation,ok,d4334143f254b7772a54e1dda564c04e15bf87af83a5690b0465a49b79bfa57c,f31a17333556b5e7ac80078ae88c99f08af5269d75a4603c4f0b36336349361c,0,9,0.3,3672,3285,1377,2.042483660130719,2.042483660130719,0.0,56.0,56.0,25,True,2.832244008714597,2.832244008714597,0.0,67.0,67.0,37,True,23,25,2,2.8322,67.0,36.217,37,True,327.5197,0.0,c49b99ec95a8e74caae76da127ee898a35100cd57257c02008008d5db9cbd045,3.584
DSY1,detached,run_1952,random64,6.90071229300299,6.937283565323205,2.560373385344838,346.0353191567952,0.2877198939545087,0.2888430195687625,0.1275638899296872,0.0713325995335073,4.595601180263259,0.2098584867753312,0.4525467845450036,0.0051246806394883,0.2908505919263405,0.91113436469536,vent_rotation,ok,81e01b1c5251607d70f12e2a2a236012d26b0a118df01f85e85f1b21d933e72d,f31a17333556b5e7ac80078ae88c99f08af5269d75a4603c4f0b36336349361c,0,9,0.3,3672,3285,1377,1.1437908496732025,1.1437908496732025,0.0,36.0,36.0,2,True,1.4705882352941175,1.4705882352941175,0.0,40.0,40.0,5,True,7,7,0,1.4706,40.0,34.319,5,True,73.7745,0.0,f22d8631527e4db5be354da880d70d5b71c5a84e1a0cae5913ee26c6de984013,3.166
DSY1,semi,run_0000,stress16,8.290452087902889,9.418683364680744,2.7012424206240264,22.194473754769316,0.1796358733978168,0.0781535347590126,0.0281263147984265,0.1023603238909987,3.7187309613713815,0.2848874035155261,0.8851887605927302,0.0041794027925613,0.4679746472079719,0.7780886191933646,vent_rotation,ok,6efc6509d238f2c847f705f9f8e8b2024bb2595b099bdd703601fc953fc715c9,f31a17333556b5e7ac80078ae88c99f08af5269d75a4603c4f0b36336349361c,0,9,0.3,3672,3285,1377,1.0076252723311547,1.0076252723311547,0.0,30.0,30.0,1,True,1.443355119825708,1.443355119825708,0.0,44.0,44.0,6,True,17,17,0,1.4434,44.0,34.387,6,True,50.1179,0.0,d8a8e4206fee5f58d604c50681f70c772708ece9383112de054f2c2ecab169b6,3.255
DSY1,semi,run_0015,random64,7.108611475128714,6.493256650172337,2.557740067304502,196.7752575852872,0.3508426889305577,0.0691978473194322,0.1775662031153719,0.1504932433886532,1.1382521186428864,0.3634006054515437,0.3251097153924657,0.0053423127877505,0.7756179975255327,0.2215221883714765,vent_rotation,ok,a8e2288e29138232654dbd9ab40a4ddcde25dd835a54779bbc866d11ef986143,f31a17333556b5e7ac80078ae88c99f08af5269d75a4603c4f0b36336349361c,0,9,0.3,3672,3285,1377,1.5250544662309369,1.5250544662309369,0.0,44.0,44.0,5,True,1.661220043572985,1.661220043572985,0.0,50.0,50.0,9,True,14,14,0,1.6612,50.0,34.951,9,True,212.16,0.0,60fe025e8d8a166786d6c7c0c067192defcf70aba05b03d4462b9240089bf435,2.987
DSY1,semi,run_0023,random64,8.817343277589991,7.85539369563051,2.609145431853368,18.96253427869918,0.1742793412258079,0.1120027552699704,0.044072150885244,0.1176076252166526,3.9736567243591487,0.2414493988517185,0.6054915605613544,0.0048067660451242,0.6942537640069445,0.341692810129729,vent_rotation,ok,a81230c77f28ac921d535ae02bbab669efcbee788c6b4d2389b17c1fdac1eecd,f31a17333556b5e7ac80078ae88c99f08af5269d75a4603c4f0b36336349361c,0,9,0.3,3672,3285,1377,1.0620915032679739,1.0620915032679739,0.0,30.0,30.0,2,True,1.3344226579520697,1.3344226579520697,0.0,41.0,41.0,5,True,11,11,0,1.3344,41.0,34.204,5,True,48.951,0.0,16b9a30a526b5d561504fef4c133f4aa26500dfaaae617bef2dd786fb7649e4f,3.132
DSY1,semi,run_0029,stress16,8.203432183124272,6.408489310261017,2.8640680741404387,300.7801611485146,0.150600147289584,0.0170107318727439,0.045297803381865,0.0140947818271048,0.8776391010432707,0.6886897929854896,0.5132570934374501,0.0061052277763261,0.1044806285204754,0.4880446808864345,vent_rotation,ok,3d77f9698ff24acf6c627898d81f578f20e37646cb7c311da04dda0eb5d9ee28,f31a17333556b5e7ac80078ae88c99f08af5269d75a4603c4f0b36336349361c,0,9,0.3,3672,3285,1377,1.579520697167756,1.579520697167756,0.0,40.0,40.0,2,True,1.9880174291938997,1.9880174291938997,0.0,54.0,54.0,8,True,45,45,0,1.988,54.0,34.397,8,True,42.146,0.0,8ada41dd17f613a1db99febeb99336c9b91014cb79ac8d8e576ee448c4501d68,3.219
DSY1,semi,run_0044,random64,6.030500032924129,7.408960521416061,2.7665628390675407,74.51262954714856,0.1781833985308706,0.2384489935374365,0.232027349722457,0.1662308275216616,3.706446374343945,0.2801471059994515,0.6879618953548321,0.0077865334940022,0.7588555884014518,0.4235989701065071,vent_rotation,ok,f33216ce3f780976986bcc3c77f80257c13a2ac45dc0716bc19cba7252fee4a6,f31a17333556b5e7ac80078ae88c99f08af5269d75a4603c4f0b36336349361c,0,9,0.3,3672,3285,1377,1.0893246187363834,1.0893246187363834,0.0,32.0,32.0,1,True,1.3071895424836601,1.3071895424836601,0.0,39.0,39.0,3,True,8,8,0,1.3072,39.0,33.899,3,True,54.2273,0.0,c0b1c643f781409ea4e1280754607022782dc59d1538fe85efcae8f1eff9ccdd,3.251
DSY1,semi,run_0063,random64,6.5621292372608675,6.65259707923012,2.866440977345775,291.8921029230811,0.2605908839526111,0.2904109892395112,0.2396360333811598,0.1130099666030276,4.144587096716162,0.654011275402036,0.4712269209763924,0.0014834559152219,0.54773627340295,0.5710594819740411,vent_rotation,ok,982f2f697d36c461d9202921e73ccdf00a511c39189d22be118fde94e7137f45,f31a17333556b5e7ac80078ae88c99f08af5269d75a4603c4f0b36336349361c,0,9,0.3,3672,3285,1377,1.6339869281045754,1.6339869281045754,0.0,44.0,44.0,7,True,1.8518518518518516,1.8518518518518516,0.0,53.0,53.0,20,True,13,13,0,1.8519,53.0,35.24,20,True,155.6892,0.0,8b7c672b77aca94be9b1c8e350807130dd9a7cbfc5aa5daa0aa0306482018117,3.323
DSY1,semi,run_0092,random64,9.93309790699963,8.182296197308714,2.457461454626565,111.121424386233,0.215416840146493,0.1614784962457293,0.2067813187440635,0.1045840336851818,2.5155012564866768,0.5247084843418965,0.6042830658593564,0.0091103599680866,0.403724911359604,0.9002186637947126,vent_rotation,ok,c711fd6f68232eeda3b225a952214ebf4074553da251238194a6d04490d048c8,f31a17333556b5e7ac80078ae88c99f08af5269d75a4603c4f0b36336349361c,0,9,0.3,3672,3285,1377,1.1437908496732025,1.1437908496732025,0.0,31.0,31.0,0,False,1.4705882352941175,1.4705882352941175,0.0,43.0,43.0,5,True,13,13,0,1.4706,43.0,33.932,5,True,36.1212,0.0,86844cfbdcc5445f72cf3d4ea32562ac0af3c412aae6b5d6beb6a141f2eeba59,3.243
DSY1,semi,run_0095,random64,6.3624501841932375,11.842510228563462,2.491939053622874,295.7462251283733,0.2198554630131667,0.0400359318923531,0.1494445134899256,0.1850285440940413,4.185455890408224,0.5956563840158877,0.8831696681502195,0.0061710397040376,0.4456313827570233,0.3457178036598204,vent_rotation,ok,acbb489c74fe991e2c0d2e4391e355d7d7c96de76aff143c5e32cf36622fbf53,f31a17333556b5e7ac80078ae88c99f08af5269d75a4603c4f0b36336349361c,0,9,0.3,3672,3285,1377,1.4978213507625273,1.4978213507625273,0.0,38.0,38.0,4,True,1.715686274509804,1.715686274509804,0.0,51.0,51.0,9,True,18,18,0,1.7157,51.0,34.8,9,True,49.865,0.0,246f6837bcefa001b9bc05dd5c32591dead57ce42adcecd1e875d792a081428e,3.31
DSY1,semi,run_0132,stress16,9.299175482807073,9.44472107084308,2.6246307962624016,120.97695746647544,0.359724968552603,0.1373453664935816,0.0250244188438973,0.1090851112819592,4.432529714102253,0.6489282768966091,0.8546248700739805,0.0100735542076731,0.2380461443404612,0.205503238738427,vent_rotation,ok,79de51dd3d11741ad31a81ce7f23c1c7e3ab3a1a036c0acb339c433c779bfc02,f31a17333556b5e7ac80078ae88c99f08af5269d75a4603c4f0b36336349361c,0,9,0.3,3672,3285,1377,1.7429193899782136,1.7429193899782136,0.0,47.0,47.0,6,True,2.0152505446623095,2.0152505446623095,0.0,58.0,58.0,23,True,27,27,0,2.0153,58.0,35.305,23,True,67.1668,0.0,287049381876b33b2bd7d43d5406961f7b295c0818478efe3294c51ed151f809,3.306
DSY1,semi,run_0169,random64,7.695473365435487,11.227744275625916,2.4943900256809504,33.74614022217156,0.1572306658104784,0.0421425997389778,0.1619378594004896,0.0133961689752927,3.577533400781542,0.3919625146305164,0.533438368709399,0.0108911883433449,0.1066031747510421,0.8986530703328954,vent_rotation,ok,26e502e63eee546ee032a6cbeb8c20f7cf32c1e551b18b436470cf62c9e000d3,f31a17333556b5e7ac80078ae88c99f08af5269d75a4603c4f0b36336349361c,0,9,0.3,3672,3285,1377,0.1906318082788671,0.1906318082788671,0.0,12.0,12.0,0,False,1.1165577342047932,1.1165577342047932,0.0,29.0,29.0,0,False,22,22,0,1.1166,29.0,32.456,0,False,33.2776,0.0,13ea0ddd0d846ac4319cabb755f9a7f464dedf09a3071aea7a2b6b42e8047fad,3.115
DSY1,semi,run_0171,random64,7.494809621295749,11.22002626611558,2.7470227147731485,103.10589157010632,0.254781411116087,0.1019944879351144,0.3370655776713539,0.0445047342704688,4.389418546125397,0.6060268646263012,0.3276582681904973,0.005932140031043,0.3357054429082935,0.5638512940204532,vent_rotation,ok,b71e0ab79ef7491c2bcdb59c5c2173ba8818721070548bb4ceecc3085504d7ad,f31a17333556b5e7ac80078ae88c99f08af5269d75a4603c4f0b36336349361c,0,9,0.3,3672,3285,1377,1.1982570806100217,1.1982570806100217,0.0,31.0,31.0,0,False,1.5522875816993464,1.5522875816993464,0.0,45.0,45.0,5,True,11,11,0,1.5523,45.0,34.003,5,True,44.6654,0.0,7558157f8e14d401f246a4170633ed39316e5ce1905444b93e18ebc2b2b8ea28,3.169
DSY1,semi,run_0172,random64,9.655340429240898,7.24820416689231,2.42469543122848,172.6245737256148,0.1639874631194922,0.1196870715518636,0.3172583437442636,0.1578098077295352,0.9402029258114942,0.4028680909098489,0.8765797877084602,0.0023588769593888,0.2060066547113198,0.3409010096267915,vent_rotation,ok,b8d999d90704be89eae58a6d2c5eea51921d2f55beaa3ea78febf3837c5ed3d0,f31a17333556b5e7ac80078ae88c99f08af5269d75a4603c4f0b36336349361c,0,9,0.3,3672,3285,1377,1.0348583877995643,1.0348583877995643,0.0,31.0,31.0,0,False,1.443355119825708,1.443355119825708,0.0,43.0,43.0,5,True,19,19,0,1.4434,43.0,33.885,5,True,13.7784,0.0,cbad01aeb737d5923c888662576ec73bd5383648c771727a0154e0465247c8f9,3.341
DSY1,semi,run_0189,random64,8.854541179080801,10.452603750516715,2.9188006260871417,67.8876582569418,0.3641510351705923,0.0892540763860939,0.3097302387013971,0.1440692649228458,2.707948972652005,0.2832682627500669,0.6646816722211282,0.0103303899374604,0.1290129201750531,0.0948871124029668,vent_rotation,ok,037be2bcaca34f6acea443f42a291a95d0ef02830042c01869a903ef83c62d82,f31a17333556b5e7ac80078ae88c99f08af5269d75a4603c4f0b36336349361c,0,9,0.3,3672,3285,1377,1.1165577342047932,1.1165577342047932,0.0,28.0,28.0,0,False,1.4978213507625273,1.4978213507625273,0.0,39.0,39.0,3,True,11,11,0,1.4978,39.0,33.756,3,True,38.5661,0.0,ca38d6d1bf078a2ea32fce2d3fd565912bae5fb7b8e4b3aa4e2fd4b4e1253eff,3.259
DSY1,semi,run_0203,random64,7.977123523285825,8.285263931205199,2.712837171815562,89.35419205267758,0.1358151170477194,0.188340689716523,0.0697252800449031,0.1120892354037314,1.7190015052738117,0.5071421704296211,0.5490554865529775,0.0022577353970723,0.6310346873260598,0.5050302275796102,vent_rotation,ok,94f96402b12ed03c74437154be6f21ce74fbac4cac51d99037fb62c361e4611c,f31a17333556b5e7ac80078ae88c99f08af5269d75a4603c4f0b36336349361c,0,9,0.3,3672,3285,1377,1.0893246187363834,1.0893246187363834,0.0,29.0,29.0,0,False,1.3616557734204793,1.3616557734204793,0.0,38.0,38.0,3,True,11,11,0,1.3617,38.0,33.565,3,True,38.6174,0.0,b1bd6eb76f55917803ace60efc38d134d290ece73451cc415140f05d1ecc5655,3.169
DSY1,semi,run_0208,random64,7.080933225138338,8.151979458855823,2.6146631258077835,109.77210266794091,0.1350633821387371,0.2826211130453059,0.3158693984636647,0.1010376581025481,1.0331012809233195,0.4004981292509733,0.7085516862951541,0.001430792206345,0.6109790032078951,0.401205105008072,vent_rotation,ok,6579a2c13191a9b247c92b1d42f6499d2d921f1f88a2bdba3bdb4c35100af667,f31a17333556b5e7ac80078ae88c99f08af5269d75a4603c4f0b36336349361c,0,9,0.3,3672,3285,1377,1.0076252723311547,1.0076252723311547,0.0,30.0,30.0,0,False,1.3071895424836601,1.3071895424836601,0.0,39.0,39.0,4,True,10,10,0,1.3072,39.0,33.649,4,True,44.6463,0.0,756728800fb1cf2b4a44c112f4b5733d98056b6aeeca17289c61eb8933750d81,3.438
DSY1,semi,run_0239,stress16,8.966408949597819,7.177231125441284,2.4933678450716044,17.389312189459034,0.33924506984946,0.1909431656003543,0.2552562075773003,0.1590237503532047,0.8661594681833358,0.6951609206290856,0.8620318201574801,0.0106498566496832,0.1330127200193476,0.4051665189182183,vent_rotation,ok,8533e0dde9c2256c8606d6716a0531aec7a396ff0688f27acceb1b4edf7a775e,f31a17333556b5e7ac80078ae88c99f08af5269d75a4603c4f0b36336349361c,0,9,0.3,3672,3285,1377,2.2603485838779953,2.2603485838779953,0.0,45.0,45.0,5,True,3.594771241830065,3.594771241830065,0.0,57.0,57.0,26,True,67,156,89,3.5948,57.0,35.2,26,True,48.7476,0.0,951f0a7b8f850c32dca725783ac8f0610ef5499f89be96d9109085ac21b571ec,3.571
DSY1,semi,run_0241,stress16,8.986985502735077,6.370726990713231,2.8262969611987976,288.55522855132386,0.3577817612158999,0.1857466310998697,0.1900534041160908,0.1183127038015254,1.180262981894609,0.5586107918959073,0.4841391966636397,0.0026352311391234,0.7606078576767147,0.3295277351670737,vent_rotation,ok,1403f1f387482ebccf47ac2d9c43367ea715aaa222eb0dbce333133a3e71f22e,f31a17333556b5e7ac80078ae88c99f08af5269d75a4603c4f0b36336349361c,0,9,0.3,3672,3285,1377,2.587145969498911,2.587145969498911,0.0,50.0,50.0,14,True,3.2407407407407405,3.2407407407407405,0.0,58.0,58.0,29,True,38,71,33,3.2407,58.0,35.646,29,True,517.2338,0.0,de91eff20085d6defb8d3b25627513c97a17dd5896feb7719293f858bb738cf3,3.501
DSY1,semi,run_0298,random64,8.332008660398749,7.514114819729058,2.5770632840161176,32.65999947584161,0.3675082359468328,0.2612870512859359,0.1947062270800404,0.092184612395228,2.2327759245070897,0.4154681534695688,0.4491901728869033,0.0031863362642622,0.2918284207024562,0.3945965827764047,vent_rotation,ok,ce394488944e67b3c13bdbe646305004ba16c786c8654e4aa04301a1750e3673,f31a17333556b5e7ac80078ae88c99f08af5269d75a4603c4f0b36336349361c,0,9,0.3,3672,3285,1377,1.3888888888888888,1.3888888888888888,0.0,37.0,37.0,4,True,1.661220043572985,1.661220043572985,0.0,47.0,47.0,9,True,11,11,0,1.6612,47.0,34.766,9,True,63.4802,0.0,1d905946ab4f6afed3863b8cf479289ec4880074f22fe37d7a63321b24b17763,3.301
DSY1,semi,run_0302,random64,6.464886681198625,6.461232658039725,2.595607139740693,200.15410369855252,0.1048401522366748,0.0500529154312022,0.2464765860508568,0.138708672410398,1.0994929560158817,0.5957829612933677,0.6712389000184744,0.0114188958123249,0.5764259455075901,0.8590859386058312,vent_rotation,ok,2c5b980a67be93805c6e0bd114b9efebc43775191b78adb7c7dcf3515f145b67,f31a17333556b5e7ac80078ae88c99f08af5269d75a4603c4f0b36336349361c,0,9,0.3,3672,3285,1377,1.2254901960784315,1.2254901960784315,0.0,37.0,37.0,3,True,1.443355119825708,1.443355119825708,0.0,44.0,44.0,5,True,16,16,0,1.4434,44.0,34.324,5,True,36.7688,0.0,e3e1ebe829d37e856e5cfa2d27a492ee73dba958b6d67c4180d3d07e484361fe,3.328
DSY1,semi,run_0421,random64,7.259944904757417,9.95766854175178,2.9168650187863294,194.2486599421907,0.3312206235671143,0.0946711362366577,0.2923395976811948,0.0428674051588782,2.175209421544923,0.3660505438690433,0.3166605386628426,0.005912152362126,0.7213775997545232,0.4076882356228147,vent_rotation,ok,011b7a74eda26fb80700307da80096ba0dc89f803b07d66a934fbfc3a0ccc1e7,f31a17333556b5e7ac80078ae88c99f08af5269d75a4603c4f0b36336349361c,0,9,0.3,3672,3285,1377,1.3071895424836601,1.3071895424836601,0.0,37.0,37.0,4,True,1.6067538126361656,1.6067538126361656,0.0,49.0,49.0,9,True,12,12,0,1.6068,49.0,34.792,9,True,92.0452,0.0,a208e9f6698590633202dbe1a688975acd5018aaf987741ce06b7065486355b2,3.248
DSY1,semi,run_0456,random64,7.235653346407408,11.709367776516928,2.5247172842449146,164.85689193046983,0.316903563356449,0.2724207622108091,0.0275777940548623,0.1306855280144903,4.841830387386058,0.3607166626987048,0.7357196636648353,0.0087398255812502,0.7615723805690275,0.6784222436994939,vent_rotation,ok,4a0f852ccc59b5021c691dd041b2e3329ef87e863029b33196b50914aebe58d2,f31a17333556b5e7ac80078ae88c99f08af5269d75a4603c4f0b36336349361c,0,9,0.3,3672,3285,1377,1.1982570806100217,1.1982570806100217,0.0,36.0,36.0,3,True,1.579520697167756,1.579520697167756,0.0,49.0,49.0,7,True,11,11,0,1.5795,49.0,34.657,7,True,70.9325,0.0,bf621b344de6d11c9a5c604b70a5b678584147b9cf37199bd9fc1c19c62a1b87,3.26
DSY1,semi,run_0492,stress16,8.550782772522515,11.776115421222215,2.699213296519177,334.2020798495306,0.3999904372395374,0.0206995492983702,0.0607249068429463,0.0682232294671505,1.1214548050257498,0.6419965380885064,0.7204194426782291,0.0073087888941234,0.247223981405377,0.2972364509554138,vent_rotation,ok,504f4ae422b6c87137ace50478012cfafa5cecc08841101441dfd522c2409aff,f31a17333556b5e7ac80078ae88c99f08af5269d75a4603c4f0b36336349361c,0,9,0.3,3672,3285,1377,1.770152505446623,1.770152505446623,0.0,48.0,48.0,7,True,2.1514161220043575,2.1514161220043575,0.0,59.0,59.0,26,True,27,29,2,2.1514,59.0,35.395,26,True,73.3998,0.0,3bc77dc22c11cc69fbb606ff12086eddf144b7425db22b3dbcf7e4acda421edc,3.391
DSY1,semi,run_0499,random64,7.858804507830091,10.349836369453136,2.532898445475049,95.20960247737294,0.2105308086928702,0.2661776403887546,0.202952619776223,0.042630729895842,4.479626527348435,0.5735404220619731,0.7008795170704228,0.0036983473818156,0.1567476492121556,0.6596289751233395,vent_rotation,ok,531a4c33206eb9d51fc2766c2ee324f213df920f61b9ad40d566456ccdf3472f,f31a17333556b5e7ac80078ae88c99f08af5269d75a4603c4f0b36336349361c,0,9,0.3,3672,3285,1377,0.9803921568627451,0.9803921568627451,0.0,22.0,22.0,0,False,1.3888888888888888,1.3888888888888888,0.0,37.0,37.0,1,True,15,15,0,1.3889,37.0,33.0,1,True,24.4079,0.0,c3e8bd38fc40f163f3bdb2a71cc923b0092a0443d0dd5121318d026d0524b9dd,3.235
DSY1,semi,run_0500,random64,9.82451369711319,10.845295277018504,2.7073204009582628,108.9848566026068,0.2404164756163604,0.2191691030494161,0.3170431197618952,0.1101248845957577,4.246097291116642,0.3146179268775989,0.8846779164318552,0.002952629013426,0.3985480745890861,0.6671409251817507,vent_rotation,ok,d318e880fdc3a8df91e881505bd818034724a7622265ca88354ea886291c9544,f31a17333556b5e7ac80078ae88c99f08af5269d75a4603c4f0b36336349361c,0,9,0.3,3672,3285,1377,1.0076252723311547,1.0076252723311547,0.0,29.0,29.0,0,False,1.3071895424836601,1.3071895424836601,0.0,39.0,39.0,4,True,9,9,0,1.3072,39.0,33.652,4,True,33.3477,0.0,1a57d95e22a190a71b2d0dad54503bb016b39f672091154e7f0843110615649b,3.254
DSY1,semi,run_0628,stress16,9.72733840356107,7.8427669792229615,2.5924321527735392,359.8933269015914,0.3529783862372112,0.0761779621335445,0.3273904561993191,0.0824461595128538,3.4708268892998255,0.3251799736172571,0.3503616556392233,0.0015213312741712,0.7206263247604744,0.7182250817689112,vent_rotation,ok,67697fa78434b198a21546ac7c5763cd89f1edc23c880619bc50abefcd76434b,f31a17333556b5e7ac80078ae88c99f08af5269d75a4603c4f0b36336349361c,0,9,0.3,3672,3285,1377,1.171023965141612,1.171023965141612,0.0,36.0,36.0,2,True,1.4978213507625273,1.4978213507625273,0.0,43.0,43.0,6,True,7,7,0,1.4978,43.0,34.466,6,True,62.591,0.0,ee9b516f0cf22e2491166b597573bb1b8278bf969c93c0007992269b706aef30,3.238
DSY1,semi,run_0745,random64,9.403992115334937,8.48512079989969,2.7038151450428907,145.5310132662222,0.2567053419094268,0.2898505421920269,0.0488499881238593,0.1014932783378585,1.1571722700731573,0.4833947498367663,0.8213087990653432,0.008725404304492,0.7657037313194129,0.8876906018863312,vent_rotation,ok,8a07bae1a85b82cc62422f7517e0a1a82e6ffd81cedbab5c248d96402a8960b2,f31a17333556b5e7ac80078ae88c99f08af5269d75a4603c4f0b36336349361c,0,9,0.3,3672,3285,1377,1.252723311546841,1.252723311546841,0.0,38.0,38.0,3,True,1.579520697167756,1.579520697167756,0.0,49.0,49.0,8,True,15,15,0,1.5795,49.0,34.727,8,True,88.2663,0.0,fe4a60d76ab1e761f572cad22eed16d4a3ad93bb7d49aa114b87536781db6daf,3.314
DSY1,semi,run_0768,stress16,6.634637881940697,11.603463379949876,2.9452065682690702,7.656125949492523,0.3673240508605883,0.0703946751822334,0.0882239068606324,0.0721394554328508,0.8794108960838816,0.6853284584119119,0.8495356125752638,0.0109339718263157,0.2996274968959122,0.0483529411528591,vent_rotation,ok,a6d3b75d5b1a6750c4e4ecef9a9970dee864e2bc59bf1b96ebd1829a1aeb6274,f31a17333556b5e7ac80078ae88c99f08af5269d75a4603c4f0b36336349361c,0,9,0.3,3672,3285,1377,1.824618736383442,1.824618736383442,0.0,44.0,44.0,7,True,2.587145969498911,2.587145969498911,0.0,59.0,59.0,28,True,38,57,19,2.5871,59.0,35.541,28,True,121.5967,0.0,cd4d729b6745247c6c507d80212e6ed38ad73446c53d7640c8dccf9ee41646d1,3.449
DSY1,semi,run_0785,random64,8.940781628092497,8.940854789499578,2.71333172432655,21.027453984889203,0.3107729422642821,0.2659499439488594,0.1570556761118805,0.0362424341838409,3.092059615457477,0.5972727377148599,0.3537591526886088,0.010305774523266,0.4150422534097331,0.1795157167910107,vent_rotation,ok,2e25501c0dcdd723010280977b810c3e2951c189e90b82d57cf3e0c5aeb12b55,f31a17333556b5e7ac80078ae88c99f08af5269d75a4603c4f0b36336349361c,0,9,0.3,3672,3285,1377,1.3616557734204793,1.3616557734204793,0.0,37.0,37.0,4,True,1.715686274509804,1.715686274509804,0.0,49.0,49.0,12,True,11,11,0,1.7157,49.0,34.842,12,True,69.8336,0.0,99169509826bbfd80aba95e826c88f54af11b59eabe71049f3d21637919958e1,3.35
DSY1,semi,run_0788,random64,8.782009887322488,9.886407966385462,2.689241045237277,165.79600971047623,0.1806222296930827,0.0350189214807997,0.2624851560323494,0.0761344647472262,0.8504742135136384,0.5569179194726575,0.8553784108853641,0.0092759304403749,0.5281861664355341,0.2100976052058908,vent_rotation,ok,fa49f4524861f270e4cf49243082dfaea116b7902d9776ed646d9f9947913621,f31a17333556b5e7ac80078ae88c99f08af5269d75a4603c4f0b36336349361c,0,9,0.3,3672,3285,1377,1.252723311546841,1.252723311546841,0.0,36.0,36.0,3,True,1.5522875816993464,1.5522875816993464,0.0,48.0,48.0,6,True,18,18,0,1.5523,48.0,34.461,6,True,40.3435,0.0,112c81cc7a217e6e37e11452ebf3b1cddc6f5162da616fc74128c1b74caca6bd,3.243
DSY1,semi,run_0821,random64,8.168610103195812,6.295910082319626,2.44919521726831,83.16215592635217,0.1633699932395152,0.2793528873688088,0.3075031868920546,0.1071356027635634,4.694512503188105,0.3195967627738837,0.4662343120140395,0.0025933405746935,0.4004795609820039,0.9249981780019016,vent_rotation,ok,767e3696a957ccd70809f13010b391640e679c49e26aa7d8361bfcd4299e67f6,f31a17333556b5e7ac80078ae88c99f08af5269d75a4603c4f0b36336349361c,0,9,0.3,3672,3285,1377,0.9259259259259258,0.9259259259259258,0.0,24.0,24.0,0,False,1.252723311546841,1.252723311546841,0.0,34.0,34.0,2,True,8,8,0,1.2527,34.0,33.191,2,True,35.8757,0.0,8d211192cee5be6f078e5b11b1d169db21dbfa24b458bf5c1955a3ca0569a706,3.21
DSY1,semi,run_0833,random64,6.881397296298271,10.882836593895547,2.866583637518168,115.0820265960748,0.2101446861231999,0.1571910951166595,0.0991883520257245,0.1038913954908974,2.054872833294584,0.31784047548047,0.3619575529089111,0.0100872283500496,0.3785981589568508,0.1448921445221051,vent_rotation,ok,12aa49543b002103feeaa115249a8f61386018152e0cdb0ea3d3baa24d20a59b,f31a17333556b5e7ac80078ae88c99f08af5269d75a4603c4f0b36336349361c,0,9,0.3,3672,3285,1377,1.0076252723311547,1.0076252723311547,0.0,31.0,31.0,0,False,1.3071895424836601,1.3071895424836601,0.0,39.0,39.0,4,True,11,11,0,1.3072,39.0,33.724,4,True,34.2539,0.0,7b3a8203b6db9c80aceee5319fc12737b5b8a97ecdc52f49e8baab1844519b81,3.157
DSY1,semi,run_0841,random64,8.367547204965499,7.256923551190713,2.9918995286847547,209.09780783784907,0.2412457505801208,0.2385274524029789,0.0999052231342154,0.0327496438192871,4.272186592040046,0.5573251812470255,0.5047083796199578,0.0034639552327845,0.6468288498143069,0.6883388060301502,vent_rotation,ok,a7ec88c240a23900fae8d58f8b9c2fad9ed8c0a94de4297a206b3f5ae762b418,f31a17333556b5e7ac80078ae88c99f08af5269d75a4603c4f0b36336349361c,0,9,0.3,3672,3285,1377,1.4161220043572984,1.4161220043572984,0.0,39.0,39.0,4,True,1.6339869281045754,1.6339869281045754,0.0,49.0,49.0,9,True,11,11,0,1.634,49.0,34.879,9,True,79.6745,0.0,3fa951feaabf2e0fe24eb9775edffab4ca1a55211008f8c229baec8283196198,3.214
DSY1,semi,run_0844,random64,8.746712419323499,8.255288205551997,2.8301858731668736,119.6183960439886,0.1994819192503905,0.27254785547391,0.0411225287078061,0.1609877938402135,1.483139363161183,0.3044285647779056,0.8800589857851471,0.0064660006290998,0.7491636968151721,0.9819550749784538,vent_rotation,ok,9a434eceb1f2cdaf0d1e19cd27757bdddd0c10301986e0471f27d53baf45d046,f31a17333556b5e7ac80078ae88c99f08af5269d75a4603c4f0b36336349361c,0,9,0.3,3672,3285,1377,1.0893246187363834,1.0893246187363834,0.0,34.0,34.0,2,True,1.443355119825708,1.443355119825708,0.0,43.0,43.0,7,True,13,13,0,1.4434,43.0,34.384,7,True,54.0589,0.0,d5f18f65bd2c393c505e4dc5d90891619197791cc33f3d066c1bcd8a64202f26,3.315
DSY1,semi,run_0887,random64,9.484724765067508,11.174464591770498,2.414911442203662,229.80644996404757,0.2796275305540545,0.0758284244041909,0.2896741830836959,0.1751072335090888,1.6995338270119895,0.3107776781053267,0.4257006634020504,0.0114970329370951,0.491908950611397,0.9890734482016346,vent_rotation,ok,16cdd0a31923c29cf602a7e6d32d65089bff9736ba03dca58d93f7cf6a6dbc71,f31a17333556b5e7ac80078ae88c99f08af5269d75a4603c4f0b36336349361c,0,9,0.3,3672,3285,1377,1.0893246187363834,1.0893246187363834,0.0,34.0,34.0,2,True,1.443355119825708,1.443355119825708,0.0,41.0,41.0,5,True,11,11,0,1.4434,41.0,34.253,5,True,32.3116,0.0,c5f663a9b7022e8d9ca4a6749e67a6e6c71140b684b31fe75e2a8b64e5c0f67b,3.294
DSY1,semi,run_1025,stress16,6.001988515451892,8.013747343359917,2.712128069948224,187.7230485160186,0.3988100711297681,0.0143824485162627,0.2716513893534522,0.0592134160641791,2.773734982619098,0.4008863300303726,0.4244523072802022,0.0086936739506271,0.2466612679915689,0.5322139386093038,vent_rotation,ok,3a5332208050bc427cd6c71ee14505134be998a710ca5384e29b776437bcb363,f31a17333556b5e7ac80078ae88c99f08af5269d75a4603c4f0b36336349361c,0,9,0.3,3672,3285,1377,1.5250544662309369,1.5250544662309369,0.0,43.0,43.0,5,True,1.661220043572985,1.661220043572985,0.0,51.0,51.0,9,True,16,16,0,1.6612,51.0,34.914,9,True,70.7522,0.0,c36660c1b4ee84b2bccd98a0cbab8bdccebb3f5e38afea70688d34ea95e220a5,3.223
DSY1,semi,run_1083,random64,8.454517480509306,7.606900202320765,2.5501477925335045,241.34481889977465,0.2891208841498976,0.1515706845674109,0.1605073890215713,0.1607015551309144,1.101558526110067,0.2140821822715956,0.8767854811568954,0.0117808467129899,0.4181305553407746,0.979553351344094,vent_rotation,ok,60436c35011c5339f59583cb46a683ca17a1a0f29da457b706c5b87d874a2f06,f31a17333556b5e7ac80078ae88c99f08af5269d75a4603c4f0b36336349361c,0,9,0.3,3672,3285,1377,1.1165577342047932,1.1165577342047932,0.0,36.0,36.0,2,True,1.443355119825708,1.443355119825708,0.0,42.0,42.0,5,True,12,12,0,1.4434,42.0,34.396,5,True,43.5947,0.0,71de7deb03e71b966131042bcf97281400133f399a6723db8f59dab4e7acd3bb,3.318
DSY1,semi,run_1093,random64,8.002380628505447,10.166259736812894,2.8796333119979427,171.23898423952662,0.100090185215434,0.0543938555226989,0.0270087812313298,0.0755226196018769,1.8235443611211988,0.386033384594613,0.8407906551118343,0.0050274494110316,0.354654458456868,0.9837284633011107,vent_rotation,ok,4be9b051e8caf7dc95af4c76659d0cc62b8765e0b4a980691c59aa7a77b548e3,f31a17333556b5e7ac80078ae88c99f08af5269d75a4603c4f0b36336349361c,0,9,0.3,3672,3285,1377,0.8442265795206972,0.8442265795206972,0.0,28.0,28.0,0,False,1.4978213507625273,1.4978213507625273,0.0,44.0,44.0,6,True,25,25,0,1.4978,44.0,34.144,6,True,39.3487,0.0,a2e17a882d9b2dd54b5252e5a7c9664a766f45c94dd7cf800ce704ec0cdf9f51,3.134
DSY1,semi,run_1130,random64,9.188456848978468,11.639043127509634,2.559744911138821,29.410840417817724,0.1117948532135704,0.2858457406091068,0.2595794543528447,0.1999165833637279,1.1743911222239498,0.471472375004214,0.5367601190449024,0.0117616437190273,0.2970725510522888,0.433698314360111,vent_rotation,ok,fa78a5a2871f9ccc240eb9bfd948870336ba28179f5133ce0ed10a86c7f7f234,f31a17333556b5e7ac80078ae88c99f08af5269d75a4603c4f0b36336349361c,0,9,0.3,3672,3285,1377,0.6808278867102396,0.6808278867102396,0.0,22.0,22.0,0,False,1.171023965141612,1.171023965141612,0.0,32.0,32.0,1,True,15,15,0,1.171,32.0,33.079,1,True,8.5126,0.0,f8097a118044daa94201a5c0a7d91377583f610151d0c378b09a60379d22ad6d,3.393
DSY1,semi,run_1192,random64,6.574979979831511,11.394826702694091,2.6678524442714378,83.01673689334608,0.3565625542057532,0.2467632876240327,0.0518339126921443,0.087289463380345,1.2028290993735582,0.4784511509089152,0.6693643480800702,0.0064013535611167,0.4547676125272111,0.8704605859623464,vent_rotation,ok,737bd526ad65c14def897eecd83bf17f688a0fbe7e2eac4d65e4d678f94574bd,f31a17333556b5e7ac80078ae88c99f08af5269d75a4603c4f0b36336349361c,0,9,0.3,3672,3285,1377,1.2799564270152506,1.2799564270152506,0.0,34.0,34.0,2,True,1.6067538126361656,1.6067538126361656,0.0,45.0,45.0,8,True,12,12,0,1.6068,45.0,34.378,8,True,85.5726,0.0,206b4eb2b3c6613a84cfa79aae21e94c73288e161d8e2218bff4cbd9eeaadc38,3.319
DSY1,semi,run_1197,random64,9.55307660622851,10.935446202367611,2.651431698797591,89.14333515226049,0.2043520540065082,0.2592494770209894,0.0576746329066228,0.0781157588360924,2.1857332563991227,0.2060785959940542,0.5149724560393532,0.0076651831377733,0.6733006645411621,0.4720333855727691,vent_rotation,ok,790dbd94ffeab261fd057c7e211ddb7fe123ff079972784db5755d2c20aa9823,f31a17333556b5e7ac80078ae88c99f08af5269d75a4603c4f0b36336349361c,0,9,0.3,3672,3285,1377,0.8714596949891068,0.8714596949891068,0.0,23.0,23.0,0,False,1.252723311546841,1.252723311546841,0.0,34.0,34.0,2,True,10,10,0,1.2527,34.0,33.408,2,True,33.9702,0.0,94a2c5729f03717b4b6ac2a9c2f9e26294e3c7c7ee73e11f5d18cfa08c2e5b83,3.386
DSY1,semi,run_1199,stress16,8.893313295309667,6.752916196560016,2.775376919971335,90.13627347871588,0.1083033134047148,0.1785539237225437,0.0601924888116002,0.0886989224971885,1.0127404186376616,0.4736069389205135,0.8365327423703692,0.0052546015723922,0.7998494879171348,0.7537545170074853,vent_rotation,ok,fe77abcfb4e10792f15ff91e1dd07bada4a3a0e73ff1a53844a448cc54b24b0b,f31a17333556b5e7ac80078ae88c99f08af5269d75a4603c4f0b36336349361c,0,9,0.3,3672,3285,1377,1.0893246187363834,1.0893246187363834,0.0,29.0,29.0,0,False,1.4161220043572984,1.4161220043572984,0.0,41.0,41.0,4,True,15,15,0,1.4161,41.0,33.816,4,True,43.5947,0.0,8e82e604c7f114159ff587cb23216eb083ae2d28f31d830c800f8680a39b3d13,3.402
DSY1,semi,run_1207,random64,9.168130791502008,9.004696072729846,2.8115599835956373,142.9180739985565,0.1284202723692254,0.1867752178704292,0.3348439656423181,0.1317711005700411,2.4118781979192816,0.4565266167997619,0.610364497850469,0.004851525079017,0.1978381158264388,0.9603135205592784,vent_rotation,ok,b7adba98fe40253cbff5feca4d99d366ad26493e8c6357273a3af6f3e9f7ce66,f31a17333556b5e7ac80078ae88c99f08af5269d75a4603c4f0b36336349361c,0,9,0.3,3672,3285,1377,0.6808278867102396,0.6808278867102396,0.0,24.0,24.0,0,False,1.252723311546841,1.252723311546841,0.0,37.0,37.0,2,True,17,17,0,1.2527,37.0,33.238,2,True,12.2647,0.0,a9ea79102cab82841cbd38a58cad1ce5c70cd8b3f25e8481f18addc28c313117,3.272
DSY1,semi,run_1209,random64,8.118074804521358,11.978193458414612,2.9036564697751355,244.9524063171716,0.3754156589993933,0.1220701597070463,0.1432447265725567,0.0531746170798,1.5295117539422654,0.5948510668405462,0.606964077683358,0.0056553556870505,0.480152133711234,0.6399576848879639,vent_rotation,ok,4d5efd4cfc9ad11f5fc77816b411f50cc32ac1acd1e23311f414991c0987fa96,f31a17333556b5e7ac80078ae88c99f08af5269d75a4603c4f0b36336349361c,0,9,0.3,3672,3285,1377,1.7429193899782136,1.7429193899782136,0.0,45.0,45.0,5,True,2.369281045751634,2.369281045751634,0.0,58.0,58.0,18,True,31,34,3,2.3693,58.0,35.278,18,True,148.2201,0.0,a43d2f2f3592ef0de69daf4a7098a5dcdee600a7ce002b8a55b4897c62d15794,3.314
DSY1,semi,run_1214,stress16,7.588108618860515,7.752734140780623,2.826539668699661,130.3981801828211,0.3484607578703986,0.1342467316483606,0.1687813557233073,0.1611491128809359,1.000533177193956,0.6979521394451516,0.3042607275737717,0.007184911846836,0.7742265557708546,0.5938512492331808,vent_rotation,ok,eecb9138ab1af9b988aab15b1012b582e83572b6789ecd764056ab72bb1f0cee,f31a17333556b5e7ac80078ae88c99f08af5269d75a4603c4f0b36336349361c,0,9,0.3,3672,3285,1377,2.423747276688453,2.423747276688453,0.0,49.0,49.0,9,True,3.022875816993464,3.022875816993464,0.0,57.0,57.0,20,True,39,45,6,3.0229,57.0,35.277,20,True,358.7142,0.0,138454ebc058e1ededf8003b365391dd2ab7a2a6e9bca8808f447799710afdcc,3.397
DSY1,semi,run_1248,random64,9.06874655668104,6.39714339888123,2.4388587665273502,227.04203511645017,0.300438463458426,0.1826052445691555,0.3125340008743582,0.017922370396233,1.828155892567156,0.634732281708217,0.5900520904862452,0.0086471631277632,0.744025489137654,0.0859871297257144,vent_rotation,ok,692dd56a201aec6b0a4c9c88f4cb11168d71de76a609850c6d2f71aa526c4cda,f31a17333556b5e7ac80078ae88c99f08af5269d75a4603c4f0b36336349361c,0,9,0.3,3672,3285,1377,1.6884531590413945,1.6884531590413945,0.0,44.0,44.0,7,True,2.7233115468409586,2.7233115468409586,0.0,56.0,56.0,22,True,32,35,3,2.7233,56.0,35.338,22,True,279.1914,0.0,f011d0b2fcebf80c99cedf9aff2bbbfbe74eeb248692f419fd61bc821c3ae5da,3.335
DSY1,semi,run_1268,random64,8.672107632349496,6.077241426467557,2.800377196115221,248.79991969356283,0.3247953487491061,0.0219064414200164,0.0826480006959761,0.1562970222400376,2.814679622664271,0.6718729366355661,0.6906200825760328,0.0011846727722075,0.1220025434097146,0.2148351272313768,vent_rotation,ok,b21208babbaa757f93b80ef7df4b0d3ed7920b1e63bb6ceaebada671799c6528,f31a17333556b5e7ac80078ae88c99f08af5269d75a4603c4f0b36336349361c,0,9,0.3,3672,3285,1377,2.2603485838779953,2.2603485838779953,0.0,60.0,60.0,23,True,2.6688453159041394,2.6688453159041394,0.0,67.0,67.0,36,True,49,52,3,2.6688,67.0,35.804,36,True,57.7262,0.0,7da141b45f96eee0907bb993e0564f09064c353a2011268021161d74bef354ee,3.296
DSY1,semi,run_1274,random64,6.241960005906613,10.399629191334888,2.8831521889224567,182.0303542420824,0.3893387920102038,0.2765961269867158,0.2263723592999344,0.0811994462666564,1.6006253230049623,0.428158997554932,0.6483239736954343,0.0098985746010797,0.660318092457969,0.5707357570475454,vent_rotation,ok,41d54068f03a8f547028aec8900d226c44bb84cd55008992d807d0147d288ff8,f31a17333556b5e7ac80078ae88c99f08af5269d75a4603c4f0b36336349361c,0,9,0.3,3672,3285,1377,1.4978213507625273,1.4978213507625273,0.0,43.0,43.0,5,True,1.9880174291938997,1.9880174291938997,0.0,51.0,51.0,9,True,21,22,1,1.988,51.0,34.965,9,True,161.6746,0.0,0b7957ba5cb24dba1a5b008cb6aaf268f31a953add5518901d2d559c46cef8fe,3.381
DSY1,semi,run_1295,random64,9.700875846736846,11.393976617728896,2.625245447765509,15.055808046872396,0.1106551028886222,0.1052395899485283,0.0428257154219093,0.0339409350855904,4.282889671851096,0.2731703980561324,0.697609692323854,0.0071462703374351,0.7016648928179255,0.864958402476004,vent_rotation,ok,dc6c7cbe20ace37ea8174e13ae84da3174c73011f624e4de36d7e872e87cb6e2,f31a17333556b5e7ac80078ae88c99f08af5269d75a4603c4f0b36336349361c,0,9,0.3,3672,3285,1377,0.7080610021786492,0.7080610021786492,0.0,25.0,25.0,0,False,1.3616557734204793,1.3616557734204793,0.0,41.0,41.0,4,True,15,15,0,1.3617,41.0,33.887,4,True,34.4279,0.0,b88d77b2ff65ad7328d043f0a8857a70cfca9fa3d59fc1927fad1e1b86b8aa8b,3.144
DSY1,semi,run_1311,random64,9.165362455102658,7.340987815898325,2.8133939339727108,305.0567196793675,0.1889324964091247,0.0323126599434309,0.1588020548110891,0.026092481744294,1.1716059785701818,0.6238515161870499,0.5930562544217899,0.0094844252584585,0.5560536106491164,0.7347389973183898,vent_rotation,ok,5c940aafb0d79608c731ad4ae9e4cdc0a63537e99a2fa154781bae4d3868f33d,f31a17333556b5e7ac80078ae88c99f08af5269d75a4603c4f0b36336349361c,0,9,0.3,3672,3285,1377,1.4161220043572984,1.4161220043572984,0.0,38.0,38.0,4,True,1.6884531590413945,1.6884531590413945,0.0,51.0,51.0,8,True,17,17,0,1.6885,51.0,34.774,8,True,66.4903,0.0,022091884be62f3743eb1a10ff7397482bba873e5f8644a663c19a783834b22f,3.287
DSY1,semi,run_1388,random64,9.678814831103882,8.915890074047772,2.800541899467576,218.74280184445405,0.1098036268680505,0.2727958848646888,0.3439519392324434,0.136424623817726,2.406438737900367,0.2924614656342366,0.358399055620711,0.0107980260130701,0.4314042170048758,0.6522212139098633,vent_rotation,ok,2efc64061aa1dbe7a1731ce7e7528c183fafd00b156ff75d7f46ace78f4517e5,f31a17333556b5e7ac80078ae88c99f08af5269d75a4603c4f0b36336349361c,0,9,0.3,3672,3285,1377,0.8714596949891068,0.8714596949891068,0.0,28.0,28.0,0,False,1.2254901960784315,1.2254901960784315,0.0,38.0,38.0,3,True,11,11,0,1.2255,38.0,33.735,3,True,14.1501,0.0,6d45a2e5f593b4e631e21877580f46d80af29695b33eb2304c66e9c127a3baae,3.308
DSY1,semi,run_1391,random64,9.65754037174086,7.371418965081008,2.4723911477589064,245.60981709998856,0.1947631756497077,0.2039411843608119,0.1074218120281111,0.0162622533962714,4.722810987580656,0.4500350593640352,0.4151046102651455,0.0083872118280736,0.1148113999145338,0.1106668227864503,vent_rotation,ok,f038d82bedce0d654ea6461c73bf0e711493f7157723eb684af3955983ef3dd3,f31a17333556b5e7ac80078ae88c99f08af5269d75a4603c4f0b36336349361c,0,9,0.3,3672,3285,1377,1.0893246187363834,1.0893246187363834,0.0,29.0,29.0,0,False,1.579520697167756,1.579520697167756,0.0,46.0,46.0,5,True,21,21,0,1.5795,46.0,33.904,5,True,28.3557,0.0,8b4b72158bee47ecbb43914c132299c15673019eaad49e23ba8eb3a7ff6f7f44,3.235
DSY1,semi,run_1416,stress16,7.611423563474337,8.698251521688531,2.426406411760429,121.28644403903304,0.2515937716162215,0.0800541981528088,0.2307818781610998,0.0347059324643584,3.835273389438587,0.5544241075079898,0.5745584674183433,0.0058908240493479,0.1000232333706224,0.4592619165338935,vent_rotation,ok,8b00bfcba8b9eecf8bc09cb37572db37b8ba638964330a0c1e345e43fdc778d5,f31a17333556b5e7ac80078ae88c99f08af5269d75a4603c4f0b36336349361c,0,9,0.3,3672,3285,1377,1.2254901960784315,1.2254901960784315,0.0,28.0,28.0,0,False,1.6884531590413945,1.6884531590413945,0.0,45.0,45.0,4,True,24,24,0,1.6885,45.0,33.653,4,True,32.1508,0.0,7e08da6a2aa5b1f82387355a82346b67b0486f883d6208887cefe2876a51e7ba,3.264
DSY1,semi,run_1434,random64,9.159539081356815,6.688059520298238,2.9750873857625546,146.8680349805886,0.109342487245402,0.2408929006163872,0.3256769736107116,0.1251180578113211,1.4006317331367033,0.4093604062094604,0.6924091355483194,0.0058060970619586,0.7515582151715556,0.0608321572405057,vent_rotation,ok,a77d6a0109ac368b5d9701588b59cef6200fcc4dd7fc2aa5aa4d253ce84d990f,f31a17333556b5e7ac80078ae88c99f08af5269d75a4603c4f0b36336349361c,0,9,0.3,3672,3285,1377,1.0348583877995643,1.0348583877995643,0.0,34.0,34.0,2,True,1.3616557734204793,1.3616557734204793,0.0,41.0,41.0,5,True,11,11,0,1.3617,41.0,34.124,5,True,37.8349,0.0,4ff15e938b40f24b4f7ff5a7b90532ac4d40871bcd60125ed3719b6afc997201,3.349
DSY1,semi,run_1476,random64,8.896156594940386,11.970459088733485,2.620502673500708,170.28638121673248,0.269002831698218,0.1073848132959912,0.2221615330765761,0.0858084946392574,2.270012833340684,0.6822472892294835,0.5392405542224693,0.0094663221482832,0.4521300487922157,0.0581779318396109,vent_rotation,ok,fd59b7d6c2e48f7a42bb2c04ad913decb54eceb25c756a66f3cb4fc4e4852756,f31a17333556b5e7ac80078ae88c99f08af5269d75a4603c4f0b36336349361c,0,9,0.3,3672,3285,1377,1.4705882352941175,1.4705882352941175,0.0,40.0,40.0,4,True,1.8790849673202614,1.8790849673202614,0.0,50.0,50.0,8,True,24,25,1,1.8791,50.0,34.736,8,True,55.2701,0.0,e91cc2b59734516b91515952012d62e5c8cc0a56c864b1b0a9c73d40d7401a52,3.388
DSY1,semi,run_1497,random64,7.421317417293777,10.6593604485645,2.9548445771602987,261.1277326472027,0.2244213548236318,0.2418386953001862,0.2465311795559595,0.0147862579323263,2.8483385115597724,0.4803905389117479,0.4721117267540718,0.0077261404064099,0.4160685386235552,0.2127917230392205,vent_rotation,ok,75765922f458d7c292d0b9fb981625e87c644df6f4eb8543640a8833692c26c1,f31a17333556b5e7ac80078ae88c99f08af5269d75a4603c4f0b36336349361c,0,9,0.3,3672,3285,1377,1.3344226579520697,1.3344226579520697,0.0,36.0,36.0,3,True,1.6067538126361656,1.6067538126361656,0.0,50.0,50.0,8,True,12,12,0,1.6068,50.0,34.701,8,True,44.503,0.0,67d5b2ab97646bf4045265ab72888d783a12da812ebc7984b44e734757b25eea,3.318
DSY1,semi,run_1506,stress16,6.2866920665226385,7.327960484063865,2.5822380381929033,189.673299274303,0.3538022528888858,0.2874668373726368,0.1967792742001886,0.1471820880565589,0.8240748358340548,0.6355675011074757,0.8989283259639178,0.0069614963780197,0.553966653681584,0.1297716817744924,vent_rotation,ok,5a4720ea56b35a0a0f40107dd3006380040f58ba5514e9f3675af09917771eee,f31a17333556b5e7ac80078ae88c99f08af5269d75a4603c4f0b36336349361c,0,9,0.3,3672,3285,1377,2.696078431372549,2.696078431372549,0.0,51.0,51.0,9,True,3.894335511982571,3.894335511982571,0.0,60.0,60.0,34,True,72,175,103,3.8943,60.0,35.548,34,True,354.9332,0.0,ece16db70c76ff3a2e6933fc12814ac9c3275a415263070d3bbbd3baf79f9bdc,3.602
DSY1,semi,run_1521,stress16,9.012734726045109,9.28296620531424,2.915879467533671,0.136299530314857,0.3824926050117646,0.1021758966296917,0.2940879731173014,0.1904610869987471,1.664067808950167,0.4572585928006668,0.8515223334861499,0.0062513542391962,0.5638087322452537,0.6878542590040975,vent_rotation,ok,219614a5c5de3fc8697531edf486b6549183a1ae82000a3438c541457ebbbe59,f31a17333556b5e7ac80078ae88c99f08af5269d75a4603c4f0b36336349361c,0,9,0.3,3672,3285,1377,1.443355119825708,1.443355119825708,0.0,39.0,39.0,4,True,1.661220043572985,1.661220043572985,0.0,48.0,48.0,11,True,11,11,0,1.6612,48.0,34.862,11,True,145.7451,0.0,f5a946f8711ff61f9a4e3c186e2205918475c2e396cc4a99e86ba702c91dacab,3.389
DSY1,semi,run_1525,random64,6.457818039323073,8.809230062809032,2.562716674463898,49.7482730803186,0.2403944250818863,0.2846260247543987,0.3217419947342414,0.1387539273115936,1.7741620338632282,0.2609813408015647,0.5792514428957727,0.0024585619456096,0.2421969198902897,0.8231806734055043,vent_rotation,ok,afb2d72f54346d5c757ff22bd3fb693244f0f77cfb8a9f8f4bc5d6114fe63227,f31a17333556b5e7ac80078ae88c99f08af5269d75a4603c4f0b36336349361c,0,9,0.3,3672,3285,1377,1.0348583877995643,1.0348583877995643,0.0,27.0,27.0,0,False,1.252723311546841,1.252723311546841,0.0,37.0,37.0,3,True,10,10,0,1.2527,37.0,33.62,3,True,25.6588,0.0,20594498a5429b741f508f1c3094c89a34a0ff4820398cb78bee9ee25c7e12cf,3.341
DSY1,semi,run_1560,random64,8.618546381821407,6.051034448405187,2.563634775254617,139.91787914607664,0.3728893152141903,0.0570155616799874,0.2154460301853953,0.1479278899395301,4.058721782989339,0.6659321263772808,0.7110283895432115,0.0073155256822709,0.1839498514363129,0.1617868224834594,vent_rotation,ok,f0c3b0b92fb746c679d6f64da8d21d6e22b06382a15d68f8ac761dd268866e57,f31a17333556b5e7ac80078ae88c99f08af5269d75a4603c4f0b36336349361c,0,9,0.3,3672,3285,1377,1.9335511982570806,1.9335511982570806,0.0,53.0,53.0,10,True,2.287581699346405,2.287581699346405,0.0,60.0,60.0,24,True,25,26,1,2.2876,60.0,35.448,24,True,72.1418,0.0,bfc990ed8842ed7475b1600c94be42733a1acc00a7347bfad5fa197c5a5eef3a,3.418
DSY1,semi,run_1586,random64,7.747757047886595,11.109613081305676,2.9866762545648577,108.774751399816,0.1181454529476654,0.1724322000054217,0.293250208478728,0.0738549335860083,1.3729096971837715,0.6260524756906012,0.790159768280496,0.0036748512051892,0.4427272594461767,0.8603068835744438,vent_rotation,ok,3b3d39d2d4737c02962dd600a4086c170fe2aca77f9eaca0b8c9e6b2a6ebb136,f31a17333556b5e7ac80078ae88c99f08af5269d75a4603c4f0b36336349361c,0,9,0.3,3672,3285,1377,0.8986928104575163,0.8986928104575163,0.0,26.0,26.0,0,False,1.3071895424836601,1.3071895424836601,0.0,37.0,37.0,2,True,14,14,0,1.3072,37.0,33.404,2,True,20.8469,0.0,499b9841fb7c6d70c4e524b478d9991190900de39af7155ff569428aee92b81b,3.261
DSY1,semi,run_1590,random64,7.984975108428764,7.272084694858215,2.9967721614941327,16.420420319362826,0.374850431931708,0.2382439942207673,0.1776304878605744,0.1160904554759672,4.877151087201141,0.6916489142509208,0.5069503827545674,0.0011912769261439,0.3291501951241186,0.2604131781675038,vent_rotation,ok,ab2aeca75423410baa3034fc3eda30df38522e9cf4e9eff7ff0704113ed1e8a5,f31a17333556b5e7ac80078ae88c99f08af5269d75a4603c4f0b36336349361c,0,9,0.3,3672,3285,1377,1.7973856209150325,1.7973856209150325,0.0,46.0,46.0,9,True,2.0969498910675384,2.0969498910675384,0.0,56.0,56.0,27,True,12,12,0,2.0969,56.0,35.52,27,True,118.5528,0.0,cc7e2e9dcac237b12b3673233da95a171008308341678ca034dd95b60ff0a071,3.346
DSY1,semi,run_1644,random64,6.39767913222991,11.797192158414513,2.8741057290164034,172.93019711264748,0.2443328744309624,0.252661328529406,0.2135477168394144,0.1397092179377648,1.093053406242568,0.5224268206844807,0.6239387086788434,0.0026953973078216,0.5019253197830181,0.9038595290358232,vent_rotation,ok,5f91628b0c4608f2185c8f8abee3867685a6394ecea04abacc1fadf1fc314a8a,f31a17333556b5e7ac80078ae88c99f08af5269d75a4603c4f0b36336349361c,0,9,0.3,3672,3285,1377,1.2799564270152506,1.2799564270152506,0.0,38.0,38.0,3,True,1.8790849673202614,1.8790849673202614,0.0,48.0,48.0,6,True,19,20,1,1.8791,48.0,34.5,6,True,74.9645,0.0,b6ea5b64f280bfde7cf3b09cc5a54d3bfcc2de522845eb28dad3964f1c5d52fd,3.447
DSY1,semi,run_1646,random64,7.704557801580717,7.128280265544657,2.985540612715578,90.2906293972771,0.2105791800179474,0.0205307922429049,0.2339133981377427,0.0889463263478779,3.2049811873074887,0.2345347956220673,0.7570779081491665,0.0090267774481236,0.1607423062503069,0.6682748532100452,vent_rotation,ok,1832c19f3778611766da3302a9f277004819945e5888df038b1b84c79dd36add,f31a17333556b5e7ac80078ae88c99f08af5269d75a4603c4f0b36336349361c,0,9,0.3,3672,3285,1377,0.9531590413943355,0.9531590413943355,0.0,25.0,25.0,0,False,1.252723311546841,1.252723311546841,0.0,35.0,35.0,1,True,14,14,0,1.2527,35.0,33.087,1,True,70.8243,0.0,6a2f01f3402bf9f38e32e01895a6a8886d74c3f16f986568921f5e9081f2f87c,3.175
DSY1,semi,run_1649,random64,9.736147602912038,10.293830928868562,2.662571832425947,261.8578276782381,0.3568398205583376,0.1736460837266733,0.0292153490257981,0.1395424927110858,3.027824367046392,0.3485365751342671,0.5736479117806575,0.0093034189208943,0.1802858271940285,0.2413181201408213,vent_rotation,ok,8e89eb4deeb7db52d208ac4a46f90bb697b0cbae4ae8d4f5ba5d33b165722cff,f31a17333556b5e7ac80078ae88c99f08af5269d75a4603c4f0b36336349361c,0,9,0.3,3672,3285,1377,1.4161220043572984,1.4161220043572984,0.0,38.0,38.0,4,True,1.7429193899782136,1.7429193899782136,0.0,50.0,50.0,10,True,17,17,0,1.7429,50.0,34.72,10,True,42.9908,0.0,313b58cb7801739995aa9233c3e826eedefca089fd4284bfdee5ef17b251c9da,3.331
DSY1,semi,run_1739,random64,7.0067584701546775,7.896320285135133,2.607552142148133,280.19987496754726,0.1450303105282448,0.1623355493384067,0.0470016966853491,0.0487067994752944,4.395256339439079,0.3917146171940208,0.4653154678313737,0.0018438971710637,0.2816835467096806,0.9364410289315754,vent_rotation,ok,6983e14d2295b0dd40a28c3369133767fc006cd3789e212aad1150f249bce7cc,f31a17333556b5e7ac80078ae88c99f08af5269d75a4603c4f0b36336349361c,0,9,0.3,3672,3285,1377,0.9531590413943355,0.9531590413943355,0.0,31.0,31.0,0,False,1.3344226579520697,1.3344226579520697,0.0,41.0,41.0,5,True,16,16,0,1.3344,41.0,33.988,5,True,35.3122,0.0,c205a80ee20b8d0a55b9a29e1493ecc4a438257c82de358121fb13fc1b9d8ceb,3.102
DSY1,semi,run_1746,random64,6.23256062077348,7.414538430795666,2.655653759263532,340.754870353403,0.13092892283432,0.2982663087100041,0.1605365316546335,0.0545709109003138,2.521385471538734,0.5672064169838165,0.8340818965891381,0.0087833495903115,0.3674619067684775,0.3091781887796459,vent_rotation,ok,e49fcfb831fe8d1c117cfbc972886ef676a4ea936c08b343c0442c993efd96b4,f31a17333556b5e7ac80078ae88c99f08af5269d75a4603c4f0b36336349361c,0,9,0.3,3672,3285,1377,1.1982570806100217,1.1982570806100217,0.0,31.0,31.0,2,True,1.4705882352941175,1.4705882352941175,0.0,43.0,43.0,5,True,16,16,0,1.4706,43.0,34.244,5,True,29.1376,0.0,3d36d6ed9471bf155edf3e4e3d67cbe40966c66148d2e97969a1c907dc0f6357,3.311
DSY1,semi,run_1748,random64,8.865043866167335,9.32232367224116,2.411805454746041,285.0228183144822,0.2601155219316617,0.0241020441173013,0.3259814484022454,0.0106359142239752,1.871163696480397,0.666161525830226,0.7796183023181407,0.0104967871326783,0.4218745196949143,0.1008415346970952,vent_rotation,ok,1628396608cbfebe500b1cfae448d56d29aa2f39d49baf975d70c8fc687b2c0d,f31a17333556b5e7ac80078ae88c99f08af5269d75a4603c4f0b36336349361c,0,9,0.3,3672,3285,1377,1.5250544662309369,1.5250544662309369,0.0,39.0,39.0,4,True,1.9607843137254901,1.9607843137254901,0.0,53.0,53.0,13,True,27,30,3,1.9608,53.0,35.049,13,True,69.574,0.0,d3b650f0fac27c37d5208a0dec43eeb48491f2f2608fd914489a50d741d96afe,3.321
DSY1,semi,run_1757,random64,8.689011587231436,9.670794600545737,2.8367080033490657,223.1820686943364,0.2790156756182473,0.233231484877794,0.2229056782795074,0.0219445143738869,2.4426468738886213,0.695436098987765,0.4138722842570862,0.0021376128078927,0.7624905536858017,0.3826218271406786,vent_rotation,ok,186983b84bb3873e2ef61f6857d1fea458a41eac65fb07e7c1c122d3f861cb78,f31a17333556b5e7ac80078ae88c99f08af5269d75a4603c4f0b36336349361c,0,9,0.3,3672,3285,1377,1.6339869281045754,1.6339869281045754,0.0,44.0,44.0,5,True,2.2603485838779953,2.2603485838779953,0.0,54.0,54.0,13,True,25,28,3,2.2603,54.0,35.174,13,True,182.299,0.0,2f5fe51caa8b7c754c8fee3bdb09d6d37d4214d4fa05227c06c841984e4cb2b0,3.325
DSY1,semi,run_1759,random64,7.770853395902289,11.734651985798616,2.640716419960252,358.1951472874119,0.2392442626409085,0.0619317660019336,0.2680148272014561,0.0713851201696387,3.692960708429269,0.309230268935296,0.8284867367488444,0.0042700449738642,0.1941970618042965,0.3098326417434174,vent_rotation,ok,e4e04a25fb2a85ca811a377d45ca05468da5a5b4bf09cc460abd2431e42c670c,f31a17333556b5e7ac80078ae88c99f08af5269d75a4603c4f0b36336349361c,0,9,0.3,3672,3285,1377,0.9803921568627451,0.9803921568627451,0.0,28.0,28.0,0,False,1.4161220043572984,1.4161220043572984,0.0,41.0,41.0,5,True,16,16,0,1.4161,41.0,33.963,5,True,30.7421,0.0,a61da9c21c3e23819e4b4aec022065cf82938ba5d60a2328c194021fc3be865e,3.279
DSY1,semi,run_1762,random64,9.10299394629691,6.779582727335279,2.989275662945607,119.36711299854213,0.2896453149172316,0.2698470947551495,0.1312331561461008,0.1120147306410807,3.947758679951738,0.3260696200660214,0.871151367818841,0.0024798400021639,0.4952905773332156,0.7995979321668514,vent_rotation,ok,2524bc0def9c7b155883f7599be18773084997fe2b104ccf72830cc1b1785c1c,f31a17333556b5e7ac80078ae88c99f08af5269d75a4603c4f0b36336349361c,0,9,0.3,3672,3285,1377,1.2254901960784315,1.2254901960784315,0.0,36.0,36.0,3,True,1.5250544662309369,1.5250544662309369,0.0,47.0,47.0,7,True,10,10,0,1.5251,47.0,34.49,7,True,71.8719,0.0,44277d639eeae319512fa4eb3736fb4e0ee1d11d6c1d0fe2b5c93ed23595b508,3.362
DSY1,semi,run_1801,stress16,6.00576001816857,7.013962111137016,2.7433188979982543,109.1497624166458,0.1602648638294917,0.1227865119203586,0.3499141985699189,0.1295636363487694,1.1038623265201388,0.6054454417845063,0.4641422082425226,0.0116755889462249,0.6213755463936661,0.0271509346069509,vent_rotation,ok,ef2dd90ef99aeda2ff2e19703d0f5d685e7983cb464b53d2e4f66b053beac484,f31a17333556b5e7ac80078ae88c99f08af5269d75a4603c4f0b36336349361c,0,9,0.3,3672,3285,1377,1.3071895424836601,1.3071895424836601,0.0,36.0,36.0,2,True,1.579520697167756,1.579520697167756,0.0,46.0,46.0,7,True,16,16,0,1.5795,46.0,34.275,7,True,80.1479,0.0,ff7b70a27660f203bb18fc3ee2a9194e24e437d273988be659d7be142c06d818,3.336
DSY1,semi,run_1809,random64,8.559445934201257,9.220111033851431,2.6174590371645094,260.51262344046665,0.1774145506572762,0.1237493562166303,0.3444827827829553,0.039503380978057,2.6965991092332593,0.3413065878960307,0.312273471145697,0.0096244804108213,0.5147813503211555,0.6028242920670521,vent_rotation,ok,123b4f4cd85516b9eb95fe592f003a48251cbfcdd1f0d70318ef4168ed36dd47,f31a17333556b5e7ac80078ae88c99f08af5269d75a4603c4f0b36336349361c,0,9,0.3,3672,3285,1377,1.0076252723311547,1.0076252723311547,0.0,32.0,32.0,2,True,1.4161220043572984,1.4161220043572984,0.0,40.0,40.0,5,True,10,10,0,1.4161,40.0,34.206,5,True,29.0862,0.0,7097e0c4bff00419569b789f290938239e763184ae29bdfd7c01156dd9aa756f,3.235
DSY1,semi,run_1813,random64,6.183853880457327,6.041757376136944,2.996197412195417,18.45093673997505,0.1269063653778326,0.2359317992988121,0.2993517751632163,0.0532381299634875,2.3671403541710943,0.2805814000617515,0.7751595903775934,0.0088623444481291,0.6776984175575665,0.513229652325849,vent_rotation,ok,a8202a08ed4715fa1596f30785e0e41f88e0947f67ba4d4db72aa0da17eee8f6,f31a17333556b5e7ac80078ae88c99f08af5269d75a4603c4f0b36336349361c,0,9,0.3,3672,3285,1377,1.0893246187363834,1.0893246187363834,0.0,30.0,30.0,2,True,1.3616557734204793,1.3616557734204793,0.0,40.0,40.0,5,True,10,10,0,1.3617,40.0,34.152,5,True,41.4271,0.0,a073f4e533475c89a826a9b8dab9053a7157a4800f8a8f91bb0f93fdc2be56a0,3.219
DSY1,semi,run_1851,random64,9.203475309979774,8.126740176489259,2.515033518371454,173.65265235192354,0.3260689792526782,0.0885557723085899,0.2437944100102807,0.0742750911743195,4.731739904063382,0.5087623134456867,0.4327765286791063,0.0083422560500987,0.7721184990131026,0.1324354075633587,vent_rotation,ok,37ed141329a5522207979dc955f72407e7ce431b61f8e90b059351ba822ba0a3,f31a17333556b5e7ac80078ae88c99f08af5269d75a4603c4f0b36336349361c,0,9,0.3,3672,3285,1377,1.4705882352941175,1.4705882352941175,0.0,41.0,41.0,4,True,1.6339869281045754,1.6339869281045754,0.0,49.0,49.0,9,True,10,10,0,1.634,49.0,34.817,9,True,94.811,0.0,ce4443b5174946c0b685a767ee52486352d5f3306eaf633496d1bb92d81d90c5,3.295
DSY1,semi,run_1864,random64,6.678309111984476,9.701169101100144,2.688116929277827,134.80691493465332,0.2652985821920491,0.20779816880664,0.234577135985692,0.1895076859779048,3.2922132632933643,0.4267807981359379,0.7891846397409084,0.0070545148468507,0.4021872024899956,0.3813972683369584,vent_rotation,ok,d41b6a8130d948fbddb1010d077f0fd9e7e8dea7b3d3806fe707523b216529d2,f31a17333556b5e7ac80078ae88c99f08af5269d75a4603c4f0b36336349361c,0,9,0.3,3672,3285,1377,1.252723311546841,1.252723311546841,0.0,35.0,35.0,2,True,1.5522875816993464,1.5522875816993464,0.0,47.0,47.0,6,True,12,12,0,1.5523,47.0,34.37,6,True,48.5859,0.0,9c02cb1aa3f1817d9fee86df30424915ab25440a2b2d450cee7b4fc6fbb19695,3.401
DSY1,semi,run_1865,random64,8.82547862022751,9.753981614836256,2.7591122341658165,157.9041342237432,0.3438813786429799,0.2158546792043205,0.2138580906954928,0.0992738610007614,2.306245853937516,0.6386320518895993,0.8154346774417618,0.0093635246799744,0.2130728999901633,0.437296282659448,vent_rotation,ok,5372082b228682635edbca6d8eb775f21f63d2ce89e1b148ce45aadcd9791136,f31a17333556b5e7ac80078ae88c99f08af5269d75a4603c4f0b36336349361c,0,9,0.3,3672,3285,1377,1.661220043572985,1.661220043572985,0.0,45.0,45.0,5,True,2.369281045751634,2.369281045751634,0.0,58.0,58.0,11,True,32,35,3,2.3693,58.0,35.0,11,True,42.0128,0.0,06e3c1e3965811bfc9016f99ac8c43fcd1ed802edebdc2e2150b944b9d86ad43,3.511
DSY1,semi,run_1866,random64,6.074547528578014,10.39441441632774,2.9074407631648413,29.82417569741127,0.3735980910175824,0.056916595305462,0.2253344693331766,0.0278639344015534,3.486301963586633,0.5140651187186196,0.6700640003904912,0.006735074923467,0.6647864729323955,0.2008978179182478,vent_rotation,ok,6adbfe3a99f6fa6e3eb699948634a5b91f8ac904cb37ed366582f248da1298b6,f31a17333556b5e7ac80078ae88c99f08af5269d75a4603c4f0b36336349361c,0,9,0.3,3672,3285,1377,1.4161220043572984,1.4161220043572984,0.0,38.0,38.0,4,True,1.6884531590413945,1.6884531590413945,0.0,49.0,49.0,15,True,11,11,0,1.6885,49.0,35.004,15,True,126.6171,0.0,5f24609e69351d5f897f97f54b5d3a4f6efe918b3b739253b06f42cca32c8f39,3.25
DSY1,semi,run_1911,random64,9.625788696509844,8.99756568811846,2.6870274763916577,51.13562564563569,0.1036336243021498,0.2691032643035131,0.2909092323704428,0.0553225405296898,0.9451537467761352,0.213096661780196,0.6746484122958563,0.0027892586699717,0.3857168502796336,0.6987056326408935,vent_rotation,ok,739913c0b3766f132e80960e8cae6718ee6a0d6bdb0e4e78b0267963488f3cc1,f31a17333556b5e7ac80078ae88c99f08af5269d75a4603c4f0b36336349361c,0,9,0.3,3672,3285,1377,0.5446623093681917,0.5446623093681917,0.0,17.0,17.0,0,False,1.1165577342047932,1.1165577342047932,0.0,31.0,31.0,1,True,11,11,0,1.1166,31.0,33.016,1,True,11.6278,0.0,7634d25a4e826c77a2c1802f40e24b988f1b5754cfa75967fbce7c0c8ef4baa2,3.312
DSY1,semi,run_1941,stress16,8.513957236747029,6.406912918790103,2.9573824657987817,227.30992581477113,0.3814391502066491,0.1130363137032005,0.3436613789388585,0.0360638430621394,3.8372150666790352,0.6925245091293201,0.8339536192169092,0.0057582855884426,0.5537019522177968,0.4107181886048088,vent_rotation,ok,e7251173ecb6ea1f12b3508cfa8290433ae9c36d14fb0d04dd56a9b868271f35,f31a17333556b5e7ac80078ae88c99f08af5269d75a4603c4f0b36336349361c,0,9,0.3,3672,3285,1377,1.9607843137254901,1.9607843137254901,0.0,52.0,52.0,19,True,2.7233115468409586,2.7233115468409586,0.0,63.0,63.0,33,True,28,31,3,2.7233,63.0,36.012,33,True,251.7457,0.0,876946e53929ae827e6808204de271685feadd599dbb11a00703fa5edb64f036,3.328
DSY1,semi,run_1952,random64,6.90071229300299,6.937283565323205,2.560373385344838,346.0353191567952,0.2877198939545087,0.2888430195687625,0.1275638899296872,0.0713325995335073,4.595601180263259,0.2098584867753312,0.4525467845450036,0.0051246806394883,0.2908505919263405,0.91113436469536,vent_rotation,ok,2400a0f5cb725ac57308a4dbd7a2c9fe338cf3b33bea0b4f2241fc4f7d6ac29b,f31a17333556b5e7ac80078ae88c99f08af5269d75a4603c4f0b36336349361c,0,9,0.3,3672,3285,1377,1.0893246187363834,1.0893246187363834,0.0,31.0,31.0,2,True,1.3071895424836601,1.3071895424836601,0.0,40.0,40.0,5,True,8,8,0,1.3072,40.0,34.115,5,True,54.3838,0.0,2f4eebcc24fb2bde2c917963ffede07434607e7ac5f51ad59e719e96bad5f973,3.217
TMYx,semi,run_0000,stress16,8.290452087902889,9.418683364680744,2.7012424206240264,22.194473754769316,0.1796358733978168,0.0781535347590126,0.0281263147984265,0.1023603238909987,3.7187309613713815,0.2848874035155261,0.8851887605927302,0.0041794027925613,0.4679746472079719,0.7780886191933646,attic_party,ok,f79ba77aa97756d502a9eb4dba07c4435525560ab5b5f8f05508816a33607a0c,a7676adf7325bfb343f6c417192d290b066bce867e21167f03dea860d196b49e,0,8,0.3,3672,3285,1377,0.0,0.0,0.0,0.0,0.0,0,False,0.13616557734204793,0.13616557734204793,0.0,9.0,9.0,0,False,2,2,0,0.1362,9.0,29.768,0,False,48.414,0.0,8c4cf36aa8eaa61f9060fc1f286b8f619f3795e98cbdaeb851b54aae04b8ca6d,3.26
TMYx,semi,run_0015,random64,7.108611475128714,6.493256650172337,2.557740067304502,196.7752575852872,0.3508426889305577,0.0691978473194322,0.1775662031153719,0.1504932433886532,1.1382521186428864,0.3634006054515437,0.3251097153924657,0.0053423127877505,0.7756179975255327,0.2215221883714765,attic_party,ok,963fe809a65c98e5873ac26b733cc3fc29ec31572413aec80a3cf1f4704b33ea,a7676adf7325bfb343f6c417192d290b066bce867e21167f03dea860d196b49e,0,8,0.3,3672,3285,1377,0.027233115468409588,0.027233115468409588,0.0,4.0,4.0,0,False,0.13616557734204793,0.13616557734204793,0.0,8.0,8.0,0,False,0,0,0,0.1362,8.0,29.749,0,False,277.9684,0.0,5756d2cb0aea6a98313fe10f497dbc97b276076b3e674e3c77b72ede8e04e439,2.965
TMYx,semi,run_0023,random64,8.817343277589991,7.85539369563051,2.609145431853368,18.96253427869918,0.1742793412258079,0.1120027552699704,0.044072150885244,0.1176076252166526,3.9736567243591487,0.2414493988517185,0.6054915605613544,0.0048067660451242,0.6942537640069445,0.341692810129729,attic_party,ok,17990450f8d56c03f878d169091d45d4aec7fda994849157c7c1aea4f773c9ef,a7676adf7325bfb343f6c417192d290b066bce867e21167f03dea860d196b49e,0,8,0.3,3672,3285,1377,0.0,0.0,0.0,0.0,0.0,0,False,0.054466230936819175,0.054466230936819175,0.0,5.0,5.0,0,False,0,0,0,0.0545,5.0,29.248,0,False,47.4314,0.0,3692f591ff06e45d68fbfd08284c1a719915925ed0de16db22b46e61a80d4a3b,3.258
TMYx,semi,run_0029,stress16,8.203432183124272,6.408489310261017,2.8640680741404387,300.7801611485146,0.150600147289584,0.0170107318727439,0.045297803381865,0.0140947818271048,0.8776391010432707,0.6886897929854896,0.5132570934374501,0.0061052277763261,0.1044806285204754,0.4880446808864345,attic_party,ok,8771bf7142221ffe954cd3c5edb7b087e542ad958888d5aec059e7ea01e7fc8b,a7676adf7325bfb343f6c417192d290b066bce867e21167f03dea860d196b49e,0,8,0.3,3672,3285,1377,0.24509803921568626,0.24509803921568626,0.0,8.0,8.0,0,False,0.789760348583878,0.789760348583878,0.0,16.0,16.0,0,False,29,29,0,0.7898,16.0,30.752,0,False,41.6369,0.0,466d68dab6eefd8d7c82c30f97f9d337c23b21db2373000cae98808d105d35ad,3.185
TMYx,semi,run_0044,random64,6.030500032924129,7.408960521416061,2.7665628390675407,74.51262954714856,0.1781833985308706,0.2384489935374365,0.232027349722457,0.1662308275216616,3.706446374343945,0.2801471059994515,0.6879618953548321,0.0077865334940022,0.7588555884014518,0.4235989701065071,attic_party,ok,f6218e5b9b2563150efd9b87be26140953628f28da23afeb946ea4e93f8732a0,a7676adf7325bfb343f6c417192d290b066bce867e21167f03dea860d196b49e,0,8,0.3,3672,3285,1377,0.0,0.0,0.0,2.0,2.0,0,False,0.054466230936819175,0.054466230936819175,0.0,4.0,4.0,0,False,0,0,0,0.0545,4.0,29.168,0,False,55.8149,0.0,4dad2be35a16b7d255daeb0c03f746b18ffb8a9b7fc436e2440d382f82f1f205,3.247
TMYx,semi,run_0063,random64,6.5621292372608675,6.65259707923012,2.866440977345775,291.8921029230811,0.2605908839526111,0.2904109892395112,0.2396360333811598,0.1130099666030276,4.144587096716162,0.654011275402036,0.4712269209763924,0.0014834559152219,0.54773627340295,0.5710594819740411,attic_party,ok,990d369523f52869615842e49bb457a28b9f3bc76330d39eb12097bd77c86a95,a7676adf7325bfb343f6c417192d290b066bce867e21167f03dea860d196b49e,0,8,0.3,3672,3285,1377,0.2178649237472767,0.2178649237472767,0.0,9.0,9.0,0,False,0.5718954248366013,0.5718954248366013,0.0,12.0,12.0,0,False,1,1,0,0.5719,12.0,30.629,0,False,201.917,0.0,58928cfac84325d0034de9e0f2f714b5a2f53ff44a530c425f1d12f1a3987e0f,3.305
TMYx,semi,run_0092,random64,9.93309790699963,8.182296197308714,2.457461454626565,111.121424386233,0.215416840146493,0.1614784962457293,0.2067813187440635,0.1045840336851818,2.5155012564866768,0.5247084843418965,0.6042830658593564,0.0091103599680866,0.403724911359604,0.9002186637947126,attic_party,ok,5aff92d2be036ad0b1c08c177c33100be5d2193e9ca65b3f4a878ed5aee3a368,a7676adf7325bfb343f6c417192d290b066bce867e21167f03dea860d196b49e,0,8,0.3,3672,3285,1377,0.0,0.0,0.0,2.0,2.0,0,False,0.08169934640522876,0.08169934640522876,0.0,5.0,5.0,0,False,0,0,0,0.0817,5.0,29.42,0,False,43.4904,0.0,2acc3a80ef8709dfd79557cfaf99b7350a43f2a9b55b6bfa8c5984549d7fd0f0,3.237
TMYx,semi,run_0095,random64,6.3624501841932375,11.842510228563462,2.491939053622874,295.7462251283733,0.2198554630131667,0.0400359318923531,0.1494445134899256,0.1850285440940413,4.185455890408224,0.5956563840158877,0.8831696681502195,0.0061710397040376,0.4456313827570233,0.3457178036598204,attic_party,ok,59a4aa908dadba45d1faa491a3ea87f6e96d7fad2654429670c895dd0e0cab4b,a7676adf7325bfb343f6c417192d290b066bce867e21167f03dea860d196b49e,0,8,0.3,3672,3285,1377,0.054466230936819175,0.054466230936819175,0.0,5.0,5.0,0,False,0.32679738562091504,0.32679738562091504,0.0,11.0,11.0,0,False,2,2,0,0.3268,11.0,30.156,0,False,63.4987,0.0,0a49afb1d8fa0471c53a440ae5a54819cec4a21cf3d9825f591e05e5b59083be,3.353
TMYx,semi,run_0132,stress16,9.299175482807073,9.44472107084308,2.6246307962624016,120.97695746647544,0.359724968552603,0.1373453664935816,0.0250244188438973,0.1090851112819592,4.432529714102253,0.6489282768966091,0.8546248700739805,0.0100735542076731,0.2380461443404612,0.205503238738427,attic_party,ok,4e32e61c1adedbd5a6fd8e5c84c1b227d8e0697b025e913ece9cf70a2fb241f0,a7676adf7325bfb343f6c417192d290b066bce867e21167f03dea860d196b49e,0,8,0.3,3672,3285,1377,0.2995642701525054,0.2995642701525054,0.0,12.0,12.0,0,False,0.9531590413943355,0.9531590413943355,0.0,21.0,21.0,0,False,9,9,0,0.9532,21.0,31.286,0,False,75.5035,0.0,968a1cb7788257a2e873c6c4211142882002c29a738a3d850e3e63039b28f885,3.298
TMYx,semi,run_0169,random64,7.695473365435487,11.227744275625916,2.4943900256809504,33.74614022217156,0.1572306658104784,0.0421425997389778,0.1619378594004896,0.0133961689752927,3.577533400781542,0.3919625146305164,0.533438368709399,0.0108911883433449,0.1066031747510421,0.8986530703328954,attic_party,ok,05c26613a2172ae76fd5578ed22100667eac445ddb606f5001278b6cc8e65c94,a7676adf7325bfb343f6c417192d290b066bce867e21167f03dea860d196b49e,0,8,0.3,3672,3285,1377,0.0,0.0,0.0,0.0,0.0,0,False,0.0,0.0,0.0,0.0,0.0,0,False,5,5,0,0.0,0.0,28.851,0,False,31.299,0.0,4e8ff06b400019edc860f3ea17a3afdc1b9e4864127c688cd6058af5d3da757f,3.067
TMYx,semi,run_0171,random64,7.494809621295749,11.22002626611558,2.7470227147731485,103.10589157010632,0.254781411116087,0.1019944879351144,0.3370655776713539,0.0445047342704688,4.389418546125397,0.6060268646263012,0.3276582681904973,0.005932140031043,0.3357054429082935,0.5638512940204532,attic_party,ok,5ec3d29a440359f89cd68f59ae43d0005fd5141887f1cd39d0283ae04e0d3108,a7676adf7325bfb343f6c417192d290b066bce867e21167f03dea860d196b49e,0,8,0.3,3672,3285,1377,0.0,0.0,0.0,4.0,4.0,0,False,0.10893246187363835,0.10893246187363835,0.0,8.0,8.0,0,False,0,0,0,0.1089,8.0,29.69,0,False,50.1859,0.0,0a4dd8d34afb9c69bd5f90a2040981822389aa29dcb01ed90852225bb51bb51c,3.183
TMYx,semi,run_0172,random64,9.655340429240898,7.24820416689231,2.42469543122848,172.6245737256148,0.1639874631194922,0.1196870715518636,0.3172583437442636,0.1578098077295352,0.9402029258114942,0.4028680909098489,0.8765797877084602,0.0023588769593888,0.2060066547113198,0.3409010096267915,attic_party,ok,54e120f320290e42c3440b1e785a9c068dc25751c39ebc73dbb582048ab4a87c,a7676adf7325bfb343f6c417192d290b066bce867e21167f03dea860d196b49e,0,8,0.3,3672,3285,1377,0.0,0.0,0.0,0.0,0.0,0,False,0.0,0.0,0.0,3.0,3.0,0,False,2,2,0,0.0,3.0,29.098,0,False,17.2315,0.0,6dda881993791e88253677a0cbf5b5319d4a05cbb3377770de712f28304d6f89,3.372
TMYx,semi,run_0189,random64,8.854541179080801,10.452603750516715,2.9188006260871417,67.8876582569418,0.3641510351705923,0.0892540763860939,0.3097302387013971,0.1440692649228458,2.707948972652005,0.2832682627500669,0.6646816722211282,0.0103303899374604,0.1290129201750531,0.0948871124029668,attic_party,ok,f57ab24bffea2f0a5fcd3532e70ac7af500141fe4cc0f226c474730c5c012d8b,a7676adf7325bfb343f6c417192d290b066bce867e21167f03dea860d196b49e,0,8,0.3,3672,3285,1377,0.0,0.0,0.0,3.0,3.0,0,False,0.16339869281045752,0.16339869281045752,0.0,9.0,9.0,0,False,1,1,0,0.1634,9.0,29.749,0,False,38.8005,0.0,7947bb005a21a95b0de7e4c8e23a262f3bb93f1b668a4e5dcf333143115222c9,3.192
TMYx,semi,run_0203,random64,7.977123523285825,8.285263931205199,2.712837171815562,89.35419205267758,0.1358151170477194,0.188340689716523,0.0697252800449031,0.1120892354037314,1.7190015052738117,0.5071421704296211,0.5490554865529775,0.0022577353970723,0.6310346873260598,0.5050302275796102,attic_party,ok,0a1d77408c57ded2aaf37cec87206d9ed30821ccfae4c2d9ec274344a95914aa,a7676adf7325bfb343f6c417192d290b066bce867e21167f03dea860d196b49e,0,8,0.3,3672,3285,1377,0.0,0.0,0.0,0.0,0.0,0,False,0.08169934640522876,0.08169934640522876,0.0,5.0,5.0,0,False,0,0,0,0.0817,5.0,29.311,0,False,45.6164,0.0,310398f36f4b0b64a39e6d32e062a75245692eeb890333b8df97b1197f0bbaa0,3.166
TMYx,semi,run_0208,random64,7.080933225138338,8.151979458855823,2.6146631258077835,109.77210266794091,0.1350633821387371,0.2826211130453059,0.3158693984636647,0.1010376581025481,1.0331012809233195,0.4004981292509733,0.7085516862951541,0.001430792206345,0.6109790032078951,0.401205105008072,attic_party,ok,7cf2393d0237edb917b8bebc49194f494edc78e38ea97528398f1800e9d781ef,a7676adf7325bfb343f6c417192d290b066bce867e21167f03dea860d196b49e,0,8,0.3,3672,3285,1377,0.0,0.0,0.0,0.0,0.0,0,False,0.0,0.0,0.0,4.0,4.0,0,False,0,0,0,0.0,4.0,29.05,0,False,53.3497,0.0,1b6a63066be7669d85fc56c9d291aa6a68ff011fcf5c5d95fcc52f574599f8b5,3.502
TMYx,semi,run_0239,stress16,8.966408949597819,7.177231125441284,2.4933678450716044,17.389312189459034,0.33924506984946,0.1909431656003543,0.2552562075773003,0.1590237503532047,0.8661594681833358,0.6951609206290856,0.8620318201574801,0.0106498566496832,0.1330127200193476,0.4051665189182183,attic_party,ok,c649a858fce9a5355875652be7a642ca1d6fa5653b351629a0972bf41f4913b2,a7676adf7325bfb343f6c417192d290b066bce867e21167f03dea860d196b49e,0,8,0.3,3672,3285,1377,0.6263616557734205,0.6263616557734205,0.0,14.0,14.0,0,False,1.443355119825708,1.443355119825708,0.0,20.0,20.0,0,False,22,120,98,1.4434,20.0,31.266,0,False,48.9193,0.0,a3944488d349996efae3f015bb40e04c64c7b5b88a042ac678e12ff96d63e18e,3.557
TMYx,semi,run_0241,stress16,8.986985502735077,6.370726990713231,2.8262969611987976,288.55522855132386,0.3577817612158999,0.1857466310998697,0.1900534041160908,0.1183127038015254,1.180262981894609,0.5586107918959073,0.4841391966636397,0.0026352311391234,0.7606078576767147,0.3295277351670737,attic_party,ok,5f37f8946a506147a7cac08d67fae25d6f1c3af46422e35157e3bd28c38fe269,a7676adf7325bfb343f6c417192d290b066bce867e21167f03dea860d196b49e,0,8,0.3,3672,3285,1377,0.4629629629629629,0.4629629629629629,0.0,13.0,13.0,0,False,0.9531590413943355,0.9531590413943355,0.0,20.0,20.0,0,False,7,43,36,0.9532,20.0,31.171,0,False,587.5747,0.0,4620f5215b8f2b3d9ee878dfe02d28fe58aa7feb00a3f107b145a44a3889c681,3.475
TMYx,semi,run_0298,random64,8.332008660398749,7.514114819729058,2.5770632840161176,32.65999947584161,0.3675082359468328,0.2612870512859359,0.1947062270800404,0.092184612395228,2.2327759245070897,0.4154681534695688,0.4491901728869033,0.0031863362642622,0.2918284207024562,0.3945965827764047,attic_party,ok,40a0d260bae5d91cf8f1d317a65473c3429ddeaded49fd08b395190a711675fe,a7676adf7325bfb343f6c417192d290b066bce867e21167f03dea860d196b49e,0,8,0.3,3672,3285,1377,0.054466230936819175,0.054466230936819175,0.0,4.0,4.0,0,False,0.2995642701525054,0.2995642701525054,0.0,11.0,11.0,0,False,0,0,0,0.2996,11.0,30.193,0,False,72.0047,0.0,1b7661b8291dbc1ef1ddd9dae5b249592a01b8fc6afb4f44b2ec8f3336301b00,3.286
TMYx,semi,run_0302,random64,6.464886681198625,6.461232658039725,2.595607139740693,200.15410369855252,0.1048401522366748,0.0500529154312022,0.2464765860508568,0.138708672410398,1.0994929560158817,0.5957829612933677,0.6712389000184744,0.0114188958123249,0.5764259455075901,0.8590859386058312,attic_party,ok,fbf57d408f1a817de7c8da371221a4970225b2774503f632b46fb7e47f85c453,a7676adf7325bfb343f6c417192d290b066bce867e21167f03dea860d196b49e,0,8,0.3,3672,3285,1377,0.0,0.0,0.0,0.0,0.0,0,False,0.0,0.0,0.0,3.0,3.0,0,False,0,0,0,0.0,3.0,29.171,0,False,42.3943,0.0,6d31f453ae6f4f48b34aae2ca5409ce8f1516757f863fadc5bf075e9039d2160,3.318
TMYx,semi,run_0421,random64,7.259944904757417,9.95766854175178,2.9168650187863294,194.2486599421907,0.3312206235671143,0.0946711362366577,0.2923395976811948,0.0428674051588782,2.175209421544923,0.3660505438690433,0.3166605386628426,0.005912152362126,0.7213775997545232,0.4076882356228147,attic_party,ok,5de90f85e3ff6bddf286f10dfb6b6cf939c3b3dac208f7699e76a35a34f4295c,a7676adf7325bfb343f6c417192d290b066bce867e21167f03dea860d196b49e,0,8,0.3,3672,3285,1377,0.0,0.0,0.0,3.0,3.0,0,False,0.08169934640522876,0.08169934640522876,0.0,6.0,6.0,0,False,0,0,0,0.0817,6.0,29.528,0,False,129.6761,0.0,31b91acbd30ad7521b972afb6bbb479a7f2d1c693e4743a7e702b77f1d736cb6,3.237
TMYx,semi,run_0456,random64,7.235653346407408,11.709367776516928,2.5247172842449146,164.85689193046983,0.316903563356449,0.2724207622108091,0.0275777940548623,0.1306855280144903,4.841830387386058,0.3607166626987048,0.7357196636648353,0.0087398255812502,0.7615723805690275,0.6784222436994939,attic_party,ok,c073561a97168195363ca975255344e51e22d1e76666d1187b29229fbc1fc3bc,a7676adf7325bfb343f6c417192d290b066bce867e21167f03dea860d196b49e,0,8,0.3,3672,3285,1377,0.0,0.0,0.0,2.0,2.0,0,False,0.10893246187363835,0.10893246187363835,0.0,7.0,7.0,0,False,1,1,0,0.1089,7.0,29.69,0,False,74.9591,0.0,47bda21e6e566c150c6c4a8ab3cb298efc707f4c868a9d9e8e174740aa296b9e,3.189
TMYx,semi,run_0492,stress16,8.550782772522515,11.776115421222215,2.699213296519177,334.2020798495306,0.3999904372395374,0.0206995492983702,0.0607249068429463,0.0682232294671505,1.1214548050257498,0.6419965380885064,0.7204194426782291,0.0073087888941234,0.247223981405377,0.2972364509554138,attic_party,ok,9e9bf465798f376b4a44004e1bec8c0f222e75ed52706fc864b6ae0e243b8e70,a7676adf7325bfb343f6c417192d290b066bce867e21167f03dea860d196b49e,0,8,0.3,3672,3285,1377,0.5446623093681917,0.5446623093681917,0.0,14.0,14.0,0,False,1.3344226579520697,1.3344226579520697,0.0,22.0,22.0,0,False,12,13,1,1.3344,22.0,31.457,0,False,88.9329,0.0,dfc780baa6098dc6e8bffda0862d747f946d28dfb4c4a79de00df9776efbaebf,3.427
TMYx,semi,run_0499,random64,7.858804507830091,10.349836369453136,2.532898445475049,95.20960247737294,0.2105308086928702,0.2661776403887546,0.202952619776223,0.042630729895842,4.479626527348435,0.5735404220619731,0.7008795170704228,0.0036983473818156,0.1567476492121556,0.6596289751233395,attic_party,ok,b41f7f7ca623fa1501b7823647bdd1645b7c95dfb9cac05009a1794cc1ec37b4,a7676adf7325bfb343f6c417192d290b066bce867e21167f03dea860d196b49e,0,8,0.3,3672,3285,1377,0.0,0.0,0.0,0.0,0.0,0,False,0.10893246187363835,0.10893246187363835,0.0,5.0,5.0,0,False,2,2,0,0.1089,5.0,29.66,0,False,25.8867,0.0,d6a25a802290f684c39bf7dd0ec7d921dea31673dcc445411e4916c5d7509eab,3.24
TMYx,semi,run_0500,random64,9.82451369711319,10.845295277018504,2.7073204009582628,108.9848566026068,0.2404164756163604,0.2191691030494161,0.3170431197618952,0.1101248845957577,4.246097291116642,0.3146179268775989,0.8846779164318552,0.002952629013426,0.3985480745890861,0.6671409251817507,attic_party,ok,72335f127ca7ab94e52963c520439c9df2c3a250d57b93147d7314bfb2afda68,a7676adf7325bfb343f6c417192d290b066bce867e21167f03dea860d196b49e,0,8,0.3,3672,3285,1377,0.0,0.0,0.0,0.0,0.0,0,False,0.054466230936819175,0.054466230936819175,0.0,4.0,4.0,0,False,0,0,0,0.0545,4.0,29.173,0,False,36.5437,0.0,4b9be2980cbcd3c952c5e4e981dd6ce066f75dd2b42a0bb4029b82c0651ec39a,3.408
TMYx,semi,run_0628,stress16,9.72733840356107,7.8427669792229615,2.5924321527735392,359.8933269015914,0.3529783862372112,0.0761779621335445,0.3273904561993191,0.0824461595128538,3.4708268892998255,0.3251799736172571,0.3503616556392233,0.0015213312741712,0.7206263247604744,0.7182250817689112,attic_party,ok,92709a7eaf89e6e85585737eee865f5e560389d5b20253ffd7ffcbf70fada85c,a7676adf7325bfb343f6c417192d290b066bce867e21167f03dea860d196b49e,0,8,0.3,3672,3285,1377,0.0,0.0,0.0,2.0,2.0,0,False,0.08169934640522876,0.08169934640522876,0.0,5.0,5.0,0,False,0,0,0,0.0817,5.0,29.499,0,False,65.9199,0.0,664e7ef18657ff5321e63972e3647e6f70dcbc597cd0c186dda70257b4b8826c,3.177
TMYx,semi,run_0745,random64,9.403992115334937,8.48512079989969,2.7038151450428907,145.5310132662222,0.2567053419094268,0.2898505421920269,0.0488499881238593,0.1014932783378585,1.1571722700731573,0.4833947498367663,0.8213087990653432,0.008725404304492,0.7657037313194129,0.8876906018863312,attic_party,ok,a36c5747d799be797cc590e4a73da24e95944205056e901b8420fa9c0ceb2ebf,a7676adf7325bfb343f6c417192d290b066bce867e21167f03dea860d196b49e,0,8,0.3,3672,3285,1377,0.0,0.0,0.0,3.0,3.0,0,False,0.13616557734204793,0.13616557734204793,0.0,10.0,10.0,0,False,1,1,0,0.1362,10.0,29.884,0,False,117.0931,0.0,ed1fdb068e4422ce542de4669becbf43f4d0377e63453896de8f38a40fb254e3,3.289
TMYx,semi,run_0768,stress16,6.634637881940697,11.603463379949876,2.9452065682690702,7.656125949492523,0.3673240508605883,0.0703946751822334,0.0882239068606324,0.0721394554328508,0.8794108960838816,0.6853284584119119,0.8495356125752638,0.0109339718263157,0.2996274968959122,0.0483529411528591,attic_party,ok,3480178bcbe84a0670dd2a638941ccc39934ba3b9860a357816aa49be4ec9e80,a7676adf7325bfb343f6c417192d290b066bce867e21167f03dea860d196b49e,0,8,0.3,3672,3285,1377,0.5718954248366013,0.5718954248366013,0.0,14.0,14.0,0,False,1.5250544662309369,1.5250544662309369,0.0,22.0,22.0,0,False,13,26,13,1.5251,22.0,31.585,0,False,136.5966,0.0,339e675dfe14eaee7445021b44a164df3ba7a5532c77e3a9a31d66404e25bec2,3.449
TMYx,semi,run_0785,random64,8.940781628092497,8.940854789499578,2.71333172432655,21.027453984889203,0.3107729422642821,0.2659499439488594,0.1570556761118805,0.0362424341838409,3.092059615457477,0.5972727377148599,0.3537591526886088,0.010305774523266,0.4150422534097331,0.1795157167910107,attic_party,ok,53985a1d6e3380d8cdc950abaa93be0c54bec4a3aa8f4111a9fc88d97acafe63,a7676adf7325bfb343f6c417192d290b066bce867e21167f03dea860d196b49e,0,8,0.3,3672,3285,1377,0.054466230936819175,0.054466230936819175,0.0,5.0,5.0,0,False,0.32679738562091504,0.32679738562091504,0.0,11.0,11.0,0,False,0,0,0,0.3268,11.0,30.254,0,False,81.544,0.0,2888c046272347f092bdf2644907b565d814a8699dbf7ed913764923defc5425,3.284
TMYx,semi,run_0788,random64,8.782009887322488,9.886407966385462,2.689241045237277,165.79600971047623,0.1806222296930827,0.0350189214807997,0.2624851560323494,0.0761344647472262,0.8504742135136384,0.5569179194726575,0.8553784108853641,0.0092759304403749,0.5281861664355341,0.2100976052058908,attic_party,ok,835cd8188757c43903f963069c690a970fe806933fd41d8ec21aef8c68710f23,a7676adf7325bfb343f6c417192d290b066bce867e21167f03dea860d196b49e,0,8,0.3,3672,3285,1377,0.0,0.0,0.0,0.0,0.0,0,False,0.054466230936819175,0.054466230936819175,0.0,5.0,5.0,0,False,0,0,0,0.0545,5.0,29.517,0,False,53.2045,0.0,d00d2530acf0d40e85e301a3f8610aa62c98b5049d9493f110957ebdb1e3b447,3.25
TMYx,semi,run_0821,random64,8.168610103195812,6.295910082319626,2.44919521726831,83.16215592635217,0.1633699932395152,0.2793528873688088,0.3075031868920546,0.1071356027635634,4.694512503188105,0.3195967627738837,0.4662343120140395,0.0025933405746935,0.4004795609820039,0.9249981780019016,attic_party,ok,2cae23e4c36a0e6ca8ae99a115c2eda782263e9b2f6fd06dc94b231d6749270f,a7676adf7325bfb343f6c417192d290b066bce867e21167f03dea860d196b49e,0,8,0.3,3672,3285,1377,0.0,0.0,0.0,0.0,0.0,0,False,0.0,0.0,0.0,3.0,3.0,0,False,0,0,0,0.0,3.0,28.968,0,False,36.3668,0.0,6e2c6a6a561f575e51c3b6bd3a67f59db67c8ecc204a0924da308442675d2344,3.167
TMYx,semi,run_0833,random64,6.881397296298271,10.882836593895547,2.866583637518168,115.0820265960748,0.2101446861231999,0.1571910951166595,0.0991883520257245,0.1038913954908974,2.054872833294584,0.31784047548047,0.3619575529089111,0.0100872283500496,0.3785981589568508,0.1448921445221051,attic_party,ok,d1abb3b057cb8152986f1b52e1fb30fd1e08fd17e2419935b429258f9a1e746a,a7676adf7325bfb343f6c417192d290b066bce867e21167f03dea860d196b49e,0,8,0.3,3672,3285,1377,0.0,0.0,0.0,0.0,0.0,0,False,0.0,0.0,0.0,3.0,3.0,0,False,0,0,0,0.0,3.0,29.031,0,False,37.4943,0.0,321957e230e3aa80cb76308c242567979db785e82cb4c6b40ae9ac8d774b1784,3.183
TMYx,semi,run_0841,random64,8.367547204965499,7.256923551190713,2.9918995286847547,209.09780783784907,0.2412457505801208,0.2385274524029789,0.0999052231342154,0.0327496438192871,4.272186592040046,0.5573251812470255,0.5047083796199578,0.0034639552327845,0.6468288498143069,0.6883388060301502,attic_party,ok,983117d4b0fad2e3bdeb6629bc933686cedfe0cc096216708bf0e5dedaa190c5,a7676adf7325bfb343f6c417192d290b066bce867e21167f03dea860d196b49e,0,8,0.3,3672,3285,1377,0.027233115468409588,0.027233115468409588,0.0,4.0,4.0,0,False,0.10893246187363835,0.10893246187363835,0.0,8.0,8.0,0,False,0,0,0,0.1089,8.0,29.754,0,False,101.8455,0.0,4950449eef4fc7e32a73130af6878226669cb7d27055715eb3528cb09dda5aee,3.19
TMYx,semi,run_0844,random64,8.746712419323499,8.255288205551997,2.8301858731668736,119.6183960439886,0.1994819192503905,0.27254785547391,0.0411225287078061,0.1609877938402135,1.483139363161183,0.3044285647779056,0.8800589857851471,0.0064660006290998,0.7491636968151721,0.9819550749784538,attic_party,ok,6b2b5ec2b240ae301516b97c567132d9803683fd4ae88d9d67517f4718afa961,a7676adf7325bfb343f6c417192d290b066bce867e21167f03dea860d196b49e,0,8,0.3,3672,3285,1377,0.0,0.0,0.0,0.0,0.0,0,False,0.08169934640522876,0.08169934640522876,0.0,6.0,6.0,0,False,1,1,0,0.0817,6.0,29.649,0,False,66.5011,0.0,94960da3e252e426804bcb321f3f2efcc1f5a408957f68e26c6481a8af6dddf3,3.278
TMYx,semi,run_0887,random64,9.484724765067508,11.174464591770498,2.414911442203662,229.80644996404757,0.2796275305540545,0.0758284244041909,0.2896741830836959,0.1751072335090888,1.6995338270119895,0.3107776781053267,0.4257006634020504,0.0114970329370951,0.491908950611397,0.9890734482016346,attic_party,ok,0472251ea56ef8c6b1f0e2062159f4341bfaeb8f437952bb14951f094bac0e2c,a7676adf7325bfb343f6c417192d290b066bce867e21167f03dea860d196b49e,0,8,0.3,3672,3285,1377,0.0,0.0,0.0,0.0,0.0,0,False,0.0,0.0,0.0,4.0,4.0,0,False,0,0,0,0.0,4.0,29.052,0,False,43.6326,0.0,e22161b5b69078a1d40a5e69351b4248540421845b20287a2258dfd1d28f114c,3.212
TMYx,semi,run_1025,stress16,6.001988515451892,8.013747343359917,2.712128069948224,187.7230485160186,0.3988100711297681,0.0143824485162627,0.2716513893534522,0.0592134160641791,2.773734982619098,0.4008863300303726,0.4244523072802022,0.0086936739506271,0.2466612679915689,0.5322139386093038,attic_party,ok,6b5e83e2df233657055f6fee06419f173124d88ff4d972ade31e629f801ad567,a7676adf7325bfb343f6c417192d290b066bce867e21167f03dea860d196b49e,0,8,0.3,3672,3285,1377,0.0,0.0,0.0,4.0,4.0,0,False,0.1906318082788671,0.1906318082788671,0.0,7.0,7.0,0,False,0,0,0,0.1906,7.0,29.857,0,False,80.0408,0.0,9333876bebe67c7ad28d5c3ace2158e01f802b8f210a6afb598db2894cb743af,3.163
TMYx,semi,run_1083,random64,8.454517480509306,7.606900202320765,2.5501477925335045,241.34481889977465,0.2891208841498976,0.1515706845674109,0.1605073890215713,0.1607015551309144,1.101558526110067,0.2140821822715956,0.8767854811568954,0.0117808467129899,0.4181305553407746,0.979553351344094,attic_party,ok,d98675d846d308fb9550feb772e72397a9b45185436b06edac6988c6a66b86aa,a7676adf7325bfb343f6c417192d290b066bce867e21167f03dea860d196b49e,0,8,0.3,3672,3285,1377,0.0,0.0,0.0,0.0,0.0,0,False,0.054466230936819175,0.054466230936819175,0.0,4.0,4.0,0,False,0,0,0,0.0545,4.0,29.191,0,False,55.5273,0.0,6ce4110837182d175133f370591991dad8ee35a35036c99942cf37ce83fb730b,3.284
TMYx,semi,run_1093,random64,8.002380628505447,10.166259736812894,2.8796333119979427,171.23898423952662,0.100090185215434,0.0543938555226989,0.0270087812313298,0.0755226196018769,1.8235443611211988,0.386033384594613,0.8407906551118343,0.0050274494110316,0.354654458456868,0.9837284633011107,attic_party,ok,8feac13e45d6a8dd7d790c85943faf37853259e5f2d77d65184c862ae717560a,a7676adf7325bfb343f6c417192d290b066bce867e21167f03dea860d196b49e,0,8,0.3,3672,3285,1377,0.0,0.0,0.0,0.0,0.0,0,False,0.10893246187363835,0.10893246187363835,0.0,6.0,6.0,0,False,6,6,0,0.1089,6.0,29.403,0,False,38.3428,0.0,c370a928ff67bf1bfb4f24ecd3588490d7856da7d1e6778ebc42b098d4b3dbdd,3.125
TMYx,semi,run_1130,random64,9.188456848978468,11.639043127509634,2.559744911138821,29.410840417817724,0.1117948532135704,0.2858457406091068,0.2595794543528447,0.1999165833637279,1.1743911222239498,0.471472375004214,0.5367601190449024,0.0117616437190273,0.2970725510522888,0.433698314360111,attic_party,ok,e75f15430d42878640afcb9dac4fa3d6f3c2e9de87668c7ceb8cbfe58de336cc,a7676adf7325bfb343f6c417192d290b066bce867e21167f03dea860d196b49e,0,8,0.3,3672,3285,1377,0.0,0.0,0.0,0.0,0.0,0,False,0.0,0.0,0.0,0.0,0.0,0,False,2,2,0,0.0,0.0,28.815,0,False,9.5497,0.0,b3391f93098606482b98a0086b49d1a5dfe2b1c6034a6c625b89d8d6b74f8b85,3.389
TMYx,semi,run_1192,random64,6.574979979831511,11.394826702694091,2.6678524442714378,83.01673689334608,0.3565625542057532,0.2467632876240327,0.0518339126921443,0.087289463380345,1.2028290993735582,0.4784511509089152,0.6693643480800702,0.0064013535611167,0.4547676125272111,0.8704605859623464,attic_party,ok,4ca3e98fb07785846d20360e4c326924b33de5147ebce7713e1a47071a58f775,a7676adf7325bfb343f6c417192d290b066bce867e21167f03dea860d196b49e,0,8,0.3,3672,3285,1377,0.08169934640522876,0.08169934640522876,0.0,5.0,5.0,0,False,0.24509803921568626,0.24509803921568626,0.0,11.0,11.0,0,False,1,1,0,0.2451,11.0,30.104,0,False,100.6461,0.0,a7ae8a764ed4c29a5d6b7c6984b72028990095e59a701a746b32fa00dc38aee0,3.247
TMYx,semi,run_1197,random64,9.55307660622851,10.935446202367611,2.651431698797591,89.14333515226049,0.2043520540065082,0.2592494770209894,0.0576746329066228,0.0781157588360924,2.1857332563991227,0.2060785959940542,0.5149724560393532,0.0076651831377733,0.6733006645411621,0.4720333855727691,attic_party,ok,6149e2cc8fb6b72bb1dc9e10d38a096b2bcb66a53e689ab0621529ad264c8db1,a7676adf7325bfb343f6c417192d290b066bce867e21167f03dea860d196b49e,0,8,0.3,3672,3285,1377,0.0,0.0,0.0,0.0,0.0,0,False,0.0,0.0,0.0,3.0,3.0,0,False,0,0,0,0.0,3.0,28.996,0,False,35.5504,0.0,67934a3e7ea7b631e7efebf6ad647c3fa79f0019aae6dbf5c7700dcf05e9ab4b,3.233
TMYx,semi,run_1199,stress16,8.893313295309667,6.752916196560016,2.775376919971335,90.13627347871588,0.1083033134047148,0.1785539237225437,0.0601924888116002,0.0886989224971885,1.0127404186376616,0.4736069389205135,0.8365327423703692,0.0052546015723922,0.7998494879171348,0.7537545170074853,attic_party,ok,77e9a6e1922106c765e9c384e1540ccc0c68aac7a4d680d9adf2271fc20dc046,a7676adf7325bfb343f6c417192d290b066bce867e21167f03dea860d196b49e,0,8,0.3,3672,3285,1377,0.0,0.0,0.0,0.0,0.0,0,False,0.08169934640522876,0.08169934640522876,0.0,5.0,5.0,0,False,1,1,0,0.0817,5.0,29.519,0,False,52.0049,0.0,12e68639edeeeb63e8cd2e2d67cb7a4bf042bde1027d37489e1bb32ad5e8247e,3.308
TMYx,semi,run_1207,random64,9.168130791502008,9.004696072729846,2.8115599835956373,142.9180739985565,0.1284202723692254,0.1867752178704292,0.3348439656423181,0.1317711005700411,2.4118781979192816,0.4565266167997619,0.610364497850469,0.004851525079017,0.1978381158264388,0.9603135205592784,attic_party,ok,79db5c6a60847de0abd892657a810fa4b756a8957c2f07704fbb6f22858a4ee0,a7676adf7325bfb343f6c417192d290b066bce867e21167f03dea860d196b49e,0,8,0.3,3672,3285,1377,0.0,0.0,0.0,0.0,0.0,0,False,0.0,0.0,0.0,0.0,0.0,0,False,1,1,0,0.0,0.0,28.745,0,False,13.7288,0.0,456232ca10ea3791027145e2c85503bbc4b08005c7c102c15e6e18979102eda4,3.252
TMYx,semi,run_1209,random64,8.118074804521358,11.978193458414612,2.9036564697751355,244.9524063171716,0.3754156589993933,0.1220701597070463,0.1432447265725567,0.0531746170798,1.5295117539422654,0.5948510668405462,0.606964077683358,0.0056553556870505,0.480152133711234,0.6399576848879639,attic_party,ok,35b0818e4836ead4ae4741a750617c19a044178e2485cc320bf589d40cb79474,a7676adf7325bfb343f6c417192d290b066bce867e21167f03dea860d196b49e,0,8,0.3,3672,3285,1377,0.10893246187363835,0.10893246187363835,0.0,7.0,7.0,0,False,0.5446623093681917,0.5446623093681917,0.0,13.0,13.0,0,False,4,6,2,0.5447,13.0,30.513,0,False,204.1737,0.0,e6a3c9b64cee5cbe262a2e602acbb5bb04bb9ca03f717fb88ad707c49ead389e,3.31
TMYx,semi,run_1214,stress16,7.588108618860515,7.752734140780623,2.826539668699661,130.3981801828211,0.3484607578703986,0.1342467316483606,0.1687813557233073,0.1611491128809359,1.000533177193956,0.6979521394451516,0.3042607275737717,0.007184911846836,0.7742265557708546,0.5938512492331808,attic_party,ok,2de23e61222cedf5fcb0d6d636e55dc28031bfd02c58702240f52feed63fefd1,a7676adf7325bfb343f6c417192d290b066bce867e21167f03dea860d196b49e,0,8,0.3,3672,3285,1377,0.2995642701525054,0.2995642701525054,0.0,12.0,12.0,0,False,0.4357298474945534,0.4357298474945534,0.0,13.0,13.0,0,False,12,17,5,0.4357,13.0,30.59,0,False,426.8673,0.0,250c28c71dd394db408f40de38aa29bea1ef0d7d5bf3c42583c39a9be3456899,3.362
TMYx,semi,run_1248,random64,9.06874655668104,6.39714339888123,2.4388587665273502,227.04203511645017,0.300438463458426,0.1826052445691555,0.3125340008743582,0.017922370396233,1.828155892567156,0.634732281708217,0.5900520904862452,0.0086471631277632,0.744025489137654,0.0859871297257144,attic_party,ok,d98b1d896a2616073af3917821ac18f3fa25bede3b93674596127dcdfef1a65e,a7676adf7325bfb343f6c417192d290b066bce867e21167f03dea860d196b49e,0,8,0.3,3672,3285,1377,0.2178649237472767,0.2178649237472767,0.0,9.0,9.0,0,False,0.6535947712418301,0.6535947712418301,0.0,14.0,14.0,0,False,6,9,3,0.6536,14.0,30.61,0,False,344.1431,0.0,4d6d18f674f84f71d4edab20db73bf5ea2958d83f6bbcdfd28e2ba129c0b13bb,3.346
TMYx,semi,run_1268,random64,8.672107632349496,6.077241426467557,2.800377196115221,248.79991969356283,0.3247953487491061,0.0219064414200164,0.0826480006959761,0.1562970222400376,2.814679622664271,0.6718729366355661,0.6906200825760328,0.0011846727722075,0.1220025434097146,0.2148351272313768,attic_party,ok,e54d4d5b309641e6560458cb233228a0859e5ead7e9523452d5036ebef8f0ae6,a7676adf7325bfb343f6c417192d290b066bce867e21167f03dea860d196b49e,0,8,0.3,3672,3285,1377,1.4978213507625273,1.4978213507625273,0.0,24.0,24.0,0,False,1.824618736383442,1.824618736383442,0.0,29.0,29.0,0,False,21,21,0,1.8246,29.0,31.933,0,False,64.2631,0.0,1c5089aaf5747a8abe2f3e48d40d8a60250f4d6657489b6eb5e1cdc0c16dd9ff,3.349
TMYx,semi,run_1274,random64,6.241960005906613,10.399629191334888,2.8831521889224567,182.0303542420824,0.3893387920102038,0.2765961269867158,0.2263723592999344,0.0811994462666564,1.6006253230049623,0.428158997554932,0.6483239736954343,0.0098985746010797,0.660318092457969,0.5707357570475454,attic_party,ok,2609e6e508f1b4307f53660de86610aa6a30e76880e0db93508cb895d13fa37b,a7676adf7325bfb343f6c417192d290b066bce867e21167f03dea860d196b49e,0,8,0.3,3672,3285,1377,0.027233115468409588,0.027233115468409588,0.0,4.0,4.0,0,False,0.10893246187363835,0.10893246187363835,0.0,8.0,8.0,0,False,0,0,0,0.1089,8.0,29.65,0,False,223.3678,0.0,ac765ef5e062ff8f9b707a4f6e131d5a1f1dc1f9def23e5bf1e7583160df97e8,3.335
TMYx,semi,run_1295,random64,9.700875846736846,11.393976617728896,2.625245447765509,15.055808046872396,0.1106551028886222,0.1052395899485283,0.0428257154219093,0.0339409350855904,4.282889671851096,0.2731703980561324,0.697609692323854,0.0071462703374351,0.7016648928179255,0.864958402476004,attic_party,ok,07fe1402d1c90bf3aaecaa5f5f9aefae3c0492b975f0c6b697157088cb4d8955,a7676adf7325bfb343f6c417192d290b066bce867e21167f03dea860d196b49e,0,8,0.3,3672,3285,1377,0.0,0.0,0.0,0.0,0.0,0,False,0.0,0.0,0.0,4.0,4.0,0,False,1,1,0,0.0,4.0,29.093,0,False,32.5499,0.0,1ec481b75e2e34fb4ddff2db05ae96ad00d9962f7e5557a4334829e17463f3cf,3.221
TMYx,semi,run_1311,random64,9.165362455102658,7.340987815898325,2.8133939339727108,305.0567196793675,0.1889324964091247,0.0323126599434309,0.1588020548110891,0.026092481744294,1.1716059785701818,0.6238515161870499,0.5930562544217899,0.0094844252584585,0.5560536106491164,0.7347389973183898,attic_party,ok,bca09cb64844e78913a7b850ec00c9bf3411966b2ab902022961020144b8562a,a7676adf7325bfb343f6c417192d290b066bce867e21167f03dea860d196b49e,0,8,0.3,3672,3285,1377,0.054466230936819175,0.054466230936819175,0.0,5.0,5.0,0,False,0.24509803921568626,0.24509803921568626,0.0,10.0,10.0,0,False,2,2,0,0.2451,10.0,30.039,0,False,84.5996,0.0,d3cd275e225c96c4b2f8b4504ede02c8bf51ebf589752b7869209393895aa48e,3.242
TMYx,semi,run_1388,random64,9.678814831103882,8.915890074047772,2.800541899467576,218.74280184445405,0.1098036268680505,0.2727958848646888,0.3439519392324434,0.136424623817726,2.406438737900367,0.2924614656342366,0.358399055620711,0.0107980260130701,0.4314042170048758,0.6522212139098633,attic_party,ok,e498eca7d9c7f7c9168229e5c13d8ac5a7bd6937c081315984b8c21f92e032c7,a7676adf7325bfb343f6c417192d290b066bce867e21167f03dea860d196b49e,0,8,0.3,3672,3285,1377,0.0,0.0,0.0,0.0,0.0,0,False,0.0,0.0,0.0,0.0,0.0,0,False,0,0,0,0.0,0.0,28.624,0,False,16.6137,0.0,e8a2e6c9d018ce285cbe78e473780dafc0f3295862f707ad29b5b668def7704d,3.257
TMYx,semi,run_1391,random64,9.65754037174086,7.371418965081008,2.4723911477589064,245.60981709998856,0.1947631756497077,0.2039411843608119,0.1074218120281111,0.0162622533962714,4.722810987580656,0.4500350593640352,0.4151046102651455,0.0083872118280736,0.1148113999145338,0.1106668227864503,attic_party,ok,d318ff81dd3adbc08c2832289b099df8f9688a3a61ad3c396395ede9915b8c68,a7676adf7325bfb343f6c417192d290b066bce867e21167f03dea860d196b49e,0,8,0.3,3672,3285,1377,0.0,0.0,0.0,2.0,2.0,0,False,0.24509803921568626,0.24509803921568626,0.0,8.0,8.0,0,False,4,4,0,0.2451,8.0,29.852,0,False,27.9239,0.0,6c5b632a7b2efda0dcbbb87a50bc458c0f20c6833d5b61768d37a0945cfa1b84,3.202
TMYx,semi,run_1416,stress16,7.611423563474337,8.698251521688531,2.426406411760429,121.28644403903304,0.2515937716162215,0.0800541981528088,0.2307818781610998,0.0347059324643584,3.835273389438587,0.5544241075079898,0.5745584674183433,0.0058908240493479,0.1000232333706224,0.4592619165338935,attic_party,ok,8ce3e6115f30aee036ed9a54c07f05c9b384da34e794c76d4bd23b0cb464c7e9,a7676adf7325bfb343f6c417192d290b066bce867e21167f03dea860d196b49e,0,8,0.3,3672,3285,1377,0.0,0.0,0.0,4.0,4.0,0,False,0.24509803921568626,0.24509803921568626,0.0,10.0,10.0,0,False,5,5,0,0.2451,10.0,29.993,0,False,33.7912,0.0,6ba3b655b6d0b56c5fef745533735d1a29f801272ad1810f661f648aa4a0c28a,3.217
TMYx,semi,run_1434,random64,9.159539081356815,6.688059520298238,2.9750873857625546,146.8680349805886,0.109342487245402,0.2408929006163872,0.3256769736107116,0.1251180578113211,1.4006317331367033,0.4093604062094604,0.6924091355483194,0.0058060970619586,0.7515582151715556,0.0608321572405057,attic_party,ok,e5a005ddb9d963baa8bb0fddf0e7dd67fcde6fe43f508cd961d5dcfbb1f7be65,a7676adf7325bfb343f6c417192d290b066bce867e21167f03dea860d196b49e,0,8,0.3,3672,3285,1377,0.0,0.0,0.0,0.0,0.0,0,False,0.0,0.0,0.0,3.0,3.0,0,False,0,0,0,0.0,3.0,28.984,0,False,50.5472,0.0,66881dc3b6b46cbe6db7e85107984f7160b2613761cceab196ee308682f73013,3.341
TMYx,semi,run_1476,random64,8.896156594940386,11.970459088733485,2.620502673500708,170.28638121673248,0.269002831698218,0.1073848132959912,0.2221615330765761,0.0858084946392574,2.270012833340684,0.6822472892294835,0.5392405542224693,0.0094663221482832,0.4521300487922157,0.0581779318396109,attic_party,ok,26603286f001a886381b8568b6f73aeb7c4553f29f419fea01f55c1624f2a408,a7676adf7325bfb343f6c417192d290b066bce867e21167f03dea860d196b49e,0,8,0.3,3672,3285,1377,0.0,0.0,0.0,4.0,4.0,0,False,0.13616557734204793,0.13616557734204793,0.0,7.0,7.0,0,False,0,0,0,0.1362,7.0,29.77,0,False,73.4786,0.0,cd956bf92fdd12474dec094ec3b428a46c55043ada402b27af1fe2686e9b2a1b,3.324
TMYx,semi,run_1497,random64,7.421317417293777,10.6593604485645,2.9548445771602987,261.1277326472027,0.2244213548236318,0.2418386953001862,0.2465311795559595,0.0147862579323263,2.8483385115597724,0.4803905389117479,0.4721117267540718,0.0077261404064099,0.4160685386235552,0.2127917230392205,attic_party,ok,e418ea584ca37ad1e48c05790c4fc7b2335ca82ad497a837096daa5ed7df8c0f,a7676adf7325bfb343f6c417192d290b066bce867e21167f03dea860d196b49e,0,8,0.3,3672,3285,1377,0.0,0.0,0.0,4.0,4.0,0,False,0.10893246187363835,0.10893246187363835,0.0,9.0,9.0,0,False,0,0,0,0.1089,9.0,29.746,0,False,60.3979,0.0,92de48d423be5f1919903ccfb6639a25b49c939e30b658aa00bdb3304b4f426c,3.251
TMYx,semi,run_1506,stress16,6.2866920665226385,7.327960484063865,2.5822380381929033,189.673299274303,0.3538022528888858,0.2874668373726368,0.1967792742001886,0.1471820880565589,0.8240748358340548,0.6355675011074757,0.8989283259639178,0.0069614963780197,0.553966653681584,0.1297716817744924,attic_party,ok,7e0c068e615ab888c5eb3294ddac0ddfdd680e10da5b0fc10ba8b488cf83b233,a7676adf7325bfb343f6c417192d290b066bce867e21167f03dea860d196b49e,0,8,0.3,3672,3285,1377,0.40849673202614384,0.40849673202614384,0.0,11.0,11.0,0,False,0.8714596949891068,0.8714596949891068,0.0,16.0,16.0,0,False,17,101,84,0.8715,16.0,30.617,0,False,437.9624,0.0,e35efc785a5da996716842c5c558ce6c548b8782c5a23e501addb3c0d8dbc44e,3.599
TMYx,semi,run_1521,stress16,9.012734726045109,9.28296620531424,2.915879467533671,0.136299530314857,0.3824926050117646,0.1021758966296917,0.2940879731173014,0.1904610869987471,1.664067808950167,0.4572585928006668,0.8515223334861499,0.0062513542391962,0.5638087322452537,0.6878542590040975,attic_party,ok,bb13397e4af3f3245426f21d78ef0425c22f694f713efaf363a135f3560298ae,a7676adf7325bfb343f6c417192d290b066bce867e21167f03dea860d196b49e,0,8,0.3,3672,3285,1377,0.054466230936819175,0.054466230936819175,0.0,5.0,5.0,0,False,0.27233115468409586,0.27233115468409586,0.0,11.0,11.0,0,False,0,0,0,0.2723,11.0,30.142,0,False,181.9729,0.0,f3b4fedbff07afaa52c16df94ea63f17969db7f2fc1c02830f3544c51d06dd9a,3.354
TMYx,semi,run_1525,random64,6.457818039323073,8.809230062809032,2.562716674463898,49.7482730803186,0.2403944250818863,0.2846260247543987,0.3217419947342414,0.1387539273115936,1.7741620338632282,0.2609813408015647,0.5792514428957727,0.0024585619456096,0.2421969198902897,0.8231806734055043,attic_party,ok,761fe377ede09e56a5c23c4c8a70a2f5899490e4101325ac7f50f63057538a15,a7676adf7325bfb343f6c417192d290b066bce867e21167f03dea860d196b49e,0,8,0.3,3672,3285,1377,0.0,0.0,0.0,0.0,0.0,0,False,0.0,0.0,0.0,3.0,3.0,0,False,0,0,0,0.0,3.0,29.078,0,False,28.557,0.0,8336fa3a76de157af391ba93d286959819a73547d4132b95a0e119b299e585d6,3.293
TMYx,semi,run_1560,random64,8.618546381821407,6.051034448405187,2.563634775254617,139.91787914607664,0.3728893152141903,0.0570155616799874,0.2154460301853953,0.1479278899395301,4.058721782989339,0.6659321263772808,0.7110283895432115,0.0073155256822709,0.1839498514363129,0.1617868224834594,attic_party,ok,40d8918c3706185ac6beb475734c1afc8c45999b71c54e44743f0dd695f90fbd,a7676adf7325bfb343f6c417192d290b066bce867e21167f03dea860d196b49e,0,8,0.3,3672,3285,1377,0.6263616557734205,0.6263616557734205,0.0,15.0,15.0,0,False,0.9531590413943355,0.9531590413943355,0.0,21.0,21.0,0,False,4,4,0,0.9532,21.0,31.036,0,False,87.4682,0.0,4e3d92070345344bc9a77d5c7db1d307b572b6f26531a5821eadd25526088921,3.364
TMYx,semi,run_1586,random64,7.747757047886595,11.109613081305676,2.9866762545648577,108.774751399816,0.1181454529476654,0.1724322000054217,0.293250208478728,0.0738549335860083,1.3729096971837715,0.6260524756906012,0.790159768280496,0.0036748512051892,0.4427272594461767,0.8603068835744438,attic_party,ok,5d5933215751938adac39cf60b30ff0ce9090a0d6b92f0e1b16e44f7c64cd03f,a7676adf7325bfb343f6c417192d290b066bce867e21167f03dea860d196b49e,0,8,0.3,3672,3285,1377,0.0,0.0,0.0,0.0,0.0,0,False,0.0,0.0,0.0,3.0,3.0,0,False,0,0,0,0.0,3.0,29.107,0,False,25.2524,0.0,87e26a7783369d3107a53c0c7cc9cd08faf9c5e782f515fabf024466ec86b2bd,3.309
TMYx,semi,run_1590,random64,7.984975108428764,7.272084694858215,2.9967721614941327,16.420420319362826,0.374850431931708,0.2382439942207673,0.1776304878605744,0.1160904554759672,4.877151087201141,0.6916489142509208,0.5069503827545674,0.0011912769261439,0.3291501951241186,0.2604131781675038,attic_party,ok,dc2e159ff7506bfb4c51c9a68a5c5b84c0f36332a806bf84e4dc6497727e351a,a7676adf7325bfb343f6c417192d290b066bce867e21167f03dea860d196b49e,0,8,0.3,3672,3285,1377,0.49019607843137253,0.49019607843137253,0.0,12.0,12.0,0,False,1.2799564270152506,1.2799564270152506,0.0,20.0,20.0,0,False,1,1,0,1.28,20.0,31.255,0,False,132.2894,0.0,f504472168eab7d90d816cc2f682d5ede9b60f0cf7a9d7362abbb7fa14a8df91,3.345
TMYx,semi,run_1644,random64,6.39767913222991,11.797192158414513,2.8741057290164034,172.93019711264748,0.2443328744309624,0.252661328529406,0.2135477168394144,0.1397092179377648,1.093053406242568,0.5224268206844807,0.6239387086788434,0.0026953973078216,0.5019253197830181,0.9038595290358232,attic_party,ok,9043a41e83c1dc29411271de24e167dcc027620e3809565cf2cb2fb454604b09,a7676adf7325bfb343f6c417192d290b066bce867e21167f03dea860d196b49e,0,8,0.3,3672,3285,1377,0.0,0.0,0.0,1.0,1.0,0,False,0.054466230936819175,0.054466230936819175,0.0,5.0,5.0,0,False,0,0,0,0.0545,5.0,29.342,0,False,97.4385,0.0,2738c75a9ca3e7e57187c140a84c0029c5b09117ccab5bbc6d596fa3519447e8,3.416
TMYx,semi,run_1646,random64,7.704557801580717,7.128280265544657,2.985540612715578,90.2906293972771,0.2105791800179474,0.0205307922429049,0.2339133981377427,0.0889463263478779,3.2049811873074887,0.2345347956220673,0.7570779081491665,0.0090267774481236,0.1607423062503069,0.6682748532100452,attic_party,ok,b03f79f044e08beb0652f2eb485269c5bcaff2b5fa8669476e54dacc9682c6d7,a7676adf7325bfb343f6c417192d290b066bce867e21167f03dea860d196b49e,0,8,0.3,3672,3285,1377,0.0,0.0,0.0,0.0,0.0,0,False,0.0,0.0,0.0,5.0,5.0,0,False,2,2,0,0.0,5.0,29.32,0,False,69.0529,0.0,ca76d3ee38cebae216986ed1f1e69f24794b6a72b994218ca8a72ecc04e4fc5d,3.176
TMYx,semi,run_1649,random64,9.736147602912038,10.293830928868562,2.662571832425947,261.8578276782381,0.3568398205583376,0.1736460837266733,0.0292153490257981,0.1395424927110858,3.027824367046392,0.3485365751342671,0.5736479117806575,0.0093034189208943,0.1802858271940285,0.2413181201408213,attic_party,ok,09b4231c35e45263eb42b47809cfd64f28c6c98102a6e43058d7f2a41381a210,a7676adf7325bfb343f6c417192d290b066bce867e21167f03dea860d196b49e,0,8,0.3,3672,3285,1377,0.054466230936819175,0.054466230936819175,0.0,5.0,5.0,0,False,0.2995642701525054,0.2995642701525054,0.0,13.0,13.0,0,False,2,2,0,0.2996,13.0,30.134,0,False,44.297,0.0,e11d7218cd12996ddffafe240e102072568fb9b49cb4a6063b2566cf0762d90f,3.301
TMYx,semi,run_1739,random64,7.0067584701546775,7.896320285135133,2.607552142148133,280.19987496754726,0.1450303105282448,0.1623355493384067,0.0470016966853491,0.0487067994752944,4.395256339439079,0.3917146171940208,0.4653154678313737,0.0018438971710637,0.2816835467096806,0.9364410289315754,attic_party,ok,8f596d2313988454bbbcc8727053a2062ad7412a18542038cee897db3ba093a8,a7676adf7325bfb343f6c417192d290b066bce867e21167f03dea860d196b49e,0,8,0.3,3672,3285,1377,0.0,0.0,0.0,0.0,0.0,0,False,0.0,0.0,0.0,4.0,4.0,0,False,1,1,0,0.0,4.0,29.107,0,False,34.6063,0.0,253acb5a5963f7523e3d3e77f8ef125dd9a7f90cf8477738ee8d20a8add8fad4,3.138
TMYx,semi,run_1746,random64,6.23256062077348,7.414538430795666,2.655653759263532,340.754870353403,0.13092892283432,0.2982663087100041,0.1605365316546335,0.0545709109003138,2.521385471538734,0.5672064169838165,0.8340818965891381,0.0087833495903115,0.3674619067684775,0.3091781887796459,attic_party,ok,0040a7fa1b483aafe8df98d6c86baef4f5b2ce567657f21d1a2b33fc185549e9,a7676adf7325bfb343f6c417192d290b066bce867e21167f03dea860d196b49e,0,8,0.3,3672,3285,1377,0.0,0.0,0.0,2.0,2.0,0,False,0.10893246187363835,0.10893246187363835,0.0,6.0,6.0,0,False,2,2,0,0.1089,6.0,29.526,0,False,35.5268,0.0,762accee2ae87afdc8cefb1a06967b8e9950ac4aba51abf23ea11a7cd08ea672,3.338
TMYx,semi,run_1748,random64,8.865043866167335,9.32232367224116,2.411805454746041,285.0228183144822,0.2601155219316617,0.0241020441173013,0.3259814484022454,0.0106359142239752,1.871163696480397,0.666161525830226,0.7796183023181407,0.0104967871326783,0.4218745196949143,0.1008415346970952,attic_party,ok,949fc5856a15ea945382a4fc39e0ac5199e581654c70d1eb70e41c1c19b9c7e4,a7676adf7325bfb343f6c417192d290b066bce867e21167f03dea860d196b49e,0,8,0.3,3672,3285,1377,0.10893246187363835,0.10893246187363835,0.0,6.0,6.0,0,False,0.5718954248366013,0.5718954248366013,0.0,14.0,14.0,0,False,4,5,1,0.5719,14.0,30.559,0,False,90.945,0.0,22f726323a9fbe16060519241ef317658790580aebe407c77e878cd308631c86,3.323
TMYx,semi,run_1757,random64,8.689011587231436,9.670794600545737,2.8367080033490657,223.1820686943364,0.2790156756182473,0.233231484877794,0.2229056782795074,0.0219445143738869,2.4426468738886213,0.695436098987765,0.4138722842570862,0.0021376128078927,0.7624905536858017,0.3826218271406786,attic_party,ok,fa828d9fe7ab8d6850865e730e7adb371493a24130b4baa438ea0e22ed2dde3b,a7676adf7325bfb343f6c417192d290b066bce867e21167f03dea860d196b49e,0,8,0.3,3672,3285,1377,0.08169934640522876,0.08169934640522876,0.0,6.0,6.0,0,False,0.40849673202614384,0.40849673202614384,0.0,12.0,12.0,0,False,3,4,1,0.4085,12.0,30.275,0,False,244.6054,0.0,38c97f1ae77ca0db4e85f86b4048f48d7de2baba2f887c975513e6eb20dc9202,3.467
TMYx,semi,run_1759,random64,7.770853395902289,11.734651985798616,2.640716419960252,358.1951472874119,0.2392442626409085,0.0619317660019336,0.2680148272014561,0.0713851201696387,3.692960708429269,0.309230268935296,0.8284867367488444,0.0042700449738642,0.1941970618042965,0.3098326417434174,attic_party,ok,b17732a7f32a396a8b869d8174b02cad6c7bc48e16ec8e6dfaae1bed2281b0a8,a7676adf7325bfb343f6c417192d290b066bce867e21167f03dea860d196b49e,0,8,0.3,3672,3285,1377,0.0,0.0,0.0,0.0,0.0,0,False,0.08169934640522876,0.08169934640522876,0.0,5.0,5.0,0,False,2,2,0,0.0817,5.0,29.35,0,False,30.1472,0.0,3e5489dd1175870b49c169ea519712fc816e037f51fd3aab23e85de34cff7775,3.196
TMYx,semi,run_1762,random64,9.10299394629691,6.779582727335279,2.989275662945607,119.36711299854213,0.2896453149172316,0.2698470947551495,0.1312331561461008,0.1120147306410807,3.947758679951738,0.3260696200660214,0.871151367818841,0.0024798400021639,0.4952905773332156,0.7995979321668514,attic_party,ok,faa8c86d669937dffeb20e3a7e3590ea01495d9dd0a3a5c33bd84cbf737d8881,a7676adf7325bfb343f6c417192d290b066bce867e21167f03dea860d196b49e,0,8,0.3,3672,3285,1377,0.0,0.0,0.0,4.0,4.0,0,False,0.10893246187363835,0.10893246187363835,0.0,7.0,7.0,0,False,0,0,0,0.1089,7.0,29.771,0,False,77.4087,0.0,1e592ba928cf4cc968a5a7c51d4c986a32e0a9539d04f2dcc965c85ec783b9c1,3.318
TMYx,semi,run_1801,stress16,6.00576001816857,7.013962111137016,2.7433188979982543,109.1497624166458,0.1602648638294917,0.1227865119203586,0.3499141985699189,0.1295636363487694,1.1038623265201388,0.6054454417845063,0.4641422082425226,0.0116755889462249,0.6213755463936661,0.0271509346069509,attic_party,ok,c0107da7bb3a21dfd3f4165a22e11c83ff2344264969e470aa832607f9d73747,a7676adf7325bfb343f6c417192d290b066bce867e21167f03dea860d196b49e,0,8,0.3,3672,3285,1377,0.0,0.0,0.0,4.0,4.0,0,False,0.10893246187363835,0.10893246187363835,0.0,6.0,6.0,0,False,0,0,0,0.1089,6.0,29.61,0,False,90.6527,0.0,31ff0ace035705cd0dd0b75eb505aa1392bf5a41a1244c0f8273ccd38b2a7397,3.347
TMYx,semi,run_1809,random64,8.559445934201257,9.220111033851431,2.6174590371645094,260.51262344046665,0.1774145506572762,0.1237493562166303,0.3444827827829553,0.039503380978057,2.6965991092332593,0.3413065878960307,0.312273471145697,0.0096244804108213,0.5147813503211555,0.6028242920670521,attic_party,ok,a6eebf3c35d5506c1fcdce40f92e29f463557944f577a9d29ffa54171e737441,a7676adf7325bfb343f6c417192d290b066bce867e21167f03dea860d196b49e,0,8,0.3,3672,3285,1377,0.0,0.0,0.0,0.0,0.0,0,False,0.0,0.0,0.0,4.0,4.0,0,False,0,0,0,0.0,4.0,29.044,0,False,35.9108,0.0,b07f04cc459a4840b4386d602f1bd36d89f3f1d920f353cd89453bdc7e70c719,3.22
TMYx,semi,run_1813,random64,6.183853880457327,6.041757376136944,2.996197412195417,18.45093673997505,0.1269063653778326,0.2359317992988121,0.2993517751632163,0.0532381299634875,2.3671403541710943,0.2805814000617515,0.7751595903775934,0.0088623444481291,0.6776984175575665,0.513229652325849,attic_party,ok,d5ca144902805f5241bf76f050c8b7225a01d1275d05d2aeaea9d8ed0bcf857f,a7676adf7325bfb343f6c417192d290b066bce867e21167f03dea860d196b49e,0,8,0.3,3672,3285,1377,0.0,0.0,0.0,0.0,0.0,0,False,0.0,0.0,0.0,4.0,4.0,0,False,0,0,0,0.0,4.0,29.028,0,False,43.0462,0.0,42943fb08943b6ae0b03d24e29e90b397d7b9c63522eb11154b911cdfa63bfd8,3.189
TMYx,semi,run_1851,random64,9.203475309979774,8.126740176489259,2.515033518371454,173.65265235192354,0.3260689792526782,0.0885557723085899,0.2437944100102807,0.0742750911743195,4.731739904063382,0.5087623134456867,0.4327765286791063,0.0083422560500987,0.7721184990131026,0.1324354075633587,attic_party,ok,def5ffb68f6a678e7e12b16c5b04faf9e38313cedee129612a2381ac9687f53a,a7676adf7325bfb343f6c417192d290b066bce867e21167f03dea860d196b49e,0,8,0.3,3672,3285,1377,0.0,0.0,0.0,4.0,4.0,0,False,0.10893246187363835,0.10893246187363835,0.0,8.0,8.0,0,False,0,0,0,0.1089,8.0,29.589,0,False,122.1094,0.0,05ae5a7da56fa374850e512084489a0c31deee5b78fb8edd1abb44d4c7d9d52f,3.212
TMYx,semi,run_1864,random64,6.678309111984476,9.701169101100144,2.688116929277827,134.80691493465332,0.2652985821920491,0.20779816880664,0.234577135985692,0.1895076859779048,3.2922132632933643,0.4267807981359379,0.7891846397409084,0.0070545148468507,0.4021872024899956,0.3813972683369584,attic_party,ok,de0de6902fbd93548f4bf9ffa7be9755974addc58c37360c815ef2ccbde3b204,a7676adf7325bfb343f6c417192d290b066bce867e21167f03dea860d196b49e,0,8,0.3,3672,3285,1377,0.0,0.0,0.0,2.0,2.0,0,False,0.08169934640522876,0.08169934640522876,0.0,5.0,5.0,0,False,0,0,0,0.0817,5.0,29.436,0,False,58.8874,0.0,13a437f0a7e95847d6bd2004c7baacc99ad2a5a413bcf2d314ecf48e976246a0,3.397
TMYx,semi,run_1865,random64,8.82547862022751,9.753981614836256,2.7591122341658165,157.9041342237432,0.3438813786429799,0.2158546792043205,0.2138580906954928,0.0992738610007614,2.306245853937516,0.6386320518895993,0.8154346774417618,0.0093635246799744,0.2130728999901633,0.437296282659448,attic_party,ok,7f5614e670f4100660a154a8f77024c5ee114d7dc4a9497b878545594870b954,a7676adf7325bfb343f6c417192d290b066bce867e21167f03dea860d196b49e,0,8,0.3,3672,3285,1377,0.08169934640522876,0.08169934640522876,0.0,7.0,7.0,0,False,0.40849673202614384,0.40849673202614384,0.0,14.0,14.0,0,False,5,5,0,0.4085,14.0,30.19,0,False,55.9533,0.0,920e056415a177d5b5e24a9e40867b41e94f8fa8ae3bd2883d89d00319c7c938,3.518
TMYx,semi,run_1866,random64,6.074547528578014,10.39441441632774,2.9074407631648413,29.82417569741127,0.3735980910175824,0.056916595305462,0.2253344693331766,0.0278639344015534,3.486301963586633,0.5140651187186196,0.6700640003904912,0.006735074923467,0.6647864729323955,0.2008978179182478,attic_party,ok,b59fd66315926ef38499551fa12a80483dd0c495ff9b6e3bf189517cabf3e333,a7676adf7325bfb343f6c417192d290b066bce867e21167f03dea860d196b49e,0,8,0.3,3672,3285,1377,0.10893246187363835,0.10893246187363835,0.0,8.0,8.0,0,False,0.3812636165577342,0.3812636165577342,0.0,11.0,11.0,0,False,0,0,0,0.3813,11.0,30.568,0,False,143.6657,0.0,92806dfc02d57249e2bbd8cd8a90fc95291c1c41cc1ba7dec0b2638ea224240b,3.137
TMYx,semi,run_1911,random64,9.625788696509844,8.99756568811846,2.6870274763916577,51.13562564563569,0.1036336243021498,0.2691032643035131,0.2909092323704428,0.0553225405296898,0.9451537467761352,0.213096661780196,0.6746484122958563,0.0027892586699717,0.3857168502796336,0.6987056326408935,attic_party,ok,841cfb32ae0acc290406ee0cc1f8bbd5ef4f59e578a7e78f6cd3d6e8f3d85ef1,a7676adf7325bfb343f6c417192d290b066bce867e21167f03dea860d196b49e,0,8,0.3,3672,3285,1377,0.0,0.0,0.0,0.0,0.0,0,False,0.0,0.0,0.0,0.0,0.0,0,False,0,0,0,0.0,0.0,28.547,0,False,12.8687,0.0,9988042075181645599ceb34f596d4f3c259e49af004e06734ba65a130a4ac51,3.296
TMYx,semi,run_1941,stress16,8.513957236747029,6.406912918790103,2.9573824657987817,227.30992581477113,0.3814391502066491,0.1130363137032005,0.3436613789388585,0.0360638430621394,3.8372150666790352,0.6925245091293201,0.8339536192169092,0.0057582855884426,0.5537019522177968,0.4107181886048088,attic_party,ok,7a707fa0be0da2b4843ded4cc4918ca935db546047a9218ecdf76b3642896dbd,a7676adf7325bfb343f6c417192d290b066bce867e21167f03dea860d196b49e,0,8,0.3,3672,3285,1377,0.7625272331154684,0.7625272331154684,0.0,14.0,14.0,0,False,1.3344226579520697,1.3344226579520697,0.0,23.0,23.0,0,False,3,3,0,1.3344,23.0,31.406,0,False,323.6288,0.0,3d0cefc2d0cd6a3938ff7a012b3500b0a891d45209ebc749030332b3492ae5a1,3.339
TMYx,semi,run_1952,random64,6.90071229300299,6.937283565323205,2.560373385344838,346.0353191567952,0.2877198939545087,0.2888430195687625,0.1275638899296872,0.0713325995335073,4.595601180263259,0.2098584867753312,0.4525467845450036,0.0051246806394883,0.2908505919263405,0.91113436469536,attic_party,ok,cf2191d440283adcf9df4d13f227a53560cdd7c209ef211f0cbd256cc9533cdd,a7676adf7325bfb343f6c417192d290b066bce867e21167f03dea860d196b49e,0,8,0.3,3672,3285,1377,0.0,0.0,0.0,0.0,0.0,0,False,0.027233115468409588,0.027233115468409588,0.0,4.0,4.0,0,False,0,0,0,0.0272,4.0,29.14,0,False,51.0062,0.0,231742a600a1bd9af72c52c2e5868196f2179897973ddb30ac69e17e9586d51b,3.145
TMYx,detached,run_0000,stress16,8.290452087902889,9.418683364680744,2.7012424206240264,22.194473754769316,0.1796358733978168,0.0781535347590126,0.0281263147984265,0.1023603238909987,3.7187309613713815,0.2848874035155261,0.8851887605927302,0.0041794027925613,0.4679746472079719,0.7780886191933646,combined,ok,1b43650cb95183181500a2afc61f87312d1d509a504ce855987d306320a6cf80,a7676adf7325bfb343f6c417192d290b066bce867e21167f03dea860d196b49e,0,8,0.3,3672,3285,1377,0.0,0.0,0.0,2.0,2.0,0,False,0.08169934640522876,0.08169934640522876,0.0,5.0,5.0,0,False,1,1,0,0.0817,5.0,29.354,0,False,62.0196,0.0,b068a8b61a39f401ca467ab764a1bfdbe692326e24c6d317ab29247b2a350a28,3.125
TMYx,detached,run_0015,random64,7.108611475128714,6.493256650172337,2.557740067304502,196.7752575852872,0.3508426889305577,0.0691978473194322,0.1775662031153719,0.1504932433886532,1.1382521186428864,0.3634006054515437,0.3251097153924657,0.0053423127877505,0.7756179975255327,0.2215221883714765,combined,ok,0840e49c16ae7b1bb535995346e7f03796f309b8557a1f1ede6a1b09bb5d435d,a7676adf7325bfb343f6c417192d290b066bce867e21167f03dea860d196b49e,0,8,0.3,3672,3285,1377,0.1906318082788671,0.1906318082788671,0.0,10.0,10.0,0,False,0.1906318082788671,0.1906318082788671,0.0,9.0,9.0,0,False,1,1,0,0.1906,10.0,29.97,0,False,402.8197,0.0,4d696af683db2f6ebd16600c262a1a1742272e9f1ab6a551cef0a5b3e116ae71,3.116
TMYx,detached,run_0023,random64,8.817343277589991,7.85539369563051,2.609145431853368,18.96253427869918,0.1742793412258079,0.1120027552699704,0.044072150885244,0.1176076252166526,3.9736567243591487,0.2414493988517185,0.6054915605613544,0.0048067660451242,0.6942537640069445,0.341692810129729,combined,ok,352bd18461cf2a38fe6e74c7804f096024090f63b02ea6f023c4af74d46ca0e7,a7676adf7325bfb343f6c417192d290b066bce867e21167f03dea860d196b49e,0,8,0.3,3672,3285,1377,0.0,0.0,0.0,2.0,2.0,0,False,0.0,0.0,0.0,3.0,3.0,0,False,0,0,0,0.0,3.0,28.925,0,False,60.2153,0.0,725e222073bf073cccee0135ed398994b61bb28611434d938b9959b1b7d9015b,2.966
TMYx,detached,run_0029,stress16,8.203432183124272,6.408489310261017,2.8640680741404387,300.7801611485146,0.150600147289584,0.0170107318727439,0.045297803381865,0.0140947818271048,0.8776391010432707,0.6886897929854896,0.5132570934374501,0.0061052277763261,0.1044806285204754,0.4880446808864345,combined,ok,2c2325ea815343e1ae9b2653c43cfaa746a709f403a252bfcb8bdf50da186453,a7676adf7325bfb343f6c417192d290b066bce867e21167f03dea860d196b49e,0,8,0.3,3672,3285,1377,0.3812636165577342,0.3812636165577342,0.0,13.0,13.0,0,False,0.49019607843137253,0.49019607843137253,0.0,13.0,13.0,0,False,26,26,0,0.4902,13.0,30.38,0,False,56.9231,0.0,f748a03e1a64f1c151e8142de9d58c5062ea2fbbcc3b2dc2c6e3b7aa1ccffecc,3.226
TMYx,detached,run_0044,random64,6.030500032924129,7.408960521416061,2.7665628390675407,74.51262954714856,0.1781833985308706,0.2384489935374365,0.232027349722457,0.1662308275216616,3.706446374343945,0.2801471059994515,0.6879618953548321,0.0077865334940022,0.7588555884014518,0.4235989701065071,combined,ok,850063d2fdbe78fa7ff69756c1fa902b0598dec0016b6f0ffc82fff6373f8380,a7676adf7325bfb343f6c417192d290b066bce867e21167f03dea860d196b49e,0,8,0.3,3672,3285,1377,0.0,0.0,0.0,3.0,3.0,0,False,0.0,0.0,0.0,3.0,3.0,0,False,0,0,0,0.0,3.0,29.026,0,False,72.2529,0.0,af9ec94ce3f4ff755871d83079586eafad7b52b3c488331a8640191f295a3324,2.893
TMYx,detached,run_0063,random64,6.5621292372608675,6.65259707923012,2.866440977345775,291.8921029230811,0.2605908839526111,0.2904109892395112,0.2396360333811598,0.1130099666030276,4.144587096716162,0.654011275402036,0.4712269209763924,0.0014834559152219,0.54773627340295,0.5710594819740411,combined,ok,75011004ce82b4aa7734161dbb75bd44bd8e4bbdd045e1af1d23eab1f5c1ba65,a7676adf7325bfb343f6c417192d290b066bce867e21167f03dea860d196b49e,0,8,0.3,3672,3285,1377,0.40849673202614384,0.40849673202614384,0.0,12.0,12.0,0,False,0.3540305010893246,0.3540305010893246,0.0,12.0,12.0,0,False,1,1,0,0.4085,12.0,30.388,0,False,228.1225,0.0,343b757ba16dfff35445a274579ae3d13acb60c5db76733caf89b73dffa0eb1f,3.033
TMYx,detached,run_0092,random64,9.93309790699963,8.182296197308714,2.457461454626565,111.121424386233,0.215416840146493,0.1614784962457293,0.2067813187440635,0.1045840336851818,2.5155012564866768,0.5247084843418965,0.6042830658593564,0.0091103599680866,0.403724911359604,0.9002186637947126,combined,ok,c72bcced0a9fffa50935e122cbff057d315cb08b6272a99b2226a73d76df9e30,a7676adf7325bfb343f6c417192d290b066bce867e21167f03dea860d196b49e,0,8,0.3,3672,3285,1377,0.0,0.0,0.0,3.0,3.0,0,False,0.0,0.0,0.0,3.0,3.0,0,False,0,0,0,0.0,3.0,29.152,0,False,55.9577,0.0,1bcdcf799ab24a874d9d1f420db1e50a95b96ea74ce8e92a50a8a63a75586685,2.961
TMYx,detached,run_0095,random64,6.3624501841932375,11.842510228563462,2.491939053622874,295.7462251283733,0.2198554630131667,0.0400359318923531,0.1494445134899256,0.1850285440940413,4.185455890408224,0.5956563840158877,0.8831696681502195,0.0061710397040376,0.4456313827570233,0.3457178036598204,combined,ok,55beda71574db18ff1ff839bad653b822a21862c12ca4cd394223e13f40d7797,a7676adf7325bfb343f6c417192d290b066bce867e21167f03dea860d196b49e,0,8,0.3,3672,3285,1377,0.1906318082788671,0.1906318082788671,0.0,8.0,8.0,0,False,0.1906318082788671,0.1906318082788671,0.0,6.0,6.0,0,False,1,1,0,0.1906,8.0,29.796,0,False,87.4925,0.0,6f531ce6048848e9462e0634b3e3432341583ba4047d530cbeac6f597b1a9a7b,3.044
TMYx,detached,run_0132,stress16,9.299175482807073,9.44472107084308,2.6246307962624016,120.97695746647544,0.359724968552603,0.1373453664935816,0.0250244188438973,0.1090851112819592,4.432529714102253,0.6489282768966091,0.8546248700739805,0.0100735542076731,0.2380461443404612,0.205503238738427,combined,ok,ef788104f72d22d8960f91dd85b75fbc329eb3f100bfd0f84cb6b34a52e698c3,a7676adf7325bfb343f6c417192d290b066bce867e21167f03dea860d196b49e,0,8,0.3,3672,3285,1377,0.9803921568627451,0.9803921568627451,0.0,21.0,21.0,0,False,1.0620915032679739,1.0620915032679739,0.0,23.0,23.0,0,False,11,11,0,1.0621,23.0,31.404,0,False,101.0081,0.0,c398e8683b9f1aed2ac0df7462a401048316bcb0b0ddd4adda933c72fc69d2ca,3.351
TMYx,detached,run_0169,random64,7.695473365435487,11.227744275625916,2.4943900256809504,33.74614022217156,0.1572306658104784,0.0421425997389778,0.1619378594004896,0.0133961689752927,3.577533400781542,0.3919625146305164,0.533438368709399,0.0108911883433449,0.1066031747510421,0.8986530703328954,combined,ok,5d36539f5ac7c2486f31910c411e01ecb5e547dcd4f4d25fe6ee36b57cb7a8c0,a7676adf7325bfb343f6c417192d290b066bce867e21167f03dea860d196b49e,0,8,0.3,3672,3285,1377,0.0,0.0,0.0,0.0,0.0,0,False,0.0,0.0,0.0,0.0,0.0,0,False,2,2,0,0.0,0.0,28.749,0,False,42.478,0.0,fac08ecb465f2fc0ac2d1c3ab319d664b6694c298ef9dafb627923e0221c6e27,3.069
TMYx,detached,run_0171,random64,7.494809621295749,11.22002626611558,2.7470227147731485,103.10589157010632,0.254781411116087,0.1019944879351144,0.3370655776713539,0.0445047342704688,4.389418546125397,0.6060268646263012,0.3276582681904973,0.005932140031043,0.3357054429082935,0.5638512940204532,combined,ok,c90d463f3539ec23ff5aa87f6fea441e6f6c009d7e85e76d9f7bc02b3963f940,a7676adf7325bfb343f6c417192d290b066bce867e21167f03dea860d196b49e,0,8,0.3,3672,3285,1377,0.10893246187363835,0.10893246187363835,0.0,7.0,7.0,0,False,0.10893246187363835,0.10893246187363835,0.0,7.0,7.0,0,False,1,1,0,0.1089,7.0,29.636,0,False,69.77,0.0,d23178c07ec043ea78488317b6baabadd5cd7c686952c6cb8f187d3d348765d5,2.96
TMYx,detached,run_0172,random64,9.655340429240898,7.24820416689231,2.42469543122848,172.6245737256148,0.1639874631194922,0.1196870715518636,0.3172583437442636,0.1578098077295352,0.9402029258114942,0.4028680909098489,0.8765797877084602,0.0023588769593888,0.2060066547113198,0.3409010096267915,combined,ok,8e921b0a838e479793cd0aec7226f0524fbce3f485b6b2f9ca1e54cdfa5526b7,a7676adf7325bfb343f6c417192d290b066bce867e21167f03dea860d196b49e,0,8,0.3,3672,3285,1377,0.0,0.0,0.0,3.0,3.0,0,False,0.0,0.0,0.0,3.0,3.0,0,False,1,1,0,0.0,3.0,29.065,0,False,24.8915,0.0,c5e367667e2e224111b938c6dece7a2d3251ec062671807782a4ace07c6e29ea,3.134
TMYx,detached,run_0189,random64,8.854541179080801,10.452603750516715,2.9188006260871417,67.8876582569418,0.3641510351705923,0.0892540763860939,0.3097302387013971,0.1440692649228458,2.707948972652005,0.2832682627500669,0.6646816722211282,0.0103303899374604,0.1290129201750531,0.0948871124029668,combined,ok,62ec6967198930139512ea16c8ef5eb3b60f2ae3ef5337746c32927263958573,a7676adf7325bfb343f6c417192d290b066bce867e21167f03dea860d196b49e,0,8,0.3,3672,3285,1377,0.10893246187363835,0.10893246187363835,0.0,6.0,6.0,0,False,0.08169934640522876,0.08169934640522876,0.0,6.0,6.0,0,False,1,1,0,0.1089,6.0,29.581,0,False,49.2649,0.0,d93b1bd369d8a93a4bfd822c780aff20a4cb02fa479344bf5f861b7f8646644f,3.118
TMYx,detached,run_0203,random64,7.977123523285825,8.285263931205199,2.712837171815562,89.35419205267758,0.1358151170477194,0.188340689716523,0.0697252800449031,0.1120892354037314,1.7190015052738117,0.5071421704296211,0.5490554865529775,0.0022577353970723,0.6310346873260598,0.5050302275796102,combined,ok,af28f3c676693d05cce01e02de97439ab2de42d9b698aa06da71cb346869d2aa,a7676adf7325bfb343f6c417192d290b066bce867e21167f03dea860d196b49e,0,8,0.3,3672,3285,1377,0.0,0.0,0.0,3.0,3.0,0,False,0.0,0.0,0.0,3.0,3.0,0,False,0,0,0,0.0,3.0,29.056,0,False,64.0147,0.0,7dd889cce3a0378f8e60c4daaa71700732632f58a33085a0bca8b5eaaea4d453,3.076
TMYx,detached,run_0208,random64,7.080933225138338,8.151979458855823,2.6146631258077835,109.77210266794091,0.1350633821387371,0.2826211130453059,0.3158693984636647,0.1010376581025481,1.0331012809233195,0.4004981292509733,0.7085516862951541,0.001430792206345,0.6109790032078951,0.401205105008072,combined,ok,d0b3bede524d0ffa63215b7f4c2c141e9a64026f392f1fa9bc654781a4eadb9b,a7676adf7325bfb343f6c417192d290b066bce867e21167f03dea860d196b49e,0,8,0.3,3672,3285,1377,0.0,0.0,0.0,3.0,3.0,0,False,0.0,0.0,0.0,3.0,3.0,0,False,0,0,0,0.0,3.0,28.929,0,False,81.8608,0.0,a5ad4b2a127fb2b186f350c3063bfddc1b63d9a587ead4923695bfd9af727276,3.214
TMYx,detached,run_0239,stress16,8.966408949597819,7.177231125441284,2.4933678450716044,17.389312189459034,0.33924506984946,0.1909431656003543,0.2552562075773003,0.1590237503532047,0.8661594681833358,0.6951609206290856,0.8620318201574801,0.0106498566496832,0.1330127200193476,0.4051665189182183,combined,ok,b42daaccb4b098d08ab28d6b87ce4a18387ffb1412a35d68f41a2bbf03d8eee6,a7676adf7325bfb343f6c417192d290b066bce867e21167f03dea860d196b49e,0,8,0.3,3672,3285,1377,1.715686274509804,1.715686274509804,0.0,26.0,26.0,0,False,1.443355119825708,1.443355119825708,0.0,25.0,25.0,0,False,54,215,161,1.7157,26.0,31.509,0,False,76.9191,0.0,532ce62074c1427dfc6e3b4513f78bd6f3e3edf3f708d3bc803e0d1fbac3e962,3.586
TMYx,detached,run_0241,stress16,8.986985502735077,6.370726990713231,2.8262969611987976,288.55522855132386,0.3577817612158999,0.1857466310998697,0.1900534041160908,0.1183127038015254,1.180262981894609,0.5586107918959073,0.4841391966636397,0.0026352311391234,0.7606078576767147,0.3295277351670737,combined,ok,9d9c3892992313c44fa9c23b262e07bee9acb2aa7389d9a1a7b2b76bff4d7b8b,a7676adf7325bfb343f6c417192d290b066bce867e21167f03dea860d196b49e,0,8,0.3,3672,3285,1377,0.8714596949891068,0.8714596949891068,0.0,21.0,21.0,0,False,0.5718954248366013,0.5718954248366013,0.0,18.0,18.0,0,False,6,36,30,0.8715,21.0,31.037,0,False,740.6495,0.0,7f6d94be58e5ec06844c83a1a062264c8e77f5794fdc0dd27cd1c5985a382040,3.444
TMYx,detached,run_0298,random64,8.332008660398749,7.514114819729058,2.5770632840161176,32.65999947584161,0.3675082359468328,0.2612870512859359,0.1947062270800404,0.092184612395228,2.2327759245070897,0.4154681534695688,0.4491901728869033,0.0031863362642622,0.2918284207024562,0.3945965827764047,combined,ok,44f3198530afd93ae2309a210feeea38e8f2c0943f504d335f6e08e96de1c6a3,a7676adf7325bfb343f6c417192d290b066bce867e21167f03dea860d196b49e,0,8,0.3,3672,3285,1377,0.2995642701525054,0.2995642701525054,0.0,11.0,11.0,0,False,0.24509803921568626,0.24509803921568626,0.0,11.0,11.0,0,False,1,1,0,0.2996,11.0,30.148,0,False,117.619,0.0,970108ea583d094f8ac0b0a808c0978fba893df6bf3cbd47546c15252414c34d,3.135
TMYx,detached,run_0302,random64,6.464886681198625,6.461232658039725,2.595607139740693,200.15410369855252,0.1048401522366748,0.0500529154312022,0.2464765860508568,0.138708672410398,1.0994929560158817,0.5957829612933677,0.6712389000184744,0.0114188958123249,0.5764259455075901,0.8590859386058312,combined,ok,359a1e4a19e0e318e9bcb926c951a94c86ccd3ef5b8e1bddd95042c5645c7a9a,a7676adf7325bfb343f6c417192d290b066bce867e21167f03dea860d196b49e,0,8,0.3,3672,3285,1377,0.0,0.0,0.0,3.0,3.0,0,False,0.0,0.0,0.0,3.0,3.0,0,False,0,0,0,0.0,3.0,29.132,0,False,60.889,0.0,a49eaed0a54550d3ccfa91f2d03b5fce0e45400c43f8717593ca51a08c259f37,3.089
TMYx,detached,run_0421,random64,7.259944904757417,9.95766854175178,2.9168650187863294,194.2486599421907,0.3312206235671143,0.0946711362366577,0.2923395976811948,0.0428674051588782,2.175209421544923,0.3660505438690433,0.3166605386628426,0.005912152362126,0.7213775997545232,0.4076882356228147,combined,ok,113324161af21a64d6c48acc4866ef623bb7f2ea6b1e1aca96c5d9fb7607ac72,a7676adf7325bfb343f6c417192d290b066bce867e21167f03dea860d196b49e,0,8,0.3,3672,3285,1377,0.10893246187363835,0.10893246187363835,0.0,9.0,9.0,0,False,0.10893246187363835,0.10893246187363835,0.0,9.0,9.0,0,False,1,1,0,0.1089,9.0,29.839,0,False,186.1162,0.0,23f730b7b8174ad668a6a3abd550bf63770c83e30007572408a58f3b758280b3,3.075
TMYx,detached,run_0456,random64,7.235653346407408,11.709367776516928,2.5247172842449146,164.85689193046983,0.316903563356449,0.2724207622108091,0.0275777940548623,0.1306855280144903,4.841830387386058,0.3607166626987048,0.7357196636648353,0.0087398255812502,0.7615723805690275,0.6784222436994939,combined,ok,8fdbe79c466b734de003923ce086f3064e5ada83fc3ee41c12018caa4979e7db,a7676adf7325bfb343f6c417192d290b066bce867e21167f03dea860d196b49e,0,8,0.3,3672,3285,1377,0.08169934640522876,0.08169934640522876,0.0,5.0,5.0,0,False,0.10893246187363835,0.10893246187363835,0.0,8.0,8.0,0,False,1,1,0,0.1089,8.0,29.814,0,False,104.4246,0.0,b0d740d395aeb7b59aa414a0fcac006a6cf65e63f75c9de7cb99468348977f84,3.078
TMYx,detached,run_0492,stress16,8.550782772522515,11.776115421222215,2.699213296519177,334.2020798495306,0.3999904372395374,0.0206995492983702,0.0607249068429463,0.0682232294671505,1.1214548050257498,0.6419965380885064,0.7204194426782291,0.0073087888941234,0.247223981405377,0.2972364509554138,combined,ok,8106a057810dee7b8211761cda2a41f59780ff31d12adf1ade797819fcf6fef0,a7676adf7325bfb343f6c417192d290b066bce867e21167f03dea860d196b49e,0,8,0.3,3672,3285,1377,1.2799564270152506,1.2799564270152506,0.0,23.0,23.0,0,False,1.1165577342047932,1.1165577342047932,0.0,24.0,24.0,0,False,22,27,5,1.28,24.0,31.411,0,False,135.388,0.0,bfa7a730e7afca3877ba869879f36cdcf9b95471bd94f794056615ab98f4fac8,3.425
TMYx,detached,run_0499,random64,7.858804507830091,10.349836369453136,2.532898445475049,95.20960247737294,0.2105308086928702,0.2661776403887546,0.202952619776223,0.042630729895842,4.479626527348435,0.5735404220619731,0.7008795170704228,0.0036983473818156,0.1567476492121556,0.6596289751233395,combined,ok,e8b0316b2018a42d5a9bd714546690c480ed1e2ff11fc93a33785f7b4714bcc8,a7676adf7325bfb343f6c417192d290b066bce867e21167f03dea860d196b49e,0,8,0.3,3672,3285,1377,0.08169934640522876,0.08169934640522876,0.0,5.0,5.0,0,False,0.08169934640522876,0.08169934640522876,0.0,5.0,5.0,0,False,1,1,0,0.0817,5.0,29.441,0,False,31.5135,0.0,5c2fa5e0a79ee2c9137427441318dd0795d48dd65ae73553294f708b461522bc,3.137
TMYx,detached,run_0500,random64,9.82451369711319,10.845295277018504,2.7073204009582628,108.9848566026068,0.2404164756163604,0.2191691030494161,0.3170431197618952,0.1101248845957577,4.246097291116642,0.3146179268775989,0.8846779164318552,0.002952629013426,0.3985480745890861,0.6671409251817507,combined,ok,045a5fec2807834bc727f7b580d872dcf7844e8420863c93d39b82543508ab45,a7676adf7325bfb343f6c417192d290b066bce867e21167f03dea860d196b49e,0,8,0.3,3672,3285,1377,0.0,0.0,0.0,3.0,3.0,0,False,0.0,0.0,0.0,3.0,3.0,0,False,0,0,0,0.0,3.0,28.906,0,False,44.5012,0.0,926515f1ea2d5c74f7aa7bf3b0007468fda7eda9afaae57e08872b763c6575bf,3.237
TMYx,detached,run_0628,stress16,9.72733840356107,7.8427669792229615,2.5924321527735392,359.8933269015914,0.3529783862372112,0.0761779621335445,0.3273904561993191,0.0824461595128538,3.4708268892998255,0.3251799736172571,0.3503616556392233,0.0015213312741712,0.7206263247604744,0.7182250817689112,combined,ok,06365f21bce9be41c285ac6ab9f6807d033fd81cd4c29e2687e1ed80fb0a6bf7,a7676adf7325bfb343f6c417192d290b066bce867e21167f03dea860d196b49e,0,8,0.3,3672,3285,1377,0.054466230936819175,0.054466230936819175,0.0,4.0,4.0,0,False,0.054466230936819175,0.054466230936819175,0.0,4.0,4.0,0,False,0,0,0,0.0545,4.0,29.272,0,False,90.5763,0.0,74ba7b75b05703fd678da8523a805c7ee8760474013031453c9dac72a037887e,3.158
TMYx,detached,run_0745,random64,9.403992115334937,8.48512079989969,2.7038151450428907,145.5310132662222,0.2567053419094268,0.2898505421920269,0.0488499881238593,0.1014932783378585,1.1571722700731573,0.4833947498367663,0.8213087990653432,0.008725404304492,0.7657037313194129,0.8876906018863312,combined,ok,ded547310871d4cc3b113323491f50e5a7ff8a41c1b342c1ed38c1e1a75a9aeb,a7676adf7325bfb343f6c417192d290b066bce867e21167f03dea860d196b49e,0,8,0.3,3672,3285,1377,0.08169934640522876,0.08169934640522876,0.0,5.0,5.0,0,False,0.13616557734204793,0.13616557734204793,0.0,8.0,8.0,0,False,1,1,0,0.1362,8.0,29.803,0,False,189.4628,0.0,b29eaf749be068654e5db58a8380dad76fe51ab8ac195503f5071155c94ae031,3.238
TMYx,detached,run_0768,stress16,6.634637881940697,11.603463379949876,2.9452065682690702,7.656125949492523,0.3673240508605883,0.0703946751822334,0.0882239068606324,0.0721394554328508,0.8794108960838816,0.6853284584119119,0.8495356125752638,0.0109339718263157,0.2996274968959122,0.0483529411528591,combined,ok,b4622e0a5a4d81f028331fe562b901c3c40e7d35eef90c89b4ac5dbcf1496522,a7676adf7325bfb343f6c417192d290b066bce867e21167f03dea860d196b49e,0,8,0.3,3672,3285,1377,1.9880174291938997,1.9880174291938997,0.0,30.0,30.0,0,False,1.6339869281045754,1.6339869281045754,0.0,29.0,29.0,0,False,46,114,68,1.988,30.0,31.911,0,False,253.2824,0.0,5497896520176ff4551cced38135a2c63b6bd2a46f15eea7b3c661a13da481a7,3.682
TMYx,detached,run_0785,random64,8.940781628092497,8.940854789499578,2.71333172432655,21.027453984889203,0.3107729422642821,0.2659499439488594,0.1570556761118805,0.0362424341838409,3.092059615457477,0.5972727377148599,0.3537591526886088,0.010305774523266,0.4150422534097331,0.1795157167910107,combined,ok,b746e91bab4f7530282bdc31935dfa92586f426f269c275764794a446498fd19,a7676adf7325bfb343f6c417192d290b066bce867e21167f03dea860d196b49e,0,8,0.3,3672,3285,1377,0.3812636165577342,0.3812636165577342,0.0,12.0,12.0,0,False,0.3540305010893246,0.3540305010893246,0.0,12.0,12.0,0,False,1,1,0,0.3813,12.0,30.29,0,False,135.1072,0.0,c72f35b3511bb2b7d1b23cb6b6b3abc6003d2c4baa0725cd144264c4d6848d27,3.176
TMYx,detached,run_0788,random64,8.782009887322488,9.886407966385462,2.689241045237277,165.79600971047623,0.1806222296930827,0.0350189214807997,0.2624851560323494,0.0761344647472262,0.8504742135136384,0.5569179194726575,0.8553784108853641,0.0092759304403749,0.5281861664355341,0.2100976052058908,combined,ok,cbcdd043b987342572cbe4b9553908286bc5b14d64cf0e7ce7ff268a1345b644,a7676adf7325bfb343f6c417192d290b066bce867e21167f03dea860d196b49e,0,8,0.3,3672,3285,1377,0.08169934640522876,0.08169934640522876,0.0,6.0,6.0,0,False,0.08169934640522876,0.08169934640522876,0.0,6.0,6.0,0,False,2,2,0,0.0817,6.0,29.616,0,False,83.9383,0.0,1b71219eaf2d56d54d3ff0d52c696e03b645b47f75b8372c981c9e9075da27a6,3.173
TMYx,detached,run_0821,random64,8.168610103195812,6.295910082319626,2.44919521726831,83.16215592635217,0.1633699932395152,0.2793528873688088,0.3075031868920546,0.1071356027635634,4.694512503188105,0.3195967627738837,0.4662343120140395,0.0025933405746935,0.4004795609820039,0.9249981780019016,combined,ok,4f904a9628096a3767619dd63ae95f60712a207264b9abddf489ff7f22f0ac58,a7676adf7325bfb343f6c417192d290b066bce867e21167f03dea860d196b49e,0,8,0.3,3672,3285,1377,0.0,0.0,0.0,0.0,0.0,0,False,0.0,0.0,0.0,0.0,0.0,0,False,0,0,0,0.0,0.0,28.641,0,False,43.5978,0.0,48503ae44bec8ab89fae0df59545e9151956366b5bfa831b467fe7a3b6443a4e,3.076
TMYx,detached,run_0833,random64,6.881397296298271,10.882836593895547,2.866583637518168,115.0820265960748,0.2101446861231999,0.1571910951166595,0.0991883520257245,0.1038913954908974,2.054872833294584,0.31784047548047,0.3619575529089111,0.0100872283500496,0.3785981589568508,0.1448921445221051,combined,ok,2c20b0d27e120ae2f1b400ed1b818b82d066a5c18e44804524d6f49fd833dc60,a7676adf7325bfb343f6c417192d290b066bce867e21167f03dea860d196b49e,0,8,0.3,3672,3285,1377,0.0,0.0,0.0,4.0,4.0,0,False,0.0,0.0,0.0,4.0,4.0,0,False,0,0,0,0.0,4.0,29.016,0,False,52.3061,0.0,23f0ad1cdbbd380ea12a39dda38539074c5338da9914eec1bcc32fb60feb6dbb,3.061
TMYx,detached,run_0841,random64,8.367547204965499,7.256923551190713,2.9918995286847547,209.09780783784907,0.2412457505801208,0.2385274524029789,0.0999052231342154,0.0327496438192871,4.272186592040046,0.5573251812470255,0.5047083796199578,0.0034639552327845,0.6468288498143069,0.6883388060301502,combined,ok,6036ae412fa26c6624c12f883d7b5de4af1f1cd1a742e06fed6d69633a45c5fa,a7676adf7325bfb343f6c417192d290b066bce867e21167f03dea860d196b49e,0,8,0.3,3672,3285,1377,0.10893246187363835,0.10893246187363835,0.0,9.0,9.0,0,False,0.10893246187363835,0.10893246187363835,0.0,9.0,9.0,0,False,1,1,0,0.1089,9.0,29.819,0,False,136.0198,0.0,caac46b89a9ac9dfef8e4e16fbedd85509907a7221eadb50362458a56bed5efc,3.085
TMYx,detached,run_0844,random64,8.746712419323499,8.255288205551997,2.8301858731668736,119.6183960439886,0.1994819192503905,0.27254785547391,0.0411225287078061,0.1609877938402135,1.483139363161183,0.3044285647779056,0.8800589857851471,0.0064660006290998,0.7491636968151721,0.9819550749784538,combined,ok,13783ddae9e184d0d47c3fae4f856d0c1bd696365108bbfe57235f22f49c0fa0,a7676adf7325bfb343f6c417192d290b066bce867e21167f03dea860d196b49e,0,8,0.3,3672,3285,1377,0.0,0.0,0.0,3.0,3.0,0,False,0.08169934640522876,0.08169934640522876,0.0,5.0,5.0,0,False,1,1,0,0.0817,5.0,29.322,0,False,86.2841,0.0,1bcac4311961510b7166d0a8364c177cf4329c2a9a9138bf9db1a6f8a03315ee,3.227
TMYx,detached,run_0887,random64,9.484724765067508,11.174464591770498,2.414911442203662,229.80644996404757,0.2796275305540545,0.0758284244041909,0.2896741830836959,0.1751072335090888,1.6995338270119895,0.3107776781053267,0.4257006634020504,0.0114970329370951,0.491908950611397,0.9890734482016346,combined,ok,93d8e7e2f96ef9b3a08e73055b8fb741705664eb6995f24ebff4479219463a03,a7676adf7325bfb343f6c417192d290b066bce867e21167f03dea860d196b49e,0,8,0.3,3672,3285,1377,0.0,0.0,0.0,3.0,3.0,0,False,0.0,0.0,0.0,3.0,3.0,0,False,0,0,0,0.0,3.0,28.869,0,False,55.9922,0.0,e2d0e49705ecc9f5949a2ab0f4f09ddb0c8696c39db56755b4cf95ccd9babda5,3.188
TMYx,detached,run_1025,stress16,6.001988515451892,8.013747343359917,2.712128069948224,187.7230485160186,0.3988100711297681,0.0143824485162627,0.2716513893534522,0.0592134160641791,2.773734982619098,0.4008863300303726,0.4244523072802022,0.0086936739506271,0.2466612679915689,0.5322139386093038,combined,ok,df17d4ea6cb7040602c2ee183423eb2e7b57a4c5f257e4e165cc98e9d7aec6eb,a7676adf7325bfb343f6c417192d290b066bce867e21167f03dea860d196b49e,0,8,0.3,3672,3285,1377,0.32679738562091504,0.32679738562091504,0.0,11.0,11.0,0,False,0.32679738562091504,0.32679738562091504,0.0,11.0,11.0,0,False,1,1,0,0.3268,11.0,30.25,0,False,116.1591,0.0,1434bb3c61a15bfe814c717d4956ffcf6bd4c3919a02e2ff4fd6f45e3d146105,3.148
TMYx,detached,run_1083,random64,8.454517480509306,7.606900202320765,2.5501477925335045,241.34481889977465,0.2891208841498976,0.1515706845674109,0.1605073890215713,0.1607015551309144,1.101558526110067,0.2140821822715956,0.8767854811568954,0.0117808467129899,0.4181305553407746,0.979553351344094,combined,ok,a4c5e3e5e355afc8fd7fbd017b138d55fd90010256dbb5f3519c012adadfee37,a7676adf7325bfb343f6c417192d290b066bce867e21167f03dea860d196b49e,0,8,0.3,3672,3285,1377,0.0,0.0,0.0,3.0,3.0,0,False,0.0,0.0,0.0,3.0,3.0,0,False,0,0,0,0.0,3.0,28.971,0,False,68.8921,0.0,035a4b4ad08578772d05bd1eafee2c72b5fc48acf99df94604672201d4ec4aca,3.225
TMYx,detached,run_1093,random64,8.002380628505447,10.166259736812894,2.8796333119979427,171.23898423952662,0.100090185215434,0.0543938555226989,0.0270087812313298,0.0755226196018769,1.8235443611211988,0.386033384594613,0.8407906551118343,0.0050274494110316,0.354654458456868,0.9837284633011107,combined,ok,bed230c8dc3ca3b1aeaa4988e07f5b786f403556de18449ecd3a26e7c91e0eed,a7676adf7325bfb343f6c417192d290b066bce867e21167f03dea860d196b49e,0,8,0.3,3672,3285,1377,0.0,0.0,0.0,0.0,0.0,0,False,0.054466230936819175,0.054466230936819175,0.0,4.0,4.0,0,False,3,3,0,0.0545,4.0,29.276,0,False,48.794,0.0,86acaf914dc35a077e64b09ee39d519f584e935185988002c865d27dd58a806c,3.092
TMYx,detached,run_1130,random64,9.188456848978468,11.639043127509634,2.559744911138821,29.410840417817724,0.1117948532135704,0.2858457406091068,0.2595794543528447,0.1999165833637279,1.1743911222239498,0.471472375004214,0.5367601190449024,0.0117616437190273,0.2970725510522888,0.433698314360111,combined,ok,dad39ab6947f659edb307674c59b1a513deffd1bb98462f131cd9dd3e825c050,a7676adf7325bfb343f6c417192d290b066bce867e21167f03dea860d196b49e,0,8,0.3,3672,3285,1377,0.0,0.0,0.0,0.0,0.0,0,False,0.0,0.0,0.0,0.0,0.0,0,False,0,0,0,0.0,0.0,28.641,0,False,15.8499,0.0,2dd9aadcbce6d95508d6cf16d2c729ca8f6c3d6c1b71d8e0c3b51419536d0543,3.261
TMYx,detached,run_1192,random64,6.574979979831511,11.394826702694091,2.6678524442714378,83.01673689334608,0.3565625542057532,0.2467632876240327,0.0518339126921443,0.087289463380345,1.2028290993735582,0.4784511509089152,0.6693643480800702,0.0064013535611167,0.4547676125272111,0.8704605859623464,combined,ok,6691fb45405ae0e6e98ec364e69b6c2f5d8cbdcb2e323766ceec3b2b4aff6359,a7676adf7325bfb343f6c417192d290b066bce867e21167f03dea860d196b49e,0,8,0.3,3672,3285,1377,0.10893246187363835,0.10893246187363835,0.0,7.0,7.0,0,False,0.2178649237472767,0.2178649237472767,0.0,9.0,9.0,0,False,1,1,0,0.2179,9.0,29.804,0,False,187.8701,0.0,07d7022b7ed156d8f940cd64a6ae7d013525431899e477e2dfe432fab14f6c91,3.233
TMYx,detached,run_1197,random64,9.55307660622851,10.935446202367611,2.651431698797591,89.14333515226049,0.2043520540065082,0.2592494770209894,0.0576746329066228,0.0781157588360924,2.1857332563991227,0.2060785959940542,0.5149724560393532,0.0076651831377733,0.6733006645411621,0.4720333855727691,combined,ok,7394fcc1ec2d69f95c431fbc62578aa504c1d44647b99c4e43a96bd692da522a,a7676adf7325bfb343f6c417192d290b066bce867e21167f03dea860d196b49e,0,8,0.3,3672,3285,1377,0.0,0.0,0.0,0.0,0.0,0,False,0.0,0.0,0.0,2.0,2.0,0,False,0,0,0,0.0,2.0,28.681,0,False,42.6791,0.0,dc0b6543f4412009e23f221debdc74322a54b82d4d02ef9566d2d176d42c2696,3.131
TMYx,detached,run_1199,stress16,8.893313295309667,6.752916196560016,2.775376919971335,90.13627347871588,0.1083033134047148,0.1785539237225437,0.0601924888116002,0.0886989224971885,1.0127404186376616,0.4736069389205135,0.8365327423703692,0.0052546015723922,0.7998494879171348,0.7537545170074853,combined,ok,be5716d0c3b4c64c8611e237595adbc1f04900bca326455274b3d822b6989bd1,a7676adf7325bfb343f6c417192d290b066bce867e21167f03dea860d196b49e,0,8,0.3,3672,3285,1377,0.0,0.0,0.0,3.0,3.0,0,False,0.0,0.0,0.0,4.0,4.0,0,False,1,1,0,0.0,4.0,29.097,0,False,68.1633,0.0,ea53be270a38dd8b54c4b8737fe2449d8ade58d549b72dcd41b13c4fb0cb648b,3.206
TMYx,detached,run_1207,random64,9.168130791502008,9.004696072729846,2.8115599835956373,142.9180739985565,0.1284202723692254,0.1867752178704292,0.3348439656423181,0.1317711005700411,2.4118781979192816,0.4565266167997619,0.610364497850469,0.004851525079017,0.1978381158264388,0.9603135205592784,combined,ok,76cfd539927689fb5836af41c4257a2f77772d784c20c3f120020b7b26bc5533,a7676adf7325bfb343f6c417192d290b066bce867e21167f03dea860d196b49e,0,8,0.3,3672,3285,1377,0.0,0.0,0.0,0.0,0.0,0,False,0.0,0.0,0.0,0.0,0.0,0,False,0,0,0,0.0,0.0,28.708,0,False,19.2239,0.0,17f1d6fd74a57e53aa4f24e290bb11547a1134ba2a8f1c511186fc309aeaebee,3.196
TMYx,detached,run_1209,random64,8.118074804521358,11.978193458414612,2.9036564697751355,244.9524063171716,0.3754156589993933,0.1220701597070463,0.1432447265725567,0.0531746170798,1.5295117539422654,0.5948510668405462,0.606964077683358,0.0056553556870505,0.480152133711234,0.6399576848879639,combined,ok,74b637b48aadd04a74a4c9e08d3590aed3d1576f40fff903d29145fdacceb3c3,a7676adf7325bfb343f6c417192d290b066bce867e21167f03dea860d196b49e,0,8,0.3,3672,3285,1377,0.40849673202614384,0.40849673202614384,0.0,13.0,13.0,0,False,0.3812636165577342,0.3812636165577342,0.0,14.0,14.0,0,False,2,2,0,0.4085,14.0,30.363,0,False,263.5737,0.0,ffa80a78ae5bd9a0b80275fd076a31c4e73cf0ce74a371d40a7b3b02c75c7a55,3.237
TMYx,detached,run_1214,stress16,7.588108618860515,7.752734140780623,2.826539668699661,130.3981801828211,0.3484607578703986,0.1342467316483606,0.1687813557233073,0.1611491128809359,1.000533177193956,0.6979521394451516,0.3042607275737717,0.007184911846836,0.7742265557708546,0.5938512492331808,combined,ok,1ebeed23d510983a0c3770c63936811c87cc7dab6ad90c075377c44af3326dd6,a7676adf7325bfb343f6c417192d290b066bce867e21167f03dea860d196b49e,0,8,0.3,3672,3285,1377,1.1437908496732025,1.1437908496732025,0.0,21.0,21.0,0,False,0.8169934640522877,0.8169934640522877,0.0,19.0,19.0,0,False,16,73,57,1.1438,21.0,31.224,0,False,780.9118,0.0,7e841ab58dbb9b1a3bfdfaf9cf11b8d14a4867a46185b379473f8470c6535fbf,3.559
TMYx,detached,run_1248,random64,9.06874655668104,6.39714339888123,2.4388587665273502,227.04203511645017,0.300438463458426,0.1826052445691555,0.3125340008743582,0.017922370396233,1.828155892567156,0.634732281708217,0.5900520904862452,0.0086471631277632,0.744025489137654,0.0859871297257144,combined,ok,9c697b3dc58aa67859733aa5af66ab87df6fc1637c2b5716f60f6884770c6937,a7676adf7325bfb343f6c417192d290b066bce867e21167f03dea860d196b49e,0,8,0.3,3672,3285,1377,0.40849673202614384,0.40849673202614384,0.0,12.0,12.0,0,False,0.40849673202614384,0.40849673202614384,0.0,12.0,12.0,0,False,1,1,0,0.4085,12.0,30.506,0,False,444.0843,0.0,3c4c4d608a97834884f8be5a3e102ee6bffe97f062a335882bd5e0943ab410f5,3.247
TMYx,detached,run_1268,random64,8.672107632349496,6.077241426467557,2.800377196115221,248.79991969356283,0.3247953487491061,0.0219064414200164,0.0826480006959761,0.1562970222400376,2.814679622664271,0.6718729366355661,0.6906200825760328,0.0011846727722075,0.1220025434097146,0.2148351272313768,combined,ok,1786e80818c6057fe94a0f6d0188f5e5ac5a9ace452dce60670a09483ea975ea,a7676adf7325bfb343f6c417192d290b066bce867e21167f03dea860d196b49e,0,8,0.3,3672,3285,1377,1.6884531590413945,1.6884531590413945,0.0,30.0,30.0,0,False,1.3616557734204793,1.3616557734204793,0.0,27.0,27.0,0,False,24,24,0,1.6885,30.0,31.759,0,False,87.2837,0.0,6eee76fb18718c8ef65a42347f7a33697f2953f026d0af5fc2eba102569bff68,3.218
TMYx,detached,run_1274,random64,6.241960005906613,10.399629191334888,2.8831521889224567,182.0303542420824,0.3893387920102038,0.2765961269867158,0.2263723592999344,0.0811994462666564,1.6006253230049623,0.428158997554932,0.6483239736954343,0.0098985746010797,0.660318092457969,0.5707357570475454,combined,ok,c88aece4bd79823d1dbb4fa9a93024cdefee1fb706b5ba0c15d04648a4f1d328,a7676adf7325bfb343f6c417192d290b066bce867e21167f03dea860d196b49e,0,8,0.3,3672,3285,1377,0.3540305010893246,0.3540305010893246,0.0,12.0,12.0,0,False,0.2995642701525054,0.2995642701525054,0.0,11.0,11.0,0,False,1,1,0,0.354,12.0,30.295,0,False,410.9409,0.0,5584adbcdf6b4bd2f8310832cdb68a2cf272d1e1724ce0b7b9fe3ddae95f77c1,3.307
TMYx,detached,run_1295,random64,9.700875846736846,11.393976617728896,2.625245447765509,15.055808046872396,0.1106551028886222,0.1052395899485283,0.0428257154219093,0.0339409350855904,4.282889671851096,0.2731703980561324,0.697609692323854,0.0071462703374351,0.7016648928179255,0.864958402476004,combined,ok,2ca293c1befdc5c1a89475a396157f149b1889ff4703134dc80826d693ec2a6d,a7676adf7325bfb343f6c417192d290b066bce867e21167f03dea860d196b49e,0,8,0.3,3672,3285,1377,0.0,0.0,0.0,0.0,0.0,0,False,0.0,0.0,0.0,1.0,1.0,0,False,0,0,0,0.0,1.0,28.666,0,False,41.7347,0.0,3da3b0d03a0e4cbd3d973d027f99c195b3df408c27a47d58626bc81e5321cd4e,3.091
TMYx,detached,run_1311,random64,9.165362455102658,7.340987815898325,2.8133939339727108,305.0567196793675,0.1889324964091247,0.0323126599434309,0.1588020548110891,0.026092481744294,1.1716059785701818,0.6238515161870499,0.5930562544217899,0.0094844252584585,0.5560536106491164,0.7347389973183898,combined,ok,98d5f5ed83d384e2d3881f523497e5a082ded29a1fd2dfcded993df135e22dbe,a7676adf7325bfb343f6c417192d290b066bce867e21167f03dea860d196b49e,0,8,0.3,3672,3285,1377,0.10893246187363835,0.10893246187363835,0.0,5.0,5.0,0,False,0.10893246187363835,0.10893246187363835,0.0,6.0,6.0,0,False,2,2,0,0.1089,6.0,29.707,0,False,100.9264,0.0,61d13cf5c62120c1569e98124be52c576940a1a7e7ffe942f891188175655b74,3.194
TMYx,detached,run_1388,random64,9.678814831103882,8.915890074047772,2.800541899467576,218.74280184445405,0.1098036268680505,0.2727958848646888,0.3439519392324434,0.136424623817726,2.406438737900367,0.2924614656342366,0.358399055620711,0.0107980260130701,0.4314042170048758,0.6522212139098633,combined,ok,44199b70a8493a7ba0d2dec6e03cb70b0d5fbbae8e1e25b8654f550dfc83f089,a7676adf7325bfb343f6c417192d290b066bce867e21167f03dea860d196b49e,0,8,0.3,3672,3285,1377,0.0,0.0,0.0,0.0,0.0,0,False,0.0,0.0,0.0,0.0,0.0,0,False,0,0,0,0.0,0.0,28.321,0,False,23.8549,0.0,8188eee8ee57253b8b06da4da238c92af2d9dd74ec11a58e357e7be2dddff299,3.19
TMYx,detached,run_1391,random64,9.65754037174086,7.371418965081008,2.4723911477589064,245.60981709998856,0.1947631756497077,0.2039411843608119,0.1074218120281111,0.0162622533962714,4.722810987580656,0.4500350593640352,0.4151046102651455,0.0083872118280736,0.1148113999145338,0.1106668227864503,combined,ok,5d736601f3ad74e3a8d280faac78db180e78bddbef54d238b931975ae82aacd8,a7676adf7325bfb343f6c417192d290b066bce867e21167f03dea860d196b49e,0,8,0.3,3672,3285,1377,0.08169934640522876,0.08169934640522876,0.0,5.0,5.0,0,False,0.08169934640522876,0.08169934640522876,0.0,5.0,5.0,0,False,2,2,0,0.0817,5.0,29.463,0,False,38.7261,0.0,14ba6639b88f3bc73de8d47189361070e24ee76a4ea7ed1508ffc85332f4d66a,3.084
TMYx,detached,run_1416,stress16,7.611423563474337,8.698251521688531,2.426406411760429,121.28644403903304,0.2515937716162215,0.0800541981528088,0.2307818781610998,0.0347059324643584,3.835273389438587,0.5544241075079898,0.5745584674183433,0.0058908240493479,0.1000232333706224,0.4592619165338935,combined,ok,be92d63e64c6c4c4111641287e3302892fed5428d0250cd258f753ab21a1e947,a7676adf7325bfb343f6c417192d290b066bce867e21167f03dea860d196b49e,0,8,0.3,3672,3285,1377,0.27233115468409586,0.27233115468409586,0.0,12.0,12.0,0,False,0.24509803921568626,0.24509803921568626,0.0,11.0,11.0,0,False,4,4,0,0.2723,12.0,30.156,0,False,40.0457,0.0,151b9a71ea8b0946b4dd4506778e2e42e10f08bc16357572d454ff8a323cac64,3.229
TMYx,detached,run_1434,random64,9.159539081356815,6.688059520298238,2.9750873857625546,146.8680349805886,0.109342487245402,0.2408929006163872,0.3256769736107116,0.1251180578113211,1.4006317331367033,0.4093604062094604,0.6924091355483194,0.0058060970619586,0.7515582151715556,0.0608321572405057,combined,ok,2982fed8555e5020b7f846464c0fc2026f112cc72ecd65b9d3571d7ca08ec4c7,a7676adf7325bfb343f6c417192d290b066bce867e21167f03dea860d196b49e,0,8,0.3,3672,3285,1377,0.0,0.0,0.0,3.0,3.0,0,False,0.0,0.0,0.0,3.0,3.0,0,False,0,0,0,0.0,3.0,28.89,0,False,66.6049,0.0,5fcb4ea0beda9e7788126231a1b200c1f22cdb410781ef068c00b8b51b3213a3,3.253
TMYx,detached,run_1476,random64,8.896156594940386,11.970459088733485,2.620502673500708,170.28638121673248,0.269002831698218,0.1073848132959912,0.2221615330765761,0.0858084946392574,2.270012833340684,0.6822472892294835,0.5392405542224693,0.0094663221482832,0.4521300487922157,0.0581779318396109,combined,ok,75cf44e8052f5f3e316a7a8f315dee793b7bb4a6faf1224cea78696cd21674b4,a7676adf7325bfb343f6c417192d290b066bce867e21167f03dea860d196b49e,0,8,0.3,3672,3285,1377,0.3540305010893246,0.3540305010893246,0.0,12.0,12.0,0,False,0.32679738562091504,0.32679738562091504,0.0,12.0,12.0,0,False,3,3,0,0.354,12.0,30.142,0,False,132.2978,0.0,ce37a6b03182aaadd830bcbc71e806b8abfe6308d3df78e27ab02b396b224755,3.236
TMYx,detached,run_1497,random64,7.421317417293777,10.6593604485645,2.9548445771602987,261.1277326472027,0.2244213548236318,0.2418386953001862,0.2465311795559595,0.0147862579323263,2.8483385115597724,0.4803905389117479,0.4721117267540718,0.0077261404064099,0.4160685386235552,0.2127917230392205,combined,ok,791b8e6519dcc61e1793d5a46b701888e249f21a1a00ff0562bc5a98bf6c48ed,a7676adf7325bfb343f6c417192d290b066bce867e21167f03dea860d196b49e,0,8,0.3,3672,3285,1377,0.08169934640522876,0.08169934640522876,0.0,6.0,6.0,0,False,0.08169934640522876,0.08169934640522876,0.0,5.0,5.0,0,False,0,0,0,0.0817,6.0,29.361,0,False,72.9758,0.0,137cff6ff14f8e94bdeebe8f6524752c677815cb7e14a2ea7cd2a0d1f9892706,3.16
TMYx,detached,run_1506,stress16,6.2866920665226385,7.327960484063865,2.5822380381929033,189.673299274303,0.3538022528888858,0.2874668373726368,0.1967792742001886,0.1471820880565589,0.8240748358340548,0.6355675011074757,0.8989283259639178,0.0069614963780197,0.553966653681584,0.1297716817744924,combined,ok,8b0cee648e75dbef504a1ddce0d32b67399c05951185441fc6f8908e1aa76eba,a7676adf7325bfb343f6c417192d290b066bce867e21167f03dea860d196b49e,0,8,0.3,3672,3285,1377,1.4161220043572984,1.4161220043572984,0.0,22.0,22.0,0,False,1.1165577342047932,1.1165577342047932,0.0,22.0,22.0,0,False,34,201,167,1.4161,22.0,31.341,0,False,672.0118,0.0,9ce164e8594e78432545baea2106ba148514f998087f6a3e421490972adb5f96,3.683
TMYx,detached,run_1521,stress16,9.012734726045109,9.28296620531424,2.915879467533671,0.136299530314857,0.3824926050117646,0.1021758966296917,0.2940879731173014,0.1904610869987471,1.664067808950167,0.4572585928006668,0.8515223334861499,0.0062513542391962,0.5638087322452537,0.6878542590040975,combined,ok,e4cf5c68d845a6cc2eb6721416bf9c6fde05702fdc4f932174582231cba6cbfd,a7676adf7325bfb343f6c417192d290b066bce867e21167f03dea860d196b49e,0,8,0.3,3672,3285,1377,0.24509803921568626,0.24509803921568626,0.0,10.0,10.0,0,False,0.24509803921568626,0.24509803921568626,0.0,10.0,10.0,0,False,1,1,0,0.2451,10.0,29.924,0,False,265.8472,0.0,5d2abd39c7aeba4fc910aea10129c357d0c8353bc06183eedf8264c33dad60aa,3.403
TMYx,detached,run_1525,random64,6.457818039323073,8.809230062809032,2.562716674463898,49.7482730803186,0.2403944250818863,0.2846260247543987,0.3217419947342414,0.1387539273115936,1.7741620338632282,0.2609813408015647,0.5792514428957727,0.0024585619456096,0.2421969198902897,0.8231806734055043,combined,ok,03db2350bb86a05d83b2430fc7ac6f4810bcf74d79fe3949aa32529214e29619,a7676adf7325bfb343f6c417192d290b066bce867e21167f03dea860d196b49e,0,8,0.3,3672,3285,1377,0.0,0.0,0.0,3.0,3.0,0,False,0.0,0.0,0.0,3.0,3.0,0,False,0,0,0,0.0,3.0,28.925,0,False,40.5172,0.0,abad445054b9f8620f92b85557fa6c2994def37ece89e06edea70f610c148d4b,3.225
TMYx,detached,run_1560,random64,8.618546381821407,6.051034448405187,2.563634775254617,139.91787914607664,0.3728893152141903,0.0570155616799874,0.2154460301853953,0.1479278899395301,4.058721782989339,0.6659321263772808,0.7110283895432115,0.0073155256822709,0.1839498514363129,0.1617868224834594,combined,ok,1de43a0e2c65b03ca2124a41a57ea0f805f72cd58e4bfe0e202b38b9681e21aa,a7676adf7325bfb343f6c417192d290b066bce867e21167f03dea860d196b49e,0,8,0.3,3672,3285,1377,1.661220043572985,1.661220043572985,0.0,27.0,27.0,0,False,1.3344226579520697,1.3344226579520697,0.0,23.0,23.0,0,False,8,8,0,1.6612,27.0,31.676,0,False,118.5238,0.0,c097296b04e5a63f70615e906bf05ca31898c341f5fce50f19de74c255cde420,3.306
TMYx,detached,run_1586,random64,7.747757047886595,11.109613081305676,2.9866762545648577,108.774751399816,0.1181454529476654,0.1724322000054217,0.293250208478728,0.0738549335860083,1.3729096971837715,0.6260524756906012,0.790159768280496,0.0036748512051892,0.4427272594461767,0.8603068835744438,combined,ok,03b078ec9ee86a850bc64c3aec6852e03e019312889da17af04dc3aed89c8dc8,a7676adf7325bfb343f6c417192d290b066bce867e21167f03dea860d196b49e,0,8,0.3,3672,3285,1377,0.0,0.0,0.0,2.0,2.0,0,False,0.0,0.0,0.0,2.0,2.0,0,False,0,0,0,0.0,2.0,28.894,0,False,40.5346,0.0,0b31044c44887193b93dd8d495fe906dd835c621b95d10a239024192a06aa83e,3.244
TMYx,detached,run_1590,random64,7.984975108428764,7.272084694858215,2.9967721614941327,16.420420319362826,0.374850431931708,0.2382439942207673,0.1776304878605744,0.1160904554759672,4.877151087201141,0.6916489142509208,0.5069503827545674,0.0011912769261439,0.3291501951241186,0.2604131781675038,combined,ok,a79c0b0f53805b74f31cb90a2b139f116e75b8dfe34e5747d84aa2163af20a5e,a7676adf7325bfb343f6c417192d290b066bce867e21167f03dea860d196b49e,0,8,0.3,3672,3285,1377,1.6067538126361656,1.6067538126361656,0.0,22.0,22.0,0,False,1.1437908496732025,1.1437908496732025,0.0,21.0,21.0,0,False,3,3,0,1.6068,22.0,31.46,0,False,206.8159,0.0,af0c4330a73b85fc270546f5b2a4a553376dc266306d377c94e8f5c4f56befb0,3.486
TMYx,detached,run_1644,random64,6.39767913222991,11.797192158414513,2.8741057290164034,172.93019711264748,0.2443328744309624,0.252661328529406,0.2135477168394144,0.1397092179377648,1.093053406242568,0.5224268206844807,0.6239387086788434,0.0026953973078216,0.5019253197830181,0.9038595290358232,combined,ok,c2cc187da7630bef7e85c428ed193481406ac987b7ae698f89d4d0946de3dc51,a7676adf7325bfb343f6c417192d290b066bce867e21167f03dea860d196b49e,0,8,0.3,3672,3285,1377,0.10893246187363835,0.10893246187363835,0.0,7.0,7.0,0,False,0.10893246187363835,0.10893246187363835,0.0,6.0,6.0,0,False,1,4,3,0.1089,7.0,29.657,0,False,189.0142,0.0,cbd10d64b30f2ca4f240600998bbffe8bbec8fc2341dd3485de6edab68290ced,3.421
TMYx,detached,run_1646,random64,7.704557801580717,7.128280265544657,2.985540612715578,90.2906293972771,0.2105791800179474,0.0205307922429049,0.2339133981377427,0.0889463263478779,3.2049811873074887,0.2345347956220673,0.7570779081491665,0.0090267774481236,0.1607423062503069,0.6682748532100452,combined,ok,85065238e26bfcd996d72af915f12ab76c43a937f0feea96505dd883d84f42a8,a7676adf7325bfb343f6c417192d290b066bce867e21167f03dea860d196b49e,0,8,0.3,3672,3285,1377,0.0,0.0,0.0,3.0,3.0,0,False,0.0,0.0,0.0,3.0,3.0,0,False,1,1,0,0.0,3.0,29.097,0,False,81.583,0.0,0f3ee204043edbef3f0b9fab512aa0dfa5d5bfa09b741b3ac507a84adde612a8,3.088
TMYx,detached,run_1649,random64,9.736147602912038,10.293830928868562,2.662571832425947,261.8578276782381,0.3568398205583376,0.1736460837266733,0.0292153490257981,0.1395424927110858,3.027824367046392,0.3485365751342671,0.5736479117806575,0.0093034189208943,0.1802858271940285,0.2413181201408213,combined,ok,fe60a23ff15b5671157babc8e654f1993fa823405cddb9bbdb22a24e5cd138da,a7676adf7325bfb343f6c417192d290b066bce867e21167f03dea860d196b49e,0,8,0.3,3672,3285,1377,0.10893246187363835,0.10893246187363835,0.0,6.0,6.0,0,False,0.16339869281045752,0.16339869281045752,0.0,9.0,9.0,0,False,1,1,0,0.1634,9.0,29.774,0,False,57.0289,0.0,2795844fa2044ac1652d022504583ec8621cebf762a733b84618683b72db9645,3.274
TMYx,detached,run_1739,random64,7.0067584701546775,7.896320285135133,2.607552142148133,280.19987496754726,0.1450303105282448,0.1623355493384067,0.0470016966853491,0.0487067994752944,4.395256339439079,0.3917146171940208,0.4653154678313737,0.0018438971710637,0.2816835467096806,0.9364410289315754,combined,ok,a918637b140e5e7c8a2c5ac4b907d676764191c9fb4db9ca8a22ea7df7fd967f,a7676adf7325bfb343f6c417192d290b066bce867e21167f03dea860d196b49e,0,8,0.3,3672,3285,1377,0.0,0.0,0.0,0.0,0.0,0,False,0.0,0.0,0.0,3.0,3.0,0,False,0,0,0,0.0,3.0,28.755,0,False,46.8442,0.0,d4113681ab080464c5cc79496ee094a1163dfc656ba13eb6eee6fcd63669937f,3.161
TMYx,detached,run_1746,random64,6.23256062077348,7.414538430795666,2.655653759263532,340.754870353403,0.13092892283432,0.2982663087100041,0.1605365316546335,0.0545709109003138,2.521385471538734,0.5672064169838165,0.8340818965891381,0.0087833495903115,0.3674619067684775,0.3091781887796459,combined,ok,70f587642c4b982ed99720cef2f7f5be84349d8947516da342d1bad23ddcc165,a7676adf7325bfb343f6c417192d290b066bce867e21167f03dea860d196b49e,0,8,0.3,3672,3285,1377,0.0,0.0,0.0,5.0,5.0,0,False,0.027233115468409588,0.027233115468409588,0.0,5.0,5.0,0,False,1,1,0,0.0272,5.0,29.301,0,False,52.3257,0.0,d99180038794867453df6220af82f4167f55c717dae5aceb5ebb2c08a42eef6a,3.288
TMYx,detached,run_1748,random64,8.865043866167335,9.32232367224116,2.411805454746041,285.0228183144822,0.2601155219316617,0.0241020441173013,0.3259814484022454,0.0106359142239752,1.871163696480397,0.666161525830226,0.7796183023181407,0.0104967871326783,0.4218745196949143,0.1008415346970952,combined,ok,d89d6859ad733bf292a8967b07e29bcc0a56c311b64e57931cbfe7bf1d2b1e35,a7676adf7325bfb343f6c417192d290b066bce867e21167f03dea860d196b49e,0,8,0.3,3672,3285,1377,0.27233115468409586,0.27233115468409586,0.0,10.0,10.0,0,False,0.2995642701525054,0.2995642701525054,0.0,11.0,11.0,0,False,4,4,0,0.2996,11.0,30.092,0,False,110.2767,0.0,c4c567329eeb4dbee8e34f47f1fe59ccc52c6c5356fb9a74661bc24111160bef,3.315
TMYx,detached,run_1757,random64,8.689011587231436,9.670794600545737,2.8367080033490657,223.1820686943364,0.2790156756182473,0.233231484877794,0.2229056782795074,0.0219445143738869,2.4426468738886213,0.695436098987765,0.4138722842570862,0.0021376128078927,0.7624905536858017,0.3826218271406786,combined,ok,5b36c860af7d038bfa601f28b3e5cc780b54aa9fe9b70b6e0c6dd8bda9b5ad34,a7676adf7325bfb343f6c417192d290b066bce867e21167f03dea860d196b49e,0,8,0.3,3672,3285,1377,0.3540305010893246,0.3540305010893246,0.0,12.0,12.0,0,False,0.3540305010893246,0.3540305010893246,0.0,12.0,12.0,0,False,1,1,0,0.354,12.0,30.31,0,False,313.5053,0.0,34e58946db922ee0086a9c986c02818e1150466fa0a32e8ed2413f27152cbea6,3.319
TMYx,detached,run_1759,random64,7.770853395902289,11.734651985798616,2.640716419960252,358.1951472874119,0.2392442626409085,0.0619317660019336,0.2680148272014561,0.0713851201696387,3.692960708429269,0.309230268935296,0.8284867367488444,0.0042700449738642,0.1941970618042965,0.3098326417434174,combined,ok,b49f1583edb6d2e057afd9d7bbcbe3b665f217fb87d289ff3f1ac6c7ff853cff,a7676adf7325bfb343f6c417192d290b066bce867e21167f03dea860d196b49e,0,8,0.3,3672,3285,1377,0.0,0.0,0.0,5.0,5.0,0,False,0.0,0.0,0.0,5.0,5.0,0,False,1,1,0,0.0,5.0,29.215,0,False,47.5514,0.0,562bd1fad4b84adfcc32f820811e4c756f6f7a00ff5b24e9a6254ded7cb15c10,3.295
TMYx,detached,run_1762,random64,9.10299394629691,6.779582727335279,2.989275662945607,119.36711299854213,0.2896453149172316,0.2698470947551495,0.1312331561461008,0.1120147306410807,3.947758679951738,0.3260696200660214,0.871151367818841,0.0024798400021639,0.4952905773332156,0.7995979321668514,combined,ok,7231668d2bb5ed6e3760f2a1e9878bfa6b83a32da3b54f1d112bd216e55853c6,a7676adf7325bfb343f6c417192d290b066bce867e21167f03dea860d196b49e,0,8,0.3,3672,3285,1377,0.08169934640522876,0.08169934640522876,0.0,5.0,5.0,0,False,0.08169934640522876,0.08169934640522876,0.0,5.0,5.0,0,False,0,0,0,0.0817,5.0,29.551,0,False,88.5403,0.0,e08e9c3f9557b79539d488b141354940617d0bb22779cbba8788ddd51b5bad1e,3.262
TMYx,detached,run_1801,stress16,6.00576001816857,7.013962111137016,2.7433188979982543,109.1497624166458,0.1602648638294917,0.1227865119203586,0.3499141985699189,0.1295636363487694,1.1038623265201388,0.6054454417845063,0.4641422082425226,0.0116755889462249,0.6213755463936661,0.0271509346069509,combined,ok,475cae3e021b9ee7751034d1dfab812cfc190a8bba9ee9f6cb6a63b671cc3a4a,a7676adf7325bfb343f6c417192d290b066bce867e21167f03dea860d196b49e,0,8,0.3,3672,3285,1377,0.16339869281045752,0.16339869281045752,0.0,9.0,9.0,0,False,0.10893246187363835,0.10893246187363835,0.0,7.0,7.0,0,False,1,1,0,0.1634,9.0,29.755,0,False,164.1256,0.0,14e2c33fb404fd5009416085324678d424a1c75d00f0033e482ed7a57e57b620,3.399
TMYx,detached,run_1809,random64,8.559445934201257,9.220111033851431,2.6174590371645094,260.51262344046665,0.1774145506572762,0.1237493562166303,0.3444827827829553,0.039503380978057,2.6965991092332593,0.3413065878960307,0.312273471145697,0.0096244804108213,0.5147813503211555,0.6028242920670521,combined,ok,3e47412f9efd7d50b1883f726a216cf01953062932277e663ae22d7bac38b018,a7676adf7325bfb343f6c417192d290b066bce867e21167f03dea860d196b49e,0,8,0.3,3672,3285,1377,0.0,0.0,0.0,1.0,1.0,0,False,0.0,0.0,0.0,2.0,2.0,0,False,0,0,0,0.0,2.0,28.7,0,False,44.6306,0.0,480a276389ad1921ded353a42063f1990a9fb159f8f36fe3e6612eff3f4340cd,3.196
TMYx,detached,run_1813,random64,6.183853880457327,6.041757376136944,2.996197412195417,18.45093673997505,0.1269063653778326,0.2359317992988121,0.2993517751632163,0.0532381299634875,2.3671403541710943,0.2805814000617515,0.7751595903775934,0.0088623444481291,0.6776984175575665,0.513229652325849,combined,ok,4a42e6d213837cc4360160f786e6734298b9a2915efb4a197f3ad150c3140f01,a7676adf7325bfb343f6c417192d290b066bce867e21167f03dea860d196b49e,0,8,0.3,3672,3285,1377,0.0,0.0,0.0,2.0,2.0,0,False,0.0,0.0,0.0,2.0,2.0,0,False,0,0,0,0.0,2.0,28.813,0,False,61.6759,0.0,dabe801a11e2dbf3421705e3ba48ef2c9f70c89d0dc2b0b0a7dd8bfcfd46c2a3,3.314
TMYx,detached,run_1851,random64,9.203475309979774,8.126740176489259,2.515033518371454,173.65265235192354,0.3260689792526782,0.0885557723085899,0.2437944100102807,0.0742750911743195,4.731739904063382,0.5087623134456867,0.4327765286791063,0.0083422560500987,0.7721184990131026,0.1324354075633587,combined,ok,6f3275f3daad75d79cfadfb26aa5abee3322a32ce2c288577931d0258f058232,a7676adf7325bfb343f6c417192d290b066bce867e21167f03dea860d196b49e,0,8,0.3,3672,3285,1377,0.1906318082788671,0.1906318082788671,0.0,11.0,11.0,0,False,0.13616557734204793,0.13616557734204793,0.0,9.0,9.0,0,False,1,1,0,0.1906,11.0,29.931,0,False,174.4501,0.0,7a32b494e2ade4245ee9fdce9d2c9b9c7fb2b4c97bfb1c62b880b909ce8ef96c,3.221
TMYx,detached,run_1864,random64,6.678309111984476,9.701169101100144,2.688116929277827,134.80691493465332,0.2652985821920491,0.20779816880664,0.234577135985692,0.1895076859779048,3.2922132632933643,0.4267807981359379,0.7891846397409084,0.0070545148468507,0.4021872024899956,0.3813972683369584,combined,ok,b9d5f0a69f5e8e225df3b2777ed5a2b928de87b4b37499d0366d0ad62bd7d89e,a7676adf7325bfb343f6c417192d290b066bce867e21167f03dea860d196b49e,0,8,0.3,3672,3285,1377,0.10893246187363835,0.10893246187363835,0.0,9.0,9.0,0,False,0.10893246187363835,0.10893246187363835,0.0,9.0,9.0,0,False,1,1,0,0.1089,9.0,29.73,0,False,92.5339,0.0,eff741bc62e66a9d8597b45fbb5d0767b19bf8e66516db1119f9dc107a668e78,3.361
TMYx,detached,run_1865,random64,8.82547862022751,9.753981614836256,2.7591122341658165,157.9041342237432,0.3438813786429799,0.2158546792043205,0.2138580906954928,0.0992738610007614,2.306245853937516,0.6386320518895993,0.8154346774417618,0.0093635246799744,0.2130728999901633,0.437296282659448,combined,ok,3bb3e2ef8c4924f81cc74caf885750680f1ce18ff3282153cd20a2449e91aa8c,a7676adf7325bfb343f6c417192d290b066bce867e21167f03dea860d196b49e,0,8,0.3,3672,3285,1377,0.789760348583878,0.789760348583878,0.0,19.0,19.0,0,False,0.6808278867102396,0.6808278867102396,0.0,17.0,17.0,0,False,7,7,0,0.7898,19.0,30.783,0,False,99.3279,0.0,2dd6c7c435a7d74eb8e8d0ebbc8d86a37dffdca20f74842d171245bc8ca174e4,3.492
TMYx,detached,run_1866,random64,6.074547528578014,10.39441441632774,2.9074407631648413,29.82417569741127,0.3735980910175824,0.056916595305462,0.2253344693331766,0.0278639344015534,3.486301963586633,0.5140651187186196,0.6700640003904912,0.006735074923467,0.6647864729323955,0.2008978179182478,combined,ok,11deb0e7863f7b5c32a0c5f9f90c1a8e96dc63179a140a1e7d5932bbd5d36581,a7676adf7325bfb343f6c417192d290b066bce867e21167f03dea860d196b49e,0,8,0.3,3672,3285,1377,0.49019607843137253,0.49019607843137253,0.0,17.0,17.0,0,False,0.4357298474945534,0.4357298474945534,0.0,16.0,16.0,0,False,1,1,0,0.4902,17.0,30.741,0,False,273.5696,0.0,2b8676c022e12ce84a5bf28c714e6278c2d894597c2a7efccf3cedd1fc252ac3,3.246
TMYx,detached,run_1911,random64,9.625788696509844,8.99756568811846,2.6870274763916577,51.13562564563569,0.1036336243021498,0.2691032643035131,0.2909092323704428,0.0553225405296898,0.9451537467761352,0.213096661780196,0.6746484122958563,0.0027892586699717,0.3857168502796336,0.6987056326408935,combined,ok,73489494ccd1cccb3c6fc7fd1ce14fe700afdd3bf3b02264479531c30a019941,a7676adf7325bfb343f6c417192d290b066bce867e21167f03dea860d196b49e,0,8,0.3,3672,3285,1377,0.0,0.0,0.0,0.0,0.0,0,False,0.0,0.0,0.0,0.0,0.0,0,False,0,0,0,0.0,0.0,28.133,0,False,18.61,0.0,317e97d411fceea2496a6a224e932b3047df38368755224d3c946a4c92300672,3.35
TMYx,detached,run_1941,stress16,8.513957236747029,6.406912918790103,2.9573824657987817,227.30992581477113,0.3814391502066491,0.1130363137032005,0.3436613789388585,0.0360638430621394,3.8372150666790352,0.6925245091293201,0.8339536192169092,0.0057582855884426,0.5537019522177968,0.4107181886048088,combined,ok,a17ea3af6bc79103ae968b472c4017e0d24b1fbfc130c6bf7662be8733013baf,a7676adf7325bfb343f6c417192d290b066bce867e21167f03dea860d196b49e,0,8,0.3,3672,3285,1377,1.443355119825708,1.443355119825708,0.0,22.0,22.0,0,False,1.0348583877995643,1.0348583877995643,0.0,21.0,21.0,0,False,3,3,0,1.4434,22.0,31.401,0,False,402.0535,0.0,a55190210d13f6eacbe4042c52b0978136b4dc12d2dbfcf4c98ca47dfcdc598d,3.35
TMYx,detached,run_1952,random64,6.90071229300299,6.937283565323205,2.560373385344838,346.0353191567952,0.2877198939545087,0.2888430195687625,0.1275638899296872,0.0713325995335073,4.595601180263259,0.2098584867753312,0.4525467845450036,0.0051246806394883,0.2908505919263405,0.91113436469536,combined,ok,68b3139eaebbbfb8175c31916627ec600c275b22eac4a41c05cbecd0e3894089,a7676adf7325bfb343f6c417192d290b066bce867e21167f03dea860d196b49e,0,8,0.3,3672,3285,1377,0.0,0.0,0.0,2.0,2.0,0,False,0.0,0.0,0.0,3.0,3.0,0,False,0,0,0,0.0,3.0,28.848,0,False,69.9179,0.0,ab281557d24b28c404192248ecac892605d8bafbc7ba8442ccfd1ff277d7f212,3.185
TMYx,semi,run_0000,stress16,8.290452087902889,9.418683364680744,2.7012424206240264,22.194473754769316,0.1796358733978168,0.0781535347590126,0.0281263147984265,0.1023603238909987,3.7187309613713815,0.2848874035155261,0.8851887605927302,0.0041794027925613,0.4679746472079719,0.7780886191933646,combined,ok,13f3813340826b9ac355e61fc32465edc2014b070dada062e5dd4bf2497b8e6c,a7676adf7325bfb343f6c417192d290b066bce867e21167f03dea860d196b49e,0,8,0.3,3672,3285,1377,0.0,0.0,0.0,0.0,0.0,0,False,0.027233115468409588,0.027233115468409588,0.0,5.0,5.0,0,False,1,1,0,0.0272,5.0,29.201,0,False,48.3447,0.0,6087cd464232c5671ef04868e5cc0347f81baafcc25985ee68a4cfaea5cc0d1d,3.257
TMYx,semi,run_0015,random64,7.108611475128714,6.493256650172337,2.557740067304502,196.7752575852872,0.3508426889305577,0.0691978473194322,0.1775662031153719,0.1504932433886532,1.1382521186428864,0.3634006054515437,0.3251097153924657,0.0053423127877505,0.7756179975255327,0.2215221883714765,combined,ok,b65901d15ecde4e7f7fe8af0db62f05dffc08bd8694bcf2ab59252800f017dd7,a7676adf7325bfb343f6c417192d290b066bce867e21167f03dea860d196b49e,0,8,0.3,3672,3285,1377,0.08169934640522876,0.08169934640522876,0.0,6.0,6.0,0,False,0.054466230936819175,0.054466230936819175,0.0,4.0,4.0,0,False,0,0,0,0.0817,6.0,29.421,0,False,253.9956,0.0,bdc72f0f84c8a470f999205f491887b32b31a868bffb3cc074fdbfe5de927cee,2.936
TMYx,semi,run_0023,random64,8.817343277589991,7.85539369563051,2.609145431853368,18.96253427869918,0.1742793412258079,0.1120027552699704,0.044072150885244,0.1176076252166526,3.9736567243591487,0.2414493988517185,0.6054915605613544,0.0048067660451242,0.6942537640069445,0.341692810129729,combined,ok,0bbbc8fa9287b29b40d2d3094c84a021d06597d175c6931f62d65628d09dbf28,a7676adf7325bfb343f6c417192d290b066bce867e21167f03dea860d196b49e,0,8,0.3,3672,3285,1377,0.0,0.0,0.0,0.0,0.0,0,False,0.0,0.0,0.0,3.0,3.0,0,False,0,0,0,0.0,3.0,28.838,0,False,46.7701,0.0,f85f27e7ffa809058857bfc042bce7a3a9c806dfb7236ab32e17246aecec4d5e,3.251
TMYx,semi,run_0029,stress16,8.203432183124272,6.408489310261017,2.8640680741404387,300.7801611485146,0.150600147289584,0.0170107318727439,0.045297803381865,0.0140947818271048,0.8776391010432707,0.6886897929854896,0.5132570934374501,0.0061052277763261,0.1044806285204754,0.4880446808864345,combined,ok,0c3b08a73ce7706f5234ae6aafb809f64a08a1e43bb4e58156c4668b513cc55c,a7676adf7325bfb343f6c417192d290b066bce867e21167f03dea860d196b49e,0,8,0.3,3672,3285,1377,0.32679738562091504,0.32679738562091504,0.0,12.0,12.0,0,False,0.3812636165577342,0.3812636165577342,0.0,12.0,12.0,0,False,28,28,0,0.3813,12.0,30.291,0,False,41.2492,0.0,f2b8358f3ecac9754b23d071e8a02fe0fcf147becac7a5e86a5e68f0509453bd,3.176
TMYx,semi,run_0044,random64,6.030500032924129,7.408960521416061,2.7665628390675407,74.51262954714856,0.1781833985308706,0.2384489935374365,0.232027349722457,0.1662308275216616,3.706446374343945,0.2801471059994515,0.6879618953548321,0.0077865334940022,0.7588555884014518,0.4235989701065071,combined,ok,46cbfe469923bb36b9cc96f91aedb9481d28e65e3d41643be59c19047ed3d18d,a7676adf7325bfb343f6c417192d290b066bce867e21167f03dea860d196b49e,0,8,0.3,3672,3285,1377,0.0,0.0,0.0,3.0,3.0,0,False,0.0,0.0,0.0,3.0,3.0,0,False,0,0,0,0.0,3.0,28.885,0,False,53.2834,0.0,fe0abc6c0d79e768e7dd4df83ad271a36deaed61190df4ff888d6f34756ec701,3.259
TMYx,semi,run_0063,random64,6.5621292372608675,6.65259707923012,2.866440977345775,291.8921029230811,0.2605908839526111,0.2904109892395112,0.2396360333811598,0.1130099666030276,4.144587096716162,0.654011275402036,0.4712269209763924,0.0014834559152219,0.54773627340295,0.5710594819740411,combined,ok,906fc5db3757f30442034af063e4944e45c005980fda95842a9b4c673a1f8f94,a7676adf7325bfb343f6c417192d290b066bce867e21167f03dea860d196b49e,0,8,0.3,3672,3285,1377,0.2995642701525054,0.2995642701525054,0.0,11.0,11.0,0,False,0.27233115468409586,0.27233115468409586,0.0,11.0,11.0,0,False,1,1,0,0.2996,11.0,30.185,0,False,192.5801,0.0,b7bdc3ba3544b69e513087753bc8b58f70d114cf78f4428880e5db6dfc20dbba,3.312
TMYx,semi,run_0092,random64,9.93309790699963,8.182296197308714,2.457461454626565,111.121424386233,0.215416840146493,0.1614784962457293,0.2067813187440635,0.1045840336851818,2.5155012564866768,0.5247084843418965,0.6042830658593564,0.0091103599680866,0.403724911359604,0.9002186637947126,combined,ok,4e94d59e626679af2d73021a77622ae7e3c4561c021b0e393361aa19a700b5d8,a7676adf7325bfb343f6c417192d290b066bce867e21167f03dea860d196b49e,0,8,0.3,3672,3285,1377,0.0,0.0,0.0,3.0,3.0,0,False,0.0,0.0,0.0,3.0,3.0,0,False,0,0,0,0.0,3.0,28.856,0,False,41.0691,0.0,1495d628e057a0708b90e0b9bbd0ea6ec69550426029cb7ae8f642b76b1071e0,3.237
TMYx,semi,run_0095,random64,6.3624501841932375,11.842510228563462,2.491939053622874,295.7462251283733,0.2198554630131667,0.0400359318923531,0.1494445134899256,0.1850285440940413,4.185455890408224,0.5956563840158877,0.8831696681502195,0.0061710397040376,0.4456313827570233,0.3457178036598204,combined,ok,9ecd4684ba41c3c656841057d94b842a8c4473bbc21f17c033930255823fb120,a7676adf7325bfb343f6c417192d290b066bce867e21167f03dea860d196b49e,0,8,0.3,3672,3285,1377,0.08169934640522876,0.08169934640522876,0.0,6.0,6.0,0,False,0.10893246187363835,0.10893246187363835,0.0,6.0,6.0,0,False,2,2,0,0.1089,6.0,29.61,0,False,60.1919,0.0,518bd21fdc7a19f3adb63365bea3c6acf987d14dff57dc3af5fb4581c1af5776,3.296
TMYx,semi,run_0132,stress16,9.299175482807073,9.44472107084308,2.6246307962624016,120.97695746647544,0.359724968552603,0.1373453664935816,0.0250244188438973,0.1090851112819592,4.432529714102253,0.6489282768966091,0.8546248700739805,0.0100735542076731,0.2380461443404612,0.205503238738427,combined,ok,a16990ccf1eb7bc28d82ca6f412e723791539d8dfeb7ca1b8527b038c268f477,a7676adf7325bfb343f6c417192d290b066bce867e21167f03dea860d196b49e,0,8,0.3,3672,3285,1377,0.3540305010893246,0.3540305010893246,0.0,14.0,14.0,0,False,0.5718954248366013,0.5718954248366013,0.0,17.0,17.0,0,False,10,10,0,0.5719,17.0,30.803,0,False,71.8348,0.0,706b33c1c81ff858090be91f6de62184defab54af6af9fd3d77a3a28cafde1e6,3.245
TMYx,semi,run_0169,random64,7.695473365435487,11.227744275625916,2.4943900256809504,33.74614022217156,0.1572306658104784,0.0421425997389778,0.1619378594004896,0.0133961689752927,3.577533400781542,0.3919625146305164,0.533438368709399,0.0108911883433449,0.1066031747510421,0.8986530703328954,combined,ok,41f96f7d63cd84d17cc8d7f2da965e22f19108edf62355220d6ec10f08eab5c8,a7676adf7325bfb343f6c417192d290b066bce867e21167f03dea860d196b49e,0,8,0.3,3672,3285,1377,0.0,0.0,0.0,0.0,0.0,0,False,0.0,0.0,0.0,0.0,0.0,0,False,5,5,0,0.0,0.0,28.259,0,False,31.2919,0.0,11a83cbc74c623b02ab84b9ae3a15939a761da15af1735168d1021ce3355788c,3.059
TMYx,semi,run_0171,random64,7.494809621295749,11.22002626611558,2.7470227147731485,103.10589157010632,0.254781411116087,0.1019944879351144,0.3370655776713539,0.0445047342704688,4.389418546125397,0.6060268646263012,0.3276582681904973,0.005932140031043,0.3357054429082935,0.5638512940204532,combined,ok,cb5cc708dde195831dc0c5d34c47655118e21a2adbb6fbd73a995927b3ba3ecc,a7676adf7325bfb343f6c417192d290b066bce867e21167f03dea860d196b49e,0,8,0.3,3672,3285,1377,0.054466230936819175,0.054466230936819175,0.0,5.0,5.0,0,False,0.0,0.0,0.0,4.0,4.0,0,False,0,0,0,0.0545,5.0,29.169,0,False,47.3776,0.0,c422f46ac7562f5af42e6097d4735ece4632d10b7f07e6e984e91d6c8e83a0a7,3.124
TMYx,semi,run_0172,random64,9.655340429240898,7.24820416689231,2.42469543122848,172.6245737256148,0.1639874631194922,0.1196870715518636,0.3172583437442636,0.1578098077295352,0.9402029258114942,0.4028680909098489,0.8765797877084602,0.0023588769593888,0.2060066547113198,0.3409010096267915,combined,ok,2aadd9657c18df040f4ee5887a6314209b716dc38ea0ee040707c7c81e399e5e,a7676adf7325bfb343f6c417192d290b066bce867e21167f03dea860d196b49e,0,8,0.3,3672,3285,1377,0.0,0.0,0.0,0.0,0.0,0,False,0.0,0.0,0.0,0.0,0.0,0,False,0,0,0,0.0,0.0,28.599,0,False,14.6056,0.0,12ede31239c706165cce71dccb0e5716c2f80b2c1c89728bca0c3cd9775a28a7,3.326
TMYx,semi,run_0189,random64,8.854541179080801,10.452603750516715,2.9188006260871417,67.8876582569418,0.3641510351705923,0.0892540763860939,0.3097302387013971,0.1440692649228458,2.707948972652005,0.2832682627500669,0.6646816722211282,0.0103303899374604,0.1290129201750531,0.0948871124029668,combined,ok,e935f0f9d468b423625b7144b74363a4a320797ff8a923d72761850f64a7400a,a7676adf7325bfb343f6c417192d290b066bce867e21167f03dea860d196b49e,0,8,0.3,3672,3285,1377,0.027233115468409588,0.027233115468409588,0.0,5.0,5.0,0,False,0.027233115468409588,0.027233115468409588,0.0,5.0,5.0,0,False,1,1,0,0.0272,5.0,29.213,0,False,38.7845,0.0,5fd5ae0363bc348b16ea3b21d227aa64839b7c02de51e1563a03065023e794f0,3.194
TMYx,semi,run_0203,random64,7.977123523285825,8.285263931205199,2.712837171815562,89.35419205267758,0.1358151170477194,0.188340689716523,0.0697252800449031,0.1120892354037314,1.7190015052738117,0.5071421704296211,0.5490554865529775,0.0022577353970723,0.6310346873260598,0.5050302275796102,combined,ok,b17163c6716450b20d2a384a3b17b0e649508f94fe4f81567fe9cd441f49e032,a7676adf7325bfb343f6c417192d290b066bce867e21167f03dea860d196b49e,0,8,0.3,3672,3285,1377,0.0,0.0,0.0,2.0,2.0,0,False,0.0,0.0,0.0,3.0,3.0,0,False,0,0,0,0.0,3.0,28.827,0,False,44.0475,0.0,b554e9d6258680a7d5e12775da879ae1b58511642d957cc26e735ab47466bbba,3.173
TMYx,semi,run_0208,random64,7.080933225138338,8.151979458855823,2.6146631258077835,109.77210266794091,0.1350633821387371,0.2826211130453059,0.3158693984636647,0.1010376581025481,1.0331012809233195,0.4004981292509733,0.7085516862951541,0.001430792206345,0.6109790032078951,0.401205105008072,combined,ok,e12be8f03a44a4ded77affc6baed422052b72cd9b2358dbd01218e26968ebef4,a7676adf7325bfb343f6c417192d290b066bce867e21167f03dea860d196b49e,0,8,0.3,3672,3285,1377,0.0,0.0,0.0,0.0,0.0,0,False,0.0,0.0,0.0,0.0,0.0,0,False,0,0,0,0.0,0.0,28.599,0,False,45.2546,0.0,92a09bda47e7b2e8c76da2c967460b2d9bdf3858fe805dd41ecc6d70bebc855b,3.445
TMYx,semi,run_0239,stress16,8.966408949597819,7.177231125441284,2.4933678450716044,17.389312189459034,0.33924506984946,0.1909431656003543,0.2552562075773003,0.1590237503532047,0.8661594681833358,0.6951609206290856,0.8620318201574801,0.0106498566496832,0.1330127200193476,0.4051665189182183,combined,ok,5476ef5193f9350c719c088636d6787aabd0290ef23ebd7c591f8e439d0351c7,a7676adf7325bfb343f6c417192d290b066bce867e21167f03dea860d196b49e,0,8,0.3,3672,3285,1377,0.9531590413943355,0.9531590413943355,0.0,15.0,15.0,0,False,0.8442265795206972,0.8442265795206972,0.0,15.0,15.0,0,False,29,169,140,0.9532,15.0,30.618,0,False,51.9254,0.0,ce9d798fc1aa55b1c104ed87e29ca9a4950bbb65fd073a61ccc7b43705c018bb,3.568
TMYx,semi,run_0241,stress16,8.986985502735077,6.370726990713231,2.8262969611987976,288.55522855132386,0.3577817612158999,0.1857466310998697,0.1900534041160908,0.1183127038015254,1.180262981894609,0.5586107918959073,0.4841391966636397,0.0026352311391234,0.7606078576767147,0.3295277351670737,combined,ok,974bb0dbe7d352819ea716b8cb2bce3e7eeef6b33581d96935f349219acfcaf1,a7676adf7325bfb343f6c417192d290b066bce867e21167f03dea860d196b49e,0,8,0.3,3672,3285,1377,0.6808278867102396,0.6808278867102396,0.0,18.0,18.0,0,False,0.49019607843137253,0.49019607843137253,0.0,17.0,17.0,0,False,7,55,48,0.6808,18.0,30.801,0,False,611.0642,0.0,5f1bca17d72bbb369ce0c0ef15e626f457651222ae6763d5d1de6f90e40684a6,3.485
TMYx,semi,run_0298,random64,8.332008660398749,7.514114819729058,2.5770632840161176,32.65999947584161,0.3675082359468328,0.2612870512859359,0.1947062270800404,0.092184612395228,2.2327759245070897,0.4154681534695688,0.4491901728869033,0.0031863362642622,0.2918284207024562,0.3945965827764047,combined,ok,b00381a7574649d8c5576862389bf71af5c03d6a4c54161ca1deb509054780c6,a7676adf7325bfb343f6c417192d290b066bce867e21167f03dea860d196b49e,0,8,0.3,3672,3285,1377,0.10893246187363835,0.10893246187363835,0.0,5.0,5.0,0,False,0.10893246187363835,0.10893246187363835,0.0,5.0,5.0,0,False,1,1,0,0.1089,5.0,29.627,0,False,75.9121,0.0,efb25327ce2d3f8a89e465021a89a722d7fa748e370332445847329dfafeab55,3.29
TMYx,semi,run_0302,random64,6.464886681198625,6.461232658039725,2.595607139740693,200.15410369855252,0.1048401522366748,0.0500529154312022,0.2464765860508568,0.138708672410398,1.0994929560158817,0.5957829612933677,0.6712389000184744,0.0114188958123249,0.5764259455075901,0.8590859386058312,combined,ok,d486c3714605f2981d5dae202a3174aa92dea0e825b4ebf7cb40486676415ba5,a7676adf7325bfb343f6c417192d290b066bce867e21167f03dea860d196b49e,0,8,0.3,3672,3285,1377,0.0,0.0,0.0,0.0,0.0,0,False,0.0,0.0,0.0,0.0,0.0,0,False,0,0,0,0.0,0.0,28.799,0,False,40.3389,0.0,2cdd16cf90db2a395e36120382d76741baa1ee206706a7bd366a863c5b396931,3.316
TMYx,semi,run_0421,random64,7.259944904757417,9.95766854175178,2.9168650187863294,194.2486599421907,0.3312206235671143,0.0946711362366577,0.2923395976811948,0.0428674051588782,2.175209421544923,0.3660505438690433,0.3166605386628426,0.005912152362126,0.7213775997545232,0.4076882356228147,combined,ok,27ab0476400e98048297f1e566c7c223e74ceb30b67d8b400b9dc00ad4d9e73a,a7676adf7325bfb343f6c417192d290b066bce867e21167f03dea860d196b49e,0,8,0.3,3672,3285,1377,0.0,0.0,0.0,4.0,4.0,0,False,0.0,0.0,0.0,4.0,4.0,0,False,0,0,0,0.0,4.0,29.121,0,False,107.1376,0.0,550fc4f4c9883dd20a7dc8908b4e33b56adebb8c76fc29bbca39fbd42acc1bb8,3.208
TMYx,semi,run_0456,random64,7.235653346407408,11.709367776516928,2.5247172842449146,164.85689193046983,0.316903563356449,0.2724207622108091,0.0275777940548623,0.1306855280144903,4.841830387386058,0.3607166626987048,0.7357196636648353,0.0087398255812502,0.7615723805690275,0.6784222436994939,combined,ok,c540e9e6d72498d61888aacd3e51d85796be403b5223a411d0d8fcd619b2cd54,a7676adf7325bfb343f6c417192d290b066bce867e21167f03dea860d196b49e,0,8,0.3,3672,3285,1377,0.0,0.0,0.0,2.0,2.0,0,False,0.054466230936819175,0.054466230936819175,0.0,5.0,5.0,0,False,0,0,0,0.0545,5.0,29.274,0,False,67.5007,0.0,58de9f1414ee88d264052af642eb3869caba9b1477c5c28dd11e854020056c4a,3.203
TMYx,semi,run_0492,stress16,8.550782772522515,11.776115421222215,2.699213296519177,334.2020798495306,0.3999904372395374,0.0206995492983702,0.0607249068429463,0.0682232294671505,1.1214548050257498,0.6419965380885064,0.7204194426782291,0.0073087888941234,0.247223981405377,0.2972364509554138,combined,ok,9c4931b6222d41b9615bbde4706b92889fa43bf27317892c13200404b5741e2d,a7676adf7325bfb343f6c417192d290b066bce867e21167f03dea860d196b49e,0,8,0.3,3672,3285,1377,0.7352941176470588,0.7352941176470588,0.0,16.0,16.0,0,False,0.8169934640522877,0.8169934640522877,0.0,18.0,18.0,0,False,22,29,7,0.817,18.0,30.878,0,False,84.7211,0.0,3e76501030b64124b778a972e6cb3233b8b4726db8740847fa99f05f61ca2956,3.36
TMYx,semi,run_0499,random64,7.858804507830091,10.349836369453136,2.532898445475049,95.20960247737294,0.2105308086928702,0.2661776403887546,0.202952619776223,0.042630729895842,4.479626527348435,0.5735404220619731,0.7008795170704228,0.0036983473818156,0.1567476492121556,0.6596289751233395,combined,ok,340918f592b7c028c40a5673327047721a6ec8f199743c38020ec1f8b710a374,a7676adf7325bfb343f6c417192d290b066bce867e21167f03dea860d196b49e,0,8,0.3,3672,3285,1377,0.0,0.0,0.0,3.0,3.0,0,False,0.0,0.0,0.0,4.0,4.0,0,False,1,1,0,0.0,4.0,29.031,0,False,25.2079,0.0,3f6e551254a3261d0aa8cd1babd9cccdf66c0859850e0ad92512f32f9bb36bed,3.234
TMYx,semi,run_0500,random64,9.82451369711319,10.845295277018504,2.7073204009582628,108.9848566026068,0.2404164756163604,0.2191691030494161,0.3170431197618952,0.1101248845957577,4.246097291116642,0.3146179268775989,0.8846779164318552,0.002952629013426,0.3985480745890861,0.6671409251817507,combined,ok,77f863fd384f01aceb8e4c6a4553375aa9b6e9b89e0c09dbae2065aa79c3cb46,a7676adf7325bfb343f6c417192d290b066bce867e21167f03dea860d196b49e,0,8,0.3,3672,3285,1377,0.0,0.0,0.0,0.0,0.0,0,False,0.0,0.0,0.0,1.0,1.0,0,False,0,0,0,0.0,1.0,28.641,0,False,34.0816,0.0,6206104ca90d33a1631189a30a597d06e88f9de9476923a4d145bd9e84eaf4a1,3.398
TMYx,semi,run_0628,stress16,9.72733840356107,7.8427669792229615,2.5924321527735392,359.8933269015914,0.3529783862372112,0.0761779621335445,0.3273904561993191,0.0824461595128538,3.4708268892998255,0.3251799736172571,0.3503616556392233,0.0015213312741712,0.7206263247604744,0.7182250817689112,combined,ok,4d8d7fa4f025b1bf734766bf2c330a08e43f34b7a5a8673de514e62644f07f20,a7676adf7325bfb343f6c417192d290b066bce867e21167f03dea860d196b49e,0,8,0.3,3672,3285,1377,0.0,0.0,0.0,3.0,3.0,0,False,0.0,0.0,0.0,4.0,4.0,0,False,0,0,0,0.0,4.0,29.029,0,False,64.5602,0.0,c55f9554be2a45367cfc08eb6635f037ef4a745b729ba6709b7bbce22a58b609,3.16
TMYx,semi,run_0745,random64,9.403992115334937,8.48512079989969,2.7038151450428907,145.5310132662222,0.2567053419094268,0.2898505421920269,0.0488499881238593,0.1014932783378585,1.1571722700731573,0.4833947498367663,0.8213087990653432,0.008725404304492,0.7657037313194129,0.8876906018863312,combined,ok,802919e9a252eef6a1ee5c5a7a8b1b70c9fb7765bf032241d8e372f8c96c1fd8,a7676adf7325bfb343f6c417192d290b066bce867e21167f03dea860d196b49e,0,8,0.3,3672,3285,1377,0.0,0.0,0.0,3.0,3.0,0,False,0.08169934640522876,0.08169934640522876,0.0,5.0,5.0,0,False,1,1,0,0.0817,5.0,29.369,0,False,100.2577,0.0,cf77b8424bf05fe8c4c857d58847bcd1271bdd0205395c8583011ec43e2469f7,3.307
TMYx,semi,run_0768,stress16,6.634637881940697,11.603463379949876,2.9452065682690702,7.656125949492523,0.3673240508605883,0.0703946751822334,0.0882239068606324,0.0721394554328508,0.8794108960838816,0.6853284584119119,0.8495356125752638,0.0109339718263157,0.2996274968959122,0.0483529411528591,combined,ok,ccd1d09d6dcb635a76babce35c9bb5b4024d11a79c1ff4ed9eb26ee335f13742,a7676adf7325bfb343f6c417192d290b066bce867e21167f03dea860d196b49e,0,8,0.3,3672,3285,1377,0.8442265795206972,0.8442265795206972,0.0,13.0,13.0,0,False,0.8169934640522877,0.8169934640522877,0.0,18.0,18.0,0,False,26,67,41,0.8442,18.0,30.772,0,False,138.7601,0.0,003121d20a0987f526e4695d8f3d2d1f1718be7c7131eba1c01df670ceb5ecb8,3.441
TMYx,semi,run_0785,random64,8.940781628092497,8.940854789499578,2.71333172432655,21.027453984889203,0.3107729422642821,0.2659499439488594,0.1570556761118805,0.0362424341838409,3.092059615457477,0.5972727377148599,0.3537591526886088,0.010305774523266,0.4150422534097331,0.1795157167910107,combined,ok,99829a6bac77df356ef347e18c005348b2f9d74cdc92f28ff311a54812e1be4c,a7676adf7325bfb343f6c417192d290b066bce867e21167f03dea860d196b49e,0,8,0.3,3672,3285,1377,0.10893246187363835,0.10893246187363835,0.0,6.0,6.0,0,False,0.10893246187363835,0.10893246187363835,0.0,6.0,6.0,0,False,1,1,0,0.1089,6.0,29.589,0,False,81.7818,0.0,c045a672fa6faf6eaef641a44d52e4c66fb2050e118b1f6f08441d47a8034e96,3.283
TMYx,semi,run_0788,random64,8.782009887322488,9.886407966385462,2.689241045237277,165.79600971047623,0.1806222296930827,0.0350189214807997,0.2624851560323494,0.0761344647472262,0.8504742135136384,0.5569179194726575,0.8553784108853641,0.0092759304403749,0.5281861664355341,0.2100976052058908,combined,ok,7e7124111c8d56256b95560dfaac20d3518fcc38f3e03dba92556013f812e403,a7676adf7325bfb343f6c417192d290b066bce867e21167f03dea860d196b49e,0,8,0.3,3672,3285,1377,0.0,0.0,0.0,3.0,3.0,0,False,0.0,0.0,0.0,3.0,3.0,0,False,0,0,0,0.0,3.0,29.03,0,False,44.5389,0.0,4321ed63f924b47023d02a5e3e9cb3c271d6bf239afd3dcd16d073b2354fece0,3.245
TMYx,semi,run_0821,random64,8.168610103195812,6.295910082319626,2.44919521726831,83.16215592635217,0.1633699932395152,0.2793528873688088,0.3075031868920546,0.1071356027635634,4.694512503188105,0.3195967627738837,0.4662343120140395,0.0025933405746935,0.4004795609820039,0.9249981780019016,combined,ok,dbb30cf2db627c631836516b8dda563a35a8e8d10785e0d9bd7fa9f3b582daf3,a7676adf7325bfb343f6c417192d290b066bce867e21167f03dea860d196b49e,0,8,0.3,3672,3285,1377,0.0,0.0,0.0,0.0,0.0,0,False,0.0,0.0,0.0,0.0,0.0,0,False,0,0,0,0.0,0.0,28.497,0,False,35.9738,0.0,bea0c9f53ccb21105a1a022d5ce79b1473bdb82ed0384c651393820a0d26dffe,3.174
TMYx,semi,run_0833,random64,6.881397296298271,10.882836593895547,2.866583637518168,115.0820265960748,0.2101446861231999,0.1571910951166595,0.0991883520257245,0.1038913954908974,2.054872833294584,0.31784047548047,0.3619575529089111,0.0100872283500496,0.3785981589568508,0.1448921445221051,combined,ok,6bda909f17cc949132df99eaa012223ebbd9e802a1346ddcf8bf200c97316d43,a7676adf7325bfb343f6c417192d290b066bce867e21167f03dea860d196b49e,0,8,0.3,3672,3285,1377,0.0,0.0,0.0,1.0,1.0,0,False,0.0,0.0,0.0,1.0,1.0,0,False,0,0,0,0.0,1.0,28.675,0,False,35.765,0.0,1293b1a862ea5084cb5fdd189e9323d95b59c20b277274c7e803ef2f80f0ed5c,3.123
TMYx,semi,run_0841,random64,8.367547204965499,7.256923551190713,2.9918995286847547,209.09780783784907,0.2412457505801208,0.2385274524029789,0.0999052231342154,0.0327496438192871,4.272186592040046,0.5573251812470255,0.5047083796199578,0.0034639552327845,0.6468288498143069,0.6883388060301502,combined,ok,bd7ee80dc0bea240360008b8804d60635c254564025cc774980b96eda07a5428,a7676adf7325bfb343f6c417192d290b066bce867e21167f03dea860d196b49e,0,8,0.3,3672,3285,1377,0.027233115468409588,0.027233115468409588,0.0,4.0,4.0,0,False,0.054466230936819175,0.054466230936819175,0.0,4.0,4.0,0,False,0,0,0,0.0545,4.0,29.316,0,False,94.3758,0.0,a957ea7d52d433368779e56093a49c4852fd7727158d7f4e26d649274b70e2aa,3.204
TMYx,semi,run_0844,random64,8.746712419323499,8.255288205551997,2.8301858731668736,119.6183960439886,0.1994819192503905,0.27254785547391,0.0411225287078061,0.1609877938402135,1.483139363161183,0.3044285647779056,0.8800589857851471,0.0064660006290998,0.7491636968151721,0.9819550749784538,combined,ok,9550cca16febbbf8175b88dc3e4c4e69aed560b0fdda5874f594fe96587c813c,a7676adf7325bfb343f6c417192d290b066bce867e21167f03dea860d196b49e,0,8,0.3,3672,3285,1377,0.0,0.0,0.0,2.0,2.0,0,False,0.027233115468409588,0.027233115468409588,0.0,5.0,5.0,0,False,1,1,0,0.0272,5.0,29.172,0,False,59.9873,0.0,b6c51f6109b6a53ab1f677c201526f5ff143b8e27dd8b739565a720f787347ec,3.272
TMYx,semi,run_0887,random64,9.484724765067508,11.174464591770498,2.414911442203662,229.80644996404757,0.2796275305540545,0.0758284244041909,0.2896741830836959,0.1751072335090888,1.6995338270119895,0.3107776781053267,0.4257006634020504,0.0114970329370951,0.491908950611397,0.9890734482016346,combined,ok,e3bd64af875345780ec302567633a5acd11f9da7c2b59f30a7ac72e3e99a012d,a7676adf7325bfb343f6c417192d290b066bce867e21167f03dea860d196b49e,0,8,0.3,3672,3285,1377,0.0,0.0,0.0,0.0,0.0,0,False,0.0,0.0,0.0,0.0,0.0,0,False,0,0,0,0.0,0.0,28.556,0,False,41.2881,0.0,159860a76231c2c2333f895decb46b232eba951df687016b8cb596877853f092,3.154
TMYx,semi,run_1025,stress16,6.001988515451892,8.013747343359917,2.712128069948224,187.7230485160186,0.3988100711297681,0.0143824485162627,0.2716513893534522,0.0592134160641791,2.773734982619098,0.4008863300303726,0.4244523072802022,0.0086936739506271,0.2466612679915689,0.5322139386093038,combined,ok,f8a4a27b8217da4cf30d99643f2616ac583e6c5a25203400985383528ca23c12,a7676adf7325bfb343f6c417192d290b066bce867e21167f03dea860d196b49e,0,8,0.3,3672,3285,1377,0.027233115468409588,0.027233115468409588,0.0,4.0,4.0,0,False,0.027233115468409588,0.027233115468409588,0.0,4.0,4.0,0,False,0,0,0,0.0272,4.0,29.46,0,False,71.6107,0.0,62c6ff5afc3cc64f5fbb86103a35dda9444c4a4a246c6c33aa241f434b314778,3.165
TMYx,semi,run_1083,random64,8.454517480509306,7.606900202320765,2.5501477925335045,241.34481889977465,0.2891208841498976,0.1515706845674109,0.1605073890215713,0.1607015551309144,1.101558526110067,0.2140821822715956,0.8767854811568954,0.0117808467129899,0.4181305553407746,0.979553351344094,combined,ok,0058cc5c75fb001d695d4c0b3c93fe46141776d9be886a0411a0021418db3cd1,a7676adf7325bfb343f6c417192d290b066bce867e21167f03dea860d196b49e,0,8,0.3,3672,3285,1377,0.0,0.0,0.0,0.0,0.0,0,False,0.0,0.0,0.0,0.0,0.0,0,False,0,0,0,0.0,0.0,28.828,0,False,55.6774,0.0,90052b46ac07cb1780d8e9b263b897ad2833c0e8d70e7bef29965d5836760c77,3.274
TMYx,semi,run_1093,random64,8.002380628505447,10.166259736812894,2.8796333119979427,171.23898423952662,0.100090185215434,0.0543938555226989,0.0270087812313298,0.0755226196018769,1.8235443611211988,0.386033384594613,0.8407906551118343,0.0050274494110316,0.354654458456868,0.9837284633011107,combined,ok,dc179be44778cb5c39888fcd3001df5fea7b025b681d024b62bb5cde7209f37a,a7676adf7325bfb343f6c417192d290b066bce867e21167f03dea860d196b49e,0,8,0.3,3672,3285,1377,0.0,0.0,0.0,0.0,0.0,0,False,0.0,0.0,0.0,3.0,3.0,0,False,2,2,0,0.0,3.0,28.835,0,False,37.7733,0.0,f6dbf11b566df3f28205d7096b1f578a759270b6fa40e08485b29b248e496168,3.134
TMYx,semi,run_1130,random64,9.188456848978468,11.639043127509634,2.559744911138821,29.410840417817724,0.1117948532135704,0.2858457406091068,0.2595794543528447,0.1999165833637279,1.1743911222239498,0.471472375004214,0.5367601190449024,0.0117616437190273,0.2970725510522888,0.433698314360111,combined,ok,1d418c9088927d17a113ffeb02fc2ea41289bcabfacc1031c3191828af53902f,a7676adf7325bfb343f6c417192d290b066bce867e21167f03dea860d196b49e,0,8,0.3,3672,3285,1377,0.0,0.0,0.0,0.0,0.0,0,False,0.0,0.0,0.0,0.0,0.0,0,False,1,1,0,0.0,0.0,28.376,0,False,9.7169,0.0,adfc26e58ef724d5c52dc07b58586bed7271c870815c97242fb4e671df39c7e3,3.33
TMYx,semi,run_1192,random64,6.574979979831511,11.394826702694091,2.6678524442714378,83.01673689334608,0.3565625542057532,0.2467632876240327,0.0518339126921443,0.087289463380345,1.2028290993735582,0.4784511509089152,0.6693643480800702,0.0064013535611167,0.4547676125272111,0.8704605859623464,combined,ok,61aeabad89f1aed1f839bdaeebc498fb9b0de1b222fc42c40c204a375d3a4de9,a7676adf7325bfb343f6c417192d290b066bce867e21167f03dea860d196b49e,0,8,0.3,3672,3285,1377,0.08169934640522876,0.08169934640522876,0.0,5.0,5.0,0,False,0.08169934640522876,0.08169934640522876,0.0,5.0,5.0,0,False,1,1,0,0.0817,5.0,29.561,0,False,94.8411,0.0,c37940c448ab5e6ebdc21e19e34397cade2cca076e279b95db938ad67fd656a9,3.242
TMYx,semi,run_1197,random64,9.55307660622851,10.935446202367611,2.651431698797591,89.14333515226049,0.2043520540065082,0.2592494770209894,0.0576746329066228,0.0781157588360924,2.1857332563991227,0.2060785959940542,0.5149724560393532,0.0076651831377733,0.6733006645411621,0.4720333855727691,combined,ok,2d5fed0adcd3d6bb26cd445658d58863fe4c44aa40e0e2a0be5f9b412853e753,a7676adf7325bfb343f6c417192d290b066bce867e21167f03dea860d196b49e,0,8,0.3,3672,3285,1377,0.0,0.0,0.0,0.0,0.0,0,False,0.0,0.0,0.0,0.0,0.0,0,False,0,0,0,0.0,0.0,28.583,0,False,33.5307,0.0,7b45c76aeeec50a831be7d6705c0adbd8d7494ec4b9d1a0073c1690a3c6899f8,3.246
TMYx,semi,run_1199,stress16,8.893313295309667,6.752916196560016,2.775376919971335,90.13627347871588,0.1083033134047148,0.1785539237225437,0.0601924888116002,0.0886989224971885,1.0127404186376616,0.4736069389205135,0.8365327423703692,0.0052546015723922,0.7998494879171348,0.7537545170074853,combined,ok,f193afb4a2128a117bac4557ee8e0fca3ac5c9e9bed87f472022622649903251,a7676adf7325bfb343f6c417192d290b066bce867e21167f03dea860d196b49e,0,8,0.3,3672,3285,1377,0.0,0.0,0.0,2.0,2.0,0,False,0.0,0.0,0.0,3.0,3.0,0,False,1,1,0,0.0,3.0,29.0,0,False,50.8045,0.0,5c3e4afb10f823950081579f074209e3c6ea4a361e12d91d03d4384ed0fa2e45,3.308
TMYx,semi,run_1207,random64,9.168130791502008,9.004696072729846,2.8115599835956373,142.9180739985565,0.1284202723692254,0.1867752178704292,0.3348439656423181,0.1317711005700411,2.4118781979192816,0.4565266167997619,0.610364497850469,0.004851525079017,0.1978381158264388,0.9603135205592784,combined,ok,2fbc7c0aabf003e70b2987da505b3fa015df0647450385dad2347aeb890aed1b,a7676adf7325bfb343f6c417192d290b066bce867e21167f03dea860d196b49e,0,8,0.3,3672,3285,1377,0.0,0.0,0.0,0.0,0.0,0,False,0.0,0.0,0.0,0.0,0.0,0,False,0,0,0,0.0,0.0,28.168,0,False,12.8684,0.0,e1e30c3752f5e2b5ca98f5db9419a7bb0024904c523462b499a921645daa206c,3.222
TMYx,semi,run_1209,random64,8.118074804521358,11.978193458414612,2.9036564697751355,244.9524063171716,0.3754156589993933,0.1220701597070463,0.1432447265725567,0.0531746170798,1.5295117539422654,0.5948510668405462,0.606964077683358,0.0056553556870505,0.480152133711234,0.6399576848879639,combined,ok,778c7f2c492eb0c007374095d5eea77b6e92695013c7461cbbc08ccdadc91ff2,a7676adf7325bfb343f6c417192d290b066bce867e21167f03dea860d196b49e,0,8,0.3,3672,3285,1377,0.27233115468409586,0.27233115468409586,0.0,11.0,11.0,0,False,0.24509803921568626,0.24509803921568626,0.0,10.0,10.0,0,False,2,8,6,0.2723,11.0,29.969,0,False,199.8031,0.0,9f799aa263c6aecf1bc84db4930e3be7385d82173f3c0dfcc0f01cc99c185d34,3.315
TMYx,semi,run_1214,stress16,7.588108618860515,7.752734140780623,2.826539668699661,130.3981801828211,0.3484607578703986,0.1342467316483606,0.1687813557233073,0.1611491128809359,1.000533177193956,0.6979521394451516,0.3042607275737717,0.007184911846836,0.7742265557708546,0.5938512492331808,combined,ok,4a60fedb7bd451bef2d3485b49cafd8b95676b13d9557366a025587c1c0ef36e,a7676adf7325bfb343f6c417192d290b066bce867e21167f03dea860d196b49e,0,8,0.3,3672,3285,1377,0.3812636165577342,0.3812636165577342,0.0,13.0,13.0,0,False,0.2995642701525054,0.2995642701525054,0.0,12.0,12.0,0,False,1,9,8,0.3813,13.0,30.354,0,False,406.6384,0.0,7554bd02f8a032117226d60fb579647ca9ede5694387629f3fdb50a0f7bf98c7,3.326
TMYx,semi,run_1248,random64,9.06874655668104,6.39714339888123,2.4388587665273502,227.04203511645017,0.300438463458426,0.1826052445691555,0.3125340008743582,0.017922370396233,1.828155892567156,0.634732281708217,0.5900520904862452,0.0086471631277632,0.744025489137654,0.0859871297257144,combined,ok,6ef6ad64afaf9eb433c25522e48dd46458f36539af474c7e91b7a9940bcc5342,a7676adf7325bfb343f6c417192d290b066bce867e21167f03dea860d196b49e,0,8,0.3,3672,3285,1377,0.3540305010893246,0.3540305010893246,0.0,12.0,12.0,0,False,0.3812636165577342,0.3812636165577342,0.0,12.0,12.0,0,False,1,5,4,0.3813,12.0,30.207,0,False,362.7386,0.0,cd3da70b790633ffa72a5fc68b23c301b6cd5418ad2faa9de69e291bd087f90e,3.344
TMYx,semi,run_1268,random64,8.672107632349496,6.077241426467557,2.800377196115221,248.79991969356283,0.3247953487491061,0.0219064414200164,0.0826480006959761,0.1562970222400376,2.814679622664271,0.6718729366355661,0.6906200825760328,0.0011846727722075,0.1220025434097146,0.2148351272313768,combined,ok,36b93efd4a735c7d7c93cca83fb658846eb6a0da2f4398da91e997763406a85c,a7676adf7325bfb343f6c417192d290b066bce867e21167f03dea860d196b49e,0,8,0.3,3672,3285,1377,1.579520697167756,1.579520697167756,0.0,30.0,30.0,0,False,1.3616557734204793,1.3616557734204793,0.0,28.0,28.0,0,False,24,24,0,1.5795,30.0,31.877,0,False,66.4092,0.0,ae4cf08cf6cd4508904ffd4f3048485c4c47eeea12cfbbdc75702c9524706ea7,3.296
TMYx,semi,run_1274,random64,6.241960005906613,10.399629191334888,2.8831521889224567,182.0303542420824,0.3893387920102038,0.2765961269867158,0.2263723592999344,0.0811994462666564,1.6006253230049623,0.428158997554932,0.6483239736954343,0.0098985746010797,0.660318092457969,0.5707357570475454,combined,ok,fecce5c390fa63c9d48260f4df75698441233206f3fb08e4f23865726554c2d8,a7676adf7325bfb343f6c417192d290b066bce867e21167f03dea860d196b49e,0,8,0.3,3672,3285,1377,0.054466230936819175,0.054466230936819175,0.0,6.0,6.0,0,False,0.054466230936819175,0.054466230936819175,0.0,4.0,4.0,0,False,0,0,0,0.0545,6.0,29.327,0,False,190.6221,0.0,97ba9a70706daff13e416e0d2234bba57c24beb17343aa002825f56b752fdf8e,3.34
TMYx,semi,run_1295,random64,9.700875846736846,11.393976617728896,2.625245447765509,15.055808046872396,0.1106551028886222,0.1052395899485283,0.0428257154219093,0.0339409350855904,4.282889671851096,0.2731703980561324,0.697609692323854,0.0071462703374351,0.7016648928179255,0.864958402476004,combined,ok,68497fc9b500ebefe12fea27cc3f4b9ba9d265050b5119d6d5f3f84ddbaa73c4,a7676adf7325bfb343f6c417192d290b066bce867e21167f03dea860d196b49e,0,8,0.3,3672,3285,1377,0.0,0.0,0.0,0.0,0.0,0,False,0.0,0.0,0.0,0.0,0.0,0,False,0,0,0,0.0,0.0,28.541,0,False,32.6367,0.0,c13c482862e4c8778b9f839364e5eae6ed247bfd15c21a113a5f777338868b41,3.134
TMYx,semi,run_1311,random64,9.165362455102658,7.340987815898325,2.8133939339727108,305.0567196793675,0.1889324964091247,0.0323126599434309,0.1588020548110891,0.026092481744294,1.1716059785701818,0.6238515161870499,0.5930562544217899,0.0094844252584585,0.5560536106491164,0.7347389973183898,combined,ok,9168bd5b4101815a42fe8ce2f699c662459bb3099f078dc39d01102d924a3ac6,a7676adf7325bfb343f6c417192d290b066bce867e21167f03dea860d196b49e,0,8,0.3,3672,3285,1377,0.08169934640522876,0.08169934640522876,0.0,5.0,5.0,0,False,0.08169934640522876,0.08169934640522876,0.0,5.0,5.0,0,False,1,1,0,0.0817,5.0,29.528,0,False,78.0875,0.0,ddadedfe10de3c55ca2247043178e705893c402359caf92621f5fbc478237c59,3.233
TMYx,semi,run_1388,random64,9.678814831103882,8.915890074047772,2.800541899467576,218.74280184445405,0.1098036268680505,0.2727958848646888,0.3439519392324434,0.136424623817726,2.406438737900367,0.2924614656342366,0.358399055620711,0.0107980260130701,0.4314042170048758,0.6522212139098633,combined,ok,7d4001240677426d618f8d4530c0d5033a42bdc2a02731df41448bc876dfbebb,a7676adf7325bfb343f6c417192d290b066bce867e21167f03dea860d196b49e,0,8,0.3,3672,3285,1377,0.0,0.0,0.0,0.0,0.0,0,False,0.0,0.0,0.0,0.0,0.0,0,False,0,0,0,0.0,0.0,28.178,0,False,16.1239,0.0,1d9ffff5f64c94c55429b42a0615ca176848817c353848e83e4c5977e43d8554,3.248
TMYx,semi,run_1391,random64,9.65754037174086,7.371418965081008,2.4723911477589064,245.60981709998856,0.1947631756497077,0.2039411843608119,0.1074218120281111,0.0162622533962714,4.722810987580656,0.4500350593640352,0.4151046102651455,0.0083872118280736,0.1148113999145338,0.1106668227864503,combined,ok,7d88114f875f35c137433ec6fad7ea0372129a65f66948e943f1d589de6c5eb1,a7676adf7325bfb343f6c417192d290b066bce867e21167f03dea860d196b49e,0,8,0.3,3672,3285,1377,0.0,0.0,0.0,3.0,3.0,0,False,0.0,0.0,0.0,5.0,5.0,0,False,2,2,0,0.0,5.0,29.291,0,False,27.8656,0.0,2bdff13759abe3442f1f1c963971c013e3a6399216984f105de5c6922e0761d2,3.198
TMYx,semi,run_1416,stress16,7.611423563474337,8.698251521688531,2.426406411760429,121.28644403903304,0.2515937716162215,0.0800541981528088,0.2307818781610998,0.0347059324643584,3.835273389438587,0.5544241075079898,0.5745584674183433,0.0058908240493479,0.1000232333706224,0.4592619165338935,combined,ok,baa5912c06e26c2a872c0dc1d3767ff2cf22da352243a37492f9d041d871af80,a7676adf7325bfb343f6c417192d290b066bce867e21167f03dea860d196b49e,0,8,0.3,3672,3285,1377,0.08169934640522876,0.08169934640522876,0.0,5.0,5.0,0,False,0.08169934640522876,0.08169934640522876,0.0,5.0,5.0,0,False,4,4,0,0.0817,5.0,29.422,0,False,33.276,0.0,9b0617d7faa3b697ab1e337a24a5226c0a989e0604d8c1ad9df2bad36ab0623d,3.269
TMYx,semi,run_1434,random64,9.159539081356815,6.688059520298238,2.9750873857625546,146.8680349805886,0.109342487245402,0.2408929006163872,0.3256769736107116,0.1251180578113211,1.4006317331367033,0.4093604062094604,0.6924091355483194,0.0058060970619586,0.7515582151715556,0.0608321572405057,combined,ok,99b3b4bfa6e01fa98afa67f23a78622cdc9c1451d561ec564545ef77e02a8afa,a7676adf7325bfb343f6c417192d290b066bce867e21167f03dea860d196b49e,0,8,0.3,3672,3285,1377,0.0,0.0,0.0,0.0,0.0,0,False,0.0,0.0,0.0,2.0,2.0,0,False,0,0,0,0.0,2.0,28.656,0,False,41.1463,0.0,266b87b4cb49605755e778e86207d50a5e38c00a3964e6559991c97db5feb9ab,3.279
TMYx,semi,run_1476,random64,8.896156594940386,11.970459088733485,2.620502673500708,170.28638121673248,0.269002831698218,0.1073848132959912,0.2221615330765761,0.0858084946392574,2.270012833340684,0.6822472892294835,0.5392405542224693,0.0094663221482832,0.4521300487922157,0.0581779318396109,combined,ok,747f72cf65f9d9b7a48e2a6dda2451dcd11a0eff968197bb6cca975f042a9065,a7676adf7325bfb343f6c417192d290b066bce867e21167f03dea860d196b49e,0,8,0.3,3672,3285,1377,0.054466230936819175,0.054466230936819175,0.0,7.0,7.0,0,False,0.054466230936819175,0.054466230936819175,0.0,5.0,5.0,0,False,1,1,0,0.0545,7.0,29.337,0,False,62.4267,0.0,3503ad392790da9ba2ebc196a2c8608004de8f293ac837932bd28fa04f7c5c3f,3.327
TMYx,semi,run_1497,random64,7.421317417293777,10.6593604485645,2.9548445771602987,261.1277326472027,0.2244213548236318,0.2418386953001862,0.2465311795559595,0.0147862579323263,2.8483385115597724,0.4803905389117479,0.4721117267540718,0.0077261404064099,0.4160685386235552,0.2127917230392205,combined,ok,1042d5dad2bb0a31a6b7a56eb8f6b7a46bf8a98af05ad05c21cebd9b8a8438a5,a7676adf7325bfb343f6c417192d290b066bce867e21167f03dea860d196b49e,0,8,0.3,3672,3285,1377,0.0,0.0,0.0,4.0,4.0,0,False,0.0,0.0,0.0,4.0,4.0,0,False,0,0,0,0.0,4.0,29.169,0,False,56.3126,0.0,81704c27805f395700076b45ba2205b5ffe414e9b8fc30710a628398d2e548e9,3.241
TMYx,semi,run_1506,stress16,6.2866920665226385,7.327960484063865,2.5822380381929033,189.673299274303,0.3538022528888858,0.2874668373726368,0.1967792742001886,0.1471820880565589,0.8240748358340548,0.6355675011074757,0.8989283259639178,0.0069614963780197,0.553966653681584,0.1297716817744924,combined,ok,35b1b6a6c1cf2e5458a2ee9e3ccd152f9926d08dcc802070467d1421fc3e1499,a7676adf7325bfb343f6c417192d290b066bce867e21167f03dea860d196b49e,0,8,0.3,3672,3285,1377,0.5446623093681917,0.5446623093681917,0.0,15.0,15.0,0,False,0.4357298474945534,0.4357298474945534,0.0,14.0,14.0,0,False,6,100,94,0.5447,15.0,30.439,0,False,411.5347,0.0,5f204ca12bd46aead65caf5c5b32f7d6556c0f69b69ad9c00aba8f935228fb6e,3.602
TMYx,semi,run_1521,stress16,9.012734726045109,9.28296620531424,2.915879467533671,0.136299530314857,0.3824926050117646,0.1021758966296917,0.2940879731173014,0.1904610869987471,1.664067808950167,0.4572585928006668,0.8515223334861499,0.0062513542391962,0.5638087322452537,0.6878542590040975,combined,ok,2d1be3798b41b74a2396a6d14ce16b97e72272be485344cf3f5b8753ed7ca929,a7676adf7325bfb343f6c417192d290b066bce867e21167f03dea860d196b49e,0,8,0.3,3672,3285,1377,0.08169934640522876,0.08169934640522876,0.0,5.0,5.0,0,False,0.08169934640522876,0.08169934640522876,0.0,5.0,5.0,0,False,0,0,0,0.0817,5.0,29.534,0,False,174.1399,0.0,669d3171868956f35fa2d8c082676c521b69c860cef0f89c2c36d0de8fd7bc39,3.351
TMYx,semi,run_1525,random64,6.457818039323073,8.809230062809032,2.562716674463898,49.7482730803186,0.2403944250818863,0.2846260247543987,0.3217419947342414,0.1387539273115936,1.7741620338632282,0.2609813408015647,0.5792514428957727,0.0024585619456096,0.2421969198902897,0.8231806734055043,combined,ok,4ba33d1221d0e76852edca357542bf1e5856147af7cb94d9c85c89028806bc6d,a7676adf7325bfb343f6c417192d290b066bce867e21167f03dea860d196b49e,0,8,0.3,3672,3285,1377,0.0,0.0,0.0,2.0,2.0,0,False,0.0,0.0,0.0,2.0,2.0,0,False,1,1,0,0.0,2.0,28.736,0,False,28.0023,0.0,057ba036306a9d2ad8d68e748a5f40c3f9c75c8add265c4e20d95a6da9ccf549,3.278
TMYx,semi,run_1560,random64,8.618546381821407,6.051034448405187,2.563634775254617,139.91787914607664,0.3728893152141903,0.0570155616799874,0.2154460301853953,0.1479278899395301,4.058721782989339,0.6659321263772808,0.7110283895432115,0.0073155256822709,0.1839498514363129,0.1617868224834594,combined,ok,bce9fc23cae590cd996a639f8520f13d44e8ef54979c74d9be6303d137ec6bfb,a7676adf7325bfb343f6c417192d290b066bce867e21167f03dea860d196b49e,0,8,0.3,3672,3285,1377,0.7625272331154684,0.7625272331154684,0.0,21.0,21.0,0,False,0.6535947712418301,0.6535947712418301,0.0,15.0,15.0,0,False,6,6,0,0.7625,21.0,30.827,0,False,81.733,0.0,84c9860eedf239150b80aec592426327f74c375ddf184f2291e86c032acaf8a8,3.361
TMYx,semi,run_1586,random64,7.747757047886595,11.109613081305676,2.9866762545648577,108.774751399816,0.1181454529476654,0.1724322000054217,0.293250208478728,0.0738549335860083,1.3729096971837715,0.6260524756906012,0.790159768280496,0.0036748512051892,0.4427272594461767,0.8603068835744438,combined,ok,4bf67a2e739190f9851e657a1e849c7051f6d7e72d7af6ab0f59e5b2acb52480,a7676adf7325bfb343f6c417192d290b066bce867e21167f03dea860d196b49e,0,8,0.3,3672,3285,1377,0.0,0.0,0.0,0.0,0.0,0,False,0.0,0.0,0.0,0.0,0.0,0,False,0,0,0,0.0,0.0,28.618,0,False,22.0955,0.0,0f3f4c324521c1ecc33479ca3f36b49187f476561363d70e386cb7ece5f64855,3.243
TMYx,semi,run_1590,random64,7.984975108428764,7.272084694858215,2.9967721614941327,16.420420319362826,0.374850431931708,0.2382439942207673,0.1776304878605744,0.1160904554759672,4.877151087201141,0.6916489142509208,0.5069503827545674,0.0011912769261439,0.3291501951241186,0.2604131781675038,combined,ok,920dacdba3ef6ff1e3f303423777f1958b91252f5f4cd7c6bbb88ccc0b996b23,a7676adf7325bfb343f6c417192d290b066bce867e21167f03dea860d196b49e,0,8,0.3,3672,3285,1377,0.7352941176470588,0.7352941176470588,0.0,14.0,14.0,0,False,0.5991285403050108,0.5991285403050108,0.0,14.0,14.0,0,False,1,1,0,0.7353,14.0,30.539,0,False,132.3578,0.0,f3446d4787e81a80e90c8888a10044ddd410e0dda99fb24cdfff9f07e51f9554,3.287
TMYx,semi,run_1644,random64,6.39767913222991,11.797192158414513,2.8741057290164034,172.93019711264748,0.2443328744309624,0.252661328529406,0.2135477168394144,0.1397092179377648,1.093053406242568,0.5224268206844807,0.6239387086788434,0.0026953973078216,0.5019253197830181,0.9038595290358232,combined,ok,3094fc789dbd886e0e5e9e917d862a19aa4231ebceda7f365e5f9bdbd90be582,a7676adf7325bfb343f6c417192d290b066bce867e21167f03dea860d196b49e,0,8,0.3,3672,3285,1377,0.0,0.0,0.0,3.0,3.0,0,False,0.0,0.0,0.0,2.0,2.0,0,False,0,0,0,0.0,3.0,28.962,0,False,81.3123,0.0,b5627abf9dd3c6163eff85fc189aa13b7af7402e9ca4af273d00c7ac6fb2ed17,3.427
TMYx,semi,run_1646,random64,7.704557801580717,7.128280265544657,2.985540612715578,90.2906293972771,0.2105791800179474,0.0205307922429049,0.2339133981377427,0.0889463263478779,3.2049811873074887,0.2345347956220673,0.7570779081491665,0.0090267774481236,0.1607423062503069,0.6682748532100452,combined,ok,d085d4aac9538a8f438fb769087f78785b7b0042fe9ad79cf66e98854cdc58f5,a7676adf7325bfb343f6c417192d290b066bce867e21167f03dea860d196b49e,0,8,0.3,3672,3285,1377,0.0,0.0,0.0,0.0,0.0,0,False,0.0,0.0,0.0,0.0,0.0,0,False,1,1,0,0.0,0.0,28.741,0,False,68.8424,0.0,f452d5d82d42277e94ab628b343e78f8c0c0ff4b8718580db9ef32147c745710,3.173
TMYx,semi,run_1649,random64,9.736147602912038,10.293830928868562,2.662571832425947,261.8578276782381,0.3568398205583376,0.1736460837266733,0.0292153490257981,0.1395424927110858,3.027824367046392,0.3485365751342671,0.5736479117806575,0.0093034189208943,0.1802858271940285,0.2413181201408213,combined,ok,5172079c75357a2ef6e4b52a6e8f8dcd651f02ff53b47ad7b77366a3c2f8bf44,a7676adf7325bfb343f6c417192d290b066bce867e21167f03dea860d196b49e,0,8,0.3,3672,3285,1377,0.08169934640522876,0.08169934640522876,0.0,6.0,6.0,0,False,0.1906318082788671,0.1906318082788671,0.0,8.0,8.0,0,False,1,1,0,0.1906,8.0,29.724,0,False,43.4975,0.0,f60c65949bd87ef9d212ea821bd4869cec530867bf8672bcdb60b77ce6e0b8b2,3.303
TMYx,semi,run_1739,random64,7.0067584701546775,7.896320285135133,2.607552142148133,280.19987496754726,0.1450303105282448,0.1623355493384067,0.0470016966853491,0.0487067994752944,4.395256339439079,0.3917146171940208,0.4653154678313737,0.0018438971710637,0.2816835467096806,0.9364410289315754,combined,ok,92a95f079a11ec66b15f57ba7fdaddf03f4fead756cd3835cb0eff75388cc17b,a7676adf7325bfb343f6c417192d290b066bce867e21167f03dea860d196b49e,0,8,0.3,3672,3285,1377,0.0,0.0,0.0,0.0,0.0,0,False,0.0,0.0,0.0,0.0,0.0,0,False,0,0,0,0.0,0.0,28.656,0,False,34.0523,0.0,7ba3865427d1294187365bcd9d154b17c6893d8051bc9075427f28eadd181ef2,3.088
TMYx,semi,run_1746,random64,6.23256062077348,7.414538430795666,2.655653759263532,340.754870353403,0.13092892283432,0.2982663087100041,0.1605365316546335,0.0545709109003138,2.521385471538734,0.5672064169838165,0.8340818965891381,0.0087833495903115,0.3674619067684775,0.3091781887796459,combined,ok,edde2636f072acd073bfef14c0f765f77facef50bc5fdcec282cb51c993e2013,a7676adf7325bfb343f6c417192d290b066bce867e21167f03dea860d196b49e,0,8,0.3,3672,3285,1377,0.0,0.0,0.0,3.0,3.0,0,False,0.0,0.0,0.0,3.0,3.0,0,False,1,1,0,0.0,3.0,29.017,0,False,33.6401,0.0,6de3c36b483e2756b6d8d15bc89dbb2881c3a1e2d91a473c7d17b80bebd101b0,3.286
TMYx,semi,run_1748,random64,8.865043866167335,9.32232367224116,2.411805454746041,285.0228183144822,0.2601155219316617,0.0241020441173013,0.3259814484022454,0.0106359142239752,1.871163696480397,0.666161525830226,0.7796183023181407,0.0104967871326783,0.4218745196949143,0.1008415346970952,combined,ok,0e9fc08037d66072f42be015974c1f3c416c52997be2f7c3b83ca5821c7d6adb,a7676adf7325bfb343f6c417192d290b066bce867e21167f03dea860d196b49e,0,8,0.3,3672,3285,1377,0.24509803921568626,0.24509803921568626,0.0,10.0,10.0,0,False,0.27233115468409586,0.27233115468409586,0.0,11.0,11.0,0,False,5,5,0,0.2723,11.0,29.945,0,False,85.8732,0.0,6403b047f12c1a5fffd21a4f9334c344a1091e3b3401faa0e95a4dbab068b95f,3.317
TMYx,semi,run_1757,random64,8.689011587231436,9.670794600545737,2.8367080033490657,223.1820686943364,0.2790156756182473,0.233231484877794,0.2229056782795074,0.0219445143738869,2.4426468738886213,0.695436098987765,0.4138722842570862,0.0021376128078927,0.7624905536858017,0.3826218271406786,combined,ok,cb5994181d060c30b15cc4d1d4a77937b05c01e2f3d94ee7409359c68635786d,a7676adf7325bfb343f6c417192d290b066bce867e21167f03dea860d196b49e,0,8,0.3,3672,3285,1377,0.1906318082788671,0.1906318082788671,0.0,9.0,9.0,0,False,0.1906318082788671,0.1906318082788671,0.0,8.0,8.0,0,False,1,1,0,0.1906,9.0,29.803,0,False,231.668,0.0,a968b82e34ac78d3a21f48d5791966ffe87e6284df947371b0f95d00f70ef6d4,3.461
TMYx,semi,run_1759,random64,7.770853395902289,11.734651985798616,2.640716419960252,358.1951472874119,0.2392442626409085,0.0619317660019336,0.2680148272014561,0.0713851201696387,3.692960708429269,0.309230268935296,0.8284867367488444,0.0042700449738642,0.1941970618042965,0.3098326417434174,combined,ok,bf0608ca0e6be1e2cbcb14c1886fa5a9a4c1edbcdf0567ecd7591a92a6365fc4,a7676adf7325bfb343f6c417192d290b066bce867e21167f03dea860d196b49e,0,8,0.3,3672,3285,1377,0.0,0.0,0.0,0.0,0.0,0,False,0.0,0.0,0.0,2.0,2.0,0,False,2,2,0,0.0,2.0,28.831,0,False,29.9213,0.0,97eb68008fd877e740a2dddb0779f59c5e1ea5dcbbf4197d33c5fd46a774a501,3.206
TMYx,semi,run_1762,random64,9.10299394629691,6.779582727335279,2.989275662945607,119.36711299854213,0.2896453149172316,0.2698470947551495,0.1312331561461008,0.1120147306410807,3.947758679951738,0.3260696200660214,0.871151367818841,0.0024798400021639,0.4952905773332156,0.7995979321668514,combined,ok,5163123ca45a2c24269241a82766d1c2568cc60fcf96d1aac8e2c8c836a86aed,a7676adf7325bfb343f6c417192d290b066bce867e21167f03dea860d196b49e,0,8,0.3,3672,3285,1377,0.054466230936819175,0.054466230936819175,0.0,4.0,4.0,0,False,0.054466230936819175,0.054466230936819175,0.0,5.0,5.0,0,False,0,0,0,0.0545,5.0,29.28,0,False,71.4333,0.0,b4d552e816d35ef439869380aadd57f25d46d2055f3e11bd9dcd0737defb038b,3.304
TMYx,semi,run_1801,stress16,6.00576001816857,7.013962111137016,2.7433188979982543,109.1497624166458,0.1602648638294917,0.1227865119203586,0.3499141985699189,0.1295636363487694,1.1038623265201388,0.6054454417845063,0.4641422082425226,0.0116755889462249,0.6213755463936661,0.0271509346069509,combined,ok,8289931ab6b4cd81474c428c181c1918bd14b1f7b71209484a1480c04a7e3013,a7676adf7325bfb343f6c417192d290b066bce867e21167f03dea860d196b49e,0,8,0.3,3672,3285,1377,0.054466230936819175,0.054466230936819175,0.0,5.0,5.0,0,False,0.027233115468409588,0.027233115468409588,0.0,4.0,4.0,0,False,0,0,0,0.0545,5.0,29.26,0,False,83.1004,0.0,c33e648d6e6e3372451282ffee6a280c91bbf75a849ed18e946d4b2ddda00d5e,3.284
TMYx,semi,run_1809,random64,8.559445934201257,9.220111033851431,2.6174590371645094,260.51262344046665,0.1774145506572762,0.1237493562166303,0.3444827827829553,0.039503380978057,2.6965991092332593,0.3413065878960307,0.312273471145697,0.0096244804108213,0.5147813503211555,0.6028242920670521,combined,ok,95853a3f351added970e9103b1779a0839024a7f0de54606a363433be55312fb,a7676adf7325bfb343f6c417192d290b066bce867e21167f03dea860d196b49e,0,8,0.3,3672,3285,1377,0.0,0.0,0.0,0.0,0.0,0,False,0.0,0.0,0.0,0.0,0.0,0,False,0,0,0,0.0,0.0,28.565,0,False,34.2426,0.0,6b8cb169dda6fedd605aba138d24473e08904fad583115dfc9d875b8f462965a,3.232
TMYx,semi,run_1813,random64,6.183853880457327,6.041757376136944,2.996197412195417,18.45093673997505,0.1269063653778326,0.2359317992988121,0.2993517751632163,0.0532381299634875,2.3671403541710943,0.2805814000617515,0.7751595903775934,0.0088623444481291,0.6776984175575665,0.513229652325849,combined,ok,2a480dc5c8cac562686fd35df8a7de9422905155fc50a6775c68961a00ec7307,a7676adf7325bfb343f6c417192d290b066bce867e21167f03dea860d196b49e,0,8,0.3,3672,3285,1377,0.0,0.0,0.0,0.0,0.0,0,False,0.0,0.0,0.0,2.0,2.0,0,False,0,0,0,0.0,2.0,28.647,0,False,43.7759,0.0,9c826139aa018cf63d0e7a1353ba38d906126fa93990de96287cc90cba0a064d,3.185
TMYx,semi,run_1851,random64,9.203475309979774,8.126740176489259,2.515033518371454,173.65265235192354,0.3260689792526782,0.0885557723085899,0.2437944100102807,0.0742750911743195,4.731739904063382,0.5087623134456867,0.4327765286791063,0.0083422560500987,0.7721184990131026,0.1324354075633587,combined,ok,d1b711ec228d33c64d89523281a8a02514a842b9077eafa3e001b1e1cccd12a6,a7676adf7325bfb343f6c417192d290b066bce867e21167f03dea860d196b49e,0,8,0.3,3672,3285,1377,0.054466230936819175,0.054466230936819175,0.0,7.0,7.0,0,False,0.054466230936819175,0.054466230936819175,0.0,6.0,6.0,0,False,0,0,0,0.0545,7.0,29.353,0,False,103.4357,0.0,e4247e66b57784d223479a85c994dd120a004dac8f4c39650603810dd98a20bb,3.222
TMYx,semi,run_1864,random64,6.678309111984476,9.701169101100144,2.688116929277827,134.80691493465332,0.2652985821920491,0.20779816880664,0.234577135985692,0.1895076859779048,3.2922132632933643,0.4267807981359379,0.7891846397409084,0.0070545148468507,0.4021872024899956,0.3813972683369584,combined,ok,babb4d0fee848d31782f64e8e48bc1ec85ec84f1c11428590e273e218abd7df4,a7676adf7325bfb343f6c417192d290b066bce867e21167f03dea860d196b49e,0,8,0.3,3672,3285,1377,0.0,0.0,0.0,4.0,4.0,0,False,0.0,0.0,0.0,4.0,4.0,0,False,0,0,0,0.0,4.0,29.043,0,False,53.2079,0.0,cd33031c712d3eb2b16608de4978897dcbe117187962462ec6052d4f576a3594,3.407
TMYx,semi,run_1865,random64,8.82547862022751,9.753981614836256,2.7591122341658165,157.9041342237432,0.3438813786429799,0.2158546792043205,0.2138580906954928,0.0992738610007614,2.306245853937516,0.6386320518895993,0.8154346774417618,0.0093635246799744,0.2130728999901633,0.437296282659448,combined,ok,a8cfafcf2d1f6869f8dc24575aa47de1f0698ffffeff1a1a79d666443ddd2b33,a7676adf7325bfb343f6c417192d290b066bce867e21167f03dea860d196b49e,0,8,0.3,3672,3285,1377,0.2178649237472767,0.2178649237472767,0.0,11.0,11.0,0,False,0.2178649237472767,0.2178649237472767,0.0,9.0,9.0,0,False,2,2,0,0.2179,11.0,29.829,0,False,49.6801,0.0,6cda39b02cdcae78f06b3055f29bd04e450e48db8aaee12215acde11366cf5fb,3.51
TMYx,semi,run_1866,random64,6.074547528578014,10.39441441632774,2.9074407631648413,29.82417569741127,0.3735980910175824,0.056916595305462,0.2253344693331766,0.0278639344015534,3.486301963586633,0.5140651187186196,0.6700640003904912,0.006735074923467,0.6647864729323955,0.2008978179182478,combined,ok,9de285b92cb2bf6a1f394c0191f00b03020c2ff2e3b2c9f334bf02ecc93d4bd9,a7676adf7325bfb343f6c417192d290b066bce867e21167f03dea860d196b49e,0,8,0.3,3672,3285,1377,0.10893246187363835,0.10893246187363835,0.0,9.0,9.0,0,False,0.1906318082788671,0.1906318082788671,0.0,10.0,10.0,0,False,1,1,0,0.1906,10.0,29.934,0,False,144.2888,0.0,b6f6fcf8fd663b125a8f012607bbfd2a916e342a4bba20faded1256453bb6e65,3.182
TMYx,semi,run_1911,random64,9.625788696509844,8.99756568811846,2.6870274763916577,51.13562564563569,0.1036336243021498,0.2691032643035131,0.2909092323704428,0.0553225405296898,0.9451537467761352,0.213096661780196,0.6746484122958563,0.0027892586699717,0.3857168502796336,0.6987056326408935,combined,ok,83eab930e3ae47b495e5e1c5608f0893f44bee6f14bc0e195ec395fc8645a2cc,a7676adf7325bfb343f6c417192d290b066bce867e21167f03dea860d196b49e,0,8,0.3,3672,3285,1377,0.0,0.0,0.0,0.0,0.0,0,False,0.0,0.0,0.0,0.0,0.0,0,False,0,0,0,0.0,0.0,28.077,0,False,13.3385,0.0,24e8e024c20c4270051da9fcec6d9d0ef7c7353220ad85dfccf0a620853496b6,3.252
TMYx,semi,run_1941,stress16,8.513957236747029,6.406912918790103,2.9573824657987817,227.30992581477113,0.3814391502066491,0.1130363137032005,0.3436613789388585,0.0360638430621394,3.8372150666790352,0.6925245091293201,0.8339536192169092,0.0057582855884426,0.5537019522177968,0.4107181886048088,combined,ok,2129ac30393ecd1f74e6b747253705c1cdf14ac1acbd90ad3119ff896260c185,a7676adf7325bfb343f6c417192d290b066bce867e21167f03dea860d196b49e,0,8,0.3,3672,3285,1377,1.0348583877995643,1.0348583877995643,0.0,20.0,20.0,0,False,0.8986928104575163,0.8986928104575163,0.0,19.0,19.0,0,False,2,2,0,1.0349,20.0,31.061,0,False,348.328,0.0,193f8f332251cb63a12a2b50a4adb3bc164403c95a04a733c78cdae3895036c2,3.286
TMYx,semi,run_1952,random64,6.90071229300299,6.937283565323205,2.560373385344838,346.0353191567952,0.2877198939545087,0.2888430195687625,0.1275638899296872,0.0713325995335073,4.595601180263259,0.2098584867753312,0.4525467845450036,0.0051246806394883,0.2908505919263405,0.91113436469536,combined,ok,f56b0651e23f2a1c1a66a881d0e5d8d9479031d64c83c5264c35d61dc19503e1,a7676adf7325bfb343f6c417192d290b066bce867e21167f03dea860d196b49e,0,8,0.3,3672,3285,1377,0.0,0.0,0.0,0.0,0.0,0,False,0.0,0.0,0.0,1.0,1.0,0,False,0,0,0,0.0,1.0,28.691,0,False,50.9212,0.0,6bf71bd1a11663dc1fad3ad592d76c3ffbb051feaa85df0bbe3f57facdc5ecd9,3.145
TMYx,detached,run_0000,stress16,8.290452087902889,9.418683364680744,2.7012424206240264,22.194473754769316,0.1796358733978168,0.0781535347590126,0.0281263147984265,0.1023603238909987,3.7187309613713815,0.2848874035155261,0.8851887605927302,0.0041794027925613,0.4679746472079719,0.7780886191933646,interfloor,ok,ab29b5f0cc03404ab4c890fda33f4a9ec164e01160b543fc17d3ac4178e1c220,a7676adf7325bfb343f6c417192d290b066bce867e21167f03dea860d196b49e,0,8,0.3,3672,3285,1377,0.0,0.0,0.0,2.0,2.0,0,False,0.08169934640522876,0.08169934640522876,0.0,5.0,5.0,0,False,1,1,0,0.0817,5.0,29.373,0,False,62.1995,0.0,3b61ed21df039fbe306e0580584c2b7a546f312f24867caf1b162c0801709657,3.122
TMYx,detached,run_0015,random64,7.108611475128714,6.493256650172337,2.557740067304502,196.7752575852872,0.3508426889305577,0.0691978473194322,0.1775662031153719,0.1504932433886532,1.1382521186428864,0.3634006054515437,0.3251097153924657,0.0053423127877505,0.7756179975255327,0.2215221883714765,interfloor,ok,81097300d963b5e06c7ce68f88e342135b94ec99c2d62da71d3cb49dbd127024,a7676adf7325bfb343f6c417192d290b066bce867e21167f03dea860d196b49e,0,8,0.3,3672,3285,1377,0.1906318082788671,0.1906318082788671,0.0,10.0,10.0,0,False,0.1906318082788671,0.1906318082788671,0.0,9.0,9.0,0,False,1,1,0,0.1906,10.0,29.97,0,False,402.5446,0.0,3c131cc6b85326548fbd425f4dbad94cfb5119c1cf826a0df5be39d658f0443b,3.037
TMYx,detached,run_0023,random64,8.817343277589991,7.85539369563051,2.609145431853368,18.96253427869918,0.1742793412258079,0.1120027552699704,0.044072150885244,0.1176076252166526,3.9736567243591487,0.2414493988517185,0.6054915605613544,0.0048067660451242,0.6942537640069445,0.341692810129729,interfloor,ok,93d8a2a4d8ae375f955615c01ee75b59ca70c5016058f02bb0b070c7d9266bb7,a7676adf7325bfb343f6c417192d290b066bce867e21167f03dea860d196b49e,0,8,0.3,3672,3285,1377,0.0,0.0,0.0,2.0,2.0,0,False,0.0,0.0,0.0,3.0,3.0,0,False,0,0,0,0.0,3.0,28.96,0,False,60.1121,0.0,d2657e02dc7332032878f32e58336c4c5218dd0dfe9d49845d9d10d125af1d21,2.845
TMYx,detached,run_0029,stress16,8.203432183124272,6.408489310261017,2.8640680741404387,300.7801611485146,0.150600147289584,0.0170107318727439,0.045297803381865,0.0140947818271048,0.8776391010432707,0.6886897929854896,0.5132570934374501,0.0061052277763261,0.1044806285204754,0.4880446808864345,interfloor,ok,be5e188d62bda80d26a0da4f8c2d9b95442240463127ec2489034df84f44f7c3,a7676adf7325bfb343f6c417192d290b066bce867e21167f03dea860d196b49e,0,8,0.3,3672,3285,1377,0.3812636165577342,0.3812636165577342,0.0,13.0,13.0,0,False,0.5174291938997821,0.5174291938997821,0.0,14.0,14.0,0,False,27,27,0,0.5174,14.0,30.379,0,False,56.9965,0.0,f2f026b94785f24293881471328384929228eb4cf671d7da47b96737da49dc2c,3.226
TMYx,detached,run_0044,random64,6.030500032924129,7.408960521416061,2.7665628390675407,74.51262954714856,0.1781833985308706,0.2384489935374365,0.232027349722457,0.1662308275216616,3.706446374343945,0.2801471059994515,0.6879618953548321,0.0077865334940022,0.7588555884014518,0.4235989701065071,interfloor,ok,e5227fb6ebdbe0e2a1041d4142648a4f719bd3b4b757a309d50b38ef4367baee,a7676adf7325bfb343f6c417192d290b066bce867e21167f03dea860d196b49e,0,8,0.3,3672,3285,1377,0.0,0.0,0.0,4.0,4.0,0,False,0.0,0.0,0.0,3.0,3.0,0,False,0,0,0,0.0,4.0,29.029,0,False,71.444,0.0,20da2cf4ad658af41a82b8a4eb9efa4b0a68613bc59452b4b73281cfd68efe45,2.925
TMYx,detached,run_0063,random64,6.5621292372608675,6.65259707923012,2.866440977345775,291.8921029230811,0.2605908839526111,0.2904109892395112,0.2396360333811598,0.1130099666030276,4.144587096716162,0.654011275402036,0.4712269209763924,0.0014834559152219,0.54773627340295,0.5710594819740411,interfloor,ok,e68211cc3d4e0fc43d4034ac6cb3de51e17d15ae8994a3329649fba8b8440899,a7676adf7325bfb343f6c417192d290b066bce867e21167f03dea860d196b49e,0,8,0.3,3672,3285,1377,0.40849673202614384,0.40849673202614384,0.0,12.0,12.0,0,False,0.3812636165577342,0.3812636165577342,0.0,12.0,12.0,0,False,1,1,0,0.4085,12.0,30.427,0,False,231.0904,0.0,6ff945549f5a8531ae6431bf2b9643fe8b766b352eab41bea1c27d328f380453,3.058
TMYx,detached,run_0092,random64,9.93309790699963,8.182296197308714,2.457461454626565,111.121424386233,0.215416840146493,0.1614784962457293,0.2067813187440635,0.1045840336851818,2.5155012564866768,0.5247084843418965,0.6042830658593564,0.0091103599680866,0.403724911359604,0.9002186637947126,interfloor,ok,b400dfbaee39758d4af7f373782f3b520bc240db6cf8fa71da0c72e4b4d90d44,a7676adf7325bfb343f6c417192d290b066bce867e21167f03dea860d196b49e,0,8,0.3,3672,3285,1377,0.0,0.0,0.0,4.0,4.0,0,False,0.0,0.0,0.0,3.0,3.0,0,False,0,0,0,0.0,4.0,29.166,0,False,57.462,0.0,ad435563fbd0532d6e1e56930473d203c0d92e8290c2137b5e86d4ac925cc9b5,2.964
TMYx,detached,run_0095,random64,6.3624501841932375,11.842510228563462,2.491939053622874,295.7462251283733,0.2198554630131667,0.0400359318923531,0.1494445134899256,0.1850285440940413,4.185455890408224,0.5956563840158877,0.8831696681502195,0.0061710397040376,0.4456313827570233,0.3457178036598204,interfloor,ok,d22551e78bf48cdf4639d50b46dc64929c8471f34d774216fdb8ea6049cf1c40,a7676adf7325bfb343f6c417192d290b066bce867e21167f03dea860d196b49e,0,8,0.3,3672,3285,1377,0.1906318082788671,0.1906318082788671,0.0,8.0,8.0,0,False,0.1906318082788671,0.1906318082788671,0.0,9.0,9.0,0,False,1,1,0,0.1906,9.0,29.812,0,False,84.9742,0.0,c4c25a4c5544d334bf689917ccd346cc42b1cacda46811bf784088b65782d1b6,3.007
TMYx,detached,run_0132,stress16,9.299175482807073,9.44472107084308,2.6246307962624016,120.97695746647544,0.359724968552603,0.1373453664935816,0.0250244188438973,0.1090851112819592,4.432529714102253,0.6489282768966091,0.8546248700739805,0.0100735542076731,0.2380461443404612,0.205503238738427,interfloor,ok,bfed1ee102a2b18194feb85b947cae781f82b59b2c7dee9d0c75376013c69a82,a7676adf7325bfb343f6c417192d290b066bce867e21167f03dea860d196b49e,0,8,0.3,3672,3285,1377,0.9531590413943355,0.9531590413943355,0.0,21.0,21.0,0,False,1.0620915032679739,1.0620915032679739,0.0,21.0,21.0,0,False,11,11,0,1.0621,21.0,31.332,0,False,100.7214,0.0,1af95efc342137a96acb314b4a6f58b038314285ac85c46459001847b1e94d29,3.339
TMYx,detached,run_0169,random64,7.695473365435487,11.227744275625916,2.4943900256809504,33.74614022217156,0.1572306658104784,0.0421425997389778,0.1619378594004896,0.0133961689752927,3.577533400781542,0.3919625146305164,0.533438368709399,0.0108911883433449,0.1066031747510421,0.8986530703328954,interfloor,ok,a3568182c514f8b34faf9d141cb00b5ac094bc5b1f788a941e43a2c9271b9a8f,a7676adf7325bfb343f6c417192d290b066bce867e21167f03dea860d196b49e,0,8,0.3,3672,3285,1377,0.0,0.0,0.0,0.0,0.0,0,False,0.0,0.0,0.0,0.0,0.0,0,False,2,2,0,0.0,0.0,28.747,0,False,42.5691,0.0,bdcec6c1440320f5f3c7e6e7b8d8f6b73395f58829c2c10a90bf4417fb3df73f,3.111
TMYx,detached,run_0171,random64,7.494809621295749,11.22002626611558,2.7470227147731485,103.10589157010632,0.254781411116087,0.1019944879351144,0.3370655776713539,0.0445047342704688,4.389418546125397,0.6060268646263012,0.3276582681904973,0.005932140031043,0.3357054429082935,0.5638512940204532,interfloor,ok,d9dd58ac0079741d8a673a1eb2e2ff2b0da575cd88966c57d3a6053f3f510417,a7676adf7325bfb343f6c417192d290b066bce867e21167f03dea860d196b49e,0,8,0.3,3672,3285,1377,0.10893246187363835,0.10893246187363835,0.0,7.0,7.0,0,False,0.10893246187363835,0.10893246187363835,0.0,6.0,6.0,0,False,1,1,0,0.1089,7.0,29.632,0,False,69.0447,0.0,8f39e613c32f708df7b51529b3088f4a40007def15331ca0bc7fd6c4bdf5a16b,2.95
TMYx,detached,run_0172,random64,9.655340429240898,7.24820416689231,2.42469543122848,172.6245737256148,0.1639874631194922,0.1196870715518636,0.3172583437442636,0.1578098077295352,0.9402029258114942,0.4028680909098489,0.8765797877084602,0.0023588769593888,0.2060066547113198,0.3409010096267915,interfloor,ok,7ddd3113d2b348621de596776d529c39bf4210b7fc2e22251ea263685f3bb623,a7676adf7325bfb343f6c417192d290b066bce867e21167f03dea860d196b49e,0,8,0.3,3672,3285,1377,0.0,0.0,0.0,3.0,3.0,0,False,0.0,0.0,0.0,3.0,3.0,0,False,1,1,0,0.0,3.0,29.063,0,False,24.5481,0.0,c75f43f2802929debe06613081859febb699445bfcb4ccec86e512ac15e048e6,3.101
TMYx,detached,run_0189,random64,8.854541179080801,10.452603750516715,2.9188006260871417,67.8876582569418,0.3641510351705923,0.0892540763860939,0.3097302387013971,0.1440692649228458,2.707948972652005,0.2832682627500669,0.6646816722211282,0.0103303899374604,0.1290129201750531,0.0948871124029668,interfloor,ok,d5f184c670e180aab94ca7bc394c396676544d370363b5ac5b6ecb59f12946a3,a7676adf7325bfb343f6c417192d290b066bce867e21167f03dea860d196b49e,0,8,0.3,3672,3285,1377,0.13616557734204793,0.13616557734204793,0.0,9.0,9.0,0,False,0.13616557734204793,0.13616557734204793,0.0,7.0,7.0,0,False,1,1,0,0.1362,9.0,29.686,0,False,49.3094,0.0,1fa30080b7db4492eff0810ddec73d3708bc33e26530a01c7846f84ccf764cda,3.076
TMYx,detached,run_0203,random64,7.977123523285825,8.285263931205199,2.712837171815562,89.35419205267758,0.1358151170477194,0.188340689716523,0.0697252800449031,0.1120892354037314,1.7190015052738117,0.5071421704296211,0.5490554865529775,0.0022577353970723,0.6310346873260598,0.5050302275796102,interfloor,ok,f028b2ea871182ae31377ac63d8ee1e5b91dafc3211392c228a5b42c0cf3983f,a7676adf7325bfb343f6c417192d290b066bce867e21167f03dea860d196b49e,0,8,0.3,3672,3285,1377,0.0,0.0,0.0,4.0,4.0,0,False,0.0,0.0,0.0,3.0,3.0,0,False,0,0,0,0.0,4.0,29.086,0,False,64.5093,0.0,67273cffc9f477c0bd5d66e1d41f1b4b2b0302a04ae40694ead5544f020f3dcd,3.055
TMYx,detached,run_0208,random64,7.080933225138338,8.151979458855823,2.6146631258077835,109.77210266794091,0.1350633821387371,0.2826211130453059,0.3158693984636647,0.1010376581025481,1.0331012809233195,0.4004981292509733,0.7085516862951541,0.001430792206345,0.6109790032078951,0.401205105008072,interfloor,ok,9ed1197cb88a1f0e4c7fa09acd35fc271f8d90597fa99e7532bcdb86aff9e69c,a7676adf7325bfb343f6c417192d290b066bce867e21167f03dea860d196b49e,0,8,0.3,3672,3285,1377,0.0,0.0,0.0,3.0,3.0,0,False,0.0,0.0,0.0,3.0,3.0,0,False,0,0,0,0.0,3.0,28.92,0,False,81.5538,0.0,840e46870243468d2b5fca79c32d79c4829f05099a3340b89770fb029fd180e8,3.241
TMYx,detached,run_0239,stress16,8.966408949597819,7.177231125441284,2.4933678450716044,17.389312189459034,0.33924506984946,0.1909431656003543,0.2552562075773003,0.1590237503532047,0.8661594681833358,0.6951609206290856,0.8620318201574801,0.0106498566496832,0.1330127200193476,0.4051665189182183,interfloor,ok,5283d59b4807f7a2e0508cf246e5f78a4df5e816e1d170a50424f29ce30d29f6,a7676adf7325bfb343f6c417192d290b066bce867e21167f03dea860d196b49e,0,8,0.3,3672,3285,1377,1.7973856209150325,1.7973856209150325,0.0,26.0,26.0,0,False,1.4161220043572984,1.4161220043572984,0.0,25.0,25.0,0,False,55,214,159,1.7974,26.0,31.459,0,False,75.6855,0.0,c1677baac703b5dd069e49075b10a5762bcbeb8e218aaf91319910a9552ff131,3.596
TMYx,detached,run_0241,stress16,8.986985502735077,6.370726990713231,2.8262969611987976,288.55522855132386,0.3577817612158999,0.1857466310998697,0.1900534041160908,0.1183127038015254,1.180262981894609,0.5586107918959073,0.4841391966636397,0.0026352311391234,0.7606078576767147,0.3295277351670737,interfloor,ok,6f3cbd11c7c68848a0b2400200e93a6e26970ea5a78df9bb08492e1f2218ef2f,a7676adf7325bfb343f6c417192d290b066bce867e21167f03dea860d196b49e,0,8,0.3,3672,3285,1377,0.8169934640522877,0.8169934640522877,0.0,21.0,21.0,0,False,0.5991285403050108,0.5991285403050108,0.0,18.0,18.0,0,False,8,37,29,0.817,21.0,31.032,0,False,727.1621,0.0,16340fa7ebbbb977711db7715c63481fb31960dc14f248a96a2c3ecd501931bc,3.44
TMYx,detached,run_0298,random64,8.332008660398749,7.514114819729058,2.5770632840161176,32.65999947584161,0.3675082359468328,0.2612870512859359,0.1947062270800404,0.092184612395228,2.2327759245070897,0.4154681534695688,0.4491901728869033,0.0031863362642622,0.2918284207024562,0.3945965827764047,interfloor,ok,d77274c252738ebd5f9445199b952f446c60e20915f223142542d5d9e1347282,a7676adf7325bfb343f6c417192d290b066bce867e21167f03dea860d196b49e,0,8,0.3,3672,3285,1377,0.2995642701525054,0.2995642701525054,0.0,11.0,11.0,0,False,0.27233115468409586,0.27233115468409586,0.0,11.0,11.0,0,False,1,1,0,0.2996,11.0,30.193,0,False,116.03,0.0,4389ba58d01a52713b751a5c0c88b45f729dbe4ffeac2270af964852211c085a,3.128
TMYx,detached,run_0302,random64,6.464886681198625,6.461232658039725,2.595607139740693,200.15410369855252,0.1048401522366748,0.0500529154312022,0.2464765860508568,0.138708672410398,1.0994929560158817,0.5957829612933677,0.6712389000184744,0.0114188958123249,0.5764259455075901,0.8590859386058312,interfloor,ok,6ca4d544f358480cc3edeb2ab8a63c71fa96d1d2c397a54a9955881043ae2af5,a7676adf7325bfb343f6c417192d290b066bce867e21167f03dea860d196b49e,0,8,0.3,3672,3285,1377,0.0,0.0,0.0,3.0,3.0,0,False,0.0,0.0,0.0,3.0,3.0,0,False,0,0,0,0.0,3.0,29.124,0,False,60.7329,0.0,fca0e77304e6591abe85643116cf682e556a988977f320a4178753794baf0abd,3.114
TMYx,detached,run_0421,random64,7.259944904757417,9.95766854175178,2.9168650187863294,194.2486599421907,0.3312206235671143,0.0946711362366577,0.2923395976811948,0.0428674051588782,2.175209421544923,0.3660505438690433,0.3166605386628426,0.005912152362126,0.7213775997545232,0.4076882356228147,interfloor,ok,2e69ab1bff35afb1abad2c584f7eb013ea942f8f78ba52a7bec89d1ae261eef4,a7676adf7325bfb343f6c417192d290b066bce867e21167f03dea860d196b49e,0,8,0.3,3672,3285,1377,0.10893246187363835,0.10893246187363835,0.0,9.0,9.0,0,False,0.10893246187363835,0.10893246187363835,0.0,9.0,9.0,0,False,0,0,0,0.1089,9.0,29.802,0,False,186.0665,0.0,e9eba77d556e1889d7bcbd202a4ce3fa396b9f8981d824f19da85750e53028e8,3.053
TMYx,detached,run_0456,random64,7.235653346407408,11.709367776516928,2.5247172842449146,164.85689193046983,0.316903563356449,0.2724207622108091,0.0275777940548623,0.1306855280144903,4.841830387386058,0.3607166626987048,0.7357196636648353,0.0087398255812502,0.7615723805690275,0.6784222436994939,interfloor,ok,3a43b1c9b7f39ca29cd7148839b3977d78a4e65796c61bf53224952e0f83fd53,a7676adf7325bfb343f6c417192d290b066bce867e21167f03dea860d196b49e,0,8,0.3,3672,3285,1377,0.08169934640522876,0.08169934640522876,0.0,5.0,5.0,0,False,0.10893246187363835,0.10893246187363835,0.0,8.0,8.0,0,False,1,1,0,0.1089,8.0,29.818,0,False,103.6216,0.0,3d0b4b63f1081240262a44d1136f1fd1e03b5f1a3fb941af99715bb715721ce0,3.096
TMYx,detached,run_0492,stress16,8.550782772522515,11.776115421222215,2.699213296519177,334.2020798495306,0.3999904372395374,0.0206995492983702,0.0607249068429463,0.0682232294671505,1.1214548050257498,0.6419965380885064,0.7204194426782291,0.0073087888941234,0.247223981405377,0.2972364509554138,interfloor,ok,a0366c5b6695b67df089fd3fac3e500240ec31b632a4b297621ccd75ed4c2472,a7676adf7325bfb343f6c417192d290b066bce867e21167f03dea860d196b49e,0,8,0.3,3672,3285,1377,1.3071895424836601,1.3071895424836601,0.0,23.0,23.0,0,False,1.0893246187363834,1.0893246187363834,0.0,24.0,24.0,0,False,23,30,7,1.3072,24.0,31.439,0,False,135.9367,0.0,a2ff4c1edb2263c39b858f746d52e4c392d394fb8d3cc54a279b0eb1a3654e76,3.421
TMYx,detached,run_0499,random64,7.858804507830091,10.349836369453136,2.532898445475049,95.20960247737294,0.2105308086928702,0.2661776403887546,0.202952619776223,0.042630729895842,4.479626527348435,0.5735404220619731,0.7008795170704228,0.0036983473818156,0.1567476492121556,0.6596289751233395,interfloor,ok,9610b4949ecf676a7da924e4a8b80a5054819dfad1426a58f916146572e17b7e,a7676adf7325bfb343f6c417192d290b066bce867e21167f03dea860d196b49e,0,8,0.3,3672,3285,1377,0.08169934640522876,0.08169934640522876,0.0,5.0,5.0,0,False,0.08169934640522876,0.08169934640522876,0.0,5.0,5.0,0,False,1,1,0,0.0817,5.0,29.431,0,False,31.8468,0.0,6f374d6b8d575ef8f5e4f952aa050c4a137476718f9bc4c0cbbe658f9ceb252c,3.139
TMYx,detached,run_0500,random64,9.82451369711319,10.845295277018504,2.7073204009582628,108.9848566026068,0.2404164756163604,0.2191691030494161,0.3170431197618952,0.1101248845957577,4.246097291116642,0.3146179268775989,0.8846779164318552,0.002952629013426,0.3985480745890861,0.6671409251817507,interfloor,ok,44a73dda6f1173725a63555cdeeb88dae3f6f9de006ae71f69025c0ee0b0070f,a7676adf7325bfb343f6c417192d290b066bce867e21167f03dea860d196b49e,0,8,0.3,3672,3285,1377,0.0,0.0,0.0,2.0,2.0,0,False,0.0,0.0,0.0,3.0,3.0,0,False,0,0,0,0.0,3.0,28.879,0,False,44.5743,0.0,eebc3e963271a407d818f7a5fcb493fd6b861e1c6cd261ae2d5ef6b65233ca20,3.187
TMYx,detached,run_0628,stress16,9.72733840356107,7.8427669792229615,2.5924321527735392,359.8933269015914,0.3529783862372112,0.0761779621335445,0.3273904561993191,0.0824461595128538,3.4708268892998255,0.3251799736172571,0.3503616556392233,0.0015213312741712,0.7206263247604744,0.7182250817689112,interfloor,ok,bae173a9ae58967cfefa1b566acab7a59d7ab2c5d6a0f931ae63b4423b3daad1,a7676adf7325bfb343f6c417192d290b066bce867e21167f03dea860d196b49e,0,8,0.3,3672,3285,1377,0.054466230936819175,0.054466230936819175,0.0,4.0,4.0,0,False,0.054466230936819175,0.054466230936819175,0.0,4.0,4.0,0,False,0,0,0,0.0545,4.0,29.271,0,False,90.7067,0.0,e8baf8b8abeff59d2ed3187aa6ec0a09cd04e42f19b98422abd19ea4a67418b7,3.165
TMYx,detached,run_0745,random64,9.403992115334937,8.48512079989969,2.7038151450428907,145.5310132662222,0.2567053419094268,0.2898505421920269,0.0488499881238593,0.1014932783378585,1.1571722700731573,0.4833947498367663,0.8213087990653432,0.008725404304492,0.7657037313194129,0.8876906018863312,interfloor,ok,43a7675f2075029e0d8ff1cd19d4e8e1719f79aa6017285b5dff56a8010497ab,a7676adf7325bfb343f6c417192d290b066bce867e21167f03dea860d196b49e,0,8,0.3,3672,3285,1377,0.08169934640522876,0.08169934640522876,0.0,5.0,5.0,0,False,0.10893246187363835,0.10893246187363835,0.0,6.0,6.0,0,False,1,1,0,0.1089,6.0,29.722,0,False,191.0432,0.0,0c9dedb664e26a6c8251a7ab55ab0806e096ee160f90cf4907df1ebb946bde35,3.22
TMYx,detached,run_0768,stress16,6.634637881940697,11.603463379949876,2.9452065682690702,7.656125949492523,0.3673240508605883,0.0703946751822334,0.0882239068606324,0.0721394554328508,0.8794108960838816,0.6853284584119119,0.8495356125752638,0.0109339718263157,0.2996274968959122,0.0483529411528591,interfloor,ok,1867718c416301e60883e9320e0b172a6db66cf8d9f376a9648edda5a784d38f,a7676adf7325bfb343f6c417192d290b066bce867e21167f03dea860d196b49e,0,8,0.3,3672,3285,1377,1.9880174291938997,1.9880174291938997,0.0,30.0,30.0,0,False,1.6067538126361656,1.6067538126361656,0.0,30.0,30.0,0,False,47,113,66,1.988,30.0,31.9,0,False,255.7594,0.0,f85246b74c4bba4f755f6d845b30d7485e40c8ede97d3207c60ed38e2481988b,3.674
TMYx,detached,run_0785,random64,8.940781628092497,8.940854789499578,2.71333172432655,21.027453984889203,0.3107729422642821,0.2659499439488594,0.1570556761118805,0.0362424341838409,3.092059615457477,0.5972727377148599,0.3537591526886088,0.010305774523266,0.4150422534097331,0.1795157167910107,interfloor,ok,1a1b12853c95b523d5c18e7c9a6ef40bb4d9f052d868f27ea7dd9c4d1e0b82bf,a7676adf7325bfb343f6c417192d290b066bce867e21167f03dea860d196b49e,0,8,0.3,3672,3285,1377,0.3812636165577342,0.3812636165577342,0.0,12.0,12.0,0,False,0.32679738562091504,0.32679738562091504,0.0,11.0,11.0,0,False,1,1,0,0.3813,12.0,30.284,0,False,135.8771,0.0,4cb38905d74566083575fdee223af37c329d6625db299bcc7b10476e8ed93d2c,3.14
TMYx,detached,run_0788,random64,8.782009887322488,9.886407966385462,2.689241045237277,165.79600971047623,0.1806222296930827,0.0350189214807997,0.2624851560323494,0.0761344647472262,0.8504742135136384,0.5569179194726575,0.8553784108853641,0.0092759304403749,0.5281861664355341,0.2100976052058908,interfloor,ok,b4b9c83f8e9f19b77f8e83e3bf21b156f2bb69af10563a5d9a75675421c793c2,a7676adf7325bfb343f6c417192d290b066bce867e21167f03dea860d196b49e,0,8,0.3,3672,3285,1377,0.08169934640522876,0.08169934640522876,0.0,5.0,5.0,0,False,0.08169934640522876,0.08169934640522876,0.0,6.0,6.0,0,False,2,2,0,0.0817,6.0,29.616,0,False,83.2786,0.0,9ad22195257cc812393467bceb94231124dcadaf4e09cb86cdf5b9a01ef17a43,3.165
TMYx,detached,run_0821,random64,8.168610103195812,6.295910082319626,2.44919521726831,83.16215592635217,0.1633699932395152,0.2793528873688088,0.3075031868920546,0.1071356027635634,4.694512503188105,0.3195967627738837,0.4662343120140395,0.0025933405746935,0.4004795609820039,0.9249981780019016,interfloor,ok,14449062aa6e088b1814485d888d9ccb94f8de71f525ce17b25a9334b97296c7,a7676adf7325bfb343f6c417192d290b066bce867e21167f03dea860d196b49e,0,8,0.3,3672,3285,1377,0.0,0.0,0.0,2.0,2.0,0,False,0.0,0.0,0.0,1.0,1.0,0,False,0,0,0,0.0,2.0,28.683,0,False,43.2913,0.0,16c74f2ad98f62e92139ecad7324589425bc8d9ff2a5867515fa7e7769cfae46,3.136
TMYx,detached,run_0833,random64,6.881397296298271,10.882836593895547,2.866583637518168,115.0820265960748,0.2101446861231999,0.1571910951166595,0.0991883520257245,0.1038913954908974,2.054872833294584,0.31784047548047,0.3619575529089111,0.0100872283500496,0.3785981589568508,0.1448921445221051,interfloor,ok,e74757d3c6d1affee5491519604dd9ffce1932a9301f02dd334f2f6f556f866a,a7676adf7325bfb343f6c417192d290b066bce867e21167f03dea860d196b49e,0,8,0.3,3672,3285,1377,0.0,0.0,0.0,4.0,4.0,0,False,0.0,0.0,0.0,4.0,4.0,0,False,0,0,0,0.0,4.0,29.028,0,False,51.6482,0.0,8274af5389bfa627e758a1a670a66f2a5ffa4f4ec5563286cec1f8e3298f0e0c,3.102
TMYx,detached,run_0841,random64,8.367547204965499,7.256923551190713,2.9918995286847547,209.09780783784907,0.2412457505801208,0.2385274524029789,0.0999052231342154,0.0327496438192871,4.272186592040046,0.5573251812470255,0.5047083796199578,0.0034639552327845,0.6468288498143069,0.6883388060301502,interfloor,ok,15ff0bb74fe4fa9e99498265ea4e78e113083dd5094cc3d7a88e0908173fae5a,a7676adf7325bfb343f6c417192d290b066bce867e21167f03dea860d196b49e,0,8,0.3,3672,3285,1377,0.10893246187363835,0.10893246187363835,0.0,9.0,9.0,0,False,0.10893246187363835,0.10893246187363835,0.0,9.0,9.0,0,False,1,1,0,0.1089,9.0,29.821,0,False,131.0932,0.0,e65f1996af72a94e824c0e5e6f09a8bb889aed77030540ec889b7300fdac7961,3.093
TMYx,detached,run_0844,random64,8.746712419323499,8.255288205551997,2.8301858731668736,119.6183960439886,0.1994819192503905,0.27254785547391,0.0411225287078061,0.1609877938402135,1.483139363161183,0.3044285647779056,0.8800589857851471,0.0064660006290998,0.7491636968151721,0.9819550749784538,interfloor,ok,50c48cec4086c4a5de552645c91729341bf9a4a542d7288c4526810d77291891,a7676adf7325bfb343f6c417192d290b066bce867e21167f03dea860d196b49e,0,8,0.3,3672,3285,1377,0.0,0.0,0.0,3.0,3.0,0,False,0.08169934640522876,0.08169934640522876,0.0,5.0,5.0,0,False,1,1,0,0.0817,5.0,29.318,0,False,85.5432,0.0,5e7deeba642fbf43798ee009659eed03fb3573f9725c94a68070c957f0368dd4,3.237
TMYx,detached,run_0887,random64,9.484724765067508,11.174464591770498,2.414911442203662,229.80644996404757,0.2796275305540545,0.0758284244041909,0.2896741830836959,0.1751072335090888,1.6995338270119895,0.3107776781053267,0.4257006634020504,0.0114970329370951,0.491908950611397,0.9890734482016346,interfloor,ok,47c7f3cb9be8a9bc726cc75c51ee6aa2a955aecbb5b0e8e289f542d417b21ad3,a7676adf7325bfb343f6c417192d290b066bce867e21167f03dea860d196b49e,0,8,0.3,3672,3285,1377,0.0,0.0,0.0,2.0,2.0,0,False,0.0,0.0,0.0,2.0,2.0,0,False,0,0,0,0.0,2.0,28.867,0,False,57.4479,0.0,19a70a23e7183e1dc9d874c397c25c0e9ba4ee96735eaf4fc94b3c0fa09e620a,3.185
TMYx,detached,run_1025,stress16,6.001988515451892,8.013747343359917,2.712128069948224,187.7230485160186,0.3988100711297681,0.0143824485162627,0.2716513893534522,0.0592134160641791,2.773734982619098,0.4008863300303726,0.4244523072802022,0.0086936739506271,0.2466612679915689,0.5322139386093038,interfloor,ok,d7ee8c45f3203c3269156e9e09b9ce7f6205be03a6ec1455b4792b3466cdd2b0,a7676adf7325bfb343f6c417192d290b066bce867e21167f03dea860d196b49e,0,8,0.3,3672,3285,1377,0.3540305010893246,0.3540305010893246,0.0,11.0,11.0,0,False,0.32679738562091504,0.32679738562091504,0.0,11.0,11.0,0,False,1,1,0,0.354,11.0,30.256,0,False,116.7144,0.0,1223187295d91f26556f4883ac7fe40ce5f07e3d0aae9c2a4ee24aa38d141afa,3.159
TMYx,detached,run_1083,random64,8.454517480509306,7.606900202320765,2.5501477925335045,241.34481889977465,0.2891208841498976,0.1515706845674109,0.1605073890215713,0.1607015551309144,1.101558526110067,0.2140821822715956,0.8767854811568954,0.0117808467129899,0.4181305553407746,0.979553351344094,interfloor,ok,901f5f41ece65bf71737ba0f0b664f36ba9bc74633a09839c0a8eca994ac34bc,a7676adf7325bfb343f6c417192d290b066bce867e21167f03dea860d196b49e,0,8,0.3,3672,3285,1377,0.0,0.0,0.0,3.0,3.0,0,False,0.0,0.0,0.0,3.0,3.0,0,False,0,0,0,0.0,3.0,28.928,0,False,68.0376,0.0,5ad04d80fce66683cbf33034b7bfb9d0625d6211ecbcad1017292938255de6f6,3.22
TMYx,detached,run_1093,random64,8.002380628505447,10.166259736812894,2.8796333119979427,171.23898423952662,0.100090185215434,0.0543938555226989,0.0270087812313298,0.0755226196018769,1.8235443611211988,0.386033384594613,0.8407906551118343,0.0050274494110316,0.354654458456868,0.9837284633011107,interfloor,ok,3f634dd6af2db9c46d8ac31cbe6253ffbacfdb55dc577905b88a1055d423a44d,a7676adf7325bfb343f6c417192d290b066bce867e21167f03dea860d196b49e,0,8,0.3,3672,3285,1377,0.0,0.0,0.0,0.0,0.0,0,False,0.054466230936819175,0.054466230936819175,0.0,4.0,4.0,0,False,4,4,0,0.0545,4.0,29.26,0,False,48.6741,0.0,40a669ef75c92d3c5e0e9396d776c89c5c3c6ad0cdb11f501791c3a02d03b96b,3.08
TMYx,detached,run_1130,random64,9.188456848978468,11.639043127509634,2.559744911138821,29.410840417817724,0.1117948532135704,0.2858457406091068,0.2595794543528447,0.1999165833637279,1.1743911222239498,0.471472375004214,0.5367601190449024,0.0117616437190273,0.2970725510522888,0.433698314360111,interfloor,ok,30f84b116ed11da7830ac0b08538e9078d2bc8fb018ae2f58117159c1baa709f,a7676adf7325bfb343f6c417192d290b066bce867e21167f03dea860d196b49e,0,8,0.3,3672,3285,1377,0.0,0.0,0.0,0.0,0.0,0,False,0.0,0.0,0.0,0.0,0.0,0,False,0,0,0,0.0,0.0,28.674,0,False,16.3072,0.0,7853284a5cb95ef4db1e84e0e46a40c74ef7d56661277d356cb35f65bd3de1da,3.259
TMYx,detached,run_1192,random64,6.574979979831511,11.394826702694091,2.6678524442714378,83.01673689334608,0.3565625542057532,0.2467632876240327,0.0518339126921443,0.087289463380345,1.2028290993735582,0.4784511509089152,0.6693643480800702,0.0064013535611167,0.4547676125272111,0.8704605859623464,interfloor,ok,95a1d602a6e5c926fefe3ab9ab4020232cb6ecdc6bc90c3bb3cbf6a80196f86e,a7676adf7325bfb343f6c417192d290b066bce867e21167f03dea860d196b49e,0,8,0.3,3672,3285,1377,0.10893246187363835,0.10893246187363835,0.0,7.0,7.0,0,False,0.1906318082788671,0.1906318082788671,0.0,10.0,10.0,0,False,1,1,0,0.1906,10.0,29.862,0,False,198.6777,0.0,7cb5571f716e6f80a54e801fa1a23e9dc6997bdd580c0f167860da759ae77924,3.225
TMYx,detached,run_1197,random64,9.55307660622851,10.935446202367611,2.651431698797591,89.14333515226049,0.2043520540065082,0.2592494770209894,0.0576746329066228,0.0781157588360924,2.1857332563991227,0.2060785959940542,0.5149724560393532,0.0076651831377733,0.6733006645411621,0.4720333855727691,interfloor,ok,d08bdae026b083fa03779e5e7af1b1e9ba854c05ce2c944d1ee069c4d3c5bd36,a7676adf7325bfb343f6c417192d290b066bce867e21167f03dea860d196b49e,0,8,0.3,3672,3285,1377,0.0,0.0,0.0,0.0,0.0,0,False,0.0,0.0,0.0,2.0,2.0,0,False,0,0,0,0.0,2.0,28.705,0,False,42.9842,0.0,fcabe161fd667938623476785bd41980b6d9ca7431e5deaef70b5118f40e98ff,3.154
TMYx,detached,run_1199,stress16,8.893313295309667,6.752916196560016,2.775376919971335,90.13627347871588,0.1083033134047148,0.1785539237225437,0.0601924888116002,0.0886989224971885,1.0127404186376616,0.4736069389205135,0.8365327423703692,0.0052546015723922,0.7998494879171348,0.7537545170074853,interfloor,ok,8a577e655a2c3eb44cabe5bb4e9c380e40d7ebf6a63915897f27843227703af4,a7676adf7325bfb343f6c417192d290b066bce867e21167f03dea860d196b49e,0,8,0.3,3672,3285,1377,0.0,0.0,0.0,3.0,3.0,0,False,0.0,0.0,0.0,3.0,3.0,0,False,1,1,0,0.0,3.0,29.089,0,False,67.3465,0.0,4ef9dccc3036749333634ef25130bf06384149df137c3a97f311003593305947,3.2
TMYx,detached,run_1207,random64,9.168130791502008,9.004696072729846,2.8115599835956373,142.9180739985565,0.1284202723692254,0.1867752178704292,0.3348439656423181,0.1317711005700411,2.4118781979192816,0.4565266167997619,0.610364497850469,0.004851525079017,0.1978381158264388,0.9603135205592784,interfloor,ok,08e2c7dd2fed2fece9b0b158cf253cb2a2f64cbf97fcf809508f0c1e29746142,a7676adf7325bfb343f6c417192d290b066bce867e21167f03dea860d196b49e,0,8,0.3,3672,3285,1377,0.0,0.0,0.0,0.0,0.0,0,False,0.0,0.0,0.0,0.0,0.0,0,False,0,0,0,0.0,0.0,28.7,0,False,19.0673,0.0,48894da0138d625f62ad595c66c314ba5f1d095a5b381dbc4ec2b728b1914bf6,3.182
TMYx,detached,run_1209,random64,8.118074804521358,11.978193458414612,2.9036564697751355,244.9524063171716,0.3754156589993933,0.1220701597070463,0.1432447265725567,0.0531746170798,1.5295117539422654,0.5948510668405462,0.606964077683358,0.0056553556870505,0.480152133711234,0.6399576848879639,interfloor,ok,666b2c97589711e703660061e2eed8dad3bb5b9583097a04c5d8f00be8381cd0,a7676adf7325bfb343f6c417192d290b066bce867e21167f03dea860d196b49e,0,8,0.3,3672,3285,1377,0.40849673202614384,0.40849673202614384,0.0,13.0,13.0,0,False,0.3812636165577342,0.3812636165577342,0.0,13.0,13.0,0,False,2,2,0,0.4085,13.0,30.361,0,False,274.6302,0.0,11da5e01d59f8835d5e39ebc77fedf5d4da0cf2071ba338e02a5b2b4a90c730a,3.228
TMYx,detached,run_1214,stress16,7.588108618860515,7.752734140780623,2.826539668699661,130.3981801828211,0.3484607578703986,0.1342467316483606,0.1687813557233073,0.1611491128809359,1.000533177193956,0.6979521394451516,0.3042607275737717,0.007184911846836,0.7742265557708546,0.5938512492331808,interfloor,ok,356724d58de7688ca4b7d3ed4cdd693ea496c14757051a9d92f74acc56703817,a7676adf7325bfb343f6c417192d290b066bce867e21167f03dea860d196b49e,0,8,0.3,3672,3285,1377,1.1437908496732025,1.1437908496732025,0.0,21.0,21.0,0,False,0.8714596949891068,0.8714596949891068,0.0,19.0,19.0,0,False,15,70,55,1.1438,21.0,31.174,0,False,777.0432,0.0,9f4c1487f36e46e822654ff6a13651b2c4ad547942cc12d22fb36755bff6e193,3.557
TMYx,detached,run_1248,random64,9.06874655668104,6.39714339888123,2.4388587665273502,227.04203511645017,0.300438463458426,0.1826052445691555,0.3125340008743582,0.017922370396233,1.828155892567156,0.634732281708217,0.5900520904862452,0.0086471631277632,0.744025489137654,0.0859871297257144,interfloor,ok,2c89789ccbb8577ab9cf52f2c1080c99e30c08c9bfb119b9a8f081b46774e90c,a7676adf7325bfb343f6c417192d290b066bce867e21167f03dea860d196b49e,0,8,0.3,3672,3285,1377,0.3812636165577342,0.3812636165577342,0.0,12.0,12.0,0,False,0.40849673202614384,0.40849673202614384,0.0,12.0,12.0,0,False,2,2,0,0.4085,12.0,30.482,0,False,424.0783,0.0,447c54dedfb2b827a8cb01fdda483648a19878a34c21ca8464d1ae0dad39db0f,3.252
TMYx,detached,run_1268,random64,8.672107632349496,6.077241426467557,2.800377196115221,248.79991969356283,0.3247953487491061,0.0219064414200164,0.0826480006959761,0.1562970222400376,2.814679622664271,0.6718729366355661,0.6906200825760328,0.0011846727722075,0.1220025434097146,0.2148351272313768,interfloor,ok,71d40a4d01f76625cb4dc6a20114f5727428fa22151cd4d8f6d64bc719cec8a0,a7676adf7325bfb343f6c417192d290b066bce867e21167f03dea860d196b49e,0,8,0.3,3672,3285,1377,1.715686274509804,1.715686274509804,0.0,29.0,29.0,0,False,1.3616557734204793,1.3616557734204793,0.0,27.0,27.0,0,False,24,24,0,1.7157,29.0,31.721,0,False,85.4072,0.0,678cebb7696d89bf0166b449527029fe72cdb3f71ae7891551099b0d276b68b1,3.211
TMYx,detached,run_1274,random64,6.241960005906613,10.399629191334888,2.8831521889224567,182.0303542420824,0.3893387920102038,0.2765961269867158,0.2263723592999344,0.0811994462666564,1.6006253230049623,0.428158997554932,0.6483239736954343,0.0098985746010797,0.660318092457969,0.5707357570475454,interfloor,ok,da81a54b33a07abd1672d74d65676f47a3e4f3c58d16f0b9cfa47808cda06469,a7676adf7325bfb343f6c417192d290b066bce867e21167f03dea860d196b49e,0,8,0.3,3672,3285,1377,0.3540305010893246,0.3540305010893246,0.0,12.0,12.0,0,False,0.32679738562091504,0.32679738562091504,0.0,11.0,11.0,0,False,1,1,0,0.354,12.0,30.3,0,False,411.9407,0.0,af96f2544c94009ed7fcf6a86e0b46d078069249e0937eec4b445a4de983900e,3.313
TMYx,detached,run_1295,random64,9.700875846736846,11.393976617728896,2.625245447765509,15.055808046872396,0.1106551028886222,0.1052395899485283,0.0428257154219093,0.0339409350855904,4.282889671851096,0.2731703980561324,0.697609692323854,0.0071462703374351,0.7016648928179255,0.864958402476004,interfloor,ok,08fb73f2d29f3f9c24c6dcba75e10e501296efc2ad2f8510358fbd8b7673b72c,a7676adf7325bfb343f6c417192d290b066bce867e21167f03dea860d196b49e,0,8,0.3,3672,3285,1377,0.0,0.0,0.0,0.0,0.0,0,False,0.0,0.0,0.0,1.0,1.0,0,False,0,0,0,0.0,1.0,28.677,0,False,41.9312,0.0,4701023e0fc0b9513e00bd66a241ba4a081dc6dc70fc09b3016435e159bd11ca,3.094
TMYx,detached,run_1311,random64,9.165362455102658,7.340987815898325,2.8133939339727108,305.0567196793675,0.1889324964091247,0.0323126599434309,0.1588020548110891,0.026092481744294,1.1716059785701818,0.6238515161870499,0.5930562544217899,0.0094844252584585,0.5560536106491164,0.7347389973183898,interfloor,ok,6415f88c7219368cc0e54c487387f4e9a9a16e5d5cbcbfe7cdfb1fab4e00b76d,a7676adf7325bfb343f6c417192d290b066bce867e21167f03dea860d196b49e,0,8,0.3,3672,3285,1377,0.08169934640522876,0.08169934640522876,0.0,5.0,5.0,0,False,0.08169934640522876,0.08169934640522876,0.0,5.0,5.0,0,False,2,2,0,0.0817,5.0,29.713,0,False,102.8364,0.0,7a0152e9e42b715699961cddc3b90f9c56c84cd491a51365c549f4df331f138e,3.188
TMYx,detached,run_1388,random64,9.678814831103882,8.915890074047772,2.800541899467576,218.74280184445405,0.1098036268680505,0.2727958848646888,0.3439519392324434,0.136424623817726,2.406438737900367,0.2924614656342366,0.358399055620711,0.0107980260130701,0.4314042170048758,0.6522212139098633,interfloor,ok,5da385661ed087482855d83a17bec04c749eebec3e451554c6cdd75c99e8de46,a7676adf7325bfb343f6c417192d290b066bce867e21167f03dea860d196b49e,0,8,0.3,3672,3285,1377,0.0,0.0,0.0,0.0,0.0,0,False,0.0,0.0,0.0,0.0,0.0,0,False,0,0,0,0.0,0.0,28.336,0,False,23.4584,0.0,50b1001c136cd9148373bb385bdfde55b443c15ec0c5e5baac46d541045a5fc1,3.188
TMYx,detached,run_1391,random64,9.65754037174086,7.371418965081008,2.4723911477589064,245.60981709998856,0.1947631756497077,0.2039411843608119,0.1074218120281111,0.0162622533962714,4.722810987580656,0.4500350593640352,0.4151046102651455,0.0083872118280736,0.1148113999145338,0.1106668227864503,interfloor,ok,a6074ba7c8c7a9e03a67e0b0e77c7a97949c6913cb673cf386a5b966a259f968,a7676adf7325bfb343f6c417192d290b066bce867e21167f03dea860d196b49e,0,8,0.3,3672,3285,1377,0.08169934640522876,0.08169934640522876,0.0,5.0,5.0,0,False,0.08169934640522876,0.08169934640522876,0.0,5.0,5.0,0,False,2,2,0,0.0817,5.0,29.461,0,False,38.472,0.0,8a552bc1f88c94174daa0c9d2771b7361b7471116bbcc2ff873a5097398f0a58,3.086
TMYx,detached,run_1416,stress16,7.611423563474337,8.698251521688531,2.426406411760429,121.28644403903304,0.2515937716162215,0.0800541981528088,0.2307818781610998,0.0347059324643584,3.835273389438587,0.5544241075079898,0.5745584674183433,0.0058908240493479,0.1000232333706224,0.4592619165338935,interfloor,ok,8499bf2d02e4877cde1315884da8402f449ca2a8c221c5a559018899ace3672c,a7676adf7325bfb343f6c417192d290b066bce867e21167f03dea860d196b49e,0,8,0.3,3672,3285,1377,0.24509803921568626,0.24509803921568626,0.0,11.0,11.0,0,False,0.24509803921568626,0.24509803921568626,0.0,11.0,11.0,0,False,7,7,0,0.2451,11.0,30.157,0,False,40.2131,0.0,8b0b811ada78b54d6ac7a381e576b075202987ead446eca816ceb052263acf09,3.231
TMYx,detached,run_1434,random64,9.159539081356815,6.688059520298238,2.9750873857625546,146.8680349805886,0.109342487245402,0.2408929006163872,0.3256769736107116,0.1251180578113211,1.4006317331367033,0.4093604062094604,0.6924091355483194,0.0058060970619586,0.7515582151715556,0.0608321572405057,interfloor,ok,5df6971a7698612daa76ebb5ee460e446c8b8a609cf68d52e88066158a121f55,a7676adf7325bfb343f6c417192d290b066bce867e21167f03dea860d196b49e,0,8,0.3,3672,3285,1377,0.0,0.0,0.0,3.0,3.0,0,False,0.0,0.0,0.0,3.0,3.0,0,False,0,0,0,0.0,3.0,28.883,0,False,68.9003,0.0,673c1e07a708f7805aa33adeaaa8c4e4cdfedc3828058f5f39f8094881deb674,3.255
TMYx,detached,run_1476,random64,8.896156594940386,11.970459088733485,2.620502673500708,170.28638121673248,0.269002831698218,0.1073848132959912,0.2221615330765761,0.0858084946392574,2.270012833340684,0.6822472892294835,0.5392405542224693,0.0094663221482832,0.4521300487922157,0.0581779318396109,interfloor,ok,daf2a0ceb4b8c58eaf28415eafa8185a30e56ea67c842e42ee9f4caa7f4c4a08,a7676adf7325bfb343f6c417192d290b066bce867e21167f03dea860d196b49e,0,8,0.3,3672,3285,1377,0.3812636165577342,0.3812636165577342,0.0,12.0,12.0,0,False,0.32679738562091504,0.32679738562091504,0.0,12.0,12.0,0,False,3,3,0,0.3813,12.0,30.134,0,False,131.8586,0.0,0f69149311e975f948fceecd1af99c0ba9bf96a5cfc1c211f37bcfaa0483c3e7,3.236
TMYx,detached,run_1497,random64,7.421317417293777,10.6593604485645,2.9548445771602987,261.1277326472027,0.2244213548236318,0.2418386953001862,0.2465311795559595,0.0147862579323263,2.8483385115597724,0.4803905389117479,0.4721117267540718,0.0077261404064099,0.4160685386235552,0.2127917230392205,interfloor,ok,ee4a7b075dc66a03c2673e5479618d52e89655e94fa9f02e400813771d0feb6b,a7676adf7325bfb343f6c417192d290b066bce867e21167f03dea860d196b49e,0,8,0.3,3672,3285,1377,0.08169934640522876,0.08169934640522876,0.0,6.0,6.0,0,False,0.08169934640522876,0.08169934640522876,0.0,6.0,6.0,0,False,0,0,0,0.0817,6.0,29.388,0,False,74.2181,0.0,4b8825bcdcfc46e6207fb7da2827f099ad5e7b59918974a75e896de56da77137,3.155
TMYx,detached,run_1506,stress16,6.2866920665226385,7.327960484063865,2.5822380381929033,189.673299274303,0.3538022528888858,0.2874668373726368,0.1967792742001886,0.1471820880565589,0.8240748358340548,0.6355675011074757,0.8989283259639178,0.0069614963780197,0.553966653681584,0.1297716817744924,interfloor,ok,dda040e26af01953fefd85e695b8fc96938831c307a5b4f539a5a3fcfb5f3bcb,a7676adf7325bfb343f6c417192d290b066bce867e21167f03dea860d196b49e,0,8,0.3,3672,3285,1377,1.4705882352941175,1.4705882352941175,0.0,22.0,22.0,0,False,1.171023965141612,1.171023965141612,0.0,22.0,22.0,0,False,32,192,160,1.4706,22.0,31.361,0,False,670.1022,0.0,b6acb4325c1544cca740fb2b0ce1abb6d755754bd6b5264206b8acec8e6c879b,3.622
TMYx,detached,run_1521,stress16,9.012734726045109,9.28296620531424,2.915879467533671,0.136299530314857,0.3824926050117646,0.1021758966296917,0.2940879731173014,0.1904610869987471,1.664067808950167,0.4572585928006668,0.8515223334861499,0.0062513542391962,0.5638087322452537,0.6878542590040975,interfloor,ok,21bdddb65046df298ea9853cffec767dc40f120c6aeae9c552146c0070222cc0,a7676adf7325bfb343f6c417192d290b066bce867e21167f03dea860d196b49e,0,8,0.3,3672,3285,1377,0.24509803921568626,0.24509803921568626,0.0,10.0,10.0,0,False,0.24509803921568626,0.24509803921568626,0.0,10.0,10.0,0,False,1,1,0,0.2451,10.0,29.924,0,False,266.5855,0.0,35a8345be71984d20560abefc342e927fad40ebcfc577c953ed1716035678b4d,3.406
TMYx,detached,run_1525,random64,6.457818039323073,8.809230062809032,2.562716674463898,49.7482730803186,0.2403944250818863,0.2846260247543987,0.3217419947342414,0.1387539273115936,1.7741620338632282,0.2609813408015647,0.5792514428957727,0.0024585619456096,0.2421969198902897,0.8231806734055043,interfloor,ok,44258ccadda9c7421a8aeba0d84ce8f998a8af164957ffcc57c98289f413c42a,a7676adf7325bfb343f6c417192d290b066bce867e21167f03dea860d196b49e,0,8,0.3,3672,3285,1377,0.0,0.0,0.0,3.0,3.0,0,False,0.0,0.0,0.0,3.0,3.0,0,False,0,0,0,0.0,3.0,28.893,0,False,41.7837,0.0,8eec6d103899629f71a2813e1577bb34c69921c07ad753ded8667db5805d6696,3.225
TMYx,detached,run_1560,random64,8.618546381821407,6.051034448405187,2.563634775254617,139.91787914607664,0.3728893152141903,0.0570155616799874,0.2154460301853953,0.1479278899395301,4.058721782989339,0.6659321263772808,0.7110283895432115,0.0073155256822709,0.1839498514363129,0.1617868224834594,interfloor,ok,de220d27ad39c3b0b3761b929c9d6e91b71762af8b0d5b30a4bb7ff1be1ed5b5,a7676adf7325bfb343f6c417192d290b066bce867e21167f03dea860d196b49e,0,8,0.3,3672,3285,1377,1.6339869281045754,1.6339869281045754,0.0,24.0,24.0,0,False,1.3344226579520697,1.3344226579520697,0.0,23.0,23.0,0,False,9,9,0,1.634,24.0,31.588,0,False,120.2534,0.0,fb75ea7cc35c53778e81dfd9551657e38056ecc126987f8dd3a767a90e48378b,3.309
TMYx,detached,run_1586,random64,7.747757047886595,11.109613081305676,2.9866762545648577,108.774751399816,0.1181454529476654,0.1724322000054217,0.293250208478728,0.0738549335860083,1.3729096971837715,0.6260524756906012,0.790159768280496,0.0036748512051892,0.4427272594461767,0.8603068835744438,interfloor,ok,b66ff1f47c43a3f76aedf4c4d9d6fd509235f4a07e8420320eedb8dda4801975,a7676adf7325bfb343f6c417192d290b066bce867e21167f03dea860d196b49e,0,8,0.3,3672,3285,1377,0.0,0.0,0.0,2.0,2.0,0,False,0.0,0.0,0.0,2.0,2.0,0,False,0,0,0,0.0,2.0,28.872,0,False,40.2659,0.0,908c87cd6352bcb5c330d2da617b554cf9fc74d820e720b1eacb12003a446356,3.239
TMYx,detached,run_1590,random64,7.984975108428764,7.272084694858215,2.9967721614941327,16.420420319362826,0.374850431931708,0.2382439942207673,0.1776304878605744,0.1160904554759672,4.877151087201141,0.6916489142509208,0.5069503827545674,0.0011912769261439,0.3291501951241186,0.2604131781675038,interfloor,ok,24f9e714d3dc3d53b54a1ff18d64abbd99c18127c6cfcfb7db75f1c8ff5b6842,a7676adf7325bfb343f6c417192d290b066bce867e21167f03dea860d196b49e,0,8,0.3,3672,3285,1377,1.6339869281045754,1.6339869281045754,0.0,22.0,22.0,0,False,1.1437908496732025,1.1437908496732025,0.0,21.0,21.0,0,False,3,3,0,1.634,22.0,31.404,0,False,208.2862,0.0,521b7fd94cdc669587acf61117219cdf66940d208ba249f0b90c295a6d7c48d4,3.472
TMYx,detached,run_1644,random64,6.39767913222991,11.797192158414513,2.8741057290164034,172.93019711264748,0.2443328744309624,0.252661328529406,0.2135477168394144,0.1397092179377648,1.093053406242568,0.5224268206844807,0.6239387086788434,0.0026953973078216,0.5019253197830181,0.9038595290358232,interfloor,ok,29bf8fc50febc979b00b0df8caed9317d132ac659c8711d3b448097508777917,a7676adf7325bfb343f6c417192d290b066bce867e21167f03dea860d196b49e,0,8,0.3,3672,3285,1377,0.10893246187363835,0.10893246187363835,0.0,7.0,7.0,0,False,0.10893246187363835,0.10893246187363835,0.0,7.0,7.0,0,False,1,4,3,0.1089,7.0,29.666,0,False,185.961,0.0,721b4d717c23d706e59387d590d17f16a13e937d4b9f2b3c3cffe2bffbf15847,3.436
TMYx,detached,run_1646,random64,7.704557801580717,7.128280265544657,2.985540612715578,90.2906293972771,0.2105791800179474,0.0205307922429049,0.2339133981377427,0.0889463263478779,3.2049811873074887,0.2345347956220673,0.7570779081491665,0.0090267774481236,0.1607423062503069,0.6682748532100452,interfloor,ok,fe357c83329b700ec293f576da644206e5bceeb044e89b4556ae79d31a0964c3,a7676adf7325bfb343f6c417192d290b066bce867e21167f03dea860d196b49e,0,8,0.3,3672,3285,1377,0.0,0.0,0.0,3.0,3.0,0,False,0.0,0.0,0.0,3.0,3.0,0,False,1,1,0,0.0,3.0,29.09,0,False,81.5423,0.0,089c7ab30f118010e2e8ababe799ff22e567d923433d85358a5f04d8715c1c95,3.087
TMYx,detached,run_1649,random64,9.736147602912038,10.293830928868562,2.662571832425947,261.8578276782381,0.3568398205583376,0.1736460837266733,0.0292153490257981,0.1395424927110858,3.027824367046392,0.3485365751342671,0.5736479117806575,0.0093034189208943,0.1802858271940285,0.2413181201408213,interfloor,ok,15901a7f7d55c7dca3f444e4d567807f9794b3a3d1af1b186cc2903d4ab11d5b,a7676adf7325bfb343f6c417192d290b066bce867e21167f03dea860d196b49e,0,8,0.3,3672,3285,1377,0.10893246187363835,0.10893246187363835,0.0,7.0,7.0,0,False,0.16339869281045752,0.16339869281045752,0.0,10.0,10.0,0,False,1,1,0,0.1634,10.0,29.789,0,False,56.8968,0.0,a0766ae5a95777802969dd23f3b7635facea7dac839dd60294408c413d82db69,3.271
TMYx,detached,run_1739,random64,7.0067584701546775,7.896320285135133,2.607552142148133,280.19987496754726,0.1450303105282448,0.1623355493384067,0.0470016966853491,0.0487067994752944,4.395256339439079,0.3917146171940208,0.4653154678313737,0.0018438971710637,0.2816835467096806,0.9364410289315754,interfloor,ok,26101339b9b1cde01d13f0f5978a48454c2d611017581a24d8b3220d674c2956,a7676adf7325bfb343f6c417192d290b066bce867e21167f03dea860d196b49e,0,8,0.3,3672,3285,1377,0.0,0.0,0.0,0.0,0.0,0,False,0.0,0.0,0.0,3.0,3.0,0,False,0,0,0,0.0,3.0,28.727,0,False,46.8725,0.0,938ab18a0945c958558d473c2428bb4a1f7080b7c6b1a58df0fdd2bf990cf77f,3.161
TMYx,detached,run_1746,random64,6.23256062077348,7.414538430795666,2.655653759263532,340.754870353403,0.13092892283432,0.2982663087100041,0.1605365316546335,0.0545709109003138,2.521385471538734,0.5672064169838165,0.8340818965891381,0.0087833495903115,0.3674619067684775,0.3091781887796459,interfloor,ok,5205b76e3d5e74f27d1f5cf3c65c6431f8e4136ad2cd14e518b0fc1c32ce2ae3,a7676adf7325bfb343f6c417192d290b066bce867e21167f03dea860d196b49e,0,8,0.3,3672,3285,1377,0.054466230936819175,0.054466230936819175,0.0,5.0,5.0,0,False,0.054466230936819175,0.054466230936819175,0.0,5.0,5.0,0,False,1,1,0,0.0545,5.0,29.301,0,False,51.7096,0.0,2743d58d6f2060c9a7dbfdd99a52bc5b5eb4f7bdd5c819d90344220af0bf6380,3.285
TMYx,detached,run_1748,random64,8.865043866167335,9.32232367224116,2.411805454746041,285.0228183144822,0.2601155219316617,0.0241020441173013,0.3259814484022454,0.0106359142239752,1.871163696480397,0.666161525830226,0.7796183023181407,0.0104967871326783,0.4218745196949143,0.1008415346970952,interfloor,ok,3cd6b18e8de673c2a3d3cb533651e1bc67d1145c6d11aaee87339be08a2744f3,a7676adf7325bfb343f6c417192d290b066bce867e21167f03dea860d196b49e,0,8,0.3,3672,3285,1377,0.27233115468409586,0.27233115468409586,0.0,11.0,11.0,0,False,0.2995642701525054,0.2995642701525054,0.0,11.0,11.0,0,False,4,4,0,0.2996,11.0,30.097,0,False,110.2964,0.0,2def858a45bd84dcf1439c8b48a5511203e7c0d9e366571fe03c405f192435be,3.317
TMYx,detached,run_1757,random64,8.689011587231436,9.670794600545737,2.8367080033490657,223.1820686943364,0.2790156756182473,0.233231484877794,0.2229056782795074,0.0219445143738869,2.4426468738886213,0.695436098987765,0.4138722842570862,0.0021376128078927,0.7624905536858017,0.3826218271406786,interfloor,ok,4ab79f07de68f0fa470be2c39fe0ffc7a2001af999a94979fa636b94fe9af223,a7676adf7325bfb343f6c417192d290b066bce867e21167f03dea860d196b49e,0,8,0.3,3672,3285,1377,0.3540305010893246,0.3540305010893246,0.0,12.0,12.0,0,False,0.3812636165577342,0.3812636165577342,0.0,12.0,12.0,0,False,1,1,0,0.3813,12.0,30.324,0,False,319.8645,0.0,2098e17f846003eab2850b5b1211f6555d657afc9dff87b64e31dfe670e0d33f,3.32
TMYx,detached,run_1759,random64,7.770853395902289,11.734651985798616,2.640716419960252,358.1951472874119,0.2392442626409085,0.0619317660019336,0.2680148272014561,0.0713851201696387,3.692960708429269,0.309230268935296,0.8284867367488444,0.0042700449738642,0.1941970618042965,0.3098326417434174,interfloor,ok,01efcd268736849f788b33ac48807bbd94077f5a6f77d20f92a61905c7d7f392,a7676adf7325bfb343f6c417192d290b066bce867e21167f03dea860d196b49e,0,8,0.3,3672,3285,1377,0.0,0.0,0.0,5.0,5.0,0,False,0.0,0.0,0.0,5.0,5.0,0,False,1,1,0,0.0,5.0,29.2,0,False,47.4691,0.0,77f8e89d42150ff2a8ba308f925e69a0b27ad24a07696d10c9170758ff216866,3.299
TMYx,detached,run_1762,random64,9.10299394629691,6.779582727335279,2.989275662945607,119.36711299854213,0.2896453149172316,0.2698470947551495,0.1312331561461008,0.1120147306410807,3.947758679951738,0.3260696200660214,0.871151367818841,0.0024798400021639,0.4952905773332156,0.7995979321668514,interfloor,ok,0b4646df68e563e855f25b4d08e71d01772363aae4a9f37140c2afa75f588de6,a7676adf7325bfb343f6c417192d290b066bce867e21167f03dea860d196b49e,0,8,0.3,3672,3285,1377,0.08169934640522876,0.08169934640522876,0.0,5.0,5.0,0,False,0.08169934640522876,0.08169934640522876,0.0,5.0,5.0,0,False,0,0,0,0.0817,5.0,29.5,0,False,88.5529,0.0,be8393337d94193f385d89c81abe7792d895c0981bad4956e5399f69ab3c5244,3.249
TMYx,detached,run_1801,stress16,6.00576001816857,7.013962111137016,2.7433188979982543,109.1497624166458,0.1602648638294917,0.1227865119203586,0.3499141985699189,0.1295636363487694,1.1038623265201388,0.6054454417845063,0.4641422082425226,0.0116755889462249,0.6213755463936661,0.0271509346069509,interfloor,ok,47f2f93ba22a29f34ee044572cc2a847535eb3cf3a2d9fd2c924f9162065f980,a7676adf7325bfb343f6c417192d290b066bce867e21167f03dea860d196b49e,0,8,0.3,3672,3285,1377,0.16339869281045752,0.16339869281045752,0.0,9.0,9.0,0,False,0.10893246187363835,0.10893246187363835,0.0,7.0,7.0,0,False,1,1,0,0.1634,9.0,29.755,0,False,164.2896,0.0,bed91fb5fe3cc589d6b6ac88ce5ac327ccda669d040c709929a6b7b3c0145343,3.395
TMYx,detached,run_1809,random64,8.559445934201257,9.220111033851431,2.6174590371645094,260.51262344046665,0.1774145506572762,0.1237493562166303,0.3444827827829553,0.039503380978057,2.6965991092332593,0.3413065878960307,0.312273471145697,0.0096244804108213,0.5147813503211555,0.6028242920670521,interfloor,ok,482f8a6111852cd6828b14aac23ebcf2f87c388ff902275158e42b6bbdad2295,a7676adf7325bfb343f6c417192d290b066bce867e21167f03dea860d196b49e,0,8,0.3,3672,3285,1377,0.0,0.0,0.0,1.0,1.0,0,False,0.0,0.0,0.0,2.0,2.0,0,False,0,0,0,0.0,2.0,28.7,0,False,45.2309,0.0,e6600003fa73c775dba3041104c68ebd25a66c37234e005b1ac9bbb780f1e01b,3.201
TMYx,detached,run_1813,random64,6.183853880457327,6.041757376136944,2.996197412195417,18.45093673997505,0.1269063653778326,0.2359317992988121,0.2993517751632163,0.0532381299634875,2.3671403541710943,0.2805814000617515,0.7751595903775934,0.0088623444481291,0.6776984175575665,0.513229652325849,interfloor,ok,ab2a88d4d7e9641dd6ed41689642a312f07d7bb73634ba54e4a7217626b9ac18,a7676adf7325bfb343f6c417192d290b066bce867e21167f03dea860d196b49e,0,8,0.3,3672,3285,1377,0.0,0.0,0.0,2.0,2.0,0,False,0.0,0.0,0.0,2.0,2.0,0,False,0,0,0,0.0,2.0,28.842,0,False,61.3542,0.0,541edeee279f9d52e95dbc2b527d725f7ea20893c088e2edfc62237a5ffea4b5,3.301
TMYx,detached,run_1851,random64,9.203475309979774,8.126740176489259,2.515033518371454,173.65265235192354,0.3260689792526782,0.0885557723085899,0.2437944100102807,0.0742750911743195,4.731739904063382,0.5087623134456867,0.4327765286791063,0.0083422560500987,0.7721184990131026,0.1324354075633587,interfloor,ok,f10a8620664d92acadc35562248f7ecacfc8200cbcd37102bce6890b3435f6c7,a7676adf7325bfb343f6c417192d290b066bce867e21167f03dea860d196b49e,0,8,0.3,3672,3285,1377,0.1906318082788671,0.1906318082788671,0.0,10.0,10.0,0,False,0.13616557734204793,0.13616557734204793,0.0,9.0,9.0,0,False,1,1,0,0.1906,10.0,29.913,0,False,173.9236,0.0,2923bc7eb3885871fdeba73fe4916cd70605fd7e74a290081a004cea0135f351,3.228
TMYx,detached,run_1864,random64,6.678309111984476,9.701169101100144,2.688116929277827,134.80691493465332,0.2652985821920491,0.20779816880664,0.234577135985692,0.1895076859779048,3.2922132632933643,0.4267807981359379,0.7891846397409084,0.0070545148468507,0.4021872024899956,0.3813972683369584,interfloor,ok,728ed6b9b8c71f9a3bdd54bba0cc18d0eaf870c7b1a562625a19a7d82732792e,a7676adf7325bfb343f6c417192d290b066bce867e21167f03dea860d196b49e,0,8,0.3,3672,3285,1377,0.10893246187363835,0.10893246187363835,0.0,9.0,9.0,0,False,0.10893246187363835,0.10893246187363835,0.0,9.0,9.0,0,False,1,1,0,0.1089,9.0,29.698,0,False,89.3205,0.0,37e72d3406c8be475f8c2305a39fa5258e0d5f1dae60fbe53850584854956016,3.36
TMYx,detached,run_1865,random64,8.82547862022751,9.753981614836256,2.7591122341658165,157.9041342237432,0.3438813786429799,0.2158546792043205,0.2138580906954928,0.0992738610007614,2.306245853937516,0.6386320518895993,0.8154346774417618,0.0093635246799744,0.2130728999901633,0.437296282659448,interfloor,ok,a1df4d1e2ccaa60b8518cd677c83f9c8da897e5d0a3ed6889cf31a61eda770f7,a7676adf7325bfb343f6c417192d290b066bce867e21167f03dea860d196b49e,0,8,0.3,3672,3285,1377,0.8714596949891068,0.8714596949891068,0.0,19.0,19.0,0,False,0.6808278867102396,0.6808278867102396,0.0,17.0,17.0,0,False,7,7,0,0.8715,19.0,30.795,0,False,99.0327,0.0,c391719a7190a480ba7570b1fc59659b4f751778c5a804ccc1bbce425809fd8a,3.502
TMYx,detached,run_1866,random64,6.074547528578014,10.39441441632774,2.9074407631648413,29.82417569741127,0.3735980910175824,0.056916595305462,0.2253344693331766,0.0278639344015534,3.486301963586633,0.5140651187186196,0.6700640003904912,0.006735074923467,0.6647864729323955,0.2008978179182478,interfloor,ok,950d86159202c08429e624f15c3caa477fb0b0c8d45ac1ceb41daa86b6ac81a0,a7676adf7325bfb343f6c417192d290b066bce867e21167f03dea860d196b49e,0,8,0.3,3672,3285,1377,0.49019607843137253,0.49019607843137253,0.0,18.0,18.0,0,False,0.4629629629629629,0.4629629629629629,0.0,17.0,17.0,0,False,1,1,0,0.4902,18.0,30.783,0,False,284.3039,0.0,809e747d4e594b596a419cc6e5bef94baa4820383f5fb0b1de9595f9526bc4c4,3.24
TMYx,detached,run_1911,random64,9.625788696509844,8.99756568811846,2.6870274763916577,51.13562564563569,0.1036336243021498,0.2691032643035131,0.2909092323704428,0.0553225405296898,0.9451537467761352,0.213096661780196,0.6746484122958563,0.0027892586699717,0.3857168502796336,0.6987056326408935,interfloor,ok,cfe0c75e9c2a29421612e1b812f31e4adad1b843a1cd4a0f3d10c15a96084aaf,a7676adf7325bfb343f6c417192d290b066bce867e21167f03dea860d196b49e,0,8,0.3,3672,3285,1377,0.0,0.0,0.0,0.0,0.0,0,False,0.0,0.0,0.0,0.0,0.0,0,False,0,0,0,0.0,0.0,28.196,0,False,18.2371,0.0,2b1af3ef41fc610bf5d5f379cbe9a71b2d78d312f1e5ee9d16565cc216824ee8,3.336
TMYx,detached,run_1941,stress16,8.513957236747029,6.406912918790103,2.9573824657987817,227.30992581477113,0.3814391502066491,0.1130363137032005,0.3436613789388585,0.0360638430621394,3.8372150666790352,0.6925245091293201,0.8339536192169092,0.0057582855884426,0.5537019522177968,0.4107181886048088,interfloor,ok,9e92a8ac27c46045a9152b19a1790d8401ca5989264aa9dd6ff5048f71201307,a7676adf7325bfb343f6c417192d290b066bce867e21167f03dea860d196b49e,0,8,0.3,3672,3285,1377,1.5250544662309369,1.5250544662309369,0.0,22.0,22.0,0,False,1.0620915032679739,1.0620915032679739,0.0,21.0,21.0,0,False,2,2,0,1.5251,22.0,31.372,0,False,389.2897,0.0,3379b5fbf7c5aa38977ebf5f3e032fcf5b2671c902216a5069a3857c6f3b3dfd,3.415
TMYx,detached,run_1952,random64,6.90071229300299,6.937283565323205,2.560373385344838,346.0353191567952,0.2877198939545087,0.2888430195687625,0.1275638899296872,0.0713325995335073,4.595601180263259,0.2098584867753312,0.4525467845450036,0.0051246806394883,0.2908505919263405,0.91113436469536,interfloor,ok,1f6501520749e292009e377f2dae95ae2aff27e44ca1ec2d7db254c690b2fdc9,a7676adf7325bfb343f6c417192d290b066bce867e21167f03dea860d196b49e,0,8,0.3,3672,3285,1377,0.0,0.0,0.0,3.0,3.0,0,False,0.0,0.0,0.0,3.0,3.0,0,False,0,0,0,0.0,3.0,28.867,0,False,69.8531,0.0,311895cba94413b4b282cda0fc4841ec402a1445ccbff404aae9349946f43a50,3.204
TMYx,semi,run_0000,stress16,8.290452087902889,9.418683364680744,2.7012424206240264,22.194473754769316,0.1796358733978168,0.0781535347590126,0.0281263147984265,0.1023603238909987,3.7187309613713815,0.2848874035155261,0.8851887605927302,0.0041794027925613,0.4679746472079719,0.7780886191933646,interfloor,ok,e52b926b4841eeff2e985b0e06463353d1249fc1f14f1b4729827ff8a566175e,a7676adf7325bfb343f6c417192d290b066bce867e21167f03dea860d196b49e,0,8,0.3,3672,3285,1377,0.0,0.0,0.0,0.0,0.0,0,False,0.027233115468409588,0.027233115468409588,0.0,5.0,5.0,0,False,2,2,0,0.0272,5.0,29.194,0,False,48.4892,0.0,7baa5b77f93c1529eb15c8962f70e8f10ced11117fec4fccca4ae3fbc78fb823,3.258
TMYx,semi,run_0015,random64,7.108611475128714,6.493256650172337,2.557740067304502,196.7752575852872,0.3508426889305577,0.0691978473194322,0.1775662031153719,0.1504932433886532,1.1382521186428864,0.3634006054515437,0.3251097153924657,0.0053423127877505,0.7756179975255327,0.2215221883714765,interfloor,ok,6784ed03b25f591dd7947741d768b3b75153b749d51d79a062d8445ead47f771,a7676adf7325bfb343f6c417192d290b066bce867e21167f03dea860d196b49e,0,8,0.3,3672,3285,1377,0.08169934640522876,0.08169934640522876,0.0,6.0,6.0,0,False,0.054466230936819175,0.054466230936819175,0.0,5.0,5.0,0,False,0,0,0,0.0817,6.0,29.522,0,False,268.5189,0.0,981e3802669f965cbc8029d3d97e7f759bad2ae146c7f68e8be8f3cfa2d06c57,2.979
TMYx,semi,run_0023,random64,8.817343277589991,7.85539369563051,2.609145431853368,18.96253427869918,0.1742793412258079,0.1120027552699704,0.044072150885244,0.1176076252166526,3.9736567243591487,0.2414493988517185,0.6054915605613544,0.0048067660451242,0.6942537640069445,0.341692810129729,interfloor,ok,69bbcdf81740fbb4b274f721c347bec062b628abd8893129c795e04db659fedc,a7676adf7325bfb343f6c417192d290b066bce867e21167f03dea860d196b49e,0,8,0.3,3672,3285,1377,0.0,0.0,0.0,0.0,0.0,0,False,0.0,0.0,0.0,3.0,3.0,0,False,0,0,0,0.0,3.0,28.848,0,False,46.802,0.0,8e32edaea1291cc8ed78691431a9a245f00b3d6dcd6de1d2ff8753c4e27bd422,3.257
TMYx,semi,run_0029,stress16,8.203432183124272,6.408489310261017,2.8640680741404387,300.7801611485146,0.150600147289584,0.0170107318727439,0.045297803381865,0.0140947818271048,0.8776391010432707,0.6886897929854896,0.5132570934374501,0.0061052277763261,0.1044806285204754,0.4880446808864345,interfloor,ok,68c92413f6298b3c17c76e1c5563c9834e3b21da29dc8af631420a1f590bce46,a7676adf7325bfb343f6c417192d290b066bce867e21167f03dea860d196b49e,0,8,0.3,3672,3285,1377,0.3540305010893246,0.3540305010893246,0.0,12.0,12.0,0,False,0.5718954248366013,0.5718954248366013,0.0,13.0,13.0,0,False,39,39,0,0.5719,13.0,30.301,0,False,41.4813,0.0,fdb457a5845f7baf7fac84f1f5bcc4c3bb8e08e0fab109b1e6509a642b366e65,3.199
TMYx,semi,run_0044,random64,6.030500032924129,7.408960521416061,2.7665628390675407,74.51262954714856,0.1781833985308706,0.2384489935374365,0.232027349722457,0.1662308275216616,3.706446374343945,0.2801471059994515,0.6879618953548321,0.0077865334940022,0.7588555884014518,0.4235989701065071,interfloor,ok,b130fcb5035c0a45917b4a46c2609e68300e8912d9643b2a1fe5f165615c2e83,a7676adf7325bfb343f6c417192d290b066bce867e21167f03dea860d196b49e,0,8,0.3,3672,3285,1377,0.0,0.0,0.0,3.0,3.0,0,False,0.0,0.0,0.0,2.0,2.0,0,False,0,0,0,0.0,3.0,28.869,0,False,54.029,0.0,f0cceddffb45c9f2e4af42b0b949dbdf8272527aad670a39bc5da64ca2ac2bb1,3.176
TMYx,semi,run_0063,random64,6.5621292372608675,6.65259707923012,2.866440977345775,291.8921029230811,0.2605908839526111,0.2904109892395112,0.2396360333811598,0.1130099666030276,4.144587096716162,0.654011275402036,0.4712269209763924,0.0014834559152219,0.54773627340295,0.5710594819740411,interfloor,ok,5bcdbd80edcba272d62f2484b198540c631bac9c20180a799bd5742f6d2f3fb1,a7676adf7325bfb343f6c417192d290b066bce867e21167f03dea860d196b49e,0,8,0.3,3672,3285,1377,0.3540305010893246,0.3540305010893246,0.0,11.0,11.0,0,False,0.24509803921568626,0.24509803921568626,0.0,11.0,11.0,0,False,2,2,0,0.354,11.0,30.157,0,False,191.6229,0.0,3b130fcf3ad93328565577a63a8bbd41992a66aac935f6e3c667a4b5b016cdc7,3.305
TMYx,semi,run_0092,random64,9.93309790699963,8.182296197308714,2.457461454626565,111.121424386233,0.215416840146493,0.1614784962457293,0.2067813187440635,0.1045840336851818,2.5155012564866768,0.5247084843418965,0.6042830658593564,0.0091103599680866,0.403724911359604,0.9002186637947126,interfloor,ok,f1227f53ac524b4192043541b625caf3e2f88ecb5ed71831afa99344c0f5e0de,a7676adf7325bfb343f6c417192d290b066bce867e21167f03dea860d196b49e,0,8,0.3,3672,3285,1377,0.0,0.0,0.0,3.0,3.0,0,False,0.0,0.0,0.0,3.0,3.0,0,False,0,0,0,0.0,3.0,29.058,0,False,43.0294,0.0,a0272b4091145dd7839c45718d6d69be16a38ea2f63cd0d32c4cbe7021776db8,3.302
TMYx,semi,run_0095,random64,6.3624501841932375,11.842510228563462,2.491939053622874,295.7462251283733,0.2198554630131667,0.0400359318923531,0.1494445134899256,0.1850285440940413,4.185455890408224,0.5956563840158877,0.8831696681502195,0.0061710397040376,0.4456313827570233,0.3457178036598204,interfloor,ok,d253170d16fa0d7ed31dbe2f4508a68d11997275c9c46f7b2204f87021bfa7f9,a7676adf7325bfb343f6c417192d290b066bce867e21167f03dea860d196b49e,0,8,0.3,3672,3285,1377,0.08169934640522876,0.08169934640522876,0.0,5.0,5.0,0,False,0.10893246187363835,0.10893246187363835,0.0,6.0,6.0,0,False,2,2,0,0.1089,6.0,29.677,0,False,61.4806,0.0,ac06565b87306ec5688ef19bc4c7581362c4e07724b4694cad2b7a4e5cf83349,3.296
TMYx,semi,run_0132,stress16,9.299175482807073,9.44472107084308,2.6246307962624016,120.97695746647544,0.359724968552603,0.1373453664935816,0.0250244188438973,0.1090851112819592,4.432529714102253,0.6489282768966091,0.8546248700739805,0.0100735542076731,0.2380461443404612,0.205503238738427,interfloor,ok,0f33d231506ab74108a547d12be8f6614890234f618fec4bdb45006a58c96ca0,a7676adf7325bfb343f6c417192d290b066bce867e21167f03dea860d196b49e,0,8,0.3,3672,3285,1377,0.5174291938997821,0.5174291938997821,0.0,14.0,14.0,0,False,0.6808278867102396,0.6808278867102396,0.0,17.0,17.0,0,False,14,14,0,0.6808,17.0,30.765,0,False,74.5068,0.0,f6c9434e719208704be8b096f0d58abc47292b88ca502571eaac87303d536c8c,3.243
TMYx,semi,run_0169,random64,7.695473365435487,11.227744275625916,2.4943900256809504,33.74614022217156,0.1572306658104784,0.0421425997389778,0.1619378594004896,0.0133961689752927,3.577533400781542,0.3919625146305164,0.533438368709399,0.0108911883433449,0.1066031747510421,0.8986530703328954,interfloor,ok,74c1e2dad2d6ae5df8614cd5433dd54e051208672e3165cecf83d9c1033bc296,a7676adf7325bfb343f6c417192d290b066bce867e21167f03dea860d196b49e,0,8,0.3,3672,3285,1377,0.0,0.0,0.0,0.0,0.0,0,False,0.0,0.0,0.0,0.0,0.0,0,False,5,5,0,0.0,0.0,28.266,0,False,31.2885,0.0,d64fe05810a207630a7531c7d06e4c3945e0afe04156a96e84f314157d1111ee,3.242
TMYx,semi,run_0171,random64,7.494809621295749,11.22002626611558,2.7470227147731485,103.10589157010632,0.254781411116087,0.1019944879351144,0.3370655776713539,0.0445047342704688,4.389418546125397,0.6060268646263012,0.3276582681904973,0.005932140031043,0.3357054429082935,0.5638512940204532,interfloor,ok,b3015fc029ad9f069a9c8006d488b5cab75c08877aaaec58ee4850aa8cd25a97,a7676adf7325bfb343f6c417192d290b066bce867e21167f03dea860d196b49e,0,8,0.3,3672,3285,1377,0.08169934640522876,0.08169934640522876,0.0,5.0,5.0,0,False,0.054466230936819175,0.054466230936819175,0.0,5.0,5.0,0,False,1,1,0,0.0817,5.0,29.29,0,False,48.9971,0.0,7960835bfcfa6d3b7ebe8b196dda5af798cbf80cf248a4a285df31f53ad967c2,3.181
TMYx,semi,run_0172,random64,9.655340429240898,7.24820416689231,2.42469543122848,172.6245737256148,0.1639874631194922,0.1196870715518636,0.3172583437442636,0.1578098077295352,0.9402029258114942,0.4028680909098489,0.8765797877084602,0.0023588769593888,0.2060066547113198,0.3409010096267915,interfloor,ok,0ae670c670ce2a591d37fb4d665632b715c13350bcd178f0ed5c74a38df6ebe9,a7676adf7325bfb343f6c417192d290b066bce867e21167f03dea860d196b49e,0,8,0.3,3672,3285,1377,0.0,0.0,0.0,0.0,0.0,0,False,0.0,0.0,0.0,0.0,0.0,0,False,1,1,0,0.0,0.0,28.714,0,False,16.4684,0.0,d988caa6a8df68f01376a009103c54e4b319256d1f17d124d5faa19701f80875,3.323
TMYx,semi,run_0189,random64,8.854541179080801,10.452603750516715,2.9188006260871417,67.8876582569418,0.3641510351705923,0.0892540763860939,0.3097302387013971,0.1440692649228458,2.707948972652005,0.2832682627500669,0.6646816722211282,0.0103303899374604,0.1290129201750531,0.0948871124029668,interfloor,ok,242eb1d51a534c9323f8e21489e650d599a841c87aaa6cf652e401f7292ef6e0,a7676adf7325bfb343f6c417192d290b066bce867e21167f03dea860d196b49e,0,8,0.3,3672,3285,1377,0.054466230936819175,0.054466230936819175,0.0,5.0,5.0,0,False,0.027233115468409588,0.027233115468409588,0.0,5.0,5.0,0,False,2,2,0,0.0545,5.0,29.256,0,False,38.7125,0.0,bef0d9d098be1ef142840cbd9ac8f7dc33c962b202606ec45f07d17986344591,3.188
TMYx,semi,run_0203,random64,7.977123523285825,8.285263931205199,2.712837171815562,89.35419205267758,0.1358151170477194,0.188340689716523,0.0697252800449031,0.1120892354037314,1.7190015052738117,0.5071421704296211,0.5490554865529775,0.0022577353970723,0.6310346873260598,0.5050302275796102,interfloor,ok,cfb3a5decc2ccd3d29ced5ab34c695148d293025d7c5777a551e6ed8cfd2d2a4,a7676adf7325bfb343f6c417192d290b066bce867e21167f03dea860d196b49e,0,8,0.3,3672,3285,1377,0.0,0.0,0.0,2.0,2.0,0,False,0.0,0.0,0.0,3.0,3.0,0,False,0,0,0,0.0,3.0,28.933,0,False,45.3143,0.0,a654d7ee5923f3b52c4eb2a074a3c5711896f14d37959fefb5882b56030e850f,3.261
TMYx,semi,run_0208,random64,7.080933225138338,8.151979458855823,2.6146631258077835,109.77210266794091,0.1350633821387371,0.2826211130453059,0.3158693984636647,0.1010376581025481,1.0331012809233195,0.4004981292509733,0.7085516862951541,0.001430792206345,0.6109790032078951,0.401205105008072,interfloor,ok,491df09664c2e980c780c44a0aecbcbce60cb4a9ceab8da84ea855c6364f080e,a7676adf7325bfb343f6c417192d290b066bce867e21167f03dea860d196b49e,0,8,0.3,3672,3285,1377,0.0,0.0,0.0,0.0,0.0,0,False,0.0,0.0,0.0,0.0,0.0,0,False,0,0,0,0.0,0.0,28.7,0,False,49.8179,0.0,e66e2358280f6ea62e41af65ab8cac5e4f78c8bbc75e1c87486fe5dc4af11f28,3.44
TMYx,semi,run_0239,stress16,8.966408949597819,7.177231125441284,2.4933678450716044,17.389312189459034,0.33924506984946,0.1909431656003543,0.2552562075773003,0.1590237503532047,0.8661594681833358,0.6951609206290856,0.8620318201574801,0.0106498566496832,0.1330127200193476,0.4051665189182183,interfloor,ok,bf6ba9d7f82a01ebc5a44310791aa9df81847e4df0ff0b2d4ca6939a0d0ba0ab,a7676adf7325bfb343f6c417192d290b066bce867e21167f03dea860d196b49e,0,8,0.3,3672,3285,1377,0.8986928104575163,0.8986928104575163,0.0,15.0,15.0,0,False,0.8714596949891068,0.8714596949891068,0.0,15.0,15.0,0,False,31,178,147,0.8987,15.0,30.61,0,False,50.339,0.0,e3a6760b256b5a356e5163174d0ee6c726f068ddf3324ad6959451a2d471e348,3.505
TMYx,semi,run_0241,stress16,8.986985502735077,6.370726990713231,2.8262969611987976,288.55522855132386,0.3577817612158999,0.1857466310998697,0.1900534041160908,0.1183127038015254,1.180262981894609,0.5586107918959073,0.4841391966636397,0.0026352311391234,0.7606078576767147,0.3295277351670737,interfloor,ok,ea186b886ecdd5ae406df8d6ae965b58ce6bbdd5f4d3afa815b9601c75066d9c,a7676adf7325bfb343f6c417192d290b066bce867e21167f03dea860d196b49e,0,8,0.3,3672,3285,1377,0.7352941176470588,0.7352941176470588,0.0,17.0,17.0,0,False,0.49019607843137253,0.49019607843137253,0.0,14.0,14.0,0,False,6,59,53,0.7353,17.0,30.696,0,False,600.26,0.0,955d5c07c15424802331080425f6c5e401c6b51c06a84c01dd72fdceec939720,3.476
TMYx,semi,run_0298,random64,8.332008660398749,7.514114819729058,2.5770632840161176,32.65999947584161,0.3675082359468328,0.2612870512859359,0.1947062270800404,0.092184612395228,2.2327759245070897,0.4154681534695688,0.4491901728869033,0.0031863362642622,0.2918284207024562,0.3945965827764047,interfloor,ok,00054698a39dd1a4e32b38b458a9f8dd42acee131d8927f715f8306b33035736,a7676adf7325bfb343f6c417192d290b066bce867e21167f03dea860d196b49e,0,8,0.3,3672,3285,1377,0.10893246187363835,0.10893246187363835,0.0,5.0,5.0,0,False,0.08169934640522876,0.08169934640522876,0.0,5.0,5.0,0,False,0,0,0,0.1089,5.0,29.563,0,False,72.6317,0.0,0994c2248d134459d5f754f48c6e8349432f23e666eb72229a807e5d2042b4ac,3.231
TMYx,semi,run_0302,random64,6.464886681198625,6.461232658039725,2.595607139740693,200.15410369855252,0.1048401522366748,0.0500529154312022,0.2464765860508568,0.138708672410398,1.0994929560158817,0.5957829612933677,0.6712389000184744,0.0114188958123249,0.5764259455075901,0.8590859386058312,interfloor,ok,a927ed68ef61faa027178883d947924a1c9f25ad3b5e81267387f31046cdc7e8,a7676adf7325bfb343f6c417192d290b066bce867e21167f03dea860d196b49e,0,8,0.3,3672,3285,1377,0.0,0.0,0.0,0.0,0.0,0,False,0.0,0.0,0.0,0.0,0.0,0,False,0,0,0,0.0,0.0,28.853,0,False,41.4128,0.0,7e53c74c68c17472f7e8f868b5b073ef9fd723ff54e33601a268508c996eddd9,3.26
TMYx,semi,run_0421,random64,7.259944904757417,9.95766854175178,2.9168650187863294,194.2486599421907,0.3312206235671143,0.0946711362366577,0.2923395976811948,0.0428674051588782,2.175209421544923,0.3660505438690433,0.3166605386628426,0.005912152362126,0.7213775997545232,0.4076882356228147,interfloor,ok,acc46c8900ac82307ec55b85f140b82e46de2aa235f399c0a0d2bd44be38f467,a7676adf7325bfb343f6c417192d290b066bce867e21167f03dea860d196b49e,0,8,0.3,3672,3285,1377,0.027233115468409588,0.027233115468409588,0.0,4.0,4.0,0,False,0.0,0.0,0.0,4.0,4.0,0,False,0,0,0,0.0272,4.0,29.148,0,False,122.8191,0.0,9f09544dc2ea4efbdaa4ba0d123642c8bac6f8d82f92c436ca8393891a666ae3,3.275
TMYx,semi,run_0456,random64,7.235653346407408,11.709367776516928,2.5247172842449146,164.85689193046983,0.316903563356449,0.2724207622108091,0.0275777940548623,0.1306855280144903,4.841830387386058,0.3607166626987048,0.7357196636648353,0.0087398255812502,0.7615723805690275,0.6784222436994939,interfloor,ok,17fce657290b2bc85dd47951e6d93934bd417e58b6ad0aae719a441297c0fc61,a7676adf7325bfb343f6c417192d290b066bce867e21167f03dea860d196b49e,0,8,0.3,3672,3285,1377,0.0,0.0,0.0,2.0,2.0,0,False,0.054466230936819175,0.054466230936819175,0.0,5.0,5.0,0,False,0,0,0,0.0545,5.0,29.246,0,False,73.4069,0.0,0a8d3331485071ce6bd0649061eeecb3ab92644b0071e69549067260643d23df,3.187
TMYx,semi,run_0492,stress16,8.550782772522515,11.776115421222215,2.699213296519177,334.2020798495306,0.3999904372395374,0.0206995492983702,0.0607249068429463,0.0682232294671505,1.1214548050257498,0.6419965380885064,0.7204194426782291,0.0073087888941234,0.247223981405377,0.2972364509554138,interfloor,ok,e2d6e373c2990898b59dfb073c557fbdfbe212207e99b44f82ec1fc2d5cb0953,a7676adf7325bfb343f6c417192d290b066bce867e21167f03dea860d196b49e,0,8,0.3,3672,3285,1377,0.789760348583878,0.789760348583878,0.0,14.0,14.0,0,False,0.8169934640522877,0.8169934640522877,0.0,18.0,18.0,0,False,26,34,8,0.817,18.0,30.837,0,False,85.0745,0.0,e553cbd3a8908c918f9690f9a41af36b90fc5af75d6d4d3df8f86e75de227582,3.488
TMYx,semi,run_0499,random64,7.858804507830091,10.349836369453136,2.532898445475049,95.20960247737294,0.2105308086928702,0.2661776403887546,0.202952619776223,0.042630729895842,4.479626527348435,0.5735404220619731,0.7008795170704228,0.0036983473818156,0.1567476492121556,0.6596289751233395,interfloor,ok,92ef8117aebae1f5bdec0c71ef37e5e29eb8c5f2caa25c18ab9a26b9c8f6c580,a7676adf7325bfb343f6c417192d290b066bce867e21167f03dea860d196b49e,0,8,0.3,3672,3285,1377,0.0,0.0,0.0,4.0,4.0,0,False,0.0,0.0,0.0,4.0,4.0,0,False,3,3,0,0.0,4.0,29.134,0,False,25.6611,0.0,a1eebb9ae19d82d7606542fea412fd794a997a2b8bcbd463514d13cfe5d5fa2b,3.237
TMYx,semi,run_0500,random64,9.82451369711319,10.845295277018504,2.7073204009582628,108.9848566026068,0.2404164756163604,0.2191691030494161,0.3170431197618952,0.1101248845957577,4.246097291116642,0.3146179268775989,0.8846779164318552,0.002952629013426,0.3985480745890861,0.6671409251817507,interfloor,ok,ab321e9f2430d767bc3652367ccc9ec6dae4656b513acd4c7bf3e08e86b60331,a7676adf7325bfb343f6c417192d290b066bce867e21167f03dea860d196b49e,0,8,0.3,3672,3285,1377,0.0,0.0,0.0,0.0,0.0,0,False,0.0,0.0,0.0,2.0,2.0,0,False,0,0,0,0.0,2.0,28.693,0,False,35.9291,0.0,259968c4f638d527a03c0612e31d0c484bad224e08f431bba013130e735f2394,3.341
TMYx,semi,run_0628,stress16,9.72733840356107,7.8427669792229615,2.5924321527735392,359.8933269015914,0.3529783862372112,0.0761779621335445,0.3273904561993191,0.0824461595128538,3.4708268892998255,0.3251799736172571,0.3503616556392233,0.0015213312741712,0.7206263247604744,0.7182250817689112,interfloor,ok,be42ccb9bb3c925768aaad6f1087fde7765fa72c6568f07598327cf1689b0842,a7676adf7325bfb343f6c417192d290b066bce867e21167f03dea860d196b49e,0,8,0.3,3672,3285,1377,0.0,0.0,0.0,3.0,3.0,0,False,0.0,0.0,0.0,3.0,3.0,0,False,0,0,0,0.0,3.0,28.989,0,False,65.778,0.0,59f047ac2053ad1ad987abf76b40df02b762ef8dd71477b99cc578c49d26620a,3.334
TMYx,semi,run_0745,random64,9.403992115334937,8.48512079989969,2.7038151450428907,145.5310132662222,0.2567053419094268,0.2898505421920269,0.0488499881238593,0.1014932783378585,1.1571722700731573,0.4833947498367663,0.8213087990653432,0.008725404304492,0.7657037313194129,0.8876906018863312,interfloor,ok,938193cbb28588e22bd2d5c5e02a2aeeb6caf281e9e06559e0a372e4f5070ec7,a7676adf7325bfb343f6c417192d290b066bce867e21167f03dea860d196b49e,0,8,0.3,3672,3285,1377,0.0,0.0,0.0,3.0,3.0,0,False,0.08169934640522876,0.08169934640522876,0.0,5.0,5.0,0,False,1,1,0,0.0817,5.0,29.323,0,False,112.6798,0.0,cffcb941e915588318b43a7aaaad7368478e807e25b24f3b4a7243c24cfd8675,3.233
TMYx,semi,run_0768,stress16,6.634637881940697,11.603463379949876,2.9452065682690702,7.656125949492523,0.3673240508605883,0.0703946751822334,0.0882239068606324,0.0721394554328508,0.8794108960838816,0.6853284584119119,0.8495356125752638,0.0109339718263157,0.2996274968959122,0.0483529411528591,interfloor,ok,4bdc042995672d9fe69dd974c5d5777b4b56dd885fbe71ce9a0edb15192b8c62,a7676adf7325bfb343f6c417192d290b066bce867e21167f03dea860d196b49e,0,8,0.3,3672,3285,1377,0.8714596949891068,0.8714596949891068,0.0,13.0,13.0,0,False,0.8169934640522877,0.8169934640522877,0.0,18.0,18.0,0,False,25,63,38,0.8715,18.0,30.83,0,False,137.1649,0.0,4a09ecb780e0358d4b4a46e3978463275d227117a8667d129eb2538b6da48a25,3.45
TMYx,semi,run_0785,random64,8.940781628092497,8.940854789499578,2.71333172432655,21.027453984889203,0.3107729422642821,0.2659499439488594,0.1570556761118805,0.0362424341838409,3.092059615457477,0.5972727377148599,0.3537591526886088,0.010305774523266,0.4150422534097331,0.1795157167910107,interfloor,ok,d82123d01cffa5ff91daf86f696a755f0f2e192df462ff9d999ca571a3d90229,a7676adf7325bfb343f6c417192d290b066bce867e21167f03dea860d196b49e,0,8,0.3,3672,3285,1377,0.10893246187363835,0.10893246187363835,0.0,6.0,6.0,0,False,0.10893246187363835,0.10893246187363835,0.0,6.0,6.0,0,False,1,1,0,0.1089,6.0,29.608,0,False,79.4798,0.0,92f3cfd81791e6a194585c8aac102c0d44cedb846356f6c0e9b1351a36cb72d2,3.284
TMYx,semi,run_0788,random64,8.782009887322488,9.886407966385462,2.689241045237277,165.79600971047623,0.1806222296930827,0.0350189214807997,0.2624851560323494,0.0761344647472262,0.8504742135136384,0.5569179194726575,0.8553784108853641,0.0092759304403749,0.5281861664355341,0.2100976052058908,interfloor,ok,2016d13ad78ec804f7683d582fec36a192384233f876066d0512380c9de384ed,a7676adf7325bfb343f6c417192d290b066bce867e21167f03dea860d196b49e,0,8,0.3,3672,3285,1377,0.0,0.0,0.0,3.0,3.0,0,False,0.0,0.0,0.0,3.0,3.0,0,False,1,1,0,0.0,3.0,29.157,0,False,50.8292,0.0,414275b4ab22641358ead2d8b954f00b1a4e993e87ae092b1d71a673d66b1c94,3.19
TMYx,semi,run_0821,random64,8.168610103195812,6.295910082319626,2.44919521726831,83.16215592635217,0.1633699932395152,0.2793528873688088,0.3075031868920546,0.1071356027635634,4.694512503188105,0.3195967627738837,0.4662343120140395,0.0025933405746935,0.4004795609820039,0.9249981780019016,interfloor,ok,3f6a99112d15016d2564865c3730c24db1d8c4acc5869820f8398f1388c48142,a7676adf7325bfb343f6c417192d290b066bce867e21167f03dea860d196b49e,0,8,0.3,3672,3285,1377,0.0,0.0,0.0,0.0,0.0,0,False,0.0,0.0,0.0,0.0,0.0,0,False,0,0,0,0.0,0.0,28.549,0,False,36.3053,0.0,5fa6de4e74edc1588e6153706165cc5ee30d664003a9221e0a9d4459f93cf5ac,3.168
TMYx,semi,run_0833,random64,6.881397296298271,10.882836593895547,2.866583637518168,115.0820265960748,0.2101446861231999,0.1571910951166595,0.0991883520257245,0.1038913954908974,2.054872833294584,0.31784047548047,0.3619575529089111,0.0100872283500496,0.3785981589568508,0.1448921445221051,interfloor,ok,2bede113c82c0ff650d6242eba2ba5798d58babec44acded165db398d5e54916,a7676adf7325bfb343f6c417192d290b066bce867e21167f03dea860d196b49e,0,8,0.3,3672,3285,1377,0.0,0.0,0.0,0.0,0.0,0,False,0.0,0.0,0.0,0.0,0.0,0,False,0,0,0,0.0,0.0,28.645,0,False,37.6694,0.0,bc3272c38137c899baa2f9b5f03e162914ba9e1440aadfd111b4b3b9bdb6f5ba,3.221
TMYx,semi,run_0841,random64,8.367547204965499,7.256923551190713,2.9918995286847547,209.09780783784907,0.2412457505801208,0.2385274524029789,0.0999052231342154,0.0327496438192871,4.272186592040046,0.5573251812470255,0.5047083796199578,0.0034639552327845,0.6468288498143069,0.6883388060301502,interfloor,ok,d8f8eed21789d224d89929e203a5ceb8e39294a93956610c50963f76a09be331,a7676adf7325bfb343f6c417192d290b066bce867e21167f03dea860d196b49e,0,8,0.3,3672,3285,1377,0.054466230936819175,0.054466230936819175,0.0,5.0,5.0,0,False,0.054466230936819175,0.054466230936819175,0.0,4.0,4.0,0,False,0,0,0,0.0545,5.0,29.381,0,False,96.0817,0.0,713a2c746ae13f1e4acd2716b776b7652b16a53915d28bbc5bb8a7cc31db5bec,3.18
TMYx,semi,run_0844,random64,8.746712419323499,8.255288205551997,2.8301858731668736,119.6183960439886,0.1994819192503905,0.27254785547391,0.0411225287078061,0.1609877938402135,1.483139363161183,0.3044285647779056,0.8800589857851471,0.0064660006290998,0.7491636968151721,0.9819550749784538,interfloor,ok,883b813666894f352b4fc0dd8720f9b2014b9f929d75e12b9d9b27e9dd399555,a7676adf7325bfb343f6c417192d290b066bce867e21167f03dea860d196b49e,0,8,0.3,3672,3285,1377,0.0,0.0,0.0,2.0,2.0,0,False,0.027233115468409588,0.027233115468409588,0.0,4.0,4.0,0,False,1,1,0,0.0272,4.0,29.143,0,False,65.1471,0.0,1d4e24f806ac1dec303b89de5fc507c01d1c1e66f3aa5ee5562f4557afb9610e,3.286
TMYx,semi,run_0887,random64,9.484724765067508,11.174464591770498,2.414911442203662,229.80644996404757,0.2796275305540545,0.0758284244041909,0.2896741830836959,0.1751072335090888,1.6995338270119895,0.3107776781053267,0.4257006634020504,0.0114970329370951,0.491908950611397,0.9890734482016346,interfloor,ok,ef778e8096cbc0e497fa7f5eeddfabd5e1213647416dc210a3784678930090de,a7676adf7325bfb343f6c417192d290b066bce867e21167f03dea860d196b49e,0,8,0.3,3672,3285,1377,0.0,0.0,0.0,0.0,0.0,0,False,0.0,0.0,0.0,0.0,0.0,0,False,0,0,0,0.0,0.0,28.703,0,False,42.9304,0.0,b6449a745fc27b1bcd1fc7556ef859e863cca19cb3d8382f68a5a308a1dede57,3.167
TMYx,semi,run_1025,stress16,6.001988515451892,8.013747343359917,2.712128069948224,187.7230485160186,0.3988100711297681,0.0143824485162627,0.2716513893534522,0.0592134160641791,2.773734982619098,0.4008863300303726,0.4244523072802022,0.0086936739506271,0.2466612679915689,0.5322139386093038,interfloor,ok,b6d713a6f7a5bb9a8c27aab46ff68bb2fda842a51c027fc00e8a2b89c37b447d,a7676adf7325bfb343f6c417192d290b066bce867e21167f03dea860d196b49e,0,8,0.3,3672,3285,1377,0.054466230936819175,0.054466230936819175,0.0,7.0,7.0,0,False,0.054466230936819175,0.054466230936819175,0.0,4.0,4.0,0,False,0,0,0,0.0545,7.0,29.544,0,False,76.2115,0.0,276a2bfad7c0088d29bfac726d4c1a543e4ff7f346599781f6b762f9caf2d701,3.168
TMYx,semi,run_1083,random64,8.454517480509306,7.606900202320765,2.5501477925335045,241.34481889977465,0.2891208841498976,0.1515706845674109,0.1605073890215713,0.1607015551309144,1.101558526110067,0.2140821822715956,0.8767854811568954,0.0117808467129899,0.4181305553407746,0.979553351344094,interfloor,ok,68da9cfc2033be5e6b3f296e8da3b07b8c9673da0744397ef2d4d5cf7376fcdf,a7676adf7325bfb343f6c417192d290b066bce867e21167f03dea860d196b49e,0,8,0.3,3672,3285,1377,0.0,0.0,0.0,1.0,1.0,0,False,0.0,0.0,0.0,2.0,2.0,0,False,0,0,0,0.0,2.0,28.802,0,False,54.5071,0.0,23e4a496cef542454e19a31beb03ecf5580691cc13cc61f5070511767430fadb,3.301
TMYx,semi,run_1093,random64,8.002380628505447,10.166259736812894,2.8796333119979427,171.23898423952662,0.100090185215434,0.0543938555226989,0.0270087812313298,0.0755226196018769,1.8235443611211988,0.386033384594613,0.8407906551118343,0.0050274494110316,0.354654458456868,0.9837284633011107,interfloor,ok,b48721f79a49bfe1a6db75d62a9deb36fe8a2dcd1dd72d5082c32bdfdcf00c9f,a7676adf7325bfb343f6c417192d290b066bce867e21167f03dea860d196b49e,0,8,0.3,3672,3285,1377,0.0,0.0,0.0,0.0,0.0,0,False,0.0,0.0,0.0,4.0,4.0,0,False,5,5,0,0.0,4.0,28.984,0,False,38.4972,0.0,df205ff0eb2b992fca24084517a4cf904b3e2fd083499b0cf967c237a099fa66,3.12
TMYx,semi,run_1130,random64,9.188456848978468,11.639043127509634,2.559744911138821,29.410840417817724,0.1117948532135704,0.2858457406091068,0.2595794543528447,0.1999165833637279,1.1743911222239498,0.471472375004214,0.5367601190449024,0.0117616437190273,0.2970725510522888,0.433698314360111,interfloor,ok,8abac346fdebc532f03462d19b479ce4416401129eb14cff4af4608416515ebe,a7676adf7325bfb343f6c417192d290b066bce867e21167f03dea860d196b49e,0,8,0.3,3672,3285,1377,0.0,0.0,0.0,0.0,0.0,0,False,0.0,0.0,0.0,0.0,0.0,0,False,1,1,0,0.0,0.0,28.364,0,False,9.6752,0.0,4015eb6a020186b8d906720ef300284fc6e42c7d8d2992740e0fd49e45c379d5,3.383
TMYx,semi,run_1192,random64,6.574979979831511,11.394826702694091,2.6678524442714378,83.01673689334608,0.3565625542057532,0.2467632876240327,0.0518339126921443,0.087289463380345,1.2028290993735582,0.4784511509089152,0.6693643480800702,0.0064013535611167,0.4547676125272111,0.8704605859623464,interfloor,ok,d48cfcc5aeb150d10213919f84fd31722080a0b8f1d32a5fe903c133105b5fb6,a7676adf7325bfb343f6c417192d290b066bce867e21167f03dea860d196b49e,0,8,0.3,3672,3285,1377,0.08169934640522876,0.08169934640522876,0.0,5.0,5.0,0,False,0.10893246187363835,0.10893246187363835,0.0,5.0,5.0,0,False,1,1,0,0.1089,5.0,29.553,0,False,97.3182,0.0,0611c4023662f18f4392336f6f5b698d535e6158bce461dfa8bdcb75cb23a915,3.247
TMYx,semi,run_1197,random64,9.55307660622851,10.935446202367611,2.651431698797591,89.14333515226049,0.2043520540065082,0.2592494770209894,0.0576746329066228,0.0781157588360924,2.1857332563991227,0.2060785959940542,0.5149724560393532,0.0076651831377733,0.6733006645411621,0.4720333855727691,interfloor,ok,39850261b76c89d7becbf7901effd1db77c7b1cebe3b3bb3d793c7af93755cb8,a7676adf7325bfb343f6c417192d290b066bce867e21167f03dea860d196b49e,0,8,0.3,3672,3285,1377,0.0,0.0,0.0,0.0,0.0,0,False,0.0,0.0,0.0,0.0,0.0,0,False,0,0,0,0.0,0.0,28.578,0,False,35.1351,0.0,063c233007741fc8a095c0f90447053c3697ded2a77f9af31d5d04c0a369fcb7,3.192
TMYx,semi,run_1199,stress16,8.893313295309667,6.752916196560016,2.775376919971335,90.13627347871588,0.1083033134047148,0.1785539237225437,0.0601924888116002,0.0886989224971885,1.0127404186376616,0.4736069389205135,0.8365327423703692,0.0052546015723922,0.7998494879171348,0.7537545170074853,interfloor,ok,9b83ace49e7092d403b4d93a9b9f545fbf0fa5faa05830f09f357333eb0439a2,a7676adf7325bfb343f6c417192d290b066bce867e21167f03dea860d196b49e,0,8,0.3,3672,3285,1377,0.0,0.0,0.0,2.0,2.0,0,False,0.0,0.0,0.0,3.0,3.0,0,False,1,1,0,0.0,3.0,29.013,0,False,50.714,0.0,f57c219f225780eadba7eb4d75d3a6c9bac1a019f19d1f5d4098554cf224babd,3.305
TMYx,semi,run_1207,random64,9.168130791502008,9.004696072729846,2.8115599835956373,142.9180739985565,0.1284202723692254,0.1867752178704292,0.3348439656423181,0.1317711005700411,2.4118781979192816,0.4565266167997619,0.610364497850469,0.004851525079017,0.1978381158264388,0.9603135205592784,interfloor,ok,d3a2482c97fb5960307f864925d43b2658ff974d1a8aafba90e8e10a1bae0af6,a7676adf7325bfb343f6c417192d290b066bce867e21167f03dea860d196b49e,0,8,0.3,3672,3285,1377,0.0,0.0,0.0,0.0,0.0,0,False,0.0,0.0,0.0,0.0,0.0,0,False,1,1,0,0.0,0.0,28.408,0,False,13.7112,0.0,72823d3ba73416bf737a4e8b2bcc1c5b6a7446f2b449864bf733c31c556fe0f4,3.26
TMYx,semi,run_1209,random64,8.118074804521358,11.978193458414612,2.9036564697751355,244.9524063171716,0.3754156589993933,0.1220701597070463,0.1432447265725567,0.0531746170798,1.5295117539422654,0.5948510668405462,0.606964077683358,0.0056553556870505,0.480152133711234,0.6399576848879639,interfloor,ok,1ced20cc4c650a9a2a935ca16b3bd914dd743506e8f388c871b7c09f3add17d4,a7676adf7325bfb343f6c417192d290b066bce867e21167f03dea860d196b49e,0,8,0.3,3672,3285,1377,0.24509803921568626,0.24509803921568626,0.0,9.0,9.0,0,False,0.24509803921568626,0.24509803921568626,0.0,9.0,9.0,0,False,3,8,5,0.2451,9.0,30.005,0,False,202.041,0.0,75ea2266bc910490fc0875d245e06d52fb6a63184272508662de191af6f74401,3.319
TMYx,semi,run_1214,stress16,7.588108618860515,7.752734140780623,2.826539668699661,130.3981801828211,0.3484607578703986,0.1342467316483606,0.1687813557233073,0.1611491128809359,1.000533177193956,0.6979521394451516,0.3042607275737717,0.007184911846836,0.7742265557708546,0.5938512492331808,interfloor,ok,f13bf0bf2734cf85060ccb4e85e1ff15bf4137b4bfc856f09959955921466bf6,a7676adf7325bfb343f6c417192d290b066bce867e21167f03dea860d196b49e,0,8,0.3,3672,3285,1377,0.3812636165577342,0.3812636165577342,0.0,14.0,14.0,0,False,0.2995642701525054,0.2995642701525054,0.0,12.0,12.0,0,False,3,11,8,0.3813,14.0,30.404,0,False,435.9528,0.0,cc059f377c215ca6e0c9ed32621fa8dda44f2414a38f37023428e71ac9632894,3.423
TMYx,semi,run_1248,random64,9.06874655668104,6.39714339888123,2.4388587665273502,227.04203511645017,0.300438463458426,0.1826052445691555,0.3125340008743582,0.017922370396233,1.828155892567156,0.634732281708217,0.5900520904862452,0.0086471631277632,0.744025489137654,0.0859871297257144,interfloor,ok,936d54a8af6c63a74871ca7199ba015e0e6b8abea5ebcd4b2d51380f5322c745,a7676adf7325bfb343f6c417192d290b066bce867e21167f03dea860d196b49e,0,8,0.3,3672,3285,1377,0.3812636165577342,0.3812636165577342,0.0,12.0,12.0,0,False,0.3812636165577342,0.3812636165577342,0.0,12.0,12.0,0,False,2,5,3,0.3813,12.0,30.116,0,False,342.9637,0.0,8ab63a5f4723a90b281189be47d77cc1776ef56f2f73b085815323b7a958c396,3.281
TMYx,semi,run_1268,random64,8.672107632349496,6.077241426467557,2.800377196115221,248.79991969356283,0.3247953487491061,0.0219064414200164,0.0826480006959761,0.1562970222400376,2.814679622664271,0.6718729366355661,0.6906200825760328,0.0011846727722075,0.1220025434097146,0.2148351272313768,interfloor,ok,c1671f0c4c5c90f8b36e4d83338a4ce969cfb5fecce28379fae4a3c68d96c9d3,a7676adf7325bfb343f6c417192d290b066bce867e21167f03dea860d196b49e,0,8,0.3,3672,3285,1377,1.8518518518518516,1.8518518518518516,0.0,28.0,28.0,0,False,1.579520697167756,1.579520697167756,0.0,25.0,25.0,0,False,33,33,0,1.8519,28.0,31.589,0,False,63.2193,0.0,84771cdec16f82c43ce8b1704ef135b0044d811f99fe5b602ef16daf531e837f,3.297
TMYx,semi,run_1274,random64,6.241960005906613,10.399629191334888,2.8831521889224567,182.0303542420824,0.3893387920102038,0.2765961269867158,0.2263723592999344,0.0811994462666564,1.6006253230049623,0.428158997554932,0.6483239736954343,0.0098985746010797,0.660318092457969,0.5707357570475454,interfloor,ok,d4044cebb430678d54f80620e8db41ae25e3d4f77f5dd73568a6ff7ceb1d7424,a7676adf7325bfb343f6c417192d290b066bce867e21167f03dea860d196b49e,0,8,0.3,3672,3285,1377,0.08169934640522876,0.08169934640522876,0.0,7.0,7.0,0,False,0.054466230936819175,0.054466230936819175,0.0,6.0,6.0,0,False,0,0,0,0.0817,7.0,29.425,0,False,214.4887,0.0,0397db06a0d48824d291a516e0692adbd039309b42f92eb961adcb59ff555c20,3.338
TMYx,semi,run_1295,random64,9.700875846736846,11.393976617728896,2.625245447765509,15.055808046872396,0.1106551028886222,0.1052395899485283,0.0428257154219093,0.0339409350855904,4.282889671851096,0.2731703980561324,0.697609692323854,0.0071462703374351,0.7016648928179255,0.864958402476004,interfloor,ok,e40914c6ab5af40f2ff49518d7eaf3b002fbe15d8c5fd53302171b1eb1bf60f2,a7676adf7325bfb343f6c417192d290b066bce867e21167f03dea860d196b49e,0,8,0.3,3672,3285,1377,0.0,0.0,0.0,0.0,0.0,0,False,0.0,0.0,0.0,0.0,0.0,0,False,0,0,0,0.0,0.0,28.538,0,False,32.5466,0.0,0ef4b7c35f664e49295324f1513f84f96fa1e479290c7aae35d69fe2996f2556,3.206
TMYx,semi,run_1311,random64,9.165362455102658,7.340987815898325,2.8133939339727108,305.0567196793675,0.1889324964091247,0.0323126599434309,0.1588020548110891,0.026092481744294,1.1716059785701818,0.6238515161870499,0.5930562544217899,0.0094844252584585,0.5560536106491164,0.7347389973183898,interfloor,ok,efe20f6b0466cffb7677e2f3cbd13e86a6f0cc1c92c01415e7e85d61043a4661,a7676adf7325bfb343f6c417192d290b066bce867e21167f03dea860d196b49e,0,8,0.3,3672,3285,1377,0.08169934640522876,0.08169934640522876,0.0,5.0,5.0,0,False,0.08169934640522876,0.08169934640522876,0.0,5.0,5.0,0,False,2,2,0,0.0817,5.0,29.576,0,False,82.4576,0.0,d685edd93f29252fe537e720b93b3c5841101a1163b25dc49721445edf44cdec,3.238
TMYx,semi,run_1388,random64,9.678814831103882,8.915890074047772,2.800541899467576,218.74280184445405,0.1098036268680505,0.2727958848646888,0.3439519392324434,0.136424623817726,2.406438737900367,0.2924614656342366,0.358399055620711,0.0107980260130701,0.4314042170048758,0.6522212139098633,interfloor,ok,e7a6f64b15ef4443b74b6beb161f7b09b2b2b505f13939d5d4e18068c77713f6,a7676adf7325bfb343f6c417192d290b066bce867e21167f03dea860d196b49e,0,8,0.3,3672,3285,1377,0.0,0.0,0.0,0.0,0.0,0,False,0.0,0.0,0.0,0.0,0.0,0,False,0,0,0,0.0,0.0,28.259,0,False,16.2106,0.0,1076ccd8769ab9554cae5eb536450e56e43cdfc5d51579159e7ee50e3909d3b0,3.279
TMYx,semi,run_1391,random64,9.65754037174086,7.371418965081008,2.4723911477589064,245.60981709998856,0.1947631756497077,0.2039411843608119,0.1074218120281111,0.0162622533962714,4.722810987580656,0.4500350593640352,0.4151046102651455,0.0083872118280736,0.1148113999145338,0.1106668227864503,interfloor,ok,9c46957d010c158c49f7ec7d5dac99037b54b1b8931b65f526a4ead07b8cc980,a7676adf7325bfb343f6c417192d290b066bce867e21167f03dea860d196b49e,0,8,0.3,3672,3285,1377,0.0,0.0,0.0,4.0,4.0,0,False,0.0,0.0,0.0,5.0,5.0,0,False,5,5,0,0.0,5.0,29.33,0,False,27.7554,0.0,fbb283a2191dc87a636af5318cadd2071f53b8563cbacb549269ea686e2cca13,3.199
TMYx,semi,run_1416,stress16,7.611423563474337,8.698251521688531,2.426406411760429,121.28644403903304,0.2515937716162215,0.0800541981528088,0.2307818781610998,0.0347059324643584,3.835273389438587,0.5544241075079898,0.5745584674183433,0.0058908240493479,0.1000232333706224,0.4592619165338935,interfloor,ok,170a3bf6a861781430fdeaf4ed0f2ed90bb48c0bd0f166a93f14085cf9cac8cd,a7676adf7325bfb343f6c417192d290b066bce867e21167f03dea860d196b49e,0,8,0.3,3672,3285,1377,0.08169934640522876,0.08169934640522876,0.0,5.0,5.0,0,False,0.08169934640522876,0.08169934640522876,0.0,5.0,5.0,0,False,7,7,0,0.0817,5.0,29.494,0,False,33.6249,0.0,decb254b63be592cdb9e7513d8a35025b853934a339e7cbd7eb0478b9b985055,3.23
TMYx,semi,run_1434,random64,9.159539081356815,6.688059520298238,2.9750873857625546,146.8680349805886,0.109342487245402,0.2408929006163872,0.3256769736107116,0.1251180578113211,1.4006317331367033,0.4093604062094604,0.6924091355483194,0.0058060970619586,0.7515582151715556,0.0608321572405057,interfloor,ok,43102b2932f907938ec49a9e3cedf3417ed9ddff2436089da3d865262d7cd67c,a7676adf7325bfb343f6c417192d290b066bce867e21167f03dea860d196b49e,0,8,0.3,3672,3285,1377,0.0,0.0,0.0,0.0,0.0,0,False,0.0,0.0,0.0,0.0,0.0,0,False,0,0,0,0.0,0.0,28.587,0,False,47.7145,0.0,05c4e36fa58f6eefc0e59af4ab4847bff0377eb91deb93d73bebb363027496e4,3.333
TMYx,semi,run_1476,random64,8.896156594940386,11.970459088733485,2.620502673500708,170.28638121673248,0.269002831698218,0.1073848132959912,0.2221615330765761,0.0858084946392574,2.270012833340684,0.6822472892294835,0.5392405542224693,0.0094663221482832,0.4521300487922157,0.0581779318396109,interfloor,ok,7e53dd0bc9d1928d534b7bc901ec16f2012269435209a2f469176a6d03a8e408,a7676adf7325bfb343f6c417192d290b066bce867e21167f03dea860d196b49e,0,8,0.3,3672,3285,1377,0.08169934640522876,0.08169934640522876,0.0,7.0,7.0,0,False,0.054466230936819175,0.054466230936819175,0.0,7.0,7.0,0,False,2,2,0,0.0817,7.0,29.473,0,False,70.681,0.0,2310264d2492a979923ff6a74c24d7b2123af60a36971c127a78e287e09c024b,3.321
TMYx,semi,run_1497,random64,7.421317417293777,10.6593604485645,2.9548445771602987,261.1277326472027,0.2244213548236318,0.2418386953001862,0.2465311795559595,0.0147862579323263,2.8483385115597724,0.4803905389117479,0.4721117267540718,0.0077261404064099,0.4160685386235552,0.2127917230392205,interfloor,ok,c5ba63d986c09d9c7c08ebf65cda0f86bf94509d27d295c39a390b21e9de9ba9,a7676adf7325bfb343f6c417192d290b066bce867e21167f03dea860d196b49e,0,8,0.3,3672,3285,1377,0.054466230936819175,0.054466230936819175,0.0,4.0,4.0,0,False,0.054466230936819175,0.054466230936819175,0.0,4.0,4.0,0,False,0,0,0,0.0545,4.0,29.266,0,False,58.3282,0.0,20f518be636bd57703fccdfce2651f8bd2424b70cd190340bddd2d99253eebe5,3.31
TMYx,semi,run_1506,stress16,6.2866920665226385,7.327960484063865,2.5822380381929033,189.673299274303,0.3538022528888858,0.2874668373726368,0.1967792742001886,0.1471820880565589,0.8240748358340548,0.6355675011074757,0.8989283259639178,0.0069614963780197,0.553966653681584,0.1297716817744924,interfloor,ok,1c0487264e457bade85792e2fb7224665cf523a7ced59305e8daf57e23162a07,a7676adf7325bfb343f6c417192d290b066bce867e21167f03dea860d196b49e,0,8,0.3,3672,3285,1377,0.6535947712418301,0.6535947712418301,0.0,16.0,16.0,0,False,0.4629629629629629,0.4629629629629629,0.0,15.0,15.0,0,False,9,101,92,0.6536,16.0,30.398,0,False,465.5281,0.0,bfc4cbec61b02389b3fbaaa01b1b0357e4bac631271218b9924e9928215a391a,3.597
TMYx,semi,run_1521,stress16,9.012734726045109,9.28296620531424,2.915879467533671,0.136299530314857,0.3824926050117646,0.1021758966296917,0.2940879731173014,0.1904610869987471,1.664067808950167,0.4572585928006668,0.8515223334861499,0.0062513542391962,0.5638087322452537,0.6878542590040975,interfloor,ok,65d05c037c7dda3ad035a2681955cec6454139131723bfd4f58ead0af24419b0,a7676adf7325bfb343f6c417192d290b066bce867e21167f03dea860d196b49e,0,8,0.3,3672,3285,1377,0.08169934640522876,0.08169934640522876,0.0,5.0,5.0,0,False,0.08169934640522876,0.08169934640522876,0.0,5.0,5.0,0,False,0,0,0,0.0817,5.0,29.53,0,False,173.7366,0.0,fff0ded50df0b49dfb866d58cda964cf7f255eb100dcc5700e990455975e305f,3.41
TMYx,semi,run_1525,random64,6.457818039323073,8.809230062809032,2.562716674463898,49.7482730803186,0.2403944250818863,0.2846260247543987,0.3217419947342414,0.1387539273115936,1.7741620338632282,0.2609813408015647,0.5792514428957727,0.0024585619456096,0.2421969198902897,0.8231806734055043,interfloor,ok,8f51e35568f014ae038e1f1a95cd274542491edbb7acfeec5d112deeeccf0866,a7676adf7325bfb343f6c417192d290b066bce867e21167f03dea860d196b49e,0,8,0.3,3672,3285,1377,0.0,0.0,0.0,0.0,0.0,0,False,0.0,0.0,0.0,0.0,0.0,0,False,0,0,0,0.0,0.0,28.628,0,False,27.8626,0.0,cd7c599ea95624ccc08ea53328d9452e0213ba7b9a829d6bb23c76ea0542e8ce,3.307
TMYx,semi,run_1560,random64,8.618546381821407,6.051034448405187,2.563634775254617,139.91787914607664,0.3728893152141903,0.0570155616799874,0.2154460301853953,0.1479278899395301,4.058721782989339,0.6659321263772808,0.7110283895432115,0.0073155256822709,0.1839498514363129,0.1617868224834594,interfloor,ok,b3490e96ea17dd2579d8f8fa71a6260f8e4d14aa3f7b3cb1a91b31c0e9caad96,a7676adf7325bfb343f6c417192d290b066bce867e21167f03dea860d196b49e,0,8,0.3,3672,3285,1377,0.9803921568627451,0.9803921568627451,0.0,21.0,21.0,0,False,0.8442265795206972,0.8442265795206972,0.0,17.0,17.0,0,False,9,9,0,0.9804,21.0,30.803,0,False,87.2305,0.0,0229b62ca1ee37d83fc5c9fc26268d893662e513bfafe1d2cc1a9795aedc59ec,3.314
TMYx,semi,run_1586,random64,7.747757047886595,11.109613081305676,2.9866762545648577,108.774751399816,0.1181454529476654,0.1724322000054217,0.293250208478728,0.0738549335860083,1.3729096971837715,0.6260524756906012,0.790159768280496,0.0036748512051892,0.4427272594461767,0.8603068835744438,interfloor,ok,81275aca6117bd892ecf49b98110791bde29636bcfe6ec1b5483e04647e183b3,a7676adf7325bfb343f6c417192d290b066bce867e21167f03dea860d196b49e,0,8,0.3,3672,3285,1377,0.0,0.0,0.0,0.0,0.0,0,False,0.0,0.0,0.0,0.0,0.0,0,False,0,0,0,0.0,0.0,28.742,0,False,24.3899,0.0,c912cc50a501e7eabed73f26b5a3714f2a36c13da9e070c82268ab3ba804b345,3.301
TMYx,semi,run_1590,random64,7.984975108428764,7.272084694858215,2.9967721614941327,16.420420319362826,0.374850431931708,0.2382439942207673,0.1776304878605744,0.1160904554759672,4.877151087201141,0.6916489142509208,0.5069503827545674,0.0011912769261439,0.3291501951241186,0.2604131781675038,interfloor,ok,15b34e83b47ce11160bd9c0262fb2a1c130d56ebf141abd46de59ba66ce02c0d,a7676adf7325bfb343f6c417192d290b066bce867e21167f03dea860d196b49e,0,8,0.3,3672,3285,1377,0.789760348583878,0.789760348583878,0.0,14.0,14.0,0,False,0.5718954248366013,0.5718954248366013,0.0,14.0,14.0,0,False,2,2,0,0.7898,14.0,30.54,0,False,129.7538,0.0,4a8ca57025030b43e1843e0f7401f93a9c6876fdc363a85c928def72011c8345,3.298
TMYx,semi,run_1644,random64,6.39767913222991,11.797192158414513,2.8741057290164034,172.93019711264748,0.2443328744309624,0.252661328529406,0.2135477168394144,0.1397092179377648,1.093053406242568,0.5224268206844807,0.6239387086788434,0.0026953973078216,0.5019253197830181,0.9038595290358232,interfloor,ok,bd84dab399159de63a8a66d378a07c64f105b9b05f577dde61cde83ead3c57db,a7676adf7325bfb343f6c417192d290b066bce867e21167f03dea860d196b49e,0,8,0.3,3672,3285,1377,0.0,0.0,0.0,4.0,4.0,0,False,0.0,0.0,0.0,3.0,3.0,0,False,0,0,0,0.0,4.0,29.069,0,False,94.0829,0.0,206b9c5f5093d32580cb5ab0482211aace063ebd2249289c1de626f8a684efcc,3.411
TMYx,semi,run_1646,random64,7.704557801580717,7.128280265544657,2.985540612715578,90.2906293972771,0.2105791800179474,0.0205307922429049,0.2339133981377427,0.0889463263478779,3.2049811873074887,0.2345347956220673,0.7570779081491665,0.0090267774481236,0.1607423062503069,0.6682748532100452,interfloor,ok,0f8026fe52f0a19243509b7ac05c57738c123fd0369049fe636af8f01a6cc345,a7676adf7325bfb343f6c417192d290b066bce867e21167f03dea860d196b49e,0,8,0.3,3672,3285,1377,0.0,0.0,0.0,0.0,0.0,0,False,0.0,0.0,0.0,1.0,1.0,0,False,2,2,0,0.0,1.0,28.921,0,False,69.0651,0.0,bfc6e84a37e3478c3fd700a0984fe48b1000452b4c47de7cb50e80f21bb8eef1,3.179
TMYx,semi,run_1649,random64,9.736147602912038,10.293830928868562,2.662571832425947,261.8578276782381,0.3568398205583376,0.1736460837266733,0.0292153490257981,0.1395424927110858,3.027824367046392,0.3485365751342671,0.5736479117806575,0.0093034189208943,0.1802858271940285,0.2413181201408213,interfloor,ok,96b2016a691c668e4b5645ae3e3f2ef5e84c06bde5b5628fe3369841a3805fcd,a7676adf7325bfb343f6c417192d290b066bce867e21167f03dea860d196b49e,0,8,0.3,3672,3285,1377,0.10893246187363835,0.10893246187363835,0.0,7.0,7.0,0,False,0.16339869281045752,0.16339869281045752,0.0,9.0,9.0,0,False,4,4,0,0.1634,9.0,29.715,0,False,43.8356,0.0,7147484bbea9f3af210a941b4b4522b0f45cabc2ee4ed056bd74403d94e5378b,3.294
TMYx,semi,run_1739,random64,7.0067584701546775,7.896320285135133,2.607552142148133,280.19987496754726,0.1450303105282448,0.1623355493384067,0.0470016966853491,0.0487067994752944,4.395256339439079,0.3917146171940208,0.4653154678313737,0.0018438971710637,0.2816835467096806,0.9364410289315754,interfloor,ok,acd291f851ce6f88ba2dcecbbfbb9b2193ab956c40229943267559a1df423358,a7676adf7325bfb343f6c417192d290b066bce867e21167f03dea860d196b49e,0,8,0.3,3672,3285,1377,0.0,0.0,0.0,0.0,0.0,0,False,0.0,0.0,0.0,0.0,0.0,0,False,0,0,0,0.0,0.0,28.736,0,False,34.2361,0.0,d222f01f7d1e33a206518fd9a6ed816c637a44168cb6b63835c0b8d4a558d7e5,3.211
TMYx,semi,run_1746,random64,6.23256062077348,7.414538430795666,2.655653759263532,340.754870353403,0.13092892283432,0.2982663087100041,0.1605365316546335,0.0545709109003138,2.521385471538734,0.5672064169838165,0.8340818965891381,0.0087833495903115,0.3674619067684775,0.3091781887796459,interfloor,ok,ff4046bcfffc9c508d9272be8c80f78a1f0956f98d4632518ca1768a35a3299f,a7676adf7325bfb343f6c417192d290b066bce867e21167f03dea860d196b49e,0,8,0.3,3672,3285,1377,0.0,0.0,0.0,2.0,2.0,0,False,0.0,0.0,0.0,3.0,3.0,0,False,2,2,0,0.0,3.0,29.02,0,False,33.8155,0.0,48ad8e9fa7cd9f0912973972492de0ea557a894d79ca6b150ed3343f234f20ab,3.331
TMYx,semi,run_1748,random64,8.865043866167335,9.32232367224116,2.411805454746041,285.0228183144822,0.2601155219316617,0.0241020441173013,0.3259814484022454,0.0106359142239752,1.871163696480397,0.666161525830226,0.7796183023181407,0.0104967871326783,0.4218745196949143,0.1008415346970952,interfloor,ok,998e42c4320d27636faedf9141f5bd3dbea32161d2e175922a7ab8764d258aec,a7676adf7325bfb343f6c417192d290b066bce867e21167f03dea860d196b49e,0,8,0.3,3672,3285,1377,0.2178649237472767,0.2178649237472767,0.0,9.0,9.0,0,False,0.24509803921568626,0.24509803921568626,0.0,10.0,10.0,0,False,7,7,0,0.2451,10.0,30.012,0,False,85.9621,0.0,4d9cac42365f95fec1bc38e974a3379db03deaec564c55f0efc7f7214c6d179e,3.329
TMYx,semi,run_1757,random64,8.689011587231436,9.670794600545737,2.8367080033490657,223.1820686943364,0.2790156756182473,0.233231484877794,0.2229056782795074,0.0219445143738869,2.4426468738886213,0.695436098987765,0.4138722842570862,0.0021376128078927,0.7624905536858017,0.3826218271406786,interfloor,ok,be958d63195061e01ab8770b5a8d1dfdfdff2527148deec892aa522bf3a1ad22,a7676adf7325bfb343f6c417192d290b066bce867e21167f03dea860d196b49e,0,8,0.3,3672,3285,1377,0.2178649237472767,0.2178649237472767,0.0,9.0,9.0,0,False,0.1906318082788671,0.1906318082788671,0.0,9.0,9.0,0,False,1,1,0,0.2179,9.0,29.872,0,False,234.2936,0.0,7be7e523ca57fb47e16b60333e9b8c61d5d2b013e23e4053e7e97f48f9ab2042,3.405
TMYx,semi,run_1759,random64,7.770853395902289,11.734651985798616,2.640716419960252,358.1951472874119,0.2392442626409085,0.0619317660019336,0.2680148272014561,0.0713851201696387,3.692960708429269,0.309230268935296,0.8284867367488444,0.0042700449738642,0.1941970618042965,0.3098326417434174,interfloor,ok,5b4d31c1582733392a496958376e33e1547ae6aae34718b396e37bca9b7c26cc,a7676adf7325bfb343f6c417192d290b066bce867e21167f03dea860d196b49e,0,8,0.3,3672,3285,1377,0.0,0.0,0.0,0.0,0.0,0,False,0.0,0.0,0.0,0.0,0.0,0,False,1,1,0,0.0,0.0,28.824,0,False,29.8354,0.0,e331b2b1c5cc817e2e6a2be5e3ab7c029291fe204c7cade6c518ec243187d113,3.321
TMYx,semi,run_1762,random64,9.10299394629691,6.779582727335279,2.989275662945607,119.36711299854213,0.2896453149172316,0.2698470947551495,0.1312331561461008,0.1120147306410807,3.947758679951738,0.3260696200660214,0.871151367818841,0.0024798400021639,0.4952905773332156,0.7995979321668514,interfloor,ok,262b4173ea4ad3fd9bb795177ca40a5230ba5b6b6f40cfc3005fca8fcc3c11c8,a7676adf7325bfb343f6c417192d290b066bce867e21167f03dea860d196b49e,0,8,0.3,3672,3285,1377,0.054466230936819175,0.054466230936819175,0.0,4.0,4.0,0,False,0.08169934640522876,0.08169934640522876,0.0,5.0,5.0,0,False,0,0,0,0.0817,5.0,29.337,0,False,75.7395,0.0,70c5a9de4be9133a6b62bda0722be1eb50dc75472e6e66f4dc3253b9371109ca,3.321
TMYx,semi,run_1801,stress16,6.00576001816857,7.013962111137016,2.7433188979982543,109.1497624166458,0.1602648638294917,0.1227865119203586,0.3499141985699189,0.1295636363487694,1.1038623265201388,0.6054454417845063,0.4641422082425226,0.0116755889462249,0.6213755463936661,0.0271509346069509,interfloor,ok,4251d222837a38945b5e1511f3936b702a7c6d87cab73a500c522d8d0f9db9f2,a7676adf7325bfb343f6c417192d290b066bce867e21167f03dea860d196b49e,0,8,0.3,3672,3285,1377,0.054466230936819175,0.054466230936819175,0.0,5.0,5.0,0,False,0.027233115468409588,0.027233115468409588,0.0,4.0,4.0,0,False,0,0,0,0.0545,5.0,29.299,0,False,86.1091,0.0,7cea06c6c23431014ecf699b3e85903f6ddd88c86505189c93a5768a413cb834,3.369
TMYx,semi,run_1809,random64,8.559445934201257,9.220111033851431,2.6174590371645094,260.51262344046665,0.1774145506572762,0.1237493562166303,0.3444827827829553,0.039503380978057,2.6965991092332593,0.3413065878960307,0.312273471145697,0.0096244804108213,0.5147813503211555,0.6028242920670521,interfloor,ok,1074472e62cee46e32488c72469e84629fd9f6f8e266b2b421da6de4604476d5,a7676adf7325bfb343f6c417192d290b066bce867e21167f03dea860d196b49e,0,8,0.3,3672,3285,1377,0.0,0.0,0.0,0.0,0.0,0,False,0.0,0.0,0.0,0.0,0.0,0,False,0,0,0,0.0,0.0,28.632,0,False,34.8703,0.0,f1d7b06c356584c571f561c8cbbcae94d7a12e43875333a8c5579c24924bacd3,3.199
TMYx,semi,run_1813,random64,6.183853880457327,6.041757376136944,2.996197412195417,18.45093673997505,0.1269063653778326,0.2359317992988121,0.2993517751632163,0.0532381299634875,2.3671403541710943,0.2805814000617515,0.7751595903775934,0.0088623444481291,0.6776984175575665,0.513229652325849,interfloor,ok,b4931626cb236ab2e28e1c5f168c8b380a985f107c1281eb6447cad4d808974c,a7676adf7325bfb343f6c417192d290b066bce867e21167f03dea860d196b49e,0,8,0.3,3672,3285,1377,0.0,0.0,0.0,0.0,0.0,0,False,0.0,0.0,0.0,2.0,2.0,0,False,0,0,0,0.0,2.0,28.661,0,False,42.4549,0.0,c174fa71244aa306c525cedb76dcda8a5c538b9d0b2a1d35750a4e66a61badb4,3.196
TMYx,semi,run_1851,random64,9.203475309979774,8.126740176489259,2.515033518371454,173.65265235192354,0.3260689792526782,0.0885557723085899,0.2437944100102807,0.0742750911743195,4.731739904063382,0.5087623134456867,0.4327765286791063,0.0083422560500987,0.7721184990131026,0.1324354075633587,interfloor,ok,4d547aece4e026704576e43e0a3497d56defc2019d547ebe48baf7bc11299333,a7676adf7325bfb343f6c417192d290b066bce867e21167f03dea860d196b49e,0,8,0.3,3672,3285,1377,0.054466230936819175,0.054466230936819175,0.0,7.0,7.0,0,False,0.054466230936819175,0.054466230936819175,0.0,6.0,6.0,0,False,0,0,0,0.0545,7.0,29.331,0,False,114.6244,0.0,9a556c015df35f7b1b1f69b58b3e4bf37b4a3b9df33751f737d3c2aa425795b3,3.263
TMYx,semi,run_1864,random64,6.678309111984476,9.701169101100144,2.688116929277827,134.80691493465332,0.2652985821920491,0.20779816880664,0.234577135985692,0.1895076859779048,3.2922132632933643,0.4267807981359379,0.7891846397409084,0.0070545148468507,0.4021872024899956,0.3813972683369584,interfloor,ok,55eeda5699b059f78009ad989554a7e3eaf10d1062492782669f70878a5a88fd,a7676adf7325bfb343f6c417192d290b066bce867e21167f03dea860d196b49e,0,8,0.3,3672,3285,1377,0.0,0.0,0.0,4.0,4.0,0,False,0.0,0.0,0.0,4.0,4.0,0,False,0,0,0,0.0,4.0,29.085,0,False,57.7557,0.0,cf44d65de5722be5bc49d141b6465ebe31a8bbe73e09116ce78a3ecc52f1acf9,3.403
TMYx,semi,run_1865,random64,8.82547862022751,9.753981614836256,2.7591122341658165,157.9041342237432,0.3438813786429799,0.2158546792043205,0.2138580906954928,0.0992738610007614,2.306245853937516,0.6386320518895993,0.8154346774417618,0.0093635246799744,0.2130728999901633,0.437296282659448,interfloor,ok,aa659cb4aaa6cf29a35856abbd080ecd717c1759246c9b4dadb5dff04d39306e,a7676adf7325bfb343f6c417192d290b066bce867e21167f03dea860d196b49e,0,8,0.3,3672,3285,1377,0.2178649237472767,0.2178649237472767,0.0,11.0,11.0,0,False,0.2178649237472767,0.2178649237472767,0.0,10.0,10.0,0,False,5,5,0,0.2179,11.0,29.91,0,False,55.0781,0.0,8748b4dee45a05ba2e758159aae305a2cb7739ab403b2e9d1db2d6a346a00e0f,3.52
TMYx,semi,run_1866,random64,6.074547528578014,10.39441441632774,2.9074407631648413,29.82417569741127,0.3735980910175824,0.056916595305462,0.2253344693331766,0.0278639344015534,3.486301963586633,0.5140651187186196,0.6700640003904912,0.006735074923467,0.6647864729323955,0.2008978179182478,interfloor,ok,89f7ab4f164997240156f810c6a933516961873190fcc10909ff882478e4b33f,a7676adf7325bfb343f6c417192d290b066bce867e21167f03dea860d196b49e,0,8,0.3,3672,3285,1377,0.13616557734204793,0.13616557734204793,0.0,9.0,9.0,0,False,0.16339869281045752,0.16339869281045752,0.0,9.0,9.0,0,False,1,1,0,0.1634,9.0,29.923,0,False,142.3489,0.0,7ea23608e4101d63a843d2c3c9c9ab5c267a572807e229d203fffd49bf70e3f0,3.158
TMYx,semi,run_1911,random64,9.625788696509844,8.99756568811846,2.6870274763916577,51.13562564563569,0.1036336243021498,0.2691032643035131,0.2909092323704428,0.0553225405296898,0.9451537467761352,0.213096661780196,0.6746484122958563,0.0027892586699717,0.3857168502796336,0.6987056326408935,interfloor,ok,f89b911b7f416030b090a0616e7627b83c42ec6d2e1cc6fe87cde8c3695cdc76,a7676adf7325bfb343f6c417192d290b066bce867e21167f03dea860d196b49e,0,8,0.3,3672,3285,1377,0.0,0.0,0.0,0.0,0.0,0,False,0.0,0.0,0.0,0.0,0.0,0,False,0,0,0,0.0,0.0,28.139,0,False,12.5694,0.0,9765eb3c506be9cd1206a62143f4fff4c7c53be375ca0f139931bfa33a91f482,3.283
TMYx,semi,run_1941,stress16,8.513957236747029,6.406912918790103,2.9573824657987817,227.30992581477113,0.3814391502066491,0.1130363137032005,0.3436613789388585,0.0360638430621394,3.8372150666790352,0.6925245091293201,0.8339536192169092,0.0057582855884426,0.5537019522177968,0.4107181886048088,interfloor,ok,9a7dccd599a0f7a9b66950f2e601884507396aaa8339beea0bdd7682a9116487,a7676adf7325bfb343f6c417192d290b066bce867e21167f03dea860d196b49e,0,8,0.3,3672,3285,1377,1.0893246187363834,1.0893246187363834,0.0,20.0,20.0,0,False,0.9803921568627451,0.9803921568627451,0.0,18.0,18.0,0,False,3,3,0,1.0893,20.0,30.999,0,False,328.1288,0.0,99a4035b0484ddc935790baadeaba7f875550c1141d6e6d0e6889eda099a011f,3.287
TMYx,semi,run_1952,random64,6.90071229300299,6.937283565323205,2.560373385344838,346.0353191567952,0.2877198939545087,0.2888430195687625,0.1275638899296872,0.0713325995335073,4.595601180263259,0.2098584867753312,0.4525467845450036,0.0051246806394883,0.2908505919263405,0.91113436469536,interfloor,ok,6c276d8d69d64f2a79e0ebc7fbd28b8f8844f924f3b6184afa0ca907e4f57a99,a7676adf7325bfb343f6c417192d290b066bce867e21167f03dea860d196b49e,0,8,0.3,3672,3285,1377,0.0,0.0,0.0,1.0,1.0,0,False,0.0,0.0,0.0,2.0,2.0,0,False,0,0,0,0.0,2.0,28.708,0,False,50.9479,0.0,ac9e7f437216e91da87f060313c101e5041709b99d074ae4f188e7aa665c29b3,3.096
TMYx,detached,run_0000,stress16,8.290452087902889,9.418683364680744,2.7012424206240264,22.194473754769316,0.1796358733978168,0.0781535347590126,0.0281263147984265,0.1023603238909987,3.7187309613713815,0.2848874035155261,0.8851887605927302,0.0041794027925613,0.4679746472079719,0.7780886191933646,shade_off,ok,e7bed168c8ec16f34f13627e510eae04e5fe3295afc54d5df7ef4ca0e138533b,a7676adf7325bfb343f6c417192d290b066bce867e21167f03dea860d196b49e,0,8,0.3,3672,3285,1377,0.0,0.0,0.0,2.0,2.0,0,False,0.24509803921568626,0.24509803921568626,0.0,9.0,9.0,0,False,1,1,0,0.2451,9.0,30.116,0,False,62.0754,0.0,144b9268679016d2996dc23f6fd762b6cc737d177d968e3b9330525cc9393c1f,3.122
TMYx,detached,run_0015,random64,7.108611475128714,6.493256650172337,2.557740067304502,196.7752575852872,0.3508426889305577,0.0691978473194322,0.1775662031153719,0.1504932433886532,1.1382521186428864,0.3634006054515437,0.3251097153924657,0.0053423127877505,0.7756179975255327,0.2215221883714765,shade_off,ok,a89f31338dbe0def1a240a8c2e403752fdf0f642ae8ca0a354aae3b36e4899c6,a7676adf7325bfb343f6c417192d290b066bce867e21167f03dea860d196b49e,0,8,0.3,3672,3285,1377,0.3540305010893246,0.3540305010893246,0.0,11.0,11.0,0,False,0.789760348583878,0.789760348583878,0.0,18.0,18.0,0,False,1,1,0,0.7898,18.0,31.043,0,False,413.5043,0.0,d9da3da3eba8ce16ebb0f24360c1c80f91cd095cb0b26fa7a453696e1e9cf1c2,3.04
TMYx,detached,run_0023,random64,8.817343277589991,7.85539369563051,2.609145431853368,18.96253427869918,0.1742793412258079,0.1120027552699704,0.044072150885244,0.1176076252166526,3.9736567243591487,0.2414493988517185,0.6054915605613544,0.0048067660451242,0.6942537640069445,0.341692810129729,shade_off,ok,20b4bb8d202f77a2a386605fb54fe674cc9bfbf8e4f3da77ecc7fb85a5ae185c,a7676adf7325bfb343f6c417192d290b066bce867e21167f03dea860d196b49e,0,8,0.3,3672,3285,1377,0.0,0.0,0.0,2.0,2.0,0,False,0.10893246187363835,0.10893246187363835,0.0,6.0,6.0,0,False,0,0,0,0.1089,6.0,29.632,0,False,60.8819,0.0,01f71a18db5dba1f458862614cf2da3e1b5af9c720cf414ef47ab1e0169abfff,2.873
TMYx,detached,run_0029,stress16,8.203432183124272,6.408489310261017,2.8640680741404387,300.7801611485146,0.150600147289584,0.0170107318727439,0.045297803381865,0.0140947818271048,0.8776391010432707,0.6886897929854896,0.5132570934374501,0.0061052277763261,0.1044806285204754,0.4880446808864345,shade_off,ok,5a13f0a732206d468ffd482441589b65838f7d150fa11f37b3311d3d18f050df,a7676adf7325bfb343f6c417192d290b066bce867e21167f03dea860d196b49e,0,8,0.3,3672,3285,1377,0.49019607843137253,0.49019607843137253,0.0,14.0,14.0,0,False,1.1437908496732025,1.1437908496732025,0.0,23.0,23.0,0,False,30,30,0,1.1438,23.0,31.614,0,False,57.155,0.0,8da5f8cb7159d8e344190fd704467dfdd85c8e387a7300b59794eee4bdb70607,3.228
TMYx,detached,run_0044,random64,6.030500032924129,7.408960521416061,2.7665628390675407,74.51262954714856,0.1781833985308706,0.2384489935374365,0.232027349722457,0.1662308275216616,3.706446374343945,0.2801471059994515,0.6879618953548321,0.0077865334940022,0.7588555884014518,0.4235989701065071,shade_off,ok,ca2d8c1b084db67c8d6c73baca6a928acf1429e0530ffff7b0efa0a7d46cb80d,a7676adf7325bfb343f6c417192d290b066bce867e21167f03dea860d196b49e,0,8,0.3,3672,3285,1377,0.0,0.0,0.0,4.0,4.0,0,False,0.10893246187363835,0.10893246187363835,0.0,9.0,9.0,0,False,0,0,0,0.1089,9.0,29.692,0,False,74.0444,0.0,6c27c92eb4e9f0f4e14cd6a4bfc786213ae9244744037e8bfa4098e286cbc8be,2.975
TMYx,detached,run_0063,random64,6.5621292372608675,6.65259707923012,2.866440977345775,291.8921029230811,0.2605908839526111,0.2904109892395112,0.2396360333811598,0.1130099666030276,4.144587096716162,0.654011275402036,0.4712269209763924,0.0014834559152219,0.54773627340295,0.5710594819740411,shade_off,ok,2ef6febe86c1311a3a97c02d4a669f3ee8655a13a11ec2d62de1663d3f5ff67d,a7676adf7325bfb343f6c417192d290b066bce867e21167f03dea860d196b49e,0,8,0.3,3672,3285,1377,0.6535947712418301,0.6535947712418301,0.0,17.0,17.0,0,False,1.171023965141612,1.171023965141612,0.0,24.0,24.0,0,False,1,1,0,1.171,24.0,31.849,0,False,240.5297,0.0,2548a2ed9ac73e33e84c62125542bc9eb81864b93fd1042f686e2b2fce975857,3.096
TMYx,detached,run_0092,random64,9.93309790699963,8.182296197308714,2.457461454626565,111.121424386233,0.215416840146493,0.1614784962457293,0.2067813187440635,0.1045840336851818,2.5155012564866768,0.5247084843418965,0.6042830658593564,0.0091103599680866,0.403724911359604,0.9002186637947126,shade_off,ok,eede2b64051bbf5b3b7c565f7f15cbcdec04751b459bdb911ed0cb9795d10326,a7676adf7325bfb343f6c417192d290b066bce867e21167f03dea860d196b49e,0,8,0.3,3672,3285,1377,0.054466230936819175,0.054466230936819175,0.0,5.0,5.0,0,False,0.24509803921568626,0.24509803921568626,0.0,10.0,10.0,0,False,1,1,0,0.2451,10.0,30.175,0,False,58.281,0.0,c153e015a02ab2642f57260c51ccab9d2cf695141f9aca83f844c21c62cdb2f3,2.975
TMYx,detached,run_0095,random64,6.3624501841932375,11.842510228563462,2.491939053622874,295.7462251283733,0.2198554630131667,0.0400359318923531,0.1494445134899256,0.1850285440940413,4.185455890408224,0.5956563840158877,0.8831696681502195,0.0061710397040376,0.4456313827570233,0.3457178036598204,shade_off,ok,07d5e8cf84f5b093e2fcf4b19b8c5314021f310bb1f383aaa717dcb9fd199ec8,a7676adf7325bfb343f6c417192d290b066bce867e21167f03dea860d196b49e,0,8,0.3,3672,3285,1377,0.27233115468409586,0.27233115468409586,0.0,9.0,9.0,0,False,0.8714596949891068,0.8714596949891068,0.0,19.0,19.0,0,False,2,2,0,0.8715,19.0,31.115,0,False,86.8434,0.0,474111b4d4f2c7116b1df5b53ab780b6089694d1bc32cb21422185f1f4cf2d79,2.989
TMYx,detached,run_0132,stress16,9.299175482807073,9.44472107084308,2.6246307962624016,120.97695746647544,0.359724968552603,0.1373453664935816,0.0250244188438973,0.1090851112819592,4.432529714102253,0.6489282768966091,0.8546248700739805,0.0100735542076731,0.2380461443404612,0.205503238738427,shade_off,ok,9c3600d680fa33a234ca80cac01d515684566353871856b62da638a20637ac0c,a7676adf7325bfb343f6c417192d290b066bce867e21167f03dea860d196b49e,0,8,0.3,3672,3285,1377,1.3071895424836601,1.3071895424836601,0.0,26.0,26.0,0,False,1.9880174291938997,1.9880174291938997,0.0,37.0,37.0,6,True,12,12,0,1.988,37.0,33.115,6,True,102.4314,0.0,40de55afb6d19a1e53e8c2d5a0e7b0c1ab227e4f103ad3a5c759b44fd82af531,3.363
TMYx,detached,run_0169,random64,7.695473365435487,11.227744275625916,2.4943900256809504,33.74614022217156,0.1572306658104784,0.0421425997389778,0.1619378594004896,0.0133961689752927,3.577533400781542,0.3919625146305164,0.533438368709399,0.0108911883433449,0.1066031747510421,0.8986530703328954,shade_off,ok,523503b02755a4d728586a252354e9b22cc65108facc34b7556ce122ec09b776,a7676adf7325bfb343f6c417192d290b066bce867e21167f03dea860d196b49e,0,8,0.3,3672,3285,1377,0.0,0.0,0.0,0.0,0.0,0,False,0.08169934640522876,0.08169934640522876,0.0,5.0,5.0,0,False,2,2,0,0.0817,5.0,29.617,0,False,42.5361,0.0,5b13cd7f47d7074ecf20006200e56ceadda62fc849884a43f9f64aab57a00fe0,3.065
TMYx,detached,run_0171,random64,7.494809621295749,11.22002626611558,2.7470227147731485,103.10589157010632,0.254781411116087,0.1019944879351144,0.3370655776713539,0.0445047342704688,4.389418546125397,0.6060268646263012,0.3276582681904973,0.005932140031043,0.3357054429082935,0.5638512940204532,shade_off,ok,92ce33bfa104d7b49255acf6687f5b51c7209fb1313242769ef9ed67e85216e2,a7676adf7325bfb343f6c417192d290b066bce867e21167f03dea860d196b49e,0,8,0.3,3672,3285,1377,0.24509803921568626,0.24509803921568626,0.0,9.0,9.0,0,False,0.9531590413943355,0.9531590413943355,0.0,18.0,18.0,0,False,1,1,0,0.9532,18.0,31.045,0,False,73.9047,0.0,663fe93113ac62900625aee2a40f622488bb55ebad40a8a9982eaf65a70c35c7,2.986
TMYx,detached,run_0172,random64,9.655340429240898,7.24820416689231,2.42469543122848,172.6245737256148,0.1639874631194922,0.1196870715518636,0.3172583437442636,0.1578098077295352,0.9402029258114942,0.4028680909098489,0.8765797877084602,0.0023588769593888,0.2060066547113198,0.3409010096267915,shade_off,ok,69feb5d14aba351c898bfb967fe2d7dd29bb5044d4acf624d8475146b18c5563,a7676adf7325bfb343f6c417192d290b066bce867e21167f03dea860d196b49e,0,8,0.3,3672,3285,1377,0.0,0.0,0.0,0.0,0.0,0,False,0.2178649237472767,0.2178649237472767,0.0,6.0,6.0,0,False,1,1,0,0.2179,6.0,29.796,0,False,25.9136,0.0,1494136d9a0b1fc61f171d568ac211e89e0d8b2cf7ee5c0497ec377d2b77ffd1,3.126
TMYx,detached,run_0189,random64,8.854541179080801,10.452603750516715,2.9188006260871417,67.8876582569418,0.3641510351705923,0.0892540763860939,0.3097302387013971,0.1440692649228458,2.707948972652005,0.2832682627500669,0.6646816722211282,0.0103303899374604,0.1290129201750531,0.0948871124029668,shade_off,ok,62aa8e9e0f53df0aaa3354c9b62cf5f3169621c3c598693fbc6979362c8b8ba9,a7676adf7325bfb343f6c417192d290b066bce867e21167f03dea860d196b49e,0,8,0.3,3672,3285,1377,0.13616557734204793,0.13616557734204793,0.0,7.0,7.0,0,False,0.5446623093681917,0.5446623093681917,0.0,14.0,14.0,0,False,1,1,0,0.5447,14.0,30.593,0,False,49.8659,0.0,9139a41ea3828dbd524ba01dd4a37f8495dd5abc7c02835f200b475b4e5b2285,3.129
TMYx,detached,run_0203,random64,7.977123523285825,8.285263931205199,2.712837171815562,89.35419205267758,0.1358151170477194,0.188340689716523,0.0697252800449031,0.1120892354037314,1.7190015052738117,0.5071421704296211,0.5490554865529775,0.0022577353970723,0.6310346873260598,0.5050302275796102,shade_off,ok,a17ed598eb51348e06f51c47d6e3388d37ba3de6c8b172f7f842263cca301b8e,a7676adf7325bfb343f6c417192d290b066bce867e21167f03dea860d196b49e,0,8,0.3,3672,3285,1377,0.0,0.0,0.0,3.0,3.0,0,False,0.1906318082788671,0.1906318082788671,0.0,9.0,9.0,0,False,1,1,0,0.1906,9.0,29.842,0,False,64.8634,0.0,37929734a5c108e8d4ac30f3dbfefa3c21cac1f4662d67ede04fd5783d4e335c,3.084
TMYx,detached,run_0208,random64,7.080933225138338,8.151979458855823,2.6146631258077835,109.77210266794091,0.1350633821387371,0.2826211130453059,0.3158693984636647,0.1010376581025481,1.0331012809233195,0.4004981292509733,0.7085516862951541,0.001430792206345,0.6109790032078951,0.401205105008072,shade_off,ok,8ce7b65c299cfa6e454f056dd2c97a4378be630c7d8d3c7f9c4aa88c8893b5bd,a7676adf7325bfb343f6c417192d290b066bce867e21167f03dea860d196b49e,0,8,0.3,3672,3285,1377,0.0,0.0,0.0,2.0,2.0,0,False,0.10893246187363835,0.10893246187363835,0.0,6.0,6.0,0,False,0,0,0,0.1089,6.0,29.548,0,False,86.0067,0.0,029da9df000457ef9f9f25f0cacd8df5598cba666a7062f187766dabc477a3ed,3.206
TMYx,detached,run_0239,stress16,8.966408949597819,7.177231125441284,2.4933678450716044,17.389312189459034,0.33924506984946,0.1909431656003543,0.2552562075773003,0.1590237503532047,0.8661594681833358,0.6951609206290856,0.8620318201574801,0.0106498566496832,0.1330127200193476,0.4051665189182183,shade_off,ok,7dea67ce78d570995b4fcb2816ef51454bc5dd22ba3584eae958f066b6086422,a7676adf7325bfb343f6c417192d290b066bce867e21167f03dea860d196b49e,0,8,0.3,3672,3285,1377,1.715686274509804,1.715686274509804,0.0,30.0,30.0,0,False,2.9139433551198257,2.9139433551198257,0.0,41.0,41.0,9,True,62,273,211,2.9139,41.0,33.272,9,True,71.8117,0.0,5f69690c19b1492cac74c0c05b2a1b4f2f3b5c44dc019ba6ffc81641f59f8b24,3.577
TMYx,detached,run_0241,stress16,8.986985502735077,6.370726990713231,2.8262969611987976,288.55522855132386,0.3577817612158999,0.1857466310998697,0.1900534041160908,0.1183127038015254,1.180262981894609,0.5586107918959073,0.4841391966636397,0.0026352311391234,0.7606078576767147,0.3295277351670737,shade_off,ok,2ba32b1aa1bd10322c0b4ec8c0d879875fe097e6d9b3eef17ac9e63248ab054d,a7676adf7325bfb343f6c417192d290b066bce867e21167f03dea860d196b49e,0,8,0.3,3672,3285,1377,1.0348583877995643,1.0348583877995643,0.0,21.0,21.0,0,False,1.7973856209150325,1.7973856209150325,0.0,29.0,29.0,2,True,12,54,42,1.7974,29.0,32.423,2,True,711.6981,0.0,040de7f07b85722e9652389f52cb0164848c5aafe5074d091a1655b6e2a54566,3.438
TMYx,detached,run_0298,random64,8.332008660398749,7.514114819729058,2.5770632840161176,32.65999947584161,0.3675082359468328,0.2612870512859359,0.1947062270800404,0.092184612395228,2.2327759245070897,0.4154681534695688,0.4491901728869033,0.0031863362642622,0.2918284207024562,0.3945965827764047,shade_off,ok,9f88fef81e2fd0ce4661aa601cae781292bbb72ae85c15d0be30459d7be76b8c,a7676adf7325bfb343f6c417192d290b066bce867e21167f03dea860d196b49e,0,8,0.3,3672,3285,1377,0.40849673202614384,0.40849673202614384,0.0,11.0,11.0,0,False,0.9803921568627451,0.9803921568627451,0.0,20.0,20.0,0,False,1,1,0,0.9804,20.0,31.407,0,False,121.9366,0.0,c686623301e00e702042d9a0e3a682357e5e580b160d2b196f4f4ed21d73e256,3.165
TMYx,detached,run_0302,random64,6.464886681198625,6.461232658039725,2.595607139740693,200.15410369855252,0.1048401522366748,0.0500529154312022,0.2464765860508568,0.138708672410398,1.0994929560158817,0.5957829612933677,0.6712389000184744,0.0114188958123249,0.5764259455075901,0.8590859386058312,shade_off,ok,eca081f6468f20bb5e8ec558e9158774151447946986cd2d1ec2e5fecd0bdf9d,a7676adf7325bfb343f6c417192d290b066bce867e21167f03dea860d196b49e,0,8,0.3,3672,3285,1377,0.0,0.0,0.0,3.0,3.0,0,False,0.1906318082788671,0.1906318082788671,0.0,8.0,8.0,0,False,1,1,0,0.1906,8.0,29.85,0,False,63.0934,0.0,311b97b7fd47989dbde877bedfe2eac3f93ee36737efede1f87c778f212d16ec,3.12
TMYx,detached,run_0421,random64,7.259944904757417,9.95766854175178,2.9168650187863294,194.2486599421907,0.3312206235671143,0.0946711362366577,0.2923395976811948,0.0428674051588782,2.175209421544923,0.3660505438690433,0.3166605386628426,0.005912152362126,0.7213775997545232,0.4076882356228147,shade_off,ok,9dcd8b0fe03abbaf1f62b6e82cc656bebb6fec20c365c9184a04498940ee26e4,a7676adf7325bfb343f6c417192d290b066bce867e21167f03dea860d196b49e,0,8,0.3,3672,3285,1377,0.1906318082788671,0.1906318082788671,0.0,9.0,9.0,0,False,0.5718954248366013,0.5718954248366013,0.0,16.0,16.0,0,False,0,0,0,0.5719,16.0,30.936,0,False,196.6205,0.0,7a348225e26383f8a5e469b3a248994b36a58543226dd052a7bde2911381b411,3.046
TMYx,detached,run_0456,random64,7.235653346407408,11.709367776516928,2.5247172842449146,164.85689193046983,0.316903563356449,0.2724207622108091,0.0275777940548623,0.1306855280144903,4.841830387386058,0.3607166626987048,0.7357196636648353,0.0087398255812502,0.7615723805690275,0.6784222436994939,shade_off,ok,5d636a1309c94a137c111e995426ab366e2fc06b884b1f54d44b24cb790ea3e2,a7676adf7325bfb343f6c417192d290b066bce867e21167f03dea860d196b49e,0,8,0.3,3672,3285,1377,0.10893246187363835,0.10893246187363835,0.0,8.0,8.0,0,False,0.5174291938997821,0.5174291938997821,0.0,16.0,16.0,0,False,1,1,0,0.5174,16.0,30.969,0,False,106.8173,0.0,d9efaf96a65de94be703c6bdde75da7d584dd0c0685a2bbfe450395198f6ea95,3.127
TMYx,detached,run_0492,stress16,8.550782772522515,11.776115421222215,2.699213296519177,334.2020798495306,0.3999904372395374,0.0206995492983702,0.0607249068429463,0.0682232294671505,1.1214548050257498,0.6419965380885064,0.7204194426782291,0.0073087888941234,0.247223981405377,0.2972364509554138,shade_off,ok,01d4d33ab6bd562eaa2a9340bd6d1a53c78ab6c0c7e4a4f1e53f341ead3f6688,a7676adf7325bfb343f6c417192d290b066bce867e21167f03dea860d196b49e,0,8,0.3,3672,3285,1377,1.4161220043572984,1.4161220043572984,0.0,29.0,29.0,0,False,2.0969498910675384,2.0969498910675384,0.0,39.0,39.0,6,True,27,29,2,2.0969,39.0,33.145,6,True,136.8769,0.0,37f27304f1af0cdbcc3396cff6d3062ff8fa01780ad1595cd2cd15f03f1dd8d9,3.42
TMYx,detached,run_0499,random64,7.858804507830091,10.349836369453136,2.532898445475049,95.20960247737294,0.2105308086928702,0.2661776403887546,0.202952619776223,0.042630729895842,4.479626527348435,0.5735404220619731,0.7008795170704228,0.0036983473818156,0.1567476492121556,0.6596289751233395,shade_off,ok,73a9d00003311b73dd77d6640224690f161a8cf32ab12003f934e3c58d301c48,a7676adf7325bfb343f6c417192d290b066bce867e21167f03dea860d196b49e,0,8,0.3,3672,3285,1377,0.08169934640522876,0.08169934640522876,0.0,5.0,5.0,0,False,0.7080610021786492,0.7080610021786492,0.0,14.0,14.0,0,False,2,2,0,0.7081,14.0,30.706,0,False,32.1802,0.0,3cdc857b55b728a7c1eea6c316ac0140bb58d3d7ab47e3968cf812c4b652880d,3.141
TMYx,detached,run_0500,random64,9.82451369711319,10.845295277018504,2.7073204009582628,108.9848566026068,0.2404164756163604,0.2191691030494161,0.3170431197618952,0.1101248845957577,4.246097291116642,0.3146179268775989,0.8846779164318552,0.002952629013426,0.3985480745890861,0.6671409251817507,shade_off,ok,087260b1f94259b4130c13ef14749ab0d17225b4d528775e4951ee1f5ccc91c5,a7676adf7325bfb343f6c417192d290b066bce867e21167f03dea860d196b49e,0,8,0.3,3672,3285,1377,0.0,0.0,0.0,2.0,2.0,0,False,0.13616557734204793,0.13616557734204793,0.0,9.0,9.0,0,False,0,0,0,0.1362,9.0,29.772,0,False,45.5435,0.0,a9132ad8ecc50715d03819894a2a8f85d04ecf4228d39f8ec25974521c066c16,3.215
TMYx,detached,run_0628,stress16,9.72733840356107,7.8427669792229615,2.5924321527735392,359.8933269015914,0.3529783862372112,0.0761779621335445,0.3273904561993191,0.0824461595128538,3.4708268892998255,0.3251799736172571,0.3503616556392233,0.0015213312741712,0.7206263247604744,0.7182250817689112,shade_off,ok,6efee0727a46f12ef6d59be370309a62850f811ff9ef2bd5a0b5a95134fb75ed,a7676adf7325bfb343f6c417192d290b066bce867e21167f03dea860d196b49e,0,8,0.3,3672,3285,1377,0.054466230936819175,0.054466230936819175,0.0,4.0,4.0,0,False,0.27233115468409586,0.27233115468409586,0.0,11.0,11.0,0,False,0,0,0,0.2723,11.0,30.179,0,False,95.3807,0.0,7eca72807426a635567dde7569f40a1b8a467e9c455714a5feef53f61c000063,3.169
TMYx,detached,run_0745,random64,9.403992115334937,8.48512079989969,2.7038151450428907,145.5310132662222,0.2567053419094268,0.2898505421920269,0.0488499881238593,0.1014932783378585,1.1571722700731573,0.4833947498367663,0.8213087990653432,0.008725404304492,0.7657037313194129,0.8876906018863312,shade_off,ok,4965b6afe405cc2ee230425f4b7b3756f0bbc4d583e2b784007a416b012bf72d,a7676adf7325bfb343f6c417192d290b066bce867e21167f03dea860d196b49e,0,8,0.3,3672,3285,1377,0.08169934640522876,0.08169934640522876,0.0,5.0,5.0,0,False,0.4629629629629629,0.4629629629629629,0.0,15.0,15.0,0,False,1,1,0,0.463,15.0,30.834,0,False,196.8005,0.0,9abbe76d558a5fecfff9aacacf7d508c5363ee59f4ca682c84483db71cb83503,3.216
TMYx,detached,run_0768,stress16,6.634637881940697,11.603463379949876,2.9452065682690702,7.656125949492523,0.3673240508605883,0.0703946751822334,0.0882239068606324,0.0721394554328508,0.8794108960838816,0.6853284584119119,0.8495356125752638,0.0109339718263157,0.2996274968959122,0.0483529411528591,shade_off,ok,0deb3d9b49c6d6fa3a5d75e9b80f278d1b2a3122973d1085b096e69791f1d37e,a7676adf7325bfb343f6c417192d290b066bce867e21167f03dea860d196b49e,0,8,0.3,3672,3285,1377,1.906318082788671,1.906318082788671,0.0,33.0,33.0,3,True,3.159041394335512,3.159041394335512,0.0,43.0,43.0,14,True,46,102,56,3.159,43.0,33.851,14,True,243.4158,0.0,dc020a30d469467c4e348a1211bd965ab24b20f82cbcac234320d0f65d25d570,3.689
TMYx,detached,run_0785,random64,8.940781628092497,8.940854789499578,2.71333172432655,21.027453984889203,0.3107729422642821,0.2659499439488594,0.1570556761118805,0.0362424341838409,3.092059615457477,0.5972727377148599,0.3537591526886088,0.010305774523266,0.4150422534097331,0.1795157167910107,shade_off,ok,37dd0cfb4b33945f67fe2ba80fac03a52dbc5d70a804c029e375a69ac5ce3c19,a7676adf7325bfb343f6c417192d290b066bce867e21167f03dea860d196b49e,0,8,0.3,3672,3285,1377,0.49019607843137253,0.49019607843137253,0.0,15.0,15.0,0,False,1.1437908496732025,1.1437908496732025,0.0,24.0,24.0,0,False,1,1,0,1.1438,24.0,31.733,0,False,142.8854,0.0,211932d61d6586c71144fc578aaab73117e5148cbffef16898c1667074acef63,3.19
TMYx,detached,run_0788,random64,8.782009887322488,9.886407966385462,2.689241045237277,165.79600971047623,0.1806222296930827,0.0350189214807997,0.2624851560323494,0.0761344647472262,0.8504742135136384,0.5569179194726575,0.8553784108853641,0.0092759304403749,0.5281861664355341,0.2100976052058908,shade_off,ok,7c409c46dd5a4b0f2c0df5be0337070dc66afe5d12fbb5517a5b2e0f6bcf8441,a7676adf7325bfb343f6c417192d290b066bce867e21167f03dea860d196b49e,0,8,0.3,3672,3285,1377,0.08169934640522876,0.08169934640522876,0.0,5.0,5.0,0,False,0.5446623093681917,0.5446623093681917,0.0,15.0,15.0,0,False,2,2,0,0.5447,15.0,30.566,0,False,86.0873,0.0,aac2d6d1790a9842dbe0143f61e66625dfb898a62b911e663eb0a2bf87e56f82,3.169
TMYx,detached,run_0821,random64,8.168610103195812,6.295910082319626,2.44919521726831,83.16215592635217,0.1633699932395152,0.2793528873688088,0.3075031868920546,0.1071356027635634,4.694512503188105,0.3195967627738837,0.4662343120140395,0.0025933405746935,0.4004795609820039,0.9249981780019016,shade_off,ok,bca58431de3e36ff14dd1b07af8e92ac394b323121994e0b56685c9ff5523f31,a7676adf7325bfb343f6c417192d290b066bce867e21167f03dea860d196b49e,0,8,0.3,3672,3285,1377,0.0,0.0,0.0,2.0,2.0,0,False,0.08169934640522876,0.08169934640522876,0.0,5.0,5.0,0,False,0,0,0,0.0817,5.0,29.367,0,False,43.7865,0.0,1d96ba354777bff16f89e02e10b4c2bea613a8bc518922aa74ac4fb2bdca27b7,3.117
TMYx,detached,run_0833,random64,6.881397296298271,10.882836593895547,2.866583637518168,115.0820265960748,0.2101446861231999,0.1571910951166595,0.0991883520257245,0.1038913954908974,2.054872833294584,0.31784047548047,0.3619575529089111,0.0100872283500496,0.3785981589568508,0.1448921445221051,shade_off,ok,63d1a36a0ce1b3246599f0a3494c0426209083ab7a3fe95c363738871c250ad3,a7676adf7325bfb343f6c417192d290b066bce867e21167f03dea860d196b49e,0,8,0.3,3672,3285,1377,0.0,0.0,0.0,4.0,4.0,0,False,0.1906318082788671,0.1906318082788671,0.0,9.0,9.0,0,False,0,0,0,0.1906,9.0,29.858,0,False,52.3227,0.0,629e8f0a5cf7913f69dd4ea9cf36a137c0880d170f417b4f90bc720243a09eac,3.076
TMYx,detached,run_0841,random64,8.367547204965499,7.256923551190713,2.9918995286847547,209.09780783784907,0.2412457505801208,0.2385274524029789,0.0999052231342154,0.0327496438192871,4.272186592040046,0.5573251812470255,0.5047083796199578,0.0034639552327845,0.6468288498143069,0.6883388060301502,shade_off,ok,43dfce0599da6ba286068f15af2fb84926684701f430a3c4565acddb35653e0e,a7676adf7325bfb343f6c417192d290b066bce867e21167f03dea860d196b49e,0,8,0.3,3672,3285,1377,0.24509803921568626,0.24509803921568626,0.0,11.0,11.0,0,False,0.7352941176470588,0.7352941176470588,0.0,19.0,19.0,0,False,1,1,0,0.7353,19.0,31.192,0,False,138.4559,0.0,c4c91989ad1a12a0c30bf736b50911ee2d4aa818a0e8c12daea544289de2840d,3.033
TMYx,detached,run_0844,random64,8.746712419323499,8.255288205551997,2.8301858731668736,119.6183960439886,0.1994819192503905,0.27254785547391,0.0411225287078061,0.1609877938402135,1.483139363161183,0.3044285647779056,0.8800589857851471,0.0064660006290998,0.7491636968151721,0.9819550749784538,shade_off,ok,90f92d270c75d22d7b0c80962fdc6c4129170b15aa9c577bb0c3a5d39bb83cd4,a7676adf7325bfb343f6c417192d290b066bce867e21167f03dea860d196b49e,0,8,0.3,3672,3285,1377,0.0,0.0,0.0,3.0,3.0,0,False,0.16339869281045752,0.16339869281045752,0.0,9.0,9.0,0,False,1,1,0,0.1634,9.0,30.036,0,False,86.8093,0.0,a9337f35b9edd11e5755258c7cd8dc13dcd6959a4994ace6b9e9a10c023b9562,3.209
TMYx,detached,run_0887,random64,9.484724765067508,11.174464591770498,2.414911442203662,229.80644996404757,0.2796275305540545,0.0758284244041909,0.2896741830836959,0.1751072335090888,1.6995338270119895,0.3107776781053267,0.4257006634020504,0.0114970329370951,0.491908950611397,0.9890734482016346,shade_off,ok,c711429b1590314bcd39455c3eb39bd32bb6d356c49c0b17b6a618054877906f,a7676adf7325bfb343f6c417192d290b066bce867e21167f03dea860d196b49e,0,8,0.3,3672,3285,1377,0.0,0.0,0.0,2.0,2.0,0,False,0.08169934640522876,0.08169934640522876,0.0,5.0,5.0,0,False,0,0,0,0.0817,5.0,29.593,0,False,57.4236,0.0,c4d8b089086c98ed5e629afac86b82f7a3608c274546425113650b53abcff91c,3.185
TMYx,detached,run_1025,stress16,6.001988515451892,8.013747343359917,2.712128069948224,187.7230485160186,0.3988100711297681,0.0143824485162627,0.2716513893534522,0.0592134160641791,2.773734982619098,0.4008863300303726,0.4244523072802022,0.0086936739506271,0.2466612679915689,0.5322139386093038,shade_off,ok,76273853b4e0f0e00d8a0e74f2a722b7a6e5619deb28fee75e49133a42c51fa6,a7676adf7325bfb343f6c417192d290b066bce867e21167f03dea860d196b49e,0,8,0.3,3672,3285,1377,0.4357298474945534,0.4357298474945534,0.0,12.0,12.0,0,False,1.0076252723311547,1.0076252723311547,0.0,20.0,20.0,0,False,1,1,0,1.0076,20.0,31.488,0,False,121.9459,0.0,2f3443292baa0002e1c7aa900d14f75ade7b22ed52069fe2aa7dd904b6af2a96,3.14
TMYx,detached,run_1083,random64,8.454517480509306,7.606900202320765,2.5501477925335045,241.34481889977465,0.2891208841498976,0.1515706845674109,0.1605073890215713,0.1607015551309144,1.101558526110067,0.2140821822715956,0.8767854811568954,0.0117808467129899,0.4181305553407746,0.979553351344094,shade_off,ok,fe3d9e299859f4847f770e668131e9e17c6a1cc0ecbc21036549b006342e37af,a7676adf7325bfb343f6c417192d290b066bce867e21167f03dea860d196b49e,0,8,0.3,3672,3285,1377,0.0,0.0,0.0,3.0,3.0,0,False,0.10893246187363835,0.10893246187363835,0.0,6.0,6.0,0,False,0,0,0,0.1089,6.0,29.686,0,False,70.1408,0.0,fe070e69048f93ef99a2b3103dcfb7ebc1109abc2cad3e1437339a3b52101b7a,3.179
TMYx,detached,run_1093,random64,8.002380628505447,10.166259736812894,2.8796333119979427,171.23898423952662,0.100090185215434,0.0543938555226989,0.0270087812313298,0.0755226196018769,1.8235443611211988,0.386033384594613,0.8407906551118343,0.0050274494110316,0.354654458456868,0.9837284633011107,shade_off,ok,2f7241bcf83629a8ab880c0be49734cf4c916d79112f538207ec27dc0dcaac92,a7676adf7325bfb343f6c417192d290b066bce867e21167f03dea860d196b49e,0,8,0.3,3672,3285,1377,0.0,0.0,0.0,0.0,0.0,0,False,0.2178649237472767,0.2178649237472767,0.0,11.0,11.0,0,False,5,5,0,0.2179,11.0,29.986,0,False,48.767,0.0,2295aeaad516b0e5850d979a00492e08ddb07c87bd40fc027254c70508b43c1c,3.096
TMYx,detached,run_1130,random64,9.188456848978468,11.639043127509634,2.559744911138821,29.410840417817724,0.1117948532135704,0.2858457406091068,0.2595794543528447,0.1999165833637279,1.1743911222239498,0.471472375004214,0.5367601190449024,0.0117616437190273,0.2970725510522888,0.433698314360111,shade_off,ok,1a179c0c4d81bf935e08f58fd1100eca3b94c6edc462af500fb268e85d230e65,a7676adf7325bfb343f6c417192d290b066bce867e21167f03dea860d196b49e,0,8,0.3,3672,3285,1377,0.0,0.0,0.0,0.0,0.0,0,False,0.0,0.0,0.0,4.0,4.0,0,False,1,1,0,0.0,4.0,29.361,0,False,16.5369,0.0,3490329df52edc69c761be9716ae07c76d2a5e798e33eef02eb30c404a79fe00,3.264
TMYx,detached,run_1192,random64,6.574979979831511,11.394826702694091,2.6678524442714378,83.01673689334608,0.3565625542057532,0.2467632876240327,0.0518339126921443,0.087289463380345,1.2028290993735582,0.4784511509089152,0.6693643480800702,0.0064013535611167,0.4547676125272111,0.8704605859623464,shade_off,ok,15f1b06ba910000e0ca95e50c0a310c9644900597d8ef24e234144ae779bc1f8,a7676adf7325bfb343f6c417192d290b066bce867e21167f03dea860d196b49e,0,8,0.3,3672,3285,1377,0.2178649237472767,0.2178649237472767,0.0,7.0,7.0,0,False,0.6535947712418301,0.6535947712418301,0.0,17.0,17.0,0,False,1,1,0,0.6536,17.0,30.899,0,False,208.5283,0.0,e4202a17b69c0e2eb03ca8ca3c30d6a7d33993d2f315cf35e1abe3373af6088f,3.241
TMYx,detached,run_1197,random64,9.55307660622851,10.935446202367611,2.651431698797591,89.14333515226049,0.2043520540065082,0.2592494770209894,0.0576746329066228,0.0781157588360924,2.1857332563991227,0.2060785959940542,0.5149724560393532,0.0076651831377733,0.6733006645411621,0.4720333855727691,shade_off,ok,44b97cd3754381dcb27e666bc1b5e053f6e8798a0a171ce7c046d629d150bad0,a7676adf7325bfb343f6c417192d290b066bce867e21167f03dea860d196b49e,0,8,0.3,3672,3285,1377,0.0,0.0,0.0,0.0,0.0,0,False,0.054466230936819175,0.054466230936819175,0.0,4.0,4.0,0,False,0,0,0,0.0545,4.0,29.27,0,False,43.1913,0.0,bd8278d2a422e59d5c9135560e3a3f88b11264f563a10375bf9ed4f85ab9d793,3.108
TMYx,detached,run_1199,stress16,8.893313295309667,6.752916196560016,2.775376919971335,90.13627347871588,0.1083033134047148,0.1785539237225437,0.0601924888116002,0.0886989224971885,1.0127404186376616,0.4736069389205135,0.8365327423703692,0.0052546015723922,0.7998494879171348,0.7537545170074853,shade_off,ok,b80bfdcd75fd94d6a67a00cc2c20be15079e236f4b2364bce67a40509a1be559,a7676adf7325bfb343f6c417192d290b066bce867e21167f03dea860d196b49e,0,8,0.3,3672,3285,1377,0.0,0.0,0.0,3.0,3.0,0,False,0.13616557734204793,0.13616557734204793,0.0,9.0,9.0,0,False,1,1,0,0.1362,9.0,29.879,0,False,69.0271,0.0,b22dea87c924d5fab1f580bceb04faeecb8a70a1298ce7414ad422883369003c,3.199
TMYx,detached,run_1207,random64,9.168130791502008,9.004696072729846,2.8115599835956373,142.9180739985565,0.1284202723692254,0.1867752178704292,0.3348439656423181,0.1317711005700411,2.4118781979192816,0.4565266167997619,0.610364497850469,0.004851525079017,0.1978381158264388,0.9603135205592784,shade_off,ok,5aa95b5c00fc83c19e79127f434a64f2641ac34a90a2bf06531dcf59a7587d17,a7676adf7325bfb343f6c417192d290b066bce867e21167f03dea860d196b49e,0,8,0.3,3672,3285,1377,0.0,0.0,0.0,0.0,0.0,0,False,0.08169934640522876,0.08169934640522876,0.0,5.0,5.0,0,False,1,1,0,0.0817,5.0,29.458,0,False,19.1878,0.0,b0296da17d27aabb15302ae6b14601dad0091dfb69d5722794821bc83ce785fe,3.15
TMYx,detached,run_1209,random64,8.118074804521358,11.978193458414612,2.9036564697751355,244.9524063171716,0.3754156589993933,0.1220701597070463,0.1432447265725567,0.0531746170798,1.5295117539422654,0.5948510668405462,0.606964077683358,0.0056553556870505,0.480152133711234,0.6399576848879639,shade_off,ok,dda4e565cdf9614307a99766c11dcf597530b389b6328fb924f7591a97cc3457,a7676adf7325bfb343f6c417192d290b066bce867e21167f03dea860d196b49e,0,8,0.3,3672,3285,1377,0.5174291938997821,0.5174291938997821,0.0,14.0,14.0,0,False,1.252723311546841,1.252723311546841,0.0,24.0,24.0,0,False,3,6,3,1.2527,24.0,31.887,0,False,278.3567,0.0,0ad8d8c214a99049191f5e4bb3a1700cb1040a88c9a51082aba1ee5cc81814cb,3.242
TMYx,detached,run_1214,stress16,7.588108618860515,7.752734140780623,2.826539668699661,130.3981801828211,0.3484607578703986,0.1342467316483606,0.1687813557233073,0.1611491128809359,1.000533177193956,0.6979521394451516,0.3042607275737717,0.007184911846836,0.7742265557708546,0.5938512492331808,shade_off,ok,1029b3bcba2ec25c30e526a5c90f3e5d67e0457b49ce36204f786234c22d6e97,a7676adf7325bfb343f6c417192d290b066bce867e21167f03dea860d196b49e,0,8,0.3,3672,3285,1377,1.2254901960784315,1.2254901960784315,0.0,24.0,24.0,0,False,2.1241830065359477,2.1241830065359477,0.0,30.0,30.0,2,True,19,81,62,2.1242,30.0,32.692,2,True,762.2889,0.0,ef06330b0e01d5f99cf4baca11d05c33651933b0edb9410349b185ef6335ada3,3.561
TMYx,detached,run_1248,random64,9.06874655668104,6.39714339888123,2.4388587665273502,227.04203511645017,0.300438463458426,0.1826052445691555,0.3125340008743582,0.017922370396233,1.828155892567156,0.634732281708217,0.5900520904862452,0.0086471631277632,0.744025489137654,0.0859871297257144,shade_off,ok,16e05a0481088fd68a99b2d2d71bfb9bd846440d047b1cdb14d898223afa0bbd,a7676adf7325bfb343f6c417192d290b066bce867e21167f03dea860d196b49e,0,8,0.3,3672,3285,1377,0.5991285403050108,0.5991285403050108,0.0,18.0,18.0,0,False,1.3616557734204793,1.3616557734204793,0.0,27.0,27.0,0,False,7,26,19,1.3617,27.0,32.061,0,False,426.4053,0.0,3727612126752536ff0f3e4e67371a51c5493f1954d0ea381eaf9079b1d059e7,3.284
TMYx,detached,run_1268,random64,8.672107632349496,6.077241426467557,2.800377196115221,248.79991969356283,0.3247953487491061,0.0219064414200164,0.0826480006959761,0.1562970222400376,2.814679622664271,0.6718729366355661,0.6906200825760328,0.0011846727722075,0.1220025434097146,0.2148351272313768,shade_off,ok,9fd120bdfdd5fb1490ebe862e549bdeed5eeb263a42111aaabd1478eb7c761ab,a7676adf7325bfb343f6c417192d290b066bce867e21167f03dea860d196b49e,0,8,0.3,3672,3285,1377,1.9335511982570806,1.9335511982570806,0.0,32.0,32.0,3,True,2.505446623093682,2.505446623093682,0.0,41.0,41.0,10,True,25,25,0,2.5054,41.0,33.491,10,True,86.5447,0.0,992f827a0db1498e24258465e87b64d9e268433541c9876fe95f952c05f17c36,3.224
TMYx,detached,run_1274,random64,6.241960005906613,10.399629191334888,2.8831521889224567,182.0303542420824,0.3893387920102038,0.2765961269867158,0.2263723592999344,0.0811994462666564,1.6006253230049623,0.428158997554932,0.6483239736954343,0.0098985746010797,0.660318092457969,0.5707357570475454,shade_off,ok,2a048e25c65878ab7df7f39c529d3e24fe5b428db5f2a5bb11e8e39376ed411c,a7676adf7325bfb343f6c417192d290b066bce867e21167f03dea860d196b49e,0,8,0.3,3672,3285,1377,0.4357298474945534,0.4357298474945534,0.0,13.0,13.0,0,False,1.0620915032679739,1.0620915032679739,0.0,21.0,21.0,0,False,1,1,0,1.0621,21.0,31.688,0,False,421.0941,0.0,37138a1b6189f1fd132a9ef5de0c02c34e4d40d7690faebaf3fdad984b2845ed,3.305
TMYx,detached,run_1295,random64,9.700875846736846,11.393976617728896,2.625245447765509,15.055808046872396,0.1106551028886222,0.1052395899485283,0.0428257154219093,0.0339409350855904,4.282889671851096,0.2731703980561324,0.697609692323854,0.0071462703374351,0.7016648928179255,0.864958402476004,shade_off,ok,09dafad3e2958ae32352d8cada95f67b6cd4ef7011dfab05a9ecc7f8a51dd0bf,a7676adf7325bfb343f6c417192d290b066bce867e21167f03dea860d196b49e,0,8,0.3,3672,3285,1377,0.0,0.0,0.0,0.0,0.0,0,False,0.08169934640522876,0.08169934640522876,0.0,5.0,5.0,0,False,1,1,0,0.0817,5.0,29.347,0,False,42.2036,0.0,fee3497e90af55b50aebfc66b83c3a5c758e4755d66fb3a6f079c29653fc40f2,3.042
TMYx,detached,run_1311,random64,9.165362455102658,7.340987815898325,2.8133939339727108,305.0567196793675,0.1889324964091247,0.0323126599434309,0.1588020548110891,0.026092481744294,1.1716059785701818,0.6238515161870499,0.5930562544217899,0.0094844252584585,0.5560536106491164,0.7347389973183898,shade_off,ok,06dec61253cd0f816dad2f6bce31c1733a466232f63801c9135c991addf6748d,a7676adf7325bfb343f6c417192d290b066bce867e21167f03dea860d196b49e,0,8,0.3,3672,3285,1377,0.13616557734204793,0.13616557734204793,0.0,7.0,7.0,0,False,0.5446623093681917,0.5446623093681917,0.0,16.0,16.0,0,False,2,2,0,0.5447,16.0,30.818,0,False,105.5224,0.0,2edf92c5504f5c08b98d9b6af69f213ba17c5d76b4d05af456116c4a61b7a937,3.194
TMYx,detached,run_1388,random64,9.678814831103882,8.915890074047772,2.800541899467576,218.74280184445405,0.1098036268680505,0.2727958848646888,0.3439519392324434,0.136424623817726,2.406438737900367,0.2924614656342366,0.358399055620711,0.0107980260130701,0.4314042170048758,0.6522212139098633,shade_off,ok,8308bec77e0a752534b5bd1cfd2e9354582a77648e42b99fa34c21ce0f38eede,a7676adf7325bfb343f6c417192d290b066bce867e21167f03dea860d196b49e,0,8,0.3,3672,3285,1377,0.0,0.0,0.0,0.0,0.0,0,False,0.0,0.0,0.0,3.0,3.0,0,False,0,0,0,0.0,3.0,28.878,0,False,23.4531,0.0,7fceef25db5b814f3f873a3abc3a603fe62eab630a7bcd39026bf9b56c1ddb11,3.187
TMYx,detached,run_1391,random64,9.65754037174086,7.371418965081008,2.4723911477589064,245.60981709998856,0.1947631756497077,0.2039411843608119,0.1074218120281111,0.0162622533962714,4.722810987580656,0.4500350593640352,0.4151046102651455,0.0083872118280736,0.1148113999145338,0.1106668227864503,shade_off,ok,7a876089af538b08b827e0a7533e54772dd04375d794e21e8ef39e04fc07876b,a7676adf7325bfb343f6c417192d290b066bce867e21167f03dea860d196b49e,0,8,0.3,3672,3285,1377,0.08169934640522876,0.08169934640522876,0.0,5.0,5.0,0,False,0.6535947712418301,0.6535947712418301,0.0,14.0,14.0,0,False,3,3,0,0.6536,14.0,30.634,0,False,38.7637,0.0,b8ef3ba12ddf01aadff1657950e50dee502956e7541d77a567f1bf229740fa2f,3.084
TMYx,detached,run_1416,stress16,7.611423563474337,8.698251521688531,2.426406411760429,121.28644403903304,0.2515937716162215,0.0800541981528088,0.2307818781610998,0.0347059324643584,3.835273389438587,0.5544241075079898,0.5745584674183433,0.0058908240493479,0.1000232333706224,0.4592619165338935,shade_off,ok,c8c49de5431005b974c4f9e0ed5338cb1c587567783ae76ef6e677c7c53a47c2,a7676adf7325bfb343f6c417192d290b066bce867e21167f03dea860d196b49e,0,8,0.3,3672,3285,1377,0.40849673202614384,0.40849673202614384,0.0,13.0,13.0,0,False,1.2254901960784315,1.2254901960784315,0.0,21.0,21.0,0,False,8,8,0,1.2255,21.0,31.688,0,False,40.5612,0.0,80f2c18035bec5c946f2274a7316efd9def22cdadcfde332a39608738cdc1b8c,3.227
TMYx,detached,run_1434,random64,9.159539081356815,6.688059520298238,2.9750873857625546,146.8680349805886,0.109342487245402,0.2408929006163872,0.3256769736107116,0.1251180578113211,1.4006317331367033,0.4093604062094604,0.6924091355483194,0.0058060970619586,0.7515582151715556,0.0608321572405057,shade_off,ok,c1a4b6702784c9d9aca1de5747b627a9d5e109d1f9270c3bcec0e1bd7c9413e2,a7676adf7325bfb343f6c417192d290b066bce867e21167f03dea860d196b49e,0,8,0.3,3672,3285,1377,0.0,0.0,0.0,2.0,2.0,0,False,0.08169934640522876,0.08169934640522876,0.0,5.0,5.0,0,False,0,0,0,0.0817,5.0,29.519,0,False,72.2672,0.0,08780a8bce4d2b4339a0c559626abc66af700cf9089f4205a089bf5a4ddc235e,3.26
TMYx,detached,run_1476,random64,8.896156594940386,11.970459088733485,2.620502673500708,170.28638121673248,0.269002831698218,0.1073848132959912,0.2221615330765761,0.0858084946392574,2.270012833340684,0.6822472892294835,0.5392405542224693,0.0094663221482832,0.4521300487922157,0.0581779318396109,shade_off,ok,e8870efe86e8cafad093bfa9cd72060e902b6d2fc94ecc4bb1f9e0d8a9a37ceb,a7676adf7325bfb343f6c417192d290b066bce867e21167f03dea860d196b49e,0,8,0.3,3672,3285,1377,0.49019607843137253,0.49019607843137253,0.0,14.0,14.0,0,False,1.2254901960784315,1.2254901960784315,0.0,23.0,23.0,0,False,5,5,0,1.2255,23.0,31.569,0,False,135.8583,0.0,1ee6988f573c04676e1bceccff11ea2f7e0a79cb917955877315b6b8ccaea979,3.282
TMYx,detached,run_1497,random64,7.421317417293777,10.6593604485645,2.9548445771602987,261.1277326472027,0.2244213548236318,0.2418386953001862,0.2465311795559595,0.0147862579323263,2.8483385115597724,0.4803905389117479,0.4721117267540718,0.0077261404064099,0.4160685386235552,0.2127917230392205,shade_off,ok,d234329f5151b81a729d7a1f542fd6c7d62036551f28ab5f6178479bfa9747ba,a7676adf7325bfb343f6c417192d290b066bce867e21167f03dea860d196b49e,0,8,0.3,3672,3285,1377,0.08169934640522876,0.08169934640522876,0.0,6.0,6.0,0,False,0.40849673202614384,0.40849673202614384,0.0,14.0,14.0,0,False,1,1,0,0.4085,14.0,30.464,0,False,80.2103,0.0,4db045904f5be569a74d3f02e8c26fa378016a0ec3592aa06ca281971f7ec548,3.111
TMYx,detached,run_1506,stress16,6.2866920665226385,7.327960484063865,2.5822380381929033,189.673299274303,0.3538022528888858,0.2874668373726368,0.1967792742001886,0.1471820880565589,0.8240748358340548,0.6355675011074757,0.8989283259639178,0.0069614963780197,0.553966653681584,0.1297716817744924,shade_off,ok,040a84400704d9c80f79eddecbe3ac791b9d613e2057e6668893daad0308d64d,a7676adf7325bfb343f6c417192d290b066bce867e21167f03dea860d196b49e,0,8,0.3,3672,3285,1377,1.3071895424836601,1.3071895424836601,0.0,27.0,27.0,0,False,2.4782135076252723,2.4782135076252723,0.0,36.0,36.0,4,True,36,242,206,2.4782,36.0,32.856,4,True,633.4165,0.0,a623989ae70527c0388ff2e0ebd6bfb40ee61785f3cecc373dd68f3a573b255c,3.691
TMYx,detached,run_1521,stress16,9.012734726045109,9.28296620531424,2.915879467533671,0.136299530314857,0.3824926050117646,0.1021758966296917,0.2940879731173014,0.1904610869987471,1.664067808950167,0.4572585928006668,0.8515223334861499,0.0062513542391962,0.5638087322452537,0.6878542590040975,shade_off,ok,882253a92408fd5f9f72e3a8e5eadc14dca60ae6ee872c73a348630b8687e80e,a7676adf7325bfb343f6c417192d290b066bce867e21167f03dea860d196b49e,0,8,0.3,3672,3285,1377,0.2995642701525054,0.2995642701525054,0.0,11.0,11.0,0,False,0.9803921568627451,0.9803921568627451,0.0,20.0,20.0,0,False,1,1,0,0.9804,20.0,31.301,0,False,279.4504,0.0,3c09cd7855c938fee858b8df4a3a1819d234ce6ff7adf4b239f427c7286aee9d,3.457
TMYx,detached,run_1525,random64,6.457818039323073,8.809230062809032,2.562716674463898,49.7482730803186,0.2403944250818863,0.2846260247543987,0.3217419947342414,0.1387539273115936,1.7741620338632282,0.2609813408015647,0.5792514428957727,0.0024585619456096,0.2421969198902897,0.8231806734055043,shade_off,ok,5342471dd7dcee9e0df79f9d006a25d107cc115c0754aa5f73771aa8e8f22124,a7676adf7325bfb343f6c417192d290b066bce867e21167f03dea860d196b49e,0,8,0.3,3672,3285,1377,0.0,0.0,0.0,3.0,3.0,0,False,0.08169934640522876,0.08169934640522876,0.0,5.0,5.0,0,False,0,0,0,0.0817,5.0,29.557,0,False,42.6562,0.0,d1fcfc18ad6ea36968ab7a91c2d9fdbebcdadf3afae3b728777225a061600325,3.269
TMYx,detached,run_1560,random64,8.618546381821407,6.051034448405187,2.563634775254617,139.91787914607664,0.3728893152141903,0.0570155616799874,0.2154460301853953,0.1479278899395301,4.058721782989339,0.6659321263772808,0.7110283895432115,0.0073155256822709,0.1839498514363129,0.1617868224834594,shade_off,ok,5ac460cfd1f0954c3ac98916b5249b66a116d930f7aeee012db0adb0ec212f7c,a7676adf7325bfb343f6c417192d290b066bce867e21167f03dea860d196b49e,0,8,0.3,3672,3285,1377,1.824618736383442,1.824618736383442,0.0,31.0,31.0,3,True,2.4782135076252723,2.4782135076252723,0.0,40.0,40.0,8,True,11,11,0,2.4782,40.0,33.379,8,True,121.6845,0.0,bf3a3a992cddf96c1f0b8f26f002a95baa1f59843ee0213147d8a5ce4dee509c,3.315
TMYx,detached,run_1586,random64,7.747757047886595,11.109613081305676,2.9866762545648577,108.774751399816,0.1181454529476654,0.1724322000054217,0.293250208478728,0.0738549335860083,1.3729096971837715,0.6260524756906012,0.790159768280496,0.0036748512051892,0.4427272594461767,0.8603068835744438,shade_off,ok,86a25377ab9c05bc7d7d2655a440173cdd452fa9de23dd5ee0d037d8f187b440,a7676adf7325bfb343f6c417192d290b066bce867e21167f03dea860d196b49e,0,8,0.3,3672,3285,1377,0.0,0.0,0.0,2.0,2.0,0,False,0.13616557734204793,0.13616557734204793,0.0,6.0,6.0,0,False,1,1,0,0.1362,6.0,29.776,0,False,42.4764,0.0,e6927cf1cd712707fd629c1fa8426aef2331be5b5a929821073e67eaf9d76707,3.242
TMYx,detached,run_1590,random64,7.984975108428764,7.272084694858215,2.9967721614941327,16.420420319362826,0.374850431931708,0.2382439942207673,0.1776304878605744,0.1160904554759672,4.877151087201141,0.6916489142509208,0.5069503827545674,0.0011912769261439,0.3291501951241186,0.2604131781675038,shade_off,ok,f52417c4a0213cc0554b3a52e64c31109cad0f0f96283cfd5afb2e22ee0b9807,a7676adf7325bfb343f6c417192d290b066bce867e21167f03dea860d196b49e,0,8,0.3,3672,3285,1377,1.6067538126361656,1.6067538126361656,0.0,30.0,30.0,0,False,2.369281045751634,2.369281045751634,0.0,37.0,37.0,8,True,2,2,0,2.3693,37.0,33.281,8,True,214.5005,0.0,90028fc4f04a9c9b68ae5e2956ba1a17e68dc3c04d3215f85610499d13e3213a,3.559
TMYx,detached,run_1644,random64,6.39767913222991,11.797192158414513,2.8741057290164034,172.93019711264748,0.2443328744309624,0.252661328529406,0.2135477168394144,0.1397092179377648,1.093053406242568,0.5224268206844807,0.6239387086788434,0.0026953973078216,0.5019253197830181,0.9038595290358232,shade_off,ok,1a33ea826e72e4992c6a2e27346a0c554eaf870ca35879df183d8465fcbd521c,a7676adf7325bfb343f6c417192d290b066bce867e21167f03dea860d196b49e,0,8,0.3,3672,3285,1377,0.16339869281045752,0.16339869281045752,0.0,7.0,7.0,0,False,0.6263616557734205,0.6263616557734205,0.0,16.0,16.0,0,False,4,20,16,0.6264,16.0,30.949,0,False,192.064,0.0,b3a35320e451aea4c74d24b4e8f9618581df92fd7fb8af460399e7a92049eb6c,3.409
TMYx,detached,run_1646,random64,7.704557801580717,7.128280265544657,2.985540612715578,90.2906293972771,0.2105791800179474,0.0205307922429049,0.2339133981377427,0.0889463263478779,3.2049811873074887,0.2345347956220673,0.7570779081491665,0.0090267774481236,0.1607423062503069,0.6682748532100452,shade_off,ok,53f645ee6d56caa9b4606bb4bdc7612d840f9f28cff9e832a1f764840d751861,a7676adf7325bfb343f6c417192d290b066bce867e21167f03dea860d196b49e,0,8,0.3,3672,3285,1377,0.0,0.0,0.0,3.0,3.0,0,False,0.1906318082788671,0.1906318082788671,0.0,6.0,6.0,0,False,1,1,0,0.1906,6.0,29.739,0,False,81.5404,0.0,eb23616cdd94846db7c56c7400ec2192ea95cf0656d79613fa58c9f1dae904b2,3.072
TMYx,detached,run_1649,random64,9.736147602912038,10.293830928868562,2.662571832425947,261.8578276782381,0.3568398205583376,0.1736460837266733,0.0292153490257981,0.1395424927110858,3.027824367046392,0.3485365751342671,0.5736479117806575,0.0093034189208943,0.1802858271940285,0.2413181201408213,shade_off,ok,a51dfbb0a2c22fe2deed0ce453a4e7e5491653f20a89f08d20c8c1d5a704b1f3,a7676adf7325bfb343f6c417192d290b066bce867e21167f03dea860d196b49e,0,8,0.3,3672,3285,1377,0.2178649237472767,0.2178649237472767,0.0,8.0,8.0,0,False,0.5446623093681917,0.5446623093681917,0.0,18.0,18.0,0,False,1,1,0,0.5447,18.0,30.759,0,False,58.2431,0.0,50e51d2a5bb470e91d2c79409c719bd79251a14e5eadcd9ff8fa5cd13843d888,3.23
TMYx,detached,run_1739,random64,7.0067584701546775,7.896320285135133,2.607552142148133,280.19987496754726,0.1450303105282448,0.1623355493384067,0.0470016966853491,0.0487067994752944,4.395256339439079,0.3917146171940208,0.4653154678313737,0.0018438971710637,0.2816835467096806,0.9364410289315754,shade_off,ok,11da1744a3cec8b2eea5659b57444f679b533181e35490bcaa9c669fef40e518,a7676adf7325bfb343f6c417192d290b066bce867e21167f03dea860d196b49e,0,8,0.3,3672,3285,1377,0.0,0.0,0.0,0.0,0.0,0,False,0.08169934640522876,0.08169934640522876,0.0,5.0,5.0,0,False,0,0,0,0.0817,5.0,29.438,0,False,46.9781,0.0,6e3e5293aa042ffb4fcbb28022a10eb9fe45c5681e6f59eaf0aaf1f6d644cbbe,3.153
TMYx,detached,run_1746,random64,6.23256062077348,7.414538430795666,2.655653759263532,340.754870353403,0.13092892283432,0.2982663087100041,0.1605365316546335,0.0545709109003138,2.521385471538734,0.5672064169838165,0.8340818965891381,0.0087833495903115,0.3674619067684775,0.3091781887796459,shade_off,ok,e6e58c4b302c9d50be5c972e8081da91f185a365c68e83f4eb68acb62f5c3d40,a7676adf7325bfb343f6c417192d290b066bce867e21167f03dea860d196b49e,0,8,0.3,3672,3285,1377,0.054466230936819175,0.054466230936819175,0.0,5.0,5.0,0,False,0.3812636165577342,0.3812636165577342,0.0,11.0,11.0,0,False,1,1,0,0.3813,11.0,30.283,0,False,54.2488,0.0,2b5a4b39fda96e5d9e8bb9655406727525d6e3dca59936819f35936ce728f553,3.287
TMYx,detached,run_1748,random64,8.865043866167335,9.32232367224116,2.411805454746041,285.0228183144822,0.2601155219316617,0.0241020441173013,0.3259814484022454,0.0106359142239752,1.871163696480397,0.666161525830226,0.7796183023181407,0.0104967871326783,0.4218745196949143,0.1008415346970952,shade_off,ok,969e32367faeaba1cc1198ee8a5668a96949297286ba2e977748ac3ef5bc646a,a7676adf7325bfb343f6c417192d290b066bce867e21167f03dea860d196b49e,0,8,0.3,3672,3285,1377,0.2995642701525054,0.2995642701525054,0.0,11.0,11.0,0,False,1.0893246187363834,1.0893246187363834,0.0,22.0,22.0,0,False,5,5,0,1.0893,22.0,31.487,0,False,117.1366,0.0,fbf9a01ea27172670496201de1ab1d5590f0acdfb164c1b38e0bb2de18fb9a4a,3.31
TMYx,detached,run_1757,random64,8.689011587231436,9.670794600545737,2.8367080033490657,223.1820686943364,0.2790156756182473,0.233231484877794,0.2229056782795074,0.0219445143738869,2.4426468738886213,0.695436098987765,0.4138722842570862,0.0021376128078927,0.7624905536858017,0.3826218271406786,shade_off,ok,16019d0eede394a6d28427ab2e5e95d55910489b9d1f49b1dd334e3ff673cf5e,a7676adf7325bfb343f6c417192d290b066bce867e21167f03dea860d196b49e,0,8,0.3,3672,3285,1377,0.49019607843137253,0.49019607843137253,0.0,13.0,13.0,0,False,1.252723311546841,1.252723311546841,0.0,25.0,25.0,0,False,4,7,3,1.2527,25.0,31.894,0,False,330.9573,0.0,864b47b67e92bd00ab0e0d3a2c649e84b43c49a60ce6da90b613787513dae163,3.341
TMYx,detached,run_1759,random64,7.770853395902289,11.734651985798616,2.640716419960252,358.1951472874119,0.2392442626409085,0.0619317660019336,0.2680148272014561,0.0713851201696387,3.692960708429269,0.309230268935296,0.8284867367488444,0.0042700449738642,0.1941970618042965,0.3098326417434174,shade_off,ok,f70df2cac892583c8f15c1529bb1aaa4f1f38b393477c1467564d0197f1e5d74,a7676adf7325bfb343f6c417192d290b066bce867e21167f03dea860d196b49e,0,8,0.3,3672,3285,1377,0.0,0.0,0.0,4.0,4.0,0,False,0.32679738562091504,0.32679738562091504,0.0,11.0,11.0,0,False,1,1,0,0.3268,11.0,30.111,0,False,47.7365,0.0,66a0cb086d54b810ee306d614adb39c6971d33232daeb05f0d9213ad586804ef,3.226
TMYx,detached,run_1762,random64,9.10299394629691,6.779582727335279,2.989275662945607,119.36711299854213,0.2896453149172316,0.2698470947551495,0.1312331561461008,0.1120147306410807,3.947758679951738,0.3260696200660214,0.871151367818841,0.0024798400021639,0.4952905773332156,0.7995979321668514,shade_off,ok,666cf9034f47bd2a120f11b9ffc41eddfcd5bfb910b103c752e1e8137e5703ba,a7676adf7325bfb343f6c417192d290b066bce867e21167f03dea860d196b49e,0,8,0.3,3672,3285,1377,0.10893246187363835,0.10893246187363835,0.0,5.0,5.0,0,False,0.2995642701525054,0.2995642701525054,0.0,11.0,11.0,0,False,0,0,0,0.2996,11.0,30.574,0,False,93.2601,0.0,e8168ecc7da3b213f88cc9300324142b6b3f01f1b52cd72c1f478fcfdeee21cf,3.264
TMYx,detached,run_1801,stress16,6.00576001816857,7.013962111137016,2.7433188979982543,109.1497624166458,0.1602648638294917,0.1227865119203586,0.3499141985699189,0.1295636363487694,1.1038623265201388,0.6054454417845063,0.4641422082425226,0.0116755889462249,0.6213755463936661,0.0271509346069509,shade_off,ok,5aa6d94e10aa91f02f9de8e1cf702617835890d15a7f6fda39a002a0b2ee1ca5,a7676adf7325bfb343f6c417192d290b066bce867e21167f03dea860d196b49e,0,8,0.3,3672,3285,1377,0.24509803921568626,0.24509803921568626,0.0,9.0,9.0,0,False,0.6535947712418301,0.6535947712418301,0.0,16.0,16.0,0,False,1,1,0,0.6536,16.0,30.771,0,False,173.2642,0.0,0a5911d12392626c3e271c49a487c7e89ae5b5c9390453a2c40009e2d81d0e37,3.391
TMYx,detached,run_1809,random64,8.559445934201257,9.220111033851431,2.6174590371645094,260.51262344046665,0.1774145506572762,0.1237493562166303,0.3444827827829553,0.039503380978057,2.6965991092332593,0.3413065878960307,0.312273471145697,0.0096244804108213,0.5147813503211555,0.6028242920670521,shade_off,ok,d353590ba129ccd225dde3465cbe1e675a1378e6e2fef7cded43ad653add68f4,a7676adf7325bfb343f6c417192d290b066bce867e21167f03dea860d196b49e,0,8,0.3,3672,3285,1377,0.0,0.0,0.0,0.0,0.0,0,False,0.08169934640522876,0.08169934640522876,0.0,5.0,5.0,0,False,0,0,0,0.0817,5.0,29.427,0,False,46.3004,0.0,fb097869c1e149a8b3f38c262e0b9cda92c2afcc9b9d5855b07e282bfea02d0d,3.191
TMYx,detached,run_1813,random64,6.183853880457327,6.041757376136944,2.996197412195417,18.45093673997505,0.1269063653778326,0.2359317992988121,0.2993517751632163,0.0532381299634875,2.3671403541710943,0.2805814000617515,0.7751595903775934,0.0088623444481291,0.6776984175575665,0.513229652325849,shade_off,ok,6d454f025b090a5c3ecb5bea1ea4604803dcdf1048e389585ab34e4256cf4f06,a7676adf7325bfb343f6c417192d290b066bce867e21167f03dea860d196b49e,0,8,0.3,3672,3285,1377,0.0,0.0,0.0,2.0,2.0,0,False,0.054466230936819175,0.054466230936819175,0.0,4.0,4.0,0,False,0,0,0,0.0545,4.0,29.395,0,False,63.7665,0.0,a8daea72d162d0b59c60c4145b54569e9bcfa42d645b747945dcb838780fdc1a,3.322
TMYx,detached,run_1851,random64,9.203475309979774,8.126740176489259,2.515033518371454,173.65265235192354,0.3260689792526782,0.0885557723085899,0.2437944100102807,0.0742750911743195,4.731739904063382,0.5087623134456867,0.4327765286791063,0.0083422560500987,0.7721184990131026,0.1324354075633587,shade_off,ok,0b57ebc446c9a68576d33ba09a93f826b1e3e04c6c777e92a8cd4626ac24f9c6,a7676adf7325bfb343f6c417192d290b066bce867e21167f03dea860d196b49e,0,8,0.3,3672,3285,1377,0.40849673202614384,0.40849673202614384,0.0,12.0,12.0,0,False,0.9803921568627451,0.9803921568627451,0.0,21.0,21.0,0,False,1,1,0,0.9804,21.0,31.241,0,False,188.8785,0.0,7ca450163d598a9c9736d3af54134fee090b31bacf92d4fe153409d42a0c411a,3.211
TMYx,detached,run_1864,random64,6.678309111984476,9.701169101100144,2.688116929277827,134.80691493465332,0.2652985821920491,0.20779816880664,0.234577135985692,0.1895076859779048,3.2922132632933643,0.4267807981359379,0.7891846397409084,0.0070545148468507,0.4021872024899956,0.3813972683369584,shade_off,ok,155fcbbd8dbbe721d66138a79029c0ad3d1dfadf947f0185e9a9fa8e32f32ad7,a7676adf7325bfb343f6c417192d290b066bce867e21167f03dea860d196b49e,0,8,0.3,3672,3285,1377,0.1906318082788671,0.1906318082788671,0.0,9.0,9.0,0,False,0.5446623093681917,0.5446623093681917,0.0,15.0,15.0,0,False,1,1,0,0.5447,15.0,30.844,0,False,92.2287,0.0,f9b7ee408644fe698b49b8c8a5b038667931ff3a0c876d64e2bdd06f759d033f,3.36
TMYx,detached,run_1865,random64,8.82547862022751,9.753981614836256,2.7591122341658165,157.9041342237432,0.3438813786429799,0.2158546792043205,0.2138580906954928,0.0992738610007614,2.306245853937516,0.6386320518895993,0.8154346774417618,0.0093635246799744,0.2130728999901633,0.437296282659448,shade_off,ok,acf858a31ebba59ddb5f4c4b76f6fdfff1c1855acf88f941ba616b078a5e953d,a7676adf7325bfb343f6c417192d290b066bce867e21167f03dea860d196b49e,0,8,0.3,3672,3285,1377,1.0620915032679739,1.0620915032679739,0.0,19.0,19.0,0,False,1.770152505446623,1.770152505446623,0.0,30.0,30.0,2,True,12,15,3,1.7702,30.0,32.443,2,True,99.8444,0.0,109ee7780bb329d28b1af47a74a5104927b0b17a0c65ba175b33e0df72fa153e,3.496
TMYx,detached,run_1866,random64,6.074547528578014,10.39441441632774,2.9074407631648413,29.82417569741127,0.3735980910175824,0.056916595305462,0.2253344693331766,0.0278639344015534,3.486301963586633,0.5140651187186196,0.6700640003904912,0.006735074923467,0.6647864729323955,0.2008978179182478,shade_off,ok,e11806dd718633bba897fa9bf215e94a9bd8a67ee6674e2a3b4a4abc84fa3637,a7676adf7325bfb343f6c417192d290b066bce867e21167f03dea860d196b49e,0,8,0.3,3672,3285,1377,0.6808278867102396,0.6808278867102396,0.0,19.0,19.0,0,False,1.3344226579520697,1.3344226579520697,0.0,26.0,26.0,2,True,1,1,0,1.3344,26.0,32.289,2,True,304.8728,0.0,95090c0d5a8669ecd93552c6f08c87aebd3ad568fd63c0ea43b0e3f1d9157035,3.236
TMYx,detached,run_1911,random64,9.625788696509844,8.99756568811846,2.6870274763916577,51.13562564563569,0.1036336243021498,0.2691032643035131,0.2909092323704428,0.0553225405296898,0.9451537467761352,0.213096661780196,0.6746484122958563,0.0027892586699717,0.3857168502796336,0.6987056326408935,shade_off,ok,f559833cd5418baa9e5a97000d08a54f4d00009f6d4b4b48f90399aa82c7232d,a7676adf7325bfb343f6c417192d290b066bce867e21167f03dea860d196b49e,0,8,0.3,3672,3285,1377,0.0,0.0,0.0,0.0,0.0,0,False,0.0,0.0,0.0,0.0,0.0,0,False,0,0,0,0.0,0.0,28.656,0,False,19.1298,0.0,63c6202e6fcdea606c27d46ded8e2dc73c9a547f089a8a9a319b0d851c83e19e,3.36
TMYx,detached,run_1941,stress16,8.513957236747029,6.406912918790103,2.9573824657987817,227.30992581477113,0.3814391502066491,0.1130363137032005,0.3436613789388585,0.0360638430621394,3.8372150666790352,0.6925245091293201,0.8339536192169092,0.0057582855884426,0.5537019522177968,0.4107181886048088,shade_off,ok,af6287caee63b9fbdd48a1ae9332082d54a5712b4cd25fbaf47277004240a240,a7676adf7325bfb343f6c417192d290b066bce867e21167f03dea860d196b49e,0,8,0.3,3672,3285,1377,1.443355119825708,1.443355119825708,0.0,26.0,26.0,0,False,2.342047930283224,2.342047930283224,0.0,36.0,36.0,7,True,2,2,0,2.342,36.0,33.294,7,True,389.936,0.0,6d97892391da54d20bc514c3a7fa3b056c9223ca85f754f228a992e4e554bc13,3.356
TMYx,detached,run_1952,random64,6.90071229300299,6.937283565323205,2.560373385344838,346.0353191567952,0.2877198939545087,0.2888430195687625,0.1275638899296872,0.0713325995335073,4.595601180263259,0.2098584867753312,0.4525467845450036,0.0051246806394883,0.2908505919263405,0.91113436469536,shade_off,ok,95ee81e16847af61e67a1b6990800883da93f6537feee1b0069533738e796a1d,a7676adf7325bfb343f6c417192d290b066bce867e21167f03dea860d196b49e,0,8,0.3,3672,3285,1377,0.0,0.0,0.0,3.0,3.0,0,False,0.10893246187363835,0.10893246187363835,0.0,6.0,6.0,0,False,0,0,0,0.1089,6.0,29.657,0,False,69.8723,0.0,8d4d42d7e5f7d9667d91f68bbbcacc542a692f6e2ea1ffdf9c220212823131bc,3.173
TMYx,semi,run_0000,stress16,8.290452087902889,9.418683364680744,2.7012424206240264,22.194473754769316,0.1796358733978168,0.0781535347590126,0.0281263147984265,0.1023603238909987,3.7187309613713815,0.2848874035155261,0.8851887605927302,0.0041794027925613,0.4679746472079719,0.7780886191933646,shade_off,ok,38b1629baa31fb1dfdfc4d95da410ad72d37f48ba4dded95224746bcd09fc229,a7676adf7325bfb343f6c417192d290b066bce867e21167f03dea860d196b49e,0,8,0.3,3672,3285,1377,0.0,0.0,0.0,0.0,0.0,0,False,0.1906318082788671,0.1906318082788671,0.0,10.0,10.0,0,False,2,2,0,0.1906,10.0,29.964,0,False,48.2852,0.0,aa61b3abc8eddfc308f2bc53541a2ad310390204c10233155cfa6c79f097e35c,3.254
TMYx,semi,run_0015,random64,7.108611475128714,6.493256650172337,2.557740067304502,196.7752575852872,0.3508426889305577,0.0691978473194322,0.1775662031153719,0.1504932433886532,1.1382521186428864,0.3634006054515437,0.3251097153924657,0.0053423127877505,0.7756179975255327,0.2215221883714765,shade_off,ok,b5658103633dc62ae4fd36db01445206d7051ac5fbaa897fd85485a72fd5ec84,a7676adf7325bfb343f6c417192d290b066bce867e21167f03dea860d196b49e,0,8,0.3,3672,3285,1377,0.08169934640522876,0.08169934640522876,0.0,6.0,6.0,0,False,0.3540305010893246,0.3540305010893246,0.0,11.0,11.0,0,False,0,0,0,0.354,11.0,30.132,0,False,278.9112,0.0,ef9bd5235936549e1f409df1bb9a46bbed0d732bb9fee882e76de359695d253a,2.968
TMYx,semi,run_0023,random64,8.817343277589991,7.85539369563051,2.609145431853368,18.96253427869918,0.1742793412258079,0.1120027552699704,0.044072150885244,0.1176076252166526,3.9736567243591487,0.2414493988517185,0.6054915605613544,0.0048067660451242,0.6942537640069445,0.341692810129729,shade_off,ok,08634fbb863f5d210c41b9bc14ec2c5ccccd160e12e5f890fd689d6ec0956712,a7676adf7325bfb343f6c417192d290b066bce867e21167f03dea860d196b49e,0,8,0.3,3672,3285,1377,0.0,0.0,0.0,1.0,1.0,0,False,0.08169934640522876,0.08169934640522876,0.0,5.0,5.0,0,False,0,0,0,0.0817,5.0,29.484,0,False,47.2485,0.0,3cfaaffbbf5f2d8dd5cebc713c6c4704bbf493f29512858cb7f4570935fb8fb4,3.068
TMYx,semi,run_0029,stress16,8.203432183124272,6.408489310261017,2.8640680741404387,300.7801611485146,0.150600147289584,0.0170107318727439,0.045297803381865,0.0140947818271048,0.8776391010432707,0.6886897929854896,0.5132570934374501,0.0061052277763261,0.1044806285204754,0.4880446808864345,shade_off,ok,0cb3b2d554db6b186b7aed15293980fe36c97152f05e1d54d3962ae0be21be1c,a7676adf7325bfb343f6c417192d290b066bce867e21167f03dea860d196b49e,0,8,0.3,3672,3285,1377,0.49019607843137253,0.49019607843137253,0.0,13.0,13.0,0,False,1.3616557734204793,1.3616557734204793,0.0,22.0,22.0,0,False,40,40,0,1.3617,22.0,31.521,0,False,41.7437,0.0,1599e6b5e76455c19b596c48f7544bc0c755eb9b3a09c494adf00de300b222cf,3.233
TMYx,semi,run_0044,random64,6.030500032924129,7.408960521416061,2.7665628390675407,74.51262954714856,0.1781833985308706,0.2384489935374365,0.232027349722457,0.1662308275216616,3.706446374343945,0.2801471059994515,0.6879618953548321,0.0077865334940022,0.7588555884014518,0.4235989701065071,shade_off,ok,7df32c8b9ebc2d9cae53f3edf3aa17d274f81536a94b39260927a3c4eaf696a7,a7676adf7325bfb343f6c417192d290b066bce867e21167f03dea860d196b49e,0,8,0.3,3672,3285,1377,0.0,0.0,0.0,3.0,3.0,0,False,0.08169934640522876,0.08169934640522876,0.0,5.0,5.0,0,False,0,0,0,0.0817,5.0,29.464,0,False,55.7054,0.0,a0a31fec844951d6c556978f854a5028c6589e322d8b0de259d9040ee9b538b9,3.253
TMYx,semi,run_0063,random64,6.5621292372608675,6.65259707923012,2.866440977345775,291.8921029230811,0.2605908839526111,0.2904109892395112,0.2396360333811598,0.1130099666030276,4.144587096716162,0.654011275402036,0.4712269209763924,0.0014834559152219,0.54773627340295,0.5710594819740411,shade_off,ok,428d11d27f9421cb75e26e5f7b745d7378b6f272428afdda766a8aecaefaeae5,a7676adf7325bfb343f6c417192d290b066bce867e21167f03dea860d196b49e,0,8,0.3,3672,3285,1377,0.6808278867102396,0.6808278867102396,0.0,14.0,14.0,0,False,1.2254901960784315,1.2254901960784315,0.0,21.0,21.0,0,False,2,2,0,1.2255,21.0,31.666,0,False,203.6004,0.0,d0d5962d07dd969107f72d91c142a7df5c232d7a1591f740fecebd52324aa1be,3.322
TMYx,semi,run_0092,random64,9.93309790699963,8.182296197308714,2.457461454626565,111.121424386233,0.215416840146493,0.1614784962457293,0.2067813187440635,0.1045840336851818,2.5155012564866768,0.5247084843418965,0.6042830658593564,0.0091103599680866,0.403724911359604,0.9002186637947126,shade_off,ok,5e5eb395024a66ae32c4bc797ab05574873e248bb0d397a337910908e5fffa57,a7676adf7325bfb343f6c417192d290b066bce867e21167f03dea860d196b49e,0,8,0.3,3672,3285,1377,0.0,0.0,0.0,3.0,3.0,0,False,0.16339869281045752,0.16339869281045752,0.0,8.0,8.0,0,False,1,1,0,0.1634,8.0,29.83,0,False,43.6545,0.0,33e0af247262b8605dc4b145b33d3cf1a5a3915f00a15e820543d7136f54832b,3.235
TMYx,semi,run_0095,random64,6.3624501841932375,11.842510228563462,2.491939053622874,295.7462251283733,0.2198554630131667,0.0400359318923531,0.1494445134899256,0.1850285440940413,4.185455890408224,0.5956563840158877,0.8831696681502195,0.0061710397040376,0.4456313827570233,0.3457178036598204,shade_off,ok,d79569cf44451e60eea078e770f81f58526685b48ad37e58d5ba299febd6dfda,a7676adf7325bfb343f6c417192d290b066bce867e21167f03dea860d196b49e,0,8,0.3,3672,3285,1377,0.2178649237472767,0.2178649237472767,0.0,9.0,9.0,0,False,0.8714596949891068,0.8714596949891068,0.0,18.0,18.0,0,False,5,5,0,0.8715,18.0,30.909,0,False,63.5555,0.0,b3fb0f6ff6be297c499438a285438446e9fb790e27611db92c12a801af87b031,3.3
TMYx,semi,run_0132,stress16,9.299175482807073,9.44472107084308,2.6246307962624016,120.97695746647544,0.359724968552603,0.1373453664935816,0.0250244188438973,0.1090851112819592,4.432529714102253,0.6489282768966091,0.8546248700739805,0.0100735542076731,0.2380461443404612,0.205503238738427,shade_off,ok,18089cd1e3fc0a36a05eb16f0c9393ebd01a3c099376542525d96d52b0e7c1da,a7676adf7325bfb343f6c417192d290b066bce867e21167f03dea860d196b49e,0,8,0.3,3672,3285,1377,0.6808278867102396,0.6808278867102396,0.0,16.0,16.0,0,False,1.3071895424836601,1.3071895424836601,0.0,27.0,27.0,1,True,17,17,0,1.3072,27.0,32.146,1,True,75.694,0.0,495a4a379444e474900d767db88c38c9ee165d975bcd908d0b525b1aaf3e4924,3.303
TMYx,semi,run_0169,random64,7.695473365435487,11.227744275625916,2.4943900256809504,33.74614022217156,0.1572306658104784,0.0421425997389778,0.1619378594004896,0.0133961689752927,3.577533400781542,0.3919625146305164,0.533438368709399,0.0108911883433449,0.1066031747510421,0.8986530703328954,shade_off,ok,b0483d08d48fa39e585546599ddb071e6c8b052e0d7ea99b8b81b5460ed3dc2e,a7676adf7325bfb343f6c417192d290b066bce867e21167f03dea860d196b49e,0,8,0.3,3672,3285,1377,0.0,0.0,0.0,0.0,0.0,0,False,0.0,0.0,0.0,4.0,4.0,0,False,9,9,0,0.0,4.0,29.146,0,False,31.2567,0.0,167a142eee813c7f06a6cfe6f10373888f37bd683589d594bd33cc4b2fec40b5,3.059
TMYx,semi,run_0171,random64,7.494809621295749,11.22002626611558,2.7470227147731485,103.10589157010632,0.254781411116087,0.1019944879351144,0.3370655776713539,0.0445047342704688,4.389418546125397,0.6060268646263012,0.3276582681904973,0.005932140031043,0.3357054429082935,0.5638512940204532,shade_off,ok,5ab7a52dcff88287a05a50160d5be5ba5a084ac77124d82d4b06c7d27a5c0bd5,a7676adf7325bfb343f6c417192d290b066bce867e21167f03dea860d196b49e,0,8,0.3,3672,3285,1377,0.054466230936819175,0.054466230936819175,0.0,5.0,5.0,0,False,0.32679738562091504,0.32679738562091504,0.0,11.0,11.0,0,False,1,1,0,0.3268,11.0,30.339,0,False,50.1729,0.0,66b920d0f8f8a930890b0da00985d6cba730d5bfcfe89cd2d2b25ff0abd60527,3.181
TMYx,semi,run_0172,random64,9.655340429240898,7.24820416689231,2.42469543122848,172.6245737256148,0.1639874631194922,0.1196870715518636,0.3172583437442636,0.1578098077295352,0.9402029258114942,0.4028680909098489,0.8765797877084602,0.0023588769593888,0.2060066547113198,0.3409010096267915,shade_off,ok,4e474fd37a273458bd4d513fa932388ddc2f84347470a605e060a7215223b320,a7676adf7325bfb343f6c417192d290b066bce867e21167f03dea860d196b49e,0,8,0.3,3672,3285,1377,0.0,0.0,0.0,0.0,0.0,0,False,0.0,0.0,0.0,3.0,3.0,0,False,2,2,0,0.0,3.0,29.29,0,False,17.3048,0.0,e2bd8d65d35310c4c722db9da5ae326b69b407acc1ad07a1a6c7cff262855a78,3.341
TMYx,semi,run_0189,random64,8.854541179080801,10.452603750516715,2.9188006260871417,67.8876582569418,0.3641510351705923,0.0892540763860939,0.3097302387013971,0.1440692649228458,2.707948972652005,0.2832682627500669,0.6646816722211282,0.0103303899374604,0.1290129201750531,0.0948871124029668,shade_off,ok,28042b0510f92da1d6a4275a28af6d87941b55214bc405bcc803dcbb08ca8f3d,a7676adf7325bfb343f6c417192d290b066bce867e21167f03dea860d196b49e,0,8,0.3,3672,3285,1377,0.0,0.0,0.0,5.0,5.0,0,False,0.32679738562091504,0.32679738562091504,0.0,11.0,11.0,0,False,2,2,0,0.3268,11.0,30.221,0,False,38.7727,0.0,efc27164c614cbd839e676c9c344b47499949002541c6a3ecdb191cea7aacc0d,3.194
TMYx,semi,run_0203,random64,7.977123523285825,8.285263931205199,2.712837171815562,89.35419205267758,0.1358151170477194,0.188340689716523,0.0697252800449031,0.1120892354037314,1.7190015052738117,0.5071421704296211,0.5490554865529775,0.0022577353970723,0.6310346873260598,0.5050302275796102,shade_off,ok,2db5a1f07b978e729a870d06fca358c4b72224a01867501eb6ca78d9c9e25ae6,a7676adf7325bfb343f6c417192d290b066bce867e21167f03dea860d196b49e,0,8,0.3,3672,3285,1377,0.0,0.0,0.0,3.0,3.0,0,False,0.10893246187363835,0.10893246187363835,0.0,6.0,6.0,0,False,1,1,0,0.1089,6.0,29.672,0,False,45.4214,0.0,98a08523ab86ef0e16b1279ccbbd32ab922185b950cbe0bb685aec837f7e9007,3.17
TMYx,semi,run_0208,random64,7.080933225138338,8.151979458855823,2.6146631258077835,109.77210266794091,0.1350633821387371,0.2826211130453059,0.3158693984636647,0.1010376581025481,1.0331012809233195,0.4004981292509733,0.7085516862951541,0.001430792206345,0.6109790032078951,0.401205105008072,shade_off,ok,4c063a5dcdfaec7425e5346639a340b5ac309e6421c648878a6f80f23919874a,a7676adf7325bfb343f6c417192d290b066bce867e21167f03dea860d196b49e,0,8,0.3,3672,3285,1377,0.0,0.0,0.0,0.0,0.0,0,False,0.054466230936819175,0.054466230936819175,0.0,4.0,4.0,0,False,0,0,0,0.0545,4.0,29.177,0,False,53.3845,0.0,fe2748780fb57779feff7e05be856c93f1868eae8058739bdec36c12114ada0b,3.444
TMYx,semi,run_0239,stress16,8.966408949597819,7.177231125441284,2.4933678450716044,17.389312189459034,0.33924506984946,0.1909431656003543,0.2552562075773003,0.1590237503532047,0.8661594681833358,0.6951609206290856,0.8620318201574801,0.0106498566496832,0.1330127200193476,0.4051665189182183,shade_off,ok,7a27edca38fe478b5f76d92ac58523dbd33e8f4245a1643a353cc5db1c37bd7a,a7676adf7325bfb343f6c417192d290b066bce867e21167f03dea860d196b49e,0,8,0.3,3672,3285,1377,1.252723311546841,1.252723311546841,0.0,22.0,22.0,0,False,2.423747276688453,2.423747276688453,0.0,33.0,33.0,3,True,35,211,176,2.4237,33.0,32.641,3,True,49.7961,0.0,04a2a18882b8876ed87f2c98722cddd3fe50a5e08e56490170d5c34464b6572e,3.564
TMYx,semi,run_0241,stress16,8.986985502735077,6.370726990713231,2.8262969611987976,288.55522855132386,0.3577817612158999,0.1857466310998697,0.1900534041160908,0.1183127038015254,1.180262981894609,0.5586107918959073,0.4841391966636397,0.0026352311391234,0.7606078576767147,0.3295277351670737,shade_off,ok,37f76f4e384ef23568740948beffa02c4003770c50e63d3e1aa37181127eccf3,a7676adf7325bfb343f6c417192d290b066bce867e21167f03dea860d196b49e,0,8,0.3,3672,3285,1377,1.0076252723311547,1.0076252723311547,0.0,21.0,21.0,0,False,1.6067538126361656,1.6067538126361656,0.0,27.0,27.0,1,True,9,68,59,1.6068,27.0,32.221,1,True,594.2668,0.0,d174d55406b9220b1116a614bb84b75ea87642e8d46735c326570f009964edfe,3.491
TMYx,semi,run_0298,random64,8.332008660398749,7.514114819729058,2.5770632840161176,32.65999947584161,0.3675082359468328,0.2612870512859359,0.1947062270800404,0.092184612395228,2.2327759245070897,0.4154681534695688,0.4491901728869033,0.0031863362642622,0.2918284207024562,0.3945965827764047,shade_off,ok,4a17ccbf819c046996f6407be13c2b3b72597b6e02cfd7ee9e4ca7df139ad818,a7676adf7325bfb343f6c417192d290b066bce867e21167f03dea860d196b49e,0,8,0.3,3672,3285,1377,0.1906318082788671,0.1906318082788671,0.0,8.0,8.0,0,False,0.7080610021786492,0.7080610021786492,0.0,17.0,17.0,0,False,1,1,0,0.7081,17.0,30.993,0,False,72.2956,0.0,fd6ec01980816e850c4ba393600410532655788c210eec7d655a17d12bf321f7,3.295
TMYx,semi,run_0302,random64,6.464886681198625,6.461232658039725,2.595607139740693,200.15410369855252,0.1048401522366748,0.0500529154312022,0.2464765860508568,0.138708672410398,1.0994929560158817,0.5957829612933677,0.6712389000184744,0.0114188958123249,0.5764259455075901,0.8590859386058312,shade_off,ok,f961546b5b9d30c53792832d2d0a58848924c63677a89f917a3ea9516f964a92,a7676adf7325bfb343f6c417192d290b066bce867e21167f03dea860d196b49e,0,8,0.3,3672,3285,1377,0.0,0.0,0.0,0.0,0.0,0,False,0.0,0.0,0.0,4.0,4.0,0,False,0,0,0,0.0,4.0,29.393,0,False,42.6309,0.0,899615dbea460e88c08a07af93929852f85a656fb3614cc15b44fe7f0274a9a9,3.313
TMYx,semi,run_0421,random64,7.259944904757417,9.95766854175178,2.9168650187863294,194.2486599421907,0.3312206235671143,0.0946711362366577,0.2923395976811948,0.0428674051588782,2.175209421544923,0.3660505438690433,0.3166605386628426,0.005912152362126,0.7213775997545232,0.4076882356228147,shade_off,ok,763dd60c06bc98520ec38de93e3ba8673f37a1eccffcbab8ed38c7f654c576fe,a7676adf7325bfb343f6c417192d290b066bce867e21167f03dea860d196b49e,0,8,0.3,3672,3285,1377,0.027233115468409588,0.027233115468409588,0.0,4.0,4.0,0,False,0.2178649237472767,0.2178649237472767,0.0,9.0,9.0,0,False,0,0,0,0.2179,9.0,29.818,0,False,129.7084,0.0,4862d7ab4ac85381a1c30653be272405b9c7dbdd3dbce7aa88ec17676f682d32,3.206
TMYx,semi,run_0456,random64,7.235653346407408,11.709367776516928,2.5247172842449146,164.85689193046983,0.316903563356449,0.2724207622108091,0.0275777940548623,0.1306855280144903,4.841830387386058,0.3607166626987048,0.7357196636648353,0.0087398255812502,0.7615723805690275,0.6784222436994939,shade_off,ok,f0ae4c4e375904ee0cdde11d1d500a16df47fe26566e06e551b8062274eff7bb,a7676adf7325bfb343f6c417192d290b066bce867e21167f03dea860d196b49e,0,8,0.3,3672,3285,1377,0.0,0.0,0.0,2.0,2.0,0,False,0.13616557734204793,0.13616557734204793,0.0,10.0,10.0,0,False,1,1,0,0.1362,10.0,29.855,0,False,75.5771,0.0,dd4fd29d4d30dd3d154784647b485caa976df6d8c1f817660574dcbfc98763b7,3.198
TMYx,semi,run_0492,stress16,8.550782772522515,11.776115421222215,2.699213296519177,334.2020798495306,0.3999904372395374,0.0206995492983702,0.0607249068429463,0.0682232294671505,1.1214548050257498,0.6419965380885064,0.7204194426782291,0.0073087888941234,0.247223981405377,0.2972364509554138,shade_off,ok,248b3d7bdbfbdc35ae396376f152613a59802b8bbe842f054889d3badf8717ab,a7676adf7325bfb343f6c417192d290b066bce867e21167f03dea860d196b49e,0,8,0.3,3672,3285,1377,1.171023965141612,1.171023965141612,0.0,22.0,22.0,0,False,2.042483660130719,2.042483660130719,0.0,33.0,33.0,3,True,25,25,0,2.0425,33.0,32.64,3,True,89.3325,0.0,d5b2b282c23451d0fbcb594ac160920bfd818324c1a0592aa93bdf307ae75974,3.391
TMYx,semi,run_0499,random64,7.858804507830091,10.349836369453136,2.532898445475049,95.20960247737294,0.2105308086928702,0.2661776403887546,0.202952619776223,0.042630729895842,4.479626527348435,0.5735404220619731,0.7008795170704228,0.0036983473818156,0.1567476492121556,0.6596289751233395,shade_off,ok,e54c28113c6f004cfa397dc56070497c82e087678cccc80aadbd1bf18545bccb,a7676adf7325bfb343f6c417192d290b066bce867e21167f03dea860d196b49e,0,8,0.3,3672,3285,1377,0.0,0.0,0.0,4.0,4.0,0,False,0.3540305010893246,0.3540305010893246,0.0,11.0,11.0,0,False,4,4,0,0.354,11.0,30.203,0,False,25.9208,0.0,9a0596a70a977fdca09030db34c9200d3fdcf6dea4ba97af622ede5a6feb018b,3.233
TMYx,semi,run_0500,random64,9.82451369711319,10.845295277018504,2.7073204009582628,108.9848566026068,0.2404164756163604,0.2191691030494161,0.3170431197618952,0.1101248845957577,4.246097291116642,0.3146179268775989,0.8846779164318552,0.002952629013426,0.3985480745890861,0.6671409251817507,shade_off,ok,829a713083ec5fa52fb49133deca58159680248e80f01a48785f63c1708aa788,a7676adf7325bfb343f6c417192d290b066bce867e21167f03dea860d196b49e,0,8,0.3,3672,3285,1377,0.0,0.0,0.0,0.0,0.0,0,False,0.08169934640522876,0.08169934640522876,0.0,5.0,5.0,0,False,0,0,0,0.0817,5.0,29.44,0,False,36.6191,0.0,76ed0de5e0dc4393e49f4ea84d250e69162d9c1b55659ee216438cb5d34d7351,3.191
TMYx,semi,run_0628,stress16,9.72733840356107,7.8427669792229615,2.5924321527735392,359.8933269015914,0.3529783862372112,0.0761779621335445,0.3273904561993191,0.0824461595128538,3.4708268892998255,0.3251799736172571,0.3503616556392233,0.0015213312741712,0.7206263247604744,0.7182250817689112,shade_off,ok,c4976962d5bd553223214322eb7b76b88a3e56772904fec26bdd6f76e218609f,a7676adf7325bfb343f6c417192d290b066bce867e21167f03dea860d196b49e,0,8,0.3,3672,3285,1377,0.0,0.0,0.0,4.0,4.0,0,False,0.16339869281045752,0.16339869281045752,0.0,10.0,10.0,0,False,0,0,0,0.1634,10.0,29.939,0,False,65.6161,0.0,1cf2b79b394aa9e2caa610b96c38d7a5140ddba9300f9899a6b9ff4ecc99f159,3.165
TMYx,semi,run_0745,random64,9.403992115334937,8.48512079989969,2.7038151450428907,145.5310132662222,0.2567053419094268,0.2898505421920269,0.0488499881238593,0.1014932783378585,1.1571722700731573,0.4833947498367663,0.8213087990653432,0.008725404304492,0.7657037313194129,0.8876906018863312,shade_off,ok,90a353ff04572ca4f9660553b33ecc3b34f0d1d0d92d868c312385b3960e7597,a7676adf7325bfb343f6c417192d290b066bce867e21167f03dea860d196b49e,0,8,0.3,3672,3285,1377,0.0,0.0,0.0,3.0,3.0,0,False,0.24509803921568626,0.24509803921568626,0.0,10.0,10.0,0,False,1,1,0,0.2451,10.0,30.169,0,False,117.455,0.0,8adcfa1ef0dc92e19dfecaf522c894d6274d36d809a6894b7789eef383b4b235,3.306
TMYx,semi,run_0768,stress16,6.634637881940697,11.603463379949876,2.9452065682690702,7.656125949492523,0.3673240508605883,0.0703946751822334,0.0882239068606324,0.0721394554328508,0.8794108960838816,0.6853284584119119,0.8495356125752638,0.0109339718263157,0.2996274968959122,0.0483529411528591,shade_off,ok,96ee71971ac72ed433622c5c48866da2e1992930f13b1facb11c355f19c7906d,a7676adf7325bfb343f6c417192d290b066bce867e21167f03dea860d196b49e,0,8,0.3,3672,3285,1377,1.171023965141612,1.171023965141612,0.0,23.0,23.0,0,False,2.423747276688453,2.423747276688453,0.0,36.0,36.0,4,True,24,57,33,2.4237,36.0,33.036,4,True,138.5744,0.0,5d2dbf88f253a900e85747236a9e036d4c0a9df76d89f4952ab8cd5e552f3e8e,3.448
TMYx,semi,run_0785,random64,8.940781628092497,8.940854789499578,2.71333172432655,21.027453984889203,0.3107729422642821,0.2659499439488594,0.1570556761118805,0.0362424341838409,3.092059615457477,0.5972727377148599,0.3537591526886088,0.010305774523266,0.4150422534097331,0.1795157167910107,shade_off,ok,85ed866c933cdb57a3d0f3f493b2083970391b1256237b0288a790f714eccf98,a7676adf7325bfb343f6c417192d290b066bce867e21167f03dea860d196b49e,0,8,0.3,3672,3285,1377,0.24509803921568626,0.24509803921568626,0.0,8.0,8.0,0,False,0.9259259259259258,0.9259259259259258,0.0,20.0,20.0,0,False,1,1,0,0.9259,20.0,31.258,0,False,81.7081,0.0,da61418289461bf5f04d6a8d2302575245ebccf89e37b6e793a3a6a7a8099e3c,3.288
TMYx,semi,run_0788,random64,8.782009887322488,9.886407966385462,2.689241045237277,165.79600971047623,0.1806222296930827,0.0350189214807997,0.2624851560323494,0.0761344647472262,0.8504742135136384,0.5569179194726575,0.8553784108853641,0.0092759304403749,0.5281861664355341,0.2100976052058908,shade_off,ok,5eed579cd9f93e8e8c943431f72d4736f55e168cc4a6ee7214b0ddb83d9afd7f,a7676adf7325bfb343f6c417192d290b066bce867e21167f03dea860d196b49e,0,8,0.3,3672,3285,1377,0.0,0.0,0.0,2.0,2.0,0,False,0.10893246187363835,0.10893246187363835,0.0,7.0,7.0,0,False,2,2,0,0.1089,7.0,29.707,0,False,52.4038,0.0,d83c4affca2e51b266e1b3d7528e1f2647452db139fa5fe3b699ba936d3794ca,3.243
TMYx,semi,run_0821,random64,8.168610103195812,6.295910082319626,2.44919521726831,83.16215592635217,0.1633699932395152,0.2793528873688088,0.3075031868920546,0.1071356027635634,4.694512503188105,0.3195967627738837,0.4662343120140395,0.0025933405746935,0.4004795609820039,0.9249981780019016,shade_off,ok,e3bd16a083ef4b206654a7cd27c40a2b1c890e71432d8bbeb08bd23390d859d8,a7676adf7325bfb343f6c417192d290b066bce867e21167f03dea860d196b49e,0,8,0.3,3672,3285,1377,0.0,0.0,0.0,0.0,0.0,0,False,0.054466230936819175,0.054466230936819175,0.0,4.0,4.0,0,False,0,0,0,0.0545,4.0,29.242,0,False,36.4609,0.0,a2903bf937a78d242e1adeac11bc2532e6b1d84c9fed0f18f8ed18538640445c,3.16
TMYx,semi,run_0833,random64,6.881397296298271,10.882836593895547,2.866583637518168,115.0820265960748,0.2101446861231999,0.1571910951166595,0.0991883520257245,0.1038913954908974,2.054872833294584,0.31784047548047,0.3619575529089111,0.0100872283500496,0.3785981589568508,0.1448921445221051,shade_off,ok,23e2a6591074cf93073a1c7c1766f0866d6afa382f740f5c30b02b343cb0aefb,a7676adf7325bfb343f6c417192d290b066bce867e21167f03dea860d196b49e,0,8,0.3,3672,3285,1377,0.0,0.0,0.0,0.0,0.0,0,False,0.054466230936819175,0.054466230936819175,0.0,4.0,4.0,0,False,0,0,0,0.0545,4.0,29.211,0,False,37.3532,0.0,206006f226c444fcc5aa6d04eb456e2f26dfd3cf59e64cb0ec1e4dea2f1568d0,3.109
TMYx,semi,run_0841,random64,8.367547204965499,7.256923551190713,2.9918995286847547,209.09780783784907,0.2412457505801208,0.2385274524029789,0.0999052231342154,0.0327496438192871,4.272186592040046,0.5573251812470255,0.5047083796199578,0.0034639552327845,0.6468288498143069,0.6883388060301502,shade_off,ok,7e9ada715a6c38201ca05fcb9460bc20051a37d657dc3407a3e81d4484eb8970,a7676adf7325bfb343f6c417192d290b066bce867e21167f03dea860d196b49e,0,8,0.3,3672,3285,1377,0.08169934640522876,0.08169934640522876,0.0,5.0,5.0,0,False,0.3812636165577342,0.3812636165577342,0.0,11.0,11.0,0,False,0,0,0,0.3813,11.0,30.276,0,False,100.9172,0.0,0f2247ad11e71d95874207b932b80cf7666f39702065d125d71aa4a9e00afc42,3.212
TMYx,semi,run_0844,random64,8.746712419323499,8.255288205551997,2.8301858731668736,119.6183960439886,0.1994819192503905,0.27254785547391,0.0411225287078061,0.1609877938402135,1.483139363161183,0.3044285647779056,0.8800589857851471,0.0064660006290998,0.7491636968151721,0.9819550749784538,shade_off,ok,2a67878ce052c96159e49729a976eb3ebf530de8d36b7a8222f17baa5f3e830f,a7676adf7325bfb343f6c417192d290b066bce867e21167f03dea860d196b49e,0,8,0.3,3672,3285,1377,0.0,0.0,0.0,2.0,2.0,0,False,0.13616557734204793,0.13616557734204793,0.0,8.0,8.0,0,False,1,1,0,0.1362,8.0,29.826,0,False,66.1867,0.0,4213e2d381ebbcad86759ac89d80f39a0b186e29b0cf86b68ecd199b8e1ae850,3.323
TMYx,semi,run_0887,random64,9.484724765067508,11.174464591770498,2.414911442203662,229.80644996404757,0.2796275305540545,0.0758284244041909,0.2896741830836959,0.1751072335090888,1.6995338270119895,0.3107776781053267,0.4257006634020504,0.0114970329370951,0.491908950611397,0.9890734482016346,shade_off,ok,169737a24f60b8e4b2b5944d10fd329ec1c938f6eb1b8915a5223c7c6c5862ea,a7676adf7325bfb343f6c417192d290b066bce867e21167f03dea860d196b49e,0,8,0.3,3672,3285,1377,0.0,0.0,0.0,0.0,0.0,0,False,0.027233115468409588,0.027233115468409588,0.0,4.0,4.0,0,False,0,0,0,0.0272,4.0,29.255,0,False,43.1995,0.0,f9c4c1b140f0a44a5baf51a348ebc375174fb48b574bc8f69d84e12f735e3fd1,3.219
TMYx,semi,run_1025,stress16,6.001988515451892,8.013747343359917,2.712128069948224,187.7230485160186,0.3988100711297681,0.0143824485162627,0.2716513893534522,0.0592134160641791,2.773734982619098,0.4008863300303726,0.4244523072802022,0.0086936739506271,0.2466612679915689,0.5322139386093038,shade_off,ok,fecb034956ee392687d2e22ba0c709a9ad08744363ee64eef90db9604e3d5472,a7676adf7325bfb343f6c417192d290b066bce867e21167f03dea860d196b49e,0,8,0.3,3672,3285,1377,0.054466230936819175,0.054466230936819175,0.0,6.0,6.0,0,False,0.32679738562091504,0.32679738562091504,0.0,11.0,11.0,0,False,0,0,0,0.3268,11.0,30.199,0,False,79.8404,0.0,c1527c3874deb81e99eed9fd913ccf46f22f053f489785a237f2c8a86f5d5430,3.16
TMYx,semi,run_1083,random64,8.454517480509306,7.606900202320765,2.5501477925335045,241.34481889977465,0.2891208841498976,0.1515706845674109,0.1605073890215713,0.1607015551309144,1.101558526110067,0.2140821822715956,0.8767854811568954,0.0117808467129899,0.4181305553407746,0.979553351344094,shade_off,ok,977276e5fc10114d55ba6c777bb9a187c21cc2963f5c00f6d140e0c143a2fa8f,a7676adf7325bfb343f6c417192d290b066bce867e21167f03dea860d196b49e,0,8,0.3,3672,3285,1377,0.0,0.0,0.0,0.0,0.0,0,False,0.054466230936819175,0.054466230936819175,0.0,4.0,4.0,0,False,0,0,0,0.0545,4.0,29.386,0,False,56.5753,0.0,a1a96f8515c52f9176ff1f2b459c03f1f1ec63ca9080281aa875e2e0364e779f,3.324
TMYx,semi,run_1093,random64,8.002380628505447,10.166259736812894,2.8796333119979427,171.23898423952662,0.100090185215434,0.0543938555226989,0.0270087812313298,0.0755226196018769,1.8235443611211988,0.386033384594613,0.8407906551118343,0.0050274494110316,0.354654458456868,0.9837284633011107,shade_off,ok,6028d107523d74cbde3bb546b3a2eb38b8f43df74e0e8338e392ec4cf2869875,a7676adf7325bfb343f6c417192d290b066bce867e21167f03dea860d196b49e,0,8,0.3,3672,3285,1377,0.0,0.0,0.0,0.0,0.0,0,False,0.10893246187363835,0.10893246187363835,0.0,6.0,6.0,0,False,6,6,0,0.1089,6.0,29.473,0,False,38.5456,0.0,548c50cdae42a75cdfd22f4d9a37edb680d05e818060fd6683726269e58bcfc1,3.133
TMYx,semi,run_1130,random64,9.188456848978468,11.639043127509634,2.559744911138821,29.410840417817724,0.1117948532135704,0.2858457406091068,0.2595794543528447,0.1999165833637279,1.1743911222239498,0.471472375004214,0.5367601190449024,0.0117616437190273,0.2970725510522888,0.433698314360111,shade_off,ok,00980f8c68b0c487e30fa8566c464d134991227af864f9876eed4121447448c1,a7676adf7325bfb343f6c417192d290b066bce867e21167f03dea860d196b49e,0,8,0.3,3672,3285,1377,0.0,0.0,0.0,0.0,0.0,0,False,0.0,0.0,0.0,3.0,3.0,0,False,2,2,0,0.0,3.0,29.065,0,False,9.7492,0.0,dfd2157c5c3cc970027fd4ec192ec84de43849647958258edae4df2328ba4be6,3.395
TMYx,semi,run_1192,random64,6.574979979831511,11.394826702694091,2.6678524442714378,83.01673689334608,0.3565625542057532,0.2467632876240327,0.0518339126921443,0.087289463380345,1.2028290993735582,0.4784511509089152,0.6693643480800702,0.0064013535611167,0.4547676125272111,0.8704605859623464,shade_off,ok,4b5b8e6a5884f43040a4a590b0042eeba94ec07e14dd40049b3d4f55315657b9,a7676adf7325bfb343f6c417192d290b066bce867e21167f03dea860d196b49e,0,8,0.3,3672,3285,1377,0.08169934640522876,0.08169934640522876,0.0,5.0,5.0,0,False,0.40849673202614384,0.40849673202614384,0.0,14.0,14.0,0,False,1,1,0,0.4085,14.0,30.678,0,False,101.0213,0.0,4d525bc660aeac3fbf515dc1622733354e68a6c9d9ee3da7bb95eb6980e5e8b1,3.252
TMYx,semi,run_1197,random64,9.55307660622851,10.935446202367611,2.651431698797591,89.14333515226049,0.2043520540065082,0.2592494770209894,0.0576746329066228,0.0781157588360924,2.1857332563991227,0.2060785959940542,0.5149724560393532,0.0076651831377733,0.6733006645411621,0.4720333855727691,shade_off,ok,82fdcefd329a63ea2e067344b64734f14ff08bac56ab76785a7a8c8a1865996d,a7676adf7325bfb343f6c417192d290b066bce867e21167f03dea860d196b49e,0,8,0.3,3672,3285,1377,0.0,0.0,0.0,0.0,0.0,0,False,0.0,0.0,0.0,4.0,4.0,0,False,0,0,0,0.0,4.0,29.113,0,False,35.9576,0.0,09a4ea1fc7bf6fdc9352ecd7721d17125717f9cfa77722de8972302311fcad96,3.366
TMYx,semi,run_1199,stress16,8.893313295309667,6.752916196560016,2.775376919971335,90.13627347871588,0.1083033134047148,0.1785539237225437,0.0601924888116002,0.0886989224971885,1.0127404186376616,0.4736069389205135,0.8365327423703692,0.0052546015723922,0.7998494879171348,0.7537545170074853,shade_off,ok,26f0e34b5c4bcd3ca246868178859e00d2b3a82847d66470bfa7482fe193bc50,a7676adf7325bfb343f6c417192d290b066bce867e21167f03dea860d196b49e,0,8,0.3,3672,3285,1377,0.0,0.0,0.0,1.0,1.0,0,False,0.13616557734204793,0.13616557734204793,0.0,7.0,7.0,0,False,1,1,0,0.1362,7.0,29.72,0,False,52.8512,0.0,4771db3eb5270a640ba5bc16bb327b3fa7b224017d07bbbd5d1234235d22e9c0,3.359
TMYx,semi,run_1207,random64,9.168130791502008,9.004696072729846,2.8115599835956373,142.9180739985565,0.1284202723692254,0.1867752178704292,0.3348439656423181,0.1317711005700411,2.4118781979192816,0.4565266167997619,0.610364497850469,0.004851525079017,0.1978381158264388,0.9603135205592784,shade_off,ok,35a929240e5e48e1c5a3b2242ed2a761682c33584a46f360535ebd6c3938f813,a7676adf7325bfb343f6c417192d290b066bce867e21167f03dea860d196b49e,0,8,0.3,3672,3285,1377,0.0,0.0,0.0,0.0,0.0,0,False,0.0,0.0,0.0,2.0,2.0,0,False,2,2,0,0.0,2.0,28.897,0,False,13.6951,0.0,863f865c52de0d7474ab64fe5f62fade0ae064da7500c4fa801ef14000cbaab9,3.226
TMYx,semi,run_1209,random64,8.118074804521358,11.978193458414612,2.9036564697751355,244.9524063171716,0.3754156589993933,0.1220701597070463,0.1432447265725567,0.0531746170798,1.5295117539422654,0.5948510668405462,0.606964077683358,0.0056553556870505,0.480152133711234,0.6399576848879639,shade_off,ok,4e3fa13c2796736df0b360166a7a87b877ed929b044fcc26f1d0a4ab04da723f,a7676adf7325bfb343f6c417192d290b066bce867e21167f03dea860d196b49e,0,8,0.3,3672,3285,1377,0.2995642701525054,0.2995642701525054,0.0,10.0,10.0,0,False,1.0620915032679739,1.0620915032679739,0.0,20.0,20.0,0,False,6,26,20,1.0621,20.0,31.261,0,False,207.0183,0.0,c4cc383a35412438a5c477cc2c55d21bdfc7827ab8872c7cf4076f086a22fef1,3.319
TMYx,semi,run_1214,stress16,7.588108618860515,7.752734140780623,2.826539668699661,130.3981801828211,0.3484607578703986,0.1342467316483606,0.1687813557233073,0.1611491128809359,1.000533177193956,0.6979521394451516,0.3042607275737717,0.007184911846836,0.7742265557708546,0.5938512492331808,shade_off,ok,c8e5158e50f0394007e4c3d6cc42dc6781ab30c9eb391692ce487c3847c37c50,a7676adf7325bfb343f6c417192d290b066bce867e21167f03dea860d196b49e,0,8,0.3,3672,3285,1377,0.5174291938997821,0.5174291938997821,0.0,15.0,15.0,0,False,1.0620915032679739,1.0620915032679739,0.0,21.0,21.0,0,False,16,48,32,1.0621,21.0,31.447,0,False,437.4396,0.0,9601a43e9eff14a9891147e2a2c41f0f3e6255961b3232f1a6a41e7231a76d2e,3.393
TMYx,semi,run_1248,random64,9.06874655668104,6.39714339888123,2.4388587665273502,227.04203511645017,0.300438463458426,0.1826052445691555,0.3125340008743582,0.017922370396233,1.828155892567156,0.634732281708217,0.5900520904862452,0.0086471631277632,0.744025489137654,0.0859871297257144,shade_off,ok,d3c0dee63ae30d7dcc020a658679c2f92f0dc960635c83ed07a2d2f5f1511378,a7676adf7325bfb343f6c417192d290b066bce867e21167f03dea860d196b49e,0,8,0.3,3672,3285,1377,0.4357298474945534,0.4357298474945534,0.0,12.0,12.0,0,False,1.171023965141612,1.171023965141612,0.0,23.0,23.0,0,False,8,38,30,1.171,23.0,31.455,0,False,345.0182,0.0,987b8b23023be7b078ce3ecbed4bab8639332f903befc1ac41ac3f2da965b491,3.331
TMYx,semi,run_1268,random64,8.672107632349496,6.077241426467557,2.800377196115221,248.79991969356283,0.3247953487491061,0.0219064414200164,0.0826480006959761,0.1562970222400376,2.814679622664271,0.6718729366355661,0.6906200825760328,0.0011846727722075,0.1220025434097146,0.2148351272313768,shade_off,ok,60038cffca7dad54dfac1cf0af7a82ccfefed46e7420a9fbf42688963a56d4e9,a7676adf7325bfb343f6c417192d290b066bce867e21167f03dea860d196b49e,0,8,0.3,3672,3285,1377,1.9607843137254901,1.9607843137254901,0.0,31.0,31.0,0,False,2.5326797385620914,2.5326797385620914,0.0,41.0,41.0,11,True,32,33,1,2.5327,41.0,33.237,11,True,64.081,0.0,a5cc1f9dc2a474f95a0af4f922c914419f41cc4a941a77674eb67ae193acd33b,3.301
TMYx,semi,run_1274,random64,6.241960005906613,10.399629191334888,2.8831521889224567,182.0303542420824,0.3893387920102038,0.2765961269867158,0.2263723592999344,0.0811994462666564,1.6006253230049623,0.428158997554932,0.6483239736954343,0.0098985746010797,0.660318092457969,0.5707357570475454,shade_off,ok,0dc0add6db92c14706c3d7ccdbb848035241db866249ee44328ba8006ae8428a,a7676adf7325bfb343f6c417192d290b066bce867e21167f03dea860d196b49e,0,8,0.3,3672,3285,1377,0.054466230936819175,0.054466230936819175,0.0,6.0,6.0,0,False,0.2995642701525054,0.2995642701525054,0.0,11.0,11.0,0,False,2,2,0,0.2996,11.0,29.957,0,False,225.5938,0.0,697facdf2efbe74510bf18205b0a5d6f7667bf1deb0b0353900c350a8118c354,3.34
TMYx,semi,run_1295,random64,9.700875846736846,11.393976617728896,2.625245447765509,15.055808046872396,0.1106551028886222,0.1052395899485283,0.0428257154219093,0.0339409350855904,4.282889671851096,0.2731703980561324,0.697609692323854,0.0071462703374351,0.7016648928179255,0.864958402476004,shade_off,ok,98c0478e20a2200eeb785feb0bf8cb9ef0cd7643ae18dd018e699db812d41f0c,a7676adf7325bfb343f6c417192d290b066bce867e21167f03dea860d196b49e,0,8,0.3,3672,3285,1377,0.0,0.0,0.0,0.0,0.0,0,False,0.054466230936819175,0.054466230936819175,0.0,5.0,5.0,0,False,1,1,0,0.0545,5.0,29.203,0,False,32.597,0.0,13eced604a9bf052a22a1bb8f950cdc515cb87b2816af61e9a8d78d345fccd7b,3.086
TMYx,semi,run_1311,random64,9.165362455102658,7.340987815898325,2.8133939339727108,305.0567196793675,0.1889324964091247,0.0323126599434309,0.1588020548110891,0.026092481744294,1.1716059785701818,0.6238515161870499,0.5930562544217899,0.0094844252584585,0.5560536106491164,0.7347389973183898,shade_off,ok,4f9dddadccbff09165842e24424a17e55be978af4c9cb287558d9685ad46ae76,a7676adf7325bfb343f6c417192d290b066bce867e21167f03dea860d196b49e,0,8,0.3,3672,3285,1377,0.08169934640522876,0.08169934640522876,0.0,5.0,5.0,0,False,0.5446623093681917,0.5446623093681917,0.0,14.0,14.0,0,False,3,3,0,0.5447,14.0,30.659,0,False,84.1093,0.0,caeca8970ff3d3cb0c7123e99b6e7d9bf267b44031e81e22ffa6e76dc3a17c50,3.223
TMYx,semi,run_1388,random64,9.678814831103882,8.915890074047772,2.800541899467576,218.74280184445405,0.1098036268680505,0.2727958848646888,0.3439519392324434,0.136424623817726,2.406438737900367,0.2924614656342366,0.358399055620711,0.0107980260130701,0.4314042170048758,0.6522212139098633,shade_off,ok,f058c730eeb867ab11d551224ed93b5dffb7a06e0ba9b54601ca90ddf654c930,a7676adf7325bfb343f6c417192d290b066bce867e21167f03dea860d196b49e,0,8,0.3,3672,3285,1377,0.0,0.0,0.0,0.0,0.0,0,False,0.0,0.0,0.0,0.0,0.0,0,False,0,0,0,0.0,0.0,28.717,0,False,16.3522,0.0,7ae79381f2974606813d08df4048d108204605e5a5c2905a106fac4a0267d1ba,3.237
TMYx,semi,run_1391,random64,9.65754037174086,7.371418965081008,2.4723911477589064,245.60981709998856,0.1947631756497077,0.2039411843608119,0.1074218120281111,0.0162622533962714,4.722810987580656,0.4500350593640352,0.4151046102651455,0.0083872118280736,0.1148113999145338,0.1106668227864503,shade_off,ok,e4f92ae6c86045bfea2fb02aacdb3e4595bc4ddce50b7f516581dc27f5955fec,a7676adf7325bfb343f6c417192d290b066bce867e21167f03dea860d196b49e,0,8,0.3,3672,3285,1377,0.0,0.0,0.0,4.0,4.0,0,False,0.5718954248366013,0.5718954248366013,0.0,14.0,14.0,0,False,5,5,0,0.5719,14.0,30.405,0,False,27.919,0.0,1d459e6f9a2d4c87a0a85d2c2f19d0c6b67e0b4bd3ab66a1ff2db5ef1273af1e,3.191
TMYx,semi,run_1416,stress16,7.611423563474337,8.698251521688531,2.426406411760429,121.28644403903304,0.2515937716162215,0.0800541981528088,0.2307818781610998,0.0347059324643584,3.835273389438587,0.5544241075079898,0.5745584674183433,0.0058908240493479,0.1000232333706224,0.4592619165338935,shade_off,ok,7899384cf2e1efae575ef7d6c52924426a35f23b59d74483c7fee4c32a007409,a7676adf7325bfb343f6c417192d290b066bce867e21167f03dea860d196b49e,0,8,0.3,3672,3285,1377,0.08169934640522876,0.08169934640522876,0.0,5.0,5.0,0,False,0.6535947712418301,0.6535947712418301,0.0,13.0,13.0,0,False,11,11,0,0.6536,13.0,30.556,0,False,33.832,0.0,3cedb7d02e0ce2dfd70406f859c9de658673a1bb1faeea41226b00bf4d9c4f9e,3.203
TMYx,semi,run_1434,random64,9.159539081356815,6.688059520298238,2.9750873857625546,146.8680349805886,0.109342487245402,0.2408929006163872,0.3256769736107116,0.1251180578113211,1.4006317331367033,0.4093604062094604,0.6924091355483194,0.0058060970619586,0.7515582151715556,0.0608321572405057,shade_off,ok,fed13b9ab1646b6a0ff5a923db2ba324ac49c637a726adeeee2774f902729a88,a7676adf7325bfb343f6c417192d290b066bce867e21167f03dea860d196b49e,0,8,0.3,3672,3285,1377,0.0,0.0,0.0,0.0,0.0,0,False,0.0,0.0,0.0,4.0,4.0,0,False,0,0,0,0.0,4.0,29.117,0,False,50.436,0.0,bf5327522fd63f8283c12008971b34a191d449a04ee62c25e1cbb99502392070,3.342
TMYx,semi,run_1476,random64,8.896156594940386,11.970459088733485,2.620502673500708,170.28638121673248,0.269002831698218,0.1073848132959912,0.2221615330765761,0.0858084946392574,2.270012833340684,0.6822472892294835,0.5392405542224693,0.0094663221482832,0.4521300487922157,0.0581779318396109,shade_off,ok,56335d2039f6053f7cdce37c8f2b227885d7c4cd3468cd4b62c83e5541e8779b,a7676adf7325bfb343f6c417192d290b066bce867e21167f03dea860d196b49e,0,8,0.3,3672,3285,1377,0.054466230936819175,0.054466230936819175,0.0,6.0,6.0,0,False,0.40849673202614384,0.40849673202614384,0.0,12.0,12.0,0,False,2,2,0,0.4085,12.0,30.195,0,False,73.6406,0.0,0a3c3c63ddd86b9cc3265d806cc7459242a613134e845389589580bbd9e18688,3.334
TMYx,semi,run_1497,random64,7.421317417293777,10.6593604485645,2.9548445771602987,261.1277326472027,0.2244213548236318,0.2418386953001862,0.2465311795559595,0.0147862579323263,2.8483385115597724,0.4803905389117479,0.4721117267540718,0.0077261404064099,0.4160685386235552,0.2127917230392205,shade_off,ok,a164799e1cfa6ff16be81fa245bc6525fa1643b745331b8458a19f60a6328619,a7676adf7325bfb343f6c417192d290b066bce867e21167f03dea860d196b49e,0,8,0.3,3672,3285,1377,0.054466230936819175,0.054466230936819175,0.0,4.0,4.0,0,False,0.40849673202614384,0.40849673202614384,0.0,12.0,12.0,0,False,1,1,0,0.4085,12.0,30.27,0,False,60.3895,0.0,4a6a44f61b4b1b1a09c758f332c369ec9cde9b2e64832bad81a675709a9d75d6,3.253
TMYx,semi,run_1506,stress16,6.2866920665226385,7.327960484063865,2.5822380381929033,189.673299274303,0.3538022528888858,0.2874668373726368,0.1967792742001886,0.1471820880565589,0.8240748358340548,0.6355675011074757,0.8989283259639178,0.0069614963780197,0.553966653681584,0.1297716817744924,shade_off,ok,79aebc8372a2c2e0bbf95f2a38b98849de7c9d39a2a21a794487caf5d0e000f4,a7676adf7325bfb343f6c417192d290b066bce867e21167f03dea860d196b49e,0,8,0.3,3672,3285,1377,0.6535947712418301,0.6535947712418301,0.0,17.0,17.0,0,False,1.4978213507625273,1.4978213507625273,0.0,23.0,23.0,0,False,22,188,166,1.4978,23.0,31.292,0,False,442.3192,0.0,a7a379522eebde4d1cd80dc0fd5f0112c1d4169d40e41f5ae1918268a09fe08c,3.612
TMYx,semi,run_1521,stress16,9.012734726045109,9.28296620531424,2.915879467533671,0.136299530314857,0.3824926050117646,0.1021758966296917,0.2940879731173014,0.1904610869987471,1.664067808950167,0.4572585928006668,0.8515223334861499,0.0062513542391962,0.5638087322452537,0.6878542590040975,shade_off,ok,23cf27d81d8b5941e9b4ab0a95902443eda08b35c6f3398aa89cb94b349f7a5c,a7676adf7325bfb343f6c417192d290b066bce867e21167f03dea860d196b49e,0,8,0.3,3672,3285,1377,0.10893246187363835,0.10893246187363835,0.0,5.0,5.0,0,False,0.7625272331154684,0.7625272331154684,0.0,16.0,16.0,0,False,1,1,0,0.7625,16.0,30.865,0,False,178.7278,0.0,7016e005723b3b90fcd6b3a2991b9adc03d63f956ac73500639032c30613bfef,3.382
TMYx,semi,run_1525,random64,6.457818039323073,8.809230062809032,2.562716674463898,49.7482730803186,0.2403944250818863,0.2846260247543987,0.3217419947342414,0.1387539273115936,1.7741620338632282,0.2609813408015647,0.5792514428957727,0.0024585619456096,0.2421969198902897,0.8231806734055043,shade_off,ok,0fea8247f6432d3a00603befaca3336b8273ca29deb98b3ade749693e042314f,a7676adf7325bfb343f6c417192d290b066bce867e21167f03dea860d196b49e,0,8,0.3,3672,3285,1377,0.0,0.0,0.0,0.0,0.0,0,False,0.08169934640522876,0.08169934640522876,0.0,5.0,5.0,0,False,0,0,0,0.0817,5.0,29.361,0,False,28.3673,0.0,ffa5a3952873c83174e92022db49bd636f25066b929438e82304ed8c4cd0f147,3.277
TMYx,semi,run_1560,random64,8.618546381821407,6.051034448405187,2.563634775254617,139.91787914607664,0.3728893152141903,0.0570155616799874,0.2154460301853953,0.1479278899395301,4.058721782989339,0.6659321263772808,0.7110283895432115,0.0073155256822709,0.1839498514363129,0.1617868224834594,shade_off,ok,691199e52c62ef4a2762a74beeb3105b0829c81d701423c94c8b2715d6fb7a5e,a7676adf7325bfb343f6c417192d290b066bce867e21167f03dea860d196b49e,0,8,0.3,3672,3285,1377,1.0348583877995643,1.0348583877995643,0.0,22.0,22.0,0,False,1.6067538126361656,1.6067538126361656,0.0,29.0,29.0,0,False,12,12,0,1.6068,29.0,31.995,0,False,87.6753,0.0,8de93dd07fe02cdd0cf3724988996ff76c7a7d9ab84d7a9faea4751b9bf43178,3.352
TMYx,semi,run_1586,random64,7.747757047886595,11.109613081305676,2.9866762545648577,108.774751399816,0.1181454529476654,0.1724322000054217,0.293250208478728,0.0738549335860083,1.3729096971837715,0.6260524756906012,0.790159768280496,0.0036748512051892,0.4427272594461767,0.8603068835744438,shade_off,ok,d89f3df50ade0f4cf1d2d049ab9d5191152a8b32962c174dd9b1b9863647db30,a7676adf7325bfb343f6c417192d290b066bce867e21167f03dea860d196b49e,0,8,0.3,3672,3285,1377,0.0,0.0,0.0,0.0,0.0,0,False,0.08169934640522876,0.08169934640522876,0.0,5.0,5.0,0,False,2,2,0,0.0817,5.0,29.379,0,False,24.3706,0.0,1b0076f5a6fa7ced432eb7dc56d45dcbee093584c60c85dccc43a1e5f77669d8,3.238
TMYx,semi,run_1590,random64,7.984975108428764,7.272084694858215,2.9967721614941327,16.420420319362826,0.374850431931708,0.2382439942207673,0.1776304878605744,0.1160904554759672,4.877151087201141,0.6916489142509208,0.5069503827545674,0.0011912769261439,0.3291501951241186,0.2604131781675038,shade_off,ok,9212fee8b641d93a8fb08a5f166c8d11374afccfb95cad0cad9c69b7ca7b94ad,a7676adf7325bfb343f6c417192d290b066bce867e21167f03dea860d196b49e,0,8,0.3,3672,3285,1377,1.1437908496732025,1.1437908496732025,0.0,20.0,20.0,0,False,2.1241830065359477,2.1241830065359477,0.0,31.0,31.0,3,True,3,3,0,2.1242,31.0,32.764,3,True,131.2094,0.0,4fb0f4134ab3c7561fde4997ebf64a0f249b2aa651311f6a79a90c1cc97f367a,3.288
TMYx,semi,run_1644,random64,6.39767913222991,11.797192158414513,2.8741057290164034,172.93019711264748,0.2443328744309624,0.252661328529406,0.2135477168394144,0.1397092179377648,1.093053406242568,0.5224268206844807,0.6239387086788434,0.0026953973078216,0.5019253197830181,0.9038595290358232,shade_off,ok,aae9350f149da4491ea2770237a8c4f99cd3cb5c8a003038d8de4e62ed736a9e,a7676adf7325bfb343f6c417192d290b066bce867e21167f03dea860d196b49e,0,8,0.3,3672,3285,1377,0.0,0.0,0.0,2.0,2.0,0,False,0.08169934640522876,0.08169934640522876,0.0,7.0,7.0,0,False,0,2,2,0.0817,7.0,29.549,0,False,96.7346,0.0,b08a27110ac653231a8539c949b4f3b070c2c2bbb5dfee55b955769d5834a9c3,3.436
TMYx,semi,run_1646,random64,7.704557801580717,7.128280265544657,2.985540612715578,90.2906293972771,0.2105791800179474,0.0205307922429049,0.2339133981377427,0.0889463263478779,3.2049811873074887,0.2345347956220673,0.7570779081491665,0.0090267774481236,0.1607423062503069,0.6682748532100452,shade_off,ok,03518584a43887eb29acda4c5d91299d3e71e2b87ae7490de3f1b17c80185281,a7676adf7325bfb343f6c417192d290b066bce867e21167f03dea860d196b49e,0,8,0.3,3672,3285,1377,0.0,0.0,0.0,0.0,0.0,0,False,0.08169934640522876,0.08169934640522876,0.0,5.0,5.0,0,False,2,2,0,0.0817,5.0,29.512,0,False,69.0076,0.0,1c5fb372410625bebe8edc5e1f4a902f65541c833285a3896daa1df80d3d95f5,3.171
TMYx,semi,run_1649,random64,9.736147602912038,10.293830928868562,2.662571832425947,261.8578276782381,0.3568398205583376,0.1736460837266733,0.0292153490257981,0.1395424927110858,3.027824367046392,0.3485365751342671,0.5736479117806575,0.0093034189208943,0.1802858271940285,0.2413181201408213,shade_off,ok,1dd8500db5e0fc7933fc6f5a3601c41345cb32dea6c2516088b65517dab99fa6,a7676adf7325bfb343f6c417192d290b066bce867e21167f03dea860d196b49e,0,8,0.3,3672,3285,1377,0.10893246187363835,0.10893246187363835,0.0,7.0,7.0,0,False,0.5718954248366013,0.5718954248366013,0.0,15.0,15.0,0,False,4,4,0,0.5719,15.0,30.593,0,False,44.0006,0.0,2bafa651d555d902769519455a332dc1e8a0d328633986779c5966841d54de5c,3.296
TMYx,semi,run_1739,random64,7.0067584701546775,7.896320285135133,2.607552142148133,280.19987496754726,0.1450303105282448,0.1623355493384067,0.0470016966853491,0.0487067994752944,4.395256339439079,0.3917146171940208,0.4653154678313737,0.0018438971710637,0.2816835467096806,0.9364410289315754,shade_off,ok,8617e2ef6e4f308ce86fc593ec7ca3c108735e505729c6a2dc656f85ab5883eb,a7676adf7325bfb343f6c417192d290b066bce867e21167f03dea860d196b49e,0,8,0.3,3672,3285,1377,0.0,0.0,0.0,0.0,0.0,0,False,0.08169934640522876,0.08169934640522876,0.0,5.0,5.0,0,False,2,2,0,0.0817,5.0,29.408,0,False,34.3798,0.0,ef91c200de3f94144e115cd73d9345e81e9a53d81f8661e77df525f172a7898b,3.093
TMYx,semi,run_1746,random64,6.23256062077348,7.414538430795666,2.655653759263532,340.754870353403,0.13092892283432,0.2982663087100041,0.1605365316546335,0.0545709109003138,2.521385471538734,0.5672064169838165,0.8340818965891381,0.0087833495903115,0.3674619067684775,0.3091781887796459,shade_off,ok,b35e53a886592edfcb3d6fcb7236da3dca668566d37b4b7e96d91b91313c9d1e,a7676adf7325bfb343f6c417192d290b066bce867e21167f03dea860d196b49e,0,8,0.3,3672,3285,1377,0.0,0.0,0.0,3.0,3.0,0,False,0.24509803921568626,0.24509803921568626,0.0,11.0,11.0,0,False,2,2,0,0.2451,11.0,30.072,0,False,35.4489,0.0,414c7caab1cb217560cb9b03e0d6432a8aa83359bc2d8ce725a3f6af52a30555,3.35
TMYx,semi,run_1748,random64,8.865043866167335,9.32232367224116,2.411805454746041,285.0228183144822,0.2601155219316617,0.0241020441173013,0.3259814484022454,0.0106359142239752,1.871163696480397,0.666161525830226,0.7796183023181407,0.0104967871326783,0.4218745196949143,0.1008415346970952,shade_off,ok,c716c63e51262e65906793a39c353cf13b3505fccb1dc024383f10ca9bd7eedd,a7676adf7325bfb343f6c417192d290b066bce867e21167f03dea860d196b49e,0,8,0.3,3672,3285,1377,0.27233115468409586,0.27233115468409586,0.0,9.0,9.0,0,False,1.252723311546841,1.252723311546841,0.0,21.0,21.0,0,False,9,10,1,1.2527,21.0,31.353,0,False,89.4692,0.0,b1131710e774fbe8719bde842ec2b4fc17c0adfa64c05b5ed63d8709aa3e8b48,3.312
TMYx,semi,run_1757,random64,8.689011587231436,9.670794600545737,2.8367080033490657,223.1820686943364,0.2790156756182473,0.233231484877794,0.2229056782795074,0.0219445143738869,2.4426468738886213,0.695436098987765,0.4138722842570862,0.0021376128078927,0.7624905536858017,0.3826218271406786,shade_off,ok,5ab7181c8d90bb02ae3e4ba5bde45b0b49882bb9bb0c4ab47f1e667a7046e2da,a7676adf7325bfb343f6c417192d290b066bce867e21167f03dea860d196b49e,0,8,0.3,3672,3285,1377,0.2995642701525054,0.2995642701525054,0.0,12.0,12.0,0,False,0.9259259259259258,0.9259259259259258,0.0,18.0,18.0,0,False,5,19,14,0.9259,18.0,30.994,0,False,244.9052,0.0,9c8b3cea0a7823c29813a88be355833cfdcd90440eac9a8b6c1344eb64e4279a,3.334
TMYx,semi,run_1759,random64,7.770853395902289,11.734651985798616,2.640716419960252,358.1951472874119,0.2392442626409085,0.0619317660019336,0.2680148272014561,0.0713851201696387,3.692960708429269,0.309230268935296,0.8284867367488444,0.0042700449738642,0.1941970618042965,0.3098326417434174,shade_off,ok,309b5639c092e539f004c2b46287d4407afbcb3170c044d6dd4149d65c281f83,a7676adf7325bfb343f6c417192d290b066bce867e21167f03dea860d196b49e,0,8,0.3,3672,3285,1377,0.0,0.0,0.0,0.0,0.0,0,False,0.2178649237472767,0.2178649237472767,0.0,6.0,6.0,0,False,2,2,0,0.2179,6.0,29.785,0,False,29.9939,0.0,fc1bd55eea82f78c6d464142f1b97622e16f8fb0e7294534cee1b02f9d83d223,3.205
TMYx,semi,run_1762,random64,9.10299394629691,6.779582727335279,2.989275662945607,119.36711299854213,0.2896453149172316,0.2698470947551495,0.1312331561461008,0.1120147306410807,3.947758679951738,0.3260696200660214,0.871151367818841,0.0024798400021639,0.4952905773332156,0.7995979321668514,shade_off,ok,c152814d31d7e905df0c6cc8998524cdbd515f261753ebdef9067042aeb89b69,a7676adf7325bfb343f6c417192d290b066bce867e21167f03dea860d196b49e,0,8,0.3,3672,3285,1377,0.08169934640522876,0.08169934640522876,0.0,5.0,5.0,0,False,0.1906318082788671,0.1906318082788671,0.0,10.0,10.0,0,False,0,0,0,0.1906,10.0,30.198,0,False,77.094,0.0,b2dcb4175967249eae81e0c7c0a41fe4dd9725e000b44f04aea9264fa8d4bb1d,3.36
TMYx,semi,run_1801,stress16,6.00576001816857,7.013962111137016,2.7433188979982543,109.1497624166458,0.1602648638294917,0.1227865119203586,0.3499141985699189,0.1295636363487694,1.1038623265201388,0.6054454417845063,0.4641422082425226,0.0116755889462249,0.6213755463936661,0.0271509346069509,shade_off,ok,33a270812abd4125a8d93800c502b5f8e675c253e716135762de2d9242141bf7,a7676adf7325bfb343f6c417192d290b066bce867e21167f03dea860d196b49e,0,8,0.3,3672,3285,1377,0.08169934640522876,0.08169934640522876,0.0,5.0,5.0,0,False,0.24509803921568626,0.24509803921568626,0.0,11.0,11.0,0,False,1,1,0,0.2451,11.0,30.118,0,False,89.5848,0.0,0b268989cf6cfda4a7f84bf4a1f4f2e8693fbd0e184a8a06a692f115f984325f,3.296
TMYx,semi,run_1809,random64,8.559445934201257,9.220111033851431,2.6174590371645094,260.51262344046665,0.1774145506572762,0.1237493562166303,0.3444827827829553,0.039503380978057,2.6965991092332593,0.3413065878960307,0.312273471145697,0.0096244804108213,0.5147813503211555,0.6028242920670521,shade_off,ok,2d47fc97260fbb4d186c7e129bc3a635e234c66eb2dd95bd039cb9bb4830554a,a7676adf7325bfb343f6c417192d290b066bce867e21167f03dea860d196b49e,0,8,0.3,3672,3285,1377,0.0,0.0,0.0,0.0,0.0,0,False,0.054466230936819175,0.054466230936819175,0.0,4.0,4.0,0,False,0,0,0,0.0545,4.0,29.291,0,False,36.0801,0.0,8c7413551438aa746efe0112be2b4834d5c2e86ae293df41553ed0b5fd85b604,3.238
TMYx,semi,run_1813,random64,6.183853880457327,6.041757376136944,2.996197412195417,18.45093673997505,0.1269063653778326,0.2359317992988121,0.2993517751632163,0.0532381299634875,2.3671403541710943,0.2805814000617515,0.7751595903775934,0.0088623444481291,0.6776984175575665,0.513229652325849,shade_off,ok,e15e6097f2782ac5101fa88d5454a8f473cb35842873211cd8e974a61409d375,a7676adf7325bfb343f6c417192d290b066bce867e21167f03dea860d196b49e,0,8,0.3,3672,3285,1377,0.0,0.0,0.0,0.0,0.0,0,False,0.054466230936819175,0.054466230936819175,0.0,4.0,4.0,0,False,0,0,0,0.0545,4.0,29.292,0,False,42.9203,0.0,8d5212a722d6060e22c93def9bd1fd47b82c7d2a42c08076091b57cc365d6f10,3.251
TMYx,semi,run_1851,random64,9.203475309979774,8.126740176489259,2.515033518371454,173.65265235192354,0.3260689792526782,0.0885557723085899,0.2437944100102807,0.0742750911743195,4.731739904063382,0.5087623134456867,0.4327765286791063,0.0083422560500987,0.7721184990131026,0.1324354075633587,shade_off,ok,1d782cb08f59e4dbbdd8e22bd2e6095e8975ba9eab83f901f25d08b0108a9c2b,a7676adf7325bfb343f6c417192d290b066bce867e21167f03dea860d196b49e,0,8,0.3,3672,3285,1377,0.10893246187363835,0.10893246187363835,0.0,7.0,7.0,0,False,0.3540305010893246,0.3540305010893246,0.0,13.0,13.0,0,False,0,0,0,0.354,13.0,30.061,0,False,123.9238,0.0,189422280677cc8e053f4de6d691742e20c767bea3116c5002f6a847034607f2,3.231
TMYx,semi,run_1864,random64,6.678309111984476,9.701169101100144,2.688116929277827,134.80691493465332,0.2652985821920491,0.20779816880664,0.234577135985692,0.1895076859779048,3.2922132632933643,0.4267807981359379,0.7891846397409084,0.0070545148468507,0.4021872024899956,0.3813972683369584,shade_off,ok,ff574f34bdcfadd45036d5337a8965c51ed791d7b2bd776b70ee9e30ed710375,a7676adf7325bfb343f6c417192d290b066bce867e21167f03dea860d196b49e,0,8,0.3,3672,3285,1377,0.0,0.0,0.0,4.0,4.0,0,False,0.13616557734204793,0.13616557734204793,0.0,9.0,9.0,0,False,0,0,0,0.1362,9.0,29.776,0,False,59.1295,0.0,24a87dee42543abb4574db593b7ed829ee6941985bfb6e61d4f6fc3a9bdbecdd,3.403
TMYx,semi,run_1865,random64,8.82547862022751,9.753981614836256,2.7591122341658165,157.9041342237432,0.3438813786429799,0.2158546792043205,0.2138580906954928,0.0992738610007614,2.306245853937516,0.6386320518895993,0.8154346774417618,0.0093635246799744,0.2130728999901633,0.437296282659448,shade_off,ok,d71867f8cfeff58a10494e269d942ff101cb2a29f7dcddf6850f38513d04f5b5,a7676adf7325bfb343f6c417192d290b066bce867e21167f03dea860d196b49e,0,8,0.3,3672,3285,1377,0.27233115468409586,0.27233115468409586,0.0,11.0,11.0,0,False,0.8986928104575163,0.8986928104575163,0.0,19.0,19.0,0,False,8,9,1,0.8987,19.0,30.692,0,False,56.533,0.0,9da6d4a268b6fac27ab3ecad8403a421b3df9b9e1c4616ba8163ae88429cd311,3.51
TMYx,semi,run_1866,random64,6.074547528578014,10.39441441632774,2.9074407631648413,29.82417569741127,0.3735980910175824,0.056916595305462,0.2253344693331766,0.0278639344015534,3.486301963586633,0.5140651187186196,0.6700640003904912,0.006735074923467,0.6647864729323955,0.2008978179182478,shade_off,ok,acba3f17af23de22076be3864c2590a7d0d8d2340203e2a3b315b8ff3b2262b2,a7676adf7325bfb343f6c417192d290b066bce867e21167f03dea860d196b49e,0,8,0.3,3672,3285,1377,0.24509803921568626,0.24509803921568626,0.0,11.0,11.0,0,False,1.0076252723311547,1.0076252723311547,0.0,20.0,20.0,0,False,1,1,0,1.0076,20.0,31.631,0,False,143.7757,0.0,6e25fab285bdec597696e7a8c93c2d343513c5c3d06f02926366252bbab7d3df,3.185
TMYx,semi,run_1911,random64,9.625788696509844,8.99756568811846,2.6870274763916577,51.13562564563569,0.1036336243021498,0.2691032643035131,0.2909092323704428,0.0553225405296898,0.9451537467761352,0.213096661780196,0.6746484122958563,0.0027892586699717,0.3857168502796336,0.6987056326408935,shade_off,ok,95b754793233d9d005cbd31b14945030b4b9e4a63c94ac353dd9cfd9fbf67db9,a7676adf7325bfb343f6c417192d290b066bce867e21167f03dea860d196b49e,0,8,0.3,3672,3285,1377,0.0,0.0,0.0,0.0,0.0,0,False,0.0,0.0,0.0,0.0,0.0,0,False,0,0,0,0.0,0.0,28.613,0,False,12.8842,0.0,da5e034292fd14f1f759e13716401995ee99229a9f33a6fc6af93e8d43910119,3.253
TMYx,semi,run_1941,stress16,8.513957236747029,6.406912918790103,2.9573824657987817,227.30992581477113,0.3814391502066491,0.1130363137032005,0.3436613789388585,0.0360638430621394,3.8372150666790352,0.6925245091293201,0.8339536192169092,0.0057582855884426,0.5537019522177968,0.4107181886048088,shade_off,ok,177eb00212bf8458e39d0b20f04190ed9304304c468339a20cf6829258cb156a,a7676adf7325bfb343f6c417192d290b066bce867e21167f03dea860d196b49e,0,8,0.3,3672,3285,1377,1.2254901960784315,1.2254901960784315,0.0,21.0,21.0,0,False,2.0152505446623095,2.0152505446623095,0.0,28.0,28.0,2,True,6,6,0,2.0153,28.0,32.528,2,True,323.5864,0.0,2643564ee81c7d79a9fa6b673c4ef72f811cba29592b20f4a36e796ed8f84e02,3.315
TMYx,semi,run_1952,random64,6.90071229300299,6.937283565323205,2.560373385344838,346.0353191567952,0.2877198939545087,0.2888430195687625,0.1275638899296872,0.0713325995335073,4.595601180263259,0.2098584867753312,0.4525467845450036,0.0051246806394883,0.2908505919263405,0.91113436469536,shade_off,ok,13fe8b6988ee2a54c82c9ae96e4e5a25d001e49320a24717a493a3605148d837,a7676adf7325bfb343f6c417192d290b066bce867e21167f03dea860d196b49e,0,8,0.3,3672,3285,1377,0.0,0.0,0.0,2.0,2.0,0,False,0.08169934640522876,0.08169934640522876,0.0,5.0,5.0,0,False,0,0,0,0.0817,5.0,29.484,0,False,51.1549,0.0,f189030466f1e2f41012482062880ec481aa0bd33c297fe7ad965ce556c6c343,3.147
TMYx,detached,run_0000,stress16,8.290452087902889,9.418683364680744,2.7012424206240264,22.194473754769316,0.1796358733978168,0.0781535347590126,0.0281263147984265,0.1023603238909987,3.7187309613713815,0.2848874035155261,0.8851887605927302,0.0041794027925613,0.4679746472079719,0.7780886191933646,vent_rotation,ok,34e4bb48c189108b000217e46205031db245648fb8d17873cc0a058833ee4c84,a7676adf7325bfb343f6c417192d290b066bce867e21167f03dea860d196b49e,0,8,0.3,3672,3285,1377,0.0,0.0,0.0,1.0,1.0,0,False,0.13616557734204793,0.13616557734204793,0.0,9.0,9.0,0,False,1,1,0,0.1362,9.0,29.92,0,False,61.9325,0.0,ae5c73844ed51c4e685d38adb3d3a3caba68efa55d8cd6bd368910a9d6a795a8,3.122
TMYx,detached,run_0015,random64,7.108611475128714,6.493256650172337,2.557740067304502,196.7752575852872,0.3508426889305577,0.0691978473194322,0.1775662031153719,0.1504932433886532,1.1382521186428864,0.3634006054515437,0.3251097153924657,0.0053423127877505,0.7756179975255327,0.2215221883714765,vent_rotation,ok,c46be19efb76792273d4ac2838162ba393364dcc74cf7aeb9bf227d6769c92f6,a7676adf7325bfb343f6c417192d290b066bce867e21167f03dea860d196b49e,0,8,0.3,3672,3285,1377,0.16339869281045752,0.16339869281045752,0.0,9.0,9.0,0,False,0.3812636165577342,0.3812636165577342,0.0,12.0,12.0,0,False,0,0,0,0.3813,12.0,30.365,0,False,415.9566,0.0,0ae48d0a46ca58f7b6fed142d727d26b64c515fa43b8cd19fd5032c3a2e1044a,3.158
TMYx,detached,run_0023,random64,8.817343277589991,7.85539369563051,2.609145431853368,18.96253427869918,0.1742793412258079,0.1120027552699704,0.044072150885244,0.1176076252166526,3.9736567243591487,0.2414493988517185,0.6054915605613544,0.0048067660451242,0.6942537640069445,0.341692810129729,vent_rotation,ok,5ea2c4c45a095b5f5d1cfb7d8fdf5f0f86ab11376c5078bf848c122a9cee77cc,a7676adf7325bfb343f6c417192d290b066bce867e21167f03dea860d196b49e,0,8,0.3,3672,3285,1377,0.0,0.0,0.0,0.0,0.0,0,False,0.08169934640522876,0.08169934640522876,0.0,5.0,5.0,0,False,0,0,0,0.0817,5.0,29.382,0,False,61.3084,0.0,6997cbd3640794478b09452a34b1494a034e0035e691e147f727b8446022651d,2.987
TMYx,detached,run_0029,stress16,8.203432183124272,6.408489310261017,2.8640680741404387,300.7801611485146,0.150600147289584,0.0170107318727439,0.045297803381865,0.0140947818271048,0.8776391010432707,0.6886897929854896,0.5132570934374501,0.0061052277763261,0.1044806285204754,0.4880446808864345,vent_rotation,ok,aad5bdf7e7a321f0b4256b2ae59098a660cfaf698795989a04c8274001f19275,a7676adf7325bfb343f6c417192d290b066bce867e21167f03dea860d196b49e,0,8,0.3,3672,3285,1377,0.24509803921568626,0.24509803921568626,0.0,11.0,11.0,0,False,0.7080610021786492,0.7080610021786492,0.0,19.0,19.0,0,False,19,19,0,0.7081,19.0,30.887,0,False,57.1812,0.0,d75f8622c1594a1c37dc8d19436d361eb03995037fe4eccb9dc310831ec13ae4,3.226
TMYx,detached,run_0044,random64,6.030500032924129,7.408960521416061,2.7665628390675407,74.51262954714856,0.1781833985308706,0.2384489935374365,0.232027349722457,0.1662308275216616,3.706446374343945,0.2801471059994515,0.6879618953548321,0.0077865334940022,0.7588555884014518,0.4235989701065071,vent_rotation,ok,002b8870a4fc54352c6a5690a7e31ae4a38ec69e01ac5906e33eb8eecefaa90d,a7676adf7325bfb343f6c417192d290b066bce867e21167f03dea860d196b49e,0,8,0.3,3672,3285,1377,0.0,0.0,0.0,3.0,3.0,0,False,0.054466230936819175,0.054466230936819175,0.0,4.0,4.0,0,False,0,0,0,0.0545,4.0,29.315,0,False,73.4842,0.0,bb62e53eb216bbbb9998bd732b3ce7e84e94de1f43f945cd681dcd1ced78fac9,2.892
TMYx,detached,run_0063,random64,6.5621292372608675,6.65259707923012,2.866440977345775,291.8921029230811,0.2605908839526111,0.2904109892395112,0.2396360333811598,0.1130099666030276,4.144587096716162,0.654011275402036,0.4712269209763924,0.0014834559152219,0.54773627340295,0.5710594819740411,vent_rotation,ok,876b6d6880c336b703b447c4b6a1ed2227a5b89cb82a605daecb3e2e51849b0e,a7676adf7325bfb343f6c417192d290b066bce867e21167f03dea860d196b49e,0,8,0.3,3672,3285,1377,0.27233115468409586,0.27233115468409586,0.0,12.0,12.0,0,False,0.5446623093681917,0.5446623093681917,0.0,17.0,17.0,0,False,0,0,0,0.5447,17.0,30.798,0,False,241.1967,0.0,c8f18382f9b0f7a183fd9f4aba6dd9826aa92992246565ce91b7c0e097bacbf7,3.016
TMYx,detached,run_0092,random64,9.93309790699963,8.182296197308714,2.457461454626565,111.121424386233,0.215416840146493,0.1614784962457293,0.2067813187440635,0.1045840336851818,2.5155012564866768,0.5247084843418965,0.6042830658593564,0.0091103599680866,0.403724911359604,0.9002186637947126,vent_rotation,ok,db1e009cef6f009cb9ed7cb57d6d060f3a86ec12bdaf65138d8809d8628550cd,a7676adf7325bfb343f6c417192d290b066bce867e21167f03dea860d196b49e,0,8,0.3,3672,3285,1377,0.0,0.0,0.0,2.0,2.0,0,False,0.10893246187363835,0.10893246187363835,0.0,5.0,5.0,0,False,0,0,0,0.1089,5.0,29.577,0,False,58.4991,0.0,19023ccb57ef3d41ce59147fd77aad36f7de87a1f36c7d7702c2a0b12b65646f,2.964
TMYx,detached,run_0095,random64,6.3624501841932375,11.842510228563462,2.491939053622874,295.7462251283733,0.2198554630131667,0.0400359318923531,0.1494445134899256,0.1850285440940413,4.185455890408224,0.5956563840158877,0.8831696681502195,0.0061710397040376,0.4456313827570233,0.3457178036598204,vent_rotation,ok,34c316ba50441ccbe9e561c8844453bed772d827e18c9081844f93892558bb6e,a7676adf7325bfb343f6c417192d290b066bce867e21167f03dea860d196b49e,0,8,0.3,3672,3285,1377,0.08169934640522876,0.08169934640522876,0.0,6.0,6.0,0,False,0.40849673202614384,0.40849673202614384,0.0,12.0,12.0,0,False,1,1,0,0.4085,12.0,30.238,0,False,87.6078,0.0,762fff956816717bcf9eb07ade2eec2bbf986fc30be9803d0f85e4c834edd332,3.019
TMYx,detached,run_0132,stress16,9.299175482807073,9.44472107084308,2.6246307962624016,120.97695746647544,0.359724968552603,0.1373453664935816,0.0250244188438973,0.1090851112819592,4.432529714102253,0.6489282768966091,0.8546248700739805,0.0100735542076731,0.2380461443404612,0.205503238738427,vent_rotation,ok,17788ee042d4aadfbc4338dc2b09bbb0f75f6bed38b7779a01a4b9cff49b3340,a7676adf7325bfb343f6c417192d290b066bce867e21167f03dea860d196b49e,0,8,0.3,3672,3285,1377,0.7080610021786492,0.7080610021786492,0.0,19.0,19.0,0,False,1.3071895424836601,1.3071895424836601,0.0,27.0,27.0,0,False,5,5,0,1.3072,27.0,31.965,0,False,102.1866,0.0,93c855695004e01ef771c17d1fd5a0c9c38dbb2f0c0acf9b31225ae65b589cdd,3.321
TMYx,detached,run_0169,random64,7.695473365435487,11.227744275625916,2.4943900256809504,33.74614022217156,0.1572306658104784,0.0421425997389778,0.1619378594004896,0.0133961689752927,3.577533400781542,0.3919625146305164,0.533438368709399,0.0108911883433449,0.1066031747510421,0.8986530703328954,vent_rotation,ok,9e6c8dfc314511d2e3d719ab0c36ba52e816ec09ebed604f9a005aec0d513179,a7676adf7325bfb343f6c417192d290b066bce867e21167f03dea860d196b49e,0,8,0.3,3672,3285,1377,0.0,0.0,0.0,0.0,0.0,0,False,0.0,0.0,0.0,4.0,4.0,0,False,2,2,0,0.0,4.0,29.305,0,False,42.4551,0.0,4be767294b99766f3b28fe1c38bea6e35fca15a4dbad55a545facc9655c21334,2.95
TMYx,detached,run_0171,random64,7.494809621295749,11.22002626611558,2.7470227147731485,103.10589157010632,0.254781411116087,0.1019944879351144,0.3370655776713539,0.0445047342704688,4.389418546125397,0.6060268646263012,0.3276582681904973,0.005932140031043,0.3357054429082935,0.5638512940204532,vent_rotation,ok,316518cbb73bb023356c335cc49fb952eedf9e1b09e0223b8ea38e7f07c71bef,a7676adf7325bfb343f6c417192d290b066bce867e21167f03dea860d196b49e,0,8,0.3,3672,3285,1377,0.10893246187363835,0.10893246187363835,0.0,6.0,6.0,0,False,0.3812636165577342,0.3812636165577342,0.0,12.0,12.0,0,False,0,0,0,0.3813,12.0,30.155,0,False,73.5954,0.0,b39d28ed930ebb5b5a35c64b24e6c9914b10af79bd8f1152020139e4e94dec26,2.973
TMYx,detached,run_0172,random64,9.655340429240898,7.24820416689231,2.42469543122848,172.6245737256148,0.1639874631194922,0.1196870715518636,0.3172583437442636,0.1578098077295352,0.9402029258114942,0.4028680909098489,0.8765797877084602,0.0023588769593888,0.2060066547113198,0.3409010096267915,vent_rotation,ok,540b6fd424544cee4a03cb573e52a4ec77b99c4256e3b466f34fe328343eb4d3,a7676adf7325bfb343f6c417192d290b066bce867e21167f03dea860d196b49e,0,8,0.3,3672,3285,1377,0.0,0.0,0.0,0.0,0.0,0,False,0.08169934640522876,0.08169934640522876,0.0,5.0,5.0,0,False,1,1,0,0.0817,5.0,29.517,0,False,26.0123,0.0,035deb738902b79239fcc1ec694b7c9ebc13cad87f3d25340d52c6d982c70d4e,3.125
TMYx,detached,run_0189,random64,8.854541179080801,10.452603750516715,2.9188006260871417,67.8876582569418,0.3641510351705923,0.0892540763860939,0.3097302387013971,0.1440692649228458,2.707948972652005,0.2832682627500669,0.6646816722211282,0.0103303899374604,0.1290129201750531,0.0948871124029668,vent_rotation,ok,cf918ee57f0ba71248591b8defb9a1eae382ddad299b787c6a65b437ee776f17,a7676adf7325bfb343f6c417192d290b066bce867e21167f03dea860d196b49e,0,8,0.3,3672,3285,1377,0.08169934640522876,0.08169934640522876,0.0,5.0,5.0,0,False,0.32679738562091504,0.32679738562091504,0.0,12.0,12.0,0,False,0,0,0,0.3268,12.0,30.098,0,False,49.6001,0.0,938fb558d2afa0bf47eca7241c279366fc98718b141019c36b1745394e7fa18d,3.075
TMYx,detached,run_0203,random64,7.977123523285825,8.285263931205199,2.712837171815562,89.35419205267758,0.1358151170477194,0.188340689716523,0.0697252800449031,0.1120892354037314,1.7190015052738117,0.5071421704296211,0.5490554865529775,0.0022577353970723,0.6310346873260598,0.5050302275796102,vent_rotation,ok,6e95a4b0bb55458fe5caf4608149fa1d87bed159d4ccb9d7d51bb0bbc094057f,a7676adf7325bfb343f6c417192d290b066bce867e21167f03dea860d196b49e,0,8,0.3,3672,3285,1377,0.0,0.0,0.0,2.0,2.0,0,False,0.08169934640522876,0.08169934640522876,0.0,5.0,5.0,0,False,0,0,0,0.0817,5.0,29.505,0,False,65.5671,0.0,bb9f3de2a309167616684c6f2a6b72aa9cb55cbf33fe39fd2d60929938a7533e,3.073
TMYx,detached,run_0208,random64,7.080933225138338,8.151979458855823,2.6146631258077835,109.77210266794091,0.1350633821387371,0.2826211130453059,0.3158693984636647,0.1010376581025481,1.0331012809233195,0.4004981292509733,0.7085516862951541,0.001430792206345,0.6109790032078951,0.401205105008072,vent_rotation,ok,bddbfbf27189c330830cd31539d6779c9c0c52ac3fc3fec33950e9233907534a,a7676adf7325bfb343f6c417192d290b066bce867e21167f03dea860d196b49e,0,8,0.3,3672,3285,1377,0.0,0.0,0.0,2.0,2.0,0,False,0.054466230936819175,0.054466230936819175,0.0,4.0,4.0,0,False,0,0,0,0.0545,4.0,29.242,0,False,85.895,0.0,b2befab2674f7e673d17acde35857c060bf1b7d5b72b51edbe3864cdb43b9fdf,3.237
TMYx,detached,run_0239,stress16,8.966408949597819,7.177231125441284,2.4933678450716044,17.389312189459034,0.33924506984946,0.1909431656003543,0.2552562075773003,0.1590237503532047,0.8661594681833358,0.6951609206290856,0.8620318201574801,0.0106498566496832,0.1330127200193476,0.4051665189182183,vent_rotation,ok,e5c1f9a4e078d9d60db35d0ef15cb0d42bc1f332bff6988f3f4e49565ebc21b7,a7676adf7325bfb343f6c417192d290b066bce867e21167f03dea860d196b49e,0,8,0.3,3672,3285,1377,1.2254901960784315,1.2254901960784315,0.0,22.0,22.0,0,False,1.8790849673202614,1.8790849673202614,0.0,30.0,30.0,0,False,45,162,117,1.8791,30.0,31.959,0,False,72.8167,0.0,e47c145e9a6fd7f20db03d01f51a8a69e709c838e3f9f51ad7d5a03583012b25,3.61
TMYx,detached,run_0241,stress16,8.986985502735077,6.370726990713231,2.8262969611987976,288.55522855132386,0.3577817612158999,0.1857466310998697,0.1900534041160908,0.1183127038015254,1.180262981894609,0.5586107918959073,0.4841391966636397,0.0026352311391234,0.7606078576767147,0.3295277351670737,vent_rotation,ok,8cc88f01891d8360b8f0dbece6568593abf1b25785d5f313666ee849c77a2a3a,a7676adf7325bfb343f6c417192d290b066bce867e21167f03dea860d196b49e,0,8,0.3,3672,3285,1377,0.5446623093681917,0.5446623093681917,0.0,18.0,18.0,0,False,1.0620915032679739,1.0620915032679739,0.0,22.0,22.0,0,False,10,30,20,1.0621,22.0,31.378,0,False,714.3591,0.0,092b67cbfb44de8ee0b9ba347e293246e0672b97c2518a36e01758b03e9b314a,3.453
TMYx,detached,run_0298,random64,8.332008660398749,7.514114819729058,2.5770632840161176,32.65999947584161,0.3675082359468328,0.2612870512859359,0.1947062270800404,0.092184612395228,2.2327759245070897,0.4154681534695688,0.4491901728869033,0.0031863362642622,0.2918284207024562,0.3945965827764047,vent_rotation,ok,0cf21f315fa4c7d9125c98840bf7e8e775d20353037fb925ebdbc47f49b6ec52,a7676adf7325bfb343f6c417192d290b066bce867e21167f03dea860d196b49e,0,8,0.3,3672,3285,1377,0.1906318082788671,0.1906318082788671,0.0,9.0,9.0,0,False,0.40849673202614384,0.40849673202614384,0.0,12.0,12.0,0,False,0,0,0,0.4085,12.0,30.581,0,False,123.5152,0.0,193a1d73a48b7e07f06be3633a485267d9f2f414fe2319b1dbc2dc5d850016cd,3.165
TMYx,detached,run_0302,random64,6.464886681198625,6.461232658039725,2.595607139740693,200.15410369855252,0.1048401522366748,0.0500529154312022,0.2464765860508568,0.138708672410398,1.0994929560158817,0.5957829612933677,0.6712389000184744,0.0114188958123249,0.5764259455075901,0.8590859386058312,vent_rotation,ok,5607fc377fbb747e593945a2acee661180d96f4e1d08f674721e186c6bb1f5d5,a7676adf7325bfb343f6c417192d290b066bce867e21167f03dea860d196b49e,0,8,0.3,3672,3285,1377,0.0,0.0,0.0,2.0,2.0,0,False,0.08169934640522876,0.08169934640522876,0.0,5.0,5.0,0,False,0,0,0,0.0817,5.0,29.496,0,False,63.0081,0.0,8975567ce6d253adf0c2efef0d58e90d5587b4584d1e8d5481fd99247362a050,3.121
TMYx,detached,run_0421,random64,7.259944904757417,9.95766854175178,2.9168650187863294,194.2486599421907,0.3312206235671143,0.0946711362366577,0.2923395976811948,0.0428674051588782,2.175209421544923,0.3660505438690433,0.3166605386628426,0.005912152362126,0.7213775997545232,0.4076882356228147,vent_rotation,ok,4a6a3f29cdfb33112c9253ca89ddf40d262b37038616c4b147e519def504a3d0,a7676adf7325bfb343f6c417192d290b066bce867e21167f03dea860d196b49e,0,8,0.3,3672,3285,1377,0.10893246187363835,0.10893246187363835,0.0,6.0,6.0,0,False,0.3540305010893246,0.3540305010893246,0.0,12.0,12.0,0,False,0,0,0,0.354,12.0,30.284,0,False,197.5833,0.0,1f39ec554b34f4e7c2b8a8388bda85ce7d211f9553cefa7f790838c327edcd54,3.057
TMYx,detached,run_0456,random64,7.235653346407408,11.709367776516928,2.5247172842449146,164.85689193046983,0.316903563356449,0.2724207622108091,0.0275777940548623,0.1306855280144903,4.841830387386058,0.3607166626987048,0.7357196636648353,0.0087398255812502,0.7615723805690275,0.6784222436994939,vent_rotation,ok,8ffc4efcc52a097c5759317b9b44c7b3aeee435f75d8fec2364a4f137cb93930,a7676adf7325bfb343f6c417192d290b066bce867e21167f03dea860d196b49e,0,8,0.3,3672,3285,1377,0.054466230936819175,0.054466230936819175,0.0,4.0,4.0,0,False,0.27233115468409586,0.27233115468409586,0.0,11.0,11.0,0,False,1,1,0,0.2723,11.0,30.318,0,False,107.0581,0.0,cf765c5d2e47b449cde4e1d0e9f3072123ace0b3692e606303f165bbbc5b60b4,3.13
TMYx,detached,run_0492,stress16,8.550782772522515,11.776115421222215,2.699213296519177,334.2020798495306,0.3999904372395374,0.0206995492983702,0.0607249068429463,0.0682232294671505,1.1214548050257498,0.6419965380885064,0.7204194426782291,0.0073087888941234,0.247223981405377,0.2972364509554138,vent_rotation,ok,79ea061eecaaea9d3b5a9ecb14e93dc5df6c9418ce40d5bdb80b8357bcd01c8e,a7676adf7325bfb343f6c417192d290b066bce867e21167f03dea860d196b49e,0,8,0.3,3672,3285,1377,0.8986928104575163,0.8986928104575163,0.0,22.0,22.0,0,False,1.4978213507625273,1.4978213507625273,0.0,29.0,29.0,0,False,17,18,1,1.4978,29.0,31.959,0,False,136.912,0.0,519c078d41d563c631b0f78f992c8d86ebc5c254a89400834d375c2191961a17,3.401
TMYx,detached,run_0499,random64,7.858804507830091,10.349836369453136,2.532898445475049,95.20960247737294,0.2105308086928702,0.2661776403887546,0.202952619776223,0.042630729895842,4.479626527348435,0.5735404220619731,0.7008795170704228,0.0036983473818156,0.1567476492121556,0.6596289751233395,vent_rotation,ok,139062af73c242b6ae832b131de39b299087ec3f47ea7c4a7b753f172d3cc716,a7676adf7325bfb343f6c417192d290b066bce867e21167f03dea860d196b49e,0,8,0.3,3672,3285,1377,0.0,0.0,0.0,3.0,3.0,0,False,0.24509803921568626,0.24509803921568626,0.0,10.0,10.0,0,False,1,1,0,0.2451,10.0,29.953,0,False,31.8845,0.0,33e8fa86bd00bc8a114127a22c8416001e081c54380c719abdef29a363ee3235,3.109
TMYx,detached,run_0500,random64,9.82451369711319,10.845295277018504,2.7073204009582628,108.9848566026068,0.2404164756163604,0.2191691030494161,0.3170431197618952,0.1101248845957577,4.246097291116642,0.3146179268775989,0.8846779164318552,0.002952629013426,0.3985480745890861,0.6671409251817507,vent_rotation,ok,1b4b8d5663f02fa8d5b0127c7d39d752038b6b96ea619d64f5b04095e1a2a650,a7676adf7325bfb343f6c417192d290b066bce867e21167f03dea860d196b49e,0,8,0.3,3672,3285,1377,0.0,0.0,0.0,1.0,1.0,0,False,0.054466230936819175,0.054466230936819175,0.0,5.0,5.0,0,False,0,0,0,0.0545,5.0,29.397,0,False,45.1221,0.0,42c4d09dcf7e681975a8b5558374eb61b58565276b3a7a90c2853b6fd3c6ee62,3.183
TMYx,detached,run_0628,stress16,9.72733840356107,7.8427669792229615,2.5924321527735392,359.8933269015914,0.3529783862372112,0.0761779621335445,0.3273904561993191,0.0824461595128538,3.4708268892998255,0.3251799736172571,0.3503616556392233,0.0015213312741712,0.7206263247604744,0.7182250817689112,vent_rotation,ok,fa7b85ab2737ddccee9f0b624a67c565e78665a98474502fc7fe9dc71e69434a,a7676adf7325bfb343f6c417192d290b066bce867e21167f03dea860d196b49e,0,8,0.3,3672,3285,1377,0.0,0.0,0.0,4.0,4.0,0,False,0.10893246187363835,0.10893246187363835,0.0,9.0,9.0,0,False,0,0,0,0.1089,9.0,29.739,0,False,95.9955,0.0,cbf00804c8762f4f733a2231d7d9af21267d971ab72c11add9e7f6bd98db2ad3,3.168
TMYx,detached,run_0745,random64,9.403992115334937,8.48512079989969,2.7038151450428907,145.5310132662222,0.2567053419094268,0.2898505421920269,0.0488499881238593,0.1014932783378585,1.1571722700731573,0.4833947498367663,0.8213087990653432,0.008725404304492,0.7657037313194129,0.8876906018863312,vent_rotation,ok,4e3645eb14e78971779203b1d0078b4280ebdaf3ca865b2208bb06252758bbf2,a7676adf7325bfb343f6c417192d290b066bce867e21167f03dea860d196b49e,0,8,0.3,3672,3285,1377,0.054466230936819175,0.054466230936819175,0.0,4.0,4.0,0,False,0.24509803921568626,0.24509803921568626,0.0,11.0,11.0,0,False,1,1,0,0.2451,11.0,30.33,0,False,194.2731,0.0,ad791a52ce1505cd586d8d77dfe94d8cf6f74af07e4440126da0596e6117150a,3.226
TMYx,detached,run_0768,stress16,6.634637881940697,11.603463379949876,2.9452065682690702,7.656125949492523,0.3673240508605883,0.0703946751822334,0.0882239068606324,0.0721394554328508,0.8794108960838816,0.6853284584119119,0.8495356125752638,0.0109339718263157,0.2996274968959122,0.0483529411528591,vent_rotation,ok,4ba665c0d3482fccff3eefd66c862c4f6f21b88db04f9ad6b394a62f7cbe90f1,a7676adf7325bfb343f6c417192d290b066bce867e21167f03dea860d196b49e,0,8,0.3,3672,3285,1377,1.443355119825708,1.443355119825708,0.0,24.0,24.0,0,False,2.369281045751634,2.369281045751634,0.0,31.0,31.0,2,True,36,63,27,2.3693,31.0,32.368,2,True,240.1322,0.0,adf8a7d7f4383e55608b755bb10aa3de40b0f009b3f4cd9cab6163188e6f2ecf,3.665
TMYx,detached,run_0785,random64,8.940781628092497,8.940854789499578,2.71333172432655,21.027453984889203,0.3107729422642821,0.2659499439488594,0.1570556761118805,0.0362424341838409,3.092059615457477,0.5972727377148599,0.3537591526886088,0.010305774523266,0.4150422534097331,0.1795157167910107,vent_rotation,ok,b09e9fb95e8fca5f1094c3c417d2badd1266f1bcd43f3e29c72587810c8ae686,a7676adf7325bfb343f6c417192d290b066bce867e21167f03dea860d196b49e,0,8,0.3,3672,3285,1377,0.24509803921568626,0.24509803921568626,0.0,10.0,10.0,0,False,0.5446623093681917,0.5446623093681917,0.0,16.0,16.0,0,False,1,1,0,0.5447,16.0,30.761,0,False,143.065,0.0,2c5bb9533bb8a5590080e3cbe07a06b81c0b4c576c3ddf39b04d14895556da53,3.19
TMYx,detached,run_0788,random64,8.782009887322488,9.886407966385462,2.689241045237277,165.79600971047623,0.1806222296930827,0.0350189214807997,0.2624851560323494,0.0761344647472262,0.8504742135136384,0.5569179194726575,0.8553784108853641,0.0092759304403749,0.5281861664355341,0.2100976052058908,vent_rotation,ok,df234e0e7c8a4b868fbaa50773a6706d6aae2fcfacfa5340ee1757d112f12824,a7676adf7325bfb343f6c417192d290b066bce867e21167f03dea860d196b49e,0,8,0.3,3672,3285,1377,0.054466230936819175,0.054466230936819175,0.0,5.0,5.0,0,False,0.2995642701525054,0.2995642701525054,0.0,11.0,11.0,0,False,1,1,0,0.2996,11.0,30.07,0,False,87.1294,0.0,99a9b8071ea8a378b0f58208052b8d1fa84eb59dff9445bb203b26c2d2c1dde7,3.168
TMYx,detached,run_0821,random64,8.168610103195812,6.295910082319626,2.44919521726831,83.16215592635217,0.1633699932395152,0.2793528873688088,0.3075031868920546,0.1071356027635634,4.694512503188105,0.3195967627738837,0.4662343120140395,0.0025933405746935,0.4004795609820039,0.9249981780019016,vent_rotation,ok,c281f7df4ca99b372582bdfd254cc7a6f2a8952b597ecad8cfc6a7015034e80f,a7676adf7325bfb343f6c417192d290b066bce867e21167f03dea860d196b49e,0,8,0.3,3672,3285,1377,0.0,0.0,0.0,0.0,0.0,0,False,0.0,0.0,0.0,4.0,4.0,0,False,0,0,0,0.0,4.0,29.043,0,False,43.8791,0.0,33a623233b8ee859042845cf2960e6ac2a34ba561da620e2c2afbb9ef1e6fad9,3.156
TMYx,detached,run_0833,random64,6.881397296298271,10.882836593895547,2.866583637518168,115.0820265960748,0.2101446861231999,0.1571910951166595,0.0991883520257245,0.1038913954908974,2.054872833294584,0.31784047548047,0.3619575529089111,0.0100872283500496,0.3785981589568508,0.1448921445221051,vent_rotation,ok,2358baaf891961a3b4dd26302a147606a5d7d321a2223d0ea3801ebcc58d11df,a7676adf7325bfb343f6c417192d290b066bce867e21167f03dea860d196b49e,0,8,0.3,3672,3285,1377,0.0,0.0,0.0,2.0,2.0,0,False,0.10893246187363835,0.10893246187363835,0.0,6.0,6.0,0,False,0,0,0,0.1089,6.0,29.511,0,False,52.6292,0.0,258b5f83fdf20795a0c5a3bbd04790d531dee5708d0eed92734dcbfadd3b5b04,3.076
TMYx,detached,run_0841,random64,8.367547204965499,7.256923551190713,2.9918995286847547,209.09780783784907,0.2412457505801208,0.2385274524029789,0.0999052231342154,0.0327496438192871,4.272186592040046,0.5573251812470255,0.5047083796199578,0.0034639552327845,0.6468288498143069,0.6883388060301502,vent_rotation,ok,2bc2f47c3e1b91a0d71f54b2fd2dac703c27aef32eb35905530deb56e160e4b6,a7676adf7325bfb343f6c417192d290b066bce867e21167f03dea860d196b49e,0,8,0.3,3672,3285,1377,0.10893246187363835,0.10893246187363835,0.0,6.0,6.0,0,False,0.2995642701525054,0.2995642701525054,0.0,11.0,11.0,0,False,0,0,0,0.2996,11.0,30.276,0,False,140.0758,0.0,f4cbba0f576cd22581a7edf69f770d17207f5fca825784e65e35b0d33e0d038a,3.093
TMYx,detached,run_0844,random64,8.746712419323499,8.255288205551997,2.8301858731668736,119.6183960439886,0.1994819192503905,0.27254785547391,0.0411225287078061,0.1609877938402135,1.483139363161183,0.3044285647779056,0.8800589857851471,0.0064660006290998,0.7491636968151721,0.9819550749784538,vent_rotation,ok,2ba15ee74454a2d177928035e2fdce830f0b809c448a4d60df31ab8fafba5093,a7676adf7325bfb343f6c417192d290b066bce867e21167f03dea860d196b49e,0,8,0.3,3672,3285,1377,0.0,0.0,0.0,2.0,2.0,0,False,0.13616557734204793,0.13616557734204793,0.0,8.0,8.0,0,False,1,1,0,0.1362,8.0,29.83,0,False,86.8295,0.0,20a3ffafbd4b05f6aa8d1bb36e843ffe7732100e0c79dfdc0d752ba4f0007839,3.219
TMYx,detached,run_0887,random64,9.484724765067508,11.174464591770498,2.414911442203662,229.80644996404757,0.2796275305540545,0.0758284244041909,0.2896741830836959,0.1751072335090888,1.6995338270119895,0.3107776781053267,0.4257006634020504,0.0114970329370951,0.491908950611397,0.9890734482016346,vent_rotation,ok,b1d245ae2960c35b249604eab2ad3957b435cf99b8b6a99d18db446ee2dacfa0,a7676adf7325bfb343f6c417192d290b066bce867e21167f03dea860d196b49e,0,8,0.3,3672,3285,1377,0.0,0.0,0.0,2.0,2.0,0,False,0.054466230936819175,0.054466230936819175,0.0,4.0,4.0,0,False,0,0,0,0.0545,4.0,29.294,0,False,57.3598,0.0,ed96c558cae3ad6771638c16f6175528fcd713d5646214c10dc110bb0167887b,3.174
TMYx,detached,run_1025,stress16,6.001988515451892,8.013747343359917,2.712128069948224,187.7230485160186,0.3988100711297681,0.0143824485162627,0.2716513893534522,0.0592134160641791,2.773734982619098,0.4008863300303726,0.4244523072802022,0.0086936739506271,0.2466612679915689,0.5322139386093038,vent_rotation,ok,615477611737f36b7c3bdf41a6400042c4b735962ffb49ba74d3e9a23716d51b,a7676adf7325bfb343f6c417192d290b066bce867e21167f03dea860d196b49e,0,8,0.3,3672,3285,1377,0.24509803921568626,0.24509803921568626,0.0,11.0,11.0,0,False,0.49019607843137253,0.49019607843137253,0.0,15.0,15.0,0,False,1,1,0,0.4902,15.0,30.707,0,False,121.3904,0.0,aa42221f5141c53f85e277719fa8546c80a54abf32aac4f0bdf50e1f05a4c69a,3.169
TMYx,detached,run_1083,random64,8.454517480509306,7.606900202320765,2.5501477925335045,241.34481889977465,0.2891208841498976,0.1515706845674109,0.1605073890215713,0.1607015551309144,1.101558526110067,0.2140821822715956,0.8767854811568954,0.0117808467129899,0.4181305553407746,0.979553351344094,vent_rotation,ok,3feae6a5df25e1cd5a5df25858f478667f319e526685d74452ada868291b2841,a7676adf7325bfb343f6c417192d290b066bce867e21167f03dea860d196b49e,0,8,0.3,3672,3285,1377,0.0,0.0,0.0,2.0,2.0,0,False,0.08169934640522876,0.08169934640522876,0.0,5.0,5.0,0,False,0,0,0,0.0817,5.0,29.444,0,False,70.9087,0.0,060711c83c4969b4cd272eefd1097a1f10c0b3fdf865bbf93a90b3790ebed982,3.171
TMYx,detached,run_1093,random64,8.002380628505447,10.166259736812894,2.8796333119979427,171.23898423952662,0.100090185215434,0.0543938555226989,0.0270087812313298,0.0755226196018769,1.8235443611211988,0.386033384594613,0.8407906551118343,0.0050274494110316,0.354654458456868,0.9837284633011107,vent_rotation,ok,00c3011b6f7a1dd09d2d40ca6b1f31f8f6c371db83eba5de017f4dff02201e94,a7676adf7325bfb343f6c417192d290b066bce867e21167f03dea860d196b49e,0,8,0.3,3672,3285,1377,0.0,0.0,0.0,0.0,0.0,0,False,0.1906318082788671,0.1906318082788671,0.0,10.0,10.0,0,False,4,4,0,0.1906,10.0,29.86,0,False,48.8801,0.0,f581532e1ed5a49df3afb735e52a46da777dbc73198cc708ad1ec99ba7892ded,3.098
TMYx,detached,run_1130,random64,9.188456848978468,11.639043127509634,2.559744911138821,29.410840417817724,0.1117948532135704,0.2858457406091068,0.2595794543528447,0.1999165833637279,1.1743911222239498,0.471472375004214,0.5367601190449024,0.0117616437190273,0.2970725510522888,0.433698314360111,vent_rotation,ok,d3702c0197794c488f1f373628926ded10b13b014eea756a04e359f2c403cb21,a7676adf7325bfb343f6c417192d290b066bce867e21167f03dea860d196b49e,0,8,0.3,3672,3285,1377,0.0,0.0,0.0,0.0,0.0,0,False,0.0,0.0,0.0,3.0,3.0,0,False,0,0,0,0.0,3.0,29.048,0,False,16.0042,0.0,0e104c0c3252ae455acd4ac49bc5dd187bb739c3a9c3e8d7cce041e2be0812ba,3.257
TMYx,detached,run_1192,random64,6.574979979831511,11.394826702694091,2.6678524442714378,83.01673689334608,0.3565625542057532,0.2467632876240327,0.0518339126921443,0.087289463380345,1.2028290993735582,0.4784511509089152,0.6693643480800702,0.0064013535611167,0.4547676125272111,0.8704605859623464,vent_rotation,ok,036b95460f2caca525ef26a76b5569e5f883af99989a5263ca2174140a770962,a7676adf7325bfb343f6c417192d290b066bce867e21167f03dea860d196b49e,0,8,0.3,3672,3285,1377,0.10893246187363835,0.10893246187363835,0.0,6.0,6.0,0,False,0.32679738562091504,0.32679738562091504,0.0,12.0,12.0,0,False,1,1,0,0.3268,12.0,30.385,0,False,199.8667,0.0,01f93fd9d8216aee15dff1ba0d65a78d5ad4d57549376327b32ad88b5f28520e,3.221
TMYx,detached,run_1197,random64,9.55307660622851,10.935446202367611,2.651431698797591,89.14333515226049,0.2043520540065082,0.2592494770209894,0.0576746329066228,0.0781157588360924,2.1857332563991227,0.2060785959940542,0.5149724560393532,0.0076651831377733,0.6733006645411621,0.4720333855727691,vent_rotation,ok,5dccb77c9cdd614f2b839668a564c41e5cc10d7ec93c913144750250018e235e,a7676adf7325bfb343f6c417192d290b066bce867e21167f03dea860d196b49e,0,8,0.3,3672,3285,1377,0.0,0.0,0.0,0.0,0.0,0,False,0.0,0.0,0.0,4.0,4.0,0,False,0,0,0,0.0,4.0,29.1,0,False,43.4636,0.0,cc35e3c95b66d71af47ca8eeb25b1918805a0641977b168e203769d6daa4d243,3.141
TMYx,detached,run_1199,stress16,8.893313295309667,6.752916196560016,2.775376919971335,90.13627347871588,0.1083033134047148,0.1785539237225437,0.0601924888116002,0.0886989224971885,1.0127404186376616,0.4736069389205135,0.8365327423703692,0.0052546015723922,0.7998494879171348,0.7537545170074853,vent_rotation,ok,c0fd3755a3afcab3c271531652cc6e1d5b373984a5d2086d8c606586d148b9fb,a7676adf7325bfb343f6c417192d290b066bce867e21167f03dea860d196b49e,0,8,0.3,3672,3285,1377,0.0,0.0,0.0,0.0,0.0,0,False,0.10893246187363835,0.10893246187363835,0.0,5.0,5.0,0,False,1,1,0,0.1089,5.0,29.625,0,False,69.4756,0.0,932c3b841a55040fb06c1597a31690671e684e85f1323c2f7454b0f414f81a8f,3.195
TMYx,detached,run_1207,random64,9.168130791502008,9.004696072729846,2.8115599835956373,142.9180739985565,0.1284202723692254,0.1867752178704292,0.3348439656423181,0.1317711005700411,2.4118781979192816,0.4565266167997619,0.610364497850469,0.004851525079017,0.1978381158264388,0.9603135205592784,vent_rotation,ok,5da1ba22713f172e5e63baba247a3ecd809c73f094f8a2ddd0e3887e587df1f1,a7676adf7325bfb343f6c417192d290b066bce867e21167f03dea860d196b49e,0,8,0.3,3672,3285,1377,0.0,0.0,0.0,0.0,0.0,0,False,0.0,0.0,0.0,4.0,4.0,0,False,0,0,0,0.0,4.0,29.126,0,False,18.9983,0.0,29c56f3db8a5522c8b53706e66a2f12020cfe1eca7fb49ff1efdab302f3376e8,3.148
TMYx,detached,run_1209,random64,8.118074804521358,11.978193458414612,2.9036564697751355,244.9524063171716,0.3754156589993933,0.1220701597070463,0.1432447265725567,0.0531746170798,1.5295117539422654,0.5948510668405462,0.606964077683358,0.0056553556870505,0.480152133711234,0.6399576848879639,vent_rotation,ok,d171d2864a9db4a03559928de57443f2c2af2cbcff4e319a4cab9d1ae8171c6b,a7676adf7325bfb343f6c417192d290b066bce867e21167f03dea860d196b49e,0,8,0.3,3672,3285,1377,0.27233115468409586,0.27233115468409586,0.0,10.0,10.0,0,False,0.7080610021786492,0.7080610021786492,0.0,19.0,19.0,0,False,2,3,1,0.7081,19.0,30.977,0,False,265.2416,0.0,a77165b99cd5e7df65a231d86611038d6506d50950674668138a988bb22689df,3.262
TMYx,detached,run_1214,stress16,7.588108618860515,7.752734140780623,2.826539668699661,130.3981801828211,0.3484607578703986,0.1342467316483606,0.1687813557233073,0.1611491128809359,1.000533177193956,0.6979521394451516,0.3042607275737717,0.007184911846836,0.7742265557708546,0.5938512492331808,vent_rotation,ok,b4da1aefc177985ebb75c82e5c1b8579062dbe65908b8ab2762693fefb344e7d,a7676adf7325bfb343f6c417192d290b066bce867e21167f03dea860d196b49e,0,8,0.3,3672,3285,1377,0.8169934640522877,0.8169934640522877,0.0,18.0,18.0,0,False,1.252723311546841,1.252723311546841,0.0,21.0,21.0,0,False,16,44,28,1.2527,21.0,31.453,0,False,751.9935,0.0,cf48e88260d36b4182d61ad6801c4081c9653d493b648cbdf8836c1c3a0c1960,3.563
TMYx,detached,run_1248,random64,9.06874655668104,6.39714339888123,2.4388587665273502,227.04203511645017,0.300438463458426,0.1826052445691555,0.3125340008743582,0.017922370396233,1.828155892567156,0.634732281708217,0.5900520904862452,0.0086471631277632,0.744025489137654,0.0859871297257144,vent_rotation,ok,38c4b3873e471cf9e7a20de775c5b5ae688618f7b776ad506094abab9a712b16,a7676adf7325bfb343f6c417192d290b066bce867e21167f03dea860d196b49e,0,8,0.3,3672,3285,1377,0.3540305010893246,0.3540305010893246,0.0,12.0,12.0,0,False,0.7352941176470588,0.7352941176470588,0.0,18.0,18.0,0,False,5,6,1,0.7353,18.0,31.054,0,False,441.6683,0.0,2d31f688e1aa6eb2463a50ec9f31f1200c3cc6c378273c7056c11c8062158089,3.311
TMYx,detached,run_1268,random64,8.672107632349496,6.077241426467557,2.800377196115221,248.79991969356283,0.3247953487491061,0.0219064414200164,0.0826480006959761,0.1562970222400376,2.814679622664271,0.6718729366355661,0.6906200825760328,0.0011846727722075,0.1220025434097146,0.2148351272313768,vent_rotation,ok,ad10e04a504bacfbcf13cb8d712074d22b4c94ffe5b19966482592036a30b8c3,a7676adf7325bfb343f6c417192d290b066bce867e21167f03dea860d196b49e,0,8,0.3,3672,3285,1377,1.3888888888888888,1.3888888888888888,0.0,24.0,24.0,0,False,1.715686274509804,1.715686274509804,0.0,30.0,30.0,2,True,14,14,0,1.7157,30.0,32.187,2,True,88.6876,0.0,b4b36a5024d2ee1c32c51ca43dbd5e70dbabf11870fc2f36f13661189efdc07d,3.214
TMYx,detached,run_1274,random64,6.241960005906613,10.399629191334888,2.8831521889224567,182.0303542420824,0.3893387920102038,0.2765961269867158,0.2263723592999344,0.0811994462666564,1.6006253230049623,0.428158997554932,0.6483239736954343,0.0098985746010797,0.660318092457969,0.5707357570475454,vent_rotation,ok,af878a702cf330af9627a27185c76098d786421033a3493d8b82f360ee15433c,a7676adf7325bfb343f6c417192d290b066bce867e21167f03dea860d196b49e,0,8,0.3,3672,3285,1377,0.27233115468409586,0.27233115468409586,0.0,11.0,11.0,0,False,0.5446623093681917,0.5446623093681917,0.0,16.0,16.0,0,False,1,1,0,0.5447,16.0,30.838,0,False,417.9497,0.0,af6b627d9983ec29baa54a083a3f54c31e3a602a897e45834e123fc6551edd2a,3.314
TMYx,detached,run_1295,random64,9.700875846736846,11.393976617728896,2.625245447765509,15.055808046872396,0.1106551028886222,0.1052395899485283,0.0428257154219093,0.0339409350855904,4.282889671851096,0.2731703980561324,0.697609692323854,0.0071462703374351,0.7016648928179255,0.864958402476004,vent_rotation,ok,d0a1520bab9299603ee0038d0347d347f01b580445c9de8ac3756303f286ad06,a7676adf7325bfb343f6c417192d290b066bce867e21167f03dea860d196b49e,0,8,0.3,3672,3285,1377,0.0,0.0,0.0,0.0,0.0,0,False,0.054466230936819175,0.054466230936819175,0.0,5.0,5.0,0,False,0,0,0,0.0545,5.0,29.213,0,False,42.2481,0.0,3ae8d959f47c6becb96e92083cbfd33feecf38f3bcc5a8016777efc4435b7169,3.096
TMYx,detached,run_1311,random64,9.165362455102658,7.340987815898325,2.8133939339727108,305.0567196793675,0.1889324964091247,0.0323126599434309,0.1588020548110891,0.026092481744294,1.1716059785701818,0.6238515161870499,0.5930562544217899,0.0094844252584585,0.5560536106491164,0.7347389973183898,vent_rotation,ok,5d49b90043075cd948aded1a0b7671459f04b3a7eeb26318af111243fff9f397,a7676adf7325bfb343f6c417192d290b066bce867e21167f03dea860d196b49e,0,8,0.3,3672,3285,1377,0.08169934640522876,0.08169934640522876,0.0,5.0,5.0,0,False,0.24509803921568626,0.24509803921568626,0.0,10.0,10.0,0,False,1,1,0,0.2451,10.0,30.136,0,False,104.4943,0.0,6321a305a663ab65599c684501f72e2d5356cc68b0023462a72d20cf6108bf34,3.183
TMYx,detached,run_1388,random64,9.678814831103882,8.915890074047772,2.800541899467576,218.74280184445405,0.1098036268680505,0.2727958848646888,0.3439519392324434,0.136424623817726,2.406438737900367,0.2924614656342366,0.358399055620711,0.0107980260130701,0.4314042170048758,0.6522212139098633,vent_rotation,ok,c237e2a7eb98d9731a9a0e47fc026d9b3a658aea4ec4d6ee9993b598e346c331,a7676adf7325bfb343f6c417192d290b066bce867e21167f03dea860d196b49e,0,8,0.3,3672,3285,1377,0.0,0.0,0.0,0.0,0.0,0,False,0.0,0.0,0.0,0.0,0.0,0,False,0,0,0,0.0,0.0,28.702,0,False,23.7434,0.0,2c77ef805ce6cd3cb81b4b419dccb91607748b065d8d4f9daf52cc7256c15ee5,3.193
TMYx,detached,run_1391,random64,9.65754037174086,7.371418965081008,2.4723911477589064,245.60981709998856,0.1947631756497077,0.2039411843608119,0.1074218120281111,0.0162622533962714,4.722810987580656,0.4500350593640352,0.4151046102651455,0.0083872118280736,0.1148113999145338,0.1106668227864503,vent_rotation,ok,e779f7b822be510b4aca08e11d72da1a929e8ed0b22d8366cd1611f541af12cb,a7676adf7325bfb343f6c417192d290b066bce867e21167f03dea860d196b49e,0,8,0.3,3672,3285,1377,0.0,0.0,0.0,4.0,4.0,0,False,0.24509803921568626,0.24509803921568626,0.0,10.0,10.0,0,False,1,1,0,0.2451,10.0,30.008,0,False,39.0184,0.0,f4a14d15ba2f800584c5980d828d7e5ea2aeea8b6e231ca0ce660a14e0f2f265,3.077
TMYx,detached,run_1416,stress16,7.611423563474337,8.698251521688531,2.426406411760429,121.28644403903304,0.2515937716162215,0.0800541981528088,0.2307818781610998,0.0347059324643584,3.835273389438587,0.5544241075079898,0.5745584674183433,0.0058908240493479,0.1000232333706224,0.4592619165338935,vent_rotation,ok,539a5b1132380095b81a83307a4166d261291d13edfccc7b990f202dbfd03bde,a7676adf7325bfb343f6c417192d290b066bce867e21167f03dea860d196b49e,0,8,0.3,3672,3285,1377,0.2178649237472767,0.2178649237472767,0.0,6.0,6.0,0,False,0.6535947712418301,0.6535947712418301,0.0,15.0,15.0,0,False,2,2,0,0.6536,15.0,30.761,0,False,40.62,0.0,3e1ba7ef5d7d1ae7b3cfeff2a03c31122b7cb9ce5b807f48341ac31b0d82c9e0,3.166
TMYx,detached,run_1434,random64,9.159539081356815,6.688059520298238,2.9750873857625546,146.8680349805886,0.109342487245402,0.2408929006163872,0.3256769736107116,0.1251180578113211,1.4006317331367033,0.4093604062094604,0.6924091355483194,0.0058060970619586,0.7515582151715556,0.0608321572405057,vent_rotation,ok,e1825f0e4cfe09080d39dc0376b6670a66044a94993a14af09aca722bd188f54,a7676adf7325bfb343f6c417192d290b066bce867e21167f03dea860d196b49e,0,8,0.3,3672,3285,1377,0.0,0.0,0.0,2.0,2.0,0,False,0.054466230936819175,0.054466230936819175,0.0,4.0,4.0,0,False,0,0,0,0.0545,4.0,29.295,0,False,71.9937,0.0,510786b5bb3034b546100227b6fe2cb83b3b221b2a62aa63ce8cf23a4841125f,3.262
TMYx,detached,run_1476,random64,8.896156594940386,11.970459088733485,2.620502673500708,170.28638121673248,0.269002831698218,0.1073848132959912,0.2221615330765761,0.0858084946392574,2.270012833340684,0.6822472892294835,0.5392405542224693,0.0094663221482832,0.4521300487922157,0.0581779318396109,vent_rotation,ok,50c60d3f9359de2f9c1e299148ce5f550f72ff02a283c8c00a18405674b6d749,a7676adf7325bfb343f6c417192d290b066bce867e21167f03dea860d196b49e,0,8,0.3,3672,3285,1377,0.1906318082788671,0.1906318082788671,0.0,9.0,9.0,0,False,0.5446623093681917,0.5446623093681917,0.0,17.0,17.0,0,False,1,1,0,0.5447,17.0,30.663,0,False,136.3402,0.0,e5b423593eea872408b046ac3d9f330bb94f7d2548057c379e16d0e73f1e7e2e,3.227
TMYx,detached,run_1497,random64,7.421317417293777,10.6593604485645,2.9548445771602987,261.1277326472027,0.2244213548236318,0.2418386953001862,0.2465311795559595,0.0147862579323263,2.8483385115597724,0.4803905389117479,0.4721117267540718,0.0077261404064099,0.4160685386235552,0.2127917230392205,vent_rotation,ok,06468812b860493a23ab66bcbd01dc6004e7b965031efc0f4e64f68d615be32a,a7676adf7325bfb343f6c417192d290b066bce867e21167f03dea860d196b49e,0,8,0.3,3672,3285,1377,0.0,0.0,0.0,4.0,4.0,0,False,0.24509803921568626,0.24509803921568626,0.0,10.0,10.0,0,False,0,0,0,0.2451,10.0,29.893,0,False,76.7295,0.0,74ce23a78f3ebe1a5374c2db90aad6c7dd2b6d42fe2d6ade324dfb52c016a033,3.157
TMYx,detached,run_1506,stress16,6.2866920665226385,7.327960484063865,2.5822380381929033,189.673299274303,0.3538022528888858,0.2874668373726368,0.1967792742001886,0.1471820880565589,0.8240748358340548,0.6355675011074757,0.8989283259639178,0.0069614963780197,0.553966653681584,0.1297716817744924,vent_rotation,ok,07ce5b112574d681d03e41cdea70a6d3a004647fd39bdea9b206a620ca898d1b,a7676adf7325bfb343f6c417192d290b066bce867e21167f03dea860d196b49e,0,8,0.3,3672,3285,1377,0.9259259259259258,0.9259259259259258,0.0,21.0,21.0,0,False,1.770152505446623,1.770152505446623,0.0,24.0,24.0,0,False,34,160,126,1.7702,24.0,31.655,0,False,630.2185,0.0,6a5b5d9b01be5c253304e63afb63a3fb80fcb998623617f6d5e71b089880e300,3.682
TMYx,detached,run_1521,stress16,9.012734726045109,9.28296620531424,2.915879467533671,0.136299530314857,0.3824926050117646,0.1021758966296917,0.2940879731173014,0.1904610869987471,1.664067808950167,0.4572585928006668,0.8515223334861499,0.0062513542391962,0.5638087322452537,0.6878542590040975,vent_rotation,ok,abece869275f7045968f6a0b189100eea0e095d232a7d2297c98e3dc2461245c,a7676adf7325bfb343f6c417192d290b066bce867e21167f03dea860d196b49e,0,8,0.3,3672,3285,1377,0.13616557734204793,0.13616557734204793,0.0,9.0,9.0,0,False,0.4629629629629629,0.4629629629629629,0.0,12.0,12.0,0,False,0,0,0,0.463,12.0,30.532,0,False,276.139,0.0,c3450a1923c30b80d886b59449dfb56cf9960aa6a0cb575efffe21ccda0e6735,3.408
TMYx,detached,run_1525,random64,6.457818039323073,8.809230062809032,2.562716674463898,49.7482730803186,0.2403944250818863,0.2846260247543987,0.3217419947342414,0.1387539273115936,1.7741620338632282,0.2609813408015647,0.5792514428957727,0.0024585619456096,0.2421969198902897,0.8231806734055043,vent_rotation,ok,e2fb07ccc6a5edf28c6e7dbea36efdf31d310d6dedba8e982c2dffb9f4bd0164,a7676adf7325bfb343f6c417192d290b066bce867e21167f03dea860d196b49e,0,8,0.3,3672,3285,1377,0.0,0.0,0.0,2.0,2.0,0,False,0.054466230936819175,0.054466230936819175,0.0,5.0,5.0,0,False,0,0,0,0.0545,5.0,29.285,0,False,41.8041,0.0,4a48606cfe78f875fbff21fd673efc153dd59f89def16acc5f1433bbe71c38fd,3.231
TMYx,detached,run_1560,random64,8.618546381821407,6.051034448405187,2.563634775254617,139.91787914607664,0.3728893152141903,0.0570155616799874,0.2154460301853953,0.1479278899395301,4.058721782989339,0.6659321263772808,0.7110283895432115,0.0073155256822709,0.1839498514363129,0.1617868224834594,vent_rotation,ok,4dbf8ad0b92e92f91e578c186e7373419f1b03e83512a98d6e4123e7838e909e,a7676adf7325bfb343f6c417192d290b066bce867e21167f03dea860d196b49e,0,8,0.3,3672,3285,1377,1.1982570806100217,1.1982570806100217,0.0,22.0,22.0,0,False,1.661220043572985,1.661220043572985,0.0,29.0,29.0,0,False,3,3,0,1.6612,29.0,31.934,0,False,119.6435,0.0,8370825e33a276a96ed1657049edc9e1c37e0249fdc4a439c7b4a70a8d125f28,3.308
TMYx,detached,run_1586,random64,7.747757047886595,11.109613081305676,2.9866762545648577,108.774751399816,0.1181454529476654,0.1724322000054217,0.293250208478728,0.0738549335860083,1.3729096971837715,0.6260524756906012,0.790159768280496,0.0036748512051892,0.4427272594461767,0.8603068835744438,vent_rotation,ok,ba12e718291e198880e40a8ab64b914ab7fe4f146e3e6f66e629573adab704be,a7676adf7325bfb343f6c417192d290b066bce867e21167f03dea860d196b49e,0,8,0.3,3672,3285,1377,0.0,0.0,0.0,0.0,0.0,0,False,0.054466230936819175,0.054466230936819175,0.0,5.0,5.0,0,False,0,0,0,0.0545,5.0,29.36,0,False,41.983,0.0,b0ff1f5adcb17d6c5779d4d01c2e3ad40cd0188a4dee79b824c0d4ea8d9cde87,3.234
TMYx,detached,run_1590,random64,7.984975108428764,7.272084694858215,2.9967721614941327,16.420420319362826,0.374850431931708,0.2382439942207673,0.1776304878605744,0.1160904554759672,4.877151087201141,0.6916489142509208,0.5069503827545674,0.0011912769261439,0.3291501951241186,0.2604131781675038,vent_rotation,ok,480843e473b6f874512d32465912d23892aee450fbc53d54d2fffd3a78ba52d1,a7676adf7325bfb343f6c417192d290b066bce867e21167f03dea860d196b49e,0,8,0.3,3672,3285,1377,1.1165577342047932,1.1165577342047932,0.0,21.0,21.0,0,False,1.715686274509804,1.715686274509804,0.0,25.0,25.0,0,False,1,1,0,1.7157,25.0,31.806,0,False,212.9903,0.0,d7730928a57b0b059f824d8b30e46ea78230154e83360e39c6aec65f2a4dea1d,3.478
TMYx,detached,run_1644,random64,6.39767913222991,11.797192158414513,2.8741057290164034,172.93019711264748,0.2443328744309624,0.252661328529406,0.2135477168394144,0.1397092179377648,1.093053406242568,0.5224268206844807,0.6239387086788434,0.0026953973078216,0.5019253197830181,0.9038595290358232,vent_rotation,ok,fac5994810c7f28d7fedcc695a3f9fbd58a66b348b601789fdd77b0b86e3480e,a7676adf7325bfb343f6c417192d290b066bce867e21167f03dea860d196b49e,0,8,0.3,3672,3285,1377,0.08169934640522876,0.08169934640522876,0.0,5.0,5.0,0,False,0.27233115468409586,0.27233115468409586,0.0,11.0,11.0,0,False,2,5,3,0.2723,11.0,30.196,0,False,193.1636,0.0,4f9abde31a453647e3e7c7f4add8cc5e7c822ee7c662efedd07a2267bf404049,3.434
TMYx,detached,run_1646,random64,7.704557801580717,7.128280265544657,2.985540612715578,90.2906293972771,0.2105791800179474,0.0205307922429049,0.2339133981377427,0.0889463263478779,3.2049811873074887,0.2345347956220673,0.7570779081491665,0.0090267774481236,0.1607423062503069,0.6682748532100452,vent_rotation,ok,f91b45d8f4d735c065f14ead145d308f89356267b47bacdb52cdb34d29292f8a,a7676adf7325bfb343f6c417192d290b066bce867e21167f03dea860d196b49e,0,8,0.3,3672,3285,1377,0.0,0.0,0.0,2.0,2.0,0,False,0.08169934640522876,0.08169934640522876,0.0,5.0,5.0,0,False,1,1,0,0.0817,5.0,29.464,0,False,81.4829,0.0,aa7af1deb6aa7bd9c5d87eb1625f213a6af05dd8efce9eefc042bb7e317323de,3.083
TMYx,detached,run_1649,random64,9.736147602912038,10.293830928868562,2.662571832425947,261.8578276782381,0.3568398205583376,0.1736460837266733,0.0292153490257981,0.1395424927110858,3.027824367046392,0.3485365751342671,0.5736479117806575,0.0093034189208943,0.1802858271940285,0.2413181201408213,vent_rotation,ok,4c3ed123bc46eb69ea7bd7e3269377031b71e3d22b9e5ec912454505fe6f5187,a7676adf7325bfb343f6c417192d290b066bce867e21167f03dea860d196b49e,0,8,0.3,3672,3285,1377,0.08169934640522876,0.08169934640522876,0.0,6.0,6.0,0,False,0.2995642701525054,0.2995642701525054,0.0,13.0,13.0,0,False,1,1,0,0.2996,13.0,30.315,0,False,58.0598,0.0,6e7043d71afa399aec9c596cc10f91937807aae81421eafabaddb667b5b10178,3.262
TMYx,detached,run_1739,random64,7.0067584701546775,7.896320285135133,2.607552142148133,280.19987496754726,0.1450303105282448,0.1623355493384067,0.0470016966853491,0.0487067994752944,4.395256339439079,0.3917146171940208,0.4653154678313737,0.0018438971710637,0.2816835467096806,0.9364410289315754,vent_rotation,ok,8b523ea03f6ba4ff7308828dc70f36730ba0a64d740014d93186863ad2024692,a7676adf7325bfb343f6c417192d290b066bce867e21167f03dea860d196b49e,0,8,0.3,3672,3285,1377,0.0,0.0,0.0,0.0,0.0,0,False,0.027233115468409588,0.027233115468409588,0.0,5.0,5.0,0,False,0,0,0,0.0272,5.0,29.146,0,False,46.8957,0.0,8ec844664017ddc45fef459f9471658e27c34469b99c57d1b96256035d0f18fc,3.163
TMYx,detached,run_1746,random64,6.23256062077348,7.414538430795666,2.655653759263532,340.754870353403,0.13092892283432,0.2982663087100041,0.1605365316546335,0.0545709109003138,2.521385471538734,0.5672064169838165,0.8340818965891381,0.0087833495903115,0.3674619067684775,0.3091781887796459,vent_rotation,ok,ed8aaf637e27ba79e8d32a396bd877c9045a418446483027b641cfe53d72bca1,a7676adf7325bfb343f6c417192d290b066bce867e21167f03dea860d196b49e,0,8,0.3,3672,3285,1377,0.0,0.0,0.0,4.0,4.0,0,False,0.13616557734204793,0.13616557734204793,0.0,9.0,9.0,0,False,1,1,0,0.1362,9.0,29.724,0,False,54.619,0.0,2b9bb2c12a2b844863eddfd9c79542c3c8006ca246f9ed17253c570ee6e07949,3.292
TMYx,detached,run_1748,random64,8.865043866167335,9.32232367224116,2.411805454746041,285.0228183144822,0.2601155219316617,0.0241020441173013,0.3259814484022454,0.0106359142239752,1.871163696480397,0.666161525830226,0.7796183023181407,0.0104967871326783,0.4218745196949143,0.1008415346970952,vent_rotation,ok,6d09956b786cc972c05c04d72bd4c2f568d7ff0ddbe9354692d0029c07045261,a7676adf7325bfb343f6c417192d290b066bce867e21167f03dea860d196b49e,0,8,0.3,3672,3285,1377,0.13616557734204793,0.13616557734204793,0.0,7.0,7.0,0,False,0.5718954248366013,0.5718954248366013,0.0,14.0,14.0,0,False,2,2,0,0.5719,14.0,30.641,0,False,116.2021,0.0,fdc08a55c4f7723daf4a41aa933941a72db8cd8c6f8ba2b4101d91309d7d3762,3.313
TMYx,detached,run_1757,random64,8.689011587231436,9.670794600545737,2.8367080033490657,223.1820686943364,0.2790156756182473,0.233231484877794,0.2229056782795074,0.0219445143738869,2.4426468738886213,0.695436098987765,0.4138722842570862,0.0021376128078927,0.7624905536858017,0.3826218271406786,vent_rotation,ok,e1e51743187539cc4d95788666550b0a4aaa3aa431e7249956bf3f4516775fde,a7676adf7325bfb343f6c417192d290b066bce867e21167f03dea860d196b49e,0,8,0.3,3672,3285,1377,0.2995642701525054,0.2995642701525054,0.0,12.0,12.0,0,False,0.5446623093681917,0.5446623093681917,0.0,17.0,17.0,0,False,3,3,0,0.5447,17.0,30.874,0,False,325.671,0.0,f5f4a3927884116ed7b69bb47c7f9385cadae29c2d6829bc14f600a513137c5c,3.317
TMYx,detached,run_1759,random64,7.770853395902289,11.734651985798616,2.640716419960252,358.1951472874119,0.2392442626409085,0.0619317660019336,0.2680148272014561,0.0713851201696387,3.692960708429269,0.309230268935296,0.8284867367488444,0.0042700449738642,0.1941970618042965,0.3098326417434174,vent_rotation,ok,a7625e9bf15390658798dbee9d9a67f9d3b9c9957f076b09162602add9ca54e2,a7676adf7325bfb343f6c417192d290b066bce867e21167f03dea860d196b49e,0,8,0.3,3672,3285,1377,0.0,0.0,0.0,3.0,3.0,0,False,0.16339869281045752,0.16339869281045752,0.0,7.0,7.0,0,False,0,0,0,0.1634,7.0,29.67,0,False,47.8221,0.0,39e3d282f6ef1ee59e5c7600c9be73a5087f905025125dfef502db27c1b96761,3.3
TMYx,detached,run_1762,random64,9.10299394629691,6.779582727335279,2.989275662945607,119.36711299854213,0.2896453149172316,0.2698470947551495,0.1312331561461008,0.1120147306410807,3.947758679951738,0.3260696200660214,0.871151367818841,0.0024798400021639,0.4952905773332156,0.7995979321668514,vent_rotation,ok,bff1204558ba271fc2586a78b51cff2ea9308dc190fd91a05387854eaa8ffa14,a7676adf7325bfb343f6c417192d290b066bce867e21167f03dea860d196b49e,0,8,0.3,3672,3285,1377,0.054466230936819175,0.054466230936819175,0.0,4.0,4.0,0,False,0.13616557734204793,0.13616557734204793,0.0,10.0,10.0,0,False,0,0,0,0.1362,10.0,29.996,0,False,91.5465,0.0,937d4f43a4a36d2094c4724d540f6a50b86d4963c5a79dc802ba1c09a883cd09,3.253
TMYx,detached,run_1801,stress16,6.00576001816857,7.013962111137016,2.7433188979982543,109.1497624166458,0.1602648638294917,0.1227865119203586,0.3499141985699189,0.1295636363487694,1.1038623265201388,0.6054454417845063,0.4641422082425226,0.0116755889462249,0.6213755463936661,0.0271509346069509,vent_rotation,ok,cc06eec409a70a2e579e72e1d1b9ad9284759c70f691d6e9bd6badf0f558e3f7,a7676adf7325bfb343f6c417192d290b066bce867e21167f03dea860d196b49e,0,8,0.3,3672,3285,1377,0.10893246187363835,0.10893246187363835,0.0,6.0,6.0,0,False,0.3540305010893246,0.3540305010893246,0.0,11.0,11.0,0,False,0,0,0,0.354,11.0,30.068,0,False,171.8896,0.0,e1bde30133894853ab087c21e8f243d54615eed873b6727cc59bd687d72d195e,3.395
TMYx,detached,run_1809,random64,8.559445934201257,9.220111033851431,2.6174590371645094,260.51262344046665,0.1774145506572762,0.1237493562166303,0.3444827827829553,0.039503380978057,2.6965991092332593,0.3413065878960307,0.312273471145697,0.0096244804108213,0.5147813503211555,0.6028242920670521,vent_rotation,ok,dd826a7103ba43eaf2160301faf73c66dcf1c26838d2ccf456fef4c331635c7e,a7676adf7325bfb343f6c417192d290b066bce867e21167f03dea860d196b49e,0,8,0.3,3672,3285,1377,0.0,0.0,0.0,0.0,0.0,0,False,0.054466230936819175,0.054466230936819175,0.0,4.0,4.0,0,False,0,0,0,0.0545,4.0,29.18,0,False,45.6703,0.0,d51cd391f5bdc2e52b9115a028a7ade6fdcde5c76a56aa51018946755bf9d495,3.207
TMYx,detached,run_1813,random64,6.183853880457327,6.041757376136944,2.996197412195417,18.45093673997505,0.1269063653778326,0.2359317992988121,0.2993517751632163,0.0532381299634875,2.3671403541710943,0.2805814000617515,0.7751595903775934,0.0088623444481291,0.6776984175575665,0.513229652325849,vent_rotation,ok,7147963d002fa4e93384b1b19016686c09205747ac989ff3afe869164cd2e8fb,a7676adf7325bfb343f6c417192d290b066bce867e21167f03dea860d196b49e,0,8,0.3,3672,3285,1377,0.0,0.0,0.0,2.0,2.0,0,False,0.054466230936819175,0.054466230936819175,0.0,4.0,4.0,0,False,0,0,0,0.0545,4.0,29.203,0,False,63.0452,0.0,75bb1e9507012d8b843c094a95194cdfddc6a806e194229e47dc387eef4bee52,3.283
TMYx,detached,run_1851,random64,9.203475309979774,8.126740176489259,2.515033518371454,173.65265235192354,0.3260689792526782,0.0885557723085899,0.2437944100102807,0.0742750911743195,4.731739904063382,0.5087623134456867,0.4327765286791063,0.0083422560500987,0.7721184990131026,0.1324354075633587,vent_rotation,ok,83762ac4bd5a6c2d0e195999f12d31f73001f802bc52bede84cbee7e96e6ca97,a7676adf7325bfb343f6c417192d290b066bce867e21167f03dea860d196b49e,0,8,0.3,3672,3285,1377,0.10893246187363835,0.10893246187363835,0.0,9.0,9.0,0,False,0.3812636165577342,0.3812636165577342,0.0,12.0,12.0,0,False,0,0,0,0.3813,12.0,30.296,0,False,186.9151,0.0,1eb1d284c8cbfc8d6181c747cea4dbf041c7668a1b91c93c7c18b8de883a57d2,3.242
TMYx,detached,run_1864,random64,6.678309111984476,9.701169101100144,2.688116929277827,134.80691493465332,0.2652985821920491,0.20779816880664,0.234577135985692,0.1895076859779048,3.2922132632933643,0.4267807981359379,0.7891846397409084,0.0070545148468507,0.4021872024899956,0.3813972683369584,vent_rotation,ok,08509281c6a6b2ed64a6a064935a959942ad0e93f0cce30ea87da95bf27d46af,a7676adf7325bfb343f6c417192d290b066bce867e21167f03dea860d196b49e,0,8,0.3,3672,3285,1377,0.054466230936819175,0.054466230936819175,0.0,5.0,5.0,0,False,0.32679738562091504,0.32679738562091504,0.0,11.0,11.0,0,False,0,0,0,0.3268,11.0,30.193,0,False,94.7995,0.0,4da7827e4b8af3fffa282d1d9fb1d2719d1bfaabc320ff45d5ee8734e8a400de,3.349
TMYx,detached,run_1865,random64,8.82547862022751,9.753981614836256,2.7591122341658165,157.9041342237432,0.3438813786429799,0.2158546792043205,0.2138580906954928,0.0992738610007614,2.306245853937516,0.6386320518895993,0.8154346774417618,0.0093635246799744,0.2130728999901633,0.437296282659448,vent_rotation,ok,d3c4a97364c33e182ad6adace6a50a086399d3aabeae56002f012cb1fe8d99a3,a7676adf7325bfb343f6c417192d290b066bce867e21167f03dea860d196b49e,0,8,0.3,3672,3285,1377,0.4629629629629629,0.4629629629629629,0.0,15.0,15.0,0,False,1.1165577342047932,1.1165577342047932,0.0,22.0,22.0,0,False,7,8,1,1.1166,22.0,31.359,0,False,100.2509,0.0,7f0574959243b8717735c30149844c7d254fe960012231c9a576c0d2516693e1,3.504
TMYx,detached,run_1866,random64,6.074547528578014,10.39441441632774,2.9074407631648413,29.82417569741127,0.3735980910175824,0.056916595305462,0.2253344693331766,0.0278639344015534,3.486301963586633,0.5140651187186196,0.6700640003904912,0.006735074923467,0.6647864729323955,0.2008978179182478,vent_rotation,ok,bb48934cc5bd56642e245aa9d583f5805086541a0feac1409f5325dec085d04b,a7676adf7325bfb343f6c417192d290b066bce867e21167f03dea860d196b49e,0,8,0.3,3672,3285,1377,0.3812636165577342,0.3812636165577342,0.0,12.0,12.0,0,False,0.789760348583878,0.789760348583878,0.0,21.0,21.0,0,False,1,1,0,0.7898,21.0,31.249,0,False,291.8003,0.0,966308984910153ed1b736abafd7e4902279bb9bd4cb2c261d883756cef4a222,3.242
TMYx,detached,run_1911,random64,9.625788696509844,8.99756568811846,2.6870274763916577,51.13562564563569,0.1036336243021498,0.2691032643035131,0.2909092323704428,0.0553225405296898,0.9451537467761352,0.213096661780196,0.6746484122958563,0.0027892586699717,0.3857168502796336,0.6987056326408935,vent_rotation,ok,e1dccc2d2618d35b24a8d0595b66eda6add4c5a90f1b90b79ac171772ec9a425,a7676adf7325bfb343f6c417192d290b066bce867e21167f03dea860d196b49e,0,8,0.3,3672,3285,1377,0.0,0.0,0.0,0.0,0.0,0,False,0.0,0.0,0.0,0.0,0.0,0,False,0,0,0,0.0,0.0,28.583,0,False,18.8088,0.0,dcc98cba01220b70117a887b8eabfbc8e1ec73608dd2f3c92d803924a922b20b,3.329
TMYx,detached,run_1941,stress16,8.513957236747029,6.406912918790103,2.9573824657987817,227.30992581477113,0.3814391502066491,0.1130363137032005,0.3436613789388585,0.0360638430621394,3.8372150666790352,0.6925245091293201,0.8339536192169092,0.0057582855884426,0.5537019522177968,0.4107181886048088,vent_rotation,ok,d4334143f254b7772a54e1dda564c04e15bf87af83a5690b0465a49b79bfa57c,a7676adf7325bfb343f6c417192d290b066bce867e21167f03dea860d196b49e,0,8,0.3,3672,3285,1377,0.8986928104575163,0.8986928104575163,0.0,18.0,18.0,0,False,1.824618736383442,1.824618736383442,0.0,26.0,26.0,0,False,1,1,0,1.8246,26.0,31.924,0,False,399.9266,0.0,61cccb23ebea70b210a564260397d64950ba448ebb3c19a87f0afab5c0c01be4,3.355
TMYx,detached,run_1952,random64,6.90071229300299,6.937283565323205,2.560373385344838,346.0353191567952,0.2877198939545087,0.2888430195687625,0.1275638899296872,0.0713325995335073,4.595601180263259,0.2098584867753312,0.4525467845450036,0.0051246806394883,0.2908505919263405,0.91113436469536,vent_rotation,ok,81e01b1c5251607d70f12e2a2a236012d26b0a118df01f85e85f1b21d933e72d,a7676adf7325bfb343f6c417192d290b066bce867e21167f03dea860d196b49e,0,8,0.3,3672,3285,1377,0.0,0.0,0.0,1.0,1.0,0,False,0.054466230936819175,0.054466230936819175,0.0,4.0,4.0,0,False,0,0,0,0.0545,4.0,29.288,0,False,69.9328,0.0,62d35b7d0c376d0ee8be4fed15f087047af3ad3beae2d7c5713dfd1e911a9b5d,3.216
TMYx,semi,run_0000,stress16,8.290452087902889,9.418683364680744,2.7012424206240264,22.194473754769316,0.1796358733978168,0.0781535347590126,0.0281263147984265,0.1023603238909987,3.7187309613713815,0.2848874035155261,0.8851887605927302,0.0041794027925613,0.4679746472079719,0.7780886191933646,vent_rotation,ok,6efc6509d238f2c847f705f9f8e8b2024bb2595b099bdd703601fc953fc715c9,a7676adf7325bfb343f6c417192d290b066bce867e21167f03dea860d196b49e,0,8,0.3,3672,3285,1377,0.0,0.0,0.0,0.0,0.0,0,False,0.13616557734204793,0.13616557734204793,0.0,8.0,8.0,0,False,1,1,0,0.1362,8.0,29.747,0,False,48.5534,0.0,85834e96328c5862164e49633d6f35edafd6a832eefcfe9dfa2c6dfa8d98ae8b,3.247
TMYx,semi,run_0015,random64,7.108611475128714,6.493256650172337,2.557740067304502,196.7752575852872,0.3508426889305577,0.0691978473194322,0.1775662031153719,0.1504932433886532,1.1382521186428864,0.3634006054515437,0.3251097153924657,0.0053423127877505,0.7756179975255327,0.2215221883714765,vent_rotation,ok,a8e2288e29138232654dbd9ab40a4ddcde25dd835a54779bbc866d11ef986143,a7676adf7325bfb343f6c417192d290b066bce867e21167f03dea860d196b49e,0,8,0.3,3672,3285,1377,0.027233115468409588,0.027233115468409588,0.0,4.0,4.0,0,False,0.10893246187363835,0.10893246187363835,0.0,8.0,8.0,0,False,0,0,0,0.1089,8.0,29.667,0,False,262.037,0.0,870a4dc4e72de6bda8045676e7d6e5e9d9d68010b677bc2d79fc4f34d767188c,2.976
TMYx,semi,run_0023,random64,8.817343277589991,7.85539369563051,2.609145431853368,18.96253427869918,0.1742793412258079,0.1120027552699704,0.044072150885244,0.1176076252166526,3.9736567243591487,0.2414493988517185,0.6054915605613544,0.0048067660451242,0.6942537640069445,0.341692810129729,vent_rotation,ok,a81230c77f28ac921d535ae02bbab669efcbee788c6b4d2389b17c1fdac1eecd,a7676adf7325bfb343f6c417192d290b066bce867e21167f03dea860d196b49e,0,8,0.3,3672,3285,1377,0.0,0.0,0.0,0.0,0.0,0,False,0.054466230936819175,0.054466230936819175,0.0,5.0,5.0,0,False,0,0,0,0.0545,5.0,29.239,0,False,47.4888,0.0,fbc8b30dc02bf4142ecc520da27fb2e108c1ebca43f0737db79b974af5a1a140,3.256
TMYx,semi,run_0029,stress16,8.203432183124272,6.408489310261017,2.8640680741404387,300.7801611485146,0.150600147289584,0.0170107318727439,0.045297803381865,0.0140947818271048,0.8776391010432707,0.6886897929854896,0.5132570934374501,0.0061052277763261,0.1044806285204754,0.4880446808864345,vent_rotation,ok,3d77f9698ff24acf6c627898d81f578f20e37646cb7c311da04dda0eb5d9ee28,a7676adf7325bfb343f6c417192d290b066bce867e21167f03dea860d196b49e,0,8,0.3,3672,3285,1377,0.2178649237472767,0.2178649237472767,0.0,9.0,9.0,0,False,0.789760348583878,0.789760348583878,0.0,19.0,19.0,0,False,22,22,0,0.7898,19.0,30.844,0,False,41.3964,0.0,2a8d0890eb2b64f60c78a438b696b52e338e10a0113730ff2ddc9d878cb08364,3.258
TMYx,semi,run_0044,random64,6.030500032924129,7.408960521416061,2.7665628390675407,74.51262954714856,0.1781833985308706,0.2384489935374365,0.232027349722457,0.1662308275216616,3.706446374343945,0.2801471059994515,0.6879618953548321,0.0077865334940022,0.7588555884014518,0.4235989701065071,vent_rotation,ok,f33216ce3f780976986bcc3c77f80257c13a2ac45dc0716bc19cba7252fee4a6,a7676adf7325bfb343f6c417192d290b066bce867e21167f03dea860d196b49e,0,8,0.3,3672,3285,1377,0.0,0.0,0.0,2.0,2.0,0,False,0.054466230936819175,0.054466230936819175,0.0,4.0,4.0,0,False,0,0,0,0.0545,4.0,29.196,0,False,55.1382,0.0,d72c95ee879e2d6229b9346af021245a573ccca2d1c6ebf9b9c881fc44d49941,3.18
TMYx,semi,run_0063,random64,6.5621292372608675,6.65259707923012,2.866440977345775,291.8921029230811,0.2605908839526111,0.2904109892395112,0.2396360333811598,0.1130099666030276,4.144587096716162,0.654011275402036,0.4712269209763924,0.0014834559152219,0.54773627340295,0.5710594819740411,vent_rotation,ok,982f2f697d36c461d9202921e73ccdf00a511c39189d22be118fde94e7137f45,a7676adf7325bfb343f6c417192d290b066bce867e21167f03dea860d196b49e,0,8,0.3,3672,3285,1377,0.24509803921568626,0.24509803921568626,0.0,11.0,11.0,0,False,0.5174291938997821,0.5174291938997821,0.0,13.0,13.0,0,False,0,0,0,0.5174,13.0,30.622,0,False,203.4565,0.0,01756efd70fe16367d95358078b8d96cd4e2d46bbd524bab3fd16c06e8f74108,3.312
TMYx,semi,run_0092,random64,9.93309790699963,8.182296197308714,2.457461454626565,111.121424386233,0.215416840146493,0.1614784962457293,0.2067813187440635,0.1045840336851818,2.5155012564866768,0.5247084843418965,0.6042830658593564,0.0091103599680866,0.403724911359604,0.9002186637947126,vent_rotation,ok,c711fd6f68232eeda3b225a952214ebf4074553da251238194a6d04490d048c8,a7676adf7325bfb343f6c417192d290b066bce867e21167f03dea860d196b49e,0,8,0.3,3672,3285,1377,0.0,0.0,0.0,2.0,2.0,0,False,0.08169934640522876,0.08169934640522876,0.0,5.0,5.0,0,False,0,0,0,0.0817,5.0,29.436,0,False,41.5823,0.0,1b386afde24ca48eee2fe4744c1c0ac6621b0b2f0996a4bd3ce380b5db7707fe,3.317
TMYx,semi,run_0095,random64,6.3624501841932375,11.842510228563462,2.491939053622874,295.7462251283733,0.2198554630131667,0.0400359318923531,0.1494445134899256,0.1850285440940413,4.185455890408224,0.5956563840158877,0.8831696681502195,0.0061710397040376,0.4456313827570233,0.3457178036598204,vent_rotation,ok,acbb489c74fe991e2c0d2e4391e355d7d7c96de76aff143c5e32cf36622fbf53,a7676adf7325bfb343f6c417192d290b066bce867e21167f03dea860d196b49e,0,8,0.3,3672,3285,1377,0.054466230936819175,0.054466230936819175,0.0,5.0,5.0,0,False,0.2995642701525054,0.2995642701525054,0.0,11.0,11.0,0,False,1,1,0,0.2996,11.0,30.124,0,False,61.2695,0.0,4d9ae952f3742e1187625471d5598316b8eaabded13ea4f1aacd7143a70c088c,3.298
TMYx,semi,run_0132,stress16,9.299175482807073,9.44472107084308,2.6246307962624016,120.97695746647544,0.359724968552603,0.1373453664935816,0.0250244188438973,0.1090851112819592,4.432529714102253,0.6489282768966091,0.8546248700739805,0.0100735542076731,0.2380461443404612,0.205503238738427,vent_rotation,ok,79de51dd3d11741ad31a81ce7f23c1c7e3ab3a1a036c0acb339c433c779bfc02,a7676adf7325bfb343f6c417192d290b066bce867e21167f03dea860d196b49e,0,8,0.3,3672,3285,1377,0.24509803921568626,0.24509803921568626,0.0,12.0,12.0,0,False,0.7625272331154684,0.7625272331154684,0.0,20.0,20.0,0,False,5,5,0,0.7625,20.0,31.277,0,False,73.3648,0.0,38cb66e4918561a7e7aede07134b63521da89def5be37e6f4a51786866f87b7e,3.289
TMYx,semi,run_0169,random64,7.695473365435487,11.227744275625916,2.4943900256809504,33.74614022217156,0.1572306658104784,0.0421425997389778,0.1619378594004896,0.0133961689752927,3.577533400781542,0.3919625146305164,0.533438368709399,0.0108911883433449,0.1066031747510421,0.8986530703328954,vent_rotation,ok,26e502e63eee546ee032a6cbeb8c20f7cf32c1e551b18b436470cf62c9e000d3,a7676adf7325bfb343f6c417192d290b066bce867e21167f03dea860d196b49e,0,8,0.3,3672,3285,1377,0.0,0.0,0.0,0.0,0.0,0,False,0.0,0.0,0.0,0.0,0.0,0,False,6,6,0,0.0,0.0,28.873,0,False,31.2459,0.0,2c156a33436c725794bd1d87c8bca1e8f090ab9c7574ab1bd6a8f7ee5e82aec7,3.159
TMYx,semi,run_0171,random64,7.494809621295749,11.22002626611558,2.7470227147731485,103.10589157010632,0.254781411116087,0.1019944879351144,0.3370655776713539,0.0445047342704688,4.389418546125397,0.6060268646263012,0.3276582681904973,0.005932140031043,0.3357054429082935,0.5638512940204532,vent_rotation,ok,b71e0ab79ef7491c2bcdb59c5c2173ba8818721070548bb4ceecc3085504d7ad,a7676adf7325bfb343f6c417192d290b066bce867e21167f03dea860d196b49e,0,8,0.3,3672,3285,1377,0.0,0.0,0.0,4.0,4.0,0,False,0.10893246187363835,0.10893246187363835,0.0,8.0,8.0,0,False,0,0,0,0.1089,8.0,29.722,0,False,48.614,0.0,8249a13e7b8da27b78bb0ceaf6b556a78610209d311340ad2727b258dedfce2e,3.17
TMYx,semi,run_0172,random64,9.655340429240898,7.24820416689231,2.42469543122848,172.6245737256148,0.1639874631194922,0.1196870715518636,0.3172583437442636,0.1578098077295352,0.9402029258114942,0.4028680909098489,0.8765797877084602,0.0023588769593888,0.2060066547113198,0.3409010096267915,vent_rotation,ok,b8d999d90704be89eae58a6d2c5eea51921d2f55beaa3ea78febf3837c5ed3d0,a7676adf7325bfb343f6c417192d290b066bce867e21167f03dea860d196b49e,0,8,0.3,3672,3285,1377,0.0,0.0,0.0,0.0,0.0,0,False,0.0,0.0,0.0,3.0,3.0,0,False,0,0,0,0.0,3.0,28.946,0,False,15.4501,0.0,0aa5fb5f76844ecb289e4509164d7f4d473f05ce675a37da448600de7f9c556e,3.322
TMYx,semi,run_0189,random64,8.854541179080801,10.452603750516715,2.9188006260871417,67.8876582569418,0.3641510351705923,0.0892540763860939,0.3097302387013971,0.1440692649228458,2.707948972652005,0.2832682627500669,0.6646816722211282,0.0103303899374604,0.1290129201750531,0.0948871124029668,vent_rotation,ok,037be2bcaca34f6acea443f42a291a95d0ef02830042c01869a903ef83c62d82,a7676adf7325bfb343f6c417192d290b066bce867e21167f03dea860d196b49e,0,8,0.3,3672,3285,1377,0.0,0.0,0.0,3.0,3.0,0,False,0.1906318082788671,0.1906318082788671,0.0,9.0,9.0,0,False,1,1,0,0.1906,9.0,29.765,0,False,38.8141,0.0,97b1601ca91331c0dcf84d4c2cf46b044132a55dc692bdcf8bf66e6aa8af1d83,3.19
TMYx,semi,run_0203,random64,7.977123523285825,8.285263931205199,2.712837171815562,89.35419205267758,0.1358151170477194,0.188340689716523,0.0697252800449031,0.1120892354037314,1.7190015052738117,0.5071421704296211,0.5490554865529775,0.0022577353970723,0.6310346873260598,0.5050302275796102,vent_rotation,ok,94f96402b12ed03c74437154be6f21ce74fbac4cac51d99037fb62c361e4611c,a7676adf7325bfb343f6c417192d290b066bce867e21167f03dea860d196b49e,0,8,0.3,3672,3285,1377,0.0,0.0,0.0,2.0,2.0,0,False,0.08169934640522876,0.08169934640522876,0.0,5.0,5.0,0,False,1,1,0,0.0817,5.0,29.413,0,False,44.0097,0.0,7751a40cee31bbc196924b44d3724e67fff4257f43616599c472857c6f397ca4,3.273
TMYx,semi,run_0208,random64,7.080933225138338,8.151979458855823,2.6146631258077835,109.77210266794091,0.1350633821387371,0.2826211130453059,0.3158693984636647,0.1010376581025481,1.0331012809233195,0.4004981292509733,0.7085516862951541,0.001430792206345,0.6109790032078951,0.401205105008072,vent_rotation,ok,6579a2c13191a9b247c92b1d42f6499d2d921f1f88a2bdba3bdb4c35100af667,a7676adf7325bfb343f6c417192d290b066bce867e21167f03dea860d196b49e,0,8,0.3,3672,3285,1377,0.0,0.0,0.0,0.0,0.0,0,False,0.0,0.0,0.0,3.0,3.0,0,False,0,0,0,0.0,3.0,28.962,0,False,48.4543,0.0,7f95a2408f4d5e7543ecbb8be8285451eb0f46c5495b2e4919bc39909b005547,3.501
TMYx,semi,run_0239,stress16,8.966408949597819,7.177231125441284,2.4933678450716044,17.389312189459034,0.33924506984946,0.1909431656003543,0.2552562075773003,0.1590237503532047,0.8661594681833358,0.6951609206290856,0.8620318201574801,0.0106498566496832,0.1330127200193476,0.4051665189182183,vent_rotation,ok,8533e0dde9c2256c8606d6716a0531aec7a396ff0688f27acceb1b4edf7a775e,a7676adf7325bfb343f6c417192d290b066bce867e21167f03dea860d196b49e,0,8,0.3,3672,3285,1377,0.5991285403050108,0.5991285403050108,0.0,15.0,15.0,0,False,1.3888888888888888,1.3888888888888888,0.0,20.0,20.0,0,False,18,118,100,1.3889,20.0,31.294,0,False,50.9854,0.0,91340f1c9930fa5632184897a36a1a9aa6e1048cc178aa6b044c6f8d81c70bee,3.549
TMYx,semi,run_0241,stress16,8.986985502735077,6.370726990713231,2.8262969611987976,288.55522855132386,0.3577817612158999,0.1857466310998697,0.1900534041160908,0.1183127038015254,1.180262981894609,0.5586107918959073,0.4841391966636397,0.0026352311391234,0.7606078576767147,0.3295277351670737,vent_rotation,ok,1403f1f387482ebccf47ac2d9c43367ea715aaa222eb0dbce333133a3e71f22e,a7676adf7325bfb343f6c417192d290b066bce867e21167f03dea860d196b49e,0,8,0.3,3672,3285,1377,0.4357298474945534,0.4357298474945534,0.0,12.0,12.0,0,False,0.9259259259259258,0.9259259259259258,0.0,20.0,20.0,0,False,5,41,36,0.9259,20.0,31.21,0,False,597.3866,0.0,8ae831b3ef428c89535aa1bcf7237199fb5a4cd111f5dff9c31e4c157c2034d3,3.47
TMYx,semi,run_0298,random64,8.332008660398749,7.514114819729058,2.5770632840161176,32.65999947584161,0.3675082359468328,0.2612870512859359,0.1947062270800404,0.092184612395228,2.2327759245070897,0.4154681534695688,0.4491901728869033,0.0031863362642622,0.2918284207024562,0.3945965827764047,vent_rotation,ok,ce394488944e67b3c13bdbe646305004ba16c786c8654e4aa04301a1750e3673,a7676adf7325bfb343f6c417192d290b066bce867e21167f03dea860d196b49e,0,8,0.3,3672,3285,1377,0.054466230936819175,0.054466230936819175,0.0,4.0,4.0,0,False,0.2995642701525054,0.2995642701525054,0.0,11.0,11.0,0,False,1,1,0,0.2996,11.0,30.186,0,False,76.4895,0.0,7a18d3429dc0ed123f7388d3e41bf879b7603292d8ff8c6bc7d8ac79fc0af862,3.226
TMYx,semi,run_0302,random64,6.464886681198625,6.461232658039725,2.595607139740693,200.15410369855252,0.1048401522366748,0.0500529154312022,0.2464765860508568,0.138708672410398,1.0994929560158817,0.5957829612933677,0.6712389000184744,0.0114188958123249,0.5764259455075901,0.8590859386058312,vent_rotation,ok,2c5b980a67be93805c6e0bd114b9efebc43775191b78adb7c7dcf3515f145b67,a7676adf7325bfb343f6c417192d290b066bce867e21167f03dea860d196b49e,0,8,0.3,3672,3285,1377,0.0,0.0,0.0,0.0,0.0,0,False,0.0,0.0,0.0,3.0,3.0,0,False,0,0,0,0.0,3.0,29.092,0,False,40.8977,0.0,ef118fe4394ed4becc7ee497a6600ddc7286357e49c81a8eb15ea0c0a638b272,3.248
TMYx,semi,run_0421,random64,7.259944904757417,9.95766854175178,2.9168650187863294,194.2486599421907,0.3312206235671143,0.0946711362366577,0.2923395976811948,0.0428674051588782,2.175209421544923,0.3660505438690433,0.3166605386628426,0.005912152362126,0.7213775997545232,0.4076882356228147,vent_rotation,ok,011b7a74eda26fb80700307da80096ba0dc89f803b07d66a934fbfc3a0ccc1e7,a7676adf7325bfb343f6c417192d290b066bce867e21167f03dea860d196b49e,0,8,0.3,3672,3285,1377,0.0,0.0,0.0,2.0,2.0,0,False,0.08169934640522876,0.08169934640522876,0.0,6.0,6.0,0,False,0,0,0,0.0817,6.0,29.534,0,False,115.825,0.0,d1067a25fb7deda0328c70cf22260f666bb36b127cb60aed9964a9dc88576922,3.279
TMYx,semi,run_0456,random64,7.235653346407408,11.709367776516928,2.5247172842449146,164.85689193046983,0.316903563356449,0.2724207622108091,0.0275777940548623,0.1306855280144903,4.841830387386058,0.3607166626987048,0.7357196636648353,0.0087398255812502,0.7615723805690275,0.6784222436994939,vent_rotation,ok,4a0f852ccc59b5021c691dd041b2e3329ef87e863029b33196b50914aebe58d2,a7676adf7325bfb343f6c417192d290b066bce867e21167f03dea860d196b49e,0,8,0.3,3672,3285,1377,0.0,0.0,0.0,1.0,1.0,0,False,0.10893246187363835,0.10893246187363835,0.0,6.0,6.0,0,False,0,0,0,0.1089,6.0,29.649,0,False,69.6425,0.0,220907db3dbab2193de917d67cadb4963ca2593fbfcacd511fe9fb6d0fdac64d,3.185
TMYx,semi,run_0492,stress16,8.550782772522515,11.776115421222215,2.699213296519177,334.2020798495306,0.3999904372395374,0.0206995492983702,0.0607249068429463,0.0682232294671505,1.1214548050257498,0.6419965380885064,0.7204194426782291,0.0073087888941234,0.247223981405377,0.2972364509554138,vent_rotation,ok,504f4ae422b6c87137ace50478012cfafa5cecc08841101441dfd522c2409aff,a7676adf7325bfb343f6c417192d290b066bce867e21167f03dea860d196b49e,0,8,0.3,3672,3285,1377,0.49019607843137253,0.49019607843137253,0.0,14.0,14.0,0,False,1.3344226579520697,1.3344226579520697,0.0,22.0,22.0,0,False,12,14,2,1.3344,22.0,31.511,0,False,87.6069,0.0,656f553d62e50df91ec8ab0dca01c51640f298b31d4848f61b651da58a552fbf,3.503
TMYx,semi,run_0499,random64,7.858804507830091,10.349836369453136,2.532898445475049,95.20960247737294,0.2105308086928702,0.2661776403887546,0.202952619776223,0.042630729895842,4.479626527348435,0.5735404220619731,0.7008795170704228,0.0036983473818156,0.1567476492121556,0.6596289751233395,vent_rotation,ok,531a4c33206eb9d51fc2766c2ee324f213df920f61b9ad40d566456ccdf3472f,a7676adf7325bfb343f6c417192d290b066bce867e21167f03dea860d196b49e,0,8,0.3,3672,3285,1377,0.0,0.0,0.0,0.0,0.0,0,False,0.10893246187363835,0.10893246187363835,0.0,5.0,5.0,0,False,1,1,0,0.1089,5.0,29.656,0,False,25.4891,0.0,ff31b0fa40bebd68e1ccdf3aa650127b14a8fa93368b081be2635afb4556428b,3.245
TMYx,semi,run_0500,random64,9.82451369711319,10.845295277018504,2.7073204009582628,108.9848566026068,0.2404164756163604,0.2191691030494161,0.3170431197618952,0.1101248845957577,4.246097291116642,0.3146179268775989,0.8846779164318552,0.002952629013426,0.3985480745890861,0.6671409251817507,vent_rotation,ok,d318e880fdc3a8df91e881505bd818034724a7622265ca88354ea886291c9544,a7676adf7325bfb343f6c417192d290b066bce867e21167f03dea860d196b49e,0,8,0.3,3672,3285,1377,0.0,0.0,0.0,0.0,0.0,0,False,0.0,0.0,0.0,4.0,4.0,0,False,0,0,0,0.0,4.0,29.133,0,False,34.7719,0.0,a53e732522562736e32277b7a4781933ff4541ce3db1a7b80e6606c4556665de,3.396
TMYx,semi,run_0628,stress16,9.72733840356107,7.8427669792229615,2.5924321527735392,359.8933269015914,0.3529783862372112,0.0761779621335445,0.3273904561993191,0.0824461595128538,3.4708268892998255,0.3251799736172571,0.3503616556392233,0.0015213312741712,0.7206263247604744,0.7182250817689112,vent_rotation,ok,67697fa78434b198a21546ac7c5763cd89f1edc23c880619bc50abefcd76434b,a7676adf7325bfb343f6c417192d290b066bce867e21167f03dea860d196b49e,0,8,0.3,3672,3285,1377,0.0,0.0,0.0,2.0,2.0,0,False,0.08169934640522876,0.08169934640522876,0.0,5.0,5.0,0,False,0,0,0,0.0817,5.0,29.499,0,False,65.974,0.0,1af496c3f5a6c8da0d605ea680bf1cdb976f8a70ef1a0dd954c901273f7ae629,3.255
TMYx,semi,run_0745,random64,9.403992115334937,8.48512079989969,2.7038151450428907,145.5310132662222,0.2567053419094268,0.2898505421920269,0.0488499881238593,0.1014932783378585,1.1571722700731573,0.4833947498367663,0.8213087990653432,0.008725404304492,0.7657037313194129,0.8876906018863312,vent_rotation,ok,8a07bae1a85b82cc62422f7517e0a1a82e6ffd81cedbab5c248d96402a8960b2,a7676adf7325bfb343f6c417192d290b066bce867e21167f03dea860d196b49e,0,8,0.3,3672,3285,1377,0.0,0.0,0.0,3.0,3.0,0,False,0.13616557734204793,0.13616557734204793,0.0,9.0,9.0,0,False,1,1,0,0.1362,9.0,29.853,0,False,104.4769,0.0,480957ce0d1448f1b64ff327b69326f93c010567d3f372fef199eb07c944d586,3.226
TMYx,semi,run_0768,stress16,6.634637881940697,11.603463379949876,2.9452065682690702,7.656125949492523,0.3673240508605883,0.0703946751822334,0.0882239068606324,0.0721394554328508,0.8794108960838816,0.6853284584119119,0.8495356125752638,0.0109339718263157,0.2996274968959122,0.0483529411528591,vent_rotation,ok,a6d3b75d5b1a6750c4e4ecef9a9970dee864e2bc59bf1b96ebd1829a1aeb6274,a7676adf7325bfb343f6c417192d290b066bce867e21167f03dea860d196b49e,0,8,0.3,3672,3285,1377,0.49019607843137253,0.49019607843137253,0.0,13.0,13.0,0,False,1.4705882352941175,1.4705882352941175,0.0,21.0,21.0,0,False,13,26,13,1.4706,21.0,31.486,0,False,135.4564,0.0,c9c0d3448812daf939177605e305efca7e5a5f84f8e5580c763348cd0fb7f749,3.437
TMYx,semi,run_0785,random64,8.940781628092497,8.940854789499578,2.71333172432655,21.027453984889203,0.3107729422642821,0.2659499439488594,0.1570556761118805,0.0362424341838409,3.092059615457477,0.5972727377148599,0.3537591526886088,0.010305774523266,0.4150422534097331,0.1795157167910107,vent_rotation,ok,2e25501c0dcdd723010280977b810c3e2951c189e90b82d57cf3e0c5aeb12b55,a7676adf7325bfb343f6c417192d290b066bce867e21167f03dea860d196b49e,0,8,0.3,3672,3285,1377,0.054466230936819175,0.054466230936819175,0.0,5.0,5.0,0,False,0.32679738562091504,0.32679738562091504,0.0,11.0,11.0,0,False,1,1,0,0.3268,11.0,30.277,0,False,84.0861,0.0,be822123b1ba129c305ec6d6aefe720d22b4a6850b1c929e5e27be683a01e676,3.255
TMYx,semi,run_0788,random64,8.782009887322488,9.886407966385462,2.689241045237277,165.79600971047623,0.1806222296930827,0.0350189214807997,0.2624851560323494,0.0761344647472262,0.8504742135136384,0.5569179194726575,0.8553784108853641,0.0092759304403749,0.5281861664355341,0.2100976052058908,vent_rotation,ok,fa49f4524861f270e4cf49243082dfaea116b7902d9776ed646d9f9947913621,a7676adf7325bfb343f6c417192d290b066bce867e21167f03dea860d196b49e,0,8,0.3,3672,3285,1377,0.0,0.0,0.0,2.0,2.0,0,False,0.054466230936819175,0.054466230936819175,0.0,5.0,5.0,0,False,0,0,0,0.0545,5.0,29.276,0,False,46.8121,0.0,22819c4abeb1459346b1c1c956609af12addab2171b7fb9dc6d44c19c9993547,3.252
TMYx,semi,run_0821,random64,8.168610103195812,6.295910082319626,2.44919521726831,83.16215592635217,0.1633699932395152,0.2793528873688088,0.3075031868920546,0.1071356027635634,4.694512503188105,0.3195967627738837,0.4662343120140395,0.0025933405746935,0.4004795609820039,0.9249981780019016,vent_rotation,ok,767e3696a957ccd70809f13010b391640e679c49e26aa7d8361bfcd4299e67f6,a7676adf7325bfb343f6c417192d290b066bce867e21167f03dea860d196b49e,0,8,0.3,3672,3285,1377,0.0,0.0,0.0,0.0,0.0,0,False,0.0,0.0,0.0,3.0,3.0,0,False,0,0,0,0.0,3.0,28.899,0,False,36.3137,0.0,193569e0f7a397677acf86df495c8d9a09cd46c54ecf2df85dd91d051e199e77,3.17
TMYx,semi,run_0833,random64,6.881397296298271,10.882836593895547,2.866583637518168,115.0820265960748,0.2101446861231999,0.1571910951166595,0.0991883520257245,0.1038913954908974,2.054872833294584,0.31784047548047,0.3619575529089111,0.0100872283500496,0.3785981589568508,0.1448921445221051,vent_rotation,ok,12aa49543b002103feeaa115249a8f61386018152e0cdb0ea3d3baa24d20a59b,a7676adf7325bfb343f6c417192d290b066bce867e21167f03dea860d196b49e,0,8,0.3,3672,3285,1377,0.0,0.0,0.0,0.0,0.0,0,False,0.0,0.0,0.0,3.0,3.0,0,False,0,0,0,0.0,3.0,29.068,0,False,35.9124,0.0,95742fbcc10dfc23d8bc1b87dd95c3271507d1319eee4c9d2a7bec6ca159ff87,3.249
TMYx,semi,run_0841,random64,8.367547204965499,7.256923551190713,2.9918995286847547,209.09780783784907,0.2412457505801208,0.2385274524029789,0.0999052231342154,0.0327496438192871,4.272186592040046,0.5573251812470255,0.5047083796199578,0.0034639552327845,0.6468288498143069,0.6883388060301502,vent_rotation,ok,a7ec88c240a23900fae8d58f8b9c2fad9ed8c0a94de4297a206b3f5ae762b418,a7676adf7325bfb343f6c417192d290b066bce867e21167f03dea860d196b49e,0,8,0.3,3672,3285,1377,0.0,0.0,0.0,4.0,4.0,0,False,0.10893246187363835,0.10893246187363835,0.0,8.0,8.0,0,False,0,0,0,0.1089,8.0,29.706,0,False,98.9375,0.0,f2ae6004437ea887646c9de66ba689ce89f676f519ea1a35365aca6161fe11c5,3.233
TMYx,semi,run_0844,random64,8.746712419323499,8.255288205551997,2.8301858731668736,119.6183960439886,0.1994819192503905,0.27254785547391,0.0411225287078061,0.1609877938402135,1.483139363161183,0.3044285647779056,0.8800589857851471,0.0064660006290998,0.7491636968151721,0.9819550749784538,vent_rotation,ok,9a434eceb1f2cdaf0d1e19cd27757bdddd0c10301986e0471f27d53baf45d046,a7676adf7325bfb343f6c417192d290b066bce867e21167f03dea860d196b49e,0,8,0.3,3672,3285,1377,0.0,0.0,0.0,0.0,0.0,0,False,0.08169934640522876,0.08169934640522876,0.0,6.0,6.0,0,False,1,1,0,0.0817,6.0,29.695,0,False,61.1742,0.0,1268a43d84c6ac5d8ed13521edb41840e5f6bb05ad6f86a81671324e14af3d75,3.292
TMYx,semi,run_0887,random64,9.484724765067508,11.174464591770498,2.414911442203662,229.80644996404757,0.2796275305540545,0.0758284244041909,0.2896741830836959,0.1751072335090888,1.6995338270119895,0.3107776781053267,0.4257006634020504,0.0114970329370951,0.491908950611397,0.9890734482016346,vent_rotation,ok,16cdd0a31923c29cf602a7e6d32d65089bff9736ba03dca58d93f7cf6a6dbc71,a7676adf7325bfb343f6c417192d290b066bce867e21167f03dea860d196b49e,0,8,0.3,3672,3285,1377,0.0,0.0,0.0,0.0,0.0,0,False,0.0,0.0,0.0,2.0,2.0,0,False,0,0,0,0.0,2.0,28.965,0,False,40.6804,0.0,52e994bb440f94d4507eef23780cfcd6b27245eca09bd99865126c74b6b3a5cf,3.292
TMYx,semi,run_1025,stress16,6.001988515451892,8.013747343359917,2.712128069948224,187.7230485160186,0.3988100711297681,0.0143824485162627,0.2716513893534522,0.0592134160641791,2.773734982619098,0.4008863300303726,0.4244523072802022,0.0086936739506271,0.2466612679915689,0.5322139386093038,vent_rotation,ok,3a5332208050bc427cd6c71ee14505134be998a710ca5384e29b776437bcb363,a7676adf7325bfb343f6c417192d290b066bce867e21167f03dea860d196b49e,0,8,0.3,3672,3285,1377,0.0,0.0,0.0,4.0,4.0,0,False,0.10893246187363835,0.10893246187363835,0.0,7.0,7.0,0,False,0,0,0,0.1089,7.0,29.725,0,False,74.1858,0.0,f4eeba28f800914c04d36d5baccca1194258e23293e43f11bdd8220a632e263a,3.193
TMYx,semi,run_1083,random64,8.454517480509306,7.606900202320765,2.5501477925335045,241.34481889977465,0.2891208841498976,0.1515706845674109,0.1605073890215713,0.1607015551309144,1.101558526110067,0.2140821822715956,0.8767854811568954,0.0117808467129899,0.4181305553407746,0.979553351344094,vent_rotation,ok,60436c35011c5339f59583cb46a683ca17a1a0f29da457b706c5b87d874a2f06,a7676adf7325bfb343f6c417192d290b066bce867e21167f03dea860d196b49e,0,8,0.3,3672,3285,1377,0.0,0.0,0.0,0.0,0.0,0,False,0.0,0.0,0.0,3.0,3.0,0,False,0,0,0,0.0,3.0,29.112,0,False,56.2788,0.0,d6fd0045bf6d0a3bd889177d4cfdb218fd28da6e6f0d06d4f844e61717528349,3.301
TMYx,semi,run_1093,random64,8.002380628505447,10.166259736812894,2.8796333119979427,171.23898423952662,0.100090185215434,0.0543938555226989,0.0270087812313298,0.0755226196018769,1.8235443611211988,0.386033384594613,0.8407906551118343,0.0050274494110316,0.354654458456868,0.9837284633011107,vent_rotation,ok,4be9b051e8caf7dc95af4c76659d0cc62b8765e0b4a980691c59aa7a77b548e3,a7676adf7325bfb343f6c417192d290b066bce867e21167f03dea860d196b49e,0,8,0.3,3672,3285,1377,0.0,0.0,0.0,0.0,0.0,0,False,0.08169934640522876,0.08169934640522876,0.0,4.0,4.0,0,False,2,2,0,0.0817,4.0,29.349,0,False,37.7936,0.0,02a677cff5238ded34449e6e6198bcb30e2478f707cfac7f64e1ebe523b11b56,3.128
TMYx,semi,run_1130,random64,9.188456848978468,11.639043127509634,2.559744911138821,29.410840417817724,0.1117948532135704,0.2858457406091068,0.2595794543528447,0.1999165833637279,1.1743911222239498,0.471472375004214,0.5367601190449024,0.0117616437190273,0.2970725510522888,0.433698314360111,vent_rotation,ok,fa78a5a2871f9ccc240eb9bfd948870336ba28179f5133ce0ed10a86c7f7f234,a7676adf7325bfb343f6c417192d290b066bce867e21167f03dea860d196b49e,0,8,0.3,3672,3285,1377,0.0,0.0,0.0,0.0,0.0,0,False,0.0,0.0,0.0,0.0,0.0,0,False,1,1,0,0.0,0.0,28.826,0,False,9.8353,0.0,e1bcce57b74c8fd3b724ab1cb99d0c8579a443e2f1386b68cf4a20ca1c9acbc4,3.377
TMYx,semi,run_1192,random64,6.574979979831511,11.394826702694091,2.6678524442714378,83.01673689334608,0.3565625542057532,0.2467632876240327,0.0518339126921443,0.087289463380345,1.2028290993735582,0.4784511509089152,0.6693643480800702,0.0064013535611167,0.4547676125272111,0.8704605859623464,vent_rotation,ok,737bd526ad65c14def897eecd83bf17f688a0fbe7e2eac4d65e4d678f94574bd,a7676adf7325bfb343f6c417192d290b066bce867e21167f03dea860d196b49e,0,8,0.3,3672,3285,1377,0.054466230936819175,0.054466230936819175,0.0,5.0,5.0,0,False,0.24509803921568626,0.24509803921568626,0.0,10.0,10.0,0,False,1,1,0,0.2451,10.0,30.124,0,False,97.576,0.0,df55fd58174621189eaf7a782fc6f7311a5109119e6059fde4f4d93cfc3ad1d3,3.306
TMYx,semi,run_1197,random64,9.55307660622851,10.935446202367611,2.651431698797591,89.14333515226049,0.2043520540065082,0.2592494770209894,0.0576746329066228,0.0781157588360924,2.1857332563991227,0.2060785959940542,0.5149724560393532,0.0076651831377733,0.6733006645411621,0.4720333855727691,vent_rotation,ok,790dbd94ffeab261fd057c7e211ddb7fe123ff079972784db5755d2c20aa9823,a7676adf7325bfb343f6c417192d290b066bce867e21167f03dea860d196b49e,0,8,0.3,3672,3285,1377,0.0,0.0,0.0,0.0,0.0,0,False,0.0,0.0,0.0,3.0,3.0,0,False,0,0,0,0.0,3.0,29.022,0,False,34.4406,0.0,f55365e227b47e34bd7129a99d57f225fe403570c0861ccfdb8b54f468e51916,3.242
TMYx,semi,run_1199,stress16,8.893313295309667,6.752916196560016,2.775376919971335,90.13627347871588,0.1083033134047148,0.1785539237225437,0.0601924888116002,0.0886989224971885,1.0127404186376616,0.4736069389205135,0.8365327423703692,0.0052546015723922,0.7998494879171348,0.7537545170074853,vent_rotation,ok,fe77abcfb4e10792f15ff91e1dd07bada4a3a0e73ff1a53844a448cc54b24b0b,a7676adf7325bfb343f6c417192d290b066bce867e21167f03dea860d196b49e,0,8,0.3,3672,3285,1377,0.0,0.0,0.0,0.0,0.0,0,False,0.08169934640522876,0.08169934640522876,0.0,5.0,5.0,0,False,1,1,0,0.0817,5.0,29.489,0,False,52.1185,0.0,1f91597238e77dc80fde968a9bfa767bc59b9ec085f3fef1fbb3b4fa654bf453,3.303
TMYx,semi,run_1207,random64,9.168130791502008,9.004696072729846,2.8115599835956373,142.9180739985565,0.1284202723692254,0.1867752178704292,0.3348439656423181,0.1317711005700411,2.4118781979192816,0.4565266167997619,0.610364497850469,0.004851525079017,0.1978381158264388,0.9603135205592784,vent_rotation,ok,b7adba98fe40253cbff5feca4d99d366ad26493e8c6357273a3af6f3e9f7ce66,a7676adf7325bfb343f6c417192d290b066bce867e21167f03dea860d196b49e,0,8,0.3,3672,3285,1377,0.0,0.0,0.0,0.0,0.0,0,False,0.0,0.0,0.0,0.0,0.0,0,False,0,0,0,0.0,0.0,28.524,0,False,12.9735,0.0,b61743d027154296fe51e2bd5db2e931f3930058ff6b0a6568e3e081a18926bd,3.409
TMYx,semi,run_1209,random64,8.118074804521358,11.978193458414612,2.9036564697751355,244.9524063171716,0.3754156589993933,0.1220701597070463,0.1432447265725567,0.0531746170798,1.5295117539422654,0.5948510668405462,0.606964077683358,0.0056553556870505,0.480152133711234,0.6399576848879639,vent_rotation,ok,4d5efd4cfc9ad11f5fc77816b411f50cc32ac1acd1e23311f414991c0987fa96,a7676adf7325bfb343f6c417192d290b066bce867e21167f03dea860d196b49e,0,8,0.3,3672,3285,1377,0.10893246187363835,0.10893246187363835,0.0,7.0,7.0,0,False,0.49019607843137253,0.49019607843137253,0.0,13.0,13.0,0,False,2,3,1,0.4902,13.0,30.589,0,False,199.8441,0.0,e2ba404372a1e079cc51b473d875cdf0c7283686f01d71dc0a1a6e38d61707c6,3.367
TMYx,semi,run_1214,stress16,7.588108618860515,7.752734140780623,2.826539668699661,130.3981801828211,0.3484607578703986,0.1342467316483606,0.1687813557233073,0.1611491128809359,1.000533177193956,0.6979521394451516,0.3042607275737717,0.007184911846836,0.7742265557708546,0.5938512492331808,vent_rotation,ok,eecb9138ab1af9b988aab15b1012b582e83572b6789ecd764056ab72bb1f0cee,a7676adf7325bfb343f6c417192d290b066bce867e21167f03dea860d196b49e,0,8,0.3,3672,3285,1377,0.27233115468409586,0.27233115468409586,0.0,12.0,12.0,0,False,0.4629629629629629,0.4629629629629629,0.0,13.0,13.0,0,False,12,17,5,0.463,13.0,30.608,0,False,396.2724,0.0,79bf9c2f8e1098da99366fb79da612c244ec382397674387dfeda977e253e1fd,3.477
TMYx,semi,run_1248,random64,9.06874655668104,6.39714339888123,2.4388587665273502,227.04203511645017,0.300438463458426,0.1826052445691555,0.3125340008743582,0.017922370396233,1.828155892567156,0.634732281708217,0.5900520904862452,0.0086471631277632,0.744025489137654,0.0859871297257144,vent_rotation,ok,692dd56a201aec6b0a4c9c88f4cb11168d71de76a609850c6d2f71aa526c4cda,a7676adf7325bfb343f6c417192d290b066bce867e21167f03dea860d196b49e,0,8,0.3,3672,3285,1377,0.2178649237472767,0.2178649237472767,0.0,9.0,9.0,0,False,0.6263616557734205,0.6263616557734205,0.0,15.0,15.0,0,False,5,8,3,0.6264,15.0,30.68,0,False,359.2168,0.0,7fa11366d3eb55cdcdc9831d2a54d9b1e9a2c39e06b02ab335f4cf13fe06dfc7,3.342
TMYx,semi,run_1268,random64,8.672107632349496,6.077241426467557,2.800377196115221,248.79991969356283,0.3247953487491061,0.0219064414200164,0.0826480006959761,0.1562970222400376,2.814679622664271,0.6718729366355661,0.6906200825760328,0.0011846727722075,0.1220025434097146,0.2148351272313768,vent_rotation,ok,b21208babbaa757f93b80ef7df4b0d3ed7920b1e63bb6ceaebada671799c6528,a7676adf7325bfb343f6c417192d290b066bce867e21167f03dea860d196b49e,0,8,0.3,3672,3285,1377,1.3344226579520697,1.3344226579520697,0.0,23.0,23.0,0,False,1.579520697167756,1.579520697167756,0.0,32.0,32.0,2,True,16,16,0,1.5795,32.0,32.365,2,True,67.5179,0.0,d3abdf4cbdac61b897dddfcf0aa9699840a36163b5e40e4960302f8d3d1ca0e2,3.288
TMYx,semi,run_1274,random64,6.241960005906613,10.399629191334888,2.8831521889224567,182.0303542420824,0.3893387920102038,0.2765961269867158,0.2263723592999344,0.0811994462666564,1.6006253230049623,0.428158997554932,0.6483239736954343,0.0098985746010797,0.660318092457969,0.5707357570475454,vent_rotation,ok,41d54068f03a8f547028aec8900d226c44bb84cd55008992d807d0147d288ff8,a7676adf7325bfb343f6c417192d290b066bce867e21167f03dea860d196b49e,0,8,0.3,3672,3285,1377,0.0,0.0,0.0,4.0,4.0,0,False,0.10893246187363835,0.10893246187363835,0.0,7.0,7.0,0,False,2,2,0,0.1089,7.0,29.596,0,False,199.8814,0.0,dc7d23a99951e578c40baa322e0787e43da56f751805caf73db9690f61d7b237,3.339
TMYx,semi,run_1295,random64,9.700875846736846,11.393976617728896,2.625245447765509,15.055808046872396,0.1106551028886222,0.1052395899485283,0.0428257154219093,0.0339409350855904,4.282889671851096,0.2731703980561324,0.697609692323854,0.0071462703374351,0.7016648928179255,0.864958402476004,vent_rotation,ok,dc6c7cbe20ace37ea8174e13ae84da3174c73011f624e4de36d7e872e87cb6e2,a7676adf7325bfb343f6c417192d290b066bce867e21167f03dea860d196b49e,0,8,0.3,3672,3285,1377,0.0,0.0,0.0,0.0,0.0,0,False,0.0,0.0,0.0,4.0,4.0,0,False,1,1,0,0.0,4.0,29.074,0,False,32.7982,0.0,42df0a4bf6b645ff00153c49353a069ba08c45b3fd4b227402b5ce1332a032df,3.214
TMYx,semi,run_1311,random64,9.165362455102658,7.340987815898325,2.8133939339727108,305.0567196793675,0.1889324964091247,0.0323126599434309,0.1588020548110891,0.026092481744294,1.1716059785701818,0.6238515161870499,0.5930562544217899,0.0094844252584585,0.5560536106491164,0.7347389973183898,vent_rotation,ok,5c940aafb0d79608c731ad4ae9e4cdc0a63537e99a2fa154781bae4d3868f33d,a7676adf7325bfb343f6c417192d290b066bce867e21167f03dea860d196b49e,0,8,0.3,3672,3285,1377,0.054466230936819175,0.054466230936819175,0.0,5.0,5.0,0,False,0.24509803921568626,0.24509803921568626,0.0,10.0,10.0,0,False,1,1,0,0.2451,10.0,30.01,0,False,81.5197,0.0,b09ff31e89ab134a33fa5fe3a840cf5481e83182a2afe468222cf5725f164da0,3.246
TMYx,semi,run_1388,random64,9.678814831103882,8.915890074047772,2.800541899467576,218.74280184445405,0.1098036268680505,0.2727958848646888,0.3439519392324434,0.136424623817726,2.406438737900367,0.2924614656342366,0.358399055620711,0.0107980260130701,0.4314042170048758,0.6522212139098633,vent_rotation,ok,2efc64061aa1dbe7a1731ce7e7528c183fafd00b156ff75d7f46ace78f4517e5,a7676adf7325bfb343f6c417192d290b066bce867e21167f03dea860d196b49e,0,8,0.3,3672,3285,1377,0.0,0.0,0.0,0.0,0.0,0,False,0.0,0.0,0.0,0.0,0.0,0,False,0,0,0,0.0,0.0,28.522,0,False,16.1382,0.0,592ed0d3b842a853b84e507c29d7c3f59c9df8ace8947c988f1aba2fa2726892,3.271
TMYx,semi,run_1391,random64,9.65754037174086,7.371418965081008,2.4723911477589064,245.60981709998856,0.1947631756497077,0.2039411843608119,0.1074218120281111,0.0162622533962714,4.722810987580656,0.4500350593640352,0.4151046102651455,0.0083872118280736,0.1148113999145338,0.1106668227864503,vent_rotation,ok,f038d82bedce0d654ea6461c73bf0e711493f7157723eb684af3955983ef3dd3,a7676adf7325bfb343f6c417192d290b066bce867e21167f03dea860d196b49e,0,8,0.3,3672,3285,1377,0.0,0.0,0.0,0.0,0.0,0,False,0.24509803921568626,0.24509803921568626,0.0,7.0,7.0,0,False,1,1,0,0.2451,7.0,29.818,0,False,28.109,0.0,77077ec2b83ec76c1b77446fc6c32a73891de31c171d551204650e9325bf2e71,3.195
TMYx,semi,run_1416,stress16,7.611423563474337,8.698251521688531,2.426406411760429,121.28644403903304,0.2515937716162215,0.0800541981528088,0.2307818781610998,0.0347059324643584,3.835273389438587,0.5544241075079898,0.5745584674183433,0.0058908240493479,0.1000232333706224,0.4592619165338935,vent_rotation,ok,8b00bfcba8b9eecf8bc09cb37572db37b8ba638964330a0c1e345e43fdc778d5,a7676adf7325bfb343f6c417192d290b066bce867e21167f03dea860d196b49e,0,8,0.3,3672,3285,1377,0.0,0.0,0.0,4.0,4.0,0,False,0.24509803921568626,0.24509803921568626,0.0,9.0,9.0,0,False,2,2,0,0.2451,9.0,30.0,0,False,33.3498,0.0,5144a6a11291e829f3cef0eacc839aba3cc59b550f40a3f1ea6e6c153dee636f,3.235
TMYx,semi,run_1434,random64,9.159539081356815,6.688059520298238,2.9750873857625546,146.8680349805886,0.109342487245402,0.2408929006163872,0.3256769736107116,0.1251180578113211,1.4006317331367033,0.4093604062094604,0.6924091355483194,0.0058060970619586,0.7515582151715556,0.0608321572405057,vent_rotation,ok,a77d6a0109ac368b5d9701588b59cef6200fcc4dd7fc2aa5aa4d253ce84d990f,a7676adf7325bfb343f6c417192d290b066bce867e21167f03dea860d196b49e,0,8,0.3,3672,3285,1377,0.0,0.0,0.0,0.0,0.0,0,False,0.0,0.0,0.0,3.0,3.0,0,False,0,0,0,0.0,3.0,28.994,0,False,44.2351,0.0,2afd4c5f648e7d6e28fddff2c5588bcf11b4775cbbbcee0b528468f7eee805ba,3.333
TMYx,semi,run_1476,random64,8.896156594940386,11.970459088733485,2.620502673500708,170.28638121673248,0.269002831698218,0.1073848132959912,0.2221615330765761,0.0858084946392574,2.270012833340684,0.6822472892294835,0.5392405542224693,0.0094663221482832,0.4521300487922157,0.0581779318396109,vent_rotation,ok,fd59b7d6c2e48f7a42bb2c04ad913decb54eceb25c756a66f3cb4fc4e4852756,a7676adf7325bfb343f6c417192d290b066bce867e21167f03dea860d196b49e,0,8,0.3,3672,3285,1377,0.0,0.0,0.0,4.0,4.0,0,False,0.10893246187363835,0.10893246187363835,0.0,8.0,8.0,0,False,0,0,0,0.1089,8.0,29.624,0,False,66.3428,0.0,0bdd5c8a644fce8998528e85dfa386509f6935c46dfb585001af867fe8e4e4bb,3.309
TMYx,semi,run_1497,random64,7.421317417293777,10.6593604485645,2.9548445771602987,261.1277326472027,0.2244213548236318,0.2418386953001862,0.2465311795559595,0.0147862579323263,2.8483385115597724,0.4803905389117479,0.4721117267540718,0.0077261404064099,0.4160685386235552,0.2127917230392205,vent_rotation,ok,75765922f458d7c292d0b9fb981625e87c644df6f4eb8543640a8833692c26c1,a7676adf7325bfb343f6c417192d290b066bce867e21167f03dea860d196b49e,0,8,0.3,3672,3285,1377,0.0,0.0,0.0,2.0,2.0,0,False,0.10893246187363835,0.10893246187363835,0.0,8.0,8.0,0,False,0,0,0,0.1089,8.0,29.687,0,False,60.0977,0.0,d3ed5982da44c20239274d3251f82e7c12f9f81f5a4abd5acbcea2a7d69fb3b9,3.364
TMYx,semi,run_1506,stress16,6.2866920665226385,7.327960484063865,2.5822380381929033,189.673299274303,0.3538022528888858,0.2874668373726368,0.1967792742001886,0.1471820880565589,0.8240748358340548,0.6355675011074757,0.8989283259639178,0.0069614963780197,0.553966653681584,0.1297716817744924,vent_rotation,ok,5a4720ea56b35a0a0f40107dd3006380040f58ba5514e9f3675af09917771eee,a7676adf7325bfb343f6c417192d290b066bce867e21167f03dea860d196b49e,0,8,0.3,3672,3285,1377,0.2995642701525054,0.2995642701525054,0.0,11.0,11.0,0,False,0.7352941176470588,0.7352941176470588,0.0,16.0,16.0,0,False,18,96,78,0.7353,16.0,30.604,0,False,389.8708,0.0,a35f2a515187ee1c8463d603aff28c68affe84e4c4a5e3b5537981ebf6a0724f,3.6
TMYx,semi,run_1521,stress16,9.012734726045109,9.28296620531424,2.915879467533671,0.136299530314857,0.3824926050117646,0.1021758966296917,0.2940879731173014,0.1904610869987471,1.664067808950167,0.4572585928006668,0.8515223334861499,0.0062513542391962,0.5638087322452537,0.6878542590040975,vent_rotation,ok,219614a5c5de3fc8697531edf486b6549183a1ae82000a3438c541457ebbbe59,a7676adf7325bfb343f6c417192d290b066bce867e21167f03dea860d196b49e,0,8,0.3,3672,3285,1377,0.054466230936819175,0.054466230936819175,0.0,5.0,5.0,0,False,0.24509803921568626,0.24509803921568626,0.0,11.0,11.0,0,False,0,0,0,0.2451,11.0,30.134,0,False,179.9563,0.0,c9d5362fb77ec9104b4e4a6bf9133792545208d078b22e6b1ff7cc7566d0b48c,3.518
TMYx,semi,run_1525,random64,6.457818039323073,8.809230062809032,2.562716674463898,49.7482730803186,0.2403944250818863,0.2846260247543987,0.3217419947342414,0.1387539273115936,1.7741620338632282,0.2609813408015647,0.5792514428957727,0.0024585619456096,0.2421969198902897,0.8231806734055043,vent_rotation,ok,afb2d72f54346d5c757ff22bd3fb693244f0f77cfb8a9f8f4bc5d6114fe63227,a7676adf7325bfb343f6c417192d290b066bce867e21167f03dea860d196b49e,0,8,0.3,3672,3285,1377,0.0,0.0,0.0,0.0,0.0,0,False,0.0,0.0,0.0,3.0,3.0,0,False,0,0,0,0.0,3.0,29.064,0,False,28.6728,0.0,6d52fe7b3ff30e67a1eee2aa9f048214793c513ed2457cb8f1407af49f96ac3d,3.291
TMYx,semi,run_1560,random64,8.618546381821407,6.051034448405187,2.563634775254617,139.91787914607664,0.3728893152141903,0.0570155616799874,0.2154460301853953,0.1479278899395301,4.058721782989339,0.6659321263772808,0.7110283895432115,0.0073155256822709,0.1839498514363129,0.1617868224834594,vent_rotation,ok,f0c3b0b92fb746c679d6f64da8d21d6e22b06382a15d68f8ac761dd268866e57,a7676adf7325bfb343f6c417192d290b066bce867e21167f03dea860d196b49e,0,8,0.3,3672,3285,1377,0.5446623093681917,0.5446623093681917,0.0,15.0,15.0,0,False,0.8442265795206972,0.8442265795206972,0.0,21.0,21.0,0,False,2,2,0,0.8442,21.0,31.035,0,False,81.9692,0.0,c04220cfb695e643ad196e97b1618a338728baef4ad3cb291350aa8f189d918b,3.363
TMYx,semi,run_1586,random64,7.747757047886595,11.109613081305676,2.9866762545648577,108.774751399816,0.1181454529476654,0.1724322000054217,0.293250208478728,0.0738549335860083,1.3729096971837715,0.6260524756906012,0.790159768280496,0.0036748512051892,0.4427272594461767,0.8603068835744438,vent_rotation,ok,3b3d39d2d4737c02962dd600a4086c170fe2aca77f9eaca0b8c9e6b2a6ebb136,a7676adf7325bfb343f6c417192d290b066bce867e21167f03dea860d196b49e,0,8,0.3,3672,3285,1377,0.0,0.0,0.0,0.0,0.0,0,False,0.0,0.0,0.0,3.0,3.0,0,False,0,0,0,0.0,3.0,28.978,0,False,23.1224,0.0,9dfa511ec6fa18ea3adcc705532be268e898977de948a21cd7eb50318d275b1d,3.299
TMYx,semi,run_1590,random64,7.984975108428764,7.272084694858215,2.9967721614941327,16.420420319362826,0.374850431931708,0.2382439942207673,0.1776304878605744,0.1160904554759672,4.877151087201141,0.6916489142509208,0.5069503827545674,0.0011912769261439,0.3291501951241186,0.2604131781675038,vent_rotation,ok,ab2aeca75423410baa3034fc3eda30df38522e9cf4e9eff7ff0704113ed1e8a5,a7676adf7325bfb343f6c417192d290b066bce867e21167f03dea860d196b49e,0,8,0.3,3672,3285,1377,0.5446623093681917,0.5446623093681917,0.0,11.0,11.0,0,False,1.3344226579520697,1.3344226579520697,0.0,20.0,20.0,0,False,1,1,0,1.3344,20.0,31.279,0,False,134.9551,0.0,7ea0d1ffc33c0d741c8ca6c2e7130fed6114b931b753224c5621fce1b5842cb4,3.349
TMYx,semi,run_1644,random64,6.39767913222991,11.797192158414513,2.8741057290164034,172.93019711264748,0.2443328744309624,0.252661328529406,0.2135477168394144,0.1397092179377648,1.093053406242568,0.5224268206844807,0.6239387086788434,0.0026953973078216,0.5019253197830181,0.9038595290358232,vent_rotation,ok,5f91628b0c4608f2185c8f8abee3867685a6394ecea04abacc1fadf1fc314a8a,a7676adf7325bfb343f6c417192d290b066bce867e21167f03dea860d196b49e,0,8,0.3,3672,3285,1377,0.0,0.0,0.0,0.0,0.0,0,False,0.054466230936819175,0.054466230936819175,0.0,4.0,4.0,0,False,0,0,0,0.0545,4.0,29.181,0,False,85.0363,0.0,2a37de0b94b9cdfccd7d9321607e91839828aecec0ce41d3fa17e1ebda931651,3.417
TMYx,semi,run_1646,random64,7.704557801580717,7.128280265544657,2.985540612715578,90.2906293972771,0.2105791800179474,0.0205307922429049,0.2339133981377427,0.0889463263478779,3.2049811873074887,0.2345347956220673,0.7570779081491665,0.0090267774481236,0.1607423062503069,0.6682748532100452,vent_rotation,ok,1832c19f3778611766da3302a9f277004819945e5888df038b1b84c79dd36add,a7676adf7325bfb343f6c417192d290b066bce867e21167f03dea860d196b49e,0,8,0.3,3672,3285,1377,0.0,0.0,0.0,0.0,0.0,0,False,0.0,0.0,0.0,5.0,5.0,0,False,1,1,0,0.0,5.0,29.178,0,False,68.8393,0.0,38007a2d717283867ece70e35c96d7d37c8ad0397176872c77aa267030d295e1,3.255
TMYx,semi,run_1649,random64,9.736147602912038,10.293830928868562,2.662571832425947,261.8578276782381,0.3568398205583376,0.1736460837266733,0.0292153490257981,0.1395424927110858,3.027824367046392,0.3485365751342671,0.5736479117806575,0.0093034189208943,0.1802858271940285,0.2413181201408213,vent_rotation,ok,8e89eb4deeb7db52d208ac4a46f90bb697b0cbae4ae8d4f5ba5d33b165722cff,a7676adf7325bfb343f6c417192d290b066bce867e21167f03dea860d196b49e,0,8,0.3,3672,3285,1377,0.0,0.0,0.0,5.0,5.0,0,False,0.2995642701525054,0.2995642701525054,0.0,13.0,13.0,0,False,1,1,0,0.2996,13.0,30.202,0,False,44.0269,0.0,fd9c1e32823e6ac8fd61fd8458b9e015fd603a80f1675413b3ded355af1f9492,3.296
TMYx,semi,run_1739,random64,7.0067584701546775,7.896320285135133,2.607552142148133,280.19987496754726,0.1450303105282448,0.1623355493384067,0.0470016966853491,0.0487067994752944,4.395256339439079,0.3917146171940208,0.4653154678313737,0.0018438971710637,0.2816835467096806,0.9364410289315754,vent_rotation,ok,6983e14d2295b0dd40a28c3369133767fc006cd3789e212aad1150f249bce7cc,a7676adf7325bfb343f6c417192d290b066bce867e21167f03dea860d196b49e,0,8,0.3,3672,3285,1377,0.0,0.0,0.0,0.0,0.0,0,False,0.0,0.0,0.0,4.0,4.0,0,False,0,0,0,0.0,4.0,29.013,0,False,34.3219,0.0,3aa16a2446b8c6382a1fa0c7b04302565cb0bcd019d0381bfafb5f4b19296fe6,3.275
TMYx,semi,run_1746,random64,6.23256062077348,7.414538430795666,2.655653759263532,340.754870353403,0.13092892283432,0.2982663087100041,0.1605365316546335,0.0545709109003138,2.521385471538734,0.5672064169838165,0.8340818965891381,0.0087833495903115,0.3674619067684775,0.3091781887796459,vent_rotation,ok,e49fcfb831fe8d1c117cfbc972886ef676a4ea936c08b343c0442c993efd96b4,a7676adf7325bfb343f6c417192d290b066bce867e21167f03dea860d196b49e,0,8,0.3,3672,3285,1377,0.0,0.0,0.0,1.0,1.0,0,False,0.10893246187363835,0.10893246187363835,0.0,6.0,6.0,0,False,1,1,0,0.1089,6.0,29.51,0,False,34.973,0.0,6350071f425c0940ffcc8fd75ce887dcd57beb148a5f8dba1919e7c574bc5d99,3.276
TMYx,semi,run_1748,random64,8.865043866167335,9.32232367224116,2.411805454746041,285.0228183144822,0.2601155219316617,0.0241020441173013,0.3259814484022454,0.0106359142239752,1.871163696480397,0.666161525830226,0.7796183023181407,0.0104967871326783,0.4218745196949143,0.1008415346970952,vent_rotation,ok,1628396608cbfebe500b1cfae448d56d29aa2f39d49baf975d70c8fc687b2c0d,a7676adf7325bfb343f6c417192d290b066bce867e21167f03dea860d196b49e,0,8,0.3,3672,3285,1377,0.10893246187363835,0.10893246187363835,0.0,6.0,6.0,0,False,0.49019607843137253,0.49019607843137253,0.0,13.0,13.0,0,False,2,3,1,0.4902,13.0,30.45,0,False,90.2485,0.0,7c3839ef8fd64d2a193c507c33bb08c2ec254e74aeb75617586844f0e2feeaef,3.329
TMYx,semi,run_1757,random64,8.689011587231436,9.670794600545737,2.8367080033490657,223.1820686943364,0.2790156756182473,0.233231484877794,0.2229056782795074,0.0219445143738869,2.4426468738886213,0.695436098987765,0.4138722842570862,0.0021376128078927,0.7624905536858017,0.3826218271406786,vent_rotation,ok,186983b84bb3873e2ef61f6857d1fea458a41eac65fb07e7c1c122d3f861cb78,a7676adf7325bfb343f6c417192d290b066bce867e21167f03dea860d196b49e,0,8,0.3,3672,3285,1377,0.08169934640522876,0.08169934640522876,0.0,6.0,6.0,0,False,0.3812636165577342,0.3812636165577342,0.0,12.0,12.0,0,False,2,3,1,0.3813,12.0,30.22,0,False,239.9803,0.0,ac7284a60d47290f535318ee38fde8ee4321d9947bb7764116ad2aa74726558d,3.404
TMYx,semi,run_1759,random64,7.770853395902289,11.734651985798616,2.640716419960252,358.1951472874119,0.2392442626409085,0.0619317660019336,0.2680148272014561,0.0713851201696387,3.692960708429269,0.309230268935296,0.8284867367488444,0.0042700449738642,0.1941970618042965,0.3098326417434174,vent_rotation,ok,e4e04a25fb2a85ca811a377d45ca05468da5a5b4bf09cc460abd2431e42c670c,a7676adf7325bfb343f6c417192d290b066bce867e21167f03dea860d196b49e,0,8,0.3,3672,3285,1377,0.0,0.0,0.0,0.0,0.0,0,False,0.08169934640522876,0.08169934640522876,0.0,5.0,5.0,0,False,2,2,0,0.0817,5.0,29.352,0,False,30.1627,0.0,6352c883865811207792dbb4131f3ec14129044f18f05eb05deb8d667e3542fe,3.374
TMYx,semi,run_1762,random64,9.10299394629691,6.779582727335279,2.989275662945607,119.36711299854213,0.2896453149172316,0.2698470947551495,0.1312331561461008,0.1120147306410807,3.947758679951738,0.3260696200660214,0.871151367818841,0.0024798400021639,0.4952905773332156,0.7995979321668514,vent_rotation,ok,2524bc0def9c7b155883f7599be18773084997fe2b104ccf72830cc1b1785c1c,a7676adf7325bfb343f6c417192d290b066bce867e21167f03dea860d196b49e,0,8,0.3,3672,3285,1377,0.0,0.0,0.0,4.0,4.0,0,False,0.10893246187363835,0.10893246187363835,0.0,7.0,7.0,0,False,0,0,0,0.1089,7.0,29.748,0,False,73.1504,0.0,3eaf89425d16da2795425bdba3e099efa612fbb3c8d328a430bd1c30751ae74e,3.311
TMYx,semi,run_1801,stress16,6.00576001816857,7.013962111137016,2.7433188979982543,109.1497624166458,0.1602648638294917,0.1227865119203586,0.3499141985699189,0.1295636363487694,1.1038623265201388,0.6054454417845063,0.4641422082425226,0.0116755889462249,0.6213755463936661,0.0271509346069509,vent_rotation,ok,ef2dd90ef99aeda2ff2e19703d0f5d685e7983cb464b53d2e4f66b053beac484,a7676adf7325bfb343f6c417192d290b066bce867e21167f03dea860d196b49e,0,8,0.3,3672,3285,1377,0.0,0.0,0.0,4.0,4.0,0,False,0.10893246187363835,0.10893246187363835,0.0,6.0,6.0,0,False,0,0,0,0.1089,6.0,29.586,0,False,87.3028,0.0,e89c1860af46d90b8178d6379e4a33c29d67946646f19a525fe0f5de6efb46ca,3.397
TMYx,semi,run_1809,random64,8.559445934201257,9.220111033851431,2.6174590371645094,260.51262344046665,0.1774145506572762,0.1237493562166303,0.3444827827829553,0.039503380978057,2.6965991092332593,0.3413065878960307,0.312273471145697,0.0096244804108213,0.5147813503211555,0.6028242920670521,vent_rotation,ok,123b4f4cd85516b9eb95fe592f003a48251cbfcdd1f0d70318ef4168ed36dd47,a7676adf7325bfb343f6c417192d290b066bce867e21167f03dea860d196b49e,0,8,0.3,3672,3285,1377,0.0,0.0,0.0,0.0,0.0,0,False,0.0,0.0,0.0,2.0,2.0,0,False,0,0,0,0.0,2.0,28.949,0,False,35.1222,0.0,ccf82d84164b942dcd865ce7f08890bc6a54cdb35f97c66d5f63f0f3b3a79aa3,3.36
TMYx,semi,run_1813,random64,6.183853880457327,6.041757376136944,2.996197412195417,18.45093673997505,0.1269063653778326,0.2359317992988121,0.2993517751632163,0.0532381299634875,2.3671403541710943,0.2805814000617515,0.7751595903775934,0.0088623444481291,0.6776984175575665,0.513229652325849,vent_rotation,ok,a8202a08ed4715fa1596f30785e0e41f88e0947f67ba4d4db72aa0da17eee8f6,a7676adf7325bfb343f6c417192d290b066bce867e21167f03dea860d196b49e,0,8,0.3,3672,3285,1377,0.0,0.0,0.0,0.0,0.0,0,False,0.0,0.0,0.0,4.0,4.0,0,False,0,0,0,0.0,4.0,29.08,0,False,43.9303,0.0,7805d6b350defea9a3caa7f1b636fed492d7bd2a5c09bded700557aef1fcaa61,3.198
TMYx,semi,run_1851,random64,9.203475309979774,8.126740176489259,2.515033518371454,173.65265235192354,0.3260689792526782,0.0885557723085899,0.2437944100102807,0.0742750911743195,4.731739904063382,0.5087623134456867,0.4327765286791063,0.0083422560500987,0.7721184990131026,0.1324354075633587,vent_rotation,ok,37ed141329a5522207979dc955f72407e7ce431b61f8e90b059351ba822ba0a3,a7676adf7325bfb343f6c417192d290b066bce867e21167f03dea860d196b49e,0,8,0.3,3672,3285,1377,0.0,0.0,0.0,4.0,4.0,0,False,0.10893246187363835,0.10893246187363835,0.0,8.0,8.0,0,False,0,0,0,0.1089,8.0,29.584,0,False,113.1332,0.0,c70029f79074f492dcc6eab8245978c9c2ec08f961be7e9c13f792dca56355da,3.262
TMYx,semi,run_1864,random64,6.678309111984476,9.701169101100144,2.688116929277827,134.80691493465332,0.2652985821920491,0.20779816880664,0.234577135985692,0.1895076859779048,3.2922132632933643,0.4267807981359379,0.7891846397409084,0.0070545148468507,0.4021872024899956,0.3813972683369584,vent_rotation,ok,d41b6a8130d948fbddb1010d077f0fd9e7e8dea7b3d3806fe707523b216529d2,a7676adf7325bfb343f6c417192d290b066bce867e21167f03dea860d196b49e,0,8,0.3,3672,3285,1377,0.0,0.0,0.0,3.0,3.0,0,False,0.08169934640522876,0.08169934640522876,0.0,5.0,5.0,0,False,0,0,0,0.0817,5.0,29.476,0,False,55.4381,0.0,ae65f9a15a826e1e1ff2f238e6e1c7978c8987fb66e9a2831dd9fa451e92ca95,3.41
TMYx,semi,run_1865,random64,8.82547862022751,9.753981614836256,2.7591122341658165,157.9041342237432,0.3438813786429799,0.2158546792043205,0.2138580906954928,0.0992738610007614,2.306245853937516,0.6386320518895993,0.8154346774417618,0.0093635246799744,0.2130728999901633,0.437296282659448,vent_rotation,ok,5372082b228682635edbca6d8eb775f21f63d2ce89e1b148ce45aadcd9791136,a7676adf7325bfb343f6c417192d290b066bce867e21167f03dea860d196b49e,0,8,0.3,3672,3285,1377,0.08169934640522876,0.08169934640522876,0.0,7.0,7.0,0,False,0.40849673202614384,0.40849673202614384,0.0,13.0,13.0,0,False,2,2,0,0.4085,13.0,30.153,0,False,50.6712,0.0,8ab89b68f94c1359da4446a2b4667a17844e7a3fd530d2c36d2890da050525f9,3.535
TMYx,semi,run_1866,random64,6.074547528578014,10.39441441632774,2.9074407631648413,29.82417569741127,0.3735980910175824,0.056916595305462,0.2253344693331766,0.0278639344015534,3.486301963586633,0.5140651187186196,0.6700640003904912,0.006735074923467,0.6647864729323955,0.2008978179182478,vent_rotation,ok,6adbfe3a99f6fa6e3eb699948634a5b91f8ac904cb37ed366582f248da1298b6,a7676adf7325bfb343f6c417192d290b066bce867e21167f03dea860d196b49e,0,8,0.3,3672,3285,1377,0.10893246187363835,0.10893246187363835,0.0,8.0,8.0,0,False,0.3812636165577342,0.3812636165577342,0.0,11.0,11.0,0,False,0,0,0,0.3813,11.0,30.563,0,False,142.7561,0.0,cac65b2f7d225bfd6ae87fd24598b9dddcd8da5d5c50153b8fae9f17884eb798,3.277
TMYx,semi,run_1911,random64,9.625788696509844,8.99756568811846,2.6870274763916577,51.13562564563569,0.1036336243021498,0.2691032643035131,0.2909092323704428,0.0553225405296898,0.9451537467761352,0.213096661780196,0.6746484122958563,0.0027892586699717,0.3857168502796336,0.6987056326408935,vent_rotation,ok,739913c0b3766f132e80960e8cae6718ee6a0d6bdb0e4e78b0267963488f3cc1,a7676adf7325bfb343f6c417192d290b066bce867e21167f03dea860d196b49e,0,8,0.3,3672,3285,1377,0.0,0.0,0.0,0.0,0.0,0,False,0.0,0.0,0.0,0.0,0.0,0,False,0,0,0,0.0,0.0,28.499,0,False,13.7097,0.0,c6d640f89c04c5366d77019a823cf418978a31b55eea90d5ce3f1a1724454eb8,3.288
TMYx,semi,run_1941,stress16,8.513957236747029,6.406912918790103,2.9573824657987817,227.30992581477113,0.3814391502066491,0.1130363137032005,0.3436613789388585,0.0360638430621394,3.8372150666790352,0.6925245091293201,0.8339536192169092,0.0057582855884426,0.5537019522177968,0.4107181886048088,vent_rotation,ok,e7251173ecb6ea1f12b3508cfa8290433ae9c36d14fb0d04dd56a9b868271f35,a7676adf7325bfb343f6c417192d290b066bce867e21167f03dea860d196b49e,0,8,0.3,3672,3285,1377,0.7080610021786492,0.7080610021786492,0.0,15.0,15.0,0,False,1.3344226579520697,1.3344226579520697,0.0,24.0,24.0,0,False,3,3,0,1.3344,24.0,31.59,0,False,337.3119,0.0,332946834e3b7dc221ff4185d88a2ba0b0f48ce8ff5f288b6f2f8869a193db7c,3.352
TMYx,semi,run_1952,random64,6.90071229300299,6.937283565323205,2.560373385344838,346.0353191567952,0.2877198939545087,0.2888430195687625,0.1275638899296872,0.0713325995335073,4.595601180263259,0.2098584867753312,0.4525467845450036,0.0051246806394883,0.2908505919263405,0.91113436469536,vent_rotation,ok,2400a0f5cb725ac57308a4dbd7a2c9fe338cf3b33bea0b4f2241fc4f7d6ac29b,a7676adf7325bfb343f6c417192d290b066bce867e21167f03dea860d196b49e,0,8,0.3,3672,3285,1377,0.0,0.0,0.0,0.0,0.0,0,False,0.0,0.0,0.0,4.0,4.0,0,False,0,0,0,0.0,4.0,29.133,0,False,50.8834,0.0,ce862e8424bede7faabc38c005e4cf12582e6749aa569b23c436fdfcd85e4de2,3.161
