weather,archetype,run_id,cohort,variant,new_He_worst,new_We_max_worst,new_T_op_peak,new_hours_gt26_night,new_heat_kWh_m2,new_hours_C3_worst,new_hours_gt26_night_annual,new_two_of_three_proxy_dwelling,old_He_worst,old_We_max_worst,old_T_op_peak,old_hours_gt26_night,old_heat_kWh_m2,old_hours_C3_worst,old_hours_gt26_night_annual,old_two_of_three_proxy_dwelling,delta_He_worst,delta_We_max_worst,delta_T_op_peak,delta_hours_gt26_night,delta_heat_kWh_m2,delta_hours_C3_worst,delta_hours_gt26_night_annual
DSY1,semi,run_0000,stress16,attic_party,1.4706,45.0,34.481,17,49.9892,6,17,True,1.4706,45.0,34.48,16,50.0547,6,16,True,0.0,0.0,0.0010000000000047748,1,-0.06550000000000011,0,1
DSY1,semi,run_0015,random64,attic_party,1.6885,49.0,34.957,13,235.0852,9,13,True,1.6885,49.0,34.956,13,231.8095,9,14,True,0.0,0.0,0.0009999999999976694,0,3.275699999999972,0,-1
DSY1,semi,run_0023,random64,attic_party,1.3889,41.0,34.255,11,48.7723,5,11,True,1.3617,41.0,34.262,11,48.9836,5,11,True,0.027200000000000113,0.0,-0.006999999999997897,0,-0.21130000000000138,0,0
DSY1,semi,run_0029,stress16,attic_party,1.9336,54.0,34.466,45,42.1963,8,45,True,1.9336,54.0,34.468,44,42.2951,8,44,True,0.0,0.0,-0.0020000000000024443,1,-0.09879999999999711,0,1
DSY1,semi,run_0044,random64,attic_party,1.3889,40.0,34.328,10,54.5241,5,10,True,1.3617,40.0,34.295,10,54.7117,5,10,True,0.027200000000000113,0.0,0.03300000000000125,0,-0.18760000000000332,0,0
DSY1,semi,run_0063,random64,attic_party,1.7974,52.0,35.222,12,163.0291,17,12,True,1.8246,52.0,35.222,12,163.1934,19,12,True,-0.02719999999999989,0.0,0.0,0,-0.16429999999999723,-2,0
DSY1,semi,run_0092,random64,attic_party,1.4978,42.0,34.363,12,38.1952,5,12,True,1.4978,42.0,34.364,12,37.9512,5,12,True,0.0,0.0,-0.0009999999999976694,0,0.24399999999999977,0,0
DSY1,semi,run_0095,random64,attic_party,1.7157,50.0,34.696,17,53.129,8,17,True,1.7157,50.0,34.687,17,52.9285,8,17,True,0.0,0.0,0.009000000000000341,0,0.20049999999999812,0,0
DSY1,semi,run_0132,stress16,attic_party,1.9608,61.0,35.49,28,69.7295,23,28,True,1.988,61.0,35.49,27,69.4631,23,27,True,-0.02719999999999989,0.0,0.0,1,0.2664000000000044,0,1
DSY1,semi,run_0169,random64,attic_party,1.1438,33.0,32.875,23,33.3647,0,23,False,1.1438,33.0,32.877,24,33.308,0,24,False,0.0,0.0,-0.0020000000000024443,-1,0.056699999999999307,0,-1
DSY1,semi,run_0171,random64,attic_party,1.5251,48.0,34.554,12,46.8104,7,12,True,1.5251,48.0,34.553,11,47.1677,7,11,True,0.0,0.0,0.0010000000000047748,1,-0.35730000000000217,0,1
DSY1,semi,run_0172,random64,attic_party,1.4161,42.0,33.941,17,15.2029,5,17,True,1.4161,42.0,33.937,17,15.3848,5,17,True,0.0,0.0,0.0040000000000048885,0,-0.18190000000000062,0,0
DSY1,semi,run_0189,random64,attic_party,1.5523,45.0,34.355,14,38.5532,7,14,True,1.5523,45.0,34.356,14,38.6645,7,14,True,0.0,0.0,-0.0010000000000047748,0,-0.11129999999999995,0,0
DSY1,semi,run_0203,random64,attic_party,1.4161,42.0,34.319,14,39.1529,5,14,True,1.4161,42.0,34.319,15,39.4714,5,15,True,0.0,0.0,0.0,-1,-0.3185000000000002,0,-1
DSY1,semi,run_0208,random64,attic_party,1.3617,40.0,34.162,11,48.309,5,11,True,1.3617,40.0,34.172,11,49.0313,5,11,True,0.0,0.0,-0.00999999999999801,0,-0.7223000000000042,0,0
DSY1,semi,run_0239,stress16,attic_party,3.5403,57.0,35.26,65,47.8682,26,145,True,3.5675,57.0,35.26,69,47.942,26,153,True,-0.027200000000000113,0.0,0.0,-4,-0.07379999999999853,0,-8
DSY1,semi,run_0241,stress16,attic_party,3.2407,58.0,35.627,38,522.4423,29,69,True,3.159,58.0,35.627,36,521.8296,29,66,True,0.0817000000000001,0.0,0.0,2,0.612700000000018,0,3
DSY1,semi,run_0298,random64,attic_party,1.6612,48.0,34.844,11,62.6588,9,11,True,1.6612,48.0,34.843,11,62.3036,9,11,True,0.0,0.0,0.0009999999999976694,0,0.3551999999999964,0,0
DSY1,semi,run_0302,random64,attic_party,1.3889,42.0,34.288,14,39.3467,5,14,True,1.3889,42.0,34.294,13,39.4416,5,13,True,0.0,0.0,-0.006000000000000227,1,-0.09490000000000265,0,1
DSY1,semi,run_0421,random64,attic_party,1.6068,49.0,34.762,12,108.5413,8,12,True,1.6068,49.0,34.763,12,107.3144,9,12,True,0.0,0.0,-0.0009999999999976694,0,1.2269000000000005,-1,0
DSY1,semi,run_0456,random64,attic_party,1.5795,48.0,34.663,11,78.167,7,11,True,1.5795,48.0,34.664,11,78.7028,7,11,True,0.0,0.0,-0.0010000000000047748,0,-0.5357999999999947,0,0
DSY1,semi,run_0492,stress16,attic_party,2.1514,59.0,35.376,25,74.0371,26,28,True,2.1786,59.0,35.379,27,74.541,27,30,True,-0.02719999999999967,0.0,-0.0030000000000001137,-2,-0.5039000000000016,-1,-2
DSY1,semi,run_0499,random64,attic_party,1.4706,44.0,33.981,17,24.8652,5,17,True,1.4978,44.0,33.98,17,24.8587,5,17,True,-0.027200000000000113,0.0,0.0010000000000047748,0,0.006500000000002615,0,0
DSY1,semi,run_0500,random64,attic_party,1.3617,40.0,34.175,10,34.2093,5,10,True,1.3617,40.0,34.175,11,34.3282,5,11,True,0.0,0.0,0.0,-1,-0.11890000000000356,0,-1
DSY1,semi,run_0628,stress16,attic_party,1.4978,43.0,34.468,7,62.1185,6,7,True,1.4978,43.0,34.468,7,63.0612,6,7,True,0.0,0.0,0.0,0,-0.9427000000000021,0,0
DSY1,semi,run_0745,random64,attic_party,1.6068,49.0,34.784,14,100.5882,7,14,True,1.634,49.0,34.784,14,99.7702,8,14,True,-0.02719999999999989,0.0,0.0,0,0.8179999999999978,-1,0
DSY1,semi,run_0768,stress16,attic_party,2.5599,59.0,35.567,38,123.0471,27,51,True,2.5871,59.0,35.575,37,122.0742,27,48,True,-0.027200000000000113,0.0,-0.008000000000002672,1,0.9728999999999957,0,3
DSY1,semi,run_0785,random64,attic_party,1.6885,49.0,34.89,11,68.737,12,11,True,1.6612,49.0,34.891,11,68.7185,12,11,True,0.02729999999999988,0.0,-0.0009999999999976694,0,0.01849999999998886,0,0
DSY1,semi,run_0788,random64,attic_party,1.5523,50.0,34.512,16,46.3275,6,16,True,1.5523,50.0,34.512,16,45.503,6,16,True,0.0,0.0,0.0,0,0.8245000000000005,0,0
DSY1,semi,run_0821,random64,attic_party,1.2527,40.0,34.076,9,35.6143,5,9,True,1.28,40.0,34.071,9,35.5616,5,9,True,-0.027300000000000102,0.0,0.005000000000002558,0,0.05270000000000152,0,0
DSY1,semi,run_0833,random64,attic_party,1.3344,40.0,34.152,11,36.3365,5,11,True,1.3344,40.0,34.155,11,35.92,5,11,True,0.0,0.0,-0.0030000000000001137,0,0.4164999999999992,0,0
DSY1,semi,run_0841,random64,attic_party,1.6612,50.0,34.889,10,86.5706,9,10,True,1.6612,50.0,34.889,10,86.4948,9,10,True,0.0,0.0,0.0,0,0.07580000000000098,0,0
DSY1,semi,run_0844,random64,attic_party,1.4978,47.0,34.599,13,57.2334,7,13,True,1.4978,47.0,34.602,13,56.9489,7,13,True,0.0,0.0,-0.0030000000000001137,0,0.2845000000000013,0,0
DSY1,semi,run_0887,random64,attic_party,1.3889,40.0,34.217,11,35.5648,5,11,True,1.3889,40.0,34.213,11,35.2878,5,11,True,0.0,0.0,0.003999999999997783,0,0.277000000000001,0,0
DSY1,semi,run_1025,stress16,attic_party,1.7157,50.0,34.894,13,76.5961,9,13,True,1.7157,50.0,34.895,14,76.7817,9,14,True,0.0,0.0,-0.0010000000000047748,-1,-0.18559999999999377,0,-1
DSY1,semi,run_1083,random64,attic_party,1.4434,42.0,34.394,11,45.6529,5,11,True,1.4161,41.0,34.393,11,45.1696,5,11,True,0.027300000000000102,1.0,0.0009999999999976694,0,0.48329999999999984,0,0
DSY1,semi,run_1093,random64,attic_party,1.4706,43.0,34.111,22,39.7781,6,22,True,1.4706,43.0,34.112,23,39.7999,6,23,True,0.0,0.0,-0.0010000000000047748,-1,-0.02179999999999893,0,-1
DSY1,semi,run_1130,random64,attic_party,1.2255,35.0,33.373,16,8.7062,2,16,True,1.2255,36.0,33.376,16,8.6193,2,16,True,0.0,-1.0,-0.0030000000000001137,0,0.08689999999999998,0,0
DSY1,semi,run_1192,random64,attic_party,1.634,49.0,34.852,13,88.2504,10,13,True,1.634,49.0,34.855,14,88.7931,10,14,True,0.0,0.0,-0.0030000000000001137,-1,-0.5426999999999964,0,-1
DSY1,semi,run_1197,random64,attic_party,1.28,39.0,34.095,11,34.702,5,11,True,1.28,39.0,34.093,11,34.9628,5,11,True,0.0,0.0,0.001999999999995339,0,-0.26080000000000325,0,0
DSY1,semi,run_1199,stress16,attic_party,1.4434,44.0,34.471,15,43.7841,6,15,True,1.4434,44.0,34.461,15,44.3952,6,15,True,0.0,0.0,0.00999999999999801,0,-0.6111000000000004,0,0
DSY1,semi,run_1207,random64,attic_party,1.28,38.0,33.543,17,12.8838,3,17,True,1.28,38.0,33.543,17,12.7955,3,17,True,0.0,0.0,0.0,0,0.08830000000000027,0,0
DSY1,semi,run_1209,random64,attic_party,2.342,57.0,35.26,29,170.6073,19,32,True,2.3693,57.0,35.257,29,170.9204,19,32,True,-0.02729999999999988,0.0,0.0030000000000001137,0,-0.3130999999999915,0,0
DSY1,semi,run_1214,stress16,attic_party,2.9956,58.0,35.367,40,397.3583,20,46,True,2.9956,58.0,35.369,39,399.4744,20,46,True,0.0,0.0,-0.0020000000000024443,1,-2.116100000000017,0,0
DSY1,semi,run_1248,random64,attic_party,2.6688,56.0,35.368,32,291.6866,22,35,True,2.6688,56.0,35.372,32,292.4836,22,35,True,0.0,0.0,-0.003999999999997783,0,-0.7970000000000255,0,0
DSY1,semi,run_1268,random64,attic_party,2.6961,67.0,35.838,45,58.2702,36,48,True,2.6961,67.0,35.836,45,58.5802,36,48,True,0.0,0.0,0.0020000000000024443,0,-0.30999999999999517,0,0
DSY1,semi,run_1274,random64,attic_party,2.0153,49.0,34.931,20,192.8414,9,22,True,2.0153,50.0,34.987,20,193.1482,9,22,True,0.0,-1.0,-0.05600000000000449,0,-0.30680000000000973,0,0
DSY1,semi,run_1295,random64,attic_party,1.3344,42.0,33.988,15,34.4486,4,15,True,1.3344,42.0,33.992,15,34.5421,4,15,True,0.0,0.0,-0.003999999999997783,0,-0.0934999999999988,0,0
DSY1,semi,run_1311,random64,attic_party,1.6885,51.0,34.783,17,69.6443,9,18,True,1.6885,51.0,34.782,17,68.2971,9,17,True,0.0,0.0,0.0010000000000047748,0,1.3472000000000008,0,1
DSY1,semi,run_1388,random64,attic_party,1.1983,38.0,33.736,10,14.7963,3,10,True,1.1983,38.0,33.734,10,14.8582,3,10,True,0.0,0.0,0.001999999999995339,0,-0.06189999999999962,0,0
DSY1,semi,run_1391,random64,attic_party,1.6068,44.0,34.002,21,28.277,5,21,True,1.6068,44.0,34.001,21,28.2532,5,21,True,0.0,0.0,0.0010000000000047748,0,0.023800000000001376,0,0
DSY1,semi,run_1416,stress16,attic_party,1.634,47.0,34.177,23,32.6583,6,23,True,1.6612,47.0,34.181,24,32.5983,6,24,True,-0.027200000000000113,0.0,-0.003999999999997783,-1,0.05999999999999517,0,-1
DSY1,semi,run_1434,random64,attic_party,1.3617,40.0,34.252,10,43.5243,5,10,True,1.3617,40.0,34.253,10,43.344,5,10,True,0.0,0.0,-0.0009999999999976694,0,0.18029999999999546,0,0
DSY1,semi,run_1476,random64,attic_party,1.8246,51.0,34.77,23,64.2908,8,25,True,1.8519,51.0,34.771,24,65.1964,8,26,True,-0.027300000000000102,0.0,-0.0009999999999976694,-1,-0.9055999999999926,0,-1
DSY1,semi,run_1497,random64,attic_party,1.634,48.0,34.63,11,48.8429,8,11,True,1.634,48.0,34.636,11,48.9975,7,11,True,0.0,0.0,-0.006000000000000227,0,-0.15460000000000207,1,0
DSY1,semi,run_1506,stress16,attic_party,3.7309,60.0,35.583,68,429.1702,30,172,True,3.7037,60.0,35.585,68,427.6265,31,173,True,0.027200000000000113,0.0,-0.0020000000000024443,0,1.5437000000000012,-1,-1
DSY1,semi,run_1521,stress16,attic_party,1.6612,48.0,34.872,11,145.9184,12,11,True,1.6612,48.0,34.876,11,143.4841,12,11,True,0.0,0.0,-0.003999999999997783,0,2.434299999999979,0,0
DSY1,semi,run_1525,random64,attic_party,1.3617,40.0,34.001,10,25.7082,5,10,True,1.3617,40.0,34.014,10,25.7088,5,10,True,0.0,0.0,-0.01300000000000523,0,-0.0005999999999986017,0,0
DSY1,semi,run_1560,random64,attic_party,2.2059,62.0,35.526,24,77.4029,23,25,True,2.2059,62.0,35.53,24,77.0327,23,25,True,0.0,0.0,-0.003999999999997783,0,0.370199999999997,0,0
DSY1,semi,run_1586,random64,attic_party,1.3889,40.0,34.027,15,23.1769,5,15,True,1.3889,40.0,34.029,15,22.5933,5,15,True,0.0,0.0,-0.0020000000000024443,0,0.5836000000000006,0,0
DSY1,semi,run_1590,random64,attic_party,2.1242,56.0,35.552,12,116.7572,27,12,True,2.0969,56.0,35.552,12,117.1153,27,12,True,0.02729999999999988,0.0,0.0,0,-0.3581000000000074,0,0
DSY1,semi,run_1644,random64,attic_party,1.8791,47.0,34.53,18,90.612,5,19,True,1.8791,47.0,34.534,18,90.9439,5,19,True,0.0,0.0,-0.003999999999997783,0,-0.3319000000000045,0,0
DSY1,semi,run_1646,random64,attic_party,1.3617,43.0,34.105,15,70.9231,5,15,True,1.3617,43.0,34.105,15,70.8726,5,15,True,0.0,0.0,0.0,0,0.050499999999999545,0,0
DSY1,semi,run_1649,random64,attic_party,1.6885,51.0,34.72,17,43.6321,10,17,True,1.7157,51.0,34.72,17,43.4143,10,17,True,-0.027200000000000113,0.0,0.0,0,0.217800000000004,0,0
DSY1,semi,run_1739,random64,attic_party,1.3617,41.0,33.946,16,35.569,4,16,True,1.3344,41.0,33.947,16,35.5562,4,16,True,0.02729999999999988,0.0,-0.0010000000000047748,0,0.012800000000005696,0,0
DSY1,semi,run_1746,random64,attic_party,1.5523,43.0,34.219,16,29.3656,5,16,True,1.5523,43.0,34.219,16,29.479,5,16,True,0.0,0.0,0.0,0,-0.11339999999999861,0,0
DSY1,semi,run_1748,random64,attic_party,1.988,53.0,35.017,25,73.2883,14,28,True,1.9608,53.0,35.022,25,73.8792,14,28,True,0.02719999999999989,0.0,-0.0049999999999954525,0,-0.5908999999999907,0,0
DSY1,semi,run_1757,random64,attic_party,2.2876,53.0,35.157,22,203.0356,13,25,True,2.3148,53.0,35.156,23,204.0228,13,26,True,-0.027200000000000113,0.0,0.0009999999999976694,-1,-0.9872000000000014,0,-1
DSY1,semi,run_1759,random64,attic_party,1.4161,41.0,33.96,15,30.7176,5,15,True,1.4161,41.0,33.96,15,30.8326,5,15,True,0.0,0.0,0.0,0,-0.11499999999999844,0,0
DSY1,semi,run_1762,random64,attic_party,1.5251,48.0,34.69,10,72.8343,8,10,True,1.5251,48.0,34.69,10,73.7717,8,10,True,0.0,0.0,0.0,0,-0.9373999999999967,0,0
DSY1,semi,run_1801,stress16,attic_party,1.5795,48.0,34.634,15,84.535,7,15,True,1.5795,48.0,34.635,14,84.1362,8,14,True,0.0,0.0,-0.0009999999999976694,1,0.39879999999999427,-1,1
DSY1,semi,run_1809,random64,attic_party,1.3889,40.0,34.175,11,30.5296,5,11,True,1.3889,40.0,34.176,11,30.6751,5,11,True,0.0,0.0,-0.0010000000000047748,0,-0.14550000000000196,0,0
DSY1,semi,run_1813,random64,attic_party,1.3617,40.0,34.223,10,41.2228,5,10,True,1.3617,40.0,34.224,10,41.0087,5,10,True,0.0,0.0,-0.0009999999999976694,0,0.21410000000000196,0,0
DSY1,semi,run_1851,random64,attic_party,1.6068,49.0,34.81,11,106.9524,9,11,True,1.6068,49.0,34.811,11,106.7916,9,11,True,0.0,0.0,-0.0009999999999976694,0,0.16079999999999472,0,0
DSY1,semi,run_1864,random64,attic_party,1.5251,48.0,34.556,11,54.3657,6,11,True,1.5523,48.0,34.556,11,54.4146,6,11,True,-0.027200000000000113,0.0,0.0,0,-0.048900000000003274,0,0
DSY1,semi,run_1865,random64,attic_party,2.2331,58.0,35.033,29,48.8519,11,32,True,2.3148,58.0,35.033,29,48.7658,11,32,True,-0.0817000000000001,0.0,0.0,0,0.08610000000000184,0,0
DSY1,semi,run_1866,random64,attic_party,1.6885,49.0,35.055,11,128.0108,15,11,True,1.6885,49.0,35.061,11,126.2426,15,11,True,0.0,0.0,-0.006000000000000227,0,1.768199999999993,0,0
DSY1,semi,run_1911,random64,attic_party,1.171,36.0,33.541,11,11.5081,3,11,True,1.171,36.0,33.542,11,11.5672,3,11,True,0.0,0.0,-0.0010000000000047748,0,-0.05909999999999904,0,0
DSY1,semi,run_1941,stress16,attic_party,2.805,62.0,36.006,27,268.0058,33,30,True,2.7778,62.0,36.006,27,267.7837,33,30,True,0.027200000000000113,0.0,0.0,0,0.22210000000001173,0,0
DSY1,semi,run_1952,random64,attic_party,1.3072,40.0,34.111,8,54.3128,5,8,True,1.28,40.0,34.112,8,54.2514,5,8,True,0.02719999999999989,0.0,-0.0010000000000047748,0,0.061400000000006116,0,0
DSY1,detached,run_0000,stress16,combined,1.4706,43.0,34.144,18,63.5616,6,18,True,1.5523,49.0,34.695,17,63.8661,8,17,True,-0.0817000000000001,-6.0,-0.5510000000000019,1,-0.30450000000000443,-2,1
DSY1,detached,run_0015,random64,combined,1.6885,49.0,34.71,16,333.9863,8,16,True,1.7974,52.0,35.217,14,338.5478,15,15,True,-0.10890000000000022,-3.0,-0.5069999999999979,2,-4.561499999999967,-7,1
DSY1,detached,run_0023,random64,combined,1.28,39.0,33.914,14,61.6996,4,14,True,1.4434,43.0,34.466,11,62.2688,6,11,True,-0.1634,-4.0,-0.5519999999999996,3,-0.5692000000000021,-2,3
DSY1,detached,run_0029,stress16,combined,1.8519,51.0,34.129,49,57.5544,7,49,True,2.0153,56.0,34.715,42,57.6407,10,42,True,-0.16339999999999977,-5.0,-0.5860000000000056,7,-0.08630000000000138,-3,7
DSY1,detached,run_0044,random64,combined,1.3344,39.0,34.014,10,71.0826,5,10,True,1.4978,43.0,34.44,8,72.9463,5,8,True,-0.1634,-4.0,-0.4259999999999948,2,-1.8636999999999944,0,2
DSY1,detached,run_0063,random64,combined,1.7974,50.0,34.921,16,189.8332,14,16,True,1.9336,56.0,35.442,13,196.1893,25,13,True,-0.13619999999999988,-6.0,-0.5210000000000008,3,-6.356099999999998,-11,3
DSY1,detached,run_0092,random64,combined,1.4161,39.0,33.932,16,47.6454,5,16,True,1.5523,48.0,34.562,12,50.016,7,12,True,-0.1362000000000001,-9.0,-0.6299999999999955,4,-2.370599999999996,-2,4
DSY1,detached,run_0095,random64,combined,1.6612,49.0,34.488,21,76.378,6,21,True,1.7429,52.0,34.979,15,79.4623,12,15,True,-0.08169999999999988,-3.0,-0.49099999999999966,6,-3.084299999999999,-6,6
DSY1,detached,run_0132,stress16,combined,2.1786,60.0,35.442,30,88.9773,26,30,True,2.2876,62.0,35.922,26,90.8199,35,26,True,-0.10899999999999999,-2.0,-0.4799999999999969,4,-1.8426000000000045,-9,4
DSY1,detached,run_0169,random64,combined,1.171,34.0,32.772,25,44.5243,0,25,False,1.4161,39.0,33.432,23,44.5095,3,23,True,-0.24509999999999987,-5.0,-0.6600000000000037,2,0.014799999999993929,-3,2
DSY1,detached,run_0171,random64,combined,1.634,46.0,34.398,18,61.452,6,18,True,1.7429,51.0,34.947,11,66.4325,12,11,True,-0.1089,-5.0,-0.5489999999999995,7,-4.980500000000006,-6,7
DSY1,detached,run_0172,random64,combined,1.3617,41.0,33.562,23,21.383,3,23,True,1.5251,45.0,34.183,17,23.3024,5,17,True,-0.1634,-4.0,-0.6210000000000022,6,-1.9193999999999996,-2,6
DSY1,detached,run_0189,random64,combined,1.5523,45.0,34.153,18,48.6911,5,18,True,1.7157,51.0,34.748,14,49.3088,10,14,True,-0.1634,-6.0,-0.5949999999999989,4,-0.6176999999999992,-5,4
DSY1,detached,run_0203,random64,combined,1.3889,39.0,33.946,17,52.5814,5,17,True,1.5251,47.0,34.513,12,53.2878,6,12,True,-0.13619999999999988,-8.0,-0.5670000000000002,5,-0.706399999999995,-1,5
DSY1,detached,run_0208,random64,combined,1.3344,39.0,33.832,14,66.6382,3,14,True,1.4978,42.0,34.36,11,75.7547,5,11,True,-0.1634,-3.0,-0.5279999999999987,3,-9.116500000000002,-2,3
DSY1,detached,run_0239,stress16,combined,4.4662,63.0,35.284,138,71.0165,27,269,True,5.1198,66.0,35.881,112,68.1887,47,233,True,-0.6536,-3.0,-0.5970000000000013,26,2.8277999999999963,-20,36
DSY1,detached,run_0241,stress16,combined,3.0229,56.0,35.286,41,649.4069,24,62,True,3.4041,60.0,35.846,41,615.1856,32,49,True,-0.3812000000000002,-4.0,-0.5599999999999952,0,34.22129999999993,-8,13
DSY1,detached,run_0298,random64,combined,1.6885,49.0,34.65,18,97.3081,9,18,True,1.8519,55.0,35.237,14,100.6458,17,14,True,-0.1634000000000002,-6.0,-0.5870000000000033,4,-3.337699999999998,-8,4
DSY1,detached,run_0302,random64,combined,1.3889,41.0,33.955,19,56.8154,5,19,True,1.4978,47.0,34.466,14,57.2274,6,14,True,-0.1089,-6.0,-0.5110000000000028,5,-0.41200000000000614,-1,5
DSY1,detached,run_0421,random64,combined,1.6068,47.0,34.561,12,151.2296,8,12,True,1.6612,50.0,35.125,12,165.8019,14,12,True,-0.054400000000000004,-3.0,-0.5640000000000001,0,-14.572299999999984,-6,0
DSY1,detached,run_0456,random64,combined,1.5795,44.0,34.452,13,102.4332,7,13,True,1.6885,49.0,34.936,11,105.0153,9,11,True,-0.10899999999999999,-5.0,-0.48400000000000176,2,-2.582099999999997,-2,2
DSY1,detached,run_0492,stress16,combined,2.6961,62.0,35.462,54,113.9374,27,63,True,2.8867,66.0,36.01,44,115.8388,38,48,True,-0.19059999999999988,-4.0,-0.5479999999999947,10,-1.9014000000000095,-11,15
DSY1,detached,run_0499,random64,combined,1.5251,41.0,33.736,21,29.5683,3,21,True,1.6612,48.0,34.35,16,30.4763,7,16,True,-0.1361000000000001,-7.0,-0.6140000000000043,5,-0.9079999999999977,-4,5
DSY1,detached,run_0500,random64,combined,1.3072,38.0,33.768,12,43.0634,3,12,True,1.4978,43.0,34.345,9,44.1329,5,9,True,-0.1906000000000001,-5.0,-0.5769999999999982,3,-1.069499999999998,-2,3
DSY1,detached,run_0628,stress16,combined,1.4706,40.0,34.224,11,89.9739,5,11,True,1.6068,48.0,34.728,9,93.8262,8,9,True,-0.1362000000000001,-8.0,-0.5040000000000049,2,-3.8522999999999996,-3,2
DSY1,detached,run_0745,random64,combined,1.6068,46.0,34.488,17,153.8068,7,17,True,1.7157,51.0,35.062,16,160.122,12,16,True,-0.1089,-5.0,-0.5739999999999981,1,-6.315200000000004,-5,1
DSY1,detached,run_0768,stress16,combined,4.2211,65.0,35.835,102,221.2305,39,162,True,4.7386,71.0,36.433,75,211.3585,54,102,True,-0.5175000000000001,-6.0,-0.597999999999999,27,9.872000000000014,-15,60
DSY1,detached,run_0785,random64,combined,1.7429,51.0,34.773,18,114.2275,10,18,True,1.8791,56.0,35.337,16,119.8134,21,16,True,-0.1362000000000001,-5.0,-0.5640000000000001,2,-5.585899999999995,-11,2
DSY1,detached,run_0788,random64,combined,1.5523,46.0,34.271,22,68.1704,6,22,True,1.6885,51.0,34.845,20,72.8365,9,21,True,-0.13619999999999988,-5.0,-0.5739999999999981,2,-4.6661,-3,1
DSY1,detached,run_0821,random64,combined,1.171,37.0,33.571,12,43.4052,3,12,True,1.3889,40.0,34.195,8,43.2563,5,8,True,-0.21789999999999998,-3.0,-0.6240000000000023,4,0.1488999999999976,-2,4
DSY1,detached,run_0833,random64,combined,1.3889,39.0,33.98,15,47.253,5,15,True,1.5251,48.0,34.49,11,48.3802,7,11,True,-0.13619999999999988,-9.0,-0.5100000000000051,4,-1.127200000000002,-2,4
DSY1,detached,run_0841,random64,combined,1.6612,48.0,34.533,14,116.0323,8,14,True,1.6885,51.0,35.073,11,119.8758,13,11,True,-0.02729999999999988,-3.0,-0.5399999999999991,3,-3.8434999999999917,-5,3
DSY1,detached,run_0844,random64,combined,1.4161,42.0,34.187,16,71.2918,5,16,True,1.6068,48.0,34.722,13,72.6248,8,13,True,-0.1907000000000001,-6.0,-0.5350000000000037,3,-1.3329999999999984,-3,3
DSY1,detached,run_0887,random64,combined,1.3072,39.0,33.803,13,47.8757,3,13,True,1.4706,42.0,34.355,11,49.0504,5,11,True,-0.1634,-3.0,-0.5519999999999996,2,-1.1747000000000014,-2,2
DSY1,detached,run_1025,stress16,combined,1.7429,51.0,34.855,18,113.732,11,18,True,1.8519,56.0,35.36,12,115.6435,21,12,True,-0.10900000000000021,-5.0,-0.5050000000000026,6,-1.9115000000000038,-10,6
DSY1,detached,run_1083,random64,combined,1.3072,39.0,33.912,13,57.5165,5,13,True,1.4706,45.0,34.485,11,59.6064,6,11,True,-0.1634,-6.0,-0.5730000000000004,2,-2.0899,-1,2
DSY1,detached,run_1093,random64,combined,1.4161,42.0,33.773,28,50.4849,4,28,True,1.5795,45.0,34.334,23,50.6092,7,23,True,-0.1634,-3.0,-0.5609999999999999,5,-0.12429999999999808,-3,5
DSY1,detached,run_1130,random64,combined,1.1983,33.0,33.072,20,13.7093,2,20,True,1.3889,40.0,33.697,16,14.1995,3,16,True,-0.1906000000000001,-7.0,-0.625,4,-0.49019999999999975,-1,4
DSY1,detached,run_1192,random64,combined,1.6885,50.0,34.645,17,158.3067,8,17,True,1.7702,53.0,35.172,16,168.6242,15,16,True,-0.0817000000000001,-3.0,-0.5269999999999939,1,-10.317499999999995,-7,1
DSY1,detached,run_1197,random64,combined,1.1983,38.0,33.683,12,41.9128,3,12,True,1.3617,40.0,34.195,10,42.6305,5,10,True,-0.1634,-2.0,-0.5120000000000005,2,-0.7177000000000007,-2,2
DSY1,detached,run_1199,stress16,combined,1.3617,41.0,33.935,18,55.8538,4,18,True,1.4978,48.0,34.578,14,56.2412,7,14,True,-0.1361000000000001,-7.0,-0.6430000000000007,4,-0.3873999999999995,-3,4
DSY1,detached,run_1207,random64,combined,1.1983,35.0,33.137,20,17.6345,2,20,True,1.3889,41.0,33.786,16,18.0338,4,16,True,-0.1906000000000001,-6.0,-0.6490000000000009,4,-0.3993000000000002,-2,4
DSY1,detached,run_1209,random64,combined,2.0425,53.0,34.933,21,222.3452,11,22,True,2.342,58.0,35.521,24,228.4551,25,27,True,-0.2995000000000001,-5.0,-0.588000000000001,-3,-6.109899999999982,-14,-5
DSY1,detached,run_1214,stress16,combined,3.3224,58.0,35.359,63,696.1334,26,118,True,3.6765,62.0,35.865,49,664.5565,41,70,True,-0.35409999999999986,-4.0,-0.5060000000000002,14,31.576900000000023,-15,48
DSY1,detached,run_1248,random64,combined,2.0969,50.0,34.963,22,363.9863,15,23,True,2.8322,58.0,35.562,31,362.633,26,34,True,-0.7352999999999996,-8.0,-0.5989999999999966,-9,1.353300000000047,-11,-11
DSY1,detached,run_1268,random64,combined,2.5327,65.0,35.48,45,78.9051,31,45,True,2.6144,67.0,36.002,37,79.0345,40,38,True,-0.08169999999999966,-2.0,-0.5220000000000056,8,-0.12939999999998975,-9,7
DSY1,detached,run_1274,random64,combined,1.7702,50.0,34.915,17,344.8424,10,17,True,2.2603,57.0,35.479,19,344.1974,25,21,True,-0.4901,-7.0,-0.5640000000000001,-2,0.6449999999999818,-15,-4
DSY1,detached,run_1295,random64,combined,1.1983,39.0,33.536,15,43.8535,2,15,True,1.3344,42.0,34.157,13,43.9809,5,13,True,-0.1361000000000001,-3.0,-0.6209999999999951,2,-0.1274000000000015,-3,2
DSY1,detached,run_1311,random64,combined,1.6068,48.0,34.427,21,86.6011,6,21,True,1.7702,52.0,34.991,19,89.9833,11,20,True,-0.1634,-4.0,-0.5640000000000001,2,-3.3821999999999974,-5,1
DSY1,detached,run_1388,random64,combined,1.171,33.0,33.257,13,21.3039,2,13,True,1.2527,38.0,33.833,9,21.7704,3,9,True,-0.08169999999999988,-5.0,-0.5760000000000005,4,-0.4664999999999999,-1,4
DSY1,detached,run_1391,random64,combined,1.4161,38.0,33.352,22,39.3367,2,22,True,1.634,47.0,34.137,17,39.4058,6,17,True,-0.21789999999999998,-9.0,-0.7850000000000037,5,-0.06909999999999883,-4,5
DSY1,detached,run_1416,stress16,combined,1.7974,46.0,34.015,31,39.3041,5,31,True,1.9063,50.0,34.697,23,39.8721,14,23,True,-0.1089,-4.0,-0.6820000000000022,8,-0.568000000000005,-9,8
DSY1,detached,run_1434,random64,combined,1.3344,39.0,33.882,13,55.3117,5,13,True,1.4978,44.0,34.427,11,59.5721,5,11,True,-0.1634,-5.0,-0.5450000000000017,2,-4.260399999999997,0,2
DSY1,detached,run_1476,random64,combined,1.7974,50.0,34.617,25,112.1809,8,25,True,2.1786,58.0,35.212,25,113.0073,18,28,True,-0.38119999999999976,-8.0,-0.595000000000006,0,-0.8264000000000067,-10,-3
DSY1,detached,run_1497,random64,combined,1.5251,43.0,34.254,14,59.529,5,14,True,1.634,50.0,34.773,11,65.9469,10,11,True,-0.1089,-7.0,-0.5190000000000055,3,-6.417899999999996,-5,3
DSY1,detached,run_1506,stress16,combined,4.3573,60.0,35.578,102,625.2402,34,259,True,4.8747,65.0,36.059,88,599.2859,57,217,True,-0.5173999999999994,-5.0,-0.48099999999999454,14,25.95429999999999,-23,42
DSY1,detached,run_1521,stress16,combined,1.6885,50.0,34.77,16,222.8749,9,16,True,1.9608,55.0,35.336,15,228.0701,20,16,True,-0.2723000000000002,-5.0,-0.5659999999999954,1,-5.1952,-11,0
DSY1,detached,run_1525,random64,combined,1.3617,39.0,33.766,13,34.7253,3,13,True,1.4706,41.0,34.273,11,36.8977,5,11,True,-0.1089,-2.0,-0.507000000000005,2,-2.172400000000003,-2,2
DSY1,detached,run_1560,random64,combined,2.4782,61.0,35.523,29,104.0487,30,29,True,2.5599,67.0,36.005,24,105.5663,36,25,True,-0.08169999999999966,-6.0,-0.4819999999999993,5,-1.5176000000000016,-6,4
DSY1,detached,run_1586,random64,combined,1.3617,39.0,33.761,19,33.1159,3,19,True,1.4978,44.0,34.295,15,35.7417,5,15,True,-0.1361000000000001,-5.0,-0.5339999999999989,4,-2.625799999999998,-2,4
DSY1,detached,run_1590,random64,combined,2.4237,59.0,35.601,18,177.383,30,18,True,2.6416,66.0,36.148,19,179.604,37,19,True,-0.21789999999999976,-7.0,-0.5470000000000041,-1,-2.2210000000000036,-7,-1
DSY1,detached,run_1644,random64,combined,1.7157,46.0,34.38,20,160.1408,6,20,True,2.1242,50.0,34.959,21,164.7597,12,24,True,-0.4085000000000001,-4.0,-0.5790000000000006,-1,-4.6188999999999965,-6,-4
DSY1,detached,run_1646,random64,combined,1.3617,41.0,33.781,20,85.0111,4,20,True,1.4978,45.0,34.344,16,84.9801,6,16,True,-0.1361000000000001,-4.0,-0.5630000000000024,4,0.03100000000000591,-2,4
DSY1,detached,run_1649,random64,combined,1.6068,46.0,34.349,20,57.2186,6,20,True,1.7429,52.0,34.871,15,57.9469,10,15,True,-0.1360999999999999,-6.0,-0.5220000000000056,5,-0.7282999999999973,-4,5
DSY1,detached,run_1739,random64,combined,1.2527,39.0,33.568,15,48.8971,3,15,True,1.4161,42.0,34.087,14,48.985,5,14,True,-0.1634,-3.0,-0.5190000000000055,1,-0.08789999999999765,-2,1
DSY1,detached,run_1746,random64,combined,1.4161,41.0,33.956,18,44.5021,5,18,True,1.6068,49.0,34.537,15,46.3873,7,15,True,-0.1907000000000001,-8.0,-0.580999999999996,3,-1.8852000000000046,-2,3
DSY1,detached,run_1748,random64,combined,1.7702,50.0,34.623,25,90.8355,8,25,True,1.988,58.0,35.234,25,96.8834,18,27,True,-0.2178,-8.0,-0.6110000000000042,0,-6.0478999999999985,-10,-2
DSY1,detached,run_1757,random64,combined,1.8791,50.0,34.83,19,269.0677,10,19,True,2.2603,56.0,35.389,21,270.3783,23,24,True,-0.3812,-6.0,-0.5590000000000046,-2,-1.3106000000000222,-13,-5
DSY1,detached,run_1759,random64,combined,1.3617,40.0,33.7,17,48.018,3,17,True,1.5523,47.0,34.364,14,48.2433,6,14,True,-0.1906000000000001,-7.0,-0.6639999999999944,3,-0.22529999999999717,-3,3
DSY1,detached,run_1762,random64,combined,1.4978,42.0,34.324,12,86.0678,5,12,True,1.6612,48.0,34.868,11,88.4076,9,11,True,-0.1634,-6.0,-0.544000000000004,1,-2.3397999999999968,-4,1
DSY1,detached,run_1801,stress16,combined,1.6612,48.0,34.478,18,139.3168,7,18,True,1.8519,51.0,34.987,18,146.0793,10,19,True,-0.1907000000000001,-3.0,-0.5090000000000003,0,-6.762499999999989,-3,-1
DSY1,detached,run_1809,random64,combined,1.2527,38.0,33.706,12,40.9156,3,12,True,1.4706,41.0,34.266,11,42.4614,5,11,True,-0.21789999999999998,-3.0,-0.5599999999999952,1,-1.5457999999999998,-2,1
DSY1,detached,run_1813,random64,combined,1.2527,39.0,33.915,12,56.6853,4,12,True,1.4706,42.0,34.429,9,59.2542,5,9,True,-0.21789999999999998,-3.0,-0.5140000000000029,3,-2.5688999999999993,-1,3
DSY1,detached,run_1851,random64,combined,1.6885,48.0,34.607,13,150.5645,8,13,True,1.7702,51.0,35.127,11,156.7971,13,11,True,-0.0817000000000001,-3.0,-0.5200000000000031,2,-6.232599999999991,-5,2
DSY1,detached,run_1864,random64,combined,1.5523,46.0,34.398,16,77.3344,7,16,True,1.6885,50.0,34.937,11,81.5441,10,11,True,-0.13619999999999988,-4.0,-0.5389999999999944,5,-4.209699999999998,-3,5
DSY1,detached,run_1865,random64,combined,2.0969,56.0,35.024,34,83.207,19,35,True,2.6416,61.0,35.601,33,83.3178,29,36,True,-0.5446999999999997,-5.0,-0.5769999999999982,1,-0.11080000000001178,-10,-1
DSY1,detached,run_1866,random64,combined,1.8791,55.0,35.212,16,228.7918,18,16,True,2.1242,58.0,35.735,13,247.5302,27,13,True,-0.2451000000000001,-3.0,-0.5229999999999961,3,-18.738400000000013,-9,3
DSY1,detached,run_1911,random64,combined,1.0349,32.0,33.015,13,15.2653,1,13,True,1.1983,38.0,33.683,12,16.7841,3,12,True,-0.1634,-6.0,-0.6679999999999993,1,-1.5187999999999988,-2,1
DSY1,detached,run_1941,stress16,combined,2.3693,60.0,35.664,19,325.7183,28,19,True,2.805,67.0,36.226,22,322.7603,37,23,True,-0.4357000000000002,-7.0,-0.5619999999999976,-3,2.958000000000027,-9,-4
DSY1,detached,run_1952,random64,combined,1.2527,39.0,33.778,10,73.3701,3,10,True,1.4434,40.0,34.319,7,73.8957,5,7,True,-0.1907000000000001,-1.0,-0.5410000000000039,3,-0.5256000000000114,-2,3
DSY1,semi,run_0000,stress16,combined,1.3344,42.0,33.805,18,50.2062,4,18,True,1.4706,45.0,34.48,16,50.0547,6,16,True,-0.13619999999999988,-3.0,-0.6749999999999972,2,0.15150000000000574,-2,2
DSY1,semi,run_0015,random64,combined,1.5795,46.0,34.458,13,204.4004,5,13,True,1.6885,49.0,34.956,13,231.8095,9,14,True,-0.10899999999999999,-3.0,-0.49800000000000466,0,-27.409100000000024,-4,-1
DSY1,semi,run_0023,random64,combined,1.1983,37.0,33.669,12,48.6994,3,12,True,1.3617,41.0,34.262,11,48.9836,5,11,True,-0.1634,-4.0,-0.5930000000000035,1,-0.28420000000000556,-2,1
DSY1,semi,run_0029,stress16,combined,1.7974,47.0,33.867,51,42.0742,6,51,True,1.9336,54.0,34.468,44,42.2951,8,44,True,-0.13619999999999988,-7.0,-0.6010000000000062,7,-0.22090000000000032,-2,7
DSY1,semi,run_0044,random64,combined,1.171,33.0,33.347,10,52.9937,2,10,True,1.3617,40.0,34.295,10,54.7117,5,10,True,-0.19069999999999987,-7.0,-0.9480000000000004,0,-1.7180000000000035,-3,0
DSY1,semi,run_0063,random64,combined,1.7157,51.0,34.727,17,150.4041,9,17,True,1.8246,52.0,35.222,12,163.1934,19,12,True,-0.1089,-1.0,-0.49500000000000455,5,-12.789299999999997,-10,5
DSY1,semi,run_0092,random64,combined,1.3072,36.0,33.348,16,35.4067,2,16,True,1.4978,42.0,34.364,12,37.9512,5,12,True,-0.1906000000000001,-6.0,-1.0159999999999982,4,-2.5444999999999993,-3,4
DSY1,semi,run_0095,random64,combined,1.5523,44.0,34.24,24,48.7976,5,24,True,1.7157,50.0,34.687,17,52.9285,8,17,True,-0.1634,-6.0,-0.4469999999999956,7,-4.130899999999997,-3,7
DSY1,semi,run_0132,stress16,combined,1.8519,54.0,34.769,30,66.6797,13,30,True,1.988,61.0,35.49,27,69.4631,23,27,True,-0.1360999999999999,-7.0,-0.7210000000000036,3,-2.7834000000000003,-10,3
DSY1,semi,run_0169,random64,combined,0.6808,20.0,31.674,22,33.3977,0,22,False,1.1438,33.0,32.877,24,33.308,0,24,False,-0.46299999999999997,-13.0,-1.203000000000003,-2,0.08970000000000056,0,-2
DSY1,semi,run_0171,random64,combined,1.3072,36.0,33.357,14,43.4888,2,14,True,1.5251,48.0,34.553,11,47.1677,7,11,True,-0.21789999999999998,-12.0,-1.195999999999998,3,-3.678900000000006,-5,3
DSY1,semi,run_0172,random64,combined,1.2527,38.0,33.301,22,12.6884,2,22,True,1.4161,42.0,33.937,17,15.3848,5,17,True,-0.1634,-4.0,-0.6359999999999957,5,-2.6964000000000006,-3,5
DSY1,semi,run_0189,random64,combined,1.2527,33.0,33.067,16,38.5799,1,16,True,1.5523,45.0,34.356,14,38.6645,7,14,True,-0.2996000000000001,-12.0,-1.2890000000000015,2,-0.08459999999999468,-6,2
DSY1,semi,run_0203,random64,combined,1.2255,33.0,32.983,14,37.8535,1,14,True,1.4161,42.0,34.319,15,39.4714,5,15,True,-0.19059999999999988,-9.0,-1.3360000000000056,-1,-1.617900000000006,-4,-1
DSY1,semi,run_0208,random64,combined,1.171,34.0,33.114,13,40.3782,2,13,True,1.3617,40.0,34.172,11,49.0313,5,11,True,-0.19069999999999987,-6.0,-1.0579999999999998,2,-8.653100000000002,-3,2
DSY1,semi,run_0239,stress16,combined,3.1318,50.0,34.527,85,49.7101,11,200,True,3.5675,57.0,35.26,69,47.942,26,153,True,-0.43569999999999975,-7.0,-0.732999999999997,16,1.768099999999997,-15,47
DSY1,semi,run_0241,stress16,combined,2.805,54.0,35.087,41,525.1031,21,89,True,3.159,58.0,35.627,36,521.8296,29,66,True,-0.35399999999999965,-4.0,-0.5399999999999991,5,3.2735000000000127,-8,23
DSY1,semi,run_0298,random64,combined,1.4978,40.0,34.142,15,61.5346,5,15,True,1.6612,48.0,34.843,11,62.3036,9,11,True,-0.1634,-8.0,-0.7010000000000005,4,-0.7690000000000055,-4,4
DSY1,semi,run_0302,random64,combined,1.3617,41.0,33.808,19,36.2093,4,19,True,1.3889,42.0,34.294,13,39.4416,5,13,True,-0.027200000000000113,-1.0,-0.4859999999999971,6,-3.232300000000002,-1,6
DSY1,semi,run_0421,random64,combined,1.4978,44.0,34.313,12,86.2153,5,12,True,1.6068,49.0,34.763,12,107.3144,9,12,True,-0.10899999999999999,-5.0,-0.44999999999999574,0,-21.099100000000007,-4,0
DSY1,semi,run_0456,random64,combined,1.3889,42.0,34.17,13,69.1566,5,13,True,1.5795,48.0,34.664,11,78.7028,7,11,True,-0.19059999999999988,-6.0,-0.4939999999999998,2,-9.546199999999999,-2,2
DSY1,semi,run_0492,stress16,combined,1.9608,53.0,34.794,38,70.6097,13,47,True,2.1786,59.0,35.379,27,74.541,27,30,True,-0.21779999999999977,-6.0,-0.5850000000000009,11,-3.931299999999993,-14,17
DSY1,semi,run_0499,random64,combined,1.2527,29.0,32.321,17,24.2749,0,17,False,1.4978,44.0,33.98,17,24.8587,5,17,True,-0.2451000000000001,-15.0,-1.658999999999999,0,-0.5838000000000001,-5,0
DSY1,semi,run_0500,random64,combined,1.1438,33.0,33.078,12,32.4719,2,12,True,1.3617,40.0,34.175,11,34.3282,5,11,True,-0.21789999999999998,-7.0,-1.0969999999999942,1,-1.8563000000000045,-3,1
DSY1,semi,run_0628,stress16,combined,1.3072,39.0,33.895,11,61.8192,3,11,True,1.4978,43.0,34.468,7,63.0612,6,7,True,-0.1906000000000001,-4.0,-0.5730000000000004,4,-1.2419999999999973,-3,4
DSY1,semi,run_0745,random64,combined,1.4434,43.0,34.214,17,87.5384,6,17,True,1.634,49.0,34.784,14,99.7702,8,14,True,-0.19059999999999988,-6.0,-0.5700000000000003,3,-12.231800000000007,-2,3
DSY1,semi,run_0768,stress16,combined,2.3693,53.0,34.866,53,121.4444,17,90,True,2.5871,59.0,35.575,37,122.0742,27,48,True,-0.2178,-6.0,-0.7090000000000032,16,-0.629800000000003,-10,42
DSY1,semi,run_0785,random64,combined,1.5523,40.0,34.182,16,67.4901,5,16,True,1.6612,49.0,34.891,11,68.7185,12,11,True,-0.1089,-9.0,-0.7089999999999961,5,-1.2284000000000077,-7,5
DSY1,semi,run_0788,random64,combined,1.3617,42.0,33.92,21,38.6343,5,21,True,1.5523,50.0,34.512,16,45.503,6,16,True,-0.1906000000000001,-8.0,-0.5919999999999987,5,-6.868699999999997,-1,5
DSY1,semi,run_0821,random64,combined,1.0893,30.0,32.621,11,35.4489,0,11,False,1.28,40.0,34.071,9,35.5616,5,9,True,-0.1907000000000001,-10.0,-1.4499999999999957,2,-0.11269999999999669,-5,2
DSY1,semi,run_0833,random64,combined,1.1438,34.0,33.165,14,34.0478,2,14,True,1.3344,40.0,34.155,11,35.92,5,11,True,-0.1906000000000001,-6.0,-0.990000000000002,3,-1.8721999999999994,-3,3
DSY1,semi,run_0841,random64,combined,1.5251,43.0,34.344,14,76.0063,5,14,True,1.6612,50.0,34.889,10,86.4948,9,10,True,-0.1361000000000001,-7.0,-0.5450000000000017,4,-10.488500000000002,-4,4
DSY1,semi,run_0844,random64,combined,1.3072,40.0,33.816,16,52.9364,4,16,True,1.4978,47.0,34.602,13,56.9489,7,13,True,-0.1906000000000001,-7.0,-0.7859999999999943,3,-4.012500000000003,-3,3
DSY1,semi,run_0887,random64,combined,1.1983,38.0,33.697,14,31.6436,3,14,True,1.3889,40.0,34.213,11,35.2878,5,11,True,-0.1906000000000001,-2.0,-0.5159999999999982,3,-3.644199999999998,-2,3
DSY1,semi,run_1025,stress16,combined,1.6068,48.0,34.454,17,68.8626,6,17,True,1.7157,50.0,34.895,14,76.7817,9,14,True,-0.1089,-2.0,-0.4410000000000025,3,-7.9191,-3,3
DSY1,semi,run_1083,random64,combined,1.3072,39.0,33.857,15,41.7225,4,15,True,1.4161,41.0,34.393,11,45.1696,5,11,True,-0.1089,-2.0,-0.5360000000000014,4,-3.447100000000006,-1,4
DSY1,semi,run_1093,random64,combined,1.3072,42.0,33.562,27,39.4543,3,27,True,1.4706,43.0,34.112,23,39.7999,6,23,True,-0.1634,-1.0,-0.5500000000000043,4,-0.34559999999999746,-3,4
DSY1,semi,run_1130,random64,combined,0.8987,26.0,32.416,18,8.4576,0,18,False,1.2255,36.0,33.376,16,8.6193,2,16,True,-0.3268,-10.0,-0.9600000000000009,2,-0.1617000000000015,-2,2
DSY1,semi,run_1192,random64,combined,1.4706,41.0,33.786,17,84.4052,4,17,True,1.634,49.0,34.855,14,88.7931,10,14,True,-0.1634,-8.0,-1.0689999999999955,3,-4.387900000000002,-6,3
DSY1,semi,run_1197,random64,combined,1.0893,30.0,32.783,12,33.8329,0,12,False,1.28,39.0,34.093,11,34.9628,5,11,True,-0.1907000000000001,-9.0,-1.3100000000000023,1,-1.1298999999999992,-5,1
DSY1,semi,run_1199,stress16,combined,1.2527,33.0,33.215,16,43.4393,2,16,True,1.4434,44.0,34.461,15,44.3952,6,15,True,-0.1907000000000001,-11.0,-1.2459999999999951,1,-0.9558999999999997,-4,1
DSY1,semi,run_1207,random64,combined,1.0076,30.0,32.611,19,12.2026,0,19,False,1.28,38.0,33.543,17,12.7955,3,17,True,-0.2724,-8.0,-0.9320000000000022,2,-0.5929000000000002,-3,2
DSY1,semi,run_1209,random64,combined,1.9608,51.0,34.729,27,150.6658,8,29,True,2.3693,57.0,35.257,29,170.9204,19,32,True,-0.40849999999999986,-6.0,-0.5279999999999987,-2,-20.25460000000001,-11,-3
DSY1,semi,run_1214,stress16,combined,2.6416,50.0,34.832,35,369.5521,12,38,True,2.9956,58.0,35.369,39,399.4744,20,46,True,-0.3540000000000001,-8.0,-0.536999999999999,-4,-29.922300000000007,-8,-8
DSY1,semi,run_1248,random64,combined,2.1514,50.0,34.788,25,276.9161,9,26,True,2.6688,56.0,35.372,32,292.4836,22,35,True,-0.5173999999999999,-6.0,-0.5840000000000032,-7,-15.567500000000052,-13,-9
DSY1,semi,run_1268,random64,combined,2.5327,63.0,35.303,54,57.2056,29,56,True,2.6961,67.0,35.836,45,58.5802,36,48,True,-0.16339999999999977,-4.0,-0.5330000000000013,9,-1.374600000000001,-7,8
DSY1,semi,run_1274,random64,combined,1.634,48.0,34.49,15,158.1148,6,15,True,2.0153,50.0,34.987,20,193.1482,9,22,True,-0.3813,-2.0,-0.4969999999999999,-5,-35.0334,-3,-7
DSY1,semi,run_1295,random64,combined,1.0893,32.0,33.253,16,34.1287,2,16,True,1.3344,42.0,33.992,15,34.5421,4,15,True,-0.2451000000000001,-10.0,-0.7389999999999972,1,-0.41339999999999577,-2,1
DSY1,semi,run_1311,random64,combined,1.4978,44.0,34.223,21,63.3305,5,21,True,1.6885,51.0,34.782,17,68.2971,9,17,True,-0.19069999999999987,-7.0,-0.5589999999999975,4,-4.9666,-4,4
DSY1,semi,run_1388,random64,combined,1.0349,32.0,33.186,14,14.0757,2,14,True,1.1983,38.0,33.734,10,14.8582,3,10,True,-0.1634,-6.0,-0.5480000000000018,4,-0.7825000000000006,-1,4
DSY1,semi,run_1391,random64,combined,1.3889,38.0,33.222,25,28.2185,2,25,True,1.6068,44.0,34.001,21,28.2532,5,21,True,-0.21789999999999998,-6.0,-0.7789999999999964,4,-0.03470000000000084,-3,4
DSY1,semi,run_1416,stress16,combined,1.4161,39.0,33.013,27,32.2181,1,27,True,1.6612,47.0,34.181,24,32.5983,6,24,True,-0.2451000000000001,-8.0,-1.1679999999999993,3,-0.3802000000000021,-5,3
DSY1,semi,run_1434,random64,combined,1.1983,38.0,33.607,13,35.1637,3,13,True,1.3617,40.0,34.253,10,43.344,5,10,True,-0.1634,-2.0,-0.6460000000000008,3,-8.180300000000003,-2,3
DSY1,semi,run_1476,random64,combined,1.5795,48.0,34.222,22,54.3717,5,22,True,1.8519,51.0,34.771,24,65.1964,8,26,True,-0.2724000000000002,-3.0,-0.5489999999999995,-2,-10.8247,-3,-4
DSY1,semi,run_1497,random64,combined,1.4706,42.0,34.144,17,40.8016,5,17,True,1.634,48.0,34.636,11,48.9975,7,11,True,-0.1634,-6.0,-0.49200000000000443,6,-8.195900000000002,-2,6
DSY1,semi,run_1506,stress16,combined,3.2135,57.0,35.124,57,370.2329,14,152,True,3.7037,60.0,35.585,68,427.6265,31,173,True,-0.4902000000000002,-3.0,-0.4609999999999985,-11,-57.39360000000005,-17,-21
DSY1,semi,run_1521,stress16,combined,1.5795,42.0,34.302,15,139.3663,5,15,True,1.6612,48.0,34.876,11,143.4841,12,11,True,-0.0817000000000001,-6.0,-0.5739999999999981,4,-4.117800000000017,-7,4
DSY1,semi,run_1525,random64,combined,1.1438,31.0,32.989,14,24.3003,1,14,True,1.3617,40.0,34.014,10,25.7088,5,10,True,-0.21789999999999998,-9.0,-1.0250000000000057,4,-1.4085,-4,4
DSY1,semi,run_1560,random64,combined,2.0969,58.0,35.029,32,73.1066,16,32,True,2.2059,62.0,35.53,24,77.0327,23,25,True,-0.10899999999999999,-4.0,-0.5009999999999977,8,-3.9261000000000053,-7,7
DSY1,semi,run_1586,random64,combined,1.171,31.0,32.796,16,19.6471,0,16,False,1.3889,40.0,34.029,15,22.5933,5,15,True,-0.21789999999999998,-9.0,-1.233000000000004,1,-2.946200000000001,-5,1
DSY1,semi,run_1590,random64,combined,1.8791,50.0,34.877,17,112.2231,13,17,True,2.0969,56.0,35.552,12,117.1153,27,12,True,-0.21780000000000022,-6.0,-0.6749999999999972,5,-4.8922000000000025,-14,5
DSY1,semi,run_1644,random64,combined,1.4434,41.0,33.989,16,73.0605,5,16,True,1.8791,47.0,34.534,18,90.9439,5,19,True,-0.4357,-6.0,-0.5450000000000017,-2,-17.883399999999995,0,-3
DSY1,semi,run_1646,random64,combined,1.1983,31.0,32.51,16,70.8862,0,16,False,1.3617,43.0,34.105,15,70.8726,5,15,True,-0.1634,-12.0,-1.5949999999999989,1,0.013599999999996726,-5,1
DSY1,semi,run_1649,random64,combined,1.6068,44.0,34.219,24,42.6967,6,24,True,1.7157,51.0,34.72,17,43.4143,10,17,True,-0.1089,-7.0,-0.5009999999999977,7,-0.7175999999999974,-4,7
DSY1,semi,run_1739,random64,combined,1.1438,34.0,33.436,17,35.1856,2,17,True,1.3344,41.0,33.947,16,35.5562,4,16,True,-0.1906000000000001,-7.0,-0.5110000000000028,1,-0.37059999999999604,-2,1
DSY1,semi,run_1746,random64,combined,1.3344,40.0,33.686,18,27.6552,3,18,True,1.5523,43.0,34.219,16,29.479,5,16,True,-0.21789999999999998,-3.0,-0.5330000000000013,2,-1.8237999999999985,-2,2
DSY1,semi,run_1748,random64,combined,1.6885,49.0,34.458,28,67.4052,6,28,True,1.9608,53.0,35.022,25,73.8792,14,28,True,-0.2723000000000002,-4.0,-0.5640000000000001,3,-6.474000000000004,-8,0
DSY1,semi,run_1757,random64,combined,1.7974,49.0,34.638,20,180.2476,8,20,True,2.3148,53.0,35.156,23,204.0228,13,26,True,-0.5173999999999999,-4.0,-0.5180000000000007,-3,-23.775199999999984,-5,-6
DSY1,semi,run_1759,random64,combined,1.2255,32.0,33.264,17,30.683,2,17,True,1.4161,41.0,33.96,15,30.8326,5,15,True,-0.19059999999999988,-9.0,-0.695999999999998,2,-0.1495999999999995,-3,2
DSY1,semi,run_1762,random64,combined,1.3889,39.0,33.97,12,70.1339,5,12,True,1.5251,48.0,34.69,10,73.7717,8,10,True,-0.13619999999999988,-9.0,-0.7199999999999989,2,-3.6377999999999986,-3,2
DSY1,semi,run_1801,stress16,combined,1.4161,39.0,33.71,16,73.9687,4,16,True,1.5795,48.0,34.635,14,84.1362,8,14,True,-0.1634,-9.0,-0.9249999999999972,2,-10.167500000000004,-4,2
DSY1,semi,run_1809,random64,combined,1.1166,38.0,33.641,14,28.0258,3,14,True,1.3889,40.0,34.176,11,30.6751,5,11,True,-0.2723,-2.0,-0.5350000000000037,3,-2.6493,-2,3
DSY1,semi,run_1813,random64,combined,1.171,38.0,33.667,12,40.0073,3,12,True,1.3617,40.0,34.224,10,41.0087,5,10,True,-0.19069999999999987,-2.0,-0.556999999999995,2,-1.0013999999999967,-2,2
DSY1,semi,run_1851,random64,combined,1.5795,45.0,34.324,12,90.5157,5,12,True,1.6068,49.0,34.811,11,106.7916,9,11,True,-0.027300000000000102,-4.0,-0.4870000000000019,1,-16.275900000000007,-4,1
DSY1,semi,run_1864,random64,combined,1.3072,39.0,33.827,14,47.0932,5,14,True,1.5523,48.0,34.556,11,54.4146,6,11,True,-0.2451000000000001,-9.0,-0.7289999999999992,3,-7.321399999999997,-1,3
DSY1,semi,run_1865,random64,combined,1.9063,49.0,34.464,30,43.4552,6,30,True,2.3148,58.0,35.033,29,48.7658,11,32,True,-0.40849999999999986,-9.0,-0.5690000000000026,1,-5.310600000000001,-5,-2
DSY1,semi,run_1866,random64,combined,1.634,41.0,34.405,13,122.4255,8,13,True,1.6885,49.0,35.061,11,126.2426,15,11,True,-0.05449999999999999,-8.0,-0.6559999999999988,2,-3.8170999999999964,-7,2
DSY1,semi,run_1911,random64,combined,0.7898,25.0,32.346,12,10.8839,0,12,False,1.171,36.0,33.542,11,11.5672,3,11,True,-0.3812000000000001,-11.0,-1.196000000000005,1,-0.6832999999999991,-3,1
DSY1,semi,run_1941,stress16,combined,2.2603,58.0,35.467,21,256.7019,25,21,True,2.7778,62.0,36.006,27,267.7837,33,30,True,-0.5175000000000001,-4.0,-0.5390000000000015,-6,-11.081799999999987,-8,-9
DSY1,semi,run_1952,random64,combined,1.171,37.0,33.596,11,54.24,3,11,True,1.28,40.0,34.112,8,54.2514,5,8,True,-0.10899999999999999,-3.0,-0.5160000000000053,3,-0.011399999999994748,-2,3
DSY1,detached,run_0000,stress16,interfloor,1.4706,43.0,34.141,18,63.633,6,18,True,1.5523,49.0,34.695,17,63.8661,8,17,True,-0.0817000000000001,-6.0,-0.554000000000002,1,-0.2331000000000003,-2,1
DSY1,detached,run_0015,random64,interfloor,1.6885,49.0,34.716,16,334.5492,8,16,True,1.7974,52.0,35.217,14,338.5478,15,15,True,-0.10890000000000022,-3.0,-0.5009999999999977,2,-3.9986000000000104,-7,1
DSY1,detached,run_0023,random64,interfloor,1.28,39.0,33.927,13,61.9996,4,13,True,1.4434,43.0,34.466,11,62.2688,6,11,True,-0.1634,-4.0,-0.5390000000000015,2,-0.2691999999999979,-2,2
DSY1,detached,run_0029,stress16,interfloor,1.8246,51.0,34.205,47,57.5866,7,47,True,2.0153,56.0,34.715,42,57.6407,10,42,True,-0.19069999999999987,-5.0,-0.5100000000000051,5,-0.054100000000005366,-3,5
DSY1,detached,run_0044,random64,interfloor,1.3072,39.0,33.997,10,71.2228,5,10,True,1.4978,43.0,34.44,8,72.9463,5,8,True,-0.1906000000000001,-4.0,-0.44299999999999784,2,-1.7234999999999872,0,2
DSY1,detached,run_0063,random64,interfloor,1.7702,50.0,34.941,16,192.4052,13,16,True,1.9336,56.0,35.442,13,196.1893,25,13,True,-0.1634,-6.0,-0.5009999999999977,3,-3.784099999999995,-12,3
DSY1,detached,run_0092,random64,interfloor,1.4161,39.0,33.978,18,47.4901,5,18,True,1.5523,48.0,34.562,12,50.016,7,12,True,-0.1362000000000001,-9.0,-0.5839999999999961,6,-2.5259,-2,6
DSY1,detached,run_0095,random64,interfloor,1.6612,48.0,34.435,21,77.9713,6,21,True,1.7429,52.0,34.979,15,79.4623,12,15,True,-0.08169999999999988,-4.0,-0.5439999999999969,6,-1.4909999999999997,-6,6
DSY1,detached,run_0132,stress16,interfloor,2.1786,60.0,35.439,30,89.1424,26,30,True,2.2876,62.0,35.922,26,90.8199,35,26,True,-0.10899999999999999,-2.0,-0.482999999999997,4,-1.677500000000009,-9,4
DSY1,detached,run_0169,random64,interfloor,1.171,34.0,32.706,25,44.6001,0,25,False,1.4161,39.0,33.432,23,44.5095,3,23,True,-0.24509999999999987,-5.0,-0.7259999999999991,2,0.0905999999999949,-3,2
DSY1,detached,run_0171,random64,interfloor,1.634,46.0,34.353,17,63.1415,6,17,True,1.7429,51.0,34.947,11,66.4325,12,11,True,-0.1089,-5.0,-0.5940000000000012,6,-3.291000000000004,-6,6
DSY1,detached,run_0172,random64,interfloor,1.3617,40.0,33.587,23,21.7341,3,23,True,1.5251,45.0,34.183,17,23.3024,5,17,True,-0.1634,-5.0,-0.5959999999999965,6,-1.5682999999999971,-2,6
DSY1,detached,run_0189,random64,interfloor,1.5523,45.0,34.134,18,48.6863,5,18,True,1.7157,51.0,34.748,14,49.3088,10,14,True,-0.1634,-6.0,-0.6139999999999972,4,-0.6224999999999952,-5,4
DSY1,detached,run_0203,random64,interfloor,1.3617,39.0,33.952,17,52.4199,5,17,True,1.5251,47.0,34.513,12,53.2878,6,12,True,-0.1634,-8.0,-0.5609999999999999,5,-0.8678999999999988,-1,5
DSY1,detached,run_0208,random64,interfloor,1.3072,39.0,33.83,13,66.8402,3,13,True,1.4978,42.0,34.36,11,75.7547,5,11,True,-0.1906000000000001,-3.0,-0.5300000000000011,2,-8.914500000000004,-2,2
DSY1,detached,run_0239,stress16,interfloor,4.439,63.0,35.291,134,70.2266,27,269,True,5.1198,66.0,35.881,112,68.1887,47,233,True,-0.6807999999999996,-3.0,-0.5900000000000034,22,2.0379000000000076,-20,36
DSY1,detached,run_0241,stress16,interfloor,2.9956,57.0,35.307,39,644.6599,25,58,True,3.4041,60.0,35.846,41,615.1856,32,49,True,-0.4085000000000001,-3.0,-0.5389999999999944,-2,29.47429999999997,-7,9
DSY1,detached,run_0298,random64,interfloor,1.6885,49.0,34.655,18,97.6252,8,18,True,1.8519,55.0,35.237,14,100.6458,17,14,True,-0.1634000000000002,-6.0,-0.5820000000000007,4,-3.0205999999999875,-9,4
DSY1,detached,run_0302,random64,interfloor,1.3617,41.0,33.967,19,56.4733,5,19,True,1.4978,47.0,34.466,14,57.2274,6,14,True,-0.1361000000000001,-6.0,-0.49900000000000233,5,-0.7541000000000011,-1,5
DSY1,detached,run_0421,random64,interfloor,1.634,47.0,34.572,12,154.6606,8,12,True,1.6612,50.0,35.125,12,165.8019,14,12,True,-0.027200000000000113,-3.0,-0.5529999999999973,0,-11.141300000000001,-6,0
DSY1,detached,run_0456,random64,interfloor,1.5795,44.0,34.462,12,102.9127,7,12,True,1.6885,49.0,34.936,11,105.0153,9,11,True,-0.10899999999999999,-5.0,-0.47399999999999665,1,-2.1025999999999954,-2,1
DSY1,detached,run_0492,stress16,interfloor,2.7233,62.0,35.467,51,114.2198,27,60,True,2.8867,66.0,36.01,44,115.8388,38,48,True,-0.16339999999999977,-4.0,-0.5429999999999993,7,-1.6189999999999998,-11,12
DSY1,detached,run_0499,random64,interfloor,1.4978,41.0,33.669,22,29.7939,3,22,True,1.6612,48.0,34.35,16,30.4763,7,16,True,-0.1634,-7.0,-0.6810000000000045,6,-0.6823999999999977,-4,6
DSY1,detached,run_0500,random64,interfloor,1.3072,38.0,33.773,12,43.3309,3,12,True,1.4978,43.0,34.345,9,44.1329,5,9,True,-0.1906000000000001,-5.0,-0.5719999999999956,3,-0.8019999999999996,-2,3
DSY1,detached,run_0628,stress16,interfloor,1.4706,40.0,34.228,11,89.655,5,11,True,1.6068,48.0,34.728,9,93.8262,8,9,True,-0.1362000000000001,-8.0,-0.5,2,-4.171199999999999,-3,2
DSY1,detached,run_0745,random64,interfloor,1.6068,46.0,34.497,17,156.3339,7,17,True,1.7157,51.0,35.062,16,160.122,12,16,True,-0.1089,-5.0,-0.5649999999999977,1,-3.7881000000000142,-5,1
DSY1,detached,run_0768,stress16,interfloor,4.2211,65.0,35.85,96,220.0276,39,150,True,4.7386,71.0,36.433,75,211.3585,54,102,True,-0.5175000000000001,-6.0,-0.5829999999999984,21,8.669100000000014,-15,48
DSY1,detached,run_0785,random64,interfloor,1.7429,51.0,34.768,17,116.5016,9,17,True,1.8791,56.0,35.337,16,119.8134,21,16,True,-0.1362000000000001,-5.0,-0.5690000000000026,1,-3.311800000000005,-12,1
DSY1,detached,run_0788,random64,interfloor,1.5523,46.0,34.282,23,69.1057,6,23,True,1.6885,51.0,34.845,20,72.8365,9,21,True,-0.13619999999999988,-5.0,-0.5630000000000024,3,-3.730800000000002,-3,2
DSY1,detached,run_0821,random64,interfloor,1.1983,38.0,33.66,12,43.2594,3,12,True,1.3889,40.0,34.195,8,43.2563,5,8,True,-0.1906000000000001,-2.0,-0.5350000000000037,4,0.003099999999996328,-2,4
DSY1,detached,run_0833,random64,interfloor,1.3617,39.0,33.924,14,47.6717,5,14,True,1.5251,48.0,34.49,11,48.3802,7,11,True,-0.1634,-9.0,-0.5660000000000025,3,-0.7085000000000008,-2,3
DSY1,detached,run_0841,random64,interfloor,1.6612,48.0,34.558,14,114.8747,8,14,True,1.6885,51.0,35.073,11,119.8758,13,11,True,-0.02729999999999988,-3.0,-0.5150000000000006,3,-5.001099999999994,-5,3
DSY1,detached,run_0844,random64,interfloor,1.4161,42.0,34.19,16,71.4972,5,16,True,1.6068,48.0,34.722,13,72.6248,8,13,True,-0.1907000000000001,-6.0,-0.5320000000000036,3,-1.1275999999999868,-3,3
DSY1,detached,run_0887,random64,interfloor,1.3072,39.0,33.803,13,48.4926,3,13,True,1.4706,42.0,34.355,11,49.0504,5,11,True,-0.1634,-3.0,-0.5519999999999996,2,-0.5578000000000003,-2,2
DSY1,detached,run_1025,stress16,interfloor,1.7429,51.0,34.853,18,113.2052,10,18,True,1.8519,56.0,35.36,12,115.6435,21,12,True,-0.10900000000000021,-5.0,-0.5069999999999979,6,-2.438299999999998,-11,6
DSY1,detached,run_1083,random64,interfloor,1.3072,39.0,33.925,13,58.1382,5,13,True,1.4706,45.0,34.485,11,59.6064,6,11,True,-0.1634,-6.0,-0.5600000000000023,2,-1.468200000000003,-1,2
DSY1,detached,run_1093,random64,interfloor,1.3889,42.0,33.781,28,50.4987,4,28,True,1.5795,45.0,34.334,23,50.6092,7,23,True,-0.19059999999999988,-3.0,-0.5530000000000044,5,-0.11050000000000182,-3,5
DSY1,detached,run_1130,random64,interfloor,1.171,33.0,33.075,20,13.8021,2,20,True,1.3889,40.0,33.697,16,14.1995,3,16,True,-0.21789999999999998,-7.0,-0.6219999999999999,4,-0.3974000000000011,-1,4
DSY1,detached,run_1192,random64,interfloor,1.6885,49.0,34.597,17,161.9597,7,17,True,1.7702,53.0,35.172,16,168.6242,15,16,True,-0.0817000000000001,-4.0,-0.5749999999999957,1,-6.664500000000004,-8,1
DSY1,detached,run_1197,random64,interfloor,1.171,38.0,33.68,12,41.7633,3,12,True,1.3617,40.0,34.195,10,42.6305,5,10,True,-0.19069999999999987,-2.0,-0.5150000000000006,2,-0.8671999999999969,-2,2
DSY1,detached,run_1199,stress16,interfloor,1.3889,41.0,34.044,18,55.5123,5,18,True,1.4978,48.0,34.578,14,56.2412,7,14,True,-0.1089,-7.0,-0.534000000000006,4,-0.7288999999999959,-2,4
DSY1,detached,run_1207,random64,interfloor,1.1983,35.0,33.175,19,17.5975,2,19,True,1.3889,41.0,33.786,16,18.0338,4,16,True,-0.1906000000000001,-6.0,-0.6110000000000042,3,-0.43629999999999924,-2,3
DSY1,detached,run_1209,random64,interfloor,2.0425,53.0,34.925,24,228.6158,11,24,True,2.342,58.0,35.521,24,228.4551,25,27,True,-0.2995000000000001,-5.0,-0.5960000000000036,0,0.16070000000001983,-14,-3
DSY1,detached,run_1214,stress16,interfloor,3.268,58.0,35.371,57,697.5625,26,111,True,3.6765,62.0,35.865,49,664.5565,41,70,True,-0.4085000000000001,-4.0,-0.4939999999999998,8,33.00599999999997,-15,41
DSY1,detached,run_1248,random64,interfloor,2.0969,50.0,34.973,21,358.6084,14,22,True,2.8322,58.0,35.562,31,362.633,26,34,True,-0.7352999999999996,-8.0,-0.5889999999999986,-10,-4.024599999999964,-12,-12
DSY1,detached,run_1268,random64,interfloor,2.4782,65.0,35.503,45,78.2874,31,45,True,2.6144,67.0,36.002,37,79.0345,40,38,True,-0.13619999999999965,-2.0,-0.49900000000000233,8,-0.747099999999989,-9,7
DSY1,detached,run_1274,random64,interfloor,1.7429,50.0,34.919,18,343.0003,10,18,True,2.2603,57.0,35.479,19,344.1974,25,21,True,-0.5174000000000001,-7.0,-0.5600000000000023,-1,-1.1971000000000345,-15,-3
DSY1,detached,run_1295,random64,interfloor,1.1983,39.0,33.556,15,43.9021,2,15,True,1.3344,42.0,34.157,13,43.9809,5,13,True,-0.1361000000000001,-3.0,-0.6009999999999991,2,-0.07880000000000109,-3,2
DSY1,detached,run_1311,random64,interfloor,1.6068,48.0,34.451,21,86.1251,6,21,True,1.7702,52.0,34.991,19,89.9833,11,20,True,-0.1634,-4.0,-0.5399999999999991,2,-3.8581999999999965,-5,1
DSY1,detached,run_1388,random64,interfloor,1.1438,33.0,33.296,13,21.4868,2,13,True,1.2527,38.0,33.833,9,21.7704,3,9,True,-0.1089,-5.0,-0.536999999999999,4,-0.28359999999999985,-1,4
DSY1,detached,run_1391,random64,interfloor,1.4434,39.0,33.469,21,39.2598,3,21,True,1.634,47.0,34.137,17,39.4058,6,17,True,-0.19059999999999988,-8.0,-0.6679999999999993,4,-0.1460000000000008,-3,4
DSY1,detached,run_1416,stress16,interfloor,1.7974,46.0,34.002,31,39.438,5,31,True,1.9063,50.0,34.697,23,39.8721,14,23,True,-0.1089,-4.0,-0.6950000000000003,8,-0.4341000000000008,-9,8
DSY1,detached,run_1434,random64,interfloor,1.3344,39.0,33.9,13,57.0395,5,13,True,1.4978,44.0,34.427,11,59.5721,5,11,True,-0.1634,-5.0,-0.527000000000001,2,-2.532600000000002,0,2
DSY1,detached,run_1476,random64,interfloor,1.7702,50.0,34.639,22,112.1409,9,22,True,2.1786,58.0,35.212,25,113.0073,18,28,True,-0.4083999999999999,-8.0,-0.5730000000000004,-3,-0.8663999999999987,-9,-6
DSY1,detached,run_1497,random64,interfloor,1.5251,43.0,34.209,14,61.2082,5,14,True,1.634,50.0,34.773,11,65.9469,10,11,True,-0.1089,-7.0,-0.5640000000000001,3,-4.7387000000000015,-5,3
DSY1,detached,run_1506,stress16,interfloor,4.4662,60.0,35.569,101,632.7387,34,256,True,4.8747,65.0,36.059,88,599.2859,57,217,True,-0.4085000000000001,-5.0,-0.4899999999999949,13,33.452800000000025,-23,39
DSY1,detached,run_1521,stress16,interfloor,1.6885,50.0,34.779,16,223.3251,9,16,True,1.9608,55.0,35.336,15,228.0701,20,16,True,-0.2723000000000002,-5.0,-0.556999999999995,1,-4.7450000000000045,-11,0
DSY1,detached,run_1525,random64,interfloor,1.3617,39.0,33.722,13,35.4351,3,13,True,1.4706,41.0,34.273,11,36.8977,5,11,True,-0.1089,-2.0,-0.5510000000000019,2,-1.462600000000002,-2,2
DSY1,detached,run_1560,random64,interfloor,2.4782,61.0,35.552,29,103.9938,31,29,True,2.5599,67.0,36.005,24,105.5663,36,25,True,-0.08169999999999966,-6.0,-0.45300000000000296,5,-1.5725000000000051,-5,4
DSY1,detached,run_1586,random64,interfloor,1.3617,39.0,33.692,17,32.9339,3,17,True,1.4978,44.0,34.295,15,35.7417,5,15,True,-0.1361000000000001,-5.0,-0.6030000000000015,2,-2.8078000000000003,-2,2
DSY1,detached,run_1590,random64,interfloor,2.451,59.0,35.602,18,177.7139,29,18,True,2.6416,66.0,36.148,19,179.604,37,19,True,-0.19059999999999988,-7.0,-0.5460000000000065,-1,-1.890100000000018,-8,-1
DSY1,detached,run_1644,random64,interfloor,1.7429,46.0,34.391,20,159.3733,7,20,True,2.1242,50.0,34.959,21,164.7597,12,24,True,-0.3813000000000002,-4.0,-0.568000000000005,-1,-5.386400000000009,-5,-4
DSY1,detached,run_1646,random64,interfloor,1.3889,41.0,33.816,20,84.9309,4,20,True,1.4978,45.0,34.344,16,84.9801,6,16,True,-0.1089,-4.0,-0.5279999999999987,4,-0.04919999999999902,-2,4
DSY1,detached,run_1649,random64,interfloor,1.5795,46.0,34.349,21,57.4198,6,21,True,1.7429,52.0,34.871,15,57.9469,10,15,True,-0.1634,-6.0,-0.5220000000000056,6,-0.5270999999999972,-4,6
DSY1,detached,run_1739,random64,interfloor,1.2527,38.0,33.542,15,48.9694,3,15,True,1.4161,42.0,34.087,14,48.985,5,14,True,-0.1634,-4.0,-0.5450000000000017,1,-0.01559999999999917,-2,1
DSY1,detached,run_1746,random64,interfloor,1.4161,41.0,33.986,18,44.4656,5,18,True,1.6068,49.0,34.537,15,46.3873,7,15,True,-0.1907000000000001,-8.0,-0.5510000000000019,3,-1.9217000000000013,-2,3
DSY1,detached,run_1748,random64,interfloor,1.7702,50.0,34.636,24,92.1288,7,24,True,1.988,58.0,35.234,25,96.8834,18,27,True,-0.2178,-8.0,-0.597999999999999,-1,-4.754599999999996,-11,-3
DSY1,detached,run_1757,random64,interfloor,1.8519,50.0,34.831,19,272.4529,10,19,True,2.2603,56.0,35.389,21,270.3783,23,24,True,-0.4083999999999999,-6.0,-0.5579999999999998,-2,2.0745999999999754,-13,-5
DSY1,detached,run_1759,random64,interfloor,1.3617,41.0,33.742,17,47.9444,4,17,True,1.5523,47.0,34.364,14,48.2433,6,14,True,-0.1906000000000001,-6.0,-0.6219999999999999,3,-0.29889999999999617,-2,3
DSY1,detached,run_1762,random64,interfloor,1.4978,42.0,34.343,12,86.0318,5,12,True,1.6612,48.0,34.868,11,88.4076,9,11,True,-0.1634,-6.0,-0.5249999999999986,1,-2.375799999999998,-4,1
DSY1,detached,run_1801,stress16,interfloor,1.6612,47.0,34.469,19,141.4072,7,19,True,1.8519,51.0,34.987,18,146.0793,10,19,True,-0.1907000000000001,-4.0,-0.5180000000000007,1,-4.6721,-3,0
DSY1,detached,run_1809,random64,interfloor,1.2527,38.0,33.707,12,41.3378,3,12,True,1.4706,41.0,34.266,11,42.4614,5,11,True,-0.21789999999999998,-3.0,-0.5589999999999975,1,-1.1235999999999962,-2,1
DSY1,detached,run_1813,random64,interfloor,1.2527,39.0,33.934,12,57.2813,5,12,True,1.4706,42.0,34.429,9,59.2542,5,9,True,-0.21789999999999998,-3.0,-0.49500000000000455,3,-1.9728999999999957,0,3
DSY1,detached,run_1851,random64,interfloor,1.6885,47.0,34.592,12,151.6124,8,12,True,1.7702,51.0,35.127,11,156.7971,13,11,True,-0.0817000000000001,-4.0,-0.5350000000000037,1,-5.184699999999992,-5,1
DSY1,detached,run_1864,random64,interfloor,1.5523,46.0,34.376,13,77.1237,6,13,True,1.6885,50.0,34.937,11,81.5441,10,11,True,-0.13619999999999988,-4.0,-0.5609999999999999,2,-4.420400000000001,-4,2
DSY1,detached,run_1865,random64,interfloor,2.0697,56.0,35.042,34,83.6011,17,35,True,2.6416,61.0,35.601,33,83.3178,29,36,True,-0.5718999999999999,-5.0,-0.5589999999999975,1,0.283299999999997,-12,-1
DSY1,detached,run_1866,random64,interfloor,1.8791,55.0,35.206,17,236.2881,18,17,True,2.1242,58.0,35.735,13,247.5302,27,13,True,-0.2451000000000001,-3.0,-0.5289999999999964,4,-11.242100000000022,-9,4
DSY1,detached,run_1911,random64,interfloor,1.0621,32.0,33.065,13,15.347,2,13,True,1.1983,38.0,33.683,12,16.7841,3,12,True,-0.13619999999999988,-6.0,-0.6180000000000021,1,-1.4370999999999992,-1,1
DSY1,detached,run_1941,stress16,interfloor,2.342,60.0,35.671,18,325.5187,28,18,True,2.805,67.0,36.226,22,322.7603,37,23,True,-0.4630000000000001,-7.0,-0.5549999999999997,-4,2.7584000000000515,-9,-5
DSY1,detached,run_1952,random64,interfloor,1.2527,39.0,33.805,10,73.4321,3,10,True,1.4434,40.0,34.319,7,73.8957,5,7,True,-0.1907000000000001,-1.0,-0.5140000000000029,3,-0.46359999999999957,-2,3
DSY1,semi,run_0000,stress16,interfloor,1.3344,42.0,33.916,18,49.8492,4,18,True,1.4706,45.0,34.48,16,50.0547,6,16,True,-0.13619999999999988,-3.0,-0.5640000000000001,2,-0.20549999999999358,-2,2
DSY1,semi,run_0015,random64,interfloor,1.5795,45.0,34.464,13,226.9846,5,13,True,1.6885,49.0,34.956,13,231.8095,9,14,True,-0.10899999999999999,-4.0,-0.49200000000000443,0,-4.824900000000014,-4,-1
DSY1,semi,run_0023,random64,interfloor,1.1983,38.0,33.758,12,48.4408,3,12,True,1.3617,41.0,34.262,11,48.9836,5,11,True,-0.1634,-3.0,-0.5039999999999978,1,-0.5427999999999997,-2,1
DSY1,semi,run_0029,stress16,interfloor,1.8246,47.0,33.926,50,42.209,6,50,True,1.9336,54.0,34.468,44,42.2951,8,44,True,-0.10899999999999999,-7.0,-0.5420000000000016,6,-0.08609999999999474,-2,6
DSY1,semi,run_0044,random64,interfloor,1.1983,39.0,33.813,11,53.6701,3,11,True,1.3617,40.0,34.295,10,54.7117,5,10,True,-0.1634,-1.0,-0.4819999999999993,1,-1.0416000000000025,-2,1
DSY1,semi,run_0063,random64,interfloor,1.7157,50.0,34.722,17,159.4993,9,17,True,1.8246,52.0,35.222,12,163.1934,19,12,True,-0.1089,-2.0,-0.5,5,-3.6940999999999917,-10,5
DSY1,semi,run_0092,random64,interfloor,1.3617,39.0,33.814,16,36.9415,3,16,True,1.4978,42.0,34.364,12,37.9512,5,12,True,-0.1361000000000001,-3.0,-0.5499999999999972,4,-1.0097000000000023,-2,4
DSY1,semi,run_0095,random64,interfloor,1.5523,43.0,34.11,22,51.0278,5,22,True,1.7157,50.0,34.687,17,52.9285,8,17,True,-0.1634,-7.0,-0.5769999999999982,5,-1.9007000000000005,-3,5
DSY1,semi,run_0132,stress16,interfloor,1.8519,53.0,34.987,30,69.3026,13,30,True,1.988,61.0,35.49,27,69.4631,23,27,True,-0.1360999999999999,-8.0,-0.5030000000000001,3,-0.16049999999999898,-10,3
DSY1,semi,run_0169,random64,interfloor,0.7898,24.0,32.122,23,33.3471,0,23,False,1.1438,33.0,32.877,24,33.308,0,24,False,-0.354,-9.0,-0.7550000000000026,-1,0.03909999999999769,0,-1
DSY1,semi,run_0171,random64,interfloor,1.3889,39.0,33.969,15,44.9302,5,15,True,1.5251,48.0,34.553,11,47.1677,7,11,True,-0.13619999999999988,-9.0,-0.5839999999999961,4,-2.2375000000000043,-2,4
DSY1,semi,run_0172,random64,interfloor,1.28,37.0,33.354,22,14.2524,2,22,True,1.4161,42.0,33.937,17,15.3848,5,17,True,-0.1360999999999999,-5.0,-0.5829999999999984,5,-1.1324000000000005,-3,5
DSY1,semi,run_0189,random64,interfloor,1.3344,40.0,33.734,17,38.6454,3,17,True,1.5523,45.0,34.356,14,38.6645,7,14,True,-0.21789999999999998,-5.0,-0.6219999999999999,3,-0.019099999999994566,-4,3
DSY1,semi,run_0203,random64,interfloor,1.2527,39.0,33.791,16,38.4688,3,16,True,1.4161,42.0,34.319,15,39.4714,5,15,True,-0.1634,-3.0,-0.5280000000000058,1,-1.002600000000001,-2,1
DSY1,semi,run_0208,random64,interfloor,1.1983,38.0,33.641,12,43.2636,3,12,True,1.3617,40.0,34.172,11,49.0313,5,11,True,-0.1634,-2.0,-0.5309999999999988,1,-5.767700000000005,-2,1
DSY1,semi,run_0239,stress16,interfloor,3.0773,50.0,34.601,88,47.8869,11,197,True,3.5675,57.0,35.26,69,47.942,26,153,True,-0.49019999999999975,-7.0,-0.6589999999999989,19,-0.055100000000003035,-15,44
DSY1,semi,run_0241,stress16,interfloor,2.8322,54.0,35.087,39,539.6149,21,84,True,3.159,58.0,35.627,36,521.8296,29,66,True,-0.3268,-4.0,-0.5399999999999991,3,17.785300000000007,-8,18
DSY1,semi,run_0298,random64,interfloor,1.4706,41.0,34.248,17,60.9341,5,17,True,1.6612,48.0,34.843,11,62.3036,9,11,True,-0.1906000000000001,-7.0,-0.595000000000006,6,-1.3695000000000022,-4,6
DSY1,semi,run_0302,random64,interfloor,1.3344,40.0,33.789,18,38.7526,3,18,True,1.3889,42.0,34.294,13,39.4416,5,13,True,-0.05449999999999999,-2.0,-0.5049999999999955,5,-0.6890000000000001,-2,5
DSY1,semi,run_0421,random64,interfloor,1.4978,41.0,34.289,12,102.7896,5,12,True,1.6068,49.0,34.763,12,107.3144,9,12,True,-0.10899999999999999,-8.0,-0.47399999999999665,0,-4.524800000000013,-4,0
DSY1,semi,run_0456,random64,interfloor,1.3889,41.0,34.205,13,76.4719,5,13,True,1.5795,48.0,34.664,11,78.7028,7,11,True,-0.19059999999999988,-7.0,-0.4590000000000032,2,-2.2308999999999912,-2,2
DSY1,semi,run_0492,stress16,interfloor,1.9336,53.0,34.782,40,72.6883,13,49,True,2.1786,59.0,35.379,27,74.541,27,30,True,-0.24499999999999988,-6.0,-0.5970000000000013,13,-1.8526999999999987,-14,19
DSY1,semi,run_0499,random64,interfloor,1.28,36.0,33.315,19,24.7392,2,19,True,1.4978,44.0,33.98,17,24.8587,5,17,True,-0.2178,-8.0,-0.6649999999999991,2,-0.11949999999999861,-3,2
DSY1,semi,run_0500,random64,interfloor,1.171,37.0,33.583,13,33.7458,3,13,True,1.3617,40.0,34.175,11,34.3282,5,11,True,-0.19069999999999987,-3.0,-0.5919999999999987,2,-0.5823999999999998,-2,2
DSY1,semi,run_0628,stress16,interfloor,1.3072,39.0,33.895,11,61.6541,3,11,True,1.4978,43.0,34.468,7,63.0612,6,7,True,-0.1906000000000001,-4.0,-0.5730000000000004,4,-1.4070999999999998,-3,4
DSY1,semi,run_0745,random64,interfloor,1.4161,42.0,34.254,16,100.0585,5,16,True,1.634,49.0,34.784,14,99.7702,8,14,True,-0.21789999999999998,-7.0,-0.5300000000000011,2,0.28829999999999245,-3,2
DSY1,semi,run_0768,stress16,interfloor,2.3693,53.0,34.897,51,122.012,17,86,True,2.5871,59.0,35.575,37,122.0742,27,48,True,-0.2178,-6.0,-0.6780000000000044,14,-0.06220000000000425,-10,38
DSY1,semi,run_0785,random64,interfloor,1.5795,41.0,34.254,16,66.8182,6,16,True,1.6612,49.0,34.891,11,68.7185,12,11,True,-0.0817000000000001,-8.0,-0.6370000000000005,5,-1.9003000000000014,-6,5
DSY1,semi,run_0788,random64,interfloor,1.3617,41.0,33.981,20,44.528,5,20,True,1.5523,50.0,34.512,16,45.503,6,16,True,-0.1906000000000001,-9.0,-0.5309999999999988,4,-0.9750000000000014,-1,4
DSY1,semi,run_0821,random64,interfloor,1.171,37.0,33.55,12,35.1106,2,12,True,1.28,40.0,34.071,9,35.5616,5,9,True,-0.10899999999999999,-3.0,-0.5210000000000008,3,-0.4510000000000005,-3,3
DSY1,semi,run_0833,random64,interfloor,1.1983,38.0,33.628,13,36.1846,3,13,True,1.3344,40.0,34.155,11,35.92,5,11,True,-0.1361000000000001,-2.0,-0.527000000000001,2,0.2646000000000015,-2,2
DSY1,semi,run_0841,random64,interfloor,1.5251,43.0,34.377,13,83.3879,5,13,True,1.6612,50.0,34.889,10,86.4948,9,10,True,-0.1361000000000001,-7.0,-0.5120000000000005,3,-3.106899999999996,-4,3
DSY1,semi,run_0844,random64,interfloor,1.3344,40.0,34.058,15,55.9105,5,15,True,1.4978,47.0,34.602,13,56.9489,7,13,True,-0.1634,-7.0,-0.5439999999999969,2,-1.0384000000000029,-2,2
DSY1,semi,run_0887,random64,interfloor,1.1983,38.0,33.666,13,34.7868,3,13,True,1.3889,40.0,34.213,11,35.2878,5,11,True,-0.1906000000000001,-2.0,-0.5470000000000041,2,-0.5009999999999977,-2,2
DSY1,semi,run_1025,stress16,interfloor,1.5795,48.0,34.437,18,74.6356,5,18,True,1.7157,50.0,34.895,14,76.7817,9,14,True,-0.1362000000000001,-2.0,-0.4580000000000055,4,-2.146100000000004,-4,4
DSY1,semi,run_1083,random64,interfloor,1.2527,39.0,33.849,14,44.3351,3,14,True,1.4161,41.0,34.393,11,45.1696,5,11,True,-0.1634,-2.0,-0.544000000000004,3,-0.8345000000000056,-2,3
DSY1,semi,run_1093,random64,interfloor,1.3344,38.0,33.53,25,40.0467,2,25,True,1.4706,43.0,34.112,23,39.7999,6,23,True,-0.13619999999999988,-5.0,-0.5820000000000007,2,0.24680000000000035,-4,2
DSY1,semi,run_1130,random64,interfloor,0.9804,29.0,32.731,19,8.4855,0,19,False,1.2255,36.0,33.376,16,8.6193,2,16,True,-0.24509999999999998,-7.0,-0.644999999999996,3,-0.1338000000000008,-2,3
DSY1,semi,run_1192,random64,interfloor,1.5251,42.0,34.261,16,86.0951,6,16,True,1.634,49.0,34.855,14,88.7931,10,14,True,-0.1089,-7.0,-0.5939999999999941,2,-2.6979999999999933,-4,2
DSY1,semi,run_1197,random64,interfloor,1.171,34.0,33.497,12,34.2386,2,12,True,1.28,39.0,34.093,11,34.9628,5,11,True,-0.10899999999999999,-5.0,-0.5960000000000036,1,-0.7242000000000033,-3,1
DSY1,semi,run_1199,stress16,interfloor,1.3344,41.0,33.932,18,43.8014,4,18,True,1.4434,44.0,34.461,15,44.3952,6,15,True,-0.10899999999999999,-3.0,-0.5289999999999964,3,-0.5938000000000017,-2,3
DSY1,semi,run_1207,random64,interfloor,1.0349,31.0,32.918,19,12.6096,0,19,False,1.28,38.0,33.543,17,12.7955,3,17,True,-0.2451000000000001,-7.0,-0.625,2,-0.18590000000000018,-3,2
DSY1,semi,run_1209,random64,interfloor,1.8246,50.0,34.679,25,171.1719,8,26,True,2.3693,57.0,35.257,29,170.9204,19,32,True,-0.5447,-7.0,-0.5779999999999959,-4,0.25149999999999295,-11,-6
DSY1,semi,run_1214,stress16,interfloor,2.6961,51.0,34.909,36,405.5758,11,40,True,2.9956,58.0,35.369,39,399.4744,20,46,True,-0.2995000000000001,-7.0,-0.46000000000000085,-3,6.101400000000012,-9,-6
DSY1,semi,run_1248,random64,interfloor,2.0969,50.0,34.808,23,290.5785,10,24,True,2.6688,56.0,35.372,32,292.4836,22,35,True,-0.5718999999999999,-6.0,-0.5640000000000001,-9,-1.9051000000000045,-12,-11
DSY1,semi,run_1268,random64,interfloor,2.5599,64.0,35.368,51,58.2319,27,52,True,2.6961,67.0,35.836,45,58.5802,36,48,True,-0.1362000000000001,-3.0,-0.4679999999999964,6,-0.3482999999999947,-9,4
DSY1,semi,run_1274,random64,interfloor,1.6068,47.0,34.487,15,190.854,5,15,True,2.0153,50.0,34.987,20,193.1482,9,22,True,-0.40849999999999986,-3.0,-0.5,-5,-2.2941999999999894,-4,-7
DSY1,semi,run_1295,random64,interfloor,1.0621,32.0,33.359,16,34.1862,2,16,True,1.3344,42.0,33.992,15,34.5421,4,15,True,-0.2723,-10.0,-0.6329999999999956,1,-0.35589999999999833,-2,1
DSY1,semi,run_1311,random64,interfloor,1.5251,44.0,34.225,22,65.3856,5,22,True,1.6885,51.0,34.782,17,68.2971,9,17,True,-0.1634,-7.0,-0.556999999999995,5,-2.9115000000000038,-4,5
DSY1,semi,run_1388,random64,interfloor,1.0349,30.0,33.157,12,14.6992,2,12,True,1.1983,38.0,33.734,10,14.8582,3,10,True,-0.1634,-8.0,-0.5770000000000053,2,-0.1590000000000007,-1,2
DSY1,semi,run_1391,random64,interfloor,1.3617,38.0,33.339,26,28.1395,2,26,True,1.6068,44.0,34.001,21,28.2532,5,21,True,-0.2451000000000001,-6.0,-0.661999999999999,5,-0.11369999999999791,-3,5
DSY1,semi,run_1416,stress16,interfloor,1.4706,41.0,33.537,29,32.5318,3,29,True,1.6612,47.0,34.181,24,32.5983,6,24,True,-0.1906000000000001,-6.0,-0.6439999999999984,5,-0.06650000000000489,-3,5
DSY1,semi,run_1434,random64,interfloor,1.1983,38.0,33.75,13,41.5131,3,13,True,1.3617,40.0,34.253,10,43.344,5,10,True,-0.1634,-2.0,-0.5030000000000001,3,-1.8308999999999997,-2,3
DSY1,semi,run_1476,random64,interfloor,1.5795,47.0,34.242,18,63.2385,5,18,True,1.8519,51.0,34.771,24,65.1964,8,26,True,-0.2724000000000002,-4.0,-0.5290000000000035,-6,-1.957899999999995,-3,-8
DSY1,semi,run_1497,random64,interfloor,1.4706,40.0,34.037,16,45.8963,5,16,True,1.634,48.0,34.636,11,48.9975,7,11,True,-0.1634,-8.0,-0.5990000000000038,5,-3.1012000000000057,-2,5
DSY1,semi,run_1506,stress16,interfloor,3.1863,56.0,35.117,56,438.1705,13,154,True,3.7037,60.0,35.585,68,427.6265,31,173,True,-0.5173999999999999,-4.0,-0.4680000000000035,-12,10.543999999999983,-18,-19
DSY1,semi,run_1521,stress16,interfloor,1.5251,42.0,34.327,15,140.5862,5,15,True,1.6612,48.0,34.876,11,143.4841,12,11,True,-0.1361000000000001,-6.0,-0.5489999999999995,4,-2.8979000000000212,-7,4
DSY1,semi,run_1525,random64,interfloor,1.1983,35.0,33.443,14,24.46,2,14,True,1.3617,40.0,34.014,10,25.7088,5,10,True,-0.1634,-5.0,-0.5710000000000051,4,-1.2487999999999992,-3,4
DSY1,semi,run_1560,random64,interfloor,2.0425,58.0,35.125,31,77.9368,13,31,True,2.2059,62.0,35.53,24,77.0327,23,25,True,-0.1634000000000002,-4.0,-0.40500000000000114,7,0.9040999999999997,-10,6
DSY1,semi,run_1586,random64,interfloor,1.2255,36.0,33.43,17,21.9274,2,17,True,1.3889,40.0,34.029,15,22.5933,5,15,True,-0.1634,-4.0,-0.5990000000000038,2,-0.6659000000000006,-3,2
DSY1,semi,run_1590,random64,interfloor,1.8791,50.0,34.906,17,113.2648,14,17,True,2.0969,56.0,35.552,12,117.1153,27,12,True,-0.21780000000000022,-6.0,-0.6460000000000008,5,-3.850500000000011,-13,5
DSY1,semi,run_1644,random64,interfloor,1.4161,39.0,34.031,15,85.5015,5,15,True,1.8791,47.0,34.534,18,90.9439,5,19,True,-0.4630000000000001,-8.0,-0.5030000000000001,-3,-5.442400000000006,0,-4
DSY1,semi,run_1646,random64,interfloor,1.2527,38.0,33.552,19,70.8537,3,19,True,1.3617,43.0,34.105,15,70.8726,5,15,True,-0.10899999999999999,-5.0,-0.5529999999999973,4,-0.018900000000002137,-2,4
DSY1,semi,run_1649,random64,interfloor,1.5251,43.0,34.2,23,43.1298,6,23,True,1.7157,51.0,34.72,17,43.4143,10,17,True,-0.1906000000000001,-8.0,-0.519999999999996,6,-0.2844999999999942,-4,6
DSY1,semi,run_1739,random64,interfloor,1.1983,34.0,33.4,18,35.4952,2,18,True,1.3344,41.0,33.947,16,35.5562,4,16,True,-0.1361000000000001,-7.0,-0.5470000000000041,2,-0.06099999999999994,-2,2
DSY1,semi,run_1746,random64,interfloor,1.3617,40.0,33.669,19,28.5604,3,19,True,1.5523,43.0,34.219,16,29.479,5,16,True,-0.1906000000000001,-3.0,-0.5500000000000043,3,-0.9185999999999979,-2,3
DSY1,semi,run_1748,random64,interfloor,1.6885,48.0,34.421,25,71.3802,6,25,True,1.9608,53.0,35.022,25,73.8792,14,28,True,-0.2723000000000002,-5.0,-0.6009999999999991,0,-2.4989999999999952,-8,-3
DSY1,semi,run_1757,random64,interfloor,1.7974,49.0,34.599,20,197.1205,8,20,True,2.3148,53.0,35.156,23,204.0228,13,26,True,-0.5173999999999999,-4.0,-0.5570000000000022,-3,-6.902299999999997,-5,-6
DSY1,semi,run_1759,random64,interfloor,1.2255,32.0,33.265,17,30.6525,2,17,True,1.4161,41.0,33.96,15,30.8326,5,15,True,-0.19059999999999988,-9.0,-0.6950000000000003,2,-0.18009999999999948,-3,2
DSY1,semi,run_1762,random64,interfloor,1.4161,41.0,34.203,12,71.14,5,12,True,1.5251,48.0,34.69,10,73.7717,8,10,True,-0.10899999999999999,-7.0,-0.48699999999999477,2,-2.631699999999995,-3,2
DSY1,semi,run_1801,stress16,interfloor,1.4161,40.0,34.136,15,79.1563,5,15,True,1.5795,48.0,34.635,14,84.1362,8,14,True,-0.1634,-8.0,-0.4989999999999952,1,-4.979900000000001,-3,1
DSY1,semi,run_1809,random64,interfloor,1.171,37.0,33.589,13,29.6345,3,13,True,1.3889,40.0,34.176,11,30.6751,5,11,True,-0.21789999999999998,-3.0,-0.5870000000000033,2,-1.0406000000000013,-2,2
DSY1,semi,run_1813,random64,interfloor,1.171,38.0,33.757,11,39.835,3,11,True,1.3617,40.0,34.224,10,41.0087,5,10,True,-0.19069999999999987,-2.0,-0.46699999999999875,1,-1.1736999999999966,-2,1
DSY1,semi,run_1851,random64,interfloor,1.5795,45.0,34.333,12,102.6489,5,12,True,1.6068,49.0,34.811,11,106.7916,9,11,True,-0.027300000000000102,-4.0,-0.47800000000000153,1,-4.142700000000005,-4,1
DSY1,semi,run_1864,random64,interfloor,1.3344,39.0,34.042,15,52.5584,5,15,True,1.5523,48.0,34.556,11,54.4146,6,11,True,-0.21789999999999998,-9.0,-0.5139999999999958,4,-1.8562000000000012,-1,4
DSY1,semi,run_1865,random64,interfloor,1.9063,50.0,34.544,30,48.8825,6,30,True,2.3148,58.0,35.033,29,48.7658,11,32,True,-0.40849999999999986,-8.0,-0.4890000000000043,1,0.11670000000000158,-5,-2
DSY1,semi,run_1866,random64,interfloor,1.634,43.0,34.458,13,122.757,9,13,True,1.6885,49.0,35.061,11,126.2426,15,11,True,-0.05449999999999999,-6.0,-0.6030000000000015,2,-3.485599999999991,-6,2
DSY1,semi,run_1911,random64,interfloor,0.9259,29.0,32.907,13,10.8696,0,13,False,1.171,36.0,33.542,11,11.5672,3,11,True,-0.2451000000000001,-7.0,-0.6350000000000051,2,-0.6975999999999996,-3,2
DSY1,semi,run_1941,stress16,interfloor,2.2059,58.0,35.442,20,271.5724,25,20,True,2.7778,62.0,36.006,27,267.7837,33,30,True,-0.5718999999999999,-4.0,-0.5640000000000001,-7,3.7887000000000057,-8,-10
DSY1,semi,run_1952,random64,interfloor,1.171,36.0,33.602,11,54.2702,3,11,True,1.28,40.0,34.112,8,54.2514,5,8,True,-0.10899999999999999,-4.0,-0.5100000000000051,3,0.018800000000005923,-2,3
DSY1,detached,run_0000,stress16,shade_off,1.6612,52.0,34.874,17,63.8305,10,17,True,1.5523,49.0,34.695,17,63.8661,8,17,True,0.1089,3.0,0.17900000000000205,0,-0.035600000000002296,2,0
DSY1,detached,run_0015,random64,shade_off,2.0153,58.0,35.664,15,338.6841,28,15,True,1.7974,52.0,35.217,14,338.5478,15,15,True,0.21789999999999976,6.0,0.44700000000000273,1,0.13630000000000564,13,0
DSY1,detached,run_0023,random64,shade_off,1.5251,48.0,34.661,11,62.6751,7,11,True,1.4434,43.0,34.466,11,62.2688,6,11,True,0.08169999999999988,5.0,0.19500000000000028,0,0.40630000000000166,1,0
DSY1,detached,run_0029,stress16,shade_off,2.2331,63.0,35.272,45,57.6151,28,45,True,2.0153,56.0,34.715,42,57.6407,10,42,True,0.2178,7.0,0.556999999999995,3,-0.025600000000004286,18,3
DSY1,detached,run_0044,random64,shade_off,1.6068,48.0,34.705,9,73.3071,8,9,True,1.4978,43.0,34.44,8,72.9463,5,8,True,0.10899999999999999,5.0,0.26500000000000057,1,0.3608000000000118,3,1
DSY1,detached,run_0063,random64,shade_off,2.2603,66.0,36.289,16,195.0538,36,16,True,1.9336,56.0,35.442,13,196.1893,25,13,True,0.3267,10.0,0.8470000000000013,3,-1.1355000000000075,11,3
DSY1,detached,run_0092,random64,shade_off,1.6612,50.0,34.866,14,49.5597,11,14,True,1.5523,48.0,34.562,12,50.016,7,12,True,0.1089,2.0,0.30400000000000205,2,-0.4562999999999988,4,2
DSY1,detached,run_0095,random64,shade_off,1.9063,59.0,35.6,19,79.6223,27,19,True,1.7429,52.0,34.979,15,79.4623,12,15,True,0.1634000000000002,7.0,0.6210000000000022,4,0.1599999999999966,15,4
DSY1,detached,run_0132,stress16,shade_off,2.6961,75.0,36.908,32,90.6879,48,32,True,2.2876,62.0,35.922,26,90.8199,35,26,True,0.4085000000000001,13.0,0.9860000000000042,6,-0.132000000000005,13,6
DSY1,detached,run_0169,random64,shade_off,1.5523,44.0,33.714,24,44.5209,4,24,True,1.4161,39.0,33.432,23,44.5095,3,23,True,0.1362000000000001,5.0,0.2819999999999965,1,0.011399999999994748,1,1
DSY1,detached,run_0171,random64,shade_off,1.9608,59.0,35.668,16,66.4851,29,16,True,1.7429,51.0,34.947,11,66.4325,12,11,True,0.2179000000000002,8.0,0.7209999999999965,5,0.052599999999998204,17,5
DSY1,detached,run_0172,random64,shade_off,1.634,49.0,34.431,21,23.0249,6,21,True,1.5251,45.0,34.183,17,23.3024,5,17,True,0.1089,4.0,0.24799999999999756,4,-0.27749999999999986,1,4
DSY1,detached,run_0189,random64,shade_off,1.8791,57.0,35.17,15,49.2552,20,15,True,1.7157,51.0,34.748,14,49.3088,10,14,True,0.1634,6.0,0.42200000000000415,1,-0.05359999999999587,10,1
DSY1,detached,run_0203,random64,shade_off,1.6612,49.0,34.755,15,53.5956,8,15,True,1.5251,47.0,34.513,12,53.2878,6,12,True,0.1361000000000001,2.0,0.24200000000000443,3,0.3078000000000003,2,3
DSY1,detached,run_0208,random64,shade_off,1.5795,47.0,34.573,12,75.5037,7,12,True,1.4978,42.0,34.36,11,75.7547,5,11,True,0.08169999999999988,5.0,0.21300000000000097,1,-0.2510000000000048,2,1
DSY1,detached,run_0239,stress16,shade_off,6.4815,82.0,36.984,130,68.6464,79,315,True,5.1198,66.0,35.881,112,68.1887,47,233,True,1.3617,16.0,1.1030000000000015,18,0.45770000000000266,32,82
DSY1,detached,run_0241,stress16,shade_off,4.0577,70.0,36.653,54,626.7833,63,99,True,3.4041,60.0,35.846,41,615.1856,32,49,True,0.6535999999999995,10.0,0.8070000000000022,13,11.597700000000032,31,50
DSY1,detached,run_0298,random64,shade_off,2.0425,59.0,35.778,18,101.2027,30,18,True,1.8519,55.0,35.237,14,100.6458,17,14,True,0.19059999999999988,4.0,0.5409999999999968,4,0.5568999999999988,13,4
DSY1,detached,run_0302,random64,shade_off,1.6068,51.0,34.685,18,57.2861,7,18,True,1.4978,47.0,34.466,14,57.2274,6,14,True,0.10899999999999999,4.0,0.2190000000000012,4,0.058699999999994645,1,4
DSY1,detached,run_0421,random64,shade_off,1.8519,57.0,35.533,12,166.3089,25,12,True,1.6612,50.0,35.125,12,165.8019,14,12,True,0.1907000000000001,7.0,0.40800000000000125,0,0.507000000000005,11,0
DSY1,detached,run_0456,random64,shade_off,1.7429,53.0,35.381,12,105.6643,24,12,True,1.6885,49.0,34.936,11,105.0153,9,11,True,0.054400000000000004,4.0,0.4450000000000003,1,0.6490000000000009,15,1
DSY1,detached,run_0492,stress16,shade_off,3.7037,79.0,36.881,54,116.7275,51,57,True,2.8867,66.0,36.01,44,115.8388,38,48,True,0.8170000000000002,13.0,0.8710000000000022,10,0.8887,13,9
DSY1,detached,run_0499,random64,shade_off,1.8791,55.0,34.944,22,30.5566,18,22,True,1.6612,48.0,34.35,16,30.4763,7,16,True,0.21789999999999998,7.0,0.5940000000000012,6,0.08030000000000115,11,6
DSY1,detached,run_0500,random64,shade_off,1.634,47.0,34.67,11,43.9476,8,11,True,1.4978,43.0,34.345,9,44.1329,5,9,True,0.13619999999999988,4.0,0.32500000000000284,2,-0.18529999999999802,3,2
DSY1,detached,run_0628,stress16,shade_off,1.634,50.0,35.075,11,92.967,14,11,True,1.6068,48.0,34.728,9,93.8262,8,9,True,0.02719999999999989,2.0,0.3470000000000013,2,-0.8592000000000013,6,2
DSY1,detached,run_0745,random64,shade_off,1.7974,53.0,35.304,18,160.4242,21,18,True,1.7157,51.0,35.062,16,160.122,12,16,True,0.0817000000000001,2.0,0.24200000000000443,2,0.30219999999999914,9,2
DSY1,detached,run_0768,stress16,shade_off,5.8824,87.0,37.52,91,215.0359,83,158,True,4.7386,71.0,36.433,75,211.3585,54,102,True,1.1437999999999997,16.0,1.0870000000000033,16,3.6774000000000058,29,56
DSY1,detached,run_0785,random64,shade_off,2.2603,68.0,36.134,21,119.4651,36,21,True,1.8791,56.0,35.337,16,119.8134,21,16,True,0.3812,12.0,0.796999999999997,5,-0.3482999999999947,15,5
DSY1,detached,run_0788,random64,shade_off,1.9336,58.0,35.2,24,72.0183,18,26,True,1.6885,51.0,34.845,20,72.8365,9,21,True,0.2451000000000001,7.0,0.355000000000004,4,-0.8182000000000045,9,5
DSY1,detached,run_0821,random64,shade_off,1.4706,43.0,34.438,10,43.4218,5,10,True,1.3889,40.0,34.195,8,43.2563,5,8,True,0.08169999999999988,3.0,0.2430000000000021,2,0.16549999999999443,0,2
DSY1,detached,run_0833,random64,shade_off,1.634,49.0,34.736,12,48.3839,8,12,True,1.5251,48.0,34.49,11,48.3802,7,11,True,0.1089,1.0,0.2459999999999951,1,0.0036999999999949296,1,1
DSY1,detached,run_0841,random64,shade_off,1.9336,58.0,35.696,13,121.0617,27,13,True,1.6885,51.0,35.073,11,119.8758,13,11,True,0.2451000000000001,7.0,0.6229999999999976,2,1.1859000000000037,14,2
DSY1,detached,run_0844,random64,shade_off,1.634,49.0,34.852,14,72.2232,10,14,True,1.6068,48.0,34.722,13,72.6248,8,13,True,0.02719999999999989,1.0,0.12999999999999545,1,-0.40159999999998774,2,1
DSY1,detached,run_0887,random64,shade_off,1.5251,46.0,34.512,11,49.3444,7,11,True,1.4706,42.0,34.355,11,49.0504,5,11,True,0.05449999999999999,4.0,0.15700000000000358,0,0.29399999999999693,2,0
DSY1,detached,run_1025,stress16,shade_off,1.988,62.0,35.933,19,115.9227,32,19,True,1.8519,56.0,35.36,12,115.6435,21,12,True,0.1360999999999999,6.0,0.5730000000000004,7,0.279200000000003,11,7
DSY1,detached,run_1083,random64,shade_off,1.5251,47.0,34.593,11,59.1932,7,11,True,1.4706,45.0,34.485,11,59.6064,6,11,True,0.05449999999999999,2.0,0.10800000000000409,0,-0.41320000000000334,1,0
DSY1,detached,run_1093,random64,shade_off,1.634,45.0,34.45,24,50.6719,7,24,True,1.5795,45.0,34.334,23,50.6092,7,23,True,0.05449999999999999,0.0,0.11599999999999966,1,0.06269999999999953,0,1
DSY1,detached,run_1130,random64,shade_off,1.4434,41.0,33.896,17,14.3457,5,17,True,1.3889,40.0,33.697,16,14.1995,3,16,True,0.05449999999999999,1.0,0.19899999999999807,1,0.14620000000000033,2,1
DSY1,detached,run_1192,random64,shade_off,1.9063,59.0,35.537,18,169.5081,26,18,True,1.7702,53.0,35.172,16,168.6242,15,16,True,0.1361000000000001,6.0,0.365000000000002,2,0.8839000000000112,11,2
DSY1,detached,run_1197,random64,shade_off,1.4706,40.0,34.28,11,43.0012,5,11,True,1.3617,40.0,34.195,10,42.6305,5,10,True,0.1089,0.0,0.08500000000000085,1,0.37069999999999936,0,1
DSY1,detached,run_1199,stress16,shade_off,1.6068,50.0,34.727,16,56.4106,8,16,True,1.4978,48.0,34.578,14,56.2412,7,14,True,0.10899999999999999,2.0,0.1489999999999938,2,0.1694000000000031,1,2
DSY1,detached,run_1207,random64,shade_off,1.4706,43.0,34.022,17,17.9805,5,17,True,1.3889,41.0,33.786,16,18.0338,4,16,True,0.08169999999999988,2.0,0.2359999999999971,1,-0.053300000000000125,1,1
DSY1,detached,run_1209,random64,shade_off,2.9956,69.0,36.212,26,230.3128,37,29,True,2.342,58.0,35.521,24,228.4551,25,27,True,0.6536,11.0,0.6910000000000025,2,1.8577000000000226,12,2
DSY1,detached,run_1214,stress16,shade_off,4.5207,72.0,36.797,65,677.9337,70,135,True,3.6765,62.0,35.865,49,664.5565,41,70,True,0.8441999999999998,10.0,0.931999999999995,16,13.377200000000016,29,65
DSY1,detached,run_1248,random64,shade_off,3.3769,68.0,36.34,37,362.0455,41,43,True,2.8322,58.0,35.562,31,362.633,26,34,True,0.5447000000000002,10.0,0.7780000000000058,6,-0.5874999999999773,15,9
DSY1,detached,run_1268,random64,shade_off,3.2952,84.0,36.983,45,78.7295,52,46,True,2.6144,67.0,36.002,37,79.0345,40,38,True,0.6808000000000001,17.0,0.9809999999999945,8,-0.3049999999999926,12,8
DSY1,detached,run_1274,random64,shade_off,2.5327,63.0,36.058,24,345.9198,34,26,True,2.2603,57.0,35.479,19,344.1974,25,21,True,0.2724000000000002,6.0,0.5790000000000006,5,1.7223999999999933,9,5
DSY1,detached,run_1295,random64,shade_off,1.3889,42.0,34.274,13,44.1278,6,13,True,1.3344,42.0,34.157,13,43.9809,5,13,True,0.05449999999999999,0.0,0.11700000000000443,0,0.14690000000000225,1,0
DSY1,detached,run_1311,random64,shade_off,1.9608,58.0,35.33,21,90.8035,23,22,True,1.7702,52.0,34.991,19,89.9833,11,20,True,0.1906000000000001,6.0,0.33899999999999864,2,0.8201999999999998,12,2
DSY1,detached,run_1388,random64,shade_off,1.3344,39.0,33.944,11,21.8507,5,11,True,1.2527,38.0,33.833,9,21.7704,3,9,True,0.0817000000000001,1.0,0.1110000000000042,2,0.08030000000000115,2,2
DSY1,detached,run_1391,random64,shade_off,1.9063,51.0,34.711,22,39.376,12,22,True,1.634,47.0,34.137,17,39.4058,6,17,True,0.2723000000000002,4.0,0.5739999999999981,5,-0.029800000000001603,6,5
DSY1,detached,run_1416,stress16,shade_off,2.1514,61.0,35.44,30,39.9015,32,30,True,1.9063,50.0,34.697,23,39.8721,14,23,True,0.2451000000000001,11.0,0.742999999999995,7,0.02939999999999543,18,7
DSY1,detached,run_1434,random64,shade_off,1.5523,47.0,34.597,11,60.1796,7,11,True,1.4978,44.0,34.427,11,59.5721,5,11,True,0.05449999999999999,3.0,0.1700000000000017,0,0.6075000000000017,2,0
DSY1,detached,run_1476,random64,shade_off,2.6961,64.0,35.956,31,112.398,35,34,True,2.1786,58.0,35.212,25,113.0073,18,28,True,0.5175000000000001,6.0,0.7439999999999998,6,-0.6093000000000046,17,6
DSY1,detached,run_1497,random64,shade_off,1.8519,56.0,35.265,14,66.0498,19,14,True,1.634,50.0,34.773,11,65.9469,10,11,True,0.2179000000000002,6.0,0.49199999999999733,3,0.10290000000000532,9,3
DSY1,detached,run_1506,stress16,shade_off,6.0458,85.0,37.036,104,611.7501,86,300,True,4.8747,65.0,36.059,88,599.2859,57,217,True,1.1711,20.0,0.9770000000000039,16,12.464200000000005,29,83
DSY1,detached,run_1521,stress16,shade_off,2.2876,60.0,35.888,19,229.5775,31,20,True,1.9608,55.0,35.336,15,228.0701,20,16,True,0.32679999999999976,5.0,0.5519999999999996,4,1.5073999999999899,11,4
DSY1,detached,run_1525,random64,shade_off,1.5523,45.0,34.452,12,37.0683,7,12,True,1.4706,41.0,34.273,11,36.8977,5,11,True,0.0817000000000001,4.0,0.17899999999999494,1,0.1706000000000003,2,1
DSY1,detached,run_1560,random64,shade_off,3.268,81.0,37.116,32,105.6541,53,33,True,2.5599,67.0,36.005,24,105.5663,36,25,True,0.7081,14.0,1.110999999999997,8,0.08780000000000143,17,8
DSY1,detached,run_1586,random64,shade_off,1.6068,50.0,34.561,17,36.1857,7,17,True,1.4978,44.0,34.295,15,35.7417,5,15,True,0.10899999999999999,6.0,0.26599999999999824,2,0.4439999999999955,2,2
DSY1,detached,run_1590,random64,shade_off,3.2135,79.0,37.389,23,180.138,53,23,True,2.6416,66.0,36.148,19,179.604,37,19,True,0.5718999999999999,13.0,1.2409999999999997,4,0.5339999999999918,16,4
DSY1,detached,run_1644,random64,shade_off,2.5871,55.0,35.34,29,164.8712,26,34,True,2.1242,50.0,34.959,21,164.7597,12,24,True,0.46289999999999987,5.0,0.3810000000000002,8,0.11149999999997817,14,10
DSY1,detached,run_1646,random64,shade_off,1.5523,50.0,34.551,16,84.9413,6,16,True,1.4978,45.0,34.344,16,84.9801,6,16,True,0.05449999999999999,5.0,0.20700000000000074,0,-0.03879999999999484,0,0
DSY1,detached,run_1649,random64,shade_off,1.8519,57.0,35.278,17,58.2182,22,17,True,1.7429,52.0,34.871,15,57.9469,10,15,True,0.10900000000000021,5.0,0.4069999999999965,2,0.27130000000000365,12,2
DSY1,detached,run_1739,random64,shade_off,1.4706,43.0,34.332,14,49.0189,6,14,True,1.4161,42.0,34.087,14,48.985,5,14,True,0.05449999999999999,1.0,0.24499999999999744,0,0.033900000000002706,1,0
DSY1,detached,run_1746,random64,shade_off,1.7702,52.0,34.909,18,46.6528,11,18,True,1.6068,49.0,34.537,15,46.3873,7,15,True,0.1634,3.0,0.3719999999999999,3,0.26549999999999585,4,3
DSY1,detached,run_1748,random64,shade_off,2.2059,65.0,35.953,30,97.1846,34,32,True,1.988,58.0,35.234,25,96.8834,18,27,True,0.2179000000000002,7.0,0.7190000000000012,5,0.30120000000000857,16,5
DSY1,detached,run_1757,random64,shade_off,2.9139,68.0,36.199,28,270.67,37,31,True,2.2603,56.0,35.389,21,270.3783,23,24,True,0.6536,12.0,0.8099999999999952,7,0.29169999999999163,14,7
DSY1,detached,run_1759,random64,shade_off,1.6612,50.0,34.704,16,48.2681,8,16,True,1.5523,47.0,34.364,14,48.2433,6,14,True,0.1089,3.0,0.3400000000000034,2,0.024799999999999045,2,2
DSY1,detached,run_1762,random64,shade_off,1.7429,52.0,35.253,11,88.1671,18,11,True,1.6612,48.0,34.868,11,88.4076,9,11,True,0.08169999999999988,4.0,0.384999999999998,0,-0.24049999999999727,9,0
DSY1,detached,run_1801,stress16,shade_off,2.1242,59.0,35.485,21,148.0835,24,22,True,1.8519,51.0,34.987,18,146.0793,10,19,True,0.2723,8.0,0.49799999999999756,3,2.0041999999999973,14,3
DSY1,detached,run_1809,random64,shade_off,1.5251,45.0,34.453,11,42.8254,5,11,True,1.4706,41.0,34.266,11,42.4614,5,11,True,0.05449999999999999,4.0,0.18700000000000472,0,0.3640000000000043,0,0
DSY1,detached,run_1813,random64,shade_off,1.4978,46.0,34.57,9,58.9025,6,9,True,1.4706,42.0,34.429,9,59.2542,5,9,True,0.027200000000000113,4.0,0.14099999999999824,0,-0.3516999999999939,1,0
DSY1,detached,run_1851,random64,shade_off,2.0697,60.0,35.879,11,157.4804,33,11,True,1.7702,51.0,35.127,11,156.7971,13,11,True,0.2995000000000001,9.0,0.7519999999999953,0,0.6833000000000027,20,0
DSY1,detached,run_1864,random64,shade_off,1.8791,56.0,35.429,13,82.1873,24,13,True,1.6885,50.0,34.937,11,81.5441,10,11,True,0.1906000000000001,6.0,0.49200000000000443,2,0.6431999999999931,14,2
DSY1,detached,run_1865,random64,shade_off,3.3497,73.0,36.519,41,84.0282,45,44,True,2.6416,61.0,35.601,33,83.3178,29,36,True,0.7081,12.0,0.9179999999999993,8,0.7103999999999928,16,8
DSY1,detached,run_1866,random64,shade_off,2.4237,69.0,36.535,17,249.3258,41,17,True,2.1242,58.0,35.735,13,247.5302,27,13,True,0.2995000000000001,11.0,0.7999999999999972,4,1.795599999999979,14,4
DSY1,detached,run_1911,random64,shade_off,1.2527,38.0,33.738,12,16.8505,3,12,True,1.1983,38.0,33.683,12,16.7841,3,12,True,0.054400000000000004,0.0,0.054999999999999716,0,0.06640000000000157,0,0
DSY1,detached,run_1941,stress16,shade_off,3.4314,79.0,37.315,26,325.6694,53,28,True,2.805,67.0,36.226,22,322.7603,37,23,True,0.6263999999999998,12.0,1.0889999999999986,4,2.9091000000000236,16,5
DSY1,detached,run_1952,random64,shade_off,1.4978,47.0,34.609,8,73.782,7,8,True,1.4434,40.0,34.319,7,73.8957,5,7,True,0.054400000000000004,7.0,0.28999999999999915,1,-0.11370000000000857,2,1
DSY1,semi,run_0000,stress16,shade_off,1.5251,47.0,34.615,17,50.1082,7,17,True,1.4706,45.0,34.48,16,50.0547,6,16,True,0.05449999999999999,2.0,0.13500000000000512,1,0.05349999999999966,1,1
DSY1,semi,run_0015,random64,shade_off,1.8519,55.0,35.257,13,235.9328,15,14,True,1.6885,49.0,34.956,13,231.8095,9,14,True,0.1634000000000002,6.0,0.3009999999999948,0,4.123299999999972,6,0
DSY1,semi,run_0023,random64,shade_off,1.4161,41.0,34.419,11,48.8788,5,11,True,1.3617,41.0,34.262,11,48.9836,5,11,True,0.054400000000000004,0.0,0.15699999999999648,0,-0.10480000000000445,0,0
DSY1,semi,run_0029,stress16,shade_off,2.2603,62.0,34.994,48,42.2154,25,48,True,1.9336,54.0,34.468,44,42.2951,8,44,True,0.3267,8.0,0.5259999999999962,4,-0.07969999999999544,17,4
DSY1,semi,run_0044,random64,shade_off,1.4434,43.0,34.493,10,54.0894,6,10,True,1.3617,40.0,34.295,10,54.7117,5,10,True,0.0817000000000001,3.0,0.1980000000000004,0,-0.6223000000000027,1,0
DSY1,semi,run_0063,random64,shade_off,2.0969,63.0,35.992,17,163.0625,35,17,True,1.8246,52.0,35.222,12,163.1934,19,12,True,0.2723000000000002,11.0,0.769999999999996,5,-0.1308999999999969,16,5
DSY1,semi,run_0092,random64,shade_off,1.6068,49.0,34.636,15,38.2884,7,15,True,1.4978,42.0,34.364,12,37.9512,5,12,True,0.10899999999999999,7.0,0.27200000000000557,3,0.33720000000000283,2,3
DSY1,semi,run_0095,random64,shade_off,1.8791,57.0,35.262,22,52.6972,24,22,True,1.7157,50.0,34.687,17,52.9285,8,17,True,0.1634,7.0,0.5750000000000028,5,-0.2312999999999974,16,5
DSY1,semi,run_0132,stress16,shade_off,2.3148,70.0,36.15,30,69.6815,35,30,True,1.988,61.0,35.49,27,69.4631,23,27,True,0.3268,9.0,0.6599999999999966,3,0.2184000000000026,12,3
DSY1,semi,run_0169,random64,shade_off,1.2527,35.0,33.093,24,33.3,2,24,True,1.1438,33.0,32.877,24,33.308,0,24,False,0.1089,2.0,0.21600000000000108,0,-0.008000000000002672,2,0
DSY1,semi,run_0171,random64,shade_off,1.7157,53.0,35.029,16,47.2282,11,16,True,1.5251,48.0,34.553,11,47.1677,7,11,True,0.1906000000000001,5.0,0.4760000000000062,5,0.060499999999997556,4,5
DSY1,semi,run_0172,random64,shade_off,1.4706,47.0,34.097,18,15.3033,5,18,True,1.4161,42.0,33.937,17,15.3848,5,17,True,0.05449999999999999,5.0,0.1600000000000037,1,-0.08150000000000013,0,1
DSY1,semi,run_0189,random64,shade_off,1.634,50.0,34.66,15,38.6027,9,15,True,1.5523,45.0,34.356,14,38.6645,7,14,True,0.08169999999999988,5.0,0.30399999999999494,1,-0.06179999999999808,2,1
DSY1,semi,run_0203,random64,shade_off,1.4978,45.0,34.505,14,39.0039,7,14,True,1.4161,42.0,34.319,15,39.4714,5,15,True,0.0817000000000001,3.0,0.18599999999999994,-1,-0.46750000000000114,2,-1
DSY1,semi,run_0208,random64,shade_off,1.4161,40.0,34.275,12,48.5437,5,12,True,1.3617,40.0,34.172,11,49.0313,5,11,True,0.054400000000000004,0.0,0.10300000000000153,1,-0.4876000000000005,0,1
DSY1,semi,run_0239,stress16,shade_off,4.6841,71.0,36.224,88,48.4961,45,225,True,3.5675,57.0,35.26,69,47.942,26,153,True,1.1166,14.0,0.9639999999999986,19,0.5540999999999983,19,72
DSY1,semi,run_0241,stress16,shade_off,4.0305,68.0,36.368,50,533.0867,52,132,True,3.159,58.0,35.627,36,521.8296,29,66,True,0.8715000000000002,10.0,0.7409999999999997,14,11.257099999999923,23,66
DSY1,semi,run_0298,random64,shade_off,1.8246,52.0,35.297,16,62.8272,25,16,True,1.6612,48.0,34.843,11,62.3036,9,11,True,0.1634,4.0,0.4539999999999935,5,0.5235999999999947,16,5
DSY1,semi,run_0302,random64,shade_off,1.5251,46.0,34.443,17,39.5656,5,17,True,1.3889,42.0,34.294,13,39.4416,5,13,True,0.13619999999999988,4.0,0.1490000000000009,4,0.12400000000000233,0,4
DSY1,semi,run_0421,random64,shade_off,1.7702,51.0,35.052,12,107.9923,10,12,True,1.6068,49.0,34.763,12,107.3144,9,12,True,0.1634,2.0,0.2890000000000015,0,0.677899999999994,1,0
DSY1,semi,run_0456,random64,shade_off,1.634,50.0,34.905,12,78.7949,10,12,True,1.5795,48.0,34.664,11,78.7028,7,11,True,0.05449999999999999,2.0,0.24099999999999966,1,0.09210000000000207,3,1
DSY1,semi,run_0492,stress16,shade_off,2.5871,70.0,36.176,37,74.8799,43,40,True,2.1786,59.0,35.379,27,74.541,27,30,True,0.4085000000000001,11.0,0.7970000000000041,10,0.3389000000000095,16,10
DSY1,semi,run_0499,random64,shade_off,1.6612,49.0,34.448,20,24.8537,7,20,True,1.4978,44.0,33.98,17,24.8587,5,17,True,0.1634,5.0,0.4680000000000035,3,-0.004999999999999005,2,3
DSY1,semi,run_0500,random64,shade_off,1.4434,43.0,34.4,11,34.2966,5,11,True,1.3617,40.0,34.175,11,34.3282,5,11,True,0.0817000000000001,3.0,0.22500000000000142,0,-0.03160000000000451,0,0
DSY1,semi,run_0628,stress16,shade_off,1.634,47.0,34.744,10,62.735,10,10,True,1.4978,43.0,34.468,7,63.0612,6,7,True,0.13619999999999988,4.0,0.27599999999999625,3,-0.32620000000000005,4,3
DSY1,semi,run_0745,random64,shade_off,1.7157,52.0,34.988,16,99.8723,11,16,True,1.634,49.0,34.784,14,99.7702,8,14,True,0.0817000000000001,3.0,0.20400000000000063,2,0.10209999999999297,3,2
DSY1,semi,run_0768,stress16,shade_off,3.3224,69.0,36.508,43,124.2296,46,61,True,2.5871,59.0,35.575,37,122.0742,27,48,True,0.7353000000000001,10.0,0.9329999999999998,6,2.1554,19,13
DSY1,semi,run_0785,random64,shade_off,1.9063,57.0,35.529,16,68.6928,27,16,True,1.6612,49.0,34.891,11,68.7185,12,11,True,0.2451000000000001,8.0,0.6380000000000052,5,-0.0257000000000005,15,5
DSY1,semi,run_0788,random64,shade_off,1.6612,51.0,34.722,18,45.9069,7,18,True,1.5523,50.0,34.512,16,45.503,6,16,True,0.1089,1.0,0.21000000000000085,2,0.40390000000000015,1,2
DSY1,semi,run_0821,random64,shade_off,1.4161,40.0,34.286,10,35.5874,5,10,True,1.28,40.0,34.071,9,35.5616,5,9,True,0.1360999999999999,0.0,0.2150000000000034,1,0.02580000000000382,0,1
DSY1,semi,run_0833,random64,shade_off,1.3889,41.0,34.311,11,36.1113,5,11,True,1.3344,40.0,34.155,11,35.92,5,11,True,0.05449999999999999,1.0,0.1559999999999988,0,0.19129999999999825,0,0
DSY1,semi,run_0841,random64,shade_off,1.7702,54.0,35.343,11,87.994,19,11,True,1.6612,50.0,34.889,10,86.4948,9,10,True,0.10899999999999999,4.0,0.4540000000000006,1,1.4992000000000019,10,1
DSY1,semi,run_0844,random64,shade_off,1.5523,48.0,34.665,14,57.0507,7,14,True,1.4978,47.0,34.602,13,56.9489,7,13,True,0.05449999999999999,1.0,0.06300000000000239,1,0.10179999999999723,0,1
DSY1,semi,run_0887,random64,shade_off,1.4161,41.0,34.337,11,35.2013,5,11,True,1.3889,40.0,34.213,11,35.2878,5,11,True,0.02719999999999989,1.0,0.12400000000000233,0,-0.0864999999999938,0,0
DSY1,semi,run_1025,stress16,shade_off,1.7974,57.0,35.233,17,77.0095,12,17,True,1.7157,50.0,34.895,14,76.7817,9,14,True,0.0817000000000001,7.0,0.33799999999999386,3,0.227800000000002,3,3
DSY1,semi,run_1083,random64,shade_off,1.4706,44.0,34.477,11,45.2086,5,11,True,1.4161,41.0,34.393,11,45.1696,5,11,True,0.05449999999999999,3.0,0.08399999999999608,0,0.03899999999999437,0,0
DSY1,semi,run_1093,random64,shade_off,1.4978,43.0,34.173,23,39.8196,6,23,True,1.4706,43.0,34.112,23,39.7999,6,23,True,0.027200000000000113,0.0,0.06099999999999994,0,0.019700000000000273,0,0
DSY1,semi,run_1130,random64,shade_off,1.3072,38.0,33.524,18,8.5366,3,18,True,1.2255,36.0,33.376,16,8.6193,2,16,True,0.08169999999999988,2.0,0.14800000000000324,2,-0.08270000000000088,1,2
DSY1,semi,run_1192,random64,shade_off,1.7157,54.0,35.129,16,87.7823,16,16,True,1.634,49.0,34.855,14,88.7931,10,14,True,0.0817000000000001,5.0,0.2740000000000009,2,-1.010799999999989,6,2
DSY1,semi,run_1197,random64,shade_off,1.28,40.0,34.138,11,34.9227,5,11,True,1.28,39.0,34.093,11,34.9628,5,11,True,0.0,1.0,0.0449999999999946,0,-0.04010000000000247,0,0
DSY1,semi,run_1199,stress16,shade_off,1.4978,47.0,34.582,16,44.3437,7,16,True,1.4434,44.0,34.461,15,44.3952,6,15,True,0.054400000000000004,3.0,0.12100000000000222,1,-0.05150000000000432,1,1
DSY1,semi,run_1207,random64,shade_off,1.3617,41.0,33.693,17,12.8832,3,17,True,1.28,38.0,33.543,17,12.7955,3,17,True,0.08169999999999988,3.0,0.14999999999999858,0,0.08769999999999989,0,0
DSY1,semi,run_1209,random64,shade_off,2.9684,62.0,35.838,35,172.0045,32,41,True,2.3693,57.0,35.257,29,170.9204,19,32,True,0.5991,5.0,0.5810000000000031,6,1.0841000000000065,13,9
DSY1,semi,run_1214,stress16,shade_off,3.6492,66.0,35.884,52,405.2663,44,83,True,2.9956,58.0,35.369,39,399.4744,20,46,True,0.6536,8.0,0.5150000000000006,13,5.791899999999998,24,37
DSY1,semi,run_1248,random64,shade_off,3.2135,67.0,36.045,40,297.116,38,57,True,2.6688,56.0,35.372,32,292.4836,22,35,True,0.5446999999999997,11.0,0.6730000000000018,8,4.632399999999961,16,22
DSY1,semi,run_1268,random64,shade_off,3.5675,81.0,36.829,57,58.5304,49,60,True,2.6961,67.0,35.836,45,58.5802,36,48,True,0.8714,14.0,0.9930000000000021,12,-0.049799999999997624,13,12
DSY1,semi,run_1274,random64,shade_off,2.2059,56.0,35.296,19,195.8901,12,21,True,2.0153,50.0,34.987,20,193.1482,9,22,True,0.19060000000000032,6.0,0.3089999999999975,-1,2.741899999999987,3,-1
DSY1,semi,run_1295,random64,shade_off,1.3344,42.0,34.058,16,34.4467,5,16,True,1.3344,42.0,33.992,15,34.5421,4,15,True,0.0,0.0,0.0660000000000025,1,-0.09539999999999793,1,1
DSY1,semi,run_1311,random64,shade_off,1.8246,54.0,35.122,20,69.131,19,21,True,1.6885,51.0,34.782,17,68.2971,9,17,True,0.1361000000000001,3.0,0.3400000000000034,3,0.8338999999999999,10,4
DSY1,semi,run_1388,random64,shade_off,1.2527,38.0,33.826,11,14.95,3,11,True,1.1983,38.0,33.734,10,14.8582,3,10,True,0.054400000000000004,0.0,0.09199999999999875,1,0.09179999999999922,0,1
DSY1,semi,run_1391,random64,shade_off,1.8791,50.0,34.531,26,28.226,7,26,True,1.6068,44.0,34.001,21,28.2532,5,21,True,0.2723,6.0,0.5300000000000011,5,-0.027200000000000557,2,5
DSY1,semi,run_1416,stress16,shade_off,1.8791,58.0,34.708,30,32.6027,11,30,True,1.6612,47.0,34.181,24,32.5983,6,24,True,0.21789999999999998,11.0,0.527000000000001,6,0.004399999999996851,5,6
DSY1,semi,run_1434,random64,shade_off,1.4706,44.0,34.371,11,43.3375,5,11,True,1.3617,40.0,34.253,10,43.344,5,10,True,0.1089,4.0,0.1180000000000021,1,-0.006500000000002615,0,1
DSY1,semi,run_1476,random64,shade_off,2.3148,59.0,35.249,28,64.4602,11,30,True,1.8519,51.0,34.771,24,65.1964,8,26,True,0.46289999999999987,8.0,0.47800000000000153,4,-0.7361999999999966,3,4
DSY1,semi,run_1497,random64,shade_off,1.7974,52.0,35.039,15,48.9583,14,15,True,1.634,48.0,34.636,11,48.9975,7,11,True,0.1634000000000002,4.0,0.4029999999999987,4,-0.03920000000000101,7,4
DSY1,semi,run_1506,stress16,shade_off,4.439,70.0,36.241,78,440.6181,60,272,True,3.7037,60.0,35.585,68,427.6265,31,173,True,0.7353000000000001,10.0,0.6559999999999988,10,12.991600000000005,29,99
DSY1,semi,run_1521,stress16,shade_off,1.8791,55.0,35.336,15,143.8138,26,15,True,1.6612,48.0,34.876,11,143.4841,12,11,True,0.21789999999999998,7.0,0.46000000000000085,4,0.3296999999999741,14,4
DSY1,semi,run_1525,random64,shade_off,1.3889,40.0,34.137,12,25.7305,5,12,True,1.3617,40.0,34.014,10,25.7088,5,10,True,0.027200000000000113,0.0,0.12299999999999756,2,0.021699999999999164,0,2
DSY1,semi,run_1560,random64,shade_off,2.8595,75.0,36.365,29,77.3705,40,30,True,2.2059,62.0,35.53,24,77.0327,23,25,True,0.6536,13.0,0.8350000000000009,5,0.33780000000000143,17,5
DSY1,semi,run_1586,random64,shade_off,1.4161,43.0,34.208,18,22.8597,5,18,True,1.3889,40.0,34.029,15,22.5933,5,15,True,0.02719999999999989,3.0,0.17899999999999494,3,0.26640000000000086,0,3
DSY1,semi,run_1590,random64,shade_off,2.5327,68.0,36.71,17,116.5814,45,17,True,2.0969,56.0,35.552,12,117.1153,27,12,True,0.43579999999999997,12.0,1.1580000000000013,5,-0.5339000000000027,18,5
DSY1,semi,run_1644,random64,shade_off,1.988,50.0,34.756,21,91.2053,7,23,True,1.8791,47.0,34.534,18,90.9439,5,19,True,0.1089,3.0,0.2220000000000013,3,0.26139999999999475,2,4
DSY1,semi,run_1646,random64,shade_off,1.4434,43.0,34.256,15,70.8655,5,15,True,1.3617,43.0,34.105,15,70.8726,5,15,True,0.0817000000000001,0.0,0.15100000000000335,0,-0.007100000000008322,0,0
DSY1,semi,run_1649,random64,shade_off,1.8519,54.0,35.079,20,43.4061,17,20,True,1.7157,51.0,34.72,17,43.4143,10,17,True,0.1362000000000001,3.0,0.35900000000000176,3,-0.0081999999999951,7,3
DSY1,semi,run_1739,random64,shade_off,1.4161,43.0,34.167,16,35.5743,5,16,True,1.3344,41.0,33.947,16,35.5562,4,16,True,0.08169999999999988,2.0,0.21999999999999886,0,0.018100000000004002,1,0
DSY1,semi,run_1746,random64,shade_off,1.6612,49.0,34.555,18,29.4624,9,18,True,1.5523,43.0,34.219,16,29.479,5,16,True,0.1089,6.0,0.3359999999999985,2,-0.016600000000000392,4,2
DSY1,semi,run_1748,random64,shade_off,2.2059,61.0,35.701,31,73.2169,29,34,True,1.9608,53.0,35.022,25,73.8792,14,28,True,0.2451000000000001,8.0,0.679000000000002,6,-0.6623000000000019,15,6
DSY1,semi,run_1757,random64,shade_off,2.805,60.0,35.799,35,206.0647,30,38,True,2.3148,53.0,35.156,23,204.0228,13,26,True,0.4902000000000002,7.0,0.6430000000000007,12,2.0418999999999983,17,12
DSY1,semi,run_1759,random64,shade_off,1.5251,44.0,34.241,16,30.7474,5,16,True,1.4161,41.0,33.96,15,30.8326,5,15,True,0.10899999999999999,3.0,0.2809999999999988,1,-0.08520000000000039,0,1
DSY1,semi,run_1762,random64,shade_off,1.6612,50.0,34.971,11,73.009,10,11,True,1.5251,48.0,34.69,10,73.7717,8,10,True,0.1361000000000001,2.0,0.2809999999999988,1,-0.7626999999999953,2,1
DSY1,semi,run_1801,stress16,shade_off,1.7702,50.0,34.951,19,85.0332,10,19,True,1.5795,48.0,34.635,14,84.1362,8,14,True,0.1907000000000001,2.0,0.3160000000000025,5,0.8969999999999914,2,5
DSY1,semi,run_1809,random64,shade_off,1.4706,41.0,34.347,11,31.2411,5,11,True,1.3889,40.0,34.176,11,30.6751,5,11,True,0.08169999999999988,1.0,0.17099999999999937,0,0.565999999999999,0,0
DSY1,semi,run_1813,random64,shade_off,1.4434,40.0,34.337,10,41.6076,5,10,True,1.3617,40.0,34.224,10,41.0087,5,10,True,0.0817000000000001,0.0,0.11300000000000665,0,0.5989000000000004,0,0
DSY1,semi,run_1851,random64,shade_off,1.8246,57.0,35.344,11,106.534,16,11,True,1.6068,49.0,34.811,11,106.7916,9,11,True,0.2178,8.0,0.5330000000000013,0,-0.2575999999999965,7,0
DSY1,semi,run_1864,random64,shade_off,1.634,50.0,34.822,12,54.3152,9,12,True,1.5523,48.0,34.556,11,54.4146,6,11,True,0.08169999999999988,2.0,0.26600000000000534,1,-0.09940000000000282,3,1
DSY1,semi,run_1865,random64,shade_off,2.7778,65.0,35.596,34,49.283,21,37,True,2.3148,58.0,35.033,29,48.7658,11,32,True,0.4630000000000001,7.0,0.5629999999999953,5,0.5172000000000025,10,5
DSY1,semi,run_1866,random64,shade_off,1.9336,57.0,35.697,14,127.0088,29,14,True,1.6885,49.0,35.061,11,126.2426,15,11,True,0.2451000000000001,8.0,0.6360000000000028,3,0.7661999999999978,14,3
DSY1,semi,run_1911,random64,shade_off,1.1983,36.0,33.587,11,11.5257,3,11,True,1.171,36.0,33.542,11,11.5672,3,11,True,0.02729999999999988,0.0,0.045000000000001705,0,-0.041499999999999204,0,0
DSY1,semi,run_1941,stress16,shade_off,3.2952,76.0,37.028,31,272.4448,51,34,True,2.7778,62.0,36.006,27,267.7837,33,30,True,0.5173999999999999,14.0,1.0219999999999985,4,4.661099999999976,18,4
DSY1,semi,run_1952,random64,shade_off,1.4706,40.0,34.363,9,54.3368,5,9,True,1.28,40.0,34.112,8,54.2514,5,8,True,0.19059999999999988,0.0,0.25099999999999767,1,0.08539999999999992,0,1
DSY1,detached,run_0000,stress16,vent_rotation,1.5523,49.0,34.685,16,63.8233,8,16,True,1.5523,49.0,34.695,17,63.8661,8,17,True,0.0,0.0,-0.00999999999999801,-1,-0.04279999999999973,0,-1
DSY1,detached,run_0015,random64,vent_rotation,1.7974,52.0,35.226,13,335.0202,16,14,True,1.7974,52.0,35.217,14,338.5478,15,15,True,0.0,0.0,0.009000000000000341,-1,-3.5276000000000067,1,-1
DSY1,detached,run_0023,random64,vent_rotation,1.4434,43.0,34.453,11,62.0678,6,11,True,1.4434,43.0,34.466,11,62.2688,6,11,True,0.0,0.0,-0.012999999999998124,0,-0.2010000000000005,0,0
DSY1,detached,run_0029,stress16,vent_rotation,2.0425,57.0,34.653,42,57.6049,9,42,True,2.0153,56.0,34.715,42,57.6407,10,42,True,0.027200000000000113,1.0,-0.06200000000000472,0,-0.03580000000000183,-1,0
DSY1,detached,run_0044,random64,vent_rotation,1.4978,43.0,34.447,9,72.1109,6,9,True,1.4978,43.0,34.44,8,72.9463,5,8,True,0.0,0.0,0.007000000000005002,1,-0.8353999999999928,1,1
DSY1,detached,run_0063,random64,vent_rotation,1.9336,56.0,35.443,13,194.4298,25,13,True,1.9336,56.0,35.442,13,196.1893,25,13,True,0.0,0.0,0.0009999999999976694,0,-1.7595000000000027,0,0
DSY1,detached,run_0092,random64,vent_rotation,1.5795,48.0,34.518,12,49.5458,7,12,True,1.5523,48.0,34.562,12,50.016,7,12,True,0.02719999999999989,0.0,-0.04399999999999693,0,-0.4701999999999984,0,0
DSY1,detached,run_0095,random64,vent_rotation,1.7429,52.0,35.006,16,78.2433,12,16,True,1.7429,52.0,34.979,15,79.4623,12,15,True,0.0,0.0,0.027000000000001023,1,-1.218999999999994,0,1
DSY1,detached,run_0132,stress16,vent_rotation,2.2876,63.0,35.932,26,90.1194,35,26,True,2.2876,62.0,35.922,26,90.8199,35,26,True,0.0,1.0,0.010000000000005116,0,-0.7005000000000052,0,0
DSY1,detached,run_0169,random64,vent_rotation,1.4161,41.0,33.483,22,44.4965,3,22,True,1.4161,39.0,33.432,23,44.5095,3,23,True,0.0,2.0,0.05099999999999483,-1,-0.01300000000000523,0,-1
DSY1,detached,run_0171,random64,vent_rotation,1.7429,51.0,34.98,11,65.6187,12,11,True,1.7429,51.0,34.947,11,66.4325,12,11,True,0.0,0.0,0.032999999999994145,0,-0.8138000000000005,0,0
DSY1,detached,run_0172,random64,vent_rotation,1.5251,45.0,34.166,17,23.1132,5,17,True,1.5251,45.0,34.183,17,23.3024,5,17,True,0.0,0.0,-0.017000000000003013,0,-0.1891999999999996,0,0
DSY1,detached,run_0189,random64,vent_rotation,1.7157,51.0,34.755,14,49.0348,10,14,True,1.7157,51.0,34.748,14,49.3088,10,14,True,0.0,0.0,0.007000000000005002,0,-0.2740000000000009,0,0
DSY1,detached,run_0203,random64,vent_rotation,1.5523,47.0,34.513,12,53.1825,6,12,True,1.5251,47.0,34.513,12,53.2878,6,12,True,0.027200000000000113,0.0,0.0,0,-0.10529999999999973,0,0
DSY1,detached,run_0208,random64,vent_rotation,1.4978,43.0,34.365,11,75.2562,5,11,True,1.4978,42.0,34.36,11,75.7547,5,11,True,0.0,1.0,0.005000000000002558,0,-0.49849999999999284,0,0
DSY1,detached,run_0239,stress16,vent_rotation,5.1198,66.0,35.86,107,68.1804,47,226,True,5.1198,66.0,35.881,112,68.1887,47,233,True,0.0,0.0,-0.021000000000000796,-5,-0.008299999999991314,0,-7
DSY1,detached,run_0241,stress16,vent_rotation,3.4041,60.0,35.859,41,624.6312,31,49,True,3.4041,60.0,35.846,41,615.1856,32,49,True,0.0,0.0,0.01300000000000523,0,9.445600000000013,-1,0
DSY1,detached,run_0298,random64,vent_rotation,1.8519,55.0,35.227,14,101.4763,19,14,True,1.8519,55.0,35.237,14,100.6458,17,14,True,0.0,0.0,-0.010000000000005116,0,0.8305000000000007,2,0
DSY1,detached,run_0302,random64,vent_rotation,1.4978,47.0,34.438,14,56.9866,6,14,True,1.4978,47.0,34.466,14,57.2274,6,14,True,0.0,0.0,-0.027999999999998693,0,-0.24080000000000013,0,0
DSY1,detached,run_0421,random64,vent_rotation,1.6612,50.0,35.1,12,163.4643,14,12,True,1.6612,50.0,35.125,12,165.8019,14,12,True,0.0,0.0,-0.02499999999999858,0,-2.3375999999999806,0,0
DSY1,detached,run_0456,random64,vent_rotation,1.6885,49.0,34.938,11,105.0626,9,11,True,1.6885,49.0,34.936,11,105.0153,9,11,True,0.0,0.0,0.0020000000000024443,0,0.047300000000007,0,0
DSY1,detached,run_0492,stress16,vent_rotation,2.9684,66.0,35.997,43,116.2994,38,46,True,2.8867,66.0,36.01,44,115.8388,38,48,True,0.0817000000000001,0.0,-0.012999999999998124,-1,0.46059999999999945,0,-2
DSY1,detached,run_0499,random64,vent_rotation,1.6612,48.0,34.42,16,30.3102,7,16,True,1.6612,48.0,34.35,16,30.4763,7,16,True,0.0,0.0,0.07000000000000028,0,-0.16610000000000014,0,0
DSY1,detached,run_0500,random64,vent_rotation,1.4978,43.0,34.356,9,43.5832,5,9,True,1.4978,43.0,34.345,9,44.1329,5,9,True,0.0,0.0,0.011000000000002785,0,-0.5497000000000014,0,0
DSY1,detached,run_0628,stress16,vent_rotation,1.6068,48.0,34.724,9,93.1958,8,9,True,1.6068,48.0,34.728,9,93.8262,8,9,True,0.0,0.0,-0.0040000000000048885,0,-0.6303999999999945,0,0
DSY1,detached,run_0745,random64,vent_rotation,1.7157,51.0,35.04,16,160.042,13,16,True,1.7157,51.0,35.062,16,160.122,12,16,True,0.0,0.0,-0.021999999999998465,0,-0.0800000000000125,1,0
DSY1,detached,run_0768,stress16,vent_rotation,4.7658,71.0,36.425,78,210.7459,53,106,True,4.7386,71.0,36.433,75,211.3585,54,102,True,0.02719999999999967,0.0,-0.008000000000002672,3,-0.6125999999999863,-1,4
DSY1,detached,run_0785,random64,vent_rotation,1.8791,56.0,35.344,18,119.1761,21,18,True,1.8791,56.0,35.337,16,119.8134,21,16,True,0.0,0.0,0.006999999999997897,2,-0.6372999999999962,0,2
DSY1,detached,run_0788,random64,vent_rotation,1.6885,51.0,34.833,20,72.1308,9,21,True,1.6885,51.0,34.845,20,72.8365,9,21,True,0.0,0.0,-0.012000000000000455,0,-0.7057000000000073,0,0
DSY1,detached,run_0821,random64,vent_rotation,1.3889,40.0,34.106,7,43.6224,5,7,True,1.3889,40.0,34.195,8,43.2563,5,8,True,0.0,0.0,-0.08899999999999864,-1,0.3660999999999959,0,-1
DSY1,detached,run_0833,random64,vent_rotation,1.5251,47.0,34.528,12,47.5504,7,12,True,1.5251,48.0,34.49,11,48.3802,7,11,True,0.0,-1.0,0.0379999999999967,1,-0.8297999999999988,0,1
DSY1,detached,run_0841,random64,vent_rotation,1.6885,51.0,35.054,11,119.8903,13,11,True,1.6885,51.0,35.073,11,119.8758,13,11,True,0.0,0.0,-0.01899999999999835,0,0.014499999999998181,0,0
DSY1,detached,run_0844,random64,vent_rotation,1.6068,48.0,34.713,13,71.6277,7,13,True,1.6068,48.0,34.722,13,72.6248,8,13,True,0.0,0.0,-0.009000000000000341,0,-0.997099999999989,-1,0
DSY1,detached,run_0887,random64,vent_rotation,1.4706,42.0,34.359,11,48.6841,5,11,True,1.4706,42.0,34.355,11,49.0504,5,11,True,0.0,0.0,0.0040000000000048885,0,-0.3663000000000025,0,0
DSY1,detached,run_1025,stress16,vent_rotation,1.8519,56.0,35.354,12,115.6972,22,12,True,1.8519,56.0,35.36,12,115.6435,21,12,True,0.0,0.0,-0.006000000000000227,0,0.05369999999999209,1,0
DSY1,detached,run_1083,random64,vent_rotation,1.4706,46.0,34.479,11,59.7855,6,11,True,1.4706,45.0,34.485,11,59.6064,6,11,True,0.0,1.0,-0.006000000000000227,0,0.17909999999999826,0,0
DSY1,detached,run_1093,random64,vent_rotation,1.5795,45.0,34.332,24,50.6163,7,24,True,1.5795,45.0,34.334,23,50.6092,7,23,True,0.0,0.0,-0.0020000000000024443,1,0.0071000000000012164,0,1
DSY1,detached,run_1130,random64,vent_rotation,1.3889,40.0,33.694,17,14.1102,3,17,True,1.3889,40.0,33.697,16,14.1995,3,16,True,0.0,0.0,-0.0030000000000001137,1,-0.08929999999999971,0,1
DSY1,detached,run_1192,random64,vent_rotation,1.7702,53.0,35.193,16,163.2756,15,16,True,1.7702,53.0,35.172,16,168.6242,15,16,True,0.0,0.0,0.021000000000000796,0,-5.348600000000005,0,0
DSY1,detached,run_1197,random64,vent_rotation,1.3617,40.0,34.196,10,42.4325,5,10,True,1.3617,40.0,34.195,10,42.6305,5,10,True,0.0,0.0,0.0009999999999976694,0,-0.1980000000000004,0,0
DSY1,detached,run_1199,stress16,vent_rotation,1.4978,46.0,34.529,14,56.7712,7,14,True,1.4978,48.0,34.578,14,56.2412,7,14,True,0.0,-2.0,-0.04899999999999949,0,0.5300000000000011,0,0
DSY1,detached,run_1207,random64,vent_rotation,1.3889,41.0,33.753,16,18.0099,4,16,True,1.3889,41.0,33.786,16,18.0338,4,16,True,0.0,0.0,-0.03300000000000125,0,-0.023900000000001143,0,0
DSY1,detached,run_1209,random64,vent_rotation,2.342,58.0,35.519,24,221.2472,26,27,True,2.342,58.0,35.521,24,228.4551,25,27,True,0.0,0.0,-0.0020000000000024443,0,-7.207899999999995,1,0
DSY1,detached,run_1214,stress16,vent_rotation,3.7037,62.0,35.875,49,663.4961,40,68,True,3.6765,62.0,35.865,49,664.5565,41,70,True,0.027200000000000113,0.0,0.00999999999999801,0,-1.0604000000000724,-1,-2
DSY1,detached,run_1248,random64,vent_rotation,2.8867,58.0,35.554,31,365.055,26,34,True,2.8322,58.0,35.562,31,362.633,26,34,True,0.05449999999999999,0.0,-0.007999999999995566,0,2.4220000000000255,0,0
DSY1,detached,run_1268,random64,vent_rotation,2.5599,68.0,35.973,37,79.4251,39,38,True,2.6144,67.0,36.002,37,79.0345,40,38,True,-0.05449999999999999,1.0,-0.029000000000003467,0,0.3906000000000063,-1,0
DSY1,detached,run_1274,random64,vent_rotation,2.2876,56.0,35.475,19,343.5938,24,21,True,2.2603,57.0,35.479,19,344.1974,25,21,True,0.02729999999999988,-1.0,-0.003999999999997783,0,-0.6036000000000286,-1,0
DSY1,detached,run_1295,random64,vent_rotation,1.3344,42.0,34.148,13,44.0744,5,13,True,1.3344,42.0,34.157,13,43.9809,5,13,True,0.0,0.0,-0.008999999999993236,0,0.0934999999999988,0,0
DSY1,detached,run_1311,random64,vent_rotation,1.7702,51.0,34.951,18,89.8224,11,19,True,1.7702,52.0,34.991,19,89.9833,11,20,True,0.0,-1.0,-0.03999999999999915,-1,-0.16089999999999804,0,-1
DSY1,detached,run_1388,random64,vent_rotation,1.2527,38.0,33.79,9,21.8992,3,9,True,1.2527,38.0,33.833,9,21.7704,3,9,True,0.0,0.0,-0.04299999999999926,0,0.1288000000000018,0,0
DSY1,detached,run_1391,random64,vent_rotation,1.6612,46.0,34.032,17,39.5411,6,17,True,1.634,47.0,34.137,17,39.4058,6,17,True,0.027200000000000113,-1.0,-0.10500000000000398,0,0.13530000000000086,0,0
DSY1,detached,run_1416,stress16,vent_rotation,1.9063,50.0,34.702,24,39.7536,14,24,True,1.9063,50.0,34.697,23,39.8721,14,23,True,0.0,0.0,0.0049999999999954525,1,-0.11850000000000449,0,1
DSY1,detached,run_1434,random64,vent_rotation,1.4978,44.0,34.385,11,58.9609,5,11,True,1.4978,44.0,34.427,11,59.5721,5,11,True,0.0,0.0,-0.04200000000000159,0,-0.6111999999999966,0,0
DSY1,detached,run_1476,random64,vent_rotation,2.1514,58.0,35.198,25,112.9385,19,28,True,2.1786,58.0,35.212,25,113.0073,18,28,True,-0.02719999999999967,0.0,-0.014000000000002899,0,-0.06879999999999598,1,0
DSY1,detached,run_1497,random64,vent_rotation,1.634,50.0,34.797,11,64.1474,9,11,True,1.634,50.0,34.773,11,65.9469,10,11,True,0.0,0.0,0.023999999999993804,0,-1.7994999999999948,-1,0
DSY1,detached,run_1506,stress16,vent_rotation,4.9564,65.0,36.069,86,595.7293,57,213,True,4.8747,65.0,36.059,88,599.2859,57,217,True,0.08170000000000055,0.0,0.010000000000005116,-2,-3.556600000000003,0,-4
DSY1,detached,run_1521,stress16,vent_rotation,1.9608,55.0,35.334,15,225.3926,20,16,True,1.9608,55.0,35.336,15,228.0701,20,16,True,0.0,0.0,-0.001999999999995339,0,-2.677500000000009,0,0
DSY1,detached,run_1525,random64,vent_rotation,1.4706,41.0,34.311,11,36.3538,5,11,True,1.4706,41.0,34.273,11,36.8977,5,11,True,0.0,0.0,0.0379999999999967,0,-0.5439000000000007,0,0
DSY1,detached,run_1560,random64,vent_rotation,2.5599,68.0,36.003,22,105.0451,36,23,True,2.5599,67.0,36.005,24,105.5663,36,25,True,0.0,1.0,-0.0020000000000024443,-2,-0.5211999999999932,0,-2
DSY1,detached,run_1586,random64,vent_rotation,1.4978,46.0,34.352,15,35.3995,5,15,True,1.4978,44.0,34.295,15,35.7417,5,15,True,0.0,2.0,0.056999999999995055,0,-0.3421999999999983,0,0
DSY1,detached,run_1590,random64,vent_rotation,2.6961,66.0,36.144,19,178.944,36,19,True,2.6416,66.0,36.148,19,179.604,37,19,True,0.05449999999999999,0.0,-0.0040000000000048885,0,-0.660000000000025,-1,0
DSY1,detached,run_1644,random64,vent_rotation,2.0969,50.0,34.945,23,164.8423,10,26,True,2.1242,50.0,34.959,21,164.7597,12,24,True,-0.02729999999999988,0.0,-0.014000000000002899,2,0.08259999999998513,-2,2
DSY1,detached,run_1646,random64,vent_rotation,1.4706,45.0,34.305,15,84.9638,6,15,True,1.4978,45.0,34.344,16,84.9801,6,16,True,-0.027200000000000113,0.0,-0.03900000000000148,-1,-0.01629999999998688,0,-1
DSY1,detached,run_1649,random64,vent_rotation,1.7429,52.0,34.863,15,57.9273,10,15,True,1.7429,52.0,34.871,15,57.9469,10,15,True,0.0,0.0,-0.008000000000002672,0,-0.019599999999996953,0,0
DSY1,detached,run_1739,random64,vent_rotation,1.4161,42.0,34.1,14,49.0398,5,14,True,1.4161,42.0,34.087,14,48.985,5,14,True,0.0,0.0,0.012999999999998124,0,0.05480000000000018,0,0
DSY1,detached,run_1746,random64,vent_rotation,1.634,49.0,34.514,15,46.2599,7,15,True,1.6068,49.0,34.537,15,46.3873,7,15,True,0.02719999999999989,0.0,-0.022999999999996135,0,-0.1274000000000015,0,0
DSY1,detached,run_1748,random64,vent_rotation,1.988,58.0,35.226,26,95.9748,18,29,True,1.988,58.0,35.234,25,96.8834,18,27,True,0.0,0.0,-0.008000000000002672,1,-0.9085999999999927,0,2
DSY1,detached,run_1757,random64,vent_rotation,2.2876,57.0,35.422,22,267.776,24,25,True,2.2603,56.0,35.389,21,270.3783,23,24,True,0.02729999999999988,1.0,0.032999999999994145,1,-2.602300000000014,1,1
DSY1,detached,run_1759,random64,vent_rotation,1.5523,47.0,34.345,14,48.1874,6,14,True,1.5523,47.0,34.364,14,48.2433,6,14,True,0.0,0.0,-0.01899999999999835,0,-0.05590000000000117,0,0
DSY1,detached,run_1762,random64,vent_rotation,1.6612,48.0,34.874,10,88.5118,9,10,True,1.6612,48.0,34.868,11,88.4076,9,11,True,0.0,0.0,0.006000000000000227,-1,0.10419999999999163,0,-1
DSY1,detached,run_1801,stress16,vent_rotation,1.8791,51.0,34.984,18,145.4489,10,19,True,1.8519,51.0,34.987,18,146.0793,10,19,True,0.02719999999999989,0.0,-0.0030000000000001137,0,-0.6303999999999803,0,0
DSY1,detached,run_1809,random64,vent_rotation,1.4706,41.0,34.245,10,42.2829,5,10,True,1.4706,41.0,34.266,11,42.4614,5,11,True,0.0,0.0,-0.021000000000000796,-1,-0.17849999999999966,0,-1
DSY1,detached,run_1813,random64,vent_rotation,1.4706,42.0,34.417,9,59.002,5,9,True,1.4706,42.0,34.429,9,59.2542,5,9,True,0.0,0.0,-0.012000000000000455,0,-0.2521999999999949,0,0
DSY1,detached,run_1851,random64,vent_rotation,1.7702,51.0,35.127,11,156.5701,13,11,True,1.7702,51.0,35.127,11,156.7971,13,11,True,0.0,0.0,0.0,0,-0.22700000000000387,0,0
DSY1,detached,run_1864,random64,vent_rotation,1.6612,50.0,34.965,11,80.6438,11,11,True,1.6885,50.0,34.937,11,81.5441,10,11,True,-0.02729999999999988,0.0,0.028000000000005798,0,-0.9003000000000014,1,0
DSY1,detached,run_1865,random64,vent_rotation,2.6416,61.0,35.594,33,82.8923,29,36,True,2.6416,61.0,35.601,33,83.3178,29,36,True,0.0,0.0,-0.006999999999997897,0,-0.42549999999999955,0,0
DSY1,detached,run_1866,random64,vent_rotation,2.0969,58.0,35.743,13,240.9246,28,13,True,2.1242,58.0,35.735,13,247.5302,27,13,True,-0.02729999999999988,0.0,0.008000000000002672,0,-6.60560000000001,1,0
DSY1,detached,run_1911,random64,vent_rotation,1.2255,38.0,33.628,12,16.5791,3,12,True,1.1983,38.0,33.683,12,16.7841,3,12,True,0.027200000000000113,0.0,-0.054999999999999716,0,-0.2049999999999983,0,0
DSY1,detached,run_1941,stress16,vent_rotation,2.8322,67.0,36.217,23,327.5197,37,25,True,2.805,67.0,36.226,22,322.7603,37,23,True,0.02719999999999967,0.0,-0.009000000000000341,1,4.759400000000028,0,2
DSY1,detached,run_1952,random64,vent_rotation,1.4706,40.0,34.319,7,73.7745,5,7,True,1.4434,40.0,34.319,7,73.8957,5,7,True,0.02719999999999989,0.0,0.0,0,-0.12120000000000175,0,0
DSY1,semi,run_0000,stress16,vent_rotation,1.4434,44.0,34.387,17,50.1179,6,17,True,1.4706,45.0,34.48,16,50.0547,6,16,True,-0.02719999999999989,-1.0,-0.09299999999999642,1,0.06320000000000192,0,1
DSY1,semi,run_0015,random64,vent_rotation,1.6612,50.0,34.951,14,212.16,9,14,True,1.6885,49.0,34.956,13,231.8095,9,14,True,-0.02729999999999988,1.0,-0.005000000000002558,1,-19.649500000000018,0,0
DSY1,semi,run_0023,random64,vent_rotation,1.3344,41.0,34.204,11,48.951,5,11,True,1.3617,41.0,34.262,11,48.9836,5,11,True,-0.02729999999999988,0.0,-0.05799999999999983,0,-0.03260000000000218,0,0
DSY1,semi,run_0029,stress16,vent_rotation,1.988,54.0,34.397,45,42.146,8,45,True,1.9336,54.0,34.468,44,42.2951,8,44,True,0.054400000000000004,0.0,-0.07100000000000506,1,-0.14909999999999712,0,1
DSY1,semi,run_0044,random64,vent_rotation,1.3072,39.0,33.899,8,54.2273,3,8,True,1.3617,40.0,34.295,10,54.7117,5,10,True,-0.05449999999999999,-1.0,-0.3960000000000008,-2,-0.48440000000000083,-2,-2
DSY1,semi,run_0063,random64,vent_rotation,1.8519,53.0,35.24,13,155.6892,20,13,True,1.8246,52.0,35.222,12,163.1934,19,12,True,0.027300000000000102,1.0,0.018000000000000682,1,-7.504199999999997,1,1
DSY1,semi,run_0092,random64,vent_rotation,1.4706,43.0,33.932,13,36.1212,5,13,True,1.4978,42.0,34.364,12,37.9512,5,12,True,-0.027200000000000113,1.0,-0.43199999999999505,1,-1.8299999999999983,0,1
DSY1,semi,run_0095,random64,vent_rotation,1.7157,51.0,34.8,18,49.865,9,18,True,1.7157,50.0,34.687,17,52.9285,8,17,True,0.0,1.0,0.11299999999999955,1,-3.0634999999999977,1,1
DSY1,semi,run_0132,stress16,vent_rotation,2.0153,58.0,35.305,27,67.1668,23,27,True,1.988,61.0,35.49,27,69.4631,23,27,True,0.02729999999999988,-3.0,-0.18500000000000227,0,-2.2963000000000022,0,0
DSY1,semi,run_0169,random64,vent_rotation,1.1166,29.0,32.456,22,33.2776,0,22,False,1.1438,33.0,32.877,24,33.308,0,24,False,-0.02719999999999989,-4.0,-0.4209999999999994,-2,-0.030400000000000205,0,-2
DSY1,semi,run_0171,random64,vent_rotation,1.5523,45.0,34.003,11,44.6654,5,11,True,1.5251,48.0,34.553,11,47.1677,7,11,True,0.027200000000000113,-3.0,-0.5499999999999972,0,-2.5023000000000053,-2,0
DSY1,semi,run_0172,random64,vent_rotation,1.4434,43.0,33.885,19,13.7784,5,19,True,1.4161,42.0,33.937,17,15.3848,5,17,True,0.027300000000000102,1.0,-0.0519999999999996,2,-1.6064000000000007,0,2
DSY1,semi,run_0189,random64,vent_rotation,1.4978,39.0,33.756,11,38.5661,3,11,True,1.5523,45.0,34.356,14,38.6645,7,14,True,-0.05449999999999999,-6.0,-0.6000000000000014,-3,-0.09839999999999804,-4,-3
DSY1,semi,run_0203,random64,vent_rotation,1.3617,38.0,33.565,11,38.6174,3,11,True,1.4161,42.0,34.319,15,39.4714,5,15,True,-0.054400000000000004,-4.0,-0.7540000000000049,-4,-0.8539999999999992,-2,-4
DSY1,semi,run_0208,random64,vent_rotation,1.3072,39.0,33.649,10,44.6463,4,10,True,1.3617,40.0,34.172,11,49.0313,5,11,True,-0.05449999999999999,-1.0,-0.5229999999999961,-1,-4.385000000000005,-1,-1
DSY1,semi,run_0239,stress16,vent_rotation,3.5948,57.0,35.2,67,48.7476,26,156,True,3.5675,57.0,35.26,69,47.942,26,153,True,0.027300000000000324,0.0,-0.05999999999999517,-2,0.8055999999999983,0,3
DSY1,semi,run_0241,stress16,vent_rotation,3.2407,58.0,35.646,38,517.2338,29,71,True,3.159,58.0,35.627,36,521.8296,29,66,True,0.0817000000000001,0.0,0.01899999999999835,2,-4.595800000000054,0,5
DSY1,semi,run_0298,random64,vent_rotation,1.6612,47.0,34.766,11,63.4802,9,11,True,1.6612,48.0,34.843,11,62.3036,9,11,True,0.0,-1.0,-0.07700000000000529,0,1.1766000000000005,0,0
DSY1,semi,run_0302,random64,vent_rotation,1.4434,44.0,34.324,16,36.7688,5,16,True,1.3889,42.0,34.294,13,39.4416,5,13,True,0.05449999999999999,2.0,0.030000000000001137,3,-2.6728000000000023,0,3
DSY1,semi,run_0421,random64,vent_rotation,1.6068,49.0,34.792,12,92.0452,9,12,True,1.6068,49.0,34.763,12,107.3144,9,12,True,0.0,0.0,0.029000000000003467,0,-15.269200000000012,0,0
DSY1,semi,run_0456,random64,vent_rotation,1.5795,49.0,34.657,11,70.9325,7,11,True,1.5795,48.0,34.664,11,78.7028,7,11,True,0.0,1.0,-0.007000000000005002,0,-7.770299999999992,0,0
DSY1,semi,run_0492,stress16,vent_rotation,2.1514,59.0,35.395,27,73.3998,26,29,True,2.1786,59.0,35.379,27,74.541,27,30,True,-0.02719999999999967,0.0,0.016000000000005343,0,-1.1411999999999978,-1,-1
DSY1,semi,run_0499,random64,vent_rotation,1.3889,37.0,33.0,15,24.4079,1,15,True,1.4978,44.0,33.98,17,24.8587,5,17,True,-0.1089,-7.0,-0.9799999999999969,-2,-0.4507999999999974,-4,-2
DSY1,semi,run_0500,random64,vent_rotation,1.3072,39.0,33.652,9,33.3477,4,9,True,1.3617,40.0,34.175,11,34.3282,5,11,True,-0.05449999999999999,-1.0,-0.5229999999999961,-2,-0.9804999999999993,-1,-2
DSY1,semi,run_0628,stress16,vent_rotation,1.4978,43.0,34.466,7,62.591,6,7,True,1.4978,43.0,34.468,7,63.0612,6,7,True,0.0,0.0,-0.0020000000000024443,0,-0.4701999999999984,0,0
DSY1,semi,run_0745,random64,vent_rotation,1.5795,49.0,34.727,15,88.2663,8,15,True,1.634,49.0,34.784,14,99.7702,8,14,True,-0.05449999999999999,0.0,-0.05700000000000216,1,-11.503900000000002,0,1
DSY1,semi,run_0768,stress16,vent_rotation,2.5871,59.0,35.541,38,121.5967,28,57,True,2.5871,59.0,35.575,37,122.0742,27,48,True,0.0,0.0,-0.034000000000006025,1,-0.47750000000000625,1,9
DSY1,semi,run_0785,random64,vent_rotation,1.7157,49.0,34.842,11,69.8336,12,11,True,1.6612,49.0,34.891,11,68.7185,12,11,True,0.05449999999999999,0.0,-0.04899999999999949,0,1.1150999999999982,0,0
DSY1,semi,run_0788,random64,vent_rotation,1.5523,48.0,34.461,18,40.3435,6,18,True,1.5523,50.0,34.512,16,45.503,6,16,True,0.0,-2.0,-0.05100000000000193,2,-5.159500000000001,0,2
DSY1,semi,run_0821,random64,vent_rotation,1.2527,34.0,33.191,8,35.8757,2,8,True,1.28,40.0,34.071,9,35.5616,5,9,True,-0.027300000000000102,-6.0,-0.8799999999999955,-1,0.3141000000000034,-3,-1
DSY1,semi,run_0833,random64,vent_rotation,1.3072,39.0,33.724,11,34.2539,4,11,True,1.3344,40.0,34.155,11,35.92,5,11,True,-0.027200000000000113,-1.0,-0.4310000000000045,0,-1.6661000000000001,-1,0
DSY1,semi,run_0841,random64,vent_rotation,1.634,49.0,34.879,11,79.6745,9,11,True,1.6612,50.0,34.889,10,86.4948,9,10,True,-0.027200000000000113,-1.0,-0.010000000000005116,1,-6.820300000000003,0,1
DSY1,semi,run_0844,random64,vent_rotation,1.4434,43.0,34.384,13,54.0589,7,13,True,1.4978,47.0,34.602,13,56.9489,7,13,True,-0.054400000000000004,-4.0,-0.21799999999999642,0,-2.8900000000000006,0,0
DSY1,semi,run_0887,random64,vent_rotation,1.4434,41.0,34.253,11,32.3116,5,11,True,1.3889,40.0,34.213,11,35.2878,5,11,True,0.05449999999999999,1.0,0.03999999999999915,0,-2.9761999999999986,0,0
DSY1,semi,run_1025,stress16,vent_rotation,1.6612,51.0,34.914,16,70.7522,9,16,True,1.7157,50.0,34.895,14,76.7817,9,14,True,-0.05449999999999999,1.0,0.01899999999999835,2,-6.029499999999999,0,2
DSY1,semi,run_1083,random64,vent_rotation,1.4434,42.0,34.396,12,43.5947,5,12,True,1.4161,41.0,34.393,11,45.1696,5,11,True,0.027300000000000102,1.0,0.0030000000000001137,1,-1.5748999999999995,0,1
DSY1,semi,run_1093,random64,vent_rotation,1.4978,44.0,34.144,25,39.3487,6,25,True,1.4706,43.0,34.112,23,39.7999,6,23,True,0.027200000000000113,1.0,0.031999999999996476,2,-0.45120000000000005,0,2
DSY1,semi,run_1130,random64,vent_rotation,1.171,32.0,33.079,15,8.5126,1,15,True,1.2255,36.0,33.376,16,8.6193,2,16,True,-0.05449999999999999,-4.0,-0.29699999999999704,-1,-0.10670000000000002,-1,-1
DSY1,semi,run_1192,random64,vent_rotation,1.6068,45.0,34.378,12,85.5726,8,12,True,1.634,49.0,34.855,14,88.7931,10,14,True,-0.02719999999999989,-4.0,-0.47699999999999676,-2,-3.2205000000000013,-2,-2
DSY1,semi,run_1197,random64,vent_rotation,1.2527,34.0,33.408,10,33.9702,2,10,True,1.28,39.0,34.093,11,34.9628,5,11,True,-0.027300000000000102,-5.0,-0.6850000000000023,-1,-0.992600000000003,-3,-1
DSY1,semi,run_1199,stress16,vent_rotation,1.4161,41.0,33.816,15,43.5947,4,15,True,1.4434,44.0,34.461,15,44.3952,6,15,True,-0.027300000000000102,-3.0,-0.644999999999996,0,-0.8004999999999995,-2,0
DSY1,semi,run_1207,random64,vent_rotation,1.2527,37.0,33.238,17,12.2647,2,17,True,1.28,38.0,33.543,17,12.7955,3,17,True,-0.027300000000000102,-1.0,-0.3049999999999997,0,-0.530800000000001,-1,0
DSY1,semi,run_1209,random64,vent_rotation,2.3693,58.0,35.278,31,148.2201,18,34,True,2.3693,57.0,35.257,29,170.9204,19,32,True,0.0,1.0,0.021000000000000796,2,-22.7003,-1,2
DSY1,semi,run_1214,stress16,vent_rotation,3.0229,57.0,35.277,39,358.7142,20,45,True,2.9956,58.0,35.369,39,399.4744,20,46,True,0.02729999999999988,-1.0,-0.09199999999999875,0,-40.7602,0,-1
DSY1,semi,run_1248,random64,vent_rotation,2.7233,56.0,35.338,32,279.1914,22,35,True,2.6688,56.0,35.372,32,292.4836,22,35,True,0.05449999999999999,0.0,-0.03399999999999892,0,-13.292200000000037,0,0
DSY1,semi,run_1268,random64,vent_rotation,2.6688,67.0,35.804,49,57.7262,36,52,True,2.6961,67.0,35.836,45,58.5802,36,48,True,-0.02729999999999988,0.0,-0.031999999999996476,4,-0.8539999999999992,0,4
DSY1,semi,run_1274,random64,vent_rotation,1.988,51.0,34.965,21,161.6746,9,22,True,2.0153,50.0,34.987,20,193.1482,9,22,True,-0.02729999999999988,1.0,-0.021999999999998465,1,-31.473600000000005,0,0
DSY1,semi,run_1295,random64,vent_rotation,1.3617,41.0,33.887,15,34.4279,4,15,True,1.3344,42.0,33.992,15,34.5421,4,15,True,0.02729999999999988,-1.0,-0.10499999999999687,0,-0.11419999999999675,0,0
DSY1,semi,run_1311,random64,vent_rotation,1.6885,51.0,34.774,17,66.4903,8,17,True,1.6885,51.0,34.782,17,68.2971,9,17,True,0.0,0.0,-0.007999999999995566,0,-1.8067999999999955,-1,0
DSY1,semi,run_1388,random64,vent_rotation,1.2255,38.0,33.735,11,14.1501,3,11,True,1.1983,38.0,33.734,10,14.8582,3,10,True,0.027200000000000113,0.0,0.0009999999999976694,1,-0.7081,0,1
DSY1,semi,run_1391,random64,vent_rotation,1.5795,46.0,33.904,21,28.3557,5,21,True,1.6068,44.0,34.001,21,28.2532,5,21,True,-0.027300000000000102,2.0,-0.0969999999999942,0,0.10249999999999915,0,0
DSY1,semi,run_1416,stress16,vent_rotation,1.6885,45.0,33.653,24,32.1508,4,24,True,1.6612,47.0,34.181,24,32.5983,6,24,True,0.02729999999999988,-2.0,-0.5279999999999987,0,-0.4475000000000051,-2,0
DSY1,semi,run_1434,random64,vent_rotation,1.3617,41.0,34.124,11,37.8349,5,11,True,1.3617,40.0,34.253,10,43.344,5,10,True,0.0,1.0,-0.12899999999999778,1,-5.509100000000004,0,1
DSY1,semi,run_1476,random64,vent_rotation,1.8791,50.0,34.736,24,55.2701,8,25,True,1.8519,51.0,34.771,24,65.1964,8,26,True,0.02719999999999989,-1.0,-0.035000000000003695,0,-9.926299999999998,0,-1
DSY1,semi,run_1497,random64,vent_rotation,1.6068,50.0,34.701,12,44.503,8,12,True,1.634,48.0,34.636,11,48.9975,7,11,True,-0.02719999999999989,2.0,0.06499999999999773,1,-4.494500000000002,1,1
DSY1,semi,run_1506,stress16,vent_rotation,3.8943,60.0,35.548,72,354.9332,34,175,True,3.7037,60.0,35.585,68,427.6265,31,173,True,0.19059999999999988,0.0,-0.036999999999999034,4,-72.69330000000002,3,2
DSY1,semi,run_1521,stress16,vent_rotation,1.6612,48.0,34.862,11,145.7451,11,11,True,1.6612,48.0,34.876,11,143.4841,12,11,True,0.0,0.0,-0.013999999999995794,0,2.2609999999999957,-1,0
DSY1,semi,run_1525,random64,vent_rotation,1.2527,37.0,33.62,10,25.6588,3,10,True,1.3617,40.0,34.014,10,25.7088,5,10,True,-0.10899999999999999,-3.0,-0.39400000000000546,0,-0.05000000000000071,-2,0
DSY1,semi,run_1560,random64,vent_rotation,2.2876,60.0,35.448,25,72.1418,24,26,True,2.2059,62.0,35.53,24,77.0327,23,25,True,0.08169999999999966,-2.0,-0.08200000000000074,1,-4.890900000000002,1,1
DSY1,semi,run_1586,random64,vent_rotation,1.3072,37.0,33.404,14,20.8469,2,14,True,1.3889,40.0,34.029,15,22.5933,5,15,True,-0.0817000000000001,-3.0,-0.625,-1,-1.7463999999999977,-3,-1
DSY1,semi,run_1590,random64,vent_rotation,2.0969,56.0,35.52,12,118.5528,27,12,True,2.0969,56.0,35.552,12,117.1153,27,12,True,0.0,0.0,-0.031999999999996476,0,1.4375,0,0
DSY1,semi,run_1644,random64,vent_rotation,1.8791,48.0,34.5,19,74.9645,6,20,True,1.8791,47.0,34.534,18,90.9439,5,19,True,0.0,1.0,-0.03399999999999892,1,-15.979399999999998,1,1
DSY1,semi,run_1646,random64,vent_rotation,1.2527,35.0,33.087,14,70.8243,1,14,True,1.3617,43.0,34.105,15,70.8726,5,15,True,-0.10899999999999999,-8.0,-1.0179999999999936,-1,-0.04830000000001178,-4,-1
DSY1,semi,run_1649,random64,vent_rotation,1.7429,50.0,34.72,17,42.9908,10,17,True,1.7157,51.0,34.72,17,43.4143,10,17,True,0.02719999999999989,-1.0,0.0,0,-0.4234999999999971,0,0
DSY1,semi,run_1739,random64,vent_rotation,1.3344,41.0,33.988,16,35.3122,5,16,True,1.3344,41.0,33.947,16,35.5562,4,16,True,0.0,0.0,0.04099999999999682,0,-0.24399999999999977,1,0
DSY1,semi,run_1746,random64,vent_rotation,1.4706,43.0,34.244,16,29.1376,5,16,True,1.5523,43.0,34.219,16,29.479,5,16,True,-0.0817000000000001,0.0,0.02499999999999858,0,-0.34140000000000015,0,0
DSY1,semi,run_1748,random64,vent_rotation,1.9608,53.0,35.049,27,69.574,13,30,True,1.9608,53.0,35.022,25,73.8792,14,28,True,0.0,0.0,0.027000000000001023,2,-4.305199999999999,-1,2
DSY1,semi,run_1757,random64,vent_rotation,2.2603,54.0,35.174,25,182.299,13,28,True,2.3148,53.0,35.156,23,204.0228,13,26,True,-0.05449999999999999,1.0,0.018000000000000682,2,-21.723799999999983,0,2
DSY1,semi,run_1759,random64,vent_rotation,1.4161,41.0,33.963,16,30.7421,5,16,True,1.4161,41.0,33.96,15,30.8326,5,15,True,0.0,0.0,0.0030000000000001137,1,-0.09049999999999869,0,1
DSY1,semi,run_1762,random64,vent_rotation,1.5251,47.0,34.49,10,71.8719,7,10,True,1.5251,48.0,34.69,10,73.7717,8,10,True,0.0,-1.0,-0.19999999999999574,0,-1.899799999999999,-1,0
DSY1,semi,run_1801,stress16,vent_rotation,1.5795,46.0,34.275,16,80.1479,7,16,True,1.5795,48.0,34.635,14,84.1362,8,14,True,0.0,-2.0,-0.35999999999999943,2,-3.9882999999999953,-1,2
DSY1,semi,run_1809,random64,vent_rotation,1.4161,40.0,34.206,10,29.0862,5,10,True,1.3889,40.0,34.176,11,30.6751,5,11,True,0.02719999999999989,0.0,0.030000000000001137,-1,-1.5888999999999989,0,-1
DSY1,semi,run_1813,random64,vent_rotation,1.3617,40.0,34.152,10,41.4271,5,10,True,1.3617,40.0,34.224,10,41.0087,5,10,True,0.0,0.0,-0.07199999999999562,0,0.41840000000000543,0,0
DSY1,semi,run_1851,random64,vent_rotation,1.634,49.0,34.817,10,94.811,9,10,True,1.6068,49.0,34.811,11,106.7916,9,11,True,0.02719999999999989,0.0,0.006000000000000227,-1,-11.980599999999995,0,-1
DSY1,semi,run_1864,random64,vent_rotation,1.5523,47.0,34.37,12,48.5859,6,12,True,1.5523,48.0,34.556,11,54.4146,6,11,True,0.0,-1.0,-0.18599999999999994,1,-5.828699999999998,0,1
DSY1,semi,run_1865,random64,vent_rotation,2.3693,58.0,35.0,32,42.0128,11,35,True,2.3148,58.0,35.033,29,48.7658,11,32,True,0.05449999999999999,0.0,-0.03300000000000125,3,-6.753,0,3
DSY1,semi,run_1866,random64,vent_rotation,1.6885,49.0,35.004,11,126.6171,15,11,True,1.6885,49.0,35.061,11,126.2426,15,11,True,0.0,0.0,-0.05700000000000216,0,0.3744999999999976,0,0
DSY1,semi,run_1911,random64,vent_rotation,1.1166,31.0,33.016,11,11.6278,1,11,True,1.171,36.0,33.542,11,11.5672,3,11,True,-0.054400000000000004,-5.0,-0.5260000000000034,0,0.060600000000000875,-2,0
DSY1,semi,run_1941,stress16,vent_rotation,2.7233,63.0,36.012,28,251.7457,33,31,True,2.7778,62.0,36.006,27,267.7837,33,30,True,-0.05449999999999999,1.0,0.006000000000000227,1,-16.03800000000001,0,1
DSY1,semi,run_1952,random64,vent_rotation,1.3072,40.0,34.115,8,54.3838,5,8,True,1.28,40.0,34.112,8,54.2514,5,8,True,0.02719999999999989,0.0,0.0030000000000001137,0,0.13240000000000407,0,0
TMYx,semi,run_0000,stress16,attic_party,0.1362,9.0,29.768,2,48.414,0,2,False,0.1362,9.0,29.761,2,48.3434,0,2,False,0.0,0.0,0.0070000000000014495,0,0.07059999999999889,0,0
TMYx,semi,run_0015,random64,attic_party,0.1362,8.0,29.749,0,277.9684,0,0,False,0.1089,8.0,29.705,0,277.9104,0,0,False,0.02729999999999999,0.0,0.04400000000000048,0,0.057999999999992724,0,0
TMYx,semi,run_0023,random64,attic_party,0.0545,5.0,29.248,0,47.4314,0,0,False,0.0545,5.0,29.252,0,47.5517,0,0,False,0.0,0.0,-0.003999999999997783,0,-0.1203000000000003,0,0
TMYx,semi,run_0029,stress16,attic_party,0.7898,16.0,30.752,29,41.6369,0,29,False,0.7898,16.0,30.733,29,41.7581,0,29,False,0.0,0.0,0.01899999999999835,0,-0.12120000000000175,0,0
TMYx,semi,run_0044,random64,attic_party,0.0545,4.0,29.168,0,55.8149,0,0,False,0.0545,4.0,29.179,0,55.4131,0,0,False,0.0,0.0,-0.010999999999999233,0,0.4018000000000015,0,0
TMYx,semi,run_0063,random64,attic_party,0.5719,12.0,30.629,1,201.917,0,1,False,0.5447,12.0,30.598,1,201.9779,0,1,False,0.027200000000000002,0.0,0.03100000000000236,0,-0.06090000000000373,0,0
TMYx,semi,run_0092,random64,attic_party,0.0817,5.0,29.42,0,43.4904,0,0,False,0.0817,5.0,29.427,0,43.6234,0,0,False,0.0,0.0,-0.006999999999997897,0,-0.13299999999999557,0,0
TMYx,semi,run_0095,random64,attic_party,0.3268,11.0,30.156,2,63.4987,0,2,False,0.3268,11.0,30.143,2,62.6286,0,2,False,0.0,0.0,0.012999999999998124,0,0.8701000000000008,0,0
TMYx,semi,run_0132,stress16,attic_party,0.9532,21.0,31.286,9,75.5035,0,9,False,0.9259,21.0,31.287,9,75.6239,0,9,False,0.027300000000000102,0.0,-0.0009999999999976694,0,-0.12040000000000362,0,0
TMYx,semi,run_0169,random64,attic_party,0.0,0.0,28.851,5,31.299,0,5,False,0.0,0.0,28.867,6,31.2742,0,6,False,0.0,0.0,-0.01600000000000179,-1,0.024799999999999045,0,-1
TMYx,semi,run_0171,random64,attic_party,0.1089,8.0,29.69,0,50.1859,0,0,False,0.1089,8.0,29.701,0,50.3761,0,0,False,0.0,0.0,-0.010999999999999233,0,-0.19020000000000437,0,0
TMYx,semi,run_0172,random64,attic_party,0.0,3.0,29.098,2,17.2315,0,2,False,0.0,3.0,29.094,2,17.4486,0,2,False,0.0,0.0,0.003999999999997783,0,-0.21709999999999852,0,0
TMYx,semi,run_0189,random64,attic_party,0.1634,9.0,29.749,1,38.8005,0,1,False,0.1634,9.0,29.757,1,38.7209,0,1,False,0.0,0.0,-0.008000000000002672,0,0.07959999999999923,0,0
TMYx,semi,run_0203,random64,attic_party,0.0817,5.0,29.311,0,45.6164,0,0,False,0.0817,5.0,29.292,0,45.3144,0,0,False,0.0,0.0,0.01899999999999835,0,0.3019999999999996,0,0
TMYx,semi,run_0208,random64,attic_party,0.0,4.0,29.05,0,53.3497,0,0,False,0.0,4.0,29.053,0,53.248,0,0,False,0.0,0.0,-0.0030000000000001137,0,0.10170000000000101,0,0
TMYx,semi,run_0239,stress16,attic_party,1.4434,20.0,31.266,22,48.9193,0,120,False,1.4434,20.0,31.275,20,49.2939,0,118,False,0.0,0.0,-0.009000000000000341,2,-0.37460000000000093,0,2
TMYx,semi,run_0241,stress16,attic_party,0.9532,20.0,31.171,7,587.5747,0,43,False,0.9259,20.0,31.169,6,586.4486,0,42,False,0.027300000000000102,0.0,0.0019999999999988916,1,1.1260999999999513,0,1
TMYx,semi,run_0298,random64,attic_party,0.2996,11.0,30.193,0,72.0047,0,0,False,0.3268,11.0,30.168,0,72.3419,0,0,False,-0.027200000000000002,0.0,0.02500000000000213,0,-0.3371999999999957,0,0
TMYx,semi,run_0302,random64,attic_party,0.0,3.0,29.171,0,42.3943,0,0,False,0.0,3.0,29.173,0,42.5092,0,0,False,0.0,0.0,-0.0019999999999988916,0,-0.11489999999999867,0,0
TMYx,semi,run_0421,random64,attic_party,0.0817,6.0,29.528,0,129.6761,0,0,False,0.0817,6.0,29.534,0,128.885,0,0,False,0.0,0.0,-0.006000000000000227,0,0.7911000000000001,0,0
TMYx,semi,run_0456,random64,attic_party,0.1089,7.0,29.69,1,74.9591,0,1,False,0.1089,7.0,29.673,1,75.0964,0,1,False,0.0,0.0,0.017000000000003013,0,-0.1372999999999962,0,0
TMYx,semi,run_0492,stress16,attic_party,1.3344,22.0,31.457,12,88.9329,0,13,False,1.3344,22.0,31.458,12,88.8786,0,13,False,0.0,0.0,-0.0009999999999976694,0,0.054299999999997794,0,0
TMYx,semi,run_0499,random64,attic_party,0.1089,5.0,29.66,2,25.8867,0,2,False,0.1089,5.0,29.669,2,26.1277,0,2,False,0.0,0.0,-0.009000000000000341,0,-0.24099999999999966,0,0
TMYx,semi,run_0500,random64,attic_party,0.0545,4.0,29.173,0,36.5437,0,0,False,0.0272,4.0,29.165,0,36.4104,0,0,False,0.0273,0.0,0.007999999999999119,0,0.13329999999999842,0,0
TMYx,semi,run_0628,stress16,attic_party,0.0817,5.0,29.499,0,65.9199,0,0,False,0.0817,5.0,29.515,0,66.3968,0,0,False,0.0,0.0,-0.01600000000000179,0,-0.47690000000000055,0,0
TMYx,semi,run_0745,random64,attic_party,0.1362,10.0,29.884,1,117.0931,0,1,False,0.1362,10.0,29.87,1,117.114,0,1,False,0.0,0.0,0.013999999999999346,0,-0.020899999999997476,0,0
TMYx,semi,run_0768,stress16,attic_party,1.5251,22.0,31.585,13,136.5966,0,26,False,1.5251,22.0,31.539,13,136.8836,0,26,False,0.0,0.0,0.045999999999999375,0,-0.28700000000000614,0,0
TMYx,semi,run_0785,random64,attic_party,0.3268,11.0,30.254,0,81.544,0,0,False,0.3268,11.0,30.257,0,82.0422,0,0,False,0.0,0.0,-0.0030000000000001137,0,-0.4981999999999971,0,0
TMYx,semi,run_0788,random64,attic_party,0.0545,5.0,29.517,0,53.2045,0,0,False,0.0817,7.0,29.507,1,52.6967,0,1,False,-0.027199999999999995,-2.0,0.00999999999999801,-1,0.5078000000000031,0,-1
TMYx,semi,run_0821,random64,attic_party,0.0,3.0,28.968,0,36.3668,0,0,False,0.0,3.0,28.97,0,36.4676,0,0,False,0.0,0.0,-0.0019999999999988916,0,-0.10079999999999956,0,0
TMYx,semi,run_0833,random64,attic_party,0.0,3.0,29.031,0,37.4943,0,0,False,0.0,3.0,28.997,0,37.36,0,0,False,0.0,0.0,0.03399999999999892,0,0.1343000000000032,0,0
TMYx,semi,run_0841,random64,attic_party,0.1089,8.0,29.754,0,101.8455,0,0,False,0.1089,8.0,29.729,0,100.8009,0,0,False,0.0,0.0,0.02500000000000213,0,1.0446000000000026,0,0
TMYx,semi,run_0844,random64,attic_party,0.0817,6.0,29.649,1,66.5011,0,1,False,0.0817,6.0,29.67,1,66.2534,0,1,False,0.0,0.0,-0.021000000000000796,0,0.2476999999999947,0,0
TMYx,semi,run_0887,random64,attic_party,0.0,4.0,29.052,0,43.6326,0,0,False,0.0,4.0,29.051,0,43.0221,0,0,False,0.0,0.0,0.0010000000000012221,0,0.6104999999999947,0,0
TMYx,semi,run_1025,stress16,attic_party,0.1906,7.0,29.857,0,80.0408,0,0,False,0.1906,7.0,29.861,0,80.1388,0,0,False,0.0,0.0,-0.004000000000001336,0,-0.09799999999999898,0,0
TMYx,semi,run_1083,random64,attic_party,0.0545,4.0,29.191,0,55.5273,0,0,False,0.0545,4.0,29.228,0,55.9522,0,0,False,0.0,0.0,-0.037000000000002586,0,-0.42490000000000094,0,0
TMYx,semi,run_1093,random64,attic_party,0.1089,6.0,29.403,6,38.3428,0,6,False,0.1089,6.0,29.414,5,38.4356,0,5,False,0.0,0.0,-0.011000000000002785,1,-0.09280000000000399,0,1
TMYx,semi,run_1130,random64,attic_party,0.0,0.0,28.815,2,9.5497,0,2,False,0.0,0.0,28.756,1,9.7343,0,1,False,0.0,0.0,0.05900000000000105,1,-0.18459999999999965,0,1
TMYx,semi,run_1192,random64,attic_party,0.2451,11.0,30.104,1,100.6461,0,1,False,0.2451,11.0,30.111,1,101.2066,0,1,False,0.0,0.0,-0.0070000000000014495,0,-0.5604999999999905,0,0
TMYx,semi,run_1197,random64,attic_party,0.0,3.0,28.996,0,35.5504,0,0,False,0.0,3.0,28.997,0,35.6839,0,0,False,0.0,0.0,-0.0010000000000012221,0,-0.13349999999999795,0,0
TMYx,semi,run_1199,stress16,attic_party,0.0817,5.0,29.519,1,52.0049,0,1,False,0.0817,5.0,29.518,1,52.8377,0,1,False,0.0,0.0,0.0009999999999976694,0,-0.8327999999999989,0,0
TMYx,semi,run_1207,random64,attic_party,0.0,0.0,28.745,1,13.7288,0,1,False,0.0,0.0,28.745,2,13.7493,0,2,False,0.0,0.0,0.0,-1,-0.020500000000000185,0,-1
TMYx,semi,run_1209,random64,attic_party,0.5447,13.0,30.513,4,204.1737,0,6,False,0.5719,13.0,30.486,4,203.3296,0,5,False,-0.027200000000000002,0.0,0.027000000000001023,0,0.8440999999999974,0,1
TMYx,semi,run_1214,stress16,attic_party,0.4357,13.0,30.59,12,426.8673,0,17,False,0.463,13.0,30.614,12,428.8964,0,16,False,-0.027300000000000046,0.0,-0.02400000000000091,0,-2.029100000000028,0,1
TMYx,semi,run_1248,random64,attic_party,0.6536,14.0,30.61,6,344.1431,0,9,False,0.6264,14.0,30.563,5,344.5506,0,8,False,0.027200000000000002,0.0,0.0470000000000006,1,-0.40749999999997044,0,1
TMYx,semi,run_1268,random64,attic_party,1.8246,29.0,31.933,21,64.2631,0,21,False,1.8246,29.0,31.932,20,64.3609,0,20,False,0.0,0.0,0.0010000000000012221,1,-0.09780000000000655,0,1
TMYx,semi,run_1274,random64,attic_party,0.1089,8.0,29.65,0,223.3678,0,0,False,0.1362,9.0,29.73,0,222.9603,0,0,False,-0.02729999999999999,-1.0,-0.08000000000000185,0,0.40749999999999886,0,0
TMYx,semi,run_1295,random64,attic_party,0.0,4.0,29.093,1,32.5499,0,1,False,0.0,4.0,29.112,1,32.509,0,1,False,0.0,0.0,-0.01899999999999835,0,0.0409000000000006,0,0
TMYx,semi,run_1311,random64,attic_party,0.2451,10.0,30.039,2,84.5996,0,2,False,0.2451,10.0,30.022,2,83.6241,0,2,False,0.0,0.0,0.017000000000003013,0,0.9754999999999967,0,0
TMYx,semi,run_1388,random64,attic_party,0.0,0.0,28.624,0,16.6137,0,0,False,0.0,0.0,28.62,0,16.5369,0,0,False,0.0,0.0,0.003999999999997783,0,0.0768000000000022,0,0
TMYx,semi,run_1391,random64,attic_party,0.2451,8.0,29.852,4,27.9239,0,4,False,0.2451,7.0,29.852,4,27.9179,0,4,False,0.0,1.0,0.0,0,0.006000000000000227,0,0
TMYx,semi,run_1416,stress16,attic_party,0.2451,10.0,29.993,5,33.7912,0,5,False,0.2451,10.0,29.995,5,33.8143,0,5,False,0.0,0.0,-0.0020000000000024443,0,-0.023099999999999454,0,0
TMYx,semi,run_1434,random64,attic_party,0.0,3.0,28.984,0,50.5472,0,0,False,0.0,3.0,28.986,0,49.4692,0,0,False,0.0,0.0,-0.0019999999999988916,0,1.0779999999999959,0,0
TMYx,semi,run_1476,random64,attic_party,0.1362,7.0,29.77,0,73.4786,0,0,False,0.1362,8.0,29.761,1,73.1695,0,1,False,0.0,-1.0,0.009000000000000341,-1,0.3091000000000008,0,-1
TMYx,semi,run_1497,random64,attic_party,0.1089,9.0,29.746,0,60.3979,0,0,False,0.1089,8.0,29.714,0,60.221,0,0,False,0.0,1.0,0.03200000000000003,0,0.1769000000000034,0,0
TMYx,semi,run_1506,stress16,attic_party,0.8715,16.0,30.617,17,437.9624,0,101,False,0.8715,16.0,30.592,18,437.5342,0,100,False,0.0,0.0,0.02500000000000213,-1,0.4282000000000039,0,1
TMYx,semi,run_1521,stress16,attic_party,0.2723,11.0,30.142,0,181.9729,0,0,False,0.2723,11.0,30.167,0,181.304,0,0,False,0.0,0.0,-0.02500000000000213,0,0.6689000000000078,0,0
TMYx,semi,run_1525,random64,attic_party,0.0,3.0,29.078,0,28.557,0,0,False,0.0,3.0,29.029,0,28.9543,0,0,False,0.0,0.0,0.04899999999999949,0,-0.3973000000000013,0,0
TMYx,semi,run_1560,random64,attic_party,0.9532,21.0,31.036,4,87.4682,0,4,False,0.9532,21.0,31.037,4,87.7208,0,4,False,0.0,0.0,-0.0009999999999976694,0,-0.25260000000000105,0,0
TMYx,semi,run_1586,random64,attic_party,0.0,3.0,29.107,0,25.2524,0,0,False,0.0,5.0,29.135,0,24.8327,0,0,False,0.0,-2.0,-0.028000000000002245,0,0.4197000000000024,0,0
TMYx,semi,run_1590,random64,attic_party,1.28,20.0,31.255,1,132.2894,0,1,False,1.28,20.0,31.274,1,130.8888,0,1,False,0.0,0.0,-0.019000000000001904,0,1.4005999999999972,0,0
TMYx,semi,run_1644,random64,attic_party,0.0545,5.0,29.342,0,97.4385,0,0,False,0.0545,5.0,29.312,0,97.4735,0,0,False,0.0,0.0,0.029999999999997584,0,-0.03499999999999659,0,0
TMYx,semi,run_1646,random64,attic_party,0.0,5.0,29.32,2,69.0529,0,2,False,0.0,4.0,29.317,2,69.0606,0,2,False,0.0,1.0,0.0030000000000001137,0,-0.007699999999999818,0,0
TMYx,semi,run_1649,random64,attic_party,0.2996,13.0,30.134,2,44.297,0,2,False,0.2996,13.0,30.125,2,43.9311,0,2,False,0.0,0.0,0.009000000000000341,0,0.36589999999999634,0,0
TMYx,semi,run_1739,random64,attic_party,0.0,4.0,29.107,1,34.6063,0,1,False,0.0,4.0,29.115,1,34.4982,0,1,False,0.0,0.0,-0.007999999999999119,0,0.10810000000000031,0,0
TMYx,semi,run_1746,random64,attic_party,0.1089,6.0,29.526,2,35.5268,0,2,False,0.0817,5.0,29.47,2,35.5507,0,2,False,0.027200000000000002,1.0,0.05600000000000094,0,-0.02389999999999759,0,0
TMYx,semi,run_1748,random64,attic_party,0.5719,14.0,30.559,4,90.945,0,5,False,0.5719,14.0,30.54,3,89.7159,0,4,False,0.0,0.0,0.019000000000001904,1,1.2290999999999883,0,1
TMYx,semi,run_1757,random64,attic_party,0.4085,12.0,30.275,3,244.6054,0,4,False,0.4085,12.0,30.311,3,244.9104,0,4,False,0.0,0.0,-0.036000000000001364,0,-0.3050000000000068,0,0
TMYx,semi,run_1759,random64,attic_party,0.0817,5.0,29.35,2,30.1472,0,2,False,0.0817,5.0,29.352,2,30.0297,0,2,False,0.0,0.0,-0.0019999999999988916,0,0.11750000000000327,0,0
TMYx,semi,run_1762,random64,attic_party,0.1089,7.0,29.771,0,77.4087,0,0,False,0.1089,7.0,29.75,0,77.2274,0,0,False,0.0,0.0,0.021000000000000796,0,0.18129999999999313,0,0
TMYx,semi,run_1801,stress16,attic_party,0.1089,6.0,29.61,0,90.6527,0,0,False,0.1089,6.0,29.632,0,90.1005,0,0,False,0.0,0.0,-0.022000000000002018,0,0.5521999999999991,0,0
TMYx,semi,run_1809,random64,attic_party,0.0,4.0,29.044,0,35.9108,0,0,False,0.0,4.0,29.047,0,35.7347,0,0,False,0.0,0.0,-0.0030000000000001137,0,0.17610000000000525,0,0
TMYx,semi,run_1813,random64,attic_party,0.0,4.0,29.028,0,43.0462,0,0,False,0.0,4.0,29.069,0,43.3691,0,0,False,0.0,0.0,-0.04100000000000037,0,-0.3229000000000042,0,0
TMYx,semi,run_1851,random64,attic_party,0.1089,8.0,29.589,0,122.1094,0,0,False,0.1089,8.0,29.619,0,122.767,0,0,False,0.0,0.0,-0.030000000000001137,0,-0.6576000000000022,0,0
TMYx,semi,run_1864,random64,attic_party,0.0817,5.0,29.436,0,58.8874,0,0,False,0.0817,5.0,29.485,0,59.2799,0,0,False,0.0,0.0,-0.04899999999999949,0,-0.3924999999999983,0,0
TMYx,semi,run_1865,random64,attic_party,0.4085,14.0,30.19,5,55.9533,0,5,False,0.4085,14.0,30.19,5,56.1981,0,5,False,0.0,0.0,0.0,0,-0.2447999999999979,0,0
TMYx,semi,run_1866,random64,attic_party,0.3813,11.0,30.568,0,143.6657,0,0,False,0.4085,13.0,30.637,1,142.8258,0,1,False,-0.027200000000000002,-2.0,-0.06899999999999906,-1,0.8399000000000001,0,-1
TMYx,semi,run_1911,random64,attic_party,0.0,0.0,28.547,0,12.8687,0,0,False,0.0,0.0,28.541,0,12.7833,0,0,False,0.0,0.0,0.006000000000000227,0,0.08539999999999992,0,0
TMYx,semi,run_1941,stress16,attic_party,1.3344,23.0,31.406,3,323.6288,0,3,False,1.3617,23.0,31.399,3,323.3616,0,3,False,-0.02729999999999988,0.0,0.006999999999997897,0,0.26720000000000255,0,0
TMYx,semi,run_1952,random64,attic_party,0.0272,4.0,29.14,0,51.0062,0,0,False,0.0272,4.0,29.14,0,50.9389,0,0,False,0.0,0.0,0.0,0,0.06730000000000302,0,0
TMYx,detached,run_0000,stress16,combined,0.0817,5.0,29.354,1,62.0196,0,1,False,0.1362,9.0,29.912,1,62.291,0,1,False,-0.05449999999999999,-4.0,-0.5579999999999998,0,-0.27139999999999986,0,0
TMYx,detached,run_0015,random64,combined,0.1906,10.0,29.97,1,402.8197,0,1,False,0.3813,12.0,30.339,0,411.9836,0,0,False,-0.19069999999999998,-2.0,-0.3689999999999998,1,-9.163900000000012,0,1
TMYx,detached,run_0023,random64,combined,0.0,3.0,28.925,0,60.2153,0,0,False,0.0817,5.0,29.379,0,60.4613,0,0,False,-0.0817,-2.0,-0.4540000000000006,0,-0.24600000000000222,0,0
TMYx,detached,run_0029,stress16,combined,0.4902,13.0,30.38,26,56.9231,0,26,False,0.7353,19.0,30.848,18,57.243,0,18,False,-0.24509999999999993,-6.0,-0.46799999999999997,8,-0.31990000000000407,0,8
TMYx,detached,run_0044,random64,combined,0.0,3.0,29.026,0,72.2529,0,0,False,0.0545,4.0,29.365,0,73.8047,0,0,False,-0.0545,-1.0,-0.33899999999999864,0,-1.5518,0,0
TMYx,detached,run_0063,random64,combined,0.4085,12.0,30.388,1,228.1225,0,1,False,0.5991,16.0,30.793,0,240.1718,0,0,False,-0.1906,-4.0,-0.4049999999999976,1,-12.049299999999988,0,1
TMYx,detached,run_0092,random64,combined,0.0,3.0,29.152,0,55.9577,0,0,False,0.1089,5.0,29.603,0,58.198,0,0,False,-0.1089,-2.0,-0.4510000000000005,0,-2.2402999999999977,0,0
TMYx,detached,run_0095,random64,combined,0.1906,8.0,29.796,1,87.4925,0,1,False,0.4085,11.0,30.242,1,87.1362,0,1,False,-0.21789999999999998,-3.0,-0.4460000000000015,0,0.3563000000000045,0,0
TMYx,detached,run_0132,stress16,combined,1.0621,23.0,31.404,11,101.0081,0,11,False,1.28,27.0,31.964,5,102.2647,0,5,False,-0.21789999999999998,-4.0,-0.5599999999999987,6,-1.256600000000006,0,6
TMYx,detached,run_0169,random64,combined,0.0,0.0,28.749,2,42.478,0,2,False,0.0,4.0,29.315,2,42.5297,0,2,False,0.0,-4.0,-0.5660000000000025,0,-0.05169999999999675,0,0
TMYx,detached,run_0171,random64,combined,0.1089,7.0,29.636,1,69.77,0,1,False,0.354,11.0,30.206,0,74.568,0,0,False,-0.24509999999999998,-4.0,-0.5700000000000003,1,-4.798000000000002,0,1
TMYx,detached,run_0172,random64,combined,0.0,3.0,29.065,1,24.8915,0,1,False,0.0817,5.0,29.492,1,25.8492,0,1,False,-0.0817,-2.0,-0.4269999999999996,0,-0.9576999999999991,0,0
TMYx,detached,run_0189,random64,combined,0.1089,6.0,29.581,1,49.2649,0,1,False,0.3268,12.0,30.074,0,49.8806,0,0,False,-0.21789999999999998,-6.0,-0.4930000000000021,1,-0.6157000000000039,0,1
TMYx,detached,run_0203,random64,combined,0.0,3.0,29.056,0,64.0147,0,0,False,0.0817,5.0,29.438,0,64.8835,0,0,False,-0.0817,-2.0,-0.3819999999999979,0,-0.8687999999999931,0,0
TMYx,detached,run_0208,random64,combined,0.0,3.0,28.929,0,81.8608,0,0,False,0.0545,4.0,29.257,0,86.5169,0,0,False,-0.0545,-1.0,-0.32800000000000296,0,-4.656100000000009,0,0
TMYx,detached,run_0239,stress16,combined,1.7157,26.0,31.509,54,76.9191,0,215,False,1.9063,30.0,31.939,45,71.8834,0,164,False,-0.1906000000000001,-4.0,-0.4299999999999997,9,5.035700000000006,0,51
TMYx,detached,run_0241,stress16,combined,0.8715,21.0,31.037,6,740.6495,0,36,False,1.0076,21.0,31.355,10,707.8041,0,29,False,-0.1361,0.0,-0.3180000000000014,-4,32.84540000000004,0,7
TMYx,detached,run_0298,random64,combined,0.2996,11.0,30.148,1,117.619,0,1,False,0.4357,13.0,30.634,0,122.9737,0,0,False,-0.1361,-2.0,-0.48600000000000065,1,-5.354699999999994,0,1
TMYx,detached,run_0302,random64,combined,0.0,3.0,29.132,0,60.889,0,0,False,0.0817,5.0,29.507,0,62.9918,0,0,False,-0.0817,-2.0,-0.375,0,-2.102799999999995,0,0
TMYx,detached,run_0421,random64,combined,0.1089,9.0,29.839,1,186.1162,0,1,False,0.354,11.0,30.255,0,197.3284,0,0,False,-0.24509999999999998,-2.0,-0.41600000000000037,1,-11.212199999999996,0,1
TMYx,detached,run_0456,random64,combined,0.1089,8.0,29.814,1,104.4246,0,1,False,0.2723,11.0,30.331,1,106.3333,0,1,False,-0.1634,-3.0,-0.5169999999999995,0,-1.908699999999996,0,0
TMYx,detached,run_0492,stress16,combined,1.28,24.0,31.411,22,135.388,0,27,False,1.4978,29.0,31.963,15,135.1404,0,16,False,-0.2178,-5.0,-0.5519999999999996,7,0.2476000000000056,0,11
TMYx,detached,run_0499,random64,combined,0.0817,5.0,29.441,1,31.5135,0,1,False,0.2451,10.0,30.01,1,32.1903,0,1,False,-0.16340000000000002,-5.0,-0.5690000000000026,0,-0.6768000000000001,0,0
TMYx,detached,run_0500,random64,combined,0.0,3.0,28.906,0,44.5012,0,0,False,0.0545,5.0,29.399,0,45.3742,0,0,False,-0.0545,-2.0,-0.4930000000000021,0,-0.8730000000000047,0,0
TMYx,detached,run_0628,stress16,combined,0.0545,4.0,29.272,0,90.5763,0,0,False,0.1089,9.0,29.739,0,96.0055,0,0,False,-0.0544,-5.0,-0.4670000000000023,0,-5.4291999999999945,0,0
TMYx,detached,run_0745,random64,combined,0.1362,8.0,29.803,1,189.4628,0,1,False,0.2451,11.0,30.314,1,196.8461,0,1,False,-0.10890000000000002,-3.0,-0.5109999999999992,0,-7.38330000000002,0,0
TMYx,detached,run_0768,stress16,combined,1.988,30.0,31.911,46,253.2824,0,114,False,2.3693,31.0,32.372,35,241.2999,2,64,True,-0.3813,-1.0,-0.4609999999999985,11,11.982499999999987,-2,50
TMYx,detached,run_0785,random64,combined,0.3813,12.0,30.29,1,135.1072,0,1,False,0.5447,16.0,30.747,1,142.6668,0,1,False,-0.1634,-4.0,-0.45700000000000074,0,-7.559599999999989,0,0
TMYx,detached,run_0788,random64,combined,0.0817,6.0,29.616,2,83.9383,0,2,False,0.2996,10.0,30.061,1,86.7296,0,1,False,-0.21789999999999998,-4.0,-0.4450000000000003,1,-2.7913000000000068,0,1
TMYx,detached,run_0821,random64,combined,0.0,0.0,28.641,0,43.5978,0,0,False,0.0,4.0,29.03,0,43.7522,0,0,False,0.0,-4.0,-0.3890000000000029,0,-0.15440000000000254,0,0
TMYx,detached,run_0833,random64,combined,0.0,4.0,29.016,0,52.3061,0,0,False,0.1089,6.0,29.497,0,52.2416,0,0,False,-0.1089,-2.0,-0.48100000000000165,0,0.06450000000000244,0,0
TMYx,detached,run_0841,random64,combined,0.1089,9.0,29.819,1,136.0198,0,1,False,0.2996,11.0,30.238,0,138.3941,0,0,False,-0.19069999999999998,-2.0,-0.4190000000000005,1,-2.374300000000005,0,1
TMYx,detached,run_0844,random64,combined,0.0817,5.0,29.322,1,86.2841,0,1,False,0.1362,9.0,29.861,1,87.5124,0,1,False,-0.05449999999999999,-4.0,-0.5390000000000015,0,-1.2283000000000044,0,0
TMYx,detached,run_0887,random64,combined,0.0,3.0,28.869,0,55.9922,0,0,False,0.0545,4.0,29.308,0,56.984,0,0,False,-0.0545,-1.0,-0.43900000000000006,0,-0.9918000000000049,0,0
TMYx,detached,run_1025,stress16,combined,0.3268,11.0,30.25,1,116.1591,0,1,False,0.4902,16.0,30.733,1,121.8025,0,1,False,-0.16340000000000005,-5.0,-0.48300000000000054,0,-5.6434,0,0
TMYx,detached,run_1083,random64,combined,0.0,3.0,28.971,0,68.8921,0,0,False,0.0817,5.0,29.432,0,69.2255,0,0,False,-0.0817,-2.0,-0.4609999999999985,0,-0.3333999999999975,0,0
TMYx,detached,run_1093,random64,combined,0.0545,4.0,29.276,3,48.794,0,3,False,0.1362,8.0,29.814,4,48.7182,0,4,False,-0.0817,-4.0,-0.5380000000000003,-1,0.07579999999999387,0,-1
TMYx,detached,run_1130,random64,combined,0.0,0.0,28.641,0,15.8499,0,0,False,0.0,3.0,29.053,0,16.2879,0,0,False,0.0,-3.0,-0.4120000000000026,0,-0.4380000000000006,0,0
TMYx,detached,run_1192,random64,combined,0.2179,9.0,29.804,1,187.8701,0,1,False,0.3268,12.0,30.407,1,207.8393,0,1,False,-0.10889999999999997,-3.0,-0.6030000000000015,0,-19.9692,0,0
TMYx,detached,run_1197,random64,combined,0.0,2.0,28.681,0,42.6791,0,0,False,0.0,4.0,29.126,0,43.093,0,0,False,0.0,-2.0,-0.4450000000000003,0,-0.41390000000000526,0,0
TMYx,detached,run_1199,stress16,combined,0.0,4.0,29.097,1,68.1633,0,1,False,0.0817,5.0,29.554,1,69.141,0,1,False,-0.0817,-1.0,-0.4569999999999972,0,-0.9776999999999987,0,0
TMYx,detached,run_1207,random64,combined,0.0,0.0,28.708,0,19.2239,0,0,False,0.0,4.0,29.124,0,19.3317,0,0,False,0.0,-4.0,-0.41600000000000037,0,-0.107800000000001,0,0
TMYx,detached,run_1209,random64,combined,0.4085,14.0,30.363,2,263.5737,0,2,False,0.7081,18.0,30.907,2,278.4229,0,3,False,-0.2996,-4.0,-0.5440000000000005,0,-14.849200000000053,0,-1
TMYx,detached,run_1214,stress16,combined,1.1438,21.0,31.224,16,780.9118,0,73,False,1.2255,21.0,31.47,16,752.8906,0,44,False,-0.0817000000000001,0.0,-0.24599999999999866,0,28.02120000000002,0,29
TMYx,detached,run_1248,random64,combined,0.4085,12.0,30.506,1,444.0843,0,1,False,0.7898,18.0,31.029,5,426.5185,0,6,False,-0.3813,-6.0,-0.5229999999999997,-4,17.565799999999967,0,-5
TMYx,detached,run_1268,random64,combined,1.6885,30.0,31.759,24,87.2837,0,24,False,1.6885,30.0,32.098,14,86.675,0,14,False,0.0,0.0,-0.33899999999999864,10,0.6086999999999989,0,10
TMYx,detached,run_1274,random64,combined,0.354,12.0,30.295,1,410.9409,0,1,False,0.5447,16.0,30.786,2,417.5677,0,2,False,-0.19069999999999998,-4.0,-0.49099999999999966,-1,-6.626800000000003,0,-1
TMYx,detached,run_1295,random64,combined,0.0,1.0,28.666,0,41.7347,0,0,False,0.0545,5.0,29.213,1,42.4713,0,1,False,-0.0545,-4.0,-0.5470000000000006,-1,-0.7366000000000028,0,-1
TMYx,detached,run_1311,random64,combined,0.1089,6.0,29.707,2,100.9264,0,2,False,0.2723,11.0,30.134,1,105.3116,0,1,False,-0.1634,-5.0,-0.4269999999999996,1,-4.3851999999999975,0,1
TMYx,detached,run_1388,random64,combined,0.0,0.0,28.321,0,23.8549,0,0,False,0.0,2.0,28.732,0,23.413,0,0,False,0.0,-2.0,-0.4109999999999978,0,0.4419000000000004,0,0
TMYx,detached,run_1391,random64,combined,0.0817,5.0,29.463,2,38.7261,0,2,False,0.2451,10.0,29.985,1,38.6831,0,1,False,-0.16340000000000002,-5.0,-0.5219999999999985,1,0.04299999999999926,0,1
TMYx,detached,run_1416,stress16,combined,0.2723,12.0,30.156,4,40.0457,0,4,False,0.6536,15.0,30.814,2,40.5198,0,2,False,-0.3813,-3.0,-0.6580000000000013,2,-0.47409999999999997,0,2
TMYx,detached,run_1434,random64,combined,0.0,3.0,28.89,0,66.6049,0,0,False,0.0545,4.0,29.253,0,73.1202,0,0,False,-0.0545,-1.0,-0.36299999999999955,0,-6.515299999999996,0,0
TMYx,detached,run_1476,random64,combined,0.354,12.0,30.142,3,132.2978,0,3,False,0.5719,15.0,30.595,2,133.89,0,2,False,-0.21789999999999998,-3.0,-0.4529999999999994,1,-1.5921999999999912,0,1
TMYx,detached,run_1497,random64,combined,0.0817,6.0,29.361,0,72.9758,0,0,False,0.2179,10.0,29.874,0,79.3664,0,0,False,-0.13620000000000002,-4.0,-0.5129999999999981,0,-6.390599999999992,0,0
TMYx,detached,run_1506,stress16,combined,1.4161,22.0,31.341,34,672.0118,0,201,False,1.9063,25.0,31.716,33,634.5908,0,159,False,-0.4902000000000002,-3.0,-0.375,1,37.42100000000005,0,42
TMYx,detached,run_1521,stress16,combined,0.2451,10.0,29.924,1,265.8472,0,1,False,0.4357,12.0,30.532,0,276.7888,0,0,False,-0.19059999999999996,-2.0,-0.6080000000000005,1,-10.941599999999994,0,1
TMYx,detached,run_1525,random64,combined,0.0,3.0,28.925,0,40.5172,0,0,False,0.0545,4.0,29.233,0,42.7963,0,0,False,-0.0545,-1.0,-0.30799999999999983,0,-2.2790999999999997,0,0
TMYx,detached,run_1560,random64,combined,1.6612,27.0,31.676,8,118.5238,0,8,False,1.634,27.0,31.946,2,121.0749,0,2,False,0.027200000000000113,0.0,-0.2700000000000031,6,-2.5511000000000053,0,6
TMYx,detached,run_1586,random64,combined,0.0,2.0,28.894,0,40.5346,0,0,False,0.0545,5.0,29.334,0,42.5588,0,0,False,-0.0545,-3.0,-0.4400000000000013,0,-2.0242000000000004,0,0
TMYx,detached,run_1590,random64,combined,1.6068,22.0,31.46,3,206.8159,0,3,False,1.7157,25.0,31.813,1,212.6485,0,1,False,-0.1089,-3.0,-0.352999999999998,2,-5.8326000000000136,0,2
TMYx,detached,run_1644,random64,combined,0.1089,7.0,29.657,1,189.0142,0,4,False,0.2451,11.0,30.198,3,190.8567,0,6,False,-0.13620000000000002,-4.0,-0.5410000000000004,-2,-1.8425000000000011,0,-2
TMYx,detached,run_1646,random64,combined,0.0,3.0,29.097,1,81.583,0,1,False,0.0817,5.0,29.463,1,81.502,0,1,False,-0.0817,-2.0,-0.36599999999999966,0,0.08100000000000307,0,0
TMYx,detached,run_1649,random64,combined,0.1634,9.0,29.774,1,57.0289,0,1,False,0.3268,13.0,30.322,1,58.1977,0,1,False,-0.1634,-4.0,-0.5479999999999983,0,-1.1687999999999974,0,0
TMYx,detached,run_1739,random64,combined,0.0,3.0,28.755,0,46.8442,0,0,False,0.0,5.0,29.137,0,47.0102,0,0,False,0.0,-2.0,-0.38200000000000145,0,-0.16599999999999682,0,0
TMYx,detached,run_1746,random64,combined,0.0272,5.0,29.301,1,52.3257,0,1,False,0.1362,9.0,29.725,1,54.2701,0,1,False,-0.10899999999999999,-4.0,-0.42400000000000304,0,-1.9444000000000017,0,0
TMYx,detached,run_1748,random64,combined,0.2996,11.0,30.092,4,110.2767,0,4,False,0.5719,15.0,30.622,2,116.569,0,2,False,-0.2723,-4.0,-0.5300000000000011,2,-6.292299999999997,0,2
TMYx,detached,run_1757,random64,combined,0.354,12.0,30.31,1,313.5053,0,1,False,0.5719,17.0,30.845,3,328.9468,0,3,False,-0.21789999999999998,-5.0,-0.5350000000000001,-2,-15.441500000000019,0,-2
TMYx,detached,run_1759,random64,combined,0.0,5.0,29.215,1,47.5514,0,1,False,0.1634,7.0,29.665,0,47.7447,0,0,False,-0.1634,-2.0,-0.4499999999999993,1,-0.1933000000000007,0,1
TMYx,detached,run_1762,random64,combined,0.0817,5.0,29.551,0,88.5403,0,0,False,0.1634,10.0,30.008,0,93.0686,0,0,False,-0.0817,-5.0,-0.45700000000000074,0,-4.5283000000000015,0,0
TMYx,detached,run_1801,stress16,combined,0.1634,9.0,29.755,1,164.1256,0,1,False,0.354,11.0,30.06,0,173.0094,0,0,False,-0.1906,-2.0,-0.3049999999999997,1,-8.883800000000008,0,1
TMYx,detached,run_1809,random64,combined,0.0,2.0,28.7,0,44.6306,0,0,False,0.0272,4.0,29.149,0,46.2583,0,0,False,-0.0272,-2.0,-0.4490000000000016,0,-1.6276999999999973,0,0
TMYx,detached,run_1813,random64,combined,0.0,2.0,28.813,0,61.6759,0,0,False,0.0545,4.0,29.214,0,64.3442,0,0,False,-0.0545,-2.0,-0.4009999999999998,0,-2.668300000000002,0,0
TMYx,detached,run_1851,random64,combined,0.1906,11.0,29.931,1,174.4501,0,1,False,0.4085,13.0,30.337,0,187.9018,0,0,False,-0.21789999999999998,-2.0,-0.4059999999999988,1,-13.451700000000017,0,1
TMYx,detached,run_1864,random64,combined,0.1089,9.0,29.73,1,92.5339,0,1,False,0.3268,11.0,30.23,0,92.1836,0,0,False,-0.21789999999999998,-2.0,-0.5,1,0.3503000000000043,0,1
TMYx,detached,run_1865,random64,combined,0.7898,19.0,30.783,7,99.3279,0,7,False,1.1166,22.0,31.338,5,99.0101,0,6,False,-0.3268000000000001,-3.0,-0.5549999999999997,2,0.3178000000000054,0,1
TMYx,detached,run_1866,random64,combined,0.4902,17.0,30.741,1,273.5696,0,1,False,0.7625,21.0,31.261,1,302.2927,0,1,False,-0.27229999999999993,-4.0,-0.5199999999999996,0,-28.723100000000045,0,0
TMYx,detached,run_1911,random64,combined,0.0,0.0,28.133,0,18.61,0,0,False,0.0,0.0,28.583,0,19.2705,0,0,False,0.0,0.0,-0.4499999999999993,0,-0.660499999999999,0,0
TMYx,detached,run_1941,stress16,combined,1.4434,22.0,31.401,3,402.0535,0,3,False,1.7974,26.0,31.885,1,389.4369,0,1,False,-0.3540000000000001,-4.0,-0.48400000000000176,2,12.616600000000005,0,2
TMYx,detached,run_1952,random64,combined,0.0,3.0,28.848,0,69.9179,0,0,False,0.0545,4.0,29.287,0,69.8305,0,0,False,-0.0545,-1.0,-0.43900000000000006,0,0.08740000000000236,0,0
TMYx,semi,run_0000,stress16,combined,0.0272,5.0,29.201,1,48.3447,0,1,False,0.1362,9.0,29.761,2,48.3434,0,2,False,-0.10899999999999999,-4.0,-0.5599999999999987,-1,0.001300000000000523,0,-1
TMYx,semi,run_0015,random64,combined,0.0817,6.0,29.421,0,253.9956,0,0,False,0.1089,8.0,29.705,0,277.9104,0,0,False,-0.027200000000000002,-2.0,-0.2839999999999989,0,-23.914799999999985,0,0
TMYx,semi,run_0023,random64,combined,0.0,3.0,28.838,0,46.7701,0,0,False,0.0545,5.0,29.252,0,47.5517,0,0,False,-0.0545,-2.0,-0.4139999999999979,0,-0.7815999999999974,0,0
TMYx,semi,run_0029,stress16,combined,0.3813,12.0,30.291,28,41.2492,0,28,False,0.7898,16.0,30.733,29,41.7581,0,29,False,-0.4085,-4.0,-0.44200000000000017,-1,-0.508899999999997,0,-1
TMYx,semi,run_0044,random64,combined,0.0,3.0,28.885,0,53.2834,0,0,False,0.0545,4.0,29.179,0,55.4131,0,0,False,-0.0545,-1.0,-0.29399999999999693,0,-2.1296999999999997,0,0
TMYx,semi,run_0063,random64,combined,0.2996,11.0,30.185,1,192.5801,0,1,False,0.5447,12.0,30.598,1,201.9779,0,1,False,-0.24509999999999998,-1.0,-0.41300000000000026,0,-9.397800000000018,0,0
TMYx,semi,run_0092,random64,combined,0.0,3.0,28.856,0,41.0691,0,0,False,0.0817,5.0,29.427,0,43.6234,0,0,False,-0.0817,-2.0,-0.570999999999998,0,-2.554299999999998,0,0
TMYx,semi,run_0095,random64,combined,0.1089,6.0,29.61,2,60.1919,0,2,False,0.3268,11.0,30.143,2,62.6286,0,2,False,-0.21789999999999998,-5.0,-0.5330000000000013,0,-2.436700000000002,0,0
TMYx,semi,run_0132,stress16,combined,0.5719,17.0,30.803,10,71.8348,0,10,False,0.9259,21.0,31.287,9,75.6239,0,9,False,-0.354,-4.0,-0.4839999999999982,1,-3.789100000000005,0,1
TMYx,semi,run_0169,random64,combined,0.0,0.0,28.259,5,31.2919,0,5,False,0.0,0.0,28.867,6,31.2742,0,6,False,0.0,0.0,-0.6080000000000005,-1,0.01769999999999783,0,-1
TMYx,semi,run_0171,random64,combined,0.0545,5.0,29.169,0,47.3776,0,0,False,0.1089,8.0,29.701,0,50.3761,0,0,False,-0.0544,-3.0,-0.532,0,-2.9985,0,0
TMYx,semi,run_0172,random64,combined,0.0,0.0,28.599,0,14.6056,0,0,False,0.0,3.0,29.094,2,17.4486,0,2,False,0.0,-3.0,-0.495000000000001,-2,-2.842999999999998,0,-2
TMYx,semi,run_0189,random64,combined,0.0272,5.0,29.213,1,38.7845,0,1,False,0.1634,9.0,29.757,1,38.7209,0,1,False,-0.1362,-4.0,-0.5440000000000005,0,0.06360000000000099,0,0
TMYx,semi,run_0203,random64,combined,0.0,3.0,28.827,0,44.0475,0,0,False,0.0817,5.0,29.292,0,45.3144,0,0,False,-0.0817,-2.0,-0.46499999999999986,0,-1.2668999999999997,0,0
TMYx,semi,run_0208,random64,combined,0.0,0.0,28.599,0,45.2546,0,0,False,0.0,4.0,29.053,0,53.248,0,0,False,0.0,-4.0,-0.4540000000000006,0,-7.993399999999994,0,0
TMYx,semi,run_0239,stress16,combined,0.9532,15.0,30.618,29,51.9254,0,169,False,1.4434,20.0,31.275,20,49.2939,0,118,False,-0.49019999999999997,-5.0,-0.657,9,2.6315000000000026,0,51
TMYx,semi,run_0241,stress16,combined,0.6808,18.0,30.801,7,611.0642,0,55,False,0.9259,20.0,31.169,6,586.4486,0,42,False,-0.24509999999999998,-2.0,-0.3680000000000021,1,24.615599999999972,0,13
TMYx,semi,run_0298,random64,combined,0.1089,5.0,29.627,1,75.9121,0,1,False,0.3268,11.0,30.168,0,72.3419,0,0,False,-0.21789999999999998,-6.0,-0.5410000000000004,1,3.5702,0,1
TMYx,semi,run_0302,random64,combined,0.0,0.0,28.799,0,40.3389,0,0,False,0.0,3.0,29.173,0,42.5092,0,0,False,0.0,-3.0,-0.3739999999999988,0,-2.1702999999999975,0,0
TMYx,semi,run_0421,random64,combined,0.0,4.0,29.121,0,107.1376,0,0,False,0.0817,6.0,29.534,0,128.885,0,0,False,-0.0817,-2.0,-0.41300000000000026,0,-21.747399999999985,0,0
TMYx,semi,run_0456,random64,combined,0.0545,5.0,29.274,0,67.5007,0,0,False,0.1089,7.0,29.673,1,75.0964,0,1,False,-0.0544,-2.0,-0.39899999999999736,-1,-7.595700000000008,0,-1
TMYx,semi,run_0492,stress16,combined,0.817,18.0,30.878,22,84.7211,0,29,False,1.3344,22.0,31.458,12,88.8786,0,13,False,-0.5174000000000001,-4.0,-0.5799999999999983,10,-4.157499999999999,0,16
TMYx,semi,run_0499,random64,combined,0.0,4.0,29.031,1,25.2079,0,1,False,0.1089,5.0,29.669,2,26.1277,0,2,False,-0.1089,-1.0,-0.6380000000000017,-1,-0.9198000000000022,0,-1
TMYx,semi,run_0500,random64,combined,0.0,1.0,28.641,0,34.0816,0,0,False,0.0272,4.0,29.165,0,36.4104,0,0,False,-0.0272,-3.0,-0.5240000000000009,0,-2.328800000000001,0,0
TMYx,semi,run_0628,stress16,combined,0.0,4.0,29.029,0,64.5602,0,0,False,0.0817,5.0,29.515,0,66.3968,0,0,False,-0.0817,-1.0,-0.48600000000000065,0,-1.8366000000000042,0,0
TMYx,semi,run_0745,random64,combined,0.0817,5.0,29.369,1,100.2577,0,1,False,0.1362,10.0,29.87,1,117.114,0,1,False,-0.05449999999999999,-5.0,-0.5010000000000012,0,-16.856300000000005,0,0
TMYx,semi,run_0768,stress16,combined,0.8442,18.0,30.772,26,138.7601,0,67,False,1.5251,22.0,31.539,13,136.8836,0,26,False,-0.6809,-4.0,-0.767000000000003,13,1.876499999999993,0,41
TMYx,semi,run_0785,random64,combined,0.1089,6.0,29.589,1,81.7818,0,1,False,0.3268,11.0,30.257,0,82.0422,0,0,False,-0.21789999999999998,-5.0,-0.6680000000000028,1,-0.26039999999999,0,1
TMYx,semi,run_0788,random64,combined,0.0,3.0,29.03,0,44.5389,0,0,False,0.0817,7.0,29.507,1,52.6967,0,1,False,-0.0817,-4.0,-0.4770000000000003,-1,-8.157800000000002,0,-1
TMYx,semi,run_0821,random64,combined,0.0,0.0,28.497,0,35.9738,0,0,False,0.0,3.0,28.97,0,36.4676,0,0,False,0.0,-3.0,-0.472999999999999,0,-0.49380000000000024,0,0
TMYx,semi,run_0833,random64,combined,0.0,1.0,28.675,0,35.765,0,0,False,0.0,3.0,28.997,0,37.36,0,0,False,0.0,-2.0,-0.3219999999999992,0,-1.5949999999999989,0,0
TMYx,semi,run_0841,random64,combined,0.0545,4.0,29.316,0,94.3758,0,0,False,0.1089,8.0,29.729,0,100.8009,0,0,False,-0.0544,-4.0,-0.41300000000000026,0,-6.4251000000000005,0,0
TMYx,semi,run_0844,random64,combined,0.0272,5.0,29.172,1,59.9873,0,1,False,0.0817,6.0,29.67,1,66.2534,0,1,False,-0.05449999999999999,-1.0,-0.4980000000000011,0,-6.266100000000002,0,0
TMYx,semi,run_0887,random64,combined,0.0,0.0,28.556,0,41.2881,0,0,False,0.0,4.0,29.051,0,43.0221,0,0,False,0.0,-4.0,-0.49499999999999744,0,-1.7340000000000018,0,0
TMYx,semi,run_1025,stress16,combined,0.0272,4.0,29.46,0,71.6107,0,0,False,0.1906,7.0,29.861,0,80.1388,0,0,False,-0.1634,-3.0,-0.4009999999999998,0,-8.52810000000001,0,0
TMYx,semi,run_1083,random64,combined,0.0,0.0,28.828,0,55.6774,0,0,False,0.0545,4.0,29.228,0,55.9522,0,0,False,-0.0545,-4.0,-0.40000000000000213,0,-0.27479999999999905,0,0
TMYx,semi,run_1093,random64,combined,0.0,3.0,28.835,2,37.7733,0,2,False,0.1089,6.0,29.414,5,38.4356,0,5,False,-0.1089,-3.0,-0.5790000000000006,-3,-0.6623000000000019,0,-3
TMYx,semi,run_1130,random64,combined,0.0,0.0,28.376,1,9.7169,0,1,False,0.0,0.0,28.756,1,9.7343,0,1,False,0.0,0.0,-0.379999999999999,0,-0.017399999999998528,0,0
TMYx,semi,run_1192,random64,combined,0.0817,5.0,29.561,1,94.8411,0,1,False,0.2451,11.0,30.111,1,101.2066,0,1,False,-0.16340000000000002,-6.0,-0.5500000000000007,0,-6.365499999999997,0,0
TMYx,semi,run_1197,random64,combined,0.0,0.0,28.583,0,33.5307,0,0,False,0.0,3.0,28.997,0,35.6839,0,0,False,0.0,-3.0,-0.4140000000000015,0,-2.1531999999999982,0,0
TMYx,semi,run_1199,stress16,combined,0.0,3.0,29.0,1,50.8045,0,1,False,0.0817,5.0,29.518,1,52.8377,0,1,False,-0.0817,-2.0,-0.5180000000000007,0,-2.033200000000001,0,0
TMYx,semi,run_1207,random64,combined,0.0,0.0,28.168,0,12.8684,0,0,False,0.0,0.0,28.745,2,13.7493,0,2,False,0.0,0.0,-0.5770000000000017,-2,-0.8809000000000005,0,-2
TMYx,semi,run_1209,random64,combined,0.2723,11.0,29.969,2,199.8031,0,8,False,0.5719,13.0,30.486,4,203.3296,0,5,False,-0.2996,-2.0,-0.5169999999999995,-2,-3.5264999999999986,0,3
TMYx,semi,run_1214,stress16,combined,0.3813,13.0,30.354,1,406.6384,0,9,False,0.463,13.0,30.614,12,428.8964,0,16,False,-0.08170000000000005,0.0,-0.26000000000000156,-11,-22.258000000000038,0,-7
TMYx,semi,run_1248,random64,combined,0.3813,12.0,30.207,1,362.7386,0,5,False,0.6264,14.0,30.563,5,344.5506,0,8,False,-0.24509999999999998,-2.0,-0.3559999999999981,-4,18.188000000000045,0,-3
TMYx,semi,run_1268,random64,combined,1.5795,30.0,31.877,24,66.4092,0,24,False,1.8246,29.0,31.932,20,64.3609,0,20,False,-0.2451000000000001,1.0,-0.054999999999999716,4,2.0482999999999976,0,4
TMYx,semi,run_1274,random64,combined,0.0545,6.0,29.327,0,190.6221,0,0,False,0.1362,9.0,29.73,0,222.9603,0,0,False,-0.0817,-3.0,-0.4029999999999987,0,-32.3382,0,0
TMYx,semi,run_1295,random64,combined,0.0,0.0,28.541,0,32.6367,0,0,False,0.0,4.0,29.112,1,32.509,0,1,False,0.0,-4.0,-0.570999999999998,-1,0.12769999999999726,0,-1
TMYx,semi,run_1311,random64,combined,0.0817,5.0,29.528,1,78.0875,0,1,False,0.2451,10.0,30.022,2,83.6241,0,2,False,-0.16340000000000002,-5.0,-0.4939999999999998,-1,-5.536599999999993,0,-1
TMYx,semi,run_1388,random64,combined,0.0,0.0,28.178,0,16.1239,0,0,False,0.0,0.0,28.62,0,16.5369,0,0,False,0.0,0.0,-0.44200000000000017,0,-0.41300000000000026,0,0
TMYx,semi,run_1391,random64,combined,0.0,5.0,29.291,2,27.8656,0,2,False,0.2451,7.0,29.852,4,27.9179,0,4,False,-0.2451,-2.0,-0.5609999999999999,-2,-0.0522999999999989,0,-2
TMYx,semi,run_1416,stress16,combined,0.0817,5.0,29.422,4,33.276,0,4,False,0.2451,10.0,29.995,5,33.8143,0,5,False,-0.16340000000000002,-5.0,-0.5730000000000004,-1,-0.5382999999999996,0,-1
TMYx,semi,run_1434,random64,combined,0.0,2.0,28.656,0,41.1463,0,0,False,0.0,3.0,28.986,0,49.4692,0,0,False,0.0,-1.0,-0.33000000000000185,0,-8.322900000000004,0,0
TMYx,semi,run_1476,random64,combined,0.0545,7.0,29.337,1,62.4267,0,1,False,0.1362,8.0,29.761,1,73.1695,0,1,False,-0.0817,-1.0,-0.4239999999999995,0,-10.742800000000003,0,0
TMYx,semi,run_1497,random64,combined,0.0,4.0,29.169,0,56.3126,0,0,False,0.1089,8.0,29.714,0,60.221,0,0,False,-0.1089,-4.0,-0.5449999999999982,0,-3.908399999999993,0,0
TMYx,semi,run_1506,stress16,combined,0.5447,15.0,30.439,6,411.5347,0,100,False,0.8715,16.0,30.592,18,437.5342,0,100,False,-0.3268000000000001,-1.0,-0.1529999999999987,-12,-25.999500000000012,0,0
TMYx,semi,run_1521,stress16,combined,0.0817,5.0,29.534,0,174.1399,0,0,False,0.2723,11.0,30.167,0,181.304,0,0,False,-0.1906,-6.0,-0.6330000000000027,0,-7.164099999999991,0,0
TMYx,semi,run_1525,random64,combined,0.0,2.0,28.736,1,28.0023,0,1,False,0.0,3.0,29.029,0,28.9543,0,0,False,0.0,-1.0,-0.29299999999999926,1,-0.9519999999999982,0,1
TMYx,semi,run_1560,random64,combined,0.7625,21.0,30.827,6,81.733,0,6,False,0.9532,21.0,31.037,4,87.7208,0,4,False,-0.1907000000000001,0.0,-0.2099999999999973,2,-5.987799999999993,0,2
TMYx,semi,run_1586,random64,combined,0.0,0.0,28.618,0,22.0955,0,0,False,0.0,5.0,29.135,0,24.8327,0,0,False,0.0,-5.0,-0.517000000000003,0,-2.737199999999998,0,0
TMYx,semi,run_1590,random64,combined,0.7353,14.0,30.539,1,132.3578,0,1,False,1.28,20.0,31.274,1,130.8888,0,1,False,-0.5447000000000001,-6.0,-0.7349999999999994,0,1.468999999999994,0,0
TMYx,semi,run_1644,random64,combined,0.0,3.0,28.962,0,81.3123,0,0,False,0.0545,5.0,29.312,0,97.4735,0,0,False,-0.0545,-2.0,-0.3500000000000014,0,-16.161200000000008,0,0
TMYx,semi,run_1646,random64,combined,0.0,0.0,28.741,1,68.8424,0,1,False,0.0,4.0,29.317,2,69.0606,0,2,False,0.0,-4.0,-0.5760000000000005,-1,-0.21819999999999595,0,-1
TMYx,semi,run_1649,random64,combined,0.1906,8.0,29.724,1,43.4975,0,1,False,0.2996,13.0,30.125,2,43.9311,0,2,False,-0.10899999999999999,-5.0,-0.4009999999999998,-1,-0.43359999999999843,0,-1
TMYx,semi,run_1739,random64,combined,0.0,0.0,28.656,0,34.0523,0,0,False,0.0,4.0,29.115,1,34.4982,0,1,False,0.0,-4.0,-0.45899999999999963,-1,-0.44589999999999463,0,-1
TMYx,semi,run_1746,random64,combined,0.0,3.0,29.017,1,33.6401,0,1,False,0.0817,5.0,29.47,2,35.5507,0,2,False,-0.0817,-2.0,-0.4529999999999994,-1,-1.9106000000000023,0,-1
TMYx,semi,run_1748,random64,combined,0.2723,11.0,29.945,5,85.8732,0,5,False,0.5719,14.0,30.54,3,89.7159,0,4,False,-0.2996,-3.0,-0.5949999999999989,2,-3.8427000000000078,0,1
TMYx,semi,run_1757,random64,combined,0.1906,9.0,29.803,1,231.668,0,1,False,0.4085,12.0,30.311,3,244.9104,0,4,False,-0.21789999999999998,-3.0,-0.5079999999999991,-2,-13.242400000000004,0,-3
TMYx,semi,run_1759,random64,combined,0.0,2.0,28.831,2,29.9213,0,2,False,0.0817,5.0,29.352,2,30.0297,0,2,False,-0.0817,-3.0,-0.5210000000000008,0,-0.10839999999999961,0,0
TMYx,semi,run_1762,random64,combined,0.0545,5.0,29.28,0,71.4333,0,0,False,0.1089,7.0,29.75,0,77.2274,0,0,False,-0.0544,-2.0,-0.46999999999999886,0,-5.7941,0,0
TMYx,semi,run_1801,stress16,combined,0.0545,5.0,29.26,0,83.1004,0,0,False,0.1089,6.0,29.632,0,90.1005,0,0,False,-0.0544,-1.0,-0.3719999999999999,0,-7.000100000000003,0,0
TMYx,semi,run_1809,random64,combined,0.0,0.0,28.565,0,34.2426,0,0,False,0.0,4.0,29.047,0,35.7347,0,0,False,0.0,-4.0,-0.4819999999999993,0,-1.4920999999999935,0,0
TMYx,semi,run_1813,random64,combined,0.0,2.0,28.647,0,43.7759,0,0,False,0.0,4.0,29.069,0,43.3691,0,0,False,0.0,-2.0,-0.4220000000000006,0,0.40679999999999694,0,0
TMYx,semi,run_1851,random64,combined,0.0545,7.0,29.353,0,103.4357,0,0,False,0.1089,8.0,29.619,0,122.767,0,0,False,-0.0544,-1.0,-0.26599999999999824,0,-19.3313,0,0
TMYx,semi,run_1864,random64,combined,0.0,4.0,29.043,0,53.2079,0,0,False,0.0817,5.0,29.485,0,59.2799,0,0,False,-0.0817,-1.0,-0.44200000000000017,0,-6.071999999999996,0,0
TMYx,semi,run_1865,random64,combined,0.2179,11.0,29.829,2,49.6801,0,2,False,0.4085,14.0,30.19,5,56.1981,0,5,False,-0.19059999999999996,-3.0,-0.36100000000000065,-3,-6.517999999999994,0,-3
TMYx,semi,run_1866,random64,combined,0.1906,10.0,29.934,1,144.2888,0,1,False,0.4085,13.0,30.637,1,142.8258,0,1,False,-0.21789999999999998,-3.0,-0.7029999999999994,0,1.4630000000000223,0,0
TMYx,semi,run_1911,random64,combined,0.0,0.0,28.077,0,13.3385,0,0,False,0.0,0.0,28.541,0,12.7833,0,0,False,0.0,0.0,-0.46399999999999864,0,0.5551999999999992,0,0
TMYx,semi,run_1941,stress16,combined,1.0349,20.0,31.061,2,348.328,0,2,False,1.3617,23.0,31.399,3,323.3616,0,3,False,-0.3268,-3.0,-0.33800000000000097,-1,24.966399999999965,0,-1
TMYx,semi,run_1952,random64,combined,0.0,1.0,28.691,0,50.9212,0,0,False,0.0272,4.0,29.14,0,50.9389,0,0,False,-0.0272,-3.0,-0.4490000000000016,0,-0.01769999999999783,0,0
TMYx,detached,run_0000,stress16,interfloor,0.0817,5.0,29.373,1,62.1995,0,1,False,0.1362,9.0,29.912,1,62.291,0,1,False,-0.05449999999999999,-4.0,-0.5389999999999979,0,-0.09149999999999636,0,0
TMYx,detached,run_0015,random64,interfloor,0.1906,10.0,29.97,1,402.5446,0,1,False,0.3813,12.0,30.339,0,411.9836,0,0,False,-0.19069999999999998,-2.0,-0.3689999999999998,1,-9.439000000000021,0,1
TMYx,detached,run_0023,random64,interfloor,0.0,3.0,28.96,0,60.1121,0,0,False,0.0817,5.0,29.379,0,60.4613,0,0,False,-0.0817,-2.0,-0.4190000000000005,0,-0.3492000000000033,0,0
TMYx,detached,run_0029,stress16,interfloor,0.5174,14.0,30.379,27,56.9965,0,27,False,0.7353,19.0,30.848,18,57.243,0,18,False,-0.21789999999999998,-5.0,-0.46899999999999764,9,-0.2465000000000046,0,9
TMYx,detached,run_0044,random64,interfloor,0.0,4.0,29.029,0,71.444,0,0,False,0.0545,4.0,29.365,0,73.8047,0,0,False,-0.0545,0.0,-0.3359999999999985,0,-2.3606999999999942,0,0
TMYx,detached,run_0063,random64,interfloor,0.4085,12.0,30.427,1,231.0904,0,1,False,0.5991,16.0,30.793,0,240.1718,0,0,False,-0.1906,-4.0,-0.36599999999999966,1,-9.081400000000002,0,1
TMYx,detached,run_0092,random64,interfloor,0.0,4.0,29.166,0,57.462,0,0,False,0.1089,5.0,29.603,0,58.198,0,0,False,-0.1089,-1.0,-0.43700000000000117,0,-0.7359999999999971,0,0
TMYx,detached,run_0095,random64,interfloor,0.1906,9.0,29.812,1,84.9742,0,1,False,0.4085,11.0,30.242,1,87.1362,0,1,False,-0.21789999999999998,-2.0,-0.4299999999999997,0,-2.162000000000006,0,0
TMYx,detached,run_0132,stress16,interfloor,1.0621,21.0,31.332,11,100.7214,0,11,False,1.28,27.0,31.964,5,102.2647,0,5,False,-0.21789999999999998,-6.0,-0.6319999999999979,6,-1.5433000000000021,0,6
TMYx,detached,run_0169,random64,interfloor,0.0,0.0,28.747,2,42.5691,0,2,False,0.0,4.0,29.315,2,42.5297,0,2,False,0.0,-4.0,-0.5680000000000014,0,0.039400000000000546,0,0
TMYx,detached,run_0171,random64,interfloor,0.1089,7.0,29.632,1,69.0447,0,1,False,0.354,11.0,30.206,0,74.568,0,0,False,-0.24509999999999998,-4.0,-0.5739999999999981,1,-5.523299999999992,0,1
TMYx,detached,run_0172,random64,interfloor,0.0,3.0,29.063,1,24.5481,0,1,False,0.0817,5.0,29.492,1,25.8492,0,1,False,-0.0817,-2.0,-0.42900000000000205,0,-1.3010999999999981,0,0
TMYx,detached,run_0189,random64,interfloor,0.1362,9.0,29.686,1,49.3094,0,1,False,0.3268,12.0,30.074,0,49.8806,0,0,False,-0.1906,-3.0,-0.3880000000000017,1,-0.5712000000000046,0,1
TMYx,detached,run_0203,random64,interfloor,0.0,4.0,29.086,0,64.5093,0,0,False,0.0817,5.0,29.438,0,64.8835,0,0,False,-0.0817,-1.0,-0.3520000000000003,0,-0.37420000000000186,0,0
TMYx,detached,run_0208,random64,interfloor,0.0,3.0,28.92,0,81.5538,0,0,False,0.0545,4.0,29.257,0,86.5169,0,0,False,-0.0545,-1.0,-0.33699999999999974,0,-4.963100000000011,0,0
TMYx,detached,run_0239,stress16,interfloor,1.7974,26.0,31.459,55,75.6855,0,214,False,1.9063,30.0,31.939,45,71.8834,0,164,False,-0.1089,-4.0,-0.4800000000000004,10,3.80210000000001,0,50
TMYx,detached,run_0241,stress16,interfloor,0.817,21.0,31.032,8,727.1621,0,37,False,1.0076,21.0,31.355,10,707.8041,0,29,False,-0.1906000000000001,0.0,-0.3230000000000004,-2,19.35800000000006,0,8
TMYx,detached,run_0298,random64,interfloor,0.2996,11.0,30.193,1,116.03,0,1,False,0.4357,13.0,30.634,0,122.9737,0,0,False,-0.1361,-2.0,-0.44099999999999895,1,-6.943699999999993,0,1
TMYx,detached,run_0302,random64,interfloor,0.0,3.0,29.124,0,60.7329,0,0,False,0.0817,5.0,29.507,0,62.9918,0,0,False,-0.0817,-2.0,-0.38300000000000267,0,-2.258899999999997,0,0
TMYx,detached,run_0421,random64,interfloor,0.1089,9.0,29.802,0,186.0665,0,0,False,0.354,11.0,30.255,0,197.3284,0,0,False,-0.24509999999999998,-2.0,-0.4529999999999994,0,-11.261899999999997,0,0
TMYx,detached,run_0456,random64,interfloor,0.1089,8.0,29.818,1,103.6216,0,1,False,0.2723,11.0,30.331,1,106.3333,0,1,False,-0.1634,-3.0,-0.5129999999999981,0,-2.7116999999999933,0,0
TMYx,detached,run_0492,stress16,interfloor,1.3072,24.0,31.439,23,135.9367,0,30,False,1.4978,29.0,31.963,15,135.1404,0,16,False,-0.1906000000000001,-5.0,-0.5240000000000009,8,0.7963000000000022,0,14
TMYx,detached,run_0499,random64,interfloor,0.0817,5.0,29.431,1,31.8468,0,1,False,0.2451,10.0,30.01,1,32.1903,0,1,False,-0.16340000000000002,-5.0,-0.5790000000000006,0,-0.3434999999999988,0,0
TMYx,detached,run_0500,random64,interfloor,0.0,3.0,28.879,0,44.5743,0,0,False,0.0545,5.0,29.399,0,45.3742,0,0,False,-0.0545,-2.0,-0.5199999999999996,0,-0.7999000000000009,0,0
TMYx,detached,run_0628,stress16,interfloor,0.0545,4.0,29.271,0,90.7067,0,0,False,0.1089,9.0,29.739,0,96.0055,0,0,False,-0.0544,-5.0,-0.46799999999999997,0,-5.2988,0,0
TMYx,detached,run_0745,random64,interfloor,0.1089,6.0,29.722,1,191.0432,0,1,False,0.2451,11.0,30.314,1,196.8461,0,1,False,-0.13620000000000002,-5.0,-0.5919999999999987,0,-5.802899999999994,0,0
TMYx,detached,run_0768,stress16,interfloor,1.988,30.0,31.9,47,255.7594,0,113,False,2.3693,31.0,32.372,35,241.2999,2,64,True,-0.3813,-1.0,-0.4720000000000013,12,14.459499999999991,-2,49
TMYx,detached,run_0785,random64,interfloor,0.3813,12.0,30.284,1,135.8771,0,1,False,0.5447,16.0,30.747,1,142.6668,0,1,False,-0.1634,-4.0,-0.46300000000000097,0,-6.789699999999982,0,0
TMYx,detached,run_0788,random64,interfloor,0.0817,6.0,29.616,2,83.2786,0,2,False,0.2996,10.0,30.061,1,86.7296,0,1,False,-0.21789999999999998,-4.0,-0.4450000000000003,1,-3.4510000000000076,0,1
TMYx,detached,run_0821,random64,interfloor,0.0,2.0,28.683,0,43.2913,0,0,False,0.0,4.0,29.03,0,43.7522,0,0,False,0.0,-2.0,-0.3470000000000013,0,-0.4609000000000023,0,0
TMYx,detached,run_0833,random64,interfloor,0.0,4.0,29.028,0,51.6482,0,0,False,0.1089,6.0,29.497,0,52.2416,0,0,False,-0.1089,-2.0,-0.4690000000000012,0,-0.5933999999999955,0,0
TMYx,detached,run_0841,random64,interfloor,0.1089,9.0,29.821,1,131.0932,0,1,False,0.2996,11.0,30.238,0,138.3941,0,0,False,-0.19069999999999998,-2.0,-0.41699999999999804,1,-7.300900000000013,0,1
TMYx,detached,run_0844,random64,interfloor,0.0817,5.0,29.318,1,85.5432,0,1,False,0.1362,9.0,29.861,1,87.5124,0,1,False,-0.05449999999999999,-4.0,-0.5429999999999993,0,-1.9692000000000007,0,0
TMYx,detached,run_0887,random64,interfloor,0.0,2.0,28.867,0,57.4479,0,0,False,0.0545,4.0,29.308,0,56.984,0,0,False,-0.0545,-2.0,-0.44099999999999895,0,0.4638999999999953,0,0
TMYx,detached,run_1025,stress16,interfloor,0.354,11.0,30.256,1,116.7144,0,1,False,0.4902,16.0,30.733,1,121.8025,0,1,False,-0.13620000000000004,-5.0,-0.4770000000000003,0,-5.088099999999997,0,0
TMYx,detached,run_1083,random64,interfloor,0.0,3.0,28.928,0,68.0376,0,0,False,0.0817,5.0,29.432,0,69.2255,0,0,False,-0.0817,-2.0,-0.5039999999999978,0,-1.187899999999999,0,0
TMYx,detached,run_1093,random64,interfloor,0.0545,4.0,29.26,4,48.6741,0,4,False,0.1362,8.0,29.814,4,48.7182,0,4,False,-0.0817,-4.0,-0.5539999999999985,0,-0.04410000000000025,0,0
TMYx,detached,run_1130,random64,interfloor,0.0,0.0,28.674,0,16.3072,0,0,False,0.0,3.0,29.053,0,16.2879,0,0,False,0.0,-3.0,-0.37900000000000134,0,0.019300000000001205,0,0
TMYx,detached,run_1192,random64,interfloor,0.1906,10.0,29.862,1,198.6777,0,1,False,0.3268,12.0,30.407,1,207.8393,0,1,False,-0.1362,-2.0,-0.5450000000000017,0,-9.161600000000021,0,0
TMYx,detached,run_1197,random64,interfloor,0.0,2.0,28.705,0,42.9842,0,0,False,0.0,4.0,29.126,0,43.093,0,0,False,0.0,-2.0,-0.4210000000000029,0,-0.10880000000000223,0,0
TMYx,detached,run_1199,stress16,interfloor,0.0,3.0,29.089,1,67.3465,0,1,False,0.0817,5.0,29.554,1,69.141,0,1,False,-0.0817,-2.0,-0.46499999999999986,0,-1.7944999999999993,0,0
TMYx,detached,run_1207,random64,interfloor,0.0,0.0,28.7,0,19.0673,0,0,False,0.0,4.0,29.124,0,19.3317,0,0,False,0.0,-4.0,-0.4239999999999995,0,-0.26440000000000197,0,0
TMYx,detached,run_1209,random64,interfloor,0.4085,13.0,30.361,2,274.6302,0,2,False,0.7081,18.0,30.907,2,278.4229,0,3,False,-0.2996,-5.0,-0.5459999999999994,0,-3.792700000000025,0,-1
TMYx,detached,run_1214,stress16,interfloor,1.1438,21.0,31.174,15,777.0432,0,70,False,1.2255,21.0,31.47,16,752.8906,0,44,False,-0.0817000000000001,0.0,-0.2959999999999994,-1,24.152600000000007,0,26
TMYx,detached,run_1248,random64,interfloor,0.4085,12.0,30.482,2,424.0783,0,2,False,0.7898,18.0,31.029,5,426.5185,0,6,False,-0.3813,-6.0,-0.5470000000000006,-3,-2.4402000000000044,0,-4
TMYx,detached,run_1268,random64,interfloor,1.7157,29.0,31.721,24,85.4072,0,24,False,1.6885,30.0,32.098,14,86.675,0,14,False,0.027200000000000113,-1.0,-0.3769999999999989,10,-1.267799999999994,0,10
TMYx,detached,run_1274,random64,interfloor,0.354,12.0,30.3,1,411.9407,0,1,False,0.5447,16.0,30.786,2,417.5677,0,2,False,-0.19069999999999998,-4.0,-0.48600000000000065,-1,-5.6270000000000095,0,-1
TMYx,detached,run_1295,random64,interfloor,0.0,1.0,28.677,0,41.9312,0,0,False,0.0545,5.0,29.213,1,42.4713,0,1,False,-0.0545,-4.0,-0.5360000000000014,-1,-0.5401000000000025,0,-1
TMYx,detached,run_1311,random64,interfloor,0.0817,5.0,29.713,2,102.8364,0,2,False,0.2723,11.0,30.134,1,105.3116,0,1,False,-0.1906,-6.0,-0.4209999999999994,1,-2.475200000000001,0,1
TMYx,detached,run_1388,random64,interfloor,0.0,0.0,28.336,0,23.4584,0,0,False,0.0,2.0,28.732,0,23.413,0,0,False,0.0,-2.0,-0.3960000000000008,0,0.04540000000000077,0,0
TMYx,detached,run_1391,random64,interfloor,0.0817,5.0,29.461,2,38.472,0,2,False,0.2451,10.0,29.985,1,38.6831,0,1,False,-0.16340000000000002,-5.0,-0.5240000000000009,1,-0.21110000000000184,0,1
TMYx,detached,run_1416,stress16,interfloor,0.2451,11.0,30.157,7,40.2131,0,7,False,0.6536,15.0,30.814,2,40.5198,0,2,False,-0.4085,-4.0,-0.657,5,-0.3066999999999993,0,5
TMYx,detached,run_1434,random64,interfloor,0.0,3.0,28.883,0,68.9003,0,0,False,0.0545,4.0,29.253,0,73.1202,0,0,False,-0.0545,-1.0,-0.370000000000001,0,-4.2198999999999955,0,0
TMYx,detached,run_1476,random64,interfloor,0.3813,12.0,30.134,3,131.8586,0,3,False,0.5719,15.0,30.595,2,133.89,0,2,False,-0.1906,-3.0,-0.4609999999999985,1,-2.0313999999999908,0,1
TMYx,detached,run_1497,random64,interfloor,0.0817,6.0,29.388,0,74.2181,0,0,False,0.2179,10.0,29.874,0,79.3664,0,0,False,-0.13620000000000002,-4.0,-0.4859999999999971,0,-5.148299999999992,0,0
TMYx,detached,run_1506,stress16,interfloor,1.4706,22.0,31.361,32,670.1022,0,192,False,1.9063,25.0,31.716,33,634.5908,0,159,False,-0.4357000000000002,-3.0,-0.3550000000000004,-1,35.511400000000094,0,33
TMYx,detached,run_1521,stress16,interfloor,0.2451,10.0,29.924,1,266.5855,0,1,False,0.4357,12.0,30.532,0,276.7888,0,0,False,-0.19059999999999996,-2.0,-0.6080000000000005,1,-10.203299999999956,0,1
TMYx,detached,run_1525,random64,interfloor,0.0,3.0,28.893,0,41.7837,0,0,False,0.0545,4.0,29.233,0,42.7963,0,0,False,-0.0545,-1.0,-0.33999999999999986,0,-1.012599999999999,0,0
TMYx,detached,run_1560,random64,interfloor,1.634,24.0,31.588,9,120.2534,0,9,False,1.634,27.0,31.946,2,121.0749,0,2,False,0.0,-3.0,-0.35800000000000054,7,-0.8215000000000003,0,7
TMYx,detached,run_1586,random64,interfloor,0.0,2.0,28.872,0,40.2659,0,0,False,0.0545,5.0,29.334,0,42.5588,0,0,False,-0.0545,-3.0,-0.46199999999999974,0,-2.292899999999996,0,0
TMYx,detached,run_1590,random64,interfloor,1.634,22.0,31.404,3,208.2862,0,3,False,1.7157,25.0,31.813,1,212.6485,0,1,False,-0.0817000000000001,-3.0,-0.4089999999999989,2,-4.362300000000005,0,2
TMYx,detached,run_1644,random64,interfloor,0.1089,7.0,29.666,1,185.961,0,4,False,0.2451,11.0,30.198,3,190.8567,0,6,False,-0.13620000000000002,-4.0,-0.532,-2,-4.895699999999977,0,-2
TMYx,detached,run_1646,random64,interfloor,0.0,3.0,29.09,1,81.5423,0,1,False,0.0817,5.0,29.463,1,81.502,0,1,False,-0.0817,-2.0,-0.3730000000000011,0,0.040300000000002,0,0
TMYx,detached,run_1649,random64,interfloor,0.1634,10.0,29.789,1,56.8968,0,1,False,0.3268,13.0,30.322,1,58.1977,0,1,False,-0.1634,-3.0,-0.5329999999999977,0,-1.3008999999999986,0,0
TMYx,detached,run_1739,random64,interfloor,0.0,3.0,28.727,0,46.8725,0,0,False,0.0,5.0,29.137,0,47.0102,0,0,False,0.0,-2.0,-0.41000000000000014,0,-0.13769999999999527,0,0
TMYx,detached,run_1746,random64,interfloor,0.0545,5.0,29.301,1,51.7096,0,1,False,0.1362,9.0,29.725,1,54.2701,0,1,False,-0.0817,-4.0,-0.42400000000000304,0,-2.5604999999999976,0,0
TMYx,detached,run_1748,random64,interfloor,0.2996,11.0,30.097,4,110.2964,0,4,False,0.5719,15.0,30.622,2,116.569,0,2,False,-0.2723,-4.0,-0.5249999999999986,2,-6.272599999999997,0,2
TMYx,detached,run_1757,random64,interfloor,0.3813,12.0,30.324,1,319.8645,0,1,False,0.5719,17.0,30.845,3,328.9468,0,3,False,-0.1906,-5.0,-0.5209999999999972,-2,-9.082299999999975,0,-2
TMYx,detached,run_1759,random64,interfloor,0.0,5.0,29.2,1,47.4691,0,1,False,0.1634,7.0,29.665,0,47.7447,0,0,False,-0.1634,-2.0,-0.46499999999999986,1,-0.2756000000000043,0,1
TMYx,detached,run_1762,random64,interfloor,0.0817,5.0,29.5,0,88.5529,0,0,False,0.1634,10.0,30.008,0,93.0686,0,0,False,-0.0817,-5.0,-0.5079999999999991,0,-4.51570000000001,0,0
TMYx,detached,run_1801,stress16,interfloor,0.1634,9.0,29.755,1,164.2896,0,1,False,0.354,11.0,30.06,0,173.0094,0,0,False,-0.1906,-2.0,-0.3049999999999997,1,-8.719799999999992,0,1
TMYx,detached,run_1809,random64,interfloor,0.0,2.0,28.7,0,45.2309,0,0,False,0.0272,4.0,29.149,0,46.2583,0,0,False,-0.0272,-2.0,-0.4490000000000016,0,-1.0274,0,0
TMYx,detached,run_1813,random64,interfloor,0.0,2.0,28.842,0,61.3542,0,0,False,0.0545,4.0,29.214,0,64.3442,0,0,False,-0.0545,-2.0,-0.3719999999999999,0,-2.990000000000002,0,0
TMYx,detached,run_1851,random64,interfloor,0.1906,10.0,29.913,1,173.9236,0,1,False,0.4085,13.0,30.337,0,187.9018,0,0,False,-0.21789999999999998,-3.0,-0.4239999999999995,1,-13.978200000000015,0,1
TMYx,detached,run_1864,random64,interfloor,0.1089,9.0,29.698,1,89.3205,0,1,False,0.3268,11.0,30.23,0,92.1836,0,0,False,-0.21789999999999998,-2.0,-0.532,1,-2.863100000000003,0,1
TMYx,detached,run_1865,random64,interfloor,0.8715,19.0,30.795,7,99.0327,0,7,False,1.1166,22.0,31.338,5,99.0101,0,6,False,-0.24509999999999998,-3.0,-0.5429999999999993,2,0.022600000000011278,0,1
TMYx,detached,run_1866,random64,interfloor,0.4902,18.0,30.783,1,284.3039,0,1,False,0.7625,21.0,31.261,1,302.2927,0,1,False,-0.27229999999999993,-3.0,-0.477999999999998,0,-17.988800000000026,0,0
TMYx,detached,run_1911,random64,interfloor,0.0,0.0,28.196,0,18.2371,0,0,False,0.0,0.0,28.583,0,19.2705,0,0,False,0.0,0.0,-0.3869999999999969,0,-1.0333999999999968,0,0
TMYx,detached,run_1941,stress16,interfloor,1.5251,22.0,31.372,2,389.2897,0,2,False,1.7974,26.0,31.885,1,389.4369,0,1,False,-0.2723000000000002,-4.0,-0.5130000000000017,1,-0.147199999999998,0,1
TMYx,detached,run_1952,random64,interfloor,0.0,3.0,28.867,0,69.8531,0,0,False,0.0545,4.0,29.287,0,69.8305,0,0,False,-0.0545,-1.0,-0.41999999999999815,0,0.022599999999997067,0,0
TMYx,semi,run_0000,stress16,interfloor,0.0272,5.0,29.194,2,48.4892,0,2,False,0.1362,9.0,29.761,2,48.3434,0,2,False,-0.10899999999999999,-4.0,-0.5670000000000002,0,0.14579999999999416,0,0
TMYx,semi,run_0015,random64,interfloor,0.0817,6.0,29.522,0,268.5189,0,0,False,0.1089,8.0,29.705,0,277.9104,0,0,False,-0.027200000000000002,-2.0,-0.18299999999999983,0,-9.391500000000008,0,0
TMYx,semi,run_0023,random64,interfloor,0.0,3.0,28.848,0,46.802,0,0,False,0.0545,5.0,29.252,0,47.5517,0,0,False,-0.0545,-2.0,-0.4039999999999999,0,-0.7496999999999971,0,0
TMYx,semi,run_0029,stress16,interfloor,0.5719,13.0,30.301,39,41.4813,0,39,False,0.7898,16.0,30.733,29,41.7581,0,29,False,-0.21789999999999998,-3.0,-0.43200000000000216,10,-0.2768000000000015,0,10
TMYx,semi,run_0044,random64,interfloor,0.0,3.0,28.869,0,54.029,0,0,False,0.0545,4.0,29.179,0,55.4131,0,0,False,-0.0545,-1.0,-0.3099999999999987,0,-1.3840999999999966,0,0
TMYx,semi,run_0063,random64,interfloor,0.354,11.0,30.157,2,191.6229,0,2,False,0.5447,12.0,30.598,1,201.9779,0,1,False,-0.19069999999999998,-1.0,-0.44099999999999895,1,-10.355000000000018,0,1
TMYx,semi,run_0092,random64,interfloor,0.0,3.0,29.058,0,43.0294,0,0,False,0.0817,5.0,29.427,0,43.6234,0,0,False,-0.0817,-2.0,-0.3689999999999998,0,-0.5939999999999941,0,0
TMYx,semi,run_0095,random64,interfloor,0.1089,6.0,29.677,2,61.4806,0,2,False,0.3268,11.0,30.143,2,62.6286,0,2,False,-0.21789999999999998,-5.0,-0.4660000000000011,0,-1.1479999999999961,0,0
TMYx,semi,run_0132,stress16,interfloor,0.6808,17.0,30.765,14,74.5068,0,14,False,0.9259,21.0,31.287,9,75.6239,0,9,False,-0.24509999999999998,-4.0,-0.5219999999999985,5,-1.1171000000000078,0,5
TMYx,semi,run_0169,random64,interfloor,0.0,0.0,28.266,5,31.2885,0,5,False,0.0,0.0,28.867,6,31.2742,0,6,False,0.0,0.0,-0.6010000000000026,-1,0.014299999999998647,0,-1
TMYx,semi,run_0171,random64,interfloor,0.0817,5.0,29.29,1,48.9971,0,1,False,0.1089,8.0,29.701,0,50.3761,0,0,False,-0.027200000000000002,-3.0,-0.41100000000000136,1,-1.3789999999999978,0,1
TMYx,semi,run_0172,random64,interfloor,0.0,0.0,28.714,1,16.4684,0,1,False,0.0,3.0,29.094,2,17.4486,0,2,False,0.0,-3.0,-0.38000000000000256,-1,-0.9802,0,-1
TMYx,semi,run_0189,random64,interfloor,0.0545,5.0,29.256,2,38.7125,0,2,False,0.1634,9.0,29.757,1,38.7209,0,1,False,-0.1089,-4.0,-0.5010000000000012,1,-0.00840000000000174,0,1
TMYx,semi,run_0203,random64,interfloor,0.0,3.0,28.933,0,45.3143,0,0,False,0.0817,5.0,29.292,0,45.3144,0,0,False,-0.0817,-2.0,-0.35900000000000176,0,-9.999999999621423e-05,0,0
TMYx,semi,run_0208,random64,interfloor,0.0,0.0,28.7,0,49.8179,0,0,False,0.0,4.0,29.053,0,53.248,0,0,False,0.0,-4.0,-0.35300000000000153,0,-3.430099999999996,0,0
TMYx,semi,run_0239,stress16,interfloor,0.8987,15.0,30.61,31,50.339,0,178,False,1.4434,20.0,31.275,20,49.2939,0,118,False,-0.5447,-5.0,-0.6649999999999991,11,1.045099999999998,0,60
TMYx,semi,run_0241,stress16,interfloor,0.7353,17.0,30.696,6,600.26,0,59,False,0.9259,20.0,31.169,6,586.4486,0,42,False,-0.1906,-3.0,-0.472999999999999,0,13.811399999999935,0,17
TMYx,semi,run_0298,random64,interfloor,0.1089,5.0,29.563,0,72.6317,0,0,False,0.3268,11.0,30.168,0,72.3419,0,0,False,-0.21789999999999998,-6.0,-0.6050000000000004,0,0.2897999999999996,0,0
TMYx,semi,run_0302,random64,interfloor,0.0,0.0,28.853,0,41.4128,0,0,False,0.0,3.0,29.173,0,42.5092,0,0,False,0.0,-3.0,-0.31999999999999673,0,-1.0964000000000027,0,0
TMYx,semi,run_0421,random64,interfloor,0.0272,4.0,29.148,0,122.8191,0,0,False,0.0817,6.0,29.534,0,128.885,0,0,False,-0.05449999999999999,-2.0,-0.38599999999999923,0,-6.065899999999985,0,0
TMYx,semi,run_0456,random64,interfloor,0.0545,5.0,29.246,0,73.4069,0,0,False,0.1089,7.0,29.673,1,75.0964,0,1,False,-0.0544,-2.0,-0.4269999999999996,-1,-1.6895000000000095,0,-1
TMYx,semi,run_0492,stress16,interfloor,0.817,18.0,30.837,26,85.0745,0,34,False,1.3344,22.0,31.458,12,88.8786,0,13,False,-0.5174000000000001,-4.0,-0.6209999999999987,14,-3.8041000000000054,0,21
TMYx,semi,run_0499,random64,interfloor,0.0,4.0,29.134,3,25.6611,0,3,False,0.1089,5.0,29.669,2,26.1277,0,2,False,-0.1089,-1.0,-0.5350000000000001,1,-0.4665999999999997,0,1
TMYx,semi,run_0500,random64,interfloor,0.0,2.0,28.693,0,35.9291,0,0,False,0.0272,4.0,29.165,0,36.4104,0,0,False,-0.0272,-2.0,-0.47199999999999775,0,-0.4813000000000045,0,0
TMYx,semi,run_0628,stress16,interfloor,0.0,3.0,28.989,0,65.778,0,0,False,0.0817,5.0,29.515,0,66.3968,0,0,False,-0.0817,-2.0,-0.5259999999999998,0,-0.6187999999999931,0,0
TMYx,semi,run_0745,random64,interfloor,0.0817,5.0,29.323,1,112.6798,0,1,False,0.1362,10.0,29.87,1,117.114,0,1,False,-0.05449999999999999,-5.0,-0.5470000000000006,0,-4.434200000000004,0,0
TMYx,semi,run_0768,stress16,interfloor,0.8715,18.0,30.83,25,137.1649,0,63,False,1.5251,22.0,31.539,13,136.8836,0,26,False,-0.6535999999999998,-4.0,-0.7090000000000032,12,0.28129999999998745,0,37
TMYx,semi,run_0785,random64,interfloor,0.1089,6.0,29.608,1,79.4798,0,1,False,0.3268,11.0,30.257,0,82.0422,0,0,False,-0.21789999999999998,-5.0,-0.6490000000000009,1,-2.5623999999999967,0,1
TMYx,semi,run_0788,random64,interfloor,0.0,3.0,29.157,1,50.8292,0,1,False,0.0817,7.0,29.507,1,52.6967,0,1,False,-0.0817,-4.0,-0.3500000000000014,0,-1.8674999999999997,0,0
TMYx,semi,run_0821,random64,interfloor,0.0,0.0,28.549,0,36.3053,0,0,False,0.0,3.0,28.97,0,36.4676,0,0,False,0.0,-3.0,-0.4209999999999994,0,-0.16229999999999478,0,0
TMYx,semi,run_0833,random64,interfloor,0.0,0.0,28.645,0,37.6694,0,0,False,0.0,3.0,28.997,0,37.36,0,0,False,0.0,-3.0,-0.3520000000000003,0,0.30940000000000367,0,0
TMYx,semi,run_0841,random64,interfloor,0.0545,5.0,29.381,0,96.0817,0,0,False,0.1089,8.0,29.729,0,100.8009,0,0,False,-0.0544,-3.0,-0.347999999999999,0,-4.719200000000001,0,0
TMYx,semi,run_0844,random64,interfloor,0.0272,4.0,29.143,1,65.1471,0,1,False,0.0817,6.0,29.67,1,66.2534,0,1,False,-0.05449999999999999,-2.0,-0.527000000000001,0,-1.1063000000000045,0,0
TMYx,semi,run_0887,random64,interfloor,0.0,0.0,28.703,0,42.9304,0,0,False,0.0,4.0,29.051,0,43.0221,0,0,False,0.0,-4.0,-0.347999999999999,0,-0.091700000000003,0,0
TMYx,semi,run_1025,stress16,interfloor,0.0545,7.0,29.544,0,76.2115,0,0,False,0.1906,7.0,29.861,0,80.1388,0,0,False,-0.1361,0.0,-0.31700000000000017,0,-3.9273000000000025,0,0
TMYx,semi,run_1083,random64,interfloor,0.0,2.0,28.802,0,54.5071,0,0,False,0.0545,4.0,29.228,0,55.9522,0,0,False,-0.0545,-2.0,-0.42600000000000193,0,-1.4450999999999965,0,0
TMYx,semi,run_1093,random64,interfloor,0.0,4.0,28.984,5,38.4972,0,5,False,0.1089,6.0,29.414,5,38.4356,0,5,False,-0.1089,-2.0,-0.4299999999999997,0,0.061599999999998545,0,0
TMYx,semi,run_1130,random64,interfloor,0.0,0.0,28.364,1,9.6752,0,1,False,0.0,0.0,28.756,1,9.7343,0,1,False,0.0,0.0,-0.39199999999999946,0,-0.05909999999999904,0,0
TMYx,semi,run_1192,random64,interfloor,0.1089,5.0,29.553,1,97.3182,0,1,False,0.2451,11.0,30.111,1,101.2066,0,1,False,-0.13620000000000002,-6.0,-0.5579999999999998,0,-3.88839999999999,0,0
TMYx,semi,run_1197,random64,interfloor,0.0,0.0,28.578,0,35.1351,0,0,False,0.0,3.0,28.997,0,35.6839,0,0,False,0.0,-3.0,-0.4190000000000005,0,-0.5488,0,0
TMYx,semi,run_1199,stress16,interfloor,0.0,3.0,29.013,1,50.714,0,1,False,0.0817,5.0,29.518,1,52.8377,0,1,False,-0.0817,-2.0,-0.504999999999999,0,-2.1236999999999995,0,0
TMYx,semi,run_1207,random64,interfloor,0.0,0.0,28.408,1,13.7112,0,1,False,0.0,0.0,28.745,2,13.7493,0,2,False,0.0,0.0,-0.33699999999999974,-1,-0.03810000000000002,0,-1
TMYx,semi,run_1209,random64,interfloor,0.2451,9.0,30.005,3,202.041,0,8,False,0.5719,13.0,30.486,4,203.3296,0,5,False,-0.3268,-4.0,-0.48100000000000165,-1,-1.2886000000000024,0,3
TMYx,semi,run_1214,stress16,interfloor,0.3813,14.0,30.404,3,435.9528,0,11,False,0.463,13.0,30.614,12,428.8964,0,16,False,-0.08170000000000005,1.0,-0.21000000000000085,-9,7.0563999999999965,0,-5
TMYx,semi,run_1248,random64,interfloor,0.3813,12.0,30.116,2,342.9637,0,5,False,0.6264,14.0,30.563,5,344.5506,0,8,False,-0.24509999999999998,-2.0,-0.4469999999999992,-3,-1.5868999999999573,0,-3
TMYx,semi,run_1268,random64,interfloor,1.8519,28.0,31.589,33,63.2193,0,33,False,1.8246,29.0,31.932,20,64.3609,0,20,False,0.027300000000000102,-1.0,-0.34299999999999997,13,-1.141600000000004,0,13
TMYx,semi,run_1274,random64,interfloor,0.0817,7.0,29.425,0,214.4887,0,0,False,0.1362,9.0,29.73,0,222.9603,0,0,False,-0.05449999999999999,-2.0,-0.3049999999999997,0,-8.471599999999995,0,0
TMYx,semi,run_1295,random64,interfloor,0.0,0.0,28.538,0,32.5466,0,0,False,0.0,4.0,29.112,1,32.509,0,1,False,0.0,-4.0,-0.5739999999999981,-1,0.037599999999997635,0,-1
TMYx,semi,run_1311,random64,interfloor,0.0817,5.0,29.576,2,82.4576,0,2,False,0.2451,10.0,30.022,2,83.6241,0,2,False,-0.16340000000000002,-5.0,-0.44599999999999795,0,-1.1664999999999992,0,0
TMYx,semi,run_1388,random64,interfloor,0.0,0.0,28.259,0,16.2106,0,0,False,0.0,0.0,28.62,0,16.5369,0,0,False,0.0,0.0,-0.36100000000000065,0,-0.3262999999999998,0,0
TMYx,semi,run_1391,random64,interfloor,0.0,5.0,29.33,5,27.7554,0,5,False,0.2451,7.0,29.852,4,27.9179,0,4,False,-0.2451,-2.0,-0.522000000000002,1,-0.16249999999999787,0,1
TMYx,semi,run_1416,stress16,interfloor,0.0817,5.0,29.494,7,33.6249,0,7,False,0.2451,10.0,29.995,5,33.8143,0,5,False,-0.16340000000000002,-5.0,-0.5010000000000012,2,-0.18940000000000623,0,2
TMYx,semi,run_1434,random64,interfloor,0.0,0.0,28.587,0,47.7145,0,0,False,0.0,3.0,28.986,0,49.4692,0,0,False,0.0,-3.0,-0.3990000000000009,0,-1.7546999999999997,0,0
TMYx,semi,run_1476,random64,interfloor,0.0817,7.0,29.473,2,70.681,0,2,False,0.1362,8.0,29.761,1,73.1695,0,1,False,-0.05449999999999999,-1.0,-0.28800000000000026,1,-2.488500000000002,0,1
TMYx,semi,run_1497,random64,interfloor,0.0545,4.0,29.266,0,58.3282,0,0,False,0.1089,8.0,29.714,0,60.221,0,0,False,-0.0544,-4.0,-0.4480000000000004,0,-1.892799999999994,0,0
TMYx,semi,run_1506,stress16,interfloor,0.6536,16.0,30.398,9,465.5281,0,101,False,0.8715,16.0,30.592,18,437.5342,0,100,False,-0.2179000000000001,0.0,-0.19399999999999906,-9,27.993899999999996,0,1
TMYx,semi,run_1521,stress16,interfloor,0.0817,5.0,29.53,0,173.7366,0,0,False,0.2723,11.0,30.167,0,181.304,0,0,False,-0.1906,-6.0,-0.6370000000000005,0,-7.567399999999992,0,0
TMYx,semi,run_1525,random64,interfloor,0.0,0.0,28.628,0,27.8626,0,0,False,0.0,3.0,29.029,0,28.9543,0,0,False,0.0,-3.0,-0.4009999999999998,0,-1.0916999999999994,0,0
TMYx,semi,run_1560,random64,interfloor,0.9804,21.0,30.803,9,87.2305,0,9,False,0.9532,21.0,31.037,4,87.7208,0,4,False,0.027200000000000002,0.0,-0.2339999999999982,5,-0.49029999999999063,0,5
TMYx,semi,run_1586,random64,interfloor,0.0,0.0,28.742,0,24.3899,0,0,False,0.0,5.0,29.135,0,24.8327,0,0,False,0.0,-5.0,-0.3930000000000007,0,-0.4427999999999983,0,0
TMYx,semi,run_1590,random64,interfloor,0.7898,14.0,30.54,2,129.7538,0,2,False,1.28,20.0,31.274,1,130.8888,0,1,False,-0.4902000000000001,-6.0,-0.7340000000000018,1,-1.134999999999991,0,1
TMYx,semi,run_1644,random64,interfloor,0.0,4.0,29.069,0,94.0829,0,0,False,0.0545,5.0,29.312,0,97.4735,0,0,False,-0.0545,-1.0,-0.2430000000000021,0,-3.3906000000000063,0,0
TMYx,semi,run_1646,random64,interfloor,0.0,1.0,28.921,2,69.0651,0,2,False,0.0,4.0,29.317,2,69.0606,0,2,False,0.0,-3.0,-0.3960000000000008,0,0.004500000000007276,0,0
TMYx,semi,run_1649,random64,interfloor,0.1634,9.0,29.715,4,43.8356,0,4,False,0.2996,13.0,30.125,2,43.9311,0,2,False,-0.1362,-4.0,-0.41000000000000014,2,-0.09550000000000125,0,2
TMYx,semi,run_1739,random64,interfloor,0.0,0.0,28.736,0,34.2361,0,0,False,0.0,4.0,29.115,1,34.4982,0,1,False,0.0,-4.0,-0.3789999999999978,-1,-0.26209999999999667,0,-1
TMYx,semi,run_1746,random64,interfloor,0.0,3.0,29.02,2,33.8155,0,2,False,0.0817,5.0,29.47,2,35.5507,0,2,False,-0.0817,-2.0,-0.4499999999999993,0,-1.735199999999999,0,0
TMYx,semi,run_1748,random64,interfloor,0.2451,10.0,30.012,7,85.9621,0,7,False,0.5719,14.0,30.54,3,89.7159,0,4,False,-0.3268,-4.0,-0.5279999999999987,4,-3.7537999999999982,0,3
TMYx,semi,run_1757,random64,interfloor,0.2179,9.0,29.872,1,234.2936,0,1,False,0.4085,12.0,30.311,3,244.9104,0,4,False,-0.19059999999999996,-3.0,-0.43900000000000006,-2,-10.616800000000012,0,-3
TMYx,semi,run_1759,random64,interfloor,0.0,0.0,28.824,1,29.8354,0,1,False,0.0817,5.0,29.352,2,30.0297,0,2,False,-0.0817,-5.0,-0.5279999999999987,-1,-0.19429999999999836,0,-1
TMYx,semi,run_1762,random64,interfloor,0.0817,5.0,29.337,0,75.7395,0,0,False,0.1089,7.0,29.75,0,77.2274,0,0,False,-0.027200000000000002,-2.0,-0.41300000000000026,0,-1.4878999999999962,0,0
TMYx,semi,run_1801,stress16,interfloor,0.0545,5.0,29.299,0,86.1091,0,0,False,0.1089,6.0,29.632,0,90.1005,0,0,False,-0.0544,-1.0,-0.33300000000000196,0,-3.9913999999999987,0,0
TMYx,semi,run_1809,random64,interfloor,0.0,0.0,28.632,0,34.8703,0,0,False,0.0,4.0,29.047,0,35.7347,0,0,False,0.0,-4.0,-0.41499999999999915,0,-0.8643999999999963,0,0
TMYx,semi,run_1813,random64,interfloor,0.0,2.0,28.661,0,42.4549,0,0,False,0.0,4.0,29.069,0,43.3691,0,0,False,0.0,-2.0,-0.4079999999999977,0,-0.914200000000001,0,0
TMYx,semi,run_1851,random64,interfloor,0.0545,7.0,29.331,0,114.6244,0,0,False,0.1089,8.0,29.619,0,122.767,0,0,False,-0.0544,-1.0,-0.28800000000000026,0,-8.142600000000002,0,0
TMYx,semi,run_1864,random64,interfloor,0.0,4.0,29.085,0,57.7557,0,0,False,0.0817,5.0,29.485,0,59.2799,0,0,False,-0.0817,-1.0,-0.3999999999999986,0,-1.5242000000000004,0,0
TMYx,semi,run_1865,random64,interfloor,0.2179,11.0,29.91,5,55.0781,0,5,False,0.4085,14.0,30.19,5,56.1981,0,5,False,-0.19059999999999996,-3.0,-0.28000000000000114,0,-1.1199999999999974,0,0
TMYx,semi,run_1866,random64,interfloor,0.1634,9.0,29.923,1,142.3489,0,1,False,0.4085,13.0,30.637,1,142.8258,0,1,False,-0.24509999999999998,-4.0,-0.7140000000000022,0,-0.47690000000000055,0,0
TMYx,semi,run_1911,random64,interfloor,0.0,0.0,28.139,0,12.5694,0,0,False,0.0,0.0,28.541,0,12.7833,0,0,False,0.0,0.0,-0.402000000000001,0,-0.21390000000000065,0,0
TMYx,semi,run_1941,stress16,interfloor,1.0893,20.0,30.999,3,328.1288,0,3,False,1.3617,23.0,31.399,3,323.3616,0,3,False,-0.2724,-3.0,-0.40000000000000213,0,4.7672000000000025,0,0
TMYx,semi,run_1952,random64,interfloor,0.0,2.0,28.708,0,50.9479,0,0,False,0.0272,4.0,29.14,0,50.9389,0,0,False,-0.0272,-2.0,-0.43200000000000216,0,0.009000000000000341,0,0
TMYx,detached,run_0000,stress16,shade_off,0.2451,9.0,30.116,1,62.0754,0,1,False,0.1362,9.0,29.912,1,62.291,0,1,False,0.10890000000000002,0.0,0.20400000000000063,0,-0.2155999999999949,0,0
TMYx,detached,run_0015,random64,shade_off,0.7898,18.0,31.043,1,413.5043,0,1,False,0.3813,12.0,30.339,0,411.9836,0,0,False,0.4085,6.0,0.7040000000000006,1,1.5206999999999766,0,1
TMYx,detached,run_0023,random64,shade_off,0.1089,6.0,29.632,0,60.8819,0,0,False,0.0817,5.0,29.379,0,60.4613,0,0,False,0.027200000000000002,1.0,0.2530000000000001,0,0.4206000000000003,0,0
TMYx,detached,run_0029,stress16,shade_off,1.1438,23.0,31.614,30,57.155,0,30,False,0.7353,19.0,30.848,18,57.243,0,18,False,0.4085,4.0,0.7660000000000018,12,-0.08800000000000097,0,12
TMYx,detached,run_0044,random64,shade_off,0.1089,9.0,29.692,0,74.0444,0,0,False,0.0545,4.0,29.365,0,73.8047,0,0,False,0.0544,5.0,0.32700000000000173,0,0.23969999999999914,0,0
TMYx,detached,run_0063,random64,shade_off,1.171,24.0,31.849,1,240.5297,0,1,False,0.5991,16.0,30.793,0,240.1718,0,0,False,0.5719000000000001,8.0,1.056000000000001,1,0.3579000000000008,0,1
TMYx,detached,run_0092,random64,shade_off,0.2451,10.0,30.175,1,58.281,0,1,False,0.1089,5.0,29.603,0,58.198,0,0,False,0.13620000000000002,5.0,0.5719999999999992,1,0.08299999999999841,0,1
TMYx,detached,run_0095,random64,shade_off,0.8715,19.0,31.115,2,86.8434,0,2,False,0.4085,11.0,30.242,1,87.1362,0,1,False,0.4630000000000001,8.0,0.8729999999999976,1,-0.2927999999999997,0,1
TMYx,detached,run_0132,stress16,shade_off,1.988,37.0,33.115,12,102.4314,6,12,True,1.28,27.0,31.964,5,102.2647,0,5,False,0.708,10.0,1.1510000000000034,7,0.16669999999999163,6,7
TMYx,detached,run_0169,random64,shade_off,0.0817,5.0,29.617,2,42.5361,0,2,False,0.0,4.0,29.315,2,42.5297,0,2,False,0.0817,1.0,0.3019999999999996,0,0.006399999999999295,0,0
TMYx,detached,run_0171,random64,shade_off,0.9532,18.0,31.045,1,73.9047,0,1,False,0.354,11.0,30.206,0,74.568,0,0,False,0.5992000000000001,7.0,0.8390000000000022,1,-0.6632999999999925,0,1
TMYx,detached,run_0172,random64,shade_off,0.2179,6.0,29.796,1,25.9136,0,1,False,0.0817,5.0,29.492,1,25.8492,0,1,False,0.13620000000000002,1.0,0.3039999999999985,0,0.06439999999999912,0,0
TMYx,detached,run_0189,random64,shade_off,0.5447,14.0,30.593,1,49.8659,0,1,False,0.3268,12.0,30.074,0,49.8806,0,0,False,0.21789999999999998,2.0,0.5189999999999984,1,-0.014699999999997715,0,1
TMYx,detached,run_0203,random64,shade_off,0.1906,9.0,29.842,1,64.8634,0,1,False,0.0817,5.0,29.438,0,64.8835,0,0,False,0.1089,4.0,0.4039999999999999,1,-0.02009999999999934,0,1
TMYx,detached,run_0208,random64,shade_off,0.1089,6.0,29.548,0,86.0067,0,0,False,0.0545,4.0,29.257,0,86.5169,0,0,False,0.0544,2.0,0.2909999999999968,0,-0.5102000000000118,0,0
TMYx,detached,run_0239,stress16,shade_off,2.9139,41.0,33.272,62,71.8117,9,273,True,1.9063,30.0,31.939,45,71.8834,0,164,False,1.0075999999999998,11.0,1.3329999999999984,17,-0.07169999999999277,9,109
TMYx,detached,run_0241,stress16,shade_off,1.7974,29.0,32.423,12,711.6981,2,54,True,1.0076,21.0,31.355,10,707.8041,0,29,False,0.7898000000000001,8.0,1.0680000000000014,2,3.8940000000000055,2,25
TMYx,detached,run_0298,random64,shade_off,0.9804,20.0,31.407,1,121.9366,0,1,False,0.4357,13.0,30.634,0,122.9737,0,0,False,0.5447000000000001,7.0,0.7729999999999997,1,-1.0370999999999952,0,1
TMYx,detached,run_0302,random64,shade_off,0.1906,8.0,29.85,1,63.0934,0,1,False,0.0817,5.0,29.507,0,62.9918,0,0,False,0.1089,3.0,0.34299999999999997,1,0.1016000000000048,0,1
TMYx,detached,run_0421,random64,shade_off,0.5719,16.0,30.936,0,196.6205,0,0,False,0.354,11.0,30.255,0,197.3284,0,0,False,0.21789999999999998,5.0,0.6810000000000009,0,-0.7078999999999951,0,0
TMYx,detached,run_0456,random64,shade_off,0.5174,16.0,30.969,1,106.8173,0,1,False,0.2723,11.0,30.331,1,106.3333,0,1,False,0.24509999999999998,5.0,0.6380000000000017,0,0.48400000000000887,0,0
TMYx,detached,run_0492,stress16,shade_off,2.0969,39.0,33.145,27,136.8769,6,29,True,1.4978,29.0,31.963,15,135.1404,0,16,False,0.5991000000000002,10.0,1.1820000000000022,12,1.7365000000000066,6,13
TMYx,detached,run_0499,random64,shade_off,0.7081,14.0,30.706,2,32.1802,0,2,False,0.2451,10.0,30.01,1,32.1903,0,1,False,0.46299999999999997,4.0,0.695999999999998,1,-0.01010000000000133,0,1
TMYx,detached,run_0500,random64,shade_off,0.1362,9.0,29.772,0,45.5435,0,0,False,0.0545,5.0,29.399,0,45.3742,0,0,False,0.0817,4.0,0.37299999999999756,0,0.16929999999999978,0,0
TMYx,detached,run_0628,stress16,shade_off,0.2723,11.0,30.179,0,95.3807,0,0,False,0.1089,9.0,29.739,0,96.0055,0,0,False,0.1634,2.0,0.4399999999999977,0,-0.6247999999999934,0,0
TMYx,detached,run_0745,random64,shade_off,0.463,15.0,30.834,1,196.8005,0,1,False,0.2451,11.0,30.314,1,196.8461,0,1,False,0.2179,4.0,0.5199999999999996,0,-0.04560000000000741,0,0
TMYx,detached,run_0768,stress16,shade_off,3.159,43.0,33.851,46,243.4158,14,102,True,2.3693,31.0,32.372,35,241.2999,2,64,True,0.7896999999999998,12.0,1.4789999999999992,11,2.115899999999982,12,38
TMYx,detached,run_0785,random64,shade_off,1.1438,24.0,31.733,1,142.8854,0,1,False,0.5447,16.0,30.747,1,142.6668,0,1,False,0.5991,8.0,0.9860000000000007,0,0.21860000000000923,0,0
TMYx,detached,run_0788,random64,shade_off,0.5447,15.0,30.566,2,86.0873,0,2,False,0.2996,10.0,30.061,1,86.7296,0,1,False,0.24509999999999998,5.0,0.504999999999999,1,-0.6423000000000059,0,1
TMYx,detached,run_0821,random64,shade_off,0.0817,5.0,29.367,0,43.7865,0,0,False,0.0,4.0,29.03,0,43.7522,0,0,False,0.0817,1.0,0.33699999999999974,0,0.03429999999999467,0,0
TMYx,detached,run_0833,random64,shade_off,0.1906,9.0,29.858,0,52.3227,0,0,False,0.1089,6.0,29.497,0,52.2416,0,0,False,0.0817,3.0,0.36100000000000065,0,0.08109999999999928,0,0
TMYx,detached,run_0841,random64,shade_off,0.7353,19.0,31.192,1,138.4559,0,1,False,0.2996,11.0,30.238,0,138.3941,0,0,False,0.4357,8.0,0.9540000000000006,1,0.061800000000005184,0,1
TMYx,detached,run_0844,random64,shade_off,0.1634,9.0,30.036,1,86.8093,0,1,False,0.1362,9.0,29.861,1,87.5124,0,1,False,0.027200000000000002,0.0,0.1750000000000007,0,-0.7031000000000063,0,0
TMYx,detached,run_0887,random64,shade_off,0.0817,5.0,29.593,0,57.4236,0,0,False,0.0545,4.0,29.308,0,56.984,0,0,False,0.027199999999999995,1.0,0.28500000000000014,0,0.43959999999999866,0,0
TMYx,detached,run_1025,stress16,shade_off,1.0076,20.0,31.488,1,121.9459,0,1,False,0.4902,16.0,30.733,1,121.8025,0,1,False,0.5174000000000001,4.0,0.754999999999999,0,0.14339999999999975,0,0
TMYx,detached,run_1083,random64,shade_off,0.1089,6.0,29.686,0,70.1408,0,0,False,0.0817,5.0,29.432,0,69.2255,0,0,False,0.027200000000000002,1.0,0.25400000000000134,0,0.915300000000002,0,0
TMYx,detached,run_1093,random64,shade_off,0.2179,11.0,29.986,5,48.767,0,5,False,0.1362,8.0,29.814,4,48.7182,0,4,False,0.08170000000000002,3.0,0.1720000000000006,1,0.048799999999999955,0,1
TMYx,detached,run_1130,random64,shade_off,0.0,4.0,29.361,1,16.5369,0,1,False,0.0,3.0,29.053,0,16.2879,0,0,False,0.0,1.0,0.30799999999999983,1,0.24899999999999878,0,1
TMYx,detached,run_1192,random64,shade_off,0.6536,17.0,30.899,1,208.5283,0,1,False,0.3268,12.0,30.407,1,207.8393,0,1,False,0.3268,5.0,0.4920000000000009,0,0.688999999999993,0,0
TMYx,detached,run_1197,random64,shade_off,0.0545,4.0,29.27,0,43.1913,0,0,False,0.0,4.0,29.126,0,43.093,0,0,False,0.0545,0.0,0.14399999999999835,0,0.09829999999999472,0,0
TMYx,detached,run_1199,stress16,shade_off,0.1362,9.0,29.879,1,69.0271,0,1,False,0.0817,5.0,29.554,1,69.141,0,1,False,0.05449999999999999,4.0,0.32500000000000284,0,-0.113900000000001,0,0
TMYx,detached,run_1207,random64,shade_off,0.0817,5.0,29.458,1,19.1878,0,1,False,0.0,4.0,29.124,0,19.3317,0,0,False,0.0817,1.0,0.33399999999999963,1,-0.14390000000000214,0,1
TMYx,detached,run_1209,random64,shade_off,1.2527,24.0,31.887,3,278.3567,0,6,False,0.7081,18.0,30.907,2,278.4229,0,3,False,0.5446,6.0,0.9800000000000004,1,-0.06620000000003756,0,3
TMYx,detached,run_1214,stress16,shade_off,2.1242,30.0,32.692,19,762.2889,2,81,True,1.2255,21.0,31.47,16,752.8906,0,44,False,0.8987,9.0,1.2220000000000013,3,9.398300000000063,2,37
TMYx,detached,run_1248,random64,shade_off,1.3617,27.0,32.061,7,426.4053,0,26,False,0.7898,18.0,31.029,5,426.5185,0,6,False,0.5719,9.0,1.032,2,-0.11320000000000618,0,20
TMYx,detached,run_1268,random64,shade_off,2.5054,41.0,33.491,25,86.5447,10,25,True,1.6885,30.0,32.098,14,86.675,0,14,False,0.8169,11.0,1.3930000000000007,11,-0.1302999999999912,10,11
TMYx,detached,run_1274,random64,shade_off,1.0621,21.0,31.688,1,421.0941,0,1,False,0.5447,16.0,30.786,2,417.5677,0,2,False,0.5174000000000001,5.0,0.9019999999999975,-1,3.5264000000000237,0,-1
TMYx,detached,run_1295,random64,shade_off,0.0817,5.0,29.347,1,42.2036,0,1,False,0.0545,5.0,29.213,1,42.4713,0,1,False,0.027199999999999995,0.0,0.13400000000000034,0,-0.26769999999999783,0,0
TMYx,detached,run_1311,random64,shade_off,0.5447,16.0,30.818,2,105.5224,0,2,False,0.2723,11.0,30.134,1,105.3116,0,1,False,0.2724,5.0,0.684000000000001,1,0.2108000000000061,0,1
TMYx,detached,run_1388,random64,shade_off,0.0,3.0,28.878,0,23.4531,0,0,False,0.0,2.0,28.732,0,23.413,0,0,False,0.0,1.0,0.1460000000000008,0,0.040099999999998914,0,0
TMYx,detached,run_1391,random64,shade_off,0.6536,14.0,30.634,3,38.7637,0,3,False,0.2451,10.0,29.985,1,38.6831,0,1,False,0.4085,4.0,0.6490000000000009,2,0.0805999999999969,0,2
TMYx,detached,run_1416,stress16,shade_off,1.2255,21.0,31.688,8,40.5612,0,8,False,0.6536,15.0,30.814,2,40.5198,0,2,False,0.5719000000000001,6.0,0.8739999999999988,6,0.04140000000000299,0,6
TMYx,detached,run_1434,random64,shade_off,0.0817,5.0,29.519,0,72.2672,0,0,False,0.0545,4.0,29.253,0,73.1202,0,0,False,0.027199999999999995,1.0,0.26599999999999824,0,-0.8529999999999944,0,0
TMYx,detached,run_1476,random64,shade_off,1.2255,23.0,31.569,5,135.8583,0,5,False,0.5719,15.0,30.595,2,133.89,0,2,False,0.6536000000000001,8.0,0.9740000000000002,3,1.9683000000000277,0,3
TMYx,detached,run_1497,random64,shade_off,0.4085,14.0,30.464,1,80.2103,0,1,False,0.2179,10.0,29.874,0,79.3664,0,0,False,0.19059999999999996,4.0,0.5899999999999999,1,0.843900000000005,0,1
TMYx,detached,run_1506,stress16,shade_off,2.4782,36.0,32.856,36,633.4165,4,242,True,1.9063,25.0,31.716,33,634.5908,0,159,False,0.5719000000000001,11.0,1.1400000000000006,3,-1.1742999999999029,4,83
TMYx,detached,run_1521,stress16,shade_off,0.9804,20.0,31.301,1,279.4504,0,1,False,0.4357,12.0,30.532,0,276.7888,0,0,False,0.5447000000000001,8.0,0.7689999999999984,1,2.6616000000000213,0,1
TMYx,detached,run_1525,random64,shade_off,0.0817,5.0,29.557,0,42.6562,0,0,False,0.0545,4.0,29.233,0,42.7963,0,0,False,0.027199999999999995,1.0,0.32399999999999807,0,-0.1401000000000039,0,0
TMYx,detached,run_1560,random64,shade_off,2.4782,40.0,33.379,11,121.6845,8,11,True,1.634,27.0,31.946,2,121.0749,0,2,False,0.8442000000000003,13.0,1.4329999999999963,9,0.6096000000000004,8,9
TMYx,detached,run_1586,random64,shade_off,0.1362,6.0,29.776,1,42.4764,0,1,False,0.0545,5.0,29.334,0,42.5588,0,0,False,0.0817,1.0,0.44200000000000017,1,-0.0823999999999998,0,1
TMYx,detached,run_1590,random64,shade_off,2.3693,37.0,33.281,2,214.5005,8,2,True,1.7157,25.0,31.813,1,212.6485,0,1,False,0.6536,12.0,1.468,1,1.8519999999999754,8,1
TMYx,detached,run_1644,random64,shade_off,0.6264,16.0,30.949,4,192.064,0,20,False,0.2451,11.0,30.198,3,190.8567,0,6,False,0.3813,5.0,0.7510000000000012,1,1.2073000000000036,0,14
TMYx,detached,run_1646,random64,shade_off,0.1906,6.0,29.739,1,81.5404,0,1,False,0.0817,5.0,29.463,1,81.502,0,1,False,0.1089,1.0,0.2759999999999998,0,0.03840000000000998,0,0
TMYx,detached,run_1649,random64,shade_off,0.5447,18.0,30.759,1,58.2431,0,1,False,0.3268,13.0,30.322,1,58.1977,0,1,False,0.21789999999999998,5.0,0.43700000000000117,0,0.04540000000000077,0,0
TMYx,detached,run_1739,random64,shade_off,0.0817,5.0,29.438,0,46.9781,0,0,False,0.0,5.0,29.137,0,47.0102,0,0,False,0.0817,0.0,0.3009999999999984,0,-0.032099999999999795,0,0
TMYx,detached,run_1746,random64,shade_off,0.3813,11.0,30.283,1,54.2488,0,1,False,0.1362,9.0,29.725,1,54.2701,0,1,False,0.24509999999999998,2.0,0.5579999999999998,0,-0.021299999999996544,0,0
TMYx,detached,run_1748,random64,shade_off,1.0893,22.0,31.487,5,117.1366,0,5,False,0.5719,15.0,30.622,2,116.569,0,2,False,0.5174,7.0,0.8649999999999984,3,0.5675999999999988,0,3
TMYx,detached,run_1757,random64,shade_off,1.2527,25.0,31.894,4,330.9573,0,7,False,0.5719,17.0,30.845,3,328.9468,0,3,False,0.6808,8.0,1.0489999999999995,1,2.010499999999979,0,4
TMYx,detached,run_1759,random64,shade_off,0.3268,11.0,30.111,1,47.7365,0,1,False,0.1634,7.0,29.665,0,47.7447,0,0,False,0.1634,4.0,0.4460000000000015,1,-0.008200000000002206,0,1
TMYx,detached,run_1762,random64,shade_off,0.2996,11.0,30.574,0,93.2601,0,0,False,0.1634,10.0,30.008,0,93.0686,0,0,False,0.1362,1.0,0.5660000000000025,0,0.19149999999999068,0,0
TMYx,detached,run_1801,stress16,shade_off,0.6536,16.0,30.771,1,173.2642,0,1,False,0.354,11.0,30.06,0,173.0094,0,0,False,0.2996,5.0,0.7110000000000021,1,0.2547999999999888,0,1
TMYx,detached,run_1809,random64,shade_off,0.0817,5.0,29.427,0,46.3004,0,0,False,0.0272,4.0,29.149,0,46.2583,0,0,False,0.05449999999999999,1.0,0.2779999999999987,0,0.04210000000000491,0,0
TMYx,detached,run_1813,random64,shade_off,0.0545,4.0,29.395,0,63.7665,0,0,False,0.0545,4.0,29.214,0,64.3442,0,0,False,0.0,0.0,0.18100000000000094,0,-0.5777000000000001,0,0
TMYx,detached,run_1851,random64,shade_off,0.9804,21.0,31.241,1,188.8785,0,1,False,0.4085,13.0,30.337,0,187.9018,0,0,False,0.5719000000000001,8.0,0.9039999999999999,1,0.9766999999999939,0,1
TMYx,detached,run_1864,random64,shade_off,0.5447,15.0,30.844,1,92.2287,0,1,False,0.3268,11.0,30.23,0,92.1836,0,0,False,0.21789999999999998,4.0,0.6140000000000008,1,0.045100000000005025,0,1
TMYx,detached,run_1865,random64,shade_off,1.7702,30.0,32.443,12,99.8444,2,15,True,1.1166,22.0,31.338,5,99.0101,0,6,False,0.6536,8.0,1.1049999999999969,7,0.8342999999999989,2,9
TMYx,detached,run_1866,random64,shade_off,1.3344,26.0,32.289,1,304.8728,2,1,True,0.7625,21.0,31.261,1,302.2927,0,1,False,0.5719000000000001,5.0,1.0280000000000022,0,2.580099999999959,2,0
TMYx,detached,run_1911,random64,shade_off,0.0,0.0,28.656,0,19.1298,0,0,False,0.0,0.0,28.583,0,19.2705,0,0,False,0.0,0.0,0.0730000000000004,0,-0.14069999999999894,0,0
TMYx,detached,run_1941,stress16,shade_off,2.342,36.0,33.294,2,389.936,7,2,True,1.7974,26.0,31.885,1,389.4369,0,1,False,0.5446,10.0,1.4089999999999954,1,0.49909999999999854,7,1
TMYx,detached,run_1952,random64,shade_off,0.1089,6.0,29.657,0,69.8723,0,0,False,0.0545,4.0,29.287,0,69.8305,0,0,False,0.0544,2.0,0.370000000000001,0,0.04179999999999495,0,0
TMYx,semi,run_0000,stress16,shade_off,0.1906,10.0,29.964,2,48.2852,0,2,False,0.1362,9.0,29.761,2,48.3434,0,2,False,0.054400000000000004,1.0,0.2029999999999994,0,-0.05819999999999936,0,0
TMYx,semi,run_0015,random64,shade_off,0.354,11.0,30.132,0,278.9112,0,0,False,0.1089,8.0,29.705,0,277.9104,0,0,False,0.24509999999999998,3.0,0.42700000000000315,0,1.0008000000000266,0,0
TMYx,semi,run_0023,random64,shade_off,0.0817,5.0,29.484,0,47.2485,0,0,False,0.0545,5.0,29.252,0,47.5517,0,0,False,0.027199999999999995,0.0,0.23200000000000287,0,-0.3031999999999968,0,0
TMYx,semi,run_0029,stress16,shade_off,1.3617,22.0,31.521,40,41.7437,0,40,False,0.7898,16.0,30.733,29,41.7581,0,29,False,0.5719,6.0,0.7880000000000003,11,-0.014400000000001967,0,11
TMYx,semi,run_0044,random64,shade_off,0.0817,5.0,29.464,0,55.7054,0,0,False,0.0545,4.0,29.179,0,55.4131,0,0,False,0.027199999999999995,1.0,0.28500000000000014,0,0.29229999999999734,0,0
TMYx,semi,run_0063,random64,shade_off,1.2255,21.0,31.666,2,203.6004,0,2,False,0.5447,12.0,30.598,1,201.9779,0,1,False,0.6808000000000001,9.0,1.0680000000000014,1,1.6225000000000023,0,1
TMYx,semi,run_0092,random64,shade_off,0.1634,8.0,29.83,1,43.6545,0,1,False,0.0817,5.0,29.427,0,43.6234,0,0,False,0.0817,3.0,0.4029999999999987,1,0.031100000000002126,0,1
TMYx,semi,run_0095,random64,shade_off,0.8715,18.0,30.909,5,63.5555,0,5,False,0.3268,11.0,30.143,2,62.6286,0,2,False,0.5447000000000001,7.0,0.7659999999999982,3,0.9269000000000034,0,3
TMYx,semi,run_0132,stress16,shade_off,1.3072,27.0,32.146,17,75.694,1,17,True,0.9259,21.0,31.287,9,75.6239,0,9,False,0.3813,6.0,0.8590000000000018,8,0.0700999999999965,1,8
TMYx,semi,run_0169,random64,shade_off,0.0,4.0,29.146,9,31.2567,0,9,False,0.0,0.0,28.867,6,31.2742,0,6,False,0.0,4.0,0.2789999999999999,3,-0.017500000000001847,0,3
TMYx,semi,run_0171,random64,shade_off,0.3268,11.0,30.339,1,50.1729,0,1,False,0.1089,8.0,29.701,0,50.3761,0,0,False,0.21789999999999998,3.0,0.6379999999999981,1,-0.2032000000000025,0,1
TMYx,semi,run_0172,random64,shade_off,0.0,3.0,29.29,2,17.3048,0,2,False,0.0,3.0,29.094,2,17.4486,0,2,False,0.0,0.0,0.19599999999999795,0,-0.14379999999999882,0,0
TMYx,semi,run_0189,random64,shade_off,0.3268,11.0,30.221,2,38.7727,0,2,False,0.1634,9.0,29.757,1,38.7209,0,1,False,0.1634,2.0,0.46399999999999864,1,0.05180000000000007,0,1
TMYx,semi,run_0203,random64,shade_off,0.1089,6.0,29.672,1,45.4214,0,1,False,0.0817,5.0,29.292,0,45.3144,0,0,False,0.027200000000000002,1.0,0.379999999999999,1,0.10699999999999932,0,1
TMYx,semi,run_0208,random64,shade_off,0.0545,4.0,29.177,0,53.3845,0,0,False,0.0,4.0,29.053,0,53.248,0,0,False,0.0545,0.0,0.12399999999999878,0,0.13650000000000517,0,0
TMYx,semi,run_0239,stress16,shade_off,2.4237,33.0,32.641,35,49.7961,3,211,True,1.4434,20.0,31.275,20,49.2939,0,118,False,0.9803000000000002,13.0,1.3659999999999997,15,0.502200000000002,3,93
TMYx,semi,run_0241,stress16,shade_off,1.6068,27.0,32.221,9,594.2668,1,68,True,0.9259,20.0,31.169,6,586.4486,0,42,False,0.6809000000000001,7.0,1.051999999999996,3,7.818199999999933,1,26
TMYx,semi,run_0298,random64,shade_off,0.7081,17.0,30.993,1,72.2956,0,1,False,0.3268,11.0,30.168,0,72.3419,0,0,False,0.3813,6.0,0.8249999999999993,1,-0.04630000000000223,0,1
TMYx,semi,run_0302,random64,shade_off,0.0,4.0,29.393,0,42.6309,0,0,False,0.0,3.0,29.173,0,42.5092,0,0,False,0.0,1.0,0.22000000000000242,0,0.12169999999999703,0,0
TMYx,semi,run_0421,random64,shade_off,0.2179,9.0,29.818,0,129.7084,0,0,False,0.0817,6.0,29.534,0,128.885,0,0,False,0.13620000000000002,3.0,0.2840000000000025,0,0.8234000000000208,0,0
TMYx,semi,run_0456,random64,shade_off,0.1362,10.0,29.855,1,75.5771,0,1,False,0.1089,7.0,29.673,1,75.0964,0,1,False,0.02729999999999999,3.0,0.18200000000000216,0,0.4806999999999988,0,0
TMYx,semi,run_0492,stress16,shade_off,2.0425,33.0,32.64,25,89.3325,3,25,True,1.3344,22.0,31.458,12,88.8786,0,13,False,0.7081,11.0,1.1820000000000022,13,0.4538999999999902,3,12
TMYx,semi,run_0499,random64,shade_off,0.354,11.0,30.203,4,25.9208,0,4,False,0.1089,5.0,29.669,2,26.1277,0,2,False,0.24509999999999998,6.0,0.5339999999999989,2,-0.20690000000000097,0,2
TMYx,semi,run_0500,random64,shade_off,0.0817,5.0,29.44,0,36.6191,0,0,False,0.0272,4.0,29.165,0,36.4104,0,0,False,0.05449999999999999,1.0,0.27500000000000213,0,0.20870000000000033,0,0
TMYx,semi,run_0628,stress16,shade_off,0.1634,10.0,29.939,0,65.6161,0,0,False,0.0817,5.0,29.515,0,66.3968,0,0,False,0.0817,5.0,0.4239999999999995,0,-0.780699999999996,0,0
TMYx,semi,run_0745,random64,shade_off,0.2451,10.0,30.169,1,117.455,0,1,False,0.1362,10.0,29.87,1,117.114,0,1,False,0.10890000000000002,0.0,0.2989999999999995,0,0.340999999999994,0,0
TMYx,semi,run_0768,stress16,shade_off,2.4237,36.0,33.036,24,138.5744,4,57,True,1.5251,22.0,31.539,13,136.8836,0,26,False,0.8986000000000003,14.0,1.4969999999999999,11,1.6907999999999959,4,31
TMYx,semi,run_0785,random64,shade_off,0.9259,20.0,31.258,1,81.7081,0,1,False,0.3268,11.0,30.257,0,82.0422,0,0,False,0.5991,9.0,1.0009999999999977,1,-0.3340999999999923,0,1
TMYx,semi,run_0788,random64,shade_off,0.1089,7.0,29.707,2,52.4038,0,2,False,0.0817,7.0,29.507,1,52.6967,0,1,False,0.027200000000000002,0.0,0.1999999999999993,1,-0.29290000000000305,0,1
TMYx,semi,run_0821,random64,shade_off,0.0545,4.0,29.242,0,36.4609,0,0,False,0.0,3.0,28.97,0,36.4676,0,0,False,0.0545,1.0,0.272000000000002,0,-0.006699999999995043,0,0
TMYx,semi,run_0833,random64,shade_off,0.0545,4.0,29.211,0,37.3532,0,0,False,0.0,3.0,28.997,0,37.36,0,0,False,0.0545,1.0,0.21399999999999864,0,-0.006799999999998363,0,0
TMYx,semi,run_0841,random64,shade_off,0.3813,11.0,30.276,0,100.9172,0,0,False,0.1089,8.0,29.729,0,100.8009,0,0,False,0.2724,3.0,0.5470000000000006,0,0.11629999999999541,0,0
TMYx,semi,run_0844,random64,shade_off,0.1362,8.0,29.826,1,66.1867,0,1,False,0.0817,6.0,29.67,1,66.2534,0,1,False,0.05449999999999999,2.0,0.1559999999999988,0,-0.06669999999999732,0,0
TMYx,semi,run_0887,random64,shade_off,0.0272,4.0,29.255,0,43.1995,0,0,False,0.0,4.0,29.051,0,43.0221,0,0,False,0.0272,0.0,0.20400000000000063,0,0.17739999999999867,0,0
TMYx,semi,run_1025,stress16,shade_off,0.3268,11.0,30.199,0,79.8404,0,0,False,0.1906,7.0,29.861,0,80.1388,0,0,False,0.1362,4.0,0.33800000000000097,0,-0.2984000000000009,0,0
TMYx,semi,run_1083,random64,shade_off,0.0545,4.0,29.386,0,56.5753,0,0,False,0.0545,4.0,29.228,0,55.9522,0,0,False,0.0,0.0,0.1579999999999977,0,0.6231000000000009,0,0
TMYx,semi,run_1093,random64,shade_off,0.1089,6.0,29.473,6,38.5456,0,6,False,0.1089,6.0,29.414,5,38.4356,0,5,False,0.0,0.0,0.0589999999999975,1,0.10999999999999943,0,1
TMYx,semi,run_1130,random64,shade_off,0.0,3.0,29.065,2,9.7492,0,2,False,0.0,0.0,28.756,1,9.7343,0,1,False,0.0,3.0,0.30900000000000105,1,0.014900000000000801,0,1
TMYx,semi,run_1192,random64,shade_off,0.4085,14.0,30.678,1,101.0213,0,1,False,0.2451,11.0,30.111,1,101.2066,0,1,False,0.16339999999999996,3.0,0.5670000000000002,0,-0.18529999999999802,0,0
TMYx,semi,run_1197,random64,shade_off,0.0,4.0,29.113,0,35.9576,0,0,False,0.0,3.0,28.997,0,35.6839,0,0,False,0.0,1.0,0.11599999999999966,0,0.27369999999999806,0,0
TMYx,semi,run_1199,stress16,shade_off,0.1362,7.0,29.72,1,52.8512,0,1,False,0.0817,5.0,29.518,1,52.8377,0,1,False,0.05449999999999999,2.0,0.20199999999999818,0,0.013500000000000512,0,0
TMYx,semi,run_1207,random64,shade_off,0.0,2.0,28.897,2,13.6951,0,2,False,0.0,0.0,28.745,2,13.7493,0,2,False,0.0,2.0,0.15199999999999747,0,-0.054199999999999804,0,0
TMYx,semi,run_1209,random64,shade_off,1.0621,20.0,31.261,6,207.0183,0,26,False,0.5719,13.0,30.486,4,203.3296,0,5,False,0.4902000000000001,7.0,0.7749999999999986,2,3.6887000000000114,0,21
TMYx,semi,run_1214,stress16,shade_off,1.0621,21.0,31.447,16,437.4396,0,48,False,0.463,13.0,30.614,12,428.8964,0,16,False,0.5991,8.0,0.8329999999999984,4,8.543199999999956,0,32
TMYx,semi,run_1248,random64,shade_off,1.171,23.0,31.455,8,345.0182,0,38,False,0.6264,14.0,30.563,5,344.5506,0,8,False,0.5446000000000001,9.0,0.8919999999999995,3,0.46760000000000446,0,30
TMYx,semi,run_1268,random64,shade_off,2.5327,41.0,33.237,32,64.081,11,33,True,1.8246,29.0,31.932,20,64.3609,0,20,False,0.7081000000000002,12.0,1.3050000000000033,12,-0.2798999999999978,11,13
TMYx,semi,run_1274,random64,shade_off,0.2996,11.0,29.957,2,225.5938,0,2,False,0.1362,9.0,29.73,0,222.9603,0,0,False,0.1634,2.0,0.2270000000000003,2,2.633499999999998,0,2
TMYx,semi,run_1295,random64,shade_off,0.0545,5.0,29.203,1,32.597,0,1,False,0.0,4.0,29.112,1,32.509,0,1,False,0.0545,1.0,0.09100000000000108,0,0.08800000000000097,0,0
TMYx,semi,run_1311,random64,shade_off,0.5447,14.0,30.659,3,84.1093,0,3,False,0.2451,10.0,30.022,2,83.6241,0,2,False,0.2996,4.0,0.6370000000000005,1,0.48520000000000607,0,1
TMYx,semi,run_1388,random64,shade_off,0.0,0.0,28.717,0,16.3522,0,0,False,0.0,0.0,28.62,0,16.5369,0,0,False,0.0,0.0,0.09699999999999775,0,-0.18469999999999942,0,0
TMYx,semi,run_1391,random64,shade_off,0.5719,14.0,30.405,5,27.919,0,5,False,0.2451,7.0,29.852,4,27.9179,0,4,False,0.3268,7.0,0.5530000000000008,1,0.001100000000000989,0,1
TMYx,semi,run_1416,stress16,shade_off,0.6536,13.0,30.556,11,33.832,0,11,False,0.2451,10.0,29.995,5,33.8143,0,5,False,0.4085,3.0,0.5609999999999999,6,0.01769999999999783,0,6
TMYx,semi,run_1434,random64,shade_off,0.0,4.0,29.117,0,50.436,0,0,False,0.0,3.0,28.986,0,49.4692,0,0,False,0.0,1.0,0.13100000000000023,0,0.9667999999999992,0,0
TMYx,semi,run_1476,random64,shade_off,0.4085,12.0,30.195,2,73.6406,0,2,False,0.1362,8.0,29.761,1,73.1695,0,1,False,0.2723,4.0,0.43400000000000105,1,0.47110000000000696,0,1
TMYx,semi,run_1497,random64,shade_off,0.4085,12.0,30.27,1,60.3895,0,1,False,0.1089,8.0,29.714,0,60.221,0,0,False,0.2996,4.0,0.5560000000000009,1,0.16850000000000165,0,1
TMYx,semi,run_1506,stress16,shade_off,1.4978,23.0,31.292,22,442.3192,0,188,False,0.8715,16.0,30.592,18,437.5342,0,100,False,0.6263,7.0,0.7000000000000028,4,4.785000000000025,0,88
TMYx,semi,run_1521,stress16,shade_off,0.7625,16.0,30.865,1,178.7278,0,1,False,0.2723,11.0,30.167,0,181.304,0,0,False,0.49019999999999997,5.0,0.6979999999999968,1,-2.5762,0,1
TMYx,semi,run_1525,random64,shade_off,0.0817,5.0,29.361,0,28.3673,0,0,False,0.0,3.0,29.029,0,28.9543,0,0,False,0.0817,2.0,0.33200000000000074,0,-0.5869999999999997,0,0
TMYx,semi,run_1560,random64,shade_off,1.6068,29.0,31.995,12,87.6753,0,12,False,0.9532,21.0,31.037,4,87.7208,0,4,False,0.6536,8.0,0.958000000000002,8,-0.04550000000000409,0,8
TMYx,semi,run_1586,random64,shade_off,0.0817,5.0,29.379,2,24.3706,0,2,False,0.0,5.0,29.135,0,24.8327,0,0,False,0.0817,0.0,0.24399999999999977,2,-0.4620999999999995,0,2
TMYx,semi,run_1590,random64,shade_off,2.1242,31.0,32.764,3,131.2094,3,3,True,1.28,20.0,31.274,1,130.8888,0,1,False,0.8442000000000001,11.0,1.490000000000002,2,0.3205999999999847,3,2
TMYx,semi,run_1644,random64,shade_off,0.0817,7.0,29.549,0,96.7346,0,2,False,0.0545,5.0,29.312,0,97.4735,0,0,False,0.027199999999999995,2.0,0.23699999999999832,0,-0.738900000000001,0,2
TMYx,semi,run_1646,random64,shade_off,0.0817,5.0,29.512,2,69.0076,0,2,False,0.0,4.0,29.317,2,69.0606,0,2,False,0.0817,1.0,0.19500000000000028,0,-0.05299999999999727,0,0
TMYx,semi,run_1649,random64,shade_off,0.5719,15.0,30.593,4,44.0006,0,4,False,0.2996,13.0,30.125,2,43.9311,0,2,False,0.2723,2.0,0.46799999999999997,2,0.0694999999999979,0,2
TMYx,semi,run_1739,random64,shade_off,0.0817,5.0,29.408,2,34.3798,0,2,False,0.0,4.0,29.115,1,34.4982,0,1,False,0.0817,1.0,0.2930000000000028,1,-0.11839999999999407,0,1
TMYx,semi,run_1746,random64,shade_off,0.2451,11.0,30.072,2,35.4489,0,2,False,0.0817,5.0,29.47,2,35.5507,0,2,False,0.16340000000000002,6.0,0.6020000000000003,0,-0.10179999999999723,0,0
TMYx,semi,run_1748,random64,shade_off,1.2527,21.0,31.353,9,89.4692,0,10,False,0.5719,14.0,30.54,3,89.7159,0,4,False,0.6808,7.0,0.8130000000000024,6,-0.24670000000000414,0,6
TMYx,semi,run_1757,random64,shade_off,0.9259,18.0,30.994,5,244.9052,0,19,False,0.4085,12.0,30.311,3,244.9104,0,4,False,0.5174,6.0,0.6829999999999998,2,-0.005200000000002092,0,15
TMYx,semi,run_1759,random64,shade_off,0.2179,6.0,29.785,2,29.9939,0,2,False,0.0817,5.0,29.352,2,30.0297,0,2,False,0.13620000000000002,1.0,0.43299999999999983,0,-0.03579999999999828,0,0
TMYx,semi,run_1762,random64,shade_off,0.1906,10.0,30.198,0,77.094,0,0,False,0.1089,7.0,29.75,0,77.2274,0,0,False,0.0817,3.0,0.4480000000000004,0,-0.13340000000000884,0,0
TMYx,semi,run_1801,stress16,shade_off,0.2451,11.0,30.118,1,89.5848,0,1,False,0.1089,6.0,29.632,0,90.1005,0,0,False,0.13620000000000002,5.0,0.4859999999999971,1,-0.5156999999999954,0,1
TMYx,semi,run_1809,random64,shade_off,0.0545,4.0,29.291,0,36.0801,0,0,False,0.0,4.0,29.047,0,35.7347,0,0,False,0.0545,0.0,0.24399999999999977,0,0.34540000000000504,0,0
TMYx,semi,run_1813,random64,shade_off,0.0545,4.0,29.292,0,42.9203,0,0,False,0.0,4.0,29.069,0,43.3691,0,0,False,0.0545,0.0,0.22300000000000253,0,-0.44880000000000564,0,0
TMYx,semi,run_1851,random64,shade_off,0.354,13.0,30.061,0,123.9238,0,0,False,0.1089,8.0,29.619,0,122.767,0,0,False,0.24509999999999998,5.0,0.44200000000000017,0,1.156800000000004,0,0
TMYx,semi,run_1864,random64,shade_off,0.1362,9.0,29.776,0,59.1295,0,0,False,0.0817,5.0,29.485,0,59.2799,0,0,False,0.05449999999999999,4.0,0.29100000000000037,0,-0.15039999999999765,0,0
TMYx,semi,run_1865,random64,shade_off,0.8987,19.0,30.692,8,56.533,0,9,False,0.4085,14.0,30.19,5,56.1981,0,5,False,0.4902000000000001,5.0,0.5019999999999989,3,0.33490000000000464,0,4
TMYx,semi,run_1866,random64,shade_off,1.0076,20.0,31.631,1,143.7757,0,1,False,0.4085,13.0,30.637,1,142.8258,0,1,False,0.5991000000000001,7.0,0.9939999999999998,0,0.9499000000000137,0,0
TMYx,semi,run_1911,random64,shade_off,0.0,0.0,28.613,0,12.8842,0,0,False,0.0,0.0,28.541,0,12.7833,0,0,False,0.0,0.0,0.07199999999999918,0,0.10089999999999932,0,0
TMYx,semi,run_1941,stress16,shade_off,2.0153,28.0,32.528,6,323.5864,2,6,True,1.3617,23.0,31.399,3,323.3616,0,3,False,0.6536,5.0,1.1289999999999978,3,0.2248000000000161,2,3
TMYx,semi,run_1952,random64,shade_off,0.0817,5.0,29.484,0,51.1549,0,0,False,0.0272,4.0,29.14,0,50.9389,0,0,False,0.05449999999999999,1.0,0.3440000000000012,0,0.21600000000000108,0,0
TMYx,detached,run_0000,stress16,vent_rotation,0.1362,9.0,29.92,1,61.9325,0,1,False,0.1362,9.0,29.912,1,62.291,0,1,False,0.0,0.0,0.008000000000002672,0,-0.3584999999999994,0,0
TMYx,detached,run_0015,random64,vent_rotation,0.3813,12.0,30.365,0,415.9566,0,0,False,0.3813,12.0,30.339,0,411.9836,0,0,False,0.0,0.0,0.0259999999999998,0,3.9729999999999563,0,0
TMYx,detached,run_0023,random64,vent_rotation,0.0817,5.0,29.382,0,61.3084,0,0,False,0.0817,5.0,29.379,0,60.4613,0,0,False,0.0,0.0,0.0030000000000001137,0,0.8470999999999975,0,0
TMYx,detached,run_0029,stress16,vent_rotation,0.7081,19.0,30.887,19,57.1812,0,19,False,0.7353,19.0,30.848,18,57.243,0,18,False,-0.027200000000000002,0.0,0.03900000000000148,1,-0.061800000000005184,0,1
TMYx,detached,run_0044,random64,vent_rotation,0.0545,4.0,29.315,0,73.4842,0,0,False,0.0545,4.0,29.365,0,73.8047,0,0,False,0.0,0.0,-0.04999999999999716,0,-0.32049999999999557,0,0
TMYx,detached,run_0063,random64,vent_rotation,0.5447,17.0,30.798,0,241.1967,0,0,False,0.5991,16.0,30.793,0,240.1718,0,0,False,-0.054400000000000004,1.0,0.004999999999999005,0,1.0249000000000024,0,0
TMYx,detached,run_0092,random64,vent_rotation,0.1089,5.0,29.577,0,58.4991,0,0,False,0.1089,5.0,29.603,0,58.198,0,0,False,0.0,0.0,-0.0259999999999998,0,0.30109999999999815,0,0
TMYx,detached,run_0095,random64,vent_rotation,0.4085,12.0,30.238,1,87.6078,0,1,False,0.4085,11.0,30.242,1,87.1362,0,1,False,0.0,1.0,-0.004000000000001336,0,0.47159999999999513,0,0
TMYx,detached,run_0132,stress16,vent_rotation,1.3072,27.0,31.965,5,102.1866,0,5,False,1.28,27.0,31.964,5,102.2647,0,5,False,0.02719999999999989,0.0,0.0010000000000012221,0,-0.07810000000000628,0,0
TMYx,detached,run_0169,random64,vent_rotation,0.0,4.0,29.305,2,42.4551,0,2,False,0.0,4.0,29.315,2,42.5297,0,2,False,0.0,0.0,-0.010000000000001563,0,-0.07459999999999667,0,0
TMYx,detached,run_0171,random64,vent_rotation,0.3813,12.0,30.155,0,73.5954,0,0,False,0.354,11.0,30.206,0,74.568,0,0,False,0.02729999999999999,1.0,-0.05099999999999838,0,-0.9725999999999999,0,0
TMYx,detached,run_0172,random64,vent_rotation,0.0817,5.0,29.517,1,26.0123,0,1,False,0.0817,5.0,29.492,1,25.8492,0,1,False,0.0,0.0,0.02499999999999858,0,0.16310000000000002,0,0
TMYx,detached,run_0189,random64,vent_rotation,0.3268,12.0,30.098,0,49.6001,0,0,False,0.3268,12.0,30.074,0,49.8806,0,0,False,0.0,0.0,0.023999999999997357,0,-0.2805000000000035,0,0
TMYx,detached,run_0203,random64,vent_rotation,0.0817,5.0,29.505,0,65.5671,0,0,False,0.0817,5.0,29.438,0,64.8835,0,0,False,0.0,0.0,0.06700000000000017,0,0.6835999999999984,0,0
TMYx,detached,run_0208,random64,vent_rotation,0.0545,4.0,29.242,0,85.895,0,0,False,0.0545,4.0,29.257,0,86.5169,0,0,False,0.0,0.0,-0.015000000000000568,0,-0.6219000000000108,0,0
TMYx,detached,run_0239,stress16,vent_rotation,1.8791,30.0,31.959,45,72.8167,0,162,False,1.9063,30.0,31.939,45,71.8834,0,164,False,-0.027200000000000113,0.0,0.019999999999999574,0,0.9333000000000027,0,-2
TMYx,detached,run_0241,stress16,vent_rotation,1.0621,22.0,31.378,10,714.3591,0,30,False,1.0076,21.0,31.355,10,707.8041,0,29,False,0.05449999999999999,1.0,0.022999999999999687,0,6.555000000000064,0,1
TMYx,detached,run_0298,random64,vent_rotation,0.4085,12.0,30.581,0,123.5152,0,0,False,0.4357,13.0,30.634,0,122.9737,0,0,False,-0.027200000000000002,-1.0,-0.053000000000000824,0,0.5414999999999992,0,0
TMYx,detached,run_0302,random64,vent_rotation,0.0817,5.0,29.496,0,63.0081,0,0,False,0.0817,5.0,29.507,0,62.9918,0,0,False,0.0,0.0,-0.011000000000002785,0,0.01630000000000109,0,0
TMYx,detached,run_0421,random64,vent_rotation,0.354,12.0,30.284,0,197.5833,0,0,False,0.354,11.0,30.255,0,197.3284,0,0,False,0.0,1.0,0.028999999999999915,0,0.25490000000002055,0,0
TMYx,detached,run_0456,random64,vent_rotation,0.2723,11.0,30.318,1,107.0581,0,1,False,0.2723,11.0,30.331,1,106.3333,0,1,False,0.0,0.0,-0.012999999999998124,0,0.7248000000000019,0,0
TMYx,detached,run_0492,stress16,vent_rotation,1.4978,29.0,31.959,17,136.912,0,18,False,1.4978,29.0,31.963,15,135.1404,0,16,False,0.0,0.0,-0.004000000000001336,2,1.7716000000000065,0,2
TMYx,detached,run_0499,random64,vent_rotation,0.2451,10.0,29.953,1,31.8845,0,1,False,0.2451,10.0,30.01,1,32.1903,0,1,False,0.0,0.0,-0.05700000000000216,0,-0.3058000000000014,0,0
TMYx,detached,run_0500,random64,vent_rotation,0.0545,5.0,29.397,0,45.1221,0,0,False,0.0545,5.0,29.399,0,45.3742,0,0,False,0.0,0.0,-0.0020000000000024443,0,-0.25209999999999866,0,0
TMYx,detached,run_0628,stress16,vent_rotation,0.1089,9.0,29.739,0,95.9955,0,0,False,0.1089,9.0,29.739,0,96.0055,0,0,False,0.0,0.0,0.0,0,-0.009999999999990905,0,0
TMYx,detached,run_0745,random64,vent_rotation,0.2451,11.0,30.33,1,194.2731,0,1,False,0.2451,11.0,30.314,1,196.8461,0,1,False,0.0,0.0,0.015999999999998238,0,-2.5730000000000075,0,0
TMYx,detached,run_0768,stress16,vent_rotation,2.3693,31.0,32.368,36,240.1322,2,63,True,2.3693,31.0,32.372,35,241.2999,2,64,True,0.0,0.0,-0.003999999999997783,1,-1.1676999999999964,0,-1
TMYx,detached,run_0785,random64,vent_rotation,0.5447,16.0,30.761,1,143.065,0,1,False,0.5447,16.0,30.747,1,142.6668,0,1,False,0.0,0.0,0.013999999999999346,0,0.3982000000000028,0,0
TMYx,detached,run_0788,random64,vent_rotation,0.2996,11.0,30.07,1,87.1294,0,1,False,0.2996,10.0,30.061,1,86.7296,0,1,False,0.0,1.0,0.009000000000000341,0,0.39979999999999905,0,0
TMYx,detached,run_0821,random64,vent_rotation,0.0,4.0,29.043,0,43.8791,0,0,False,0.0,4.0,29.03,0,43.7522,0,0,False,0.0,0.0,0.012999999999998124,0,0.12689999999999912,0,0
TMYx,detached,run_0833,random64,vent_rotation,0.1089,6.0,29.511,0,52.6292,0,0,False,0.1089,6.0,29.497,0,52.2416,0,0,False,0.0,0.0,0.013999999999999346,0,0.38759999999999906,0,0
TMYx,detached,run_0841,random64,vent_rotation,0.2996,11.0,30.276,0,140.0758,0,0,False,0.2996,11.0,30.238,0,138.3941,0,0,False,0.0,0.0,0.038000000000000256,0,1.681699999999978,0,0
TMYx,detached,run_0844,random64,vent_rotation,0.1362,8.0,29.83,1,86.8295,0,1,False,0.1362,9.0,29.861,1,87.5124,0,1,False,0.0,-1.0,-0.03100000000000236,0,-0.6829000000000036,0,0
TMYx,detached,run_0887,random64,vent_rotation,0.0545,4.0,29.294,0,57.3598,0,0,False,0.0545,4.0,29.308,0,56.984,0,0,False,0.0,0.0,-0.013999999999999346,0,0.37579999999999814,0,0
TMYx,detached,run_1025,stress16,vent_rotation,0.4902,15.0,30.707,1,121.3904,0,1,False,0.4902,16.0,30.733,1,121.8025,0,1,False,0.0,-1.0,-0.0259999999999998,0,-0.41209999999999525,0,0
TMYx,detached,run_1083,random64,vent_rotation,0.0817,5.0,29.444,0,70.9087,0,0,False,0.0817,5.0,29.432,0,69.2255,0,0,False,0.0,0.0,0.012000000000000455,0,1.6831999999999994,0,0
TMYx,detached,run_1093,random64,vent_rotation,0.1906,10.0,29.86,4,48.8801,0,4,False,0.1362,8.0,29.814,4,48.7182,0,4,False,0.054400000000000004,2.0,0.045999999999999375,0,0.16189999999999571,0,0
TMYx,detached,run_1130,random64,vent_rotation,0.0,3.0,29.048,0,16.0042,0,0,False,0.0,3.0,29.053,0,16.2879,0,0,False,0.0,0.0,-0.005000000000002558,0,-0.2836999999999996,0,0
TMYx,detached,run_1192,random64,vent_rotation,0.3268,12.0,30.385,1,199.8667,0,1,False,0.3268,12.0,30.407,1,207.8393,0,1,False,0.0,0.0,-0.021999999999998465,0,-7.9726,0,0
TMYx,detached,run_1197,random64,vent_rotation,0.0,4.0,29.1,0,43.4636,0,0,False,0.0,4.0,29.126,0,43.093,0,0,False,0.0,0.0,-0.0259999999999998,0,0.37059999999999604,0,0
TMYx,detached,run_1199,stress16,vent_rotation,0.1089,5.0,29.625,1,69.4756,0,1,False,0.0817,5.0,29.554,1,69.141,0,1,False,0.027200000000000002,0.0,0.0710000000000015,0,0.3345999999999947,0,0
TMYx,detached,run_1207,random64,vent_rotation,0.0,4.0,29.126,0,18.9983,0,0,False,0.0,4.0,29.124,0,19.3317,0,0,False,0.0,0.0,0.0020000000000024443,0,-0.33340000000000103,0,0
TMYx,detached,run_1209,random64,vent_rotation,0.7081,19.0,30.977,2,265.2416,0,3,False,0.7081,18.0,30.907,2,278.4229,0,3,False,0.0,1.0,0.07000000000000028,0,-13.181300000000022,0,0
TMYx,detached,run_1214,stress16,vent_rotation,1.2527,21.0,31.453,16,751.9935,0,44,False,1.2255,21.0,31.47,16,752.8906,0,44,False,0.02719999999999989,0.0,-0.01699999999999946,0,-0.8970999999999094,0,0
TMYx,detached,run_1248,random64,vent_rotation,0.7353,18.0,31.054,5,441.6683,0,6,False,0.7898,18.0,31.029,5,426.5185,0,6,False,-0.05449999999999999,0.0,0.02499999999999858,0,15.14979999999997,0,0
TMYx,detached,run_1268,random64,vent_rotation,1.7157,30.0,32.187,14,88.6876,2,14,True,1.6885,30.0,32.098,14,86.675,0,14,False,0.027200000000000113,0.0,0.08899999999999864,0,2.012600000000006,2,0
TMYx,detached,run_1274,random64,vent_rotation,0.5447,16.0,30.838,1,417.9497,0,1,False,0.5447,16.0,30.786,2,417.5677,0,2,False,0.0,0.0,0.0519999999999996,-1,0.382000000000005,0,-1
TMYx,detached,run_1295,random64,vent_rotation,0.0545,5.0,29.213,0,42.2481,0,0,False,0.0545,5.0,29.213,1,42.4713,0,1,False,0.0,0.0,0.0,-1,-0.2231999999999985,0,-1
TMYx,detached,run_1311,random64,vent_rotation,0.2451,10.0,30.136,1,104.4943,0,1,False,0.2723,11.0,30.134,1,105.3116,0,1,False,-0.027199999999999974,-1.0,0.0019999999999988916,0,-0.817300000000003,0,0
TMYx,detached,run_1388,random64,vent_rotation,0.0,0.0,28.702,0,23.7434,0,0,False,0.0,2.0,28.732,0,23.413,0,0,False,0.0,-2.0,-0.029999999999997584,0,0.3304000000000009,0,0
TMYx,detached,run_1391,random64,vent_rotation,0.2451,10.0,30.008,1,39.0184,0,1,False,0.2451,10.0,29.985,1,38.6831,0,1,False,0.0,0.0,0.022999999999999687,0,0.3352999999999966,0,0
TMYx,detached,run_1416,stress16,vent_rotation,0.6536,15.0,30.761,2,40.62,0,2,False,0.6536,15.0,30.814,2,40.5198,0,2,False,0.0,0.0,-0.053000000000000824,0,0.10020000000000095,0,0
TMYx,detached,run_1434,random64,vent_rotation,0.0545,4.0,29.295,0,71.9937,0,0,False,0.0545,4.0,29.253,0,73.1202,0,0,False,0.0,0.0,0.04200000000000159,0,-1.126499999999993,0,0
TMYx,detached,run_1476,random64,vent_rotation,0.5447,17.0,30.663,1,136.3402,0,1,False,0.5719,15.0,30.595,2,133.89,0,2,False,-0.027200000000000002,2.0,0.06800000000000139,-1,2.4502000000000237,0,-1
TMYx,detached,run_1497,random64,vent_rotation,0.2451,10.0,29.893,0,76.7295,0,0,False,0.2179,10.0,29.874,0,79.3664,0,0,False,0.027200000000000002,0.0,0.019000000000001904,0,-2.636899999999997,0,0
TMYx,detached,run_1506,stress16,vent_rotation,1.7702,24.0,31.655,34,630.2185,0,160,False,1.9063,25.0,31.716,33,634.5908,0,159,False,-0.1361000000000001,-1.0,-0.06099999999999994,1,-4.372299999999996,0,1
TMYx,detached,run_1521,stress16,vent_rotation,0.463,12.0,30.532,0,276.139,0,0,False,0.4357,12.0,30.532,0,276.7888,0,0,False,0.027300000000000046,0.0,0.0,0,-0.6497999999999706,0,0
TMYx,detached,run_1525,random64,vent_rotation,0.0545,5.0,29.285,0,41.8041,0,0,False,0.0545,4.0,29.233,0,42.7963,0,0,False,0.0,1.0,0.0519999999999996,0,-0.992200000000004,0,0
TMYx,detached,run_1560,random64,vent_rotation,1.6612,29.0,31.934,3,119.6435,0,3,False,1.634,27.0,31.946,2,121.0749,0,2,False,0.027200000000000113,2.0,-0.012000000000000455,1,-1.4313999999999965,0,1
TMYx,detached,run_1586,random64,vent_rotation,0.0545,5.0,29.36,0,41.983,0,0,False,0.0545,5.0,29.334,0,42.5588,0,0,False,0.0,0.0,0.0259999999999998,0,-0.575800000000001,0,0
TMYx,detached,run_1590,random64,vent_rotation,1.7157,25.0,31.806,1,212.9903,0,1,False,1.7157,25.0,31.813,1,212.6485,0,1,False,0.0,0.0,-0.006999999999997897,0,0.3417999999999779,0,0
TMYx,detached,run_1644,random64,vent_rotation,0.2723,11.0,30.196,2,193.1636,0,5,False,0.2451,11.0,30.198,3,190.8567,0,6,False,0.027199999999999974,0.0,-0.0019999999999988916,-1,2.306900000000013,0,-1
TMYx,detached,run_1646,random64,vent_rotation,0.0817,5.0,29.464,1,81.4829,0,1,False,0.0817,5.0,29.463,1,81.502,0,1,False,0.0,0.0,0.0009999999999976694,0,-0.019099999999994566,0,0
TMYx,detached,run_1649,random64,vent_rotation,0.2996,13.0,30.315,1,58.0598,0,1,False,0.3268,13.0,30.322,1,58.1977,0,1,False,-0.027200000000000002,0.0,-0.006999999999997897,0,-0.1378999999999948,0,0
TMYx,detached,run_1739,random64,vent_rotation,0.0272,5.0,29.146,0,46.8957,0,0,False,0.0,5.0,29.137,0,47.0102,0,0,False,0.0272,0.0,0.009000000000000341,0,-0.1144999999999996,0,0
TMYx,detached,run_1746,random64,vent_rotation,0.1362,9.0,29.724,1,54.619,0,1,False,0.1362,9.0,29.725,1,54.2701,0,1,False,0.0,0.0,-0.0010000000000012221,0,0.34890000000000043,0,0
TMYx,detached,run_1748,random64,vent_rotation,0.5719,14.0,30.641,2,116.2021,0,2,False,0.5719,15.0,30.622,2,116.569,0,2,False,0.0,-1.0,0.01899999999999835,0,-0.3669000000000011,0,0
TMYx,detached,run_1757,random64,vent_rotation,0.5447,17.0,30.874,3,325.671,0,3,False,0.5719,17.0,30.845,3,328.9468,0,3,False,-0.027200000000000002,0.0,0.028999999999999915,0,-3.275800000000004,0,0
TMYx,detached,run_1759,random64,vent_rotation,0.1634,7.0,29.67,0,47.8221,0,0,False,0.1634,7.0,29.665,0,47.7447,0,0,False,0.0,0.0,0.005000000000002558,0,0.07739999999999725,0,0
TMYx,detached,run_1762,random64,vent_rotation,0.1362,10.0,29.996,0,91.5465,0,0,False,0.1634,10.0,30.008,0,93.0686,0,0,False,-0.027200000000000002,0.0,-0.012000000000000455,0,-1.522100000000009,0,0
TMYx,detached,run_1801,stress16,vent_rotation,0.354,11.0,30.068,0,171.8896,0,0,False,0.354,11.0,30.06,0,173.0094,0,0,False,0.0,0.0,0.008000000000002672,0,-1.119799999999998,0,0
TMYx,detached,run_1809,random64,vent_rotation,0.0545,4.0,29.18,0,45.6703,0,0,False,0.0272,4.0,29.149,0,46.2583,0,0,False,0.0273,0.0,0.030999999999998806,0,-0.588000000000001,0,0
TMYx,detached,run_1813,random64,vent_rotation,0.0545,4.0,29.203,0,63.0452,0,0,False,0.0545,4.0,29.214,0,64.3442,0,0,False,0.0,0.0,-0.010999999999999233,0,-1.2989999999999995,0,0
TMYx,detached,run_1851,random64,vent_rotation,0.3813,12.0,30.296,0,186.9151,0,0,False,0.4085,13.0,30.337,0,187.9018,0,0,False,-0.027200000000000002,-1.0,-0.04100000000000037,0,-0.9867000000000132,0,0
TMYx,detached,run_1864,random64,vent_rotation,0.3268,11.0,30.193,0,94.7995,0,0,False,0.3268,11.0,30.23,0,92.1836,0,0,False,0.0,0.0,-0.036999999999999034,0,2.6158999999999963,0,0
TMYx,detached,run_1865,random64,vent_rotation,1.1166,22.0,31.359,7,100.2509,0,8,False,1.1166,22.0,31.338,5,99.0101,0,6,False,0.0,0.0,0.021000000000000796,2,1.2408000000000072,0,2
TMYx,detached,run_1866,random64,vent_rotation,0.7898,21.0,31.249,1,291.8003,0,1,False,0.7625,21.0,31.261,1,302.2927,0,1,False,0.02729999999999999,0.0,-0.012000000000000455,0,-10.492400000000032,0,0
TMYx,detached,run_1911,random64,vent_rotation,0.0,0.0,28.583,0,18.8088,0,0,False,0.0,0.0,28.583,0,19.2705,0,0,False,0.0,0.0,0.0,0,-0.4616999999999969,0,0
TMYx,detached,run_1941,stress16,vent_rotation,1.8246,26.0,31.924,1,399.9266,0,1,False,1.7974,26.0,31.885,1,389.4369,0,1,False,0.02719999999999989,0.0,0.038999999999997925,0,10.489700000000028,0,0
TMYx,detached,run_1952,random64,vent_rotation,0.0545,4.0,29.288,0,69.9328,0,0,False,0.0545,4.0,29.287,0,69.8305,0,0,False,0.0,0.0,0.0010000000000012221,0,0.10229999999999961,0,0
TMYx,semi,run_0000,stress16,vent_rotation,0.1362,8.0,29.747,1,48.5534,0,1,False,0.1362,9.0,29.761,2,48.3434,0,2,False,0.0,-1.0,-0.013999999999999346,-1,0.21000000000000085,0,-1
TMYx,semi,run_0015,random64,vent_rotation,0.1089,8.0,29.667,0,262.037,0,0,False,0.1089,8.0,29.705,0,277.9104,0,0,False,0.0,0.0,-0.0379999999999967,0,-15.873400000000004,0,0
TMYx,semi,run_0023,random64,vent_rotation,0.0545,5.0,29.239,0,47.4888,0,0,False,0.0545,5.0,29.252,0,47.5517,0,0,False,0.0,0.0,-0.012999999999998124,0,-0.06289999999999907,0,0
TMYx,semi,run_0029,stress16,vent_rotation,0.7898,19.0,30.844,22,41.3964,0,22,False,0.7898,16.0,30.733,29,41.7581,0,29,False,0.0,3.0,0.11100000000000065,-7,-0.361699999999999,0,-7
TMYx,semi,run_0044,random64,vent_rotation,0.0545,4.0,29.196,0,55.1382,0,0,False,0.0545,4.0,29.179,0,55.4131,0,0,False,0.0,0.0,0.017000000000003013,0,-0.27490000000000236,0,0
TMYx,semi,run_0063,random64,vent_rotation,0.5174,13.0,30.622,0,203.4565,0,0,False,0.5447,12.0,30.598,1,201.9779,0,1,False,-0.02729999999999999,1.0,0.02400000000000091,-1,1.4786000000000001,0,-1
TMYx,semi,run_0092,random64,vent_rotation,0.0817,5.0,29.436,0,41.5823,0,0,False,0.0817,5.0,29.427,0,43.6234,0,0,False,0.0,0.0,0.009000000000000341,0,-2.0411,0,0
TMYx,semi,run_0095,random64,vent_rotation,0.2996,11.0,30.124,1,61.2695,0,1,False,0.3268,11.0,30.143,2,62.6286,0,2,False,-0.027200000000000002,0.0,-0.019000000000001904,-1,-1.359099999999998,0,-1
TMYx,semi,run_0132,stress16,vent_rotation,0.7625,20.0,31.277,5,73.3648,0,5,False,0.9259,21.0,31.287,9,75.6239,0,9,False,-0.1634,-1.0,-0.00999999999999801,-4,-2.2591000000000037,0,-4
TMYx,semi,run_0169,random64,vent_rotation,0.0,0.0,28.873,6,31.2459,0,6,False,0.0,0.0,28.867,6,31.2742,0,6,False,0.0,0.0,0.006000000000000227,0,-0.028300000000001546,0,0
TMYx,semi,run_0171,random64,vent_rotation,0.1089,8.0,29.722,0,48.614,0,0,False,0.1089,8.0,29.701,0,50.3761,0,0,False,0.0,0.0,0.021000000000000796,0,-1.7621000000000038,0,0
TMYx,semi,run_0172,random64,vent_rotation,0.0,3.0,28.946,0,15.4501,0,0,False,0.0,3.0,29.094,2,17.4486,0,2,False,0.0,0.0,-0.1479999999999997,-2,-1.9984999999999982,0,-2
TMYx,semi,run_0189,random64,vent_rotation,0.1906,9.0,29.765,1,38.8141,0,1,False,0.1634,9.0,29.757,1,38.7209,0,1,False,0.027200000000000002,0.0,0.007999999999999119,0,0.09320000000000306,0,0
TMYx,semi,run_0203,random64,vent_rotation,0.0817,5.0,29.413,1,44.0097,0,1,False,0.0817,5.0,29.292,0,45.3144,0,0,False,0.0,0.0,0.12099999999999866,1,-1.3046999999999969,0,1
TMYx,semi,run_0208,random64,vent_rotation,0.0,3.0,28.962,0,48.4543,0,0,False,0.0,4.0,29.053,0,53.248,0,0,False,0.0,-1.0,-0.09100000000000108,0,-4.793699999999994,0,0
TMYx,semi,run_0239,stress16,vent_rotation,1.3889,20.0,31.294,18,50.9854,0,118,False,1.4434,20.0,31.275,20,49.2939,0,118,False,-0.05449999999999999,0.0,0.019000000000001904,-2,1.6914999999999978,0,0
TMYx,semi,run_0241,stress16,vent_rotation,0.9259,20.0,31.21,5,597.3866,0,41,False,0.9259,20.0,31.169,6,586.4486,0,42,False,0.0,0.0,0.04100000000000037,-1,10.937999999999988,0,-1
TMYx,semi,run_0298,random64,vent_rotation,0.2996,11.0,30.186,1,76.4895,0,1,False,0.3268,11.0,30.168,0,72.3419,0,0,False,-0.027200000000000002,0.0,0.018000000000000682,1,4.147600000000011,0,1
TMYx,semi,run_0302,random64,vent_rotation,0.0,3.0,29.092,0,40.8977,0,0,False,0.0,3.0,29.173,0,42.5092,0,0,False,0.0,0.0,-0.08099999999999952,0,-1.6114999999999995,0,0
TMYx,semi,run_0421,random64,vent_rotation,0.0817,6.0,29.534,0,115.825,0,0,False,0.0817,6.0,29.534,0,128.885,0,0,False,0.0,0.0,0.0,0,-13.059999999999988,0,0
TMYx,semi,run_0456,random64,vent_rotation,0.1089,6.0,29.649,0,69.6425,0,0,False,0.1089,7.0,29.673,1,75.0964,0,1,False,0.0,-1.0,-0.023999999999997357,-1,-5.453900000000004,0,-1
TMYx,semi,run_0492,stress16,vent_rotation,1.3344,22.0,31.511,12,87.6069,0,14,False,1.3344,22.0,31.458,12,88.8786,0,13,False,0.0,0.0,0.053000000000000824,0,-1.2717000000000098,0,1
TMYx,semi,run_0499,random64,vent_rotation,0.1089,5.0,29.656,1,25.4891,0,1,False,0.1089,5.0,29.669,2,26.1277,0,2,False,0.0,0.0,-0.013000000000001677,-1,-0.6386000000000003,0,-1
TMYx,semi,run_0500,random64,vent_rotation,0.0,4.0,29.133,0,34.7719,0,0,False,0.0272,4.0,29.165,0,36.4104,0,0,False,-0.0272,0.0,-0.03200000000000003,0,-1.6385000000000005,0,0
TMYx,semi,run_0628,stress16,vent_rotation,0.0817,5.0,29.499,0,65.974,0,0,False,0.0817,5.0,29.515,0,66.3968,0,0,False,0.0,0.0,-0.01600000000000179,0,-0.4227999999999952,0,0
TMYx,semi,run_0745,random64,vent_rotation,0.1362,9.0,29.853,1,104.4769,0,1,False,0.1362,10.0,29.87,1,117.114,0,1,False,0.0,-1.0,-0.01699999999999946,0,-12.637100000000004,0,0
TMYx,semi,run_0768,stress16,vent_rotation,1.4706,21.0,31.486,13,135.4564,0,26,False,1.5251,22.0,31.539,13,136.8836,0,26,False,-0.05449999999999999,-1.0,-0.053000000000000824,0,-1.4271999999999991,0,0
TMYx,semi,run_0785,random64,vent_rotation,0.3268,11.0,30.277,1,84.0861,0,1,False,0.3268,11.0,30.257,0,82.0422,0,0,False,0.0,0.0,0.019999999999999574,1,2.043900000000008,0,1
TMYx,semi,run_0788,random64,vent_rotation,0.0545,5.0,29.276,0,46.8121,0,0,False,0.0817,7.0,29.507,1,52.6967,0,1,False,-0.027199999999999995,-2.0,-0.23100000000000165,-1,-5.884599999999999,0,-1
TMYx,semi,run_0821,random64,vent_rotation,0.0,3.0,28.899,0,36.3137,0,0,False,0.0,3.0,28.97,0,36.4676,0,0,False,0.0,0.0,-0.07099999999999795,0,-0.15390000000000015,0,0
TMYx,semi,run_0833,random64,vent_rotation,0.0,3.0,29.068,0,35.9124,0,0,False,0.0,3.0,28.997,0,37.36,0,0,False,0.0,0.0,0.0710000000000015,0,-1.4476000000000013,0,0
TMYx,semi,run_0841,random64,vent_rotation,0.1089,8.0,29.706,0,98.9375,0,0,False,0.1089,8.0,29.729,0,100.8009,0,0,False,0.0,0.0,-0.022999999999999687,0,-1.8633999999999986,0,0
TMYx,semi,run_0844,random64,vent_rotation,0.0817,6.0,29.695,1,61.1742,0,1,False,0.0817,6.0,29.67,1,66.2534,0,1,False,0.0,0.0,0.02499999999999858,0,-5.0792,0,0
TMYx,semi,run_0887,random64,vent_rotation,0.0,2.0,28.965,0,40.6804,0,0,False,0.0,4.0,29.051,0,43.0221,0,0,False,0.0,-2.0,-0.08599999999999852,0,-2.341700000000003,0,0
TMYx,semi,run_1025,stress16,vent_rotation,0.1089,7.0,29.725,0,74.1858,0,0,False,0.1906,7.0,29.861,0,80.1388,0,0,False,-0.0817,0.0,-0.13599999999999923,0,-5.953000000000003,0,0
TMYx,semi,run_1083,random64,vent_rotation,0.0,3.0,29.112,0,56.2788,0,0,False,0.0545,4.0,29.228,0,55.9522,0,0,False,-0.0545,-1.0,-0.11600000000000321,0,0.3265999999999991,0,0
TMYx,semi,run_1093,random64,vent_rotation,0.0817,4.0,29.349,2,37.7936,0,2,False,0.1089,6.0,29.414,5,38.4356,0,5,False,-0.027200000000000002,-2.0,-0.06500000000000128,-3,-0.642000000000003,0,-3
TMYx,semi,run_1130,random64,vent_rotation,0.0,0.0,28.826,1,9.8353,0,1,False,0.0,0.0,28.756,1,9.7343,0,1,False,0.0,0.0,0.07000000000000028,0,0.10100000000000087,0,0
TMYx,semi,run_1192,random64,vent_rotation,0.2451,10.0,30.124,1,97.576,0,1,False,0.2451,11.0,30.111,1,101.2066,0,1,False,0.0,-1.0,0.012999999999998124,0,-3.630600000000001,0,0
TMYx,semi,run_1197,random64,vent_rotation,0.0,3.0,29.022,0,34.4406,0,0,False,0.0,3.0,28.997,0,35.6839,0,0,False,0.0,0.0,0.02499999999999858,0,-1.2432999999999979,0,0
TMYx,semi,run_1199,stress16,vent_rotation,0.0817,5.0,29.489,1,52.1185,0,1,False,0.0817,5.0,29.518,1,52.8377,0,1,False,0.0,0.0,-0.028999999999999915,0,-0.7192000000000007,0,0
TMYx,semi,run_1207,random64,vent_rotation,0.0,0.0,28.524,0,12.9735,0,0,False,0.0,0.0,28.745,2,13.7493,0,2,False,0.0,0.0,-0.22100000000000009,-2,-0.7758000000000003,0,-2
TMYx,semi,run_1209,random64,vent_rotation,0.4902,13.0,30.589,2,199.8441,0,3,False,0.5719,13.0,30.486,4,203.3296,0,5,False,-0.08169999999999994,0.0,0.10299999999999798,-2,-3.485500000000002,0,-2
TMYx,semi,run_1214,stress16,vent_rotation,0.463,13.0,30.608,12,396.2724,0,17,False,0.463,13.0,30.614,12,428.8964,0,16,False,0.0,0.0,-0.006000000000000227,0,-32.624000000000024,0,1
TMYx,semi,run_1248,random64,vent_rotation,0.6264,15.0,30.68,5,359.2168,0,8,False,0.6264,14.0,30.563,5,344.5506,0,8,False,0.0,1.0,0.11700000000000088,0,14.666200000000003,0,0
TMYx,semi,run_1268,random64,vent_rotation,1.5795,32.0,32.365,16,67.5179,2,16,True,1.8246,29.0,31.932,20,64.3609,0,20,False,-0.2451000000000001,3.0,0.4330000000000034,-4,3.1569999999999965,2,-4
TMYx,semi,run_1274,random64,vent_rotation,0.1089,7.0,29.596,2,199.8814,0,2,False,0.1362,9.0,29.73,0,222.9603,0,0,False,-0.02729999999999999,-2.0,-0.13400000000000034,2,-23.078899999999976,0,2
TMYx,semi,run_1295,random64,vent_rotation,0.0,4.0,29.074,1,32.7982,0,1,False,0.0,4.0,29.112,1,32.509,0,1,False,0.0,0.0,-0.0379999999999967,0,0.289200000000001,0,0
TMYx,semi,run_1311,random64,vent_rotation,0.2451,10.0,30.01,1,81.5197,0,1,False,0.2451,10.0,30.022,2,83.6241,0,2,False,0.0,0.0,-0.011999999999996902,-1,-2.1043999999999983,0,-1
TMYx,semi,run_1388,random64,vent_rotation,0.0,0.0,28.522,0,16.1382,0,0,False,0.0,0.0,28.62,0,16.5369,0,0,False,0.0,0.0,-0.09800000000000253,0,-0.39869999999999806,0,0
TMYx,semi,run_1391,random64,vent_rotation,0.2451,7.0,29.818,1,28.109,0,1,False,0.2451,7.0,29.852,4,27.9179,0,4,False,0.0,0.0,-0.03399999999999892,-3,0.19110000000000227,0,-3
TMYx,semi,run_1416,stress16,vent_rotation,0.2451,9.0,30.0,2,33.3498,0,2,False,0.2451,10.0,29.995,5,33.8143,0,5,False,0.0,-1.0,0.004999999999999005,-3,-0.464500000000001,0,-3
TMYx,semi,run_1434,random64,vent_rotation,0.0,3.0,28.994,0,44.2351,0,0,False,0.0,3.0,28.986,0,49.4692,0,0,False,0.0,0.0,0.007999999999999119,0,-5.234099999999998,0,0
TMYx,semi,run_1476,random64,vent_rotation,0.1089,8.0,29.624,0,66.3428,0,0,False,0.1362,8.0,29.761,1,73.1695,0,1,False,-0.02729999999999999,0.0,-0.13700000000000045,-1,-6.826700000000002,0,-1
TMYx,semi,run_1497,random64,vent_rotation,0.1089,8.0,29.687,0,60.0977,0,0,False,0.1089,8.0,29.714,0,60.221,0,0,False,0.0,0.0,-0.02699999999999747,0,-0.1232999999999933,0,0
TMYx,semi,run_1506,stress16,vent_rotation,0.7353,16.0,30.604,18,389.8708,0,96,False,0.8715,16.0,30.592,18,437.5342,0,100,False,-0.1362000000000001,0.0,0.012000000000000455,0,-47.663400000000024,0,-4
TMYx,semi,run_1521,stress16,vent_rotation,0.2451,11.0,30.134,0,179.9563,0,0,False,0.2723,11.0,30.167,0,181.304,0,0,False,-0.027199999999999974,0.0,-0.03300000000000125,0,-1.3477000000000032,0,0
TMYx,semi,run_1525,random64,vent_rotation,0.0,3.0,29.064,0,28.6728,0,0,False,0.0,3.0,29.029,0,28.9543,0,0,False,0.0,0.0,0.03500000000000014,0,-0.2815000000000012,0,0
TMYx,semi,run_1560,random64,vent_rotation,0.8442,21.0,31.035,2,81.9692,0,2,False,0.9532,21.0,31.037,4,87.7208,0,4,False,-0.1090000000000001,0.0,-0.0019999999999988916,-2,-5.751599999999996,0,-2
TMYx,semi,run_1586,random64,vent_rotation,0.0,3.0,28.978,0,23.1224,0,0,False,0.0,5.0,29.135,0,24.8327,0,0,False,0.0,-2.0,-0.15700000000000003,0,-1.7103000000000002,0,0
TMYx,semi,run_1590,random64,vent_rotation,1.3344,20.0,31.279,1,134.9551,0,1,False,1.28,20.0,31.274,1,130.8888,0,1,False,0.054400000000000004,0.0,0.004999999999999005,0,4.066299999999984,0,0
TMYx,semi,run_1644,random64,vent_rotation,0.0545,4.0,29.181,0,85.0363,0,0,False,0.0545,5.0,29.312,0,97.4735,0,0,False,0.0,-1.0,-0.13100000000000023,0,-12.437200000000004,0,0
TMYx,semi,run_1646,random64,vent_rotation,0.0,5.0,29.178,1,68.8393,0,1,False,0.0,4.0,29.317,2,69.0606,0,2,False,0.0,1.0,-0.13899999999999935,-1,-0.22129999999999939,0,-1
TMYx,semi,run_1649,random64,vent_rotation,0.2996,13.0,30.202,1,44.0269,0,1,False,0.2996,13.0,30.125,2,43.9311,0,2,False,0.0,0.0,0.07700000000000173,-1,0.095799999999997,0,-1
TMYx,semi,run_1739,random64,vent_rotation,0.0,4.0,29.013,0,34.3219,0,0,False,0.0,4.0,29.115,1,34.4982,0,1,False,0.0,0.0,-0.10199999999999676,-1,-0.17629999999999768,0,-1
TMYx,semi,run_1746,random64,vent_rotation,0.1089,6.0,29.51,1,34.973,0,1,False,0.0817,5.0,29.47,2,35.5507,0,2,False,0.027200000000000002,1.0,0.0400000000000027,-1,-0.5777000000000001,0,-1
TMYx,semi,run_1748,random64,vent_rotation,0.4902,13.0,30.45,2,90.2485,0,3,False,0.5719,14.0,30.54,3,89.7159,0,4,False,-0.08169999999999994,-1.0,-0.08999999999999986,-1,0.5326000000000022,0,-1
TMYx,semi,run_1757,random64,vent_rotation,0.3813,12.0,30.22,2,239.9803,0,3,False,0.4085,12.0,30.311,3,244.9104,0,4,False,-0.027200000000000002,0.0,-0.09100000000000108,-1,-4.93010000000001,0,-1
TMYx,semi,run_1759,random64,vent_rotation,0.0817,5.0,29.352,2,30.1627,0,2,False,0.0817,5.0,29.352,2,30.0297,0,2,False,0.0,0.0,0.0,0,0.13300000000000267,0,0
TMYx,semi,run_1762,random64,vent_rotation,0.1089,7.0,29.748,0,73.1504,0,0,False,0.1089,7.0,29.75,0,77.2274,0,0,False,0.0,0.0,-0.0019999999999988916,0,-4.076999999999998,0,0
TMYx,semi,run_1801,stress16,vent_rotation,0.1089,6.0,29.586,0,87.3028,0,0,False,0.1089,6.0,29.632,0,90.1005,0,0,False,0.0,0.0,-0.04600000000000293,0,-2.797699999999992,0,0
TMYx,semi,run_1809,random64,vent_rotation,0.0,2.0,28.949,0,35.1222,0,0,False,0.0,4.0,29.047,0,35.7347,0,0,False,0.0,-2.0,-0.09799999999999898,0,-0.6124999999999972,0,0
TMYx,semi,run_1813,random64,vent_rotation,0.0,4.0,29.08,0,43.9303,0,0,False,0.0,4.0,29.069,0,43.3691,0,0,False,0.0,0.0,0.010999999999999233,0,0.5611999999999995,0,0
TMYx,semi,run_1851,random64,vent_rotation,0.1089,8.0,29.584,0,113.1332,0,0,False,0.1089,8.0,29.619,0,122.767,0,0,False,0.0,0.0,-0.03500000000000014,0,-9.633799999999994,0,0
TMYx,semi,run_1864,random64,vent_rotation,0.0817,5.0,29.476,0,55.4381,0,0,False,0.0817,5.0,29.485,0,59.2799,0,0,False,0.0,0.0,-0.009000000000000341,0,-3.841799999999999,0,0
TMYx,semi,run_1865,random64,vent_rotation,0.4085,13.0,30.153,2,50.6712,0,2,False,0.4085,14.0,30.19,5,56.1981,0,5,False,0.0,-1.0,-0.037000000000002586,-3,-5.526899999999998,0,-3
TMYx,semi,run_1866,random64,vent_rotation,0.3813,11.0,30.563,0,142.7561,0,0,False,0.4085,13.0,30.637,1,142.8258,0,1,False,-0.027200000000000002,-2.0,-0.07400000000000162,-1,-0.06969999999998322,0,-1
TMYx,semi,run_1911,random64,vent_rotation,0.0,0.0,28.499,0,13.7097,0,0,False,0.0,0.0,28.541,0,12.7833,0,0,False,0.0,0.0,-0.04200000000000159,0,0.9263999999999992,0,0
TMYx,semi,run_1941,stress16,vent_rotation,1.3344,24.0,31.59,3,337.3119,0,3,False,1.3617,23.0,31.399,3,323.3616,0,3,False,-0.02729999999999988,1.0,0.19099999999999895,0,13.95029999999997,0,0
TMYx,semi,run_1952,random64,vent_rotation,0.0,4.0,29.133,0,50.8834,0,0,False,0.0272,4.0,29.14,0,50.9389,0,0,False,-0.0272,0.0,-0.0070000000000014495,0,-0.055499999999995,0,0
